entry_time,exit_time,direction,entry,exit,result,pnl,capital,risk_pct
2025-04-25 18:22:00+00:00,2025-04-25 18:46:00+00:00,long,94839.53,95228.28,TP,2.0,102.0,1.0
2025-04-25 19:03:00+00:00,2025-04-25 19:14:00+00:00,long,95230.13,95034.37,SL,-1.02,100.98,1.0
2025-04-25 19:27:00+00:00,2025-04-25 20:40:00+00:00,long,95055.51,94814.14,SL,-1.0098,99.9702,1.0
2025-04-25 21:15:00+00:00,2025-04-25 21:57:00+00:00,short,94942.25,94500.0,TP,1.9994,101.9696,1.0
2025-04-25 23:08:00+00:00,2025-04-25 23:16:00+00:00,long,94923.99,94722.56,SL,-1.0197,100.9499,1.0
2025-04-25 23:55:00+00:00,2025-04-26 00:47:00+00:00,short,94628.7,94890.0,SL,-1.0095,99.9404,1.0
2025-04-26 01:09:00+00:00,2025-04-26 02:17:00+00:00,long,94948.94,94699.11,SL,-0.9994,98.941,1.0
2025-04-26 03:13:00+00:00,2025-04-26 03:20:00+00:00,long,95004.77,94776.26,SL,-0.9894,97.9516,1.0
2025-04-26 04:13:00+00:00,2025-04-26 08:45:00+00:00,short,94723.45,94339.99,TP,1.959,99.9106,1.0
2025-04-26 09:27:00+00:00,2025-04-26 13:46:00+00:00,short,94260.87,93870.7,TP,1.9982,101.9088,1.0
2025-04-26 13:53:00+00:00,2025-04-26 13:59:00+00:00,short,93954.0,94149.2,SL,-1.0191,100.8898,1.0
2025-04-26 14:06:00+00:00,2025-04-26 14:41:00+00:00,short,94011.46,94246.85,SL,-1.0089,99.8809,1.0
2025-04-26 15:02:00+00:00,2025-04-26 16:43:00+00:00,long,94300.0,94041.01,SL,-0.9988,98.882,1.0
2025-04-26 16:47:00+00:00,2025-04-26 18:56:00+00:00,long,94342.84,94141.49,SL,-0.9888,97.8932,1.0
2025-04-26 19:08:00+00:00,2025-04-26 19:43:00+00:00,short,94104.44,94293.22,SL,-0.9789,96.9143,1.0
2025-04-26 19:59:00+00:00,2025-04-26 20:59:00+00:00,long,94307.5,94087.0,SL,-0.9691,95.9451,1.0
2025-04-26 21:19:00+00:00,2025-04-26 22:00:00+00:00,short,94179.89,94378.46,SL,-0.9595,94.9857,1.0
2025-04-26 22:38:00+00:00,2025-04-27 01:13:00+00:00,long,94728.21,95144.99,TP,1.8997,96.8854,1.0
2025-04-27 01:57:00+00:00,2025-04-27 05:25:00+00:00,short,94285.38,93769.86,TP,1.9377,98.8231,1.0
2025-04-27 05:54:00+00:00,2025-04-27 06:24:00+00:00,short,93911.6,94099.99,SL,-0.9882,97.8349,1.0
2025-04-27 06:26:00+00:00,2025-04-27 08:17:00+00:00,short,93977.46,94215.5,SL,-0.9783,96.8565,1.0
2025-04-27 08:27:00+00:00,2025-04-27 10:35:00+00:00,long,94201.41,93999.6,SL,-0.9686,95.888,1.0
2025-04-27 11:06:00+00:00,2025-04-27 13:07:00+00:00,short,94005.77,93627.91,TP,1.9178,97.8057,1.0
2025-04-27 13:24:00+00:00,2025-04-27 13:39:00+00:00,short,93782.6,93996.0,SL,-0.9781,96.8277,1.0
2025-04-27 13:58:00+00:00,2025-04-27 15:05:00+00:00,long,94065.09,93862.75,SL,-0.9683,95.8594,1.0
2025-04-27 15:28:00+00:00,2025-04-27 17:11:00+00:00,short,93826.09,94020.0,SL,-0.9586,94.9008,1.0
2025-04-27 17:50:00+00:00,2025-04-27 21:37:00+00:00,long,94085.99,94474.9,TP,1.898,96.7988,1.0
2025-04-27 22:20:00+00:00,2025-04-28 00:09:00+00:00,short,93869.38,93445.0,TP,1.936,98.7348,1.0
2025-04-28 00:43:00+00:00,2025-04-28 01:11:00+00:00,short,93608.7,93233.88,TP,1.9747,100.7095,1.0
2025-04-28 01:34:00+00:00,2025-04-28 02:02:00+00:00,short,92901.6,93103.52,SL,-1.0071,99.7024,1.0
2025-04-28 02:13:00+00:00,2025-04-28 02:18:00+00:00,short,93049.37,93258.98,SL,-0.997,98.7054,1.0
2025-04-28 03:15:00+00:00,2025-04-28 04:25:00+00:00,long,93692.56,94075.8,TP,1.9741,100.6795,1.0
2025-04-28 05:01:00+00:00,2025-04-28 06:42:00+00:00,long,94091.13,94507.28,TP,2.0136,102.6931,1.0
2025-04-28 06:57:00+00:00,2025-04-28 10:21:00+00:00,long,94651.75,94400.0,SL,-1.0269,101.6661,1.0
2025-04-28 11:05:00+00:00,2025-04-28 13:31:00+00:00,long,95245.5,94942.16,SL,-1.0167,100.6495,1.0
2025-04-28 13:45:00+00:00,2025-04-28 13:55:00+00:00,short,94595.54,94216.5,TP,2.013,102.6625,1.0
2025-04-28 14:29:00+00:00,2025-04-28 15:07:00+00:00,short,94644.68,94242.42,TP,2.0532,104.7157,1.0
2025-04-28 16:08:00+00:00,2025-04-28 16:33:00+00:00,short,93656.0,93845.51,SL,-1.0472,103.6686,1.0
2025-04-28 16:47:00+00:00,2025-04-28 17:30:00+00:00,short,93916.84,93520.0,TP,2.0734,105.7419,1.0
2025-04-28 19:01:00+00:00,2025-04-28 19:19:00+00:00,long,94259.79,94671.11,TP,2.1148,107.8568,1.0
2025-04-28 20:19:00+00:00,2025-04-28 21:12:00+00:00,long,94588.06,94386.24,SL,-1.0786,106.7782,1.0
2025-04-28 21:24:00+00:00,2025-04-28 22:50:00+00:00,long,94428.0,94818.86,TP,2.1356,108.9138,1.0
2025-04-28 23:04:00+00:00,2025-04-29 01:11:00+00:00,long,94898.66,95416.23,TP,2.1783,111.092,1.0
2025-04-29 01:25:00+00:00,2025-04-29 02:01:00+00:00,long,95039.0,94806.76,SL,-1.1109,109.9811,1.0
2025-04-29 02:44:00+00:00,2025-04-29 04:53:00+00:00,short,94750.0,94342.5,TP,2.1996,112.1807,1.0
2025-04-29 05:36:00+00:00,2025-04-29 06:14:00+00:00,short,94289.01,94481.42,SL,-1.1218,111.0589,1.0
2025-04-29 06:52:00+00:00,2025-04-29 11:13:00+00:00,long,94746.88,95156.85,TP,2.2212,113.2801,1.0
2025-04-29 11:51:00+00:00,2025-04-29 12:27:00+00:00,long,95097.37,94900.03,SL,-1.1328,112.1473,1.0
2025-04-29 12:50:00+00:00,2025-04-29 14:08:00+00:00,short,94861.22,95067.39,SL,-1.1215,111.0258,1.0
2025-04-29 14:12:00+00:00,2025-04-29 14:38:00+00:00,short,94836.82,95140.0,SL,-1.1103,109.9156,1.0
2025-04-29 15:08:00+00:00,2025-04-29 15:17:00+00:00,long,95115.39,94898.11,SL,-1.0992,108.8164,1.0
2025-04-29 15:34:00+00:00,2025-04-29 15:43:00+00:00,short,94773.43,94977.81,SL,-1.0882,107.7283,1.0
2025-04-29 15:51:00+00:00,2025-04-29 16:27:00+00:00,short,94876.72,95073.01,SL,-1.0773,106.651,1.0
2025-04-29 17:44:00+00:00,2025-04-29 20:20:00+00:00,long,95191.57,94968.97,SL,-1.0665,105.5845,1.0
2025-04-29 20:52:00+00:00,2025-04-29 21:23:00+00:00,short,94839.6,94451.65,TP,2.1117,107.6962,1.0
2025-04-29 21:49:00+00:00,2025-04-29 21:58:00+00:00,short,94552.27,94742.64,SL,-1.077,106.6192,1.0
2025-04-29 22:02:00+00:00,2025-04-29 22:10:00+00:00,short,94629.27,94244.39,TP,2.1324,108.7516,1.0
2025-04-29 22:59:00+00:00,2025-04-29 23:11:00+00:00,short,94163.67,93780.01,TP,2.175,110.9266,1.0
2025-04-29 23:59:00+00:00,2025-04-30 00:21:00+00:00,short,94256.82,94448.24,SL,-1.1093,109.8174,1.0
2025-04-30 00:34:00+00:00,2025-04-30 01:46:00+00:00,long,94547.44,94354.16,SL,-1.0982,108.7192,1.0
2025-04-30 01:54:00+00:00,2025-04-30 03:45:00+00:00,long,94452.99,94836.0,TP,2.1744,110.8936,1.0
2025-04-30 04:33:00+00:00,2025-04-30 06:42:00+00:00,long,94975.48,94776.82,SL,-1.1089,109.7846,1.0
2025-04-30 06:58:00+00:00,2025-04-30 09:41:00+00:00,short,94751.99,94955.17,SL,-1.0978,108.6868,1.0
2025-04-30 10:14:00+00:00,2025-04-30 12:32:00+00:00,long,94938.73,94724.79,SL,-1.0869,107.5999,1.0
2025-04-30 13:08:00+00:00,2025-04-30 13:26:00+00:00,short,94397.29,94638.0,SL,-1.076,106.5239,1.0
2025-04-30 13:37:00+00:00,2025-04-30 13:41:00+00:00,short,94252.25,93815.4,TP,2.1305,108.6544,1.0
2025-04-30 14:37:00+00:00,2025-04-30 16:41:00+00:00,short,93969.79,94170.37,SL,-1.0865,107.5678,1.0
2025-04-30 18:07:00+00:00,2025-04-30 18:29:00+00:00,long,94354.04,94159.83,SL,-1.0757,106.4922,1.0
2025-04-30 18:46:00+00:00,2025-04-30 19:22:00+00:00,long,94129.82,93940.0,SL,-1.0649,105.4272,1.0
2025-04-30 20:28:00+00:00,2025-04-30 21:11:00+00:00,long,94706.37,94500.01,SL,-1.0543,104.373,1.0
2025-04-30 21:17:00+00:00,2025-04-30 21:54:00+00:00,long,94641.65,94421.35,SL,-1.0437,103.3292,1.0
2025-04-30 22:00:00+00:00,2025-04-30 22:31:00+00:00,long,94548.21,94315.08,SL,-1.0333,102.296,1.0
2025-04-30 22:46:00+00:00,2025-05-01 00:52:00+00:00,short,94195.5,94391.29,SL,-1.023,101.273,1.0
2025-05-01 01:00:00+00:00,2025-05-01 02:07:00+00:00,long,94398.51,94777.63,TP,2.0255,103.2985,1.0
2025-05-01 02:24:00+00:00,2025-05-01 08:54:00+00:00,long,94799.99,95184.33,TP,2.066,105.3644,1.0
2025-05-01 09:17:00+00:00,2025-05-01 09:50:00+00:00,long,95215.0,95667.46,TP,2.1073,107.4717,1.0
2025-05-01 10:07:00+00:00,2025-05-01 10:19:00+00:00,long,95713.85,96214.0,TP,2.1494,109.6211,1.0
2025-05-01 10:54:00+00:00,2025-05-01 11:24:00+00:00,long,96171.78,95940.85,SL,-1.0962,108.5249,1.0
2025-05-01 11:31:00+00:00,2025-05-01 12:41:00+00:00,long,96015.07,96455.68,TP,2.1705,110.6954,1.0
2025-05-01 13:06:00+00:00,2025-05-01 13:39:00+00:00,long,96415.38,96186.0,SL,-1.107,109.5885,1.0
2025-05-01 13:49:00+00:00,2025-05-01 13:53:00+00:00,long,96160.37,95944.9,SL,-1.0959,108.4926,1.0
2025-05-01 14:36:00+00:00,2025-05-01 15:04:00+00:00,long,96512.34,96927.34,TP,2.1699,110.6624,1.0
2025-05-01 16:01:00+00:00,2025-05-01 17:39:00+00:00,long,97008.51,96744.0,SL,-1.1066,109.5558,1.0
2025-05-01 18:10:00+00:00,2025-05-01 18:48:00+00:00,short,96680.0,96892.7,SL,-1.0956,108.4603,1.0
2025-05-01 19:25:00+00:00,2025-05-01 19:36:00+00:00,short,96445.77,96674.48,SL,-1.0846,107.3757,1.0
2025-05-01 19:43:00+00:00,2025-05-01 20:15:00+00:00,short,96547.62,96782.54,SL,-1.0738,106.3019,1.0
2025-05-01 21:22:00+00:00,2025-05-01 21:44:00+00:00,short,96570.25,96774.72,SL,-1.063,105.2389,1.0
2025-05-01 21:48:00+00:00,2025-05-01 23:05:00+00:00,short,96617.03,96221.58,TP,2.1048,107.3437,1.0
2025-05-01 23:31:00+00:00,2025-05-01 23:56:00+00:00,short,96303.91,96500.0,SL,-1.0734,106.2702,1.0
2025-05-02 00:10:00+00:00,2025-05-02 00:56:00+00:00,long,96642.85,97036.23,TP,2.1254,108.3956,1.0
2025-05-02 01:20:00+00:00,2025-05-02 01:31:00+00:00,long,97119.05,96908.66,SL,-1.084,107.3117,1.0
2025-05-02 01:50:00+00:00,2025-05-02 05:53:00+00:00,long,96875.49,96680.33,SL,-1.0731,106.2386,1.0
2025-05-02 06:20:00+00:00,2025-05-02 06:29:00+00:00,short,96625.38,96820.75,SL,-1.0624,105.1762,1.0
2025-05-02 06:37:00+00:00,2025-05-02 07:37:00+00:00,short,96762.49,96372.0,TP,2.1035,107.2797,1.0
2025-05-02 07:55:00+00:00,2025-05-02 08:18:00+00:00,short,96400.51,96627.95,SL,-1.0728,106.2069,1.0
2025-05-02 08:26:00+00:00,2025-05-02 09:10:00+00:00,short,96594.33,96787.99,SL,-1.0621,105.1448,1.0
2025-05-02 09:30:00+00:00,2025-05-02 12:56:00+00:00,long,96747.1,97148.79,TP,2.1029,107.2477,1.0
2025-05-02 13:23:00+00:00,2025-05-02 13:36:00+00:00,long,96896.82,96700.41,SL,-1.0725,106.1752,1.0
2025-05-02 13:43:00+00:00,2025-05-02 14:35:00+00:00,long,96890.49,97375.84,TP,2.1235,108.2988,1.0
2025-05-02 14:49:00+00:00,2025-05-02 15:25:00+00:00,long,97624.54,97341.26,SL,-1.083,107.2158,1.0
2025-05-02 15:34:00+00:00,2025-05-02 16:25:00+00:00,long,97354.73,97783.01,TP,2.1443,109.3601,1.0
2025-05-02 16:46:00+00:00,2025-05-02 16:54:00+00:00,long,97637.11,97418.87,SL,-1.0936,108.2665,1.0
2025-05-02 17:41:00+00:00,2025-05-02 18:04:00+00:00,short,97268.86,97467.47,SL,-1.0827,107.1838,1.0
2025-05-02 18:34:00+00:00,2025-05-02 18:50:00+00:00,long,97534.39,97289.14,SL,-1.0718,106.112,1.0
2025-05-02 19:10:00+00:00,2025-05-02 21:55:00+00:00,short,97027.7,96567.07,TP,2.1222,108.2342,1.0
2025-05-02 22:16:00+00:00,2025-05-02 23:32:00+00:00,short,96598.43,96792.6,SL,-1.0823,107.1519,1.0
2025-05-02 23:40:00+00:00,2025-05-03 03:28:00+00:00,short,96780.03,96378.08,TP,2.143,109.2949,1.0
2025-05-03 03:35:00+00:00,2025-05-03 04:23:00+00:00,short,96316.0,96519.99,SL,-1.0929,108.202,1.0
2025-05-03 04:29:00+00:00,2025-05-03 10:36:00+00:00,short,96477.98,96069.19,TP,2.164,110.366,1.0
2025-05-03 10:49:00+00:00,2025-05-03 12:43:00+00:00,short,95939.0,96137.1,SL,-1.1037,109.2623,1.0
2025-05-03 12:47:00+00:00,2025-05-03 17:16:00+00:00,long,96154.62,95952.38,SL,-1.0926,108.1697,1.0
2025-05-03 17:36:00+00:00,2025-05-03 18:14:00+00:00,short,96007.93,96211.49,SL,-1.0817,107.088,1.0
2025-05-03 18:22:00+00:00,2025-05-03 23:25:00+00:00,long,96258.43,96039.69,SL,-1.0709,106.0171,1.0
2025-05-04 00:23:00+00:00,2025-05-04 02:02:00+00:00,short,95950.0,96215.43,SL,-1.0602,104.957,1.0
2025-05-04 03:06:00+00:00,2025-05-04 05:26:00+00:00,short,95762.0,95965.1,SL,-1.0496,103.9074,1.0
2025-05-04 05:43:00+00:00,2025-05-04 08:24:00+00:00,long,95986.68,95722.76,SL,-1.0391,102.8683,1.0
2025-05-04 09:01:00+00:00,2025-05-04 22:03:00+00:00,short,95609.29,95182.38,TP,2.0574,104.9257,1.0
2025-05-04 22:32:00+00:00,2025-05-04 23:27:00+00:00,short,94937.66,94455.61,TP,2.0985,107.0242,1.0
2025-05-04 23:43:00+00:00,2025-05-05 00:12:00+00:00,short,94231.62,94428.57,SL,-1.0702,105.954,1.0
2025-05-05 00:37:00+00:00,2025-05-05 01:18:00+00:00,short,94740.91,94346.54,TP,2.1191,108.073,1.0
2025-05-05 01:27:00+00:00,2025-05-05 01:32:00+00:00,short,94263.95,93872.23,TP,2.1615,110.2345,1.0
2025-05-05 02:01:00+00:00,2025-05-05 02:14:00+00:00,short,93812.19,94059.43,SL,-1.1023,109.1322,1.0
2025-05-05 02:28:00+00:00,2025-05-05 04:42:00+00:00,short,94207.17,94396.46,SL,-1.0913,108.0408,1.0
2025-05-05 04:44:00+00:00,2025-05-05 10:39:00+00:00,long,94423.84,94160.54,SL,-1.0804,106.9604,1.0
2025-05-05 11:23:00+00:00,2025-05-05 12:31:00+00:00,short,94154.84,94344.85,SL,-1.0696,105.8908,1.0
2025-05-05 12:33:00+00:00,2025-05-05 13:40:00+00:00,short,94240.68,93791.8,TP,2.1178,108.0086,1.0
2025-05-05 14:10:00+00:00,2025-05-05 14:33:00+00:00,short,94192.56,93812.12,TP,2.1602,110.1688,1.0
2025-05-05 14:53:00+00:00,2025-05-05 15:49:00+00:00,short,93995.0,93613.67,TP,2.2034,112.3722,1.0
2025-05-05 17:04:00+00:00,2025-05-05 18:07:00+00:00,long,94258.7,94639.98,TP,2.2474,114.6196,1.0
2025-05-05 18:32:00+00:00,2025-05-05 19:43:00+00:00,long,94685.68,94493.29,SL,-1.1462,113.4734,1.0
2025-05-05 20:00:00+00:00,2025-05-05 20:34:00+00:00,short,94317.08,93901.68,TP,2.2695,115.7429,1.0
2025-05-05 21:43:00+00:00,2025-05-05 22:19:00+00:00,long,94586.35,94965.84,TP,2.3149,118.0578,1.0
2025-05-05 22:32:00+00:00,2025-05-05 23:48:00+00:00,long,94990.0,94800.0,SL,-1.1806,116.8772,1.0
2025-05-05 23:56:00+00:00,2025-05-06 00:18:00+00:00,long,94792.0,94588.23,SL,-1.1688,115.7084,1.0
2025-05-06 00:35:00+00:00,2025-05-06 01:13:00+00:00,short,94541.73,94760.39,SL,-1.1571,114.5513,1.0
2025-05-06 02:07:00+00:00,2025-05-06 03:27:00+00:00,short,94213.26,94412.48,SL,-1.1455,113.4058,1.0
2025-05-06 04:17:00+00:00,2025-05-06 08:11:00+00:00,long,94449.21,94255.29,SL,-1.1341,112.2718,1.0
2025-05-06 09:02:00+00:00,2025-05-06 10:47:00+00:00,short,94309.44,93931.99,TP,2.2454,114.5172,1.0
2025-05-06 11:16:00+00:00,2025-05-06 13:52:00+00:00,short,93983.95,93459.99,TP,2.2903,116.8075,1.0
2025-05-06 15:03:00+00:00,2025-05-06 15:09:00+00:00,long,94278.8,94086.91,SL,-1.1681,115.6395,1.0
2025-05-06 15:12:00+00:00,2025-05-06 15:34:00+00:00,long,94228.58,94650.17,TP,2.3128,117.9523,1.0
2025-05-06 16:12:00+00:00,2025-05-06 16:49:00+00:00,long,94621.37,94389.35,SL,-1.1795,116.7727,1.0
2025-05-06 17:02:00+00:00,2025-05-06 17:31:00+00:00,long,94387.3,94785.57,TP,2.3355,119.1082,1.0
2025-05-06 18:02:00+00:00,2025-05-06 18:56:00+00:00,long,94623.19,95030.47,TP,2.3822,121.4904,1.0
2025-05-06 19:17:00+00:00,2025-05-06 20:02:00+00:00,long,95088.44,94895.24,SL,-1.2149,120.2754,1.0
2025-05-06 20:05:00+00:00,2025-05-06 20:29:00+00:00,long,94985.05,94768.26,SL,-1.2028,119.0727,1.0
2025-05-06 21:12:00+00:00,2025-05-06 22:01:00+00:00,short,94722.52,94972.13,SL,-1.1907,117.882,1.0
2025-05-06 22:17:00+00:00,2025-05-06 22:30:00+00:00,long,95433.34,95815.87,TP,2.3576,120.2396,1.0
2025-05-06 22:42:00+00:00,2025-05-06 23:23:00+00:00,long,96050.24,96546.03,TP,2.4048,122.6444,1.0
2025-05-06 23:43:00+00:00,2025-05-07 00:20:00+00:00,long,96736.36,97221.11,TP,2.4529,125.0973,1.0
2025-05-07 00:46:00+00:00,2025-05-07 02:08:00+00:00,long,97282.87,97023.21,SL,-1.251,123.8463,1.0
2025-05-07 02:18:00+00:00,2025-05-07 02:43:00+00:00,long,96960.31,96744.18,SL,-1.2385,122.6078,1.0
2025-05-07 02:44:00+00:00,2025-05-07 03:17:00+00:00,short,96720.21,96329.57,TP,2.4522,125.06,1.0
2025-05-07 03:43:00+00:00,2025-05-07 04:12:00+00:00,short,96474.0,96699.99,SL,-1.2506,123.8094,1.0
2025-05-07 04:19:00+00:00,2025-05-07 07:34:00+00:00,short,96637.99,96840.0,SL,-1.2381,122.5713,1.0
2025-05-07 07:43:00+00:00,2025-05-07 14:10:00+00:00,long,96870.52,97292.81,TP,2.4514,125.0227,1.0
2025-05-07 14:24:00+00:00,2025-05-07 14:50:00+00:00,long,97369.63,97082.28,SL,-1.2502,123.7725,1.0
2025-05-07 15:36:00+00:00,2025-05-07 16:21:00+00:00,short,96980.76,96547.14,TP,2.4754,126.248,1.0
2025-05-07 17:00:00+00:00,2025-05-07 17:52:00+00:00,short,96861.55,96402.41,TP,2.525,128.7729,1.0
2025-05-07 18:08:00+00:00,2025-05-07 18:17:00+00:00,short,96072.1,96304.34,SL,-1.2877,127.4852,1.0
2025-05-07 18:42:00+00:00,2025-05-07 18:48:00+00:00,short,96592.0,96144.41,TP,2.5497,130.0349,1.0
2025-05-07 19:12:00+00:00,2025-05-07 19:29:00+00:00,short,96404.39,96007.95,TP,2.6007,132.6356,1.0
2025-05-07 19:53:00+00:00,2025-05-07 20:12:00+00:00,short,96175.51,96380.95,SL,-1.3264,131.3092,1.0
2025-05-07 20:18:00+00:00,2025-05-07 20:46:00+00:00,short,96267.98,96499.99,SL,-1.3131,129.9961,1.0
2025-05-07 21:20:00+00:00,2025-05-07 21:46:00+00:00,long,96882.81,97316.26,TP,2.5999,132.5961,1.0
2025-05-07 22:06:00+00:00,2025-05-07 22:18:00+00:00,long,97269.84,97071.26,SL,-1.326,131.2701,1.0
2025-05-07 22:33:00+00:00,2025-05-07 23:46:00+00:00,long,97179.7,96981.51,SL,-1.3127,129.9574,1.0
2025-05-07 23:50:00+00:00,2025-05-08 00:57:00+00:00,long,97079.95,97574.17,TP,2.5991,132.5566,1.0
2025-05-08 02:00:00+00:00,2025-05-08 02:25:00+00:00,long,97959.99,98456.99,TP,2.6511,135.2077,1.0
2025-05-08 03:09:00+00:00,2025-05-08 04:00:00+00:00,long,98793.99,99233.67,TP,2.7042,137.9118,1.0
2025-05-08 04:19:00+00:00,2025-05-08 04:43:00+00:00,long,99389.49,99171.36,SL,-1.3791,136.5327,1.0
2025-05-08 05:01:00+00:00,2025-05-08 05:26:00+00:00,long,99001.72,98782.6,SL,-1.3653,135.1674,1.0
2025-05-08 05:27:00+00:00,2025-05-08 07:23:00+00:00,long,98877.96,99292.0,TP,2.7033,137.8707,1.0
2025-05-08 07:34:00+00:00,2025-05-08 08:49:00+00:00,long,99332.02,99749.09,TP,2.7574,140.6282,1.0
2025-05-08 08:53:00+00:00,2025-05-08 11:23:00+00:00,long,99725.26,99524.03,SL,-1.4063,139.2219,1.0
2025-05-08 11:54:00+00:00,2025-05-08 14:32:00+00:00,short,99465.53,99697.67,SL,-1.3922,137.8297,1.0
2025-05-08 14:50:00+00:00,2025-05-08 14:55:00+00:00,long,99792.0,99436.17,SL,-1.3783,136.4514,1.0
2025-05-08 15:08:00+00:00,2025-05-08 15:22:00+00:00,long,99527.56,99928.26,TP,2.729,139.1804,1.0
2025-05-08 15:39:00+00:00,2025-05-08 15:42:00+00:00,long,100997.59,101447.59,TP,2.7836,141.964,1.0
2025-05-08 16:10:00+00:00,2025-05-08 16:32:00+00:00,long,100970.48,100749.25,SL,-1.4196,140.5444,1.0
2025-05-08 16:35:00+00:00,2025-05-08 17:17:00+00:00,long,100999.99,101425.53,TP,2.8109,143.3552,1.0
2025-05-08 17:55:00+00:00,2025-05-08 18:37:00+00:00,long,101031.71,101438.0,TP,2.8671,146.2223,1.0
2025-05-08 19:20:00+00:00,2025-05-08 20:06:00+00:00,long,101172.92,101796.64,TP,2.9244,149.1468,1.0
2025-05-08 20:29:00+00:00,2025-05-08 20:39:00+00:00,long,101567.01,102191.28,TP,2.9829,152.1297,1.0
2025-05-08 21:15:00+00:00,2025-05-08 21:18:00+00:00,long,102621.89,103179.97,TP,3.0426,155.1723,1.0
2025-05-08 22:13:00+00:00,2025-05-08 22:43:00+00:00,long,102565.82,103086.84,TP,3.1034,158.2758,1.0
2025-05-08 23:08:00+00:00,2025-05-09 00:33:00+00:00,long,102976.29,102751.23,SL,-1.5828,156.693,1.0
2025-05-09 01:04:00+00:00,2025-05-09 01:56:00+00:00,short,102761.91,103060.0,SL,-1.5669,155.1261,1.0
2025-05-09 02:45:00+00:00,2025-05-09 04:58:00+00:00,short,102603.18,102825.39,SL,-1.5513,153.5748,1.0
2025-05-09 05:30:00+00:00,2025-05-09 06:52:00+00:00,long,102807.73,103238.1,TP,3.0715,156.6463,1.0
2025-05-09 07:03:00+00:00,2025-05-09 07:23:00+00:00,long,103286.21,103788.45,TP,3.1329,159.7792,1.0
2025-05-09 07:39:00+00:00,2025-05-09 07:48:00+00:00,long,103799.76,104226.02,TP,3.1956,162.9748,1.0
2025-05-09 08:19:00+00:00,2025-05-09 08:39:00+00:00,long,103574.72,103285.72,SL,-1.6297,161.3451,1.0
2025-05-09 09:10:00+00:00,2025-05-09 09:20:00+00:00,short,102769.24,102992.77,SL,-1.6135,159.7316,1.0
2025-05-09 09:27:00+00:00,2025-05-09 09:32:00+00:00,short,102527.0,102733.01,SL,-1.5973,158.1343,1.0
2025-05-09 09:51:00+00:00,2025-05-09 09:56:00+00:00,short,102609.84,102864.0,SL,-1.5813,156.553,1.0
2025-05-09 10:19:00+00:00,2025-05-09 10:44:00+00:00,short,103033.73,103274.16,SL,-1.5655,154.9874,1.0
2025-05-09 11:16:00+00:00,2025-05-09 11:27:00+00:00,long,103299.99,102917.75,SL,-1.5499,153.4376,1.0
2025-05-09 11:52:00+00:00,2025-05-09 13:37:00+00:00,short,103021.36,103315.54,SL,-1.5344,151.9032,1.0
2025-05-09 14:16:00+00:00,2025-05-09 14:19:00+00:00,long,103696.0,103344.96,SL,-1.519,150.3842,1.0
2025-05-09 14:36:00+00:00,2025-05-09 14:42:00+00:00,short,102647.25,102857.08,SL,-1.5038,148.8803,1.0
2025-05-09 15:10:00+00:00,2025-05-09 16:04:00+00:00,short,103071.23,102628.22,TP,2.9776,151.8579,1.0
2025-05-09 16:29:00+00:00,2025-05-09 17:17:00+00:00,short,102750.62,102964.06,SL,-1.5186,150.3393,1.0
2025-05-09 17:35:00+00:00,2025-05-09 19:21:00+00:00,long,103158.74,102921.39,SL,-1.5034,148.8359,1.0
2025-05-09 19:30:00+00:00,2025-05-09 19:50:00+00:00,short,102901.49,103131.4,SL,-1.4884,147.3476,1.0
2025-05-09 20:48:00+00:00,2025-05-09 21:14:00+00:00,long,103225.97,103007.55,SL,-1.4735,145.8741,1.0
2025-05-09 21:43:00+00:00,2025-05-09 22:00:00+00:00,short,102850.83,103063.49,SL,-1.4587,144.4154,1.0
2025-05-09 22:10:00+00:00,2025-05-10 02:45:00+00:00,short,103005.01,103215.49,SL,-1.4442,142.9712,1.0
2025-05-10 03:58:00+00:00,2025-05-10 06:27:00+00:00,long,103222.23,103675.4,TP,2.8594,145.8306,1.0
2025-05-10 06:57:00+00:00,2025-05-10 09:03:00+00:00,long,103687.12,103478.0,SL,-1.4583,144.3723,1.0
2025-05-10 10:11:00+00:00,2025-05-10 10:47:00+00:00,long,103879.3,103670.18,SL,-1.4437,142.9286,1.0
2025-05-10 10:50:00+00:00,2025-05-10 11:00:00+00:00,long,103800.29,103580.0,SL,-1.4293,141.4993,1.0
2025-05-10 11:30:00+00:00,2025-05-10 12:27:00+00:00,short,103499.87,103744.3,SL,-1.415,140.0843,1.0
2025-05-10 12:52:00+00:00,2025-05-10 14:18:00+00:00,long,103722.27,103421.49,SL,-1.4008,138.6835,1.0
2025-05-10 14:42:00+00:00,2025-05-10 18:37:00+00:00,short,103494.79,103056.39,TP,2.7737,141.4572,1.0
2025-05-10 19:01:00+00:00,2025-05-10 21:45:00+00:00,short,103193.03,103435.85,SL,-1.4146,140.0426,1.0
2025-05-10 22:21:00+00:00,2025-05-10 23:15:00+00:00,long,103721.96,104460.31,TP,2.8009,142.8434,1.0
2025-05-10 23:50:00+00:00,2025-05-11 00:16:00+00:00,long,104613.0,104397.63,SL,-1.4284,141.415,1.0
2025-05-11 00:35:00+00:00,2025-05-11 01:51:00+00:00,long,104324.74,104040.07,SL,-1.4142,140.0009,1.0
2025-05-11 03:33:00+00:00,2025-05-11 03:46:00+00:00,short,103900.0,104149.63,SL,-1.4,138.6008,1.0
2025-05-11 03:55:00+00:00,2025-05-11 04:10:00+00:00,short,104058.96,104365.08,SL,-1.386,137.2148,1.0
2025-05-11 04:48:00+00:00,2025-05-11 05:26:00+00:00,long,104174.61,103889.96,SL,-1.3721,135.8427,1.0
2025-05-11 05:49:00+00:00,2025-05-11 07:41:00+00:00,short,103897.5,103479.99,TP,2.7169,138.5595,1.0
2025-05-11 07:53:00+00:00,2025-05-11 08:03:00+00:00,short,103451.61,103669.77,SL,-1.3856,137.1739,1.0
2025-05-11 08:42:00+00:00,2025-05-11 09:51:00+00:00,long,103941.59,104363.62,TP,2.7435,139.9174,1.0
2025-05-11 10:21:00+00:00,2025-05-11 12:08:00+00:00,long,104376.98,104879.67,TP,2.7983,142.7158,1.0
2025-05-11 12:34:00+00:00,2025-05-11 12:40:00+00:00,long,104777.78,104565.25,SL,-1.4272,141.2886,1.0
2025-05-11 12:48:00+00:00,2025-05-11 13:23:00+00:00,long,104694.48,104484.0,SL,-1.4129,139.8757,1.0
2025-05-11 13:42:00+00:00,2025-05-11 14:15:00+00:00,short,104229.29,103804.35,TP,2.7975,142.6732,1.0
2025-05-11 14:50:00+00:00,2025-05-11 15:13:00+00:00,short,104209.03,104516.43,SL,-1.4267,141.2465,1.0
2025-05-11 16:04:00+00:00,2025-05-11 18:37:00+00:00,short,104001.31,104220.0,SL,-1.4125,139.834,1.0
2025-05-11 19:30:00+00:00,2025-05-11 20:03:00+00:00,long,104534.75,104269.84,SL,-1.3983,138.4357,1.0
2025-05-11 20:12:00+00:00,2025-05-11 21:07:00+00:00,long,104352.52,104124.99,SL,-1.3844,137.0514,1.0
2025-05-11 21:33:00+00:00,2025-05-11 21:53:00+00:00,short,104111.11,104327.91,SL,-1.3705,135.6808,1.0
2025-05-11 22:04:00+00:00,2025-05-12 00:03:00+00:00,short,103982.86,104192.35,SL,-1.3568,134.324,1.0
2025-05-12 00:13:00+00:00,2025-05-12 01:05:00+00:00,long,104301.59,104756.0,TP,2.6865,137.0105,1.0
2025-05-12 02:13:00+00:00,2025-05-12 06:30:00+00:00,short,104015.87,104234.78,SL,-1.3701,135.6404,1.0
2025-05-12 06:46:00+00:00,2025-05-12 07:00:00+00:00,long,104407.02,104997.91,TP,2.7128,138.3532,1.0
2025-05-12 09:36:00+00:00,2025-05-12 11:51:00+00:00,short,104400.0,103939.33,TP,2.7671,141.1203,1.0
2025-05-12 12:46:00+00:00,2025-05-12 13:12:00+00:00,short,103964.0,104216.43,SL,-1.4112,139.7091,1.0
2025-05-12 14:50:00+00:00,2025-05-12 15:04:00+00:00,short,103078.5,102538.3,TP,2.7942,142.5033,1.0
2025-05-12 15:30:00+00:00,2025-05-12 15:49:00+00:00,short,102900.01,102397.01,TP,2.8501,145.3533,1.0
2025-05-12 16:32:00+00:00,2025-05-12 17:58:00+00:00,short,102952.39,102529.52,TP,2.9071,148.2604,1.0
2025-05-12 18:05:00+00:00,2025-05-12 18:28:00+00:00,short,102164.56,101716.64,TP,2.9652,151.2256,1.0
2025-05-12 18:47:00+00:00,2025-05-12 18:53:00+00:00,short,100991.74,101362.88,SL,-1.5123,149.7133,1.0
2025-05-12 19:14:00+00:00,2025-05-12 20:22:00+00:00,short,101859.35,102063.1,SL,-1.4971,148.2162,1.0
2025-05-12 20:53:00+00:00,2025-05-12 21:05:00+00:00,long,102838.39,102605.98,SL,-1.4822,146.734,1.0
2025-05-12 21:33:00+00:00,2025-05-12 22:47:00+00:00,long,102468.72,102932.59,TP,2.9347,149.6687,1.0
2025-05-12 23:04:00+00:00,2025-05-13 00:02:00+00:00,long,102967.88,102665.07,SL,-1.4967,148.172,1.0
2025-05-13 00:31:00+00:00,2025-05-13 01:15:00+00:00,short,102390.67,102658.25,SL,-1.4817,146.6903,1.0
2025-05-13 01:28:00+00:00,2025-05-13 01:41:00+00:00,short,102546.81,102128.18,TP,2.9338,149.6241,1.0
2025-05-13 02:03:00+00:00,2025-05-13 02:19:00+00:00,short,102320.35,101802.84,TP,2.9925,152.6166,1.0
2025-05-13 02:36:00+00:00,2025-05-13 03:28:00+00:00,short,102007.75,101571.42,TP,3.0523,155.6689,1.0
2025-05-13 05:46:00+00:00,2025-05-13 07:16:00+00:00,long,102378.09,102835.31,TP,3.1134,158.7823,1.0
2025-05-13 07:55:00+00:00,2025-05-13 09:18:00+00:00,long,102735.83,103193.28,TP,3.1756,161.958,1.0
2025-05-13 09:35:00+00:00,2025-05-13 11:42:00+00:00,long,103375.77,103813.87,TP,3.2392,165.1971,1.0
2025-05-13 12:04:00+00:00,2025-05-13 12:11:00+00:00,long,103787.76,103499.99,SL,-1.652,163.5452,1.0
2025-05-13 12:25:00+00:00,2025-05-13 14:09:00+00:00,long,103587.31,103286.05,SL,-1.6355,161.9097,1.0
2025-05-13 14:34:00+00:00,2025-05-13 15:06:00+00:00,short,103123.03,103350.99,SL,-1.6191,160.2906,1.0
2025-05-13 15:41:00+00:00,2025-05-13 15:52:00+00:00,long,103694.89,103432.62,SL,-1.6029,158.6877,1.0
2025-05-13 15:58:00+00:00,2025-05-13 16:13:00+00:00,long,103699.99,104284.35,TP,3.1738,161.8615,1.0
2025-05-13 17:03:00+00:00,2025-05-13 17:47:00+00:00,long,103809.54,104249.99,TP,3.2372,165.0987,1.0
2025-05-13 17:59:00+00:00,2025-05-13 19:31:00+00:00,long,104268.17,104698.41,TP,3.302,168.4007,1.0
2025-05-13 19:44:00+00:00,2025-05-13 19:52:00+00:00,long,104839.99,104584.75,SL,-1.684,166.7166,1.0
2025-05-13 20:24:00+00:00,2025-05-13 21:14:00+00:00,long,104499.0,104280.33,SL,-1.6672,165.0495,1.0
2025-05-13 21:24:00+00:00,2025-05-13 21:27:00+00:00,short,104240.8,104510.37,SL,-1.6505,163.399,1.0
2025-05-13 21:40:00+00:00,2025-05-13 23:05:00+00:00,short,104380.95,103934.96,TP,3.268,166.667,1.0
2025-05-13 23:24:00+00:00,2025-05-13 23:46:00+00:00,short,104013.7,104231.97,SL,-1.6667,165.0003,1.0
2025-05-13 23:57:00+00:00,2025-05-14 01:52:00+00:00,short,104148.67,103725.42,TP,3.3,168.3003,1.0
2025-05-14 02:27:00+00:00,2025-05-14 05:04:00+00:00,short,103619.34,103840.26,SL,-1.683,166.6173,1.0
2025-05-14 05:22:00+00:00,2025-05-14 07:15:00+00:00,long,103830.17,103588.0,SL,-1.6662,164.9511,1.0
2025-05-14 08:02:00+00:00,2025-05-14 08:59:00+00:00,short,103667.79,103200.0,TP,3.299,168.2501,1.0
2025-05-14 09:37:00+00:00,2025-05-14 09:57:00+00:00,short,103213.89,103428.49,SL,-1.6825,166.5676,1.0
2025-05-14 10:24:00+00:00,2025-05-14 12:43:00+00:00,long,103760.0,104190.45,TP,3.3314,169.899,1.0
2025-05-14 13:10:00+00:00,2025-05-14 13:44:00+00:00,long,104015.6,103712.79,SL,-1.699,168.2,1.0
2025-05-14 14:06:00+00:00,2025-05-14 14:18:00+00:00,short,103698.45,103279.38,TP,3.364,171.564,1.0
2025-05-14 14:31:00+00:00,2025-05-14 14:37:00+00:00,short,102977.04,103210.26,SL,-1.7156,169.8484,1.0
2025-05-14 14:58:00+00:00,2025-05-14 15:34:00+00:00,short,103268.98,103482.26,SL,-1.6985,168.1499,1.0
2025-05-14 15:44:00+00:00,2025-05-14 16:14:00+00:00,short,103398.84,103607.27,SL,-1.6815,166.4684,1.0
2025-05-14 16:16:00+00:00,2025-05-14 17:16:00+00:00,short,103484.12,103001.01,TP,3.3294,169.7978,1.0
2025-05-14 18:01:00+00:00,2025-05-14 18:19:00+00:00,short,103150.85,103408.79,SL,-1.698,168.0998,1.0
2025-05-14 18:29:00+00:00,2025-05-14 18:59:00+00:00,short,103247.63,103523.81,SL,-1.681,166.4188,1.0
2025-05-14 19:17:00+00:00,2025-05-14 19:45:00+00:00,long,103671.16,103463.2,SL,-1.6642,164.7546,1.0
2025-05-14 20:01:00+00:00,2025-05-15 01:42:00+00:00,long,103462.34,103211.64,SL,-1.6475,163.107,1.0
2025-05-15 02:15:00+00:00,2025-05-15 05:22:00+00:00,short,102962.57,102550.01,TP,3.2621,166.3692,1.0
2025-05-15 05:35:00+00:00,2025-05-15 07:22:00+00:00,short,102485.81,102055.0,TP,3.3274,169.6966,1.0
2025-05-15 07:47:00+00:00,2025-05-15 08:01:00+00:00,short,101745.11,101998.99,SL,-1.697,167.9996,1.0
2025-05-15 08:20:00+00:00,2025-05-15 08:31:00+00:00,short,101957.99,102190.46,SL,-1.68,166.3196,1.0
2025-05-15 08:40:00+00:00,2025-05-15 09:35:00+00:00,short,102158.64,101739.36,TP,3.3264,169.646,1.0
2025-05-15 10:04:00+00:00,2025-05-15 10:24:00+00:00,short,101721.12,101930.57,SL,-1.6965,167.9495,1.0
2025-05-15 10:31:00+00:00,2025-05-15 11:04:00+00:00,short,101750.6,101976.56,SL,-1.6795,166.27,1.0
2025-05-15 11:32:00+00:00,2025-05-15 11:38:00+00:00,long,102420.52,102195.1,SL,-1.6627,164.6073,1.0
2025-05-15 11:50:00+00:00,2025-05-15 12:34:00+00:00,long,102338.97,102797.47,TP,3.2921,167.8995,1.0
2025-05-15 13:02:00+00:00,2025-05-15 13:33:00+00:00,long,102658.54,102356.48,SL,-1.679,166.2205,1.0
2025-05-15 14:09:00+00:00,2025-05-15 14:19:00+00:00,short,101936.1,102203.54,SL,-1.6622,164.5583,1.0
2025-05-15 14:29:00+00:00,2025-05-15 14:45:00+00:00,short,102040.94,101586.32,TP,3.2912,167.8495,1.0
2025-05-15 16:36:00+00:00,2025-05-15 16:49:00+00:00,long,103285.71,103714.28,TP,3.357,171.2064,1.0
2025-05-15 17:20:00+00:00,2025-05-15 18:07:00+00:00,long,103999.99,103768.5,SL,-1.7121,169.4944,1.0
2025-05-15 18:12:00+00:00,2025-05-15 18:19:00+00:00,long,103968.26,103724.97,SL,-1.6949,167.7994,1.0
2025-05-15 18:33:00+00:00,2025-05-15 18:36:00+00:00,long,103555.55,103338.27,SL,-1.678,166.1214,1.0
2025-05-15 18:47:00+00:00,2025-05-15 18:58:00+00:00,short,103089.65,102671.93,TP,3.3224,169.4439,1.0
2025-05-15 19:24:00+00:00,2025-05-15 19:48:00+00:00,short,102908.01,103171.79,SL,-1.6944,167.7494,1.0
2025-05-15 19:54:00+00:00,2025-05-15 20:01:00+00:00,short,103048.25,103307.82,SL,-1.6775,166.0719,1.0
2025-05-15 20:08:00+00:00,2025-05-15 20:21:00+00:00,short,103142.85,103362.9,SL,-1.6607,164.4112,1.0
2025-05-15 20:43:00+00:00,2025-05-15 21:03:00+00:00,long,103466.98,103206.35,SL,-1.6441,162.7671,1.0
2025-05-15 22:01:00+00:00,2025-05-15 22:14:00+00:00,long,103357.1,103777.78,TP,3.2553,166.0224,1.0
2025-05-15 23:02:00+00:00,2025-05-15 23:17:00+00:00,long,103523.8,103296.0,SL,-1.6602,164.3622,1.0
2025-05-15 23:25:00+00:00,2025-05-15 23:40:00+00:00,long,103437.81,103870.05,TP,3.2872,167.6495,1.0
2025-05-16 00:05:00+00:00,2025-05-16 01:03:00+00:00,long,103881.53,103629.36,SL,-1.6765,165.973,1.0
2025-05-16 01:10:00+00:00,2025-05-16 01:16:00+00:00,long,103799.99,103530.92,SL,-1.6597,164.3132,1.0
2025-05-16 01:17:00+00:00,2025-05-16 01:27:00+00:00,short,103499.71,103714.28,SL,-1.6431,162.6701,1.0
2025-05-16 02:00:00+00:00,2025-05-16 02:18:00+00:00,long,104238.1,103946.51,SL,-1.6267,161.0434,1.0
2025-05-16 02:25:00+00:00,2025-05-16 02:50:00+00:00,long,104333.33,104122.83,SL,-1.6104,159.433,1.0
2025-05-16 02:56:00+00:00,2025-05-16 04:17:00+00:00,long,104185.89,103970.0,SL,-1.5943,157.8386,1.0
2025-05-16 04:41:00+00:00,2025-05-16 05:20:00+00:00,short,103849.99,104063.71,SL,-1.5784,156.2603,1.0
2025-05-16 05:44:00+00:00,2025-05-16 07:43:00+00:00,long,104029.68,103821.2,SL,-1.5626,154.6977,1.0
2025-05-16 09:15:00+00:00,2025-05-16 09:56:00+00:00,short,103570.5,103791.62,SL,-1.547,153.1507,1.0
2025-05-16 10:12:00+00:00,2025-05-16 11:25:00+00:00,long,103860.06,103599.0,SL,-1.5315,151.6192,1.0
2025-05-16 11:43:00+00:00,2025-05-16 13:39:00+00:00,short,103587.52,103879.99,SL,-1.5162,150.103,1.0
2025-05-16 14:16:00+00:00,2025-05-16 14:40:00+00:00,long,103746.41,103528.3,SL,-1.501,148.602,1.0
2025-05-16 15:33:00+00:00,2025-05-16 17:54:00+00:00,long,104071.4,103796.95,SL,-1.486,147.1159,1.0
2025-05-16 18:20:00+00:00,2025-05-16 20:46:00+00:00,short,103958.74,103528.01,TP,2.9423,150.0582,1.0
2025-05-16 21:15:00+00:00,2025-05-17 00:37:00+00:00,short,103653.68,103192.02,TP,3.0012,153.0594,1.0
2025-05-17 01:01:00+00:00,2025-05-17 01:20:00+00:00,short,103194.68,102764.63,TP,3.0612,156.1206,1.0
2025-05-17 01:46:00+00:00,2025-05-17 02:01:00+00:00,short,102730.24,102936.6,SL,-1.5612,154.5594,1.0
2025-05-17 02:12:00+00:00,2025-05-17 02:23:00+00:00,short,102858.81,103087.17,SL,-1.5456,153.0138,1.0
2025-05-17 03:03:00+00:00,2025-05-17 09:17:00+00:00,long,103321.81,103042.64,SL,-1.5301,151.4837,1.0
2025-05-17 09:51:00+00:00,2025-05-17 10:12:00+00:00,short,102808.61,103031.73,SL,-1.5148,149.9688,1.0
2025-05-17 10:19:00+00:00,2025-05-17 14:52:00+00:00,short,102948.01,103161.1,SL,-1.4997,148.4691,1.0
2025-05-17 15:19:00+00:00,2025-05-17 15:52:00+00:00,long,103179.5,102960.49,SL,-1.4847,146.9844,1.0
2025-05-17 16:16:00+00:00,2025-05-17 17:08:00+00:00,short,102914.38,103138.88,SL,-1.4698,145.5146,1.0
2025-05-17 17:28:00+00:00,2025-05-17 18:52:00+00:00,long,103220.14,103004.2,SL,-1.4551,144.0595,1.0
2025-05-17 19:27:00+00:00,2025-05-17 20:51:00+00:00,short,103047.99,103269.43,SL,-1.4406,142.6189,1.0
2025-05-17 21:31:00+00:00,2025-05-17 22:06:00+00:00,long,103304.34,103080.0,SL,-1.4262,141.1927,1.0
2025-05-17 23:03:00+00:00,2025-05-18 00:03:00+00:00,short,103000.01,103212.0,SL,-1.4119,139.7807,1.0
2025-05-18 00:10:00+00:00,2025-05-18 05:53:00+00:00,long,103214.27,103640.0,TP,2.7956,142.5764,1.0
2025-05-18 06:42:00+00:00,2025-05-18 07:55:00+00:00,long,103449.99,103913.83,TP,2.8515,145.4279,1.0
2025-05-18 08:25:00+00:00,2025-05-18 12:06:00+00:00,long,103977.13,103728.01,SL,-1.4543,143.9736,1.0
2025-05-18 12:50:00+00:00,2025-05-18 13:40:00+00:00,long,103925.0,104375.74,TP,2.8795,146.8531,1.0
2025-05-18 13:58:00+00:00,2025-05-18 14:39:00+00:00,long,104747.02,105210.36,TP,2.9371,149.7901,1.0
2025-05-18 15:16:00+00:00,2025-05-18 16:55:00+00:00,long,105320.0,105766.49,TP,2.9958,152.7859,1.0
2025-05-18 17:07:00+00:00,2025-05-18 17:21:00+00:00,long,105873.7,105661.85,SL,-1.5279,151.2581,1.0
2025-05-18 17:41:00+00:00,2025-05-18 17:48:00+00:00,long,105538.27,105298.77,SL,-1.5126,149.7455,1.0
2025-05-18 18:48:00+00:00,2025-05-18 19:24:00+00:00,short,104494.86,104746.14,SL,-1.4975,148.2481,1.0
2025-05-18 19:29:00+00:00,2025-05-18 19:52:00+00:00,short,104544.2,104086.95,TP,2.965,151.213,1.0
2025-05-18 19:53:00+00:00,2025-05-18 20:00:00+00:00,short,104061.92,103520.01,TP,3.0243,154.2373,1.0
2025-05-18 20:51:00+00:00,2025-05-18 21:25:00+00:00,short,104095.24,104304.34,SL,-1.5424,152.6949,1.0
2025-05-18 21:26:00+00:00,2025-05-18 22:00:00+00:00,long,104358.97,104131.12,SL,-1.5269,151.168,1.0
2025-05-18 22:16:00+00:00,2025-05-18 22:20:00+00:00,short,104020.13,104335.79,SL,-1.5117,149.6563,1.0
2025-05-18 22:49:00+00:00,2025-05-18 22:59:00+00:00,long,105420.0,105928.1,TP,2.9931,152.6494,1.0
2025-05-18 23:26:00+00:00,2025-05-18 23:51:00+00:00,long,105772.01,106260.0,TP,3.053,155.7024,1.0
2025-05-19 00:04:00+00:00,2025-05-19 00:08:00+00:00,long,106627.71,107072.78,TP,3.114,158.8164,1.0
2025-05-19 01:09:00+00:00,2025-05-19 01:34:00+00:00,short,104978.62,105225.24,SL,-1.5882,157.2283,1.0
2025-05-19 01:39:00+00:00,2025-05-19 02:16:00+00:00,short,104997.73,104569.01,TP,3.1446,160.3728,1.0
2025-05-19 02:41:00+00:00,2025-05-19 03:06:00+00:00,short,104834.15,104406.85,TP,3.2075,163.5803,1.0
2025-05-19 03:39:00+00:00,2025-05-19 03:54:00+00:00,short,104041.04,103616.47,TP,3.2716,166.8519,1.0
2025-05-19 04:23:00+00:00,2025-05-19 04:34:00+00:00,short,103272.75,103525.23,SL,-1.6685,165.1834,1.0
2025-05-19 04:40:00+00:00,2025-05-19 05:04:00+00:00,short,103126.9,102700.53,TP,3.3037,168.487,1.0
2025-05-19 05:16:00+00:00,2025-05-19 05:32:00+00:00,short,102748.44,102975.51,SL,-1.6849,166.8022,1.0
2025-05-19 05:47:00+00:00,2025-05-19 06:12:00+00:00,short,102906.92,103140.32,SL,-1.668,165.1342,1.0
2025-05-19 06:16:00+00:00,2025-05-19 06:31:00+00:00,short,102894.88,102414.77,TP,3.3027,168.4368,1.0
2025-05-19 06:58:00+00:00,2025-05-19 07:04:00+00:00,short,102229.09,102463.19,SL,-1.6844,166.7525,1.0
2025-05-19 07:28:00+00:00,2025-05-19 07:43:00+00:00,short,102786.23,103061.09,SL,-1.6675,165.0849,1.0
2025-05-19 08:16:00+00:00,2025-05-19 08:43:00+00:00,long,103214.11,102960.74,SL,-1.6508,163.4341,1.0
2025-05-19 08:48:00+00:00,2025-05-19 10:03:00+00:00,long,103185.98,102966.51,SL,-1.6343,161.7998,1.0
2025-05-19 10:36:00+00:00,2025-05-19 12:18:00+00:00,short,102956.52,102481.78,TP,3.236,165.0358,1.0
2025-05-19 12:35:00+00:00,2025-05-19 13:33:00+00:00,short,102403.92,102685.17,SL,-1.6504,163.3854,1.0
2025-05-19 14:01:00+00:00,2025-05-19 14:03:00+00:00,long,103580.15,103366.23,SL,-1.6339,161.7515,1.0
2025-05-19 14:17:00+00:00,2025-05-19 14:24:00+00:00,long,103742.78,103531.13,SL,-1.6175,160.134,1.0
2025-05-19 14:34:00+00:00,2025-05-19 14:52:00+00:00,long,103727.49,104164.32,TP,3.2027,163.3367,1.0
2025-05-19 15:33:00+00:00,2025-05-19 16:08:00+00:00,long,104726.06,104507.03,SL,-1.6334,161.7033,1.0
2025-05-19 16:17:00+00:00,2025-05-19 16:48:00+00:00,long,104712.26,105136.86,TP,3.2341,164.9374,1.0
2025-05-19 17:23:00+00:00,2025-05-19 18:19:00+00:00,long,105299.96,105061.36,SL,-1.6494,163.288,1.0
2025-05-19 18:26:00+00:00,2025-05-19 18:30:00+00:00,long,105294.79,104795.99,SL,-1.6329,161.6551,1.0
2025-05-19 18:38:00+00:00,2025-05-19 18:53:00+00:00,long,104950.24,104717.87,SL,-1.6166,160.0386,1.0
2025-05-19 19:03:00+00:00,2025-05-19 19:11:00+00:00,short,104690.66,104923.98,SL,-1.6004,158.4382,1.0
2025-05-19 19:33:00+00:00,2025-05-19 20:05:00+00:00,long,105272.79,105788.86,TP,3.1688,161.607,1.0
2025-05-19 20:23:00+00:00,2025-05-19 20:33:00+00:00,long,105734.32,105516.1,SL,-1.6161,159.9909,1.0
2025-05-19 20:51:00+00:00,2025-05-19 21:26:00+00:00,long,105454.54,105185.7,SL,-1.5999,158.391,1.0
2025-05-19 22:06:00+00:00,2025-05-19 22:16:00+00:00,long,105500.0,105253.1,SL,-1.5839,156.8071,1.0
2025-05-19 22:32:00+00:00,2025-05-19 23:05:00+00:00,long,105340.27,105775.99,TP,3.1361,159.9432,1.0
2025-05-19 23:38:00+00:00,2025-05-20 00:08:00+00:00,long,105505.69,105936.76,TP,3.1989,163.1421,1.0
2025-05-20 00:38:00+00:00,2025-05-20 00:48:00+00:00,long,106025.85,105785.28,SL,-1.6314,161.5107,1.0
2025-05-20 01:01:00+00:00,2025-05-20 01:32:00+00:00,long,105855.66,106323.96,TP,3.2302,164.7409,1.0
2025-05-20 01:53:00+00:00,2025-05-20 02:30:00+00:00,long,106603.98,106377.78,SL,-1.6474,163.0935,1.0
2025-05-20 03:14:00+00:00,2025-05-20 03:26:00+00:00,short,105927.0,106146.36,SL,-1.6309,161.4625,1.0
2025-05-20 03:32:00+00:00,2025-05-20 04:52:00+00:00,short,105808.78,106042.94,SL,-1.6146,159.8479,1.0
2025-05-20 05:11:00+00:00,2025-05-20 05:41:00+00:00,long,106327.42,106100.0,SL,-1.5985,158.2494,1.0
2025-05-20 05:49:00+00:00,2025-05-20 06:07:00+00:00,long,106179.99,105964.31,SL,-1.5825,156.6669,1.0
2025-05-20 06:58:00+00:00,2025-05-20 07:12:00+00:00,short,105500.01,105734.98,SL,-1.5667,155.1003,1.0
2025-05-20 07:17:00+00:00,2025-05-20 07:46:00+00:00,short,105468.58,105042.52,TP,3.102,158.2023,1.0
2025-05-20 08:13:00+00:00,2025-05-20 08:42:00+00:00,short,104935.39,105157.75,SL,-1.582,156.6203,1.0
2025-05-20 08:54:00+00:00,2025-05-20 09:33:00+00:00,short,105133.25,105351.47,SL,-1.5662,155.0541,1.0
2025-05-20 09:38:00+00:00,2025-05-20 11:23:00+00:00,short,105344.17,104913.05,TP,3.1011,158.1551,1.0
2025-05-20 12:34:00+00:00,2025-05-20 13:36:00+00:00,short,104731.71,104308.47,TP,3.1631,161.3182,1.0
2025-05-20 14:02:00+00:00,2025-05-20 14:05:00+00:00,short,104304.35,104577.42,SL,-1.6132,159.7051,1.0
2025-05-20 14:28:00+00:00,2025-05-20 14:46:00+00:00,short,104735.62,104946.71,SL,-1.5971,158.108,1.0
2025-05-20 14:51:00+00:00,2025-05-20 15:27:00+00:00,short,104670.38,104986.59,SL,-1.5811,156.5269,1.0
2025-05-20 15:56:00+00:00,2025-05-20 16:10:00+00:00,long,105388.43,105141.7,SL,-1.5653,154.9617,1.0
2025-05-20 16:18:00+00:00,2025-05-20 17:10:00+00:00,long,105349.99,105880.64,TP,3.0992,158.0609,1.0
2025-05-20 17:45:00+00:00,2025-05-20 18:21:00+00:00,long,106229.89,105974.43,SL,-1.5806,156.4803,1.0
2025-05-20 18:35:00+00:00,2025-05-20 18:42:00+00:00,long,105945.98,105684.64,SL,-1.5648,154.9155,1.0
2025-05-20 18:57:00+00:00,2025-05-20 19:07:00+00:00,short,105343.79,105611.5,SL,-1.5492,153.3663,1.0
2025-05-20 19:50:00+00:00,2025-05-20 20:03:00+00:00,long,106881.29,106599.97,SL,-1.5337,151.8327,1.0
2025-05-20 20:21:00+00:00,2025-05-20 20:37:00+00:00,long,106792.4,106494.15,SL,-1.5183,150.3143,1.0
2025-05-20 20:43:00+00:00,2025-05-20 20:47:00+00:00,long,106645.77,107153.51,TP,3.0063,153.3206,1.0
2025-05-20 21:03:00+00:00,2025-05-20 21:10:00+00:00,long,107184.9,106820.89,SL,-1.5332,151.7874,1.0
2025-05-20 21:24:00+00:00,2025-05-20 21:28:00+00:00,long,106742.91,106454.62,SL,-1.5179,150.2695,1.0
2025-05-20 23:06:00+00:00,2025-05-20 23:46:00+00:00,long,106906.7,106665.6,SL,-1.5027,148.7668,1.0
2025-05-20 23:50:00+00:00,2025-05-21 00:28:00+00:00,long,106846.38,106600.0,SL,-1.4877,147.2792,1.0
2025-05-21 00:32:00+00:00,2025-05-21 00:35:00+00:00,long,106812.0,106504.77,SL,-1.4728,145.8064,1.0
2025-05-21 00:41:00+00:00,2025-05-21 01:58:00+00:00,long,106713.35,106487.87,SL,-1.4581,144.3483,1.0
2025-05-21 02:54:00+00:00,2025-05-21 04:39:00+00:00,long,106916.02,107527.92,TP,2.887,147.2353,1.0
2025-05-21 05:02:00+00:00,2025-05-21 06:30:00+00:00,long,107493.47,107929.65,TP,2.9447,150.18,1.0
2025-05-21 07:37:00+00:00,2025-05-21 09:41:00+00:00,short,106594.57,106164.43,TP,3.0036,153.1836,1.0
2025-05-21 10:20:00+00:00,2025-05-21 11:09:00+00:00,short,106171.61,106420.01,SL,-1.5318,151.6518,1.0
2025-05-21 11:27:00+00:00,2025-05-21 12:06:00+00:00,long,106669.2,106436.94,SL,-1.5165,150.1352,1.0
2025-05-21 12:13:00+00:00,2025-05-21 13:42:00+00:00,long,106491.81,106960.96,TP,3.0027,153.1379,1.0
2025-05-21 14:19:00+00:00,2025-05-21 14:25:00+00:00,long,107659.05,107417.27,SL,-1.5314,151.6066,1.0
2025-05-21 14:39:00+00:00,2025-05-21 14:48:00+00:00,long,107477.99,107920.0,TP,3.0321,154.6387,1.0
2025-05-21 15:43:00+00:00,2025-05-21 15:49:00+00:00,long,108880.0,108633.59,SL,-1.5464,153.0923,1.0
2025-05-21 16:14:00+00:00,2025-05-21 16:34:00+00:00,long,109099.99,109579.38,TP,3.0618,156.1542,1.0
2025-05-21 16:46:00+00:00,2025-05-21 16:56:00+00:00,long,109649.82,109300.0,SL,-1.5615,154.5926,1.0
2025-05-21 17:35:00+00:00,2025-05-21 17:39:00+00:00,short,107152.95,107492.32,SL,-1.5459,153.0467,1.0
2025-05-21 17:44:00+00:00,2025-05-21 17:51:00+00:00,short,106517.07,106748.62,SL,-1.5305,151.5162,1.0
2025-05-21 18:21:00+00:00,2025-05-21 18:34:00+00:00,short,106652.18,106908.23,SL,-1.5152,150.0011,1.0
2025-05-21 18:51:00+00:00,2025-05-21 19:09:00+00:00,short,107168.01,106627.69,TP,3.0,153.0011,1.0
2025-05-21 19:21:00+00:00,2025-05-21 19:23:00+00:00,short,106782.61,107013.75,SL,-1.53,151.4711,1.0
2025-05-21 19:51:00+00:00,2025-05-21 19:53:00+00:00,long,108639.69,108367.14,SL,-1.5147,149.9564,1.0
2025-05-21 20:54:00+00:00,2025-05-21 21:45:00+00:00,long,108019.99,108544.68,TP,2.9991,152.9555,1.0
2025-05-21 22:07:00+00:00,2025-05-21 22:09:00+00:00,long,108545.0,108308.12,SL,-1.5296,151.4259,1.0
2025-05-21 22:21:00+00:00,2025-05-21 22:37:00+00:00,long,108478.58,108928.96,TP,3.0285,154.4544,1.0
2025-05-21 22:43:00+00:00,2025-05-21 23:00:00+00:00,long,108945.78,108724.5,SL,-1.5445,152.9099,1.0
2025-05-21 23:06:00+00:00,2025-05-21 23:15:00+00:00,long,108937.2,109459.16,TP,3.0582,155.9681,1.0
2025-05-21 23:59:00+00:00,2025-05-22 00:40:00+00:00,long,109643.99,109323.5,SL,-1.5597,154.4084,1.0
2025-05-22 00:47:00+00:00,2025-05-22 01:00:00+00:00,long,109624.8,110095.73,TP,3.0882,157.4966,1.0
2025-05-22 01:31:00+00:00,2025-05-22 01:36:00+00:00,long,110205.23,109941.18,SL,-1.575,155.9216,1.0
2025-05-22 01:51:00+00:00,2025-05-22 02:24:00+00:00,long,109970.98,110466.16,TP,3.1184,159.0401,1.0
2025-05-22 03:04:00+00:00,2025-05-22 03:42:00+00:00,long,110605.92,111240.46,TP,3.1808,162.2209,1.0
2025-05-22 04:29:00+00:00,2025-05-22 05:10:00+00:00,long,111488.84,111229.21,SL,-1.6222,160.5986,1.0
2025-05-22 05:16:00+00:00,2025-05-22 05:55:00+00:00,long,111406.88,111030.96,SL,-1.606,158.9927,1.0
2025-05-22 06:11:00+00:00,2025-05-22 07:03:00+00:00,short,110930.01,110478.27,TP,3.1799,162.1725,1.0
2025-05-22 07:24:00+00:00,2025-05-22 07:37:00+00:00,short,110727.9,110978.91,SL,-1.6217,160.5508,1.0
2025-05-22 07:44:00+00:00,2025-05-22 07:56:00+00:00,short,110880.03,111128.78,SL,-1.6055,158.9453,1.0
2025-05-22 08:17:00+00:00,2025-05-22 08:23:00+00:00,long,111160.35,110919.45,SL,-1.5895,157.3558,1.0
2025-05-22 08:51:00+00:00,2025-05-22 09:27:00+00:00,short,110395.2,110657.91,SL,-1.5736,155.7823,1.0
2025-05-22 09:35:00+00:00,2025-05-22 09:38:00+00:00,short,110532.44,110792.07,SL,-1.5578,154.2244,1.0
2025-05-22 09:42:00+00:00,2025-05-22 10:01:00+00:00,short,110618.04,110844.42,SL,-1.5422,152.6822,1.0
2025-05-22 10:21:00+00:00,2025-05-22 11:27:00+00:00,long,110809.52,110576.63,SL,-1.5268,151.1554,1.0
2025-05-22 12:20:00+00:00,2025-05-22 13:59:00+00:00,long,111209.22,110914.49,SL,-1.5116,149.6438,1.0
2025-05-22 14:07:00+00:00,2025-05-22 14:10:00+00:00,long,111136.36,110858.76,SL,-1.4964,148.1474,1.0
2025-05-22 14:11:00+00:00,2025-05-22 14:19:00+00:00,short,110823.56,111081.87,SL,-1.4815,146.6659,1.0
2025-05-22 14:36:00+00:00,2025-05-22 15:19:00+00:00,short,110898.0,111141.95,SL,-1.4667,145.1993,1.0
2025-05-22 15:36:00+00:00,2025-05-22 16:15:00+00:00,long,111215.22,111708.32,TP,2.904,148.1032,1.0
2025-05-22 16:38:00+00:00,2025-05-22 16:56:00+00:00,long,111373.52,111133.56,SL,-1.481,146.6222,1.0
2025-05-22 17:04:00+00:00,2025-05-22 17:23:00+00:00,long,111314.25,111806.35,TP,2.9324,149.5547,1.0
2025-05-22 17:32:00+00:00,2025-05-22 17:45:00+00:00,long,111826.05,111587.02,SL,-1.4955,148.0591,1.0
2025-05-22 18:04:00+00:00,2025-05-22 19:45:00+00:00,long,111528.72,111220.01,SL,-1.4806,146.5785,1.0
2025-05-22 19:55:00+00:00,2025-05-22 20:02:00+00:00,short,111028.51,111360.13,SL,-1.4658,145.1127,1.0
2025-05-22 20:18:00+00:00,2025-05-22 23:32:00+00:00,short,111173.91,111434.54,SL,-1.4511,143.6616,1.0
2025-05-22 23:46:00+00:00,2025-05-23 01:27:00+00:00,long,111482.0,111254.47,SL,-1.4366,142.225,1.0
2025-05-23 01:41:00+00:00,2025-05-23 02:18:00+00:00,short,111289.08,111565.18,SL,-1.4223,140.8027,1.0
2025-05-23 03:09:00+00:00,2025-05-23 04:25:00+00:00,short,111200.94,110730.96,TP,2.8161,143.6188,1.0
2025-05-23 05:18:00+00:00,2025-05-23 06:55:00+00:00,short,110869.58,110420.46,TP,2.8724,146.4912,1.0
2025-05-23 08:23:00+00:00,2025-05-23 09:49:00+00:00,long,110843.05,111321.35,TP,2.9298,149.421,1.0
2025-05-23 10:21:00+00:00,2025-05-23 11:21:00+00:00,long,111031.16,110672.63,SL,-1.4942,147.9268,1.0
2025-05-23 11:37:00+00:00,2025-05-23 11:46:00+00:00,short,110754.3,110070.11,TP,2.9585,150.8853,1.0
2025-05-23 12:13:00+00:00,2025-05-23 12:18:00+00:00,short,108021.41,108319.6,SL,-1.5089,149.3765,1.0
2025-05-23 12:50:00+00:00,2025-05-23 13:03:00+00:00,short,108571.27,108027.58,TP,2.9875,152.364,1.0
2025-05-23 13:41:00+00:00,2025-05-23 13:56:00+00:00,short,109211.31,109554.11,SL,-1.5236,150.8404,1.0
2025-05-23 14:46:00+00:00,2025-05-23 15:04:00+00:00,long,109765.12,109545.45,SL,-1.5084,149.332,1.0
2025-05-23 16:42:00+00:00,2025-05-23 16:47:00+00:00,short,108603.51,108848.15,SL,-1.4933,147.8386,1.0
2025-05-23 17:22:00+00:00,2025-05-23 17:39:00+00:00,long,109738.0,109513.23,SL,-1.4784,146.3602,1.0
2025-05-23 17:52:00+00:00,2025-05-23 18:03:00+00:00,long,109590.78,109311.83,SL,-1.4636,144.8966,1.0
2025-05-23 18:45:00+00:00,2025-05-23 19:13:00+00:00,short,108891.34,109122.83,SL,-1.449,143.4477,1.0
2025-05-23 19:20:00+00:00,2025-05-23 20:07:00+00:00,short,108932.43,108483.69,TP,2.869,146.3166,1.0
2025-05-23 20:33:00+00:00,2025-05-23 22:45:00+00:00,short,108526.98,108088.28,TP,2.9263,149.243,1.0
2025-05-23 23:10:00+00:00,2025-05-23 23:41:00+00:00,short,107581.2,107097.09,TP,2.9849,152.2278,1.0
2025-05-24 00:04:00+00:00,2025-05-24 00:06:00+00:00,short,106913.88,107205.63,SL,-1.5223,150.7055,1.0
2025-05-24 00:24:00+00:00,2025-05-24 00:36:00+00:00,short,107328.94,107673.98,SL,-1.5071,149.1985,1.0
2025-05-24 00:44:00+00:00,2025-05-24 01:08:00+00:00,short,107499.65,107743.05,SL,-1.492,147.7065,1.0
2025-05-24 01:16:00+00:00,2025-05-24 02:39:00+00:00,short,107650.0,107876.99,SL,-1.4771,146.2294,1.0
2025-05-24 02:40:00+00:00,2025-05-24 03:58:00+00:00,long,107878.02,108334.25,TP,2.9246,149.154,1.0
2025-05-24 04:09:00+00:00,2025-05-24 05:46:00+00:00,long,108394.32,108151.99,SL,-1.4915,147.6625,1.0
2025-05-24 05:55:00+00:00,2025-05-24 06:18:00+00:00,long,108237.9,108017.05,SL,-1.4766,146.1859,1.0
2025-05-24 06:25:00+00:00,2025-05-24 06:33:00+00:00,long,108229.44,107892.9,SL,-1.4619,144.724,1.0
2025-05-24 06:47:00+00:00,2025-05-24 06:58:00+00:00,short,107725.33,107951.21,SL,-1.4472,143.2768,1.0
2025-05-24 08:20:00+00:00,2025-05-24 08:34:00+00:00,short,107708.44,107928.57,SL,-1.4328,141.844,1.0
2025-05-24 09:23:00+00:00,2025-05-24 09:59:00+00:00,long,108384.29,108161.69,SL,-1.4184,140.4256,1.0
2025-05-24 10:03:00+00:00,2025-05-24 10:36:00+00:00,long,108247.05,108695.66,TP,2.8085,143.2341,1.0
2025-05-24 11:12:00+00:00,2025-05-24 11:22:00+00:00,long,109444.78,109207.62,SL,-1.4323,141.8017,1.0
2025-05-24 11:30:00+00:00,2025-05-24 11:44:00+00:00,long,109441.98,109175.03,SL,-1.418,140.3837,1.0
2025-05-24 12:04:00+00:00,2025-05-24 12:11:00+00:00,long,109238.11,108988.56,SL,-1.4038,138.9799,1.0
2025-05-24 12:24:00+00:00,2025-05-24 13:13:00+00:00,long,108890.17,108668.11,SL,-1.3898,137.5901,1.0
2025-05-24 13:34:00+00:00,2025-05-24 14:57:00+00:00,short,108778.22,109011.98,SL,-1.3759,136.2142,1.0
2025-05-24 14:58:00+00:00,2025-05-24 16:08:00+00:00,long,109002.91,108784.59,SL,-1.3621,134.852,1.0
2025-05-24 16:29:00+00:00,2025-05-24 16:46:00+00:00,short,108773.55,109036.91,SL,-1.3485,133.5035,1.0
2025-05-24 17:13:00+00:00,2025-05-24 17:18:00+00:00,long,109172.39,108912.8,SL,-1.335,132.1685,1.0
2025-05-24 17:33:00+00:00,2025-05-24 21:21:00+00:00,long,108947.22,108599.99,SL,-1.3217,130.8468,1.0
2025-05-24 21:48:00+00:00,2025-05-24 22:40:00+00:00,short,108728.44,108243.49,TP,2.6169,133.4637,1.0
2025-05-24 22:58:00+00:00,2025-05-24 23:16:00+00:00,short,108016.03,108252.2,SL,-1.3346,132.1291,1.0
2025-05-24 23:24:00+00:00,2025-05-24 23:35:00+00:00,short,107910.46,108168.08,SL,-1.3213,130.8078,1.0
2025-05-24 23:39:00+00:00,2025-05-24 23:46:00+00:00,short,107966.25,107500.01,TP,2.6162,133.424,1.0
2025-05-25 00:17:00+00:00,2025-05-25 00:30:00+00:00,short,107864.98,108086.76,SL,-1.3342,132.0897,1.0
2025-05-25 00:36:00+00:00,2025-05-25 00:43:00+00:00,short,107917.02,107418.03,TP,2.6418,134.7315,1.0
2025-05-25 01:01:00+00:00,2025-05-25 01:03:00+00:00,short,107286.01,107565.47,SL,-1.3473,133.3842,1.0
2025-05-25 01:15:00+00:00,2025-05-25 01:16:00+00:00,short,107246.67,107467.08,SL,-1.3338,132.0504,1.0
2025-05-25 01:35:00+00:00,2025-05-25 02:54:00+00:00,short,107736.53,107975.99,SL,-1.3205,130.7299,1.0
2025-05-25 03:32:00+00:00,2025-05-25 04:11:00+00:00,long,108239.23,108020.89,SL,-1.3073,129.4226,1.0
2025-05-25 04:19:00+00:00,2025-05-25 06:53:00+00:00,long,108001.84,107776.06,SL,-1.2942,128.1283,1.0
2025-05-25 07:00:00+00:00,2025-05-25 08:27:00+00:00,short,107850.15,107413.86,TP,2.5626,130.6909,1.0
2025-05-25 08:42:00+00:00,2025-05-25 09:36:00+00:00,short,107281.78,106801.66,TP,2.6138,133.3047,1.0
2025-05-25 10:10:00+00:00,2025-05-25 10:49:00+00:00,short,107100.0,107318.18,SL,-1.333,131.9717,1.0
2025-05-25 10:52:00+00:00,2025-05-25 12:07:00+00:00,short,107085.66,107344.76,SL,-1.3197,130.6519,1.0
2025-05-25 12:31:00+00:00,2025-05-25 13:18:00+00:00,long,107544.0,107322.86,SL,-1.3065,129.3454,1.0
2025-05-25 13:22:00+00:00,2025-05-25 14:47:00+00:00,long,107397.71,107153.99,SL,-1.2935,128.052,1.0
2025-05-25 15:04:00+00:00,2025-05-25 16:20:00+00:00,short,107165.75,106703.15,TP,2.561,130.613,1.0
2025-05-25 17:03:00+00:00,2025-05-25 19:30:00+00:00,long,107259.4,107693.25,TP,2.6123,133.2253,1.0
2025-05-25 19:56:00+00:00,2025-05-25 20:01:00+00:00,long,107896.01,107656.46,SL,-1.3323,131.893,1.0
2025-05-25 20:21:00+00:00,2025-05-25 21:31:00+00:00,long,107588.47,107176.01,SL,-1.3189,130.5741,1.0
2025-05-25 22:00:00+00:00,2025-05-25 22:03:00+00:00,short,107380.42,107668.0,SL,-1.3057,129.2683,1.0
2025-05-25 22:43:00+00:00,2025-05-25 22:52:00+00:00,long,108597.12,109037.24,TP,2.5854,131.8537,1.0
2025-05-25 23:35:00+00:00,2025-05-26 00:39:00+00:00,long,108732.85,109199.98,TP,2.6371,134.4908,1.0
2025-05-26 00:52:00+00:00,2025-05-26 06:54:00+00:00,long,109411.84,109857.14,TP,2.6898,137.1806,1.0
2025-05-26 07:35:00+00:00,2025-05-26 08:37:00+00:00,long,109953.41,109695.28,SL,-1.3718,135.8088,1.0
2025-05-26 08:53:00+00:00,2025-05-26 09:11:00+00:00,short,109609.18,109832.05,SL,-1.3581,134.4507,1.0
2025-05-26 10:43:00+00:00,2025-05-26 10:54:00+00:00,long,109825.08,109571.43,SL,-1.3445,133.1062,1.0
2025-05-26 11:18:00+00:00,2025-05-26 11:49:00+00:00,short,109599.77,109822.92,SL,-1.3311,131.7751,1.0
2025-05-26 11:53:00+00:00,2025-05-26 12:54:00+00:00,short,109718.26,110010.42,SL,-1.3178,130.4574,1.0
2025-05-26 13:26:00+00:00,2025-05-26 13:54:00+00:00,long,109858.26,109574.46,SL,-1.3046,129.1528,1.0
2025-05-26 14:22:00+00:00,2025-05-26 15:23:00+00:00,short,109545.32,109862.46,SL,-1.2915,127.8613,1.0
2025-05-26 16:03:00+00:00,2025-05-26 16:16:00+00:00,long,110193.18,109966.19,SL,-1.2786,126.5827,1.0
2025-05-26 16:52:00+00:00,2025-05-26 17:03:00+00:00,short,109386.36,109616.73,SL,-1.2658,125.3168,1.0
2025-05-26 17:10:00+00:00,2025-05-26 17:46:00+00:00,short,109409.03,108934.92,TP,2.5063,127.8232,1.0
2025-05-26 18:18:00+00:00,2025-05-26 18:28:00+00:00,short,109072.01,109304.35,SL,-1.2782,126.545,1.0
2025-05-26 18:41:00+00:00,2025-05-26 19:40:00+00:00,short,109379.99,108910.02,TP,2.5309,129.0759,1.0
2025-05-26 20:02:00+00:00,2025-05-26 20:10:00+00:00,short,108980.79,109282.06,SL,-1.2908,127.7851,1.0
2025-05-26 20:20:00+00:00,2025-05-26 20:35:00+00:00,short,109195.61,109428.58,SL,-1.2779,126.5072,1.0
2025-05-26 20:57:00+00:00,2025-05-26 21:18:00+00:00,long,109521.74,109285.72,SL,-1.2651,125.2422,1.0
2025-05-26 21:27:00+00:00,2025-05-26 22:13:00+00:00,long,109316.49,109840.0,TP,2.5048,127.747,1.0
2025-05-26 23:20:00+00:00,2025-05-26 23:52:00+00:00,short,109197.11,109427.37,SL,-1.2775,126.4695,1.0
2025-05-27 00:11:00+00:00,2025-05-27 00:40:00+00:00,long,109487.99,109227.28,SL,-1.2647,125.2048,1.0
2025-05-27 00:47:00+00:00,2025-05-27 01:14:00+00:00,short,109227.28,108723.26,TP,2.5041,127.7089,1.0
2025-05-27 01:46:00+00:00,2025-05-27 02:01:00+00:00,short,108181.49,108428.58,SL,-1.2771,126.4319,1.0
2025-05-27 02:10:00+00:00,2025-05-27 02:26:00+00:00,short,108302.48,108600.96,SL,-1.2643,125.1675,1.0
2025-05-27 02:40:00+00:00,2025-05-27 02:51:00+00:00,short,108469.77,107938.13,TP,2.5034,127.6709,1.0
2025-05-27 04:06:00+00:00,2025-05-27 05:16:00+00:00,long,109031.69,108734.7,SL,-1.2767,126.3942,1.0
2025-05-27 05:27:00+00:00,2025-05-27 05:42:00+00:00,short,108574.62,108803.4,SL,-1.2639,125.1302,1.0
2025-05-27 06:30:00+00:00,2025-05-27 06:53:00+00:00,long,109135.01,108876.65,SL,-1.2513,123.8789,1.0
2025-05-27 07:05:00+00:00,2025-05-27 07:39:00+00:00,long,108954.55,109439.13,TP,2.4776,126.3565,1.0
2025-05-27 08:01:00+00:00,2025-05-27 09:23:00+00:00,long,109738.81,109510.28,SL,-1.2636,125.0929,1.0
2025-05-27 09:33:00+00:00,2025-05-27 13:08:00+00:00,long,109532.0,110111.91,TP,2.5019,127.5948,1.0
2025-05-27 14:01:00+00:00,2025-05-27 14:25:00+00:00,long,110010.12,109723.67,SL,-1.2759,126.3189,1.0
2025-05-27 14:56:00+00:00,2025-05-27 15:08:00+00:00,short,109241.69,109476.19,SL,-1.2632,125.0557,1.0
2025-05-27 15:27:00+00:00,2025-05-27 15:31:00+00:00,short,109565.2,109864.0,SL,-1.2506,123.8051,1.0
2025-05-27 16:16:00+00:00,2025-05-27 17:23:00+00:00,long,110258.75,110031.53,SL,-1.2381,122.5671,1.0
2025-05-27 17:30:00+00:00,2025-05-27 19:00:00+00:00,long,110080.3,109818.18,SL,-1.2257,121.3414,1.0
2025-05-27 19:11:00+00:00,2025-05-27 19:39:00+00:00,short,109688.01,109908.91,SL,-1.2134,120.128,1.0
2025-05-27 19:50:00+00:00,2025-05-27 21:23:00+00:00,short,109846.28,109289.68,TP,2.4026,122.5305,1.0
2025-05-27 22:10:00+00:00,2025-05-27 22:37:00+00:00,short,108802.02,109026.39,SL,-1.2253,121.3052,1.0
2025-05-27 22:49:00+00:00,2025-05-28 00:57:00+00:00,short,108943.65,109234.89,SL,-1.2131,120.0922,1.0
2025-05-28 01:05:00+00:00,2025-05-28 02:15:00+00:00,short,109049.5,108606.95,TP,2.4018,122.494,1.0
2025-05-28 02:50:00+00:00,2025-05-28 04:37:00+00:00,short,108758.98,108977.91,SL,-1.2249,121.2691,1.0
2025-05-28 05:17:00+00:00,2025-05-28 06:10:00+00:00,long,108932.97,108668.04,SL,-1.2127,120.0564,1.0
2025-05-28 06:35:00+00:00,2025-05-28 07:08:00+00:00,short,108718.28,108970.68,SL,-1.2006,118.8558,1.0
2025-05-28 07:37:00+00:00,2025-05-28 08:12:00+00:00,long,108946.56,108701.3,SL,-1.1886,117.6673,1.0
2025-05-28 08:32:00+00:00,2025-05-28 08:37:00+00:00,short,108681.81,109008.92,SL,-1.1767,116.4906,1.0
2025-05-28 09:35:00+00:00,2025-05-28 09:38:00+00:00,short,108507.53,108783.71,SL,-1.1649,115.3257,1.0
2025-05-28 09:58:00+00:00,2025-05-28 12:16:00+00:00,short,108772.38,108991.9,SL,-1.1533,114.1724,1.0
2025-05-28 12:43:00+00:00,2025-05-28 12:53:00+00:00,long,109042.5,108784.27,SL,-1.1417,113.0307,1.0
2025-05-28 13:08:00+00:00,2025-05-28 13:20:00+00:00,long,108889.32,108660.01,SL,-1.1303,111.9004,1.0
2025-05-28 13:40:00+00:00,2025-05-28 13:57:00+00:00,short,108665.16,108071.87,TP,2.238,114.1384,1.0
2025-05-28 14:12:00+00:00,2025-05-28 15:09:00+00:00,short,107902.94,107349.06,TP,2.2828,116.4212,1.0
2025-05-28 15:48:00+00:00,2025-05-28 16:26:00+00:00,short,107227.27,107442.23,SL,-1.1642,115.257,1.0
2025-05-28 16:31:00+00:00,2025-05-28 17:01:00+00:00,short,107350.01,107566.3,SL,-1.1526,114.1044,1.0
2025-05-28 17:18:00+00:00,2025-05-28 17:26:00+00:00,long,107832.37,107532.0,SL,-1.141,112.9634,1.0
2025-05-28 18:06:00+00:00,2025-05-28 18:14:00+00:00,short,107600.01,107830.0,SL,-1.1296,111.8337,1.0
2025-05-28 18:52:00+00:00,2025-05-28 19:08:00+00:00,short,107539.63,107756.19,SL,-1.1183,110.7154,1.0
2025-05-28 19:52:00+00:00,2025-05-28 20:37:00+00:00,short,107123.73,107372.42,SL,-1.1072,109.6082,1.0
2025-05-28 21:38:00+00:00,2025-05-28 22:11:00+00:00,long,107451.62,107196.01,SL,-1.0961,108.5121,1.0
2025-05-28 22:25:00+00:00,2025-05-28 22:54:00+00:00,short,107207.35,107429.6,SL,-1.0851,107.427,1.0
2025-05-29 00:15:00+00:00,2025-05-29 00:55:00+00:00,long,107636.36,108086.96,TP,2.1485,109.5756,1.0
2025-05-29 01:36:00+00:00,2025-05-29 02:52:00+00:00,long,107926.02,108454.54,TP,2.1915,111.7671,1.0
2025-05-29 03:45:00+00:00,2025-05-29 04:16:00+00:00,long,108058.49,107727.28,SL,-1.1177,110.6494,1.0
2025-05-29 04:34:00+00:00,2025-05-29 04:45:00+00:00,short,107716.71,106985.89,TP,2.213,112.8624,1.0
2025-05-29 05:19:00+00:00,2025-05-29 06:21:00+00:00,short,107619.1,107842.69,SL,-1.1286,111.7338,1.0
2025-05-29 07:00:00+00:00,2025-05-29 08:52:00+00:00,long,107891.03,108387.97,TP,2.2347,113.9684,1.0
2025-05-29 09:12:00+00:00,2025-05-29 09:33:00+00:00,long,108603.44,108350.28,SL,-1.1397,112.8288,1.0
2025-05-29 09:49:00+00:00,2025-05-29 13:17:00+00:00,long,108508.38,108286.72,SL,-1.1283,111.7005,1.0
2025-05-29 13:31:00+00:00,2025-05-29 13:41:00+00:00,short,108148.36,107626.67,TP,2.234,113.9345,1.0
2025-05-29 14:07:00+00:00,2025-05-29 14:24:00+00:00,short,107391.53,106950.0,TP,2.2787,116.2132,1.0
2025-05-29 14:31:00+00:00,2025-05-29 14:39:00+00:00,short,106835.47,107148.98,SL,-1.1621,115.051,1.0
2025-05-29 15:03:00+00:00,2025-05-29 15:45:00+00:00,short,107528.97,107046.01,TP,2.301,117.3521,1.0
2025-05-29 15:58:00+00:00,2025-05-29 17:42:00+00:00,short,107010.75,106415.99,TP,2.347,119.6991,1.0
2025-05-29 17:56:00+00:00,2025-05-29 18:26:00+00:00,short,106372.77,106595.53,SL,-1.197,118.5021,1.0
2025-05-29 18:37:00+00:00,2025-05-29 18:58:00+00:00,short,106388.36,105954.27,TP,2.37,120.8722,1.0
2025-05-29 19:08:00+00:00,2025-05-29 20:03:00+00:00,short,105925.82,106140.01,SL,-1.2087,119.6634,1.0
2025-05-29 20:10:00+00:00,2025-05-29 20:21:00+00:00,short,105956.24,106202.76,SL,-1.1966,118.4668,1.0
2025-05-29 20:25:00+00:00,2025-05-29 21:01:00+00:00,short,106107.25,106343.66,SL,-1.1847,117.2821,1.0
2025-05-29 21:38:00+00:00,2025-05-29 22:46:00+00:00,long,106254.48,106010.76,SL,-1.1728,116.1093,1.0
2025-05-29 22:56:00+00:00,2025-05-29 23:48:00+00:00,short,105959.8,105347.4,TP,2.3222,118.4315,1.0
2025-05-30 00:28:00+00:00,2025-05-30 00:49:00+00:00,short,106001.1,105460.0,TP,2.3686,120.8001,1.0
2025-05-30 01:35:00+00:00,2025-05-30 01:42:00+00:00,short,105619.04,105842.45,SL,-1.208,119.5921,1.0
2025-05-30 02:03:00+00:00,2025-05-30 05:37:00+00:00,long,105838.84,106299.99,TP,2.3918,121.984,1.0
2025-05-30 06:08:00+00:00,2025-05-30 06:40:00+00:00,long,106082.03,105859.03,SL,-1.2198,120.7641,1.0
2025-05-30 07:08:00+00:00,2025-05-30 07:21:00+00:00,short,105438.33,105757.6,SL,-1.2076,119.5565,1.0
2025-05-30 07:30:00+00:00,2025-05-30 07:36:00+00:00,short,105516.2,105052.83,TP,2.3911,121.9476,1.0
2025-05-30 08:15:00+00:00,2025-05-30 08:27:00+00:00,short,104968.7,105216.41,SL,-1.2195,120.7281,1.0
2025-05-30 08:40:00+00:00,2025-05-30 09:41:00+00:00,short,105209.84,104671.89,TP,2.4146,123.1427,1.0
2025-05-30 10:21:00+00:00,2025-05-30 12:11:00+00:00,long,105597.48,105258.97,SL,-1.2314,121.9113,1.0
2025-05-30 12:23:00+00:00,2025-05-30 12:28:00+00:00,short,105267.63,105498.8,SL,-1.2191,120.6922,1.0
2025-05-30 13:05:00+00:00,2025-05-30 13:13:00+00:00,long,105855.6,105595.75,SL,-1.2069,119.4852,1.0
2025-05-30 13:51:00+00:00,2025-05-30 14:23:00+00:00,short,105618.24,105180.01,TP,2.3897,121.8749,1.0
2025-05-30 14:48:00+00:00,2025-05-30 15:05:00+00:00,short,105314.27,105540.33,SL,-1.2187,120.6562,1.0
2025-05-30 15:17:00+00:00,2025-05-30 15:28:00+00:00,short,105492.97,105720.0,SL,-1.2066,119.4496,1.0
2025-05-30 15:44:00+00:00,2025-05-30 16:02:00+00:00,long,105702.81,105430.27,SL,-1.1945,118.2551,1.0
2025-05-30 16:50:00+00:00,2025-05-30 17:02:00+00:00,short,103826.4,104034.78,SL,-1.1826,117.0726,1.0
2025-05-30 17:25:00+00:00,2025-05-30 17:53:00+00:00,short,104037.58,104274.37,SL,-1.1707,115.9019,1.0
2025-05-30 17:59:00+00:00,2025-05-30 18:10:00+00:00,short,104183.15,104453.65,SL,-1.159,114.7428,1.0
2025-05-30 18:54:00+00:00,2025-05-30 19:41:00+00:00,long,104809.53,104585.37,SL,-1.1474,113.5954,1.0
2025-05-30 19:50:00+00:00,2025-05-30 20:03:00+00:00,long,104746.25,104523.8,SL,-1.136,112.4595,1.0
2025-05-30 20:26:00+00:00,2025-05-30 20:41:00+00:00,short,104408.29,104653.57,SL,-1.1246,111.3349,1.0
2025-05-30 21:05:00+00:00,2025-05-30 22:26:00+00:00,long,104724.22,104498.34,SL,-1.1133,110.2215,1.0
2025-05-30 22:58:00+00:00,2025-05-31 00:45:00+00:00,short,104040.42,104292.69,SL,-1.1022,109.1193,1.0
2025-05-31 00:49:00+00:00,2025-05-31 01:34:00+00:00,short,104097.57,103472.62,TP,2.1824,111.3017,1.0
2025-05-31 01:46:00+00:00,2025-05-31 02:53:00+00:00,short,103679.94,103165.99,TP,2.226,113.5277,1.0
2025-05-31 03:07:00+00:00,2025-05-31 03:15:00+00:00,short,103092.96,103319.06,SL,-1.1353,112.3924,1.0
2025-05-31 03:34:00+00:00,2025-05-31 03:44:00+00:00,short,103328.03,103545.12,SL,-1.1239,111.2685,1.0
2025-05-31 03:53:00+00:00,2025-05-31 04:25:00+00:00,short,103556.43,103799.25,SL,-1.1127,110.1558,1.0
2025-05-31 04:57:00+00:00,2025-05-31 05:57:00+00:00,long,103805.86,103574.44,SL,-1.1016,109.0543,1.0
2025-05-31 06:32:00+00:00,2025-05-31 06:43:00+00:00,short,103660.47,103886.77,SL,-1.0905,107.9637,1.0
2025-05-31 07:43:00+00:00,2025-05-31 12:45:00+00:00,short,103705.64,103919.96,SL,-1.0796,106.8841,1.0
2025-05-31 13:27:00+00:00,2025-05-31 15:00:00+00:00,long,104196.0,104619.89,TP,2.1377,109.0218,1.0
2025-05-31 15:09:00+00:00,2025-05-31 16:48:00+00:00,long,104618.78,104407.56,SL,-1.0902,107.9316,1.0
2025-05-31 16:53:00+00:00,2025-06-01 01:34:00+00:00,long,104516.99,104279.86,SL,-1.0793,106.8522,1.0
2025-06-01 01:53:00+00:00,2025-06-01 03:45:00+00:00,short,104112.43,104346.17,SL,-1.0685,105.7837,1.0
2025-06-01 04:17:00+00:00,2025-06-01 06:20:00+00:00,long,104469.22,104239.4,SL,-1.0578,104.7259,1.0
2025-06-01 06:47:00+00:00,2025-06-01 09:34:00+00:00,short,104285.72,103857.24,TP,2.0945,106.8204,1.0
2025-06-01 09:40:00+00:00,2025-06-01 11:35:00+00:00,short,103856.48,104100.0,SL,-1.0682,105.7522,1.0
2025-06-01 11:37:00+00:00,2025-06-01 13:16:00+00:00,short,104022.67,104323.05,SL,-1.0575,104.6947,1.0
2025-06-01 13:42:00+00:00,2025-06-01 14:46:00+00:00,long,104323.08,104773.58,TP,2.0939,106.7886,1.0
2025-06-01 15:04:00+00:00,2025-06-01 16:09:00+00:00,long,104652.16,105176.5,TP,2.1358,108.9243,1.0
2025-06-01 16:25:00+00:00,2025-06-01 16:58:00+00:00,long,105260.98,105009.43,SL,-1.0892,107.8351,1.0
2025-06-01 17:09:00+00:00,2025-06-01 18:03:00+00:00,long,105140.0,104881.68,SL,-1.0784,106.7567,1.0
2025-06-01 18:12:00+00:00,2025-06-01 18:23:00+00:00,long,104983.32,104760.0,SL,-1.0676,105.6892,1.0
2025-06-01 19:10:00+00:00,2025-06-01 19:30:00+00:00,short,104840.73,105052.53,SL,-1.0569,104.6323,1.0
2025-06-01 19:47:00+00:00,2025-06-01 20:53:00+00:00,long,105150.0,104937.32,SL,-1.0463,103.586,1.0
2025-06-01 21:57:00+00:00,2025-06-02 02:07:00+00:00,long,105481.1,105268.79,SL,-1.0359,102.5501,1.0
2025-06-02 02:19:00+00:00,2025-06-02 03:17:00+00:00,short,105192.59,104706.86,TP,2.051,104.6011,1.0
2025-06-02 03:49:00+00:00,2025-06-02 06:42:00+00:00,short,104905.61,105115.5,SL,-1.046,103.5551,1.0
2025-06-02 07:03:00+00:00,2025-06-02 08:27:00+00:00,long,105292.02,105864.71,TP,2.0711,105.6262,1.0
2025-06-02 09:43:00+00:00,2025-06-02 11:38:00+00:00,short,104645.9,104218.4,TP,2.1125,107.7387,1.0
2025-06-02 11:51:00+00:00,2025-06-02 12:42:00+00:00,short,104004.08,104270.73,SL,-1.0774,106.6613,1.0
2025-06-02 12:48:00+00:00,2025-06-02 13:37:00+00:00,short,104160.73,104390.19,SL,-1.0666,105.5947,1.0
2025-06-02 13:43:00+00:00,2025-06-02 14:00:00+00:00,short,104191.08,103688.68,TP,2.1119,107.7066,1.0
2025-06-02 15:03:00+00:00,2025-06-02 15:13:00+00:00,short,103983.51,104272.09,SL,-1.0771,106.6296,1.0
2025-06-02 15:42:00+00:00,2025-06-02 16:23:00+00:00,long,104421.72,104180.38,SL,-1.0663,105.5633,1.0
2025-06-02 16:50:00+00:00,2025-06-02 16:56:00+00:00,short,104089.42,104330.92,SL,-1.0556,104.5076,1.0
2025-06-02 17:07:00+00:00,2025-06-02 19:41:00+00:00,long,104298.69,104071.24,SL,-1.0451,103.4625,1.0
2025-06-02 20:57:00+00:00,2025-06-02 21:34:00+00:00,long,104857.14,104617.02,SL,-1.0346,102.4279,1.0
2025-06-02 21:39:00+00:00,2025-06-02 22:14:00+00:00,long,104791.93,105228.43,TP,2.0486,104.4765,1.0
2025-06-02 22:52:00+00:00,2025-06-03 00:14:00+00:00,long,105684.74,106150.0,TP,2.0895,106.566,1.0
2025-06-03 00:46:00+00:00,2025-06-03 02:17:00+00:00,long,106316.65,106094.58,SL,-1.0657,105.5003,1.0
2025-06-03 02:31:00+00:00,2025-06-03 02:46:00+00:00,long,106047.64,105833.27,SL,-1.055,104.4453,1.0
2025-06-03 03:07:00+00:00,2025-06-03 08:12:00+00:00,short,105473.1,105045.34,TP,2.0889,106.5343,1.0
2025-06-03 09:14:00+00:00,2025-06-03 12:15:00+00:00,short,105151.09,105392.47,SL,-1.0653,105.4689,1.0
2025-06-03 12:25:00+00:00,2025-06-03 13:32:00+00:00,long,105384.59,105149.39,SL,-1.0547,104.4142,1.0
2025-06-03 13:40:00+00:00,2025-06-03 14:30:00+00:00,long,105386.0,105907.39,TP,2.0883,106.5025,1.0
2025-06-03 14:41:00+00:00,2025-06-03 14:53:00+00:00,long,106077.51,106521.45,TP,2.1301,108.6326,1.0
2025-06-03 15:23:00+00:00,2025-06-03 15:49:00+00:00,long,106698.99,106454.6,SL,-1.0863,107.5462,1.0
2025-06-03 15:56:00+00:00,2025-06-03 16:08:00+00:00,long,106600.01,106361.46,SL,-1.0755,106.4708,1.0
2025-06-03 16:14:00+00:00,2025-06-03 16:43:00+00:00,long,106448.5,106168.33,SL,-1.0647,105.4061,1.0
2025-06-03 17:30:00+00:00,2025-06-03 19:17:00+00:00,short,105928.0,106209.83,SL,-1.0541,104.352,1.0
2025-06-03 19:33:00+00:00,2025-06-03 19:51:00+00:00,long,106382.87,106169.81,SL,-1.0435,103.3085,1.0
2025-06-03 20:01:00+00:00,2025-06-03 20:06:00+00:00,long,106245.84,106021.88,SL,-1.0331,102.2754,1.0
2025-06-03 20:53:00+00:00,2025-06-03 21:57:00+00:00,short,105748.13,105284.99,TP,2.0455,104.3209,1.0
2025-06-03 23:16:00+00:00,2025-06-04 00:40:00+00:00,short,105635.27,105136.08,TP,2.0864,106.4073,1.0
2025-06-04 01:25:00+00:00,2025-06-04 01:46:00+00:00,long,105709.97,105492.19,SL,-1.0641,105.3432,1.0
2025-06-04 01:54:00+00:00,2025-06-04 05:35:00+00:00,long,105569.06,105353.88,SL,-1.0534,104.2898,1.0
2025-06-04 05:43:00+00:00,2025-06-04 09:42:00+00:00,short,105345.21,105596.29,SL,-1.0429,103.2469,1.0
2025-06-04 10:14:00+00:00,2025-06-04 10:29:00+00:00,long,105953.05,105734.34,SL,-1.0325,102.2144,1.0
2025-06-04 10:43:00+00:00,2025-06-04 11:25:00+00:00,long,105716.95,105450.19,SL,-1.0221,101.1923,1.0
2025-06-04 11:56:00+00:00,2025-06-04 14:00:00+00:00,short,105116.71,104543.04,TP,2.0238,103.2161,1.0
2025-06-04 14:37:00+00:00,2025-06-04 14:48:00+00:00,short,104633.61,104875.85,SL,-1.0322,102.184,1.0
2025-06-04 15:16:00+00:00,2025-06-04 17:50:00+00:00,long,105272.53,105015.86,SL,-1.0218,101.1621,1.0
2025-06-04 18:12:00+00:00,2025-06-04 20:16:00+00:00,short,105116.27,104620.01,TP,2.0232,103.1854,1.0
2025-06-04 20:50:00+00:00,2025-06-04 21:34:00+00:00,short,104639.41,104859.5,SL,-1.0319,102.1535,1.0
2025-06-04 21:47:00+00:00,2025-06-04 22:50:00+00:00,long,104969.2,104744.18,SL,-1.0215,101.132,1.0
2025-06-04 23:03:00+00:00,2025-06-05 00:36:00+00:00,short,104714.31,104930.22,SL,-1.0113,100.1207,1.0
2025-06-05 00:57:00+00:00,2025-06-05 01:50:00+00:00,long,104943.39,104697.85,SL,-1.0012,99.1195,1.0
2025-06-05 02:21:00+00:00,2025-06-05 02:33:00+00:00,short,104840.72,105117.18,SL,-0.9912,98.1283,1.0
2025-06-05 03:11:00+00:00,2025-06-05 05:35:00+00:00,long,105035.2,104787.93,SL,-0.9813,97.147,1.0
2025-06-05 05:53:00+00:00,2025-06-05 09:45:00+00:00,short,104613.2,104864.65,SL,-0.9715,96.1755,1.0
2025-06-05 10:38:00+00:00,2025-06-05 11:31:00+00:00,short,104591.48,104835.99,SL,-0.9618,95.2138,1.0
2025-06-05 12:07:00+00:00,2025-06-05 12:21:00+00:00,long,104910.73,105348.01,TP,1.9043,97.118,1.0
2025-06-05 12:50:00+00:00,2025-06-05 13:39:00+00:00,long,105639.99,105369.73,SL,-0.9712,96.1469,1.0
2025-06-05 14:52:00+00:00,2025-06-05 15:24:00+00:00,short,104479.09,104714.28,SL,-0.9615,95.1854,1.0
2025-06-05 15:35:00+00:00,2025-06-05 16:16:00+00:00,short,104707.54,104269.27,TP,1.9037,97.0891,1.0
2025-06-05 16:31:00+00:00,2025-06-05 16:53:00+00:00,short,103941.97,103500.02,TP,1.9418,99.0309,1.0
2025-06-05 17:25:00+00:00,2025-06-05 18:13:00+00:00,short,103345.12,102770.66,TP,1.9806,101.0115,1.0
2025-06-05 18:39:00+00:00,2025-06-05 19:13:00+00:00,short,103177.23,102715.55,TP,2.0202,103.0317,1.0
2025-06-05 19:45:00+00:00,2025-06-05 20:10:00+00:00,short,102161.61,101699.99,TP,2.0606,105.0924,1.0
2025-06-05 20:35:00+00:00,2025-06-05 20:54:00+00:00,short,101129.51,100679.38,TP,2.1018,107.1942,1.0
2025-06-05 21:13:00+00:00,2025-06-05 21:20:00+00:00,short,100623.98,100854.31,SL,-1.0719,106.1223,1.0
2025-06-05 21:46:00+00:00,2025-06-05 22:48:00+00:00,short,101434.35,101646.24,SL,-1.0612,105.0611,1.0
2025-06-05 22:53:00+00:00,2025-06-05 23:23:00+00:00,short,101569.92,101779.62,SL,-1.0506,104.0104,1.0
2025-06-05 23:58:00+00:00,2025-06-06 00:39:00+00:00,short,101498.54,101732.25,SL,-1.0401,102.9703,1.0
2025-06-06 00:52:00+00:00,2025-06-06 01:52:00+00:00,long,101885.84,101681.78,SL,-1.0297,101.9406,1.0
2025-06-06 01:58:00+00:00,2025-06-06 02:16:00+00:00,long,101844.92,101581.4,SL,-1.0194,100.9212,1.0
2025-06-06 03:17:00+00:00,2025-06-06 04:35:00+00:00,long,102218.6,102633.05,TP,2.0184,102.9397,1.0
2025-06-06 05:08:00+00:00,2025-06-06 07:25:00+00:00,long,102851.02,103374.97,TP,2.0588,104.9984,1.0
2025-06-06 07:49:00+00:00,2025-06-06 08:45:00+00:00,long,103118.52,103531.59,TP,2.1,107.0984,1.0
2025-06-06 09:15:00+00:00,2025-06-06 12:30:00+00:00,long,103616.69,104190.71,TP,2.142,109.2404,1.0
2025-06-06 12:48:00+00:00,2025-06-06 13:40:00+00:00,long,103908.12,104356.67,TP,2.1848,111.4252,1.0
2025-06-06 14:08:00+00:00,2025-06-06 14:40:00+00:00,long,104246.7,104758.99,TP,2.2285,113.6537,1.0
2025-06-06 15:06:00+00:00,2025-06-06 15:09:00+00:00,long,104921.88,104684.31,SL,-1.1365,112.5172,1.0
2025-06-06 15:14:00+00:00,2025-06-06 15:20:00+00:00,long,105166.78,104937.08,SL,-1.1252,111.392,1.0
2025-06-06 15:46:00+00:00,2025-06-06 16:23:00+00:00,long,104811.4,105258.36,TP,2.2278,113.6198,1.0
2025-06-06 16:48:00+00:00,2025-06-06 16:55:00+00:00,long,105045.46,104730.35,SL,-1.1362,112.4836,1.0
2025-06-06 17:27:00+00:00,2025-06-06 17:54:00+00:00,short,104496.68,104725.31,SL,-1.1248,111.3588,1.0
2025-06-06 18:48:00+00:00,2025-06-06 19:48:00+00:00,short,104604.94,104148.87,TP,2.2272,113.586,1.0
2025-06-06 20:26:00+00:00,2025-06-07 00:16:00+00:00,short,104395.35,103906.39,TP,2.2717,115.8577,1.0
2025-06-07 01:42:00+00:00,2025-06-07 03:47:00+00:00,long,104440.83,104866.17,TP,2.3172,118.1748,1.0
2025-06-07 04:24:00+00:00,2025-06-07 06:49:00+00:00,long,104767.16,105199.99,TP,2.3635,120.5383,1.0
2025-06-07 07:22:00+00:00,2025-06-07 08:10:00+00:00,long,105065.35,104846.55,SL,-1.2054,119.333,1.0
2025-06-07 08:11:00+00:00,2025-06-07 10:16:00+00:00,short,104843.18,105061.53,SL,-1.1933,118.1396,1.0
2025-06-07 10:53:00+00:00,2025-06-07 12:42:00+00:00,long,105190.15,105642.46,TP,2.3628,120.5024,1.0
2025-06-07 13:12:00+00:00,2025-06-07 20:14:00+00:00,long,105441.73,105870.06,TP,2.41,122.9125,1.0
2025-06-07 20:49:00+00:00,2025-06-07 23:24:00+00:00,long,105869.99,105651.26,SL,-1.2291,121.6833,1.0
2025-06-07 23:31:00+00:00,2025-06-08 09:27:00+00:00,short,105627.66,105179.7,TP,2.4337,124.117,1.0
2025-06-08 10:00:00+00:00,2025-06-08 10:40:00+00:00,short,105131.23,105366.87,SL,-1.2412,122.8758,1.0
2025-06-08 11:03:00+00:00,2025-06-08 13:48:00+00:00,long,105531.98,106006.59,TP,2.4575,125.3334,1.0
2025-06-08 14:08:00+00:00,2025-06-08 16:11:00+00:00,long,105719.95,106186.05,TP,2.5067,127.84,1.0
2025-06-08 16:36:00+00:00,2025-06-08 22:13:00+00:00,long,106196.13,105942.48,SL,-1.2784,126.5616,1.0
2025-06-08 22:27:00+00:00,2025-06-09 01:55:00+00:00,short,105902.13,105458.93,TP,2.5312,129.0929,1.0
2025-06-09 02:24:00+00:00,2025-06-09 08:54:00+00:00,short,105685.02,105898.98,SL,-1.2909,127.8019,1.0
2025-06-09 09:26:00+00:00,2025-06-09 09:42:00+00:00,long,106012.49,106490.68,TP,2.556,130.358,1.0
2025-06-09 10:12:00+00:00,2025-06-09 10:15:00+00:00,long,106808.11,107345.68,TP,2.6072,132.9651,1.0
2025-06-09 10:45:00+00:00,2025-06-09 11:37:00+00:00,long,107250.75,107679.99,TP,2.6593,135.6244,1.0
2025-06-09 11:58:00+00:00,2025-06-09 13:29:00+00:00,long,107725.85,107489.8,SL,-1.3562,134.2682,1.0
2025-06-09 13:33:00+00:00,2025-06-09 13:36:00+00:00,long,107687.61,107471.08,SL,-1.3427,132.9255,1.0
2025-06-09 15:05:00+00:00,2025-06-09 17:14:00+00:00,long,107710.62,108275.37,TP,2.6585,135.584,1.0
2025-06-09 17:49:00+00:00,2025-06-09 21:04:00+00:00,long,108381.34,108833.2,TP,2.7117,138.2957,1.0
2025-06-09 21:26:00+00:00,2025-06-09 21:29:00+00:00,long,109887.99,110471.04,TP,2.7659,141.0616,1.0
2025-06-09 22:00:00+00:00,2025-06-09 22:07:00+00:00,long,110112.45,109851.66,SL,-1.4106,139.651,1.0
2025-06-09 22:18:00+00:00,2025-06-10 01:01:00+00:00,long,110077.0,109850.0,SL,-1.3965,138.2545,1.0
2025-06-10 01:12:00+00:00,2025-06-10 05:31:00+00:00,short,109779.27,109321.65,TP,2.7651,141.0196,1.0
2025-06-10 05:53:00+00:00,2025-06-10 06:36:00+00:00,short,109264.0,109496.0,SL,-1.4102,139.6094,1.0
2025-06-10 06:48:00+00:00,2025-06-10 07:06:00+00:00,long,109619.99,109388.89,SL,-1.3961,138.2133,1.0
2025-06-10 07:33:00+00:00,2025-06-10 10:16:00+00:00,short,109311.0,109537.19,SL,-1.3821,136.8311,1.0
2025-06-10 11:08:00+00:00,2025-06-10 11:11:00+00:00,short,109226.19,109478.52,SL,-1.3683,135.4628,1.0
2025-06-10 11:28:00+00:00,2025-06-10 12:06:00+00:00,long,109707.56,109488.03,SL,-1.3546,134.1082,1.0
2025-06-10 12:16:00+00:00,2025-06-10 13:41:00+00:00,long,109571.43,109267.19,SL,-1.3411,132.7671,1.0
2025-06-10 14:08:00+00:00,2025-06-10 14:45:00+00:00,short,108983.69,108486.01,TP,2.6553,135.4225,1.0
2025-06-10 15:23:00+00:00,2025-06-10 15:33:00+00:00,short,109021.73,108376.28,TP,2.7085,138.1309,1.0
2025-06-10 16:36:00+00:00,2025-06-10 18:47:00+00:00,short,108903.53,109125.0,SL,-1.3813,136.7496,1.0
2025-06-10 19:20:00+00:00,2025-06-10 19:33:00+00:00,long,109687.32,110261.89,TP,2.735,139.4846,1.0
2025-06-10 20:08:00+00:00,2025-06-10 20:52:00+00:00,long,109366.15,109828.94,TP,2.7897,142.2743,1.0
2025-06-10 21:27:00+00:00,2025-06-10 23:50:00+00:00,long,109769.55,110213.85,TP,2.8455,145.1198,1.0
2025-06-11 01:21:00+00:00,2025-06-11 02:09:00+00:00,short,109630.52,109858.22,SL,-1.4512,143.6686,1.0
2025-06-11 02:17:00+00:00,2025-06-11 09:53:00+00:00,short,109688.95,109244.08,TP,2.8734,146.5419,1.0
2025-06-11 10:24:00+00:00,2025-06-11 12:30:00+00:00,short,109252.0,109784.01,SL,-1.4654,145.0765,1.0
2025-06-11 12:41:00+00:00,2025-06-11 13:32:00+00:00,long,109727.12,109427.01,SL,-1.4508,143.6258,1.0
2025-06-11 13:38:00+00:00,2025-06-11 13:45:00+00:00,long,109823.32,109536.26,SL,-1.4363,142.1895,1.0
2025-06-11 13:51:00+00:00,2025-06-11 14:19:00+00:00,long,109764.62,110270.49,TP,2.8438,145.0333,1.0
2025-06-11 15:01:00+00:00,2025-06-11 15:13:00+00:00,long,109975.67,109755.39,SL,-1.4503,143.583,1.0
2025-06-11 15:22:00+00:00,2025-06-11 16:07:00+00:00,long,109791.05,109548.15,SL,-1.4358,142.1471,1.0
2025-06-11 16:36:00+00:00,2025-06-11 17:24:00+00:00,short,109503.94,109726.7,SL,-1.4215,140.7257,1.0
2025-06-11 17:59:00+00:00,2025-06-11 18:17:00+00:00,short,108984.72,108543.27,TP,2.8145,143.5402,1.0
2025-06-11 18:56:00+00:00,2025-06-11 19:25:00+00:00,short,108726.49,108949.85,SL,-1.4354,142.1048,1.0
2025-06-11 19:32:00+00:00,2025-06-11 21:11:00+00:00,short,108795.32,109135.65,SL,-1.421,140.6837,1.0
2025-06-11 21:57:00+00:00,2025-06-11 23:36:00+00:00,short,108412.0,108642.01,SL,-1.4068,139.2769,1.0
2025-06-11 23:37:00+00:00,2025-06-12 00:34:00+00:00,long,108660.74,108435.68,SL,-1.3928,137.8841,1.0
2025-06-12 01:12:00+00:00,2025-06-12 01:23:00+00:00,long,108653.08,108409.95,SL,-1.3788,136.5053,1.0
2025-06-12 01:48:00+00:00,2025-06-12 02:01:00+00:00,short,108304.71,108527.75,SL,-1.3651,135.1402,1.0
2025-06-12 02:39:00+00:00,2025-06-12 03:01:00+00:00,long,108604.81,108379.74,SL,-1.3514,133.7888,1.0
2025-06-12 03:14:00+00:00,2025-06-12 03:20:00+00:00,short,108330.0,107870.0,TP,2.6758,136.4646,1.0
2025-06-12 03:53:00+00:00,2025-06-12 04:23:00+00:00,short,107859.05,107425.22,TP,2.7293,139.1939,1.0
2025-06-12 05:02:00+00:00,2025-06-12 05:24:00+00:00,short,107677.27,107922.42,SL,-1.3919,137.802,1.0
2025-06-12 05:31:00+00:00,2025-06-12 10:11:00+00:00,short,107812.59,107379.35,TP,2.756,140.558,1.0
2025-06-12 10:16:00+00:00,2025-06-12 12:13:00+00:00,short,107314.33,106880.0,TP,2.8112,143.3692,1.0
2025-06-12 13:16:00+00:00,2025-06-12 13:32:00+00:00,short,107042.02,106600.01,TP,2.8674,146.2365,1.0
2025-06-12 13:55:00+00:00,2025-06-12 14:01:00+00:00,short,106918.55,107152.78,SL,-1.4624,144.7742,1.0
2025-06-12 14:37:00+00:00,2025-06-12 15:22:00+00:00,long,107716.52,107491.95,SL,-1.4477,143.3264,1.0
2025-06-12 15:35:00+00:00,2025-06-12 15:47:00+00:00,long,107390.25,107172.3,SL,-1.4333,141.8932,1.0
2025-06-12 16:56:00+00:00,2025-06-12 17:26:00+00:00,long,107697.59,108226.64,TP,2.8379,144.731,1.0
2025-06-12 17:34:00+00:00,2025-06-12 18:09:00+00:00,long,108290.0,108058.64,SL,-1.4473,143.2837,1.0
2025-06-12 18:33:00+00:00,2025-06-12 18:42:00+00:00,long,107949.66,107720.03,SL,-1.4328,141.8509,1.0
2025-06-12 18:43:00+00:00,2025-06-12 19:17:00+00:00,short,107606.25,107864.02,SL,-1.4185,140.4324,1.0
2025-06-12 19:25:00+00:00,2025-06-12 19:48:00+00:00,short,107686.05,107213.32,TP,2.8086,143.241,1.0
2025-06-12 20:15:00+00:00,2025-06-12 20:16:00+00:00,short,106546.29,106802.61,SL,-1.4324,141.8086,1.0
2025-06-12 20:37:00+00:00,2025-06-12 20:41:00+00:00,short,106694.56,106196.98,TP,2.8362,144.6448,1.0
2025-06-12 21:35:00+00:00,2025-06-12 22:19:00+00:00,short,106247.08,105780.01,TP,2.8929,147.5377,1.0
2025-06-12 22:30:00+00:00,2025-06-12 23:02:00+00:00,short,105790.15,106080.0,SL,-1.4754,146.0623,1.0
2025-06-12 23:14:00+00:00,2025-06-12 23:23:00+00:00,short,105811.57,106098.64,SL,-1.4606,144.6017,1.0
2025-06-12 23:31:00+00:00,2025-06-13 00:01:00+00:00,short,105999.99,105252.38,TP,2.892,147.4937,1.0
2025-06-13 00:25:00+00:00,2025-06-13 00:26:00+00:00,short,103788.64,104012.82,SL,-1.4749,146.0188,1.0
2025-06-13 00:27:00+00:00,2025-06-13 00:33:00+00:00,short,103838.41,103398.01,TP,2.9204,148.9392,1.0
2025-06-13 01:01:00+00:00,2025-06-13 01:10:00+00:00,short,103392.28,102799.99,TP,2.9788,151.9179,1.0
2025-06-13 01:32:00+00:00,2025-06-13 01:33:00+00:00,short,103068.3,103284.82,SL,-1.5192,150.3988,1.0
2025-06-13 01:34:00+00:00,2025-06-13 01:37:00+00:00,short,103100.02,103334.01,SL,-1.504,148.8948,1.0
2025-06-13 01:40:00+00:00,2025-06-13 01:43:00+00:00,short,103030.2,103296.55,SL,-1.4889,147.4058,1.0
2025-06-13 02:00:00+00:00,2025-06-13 02:42:00+00:00,short,103737.15,103285.72,TP,2.9481,150.3539,1.0
2025-06-13 03:54:00+00:00,2025-06-13 04:00:00+00:00,long,104480.74,104255.39,SL,-1.5035,148.8504,1.0
2025-06-13 05:24:00+00:00,2025-06-13 05:33:00+00:00,long,104446.88,104198.23,SL,-1.4885,147.3619,1.0
2025-06-13 05:43:00+00:00,2025-06-13 05:58:00+00:00,long,104234.74,104005.28,SL,-1.4736,145.8883,1.0
2025-06-13 06:06:00+00:00,2025-06-13 06:49:00+00:00,short,104007.8,104230.22,SL,-1.4589,144.4294,1.0
2025-06-13 07:25:00+00:00,2025-06-13 08:10:00+00:00,long,104679.5,105134.0,TP,2.8886,147.318,1.0
2025-06-13 09:06:00+00:00,2025-06-13 09:25:00+00:00,long,104752.2,104500.0,SL,-1.4732,145.8448,1.0
2025-06-13 09:37:00+00:00,2025-06-13 09:55:00+00:00,short,104599.0,104837.56,SL,-1.4584,144.3864,1.0
2025-06-13 10:03:00+00:00,2025-06-13 10:58:00+00:00,short,104670.23,104911.86,SL,-1.4439,142.9425,1.0
2025-06-13 11:32:00+00:00,2025-06-13 12:16:00+00:00,long,104821.66,105256.04,TP,2.8588,145.8013,1.0
2025-06-13 12:32:00+00:00,2025-06-13 12:39:00+00:00,long,105180.0,104962.24,SL,-1.458,144.3433,1.0
2025-06-13 13:06:00+00:00,2025-06-13 13:36:00+00:00,short,104797.05,105090.43,SL,-1.4434,142.8999,1.0
2025-06-13 14:20:00+00:00,2025-06-13 14:39:00+00:00,short,104336.69,104574.63,SL,-1.429,141.4709,1.0
2025-06-13 15:07:00+00:00,2025-06-13 15:20:00+00:00,long,105163.99,105595.96,TP,2.8294,144.3003,1.0
2025-06-13 16:06:00+00:00,2025-06-13 16:18:00+00:00,long,105522.57,105949.48,TP,2.886,147.1863,1.0
2025-06-13 16:53:00+00:00,2025-06-13 17:15:00+00:00,long,105567.46,105289.56,SL,-1.4719,145.7145,1.0
2025-06-13 17:26:00+00:00,2025-06-13 17:58:00+00:00,short,105146.0,105418.74,SL,-1.4571,144.2573,1.0
2025-06-13 18:05:00+00:00,2025-06-13 18:33:00+00:00,short,105211.29,104765.54,TP,2.8851,147.1425,1.0
2025-06-13 19:02:00+00:00,2025-06-13 19:09:00+00:00,short,105032.27,105253.06,SL,-1.4714,145.671,1.0
2025-06-13 19:20:00+00:00,2025-06-13 19:23:00+00:00,long,105387.05,105157.29,SL,-1.4567,144.2143,1.0
2025-06-13 19:36:00+00:00,2025-06-13 21:27:00+00:00,long,105167.99,105639.99,TP,2.8843,147.0986,1.0
2025-06-13 21:40:00+00:00,2025-06-13 23:45:00+00:00,long,105637.77,106140.57,TP,2.942,150.0406,1.0
2025-06-14 00:22:00+00:00,2025-06-14 00:26:00+00:00,long,106042.6,105773.44,SL,-1.5004,148.5402,1.0
2025-06-14 00:35:00+00:00,2025-06-14 01:04:00+00:00,long,105853.5,105566.81,SL,-1.4854,147.0548,1.0
2025-06-14 01:55:00+00:00,2025-06-14 07:06:00+00:00,short,105440.0,105000.01,TP,2.9411,149.9959,1.0
2025-06-14 07:19:00+00:00,2025-06-14 07:37:00+00:00,short,104881.24,105093.07,SL,-1.5,148.4959,1.0
2025-06-14 07:49:00+00:00,2025-06-14 15:43:00+00:00,short,105095.99,104658.83,TP,2.9699,151.4658,1.0
2025-06-14 16:09:00+00:00,2025-06-14 19:08:00+00:00,short,104757.43,105045.77,SL,-1.5147,149.9512,1.0
2025-06-14 19:12:00+00:00,2025-06-14 19:50:00+00:00,long,104997.38,104727.72,SL,-1.4995,148.4517,1.0
2025-06-14 21:07:00+00:00,2025-06-14 21:54:00+00:00,long,104945.89,105371.34,TP,2.969,151.4207,1.0
2025-06-14 22:02:00+00:00,2025-06-15 05:45:00+00:00,long,105463.65,105957.0,TP,3.0284,154.4491,1.0
2025-06-15 05:59:00+00:00,2025-06-15 06:09:00+00:00,long,106073.94,105823.32,SL,-1.5445,152.9046,1.0
2025-06-15 07:07:00+00:00,2025-06-15 09:11:00+00:00,short,105380.0,104956.01,TP,3.0581,155.9627,1.0
2025-06-15 09:50:00+00:00,2025-06-15 10:12:00+00:00,short,104905.0,105129.89,SL,-1.5596,154.4031,1.0
2025-06-15 10:20:00+00:00,2025-06-15 12:53:00+00:00,short,105052.9,105273.15,SL,-1.544,152.859,1.0
2025-06-15 13:08:00+00:00,2025-06-15 19:41:00+00:00,long,105395.99,105082.98,SL,-1.5286,151.3305,1.0
2025-06-15 20:07:00+00:00,2025-06-15 20:48:00+00:00,short,105110.6,104667.2,TP,3.0266,154.3571,1.0
2025-06-15 21:07:00+00:00,2025-06-15 21:24:00+00:00,short,104560.27,104778.38,SL,-1.5436,152.8135,1.0
2025-06-15 21:35:00+00:00,2025-06-15 21:53:00+00:00,short,104582.2,104804.82,SL,-1.5281,151.2854,1.0
2025-06-15 22:26:00+00:00,2025-06-15 22:42:00+00:00,long,105285.7,105055.71,SL,-1.5129,149.7725,1.0
2025-06-15 22:46:00+00:00,2025-06-16 00:27:00+00:00,long,105301.99,105769.84,TP,2.9954,152.768,1.0
2025-06-16 00:35:00+00:00,2025-06-16 01:07:00+00:00,long,105506.0,105210.24,SL,-1.5277,151.2403,1.0
2025-06-16 02:40:00+00:00,2025-06-16 04:21:00+00:00,long,105788.08,106241.15,TP,3.0248,154.2651,1.0
2025-06-16 04:58:00+00:00,2025-06-16 07:29:00+00:00,long,106373.78,106862.03,TP,3.0853,157.3504,1.0
2025-06-16 08:32:00+00:00,2025-06-16 10:48:00+00:00,long,107035.21,106779.98,SL,-1.5735,155.7769,1.0
2025-06-16 11:17:00+00:00,2025-06-16 11:38:00+00:00,short,106665.54,106919.01,SL,-1.5578,154.2191,1.0
2025-06-16 11:51:00+00:00,2025-06-16 13:57:00+00:00,short,106867.87,107099.99,SL,-1.5422,152.6769,1.0
2025-06-16 14:19:00+00:00,2025-06-16 14:34:00+00:00,long,107219.99,107753.11,TP,3.0535,155.7305,1.0
2025-06-16 15:41:00+00:00,2025-06-16 17:31:00+00:00,long,107541.01,107987.99,TP,3.1146,158.8451,1.0
2025-06-16 18:02:00+00:00,2025-06-16 18:59:00+00:00,long,107793.39,108255.96,TP,3.1769,162.022,1.0
2025-06-16 19:51:00+00:00,2025-06-16 22:37:00+00:00,long,108541.63,108212.0,SL,-1.6202,160.4018,1.0
2025-06-16 23:21:00+00:00,2025-06-16 23:35:00+00:00,short,107682.0,107241.04,TP,3.208,163.6098,1.0
2025-06-17 00:44:00+00:00,2025-06-17 00:49:00+00:00,short,106739.99,106988.88,SL,-1.6361,161.9737,1.0
2025-06-17 01:02:00+00:00,2025-06-17 02:29:00+00:00,short,107154.29,106701.79,TP,3.2395,165.2132,1.0
2025-06-17 03:08:00+00:00,2025-06-17 03:29:00+00:00,long,107641.93,107405.38,SL,-1.6521,163.561,1.0
2025-06-17 03:36:00+00:00,2025-06-17 04:38:00+00:00,long,107590.5,107354.0,SL,-1.6356,161.9254,1.0
2025-06-17 04:58:00+00:00,2025-06-17 06:45:00+00:00,short,107333.64,106859.99,TP,3.2385,165.1639,1.0
2025-06-17 06:46:00+00:00,2025-06-17 09:08:00+00:00,short,106846.15,106413.99,TP,3.3033,168.4672,1.0
2025-06-17 09:30:00+00:00,2025-06-17 10:34:00+00:00,short,106396.89,105961.86,TP,3.3693,171.8366,1.0
2025-06-17 11:04:00+00:00,2025-06-17 13:44:00+00:00,short,105763.71,105317.85,TP,3.4367,175.2733,1.0
2025-06-17 14:04:00+00:00,2025-06-17 14:08:00+00:00,short,105211.51,105437.3,SL,-1.7527,173.5205,1.0
2025-06-17 14:20:00+00:00,2025-06-17 14:57:00+00:00,short,105399.3,104890.94,TP,3.4704,176.991,1.0
2025-06-17 15:15:00+00:00,2025-06-17 16:30:00+00:00,short,104583.01,104151.14,TP,3.5398,180.5308,1.0
2025-06-17 16:44:00+00:00,2025-06-17 16:52:00+00:00,short,104128.25,103651.92,TP,3.6106,184.1414,1.0
2025-06-17 17:05:00+00:00,2025-06-17 17:08:00+00:00,short,103404.21,103634.05,SL,-1.8414,182.3,1.0
2025-06-17 17:39:00+00:00,2025-06-17 18:51:00+00:00,short,103937.39,104198.45,SL,-1.823,180.477,1.0
2025-06-17 19:15:00+00:00,2025-06-17 19:59:00+00:00,long,104946.27,104686.12,SL,-1.8048,178.6722,1.0
2025-06-17 20:38:00+00:00,2025-06-17 21:30:00+00:00,short,104441.64,104660.03,SL,-1.7867,176.8855,1.0
2025-06-17 22:06:00+00:00,2025-06-17 22:57:00+00:00,long,104565.23,104288.33,SL,-1.7689,175.1166,1.0
2025-06-18 00:07:00+00:00,2025-06-18 00:29:00+00:00,long,104631.01,104417.53,SL,-1.7512,173.3655,1.0
2025-06-18 00:35:00+00:00,2025-06-18 01:16:00+00:00,long,104636.8,105089.12,TP,3.4673,176.8328,1.0
2025-06-18 01:17:00+00:00,2025-06-18 01:29:00+00:00,long,105064.81,104811.0,SL,-1.7683,175.0645,1.0
2025-06-18 01:54:00+00:00,2025-06-18 03:35:00+00:00,long,104757.66,105178.65,TP,3.5013,178.5657,1.0
2025-06-18 04:08:00+00:00,2025-06-18 06:46:00+00:00,long,105235.0,104989.11,SL,-1.7857,176.7801,1.0
2025-06-18 07:07:00+00:00,2025-06-18 08:01:00+00:00,short,104806.91,105037.07,SL,-1.7678,175.0123,1.0
2025-06-18 09:11:00+00:00,2025-06-18 09:47:00+00:00,short,105026.2,104575.61,TP,3.5002,178.5125,1.0
2025-06-18 10:04:00+00:00,2025-06-18 11:53:00+00:00,short,104602.07,104836.98,SL,-1.7851,176.7274,1.0
2025-06-18 13:02:00+00:00,2025-06-18 13:17:00+00:00,short,104434.03,103976.04,TP,3.5345,180.262,1.0
2025-06-18 13:48:00+00:00,2025-06-18 13:53:00+00:00,short,104000.0,104280.01,SL,-1.8026,178.4593,1.0
2025-06-18 14:20:00+00:00,2025-06-18 14:35:00+00:00,long,105199.99,104984.04,SL,-1.7846,176.6747,1.0
2025-06-18 15:02:00+00:00,2025-06-18 15:11:00+00:00,long,104682.41,104371.41,SL,-1.7667,174.908,1.0
2025-06-18 16:48:00+00:00,2025-06-18 17:31:00+00:00,short,104380.0,103914.19,TP,3.4982,178.4062,1.0
2025-06-18 18:02:00+00:00,2025-06-18 18:14:00+00:00,short,104103.16,104347.51,SL,-1.7841,176.6221,1.0
2025-06-18 18:21:00+00:00,2025-06-18 18:32:00+00:00,short,104162.05,104486.01,SL,-1.7662,174.8559,1.0
2025-06-18 19:25:00+00:00,2025-06-18 19:41:00+00:00,short,104029.25,104255.33,SL,-1.7486,173.1073,1.0
2025-06-18 19:49:00+00:00,2025-06-18 20:32:00+00:00,short,104078.0,104305.79,SL,-1.7311,171.3762,1.0
2025-06-18 21:20:00+00:00,2025-06-18 21:54:00+00:00,long,104613.9,105045.77,TP,3.4275,174.8038,1.0
2025-06-18 22:24:00+00:00,2025-06-18 22:58:00+00:00,long,105009.44,104795.21,SL,-1.748,173.0557,1.0
2025-06-18 23:03:00+00:00,2025-06-18 23:44:00+00:00,long,104879.99,104649.09,SL,-1.7306,171.3252,1.0
2025-06-19 00:22:00+00:00,2025-06-19 01:04:00+00:00,long,104874.47,104583.92,SL,-1.7133,169.6119,1.0
2025-06-19 01:35:00+00:00,2025-06-19 02:38:00+00:00,short,104627.69,104886.71,SL,-1.6961,167.9158,1.0
2025-06-19 03:05:00+00:00,2025-06-19 06:27:00+00:00,long,104871.7,104630.89,SL,-1.6792,166.2366,1.0
2025-06-19 06:54:00+00:00,2025-06-19 08:10:00+00:00,short,104700.0,104919.37,SL,-1.6624,164.5743,1.0
2025-06-19 08:43:00+00:00,2025-06-19 12:07:00+00:00,long,104923.99,104704.55,SL,-1.6457,162.9285,1.0
2025-06-19 12:25:00+00:00,2025-06-19 13:47:00+00:00,short,104845.32,104412.23,TP,3.2586,166.1871,1.0
2025-06-19 14:31:00+00:00,2025-06-19 15:58:00+00:00,short,104526.65,104078.01,TP,3.3237,169.5108,1.0
2025-06-19 16:25:00+00:00,2025-06-19 17:36:00+00:00,short,104354.17,104573.06,SL,-1.6951,167.8157,1.0
2025-06-19 18:10:00+00:00,2025-06-19 18:33:00+00:00,long,104667.31,104446.02,SL,-1.6782,166.1376,1.0
2025-06-19 19:08:00+00:00,2025-06-19 22:06:00+00:00,short,104290.21,104529.63,SL,-1.6614,164.4762,1.0
2025-06-19 22:16:00+00:00,2025-06-20 04:42:00+00:00,long,104592.86,104333.44,SL,-1.6448,162.8314,1.0
2025-06-20 05:23:00+00:00,2025-06-20 05:52:00+00:00,short,104315.99,104574.69,SL,-1.6283,161.2031,1.0
2025-06-20 06:25:00+00:00,2025-06-20 07:22:00+00:00,long,104723.99,105196.12,TP,3.2241,164.4272,1.0
2025-06-20 07:52:00+00:00,2025-06-20 08:07:00+00:00,long,105643.67,106112.02,TP,3.2885,167.7157,1.0
2025-06-20 09:03:00+00:00,2025-06-20 09:07:00+00:00,long,106078.84,105808.0,SL,-1.6772,166.0386,1.0
2025-06-20 09:12:00+00:00,2025-06-20 13:47:00+00:00,long,105956.99,105710.98,SL,-1.6604,164.3782,1.0
2025-06-20 14:10:00+00:00,2025-06-20 14:42:00+00:00,short,105515.46,104868.71,TP,3.2876,167.6657,1.0
2025-06-20 15:33:00+00:00,2025-06-20 15:37:00+00:00,short,104167.54,104426.82,SL,-1.6767,165.9891,1.0
2025-06-20 15:51:00+00:00,2025-06-20 16:40:00+00:00,short,104345.0,103905.08,TP,3.3198,169.3089,1.0
2025-06-20 17:05:00+00:00,2025-06-20 17:19:00+00:00,short,103571.42,103146.86,TP,3.3862,172.6951,1.0
2025-06-20 17:36:00+00:00,2025-06-20 17:42:00+00:00,short,102589.57,102867.75,SL,-1.727,170.9681,1.0
2025-06-20 18:13:00+00:00,2025-06-20 18:19:00+00:00,short,103151.01,103422.62,SL,-1.7097,169.2584,1.0
2025-06-20 18:21:00+00:00,2025-06-20 19:55:00+00:00,short,103250.59,103469.87,SL,-1.6926,167.5658,1.0
2025-06-20 20:00:00+00:00,2025-06-20 20:06:00+00:00,short,103359.01,103603.99,SL,-1.6757,165.8902,1.0
2025-06-20 20:30:00+00:00,2025-06-20 22:04:00+00:00,long,103626.39,103400.01,SL,-1.6589,164.2313,1.0
2025-06-20 22:17:00+00:00,2025-06-21 01:55:00+00:00,short,103278.78,103487.15,SL,-1.6423,162.589,1.0
2025-06-21 01:59:00+00:00,2025-06-21 10:05:00+00:00,long,103515.36,103962.19,TP,3.2518,165.8407,1.0
2025-06-21 10:12:00+00:00,2025-06-21 11:02:00+00:00,long,103950.76,103739.46,SL,-1.6584,164.1823,1.0
2025-06-21 11:07:00+00:00,2025-06-21 13:46:00+00:00,long,103796.73,103566.35,SL,-1.6418,162.5405,1.0
2025-06-21 14:17:00+00:00,2025-06-21 14:34:00+00:00,short,103444.92,103663.3,SL,-1.6254,160.9151,1.0
2025-06-21 14:45:00+00:00,2025-06-21 18:45:00+00:00,short,103548.93,103069.2,TP,3.2183,164.1334,1.0
2025-06-21 19:37:00+00:00,2025-06-21 20:32:00+00:00,short,102392.4,102629.61,SL,-1.6413,162.4921,1.0
2025-06-21 20:50:00+00:00,2025-06-21 21:24:00+00:00,short,102675.3,101581.2,TP,3.2498,165.7419,1.0
2025-06-21 21:59:00+00:00,2025-06-21 22:02:00+00:00,short,101455.61,101670.16,SL,-1.6574,164.0845,1.0
2025-06-21 22:18:00+00:00,2025-06-21 22:26:00+00:00,short,101756.4,101983.86,SL,-1.6408,162.4437,1.0
2025-06-21 22:31:00+00:00,2025-06-21 23:18:00+00:00,short,101910.19,101440.5,TP,3.2489,165.6925,1.0
2025-06-21 23:47:00+00:00,2025-06-21 23:48:00+00:00,short,100982.0,101244.14,SL,-1.6569,164.0356,1.0
2025-06-22 00:20:00+00:00,2025-06-22 00:32:00+00:00,long,102371.69,102822.68,TP,3.2807,167.3163,1.0
2025-06-22 01:08:00+00:00,2025-06-22 01:16:00+00:00,long,102962.06,102639.92,SL,-1.6732,165.6432,1.0
2025-06-22 01:40:00+00:00,2025-06-22 02:04:00+00:00,long,102414.41,102841.22,TP,3.3129,168.956,1.0
2025-06-22 02:07:00+00:00,2025-06-22 02:50:00+00:00,short,102313.8,102520.42,SL,-1.6896,167.2665,1.0
2025-06-22 03:01:00+00:00,2025-06-22 03:20:00+00:00,long,102470.02,102251.48,SL,-1.6727,165.5938,1.0
2025-06-22 03:43:00+00:00,2025-06-22 03:58:00+00:00,short,102148.64,102374.4,SL,-1.6559,163.9379,1.0
2025-06-22 04:32:00+00:00,2025-06-22 07:37:00+00:00,long,102594.32,102388.73,SL,-1.6394,162.2985,1.0
2025-06-22 08:08:00+00:00,2025-06-22 08:30:00+00:00,short,102376.03,102582.0,SL,-1.623,160.6755,1.0
2025-06-22 08:46:00+00:00,2025-06-22 09:00:00+00:00,short,102564.75,102793.63,SL,-1.6068,159.0687,1.0
2025-06-22 09:50:00+00:00,2025-06-22 10:26:00+00:00,short,102250.0,102463.34,SL,-1.5907,157.478,1.0
2025-06-22 10:36:00+00:00,2025-06-22 11:16:00+00:00,short,102440.51,102649.32,SL,-1.5748,155.9033,1.0
2025-06-22 11:32:00+00:00,2025-06-22 13:10:00+00:00,long,102716.0,102493.97,SL,-1.559,154.3442,1.0
2025-06-22 14:11:00+00:00,2025-06-22 14:20:00+00:00,short,100620.01,100084.67,TP,3.0869,157.4311,1.0
2025-06-22 14:43:00+00:00,2025-06-22 14:47:00+00:00,short,99219.99,99468.08,SL,-1.5743,155.8568,1.0
2025-06-22 15:11:00+00:00,2025-06-22 15:17:00+00:00,short,99456.41,99725.55,SL,-1.5586,154.2982,1.0
2025-06-22 15:26:00+00:00,2025-06-22 15:59:00+00:00,short,99361.93,98906.21,TP,3.086,157.3842,1.0
2025-06-22 16:14:00+00:00,2025-06-22 16:39:00+00:00,short,98997.99,99254.26,SL,-1.5738,155.8104,1.0
2025-06-22 16:56:00+00:00,2025-06-22 16:59:00+00:00,short,99440.72,99667.17,SL,-1.5581,154.2523,1.0
2025-06-22 17:15:00+00:00,2025-06-22 18:16:00+00:00,short,99791.89,99392.0,TP,3.085,157.3373,1.0
2025-06-22 18:22:00+00:00,2025-06-22 18:44:00+00:00,short,99420.87,99636.39,SL,-1.5734,155.7639,1.0
2025-06-22 18:56:00+00:00,2025-06-22 19:06:00+00:00,short,99542.0,99101.5,TP,3.1153,158.8792,1.0
2025-06-22 19:42:00+00:00,2025-06-22 20:09:00+00:00,short,99005.37,98505.83,TP,3.1776,162.0568,1.0
2025-06-22 21:42:00+00:00,2025-06-22 22:04:00+00:00,long,99344.41,99832.0,TP,3.2411,165.2979,1.0
2025-06-22 22:38:00+00:00,2025-06-22 23:18:00+00:00,long,100595.03,101000.59,TP,3.306,168.6039,1.0
2025-06-22 23:25:00+00:00,2025-06-23 00:04:00+00:00,long,100945.46,100720.01,SL,-1.686,166.9178,1.0
2025-06-23 00:18:00+00:00,2025-06-23 00:43:00+00:00,long,100650.0,101188.71,TP,3.3384,170.2562,1.0
2025-06-23 01:14:00+00:00,2025-06-23 01:24:00+00:00,long,100853.45,100607.81,SL,-1.7026,168.5536,1.0
2025-06-23 01:30:00+00:00,2025-06-23 01:53:00+00:00,long,100642.73,101046.09,TP,3.3711,171.9247,1.0
2025-06-23 02:18:00+00:00,2025-06-23 05:46:00+00:00,long,101174.69,101588.0,TP,3.4385,175.3632,1.0
2025-06-23 05:47:00+00:00,2025-06-23 09:25:00+00:00,long,101669.99,101457.28,SL,-1.7536,173.6096,1.0
2025-06-23 09:41:00+00:00,2025-06-23 12:58:00+00:00,short,101415.69,101623.76,SL,-1.7361,171.8735,1.0
2025-06-23 13:56:00+00:00,2025-06-23 14:17:00+00:00,long,102284.01,102065.27,SL,-1.7187,170.1547,1.0
2025-06-23 14:44:00+00:00,2025-06-23 14:56:00+00:00,long,101788.2,101569.1,SL,-1.7015,168.4532,1.0
2025-06-23 14:58:00+00:00,2025-06-23 15:01:00+00:00,short,101559.66,101791.55,SL,-1.6845,166.7687,1.0
2025-06-23 15:38:00+00:00,2025-06-23 15:41:00+00:00,long,101788.0,101556.1,SL,-1.6677,165.101,1.0
2025-06-23 16:06:00+00:00,2025-06-23 16:17:00+00:00,short,101235.3,100721.47,TP,3.302,168.403,1.0
2025-06-23 16:55:00+00:00,2025-06-23 16:57:00+00:00,short,100260.49,100462.01,SL,-1.684,166.719,1.0
2025-06-23 17:26:00+00:00,2025-06-23 17:30:00+00:00,long,101786.98,102386.0,TP,3.3344,170.0533,1.0
2025-06-23 18:00:00+00:00,2025-06-23 18:08:00+00:00,long,102481.99,102899.24,TP,3.4011,173.4544,1.0
2025-06-23 18:19:00+00:00,2025-06-23 18:24:00+00:00,long,103141.32,102923.13,SL,-1.7345,171.7199,1.0
2025-06-23 18:35:00+00:00,2025-06-23 18:47:00+00:00,long,103156.63,102924.47,SL,-1.7172,170.0027,1.0
2025-06-23 19:03:00+00:00,2025-06-23 19:16:00+00:00,long,103134.36,102912.91,SL,-1.7,168.3026,1.0
2025-06-23 19:36:00+00:00,2025-06-23 19:40:00+00:00,long,103015.92,102804.19,SL,-1.683,166.6196,1.0
2025-06-23 19:48:00+00:00,2025-06-23 20:11:00+00:00,long,102847.88,103265.92,TP,3.3324,169.952,1.0
2025-06-23 21:01:00+00:00,2025-06-23 22:04:00+00:00,long,103839.3,104317.96,TP,3.399,173.3511,1.0
2025-06-23 22:24:00+00:00,2025-06-23 22:34:00+00:00,long,105753.0,105492.63,SL,-1.7335,171.6175,1.0
2025-06-23 22:54:00+00:00,2025-06-23 22:55:00+00:00,long,105248.49,105021.24,SL,-1.7162,169.9014,1.0
2025-06-23 22:57:00+00:00,2025-06-23 23:13:00+00:00,long,105494.11,105259.81,SL,-1.699,168.2024,1.0
2025-06-23 23:25:00+00:00,2025-06-24 00:35:00+00:00,long,105306.53,105069.35,SL,-1.682,166.5203,1.0
2025-06-24 00:37:00+00:00,2025-06-24 00:49:00+00:00,long,105147.72,104911.98,SL,-1.6652,164.8551,1.0
2025-06-24 00:52:00+00:00,2025-06-24 01:58:00+00:00,long,105033.99,105466.0,TP,3.2971,168.1522,1.0
2025-06-24 02:38:00+00:00,2025-06-24 03:24:00+00:00,short,104885.24,105113.39,SL,-1.6815,166.4707,1.0
2025-06-24 04:07:00+00:00,2025-06-24 05:14:00+00:00,short,104866.13,105077.52,SL,-1.6647,164.806,1.0
2025-06-24 05:21:00+00:00,2025-06-24 06:10:00+00:00,long,105077.4,105513.23,TP,3.2961,168.1021,1.0
2025-06-24 06:27:00+00:00,2025-06-24 07:32:00+00:00,long,105522.3,105284.16,SL,-1.681,166.4211,1.0
2025-06-24 07:53:00+00:00,2025-06-24 09:07:00+00:00,short,104984.0,105217.34,SL,-1.6642,164.7569,1.0
2025-06-24 10:07:00+00:00,2025-06-24 12:32:00+00:00,long,105215.38,104995.48,SL,-1.6476,163.1093,1.0
2025-06-24 13:15:00+00:00,2025-06-24 13:23:00+00:00,long,105266.91,105012.13,SL,-1.6311,161.4782,1.0
2025-06-24 13:37:00+00:00,2025-06-24 13:42:00+00:00,long,105225.5,105009.44,SL,-1.6148,159.8634,1.0
2025-06-24 13:50:00+00:00,2025-06-24 14:15:00+00:00,short,105014.5,105307.68,SL,-1.5986,158.2648,1.0
2025-06-24 14:34:00+00:00,2025-06-24 15:41:00+00:00,long,105523.51,105221.0,SL,-1.5826,156.6822,1.0
2025-06-24 15:50:00+00:00,2025-06-24 16:43:00+00:00,long,105362.16,105843.79,TP,3.1336,159.8158,1.0
2025-06-24 17:34:00+00:00,2025-06-24 18:56:00+00:00,long,105779.58,105544.26,SL,-1.5982,158.2176,1.0
2025-06-24 19:13:00+00:00,2025-06-24 19:31:00+00:00,short,105379.68,105617.78,SL,-1.5822,156.6355,1.0
2025-06-24 19:39:00+00:00,2025-06-24 20:26:00+00:00,short,105437.26,105674.1,SL,-1.5664,155.0691,1.0
2025-06-24 20:39:00+00:00,2025-06-25 00:13:00+00:00,long,105852.95,106385.73,TP,3.1014,158.1705,1.0
2025-06-25 00:45:00+00:00,2025-06-25 00:55:00+00:00,long,105979.59,106470.13,TP,3.1634,161.3339,1.0
2025-06-25 01:36:00+00:00,2025-06-25 02:10:00+00:00,long,106198.35,106626.79,TP,3.2267,164.5606,1.0
2025-06-25 02:47:00+00:00,2025-06-25 03:02:00+00:00,long,106663.23,106348.44,SL,-1.6456,162.915,1.0
2025-06-25 03:06:00+00:00,2025-06-25 03:42:00+00:00,long,106522.54,106308.35,SL,-1.6292,161.2858,1.0
2025-06-25 04:11:00+00:00,2025-06-25 06:26:00+00:00,short,106173.95,106399.51,SL,-1.6129,159.673,1.0
2025-06-25 07:15:00+00:00,2025-06-25 09:09:00+00:00,long,106384.55,106832.53,TP,3.1935,162.8664,1.0
2025-06-25 09:53:00+00:00,2025-06-25 10:26:00+00:00,long,106633.23,107076.47,TP,3.2573,166.1238,1.0
2025-06-25 10:51:00+00:00,2025-06-25 11:19:00+00:00,long,107096.71,106880.87,SL,-1.6612,164.4625,1.0
2025-06-25 11:25:00+00:00,2025-06-25 13:13:00+00:00,long,106968.68,107434.26,TP,3.2893,167.7518,1.0
2025-06-25 13:43:00+00:00,2025-06-25 14:16:00+00:00,long,107946.35,107727.29,SL,-1.6775,166.0743,1.0
2025-06-25 14:30:00+00:00,2025-06-25 15:15:00+00:00,long,107553.28,107297.58,SL,-1.6607,164.4135,1.0
2025-06-25 15:33:00+00:00,2025-06-25 15:48:00+00:00,short,106859.38,107095.99,SL,-1.6441,162.7694,1.0
2025-06-25 18:11:00+00:00,2025-06-25 18:37:00+00:00,long,107479.99,107194.82,SL,-1.6277,161.1417,1.0
2025-06-25 18:42:00+00:00,2025-06-25 19:27:00+00:00,long,107454.78,107905.35,TP,3.2228,164.3645,1.0
2025-06-25 19:47:00+00:00,2025-06-25 21:30:00+00:00,long,107732.5,107512.28,SL,-1.6436,162.7209,1.0
2025-06-25 21:41:00+00:00,2025-06-26 01:35:00+00:00,short,107476.47,107711.21,SL,-1.6272,161.0937,1.0
2025-06-26 01:47:00+00:00,2025-06-26 03:04:00+00:00,long,107665.91,108199.23,TP,3.2219,164.3155,1.0
2025-06-26 03:36:00+00:00,2025-06-26 05:29:00+00:00,long,107895.87,107672.9,SL,-1.6432,162.6724,1.0
2025-06-26 06:35:00+00:00,2025-06-26 09:08:00+00:00,long,107801.23,107413.21,SL,-1.6267,161.0457,1.0
2025-06-26 09:47:00+00:00,2025-06-26 13:50:00+00:00,short,107344.49,106900.01,TP,3.2209,164.2666,1.0
2025-06-26 14:11:00+00:00,2025-06-26 14:16:00+00:00,short,106896.41,107119.6,SL,-1.6427,162.6239,1.0
2025-06-26 15:19:00+00:00,2025-06-26 15:28:00+00:00,long,107377.99,107033.34,SL,-1.6262,160.9977,1.0
2025-06-26 16:27:00+00:00,2025-06-26 20:31:00+00:00,long,107240.0,107677.0,TP,3.22,164.2176,1.0
2025-06-26 21:32:00+00:00,2025-06-27 01:03:00+00:00,short,107082.22,106632.29,TP,3.2844,167.502,1.0
2025-06-27 01:09:00+00:00,2025-06-27 01:11:00+00:00,short,106525.69,106776.82,SL,-1.675,165.8269,1.0
2025-06-27 02:08:00+00:00,2025-06-27 07:20:00+00:00,long,107189.64,107706.3,TP,3.3165,169.1435,1.0
2025-06-27 08:18:00+00:00,2025-06-27 08:48:00+00:00,short,106826.45,107042.94,SL,-1.6914,167.4521,1.0
2025-06-27 09:00:00+00:00,2025-06-27 13:46:00+00:00,short,107009.32,106579.72,TP,3.349,170.8011,1.0
2025-06-27 14:34:00+00:00,2025-06-27 15:05:00+00:00,short,106430.0,106645.09,SL,-1.708,169.0931,1.0
2025-06-27 15:11:00+00:00,2025-06-27 15:26:00+00:00,short,106510.51,106754.17,SL,-1.6909,167.4022,1.0
2025-06-27 15:54:00+00:00,2025-06-27 16:14:00+00:00,long,107398.2,107174.96,SL,-1.674,165.7281,1.0
2025-06-27 16:27:00+00:00,2025-06-27 17:28:00+00:00,long,107297.98,107020.55,SL,-1.6573,164.0708,1.0
2025-06-27 18:14:00+00:00,2025-06-27 20:07:00+00:00,short,106802.54,107032.2,SL,-1.6407,162.4301,1.0
2025-06-27 20:34:00+00:00,2025-06-28 00:08:00+00:00,long,107099.99,106881.7,SL,-1.6243,160.8058,1.0
2025-06-28 01:28:00+00:00,2025-06-28 01:57:00+00:00,short,106823.75,107045.0,SL,-1.6081,159.1978,1.0
2025-06-28 02:17:00+00:00,2025-06-29 08:31:00+00:00,long,107119.89,107607.42,TP,3.184,162.3817,1.0
2025-06-29 09:13:00+00:00,2025-06-29 10:10:00+00:00,long,107733.49,108174.1,TP,3.2476,165.6294,1.0
2025-06-29 10:21:00+00:00,2025-06-29 10:40:00+00:00,long,108228.03,108010.99,SL,-1.6563,163.9731,1.0
2025-06-29 10:49:00+00:00,2025-06-29 14:38:00+00:00,long,108121.46,107792.0,SL,-1.6397,162.3333,1.0
2025-06-29 15:17:00+00:00,2025-06-29 16:47:00+00:00,short,107894.04,107365.34,TP,3.2467,165.58,1.0
2025-06-29 17:12:00+00:00,2025-06-29 22:03:00+00:00,short,107521.0,107761.47,SL,-1.6558,163.9242,1.0
2025-06-29 22:37:00+00:00,2025-06-30 00:24:00+00:00,long,108188.09,108686.38,TP,3.2785,167.2027,1.0
2025-06-30 00:41:00+00:00,2025-06-30 01:06:00+00:00,long,108739.06,108452.82,SL,-1.672,165.5307,1.0
2025-06-30 01:16:00+00:00,2025-06-30 05:30:00+00:00,long,108516.03,108239.52,SL,-1.6553,163.8754,1.0
2025-06-30 06:09:00+00:00,2025-06-30 06:42:00+00:00,short,108252.68,107754.8,TP,3.2775,167.1529,1.0
2025-06-30 07:33:00+00:00,2025-06-30 11:23:00+00:00,short,107659.3,107910.22,SL,-1.6715,165.4813,1.0
2025-06-30 11:33:00+00:00,2025-06-30 11:54:00+00:00,long,107938.13,107720.9,SL,-1.6548,163.8265,1.0
2025-06-30 14:07:00+00:00,2025-06-30 14:52:00+00:00,short,107460.05,107020.66,TP,3.2765,167.1031,1.0
2025-06-30 15:16:00+00:00,2025-06-30 15:28:00+00:00,short,106781.6,107097.89,SL,-1.671,165.432,1.0
2025-06-30 16:10:00+00:00,2025-06-30 16:20:00+00:00,long,107749.0,107468.9,SL,-1.6543,163.7777,1.0
2025-06-30 17:19:00+00:00,2025-06-30 18:10:00+00:00,long,107658.11,107408.0,SL,-1.6378,162.1399,1.0
2025-06-30 18:24:00+00:00,2025-06-30 19:21:00+00:00,short,107316.0,107534.58,SL,-1.6214,160.5185,1.0
2025-06-30 19:50:00+00:00,2025-06-30 21:45:00+00:00,long,107543.18,107301.2,SL,-1.6052,158.9133,1.0
2025-06-30 21:51:00+00:00,2025-07-01 01:14:00+00:00,short,107243.44,107486.94,SL,-1.5891,157.3242,1.0
2025-07-01 01:19:00+00:00,2025-07-01 01:52:00+00:00,long,107475.54,107221.87,SL,-1.5732,155.751,1.0
2025-07-01 03:34:00+00:00,2025-07-01 07:19:00+00:00,short,107162.01,106682.4,TP,3.115,158.866,1.0
2025-07-01 07:49:00+00:00,2025-07-01 08:39:00+00:00,long,107013.65,106783.4,SL,-1.5887,157.2773,1.0
2025-07-01 09:16:00+00:00,2025-07-01 14:00:00+00:00,short,106663.19,106908.59,SL,-1.5728,155.7046,1.0
2025-07-01 14:13:00+00:00,2025-07-01 14:22:00+00:00,long,107116.57,106866.36,SL,-1.557,154.1475,1.0
2025-07-01 15:12:00+00:00,2025-07-01 15:26:00+00:00,short,105714.01,105931.55,SL,-1.5415,152.606,1.0
2025-07-01 15:40:00+00:00,2025-07-01 16:12:00+00:00,short,105960.01,106200.0,SL,-1.5261,151.08,1.0
2025-07-01 16:20:00+00:00,2025-07-01 19:01:00+00:00,short,106074.18,105598.52,TP,3.0216,154.1016,1.0
2025-07-01 19:34:00+00:00,2025-07-01 20:51:00+00:00,short,105637.73,105879.94,SL,-1.541,152.5606,1.0
2025-07-01 21:15:00+00:00,2025-07-01 22:30:00+00:00,long,105898.12,105681.15,SL,-1.5256,151.035,1.0
2025-07-01 22:51:00+00:00,2025-07-02 01:17:00+00:00,short,105724.53,105159.74,TP,3.0207,154.0557,1.0
2025-07-02 02:26:00+00:00,2025-07-02 03:12:00+00:00,long,105615.37,106068.66,TP,3.0811,157.1368,1.0
2025-07-02 03:23:00+00:00,2025-07-02 05:42:00+00:00,long,106127.99,106611.25,TP,3.1427,160.2795,1.0
2025-07-02 06:03:00+00:00,2025-07-02 07:37:00+00:00,long,106674.35,107121.99,TP,3.2056,163.4851,1.0
2025-07-02 07:54:00+00:00,2025-07-02 08:20:00+00:00,long,107170.87,107599.99,TP,3.2697,166.7548,1.0
2025-07-02 08:30:00+00:00,2025-07-02 08:49:00+00:00,long,107720.01,107468.99,SL,-1.6675,165.0873,1.0
2025-07-02 08:55:00+00:00,2025-07-02 11:46:00+00:00,long,107725.56,107470.31,SL,-1.6509,163.4364,1.0
2025-07-02 12:11:00+00:00,2025-07-02 13:13:00+00:00,short,107384.91,107657.95,SL,-1.6344,161.802,1.0
2025-07-02 13:35:00+00:00,2025-07-02 14:26:00+00:00,long,107624.51,108067.54,TP,3.236,165.0381,1.0
2025-07-02 14:38:00+00:00,2025-07-02 15:10:00+00:00,long,107950.0,108386.73,TP,3.3008,168.3388,1.0
2025-07-02 15:37:00+00:00,2025-07-02 16:04:00+00:00,long,108432.13,108887.99,TP,3.3668,171.7056,1.0
2025-07-02 16:38:00+00:00,2025-07-02 17:38:00+00:00,long,109393.4,109024.11,SL,-1.7171,169.9885,1.0
2025-07-02 17:52:00+00:00,2025-07-02 18:55:00+00:00,long,109060.52,109499.99,TP,3.3998,173.3883,1.0
2025-07-02 19:19:00+00:00,2025-07-02 20:55:00+00:00,long,109428.39,109186.8,SL,-1.7339,171.6544,1.0
2025-07-02 21:27:00+00:00,2025-07-02 21:54:00+00:00,short,109257.15,109500.0,SL,-1.7165,169.9379,1.0
2025-07-02 22:40:00+00:00,2025-07-02 23:41:00+00:00,short,109249.05,108758.25,TP,3.3988,173.3366,1.0
2025-07-03 00:14:00+00:00,2025-07-03 05:09:00+00:00,short,108902.74,109144.65,SL,-1.7334,171.6033,1.0
2025-07-03 05:34:00+00:00,2025-07-03 09:18:00+00:00,long,109235.1,109699.99,TP,3.4321,175.0353,1.0
2025-07-03 09:42:00+00:00,2025-07-03 09:49:00+00:00,long,110195.53,109967.6,SL,-1.7504,173.285,1.0
2025-07-03 10:12:00+00:00,2025-07-03 10:19:00+00:00,long,109959.57,109683.3,SL,-1.7329,171.5521,1.0
2025-07-03 10:29:00+00:00,2025-07-03 12:05:00+00:00,long,109750.51,109520.0,SL,-1.7155,169.8366,1.0
2025-07-03 12:08:00+00:00,2025-07-03 12:38:00+00:00,short,109542.31,109035.92,TP,3.3967,173.2333,1.0
2025-07-03 13:18:00+00:00,2025-07-03 13:31:00+00:00,short,109283.96,109635.96,SL,-1.7323,171.501,1.0
2025-07-03 14:21:00+00:00,2025-07-03 14:28:00+00:00,long,110194.61,109949.58,SL,-1.715,169.786,1.0
2025-07-03 14:40:00+00:00,2025-07-03 14:52:00+00:00,long,109882.46,109604.51,SL,-1.6979,168.0881,1.0
2025-07-03 15:04:00+00:00,2025-07-03 16:07:00+00:00,short,109480.02,109030.0,TP,3.3618,171.4499,1.0
2025-07-03 16:20:00+00:00,2025-07-03 16:40:00+00:00,short,109122.39,109348.19,SL,-1.7145,169.7354,1.0
2025-07-03 16:52:00+00:00,2025-07-03 17:14:00+00:00,short,109300.0,109559.49,SL,-1.6974,168.0381,1.0
2025-07-03 17:35:00+00:00,2025-07-03 21:00:00+00:00,long,109533.22,109978.99,TP,3.3608,171.3988,1.0
2025-07-03 21:23:00+00:00,2025-07-03 22:46:00+00:00,long,109876.28,109650.94,SL,-1.714,169.6848,1.0
2025-07-03 23:00:00+00:00,2025-07-04 02:33:00+00:00,short,109699.18,109192.73,TP,3.3937,173.0785,1.0
2025-07-04 03:32:00+00:00,2025-07-04 06:12:00+00:00,short,109312.55,108820.75,TP,3.4616,176.5401,1.0
2025-07-04 06:43:00+00:00,2025-07-04 13:33:00+00:00,short,108927.25,108380.0,TP,3.5308,180.0709,1.0
2025-07-04 13:45:00+00:00,2025-07-04 14:06:00+00:00,short,108345.48,107889.02,TP,3.6014,183.6723,1.0
2025-07-04 14:20:00+00:00,2025-07-04 14:24:00+00:00,short,107598.91,107954.01,SL,-1.8367,181.8356,1.0
2025-07-04 14:46:00+00:00,2025-07-04 16:19:00+00:00,short,107837.19,107364.74,TP,3.6367,185.4723,1.0
2025-07-04 16:52:00+00:00,2025-07-04 17:00:00+00:00,short,107553.84,107835.03,SL,-1.8547,183.6176,1.0
2025-07-04 17:11:00+00:00,2025-07-04 19:24:00+00:00,short,107803.69,107354.76,TP,3.6724,187.2899,1.0
2025-07-04 19:57:00+00:00,2025-07-04 20:20:00+00:00,short,107467.99,107699.99,SL,-1.8729,185.417,1.0
2025-07-04 21:07:00+00:00,2025-07-04 22:32:00+00:00,long,107732.36,108188.99,TP,3.7083,189.1254,1.0
2025-07-04 22:58:00+00:00,2025-07-04 23:40:00+00:00,long,108254.95,108018.71,SL,-1.8913,187.2341,1.0
2025-07-04 23:48:00+00:00,2025-07-05 02:27:00+00:00,long,108039.98,107814.0,SL,-1.8723,185.3618,1.0
2025-07-05 03:27:00+00:00,2025-07-05 07:56:00+00:00,long,108226.01,108001.88,SL,-1.8536,183.5082,1.0
2025-07-05 08:21:00+00:00,2025-07-06 13:23:00+00:00,short,108096.55,108357.3,SL,-1.8351,181.6731,1.0
2025-07-06 13:45:00+00:00,2025-07-06 18:27:00+00:00,long,108830.1,108526.92,SL,-1.8167,179.8563,1.0
2025-07-06 18:43:00+00:00,2025-07-06 19:04:00+00:00,short,108398.24,108617.01,SL,-1.7986,178.0578,1.0
2025-07-06 19:16:00+00:00,2025-07-06 20:08:00+00:00,short,108550.01,108780.77,SL,-1.7806,176.2772,1.0
2025-07-06 20:45:00+00:00,2025-07-06 21:26:00+00:00,long,108796.73,109266.24,TP,3.5255,179.8027,1.0
2025-07-06 22:01:00+00:00,2025-07-06 23:01:00+00:00,long,109407.01,109059.24,SL,-1.798,178.0047,1.0
2025-07-06 23:09:00+00:00,2025-07-07 00:36:00+00:00,long,109156.23,108924.7,SL,-1.78,176.2247,1.0
2025-07-07 00:56:00+00:00,2025-07-07 01:31:00+00:00,short,108817.63,109047.24,SL,-1.7622,174.4624,1.0
2025-07-07 02:01:00+00:00,2025-07-07 03:26:00+00:00,long,109194.76,109673.9,TP,3.4892,177.9517,1.0
2025-07-07 04:01:00+00:00,2025-07-07 04:40:00+00:00,long,109421.07,109186.04,SL,-1.7795,176.1722,1.0
2025-07-07 04:44:00+00:00,2025-07-07 10:52:00+00:00,short,109143.63,108702.52,TP,3.5234,179.6956,1.0
2025-07-07 11:17:00+00:00,2025-07-07 13:12:00+00:00,short,108671.0,108234.52,TP,3.5939,183.2895,1.0
2025-07-07 13:34:00+00:00,2025-07-07 13:57:00+00:00,short,108195.99,108437.57,SL,-1.8329,181.4566,1.0
2025-07-07 14:29:00+00:00,2025-07-07 15:10:00+00:00,short,108143.88,108363.84,SL,-1.8146,179.6421,1.0
2025-07-07 15:19:00+00:00,2025-07-07 15:26:00+00:00,short,108323.58,108543.98,SL,-1.7964,177.8456,1.0
2025-07-07 16:20:00+00:00,2025-07-07 16:36:00+00:00,short,108078.27,108319.57,SL,-1.7785,176.0672,1.0
2025-07-07 16:43:00+00:00,2025-07-07 18:27:00+00:00,short,108189.56,107647.55,TP,3.5213,179.5885,1.0
2025-07-07 19:15:00+00:00,2025-07-07 20:03:00+00:00,long,108200.0,107948.22,SL,-1.7959,177.7926,1.0
2025-07-07 20:40:00+00:00,2025-07-07 23:33:00+00:00,short,108030.13,108258.0,SL,-1.7779,176.0147,1.0
2025-07-07 23:50:00+00:00,2025-07-08 01:18:00+00:00,long,108279.01,108040.0,SL,-1.7601,174.2546,1.0
2025-07-08 01:41:00+00:00,2025-07-08 05:45:00+00:00,short,107918.0,108137.87,SL,-1.7425,172.512,1.0
2025-07-08 06:05:00+00:00,2025-07-08 10:36:00+00:00,long,108279.99,108727.87,TP,3.4502,175.9623,1.0
2025-07-08 11:05:00+00:00,2025-07-08 11:51:00+00:00,long,108998.72,108757.5,SL,-1.7596,174.2026,1.0
2025-07-08 12:01:00+00:00,2025-07-08 14:17:00+00:00,long,108790.94,108557.31,SL,-1.742,172.4606,1.0
2025-07-08 14:48:00+00:00,2025-07-08 15:30:00+00:00,short,108686.3,108243.4,TP,3.4492,175.9098,1.0
2025-07-08 15:52:00+00:00,2025-07-08 16:26:00+00:00,short,108256.31,108535.01,SL,-1.7591,174.1507,1.0
2025-07-08 16:35:00+00:00,2025-07-08 16:58:00+00:00,short,108231.88,108454.08,SL,-1.7415,172.4092,1.0
2025-07-08 17:23:00+00:00,2025-07-08 20:11:00+00:00,long,108947.56,108714.78,SL,-1.7241,170.6851,1.0
2025-07-08 20:13:00+00:00,2025-07-08 21:45:00+00:00,short,108726.0,108943.81,SL,-1.7069,168.9783,1.0
2025-07-08 22:20:00+00:00,2025-07-09 02:56:00+00:00,long,108853.1,108618.21,SL,-1.6898,167.2885,1.0
2025-07-09 03:10:00+00:00,2025-07-09 05:36:00+00:00,short,108580.01,108800.0,SL,-1.6729,165.6156,1.0
2025-07-09 06:18:00+00:00,2025-07-09 09:14:00+00:00,long,108779.71,108553.19,SL,-1.6562,163.9594,1.0
2025-07-09 09:33:00+00:00,2025-07-09 10:10:00+00:00,short,108590.77,108811.98,SL,-1.6396,162.3199,1.0
2025-07-09 10:14:00+00:00,2025-07-09 12:10:00+00:00,long,108806.03,109330.77,TP,3.2464,165.5662,1.0
2025-07-09 13:03:00+00:00,2025-07-09 13:55:00+00:00,long,109439.99,109208.87,SL,-1.6557,163.9106,1.0
2025-07-09 14:05:00+00:00,2025-07-09 14:29:00+00:00,long,109297.92,108908.94,SL,-1.6391,162.2715,1.0
2025-07-09 15:10:00+00:00,2025-07-09 16:18:00+00:00,short,108956.79,109195.72,SL,-1.6227,160.6488,1.0
2025-07-09 16:30:00+00:00,2025-07-09 19:15:00+00:00,long,109262.76,109699.99,TP,3.213,163.8617,1.0
2025-07-09 20:38:00+00:00,2025-07-09 20:54:00+00:00,long,110918.65,110620.0,SL,-1.6386,162.2231,1.0
2025-07-09 21:00:00+00:00,2025-07-09 21:17:00+00:00,long,110689.67,111135.1,TP,3.2445,165.4676,1.0
2025-07-09 21:45:00+00:00,2025-07-09 21:59:00+00:00,long,111066.35,110818.36,SL,-1.6547,163.8129,1.0
2025-07-09 22:01:00+00:00,2025-07-09 23:25:00+00:00,long,111065.38,111510.87,TP,3.2763,167.0892,1.0
2025-07-10 00:03:00+00:00,2025-07-10 00:38:00+00:00,long,111270.02,111046.23,SL,-1.6709,165.4183,1.0
2025-07-10 00:56:00+00:00,2025-07-10 01:20:00+00:00,short,110918.23,111141.82,SL,-1.6542,163.7641,1.0
2025-07-10 01:52:00+00:00,2025-07-10 03:33:00+00:00,long,111261.25,111016.11,SL,-1.6376,162.1265,1.0
2025-07-10 03:42:00+00:00,2025-07-10 06:22:00+00:00,short,110997.43,111306.49,SL,-1.6213,160.5052,1.0
2025-07-10 06:51:00+00:00,2025-07-10 09:56:00+00:00,long,111250.0,111021.58,SL,-1.6051,158.9001,1.0
2025-07-10 10:43:00+00:00,2025-07-10 11:29:00+00:00,short,110940.0,111165.25,SL,-1.589,157.3111,1.0
2025-07-10 11:47:00+00:00,2025-07-10 13:43:00+00:00,short,111070.5,110608.18,TP,3.1462,160.4574,1.0
2025-07-10 13:45:00+00:00,2025-07-10 13:47:00+00:00,long,110999.99,110659.99,SL,-1.6046,158.8528,1.0
2025-07-10 13:48:00+00:00,2025-07-10 14:07:00+00:00,short,110622.88,110933.33,SL,-1.5885,157.2643,1.0
2025-07-10 14:35:00+00:00,2025-07-10 16:07:00+00:00,long,111020.49,111478.22,TP,3.1453,160.4095,1.0
2025-07-10 17:05:00+00:00,2025-07-10 17:14:00+00:00,long,112920.67,113433.07,TP,3.2082,163.6177,1.0
2025-07-10 17:32:00+00:00,2025-07-10 18:12:00+00:00,long,113637.13,113373.31,SL,-1.6362,161.9816,1.0
2025-07-10 18:18:00+00:00,2025-07-10 18:24:00+00:00,long,113530.53,113280.0,SL,-1.6198,160.3617,1.0
2025-07-10 18:35:00+00:00,2025-07-10 18:38:00+00:00,long,113306.67,113014.38,SL,-1.6036,158.7581,1.0
2025-07-10 18:44:00+00:00,2025-07-10 19:02:00+00:00,long,113059.33,113525.69,TP,3.1752,161.9333,1.0
2025-07-10 19:42:00+00:00,2025-07-10 21:16:00+00:00,long,113307.97,113987.99,TP,3.2387,165.1719,1.0
2025-07-10 22:37:00+00:00,2025-07-10 23:36:00+00:00,long,115884.67,115651.69,SL,-1.6517,163.5202,1.0
2025-07-10 23:41:00+00:00,2025-07-11 00:22:00+00:00,long,115675.21,115408.33,SL,-1.6352,161.885,1.0
2025-07-11 00:53:00+00:00,2025-07-11 01:16:00+00:00,short,115506.27,115765.1,SL,-1.6188,160.2662,1.0
2025-07-11 01:50:00+00:00,2025-07-11 02:08:00+00:00,long,116043.31,115747.83,SL,-1.6027,158.6635,1.0
2025-07-11 02:13:00+00:00,2025-07-11 02:38:00+00:00,long,115925.05,116419.34,TP,3.1733,161.8368,1.0
2025-07-11 02:49:00+00:00,2025-07-11 05:05:00+00:00,long,116594.31,117074.01,TP,3.2367,165.0735,1.0
2025-07-11 05:27:00+00:00,2025-07-11 05:36:00+00:00,long,117450.0,117920.01,TP,3.3015,168.375,1.0
2025-07-11 05:44:00+00:00,2025-07-11 06:52:00+00:00,long,117968.76,117704.74,SL,-1.6838,166.6912,1.0
2025-07-11 07:10:00+00:00,2025-07-11 07:38:00+00:00,long,117540.0,118063.83,TP,3.3338,170.0251,1.0
2025-07-11 08:06:00+00:00,2025-07-11 09:23:00+00:00,long,117729.67,118219.38,TP,3.4005,173.4256,1.0
2025-07-11 09:33:00+00:00,2025-07-11 09:36:00+00:00,long,118300.29,118822.28,TP,3.4685,176.8941,1.0
2025-07-11 10:24:00+00:00,2025-07-11 10:39:00+00:00,long,118297.8,118056.7,SL,-1.7689,175.1251,1.0
2025-07-11 10:45:00+00:00,2025-07-11 11:07:00+00:00,long,118131.3,117883.22,SL,-1.7513,173.3739,1.0
2025-07-11 11:47:00+00:00,2025-07-11 11:53:00+00:00,short,117700.01,117937.93,SL,-1.7337,171.6401,1.0
2025-07-11 12:02:00+00:00,2025-07-11 12:12:00+00:00,short,117870.67,118145.17,SL,-1.7164,169.9237,1.0
2025-07-11 12:44:00+00:00,2025-07-11 13:03:00+00:00,short,117762.86,118031.22,SL,-1.6992,168.2245,1.0
2025-07-11 13:08:00+00:00,2025-07-11 13:33:00+00:00,short,117786.24,117312.99,TP,3.3645,171.589,1.0
2025-07-11 13:45:00+00:00,2025-07-11 13:49:00+00:00,short,117392.84,117731.61,SL,-1.7159,169.8731,1.0
2025-07-11 14:27:00+00:00,2025-07-11 14:52:00+00:00,long,118010.02,117474.34,SL,-1.6987,168.1744,1.0
2025-07-11 15:14:00+00:00,2025-07-11 15:48:00+00:00,short,117644.22,117157.49,TP,3.3635,171.5379,1.0
2025-07-11 16:06:00+00:00,2025-07-11 16:15:00+00:00,short,116695.21,116974.32,SL,-1.7154,169.8225,1.0
2025-07-11 16:43:00+00:00,2025-07-11 17:06:00+00:00,short,117280.0,117588.2,SL,-1.6982,168.1243,1.0
2025-07-11 18:34:00+00:00,2025-07-11 19:21:00+00:00,long,117511.24,117999.99,TP,3.3625,171.4868,1.0
2025-07-11 19:52:00+00:00,2025-07-11 20:58:00+00:00,long,117966.0,117659.19,SL,-1.7149,169.7719,1.0
2025-07-11 21:09:00+00:00,2025-07-11 21:23:00+00:00,short,117575.67,117815.08,SL,-1.6977,168.0742,1.0
2025-07-11 21:54:00+00:00,2025-07-12 02:18:00+00:00,short,117482.9,117744.09,SL,-1.6807,166.3934,1.0
2025-07-12 03:58:00+00:00,2025-07-12 12:37:00+00:00,long,117731.04,117492.0,SL,-1.6639,164.7295,1.0
2025-07-12 12:47:00+00:00,2025-07-12 14:10:00+00:00,short,117482.76,117726.94,SL,-1.6473,163.0822,1.0
2025-07-12 14:20:00+00:00,2025-07-12 15:40:00+00:00,short,117560.0,117080.03,TP,3.2616,166.3438,1.0
2025-07-12 16:28:00+00:00,2025-07-12 17:40:00+00:00,short,117278.0,117536.96,SL,-1.6634,164.6804,1.0
2025-07-12 17:59:00+00:00,2025-07-12 20:53:00+00:00,long,117478.4,117194.78,SL,-1.6468,163.0336,1.0
2025-07-12 22:03:00+00:00,2025-07-12 23:09:00+00:00,long,117536.96,117284.0,SL,-1.6303,161.4033,1.0
2025-07-12 23:41:00+00:00,2025-07-13 01:39:00+00:00,short,117280.0,117536.96,SL,-1.614,159.7892,1.0
2025-07-13 02:28:00+00:00,2025-07-13 05:04:00+00:00,long,117429.8,117902.31,TP,3.1958,162.985,1.0
2025-07-13 05:29:00+00:00,2025-07-13 12:51:00+00:00,long,117832.64,118339.01,TP,3.2597,166.2447,1.0
2025-07-13 13:23:00+00:00,2025-07-13 14:18:00+00:00,long,118289.84,118978.87,TP,3.3249,169.5696,1.0
2025-07-13 14:56:00+00:00,2025-07-13 17:00:00+00:00,long,118729.07,118451.8,SL,-1.6957,167.8739,1.0
2025-07-13 17:52:00+00:00,2025-07-13 19:30:00+00:00,long,118832.07,119365.91,TP,3.3575,171.2314,1.0
2025-07-13 19:51:00+00:00,2025-07-13 20:00:00+00:00,long,119190.79,118916.09,SL,-1.7123,169.5191,1.0
2025-07-13 20:10:00+00:00,2025-07-13 21:37:00+00:00,long,118965.83,118717.82,SL,-1.6952,167.8239,1.0
2025-07-13 21:58:00+00:00,2025-07-13 23:47:00+00:00,short,118584.05,118915.56,SL,-1.6782,166.1456,1.0
2025-07-14 00:15:00+00:00,2025-07-14 02:23:00+00:00,long,119123.49,119638.99,TP,3.3229,169.4686,1.0
2025-07-14 03:04:00+00:00,2025-07-14 03:42:00+00:00,long,119758.07,120727.93,TP,3.3894,172.8579,1.0
2025-07-14 04:16:00+00:00,2025-07-14 05:13:00+00:00,long,120924.84,121428.68,TP,3.4572,176.3151,1.0
2025-07-14 05:14:00+00:00,2025-07-14 05:23:00+00:00,long,121463.49,122099.24,TP,3.5263,179.8414,1.0
2025-07-14 05:56:00+00:00,2025-07-14 06:10:00+00:00,long,122320.33,122068.38,SL,-1.7984,178.043,1.0
2025-07-14 06:19:00+00:00,2025-07-14 07:37:00+00:00,long,122263.97,122762.04,TP,3.5609,181.6038,1.0
2025-07-14 08:19:00+00:00,2025-07-14 09:12:00+00:00,long,122507.22,122200.0,SL,-1.816,179.7878,1.0
2025-07-14 09:57:00+00:00,2025-07-14 11:24:00+00:00,short,121947.19,121388.24,TP,3.5958,183.3835,1.0
2025-07-14 11:32:00+00:00,2025-07-14 11:39:00+00:00,short,121385.16,121638.94,SL,-1.8338,181.5497,1.0
2025-07-14 11:53:00+00:00,2025-07-14 12:08:00+00:00,short,121515.36,121762.09,SL,-1.8155,179.7342,1.0
2025-07-14 12:19:00+00:00,2025-07-14 13:35:00+00:00,short,121768.92,121193.05,TP,3.5947,183.3289,1.0
2025-07-14 13:57:00+00:00,2025-07-14 14:18:00+00:00,short,121675.91,121990.41,SL,-1.8333,181.4956,1.0
2025-07-14 14:21:00+00:00,2025-07-14 14:32:00+00:00,short,121629.3,121115.59,TP,3.6299,185.1255,1.0
2025-07-14 15:06:00+00:00,2025-07-14 15:33:00+00:00,short,120700.01,120203.47,TP,3.7025,188.828,1.0
2025-07-14 15:45:00+00:00,2025-07-14 16:11:00+00:00,short,119940.48,119457.54,TP,3.7766,192.6046,1.0
2025-07-14 16:42:00+00:00,2025-07-14 16:51:00+00:00,short,119800.01,120067.28,SL,-1.926,190.6785,1.0
2025-07-14 17:51:00+00:00,2025-07-14 18:24:00+00:00,short,119788.67,120098.45,SL,-1.9068,188.7718,1.0
2025-07-14 18:36:00+00:00,2025-07-14 20:39:00+00:00,short,119888.86,120194.13,SL,-1.8877,186.884,1.0
2025-07-14 20:54:00+00:00,2025-07-14 20:59:00+00:00,long,120441.16,120167.07,SL,-1.8688,185.0152,1.0
2025-07-14 21:21:00+00:00,2025-07-14 23:18:00+00:00,long,120089.29,119809.61,SL,-1.8502,183.1651,1.0
2025-07-14 23:44:00+00:00,2025-07-15 00:41:00+00:00,short,119843.59,119355.6,TP,3.6633,186.8284,1.0
2025-07-15 01:02:00+00:00,2025-07-15 01:22:00+00:00,short,119287.32,118766.11,TP,3.7366,190.5649,1.0
2025-07-15 01:49:00+00:00,2025-07-15 01:58:00+00:00,short,119152.0,118583.86,TP,3.8113,194.3762,1.0
2025-07-15 02:58:00+00:00,2025-07-15 03:02:00+00:00,short,118220.03,117638.8,TP,3.8875,198.2637,1.0
2025-07-15 03:36:00+00:00,2025-07-15 03:47:00+00:00,short,117170.0,117456.0,SL,-1.9826,196.2811,1.0
2025-07-15 03:57:00+00:00,2025-07-15 04:09:00+00:00,short,117260.01,116726.33,TP,3.9256,200.2067,1.0
2025-07-15 04:32:00+00:00,2025-07-15 04:38:00+00:00,short,117082.07,117355.65,SL,-3.0031,197.2036,1.5
2025-07-15 04:50:00+00:00,2025-07-15 05:03:00+00:00,short,117341.0,117619.36,SL,-1.972,195.2316,1.0
2025-07-15 05:12:00+00:00,2025-07-15 05:35:00+00:00,short,117676.97,117140.0,TP,3.9046,199.1362,1.0
2025-07-15 06:02:00+00:00,2025-07-15 07:02:00+00:00,short,116937.58,117188.32,SL,-1.9914,197.1449,1.0
2025-07-15 07:07:00+00:00,2025-07-15 07:50:00+00:00,short,116990.35,116474.12,TP,3.9429,201.0878,1.0
2025-07-15 08:16:00+00:00,2025-07-15 09:06:00+00:00,short,116708.58,116988.0,SL,-3.0163,198.0714,1.5
2025-07-15 09:37:00+00:00,2025-07-15 09:56:00+00:00,long,117024.93,116730.0,SL,-1.9807,196.0907,1.0
2025-07-15 10:42:00+00:00,2025-07-15 11:10:00+00:00,long,117116.57,116879.0,SL,-1.9609,194.1298,1.0
2025-07-15 12:30:00+00:00,2025-07-15 12:38:00+00:00,long,117287.99,116973.73,SL,-1.9413,192.1885,1.0
2025-07-15 12:50:00+00:00,2025-07-15 13:05:00+00:00,long,116940.01,117459.99,TP,3.8438,196.0323,1.0
2025-07-15 13:34:00+00:00,2025-07-15 13:39:00+00:00,long,118037.26,117662.75,SL,-1.9603,194.072,1.0
2025-07-15 13:42:00+00:00,2025-07-15 14:24:00+00:00,long,118066.12,117764.0,SL,-1.9407,192.1313,1.0
2025-07-15 14:52:00+00:00,2025-07-15 14:56:00+00:00,short,116298.41,115750.61,TP,3.8426,195.9739,1.0
2025-07-15 15:24:00+00:00,2025-07-15 15:29:00+00:00,short,115952.66,116258.0,SL,-1.9597,194.0141,1.0
2025-07-15 15:57:00+00:00,2025-07-15 16:04:00+00:00,short,116444.01,116680.0,SL,-1.9401,192.074,1.0
2025-07-15 16:16:00+00:00,2025-07-15 16:22:00+00:00,short,116708.33,116990.75,SL,-1.9207,190.1533,1.0
2025-07-15 16:31:00+00:00,2025-07-15 16:44:00+00:00,long,117190.59,117665.27,TP,3.8031,193.9563,1.0
2025-07-15 17:18:00+00:00,2025-07-15 18:13:00+00:00,long,117359.99,117100.01,SL,-1.9396,192.0168,1.0
2025-07-15 18:21:00+00:00,2025-07-15 18:26:00+00:00,long,117238.9,116924.0,SL,-1.9202,190.0966,1.0
2025-07-15 19:15:00+00:00,2025-07-15 19:45:00+00:00,short,116925.44,116385.54,TP,3.8019,193.8985,1.0
2025-07-15 20:17:00+00:00,2025-07-15 20:21:00+00:00,short,116219.52,116468.0,SL,-1.939,191.9595,1.0
2025-07-15 20:39:00+00:00,2025-07-15 21:08:00+00:00,short,116400.01,116644.55,SL,-1.9196,190.0399,1.0
2025-07-15 21:33:00+00:00,2025-07-15 22:52:00+00:00,long,117280.0,117852.6,TP,3.8008,193.8407,1.0
2025-07-15 23:37:00+00:00,2025-07-16 00:49:00+00:00,long,117622.42,118116.37,TP,3.8768,197.7176,1.0
2025-07-16 01:33:00+00:00,2025-07-16 02:04:00+00:00,long,117786.05,117436.56,SL,-1.9772,195.7404,1.0
2025-07-16 02:16:00+00:00,2025-07-16 05:03:00+00:00,short,117458.37,117771.09,SL,-1.9574,193.783,1.0
2025-07-16 05:35:00+00:00,2025-07-16 08:35:00+00:00,long,117949.67,118430.65,TP,3.8757,197.6586,1.0
2025-07-16 09:09:00+00:00,2025-07-16 12:31:00+00:00,long,118887.99,118620.0,SL,-1.9766,195.6821,1.0
2025-07-16 12:34:00+00:00,2025-07-16 12:57:00+00:00,long,118965.34,118668.59,SL,-1.9568,193.7252,1.0
2025-07-16 13:30:00+00:00,2025-07-16 13:33:00+00:00,short,118653.84,118899.99,SL,-1.9373,191.788,1.0
2025-07-16 13:36:00+00:00,2025-07-16 14:16:00+00:00,short,118732.4,118235.37,TP,3.8358,195.6237,1.0
2025-07-16 14:36:00+00:00,2025-07-16 14:43:00+00:00,short,118336.84,118584.01,SL,-1.9562,193.6675,1.0
2025-07-16 15:28:00+00:00,2025-07-16 15:32:00+00:00,long,119505.68,119176.16,SL,-1.9367,191.7308,1.0
2025-07-16 15:44:00+00:00,2025-07-16 16:04:00+00:00,long,119046.95,118774.95,SL,-1.9173,189.8135,1.0
2025-07-16 16:52:00+00:00,2025-07-16 18:45:00+00:00,long,119235.33,119904.13,TP,3.7963,193.6098,1.0
2025-07-16 19:22:00+00:00,2025-07-16 19:30:00+00:00,long,119362.63,119003.46,SL,-1.9361,191.6737,1.0
2025-07-16 20:08:00+00:00,2025-07-16 20:23:00+00:00,short,119152.78,119391.84,SL,-1.9167,189.757,1.0
2025-07-16 21:00:00+00:00,2025-07-16 21:35:00+00:00,long,119958.53,119677.69,SL,-1.8976,187.8594,1.0
2025-07-16 21:58:00+00:00,2025-07-16 22:47:00+00:00,short,119266.99,118730.01,TP,3.7572,191.6166,1.0
2025-07-16 23:19:00+00:00,2025-07-16 23:36:00+00:00,short,118420.0,118666.94,SL,-1.9162,189.7004,1.0
2025-07-16 23:50:00+00:00,2025-07-17 00:21:00+00:00,short,118680.02,118945.43,SL,-1.897,187.8034,1.0
2025-07-17 00:28:00+00:00,2025-07-17 00:42:00+00:00,short,118844.45,119138.3,SL,-1.878,185.9254,1.0
2025-07-17 01:07:00+00:00,2025-07-17 01:19:00+00:00,long,119079.94,118829.16,SL,-1.8593,184.0661,1.0
2025-07-17 01:46:00+00:00,2025-07-17 02:09:00+00:00,short,118020.05,118269.05,SL,-1.8407,182.2255,1.0
2025-07-17 02:28:00+00:00,2025-07-17 03:18:00+00:00,short,118391.13,117890.24,TP,3.6445,185.87,1.0
2025-07-17 03:27:00+00:00,2025-07-17 03:56:00+00:00,short,117872.89,118135.85,SL,-1.8587,184.0113,1.0
2025-07-17 04:04:00+00:00,2025-07-17 04:12:00+00:00,short,118020.0,118267.31,SL,-1.8401,182.1712,1.0
2025-07-17 04:25:00+00:00,2025-07-17 04:57:00+00:00,short,118234.4,118480.0,SL,-1.8217,180.3494,1.0
2025-07-17 05:17:00+00:00,2025-07-17 07:03:00+00:00,long,118329.61,118092.23,SL,-1.8035,178.5459,1.0
2025-07-17 07:21:00+00:00,2025-07-17 07:32:00+00:00,short,117910.61,118157.57,SL,-1.7855,176.7605,1.0
2025-07-17 08:36:00+00:00,2025-07-17 08:42:00+00:00,short,118148.48,118395.04,SL,-1.7676,174.9929,1.0
2025-07-17 09:03:00+00:00,2025-07-17 09:22:00+00:00,long,118426.47,118911.3,TP,3.4999,178.4927,1.0
2025-07-17 10:16:00+00:00,2025-07-17 10:40:00+00:00,long,118601.4,118340.55,SL,-1.7849,176.7078,1.0
2025-07-17 11:05:00+00:00,2025-07-17 12:09:00+00:00,short,118243.64,117762.07,TP,3.5342,180.242,1.0
2025-07-17 12:22:00+00:00,2025-07-17 12:44:00+00:00,short,117711.02,117977.99,SL,-1.8024,178.4395,1.0
2025-07-17 12:57:00+00:00,2025-07-17 13:53:00+00:00,short,117993.3,118275.56,SL,-1.7844,176.6552,1.0
2025-07-17 14:22:00+00:00,2025-07-17 15:42:00+00:00,long,118555.25,119031.0,TP,3.5331,180.1883,1.0
2025-07-17 16:21:00+00:00,2025-07-17 16:32:00+00:00,long,118654.38,118401.44,SL,-1.8019,178.3864,1.0
2025-07-17 16:41:00+00:00,2025-07-17 17:50:00+00:00,long,118601.49,119076.01,TP,3.5677,181.9541,1.0
2025-07-17 18:20:00+00:00,2025-07-17 19:47:00+00:00,long,119569.17,119244.82,SL,-1.8195,180.1346,1.0
2025-07-17 21:00:00+00:00,2025-07-17 21:08:00+00:00,long,119510.72,119993.33,TP,3.6027,183.7373,1.0
2025-07-17 22:13:00+00:00,2025-07-17 22:22:00+00:00,long,120399.99,120157.64,SL,-1.8374,181.8999,1.0
2025-07-17 22:34:00+00:00,2025-07-17 22:50:00+00:00,long,120187.93,119869.99,SL,-1.819,180.0809,1.0
2025-07-17 23:18:00+00:00,2025-07-18 00:12:00+00:00,short,119613.83,119054.73,TP,3.6016,183.6825,1.0
2025-07-18 00:43:00+00:00,2025-07-18 01:11:00+00:00,long,119710.26,120279.02,TP,3.6736,187.3561,1.0
2025-07-18 01:35:00+00:00,2025-07-18 02:02:00+00:00,long,120452.26,120209.49,SL,-1.8736,185.4826,1.0
2025-07-18 02:12:00+00:00,2025-07-18 02:15:00+00:00,long,120237.8,119977.02,SL,-1.8548,183.6278,1.0
2025-07-18 02:24:00+00:00,2025-07-18 05:13:00+00:00,long,120050.38,120574.38,TP,3.6726,187.3003,1.0
2025-07-18 05:49:00+00:00,2025-07-18 06:29:00+00:00,long,120418.36,120151.97,SL,-1.873,185.4273,1.0
2025-07-18 06:56:00+00:00,2025-07-18 07:25:00+00:00,short,120267.94,119735.89,TP,3.7085,189.1359,1.0
2025-07-18 07:52:00+00:00,2025-07-18 08:31:00+00:00,short,119508.39,118868.6,TP,3.7827,192.9186,1.0
2025-07-18 09:18:00+00:00,2025-07-18 09:41:00+00:00,short,118620.46,118892.91,SL,-1.9292,190.9894,1.0
2025-07-18 09:54:00+00:00,2025-07-18 10:49:00+00:00,short,118803.75,119094.01,SL,-1.9099,189.0795,1.0
2025-07-18 11:54:00+00:00,2025-07-18 13:15:00+00:00,long,119097.42,118840.01,SL,-1.8908,187.1887,1.0
2025-07-18 13:41:00+00:00,2025-07-18 13:47:00+00:00,short,118558.35,118830.73,SL,-1.8719,185.3168,1.0
2025-07-18 14:16:00+00:00,2025-07-18 14:22:00+00:00,short,118643.07,117946.9,TP,3.7063,189.0232,1.0
2025-07-18 15:07:00+00:00,2025-07-18 15:19:00+00:00,short,118080.01,117605.08,TP,3.7805,192.8036,1.0
2025-07-18 15:42:00+00:00,2025-07-18 15:48:00+00:00,short,117528.73,117780.97,SL,-1.928,190.8756,1.0
2025-07-18 16:08:00+00:00,2025-07-18 19:01:00+00:00,short,117764.25,117267.42,TP,3.8175,194.6931,1.0
2025-07-18 19:58:00+00:00,2025-07-18 20:34:00+00:00,short,117326.61,116819.36,TP,3.8939,198.587,1.0
2025-07-18 22:12:00+00:00,2025-07-19 01:41:00+00:00,long,117581.18,118056.36,TP,3.9717,202.5587,1.0
2025-07-19 01:52:00+00:00,2025-07-19 14:38:00+00:00,long,118059.99,117820.01,SL,-3.0384,199.5203,1.5
2025-07-19 14:58:00+00:00,2025-07-19 15:10:00+00:00,short,117662.35,117956.13,SL,-1.9952,197.5251,1.0
2025-07-19 16:40:00+00:00,2025-07-19 21:17:00+00:00,short,118016.64,117518.25,TP,3.9505,201.4756,1.0
2025-07-19 22:02:00+00:00,2025-07-19 22:41:00+00:00,short,117582.4,117819.83,SL,-3.0221,198.4535,1.5
2025-07-19 22:53:00+00:00,2025-07-20 13:52:00+00:00,long,117849.99,118333.07,TP,3.9691,202.4225,1.0
2025-07-20 14:18:00+00:00,2025-07-20 14:53:00+00:00,long,118675.09,118436.79,SL,-3.0363,199.3862,1.5
2025-07-20 15:10:00+00:00,2025-07-20 17:41:00+00:00,long,118405.89,118127.84,SL,-1.9939,197.3923,1.0
2025-07-20 18:19:00+00:00,2025-07-20 18:47:00+00:00,short,118149.4,118399.82,SL,-1.9739,195.4184,1.0
2025-07-20 19:10:00+00:00,2025-07-20 19:55:00+00:00,long,118555.0,118263.28,SL,-1.9542,193.4642,1.0
2025-07-20 20:54:00+00:00,2025-07-20 22:04:00+00:00,short,118171.24,117652.25,TP,3.8693,197.3335,1.0
2025-07-20 22:55:00+00:00,2025-07-21 00:10:00+00:00,short,117518.34,117015.9,TP,3.9467,201.2802,1.0
2025-07-21 01:09:00+00:00,2025-07-21 01:36:00+00:00,short,117311.7,116835.22,TP,6.0384,207.3186,1.5
2025-07-21 02:29:00+00:00,2025-07-21 02:45:00+00:00,long,118039.99,117783.8,SL,-3.1098,204.2088,1.5
2025-07-21 02:52:00+00:00,2025-07-21 03:05:00+00:00,long,117977.04,118449.99,TP,6.1263,210.3351,1.5
2025-07-21 03:33:00+00:00,2025-07-21 03:50:00+00:00,long,118585.18,118329.36,SL,-3.155,207.1801,1.5
2025-07-21 03:58:00+00:00,2025-07-21 06:30:00+00:00,long,118407.99,118996.28,TP,6.2154,213.3955,1.5
2025-07-21 06:56:00+00:00,2025-07-21 08:52:00+00:00,long,119187.99,118900.0,SL,-3.2009,210.1945,1.5
2025-07-21 09:14:00+00:00,2025-07-21 10:39:00+00:00,short,118927.03,118426.47,TP,6.3058,216.5004,1.5
2025-07-21 11:10:00+00:00,2025-07-21 11:59:00+00:00,short,118632.29,118070.17,TP,6.495,222.9954,1.5
2025-07-21 12:31:00+00:00,2025-07-21 13:38:00+00:00,short,118321.46,118577.6,SL,-3.3449,219.6504,1.5
2025-07-21 14:16:00+00:00,2025-07-21 15:34:00+00:00,long,118824.21,118550.01,SL,-3.2948,216.3557,1.5
2025-07-21 15:59:00+00:00,2025-07-21 16:16:00+00:00,short,118313.16,117813.99,TP,6.4907,222.8464,1.5
2025-07-21 16:44:00+00:00,2025-07-21 17:10:00+00:00,short,117833.77,118092.78,SL,-3.3427,219.5037,1.5
2025-07-21 17:16:00+00:00,2025-07-21 17:41:00+00:00,short,117908.6,117406.28,TP,6.5851,226.0888,1.5
2025-07-21 18:09:00+00:00,2025-07-21 18:22:00+00:00,short,117876.86,118154.92,SL,-3.3913,222.6974,1.5
2025-07-21 18:25:00+00:00,2025-07-21 18:43:00+00:00,short,117940.0,117466.6,TP,6.6809,229.3784,1.5
2025-07-21 18:57:00+00:00,2025-07-21 19:08:00+00:00,short,117154.41,117405.23,SL,-3.4407,225.9377,1.5
2025-07-21 19:21:00+00:00,2025-07-21 19:34:00+00:00,short,117307.65,116822.05,TP,6.7781,232.7158,1.5
2025-07-21 19:46:00+00:00,2025-07-21 20:15:00+00:00,short,116750.01,117088.4,SL,-3.4907,229.2251,1.5
2025-07-21 20:37:00+00:00,2025-07-21 21:41:00+00:00,short,117080.0,117314.69,SL,-3.4384,225.7867,1.5
2025-07-21 22:09:00+00:00,2025-07-22 01:01:00+00:00,long,117260.0,117010.0,SL,-3.3868,222.3999,1.5
2025-07-22 01:15:00+00:00,2025-07-22 01:20:00+00:00,short,116685.01,116964.67,SL,-3.336,219.0639,1.5
2025-07-22 02:22:00+00:00,2025-07-22 02:42:00+00:00,long,117657.2,117319.08,SL,-3.286,215.778,1.5
2025-07-22 03:17:00+00:00,2025-07-22 03:27:00+00:00,short,116815.61,117106.56,SL,-3.2367,212.5413,1.5
2025-07-22 03:37:00+00:00,2025-07-22 03:53:00+00:00,short,116894.54,117136.7,SL,-3.1881,209.3532,1.5
2025-07-22 04:04:00+00:00,2025-07-22 04:59:00+00:00,short,117135.99,116555.01,TP,6.2806,215.6338,1.5
2025-07-22 05:53:00+00:00,2025-07-22 06:56:00+00:00,long,117296.91,117779.99,TP,6.469,222.1028,1.5
2025-07-22 07:25:00+00:00,2025-07-22 07:33:00+00:00,long,118525.72,118233.49,SL,-3.3315,218.7712,1.5
2025-07-22 08:12:00+00:00,2025-07-22 08:52:00+00:00,long,117768.18,118244.38,TP,6.5631,225.3344,1.5
2025-07-22 09:24:00+00:00,2025-07-22 09:45:00+00:00,long,118095.46,118582.49,TP,6.76,232.0944,1.5
2025-07-22 10:18:00+00:00,2025-07-22 10:59:00+00:00,long,118473.71,118955.99,TP,6.9628,239.0572,1.5
2025-07-22 11:30:00+00:00,2025-07-22 13:51:00+00:00,long,119070.33,118689.99,SL,-3.5859,235.4714,1.5
2025-07-22 14:49:00+00:00,2025-07-22 14:57:00+00:00,short,118706.64,118982.88,SL,-3.5321,231.9393,1.5
2025-07-22 15:34:00+00:00,2025-07-22 15:44:00+00:00,long,119142.02,118875.69,SL,-3.4791,228.4602,1.5
2025-07-22 15:48:00+00:00,2025-07-22 16:02:00+00:00,long,119054.0,118777.25,SL,-3.4269,225.0333,1.5
2025-07-22 16:04:00+00:00,2025-07-22 16:42:00+00:00,long,119026.92,118788.23,SL,-3.3755,221.6578,1.5
2025-07-22 17:11:00+00:00,2025-07-22 17:22:00+00:00,short,118444.01,118693.84,SL,-3.3249,218.3329,1.5
2025-07-22 18:07:00+00:00,2025-07-22 18:10:00+00:00,long,119395.99,119115.12,SL,-3.275,215.0579,1.5
2025-07-22 18:23:00+00:00,2025-07-22 18:54:00+00:00,long,119415.12,119985.99,TP,6.4517,221.5097,1.5
2025-07-22 19:48:00+00:00,2025-07-22 20:24:00+00:00,long,119341.64,119831.99,TP,6.6453,228.155,1.5
2025-07-22 20:47:00+00:00,2025-07-22 21:26:00+00:00,long,119767.33,119522.34,SL,-3.4223,224.7326,1.5
2025-07-22 21:36:00+00:00,2025-07-22 22:39:00+00:00,long,119528.25,120009.98,TP,6.742,231.4746,1.5
2025-07-22 23:03:00+00:00,2025-07-23 00:28:00+00:00,long,119961.0,119705.3,SL,-3.4721,228.0025,1.5
2025-07-23 00:37:00+00:00,2025-07-23 00:52:00+00:00,long,119819.99,119565.21,SL,-3.42,224.5825,1.5
2025-07-23 01:40:00+00:00,2025-07-23 03:01:00+00:00,short,119487.43,118946.27,TP,6.7375,231.3199,1.5
2025-07-23 03:17:00+00:00,2025-07-23 06:44:00+00:00,short,118900.0,118420.01,TP,6.9396,238.2595,1.5
2025-07-23 07:10:00+00:00,2025-07-23 10:10:00+00:00,short,118377.71,117886.69,TP,7.1478,245.4073,1.5
2025-07-23 10:36:00+00:00,2025-07-23 11:22:00+00:00,short,118237.37,118489.99,SL,-3.6811,241.7262,1.5
2025-07-23 12:12:00+00:00,2025-07-23 12:41:00+00:00,long,118579.99,118220.01,SL,-3.6259,238.1003,1.5
2025-07-23 13:18:00+00:00,2025-07-23 13:50:00+00:00,short,117884.01,117341.52,TP,7.143,245.2433,1.5
2025-07-23 14:00:00+00:00,2025-07-23 14:01:00+00:00,short,117347.3,117583.63,SL,-3.6787,241.5647,1.5
2025-07-23 14:30:00+00:00,2025-07-23 14:59:00+00:00,short,117938.65,118204.99,SL,-3.6235,237.9412,1.5
2025-07-23 15:06:00+00:00,2025-07-23 15:32:00+00:00,short,117914.35,118156.0,SL,-3.5691,234.3721,1.5
2025-07-23 15:54:00+00:00,2025-07-23 16:10:00+00:00,long,118388.19,118102.27,SL,-3.5156,230.8565,1.5
2025-07-23 16:34:00+00:00,2025-07-23 16:51:00+00:00,short,117567.12,117810.52,SL,-3.4628,227.3937,1.5
2025-07-23 17:07:00+00:00,2025-07-23 17:46:00+00:00,short,117676.14,117926.19,SL,-3.4109,223.9828,1.5
2025-07-23 17:51:00+00:00,2025-07-23 17:56:00+00:00,short,117746.75,118028.53,SL,-3.3597,220.623,1.5
2025-07-23 18:24:00+00:00,2025-07-23 20:27:00+00:00,long,118276.0,117987.01,SL,-3.3093,217.3137,1.5
2025-07-23 21:17:00+00:00,2025-07-23 21:26:00+00:00,short,117914.83,117435.01,TP,6.5194,223.8331,1.5
2025-07-23 21:37:00+00:00,2025-07-23 21:39:00+00:00,short,117430.75,117846.18,SL,-3.3575,220.4756,1.5
2025-07-23 22:09:00+00:00,2025-07-23 23:59:00+00:00,long,118263.98,118755.99,TP,6.6143,227.0899,1.5
2025-07-24 00:07:00+00:00,2025-07-24 03:26:00+00:00,long,118719.65,119223.09,TP,6.8127,233.9026,1.5
2025-07-24 04:24:00+00:00,2025-07-24 05:07:00+00:00,short,118284.26,117750.01,TP,7.0171,240.9196,1.5
2025-07-24 05:19:00+00:00,2025-07-24 05:41:00+00:00,short,117577.19,117873.87,SL,-3.6138,237.3058,1.5
2025-07-24 05:51:00+00:00,2025-07-24 07:05:00+00:00,short,117680.01,117112.0,TP,7.1192,244.425,1.5
2025-07-24 07:43:00+00:00,2025-07-24 08:12:00+00:00,long,118235.81,118785.67,TP,7.3327,251.7578,1.5
2025-07-24 08:49:00+00:00,2025-07-24 09:18:00+00:00,long,118770.22,118512.28,SL,-3.7764,247.9814,1.5
2025-07-24 09:29:00+00:00,2025-07-24 09:49:00+00:00,long,118609.22,118334.02,SL,-3.7197,244.2617,1.5
2025-07-24 09:53:00+00:00,2025-07-24 10:18:00+00:00,long,118499.98,118243.32,SL,-3.6639,240.5977,1.5
2025-07-24 11:12:00+00:00,2025-07-24 13:58:00+00:00,long,118478.99,118239.99,SL,-3.609,236.9888,1.5
2025-07-24 14:08:00+00:00,2025-07-24 14:34:00+00:00,short,118170.0,118434.9,SL,-3.5548,233.434,1.5
2025-07-24 15:41:00+00:00,2025-07-24 16:16:00+00:00,long,119014.01,118763.29,SL,-3.5015,229.9324,1.5
2025-07-24 16:23:00+00:00,2025-07-24 16:29:00+00:00,long,118942.13,118684.52,SL,-3.449,226.4835,1.5
2025-07-24 17:22:00+00:00,2025-07-24 20:56:00+00:00,long,118999.99,118761.52,SL,-3.3973,223.0862,1.5
2025-07-24 20:57:00+00:00,2025-07-24 22:49:00+00:00,short,118746.71,118265.53,TP,6.6926,229.7788,1.5
2025-07-24 23:01:00+00:00,2025-07-25 00:39:00+00:00,short,118205.56,117728.01,TP,6.8934,236.6722,1.5
2025-07-25 01:11:00+00:00,2025-07-25 02:12:00+00:00,short,117589.4,117101.96,TP,7.1002,243.7723,1.5
2025-07-25 02:27:00+00:00,2025-07-25 02:46:00+00:00,short,117100.0,116528.01,TP,7.3132,251.0855,1.5
2025-07-25 02:59:00+00:00,2025-07-25 03:17:00+00:00,short,116353.67,115876.42,TP,7.5326,258.6181,1.5
2025-07-25 03:30:00+00:00,2025-07-25 04:22:00+00:00,short,115624.01,115152.81,TP,7.7585,266.3766,1.5
2025-07-25 04:23:00+00:00,2025-07-25 04:28:00+00:00,short,115145.23,115384.0,SL,-3.9956,262.3809,1.5
2025-07-25 04:51:00+00:00,2025-07-25 05:13:00+00:00,short,115939.13,115422.6,TP,7.8714,270.2524,1.5
2025-07-25 05:30:00+00:00,2025-07-25 07:01:00+00:00,short,115550.98,115081.96,TP,8.1076,278.3599,1.5
2025-07-25 08:59:00+00:00,2025-07-25 09:19:00+00:00,short,115202.55,115467.46,SL,-4.1754,274.1845,1.5
2025-07-25 09:55:00+00:00,2025-07-25 10:35:00+00:00,long,115879.99,116379.0,TP,8.2255,282.4101,1.5
2025-07-25 10:41:00+00:00,2025-07-25 12:32:00+00:00,long,116367.74,116125.01,SL,-4.2362,278.1739,1.5
2025-07-25 12:53:00+00:00,2025-07-25 13:33:00+00:00,short,116201.38,116449.99,SL,-4.1726,274.0013,1.5
2025-07-25 13:39:00+00:00,2025-07-25 13:58:00+00:00,short,115965.17,116213.37,SL,-4.11,269.8913,1.5
2025-07-25 14:04:00+00:00,2025-07-25 14:17:00+00:00,short,115900.0,115428.41,TP,8.0967,277.988,1.5
2025-07-25 14:32:00+00:00,2025-07-25 14:35:00+00:00,short,115276.23,115590.27,SL,-4.1698,273.8182,1.5
2025-07-25 14:38:00+00:00,2025-07-25 15:23:00+00:00,short,115284.14,115540.0,SL,-4.1073,269.7109,1.5
2025-07-25 15:32:00+00:00,2025-07-25 15:55:00+00:00,short,115552.64,115794.01,SL,-4.0457,265.6653,1.5
2025-07-25 16:07:00+00:00,2025-07-25 16:20:00+00:00,long,115863.67,115583.11,SL,-3.985,261.6803,1.5
2025-07-25 16:29:00+00:00,2025-07-25 17:02:00+00:00,long,115783.07,116250.01,TP,7.8504,269.5307,1.5
2025-07-25 17:41:00+00:00,2025-07-25 19:15:00+00:00,long,116199.72,116716.85,TP,8.0859,277.6166,1.5
2025-07-25 19:27:00+00:00,2025-07-25 20:43:00+00:00,long,116709.4,117180.89,TP,8.3285,285.9451,1.5
2025-07-25 21:11:00+00:00,2025-07-26 02:33:00+00:00,long,117262.8,117740.88,TP,8.5784,294.5235,1.5
2025-07-26 02:53:00+00:00,2025-07-26 06:13:00+00:00,long,117602.99,117363.15,SL,-4.4179,290.1056,1.5
2025-07-26 06:48:00+00:00,2025-07-26 10:16:00+00:00,short,117388.77,117638.83,SL,-4.3516,285.7541,1.5
2025-07-26 11:32:00+00:00,2025-07-27 14:32:00+00:00,long,117972.99,118449.99,TP,8.5726,294.3267,1.5
2025-07-27 14:52:00+00:00,2025-07-27 16:04:00+00:00,long,118390.62,118969.37,TP,8.8298,303.1565,1.5
2025-07-27 16:11:00+00:00,2025-07-27 16:30:00+00:00,long,118920.01,119398.78,TP,9.0947,312.2512,1.5
2025-07-27 17:05:00+00:00,2025-07-27 17:17:00+00:00,long,119196.38,118945.43,SL,-4.6838,307.5674,1.5
2025-07-27 17:27:00+00:00,2025-07-27 20:52:00+00:00,long,119093.89,118851.01,SL,-4.6135,302.9539,1.5
2025-07-27 20:53:00+00:00,2025-07-27 21:35:00+00:00,short,118824.66,119079.92,SL,-4.5443,298.4096,1.5
2025-07-27 22:00:00+00:00,2025-07-27 23:11:00+00:00,long,119470.8,119211.51,SL,-4.4761,293.9334,1.5
2025-07-27 23:18:00+00:00,2025-07-28 00:48:00+00:00,long,119416.46,119142.75,SL,-4.409,289.5244,1.5
2025-07-28 01:01:00+00:00,2025-07-28 01:19:00+00:00,short,119120.13,119371.54,SL,-4.3429,285.1816,1.5
2025-07-28 01:29:00+00:00,2025-07-28 01:33:00+00:00,long,119390.0,119139.99,SL,-4.2777,280.9038,1.5
2025-07-28 03:02:00+00:00,2025-07-28 03:27:00+00:00,long,119521.02,119275.67,SL,-4.2136,276.6903,1.5
2025-07-28 03:44:00+00:00,2025-07-28 05:41:00+00:00,short,119239.82,119479.31,SL,-4.1504,272.5399,1.5
2025-07-28 05:49:00+00:00,2025-07-28 07:03:00+00:00,long,119550.0,119259.98,SL,-4.0881,268.4518,1.5
2025-07-28 07:33:00+00:00,2025-07-28 08:56:00+00:00,short,118849.99,119089.29,SL,-4.0268,264.4251,1.5
2025-07-28 09:03:00+00:00,2025-07-28 13:32:00+00:00,short,118954.55,118379.84,TP,7.9328,272.3578,1.5
2025-07-28 13:47:00+00:00,2025-07-28 14:35:00+00:00,short,118450.01,117958.0,TP,8.1707,280.5285,1.5
2025-07-28 14:51:00+00:00,2025-07-28 15:23:00+00:00,short,118087.61,118328.87,SL,-4.2079,276.3206,1.5
2025-07-28 15:36:00+00:00,2025-07-28 17:14:00+00:00,short,118368.63,117862.84,TP,8.2896,284.6102,1.5
2025-07-28 17:41:00+00:00,2025-07-28 19:04:00+00:00,short,117833.77,118084.59,SL,-4.2692,280.3411,1.5
2025-07-28 20:07:00+00:00,2025-07-28 20:55:00+00:00,short,117840.62,118080.0,SL,-4.2051,276.136,1.5
2025-07-28 21:18:00+00:00,2025-07-28 22:40:00+00:00,long,118160.0,117910.01,SL,-4.142,271.9939,1.5
2025-07-28 23:26:00+00:00,2025-07-29 00:08:00+00:00,short,117976.4,118245.15,SL,-4.0799,267.914,1.5
2025-07-29 02:17:00+00:00,2025-07-29 02:29:00+00:00,short,117661.27,117905.05,SL,-4.0187,263.8953,1.5
2025-07-29 02:40:00+00:00,2025-07-29 02:49:00+00:00,short,117805.29,118059.15,SL,-3.9584,259.9369,1.5
2025-07-29 02:52:00+00:00,2025-07-29 03:00:00+00:00,short,117917.13,118200.0,SL,-3.8991,256.0378,1.5
2025-07-29 03:40:00+00:00,2025-07-29 06:17:00+00:00,long,118435.71,118925.35,TP,7.6811,263.719,1.5
2025-07-29 07:04:00+00:00,2025-07-29 10:03:00+00:00,long,118944.14,118685.75,SL,-3.9558,259.7632,1.5
2025-07-29 10:39:00+00:00,2025-07-29 12:26:00+00:00,short,118585.74,118914.76,SL,-3.8964,255.8667,1.5
2025-07-29 13:15:00+00:00,2025-07-29 13:55:00+00:00,long,118875.86,118608.31,SL,-3.838,252.0287,1.5
2025-07-29 14:38:00+00:00,2025-07-29 15:22:00+00:00,short,118106.9,117606.23,TP,7.5609,259.5896,1.5
2025-07-29 15:42:00+00:00,2025-07-29 15:47:00+00:00,short,117285.7,117599.96,SL,-3.8938,255.6957,1.5
2025-07-29 15:59:00+00:00,2025-07-29 16:46:00+00:00,short,117400.01,117638.34,SL,-3.8354,251.8603,1.5
2025-07-29 17:00:00+00:00,2025-07-29 17:13:00+00:00,short,117654.69,117909.78,SL,-3.7779,248.0824,1.5
2025-07-29 17:31:00+00:00,2025-07-29 17:42:00+00:00,long,118021.88,117770.6,SL,-3.7212,244.3612,1.5
2025-07-29 17:55:00+00:00,2025-07-29 18:08:00+00:00,long,117860.94,117571.43,SL,-3.6654,240.6957,1.5
2025-07-29 18:23:00+00:00,2025-07-29 18:29:00+00:00,short,117488.83,117725.92,SL,-3.6104,237.0853,1.5
2025-07-29 18:43:00+00:00,2025-07-29 19:16:00+00:00,short,117714.97,117954.61,SL,-3.5563,233.529,1.5
2025-07-29 19:22:00+00:00,2025-07-29 20:21:00+00:00,short,117560.45,117799.99,SL,-3.5029,230.0261,1.5
2025-07-29 20:31:00+00:00,2025-07-29 22:01:00+00:00,short,117461.85,117698.04,SL,-3.4504,226.5757,1.5
2025-07-29 22:21:00+00:00,2025-07-30 02:13:00+00:00,long,117582.14,118100.52,TP,6.7973,233.373,1.5
2025-07-30 02:36:00+00:00,2025-07-30 05:13:00+00:00,long,118002.82,117721.79,SL,-3.5006,229.8724,1.5
2025-07-30 05:43:00+00:00,2025-07-30 06:18:00+00:00,short,117926.48,118165.26,SL,-3.4481,226.4243,1.5
2025-07-30 06:27:00+00:00,2025-07-30 11:17:00+00:00,long,118196.63,117913.19,SL,-3.3964,223.0279,1.5
2025-07-30 11:44:00+00:00,2025-07-30 14:39:00+00:00,short,117798.01,118064.45,SL,-3.3454,219.6825,1.5
2025-07-30 15:36:00+00:00,2025-07-30 15:50:00+00:00,long,118223.47,117890.46,SL,-3.2952,216.3873,1.5
2025-07-30 16:01:00+00:00,2025-07-30 18:40:00+00:00,short,117899.36,117291.06,TP,6.4916,222.8789,1.5
2025-07-30 19:59:00+00:00,2025-07-30 20:05:00+00:00,short,116916.73,117163.31,SL,-3.3432,219.5357,1.5
2025-07-30 20:06:00+00:00,2025-07-30 20:50:00+00:00,long,117211.79,116975.93,SL,-3.293,216.2427,1.5
2025-07-30 21:11:00+00:00,2025-07-30 21:36:00+00:00,long,117195.22,116955.65,SL,-3.2436,212.999,1.5
2025-07-30 22:06:00+00:00,2025-07-30 23:48:00+00:00,long,117400.01,117871.39,TP,6.39,219.389,1.5
2025-07-31 00:16:00+00:00,2025-07-31 00:47:00+00:00,long,117934.77,118475.79,TP,6.5817,225.9707,1.5
2025-07-31 01:30:00+00:00,2025-07-31 01:53:00+00:00,long,118326.56,118041.75,SL,-3.3896,222.5811,1.5
2025-07-31 02:01:00+00:00,2025-07-31 03:52:00+00:00,long,118091.99,118599.99,TP,6.6774,229.2586,1.5
2025-07-31 04:16:00+00:00,2025-07-31 13:16:00+00:00,long,118455.1,118141.73,SL,-3.4389,225.8197,1.5
2025-07-31 14:58:00+00:00,2025-07-31 15:03:00+00:00,short,117922.01,118189.99,SL,-3.3873,222.4324,1.5
2025-07-31 15:10:00+00:00,2025-07-31 15:18:00+00:00,short,117940.38,118189.5,SL,-3.3365,219.0959,1.5
2025-07-31 15:22:00+00:00,2025-07-31 15:37:00+00:00,short,118003.94,118266.06,SL,-3.2864,215.8095,1.5
2025-07-31 15:49:00+00:00,2025-07-31 16:15:00+00:00,short,118152.02,118416.49,SL,-3.2371,212.5723,1.5
2025-07-31 16:27:00+00:00,2025-07-31 17:03:00+00:00,long,118484.99,118242.4,SL,-3.1886,209.3837,1.5
2025-07-31 17:13:00+00:00,2025-07-31 17:52:00+00:00,short,118272.1,117779.99,TP,6.2815,215.6652,1.5
2025-07-31 18:40:00+00:00,2025-07-31 19:12:00+00:00,short,117868.31,117350.0,TP,6.47,222.1352,1.5
2025-07-31 19:26:00+00:00,2025-07-31 20:09:00+00:00,short,117123.44,116600.0,TP,6.6641,228.7993,1.5
2025-07-31 20:15:00+00:00,2025-07-31 20:19:00+00:00,short,116569.99,116812.29,SL,-3.432,225.3673,1.5
2025-07-31 20:34:00+00:00,2025-07-31 21:31:00+00:00,short,116567.99,116837.95,SL,-3.3805,221.9868,1.5
2025-07-31 21:37:00+00:00,2025-07-31 22:08:00+00:00,short,116736.53,116203.74,TP,6.6596,228.6464,1.5
2025-07-31 22:26:00+00:00,2025-07-31 23:14:00+00:00,short,116129.61,116362.99,SL,-3.4297,225.2167,1.5
2025-07-31 23:19:00+00:00,2025-07-31 23:40:00+00:00,short,116152.0,115611.34,TP,6.7565,231.9732,1.5
2025-07-31 23:54:00+00:00,2025-08-01 00:19:00+00:00,short,115573.46,115840.9,SL,-3.4796,228.4936,1.5
2025-08-01 00:31:00+00:00,2025-08-01 00:50:00+00:00,short,115662.01,114954.9,TP,6.8548,235.3484,1.5
2025-08-01 01:08:00+00:00,2025-08-01 01:28:00+00:00,short,114990.0,115255.74,SL,-3.5302,231.8181,1.5
2025-08-01 01:47:00+00:00,2025-08-01 02:07:00+00:00,short,115185.37,115417.33,SL,-3.4773,228.3409,1.5
2025-08-01 02:36:00+00:00,2025-08-01 04:01:00+00:00,long,115831.28,115593.54,SL,-3.4251,224.9158,1.5
2025-08-01 04:45:00+00:00,2025-08-01 05:03:00+00:00,short,115545.99,115816.01,SL,-3.3737,221.542,1.5
2025-08-01 05:34:00+00:00,2025-08-01 07:09:00+00:00,short,115546.18,115005.01,TP,6.6463,228.1883,1.5
2025-08-01 07:23:00+00:00,2025-08-01 08:23:00+00:00,short,114912.18,114446.93,TP,6.8456,235.0339,1.5
2025-08-01 08:35:00+00:00,2025-08-01 08:38:00+00:00,short,114144.01,114550.0,SL,-3.5255,231.5084,1.5
2025-08-01 08:59:00+00:00,2025-08-01 09:01:00+00:00,short,114615.99,115042.05,SL,-3.4726,228.0358,1.5
2025-08-01 09:19:00+00:00,2025-08-01 10:00:00+00:00,long,115159.41,114896.47,SL,-3.4205,224.6153,1.5
2025-08-01 10:49:00+00:00,2025-08-01 11:27:00+00:00,short,114815.3,115054.03,SL,-3.3692,221.246,1.5
2025-08-01 11:48:00+00:00,2025-08-01 12:33:00+00:00,long,115287.06,115801.54,TP,6.6374,227.8834,1.5
2025-08-01 13:08:00+00:00,2025-08-01 13:22:00+00:00,long,115867.39,115584.57,SL,-3.4183,224.4652,1.5
2025-08-01 16:06:00+00:00,2025-08-01 16:32:00+00:00,long,115580.0,115341.83,SL,-3.367,221.0982,1.5
2025-08-01 16:45:00+00:00,2025-08-01 16:48:00+00:00,long,115524.14,115290.01,SL,-3.3165,217.7817,1.5
2025-08-01 16:54:00+00:00,2025-08-01 17:13:00+00:00,short,115066.7,114539.22,TP,6.5335,224.3152,1.5
2025-08-01 17:14:00+00:00,2025-08-01 17:30:00+00:00,short,114594.26,114887.54,SL,-3.3647,220.9504,1.5
2025-08-01 17:38:00+00:00,2025-08-01 17:40:00+00:00,short,114464.11,114759.99,SL,-3.3143,217.6362,1.5
2025-08-01 17:44:00+00:00,2025-08-01 18:16:00+00:00,short,114454.96,113828.2,TP,6.5291,224.1653,1.5
2025-08-01 18:45:00+00:00,2025-08-01 19:15:00+00:00,short,114132.38,113652.99,TP,6.725,230.8902,1.5
2025-08-01 19:42:00+00:00,2025-08-01 20:21:00+00:00,short,113368.73,113605.85,SL,-3.4634,227.4269,1.5
2025-08-01 20:40:00+00:00,2025-08-01 20:54:00+00:00,short,113445.72,113694.92,SL,-3.4114,224.0155,1.5
2025-08-01 21:25:00+00:00,2025-08-01 22:05:00+00:00,long,113974.45,113654.0,SL,-3.3602,220.6552,1.5
2025-08-01 22:23:00+00:00,2025-08-01 22:25:00+00:00,short,113369.56,113660.42,SL,-3.3098,217.3454,1.5
2025-08-01 22:49:00+00:00,2025-08-01 22:52:00+00:00,short,112847.99,113103.37,SL,-3.2602,214.0852,1.5
2025-08-01 23:32:00+00:00,2025-08-02 00:40:00+00:00,short,113364.0,113674.11,SL,-3.2113,210.8739,1.5
2025-08-02 01:03:00+00:00,2025-08-02 01:19:00+00:00,long,113890.32,113644.21,SL,-3.1631,207.7108,1.5
2025-08-02 01:37:00+00:00,2025-08-02 13:28:00+00:00,long,113637.27,113331.87,SL,-3.1157,204.5952,1.5
2025-08-02 14:10:00+00:00,2025-08-02 14:52:00+00:00,short,113450.0,112969.97,TP,6.1379,210.733,1.5
2025-08-02 15:22:00+00:00,2025-08-02 16:00:00+00:00,short,113263.96,112801.29,TP,6.322,217.055,1.5
2025-08-02 16:08:00+00:00,2025-08-02 16:40:00+00:00,short,112832.61,113059.28,SL,-3.2558,213.7992,1.5
2025-08-02 16:50:00+00:00,2025-08-02 17:04:00+00:00,short,113070.22,113327.97,SL,-3.207,210.5922,1.5
2025-08-02 18:14:00+00:00,2025-08-02 19:13:00+00:00,short,112500.01,112013.99,TP,6.3178,216.91,1.5
2025-08-02 20:22:00+00:00,2025-08-02 20:26:00+00:00,short,112113.48,112373.9,SL,-3.2536,213.6563,1.5
2025-08-02 20:39:00+00:00,2025-08-02 20:55:00+00:00,short,112337.38,112668.23,SL,-3.2048,210.4515,1.5
2025-08-02 21:31:00+00:00,2025-08-02 23:20:00+00:00,long,112712.85,112397.97,SL,-3.1568,207.2947,1.5
2025-08-02 23:52:00+00:00,2025-08-03 00:37:00+00:00,short,112624.35,111964.01,TP,6.2188,213.5135,1.5
2025-08-03 01:26:00+00:00,2025-08-03 03:42:00+00:00,long,113189.14,113651.22,TP,6.4054,219.919,1.5
2025-08-03 04:18:00+00:00,2025-08-03 11:04:00+00:00,long,113497.25,113972.45,TP,6.5976,226.5165,1.5
2025-08-03 11:46:00+00:00,2025-08-03 12:11:00+00:00,long,114000.0,113686.33,SL,-3.3977,223.1188,1.5
2025-08-03 12:18:00+00:00,2025-08-03 12:43:00+00:00,short,113687.83,113959.73,SL,-3.3468,219.772,1.5
2025-08-03 13:32:00+00:00,2025-08-03 14:25:00+00:00,long,113887.99,113640.25,SL,-3.2966,216.4754,1.5
2025-08-03 15:00:00+00:00,2025-08-03 16:49:00+00:00,short,113760.01,113989.84,SL,-3.2471,213.2283,1.5
2025-08-03 17:01:00+00:00,2025-08-03 19:20:00+00:00,long,114024.0,114487.24,TP,6.3968,219.6251,1.5
2025-08-03 21:14:00+00:00,2025-08-03 22:05:00+00:00,long,114519.47,114257.69,SL,-3.2944,216.3308,1.5
2025-08-03 22:57:00+00:00,2025-08-04 00:43:00+00:00,short,114300.83,114541.94,SL,-3.245,213.0858,1.5
2025-08-04 01:25:00+00:00,2025-08-04 02:04:00+00:00,long,114857.55,114621.4,SL,-3.1963,209.8895,1.5
2025-08-04 02:16:00+00:00,2025-08-04 05:06:00+00:00,long,114552.51,114316.01,SL,-3.1483,206.7412,1.5
2025-08-04 05:19:00+00:00,2025-08-04 07:09:00+00:00,short,114250.0,114481.66,SL,-3.1011,203.64,1.5
2025-08-04 07:11:00+00:00,2025-08-04 09:57:00+00:00,long,114546.01,114302.3,SL,-3.0546,200.5854,1.5
2025-08-04 10:27:00+00:00,2025-08-04 13:44:00+00:00,short,114385.7,114788.1,SL,-3.0088,197.5767,1.5
2025-08-04 13:58:00+00:00,2025-08-04 14:06:00+00:00,long,114861.27,115400.0,TP,3.9515,201.5282,1.0
2025-08-04 15:33:00+00:00,2025-08-04 15:41:00+00:00,long,114880.37,114631.91,SL,-3.0229,198.5053,1.5
2025-08-04 16:41:00+00:00,2025-08-04 17:06:00+00:00,long,115083.05,115592.53,TP,3.9701,202.4754,1.0
2025-08-04 17:58:00+00:00,2025-08-04 18:55:00+00:00,long,115187.24,114954.88,SL,-3.0371,199.4382,1.5
2025-08-04 19:04:00+00:00,2025-08-04 21:37:00+00:00,short,114913.89,115147.78,SL,-1.9944,197.4439,1.0
2025-08-04 22:13:00+00:00,2025-08-05 00:02:00+00:00,long,115230.0,114983.41,SL,-1.9744,195.4694,1.0
2025-08-05 00:16:00+00:00,2025-08-05 03:07:00+00:00,short,114934.78,114469.99,TP,3.9094,199.3788,1.0
2025-08-05 04:03:00+00:00,2025-08-05 05:04:00+00:00,short,114227.76,114459.3,SL,-1.9938,197.385,1.0
2025-08-05 05:10:00+00:00,2025-08-05 07:37:00+00:00,short,114405.75,113810.01,TP,3.9477,201.3327,1.0
2025-08-05 07:53:00+00:00,2025-08-05 08:17:00+00:00,short,113950.0,114182.28,SL,-3.02,198.3127,1.5
2025-08-05 09:01:00+00:00,2025-08-05 10:25:00+00:00,long,114342.2,114800.0,TP,3.9663,202.279,1.0
2025-08-05 11:14:00+00:00,2025-08-05 12:22:00+00:00,long,114787.15,114467.0,SL,-3.0342,199.2448,1.5
2025-08-05 13:30:00+00:00,2025-08-05 13:33:00+00:00,short,114080.0,114321.46,SL,-1.9924,197.2524,1.0
2025-08-05 13:34:00+00:00,2025-08-05 13:37:00+00:00,short,114051.91,114387.5,SL,-1.9725,195.2798,1.0
2025-08-05 14:44:00+00:00,2025-08-05 14:58:00+00:00,short,112776.01,113055.21,SL,-1.9528,193.327,1.0
2025-08-05 15:22:00+00:00,2025-08-05 16:31:00+00:00,short,113069.34,113329.56,SL,-1.9333,191.3938,1.0
2025-08-05 16:34:00+00:00,2025-08-05 17:26:00+00:00,short,113212.0,113441.12,SL,-1.9139,189.4798,1.0
2025-08-05 17:53:00+00:00,2025-08-05 20:22:00+00:00,long,113428.05,113896.62,TP,3.7896,193.2694,1.0
2025-08-05 20:28:00+00:00,2025-08-05 20:39:00+00:00,long,113923.44,113650.14,SL,-1.9327,191.3367,1.0
2025-08-05 21:20:00+00:00,2025-08-05 21:50:00+00:00,long,113814.98,113579.07,SL,-1.9134,189.4234,1.0
2025-08-05 22:00:00+00:00,2025-08-05 22:12:00+00:00,short,113495.19,113763.8,SL,-1.8942,187.5291,1.0
2025-08-05 22:29:00+00:00,2025-08-06 01:28:00+00:00,long,113873.07,113588.78,SL,-1.8753,185.6538,1.0
2025-08-06 01:49:00+00:00,2025-08-06 05:14:00+00:00,short,113673.82,113927.69,SL,-1.8565,183.7973,1.0
2025-08-06 05:37:00+00:00,2025-08-06 06:02:00+00:00,long,114299.99,114027.8,SL,-1.838,181.9593,1.0
2025-08-06 06:19:00+00:00,2025-08-06 08:43:00+00:00,long,114060.01,113813.93,SL,-1.8196,180.1397,1.0
2025-08-06 10:15:00+00:00,2025-08-06 10:21:00+00:00,long,114150.02,113899.99,SL,-1.8014,178.3383,1.0
2025-08-06 10:48:00+00:00,2025-08-06 11:30:00+00:00,short,114029.33,114333.48,SL,-1.7834,176.555,1.0
2025-08-06 12:00:00+00:00,2025-08-06 12:12:00+00:00,long,114292.52,114026.01,SL,-1.7655,174.7894,1.0
2025-08-06 12:20:00+00:00,2025-08-06 12:50:00+00:00,long,114183.2,113919.34,SL,-1.7479,173.0415,1.0
2025-08-06 13:10:00+00:00,2025-08-06 13:40:00+00:00,short,113848.31,114162.09,SL,-1.7304,171.3111,1.0
2025-08-06 13:51:00+00:00,2025-08-06 13:54:00+00:00,short,113933.33,114301.11,SL,-1.7131,169.598,1.0
2025-08-06 14:33:00+00:00,2025-08-06 14:55:00+00:00,long,114168.52,114692.18,TP,3.392,172.9899,1.0
2025-08-06 15:33:00+00:00,2025-08-06 18:01:00+00:00,long,115106.98,115599.0,TP,3.4598,176.4497,1.0
2025-08-06 18:35:00+00:00,2025-08-06 19:34:00+00:00,long,115533.83,115286.92,SL,-1.7645,174.6852,1.0
2025-08-06 20:28:00+00:00,2025-08-07 01:55:00+00:00,short,115200.0,114650.0,TP,3.4937,178.1789,1.0
2025-08-07 02:25:00+00:00,2025-08-07 04:52:00+00:00,short,114769.71,114283.71,TP,3.5636,181.7425,1.0
2025-08-07 05:36:00+00:00,2025-08-07 06:47:00+00:00,short,114492.22,114729.41,SL,-1.8174,179.9251,1.0
2025-08-07 07:03:00+00:00,2025-08-07 10:02:00+00:00,long,114752.89,115283.0,TP,3.5985,183.5236,1.0
2025-08-07 10:27:00+00:00,2025-08-07 10:39:00+00:00,long,115800.0,116297.0,TP,3.6705,187.1941,1.0
2025-08-07 11:19:00+00:00,2025-08-07 12:05:00+00:00,long,116647.01,116375.38,SL,-1.8719,185.3221,1.0
2025-08-07 12:20:00+00:00,2025-08-07 15:42:00+00:00,long,116269.43,116748.65,TP,3.7064,189.0286,1.0
2025-08-07 15:55:00+00:00,2025-08-07 16:10:00+00:00,long,116788.45,116522.74,SL,-1.8903,187.1383,1.0
2025-08-07 16:24:00+00:00,2025-08-07 16:40:00+00:00,long,116709.06,116469.99,SL,-1.8714,185.2669,1.0
2025-08-07 17:29:00+00:00,2025-08-07 19:00:00+00:00,short,116398.83,116636.16,SL,-1.8527,183.4142,1.0
2025-08-07 19:28:00+00:00,2025-08-07 19:45:00+00:00,long,116673.43,117362.06,TP,3.6683,187.0825,1.0
2025-08-07 20:23:00+00:00,2025-08-07 20:52:00+00:00,long,117464.75,117212.66,SL,-1.8708,185.2117,1.0
2025-08-07 21:01:00+00:00,2025-08-08 00:19:00+00:00,long,117243.93,116878.05,SL,-1.8521,183.3596,1.0
2025-08-08 01:19:00+00:00,2025-08-08 14:03:00+00:00,short,116833.06,117074.56,SL,-1.8336,181.526,1.0
2025-08-08 14:27:00+00:00,2025-08-08 14:34:00+00:00,long,116785.02,116528.99,SL,-1.8153,179.7107,1.0
2025-08-08 14:55:00+00:00,2025-08-08 15:40:00+00:00,short,116478.17,116003.56,TP,3.5942,183.3049,1.0
2025-08-08 16:07:00+00:00,2025-08-08 17:06:00+00:00,short,116125.29,116437.14,SL,-1.833,181.4719,1.0
2025-08-08 17:16:00+00:00,2025-08-08 17:49:00+00:00,short,116340.0,116590.13,SL,-1.8147,179.6572,1.0
2025-08-08 17:56:00+00:00,2025-08-08 18:40:00+00:00,long,116648.5,116398.0,SL,-1.7966,177.8606,1.0
2025-08-08 20:02:00+00:00,2025-08-08 20:41:00+00:00,short,116398.13,116642.33,SL,-1.7786,176.082,1.0
2025-08-08 21:30:00+00:00,2025-08-09 00:55:00+00:00,long,116821.28,116587.04,SL,-1.7608,174.3212,1.0
2025-08-09 01:17:00+00:00,2025-08-09 05:19:00+00:00,short,116545.32,116798.81,SL,-1.7432,172.578,1.0
2025-08-09 06:18:00+00:00,2025-08-09 08:44:00+00:00,long,116641.01,117155.65,TP,3.4516,176.0295,1.0
2025-08-09 08:57:00+00:00,2025-08-09 10:00:00+00:00,long,117068.25,117556.42,TP,3.5206,179.5501,1.0
2025-08-09 11:05:00+00:00,2025-08-09 11:38:00+00:00,long,117418.98,117157.58,SL,-1.7955,177.7546,1.0
2025-08-09 11:48:00+00:00,2025-08-09 17:00:00+00:00,short,117107.62,116635.27,TP,3.5551,181.3097,1.0
2025-08-09 17:23:00+00:00,2025-08-09 20:40:00+00:00,short,116741.42,116986.06,SL,-1.8131,179.4966,1.0
2025-08-09 21:08:00+00:00,2025-08-09 21:25:00+00:00,long,116780.0,116492.0,SL,-1.795,177.7016,1.0
2025-08-09 22:01:00+00:00,2025-08-10 01:01:00+00:00,short,116536.12,116769.51,SL,-1.777,175.9246,1.0
2025-08-10 01:33:00+00:00,2025-08-10 02:46:00+00:00,long,116648.28,117130.01,TP,3.5185,179.4431,1.0
2025-08-10 02:56:00+00:00,2025-08-10 03:08:00+00:00,long,117315.44,117791.84,TP,3.5889,183.032,1.0
2025-08-10 03:22:00+00:00,2025-08-10 04:01:00+00:00,long,118149.99,118708.56,TP,3.6606,186.6926,1.0
2025-08-10 04:49:00+00:00,2025-08-10 05:09:00+00:00,long,118519.15,118267.66,SL,-1.8669,184.8257,1.0
2025-08-10 05:32:00+00:00,2025-08-10 06:34:00+00:00,long,118000.0,117756.58,SL,-1.8483,182.9774,1.0
2025-08-10 07:23:00+00:00,2025-08-10 07:34:00+00:00,long,118217.72,117960.6,SL,-1.8298,181.1477,1.0
2025-08-10 08:05:00+00:00,2025-08-10 08:11:00+00:00,short,117679.99,117927.26,SL,-1.8115,179.3362,1.0
2025-08-10 08:47:00+00:00,2025-08-10 10:37:00+00:00,long,118253.93,118007.39,SL,-1.7934,177.5428,1.0
2025-08-10 10:42:00+00:00,2025-08-10 12:24:00+00:00,long,118161.41,118660.0,TP,3.5509,181.0937,1.0
2025-08-10 12:36:00+00:00,2025-08-10 13:18:00+00:00,long,118678.34,118387.18,SL,-1.8109,179.2827,1.0
2025-08-10 13:25:00+00:00,2025-08-10 15:09:00+00:00,long,118559.84,119082.59,TP,3.5857,182.8684,1.0
2025-08-10 16:37:00+00:00,2025-08-10 17:24:00+00:00,long,118724.22,118465.31,SL,-1.8287,181.0397,1.0
2025-08-10 17:59:00+00:00,2025-08-10 20:47:00+00:00,short,118520.32,118765.7,SL,-1.8104,179.2293,1.0
2025-08-10 21:28:00+00:00,2025-08-10 21:50:00+00:00,short,118267.56,118513.81,SL,-1.7923,177.437,1.0
2025-08-10 22:07:00+00:00,2025-08-10 23:45:00+00:00,long,118799.99,119299.99,TP,3.5487,180.9858,1.0
2025-08-11 00:18:00+00:00,2025-08-11 01:19:00+00:00,long,119270.81,118981.99,SL,-1.8099,179.1759,1.0
2025-08-11 01:25:00+00:00,2025-08-11 01:33:00+00:00,long,119176.2,119779.24,TP,3.5835,182.7594,1.0
2025-08-11 01:59:00+00:00,2025-08-11 02:01:00+00:00,long,119988.0,120655.7,TP,3.6552,186.4146,1.0
2025-08-11 02:23:00+00:00,2025-08-11 03:16:00+00:00,long,121561.25,122156.0,TP,3.7283,190.1429,1.0
2025-08-11 03:41:00+00:00,2025-08-11 05:06:00+00:00,long,121734.87,122227.95,TP,3.8029,193.9458,1.0
2025-08-11 05:14:00+00:00,2025-08-11 05:21:00+00:00,long,122304.02,122058.0,SL,-1.9395,192.0063,1.0
2025-08-11 05:50:00+00:00,2025-08-11 07:39:00+00:00,long,121940.67,121691.17,SL,-1.9201,190.0862,1.0
2025-08-11 07:48:00+00:00,2025-08-11 10:07:00+00:00,short,121685.39,121184.86,TP,3.8017,193.888,1.0
2025-08-11 10:29:00+00:00,2025-08-11 11:18:00+00:00,short,121277.98,120712.6,TP,3.8778,197.7657,1.0
2025-08-11 11:48:00+00:00,2025-08-11 12:31:00+00:00,short,120500.02,119793.0,TP,3.9553,201.721,1.0
2025-08-11 12:36:00+00:00,2025-08-11 13:07:00+00:00,short,119911.43,119405.53,TP,6.0516,207.7727,1.5
2025-08-11 13:27:00+00:00,2025-08-11 13:34:00+00:00,short,119458.0,119737.81,SL,-3.1166,204.6561,1.5
2025-08-11 13:50:00+00:00,2025-08-11 14:02:00+00:00,short,119892.41,120172.01,SL,-3.0698,201.5862,1.5
2025-08-11 14:06:00+00:00,2025-08-11 14:34:00+00:00,short,120007.93,120284.16,SL,-3.0238,198.5624,1.5
2025-08-11 14:42:00+00:00,2025-08-11 16:05:00+00:00,short,120174.16,120497.94,SL,-1.9856,196.5768,1.0
2025-08-11 17:14:00+00:00,2025-08-11 18:03:00+00:00,short,119907.1,119409.28,TP,3.9315,200.5084,1.0
2025-08-11 18:43:00+00:00,2025-08-11 19:36:00+00:00,short,119719.35,119238.6,TP,6.0152,206.5236,1.5
2025-08-11 20:13:00+00:00,2025-08-11 20:30:00+00:00,short,118648.01,118926.01,SL,-3.0979,203.4257,1.5
2025-08-11 20:51:00+00:00,2025-08-11 21:36:00+00:00,short,118997.28,118460.0,TP,6.1028,209.5285,1.5
2025-08-11 21:46:00+00:00,2025-08-11 22:50:00+00:00,short,118581.67,118858.72,SL,-3.1429,206.3856,1.5
2025-08-11 23:57:00+00:00,2025-08-12 00:18:00+00:00,short,118691.34,118991.06,SL,-3.0958,203.2898,1.5
2025-08-12 01:07:00+00:00,2025-08-12 01:15:00+00:00,long,119070.69,118813.58,SL,-3.0493,200.2405,1.5
2025-08-12 01:24:00+00:00,2025-08-12 03:45:00+00:00,long,119052.47,118813.11,SL,-3.0036,197.2369,1.5
2025-08-12 04:22:00+00:00,2025-08-12 05:41:00+00:00,short,118925.11,118443.99,TP,3.9447,201.1816,1.0
2025-08-12 06:08:00+00:00,2025-08-12 07:06:00+00:00,short,118820.01,119070.69,SL,-3.0177,198.1639,1.5
2025-08-12 07:49:00+00:00,2025-08-12 08:32:00+00:00,long,119018.31,118760.91,SL,-1.9816,196.1822,1.0
2025-08-12 09:34:00+00:00,2025-08-12 12:30:00+00:00,short,118596.91,119096.01,SL,-1.9618,194.2204,1.0
2025-08-12 12:50:00+00:00,2025-08-12 13:04:00+00:00,long,119249.04,118934.99,SL,-1.9422,192.2782,1.0
2025-08-12 13:17:00+00:00,2025-08-12 13:44:00+00:00,long,119172.0,118742.52,SL,-1.9228,190.3554,1.0
2025-08-12 13:55:00+00:00,2025-08-12 13:56:00+00:00,long,119034.52,118730.01,SL,-1.9036,188.4519,1.0
2025-08-12 14:01:00+00:00,2025-08-12 14:51:00+00:00,long,118884.05,119406.74,TP,3.769,192.2209,1.0
2025-08-12 15:17:00+00:00,2025-08-12 16:03:00+00:00,long,119542.01,120150.0,TP,3.8444,196.0653,1.0
2025-08-12 16:24:00+00:00,2025-08-12 16:28:00+00:00,long,119934.27,119668.82,SL,-1.9607,194.1047,1.0
2025-08-12 16:46:00+00:00,2025-08-12 17:36:00+00:00,long,119620.0,119364.42,SL,-1.941,192.1636,1.0
2025-08-12 17:41:00+00:00,2025-08-12 17:53:00+00:00,long,119573.36,119289.58,SL,-1.9216,190.242,1.0
2025-08-12 20:09:00+00:00,2025-08-12 20:35:00+00:00,long,119619.99,120100.0,TP,3.8048,194.0468,1.0
2025-08-12 20:47:00+00:00,2025-08-12 21:06:00+00:00,long,120156.03,119871.09,SL,-1.9405,192.1064,1.0
2025-08-12 21:18:00+00:00,2025-08-12 22:05:00+00:00,long,120038.92,119720.0,SL,-1.9211,190.1853,1.0
2025-08-12 22:15:00+00:00,2025-08-12 22:55:00+00:00,short,119730.69,119999.99,SL,-1.9019,188.2834,1.0
2025-08-12 23:12:00+00:00,2025-08-13 00:51:00+00:00,long,120080.36,119824.0,SL,-1.8828,186.4006,1.0
2025-08-13 01:27:00+00:00,2025-08-13 02:40:00+00:00,short,119411.05,119660.0,SL,-1.864,184.5366,1.0
2025-08-13 02:53:00+00:00,2025-08-13 05:51:00+00:00,short,119580.42,119000.0,TP,3.6907,188.2273,1.0
2025-08-13 06:24:00+00:00,2025-08-13 07:00:00+00:00,short,119178.9,119431.48,SL,-1.8823,186.3451,1.0
2025-08-13 07:23:00+00:00,2025-08-13 08:36:00+00:00,long,119416.21,119900.0,TP,3.7269,190.072,1.0
2025-08-13 08:54:00+00:00,2025-08-13 10:16:00+00:00,long,119988.21,120495.0,TP,3.8014,193.8734,1.0
2025-08-13 10:53:00+00:00,2025-08-13 12:53:00+00:00,long,120495.44,120217.01,SL,-1.9387,191.9347,1.0
2025-08-13 13:48:00+00:00,2025-08-13 13:50:00+00:00,long,120850.0,121391.0,TP,3.8387,195.7734,1.0
2025-08-13 15:01:00+00:00,2025-08-13 15:09:00+00:00,long,121142.83,120859.7,SL,-1.9577,193.8156,1.0
2025-08-13 15:15:00+00:00,2025-08-13 15:37:00+00:00,short,120671.24,120938.0,SL,-1.9382,191.8775,1.0
2025-08-13 16:05:00+00:00,2025-08-13 17:22:00+00:00,long,121266.72,121823.25,TP,3.8375,195.715,1.0
2025-08-13 17:53:00+00:00,2025-08-13 19:20:00+00:00,long,121672.37,122182.0,TP,3.9143,199.6293,1.0
2025-08-13 19:47:00+00:00,2025-08-13 22:20:00+00:00,long,122536.88,123034.3,TP,3.9926,203.6219,1.0
2025-08-13 22:36:00+00:00,2025-08-13 22:41:00+00:00,long,123045.52,123553.23,TP,6.1087,209.7306,1.5
2025-08-13 23:16:00+00:00,2025-08-13 23:36:00+00:00,long,123062.22,123567.1,TP,6.2919,216.0225,1.5
2025-08-14 00:03:00+00:00,2025-08-14 00:28:00+00:00,long,123529.99,124070.09,TP,6.4807,222.5032,1.5
2025-08-14 00:29:00+00:00,2025-08-14 00:35:00+00:00,long,124243.32,123779.27,SL,-3.3375,219.1656,1.5
2025-08-14 00:55:00+00:00,2025-08-14 01:10:00+00:00,long,123847.84,123596.62,SL,-3.2875,215.8781,1.5
2025-08-14 01:20:00+00:00,2025-08-14 01:57:00+00:00,long,123657.56,123369.49,SL,-3.2382,212.64,1.5
2025-08-14 02:15:00+00:00,2025-08-14 02:46:00+00:00,short,123357.58,123657.03,SL,-3.1896,209.4504,1.5
2025-08-14 03:00:00+00:00,2025-08-14 03:37:00+00:00,long,123699.98,123409.53,SL,-3.1418,206.3086,1.5
2025-08-14 03:52:00+00:00,2025-08-14 05:25:00+00:00,short,123355.18,122830.88,TP,6.1893,212.4979,1.5
2025-08-14 05:42:00+00:00,2025-08-14 06:00:00+00:00,short,122593.26,122000.01,TP,6.3749,218.8728,1.5
2025-08-14 06:15:00+00:00,2025-08-14 06:42:00+00:00,short,121622.71,121884.13,SL,-3.2831,215.5897,1.5
2025-08-14 06:55:00+00:00,2025-08-14 10:42:00+00:00,short,121822.84,121244.09,TP,6.4677,222.0574,1.5
2025-08-14 11:32:00+00:00,2025-08-14 12:13:00+00:00,short,120743.92,120989.74,SL,-3.3309,218.7265,1.5
2025-08-14 12:16:00+00:00,2025-08-14 12:30:00+00:00,short,120909.49,120410.52,TP,6.5618,225.2883,1.5
2025-08-14 12:56:00+00:00,2025-08-14 13:04:00+00:00,short,118769.04,118215.84,TP,6.7587,232.047,1.5
2025-08-14 13:20:00+00:00,2025-08-14 13:40:00+00:00,short,118567.93,117800.01,TP,6.9614,239.0084,1.5
2025-08-14 13:59:00+00:00,2025-08-14 14:27:00+00:00,short,118428.85,118673.74,SL,-3.5851,235.4233,1.5
2025-08-14 14:44:00+00:00,2025-08-14 14:46:00+00:00,short,119063.24,119340.0,SL,-3.5313,231.8919,1.5
2025-08-14 15:37:00+00:00,2025-08-14 15:40:00+00:00,short,117879.88,118235.31,SL,-3.4784,228.4135,1.5
2025-08-14 16:05:00+00:00,2025-08-14 16:30:00+00:00,short,117974.22,117407.1,TP,6.8524,235.2659,1.5
2025-08-14 16:47:00+00:00,2025-08-14 16:51:00+00:00,short,117610.73,117915.1,SL,-3.529,231.737,1.5
2025-08-14 17:01:00+00:00,2025-08-14 17:25:00+00:00,short,117774.38,118074.51,SL,-3.4761,228.2609,1.5
2025-08-14 17:35:00+00:00,2025-08-14 18:22:00+00:00,short,117951.76,117225.09,TP,6.8478,235.1087,1.5
2025-08-14 19:20:00+00:00,2025-08-14 19:59:00+00:00,long,118244.02,117945.92,SL,-3.5266,231.5821,1.5
2025-08-14 20:36:00+00:00,2025-08-14 21:11:00+00:00,short,117938.57,118196.02,SL,-3.4737,228.1084,1.5
2025-08-14 22:03:00+00:00,2025-08-14 22:10:00+00:00,short,117641.4,117906.65,SL,-3.4216,224.6867,1.5
2025-08-14 22:31:00+00:00,2025-08-15 00:32:00+00:00,long,118298.78,118050.01,SL,-3.3703,221.3164,1.5
2025-08-15 00:38:00+00:00,2025-08-15 01:03:00+00:00,long,118320.0,118080.0,SL,-3.3197,217.9967,1.5
2025-08-15 02:09:00+00:00,2025-08-15 13:10:00+00:00,long,118781.88,118520.46,SL,-3.27,214.7267,1.5
2025-08-15 13:30:00+00:00,2025-08-15 13:53:00+00:00,short,118326.19,117788.23,TP,6.4418,221.1685,1.5
2025-08-15 14:00:00+00:00,2025-08-15 14:04:00+00:00,short,117659.98,118056.38,SL,-3.3175,217.851,1.5
2025-08-15 14:21:00+00:00,2025-08-15 14:47:00+00:00,short,117887.99,117387.09,TP,6.5355,224.3865,1.5
2025-08-15 15:01:00+00:00,2025-08-15 15:18:00+00:00,short,117272.89,117578.01,SL,-3.3658,221.0207,1.5
2025-08-15 15:24:00+00:00,2025-08-15 16:15:00+00:00,short,117300.01,116804.0,TP,6.6306,227.6514,1.5
2025-08-15 16:44:00+00:00,2025-08-15 17:26:00+00:00,short,117189.03,117575.01,SL,-3.4148,224.2366,1.5
2025-08-15 18:41:00+00:00,2025-08-15 22:49:00+00:00,short,117275.48,117528.79,SL,-3.3635,220.873,1.5
2025-08-15 22:50:00+00:00,2025-08-15 23:15:00+00:00,long,117543.09,117262.01,SL,-3.3131,217.56,1.5
2025-08-16 00:26:00+00:00,2025-08-16 10:00:00+00:00,long,117536.0,117250.01,SL,-3.2634,214.2966,1.5
2025-08-16 10:16:00+00:00,2025-08-16 11:12:00+00:00,short,117264.02,117499.77,SL,-3.2144,211.0821,1.5
2025-08-16 11:52:00+00:00,2025-08-16 12:30:00+00:00,short,117407.94,117650.0,SL,-3.1662,207.9159,1.5
2025-08-16 13:00:00+00:00,2025-08-16 21:43:00+00:00,long,117747.35,117435.45,SL,-3.1187,204.7971,1.5
2025-08-16 21:58:00+00:00,2025-08-17 03:49:00+00:00,short,117479.49,117720.0,SL,-3.072,201.7252,1.5
2025-08-17 04:20:00+00:00,2025-08-17 08:51:00+00:00,long,117761.56,118303.55,TP,6.0518,207.7769,1.5
2025-08-17 09:20:00+00:00,2025-08-17 12:56:00+00:00,long,118385.49,118146.74,SL,-3.1167,204.6603,1.5
2025-08-17 13:14:00+00:00,2025-08-17 13:41:00+00:00,short,118073.63,118331.32,SL,-3.0699,201.5904,1.5
2025-08-17 14:51:00+00:00,2025-08-17 17:15:00+00:00,short,118194.47,117681.54,TP,6.0477,207.6381,1.5
2025-08-17 17:49:00+00:00,2025-08-17 18:55:00+00:00,short,117892.04,117321.54,TP,6.2291,213.8672,1.5
2025-08-17 19:32:00+00:00,2025-08-17 22:35:00+00:00,short,117671.06,117932.38,SL,-3.208,210.6592,1.5
2025-08-17 22:50:00+00:00,2025-08-17 23:18:00+00:00,long,117995.36,117753.02,SL,-3.1599,207.4993,1.5
2025-08-17 23:52:00+00:00,2025-08-18 01:29:00+00:00,short,117380.85,116670.05,TP,6.225,213.7243,1.5
2025-08-18 02:10:00+00:00,2025-08-18 02:50:00+00:00,short,115975.98,115432.1,TP,6.4117,220.136,1.5
2025-08-18 03:17:00+00:00,2025-08-18 05:06:00+00:00,short,115360.01,115647.04,SL,-3.302,216.834,1.5
2025-08-18 05:16:00+00:00,2025-08-18 05:40:00+00:00,short,115606.67,115121.12,TP,6.505,223.339,1.5
2025-08-18 06:06:00+00:00,2025-08-18 06:22:00+00:00,short,115560.01,115093.99,TP,6.7002,230.0392,1.5
2025-08-18 06:42:00+00:00,2025-08-18 07:00:00+00:00,short,115102.7,115385.03,SL,-3.4506,226.5886,1.5
2025-08-18 07:11:00+00:00,2025-08-18 09:19:00+00:00,short,115312.1,114765.33,TP,6.7977,233.3863,1.5
2025-08-18 09:58:00+00:00,2025-08-18 10:23:00+00:00,short,115021.99,115258.01,SL,-3.5008,229.8855,1.5
2025-08-18 10:36:00+00:00,2025-08-18 11:21:00+00:00,long,115164.91,114924.75,SL,-3.4483,226.4372,1.5
2025-08-18 11:31:00+00:00,2025-08-18 12:10:00+00:00,short,114918.0,115182.77,SL,-3.3966,223.0406,1.5
2025-08-18 12:32:00+00:00,2025-08-18 13:21:00+00:00,long,115173.01,115645.67,TP,6.6912,229.7318,1.5
2025-08-18 13:23:00+00:00,2025-08-18 13:41:00+00:00,long,115677.01,115412.8,SL,-3.446,226.2859,1.5
2025-08-18 14:31:00+00:00,2025-08-18 14:55:00+00:00,short,115185.47,115418.11,SL,-3.3943,222.8916,1.5
2025-08-18 15:22:00+00:00,2025-08-18 15:53:00+00:00,long,115674.9,116155.65,TP,6.6867,229.5783,1.5
2025-08-18 16:43:00+00:00,2025-08-18 17:19:00+00:00,long,115962.23,116428.98,TP,6.8873,236.4657,1.5
2025-08-18 18:22:00+00:00,2025-08-18 20:38:00+00:00,long,116380.69,116146.35,SL,-3.547,232.9187,1.5
2025-08-18 21:14:00+00:00,2025-08-18 23:18:00+00:00,long,116583.29,116342.68,SL,-3.4938,229.4249,1.5
2025-08-18 23:19:00+00:00,2025-08-19 00:30:00+00:00,short,116315.6,115840.22,TP,6.8827,236.3077,1.5
2025-08-19 01:50:00+00:00,2025-08-19 02:51:00+00:00,short,115780.01,116051.0,SL,-3.5446,232.763,1.5
2025-08-19 02:55:00+00:00,2025-08-19 03:22:00+00:00,short,115884.87,115398.23,TP,6.9829,239.7459,1.5
2025-08-19 04:06:00+00:00,2025-08-19 04:12:00+00:00,short,114645.4,114956.0,SL,-3.5962,236.1497,1.5
2025-08-19 05:03:00+00:00,2025-08-19 07:16:00+00:00,short,115297.98,114825.36,TP,7.0845,243.2342,1.5
2025-08-19 07:31:00+00:00,2025-08-19 07:38:00+00:00,short,114650.0,114917.91,SL,-3.6485,239.5857,1.5
2025-08-19 08:02:00+00:00,2025-08-19 08:51:00+00:00,short,114955.19,115226.38,SL,-3.5938,235.9919,1.5
2025-08-19 09:05:00+00:00,2025-08-19 13:27:00+00:00,long,115310.69,115782.38,TP,7.0798,243.0717,1.5
2025-08-19 13:32:00+00:00,2025-08-19 13:46:00+00:00,short,115447.1,114955.14,TP,7.2922,250.3638,1.5
2025-08-19 14:08:00+00:00,2025-08-19 14:25:00+00:00,short,114988.01,114505.0,TP,7.5109,257.8748,1.5
2025-08-19 14:43:00+00:00,2025-08-19 15:23:00+00:00,short,113880.01,114119.51,SL,-3.8681,254.0066,1.5
2025-08-19 15:35:00+00:00,2025-08-19 16:39:00+00:00,short,114013.32,113460.15,TP,7.6202,261.6268,1.5
2025-08-19 16:58:00+00:00,2025-08-19 18:49:00+00:00,short,113368.48,112901.0,TP,7.8488,269.4756,1.5
2025-08-19 19:01:00+00:00,2025-08-19 19:20:00+00:00,short,112830.01,113091.57,SL,-4.0421,265.4335,1.5
2025-08-19 20:56:00+00:00,2025-08-19 22:02:00+00:00,long,113568.83,113279.73,SL,-3.9815,261.452,1.5
2025-08-19 22:18:00+00:00,2025-08-19 22:24:00+00:00,short,113080.01,113318.96,SL,-3.9218,257.5302,1.5
2025-08-19 22:37:00+00:00,2025-08-20 01:06:00+00:00,short,113172.0,113413.23,SL,-3.863,253.6673,1.5
2025-08-20 02:04:00+00:00,2025-08-20 02:12:00+00:00,short,112965.99,113218.88,SL,-3.805,249.8623,1.5
2025-08-20 02:52:00+00:00,2025-08-20 08:32:00+00:00,long,113446.69,113937.0,TP,7.4959,257.3581,1.5
2025-08-20 08:45:00+00:00,2025-08-20 09:52:00+00:00,long,113962.0,113700.25,SL,-3.8604,253.4978,1.5
2025-08-20 10:11:00+00:00,2025-08-20 11:40:00+00:00,short,113692.01,113212.63,TP,7.6049,261.1027,1.5
2025-08-20 12:31:00+00:00,2025-08-20 13:02:00+00:00,long,113777.23,113442.96,SL,-3.9165,257.1862,1.5
2025-08-20 13:32:00+00:00,2025-08-20 13:36:00+00:00,short,113225.76,113500.01,SL,-3.8578,253.3284,1.5
2025-08-20 13:41:00+00:00,2025-08-20 13:42:00+00:00,short,113220.01,113449.1,SL,-3.7999,249.5284,1.5
2025-08-20 13:43:00+00:00,2025-08-20 13:49:00+00:00,short,113277.99,112764.0,TP,7.4859,257.0143,1.5
2025-08-20 14:08:00+00:00,2025-08-20 14:14:00+00:00,short,112475.75,112716.0,SL,-3.8552,253.1591,1.5
2025-08-20 15:05:00+00:00,2025-08-20 15:29:00+00:00,long,113831.64,114300.01,TP,7.5948,260.7539,1.5
2025-08-20 16:53:00+00:00,2025-08-20 16:58:00+00:00,long,114054.02,113778.42,SL,-3.9113,256.8425,1.5
2025-08-20 17:03:00+00:00,2025-08-20 17:27:00+00:00,long,114020.94,113790.01,SL,-3.8526,252.9899,1.5
2025-08-20 17:32:00+00:00,2025-08-20 17:45:00+00:00,long,113924.83,114383.68,TP,7.5897,260.5796,1.5
2025-08-20 18:56:00+00:00,2025-08-20 19:11:00+00:00,short,113576.02,113913.23,SL,-3.9087,256.6709,1.5
2025-08-20 19:49:00+00:00,2025-08-20 22:45:00+00:00,long,114104.71,114615.37,TP,7.7001,264.371,1.5
2025-08-20 23:48:00+00:00,2025-08-21 00:45:00+00:00,short,114252.54,114483.18,SL,-3.9656,260.4055,1.5
2025-08-21 01:49:00+00:00,2025-08-21 02:16:00+00:00,long,114364.63,114090.99,SL,-3.9061,256.4994,1.5
2025-08-21 04:09:00+00:00,2025-08-21 09:15:00+00:00,short,113870.58,113414.95,TP,7.695,264.1944,1.5
2025-08-21 09:16:00+00:00,2025-08-21 13:50:00+00:00,short,113391.13,113640.08,SL,-3.9629,260.2315,1.5
2025-08-21 13:57:00+00:00,2025-08-21 14:38:00+00:00,long,113610.73,113369.7,SL,-3.9035,256.328,1.5
2025-08-21 15:05:00+00:00,2025-08-21 16:48:00+00:00,short,113026.11,112568.19,TP,7.6898,264.0178,1.5
2025-08-21 16:56:00+00:00,2025-08-21 19:08:00+00:00,short,112480.49,112714.4,SL,-3.9603,260.0576,1.5
2025-08-21 20:30:00+00:00,2025-08-21 20:53:00+00:00,short,112360.01,112586.1,SL,-3.9009,256.1567,1.5
2025-08-21 21:00:00+00:00,2025-08-21 21:33:00+00:00,short,112394.4,112683.08,SL,-3.8424,252.3143,1.5
2025-08-21 21:53:00+00:00,2025-08-21 23:08:00+00:00,long,112604.0,112372.78,SL,-3.7847,248.5296,1.5
2025-08-21 23:18:00+00:00,2025-08-22 00:00:00+00:00,short,112305.52,112548.06,SL,-3.7279,244.8017,1.5
2025-08-22 00:34:00+00:00,2025-08-22 00:50:00+00:00,long,112808.0,112582.01,SL,-3.672,241.1297,1.5
2025-08-22 00:59:00+00:00,2025-08-22 01:08:00+00:00,long,112630.87,112400.01,SL,-3.6169,237.5127,1.5
2025-08-22 01:16:00+00:00,2025-08-22 02:11:00+00:00,long,112574.63,113068.34,TP,7.1254,244.6381,1.5
2025-08-22 03:06:00+00:00,2025-08-22 03:52:00+00:00,long,113286.59,113000.01,SL,-3.6696,240.9685,1.5
2025-08-22 04:37:00+00:00,2025-08-22 04:49:00+00:00,long,113199.5,112969.93,SL,-3.6145,237.354,1.5
2025-08-22 05:20:00+00:00,2025-08-22 05:34:00+00:00,short,112890.55,113130.99,SL,-3.5603,233.7937,1.5
2025-08-22 05:41:00+00:00,2025-08-22 05:47:00+00:00,short,112982.0,113211.93,SL,-3.5069,230.2868,1.5
2025-08-22 06:11:00+00:00,2025-08-22 06:34:00+00:00,long,113277.52,112999.39,SL,-3.4543,226.8325,1.5
2025-08-22 07:15:00+00:00,2025-08-22 08:08:00+00:00,short,113004.01,113230.89,SL,-3.4025,223.43,1.5
2025-08-22 09:04:00+00:00,2025-08-22 11:09:00+00:00,short,112913.12,112457.01,TP,6.7029,230.1329,1.5
2025-08-22 11:39:00+00:00,2025-08-22 12:33:00+00:00,short,112180.14,111726.94,TP,6.904,237.0369,1.5
2025-08-22 12:56:00+00:00,2025-08-22 13:45:00+00:00,short,112363.77,112640.69,SL,-3.5556,233.4813,1.5
2025-08-22 14:00:00+00:00,2025-08-22 14:03:00+00:00,long,113594.13,114297.18,TP,7.0044,240.4858,1.5
2025-08-22 14:38:00+00:00,2025-08-22 15:01:00+00:00,long,115796.88,116332.74,TP,7.2146,247.7003,1.5
2025-08-22 15:02:00+00:00,2025-08-22 15:18:00+00:00,long,116438.05,116975.77,TP,7.431,255.1314,1.5
2025-08-22 15:45:00+00:00,2025-08-22 15:52:00+00:00,long,117030.43,116774.85,SL,-3.827,251.3044,1.5
2025-08-22 16:08:00+00:00,2025-08-22 16:16:00+00:00,long,116693.5,116400.0,SL,-3.7696,247.5348,1.5
2025-08-22 16:26:00+00:00,2025-08-22 17:15:00+00:00,long,116313.58,116855.47,TP,7.426,254.9609,1.5
2025-08-22 17:28:00+00:00,2025-08-22 17:32:00+00:00,long,117013.59,116661.94,SL,-3.8244,251.1364,1.5
2025-08-22 17:48:00+00:00,2025-08-22 18:10:00+00:00,long,116769.38,117274.0,TP,7.5341,258.6705,1.5
2025-08-22 18:34:00+00:00,2025-08-22 18:38:00+00:00,long,117137.46,116902.32,SL,-3.8801,254.7905,1.5
2025-08-22 18:59:00+00:00,2025-08-22 19:54:00+00:00,long,116805.27,116561.85,SL,-3.8219,250.9686,1.5
2025-08-22 19:59:00+00:00,2025-08-22 21:48:00+00:00,long,116655.79,117174.42,TP,7.5291,258.4977,1.5
2025-08-22 23:13:00+00:00,2025-08-23 00:23:00+00:00,short,116722.21,116991.99,SL,-3.8775,254.6202,1.5
2025-08-23 00:54:00+00:00,2025-08-23 01:16:00+00:00,long,116976.78,116722.93,SL,-3.8193,250.8009,1.5
2025-08-23 02:09:00+00:00,2025-08-23 02:26:00+00:00,short,116392.04,115921.4,TP,7.524,258.3249,1.5
2025-08-23 03:01:00+00:00,2025-08-23 11:54:00+00:00,short,115839.99,115335.34,TP,7.7497,266.0747,1.5
2025-08-23 12:24:00+00:00,2025-08-23 13:33:00+00:00,short,115372.43,114904.46,TP,7.9822,274.0569,1.5
2025-08-23 13:56:00+00:00,2025-08-23 14:31:00+00:00,short,114840.43,115070.17,SL,-4.1109,269.9461,1.5
2025-08-23 14:35:00+00:00,2025-08-23 20:29:00+00:00,short,114972.28,115226.3,SL,-4.0492,265.8969,1.5
2025-08-23 20:48:00+00:00,2025-08-24 03:00:00+00:00,long,115226.05,114987.01,SL,-3.9885,261.9084,1.5
2025-08-24 03:29:00+00:00,2025-08-24 04:08:00+00:00,short,114960.01,115206.14,SL,-3.9286,257.9798,1.5
2025-08-24 04:16:00+00:00,2025-08-24 09:14:00+00:00,short,115192.17,114680.0,TP,7.7394,265.7192,1.5
2025-08-24 10:15:00+00:00,2025-08-24 14:13:00+00:00,short,114829.54,114352.28,TP,7.9716,273.6908,1.5
2025-08-24 14:31:00+00:00,2025-08-24 15:05:00+00:00,short,114435.12,114697.57,SL,-4.1054,269.5854,1.5
2025-08-24 15:15:00+00:00,2025-08-24 18:34:00+00:00,short,114586.53,114831.99,SL,-4.0438,265.5416,1.5
2025-08-24 18:35:00+00:00,2025-08-24 18:50:00+00:00,long,114885.41,114651.78,SL,-3.9831,261.5585,1.5
2025-08-24 19:05:00+00:00,2025-08-24 19:33:00+00:00,long,114628.0,114296.33,SL,-3.9234,257.6351,1.5
2025-08-24 20:32:00+00:00,2025-08-24 20:37:00+00:00,short,112569.35,112798.4,SL,-3.8645,253.7706,1.5
2025-08-24 20:48:00+00:00,2025-08-24 21:31:00+00:00,short,112743.82,112970.17,SL,-3.8066,249.964,1.5
2025-08-24 21:41:00+00:00,2025-08-24 22:40:00+00:00,short,113038.87,113340.0,SL,-3.7495,246.2146,1.5
2025-08-24 23:29:00+00:00,2025-08-24 23:54:00+00:00,long,113648.25,113400.01,SL,-3.6932,242.5214,1.5
2025-08-25 00:05:00+00:00,2025-08-25 00:19:00+00:00,long,113494.01,113256.29,SL,-3.6378,238.8835,1.5
2025-08-25 01:17:00+00:00,2025-08-25 01:23:00+00:00,short,112738.64,113000.0,SL,-3.5833,235.3003,1.5
2025-08-25 01:31:00+00:00,2025-08-25 02:03:00+00:00,short,112970.0,113219.99,SL,-3.5295,231.7708,1.5
2025-08-25 02:51:00+00:00,2025-08-25 03:54:00+00:00,long,113434.44,113200.0,SL,-3.4766,228.2942,1.5
2025-08-25 04:14:00+00:00,2025-08-25 05:53:00+00:00,short,112844.01,112389.32,TP,6.8488,235.1431,1.5
2025-08-25 06:06:00+00:00,2025-08-25 06:48:00+00:00,short,112305.22,111846.5,TP,7.0543,242.1973,1.5
2025-08-25 07:22:00+00:00,2025-08-25 07:47:00+00:00,short,111964.0,111504.0,TP,7.2659,249.4633,1.5
2025-08-25 08:04:00+00:00,2025-08-25 08:11:00+00:00,short,111225.54,111553.76,SL,-3.7419,245.7213,1.5
2025-08-25 08:29:00+00:00,2025-08-25 10:27:00+00:00,short,111656.54,111128.82,TP,7.3716,253.093,1.5
2025-08-25 10:46:00+00:00,2025-08-25 12:01:00+00:00,short,111066.36,111354.69,SL,-3.7964,249.2966,1.5
2025-08-25 12:06:00+00:00,2025-08-25 12:24:00+00:00,short,111197.99,111491.06,SL,-3.7394,245.5571,1.5
2025-08-25 12:44:00+00:00,2025-08-25 13:09:00+00:00,long,111606.69,111350.01,SL,-3.6834,241.8738,1.5
2025-08-25 13:21:00+00:00,2025-08-25 13:32:00+00:00,long,111600.0,111275.7,SL,-3.6281,238.2456,1.5
2025-08-25 14:23:00+00:00,2025-08-25 14:28:00+00:00,long,112140.05,111886.37,SL,-3.5737,234.672,1.5
2025-08-25 14:48:00+00:00,2025-08-25 15:10:00+00:00,long,112222.33,111897.45,SL,-3.5201,231.1519,1.5
2025-08-25 15:17:00+00:00,2025-08-25 16:01:00+00:00,long,112333.01,112037.95,SL,-3.4673,227.6846,1.5
2025-08-25 16:06:00+00:00,2025-08-25 16:18:00+00:00,long,112278.54,112745.43,TP,6.8305,234.5151,1.5
2025-08-25 17:08:00+00:00,2025-08-25 17:47:00+00:00,long,112575.46,112299.57,SL,-3.5177,230.9974,1.5
2025-08-25 17:52:00+00:00,2025-08-25 19:03:00+00:00,long,112460.69,112194.39,SL,-3.465,227.5325,1.5
2025-08-25 19:13:00+00:00,2025-08-25 19:17:00+00:00,short,112226.68,111766.0,TP,6.826,234.3584,1.5
2025-08-25 19:31:00+00:00,2025-08-25 19:40:00+00:00,short,111564.03,111111.12,TP,7.0308,241.3892,1.5
2025-08-25 19:57:00+00:00,2025-08-25 20:01:00+00:00,short,110711.11,110962.01,SL,-3.6208,237.7683,1.5
2025-08-25 20:09:00+00:00,2025-08-25 20:11:00+00:00,short,110490.03,110014.9,TP,7.133,244.9014,1.5
2025-08-25 20:33:00+00:00,2025-08-25 20:36:00+00:00,short,109750.01,109994.34,SL,-3.6735,241.2279,1.5
2025-08-25 20:49:00+00:00,2025-08-25 20:57:00+00:00,short,109457.96,109849.42,SL,-3.6184,237.6095,1.5
2025-08-25 21:28:00+00:00,2025-08-25 21:35:00+00:00,short,109524.75,109820.0,SL,-3.5641,234.0453,1.5
2025-08-25 21:56:00+00:00,2025-08-25 22:30:00+00:00,short,110149.99,110372.15,SL,-3.5107,230.5346,1.5
2025-08-25 23:24:00+00:00,2025-08-25 23:33:00+00:00,short,109800.01,110063.29,SL,-3.458,227.0766,1.5
2025-08-25 23:57:00+00:00,2025-08-26 00:03:00+00:00,short,110171.29,109717.59,TP,6.8123,233.8889,1.5
2025-08-26 00:24:00+00:00,2025-08-26 00:33:00+00:00,short,109519.99,109815.99,SL,-3.5083,230.3806,1.5
2025-08-26 00:38:00+00:00,2025-08-26 01:01:00+00:00,short,109400.3,108838.93,TP,6.9114,237.292,1.5
2025-08-26 01:32:00+00:00,2025-08-26 02:08:00+00:00,short,109709.58,109936.0,SL,-3.5594,233.7326,1.5
2025-08-26 02:53:00+00:00,2025-08-26 02:57:00+00:00,short,109560.48,109781.32,SL,-3.506,230.2266,1.5
2025-08-26 03:03:00+00:00,2025-08-26 03:21:00+00:00,short,109612.55,109840.0,SL,-3.4534,226.7732,1.5
2025-08-26 04:01:00+00:00,2025-08-26 05:45:00+00:00,long,109909.32,110368.92,TP,6.8032,233.5764,1.5
2025-08-26 06:07:00+00:00,2025-08-26 06:21:00+00:00,long,110285.89,109960.19,SL,-3.5036,230.0728,1.5
2025-08-26 06:32:00+00:00,2025-08-26 07:06:00+00:00,long,110090.99,109859.04,SL,-3.4511,226.6217,1.5
2025-08-26 07:12:00+00:00,2025-08-26 07:31:00+00:00,short,109817.81,110075.48,SL,-3.3993,223.2224,1.5
2025-08-26 08:15:00+00:00,2025-08-26 08:21:00+00:00,long,110384.58,110149.87,SL,-3.3483,219.874,1.5
2025-08-26 08:54:00+00:00,2025-08-26 09:17:00+00:00,short,110123.5,110378.87,SL,-3.2981,216.5759,1.5
2025-08-26 09:55:00+00:00,2025-08-26 10:05:00+00:00,short,110037.66,110276.85,SL,-3.2486,213.3273,1.5
2025-08-26 11:01:00+00:00,2025-08-26 11:32:00+00:00,short,110180.8,109700.0,TP,6.3998,219.7271,1.5
2025-08-26 11:37:00+00:00,2025-08-26 12:34:00+00:00,short,109676.13,110082.81,SL,-3.2959,216.4312,1.5
2025-08-26 13:09:00+00:00,2025-08-26 13:19:00+00:00,long,110205.68,109958.79,SL,-3.2465,213.1847,1.5
2025-08-26 13:31:00+00:00,2025-08-26 13:36:00+00:00,long,110176.98,109886.01,SL,-3.1978,209.987,1.5
2025-08-26 13:43:00+00:00,2025-08-26 13:49:00+00:00,short,109866.86,109408.01,TP,6.2996,216.2866,1.5
2025-08-26 14:12:00+00:00,2025-08-26 14:21:00+00:00,short,109935.45,110184.97,SL,-3.2443,213.0423,1.5
2025-08-26 14:35:00+00:00,2025-08-26 14:46:00+00:00,long,110460.01,110224.24,SL,-3.1956,209.8466,1.5
2025-08-26 14:55:00+00:00,2025-08-26 15:12:00+00:00,long,110499.99,110247.16,SL,-3.1477,206.6989,1.5
2025-08-26 15:21:00+00:00,2025-08-26 15:28:00+00:00,long,110402.94,110156.01,SL,-3.1005,203.5984,1.5
2025-08-26 16:09:00+00:00,2025-08-26 16:41:00+00:00,short,109600.78,109848.57,SL,-3.054,200.5445,1.5
2025-08-26 16:48:00+00:00,2025-08-26 16:56:00+00:00,short,109706.44,109977.22,SL,-3.0082,197.5363,1.5
2025-08-26 17:27:00+00:00,2025-08-26 18:00:00+00:00,short,109836.01,110066.12,SL,-1.9754,195.5609,1.0
2025-08-26 18:25:00+00:00,2025-08-26 18:40:00+00:00,long,110295.2,110779.99,TP,3.9112,199.4722,1.0
2025-08-26 19:15:00+00:00,2025-08-26 19:22:00+00:00,long,110695.94,111146.01,TP,3.9894,203.4616,1.0
2025-08-26 19:48:00+00:00,2025-08-26 21:57:00+00:00,long,111077.41,111576.08,TP,6.1038,209.5654,1.5
2025-08-26 22:48:00+00:00,2025-08-26 23:06:00+00:00,long,111668.29,112142.95,TP,6.287,215.8524,1.5
2025-08-26 23:43:00+00:00,2025-08-27 00:02:00+00:00,long,111859.48,111634.0,SL,-3.2378,212.6146,1.5
2025-08-27 00:09:00+00:00,2025-08-27 00:47:00+00:00,long,111716.01,111475.8,SL,-3.1892,209.4254,1.5
2025-08-27 01:02:00+00:00,2025-08-27 03:49:00+00:00,short,111326.55,111603.75,SL,-3.1414,206.284,1.5
2025-08-27 04:07:00+00:00,2025-08-27 04:20:00+00:00,long,111719.02,111485.15,SL,-3.0943,203.1898,1.5
2025-08-27 04:32:00+00:00,2025-08-27 05:28:00+00:00,long,111589.01,111363.76,SL,-3.0478,200.1419,1.5
2025-08-27 05:35:00+00:00,2025-08-27 06:19:00+00:00,long,111460.03,111168.53,SL,-3.0021,197.1398,1.5
2025-08-27 06:36:00+00:00,2025-08-27 07:26:00+00:00,short,111195.59,110725.0,TP,3.9428,201.0826,1.0
2025-08-27 07:41:00+00:00,2025-08-27 09:18:00+00:00,short,110711.35,110933.6,SL,-3.0162,198.0663,1.5
2025-08-27 09:34:00+00:00,2025-08-27 09:46:00+00:00,long,111060.01,110824.0,SL,-1.9807,196.0857,1.0
2025-08-27 10:45:00+00:00,2025-08-27 13:41:00+00:00,long,111045.37,111520.95,TP,3.9217,200.0074,1.0
2025-08-27 14:12:00+00:00,2025-08-27 14:28:00+00:00,long,111669.33,112195.63,TP,6.0002,206.0076,1.5
2025-08-27 15:07:00+00:00,2025-08-27 17:25:00+00:00,long,111814.01,112319.99,TP,6.1802,212.1878,1.5
2025-08-27 18:04:00+00:00,2025-08-27 18:49:00+00:00,long,112419.99,112153.1,SL,-3.1828,209.005,1.5
2025-08-27 19:02:00+00:00,2025-08-27 19:06:00+00:00,long,112147.04,111868.78,SL,-3.1351,205.87,1.5
2025-08-27 19:12:00+00:00,2025-08-27 19:22:00+00:00,short,111663.07,111920.34,SL,-3.088,202.7819,1.5
2025-08-27 20:02:00+00:00,2025-08-27 20:20:00+00:00,short,111967.07,112198.32,SL,-3.0417,199.7402,1.5
2025-08-27 20:21:00+00:00,2025-08-27 20:22:00+00:00,short,110999.99,111677.0,SL,-1.9974,197.7428,1.0
2025-08-27 20:49:00+00:00,2025-08-27 21:13:00+00:00,long,112345.36,112052.01,SL,-1.9774,195.7653,1.0
2025-08-27 21:39:00+00:00,2025-08-27 22:05:00+00:00,short,111673.4,111170.77,TP,3.9153,199.6807,1.0
2025-08-27 22:52:00+00:00,2025-08-28 00:24:00+00:00,short,111458.97,110978.14,TP,3.9936,203.6743,1.0
2025-08-28 00:55:00+00:00,2025-08-28 01:02:00+00:00,short,111206.51,111439.75,SL,-3.0551,200.6192,1.5
2025-08-28 01:19:00+00:00,2025-08-28 04:06:00+00:00,long,111584.41,112059.99,TP,6.0186,206.6377,1.5
2025-08-28 04:27:00+00:00,2025-08-28 04:42:00+00:00,long,112267.31,112728.27,TP,6.1991,212.8369,1.5
2025-08-28 05:34:00+00:00,2025-08-28 13:21:00+00:00,long,112899.99,113463.49,TP,6.3851,219.222,1.5
2025-08-28 14:18:00+00:00,2025-08-28 14:47:00+00:00,short,112930.58,113170.25,SL,-3.2883,215.9336,1.5
2025-08-28 15:16:00+00:00,2025-08-28 15:19:00+00:00,long,113243.55,112909.18,SL,-3.239,212.6946,1.5
2025-08-28 15:45:00+00:00,2025-08-28 16:00:00+00:00,short,112489.92,112749.89,SL,-3.1904,209.5042,1.5
2025-08-28 16:41:00+00:00,2025-08-28 16:55:00+00:00,long,112949.61,112562.19,SL,-3.1426,206.3616,1.5
2025-08-28 17:49:00+00:00,2025-08-28 19:43:00+00:00,short,112520.72,112033.43,TP,6.1909,212.5525,1.5
2025-08-28 19:55:00+00:00,2025-08-28 22:04:00+00:00,short,111935.8,112195.67,SL,-3.1883,209.3642,1.5
2025-08-28 22:22:00+00:00,2025-08-29 00:53:00+00:00,long,112375.77,112149.0,SL,-3.1405,206.2237,1.5
2025-08-29 01:05:00+00:00,2025-08-29 01:23:00+00:00,short,111960.15,111459.68,TP,6.1867,212.4105,1.5
2025-08-29 01:52:00+00:00,2025-08-29 02:23:00+00:00,short,111450.01,111746.32,SL,-3.1862,209.2243,1.5
2025-08-29 02:29:00+00:00,2025-08-29 03:39:00+00:00,short,111542.12,111798.21,SL,-3.1384,206.0859,1.5
2025-08-29 04:06:00+00:00,2025-08-29 04:31:00+00:00,long,111828.65,111593.09,SL,-3.0913,202.9946,1.5
2025-08-29 04:52:00+00:00,2025-08-29 06:17:00+00:00,short,111509.72,111016.75,TP,6.0898,209.0845,1.5
2025-08-29 06:32:00+00:00,2025-08-29 06:42:00+00:00,short,110960.47,111198.33,SL,-3.1363,205.9482,1.5
2025-08-29 07:01:00+00:00,2025-08-29 07:14:00+00:00,short,111068.27,110545.0,TP,6.1784,212.1267,1.5
2025-08-29 07:58:00+00:00,2025-08-29 08:00:00+00:00,short,109900.0,110189.09,SL,-3.1819,208.9448,1.5
2025-08-29 08:10:00+00:00,2025-08-29 09:02:00+00:00,short,109968.52,109450.01,TP,6.2683,215.2131,1.5
2025-08-29 09:35:00+00:00,2025-08-29 10:07:00+00:00,short,109700.01,109945.47,SL,-3.2282,211.9849,1.5
2025-08-29 10:14:00+00:00,2025-08-29 11:00:00+00:00,short,109840.09,110101.59,SL,-3.1798,208.8051,1.5
2025-08-29 11:05:00+00:00,2025-08-29 12:06:00+00:00,short,109940.0,110188.35,SL,-3.1321,205.6731,1.5
2025-08-29 12:24:00+00:00,2025-08-29 12:30:00+00:00,long,110350.0,111227.6,TP,6.1702,211.8433,1.5
2025-08-29 12:54:00+00:00,2025-08-29 13:06:00+00:00,long,110788.0,110549.09,SL,-3.1776,208.6656,1.5
2025-08-29 13:56:00+00:00,2025-08-29 14:00:00+00:00,short,108931.99,109446.75,SL,-3.13,205.5356,1.5
2025-08-29 14:05:00+00:00,2025-08-29 14:21:00+00:00,short,108721.99,108945.85,SL,-3.083,202.4526,1.5
2025-08-29 14:28:00+00:00,2025-08-29 14:42:00+00:00,short,108471.68,108806.0,SL,-3.0368,199.4158,1.5
2025-08-29 14:50:00+00:00,2025-08-29 15:16:00+00:00,short,108325.5,108550.01,SL,-1.9942,197.4216,1.0
2025-08-29 15:28:00+00:00,2025-08-29 16:12:00+00:00,short,108441.25,108660.33,SL,-1.9742,195.4474,1.0
2025-08-29 16:27:00+00:00,2025-08-29 16:35:00+00:00,short,108500.01,108740.15,SL,-1.9545,193.493,1.0
2025-08-29 16:44:00+00:00,2025-08-29 17:10:00+00:00,short,108752.4,108306.0,TP,3.8699,197.3628,1.0
2025-08-29 17:38:00+00:00,2025-08-29 17:52:00+00:00,short,108350.01,108581.19,SL,-1.9736,195.3892,1.0
2025-08-29 17:59:00+00:00,2025-08-29 19:21:00+00:00,short,108466.01,108715.99,SL,-1.9539,193.4353,1.0
2025-08-29 19:46:00+00:00,2025-08-29 19:53:00+00:00,long,108587.98,108332.72,SL,-1.9344,191.5009,1.0
2025-08-29 20:37:00+00:00,2025-08-29 21:17:00+00:00,short,107738.0,107957.52,SL,-1.915,189.5859,1.0
2025-08-29 21:21:00+00:00,2025-08-29 21:30:00+00:00,short,107796.25,108068.3,SL,-1.8959,187.6901,1.0
2025-08-29 22:22:00+00:00,2025-08-30 00:42:00+00:00,long,108396.24,108151.31,SL,-1.8769,185.8132,1.0
2025-08-30 01:15:00+00:00,2025-08-30 01:52:00+00:00,short,108270.59,107803.81,TP,3.7163,189.5294,1.0
2025-08-30 02:25:00+00:00,2025-08-30 02:31:00+00:00,short,107629.88,107887.99,SL,-1.8953,187.6341,1.0
2025-08-30 02:46:00+00:00,2025-08-30 03:21:00+00:00,short,107901.08,108129.41,SL,-1.8763,185.7578,1.0
2025-08-30 04:09:00+00:00,2025-08-30 05:14:00+00:00,long,108500.61,108248.06,SL,-1.8576,183.9002,1.0
2025-08-30 05:30:00+00:00,2025-08-30 05:36:00+00:00,short,108129.3,108394.85,SL,-1.839,182.0612,1.0
2025-08-30 06:02:00+00:00,2025-08-30 07:06:00+00:00,long,108426.62,108192.01,SL,-1.8206,180.2406,1.0
2025-08-30 08:07:00+00:00,2025-08-30 10:47:00+00:00,long,108626.06,108406.01,SL,-1.8024,178.4382,1.0
2025-08-30 11:41:00+00:00,2025-08-30 13:07:00+00:00,long,108575.8,108302.93,SL,-1.7844,176.6538,1.0
2025-08-30 13:42:00+00:00,2025-08-30 14:43:00+00:00,short,108429.07,108654.31,SL,-1.7665,174.8873,1.0
2025-08-30 15:15:00+00:00,2025-08-31 00:42:00+00:00,long,108677.7,109144.62,TP,3.4977,178.385,1.0
2025-08-31 00:56:00+00:00,2025-08-31 01:09:00+00:00,long,109399.99,109165.16,SL,-1.7838,176.6012,1.0
2025-08-31 01:21:00+00:00,2025-08-31 04:14:00+00:00,long,109243.98,109015.05,SL,-1.766,174.8352,1.0
2025-08-31 04:53:00+00:00,2025-08-31 08:23:00+00:00,short,108666.93,108889.2,SL,-1.7484,173.0868,1.0
2025-08-31 08:40:00+00:00,2025-08-31 09:44:00+00:00,long,108930.57,108706.18,SL,-1.7309,171.3559,1.0
2025-08-31 09:53:00+00:00,2025-08-31 15:50:00+00:00,short,108571.72,108813.71,SL,-1.7136,169.6424,1.0
2025-08-31 16:28:00+00:00,2025-08-31 18:39:00+00:00,long,108698.5,109155.62,TP,3.3928,173.0352,1.0
2025-08-31 19:20:00+00:00,2025-08-31 22:44:00+00:00,long,109076.43,108848.11,SL,-1.7304,171.3049,1.0
2025-08-31 23:03:00+00:00,2025-08-31 23:34:00+00:00,short,108707.36,108251.22,TP,3.4261,174.731,1.0
2025-09-01 00:04:00+00:00,2025-09-01 00:26:00+00:00,short,108100.0,107653.27,TP,3.4946,178.2256,1.0
2025-09-01 00:59:00+00:00,2025-09-01 01:46:00+00:00,short,108222.37,108448.86,SL,-1.7823,176.4433,1.0
2025-09-01 01:50:00+00:00,2025-09-01 02:25:00+00:00,short,108129.43,107566.99,TP,3.5289,179.9722,1.0
2025-09-01 02:51:00+00:00,2025-09-01 02:55:00+00:00,short,107426.01,107721.81,SL,-1.7997,178.1725,1.0
2025-09-01 03:12:00+00:00,2025-09-01 05:37:00+00:00,short,107560.76,107830.9,SL,-1.7817,176.3908,1.0
2025-09-01 06:13:00+00:00,2025-09-01 07:21:00+00:00,long,107906.0,108373.76,TP,3.5278,179.9186,1.0
2025-09-01 07:45:00+00:00,2025-09-01 07:55:00+00:00,long,108894.17,109339.36,TP,3.5984,183.517,1.0
2025-09-01 08:42:00+00:00,2025-09-01 10:02:00+00:00,long,109571.82,109305.78,SL,-1.8352,181.6818,1.0
2025-09-01 10:17:00+00:00,2025-09-01 10:23:00+00:00,long,109235.06,109008.9,SL,-1.8168,179.865,1.0
2025-09-01 11:19:00+00:00,2025-09-01 11:55:00+00:00,short,108593.06,108829.17,SL,-1.7987,178.0663,1.0
2025-09-01 12:02:00+00:00,2025-09-01 12:23:00+00:00,short,108725.01,108952.98,SL,-1.7807,176.2857,1.0
2025-09-01 12:24:00+00:00,2025-09-01 13:22:00+00:00,long,108993.63,109470.55,TP,3.5257,179.8114,1.0
2025-09-01 14:00:00+00:00,2025-09-01 14:32:00+00:00,long,109131.26,108900.02,SL,-1.7981,178.0133,1.0
2025-09-01 14:48:00+00:00,2025-09-01 14:54:00+00:00,short,108870.01,109106.01,SL,-1.7801,176.2331,1.0
2025-09-01 15:50:00+00:00,2025-09-01 16:05:00+00:00,short,108619.99,108842.65,SL,-1.7623,174.4708,1.0
2025-09-01 16:47:00+00:00,2025-09-01 16:55:00+00:00,long,108984.68,108741.89,SL,-1.7447,172.7261,1.0
2025-09-01 17:10:00+00:00,2025-09-01 17:50:00+00:00,short,108681.99,108918.91,SL,-1.7273,170.9988,1.0
2025-09-01 18:29:00+00:00,2025-09-01 20:37:00+00:00,long,109173.88,108910.0,SL,-1.71,169.2888,1.0
2025-09-01 21:03:00+00:00,2025-09-01 21:30:00+00:00,short,108506.23,108050.84,TP,3.3858,172.6746,1.0
2025-09-01 22:28:00+00:00,2025-09-01 22:47:00+00:00,short,108016.33,108254.17,SL,-1.7267,170.9479,1.0
2025-09-01 23:13:00+00:00,2025-09-01 23:45:00+00:00,long,108752.94,109352.4,TP,3.419,174.3668,1.0
2025-09-02 00:19:00+00:00,2025-09-02 00:36:00+00:00,long,109205.83,108980.01,SL,-1.7437,172.6231,1.0
2025-09-02 00:47:00+00:00,2025-09-02 01:48:00+00:00,long,109049.11,109559.02,TP,3.4525,176.0756,1.0
2025-09-02 02:22:00+00:00,2025-09-02 02:51:00+00:00,long,109441.82,109884.99,TP,3.5215,179.5971,1.0
2025-09-02 03:16:00+00:00,2025-09-02 03:19:00+00:00,long,110614.0,110333.34,SL,-1.796,177.8012,1.0
2025-09-02 03:38:00+00:00,2025-09-02 05:09:00+00:00,long,110308.0,110079.81,SL,-1.778,176.0231,1.0
2025-09-02 05:14:00+00:00,2025-09-02 09:12:00+00:00,long,110180.0,110680.2,TP,3.5205,179.5436,1.0
2025-09-02 09:38:00+00:00,2025-09-02 10:49:00+00:00,long,110394.79,110157.98,SL,-1.7954,177.7482,1.0
2025-09-02 11:05:00+00:00,2025-09-02 11:56:00+00:00,short,110158.28,109700.01,TP,3.555,181.3031,1.0
2025-09-02 12:04:00+00:00,2025-09-02 12:42:00+00:00,short,109589.22,109010.91,TP,3.6261,184.9292,1.0
2025-09-02 12:54:00+00:00,2025-09-02 12:57:00+00:00,short,108509.59,108790.31,SL,-1.8493,183.0799,1.0
2025-09-02 13:30:00+00:00,2025-09-02 13:35:00+00:00,short,109249.08,109867.06,SL,-1.8308,181.2491,1.0
2025-09-02 14:22:00+00:00,2025-09-02 15:06:00+00:00,long,111282.08,111020.16,SL,-1.8125,179.4366,1.0
2025-09-02 15:11:00+00:00,2025-09-02 15:22:00+00:00,long,111336.02,111086.1,SL,-1.7944,177.6422,1.0
2025-09-02 15:29:00+00:00,2025-09-02 15:35:00+00:00,long,111260.77,110946.77,SL,-1.7764,175.8658,1.0
2025-09-02 15:43:00+00:00,2025-09-02 15:50:00+00:00,long,111065.38,110822.75,SL,-1.7587,174.1072,1.0
2025-09-02 15:59:00+00:00,2025-09-02 16:28:00+00:00,long,110829.17,110582.76,SL,-1.7411,172.3661,1.0
2025-09-02 16:36:00+00:00,2025-09-02 16:48:00+00:00,long,110788.35,110510.69,SL,-1.7237,170.6424,1.0
2025-09-02 17:25:00+00:00,2025-09-02 18:05:00+00:00,long,110789.04,110559.45,SL,-1.7064,168.936,1.0
2025-09-02 18:31:00+00:00,2025-09-02 18:50:00+00:00,short,110416.83,110683.18,SL,-1.6894,167.2466,1.0
2025-09-02 19:01:00+00:00,2025-09-02 19:08:00+00:00,short,110574.68,110829.77,SL,-1.6725,165.5742,1.0
2025-09-02 19:13:00+00:00,2025-09-02 20:06:00+00:00,short,110686.16,110925.87,SL,-1.6557,163.9184,1.0
2025-09-02 20:40:00+00:00,2025-09-02 21:59:00+00:00,long,111378.17,111129.57,SL,-1.6392,162.2793,1.0
2025-09-02 22:33:00+00:00,2025-09-02 22:45:00+00:00,short,110994.28,111230.69,SL,-1.6228,160.6565,1.0
2025-09-02 22:58:00+00:00,2025-09-02 23:33:00+00:00,long,111245.27,111019.0,SL,-1.6066,159.0499,1.0
2025-09-02 23:36:00+00:00,2025-09-03 00:19:00+00:00,long,111111.0,111558.45,TP,3.181,162.2309,1.0
2025-09-03 00:26:00+00:00,2025-09-03 00:31:00+00:00,long,111764.69,111500.29,SL,-1.6223,160.6086,1.0
2025-09-03 00:41:00+00:00,2025-09-03 00:44:00+00:00,long,111658.87,111417.72,SL,-1.6061,159.0025,1.0
2025-09-03 01:03:00+00:00,2025-09-03 01:20:00+00:00,long,111392.39,111118.14,SL,-1.59,157.4125,1.0
2025-09-03 02:07:00+00:00,2025-09-03 02:26:00+00:00,short,111124.44,111391.99,SL,-1.5741,155.8384,1.0
2025-09-03 02:45:00+00:00,2025-09-03 03:11:00+00:00,long,111413.88,111161.65,SL,-1.5584,154.28,1.0
2025-09-03 04:08:00+00:00,2025-09-03 07:18:00+00:00,short,111017.79,110568.87,TP,3.0856,157.3656,1.0
2025-09-03 08:44:00+00:00,2025-09-03 11:04:00+00:00,long,111065.43,111675.96,TP,3.1473,160.5129,1.0
2025-09-03 11:35:00+00:00,2025-09-03 12:43:00+00:00,long,111596.0,111336.58,SL,-1.6051,158.9077,1.0
2025-09-03 13:34:00+00:00,2025-09-03 13:37:00+00:00,long,111449.74,111104.02,SL,-1.5891,157.3187,1.0
2025-09-03 13:41:00+00:00,2025-09-03 14:13:00+00:00,long,111516.84,111276.0,SL,-1.5732,155.7455,1.0
2025-09-03 14:25:00+00:00,2025-09-03 14:39:00+00:00,long,111513.47,111985.72,TP,3.1149,158.8604,1.0
2025-09-03 15:33:00+00:00,2025-09-03 16:41:00+00:00,long,112099.99,111872.91,SL,-1.5886,157.2718,1.0
2025-09-03 17:49:00+00:00,2025-09-03 18:24:00+00:00,long,112433.91,112171.17,SL,-1.5727,155.6991,1.0
2025-09-03 19:11:00+00:00,2025-09-03 19:51:00+00:00,short,111869.34,112121.59,SL,-1.557,154.1421,1.0
2025-09-03 20:05:00+00:00,2025-09-03 21:32:00+00:00,long,112220.84,111930.74,SL,-1.5414,152.6007,1.0
2025-09-03 22:50:00+00:00,2025-09-04 00:34:00+00:00,short,111839.87,112119.99,SL,-1.526,151.0747,1.0
2025-09-04 00:53:00+00:00,2025-09-04 01:05:00+00:00,long,112145.88,111906.94,SL,-1.5107,149.5639,1.0
2025-09-04 01:46:00+00:00,2025-09-04 03:05:00+00:00,short,111808.95,111357.08,TP,2.9913,152.5552,1.0
2025-09-04 03:28:00+00:00,2025-09-04 04:58:00+00:00,short,111404.07,110950.01,TP,3.0511,155.6063,1.0
2025-09-04 05:23:00+00:00,2025-09-04 09:09:00+00:00,short,110612.1,110839.99,SL,-1.5561,154.0502,1.0
2025-09-04 09:55:00+00:00,2025-09-04 12:41:00+00:00,long,110788.0,110553.16,SL,-1.5405,152.5097,1.0
2025-09-04 13:10:00+00:00,2025-09-04 13:30:00+00:00,long,110913.98,110665.73,SL,-1.5251,150.9846,1.0
2025-09-04 13:36:00+00:00,2025-09-04 13:48:00+00:00,short,110705.84,110230.4,TP,3.0197,154.0043,1.0
2025-09-04 14:02:00+00:00,2025-09-04 14:05:00+00:00,short,110288.52,109844.01,TP,3.0801,157.0844,1.0
2025-09-04 14:47:00+00:00,2025-09-04 15:11:00+00:00,short,110067.97,109482.0,TP,3.1417,160.2261,1.0
2025-09-04 15:59:00+00:00,2025-09-04 17:20:00+00:00,short,109510.31,109770.83,SL,-1.6023,158.6238,1.0
2025-09-04 17:52:00+00:00,2025-09-04 20:22:00+00:00,long,109797.47,110250.0,TP,3.1725,161.7963,1.0
2025-09-04 20:23:00+00:00,2025-09-04 22:25:00+00:00,long,110299.99,110775.0,TP,3.2359,165.0322,1.0
2025-09-04 22:54:00+00:00,2025-09-04 22:57:00+00:00,long,110848.0,111437.06,TP,3.3006,168.3329,1.0
2025-09-04 23:47:00+00:00,2025-09-05 00:12:00+00:00,long,110781.19,110555.7,SL,-1.6833,166.6495,1.0
2025-09-05 00:15:00+00:00,2025-09-05 00:35:00+00:00,short,110589.13,110882.99,SL,-1.6665,164.9831,1.0
2025-09-05 00:44:00+00:00,2025-09-05 01:41:00+00:00,short,110730.69,110956.09,SL,-1.6498,163.3332,1.0
2025-09-05 01:52:00+00:00,2025-09-05 05:11:00+00:00,long,111082.32,111528.95,TP,3.2667,166.5999,1.0
2025-09-05 05:32:00+00:00,2025-09-05 07:01:00+00:00,long,111600.0,112150.0,TP,3.332,169.9319,1.0
2025-09-05 07:20:00+00:00,2025-09-05 09:19:00+00:00,long,112593.84,112353.75,SL,-1.6993,168.2326,1.0
2025-09-05 10:11:00+00:00,2025-09-05 12:17:00+00:00,short,112257.05,112518.73,SL,-1.6823,166.5502,1.0
2025-09-05 12:26:00+00:00,2025-09-05 12:30:00+00:00,long,112567.13,113089.56,TP,3.331,169.8812,1.0
2025-09-05 12:50:00+00:00,2025-09-05 12:54:00+00:00,long,112786.47,113244.0,TP,3.3976,173.2789,1.0
2025-09-05 13:33:00+00:00,2025-09-05 13:36:00+00:00,long,113113.35,112864.0,SL,-1.7328,171.5461,1.0
2025-09-05 13:42:00+00:00,2025-09-05 13:46:00+00:00,long,113073.7,112842.0,SL,-1.7155,169.8306,1.0
2025-09-05 13:48:00+00:00,2025-09-05 14:03:00+00:00,long,113040.0,112770.42,SL,-1.6983,168.1323,1.0
2025-09-05 14:32:00+00:00,2025-09-05 14:34:00+00:00,short,110726.96,110950.05,SL,-1.6813,166.451,1.0
2025-09-05 15:02:00+00:00,2025-09-05 15:05:00+00:00,short,110315.39,110577.99,SL,-1.6645,164.7865,1.0
2025-09-05 15:31:00+00:00,2025-09-05 15:42:00+00:00,short,110755.68,111000.0,SL,-1.6479,163.1386,1.0
2025-09-05 15:46:00+00:00,2025-09-05 17:42:00+00:00,short,110808.42,110306.46,TP,3.2628,166.4014,1.0
2025-09-05 18:26:00+00:00,2025-09-05 18:29:00+00:00,short,110824.57,111056.01,SL,-1.664,164.7374,1.0
2025-09-05 19:11:00+00:00,2025-09-05 21:16:00+00:00,long,111266.81,110488.31,SL,-1.6474,163.09,1.0
2025-09-05 21:36:00+00:00,2025-09-06 02:46:00+00:00,short,110739.99,111013.87,SL,-1.6309,161.4591,1.0
2025-09-06 03:24:00+00:00,2025-09-06 04:07:00+00:00,long,111201.9,110977.12,SL,-1.6146,159.8445,1.0
2025-09-06 05:00:00+00:00,2025-09-06 15:55:00+00:00,short,110848.8,110398.92,TP,3.1969,163.0414,1.0
2025-09-06 16:18:00+00:00,2025-09-07 01:09:00+00:00,short,110185.1,110415.72,SL,-1.6304,161.411,1.0
2025-09-07 01:22:00+00:00,2025-09-07 08:16:00+00:00,long,110465.11,110907.99,TP,3.2282,164.6392,1.0
2025-09-07 09:07:00+00:00,2025-09-07 18:41:00+00:00,long,111101.6,110865.76,SL,-1.6464,162.9928,1.0
2025-09-07 19:27:00+00:00,2025-09-08 00:54:00+00:00,long,111154.64,110772.0,SL,-1.6299,161.3629,1.0
2025-09-08 01:29:00+00:00,2025-09-08 02:33:00+00:00,short,110803.86,111053.11,SL,-1.6136,159.7493,1.0
2025-09-08 03:01:00+00:00,2025-09-08 03:20:00+00:00,long,111300.49,111052.7,SL,-1.5975,158.1518,1.0
2025-09-08 03:26:00+00:00,2025-09-08 04:07:00+00:00,long,111192.9,110967.34,SL,-1.5815,156.5702,1.0
2025-09-08 04:38:00+00:00,2025-09-08 07:16:00+00:00,short,111076.0,111312.87,SL,-1.5657,155.0045,1.0
2025-09-08 08:00:00+00:00,2025-09-08 08:33:00+00:00,long,111269.4,111742.33,TP,3.1001,158.1046,1.0
2025-09-08 09:07:00+00:00,2025-09-08 13:04:00+00:00,long,111741.28,112196.45,TP,3.1621,161.2667,1.0
2025-09-08 13:37:00+00:00,2025-09-08 13:39:00+00:00,long,112292.25,112022.0,SL,-1.6127,159.6541,1.0
2025-09-08 13:45:00+00:00,2025-09-08 13:53:00+00:00,long,112285.02,112011.29,SL,-1.5965,158.0575,1.0
2025-09-08 14:04:00+00:00,2025-09-08 14:34:00+00:00,long,112114.67,112658.6,TP,3.1612,161.2187,1.0
2025-09-08 15:02:00+00:00,2025-09-08 16:10:00+00:00,long,112667.34,112420.0,SL,-1.6122,159.6065,1.0
2025-09-08 16:37:00+00:00,2025-09-08 20:47:00+00:00,short,112347.76,111896.2,TP,3.1921,162.7986,1.0
2025-09-08 21:02:00+00:00,2025-09-08 21:35:00+00:00,short,111930.74,112162.44,SL,-1.628,161.1706,1.0
2025-09-08 22:00:00+00:00,2025-09-08 23:27:00+00:00,long,112366.31,112131.02,SL,-1.6117,159.5589,1.0
2025-09-08 23:43:00+00:00,2025-09-09 00:30:00+00:00,short,112037.01,111578.5,TP,3.1912,162.7501,1.0
2025-09-09 01:04:00+00:00,2025-09-09 04:16:00+00:00,short,111567.42,111810.23,SL,-1.6275,161.1226,1.0
2025-09-09 04:54:00+00:00,2025-09-09 06:04:00+00:00,long,111988.04,112480.05,TP,3.2225,164.345,1.0
2025-09-09 06:33:00+00:00,2025-09-09 07:29:00+00:00,long,112779.99,113232.0,TP,3.2869,167.6319,1.0
2025-09-09 07:52:00+00:00,2025-09-09 10:28:00+00:00,long,112987.41,112743.72,SL,-1.6763,165.9556,1.0
2025-09-09 10:47:00+00:00,2025-09-09 14:03:00+00:00,short,112708.74,112183.99,TP,3.3191,169.2747,1.0
2025-09-09 14:32:00+00:00,2025-09-09 14:35:00+00:00,short,112094.74,111594.03,TP,3.3855,172.6602,1.0
2025-09-09 15:03:00+00:00,2025-09-09 15:36:00+00:00,short,111587.6,111127.83,TP,3.4532,176.1134,1.0
2025-09-09 16:20:00+00:00,2025-09-09 17:04:00+00:00,short,110865.89,111120.0,SL,-1.7611,174.3523,1.0
2025-09-09 17:14:00+00:00,2025-09-09 18:25:00+00:00,short,111047.22,111298.16,SL,-1.7435,172.6088,1.0
2025-09-09 18:30:00+00:00,2025-09-09 19:55:00+00:00,short,111158.01,111388.04,SL,-1.7261,170.8827,1.0
2025-09-09 20:42:00+00:00,2025-09-09 20:49:00+00:00,short,111113.71,111451.25,SL,-1.7088,169.1739,1.0
2025-09-09 21:35:00+00:00,2025-09-09 21:56:00+00:00,long,111498.87,111270.76,SL,-1.6917,167.4821,1.0
2025-09-09 22:34:00+00:00,2025-09-10 00:25:00+00:00,long,111471.86,111229.72,SL,-1.6748,165.8073,1.0
2025-09-10 00:49:00+00:00,2025-09-10 02:23:00+00:00,short,111129.6,111354.65,SL,-1.6581,164.1492,1.0
2025-09-10 02:24:00+00:00,2025-09-10 06:41:00+00:00,long,111419.17,111865.06,TP,3.283,167.4322,1.0
2025-09-10 07:10:00+00:00,2025-09-10 07:49:00+00:00,long,111889.53,112341.34,TP,3.3486,170.7809,1.0
2025-09-10 08:10:00+00:00,2025-09-10 08:51:00+00:00,long,112681.13,112448.0,SL,-1.7078,169.0731,1.0
2025-09-10 09:14:00+00:00,2025-09-10 12:18:00+00:00,long,112186.5,112643.4,TP,3.3815,172.4545,1.0
2025-09-10 12:30:00+00:00,2025-09-10 12:39:00+00:00,long,113360.0,113022.21,SL,-1.7245,170.73,1.0
2025-09-10 12:59:00+00:00,2025-09-10 13:42:00+00:00,long,113413.51,113883.88,TP,3.4146,174.1446,1.0
2025-09-10 14:07:00+00:00,2025-09-10 14:54:00+00:00,long,114140.35,113827.3,SL,-1.7414,172.4031,1.0
2025-09-10 15:00:00+00:00,2025-09-10 16:12:00+00:00,long,113947.68,113712.44,SL,-1.724,170.6791,1.0
2025-09-10 16:24:00+00:00,2025-09-10 17:29:00+00:00,long,113721.01,113482.01,SL,-1.7068,168.9723,1.0
2025-09-10 18:48:00+00:00,2025-09-10 18:55:00+00:00,short,113391.61,113624.73,SL,-1.6897,167.2826,1.0
2025-09-10 19:06:00+00:00,2025-09-10 20:06:00+00:00,short,113502.67,113740.17,SL,-1.6728,165.6098,1.0
2025-09-10 21:02:00+00:00,2025-09-11 03:41:00+00:00,long,113697.24,114227.77,TP,3.3122,168.9219,1.0
2025-09-11 03:57:00+00:00,2025-09-11 04:21:00+00:00,long,114389.05,114139.24,SL,-1.6892,167.2327,1.0
2025-09-11 04:27:00+00:00,2025-09-11 05:21:00+00:00,long,114246.02,114003.98,SL,-1.6723,165.5604,1.0
2025-09-11 06:12:00+00:00,2025-09-11 07:05:00+00:00,long,114202.52,113969.82,SL,-1.6556,163.9048,1.0
2025-09-11 07:15:00+00:00,2025-09-11 12:09:00+00:00,short,114032.43,114266.01,SL,-1.639,162.2657,1.0
2025-09-11 12:28:00+00:00,2025-09-11 12:30:00+00:00,long,114286.0,113845.51,SL,-1.6227,160.6431,1.0
2025-09-11 12:58:00+00:00,2025-09-11 13:13:00+00:00,short,113955.48,113497.89,TP,3.2129,163.856,1.0
2025-09-11 13:45:00+00:00,2025-09-11 13:51:00+00:00,short,113858.03,114129.88,SL,-1.6386,162.2174,1.0
2025-09-11 14:26:00+00:00,2025-09-11 15:18:00+00:00,long,114152.02,114641.99,TP,3.2443,165.4617,1.0
2025-09-11 16:37:00+00:00,2025-09-11 18:16:00+00:00,long,114472.23,114170.26,SL,-1.6546,163.8071,1.0
2025-09-11 19:09:00+00:00,2025-09-11 21:40:00+00:00,short,114282.33,114517.59,SL,-1.6381,162.1691,1.0
2025-09-11 22:07:00+00:00,2025-09-11 22:24:00+00:00,long,114519.78,115020.0,TP,3.2434,165.4124,1.0
2025-09-11 23:10:00+00:00,2025-09-12 00:23:00+00:00,long,115285.74,115793.08,TP,3.3082,168.7207,1.0
2025-09-12 00:47:00+00:00,2025-09-12 00:58:00+00:00,long,116142.0,115909.34,SL,-1.6872,167.0335,1.0
2025-09-12 01:17:00+00:00,2025-09-12 01:33:00+00:00,long,115863.91,115593.49,SL,-1.6703,165.3631,1.0
2025-09-12 01:42:00+00:00,2025-09-12 01:55:00+00:00,long,115618.29,115377.28,SL,-1.6536,163.7095,1.0
2025-09-12 02:18:00+00:00,2025-09-12 08:11:00+00:00,short,115450.99,114988.07,TP,3.2742,166.9837,1.0
2025-09-12 08:17:00+00:00,2025-09-12 08:24:00+00:00,short,114968.02,115215.11,SL,-1.6698,165.3139,1.0
2025-09-12 08:33:00+00:00,2025-09-12 14:04:00+00:00,short,115130.17,115369.79,SL,-1.6531,163.6607,1.0
2025-09-12 15:05:00+00:00,2025-09-12 16:14:00+00:00,short,115014.02,115249.53,SL,-1.6366,162.0241,1.0
2025-09-12 16:51:00+00:00,2025-09-12 17:23:00+00:00,long,115449.98,115930.36,TP,3.2405,165.2646,1.0
2025-09-12 17:48:00+00:00,2025-09-12 18:32:00+00:00,long,115911.96,116428.16,TP,3.3053,168.5699,1.0
2025-09-12 19:21:00+00:00,2025-09-12 20:13:00+00:00,long,116475.65,116209.59,SL,-1.6857,166.8842,1.0
2025-09-12 21:26:00+00:00,2025-09-12 22:21:00+00:00,short,115987.01,116260.0,SL,-1.6688,165.2154,1.0
2025-09-12 23:04:00+00:00,2025-09-13 00:41:00+00:00,short,115979.49,116255.91,SL,-1.6522,163.5632,1.0
2025-09-13 01:54:00+00:00,2025-09-13 02:11:00+00:00,short,115711.99,115947.96,SL,-1.6356,161.9276,1.0
2025-09-13 02:26:00+00:00,2025-09-13 16:33:00+00:00,short,115953.36,115469.72,TP,3.2386,165.1661,1.0
2025-09-13 16:43:00+00:00,2025-09-13 17:50:00+00:00,short,115353.0,115587.49,SL,-1.6517,163.5145,1.0
2025-09-13 17:53:00+00:00,2025-09-13 20:03:00+00:00,short,115575.49,115821.77,SL,-1.6351,161.8793,1.0
2025-09-13 20:52:00+00:00,2025-09-14 03:05:00+00:00,long,115892.9,115653.11,SL,-1.6188,160.2605,1.0
2025-09-14 03:35:00+00:00,2025-09-14 05:39:00+00:00,short,115691.77,115924.68,SL,-1.6026,158.6579,1.0
2025-09-14 06:02:00+00:00,2025-09-14 12:51:00+00:00,long,115919.54,115675.92,SL,-1.5866,157.0713,1.0
2025-09-14 13:09:00+00:00,2025-09-14 13:45:00+00:00,short,115730.01,115263.49,TP,3.1414,160.2128,1.0
2025-09-14 14:17:00+00:00,2025-09-14 20:01:00+00:00,short,115420.52,115684.01,SL,-1.6021,158.6106,1.0
2025-09-14 20:13:00+00:00,2025-09-14 23:20:00+00:00,long,115758.22,115490.95,SL,-1.5861,157.0245,1.0
2025-09-14 23:30:00+00:00,2025-09-15 01:08:00+00:00,short,115355.0,114872.84,TP,3.1405,160.165,1.0
2025-09-15 01:42:00+00:00,2025-09-15 02:03:00+00:00,short,115181.27,115421.35,SL,-1.6017,158.5634,1.0
2025-09-15 02:38:00+00:00,2025-09-15 04:20:00+00:00,long,115423.53,115912.48,TP,3.1713,161.7346,1.0
2025-09-15 05:12:00+00:00,2025-09-15 06:08:00+00:00,long,116144.68,116617.38,TP,3.2347,164.9693,1.0
2025-09-15 06:44:00+00:00,2025-09-15 07:30:00+00:00,long,116283.51,115977.78,SL,-1.6497,163.3196,1.0
2025-09-15 07:48:00+00:00,2025-09-15 08:48:00+00:00,short,115697.77,115197.72,TP,3.2664,166.586,1.0
2025-09-15 09:35:00+00:00,2025-09-15 13:43:00+00:00,short,114968.0,114455.75,TP,3.3317,169.9177,1.0
2025-09-15 14:00:00+00:00,2025-09-15 14:24:00+00:00,short,114607.23,114890.53,SL,-1.6992,168.2186,1.0
2025-09-15 15:33:00+00:00,2025-09-15 15:38:00+00:00,short,114461.03,114723.28,SL,-1.6822,166.5364,1.0
2025-09-15 15:46:00+00:00,2025-09-15 15:56:00+00:00,short,114599.99,114853.98,SL,-1.6654,164.871,1.0
2025-09-15 16:02:00+00:00,2025-09-15 17:56:00+00:00,short,114725.23,114969.07,SL,-1.6487,163.2223,1.0
2025-09-15 18:25:00+00:00,2025-09-15 19:06:00+00:00,long,115045.16,115508.99,TP,3.2644,166.4868,1.0
2025-09-15 19:34:00+00:00,2025-09-16 05:05:00+00:00,long,115182.07,115718.83,TP,3.3297,169.8165,1.0
2025-09-16 05:32:00+00:00,2025-09-16 09:47:00+00:00,long,115754.0,115509.79,SL,-1.6982,168.1183,1.0
2025-09-16 09:54:00+00:00,2025-09-16 13:45:00+00:00,short,115466.87,114964.41,TP,3.3624,171.4807,1.0
2025-09-16 14:09:00+00:00,2025-09-16 14:16:00+00:00,short,114985.99,115260.95,SL,-1.7148,169.7659,1.0
2025-09-16 14:28:00+00:00,2025-09-16 14:48:00+00:00,short,114994.46,115226.17,SL,-1.6977,168.0682,1.0
2025-09-16 15:01:00+00:00,2025-09-16 15:46:00+00:00,short,115214.23,115460.03,SL,-1.6807,166.3875,1.0
2025-09-16 16:30:00+00:00,2025-09-16 17:02:00+00:00,long,115866.0,116329.84,TP,3.3277,169.7153,1.0
2025-09-16 17:31:00+00:00,2025-09-16 17:36:00+00:00,long,116850.62,116536.16,SL,-1.6972,168.0181,1.0
2025-09-16 17:58:00+00:00,2025-09-16 18:42:00+00:00,long,116510.77,116254.47,SL,-1.6802,166.338,1.0
2025-09-16 18:45:00+00:00,2025-09-16 20:05:00+00:00,long,116356.0,116855.07,TP,3.3268,169.6647,1.0
2025-09-16 20:35:00+00:00,2025-09-17 00:50:00+00:00,long,116814.92,116580.74,SL,-1.6966,167.9681,1.0
2025-09-17 00:58:00+00:00,2025-09-17 02:31:00+00:00,short,116563.68,116831.46,SL,-1.6797,166.2884,1.0
2025-09-17 02:48:00+00:00,2025-09-17 02:58:00+00:00,long,116936.64,116690.41,SL,-1.6629,164.6255,1.0
2025-09-17 03:22:00+00:00,2025-09-17 04:49:00+00:00,short,116632.0,116161.24,TP,3.2925,167.918,1.0
2025-09-17 05:37:00+00:00,2025-09-17 05:57:00+00:00,long,116673.34,117166.22,TP,3.3584,171.2764,1.0
2025-09-17 06:27:00+00:00,2025-09-17 08:31:00+00:00,long,117114.93,116862.5,SL,-1.7128,169.5636,1.0
2025-09-17 09:04:00+00:00,2025-09-17 10:53:00+00:00,short,116759.11,116290.18,TP,3.3913,172.9549,1.0
2025-09-17 11:03:00+00:00,2025-09-17 14:20:00+00:00,short,116296.49,115826.86,TP,3.4591,176.414,1.0
2025-09-17 15:22:00+00:00,2025-09-17 15:58:00+00:00,short,115645.96,115886.17,SL,-1.7641,174.6498,1.0
2025-09-17 16:01:00+00:00,2025-09-17 17:41:00+00:00,short,115803.43,116113.34,SL,-1.7465,172.9033,1.0
2025-09-17 18:04:00+00:00,2025-09-17 18:06:00+00:00,long,116183.99,115942.93,SL,-1.729,171.1743,1.0
2025-09-17 18:33:00+00:00,2025-09-17 18:42:00+00:00,short,115586.1,115110.0,TP,3.4235,174.5978,1.0
2025-09-17 18:52:00+00:00,2025-09-17 18:58:00+00:00,short,114870.0,115211.99,SL,-1.746,172.8518,1.0
2025-09-17 19:17:00+00:00,2025-09-17 19:25:00+00:00,short,115563.99,115969.69,SL,-1.7285,171.1233,1.0
2025-09-17 20:02:00+00:00,2025-09-17 21:03:00+00:00,long,115736.28,115449.59,SL,-1.7112,169.4121,1.0
2025-09-17 21:40:00+00:00,2025-09-17 22:50:00+00:00,long,115899.98,116390.01,TP,3.3882,172.8003,1.0
2025-09-17 23:48:00+00:00,2025-09-18 00:10:00+00:00,long,116533.68,116226.16,SL,-1.728,171.0723,1.0
2025-09-18 00:16:00+00:00,2025-09-18 01:43:00+00:00,long,116320.82,116793.53,TP,3.4214,174.4938,1.0
2025-09-18 02:14:00+00:00,2025-09-18 03:05:00+00:00,long,116649.24,117155.43,TP,3.4899,177.9836,1.0
2025-09-18 04:12:00+00:00,2025-09-18 04:23:00+00:00,long,117699.99,117456.65,SL,-1.7798,176.2038,1.0
2025-09-18 04:40:00+00:00,2025-09-18 06:10:00+00:00,long,117394.3,117150.42,SL,-1.762,174.4418,1.0
2025-09-18 06:26:00+00:00,2025-09-18 08:15:00+00:00,short,117005.14,117281.06,SL,-1.7444,172.6973,1.0
2025-09-18 08:54:00+00:00,2025-09-18 11:53:00+00:00,long,117249.51,117013.77,SL,-1.727,170.9704,1.0
2025-09-18 12:41:00+00:00,2025-09-18 14:18:00+00:00,long,117228.71,117705.41,TP,3.4194,174.3898,1.0
2025-09-18 14:44:00+00:00,2025-09-18 15:12:00+00:00,long,117764.42,117519.85,SL,-1.7439,172.6459,1.0
2025-09-18 15:20:00+00:00,2025-09-18 19:35:00+00:00,long,117543.98,117272.41,SL,-1.7265,170.9194,1.0
2025-09-18 20:15:00+00:00,2025-09-18 20:41:00+00:00,short,117420.01,117656.5,SL,-1.7092,169.2102,1.0
2025-09-18 21:41:00+00:00,2025-09-18 23:00:00+00:00,short,117368.41,116782.11,TP,3.3842,172.5944,1.0
2025-09-18 23:57:00+00:00,2025-09-19 00:37:00+00:00,short,117094.92,117332.38,SL,-1.7259,170.8685,1.0
2025-09-19 01:00:00+00:00,2025-09-19 01:41:00+00:00,long,117452.68,117148.8,SL,-1.7087,169.1598,1.0
2025-09-19 02:09:00+00:00,2025-09-19 06:34:00+00:00,short,117174.75,116680.2,TP,3.3832,172.543,1.0
2025-09-19 06:50:00+00:00,2025-09-19 07:35:00+00:00,short,116710.06,116954.4,SL,-1.7254,170.8176,1.0
2025-09-19 08:07:00+00:00,2025-09-19 09:46:00+00:00,long,116945.82,116692.65,SL,-1.7082,169.1094,1.0
2025-09-19 11:05:00+00:00,2025-09-19 14:47:00+00:00,short,116475.12,115914.32,TP,3.3822,172.4916,1.0
2025-09-19 15:02:00+00:00,2025-09-19 16:16:00+00:00,short,115798.91,116040.38,SL,-1.7249,170.7667,1.0
2025-09-19 16:19:00+00:00,2025-09-19 18:11:00+00:00,short,115966.33,115501.05,TP,3.4153,174.182,1.0
2025-09-19 18:12:00+00:00,2025-09-20 00:43:00+00:00,short,115453.5,115703.97,SL,-1.7418,172.4402,1.0
2025-09-20 01:20:00+00:00,2025-09-20 02:19:00+00:00,long,115693.75,115444.0,SL,-1.7244,170.7158,1.0
2025-09-20 03:30:00+00:00,2025-09-20 07:24:00+00:00,short,115500.01,115745.26,SL,-1.7072,169.0086,1.0
2025-09-20 08:31:00+00:00,2025-09-21 00:28:00+00:00,long,115846.0,115597.84,SL,-1.6901,167.3185,1.0
2025-09-21 01:02:00+00:00,2025-09-22 00:21:00+00:00,short,115644.24,115168.27,TP,3.3464,170.6649,1.0
2025-09-22 00:48:00+00:00,2025-09-22 02:32:00+00:00,short,114699.53,114210.8,TP,3.4133,174.0782,1.0
2025-09-22 02:55:00+00:00,2025-09-22 03:31:00+00:00,short,114238.58,114486.96,SL,-1.7408,172.3374,1.0
2025-09-22 03:34:00+00:00,2025-09-22 03:49:00+00:00,short,114376.48,114609.5,SL,-1.7234,170.614,1.0
2025-09-22 04:22:00+00:00,2025-09-22 05:59:00+00:00,short,114480.76,113691.19,TP,3.4123,174.0263,1.0
2025-09-22 06:55:00+00:00,2025-09-22 07:44:00+00:00,short,112763.86,112991.83,SL,-1.7403,172.2861,1.0
2025-09-22 07:50:00+00:00,2025-09-22 09:39:00+00:00,short,112705.41,112250.0,TP,3.4457,175.7318,1.0
2025-09-22 09:49:00+00:00,2025-09-22 10:08:00+00:00,short,112252.33,112495.5,SL,-1.7573,173.9745,1.0
2025-09-22 10:27:00+00:00,2025-09-22 10:54:00+00:00,short,112607.75,112842.95,SL,-1.7397,172.2347,1.0
2025-09-22 11:46:00+00:00,2025-09-22 12:21:00+00:00,long,112825.51,112583.26,SL,-1.7223,170.5124,1.0
2025-09-22 12:24:00+00:00,2025-09-22 13:11:00+00:00,short,112588.07,112881.15,SL,-1.7051,168.8072,1.0
2025-09-22 14:30:00+00:00,2025-09-22 14:34:00+00:00,long,113399.9,113136.29,SL,-1.6881,167.1192,1.0
2025-09-22 14:56:00+00:00,2025-09-22 15:24:00+00:00,long,112882.89,112640.0,SL,-1.6712,165.448,1.0
2025-09-22 15:33:00+00:00,2025-09-22 15:49:00+00:00,short,112595.81,112845.41,SL,-1.6545,163.7935,1.0
2025-09-22 16:02:00+00:00,2025-09-22 17:10:00+00:00,short,112768.01,112275.01,TP,3.2759,167.0694,1.0
2025-09-22 17:53:00+00:00,2025-09-22 18:23:00+00:00,short,112434.0,112699.96,SL,-1.6707,165.3987,1.0
2025-09-22 18:35:00+00:00,2025-09-22 18:49:00+00:00,long,112793.96,112560.15,SL,-1.654,163.7447,1.0
2025-09-22 19:23:00+00:00,2025-09-22 19:44:00+00:00,short,112445.84,111992.38,TP,3.2749,167.0196,1.0
2025-09-22 20:01:00+00:00,2025-09-22 20:30:00+00:00,short,112091.71,112407.99,SL,-1.6702,165.3494,1.0
2025-09-22 20:53:00+00:00,2025-09-23 00:08:00+00:00,long,112741.3,112511.07,SL,-1.6535,163.6959,1.0
2025-09-23 01:33:00+00:00,2025-09-23 02:54:00+00:00,short,112391.05,111718.01,TP,3.2739,166.9698,1.0
2025-09-23 03:50:00+00:00,2025-09-23 04:11:00+00:00,long,112409.82,112184.94,SL,-1.6697,165.3001,1.0
2025-09-23 04:26:00+00:00,2025-09-23 04:49:00+00:00,short,112095.47,112345.66,SL,-1.653,163.6471,1.0
2025-09-23 05:12:00+00:00,2025-09-23 07:21:00+00:00,long,112611.79,113065.57,TP,3.2729,166.9201,1.0
2025-09-23 07:36:00+00:00,2025-09-23 11:07:00+00:00,long,113004.54,112734.88,SL,-1.6692,165.2509,1.0
2025-09-23 12:06:00+00:00,2025-09-23 13:42:00+00:00,long,112995.13,112765.29,SL,-1.6525,163.5983,1.0
2025-09-23 13:50:00+00:00,2025-09-23 14:05:00+00:00,short,112815.44,113102.94,SL,-1.636,161.9624,1.0
2025-09-23 14:50:00+00:00,2025-09-23 15:11:00+00:00,short,112641.87,112900.0,SL,-1.6196,160.3427,1.0
2025-09-23 15:52:00+00:00,2025-09-23 16:06:00+00:00,long,112997.82,112738.85,SL,-1.6034,158.7393,1.0
2025-09-23 16:32:00+00:00,2025-09-23 16:52:00+00:00,short,112682.33,112949.05,SL,-1.5874,157.1519,1.0
2025-09-23 17:01:00+00:00,2025-09-23 17:35:00+00:00,short,112704.35,112192.46,TP,3.143,160.295,1.0
2025-09-23 17:54:00+00:00,2025-09-23 18:08:00+00:00,short,111947.16,112178.95,SL,-1.603,158.692,1.0
2025-09-23 18:18:00+00:00,2025-09-23 19:51:00+00:00,short,112023.77,111573.57,TP,3.1738,161.8658,1.0
2025-09-23 20:18:00+00:00,2025-09-23 21:29:00+00:00,short,111848.88,112074.65,SL,-1.6187,160.2472,1.0
2025-09-23 22:06:00+00:00,2025-09-23 23:23:00+00:00,long,112211.82,111979.5,SL,-1.6025,158.6447,1.0
2025-09-23 23:52:00+00:00,2025-09-24 00:20:00+00:00,short,112035.58,112304.28,SL,-1.5864,157.0583,1.0
2025-09-24 00:46:00+00:00,2025-09-24 02:17:00+00:00,long,112326.99,112074.98,SL,-1.5706,155.4877,1.0
2025-09-24 02:50:00+00:00,2025-09-24 03:49:00+00:00,short,112173.53,111718.93,TP,3.1098,158.5974,1.0
2025-09-24 03:58:00+00:00,2025-09-24 04:11:00+00:00,short,111683.1,111190.0,TP,3.1719,161.7694,1.0
2025-09-24 05:15:00+00:00,2025-09-24 06:06:00+00:00,long,112276.34,112735.38,TP,3.2354,165.0048,1.0
2025-09-24 06:09:00+00:00,2025-09-24 07:26:00+00:00,long,112769.02,112500.33,SL,-1.65,163.3547,1.0
2025-09-24 07:41:00+00:00,2025-09-24 11:05:00+00:00,long,112539.99,113013.32,TP,3.2671,166.6218,1.0
2025-09-24 11:43:00+00:00,2025-09-24 14:49:00+00:00,long,113038.38,113509.99,TP,3.3324,169.9543,1.0
2025-09-24 15:24:00+00:00,2025-09-24 15:50:00+00:00,long,113672.1,113424.01,SL,-1.6995,168.2547,1.0
2025-09-24 16:12:00+00:00,2025-09-24 16:17:00+00:00,short,113175.33,113403.03,SL,-1.6825,166.5722,1.0
2025-09-24 17:10:00+00:00,2025-09-24 18:10:00+00:00,long,113850.01,113599.98,SL,-1.6657,164.9064,1.0
2025-09-24 18:48:00+00:00,2025-09-25 00:48:00+00:00,short,113545.37,113076.5,TP,3.2981,168.2046,1.0
2025-09-25 00:57:00+00:00,2025-09-25 01:12:00+00:00,short,112995.19,113224.0,SL,-1.682,166.5225,1.0
2025-09-25 01:23:00+00:00,2025-09-25 01:51:00+00:00,short,113110.58,112578.99,TP,3.3304,169.853,1.0
2025-09-25 02:13:00+00:00,2025-09-25 02:31:00+00:00,short,112674.99,112998.23,SL,-1.6985,168.1544,1.0
2025-09-25 02:41:00+00:00,2025-09-25 03:25:00+00:00,short,112926.79,112462.46,TP,3.3631,171.5175,1.0
2025-09-25 04:11:00+00:00,2025-09-25 04:19:00+00:00,short,112411.26,111900.02,TP,3.4303,174.9479,1.0
2025-09-25 04:31:00+00:00,2025-09-25 05:23:00+00:00,short,111734.72,111983.98,SL,-1.7495,173.1984,1.0
2025-09-25 05:30:00+00:00,2025-09-25 09:27:00+00:00,short,111944.41,112180.6,SL,-1.732,171.4664,1.0
2025-09-25 10:30:00+00:00,2025-09-25 11:58:00+00:00,short,111766.44,111293.28,TP,3.4293,174.8957,1.0
2025-09-25 12:17:00+00:00,2025-09-25 13:01:00+00:00,short,111500.01,111019.98,TP,3.4979,178.3937,1.0
2025-09-25 14:56:00+00:00,2025-09-25 15:09:00+00:00,long,111551.64,111284.26,SL,-1.7839,176.6097,1.0
2025-09-25 15:58:00+00:00,2025-09-25 16:25:00+00:00,long,111497.93,111260.31,SL,-1.7661,174.8436,1.0
2025-09-25 16:48:00+00:00,2025-09-25 17:12:00+00:00,short,111011.62,110554.42,TP,3.4969,178.3405,1.0
2025-09-25 17:33:00+00:00,2025-09-25 17:47:00+00:00,short,109727.87,109286.43,TP,3.5668,181.9073,1.0
2025-09-25 17:48:00+00:00,2025-09-25 17:57:00+00:00,short,109223.09,108707.66,TP,3.6381,185.5455,1.0
2025-09-25 18:31:00+00:00,2025-09-25 18:54:00+00:00,short,109452.46,109679.99,SL,-1.8555,183.69,1.0
2025-09-25 19:07:00+00:00,2025-09-25 20:06:00+00:00,short,109766.76,109305.09,TP,3.6738,187.3638,1.0
2025-09-25 20:08:00+00:00,2025-09-25 21:08:00+00:00,short,109288.86,109547.74,SL,-1.8736,185.4902,1.0
2025-09-25 21:18:00+00:00,2025-09-25 23:03:00+00:00,short,109407.19,109644.5,SL,-1.8549,183.6353,1.0
2025-09-26 00:22:00+00:00,2025-09-26 00:44:00+00:00,short,109248.71,108809.25,TP,3.6727,187.308,1.0
2025-09-26 01:14:00+00:00,2025-09-26 03:07:00+00:00,long,109639.13,109390.61,SL,-1.8731,185.4349,1.0
2025-09-26 03:24:00+00:00,2025-09-26 07:43:00+00:00,short,109405.6,108923.91,TP,3.7087,189.1436,1.0
2025-09-26 08:32:00+00:00,2025-09-26 10:03:00+00:00,long,109566.68,109316.26,SL,-1.8914,187.2522,1.0
2025-09-26 10:32:00+00:00,2025-09-26 11:41:00+00:00,short,108864.01,109099.36,SL,-1.8725,185.3796,1.0
2025-09-26 12:21:00+00:00,2025-09-26 12:29:00+00:00,short,108880.0,109121.28,SL,-1.8538,183.5258,1.0
2025-09-26 13:20:00+00:00,2025-09-26 13:30:00+00:00,long,109287.99,109023.13,SL,-1.8353,181.6906,1.0
2025-09-26 13:32:00+00:00,2025-09-26 14:25:00+00:00,long,109359.5,109013.89,SL,-1.8169,179.8737,1.0
2025-09-26 15:14:00+00:00,2025-09-26 15:17:00+00:00,short,108937.15,109164.0,SL,-1.7987,178.0749,1.0
2025-09-26 16:49:00+00:00,2025-09-26 17:26:00+00:00,long,109397.83,109922.9,TP,3.5615,181.6364,1.0
2025-09-26 18:14:00+00:00,2025-09-26 18:57:00+00:00,long,109987.19,109752.32,SL,-1.8164,179.8201,1.0
2025-09-26 19:26:00+00:00,2025-09-26 22:47:00+00:00,short,109360.97,109595.35,SL,-1.7982,178.0219,1.0
2025-09-26 23:20:00+00:00,2025-09-27 08:07:00+00:00,long,109520.26,109266.03,SL,-1.7802,176.2416,1.0
2025-09-27 08:39:00+00:00,2025-09-27 22:03:00+00:00,short,109300.35,109519.99,SL,-1.7624,174.4792,1.0
2025-09-27 22:09:00+00:00,2025-09-28 06:29:00+00:00,long,109513.77,109280.01,SL,-1.7448,172.7344,1.0
2025-09-28 07:51:00+00:00,2025-09-28 11:18:00+00:00,long,109519.0,109280.56,SL,-1.7273,171.0071,1.0
2025-09-28 11:47:00+00:00,2025-09-28 13:32:00+00:00,short,109273.48,109500.0,SL,-1.7101,169.297,1.0
2025-09-28 13:34:00+00:00,2025-09-28 15:47:00+00:00,long,109525.99,109977.8,TP,3.3859,172.683,1.0
2025-09-28 16:42:00+00:00,2025-09-28 20:22:00+00:00,long,110169.91,110611.88,TP,3.4537,176.1366,1.0
2025-09-28 21:10:00+00:00,2025-09-28 21:35:00+00:00,long,110890.67,110661.09,SL,-1.7614,174.3753,1.0
2025-09-28 21:43:00+00:00,2025-09-28 22:05:00+00:00,long,110684.12,111145.0,TP,3.4875,177.8628,1.0
2025-09-28 22:47:00+00:00,2025-09-29 01:56:00+00:00,long,111979.28,111729.88,SL,-1.7786,176.0841,1.0
2025-09-29 02:32:00+00:00,2025-09-29 08:03:00+00:00,short,111829.07,112069.33,SL,-1.7608,174.3233,1.0
2025-09-29 08:25:00+00:00,2025-09-29 11:08:00+00:00,long,112188.38,111952.7,SL,-1.7432,172.5801,1.0
2025-09-29 11:30:00+00:00,2025-09-29 12:18:00+00:00,short,111961.69,112219.99,SL,-1.7258,170.8543,1.0
2025-09-29 13:06:00+00:00,2025-09-29 13:17:00+00:00,short,111923.7,112149.99,SL,-1.7085,169.1457,1.0
2025-09-29 13:36:00+00:00,2025-09-29 13:42:00+00:00,long,112267.87,112890.24,TP,3.3829,172.5286,1.0
2025-09-29 14:11:00+00:00,2025-09-29 14:42:00+00:00,long,113666.04,114127.06,TP,3.4506,175.9792,1.0
2025-09-29 15:33:00+00:00,2025-09-29 16:57:00+00:00,long,113876.32,113622.97,SL,-1.7598,174.2194,1.0
2025-09-29 17:07:00+00:00,2025-09-29 19:47:00+00:00,long,113713.81,114215.99,TP,3.4844,177.7038,1.0
2025-09-29 20:09:00+00:00,2025-09-29 21:35:00+00:00,long,114343.77,114104.84,SL,-1.777,175.9268,1.0
2025-09-29 21:38:00+00:00,2025-09-30 00:50:00+00:00,long,114149.05,114655.5,TP,3.5185,179.4453,1.0
2025-09-30 01:10:00+00:00,2025-09-30 01:50:00+00:00,long,114598.63,114363.7,SL,-1.7945,177.6508,1.0
2025-09-30 01:58:00+00:00,2025-09-30 04:31:00+00:00,long,114378.5,114147.72,SL,-1.7765,175.8743,1.0
2025-09-30 04:50:00+00:00,2025-09-30 07:39:00+00:00,short,114147.48,113658.27,TP,3.5175,179.3918,1.0
2025-09-30 08:05:00+00:00,2025-09-30 09:35:00+00:00,short,113664.36,113188.05,TP,3.5878,182.9797,1.0
2025-09-30 09:54:00+00:00,2025-09-30 11:41:00+00:00,short,112823.33,113050.0,SL,-1.8298,181.1499,1.0
2025-09-30 11:54:00+00:00,2025-09-30 13:21:00+00:00,short,113055.2,113286.79,SL,-1.8115,179.3384,1.0
2025-09-30 13:38:00+00:00,2025-09-30 14:05:00+00:00,long,113399.24,113090.94,SL,-1.7934,177.545,1.0
2025-09-30 14:25:00+00:00,2025-09-30 14:48:00+00:00,short,113046.55,113385.0,SL,-1.7754,175.7695,1.0
2025-09-30 15:47:00+00:00,2025-09-30 16:21:00+00:00,short,113021.99,113279.91,SL,-1.7577,174.0118,1.0
2025-09-30 16:26:00+00:00,2025-09-30 17:20:00+00:00,short,113042.29,113279.91,SL,-1.7401,172.2717,1.0
2025-09-30 17:39:00+00:00,2025-09-30 19:02:00+00:00,long,113395.54,113899.99,TP,3.4454,175.7171,1.0
2025-09-30 19:22:00+00:00,2025-09-30 19:51:00+00:00,long,113949.8,114420.68,TP,3.5143,179.2315,1.0
2025-09-30 20:21:00+00:00,2025-09-30 21:04:00+00:00,long,114278.04,114742.53,TP,3.5846,182.8161,1.0
2025-09-30 21:36:00+00:00,2025-09-30 22:10:00+00:00,long,114379.99,114136.05,SL,-1.8282,180.988,1.0
2025-09-30 22:20:00+00:00,2025-10-01 01:10:00+00:00,short,114113.23,114374.99,SL,-1.8099,179.1781,1.0
2025-10-01 01:38:00+00:00,2025-10-01 08:20:00+00:00,long,114354.29,114907.22,TP,3.5836,182.7616,1.0
2025-10-01 09:36:00+00:00,2025-10-01 12:02:00+00:00,long,116365.69,116849.98,TP,3.6552,186.4169,1.0
2025-10-01 12:19:00+00:00,2025-10-01 12:33:00+00:00,long,116792.02,116547.13,SL,-1.8642,184.5527,1.0
2025-10-01 12:50:00+00:00,2025-10-01 14:02:00+00:00,long,116473.85,117031.0,TP,3.6911,188.2438,1.0
2025-10-01 14:38:00+00:00,2025-10-01 14:49:00+00:00,long,117334.49,117063.15,SL,-1.8824,186.3613,1.0
2025-10-01 14:56:00+00:00,2025-10-01 16:14:00+00:00,long,117299.99,117773.0,TP,3.7272,190.0885,1.0
2025-10-01 16:29:00+00:00,2025-10-01 16:55:00+00:00,long,117861.69,117606.28,SL,-1.9009,188.1877,1.0
2025-10-01 17:20:00+00:00,2025-10-01 17:44:00+00:00,long,117403.58,117148.77,SL,-1.8819,186.3058,1.0
2025-10-01 18:21:00+00:00,2025-10-01 18:34:00+00:00,short,116879.2,117135.45,SL,-1.8631,184.4427,1.0
2025-10-01 18:42:00+00:00,2025-10-01 19:07:00+00:00,short,117124.79,117371.63,SL,-1.8444,182.5983,1.0
2025-10-01 19:17:00+00:00,2025-10-01 20:13:00+00:00,long,117440.49,117163.26,SL,-1.826,180.7723,1.0
2025-10-01 20:45:00+00:00,2025-10-01 22:06:00+00:00,long,117382.99,117877.38,TP,3.6154,184.3878,1.0
2025-10-01 22:47:00+00:00,2025-10-01 23:19:00+00:00,long,117801.74,118359.01,TP,3.6878,188.0755,1.0
2025-10-01 23:43:00+00:00,2025-10-02 00:01:00+00:00,long,118355.0,118896.66,TP,3.7615,191.837,1.0
2025-10-02 00:54:00+00:00,2025-10-02 05:52:00+00:00,long,118565.29,118283.42,SL,-1.9184,189.9187,1.0
2025-10-02 06:24:00+00:00,2025-10-02 06:42:00+00:00,short,118420.0,118671.26,SL,-1.8992,188.0195,1.0
2025-10-02 06:46:00+00:00,2025-10-02 09:45:00+00:00,short,118542.63,118805.41,SL,-1.8802,186.1393,1.0
2025-10-02 10:16:00+00:00,2025-10-02 12:40:00+00:00,long,118770.96,119285.79,TP,3.7228,189.8621,1.0
2025-10-02 12:52:00+00:00,2025-10-02 13:13:00+00:00,long,119399.99,119150.46,SL,-1.8986,187.9634,1.0
2025-10-02 13:22:00+00:00,2025-10-02 13:46:00+00:00,long,119218.09,119718.29,TP,3.7593,191.7227,1.0
2025-10-02 14:17:00+00:00,2025-10-02 14:36:00+00:00,long,119639.75,119387.39,SL,-1.9172,189.8055,1.0
2025-10-02 15:04:00+00:00,2025-10-02 15:07:00+00:00,short,118573.78,118863.0,SL,-1.8981,187.9074,1.0
2025-10-02 15:42:00+00:00,2025-10-02 16:11:00+00:00,long,119574.3,120074.99,TP,3.7581,191.6656,1.0
2025-10-02 16:12:00+00:00,2025-10-02 16:28:00+00:00,long,120199.51,119949.99,SL,-1.9167,189.7489,1.0
2025-10-02 16:48:00+00:00,2025-10-02 16:56:00+00:00,long,119866.55,119612.91,SL,-1.8975,187.8514,1.0
2025-10-02 17:07:00+00:00,2025-10-02 17:21:00+00:00,long,119642.84,119399.75,SL,-1.8785,185.9729,1.0
2025-10-02 18:39:00+00:00,2025-10-02 19:04:00+00:00,long,120154.36,120637.75,TP,3.7195,189.6924,1.0
2025-10-02 19:35:00+00:00,2025-10-02 19:44:00+00:00,long,120955.26,120705.39,SL,-1.8969,187.7955,1.0
2025-10-02 19:58:00+00:00,2025-10-02 20:25:00+00:00,long,120769.65,120521.49,SL,-1.878,185.9175,1.0
2025-10-02 20:37:00+00:00,2025-10-02 21:34:00+00:00,long,120508.04,120251.02,SL,-1.8592,184.0583,1.0
2025-10-02 21:54:00+00:00,2025-10-02 22:14:00+00:00,short,120166.01,120411.99,SL,-1.8406,182.2177,1.0
2025-10-02 22:20:00+00:00,2025-10-02 23:17:00+00:00,short,120288.38,120531.81,SL,-1.8222,180.3956,1.0
2025-10-02 23:34:00+00:00,2025-10-02 23:42:00+00:00,long,120621.99,120348.39,SL,-1.804,178.5916,1.0
2025-10-02 23:52:00+00:00,2025-10-03 00:14:00+00:00,long,120453.11,120156.53,SL,-1.7859,176.8057,1.0
2025-10-03 00:33:00+00:00,2025-10-03 07:38:00+00:00,short,120166.1,119655.23,TP,3.5361,180.3418,1.0
2025-10-03 08:09:00+00:00,2025-10-03 08:35:00+00:00,short,119600.02,119846.67,SL,-1.8034,178.5384,1.0
2025-10-03 08:58:00+00:00,2025-10-03 10:27:00+00:00,long,120011.05,120515.66,TP,3.5708,182.1092,1.0
2025-10-03 10:41:00+00:00,2025-10-03 11:17:00+00:00,long,120490.28,120203.0,SL,-1.8211,180.2881,1.0
2025-10-03 11:24:00+00:00,2025-10-03 14:15:00+00:00,long,120328.99,120039.22,SL,-1.8029,178.4852,1.0
2025-10-03 15:15:00+00:00,2025-10-03 15:30:00+00:00,long,120936.93,121474.0,TP,3.5697,182.0549,1.0
2025-10-03 15:52:00+00:00,2025-10-03 16:00:00+00:00,long,121987.0,122632.16,TP,3.6411,185.696,1.0
2025-10-03 16:25:00+00:00,2025-10-03 16:48:00+00:00,long,123595.98,123270.32,SL,-1.857,183.839,1.0
2025-10-03 17:08:00+00:00,2025-10-03 17:12:00+00:00,long,122458.46,122981.0,TP,3.6768,187.5158,1.0
2025-10-03 18:04:00+00:00,2025-10-03 18:11:00+00:00,short,121802.73,122053.47,SL,-1.8752,185.6406,1.0
2025-10-03 18:35:00+00:00,2025-10-03 20:05:00+00:00,long,122566.93,122304.99,SL,-1.8564,183.7842,1.0
2025-10-03 21:15:00+00:00,2025-10-03 21:38:00+00:00,long,122422.66,122160.12,SL,-1.8378,181.9464,1.0
2025-10-03 21:51:00+00:00,2025-10-03 21:54:00+00:00,short,122000.01,122325.6,SL,-1.8195,180.1269,1.0
2025-10-03 22:36:00+00:00,2025-10-03 23:10:00+00:00,long,122576.84,122295.75,SL,-1.8013,178.3257,1.0
2025-10-03 23:31:00+00:00,2025-10-04 01:54:00+00:00,short,122220.04,121700.01,TP,3.5665,181.8922,1.0
2025-10-04 02:13:00+00:00,2025-10-04 03:52:00+00:00,short,121895.34,122208.1,SL,-1.8189,180.0733,1.0
2025-10-04 04:22:00+00:00,2025-10-04 11:00:00+00:00,long,122352.99,122103.35,SL,-1.8007,178.2725,1.0
2025-10-04 11:12:00+00:00,2025-10-04 13:07:00+00:00,short,122099.75,122376.66,SL,-1.7827,176.4898,1.0
2025-10-04 13:37:00+00:00,2025-10-04 14:49:00+00:00,long,122430.0,122180.81,SL,-1.7649,174.7249,1.0
2025-10-04 15:14:00+00:00,2025-10-04 21:17:00+00:00,short,121902.71,122186.04,SL,-1.7472,172.9776,1.0
2025-10-04 22:07:00+00:00,2025-10-05 02:28:00+00:00,long,122207.07,122724.53,TP,3.4596,176.4372,1.0
2025-10-05 03:27:00+00:00,2025-10-05 04:39:00+00:00,long,123719.94,124249.04,TP,3.5287,179.9659,1.0
2025-10-05 05:25:00+00:00,2025-10-05 05:47:00+00:00,long,125308.12,125044.0,SL,-1.7997,178.1663,1.0
2025-10-05 06:00:00+00:00,2025-10-05 06:21:00+00:00,long,125135.84,124820.48,SL,-1.7817,176.3846,1.0
2025-10-05 06:27:00+00:00,2025-10-05 07:31:00+00:00,long,124963.1,124704.57,SL,-1.7638,174.6208,1.0
2025-10-05 08:00:00+00:00,2025-10-05 09:29:00+00:00,short,124736.46,124013.4,TP,3.4924,178.1132,1.0
2025-10-05 10:04:00+00:00,2025-10-05 10:16:00+00:00,short,122661.92,122939.99,SL,-1.7811,176.3321,1.0
2025-10-05 10:32:00+00:00,2025-10-05 11:01:00+00:00,short,122876.35,123136.33,SL,-1.7633,174.5687,1.0
2025-10-05 11:08:00+00:00,2025-10-05 11:25:00+00:00,short,123071.19,123352.61,SL,-1.7457,172.8231,1.0
2025-10-05 11:33:00+00:00,2025-10-05 11:56:00+00:00,short,123264.64,123538.46,SL,-1.7282,171.0948,1.0
2025-10-05 12:00:00+00:00,2025-10-05 15:34:00+00:00,short,123309.58,122788.4,TP,3.4219,174.5167,1.0
2025-10-05 16:37:00+00:00,2025-10-05 16:47:00+00:00,long,123072.69,122793.0,SL,-1.7452,172.7716,1.0
2025-10-05 16:55:00+00:00,2025-10-05 19:10:00+00:00,long,123012.01,122728.2,SL,-1.7277,171.0438,1.0
2025-10-05 19:37:00+00:00,2025-10-05 20:36:00+00:00,short,122739.34,122986.7,SL,-1.7104,169.3334,1.0
2025-10-05 21:32:00+00:00,2025-10-05 22:00:00+00:00,short,122608.51,122885.84,SL,-1.6933,167.6401,1.0
2025-10-05 22:21:00+00:00,2025-10-06 00:15:00+00:00,long,123156.14,123800.0,TP,3.3528,170.9929,1.0
2025-10-06 01:04:00+00:00,2025-10-06 01:24:00+00:00,long,123380.39,123891.74,TP,3.4199,174.4127,1.0
2025-10-06 02:00:00+00:00,2025-10-06 02:12:00+00:00,long,124099.99,123846.41,SL,-1.7441,172.6686,1.0
2025-10-06 02:22:00+00:00,2025-10-06 02:33:00+00:00,long,123934.8,123649.15,SL,-1.7267,170.9419,1.0
2025-10-06 02:41:00+00:00,2025-10-06 05:00:00+00:00,long,123799.51,123501.51,SL,-1.7094,169.2325,1.0
2025-10-06 05:35:00+00:00,2025-10-06 06:01:00+00:00,short,123476.02,123730.24,SL,-1.6923,167.5402,1.0
2025-10-06 06:27:00+00:00,2025-10-06 07:40:00+00:00,long,123815.2,123540.45,SL,-1.6754,165.8648,1.0
2025-10-06 08:53:00+00:00,2025-10-06 11:29:00+00:00,long,123827.25,124365.91,TP,3.3173,169.1821,1.0
2025-10-06 11:39:00+00:00,2025-10-06 13:10:00+00:00,long,124254.33,124769.98,TP,3.3836,172.5657,1.0
2025-10-06 13:20:00+00:00,2025-10-06 13:32:00+00:00,long,124858.0,124601.48,SL,-1.7257,170.84,1.0
2025-10-06 13:40:00+00:00,2025-10-06 13:45:00+00:00,long,124810.99,124537.24,SL,-1.7084,169.1316,1.0
2025-10-06 13:53:00+00:00,2025-10-06 14:09:00+00:00,long,124756.31,125267.15,TP,3.3826,172.5143,1.0
2025-10-06 14:31:00+00:00,2025-10-06 14:40:00+00:00,long,124985.76,124733.68,SL,-1.7251,170.7891,1.0
2025-10-06 14:49:00+00:00,2025-10-06 14:55:00+00:00,long,124855.75,124558.05,SL,-1.7079,169.0812,1.0
2025-10-06 15:53:00+00:00,2025-10-06 16:05:00+00:00,long,125165.54,124884.8,SL,-1.6908,167.3904,1.0
2025-10-06 16:16:00+00:00,2025-10-06 17:06:00+00:00,long,124958.74,125489.99,TP,3.3478,170.7382,1.0
2025-10-06 17:22:00+00:00,2025-10-06 17:34:00+00:00,long,125665.39,125331.48,SL,-1.7074,169.0309,1.0
2025-10-06 17:49:00+00:00,2025-10-06 18:50:00+00:00,long,125265.33,125774.1,TP,3.3806,172.4115,1.0
2025-10-06 19:25:00+00:00,2025-10-06 19:38:00+00:00,long,125814.32,125559.28,SL,-1.7241,170.6874,1.0
2025-10-06 20:15:00+00:00,2025-10-06 21:22:00+00:00,short,125280.14,124693.52,TP,3.4137,174.1011,1.0
2025-10-06 21:34:00+00:00,2025-10-06 21:38:00+00:00,short,124627.3,124981.0,SL,-1.741,172.3601,1.0
2025-10-06 21:53:00+00:00,2025-10-06 22:00:00+00:00,short,124890.93,125190.0,SL,-1.7236,170.6365,1.0
2025-10-06 22:08:00+00:00,2025-10-07 01:20:00+00:00,short,125082.28,124508.01,TP,3.4127,174.0492,1.0
2025-10-07 01:49:00+00:00,2025-10-07 04:16:00+00:00,short,124613.99,124111.7,TP,3.481,177.5302,1.0
2025-10-07 05:11:00+00:00,2025-10-07 06:16:00+00:00,long,124523.49,124269.6,SL,-1.7753,175.7549,1.0
2025-10-07 06:36:00+00:00,2025-10-07 08:21:00+00:00,short,123900.05,123350.0,TP,3.5151,179.27,1.0
2025-10-07 08:33:00+00:00,2025-10-07 08:39:00+00:00,short,123450.07,123729.56,SL,-1.7927,177.4773,1.0
2025-10-07 08:58:00+00:00,2025-10-07 09:13:00+00:00,short,123866.01,124118.95,SL,-1.7748,175.7025,1.0
2025-10-07 09:31:00+00:00,2025-10-07 12:45:00+00:00,long,124183.45,124761.41,TP,3.5141,179.2166,1.0
2025-10-07 13:27:00+00:00,2025-10-07 13:38:00+00:00,long,124781.21,124419.99,SL,-1.7922,177.4244,1.0
2025-10-07 14:07:00+00:00,2025-10-07 14:30:00+00:00,short,123295.55,122788.42,TP,3.5485,180.9729,1.0
2025-10-07 14:39:00+00:00,2025-10-07 15:07:00+00:00,short,122724.91,122083.36,TP,3.6195,184.5924,1.0
2025-10-07 15:31:00+00:00,2025-10-07 15:39:00+00:00,short,122030.68,121520.01,TP,3.6918,188.2842,1.0
2025-10-07 15:50:00+00:00,2025-10-07 15:57:00+00:00,short,121408.6,121802.95,SL,-1.8828,186.4014,1.0
2025-10-07 16:14:00+00:00,2025-10-07 16:24:00+00:00,short,121531.67,121020.0,TP,3.728,190.1294,1.0
2025-10-07 16:54:00+00:00,2025-10-07 17:12:00+00:00,short,121891.07,121388.03,TP,3.8026,193.932,1.0
2025-10-07 17:51:00+00:00,2025-10-07 18:26:00+00:00,short,121236.86,120699.78,TP,3.8786,197.8106,1.0
2025-10-07 18:40:00+00:00,2025-10-07 18:47:00+00:00,short,120626.33,120868.38,SL,-1.9781,195.8325,1.0
2025-10-07 19:36:00+00:00,2025-10-07 20:04:00+00:00,long,121522.38,122039.06,TP,3.9167,199.7492,1.0
2025-10-07 20:49:00+00:00,2025-10-07 20:59:00+00:00,long,122193.07,121943.61,SL,-1.9975,197.7517,1.0
2025-10-07 21:07:00+00:00,2025-10-07 23:18:00+00:00,long,122030.5,121763.47,SL,-1.9775,195.7742,1.0
2025-10-07 23:42:00+00:00,2025-10-08 00:15:00+00:00,short,121394.18,121655.19,SL,-1.9577,193.8164,1.0
2025-10-08 00:27:00+00:00,2025-10-08 00:42:00+00:00,short,121663.85,121926.53,SL,-1.9382,191.8783,1.0
2025-10-08 01:19:00+00:00,2025-10-08 01:40:00+00:00,long,122035.99,121785.84,SL,-1.9188,189.9595,1.0
2025-10-08 01:48:00+00:00,2025-10-08 03:21:00+00:00,long,121868.65,121551.59,SL,-1.8996,188.0599,1.0
2025-10-08 04:08:00+00:00,2025-10-08 04:18:00+00:00,short,121278.26,121529.31,SL,-1.8806,186.1793,1.0
2025-10-08 04:26:00+00:00,2025-10-08 04:33:00+00:00,short,121362.01,121625.66,SL,-1.8618,184.3175,1.0
2025-10-08 04:42:00+00:00,2025-10-08 04:58:00+00:00,short,121628.11,121910.24,SL,-1.8432,182.4743,1.0
2025-10-08 05:45:00+00:00,2025-10-08 06:25:00+00:00,short,121222.75,121478.07,SL,-1.8247,180.6496,1.0
2025-10-08 06:34:00+00:00,2025-10-08 06:46:00+00:00,short,121409.28,121678.18,SL,-1.8065,178.8431,1.0
2025-10-08 06:55:00+00:00,2025-10-08 07:25:00+00:00,long,121797.44,121522.84,SL,-1.7884,177.0546,1.0
2025-10-08 07:46:00+00:00,2025-10-08 07:59:00+00:00,short,121348.69,121597.06,SL,-1.7705,175.2841,1.0
2025-10-08 08:18:00+00:00,2025-10-08 08:32:00+00:00,long,121708.01,122222.0,TP,3.5057,178.7898,1.0
2025-10-08 09:23:00+00:00,2025-10-08 11:10:00+00:00,long,122616.51,123113.87,TP,3.5758,182.3656,1.0
2025-10-08 11:31:00+00:00,2025-10-08 12:05:00+00:00,long,123031.18,122739.67,SL,-1.8237,180.5419,1.0
2025-10-08 12:11:00+00:00,2025-10-08 12:30:00+00:00,long,122945.29,122667.95,SL,-1.8054,178.7365,1.0
2025-10-08 12:54:00+00:00,2025-10-08 13:41:00+00:00,short,122569.35,122046.92,TP,3.5747,182.3112,1.0
2025-10-08 14:54:00+00:00,2025-10-08 16:14:00+00:00,short,122360.18,122726.51,SL,-1.8231,180.4881,1.0
2025-10-08 16:46:00+00:00,2025-10-08 17:09:00+00:00,long,122725.8,123321.99,TP,3.6098,184.0979,1.0
2025-10-08 17:50:00+00:00,2025-10-08 18:21:00+00:00,long,123924.0,123634.37,SL,-1.841,182.2569,1.0
2025-10-08 18:37:00+00:00,2025-10-08 19:00:00+00:00,long,123702.85,123385.44,SL,-1.8226,180.4343,1.0
2025-10-08 20:10:00+00:00,2025-10-08 20:50:00+00:00,long,123472.02,123212.01,SL,-1.8043,178.63,1.0
2025-10-08 21:37:00+00:00,2025-10-08 23:34:00+00:00,short,123265.28,123525.93,SL,-1.7863,176.8437,1.0
2025-10-09 00:29:00+00:00,2025-10-09 01:28:00+00:00,short,123062.25,122559.64,TP,3.5369,180.3806,1.0
2025-10-09 01:30:00+00:00,2025-10-09 02:19:00+00:00,short,122500.0,122009.39,TP,3.6076,183.9882,1.0
2025-10-09 02:37:00+00:00,2025-10-09 04:22:00+00:00,short,121922.91,122209.22,SL,-1.8399,182.1483,1.0
2025-10-09 04:32:00+00:00,2025-10-09 08:15:00+00:00,short,122187.63,121606.66,TP,3.643,185.7913,1.0
2025-10-09 08:44:00+00:00,2025-10-09 09:06:00+00:00,short,121330.12,121655.99,SL,-1.8579,183.9333,1.0
2025-10-09 09:18:00+00:00,2025-10-09 09:52:00+00:00,short,121561.8,121807.57,SL,-1.8393,182.094,1.0
2025-10-09 10:03:00+00:00,2025-10-09 11:19:00+00:00,long,121884.44,122515.44,TP,3.6419,185.7359,1.0
2025-10-09 11:33:00+00:00,2025-10-09 12:38:00+00:00,long,122784.76,123418.76,TP,3.7147,189.4506,1.0
2025-10-09 13:20:00+00:00,2025-10-09 13:33:00+00:00,long,123404.01,123137.48,SL,-1.8945,187.5561,1.0
2025-10-09 13:53:00+00:00,2025-10-09 14:00:00+00:00,short,122746.34,122182.02,TP,3.7511,191.3072,1.0
2025-10-09 14:22:00+00:00,2025-10-09 14:44:00+00:00,short,121830.45,121270.44,TP,3.8261,195.1334,1.0
2025-10-09 14:45:00+00:00,2025-10-09 15:00:00+00:00,short,121204.76,121552.3,SL,-1.9513,193.182,1.0
2025-10-09 15:11:00+00:00,2025-10-09 15:43:00+00:00,short,121336.22,120800.0,TP,3.8636,197.0457,1.0
2025-10-09 16:09:00+00:00,2025-10-09 16:41:00+00:00,short,121221.95,120736.97,TP,3.9409,200.9866,1.0
2025-10-09 18:04:00+00:00,2025-10-09 19:27:00+00:00,short,120825.93,121098.25,SL,-3.0148,197.9718,1.5
2025-10-09 19:50:00+00:00,2025-10-09 21:14:00+00:00,long,120883.9,121370.75,TP,3.9594,201.9312,1.0
2025-10-09 21:38:00+00:00,2025-10-10 02:32:00+00:00,long,121457.87,121200.01,SL,-3.029,198.9023,1.5
2025-10-10 02:33:00+00:00,2025-10-10 03:29:00+00:00,short,121162.5,121438.91,SL,-1.989,196.9132,1.0
2025-10-10 04:25:00+00:00,2025-10-10 05:46:00+00:00,short,121250.0,121544.05,SL,-1.9691,194.9441,1.0
2025-10-10 06:02:00+00:00,2025-10-10 06:51:00+00:00,long,121660.0,121305.36,SL,-1.9494,192.9947,1.0
2025-10-10 07:33:00+00:00,2025-10-10 08:51:00+00:00,short,121200.0,121479.06,SL,-1.9299,191.0647,1.0
2025-10-10 09:24:00+00:00,2025-10-10 09:50:00+00:00,long,121631.21,121323.51,SL,-1.9106,189.1541,1.0
2025-10-10 10:26:00+00:00,2025-10-10 11:03:00+00:00,short,121345.56,121596.07,SL,-1.8915,187.2625,1.0
2025-10-10 11:32:00+00:00,2025-10-10 13:26:00+00:00,long,121562.25,122050.9,TP,3.7452,191.0078,1.0
2025-10-10 13:36:00+00:00,2025-10-10 13:49:00+00:00,long,122037.97,121775.36,SL,-1.9101,189.0977,1.0
2025-10-10 14:02:00+00:00,2025-10-10 14:16:00+00:00,long,121812.93,121500.01,SL,-1.891,187.2067,1.0
2025-10-10 14:56:00+00:00,2025-10-10 14:58:00+00:00,short,121237.4,120600.47,TP,3.7441,190.9509,1.0
2025-10-10 15:19:00+00:00,2025-10-10 15:23:00+00:00,short,119938.15,119429.42,TP,3.819,194.7699,1.0
2025-10-10 15:57:00+00:00,2025-10-10 16:08:00+00:00,short,118904.36,119197.42,SL,-1.9477,192.8222,1.0
2025-10-10 16:16:00+00:00,2025-10-10 16:23:00+00:00,short,118716.73,119107.54,SL,-1.9282,190.894,1.0
2025-10-10 16:41:00+00:00,2025-10-10 16:50:00+00:00,short,119019.4,118511.19,TP,3.8179,194.7118,1.0
2025-10-10 17:38:00+00:00,2025-10-10 18:48:00+00:00,short,117896.29,117317.18,TP,3.8942,198.6061,1.0
2025-10-10 19:08:00+00:00,2025-10-10 19:19:00+00:00,short,117061.22,116581.77,TP,3.9721,202.5782,1.0
2025-10-10 19:29:00+00:00,2025-10-10 19:30:00+00:00,short,116040.38,116388.88,SL,-3.0387,199.5395,1.5
2025-10-10 19:33:00+00:00,2025-10-10 19:36:00+00:00,short,116047.49,116342.81,SL,-1.9954,197.5441,1.0
2025-10-10 19:57:00+00:00,2025-10-10 20:50:00+00:00,short,116933.76,116435.39,TP,3.9509,201.495,1.0
2025-10-10 21:11:00+00:00,2025-10-10 21:12:00+00:00,short,113662.76,113016.44,TP,6.0449,207.5399,1.5
2025-10-10 22:01:00+00:00,2025-10-10 22:05:00+00:00,short,113113.28,111644.19,TP,6.2262,213.766,1.5
2025-10-10 22:17:00+00:00,2025-10-10 22:22:00+00:00,short,113283.09,112697.97,TP,6.413,220.179,1.5
2025-10-10 22:56:00+00:00,2025-10-10 23:06:00+00:00,short,113569.0,113019.57,TP,6.6054,226.7844,1.5
2025-10-11 00:15:00+00:00,2025-10-11 00:29:00+00:00,short,112198.73,112451.53,SL,-3.4018,223.3826,1.5
2025-10-11 00:55:00+00:00,2025-10-11 01:03:00+00:00,short,112720.36,112250.0,TP,6.7015,230.0841,1.5
2025-10-11 01:43:00+00:00,2025-10-11 02:03:00+00:00,short,111341.29,111620.9,SL,-3.4513,226.6329,1.5
2025-10-11 02:29:00+00:00,2025-10-11 02:38:00+00:00,short,112180.24,112443.52,SL,-3.3995,223.2334,1.5
2025-10-11 02:41:00+00:00,2025-10-11 02:48:00+00:00,long,112732.67,113224.26,TP,6.697,229.9304,1.5
2025-10-11 06:04:00+00:00,2025-10-11 06:14:00+00:00,short,112134.02,112366.16,SL,-3.449,226.4814,1.5
2025-10-11 06:15:00+00:00,2025-10-11 06:43:00+00:00,long,112342.0,112113.05,SL,-3.3972,223.0842,1.5
2025-10-11 07:00:00+00:00,2025-10-11 07:09:00+00:00,short,111764.0,111276.28,TP,6.6925,229.7767,1.5
2025-10-11 07:19:00+00:00,2025-10-11 07:23:00+00:00,short,111051.22,111291.29,SL,-3.4467,226.3301,1.5
2025-10-11 07:29:00+00:00,2025-10-11 07:34:00+00:00,short,110754.18,110980.0,SL,-3.395,222.9351,1.5
2025-10-11 07:36:00+00:00,2025-10-11 07:57:00+00:00,short,110662.0,110189.05,TP,6.6881,229.6232,1.5
2025-10-11 08:32:00+00:00,2025-10-11 08:40:00+00:00,short,110817.92,111097.77,SL,-3.4443,226.1788,1.5
2025-10-11 09:09:00+00:00,2025-10-11 10:26:00+00:00,long,111599.15,112115.45,TP,6.7854,232.9642,1.5
2025-10-11 10:52:00+00:00,2025-10-11 11:04:00+00:00,long,112148.0,111914.91,SL,-3.4945,229.4697,1.5
2025-10-11 11:23:00+00:00,2025-10-11 12:23:00+00:00,long,111938.31,112392.42,TP,6.8841,236.3538,1.5
2025-10-11 12:55:00+00:00,2025-10-11 13:32:00+00:00,long,112286.86,111943.71,SL,-3.5453,232.8085,1.5
2025-10-11 13:42:00+00:00,2025-10-11 14:54:00+00:00,long,112140.02,111890.3,SL,-3.4921,229.3164,1.5
2025-10-11 15:52:00+00:00,2025-10-11 16:37:00+00:00,short,111933.03,111474.32,TP,6.8795,236.1959,1.5
2025-10-11 17:57:00+00:00,2025-10-11 19:11:00+00:00,long,111994.63,111641.97,SL,-3.5429,232.6529,1.5
2025-10-11 19:55:00+00:00,2025-10-11 19:57:00+00:00,short,110943.72,111167.73,SL,-3.4898,229.1631,1.5
2025-10-11 20:04:00+00:00,2025-10-11 20:33:00+00:00,short,110900.01,110388.38,TP,6.8749,236.038,1.5
2025-10-11 20:54:00+00:00,2025-10-11 20:56:00+00:00,short,110187.7,109683.57,TP,7.0811,243.1192,1.5
2025-10-11 21:04:00+00:00,2025-10-11 21:16:00+00:00,short,109937.98,110442.55,SL,-3.6468,239.4724,1.5
2025-10-11 21:33:00+00:00,2025-10-11 21:36:00+00:00,short,110607.27,110908.43,SL,-3.5921,235.8803,1.5
2025-10-11 21:38:00+00:00,2025-10-11 21:43:00+00:00,long,110921.84,110699.6,SL,-3.5382,232.3421,1.5
2025-10-11 21:48:00+00:00,2025-10-11 22:19:00+00:00,long,110984.82,110733.0,SL,-3.4851,228.857,1.5
2025-10-11 22:46:00+00:00,2025-10-11 23:03:00+00:00,long,111194.45,110950.34,SL,-3.4329,225.4241,1.5
2025-10-11 23:19:00+00:00,2025-10-11 23:47:00+00:00,long,110973.72,110712.38,SL,-3.3814,222.0427,1.5
2025-10-11 23:54:00+00:00,2025-10-12 00:11:00+00:00,short,110751.89,110301.01,TP,6.6613,228.704,1.5
2025-10-12 00:21:00+00:00,2025-10-12 00:44:00+00:00,short,110184.51,109742.33,TP,6.8611,235.5651,1.5
2025-10-12 00:56:00+00:00,2025-10-12 01:03:00+00:00,short,109595.9,109849.76,SL,-3.5335,232.0317,1.5
2025-10-12 01:19:00+00:00,2025-10-12 01:25:00+00:00,short,109796.86,110090.31,SL,-3.4805,228.5512,1.5
2025-10-12 01:28:00+00:00,2025-10-12 01:35:00+00:00,short,109820.32,110077.52,SL,-3.4283,225.1229,1.5
2025-10-12 01:41:00+00:00,2025-10-12 01:45:00+00:00,short,109907.8,110171.87,SL,-3.3768,221.7461,1.5
2025-10-12 01:55:00+00:00,2025-10-12 02:25:00+00:00,short,110111.19,110376.49,SL,-3.3262,218.4199,1.5
2025-10-12 03:21:00+00:00,2025-10-12 03:53:00+00:00,long,110902.46,110679.11,SL,-3.2763,215.1436,1.5
2025-10-12 04:03:00+00:00,2025-10-12 04:31:00+00:00,long,110782.61,111246.0,TP,6.4543,221.5979,1.5
2025-10-12 04:32:00+00:00,2025-10-12 04:46:00+00:00,long,111286.47,111790.36,TP,6.6479,228.2458,1.5
2025-10-12 05:15:00+00:00,2025-10-12 06:26:00+00:00,long,111425.87,111967.29,TP,6.8474,235.0932,1.5
2025-10-12 06:47:00+00:00,2025-10-12 07:11:00+00:00,long,111859.23,111609.99,SL,-3.5264,231.5668,1.5
2025-10-12 07:20:00+00:00,2025-10-12 08:50:00+00:00,long,111700.01,111377.73,SL,-3.4735,228.0933,1.5
2025-10-12 09:54:00+00:00,2025-10-12 10:38:00+00:00,long,111713.63,111475.9,SL,-3.4214,224.6719,1.5
2025-10-12 11:07:00+00:00,2025-10-12 13:31:00+00:00,long,111798.98,111565.04,SL,-3.3701,221.3018,1.5
2025-10-12 13:46:00+00:00,2025-10-12 14:47:00+00:00,short,111541.7,111990.98,SL,-3.3195,217.9823,1.5
2025-10-12 15:05:00+00:00,2025-10-12 15:08:00+00:00,long,113293.03,112828.61,SL,-3.2697,214.7126,1.5
2025-10-12 15:18:00+00:00,2025-10-12 15:27:00+00:00,long,113397.15,113067.65,SL,-3.2207,211.4919,1.5
2025-10-12 15:45:00+00:00,2025-10-12 16:01:00+00:00,long,112918.9,113446.88,TP,6.3448,217.8366,1.5
2025-10-12 16:44:00+00:00,2025-10-12 16:47:00+00:00,long,114243.06,113959.1,SL,-3.2675,214.5691,1.5
2025-10-12 17:08:00+00:00,2025-10-12 17:50:00+00:00,long,114269.65,113801.95,SL,-3.2185,211.3506,1.5
2025-10-12 18:02:00+00:00,2025-10-12 18:44:00+00:00,long,113855.99,113621.81,SL,-3.1703,208.1803,1.5
2025-10-12 19:54:00+00:00,2025-10-12 20:20:00+00:00,long,114299.0,114858.24,TP,6.2454,214.4257,1.5
2025-10-12 21:12:00+00:00,2025-10-12 21:27:00+00:00,long,114995.15,114708.05,SL,-3.2164,211.2093,1.5
2025-10-12 21:42:00+00:00,2025-10-12 22:00:00+00:00,long,114594.57,115481.15,TP,6.3363,217.5456,1.5
2025-10-12 22:16:00+00:00,2025-10-12 22:25:00+00:00,long,115519.01,115262.58,SL,-3.2632,214.2824,1.5
2025-10-12 22:40:00+00:00,2025-10-12 23:01:00+00:00,long,115377.05,115009.31,SL,-3.2142,211.0682,1.5
2025-10-12 23:19:00+00:00,2025-10-12 23:22:00+00:00,short,114733.66,115004.23,SL,-3.166,207.9022,1.5
2025-10-12 23:49:00+00:00,2025-10-13 00:01:00+00:00,long,115056.02,114815.17,SL,-3.1185,204.7836,1.5
2025-10-13 00:04:00+00:00,2025-10-13 00:19:00+00:00,long,115086.98,115661.62,TP,6.1435,210.9271,1.5
2025-10-13 00:46:00+00:00,2025-10-13 01:26:00+00:00,long,115150.61,115620.7,TP,6.3278,217.2549,1.5
2025-10-13 01:58:00+00:00,2025-10-13 02:02:00+00:00,long,115731.51,115376.26,SL,-3.2588,213.9961,1.5
2025-10-13 03:03:00+00:00,2025-10-13 03:19:00+00:00,long,115475.34,115211.38,SL,-3.2099,210.7862,1.5
2025-10-13 03:47:00+00:00,2025-10-13 04:04:00+00:00,short,114767.63,114997.53,SL,-3.1618,207.6244,1.5
2025-10-13 04:12:00+00:00,2025-10-13 04:32:00+00:00,short,114727.67,114978.0,SL,-3.1144,204.51,1.5
2025-10-13 04:43:00+00:00,2025-10-13 06:16:00+00:00,short,114620.43,114866.43,SL,-3.0676,201.4424,1.5
2025-10-13 06:29:00+00:00,2025-10-13 09:13:00+00:00,long,115099.99,114820.5,SL,-3.0216,198.4207,1.5
2025-10-13 09:58:00+00:00,2025-10-13 11:01:00+00:00,short,115126.52,114501.85,TP,3.9684,202.3891,1.0
2025-10-13 11:23:00+00:00,2025-10-13 11:29:00+00:00,short,114224.66,113643.33,TP,6.0717,208.4608,1.5
2025-10-13 12:01:00+00:00,2025-10-13 12:10:00+00:00,short,114027.31,114359.32,SL,-3.1269,205.3339,1.5
2025-10-13 12:19:00+00:00,2025-10-13 12:32:00+00:00,short,114245.07,114532.58,SL,-3.08,202.2539,1.5
2025-10-13 12:40:00+00:00,2025-10-13 13:30:00+00:00,short,114453.4,114861.36,SL,-3.0338,199.2201,1.5
2025-10-13 13:53:00+00:00,2025-10-13 14:20:00+00:00,long,115053.54,114788.13,SL,-1.9922,197.2279,1.0
2025-10-13 14:48:00+00:00,2025-10-13 15:12:00+00:00,short,114224.66,114552.15,SL,-1.9723,195.2556,1.0
2025-10-13 15:21:00+00:00,2025-10-13 15:50:00+00:00,short,114316.0,114615.29,SL,-1.9526,193.3031,1.0
2025-10-13 15:55:00+00:00,2025-10-13 16:04:00+00:00,short,114332.43,114602.67,SL,-1.933,191.37,1.0
2025-10-13 17:10:00+00:00,2025-10-13 17:59:00+00:00,short,114545.01,115040.55,SL,-1.9137,189.4563,1.0
2025-10-13 18:21:00+00:00,2025-10-13 19:18:00+00:00,long,114988.99,115482.58,TP,3.7891,193.2454,1.0
2025-10-13 19:47:00+00:00,2025-10-13 20:27:00+00:00,long,115740.0,115490.04,SL,-1.9325,191.313,1.0
2025-10-13 20:37:00+00:00,2025-10-13 23:41:00+00:00,long,115517.99,115203.98,SL,-1.9131,189.3999,1.0
2025-10-14 00:25:00+00:00,2025-10-14 01:05:00+00:00,short,115152.44,114627.45,TP,3.788,193.1879,1.0
2025-10-14 01:15:00+00:00,2025-10-14 01:56:00+00:00,short,114615.0,114142.14,TP,3.8638,197.0516,1.0
2025-10-14 02:19:00+00:00,2025-10-14 03:00:00+00:00,short,113960.97,113500.01,TP,3.941,200.9927,1.0
2025-10-14 03:56:00+00:00,2025-10-14 04:47:00+00:00,short,113552.07,112991.32,TP,6.0298,207.0224,1.5
2025-10-14 05:21:00+00:00,2025-10-14 05:32:00+00:00,short,113455.29,112957.42,TP,6.2107,213.2331,1.5
2025-10-14 06:15:00+00:00,2025-10-14 06:44:00+00:00,short,112426.91,111837.38,TP,6.397,219.6301,1.5
2025-10-14 07:06:00+00:00,2025-10-14 07:14:00+00:00,short,111682.48,111948.01,SL,-3.2945,216.3356,1.5
2025-10-14 07:24:00+00:00,2025-10-14 07:26:00+00:00,short,111864.25,112110.0,SL,-3.245,213.0906,1.5
2025-10-14 07:32:00+00:00,2025-10-14 09:46:00+00:00,short,111903.05,111442.05,TP,6.3927,219.4833,1.5
2025-10-14 10:13:00+00:00,2025-10-14 10:29:00+00:00,short,110898.67,110378.14,TP,6.5845,226.0678,1.5
2025-10-14 12:17:00+00:00,2025-10-14 13:11:00+00:00,short,111082.3,110626.94,TP,6.782,232.8499,1.5
2025-10-14 13:36:00+00:00,2025-10-14 13:44:00+00:00,short,110216.64,110680.0,SL,-3.4927,229.3571,1.5
2025-10-14 14:02:00+00:00,2025-10-14 14:14:00+00:00,long,111065.21,111670.14,TP,6.8807,236.2378,1.5
2025-10-14 14:42:00+00:00,2025-10-14 14:52:00+00:00,long,111880.0,111539.67,SL,-3.5436,232.6943,1.5
2025-10-14 15:04:00+00:00,2025-10-14 15:08:00+00:00,long,111667.87,111421.34,SL,-3.4904,229.2039,1.5
2025-10-14 16:20:00+00:00,2025-10-14 16:22:00+00:00,long,113027.51,112762.56,SL,-3.4381,225.7658,1.5
2025-10-14 16:43:00+00:00,2025-10-14 16:56:00+00:00,long,112686.0,112427.44,SL,-3.3865,222.3793,1.5
2025-10-14 17:06:00+00:00,2025-10-14 18:06:00+00:00,long,112553.19,113087.72,TP,6.6714,229.0507,1.5
2025-10-14 18:23:00+00:00,2025-10-14 18:26:00+00:00,long,113422.3,113153.01,SL,-3.4358,225.6149,1.5
2025-10-14 18:49:00+00:00,2025-10-14 18:52:00+00:00,long,113084.85,112822.91,SL,-3.3842,222.2307,1.5
2025-10-14 19:00:00+00:00,2025-10-14 19:22:00+00:00,long,112941.05,113412.67,TP,6.6669,228.8976,1.5
2025-10-14 20:10:00+00:00,2025-10-14 20:16:00+00:00,short,112362.6,112605.3,SL,-3.4335,225.4642,1.5
2025-10-14 20:44:00+00:00,2025-10-14 22:01:00+00:00,long,112874.97,113343.81,TP,6.7639,232.2281,1.5
2025-10-14 22:51:00+00:00,2025-10-14 23:09:00+00:00,long,113030.66,113491.36,TP,6.9668,239.1949,1.5
2025-10-15 00:10:00+00:00,2025-10-15 01:33:00+00:00,short,112828.57,112338.54,TP,7.1758,246.3708,1.5
2025-10-15 02:10:00+00:00,2025-10-15 02:16:00+00:00,short,112775.17,113004.52,SL,-3.6956,242.6752,1.5
2025-10-15 03:22:00+00:00,2025-10-15 03:23:00+00:00,short,112016.2,112244.92,SL,-3.6401,239.0351,1.5
2025-10-15 03:41:00+00:00,2025-10-15 04:20:00+00:00,short,111960.79,112246.05,SL,-3.5855,235.4496,1.5
2025-10-15 04:33:00+00:00,2025-10-15 04:48:00+00:00,short,112095.65,112338.23,SL,-3.5317,231.9178,1.5
2025-10-15 04:57:00+00:00,2025-10-15 05:40:00+00:00,short,112356.34,112630.76,SL,-3.4788,228.439,1.5
2025-10-15 07:00:00+00:00,2025-10-15 08:15:00+00:00,long,112496.57,112994.43,TP,6.8532,235.2922,1.5
2025-10-15 08:30:00+00:00,2025-10-15 08:48:00+00:00,long,113305.75,112986.08,SL,-3.5294,231.7628,1.5
2025-10-15 09:06:00+00:00,2025-10-15 09:17:00+00:00,long,113055.41,112656.18,SL,-3.4764,228.2864,1.5
2025-10-15 09:52:00+00:00,2025-10-15 11:17:00+00:00,short,112484.2,111866.82,TP,6.8486,235.135,1.5
2025-10-15 11:52:00+00:00,2025-10-15 12:29:00+00:00,short,111932.66,111469.76,TP,7.0541,242.189,1.5
2025-10-15 13:02:00+00:00,2025-10-15 13:35:00+00:00,short,111547.66,111889.37,SL,-3.6328,238.5562,1.5
2025-10-15 13:40:00+00:00,2025-10-15 13:48:00+00:00,short,111360.91,110794.02,TP,7.1567,245.7129,1.5
2025-10-15 15:14:00+00:00,2025-10-15 15:25:00+00:00,short,110838.61,111226.0,SL,-3.6857,242.0272,1.5
2025-10-15 15:35:00+00:00,2025-10-15 15:50:00+00:00,short,110949.74,110453.4,TP,7.2608,249.288,1.5
2025-10-15 16:16:00+00:00,2025-10-15 16:28:00+00:00,short,110799.84,111051.81,SL,-3.7393,245.5487,1.5
2025-10-15 16:33:00+00:00,2025-10-15 17:10:00+00:00,short,110833.43,110356.0,TP,7.3665,252.9151,1.5
2025-10-15 17:32:00+00:00,2025-10-15 17:35:00+00:00,short,110244.75,110574.12,SL,-3.7937,249.1214,1.5
2025-10-15 18:22:00+00:00,2025-10-15 20:30:00+00:00,long,111275.37,110795.71,SL,-3.7368,245.3846,1.5
2025-10-15 20:57:00+00:00,2025-10-15 21:10:00+00:00,short,111188.48,110640.0,TP,7.3615,252.7461,1.5
2025-10-15 21:44:00+00:00,2025-10-15 22:20:00+00:00,short,111109.66,111344.17,SL,-3.7912,248.9549,1.5
2025-10-15 23:37:00+00:00,2025-10-16 00:44:00+00:00,short,110838.88,110368.05,TP,7.4686,256.4236,1.5
2025-10-16 01:32:00+00:00,2025-10-16 02:09:00+00:00,long,110988.97,111450.24,TP,7.6927,264.1163,1.5
2025-10-16 02:47:00+00:00,2025-10-16 04:43:00+00:00,long,111417.34,110958.84,SL,-3.9617,260.1546,1.5
2025-10-16 06:14:00+00:00,2025-10-16 06:27:00+00:00,short,110938.47,111161.78,SL,-3.9023,256.2522,1.5
2025-10-16 06:51:00+00:00,2025-10-16 07:13:00+00:00,long,111588.0,111350.77,SL,-3.8438,252.4085,1.5
2025-10-16 07:55:00+00:00,2025-10-16 08:54:00+00:00,short,110608.63,110834.91,SL,-3.7861,248.6223,1.5
2025-10-16 09:00:00+00:00,2025-10-16 09:34:00+00:00,short,110792.22,109747.87,TP,7.4587,256.081,1.5
2025-10-16 09:44:00+00:00,2025-10-16 12:02:00+00:00,long,111230.0,111914.83,TP,7.6824,263.7634,1.5
2025-10-16 12:35:00+00:00,2025-10-16 13:09:00+00:00,long,111477.82,111241.4,SL,-3.9565,259.807,1.5
2025-10-16 13:18:00+00:00,2025-10-16 13:34:00+00:00,short,111123.32,111364.0,SL,-3.8971,255.9099,1.5
2025-10-16 13:47:00+00:00,2025-10-16 14:03:00+00:00,short,111162.43,110621.74,TP,7.6773,263.5872,1.5
2025-10-16 14:50:00+00:00,2025-10-16 15:05:00+00:00,short,110761.83,110294.71,TP,7.9076,271.4948,1.5
2025-10-16 15:21:00+00:00,2025-10-16 15:35:00+00:00,short,110346.0,109869.09,TP,8.1448,279.6396,1.5
2025-10-16 16:19:00+00:00,2025-10-16 16:34:00+00:00,short,108073.18,107580.01,TP,8.3892,288.0288,1.5
2025-10-16 17:03:00+00:00,2025-10-16 17:16:00+00:00,short,108635.45,108861.52,SL,-4.3204,283.7084,1.5
2025-10-16 17:23:00+00:00,2025-10-16 17:27:00+00:00,short,108586.49,108817.83,SL,-4.2556,279.4528,1.5
2025-10-16 17:34:00+00:00,2025-10-16 18:00:00+00:00,short,108700.2,108155.7,TP,8.3836,287.8363,1.5
2025-10-16 18:51:00+00:00,2025-10-16 18:55:00+00:00,short,108314.0,108554.69,SL,-4.3175,283.5188,1.5
2025-10-16 19:02:00+00:00,2025-10-16 19:19:00+00:00,short,108328.6,107880.29,TP,8.5056,292.0244,1.5
2025-10-16 19:31:00+00:00,2025-10-16 19:36:00+00:00,short,107762.64,108008.64,SL,-4.3804,287.644,1.5
2025-10-16 20:03:00+00:00,2025-10-16 20:33:00+00:00,short,108197.87,107702.0,TP,8.6293,296.2733,1.5
2025-10-16 20:41:00+00:00,2025-10-16 20:46:00+00:00,short,107660.3,107907.8,SL,-4.4441,291.8292,1.5
2025-10-16 20:56:00+00:00,2025-10-16 20:59:00+00:00,short,107608.41,107838.01,SL,-4.3774,287.4518,1.5
2025-10-16 21:09:00+00:00,2025-10-16 21:12:00+00:00,short,107678.51,107903.0,SL,-4.3118,283.14,1.5
2025-10-16 21:23:00+00:00,2025-10-16 21:33:00+00:00,short,107997.37,108302.34,SL,-4.2471,278.8929,1.5
2025-10-16 21:48:00+00:00,2025-10-16 22:14:00+00:00,long,108400.02,108095.01,SL,-4.1834,274.7095,1.5
2025-10-16 22:29:00+00:00,2025-10-16 23:20:00+00:00,short,107970.39,108263.93,SL,-4.1206,270.5889,1.5
2025-10-16 23:51:00+00:00,2025-10-17 00:35:00+00:00,long,108120.0,108612.88,TP,8.1177,278.7065,1.5
2025-10-17 00:57:00+00:00,2025-10-17 01:54:00+00:00,long,108784.71,108511.34,SL,-4.1806,274.5259,1.5
2025-10-17 01:58:00+00:00,2025-10-17 02:13:00+00:00,long,108799.25,108544.44,SL,-4.1179,270.408,1.5
2025-10-17 02:22:00+00:00,2025-10-17 02:56:00+00:00,long,108560.26,109013.94,TP,8.1122,278.5203,1.5
2025-10-17 03:48:00+00:00,2025-10-17 04:54:00+00:00,long,109068.06,108803.43,SL,-4.1778,274.3425,1.5
2025-10-17 05:05:00+00:00,2025-10-17 05:39:00+00:00,long,108893.94,108650.0,SL,-4.1151,270.2273,1.5
2025-10-17 06:12:00+00:00,2025-10-17 06:27:00+00:00,short,108308.01,107832.74,TP,8.1068,278.3342,1.5
2025-10-17 07:08:00+00:00,2025-10-17 07:32:00+00:00,short,106371.16,105861.24,TP,8.35,286.6842,1.5
2025-10-17 07:38:00+00:00,2025-10-17 08:03:00+00:00,short,105858.3,105191.01,TP,8.6005,295.2847,1.5
2025-10-17 08:14:00+00:00,2025-10-17 08:16:00+00:00,short,105146.19,104568.97,TP,8.8585,304.1433,1.5
2025-10-17 08:42:00+00:00,2025-10-17 09:11:00+00:00,short,105008.1,105256.31,SL,-4.5621,299.5811,1.5
2025-10-17 09:21:00+00:00,2025-10-17 09:33:00+00:00,short,105107.0,105330.0,SL,-4.4937,295.0874,1.5
2025-10-17 09:42:00+00:00,2025-10-17 09:58:00+00:00,short,105208.99,104685.11,TP,8.8526,303.94,1.5
2025-10-17 10:13:00+00:00,2025-10-17 10:21:00+00:00,short,104434.54,103967.99,TP,9.1182,313.0582,1.5
2025-10-17 11:06:00+00:00,2025-10-17 11:10:00+00:00,short,104770.36,104984.0,SL,-4.6959,308.3623,1.5
2025-10-17 12:02:00+00:00,2025-10-17 12:27:00+00:00,long,105828.57,105557.65,SL,-4.6254,303.7369,1.5
2025-10-17 12:37:00+00:00,2025-10-17 12:48:00+00:00,long,105716.78,105500.01,SL,-4.5561,299.1808,1.5
2025-10-17 13:06:00+00:00,2025-10-17 13:20:00+00:00,short,105200.01,105420.54,SL,-4.4877,294.6931,1.5
2025-10-17 13:52:00+00:00,2025-10-17 14:07:00+00:00,long,105718.12,105482.31,SL,-4.4204,290.2727,1.5
2025-10-17 14:56:00+00:00,2025-10-17 15:03:00+00:00,short,105155.54,105373.57,SL,-4.3541,285.9186,1.5
2025-10-17 15:04:00+00:00,2025-10-17 15:17:00+00:00,long,105537.93,105984.9,TP,8.5776,294.4962,1.5
2025-10-17 15:26:00+00:00,2025-10-17 15:33:00+00:00,long,106137.92,105925.01,SL,-4.4174,290.0788,1.5
2025-10-17 15:42:00+00:00,2025-10-17 15:53:00+00:00,long,106116.22,106555.53,TP,8.7024,298.7811,1.5
2025-10-17 16:46:00+00:00,2025-10-17 16:52:00+00:00,long,106648.0,106427.86,SL,-4.4817,294.2994,1.5
2025-10-17 17:03:00+00:00,2025-10-17 17:21:00+00:00,long,106412.0,106197.3,SL,-4.4145,289.8849,1.5
2025-10-17 17:33:00+00:00,2025-10-17 17:47:00+00:00,long,106385.31,106100.0,SL,-4.3483,285.5366,1.5
2025-10-17 17:50:00+00:00,2025-10-17 18:26:00+00:00,long,106488.0,106957.53,TP,8.5661,294.1027,1.5
2025-10-17 19:00:00+00:00,2025-10-17 19:33:00+00:00,long,106656.01,106397.33,SL,-4.4115,289.6912,1.5
2025-10-17 20:01:00+00:00,2025-10-17 20:15:00+00:00,short,106436.46,106668.49,SL,-4.3454,285.3458,1.5
2025-10-17 21:05:00+00:00,2025-10-17 22:24:00+00:00,long,107225.29,107000.68,SL,-4.2802,281.0656,1.5
2025-10-17 22:29:00+00:00,2025-10-17 22:36:00+00:00,long,107140.34,106923.48,SL,-4.216,276.8497,1.5
2025-10-17 23:03:00+00:00,2025-10-17 23:50:00+00:00,short,106911.32,106472.01,TP,8.3055,285.1552,1.5
2025-10-18 00:34:00+00:00,2025-10-18 00:46:00+00:00,short,106625.14,106842.1,SL,-4.2773,280.8778,1.5
2025-10-18 01:03:00+00:00,2025-10-18 02:43:00+00:00,long,106915.94,106680.51,SL,-4.2132,276.6647,1.5
2025-10-18 03:34:00+00:00,2025-10-18 04:00:00+00:00,long,107079.63,106823.9,SL,-4.15,272.5147,1.5
2025-10-18 04:32:00+00:00,2025-10-18 05:47:00+00:00,short,106534.1,106775.67,SL,-4.0877,268.427,1.5
2025-10-18 06:04:00+00:00,2025-10-18 07:07:00+00:00,long,106862.89,107379.34,TP,8.0528,276.4798,1.5
2025-10-18 07:38:00+00:00,2025-10-18 07:55:00+00:00,long,107124.46,106888.02,SL,-4.1472,272.3326,1.5
2025-10-18 08:07:00+00:00,2025-10-18 08:26:00+00:00,long,106964.02,106700.0,SL,-4.085,268.2476,1.5
2025-10-18 08:46:00+00:00,2025-10-18 09:54:00+00:00,short,106707.26,106937.99,SL,-4.0237,264.2239,1.5
2025-10-18 10:24:00+00:00,2025-10-18 16:31:00+00:00,long,106926.98,106703.89,SL,-3.9634,260.2605,1.5
2025-10-18 17:03:00+00:00,2025-10-18 17:26:00+00:00,short,106605.93,106916.93,SL,-3.9039,256.3566,1.5
2025-10-18 17:55:00+00:00,2025-10-19 03:46:00+00:00,long,106873.84,107302.0,TP,7.6907,264.0473,1.5
2025-10-19 03:48:00+00:00,2025-10-19 04:08:00+00:00,long,107308.87,107066.95,SL,-3.9607,260.0866,1.5
2025-10-19 04:23:00+00:00,2025-10-19 05:52:00+00:00,long,107043.03,106826.65,SL,-3.9013,256.1853,1.5
2025-10-19 06:11:00+00:00,2025-10-19 08:19:00+00:00,short,106803.68,107148.01,SL,-3.8428,252.3425,1.5
2025-10-19 08:24:00+00:00,2025-10-19 09:10:00+00:00,short,106627.0,106190.44,TP,7.5703,259.9128,1.5
2025-10-19 09:25:00+00:00,2025-10-19 09:40:00+00:00,short,106203.82,106731.23,SL,-3.8987,256.0141,1.5
2025-10-19 10:23:00+00:00,2025-10-19 11:00:00+00:00,long,107553.8,108086.44,TP,7.6804,263.6945,1.5
2025-10-19 11:36:00+00:00,2025-10-19 11:47:00+00:00,long,107960.02,107717.48,SL,-3.9554,259.7391,1.5
2025-10-19 11:56:00+00:00,2025-10-19 12:16:00+00:00,long,107752.35,107505.77,SL,-3.8961,255.843,1.5
2025-10-19 12:24:00+00:00,2025-10-19 13:12:00+00:00,long,107608.56,107387.05,SL,-3.8376,252.0054,1.5
2025-10-19 13:19:00+00:00,2025-10-19 13:33:00+00:00,short,107388.37,107629.26,SL,-3.7801,248.2253,1.5
2025-10-19 14:18:00+00:00,2025-10-19 16:42:00+00:00,long,108189.39,108757.09,TP,7.4468,255.6721,1.5
2025-10-19 17:06:00+00:00,2025-10-19 17:15:00+00:00,long,108829.11,109330.49,TP,7.6702,263.3422,1.5
2025-10-19 18:01:00+00:00,2025-10-19 19:34:00+00:00,long,109181.69,108926.21,SL,-3.9501,259.3921,1.5
2025-10-19 19:46:00+00:00,2025-10-19 22:11:00+00:00,short,108843.2,109067.44,SL,-3.8909,255.5012,1.5
2025-10-19 22:30:00+00:00,2025-10-19 23:00:00+00:00,long,109348.13,109024.0,SL,-3.8325,251.6687,1.5
2025-10-19 23:25:00+00:00,2025-10-20 00:12:00+00:00,short,108713.55,108220.39,TP,7.5501,259.2187,1.5
2025-10-20 01:05:00+00:00,2025-10-20 01:10:00+00:00,short,107902.8,108122.74,SL,-3.8883,255.3305,1.5
2025-10-20 01:15:00+00:00,2025-10-20 02:16:00+00:00,short,108000.01,108221.0,SL,-3.83,251.5005,1.5
2025-10-20 02:35:00+00:00,2025-10-20 03:47:00+00:00,long,108712.65,109166.25,TP,7.545,259.0455,1.5
2025-10-20 04:32:00+00:00,2025-10-20 05:32:00+00:00,long,110283.49,110730.57,TP,7.7714,266.8169,1.5
2025-10-20 05:49:00+00:00,2025-10-20 06:34:00+00:00,long,110827.56,111311.24,TP,8.0045,274.8214,1.5
2025-10-20 06:56:00+00:00,2025-10-20 07:50:00+00:00,long,111361.73,111137.43,SL,-4.1223,270.6991,1.5
2025-10-20 07:58:00+00:00,2025-10-20 09:16:00+00:00,long,111187.62,110868.19,SL,-4.0605,266.6386,1.5
2025-10-20 09:34:00+00:00,2025-10-20 09:57:00+00:00,short,110711.78,110962.91,SL,-3.9996,262.639,1.5
2025-10-20 10:08:00+00:00,2025-10-20 12:35:00+00:00,short,110910.13,111172.3,SL,-3.9396,258.6994,1.5
2025-10-20 13:05:00+00:00,2025-10-20 13:47:00+00:00,short,110776.37,111012.95,SL,-3.8805,254.8189,1.5
2025-10-20 14:26:00+00:00,2025-10-20 15:07:00+00:00,long,110945.86,111521.82,TP,7.6446,262.4635,1.5
2025-10-20 15:28:00+00:00,2025-10-20 16:00:00+00:00,long,111278.62,110800.0,SL,-3.937,258.5266,1.5
2025-10-20 16:29:00+00:00,2025-10-20 16:43:00+00:00,short,110981.0,110497.98,TP,7.7558,266.2823,1.5
2025-10-20 17:11:00+00:00,2025-10-20 17:36:00+00:00,short,110558.45,110083.73,TP,7.9885,274.2708,1.5
2025-10-20 18:14:00+00:00,2025-10-20 18:29:00+00:00,short,110338.31,110660.21,SL,-4.1141,270.1568,1.5
2025-10-20 18:50:00+00:00,2025-10-20 19:18:00+00:00,long,110878.68,110609.73,SL,-4.0524,266.1044,1.5
2025-10-20 19:28:00+00:00,2025-10-20 21:48:00+00:00,long,110817.14,110467.14,SL,-3.9916,262.1128,1.5
2025-10-20 22:27:00+00:00,2025-10-21 00:14:00+00:00,short,110678.84,110168.01,TP,7.8634,269.9762,1.5
2025-10-21 00:51:00+00:00,2025-10-21 01:55:00+00:00,short,110416.74,109628.05,TP,8.0993,278.0755,1.5
2025-10-21 02:27:00+00:00,2025-10-21 02:40:00+00:00,short,109401.61,109633.1,SL,-4.1711,273.9044,1.5
2025-10-21 02:48:00+00:00,2025-10-21 03:59:00+00:00,short,109505.0,109059.22,TP,8.2171,282.1215,1.5
2025-10-21 04:56:00+00:00,2025-10-21 05:01:00+00:00,short,107712.1,107940.02,SL,-4.2318,277.8897,1.5
2025-10-21 05:06:00+00:00,2025-10-21 05:18:00+00:00,short,107600.02,107845.32,SL,-4.1683,273.7213,1.5
2025-10-21 05:24:00+00:00,2025-10-21 05:29:00+00:00,short,107658.36,107887.7,SL,-4.1058,269.6155,1.5
2025-10-21 05:38:00+00:00,2025-10-21 06:20:00+00:00,short,107746.37,108004.99,SL,-4.0442,265.5713,1.5
2025-10-21 06:30:00+00:00,2025-10-21 08:45:00+00:00,short,107990.66,107532.35,TP,7.9671,273.5384,1.5
2025-10-21 09:05:00+00:00,2025-10-21 09:25:00+00:00,short,107617.06,107835.62,SL,-4.1031,269.4353,1.5
2025-10-21 09:33:00+00:00,2025-10-21 10:35:00+00:00,short,107779.17,108100.13,SL,-4.0415,265.3938,1.5
2025-10-21 11:18:00+00:00,2025-10-21 12:20:00+00:00,long,108426.69,108964.47,TP,7.9618,273.3556,1.5
2025-10-21 12:42:00+00:00,2025-10-21 12:49:00+00:00,long,109278.04,109013.61,SL,-4.1003,269.2553,1.5
2025-10-21 13:17:00+00:00,2025-10-21 13:48:00+00:00,long,108577.49,108307.61,SL,-4.0388,265.2165,1.5
2025-10-21 14:48:00+00:00,2025-10-21 14:50:00+00:00,long,110456.21,110930.94,TP,7.9565,273.173,1.5
2025-10-21 15:31:00+00:00,2025-10-21 15:37:00+00:00,long,113214.36,112750.81,SL,-4.0976,269.0754,1.5
2025-10-21 15:47:00+00:00,2025-10-21 15:54:00+00:00,long,113440.62,113119.33,SL,-4.0361,265.0392,1.5
2025-10-21 16:14:00+00:00,2025-10-21 16:52:00+00:00,long,113534.64,113239.45,SL,-3.9756,261.0636,1.5
2025-10-21 17:06:00+00:00,2025-10-21 17:15:00+00:00,long,112900.51,112604.78,SL,-3.916,257.1477,1.5
2025-10-21 17:26:00+00:00,2025-10-21 17:57:00+00:00,long,112246.67,112006.1,SL,-3.8572,253.2905,1.5
2025-10-21 18:04:00+00:00,2025-10-21 18:11:00+00:00,long,112200.91,111936.25,SL,-3.7994,249.4911,1.5
2025-10-21 18:34:00+00:00,2025-10-21 19:06:00+00:00,short,111860.85,112138.0,SL,-3.7424,245.7488,1.5
2025-10-21 19:11:00+00:00,2025-10-21 20:10:00+00:00,short,111989.58,111446.44,TP,7.3725,253.1212,1.5
2025-10-21 20:59:00+00:00,2025-10-21 21:11:00+00:00,short,110787.56,111017.0,SL,-3.7968,249.3244,1.5
2025-10-21 21:17:00+00:00,2025-10-21 21:21:00+00:00,short,110816.52,110215.99,TP,7.4797,256.8041,1.5
2025-10-21 21:54:00+00:00,2025-10-21 22:09:00+00:00,short,110847.2,110290.33,TP,7.7041,264.5083,1.5
2025-10-21 22:21:00+00:00,2025-10-21 22:31:00+00:00,short,110034.25,108335.4,TP,7.9352,272.4435,1.5
2025-10-21 23:16:00+00:00,2025-10-21 23:17:00+00:00,short,109068.86,109307.67,SL,-4.0867,268.3569,1.5
2025-10-21 23:27:00+00:00,2025-10-21 23:34:00+00:00,short,109158.24,108572.57,TP,8.0507,276.4076,1.5
2025-10-22 00:19:00+00:00,2025-10-22 02:09:00+00:00,short,108303.0,108529.98,SL,-4.1461,272.2614,1.5
2025-10-22 02:18:00+00:00,2025-10-22 03:14:00+00:00,short,108528.36,108017.5,TP,8.1678,280.4293,1.5
2025-10-22 03:39:00+00:00,2025-10-22 03:59:00+00:00,short,107990.7,108216.02,SL,-4.2064,276.2228,1.5
2025-10-22 04:36:00+00:00,2025-10-22 05:20:00+00:00,long,108475.0,108238.44,SL,-4.1433,272.0795,1.5
2025-10-22 06:05:00+00:00,2025-10-22 06:25:00+00:00,short,108074.99,108302.52,SL,-4.0812,267.9983,1.5
2025-10-22 06:34:00+00:00,2025-10-22 07:06:00+00:00,short,108223.34,107658.45,TP,8.0399,276.0383,1.5
2025-10-22 07:52:00+00:00,2025-10-22 09:12:00+00:00,long,108258.38,108000.01,SL,-4.1406,271.8977,1.5
2025-10-22 09:39:00+00:00,2025-10-22 11:03:00+00:00,short,108041.03,107021.86,TP,8.1569,280.0546,1.5
2025-10-22 11:26:00+00:00,2025-10-22 11:50:00+00:00,short,107861.86,107387.29,TP,8.4016,288.4563,1.5
2025-10-22 12:39:00+00:00,2025-10-22 12:50:00+00:00,long,108188.89,107953.2,SL,-4.3268,284.1294,1.5
2025-10-22 13:10:00+00:00,2025-10-22 13:32:00+00:00,long,108152.09,107840.86,SL,-4.2619,279.8675,1.5
2025-10-22 13:38:00+00:00,2025-10-22 13:42:00+00:00,long,108363.26,108139.57,SL,-4.198,275.6695,1.5
2025-10-22 13:53:00+00:00,2025-10-22 13:58:00+00:00,long,108134.92,109014.34,TP,8.2701,283.9395,1.5
2025-10-22 14:43:00+00:00,2025-10-22 14:50:00+00:00,short,107768.61,108155.99,SL,-4.2591,279.6805,1.5
2025-10-22 16:06:00+00:00,2025-10-22 16:15:00+00:00,long,108630.64,108388.0,SL,-4.1952,275.4852,1.5
2025-10-22 16:27:00+00:00,2025-10-22 16:30:00+00:00,long,108503.99,107990.68,SL,-4.1323,271.353,1.5
2025-10-22 16:34:00+00:00,2025-10-22 16:37:00+00:00,long,108546.48,108316.13,SL,-4.0703,267.2827,1.5
2025-10-22 17:09:00+00:00,2025-10-22 17:15:00+00:00,long,108333.4,108086.02,SL,-4.0092,263.2734,1.5
2025-10-22 17:26:00+00:00,2025-10-22 18:18:00+00:00,short,107977.74,107524.06,TP,7.8982,271.1716,1.5
2025-10-22 18:41:00+00:00,2025-10-22 19:05:00+00:00,short,107960.0,108234.0,SL,-4.0676,267.1041,1.5
2025-10-22 19:20:00+00:00,2025-10-22 19:31:00+00:00,long,108314.68,108077.78,SL,-4.0066,263.0975,1.5
2025-10-22 19:57:00+00:00,2025-10-22 21:01:00+00:00,short,107818.18,107120.01,TP,7.8929,270.9904,1.5
2025-10-22 21:24:00+00:00,2025-10-22 21:41:00+00:00,short,106868.75,107086.37,SL,-4.0649,266.9256,1.5
2025-10-22 22:13:00+00:00,2025-10-22 22:21:00+00:00,short,107431.89,106945.91,TP,8.0078,274.9333,1.5
2025-10-22 22:37:00+00:00,2025-10-22 22:42:00+00:00,short,107023.99,107290.56,SL,-4.124,270.8093,1.5
2025-10-22 22:50:00+00:00,2025-10-22 23:00:00+00:00,short,107076.38,107293.04,SL,-4.0621,266.7472,1.5
2025-10-22 23:14:00+00:00,2025-10-22 23:18:00+00:00,short,107400.16,107615.26,SL,-4.0012,262.746,1.5
2025-10-23 00:06:00+00:00,2025-10-23 01:10:00+00:00,long,107643.8,108093.59,TP,7.8824,270.6284,1.5
2025-10-23 02:10:00+00:00,2025-10-23 03:19:00+00:00,long,108157.08,108589.99,TP,8.1189,278.7472,1.5
2025-10-23 03:20:00+00:00,2025-10-23 03:45:00+00:00,long,108641.74,108402.73,SL,-4.1812,274.566,1.5
2025-10-23 03:57:00+00:00,2025-10-23 04:40:00+00:00,long,108381.43,108819.89,TP,8.237,282.803,1.5
2025-10-23 05:10:00+00:00,2025-10-23 06:15:00+00:00,long,108794.76,109565.67,TP,8.4841,291.2871,1.5
2025-10-23 06:48:00+00:00,2025-10-23 07:10:00+00:00,long,110157.22,109918.68,SL,-4.3693,286.9178,1.5
2025-10-23 07:32:00+00:00,2025-10-23 07:38:00+00:00,long,109545.35,109287.05,SL,-4.3038,282.614,1.5
2025-10-23 07:43:00+00:00,2025-10-23 08:18:00+00:00,long,109384.2,109859.98,TP,8.4784,291.0924,1.5
2025-10-23 08:48:00+00:00,2025-10-23 08:55:00+00:00,long,109646.43,109413.64,SL,-4.3664,286.726,1.5
2025-10-23 09:44:00+00:00,2025-10-23 10:15:00+00:00,short,109377.64,109603.97,SL,-4.3009,282.4251,1.5
2025-10-23 10:49:00+00:00,2025-10-23 11:33:00+00:00,long,109520.27,109264.92,SL,-4.2364,278.1888,1.5
2025-10-23 12:02:00+00:00,2025-10-23 12:18:00+00:00,short,108872.03,109099.93,SL,-4.1728,274.0159,1.5
2025-10-23 12:31:00+00:00,2025-10-23 12:45:00+00:00,short,108860.0,109104.35,SL,-4.1102,269.9057,1.5
2025-10-23 13:01:00+00:00,2025-10-23 13:33:00+00:00,short,109039.07,109272.0,SL,-4.0486,265.8571,1.5
2025-10-23 13:49:00+00:00,2025-10-23 14:07:00+00:00,long,109522.46,109091.46,SL,-3.9879,261.8693,1.5
2025-10-23 15:07:00+00:00,2025-10-23 16:52:00+00:00,long,109664.17,110110.99,TP,7.8561,269.7253,1.5
2025-10-23 17:17:00+00:00,2025-10-23 17:35:00+00:00,long,110025.26,110638.52,TP,8.0918,277.8171,1.5
2025-10-23 18:40:00+00:00,2025-10-23 19:04:00+00:00,long,110416.3,110106.03,SL,-4.1673,273.6498,1.5
2025-10-23 19:12:00+00:00,2025-10-23 20:00:00+00:00,long,110378.41,110092.78,SL,-4.1047,269.5451,1.5
2025-10-23 20:40:00+00:00,2025-10-23 22:30:00+00:00,short,109833.65,110151.1,SL,-4.0432,265.5019,1.5
2025-10-23 23:11:00+00:00,2025-10-24 00:19:00+00:00,long,109915.32,110403.58,TP,7.9651,273.467,1.5
2025-10-24 00:37:00+00:00,2025-10-24 04:23:00+00:00,long,110331.86,110817.45,TP,8.204,281.671,1.5
2025-10-24 05:10:00+00:00,2025-10-24 07:44:00+00:00,long,111166.5,110943.66,SL,-4.2251,277.4459,1.5
2025-10-24 08:04:00+00:00,2025-10-24 08:12:00+00:00,short,110862.36,111214.54,SL,-4.1617,273.2842,1.5
2025-10-24 08:19:00+00:00,2025-10-24 09:08:00+00:00,short,110995.58,111269.94,SL,-4.0993,269.185,1.5
2025-10-24 09:27:00+00:00,2025-10-24 10:05:00+00:00,long,111419.85,111186.5,SL,-4.0378,265.1472,1.5
2025-10-24 10:11:00+00:00,2025-10-24 11:31:00+00:00,long,111276.93,110934.74,SL,-3.9772,261.17,1.5
2025-10-24 11:50:00+00:00,2025-10-24 12:00:00+00:00,short,110894.67,111131.68,SL,-3.9175,257.2524,1.5
2025-10-24 12:30:00+00:00,2025-10-24 12:37:00+00:00,long,111710.47,111428.25,SL,-3.8588,253.3936,1.5
2025-10-24 12:46:00+00:00,2025-10-24 12:52:00+00:00,long,111553.62,111274.0,SL,-3.8009,249.5927,1.5
2025-10-24 13:05:00+00:00,2025-10-24 13:15:00+00:00,long,111374.1,111151.04,SL,-3.7439,245.8489,1.5
2025-10-24 13:20:00+00:00,2025-10-24 13:37:00+00:00,long,111364.48,111037.82,SL,-3.6877,242.1611,1.5
2025-10-24 14:04:00+00:00,2025-10-24 14:25:00+00:00,short,110442.69,109865.5,TP,7.2648,249.426,1.5
2025-10-24 14:53:00+00:00,2025-10-24 14:56:00+00:00,short,109892.92,110170.9,SL,-3.7414,245.6846,1.5
2025-10-24 15:08:00+00:00,2025-10-24 15:10:00+00:00,short,110022.77,110306.47,SL,-3.6853,241.9993,1.5
2025-10-24 15:28:00+00:00,2025-10-24 15:45:00+00:00,short,110528.98,109952.14,TP,7.26,249.2593,1.5
2025-10-24 15:55:00+00:00,2025-10-24 16:17:00+00:00,short,109960.07,110213.32,SL,-3.7389,245.5204,1.5
2025-10-24 16:33:00+00:00,2025-10-24 16:57:00+00:00,short,110074.81,110307.57,SL,-3.6828,241.8376,1.5
2025-10-24 17:20:00+00:00,2025-10-24 18:00:00+00:00,long,110411.25,110171.52,SL,-3.6276,238.21,1.5
2025-10-24 18:04:00+00:00,2025-10-24 19:08:00+00:00,long,110387.01,110854.98,TP,7.1463,245.3563,1.5
2025-10-24 19:18:00+00:00,2025-10-24 19:50:00+00:00,long,110826.37,110601.77,SL,-3.6803,241.676,1.5
2025-10-24 20:42:00+00:00,2025-10-25 04:17:00+00:00,long,110796.0,111277.33,TP,7.2503,248.9262,1.5
2025-10-25 05:08:00+00:00,2025-10-25 07:23:00+00:00,long,111226.49,111674.64,TP,7.4678,256.394,1.5
2025-10-25 07:57:00+00:00,2025-10-25 16:05:00+00:00,long,111508.23,111242.48,SL,-3.8459,252.5481,1.5
2025-10-25 16:59:00+00:00,2025-10-25 18:29:00+00:00,short,111372.25,111599.99,SL,-3.7882,248.7599,1.5
2025-10-25 19:19:00+00:00,2025-10-25 20:37:00+00:00,long,111659.99,111390.1,SL,-3.7314,245.0285,1.5
2025-10-25 20:59:00+00:00,2025-10-25 22:50:00+00:00,short,111431.94,111683.63,SL,-3.6754,241.3531,1.5
2025-10-25 23:15:00+00:00,2025-10-26 02:52:00+00:00,long,111654.98,111427.31,SL,-3.6203,237.7328,1.5
2025-10-26 03:26:00+00:00,2025-10-26 06:30:00+00:00,short,111448.28,111675.5,SL,-3.566,234.1668,1.5
2025-10-26 06:45:00+00:00,2025-10-26 09:23:00+00:00,long,111638.49,112085.75,TP,7.025,241.1918,1.5
2025-10-26 10:00:00+00:00,2025-10-26 10:32:00+00:00,long,112521.21,112271.74,SL,-3.6179,237.5739,1.5
2025-10-26 10:36:00+00:00,2025-10-26 11:35:00+00:00,long,112366.99,112934.37,TP,7.1272,244.7011,1.5
2025-10-26 12:02:00+00:00,2025-10-26 21:28:00+00:00,long,113450.01,113099.99,SL,-3.6705,241.0306,1.5
2025-10-26 21:56:00+00:00,2025-10-26 22:00:00+00:00,short,113450.85,113682.58,SL,-3.6155,237.4152,1.5
2025-10-26 22:40:00+00:00,2025-10-27 00:35:00+00:00,long,114559.41,115135.01,TP,7.1225,244.5376,1.5
2025-10-27 00:55:00+00:00,2025-10-27 01:39:00+00:00,long,114850.32,115324.51,TP,7.3361,251.8737,1.5
2025-10-27 01:50:00+00:00,2025-10-27 02:27:00+00:00,long,115336.66,115045.42,SL,-3.7781,248.0956,1.5
2025-10-27 02:38:00+00:00,2025-10-27 05:08:00+00:00,long,114994.92,115476.98,TP,7.4429,255.5385,1.5
2025-10-27 05:18:00+00:00,2025-10-27 06:50:00+00:00,long,115563.26,116038.49,TP,7.6662,263.2047,1.5
2025-10-27 07:05:00+00:00,2025-10-27 07:07:00+00:00,long,116254.67,115988.18,SL,-3.9481,259.2566,1.5
2025-10-27 07:22:00+00:00,2025-10-27 07:31:00+00:00,long,116047.79,115774.95,SL,-3.8888,255.3677,1.5
2025-10-27 07:47:00+00:00,2025-10-27 08:04:00+00:00,long,115748.11,115507.68,SL,-3.8305,251.5372,1.5
2025-10-27 08:14:00+00:00,2025-10-27 08:53:00+00:00,short,115449.02,114950.6,TP,7.5461,259.0833,1.5
2025-10-27 09:06:00+00:00,2025-10-27 09:13:00+00:00,short,114825.71,115090.0,SL,-3.8862,255.1971,1.5
2025-10-27 09:47:00+00:00,2025-10-27 10:19:00+00:00,short,115278.0,115509.33,SL,-3.828,251.3691,1.5
2025-10-27 10:25:00+00:00,2025-10-27 11:20:00+00:00,long,115459.98,115196.01,SL,-3.7705,247.5986,1.5
2025-10-27 11:58:00+00:00,2025-10-27 12:34:00+00:00,long,115416.57,115154.07,SL,-3.714,243.8846,1.5
2025-10-27 13:15:00+00:00,2025-10-27 13:41:00+00:00,short,115150.0,114604.0,TP,7.3165,251.2012,1.5
2025-10-27 14:03:00+00:00,2025-10-27 14:19:00+00:00,short,115054.5,114591.4,TP,7.536,258.7372,1.5
2025-10-27 14:45:00+00:00,2025-10-27 15:33:00+00:00,short,114929.21,115166.52,SL,-3.8811,254.8561,1.5
2025-10-27 15:35:00+00:00,2025-10-27 16:08:00+00:00,short,114946.01,115333.32,SL,-3.8228,251.0333,1.5
2025-10-27 16:32:00+00:00,2025-10-27 19:02:00+00:00,long,115396.47,115060.15,SL,-3.7655,247.2678,1.5
2025-10-27 19:21:00+00:00,2025-10-27 20:55:00+00:00,short,115071.84,114572.13,TP,7.418,254.6858,1.5
2025-10-27 21:13:00+00:00,2025-10-27 23:15:00+00:00,short,114405.33,113887.76,TP,7.6406,262.3264,1.5
2025-10-27 23:24:00+00:00,2025-10-27 23:33:00+00:00,short,113885.58,114116.91,SL,-3.9349,258.3915,1.5
2025-10-27 23:51:00+00:00,2025-10-28 00:23:00+00:00,short,114094.89,114374.2,SL,-3.8759,254.5156,1.5
2025-10-28 00:30:00+00:00,2025-10-28 01:42:00+00:00,short,114160.01,114390.63,SL,-3.8177,250.6979,1.5
2025-10-28 02:44:00+00:00,2025-10-28 06:51:00+00:00,short,113918.7,114154.04,SL,-3.7605,246.9374,1.5
2025-10-28 07:04:00+00:00,2025-10-28 13:09:00+00:00,long,114310.22,114816.12,TP,7.4081,254.3456,1.5
2025-10-28 13:45:00+00:00,2025-10-28 14:13:00+00:00,long,115299.99,115785.46,TP,7.6304,261.9759,1.5
2025-10-28 16:00:00+00:00,2025-10-28 16:10:00+00:00,short,114562.03,114813.99,SL,-3.9296,258.0463,1.5
2025-10-28 16:22:00+00:00,2025-10-28 16:27:00+00:00,short,114725.23,115036.99,SL,-3.8707,254.1756,1.5
2025-10-28 16:49:00+00:00,2025-10-28 18:25:00+00:00,long,115298.0,115049.98,SL,-3.8126,250.3629,1.5
2025-10-28 19:13:00+00:00,2025-10-28 19:17:00+00:00,short,114936.62,114275.5,TP,7.5109,257.8738,1.5
2025-10-28 19:50:00+00:00,2025-10-28 19:53:00+00:00,short,113581.11,113827.98,SL,-3.8681,254.0057,1.5
2025-10-28 19:57:00+00:00,2025-10-28 20:06:00+00:00,short,113653.65,113059.8,TP,7.6202,261.6259,1.5
2025-10-28 21:01:00+00:00,2025-10-28 21:33:00+00:00,short,112673.31,112899.55,SL,-3.9244,257.7015,1.5
2025-10-28 21:51:00+00:00,2025-10-29 00:45:00+00:00,short,113052.26,112574.0,TP,7.731,265.4326,1.5
2025-10-29 00:58:00+00:00,2025-10-29 01:40:00+00:00,short,112520.25,112856.24,SL,-3.9815,261.4511,1.5
2025-10-29 01:47:00+00:00,2025-10-29 04:34:00+00:00,short,112590.92,112858.13,SL,-3.9218,257.5293,1.5
2025-10-29 04:49:00+00:00,2025-10-29 05:40:00+00:00,long,112804.62,113361.61,TP,7.7259,265.2552,1.5
2025-10-29 06:06:00+00:00,2025-10-29 09:11:00+00:00,long,113202.43,112908.65,SL,-3.9788,261.2764,1.5
2025-10-29 09:30:00+00:00,2025-10-29 10:36:00+00:00,short,112875.38,113108.73,SL,-3.9191,257.3572,1.5
2025-10-29 10:43:00+00:00,2025-10-29 12:10:00+00:00,short,113051.32,113300.0,SL,-3.8604,253.4969,1.5
2025-10-29 13:04:00+00:00,2025-10-29 13:40:00+00:00,long,113196.41,112965.85,SL,-3.8025,249.6944,1.5
2025-10-29 14:02:00+00:00,2025-10-29 15:29:00+00:00,short,112679.84,112029.7,TP,7.4908,257.1852,1.5
2025-10-29 15:48:00+00:00,2025-10-29 16:11:00+00:00,short,111573.0,111060.02,TP,7.7156,264.9008,1.5
2025-10-29 16:48:00+00:00,2025-10-29 17:34:00+00:00,short,111150.97,111378.08,SL,-3.9735,260.9273,1.5
2025-10-29 18:20:00+00:00,2025-10-29 18:34:00+00:00,short,111408.98,111731.51,SL,-3.9139,257.0134,1.5
2025-10-29 18:35:00+00:00,2025-10-29 18:36:00+00:00,short,110403.83,110785.24,SL,-3.8552,253.1582,1.5
2025-10-29 19:16:00+00:00,2025-10-29 19:34:00+00:00,short,111092.81,110611.11,TP,7.5947,260.7529,1.5
2025-10-29 20:05:00+00:00,2025-10-29 20:17:00+00:00,short,110460.65,110716.24,SL,-3.9113,256.8416,1.5
2025-10-29 20:51:00+00:00,2025-10-29 22:06:00+00:00,long,111531.34,111243.91,SL,-3.8526,252.989,1.5
2025-10-29 22:11:00+00:00,2025-10-29 22:27:00+00:00,long,111491.78,111253.67,SL,-3.7948,249.1942,1.5
2025-10-29 22:58:00+00:00,2025-10-29 23:24:00+00:00,short,110979.26,110478.88,TP,7.4758,256.67,1.5
2025-10-29 23:25:00+00:00,2025-10-29 23:39:00+00:00,short,110509.0,109930.04,TP,7.7001,264.3701,1.5
2025-10-30 00:07:00+00:00,2025-10-30 00:11:00+00:00,short,109802.45,110049.25,SL,-3.9656,260.4045,1.5
2025-10-30 00:38:00+00:00,2025-10-30 01:34:00+00:00,short,110371.31,110595.65,SL,-3.9061,256.4985,1.5
2025-10-30 01:58:00+00:00,2025-10-30 02:23:00+00:00,short,110570.42,110828.17,SL,-3.8475,252.651,1.5
2025-10-30 02:58:00+00:00,2025-10-30 03:04:00+00:00,long,110969.7,110708.05,SL,-3.7898,248.8612,1.5
2025-10-30 03:16:00+00:00,2025-10-30 03:54:00+00:00,long,110819.69,110590.68,SL,-3.7329,245.1283,1.5
2025-10-30 03:59:00+00:00,2025-10-30 04:07:00+00:00,long,110751.47,110393.37,SL,-3.6769,241.4514,1.5
2025-10-30 04:23:00+00:00,2025-10-30 04:26:00+00:00,short,109601.83,109057.5,TP,7.2435,248.6949,1.5
2025-10-30 04:58:00+00:00,2025-10-30 05:13:00+00:00,short,108681.29,108936.16,SL,-3.7304,244.9645,1.5
2025-10-30 06:30:00+00:00,2025-10-30 06:43:00+00:00,long,110274.99,110789.07,TP,7.3489,252.3134,1.5
2025-10-30 07:11:00+00:00,2025-10-30 08:10:00+00:00,long,111213.76,110962.2,SL,-3.7847,248.5287,1.5
2025-10-30 08:22:00+00:00,2025-10-30 08:29:00+00:00,long,110922.11,110681.23,SL,-3.7279,244.8008,1.5
2025-10-30 08:32:00+00:00,2025-10-30 09:09:00+00:00,long,110806.76,110494.99,SL,-3.672,241.1288,1.5
2025-10-30 09:36:00+00:00,2025-10-30 09:56:00+00:00,short,110140.15,110370.52,SL,-3.6169,237.5119,1.5
2025-10-30 10:00:00+00:00,2025-10-30 12:06:00+00:00,short,110122.91,109662.61,TP,7.1254,244.6372,1.5
2025-10-30 12:23:00+00:00,2025-10-30 12:28:00+00:00,short,109164.8,108700.0,TP,7.3391,251.9763,1.5
2025-10-30 12:42:00+00:00,2025-10-30 13:36:00+00:00,short,108606.91,108094.13,TP,7.5593,259.5356,1.5
2025-10-30 14:19:00+00:00,2025-10-30 14:31:00+00:00,short,107913.5,108135.44,SL,-3.893,255.6426,1.5
2025-10-30 14:47:00+00:00,2025-10-30 14:52:00+00:00,short,107938.84,108200.0,SL,-3.8346,251.8079,1.5
2025-10-30 15:02:00+00:00,2025-10-30 15:18:00+00:00,short,108218.99,107776.13,TP,7.5542,259.3622,1.5
2025-10-30 15:33:00+00:00,2025-10-30 16:05:00+00:00,short,107689.65,107918.35,SL,-3.8904,255.4717,1.5
2025-10-30 16:17:00+00:00,2025-10-30 16:27:00+00:00,short,107923.93,108162.27,SL,-3.8321,251.6397,1.5
2025-10-30 16:31:00+00:00,2025-10-30 17:13:00+00:00,short,108052.43,107577.61,TP,7.5492,259.1889,1.5
2025-10-30 18:00:00+00:00,2025-10-30 18:37:00+00:00,short,107420.34,106964.77,TP,7.7757,266.9645,1.5
2025-10-30 18:56:00+00:00,2025-10-30 19:40:00+00:00,short,106921.92,106470.0,TP,8.0089,274.9735,1.5
2025-10-30 19:57:00+00:00,2025-10-30 20:07:00+00:00,short,106522.84,106777.38,SL,-4.1246,270.8489,1.5
2025-10-30 20:30:00+00:00,2025-10-30 20:32:00+00:00,short,106884.21,107098.97,SL,-4.0627,266.7861,1.5
2025-10-30 20:35:00+00:00,2025-10-30 21:41:00+00:00,long,107357.0,107875.12,TP,8.0036,274.7897,1.5
2025-10-30 21:59:00+00:00,2025-10-30 22:11:00+00:00,long,107907.68,107688.16,SL,-4.1218,270.6679,1.5
2025-10-30 22:22:00+00:00,2025-10-30 22:33:00+00:00,long,107766.12,107486.0,SL,-4.06,266.6079,1.5
2025-10-30 22:37:00+00:00,2025-10-30 23:35:00+00:00,long,107669.85,108202.56,TP,7.9982,274.6061,1.5
2025-10-30 23:48:00+00:00,2025-10-31 00:44:00+00:00,long,108255.94,108698.5,TP,8.2382,282.8443,1.5
2025-10-31 01:05:00+00:00,2025-10-31 01:10:00+00:00,long,109528.33,110024.41,TP,8.4853,291.3296,1.5
2025-10-31 01:48:00+00:00,2025-10-31 02:05:00+00:00,long,109696.97,109457.62,SL,-4.3699,286.9597,1.5
2025-10-31 02:18:00+00:00,2025-10-31 02:38:00+00:00,long,109276.67,109010.63,SL,-4.3044,282.6553,1.5
2025-10-31 03:36:00+00:00,2025-10-31 03:40:00+00:00,long,109256.56,108962.0,SL,-4.2398,278.4154,1.5
2025-10-31 03:46:00+00:00,2025-10-31 04:22:00+00:00,long,109243.89,109800.52,TP,8.3525,286.7679,1.5
2025-10-31 04:40:00+00:00,2025-10-31 04:46:00+00:00,long,110214.96,109968.7,SL,-4.3015,282.4664,1.5
2025-10-31 05:25:00+00:00,2025-10-31 06:08:00+00:00,long,109838.27,109601.13,SL,-4.237,278.2294,1.5
2025-10-31 06:16:00+00:00,2025-10-31 07:06:00+00:00,long,109697.58,109440.75,SL,-4.1734,274.0559,1.5
2025-10-31 07:12:00+00:00,2025-10-31 07:50:00+00:00,long,109611.28,109330.79,SL,-4.1108,269.9451,1.5
2025-10-31 08:11:00+00:00,2025-10-31 08:28:00+00:00,short,109400.0,109648.34,SL,-4.0492,265.8959,1.5
2025-10-31 08:42:00+00:00,2025-10-31 09:02:00+00:00,long,109800.0,110301.11,TP,7.9769,273.8728,1.5
2025-10-31 09:17:00+00:00,2025-10-31 09:21:00+00:00,long,110389.0,110139.0,SL,-4.1081,269.7647,1.5
2025-10-31 09:45:00+00:00,2025-10-31 10:32:00+00:00,long,109978.0,109710.08,SL,-4.0465,265.7182,1.5
2025-10-31 10:36:00+00:00,2025-10-31 11:07:00+00:00,long,109858.12,109623.52,SL,-3.9858,261.7325,1.5
2025-10-31 12:22:00+00:00,2025-10-31 12:26:00+00:00,long,110412.06,110186.49,SL,-3.926,257.8065,1.5
2025-10-31 14:06:00+00:00,2025-10-31 14:13:00+00:00,long,110239.25,110000.0,SL,-3.8671,253.9394,1.5
2025-10-31 14:35:00+00:00,2025-10-31 14:53:00+00:00,long,109992.0,110433.76,TP,7.6182,261.5576,1.5
2025-10-31 15:09:00+00:00,2025-10-31 15:11:00+00:00,long,111064.1,110807.9,SL,-3.9234,257.6342,1.5
2025-10-31 15:44:00+00:00,2025-10-31 15:55:00+00:00,long,110485.85,110150.93,SL,-3.8645,253.7697,1.5
2025-10-31 16:04:00+00:00,2025-10-31 16:09:00+00:00,long,110278.3,110000.0,SL,-3.8065,249.9631,1.5
2025-10-31 16:37:00+00:00,2025-10-31 16:49:00+00:00,short,109961.68,109512.0,TP,7.4989,257.462,1.5
2025-10-31 17:19:00+00:00,2025-10-31 17:24:00+00:00,short,108751.85,109131.86,SL,-3.8619,253.6001,1.5
2025-10-31 17:55:00+00:00,2025-10-31 18:07:00+00:00,short,109301.08,109523.22,SL,-3.804,249.7961,1.5
2025-10-31 18:09:00+00:00,2025-10-31 18:44:00+00:00,short,109398.03,109750.49,SL,-3.7469,246.0492,1.5
2025-10-31 18:50:00+00:00,2025-10-31 19:20:00+00:00,short,109380.24,109689.91,SL,-3.6907,242.3584,1.5
2025-10-31 19:46:00+00:00,2025-10-31 19:52:00+00:00,long,110237.65,110012.27,SL,-3.6354,238.723,1.5
2025-10-31 20:12:00+00:00,2025-10-31 20:33:00+00:00,long,109784.62,109557.0,SL,-3.5808,235.1422,1.5
2025-10-31 20:52:00+00:00,2025-10-31 21:36:00+00:00,short,109473.86,109748.78,SL,-3.5271,231.6151,1.5
2025-10-31 21:44:00+00:00,2025-10-31 22:17:00+00:00,short,109562.21,109791.12,SL,-3.4742,228.1408,1.5
2025-10-31 22:36:00+00:00,2025-11-01 00:02:00+00:00,long,109699.44,109470.93,SL,-3.4221,224.7187,1.5
2025-11-01 00:32:00+00:00,2025-11-01 00:46:00+00:00,short,109450.03,109720.81,SL,-3.3708,221.3479,1.5
2025-11-01 01:01:00+00:00,2025-11-01 02:07:00+00:00,long,109835.67,109610.0,SL,-3.3202,218.0277,1.5
2025-11-01 02:27:00+00:00,2025-11-01 03:06:00+00:00,short,109670.99,109890.48,SL,-3.2704,214.7573,1.5
2025-11-01 03:17:00+00:00,2025-11-01 04:06:00+00:00,long,109968.54,110461.76,TP,6.4427,221.2,1.5
2025-11-01 04:25:00+00:00,2025-11-01 05:10:00+00:00,long,110312.0,110084.32,SL,-3.318,217.882,1.5
2025-11-01 05:18:00+00:00,2025-11-01 06:47:00+00:00,long,110159.67,109933.88,SL,-3.2682,214.6138,1.5
2025-11-01 08:49:00+00:00,2025-11-01 09:42:00+00:00,long,110229.84,110000.01,SL,-3.2192,211.3946,1.5
2025-11-01 09:53:00+00:00,2025-11-01 11:01:00+00:00,short,109979.43,110200.0,SL,-3.1709,208.2237,1.5
2025-11-01 12:05:00+00:00,2025-11-01 13:39:00+00:00,long,110155.1,109927.78,SL,-3.1234,205.1003,1.5
2025-11-01 14:08:00+00:00,2025-11-01 15:07:00+00:00,short,109932.86,110200.0,SL,-3.0765,202.0238,1.5
2025-11-01 15:45:00+00:00,2025-11-01 16:46:00+00:00,long,110078.38,110525.0,TP,6.0607,208.0845,1.5
2025-11-01 17:24:00+00:00,2025-11-01 21:49:00+00:00,long,110275.01,110053.72,SL,-3.1213,204.9633,1.5
2025-11-01 22:50:00+00:00,2025-11-02 04:41:00+00:00,short,110011.24,110293.8,SL,-3.0744,201.8888,1.5
2025-11-02 05:31:00+00:00,2025-11-02 07:52:00+00:00,long,110484.11,110952.87,TP,6.0567,207.9455,1.5
2025-11-02 08:28:00+00:00,2025-11-02 09:45:00+00:00,long,110815.1,110535.01,SL,-3.1192,204.8263,1.5
2025-11-02 10:18:00+00:00,2025-11-02 11:40:00+00:00,short,110678.51,110939.34,SL,-3.0724,201.7539,1.5
2025-11-02 11:48:00+00:00,2025-11-02 12:59:00+00:00,long,110970.0,110736.24,SL,-3.0263,198.7276,1.5
2025-11-02 13:00:00+00:00,2025-11-02 14:28:00+00:00,short,110686.01,110225.29,TP,3.9746,202.7021,1.0
2025-11-02 14:45:00+00:00,2025-11-02 14:54:00+00:00,short,110251.52,110485.26,SL,-3.0405,199.6616,1.5
2025-11-02 15:01:00+00:00,2025-11-02 16:04:00+00:00,short,110340.0,109870.92,TP,3.9932,203.6548,1.0
2025-11-02 16:15:00+00:00,2025-11-02 16:22:00+00:00,short,109735.6,109993.45,SL,-3.0548,200.6,1.5
2025-11-02 16:45:00+00:00,2025-11-02 17:06:00+00:00,short,109978.39,110210.73,SL,-3.009,197.591,1.5
2025-11-02 17:18:00+00:00,2025-11-02 22:34:00+00:00,short,110185.69,109534.91,TP,3.9518,201.5428,1.0
2025-11-02 22:46:00+00:00,2025-11-02 22:53:00+00:00,short,109562.08,109802.81,SL,-3.0231,198.5197,1.5
2025-11-02 23:39:00+00:00,2025-11-03 00:47:00+00:00,long,110436.93,110200.02,SL,-1.9852,196.5345,1.0
2025-11-03 00:48:00+00:00,2025-11-03 00:59:00+00:00,short,110199.9,109757.11,TP,3.9307,200.4652,1.0
2025-11-03 01:25:00+00:00,2025-11-03 01:46:00+00:00,short,109577.34,109871.54,SL,-3.007,197.4582,1.5
2025-11-03 01:52:00+00:00,2025-11-03 02:30:00+00:00,short,109644.88,109082.0,TP,3.9492,201.4074,1.0
2025-11-03 03:08:00+00:00,2025-11-03 03:13:00+00:00,short,108905.04,108458.82,TP,6.0422,207.4496,1.5
2025-11-03 03:49:00+00:00,2025-11-03 04:04:00+00:00,short,108054.02,107600.01,TP,6.2235,213.6731,1.5
2025-11-03 04:20:00+00:00,2025-11-03 04:23:00+00:00,short,107533.49,107821.15,SL,-3.2051,210.468,1.5
2025-11-03 04:43:00+00:00,2025-11-03 04:53:00+00:00,short,107744.99,107967.06,SL,-3.157,207.311,1.5
2025-11-03 04:59:00+00:00,2025-11-03 05:48:00+00:00,short,107900.37,107441.98,TP,6.2193,213.5303,1.5
2025-11-03 06:10:00+00:00,2025-11-03 07:24:00+00:00,short,107478.06,107737.95,SL,-3.203,210.3273,1.5
2025-11-03 07:34:00+00:00,2025-11-03 08:45:00+00:00,short,107574.67,107129.5,TP,6.3098,216.6372,1.5
2025-11-03 08:46:00+00:00,2025-11-03 08:50:00+00:00,short,107013.13,107354.04,SL,-3.2496,213.3876,1.5
2025-11-03 09:51:00+00:00,2025-11-03 10:03:00+00:00,short,107155.99,107429.91,SL,-3.2008,210.1868,1.5
2025-11-03 10:25:00+00:00,2025-11-03 10:35:00+00:00,long,107572.19,107323.32,SL,-3.1528,207.034,1.5
2025-11-03 10:54:00+00:00,2025-11-03 11:03:00+00:00,short,107180.66,107421.09,SL,-3.1055,203.9285,1.5
2025-11-03 11:32:00+00:00,2025-11-03 12:15:00+00:00,long,107697.12,108155.45,TP,6.1179,210.0463,1.5
2025-11-03 12:29:00+00:00,2025-11-03 12:33:00+00:00,long,108254.88,108019.44,SL,-3.1507,206.8956,1.5
2025-11-03 12:50:00+00:00,2025-11-03 13:01:00+00:00,long,107958.7,107720.41,SL,-3.1034,203.7922,1.5
2025-11-03 13:10:00+00:00,2025-11-03 13:32:00+00:00,short,107630.57,107874.71,SL,-3.0569,200.7353,1.5
2025-11-03 13:55:00+00:00,2025-11-03 14:18:00+00:00,long,108039.72,107800.19,SL,-3.011,197.7243,1.5
2025-11-03 16:08:00+00:00,2025-11-03 16:10:00+00:00,short,105384.31,105661.73,SL,-1.9772,195.7471,1.0
2025-11-03 16:34:00+00:00,2025-11-03 16:41:00+00:00,short,106330.0,106611.36,SL,-1.9575,193.7896,1.0
2025-11-03 16:47:00+00:00,2025-11-03 16:58:00+00:00,short,106515.39,106755.06,SL,-1.9379,191.8517,1.0
2025-11-03 16:59:00+00:00,2025-11-03 17:12:00+00:00,short,106678.44,106909.05,SL,-1.9185,189.9332,1.0
2025-11-03 17:16:00+00:00,2025-11-03 17:18:00+00:00,short,106817.24,107037.92,SL,-1.8993,188.0338,1.0
2025-11-03 17:33:00+00:00,2025-11-03 18:14:00+00:00,long,107418.11,107190.0,SL,-1.8803,186.1535,1.0
2025-11-03 18:21:00+00:00,2025-11-03 18:41:00+00:00,long,107393.93,106997.41,SL,-1.8615,184.292,1.0
2025-11-03 18:51:00+00:00,2025-11-03 19:01:00+00:00,long,107129.89,106868.01,SL,-1.8429,182.449,1.0
2025-11-03 20:24:00+00:00,2025-11-03 20:28:00+00:00,short,106582.14,106805.93,SL,-1.8245,180.6246,1.0
2025-11-03 20:42:00+00:00,2025-11-03 21:01:00+00:00,short,106691.49,106998.78,SL,-1.8062,178.8183,1.0
2025-11-03 21:10:00+00:00,2025-11-03 21:17:00+00:00,short,106675.37,106101.47,TP,3.5764,182.3947,1.0
2025-11-03 22:22:00+00:00,2025-11-03 22:30:00+00:00,short,106364.4,105930.18,TP,3.6479,186.0426,1.0
2025-11-03 22:55:00+00:00,2025-11-03 23:34:00+00:00,short,106325.47,106580.97,SL,-1.8604,184.1821,1.0
2025-11-04 01:09:00+00:00,2025-11-04 01:22:00+00:00,long,106580.0,107120.01,TP,3.6836,187.8658,1.0
2025-11-04 01:30:00+00:00,2025-11-04 01:52:00+00:00,long,107013.34,106749.88,SL,-1.8787,185.9871,1.0
2025-11-04 01:57:00+00:00,2025-11-04 02:00:00+00:00,long,107147.1,106900.01,SL,-1.8599,184.1273,1.0
2025-11-04 02:11:00+00:00,2025-11-04 02:42:00+00:00,long,106929.22,106688.51,SL,-1.8413,182.286,1.0
2025-11-04 03:06:00+00:00,2025-11-04 03:11:00+00:00,short,106279.32,106600.77,SL,-1.8229,180.4631,1.0
2025-11-04 03:34:00+00:00,2025-11-04 04:36:00+00:00,long,107088.59,106851.79,SL,-1.8046,178.6585,1.0
2025-11-04 04:45:00+00:00,2025-11-04 05:16:00+00:00,short,106803.99,106358.16,TP,3.5732,182.2317,1.0
2025-11-04 05:43:00+00:00,2025-11-04 05:48:00+00:00,short,105036.83,104530.68,TP,3.6446,185.8763,1.0
2025-11-04 06:31:00+00:00,2025-11-04 08:03:00+00:00,short,104785.61,104349.9,TP,3.7175,189.5938,1.0
2025-11-04 08:44:00+00:00,2025-11-04 08:52:00+00:00,short,104441.56,103963.0,TP,3.7919,193.3857,1.0
2025-11-04 09:24:00+00:00,2025-11-04 09:27:00+00:00,short,103681.31,103952.37,SL,-1.9339,191.4518,1.0
2025-11-04 09:43:00+00:00,2025-11-04 11:07:00+00:00,short,103921.55,104150.0,SL,-1.9145,189.5373,1.0
2025-11-04 11:35:00+00:00,2025-11-04 12:16:00+00:00,long,104482.01,104231.84,SL,-1.8954,187.6419,1.0
2025-11-04 13:02:00+00:00,2025-11-04 13:37:00+00:00,short,103866.01,104080.0,SL,-1.8764,185.7655,1.0
2025-11-04 13:48:00+00:00,2025-11-04 14:31:00+00:00,short,104074.23,103632.0,TP,3.7153,189.4808,1.0
2025-11-04 15:20:00+00:00,2025-11-04 15:29:00+00:00,long,104684.89,104466.01,SL,-1.8948,187.586,1.0
2025-11-04 16:05:00+00:00,2025-11-04 16:20:00+00:00,short,103166.88,102638.46,TP,3.7517,191.3377,1.0
2025-11-04 16:48:00+00:00,2025-11-04 17:01:00+00:00,short,102494.0,102045.03,TP,3.8268,195.1645,1.0
2025-11-04 17:42:00+00:00,2025-11-04 18:00:00+00:00,short,101350.74,100932.59,TP,3.9033,199.0678,1.0
2025-11-04 18:16:00+00:00,2025-11-04 18:33:00+00:00,short,100618.01,100149.27,TP,3.9814,203.0491,1.0
2025-11-04 19:06:00+00:00,2025-11-04 19:15:00+00:00,short,101269.16,101475.11,SL,-3.0457,200.0034,1.5
2025-11-04 19:17:00+00:00,2025-11-04 19:23:00+00:00,short,101280.79,101562.83,SL,-3.0001,197.0034,1.5
2025-11-04 19:28:00+00:00,2025-11-04 19:36:00+00:00,short,101372.99,100904.7,TP,3.9401,200.9434,1.0
2025-11-04 19:49:00+00:00,2025-11-04 20:16:00+00:00,short,100673.47,100011.01,TP,6.0283,206.9717,1.5
2025-11-04 20:50:00+00:00,2025-11-04 21:14:00+00:00,short,100700.0,100297.0,TP,6.2092,213.1809,1.5
2025-11-04 22:34:00+00:00,2025-11-04 22:40:00+00:00,long,101597.42,101379.99,SL,-3.1977,209.9832,1.5
2025-11-04 23:01:00+00:00,2025-11-04 23:09:00+00:00,long,101310.91,101105.27,SL,-3.1497,206.8334,1.5
2025-11-04 23:15:00+00:00,2025-11-04 23:50:00+00:00,long,101211.04,101627.97,TP,6.205,213.0384,1.5
2025-11-05 00:19:00+00:00,2025-11-05 00:25:00+00:00,long,101434.83,101223.77,SL,-3.1956,209.8428,1.5
2025-11-05 01:04:00+00:00,2025-11-05 01:19:00+00:00,short,100226.9,99688.01,TP,6.2953,216.1381,1.5
2025-11-05 01:33:00+00:00,2025-11-05 01:36:00+00:00,short,99032.51,99325.96,SL,-3.2421,212.8961,1.5
2025-11-05 02:38:00+00:00,2025-11-05 02:52:00+00:00,long,101570.32,101357.26,SL,-3.1934,209.7026,1.5
2025-11-05 02:59:00+00:00,2025-11-05 03:29:00+00:00,long,101677.93,102106.47,TP,6.2911,215.9937,1.5
2025-11-05 04:33:00+00:00,2025-11-05 04:45:00+00:00,long,101691.82,102130.95,TP,6.4798,222.4735,1.5
2025-11-05 05:04:00+00:00,2025-11-05 05:24:00+00:00,long,102021.79,101808.73,SL,-3.3371,219.1364,1.5
2025-11-05 05:33:00+00:00,2025-11-05 05:35:00+00:00,long,102054.49,101815.08,SL,-3.287,215.8494,1.5
2025-11-05 05:36:00+00:00,2025-11-05 05:38:00+00:00,short,101736.23,101943.73,SL,-3.2377,212.6116,1.5
2025-11-05 05:45:00+00:00,2025-11-05 06:29:00+00:00,short,101718.46,101922.06,SL,-3.1892,209.4224,1.5
2025-11-05 06:50:00+00:00,2025-11-05 07:11:00+00:00,long,101995.9,101781.48,SL,-3.1413,206.2811,1.5
2025-11-05 07:28:00+00:00,2025-11-05 08:15:00+00:00,long,101837.9,101611.61,SL,-3.0942,203.1869,1.5
2025-11-05 08:44:00+00:00,2025-11-05 08:50:00+00:00,short,101504.55,101764.99,SL,-3.0478,200.1391,1.5
2025-11-05 09:37:00+00:00,2025-11-05 10:20:00+00:00,long,101902.92,101653.42,SL,-3.0021,197.137,1.5
2025-11-05 10:24:00+00:00,2025-11-05 10:45:00+00:00,long,101808.29,101589.25,SL,-1.9714,195.1656,1.0
2025-11-05 11:19:00+00:00,2025-11-05 11:30:00+00:00,short,101482.15,101713.99,SL,-1.9517,193.214,1.0
2025-11-05 11:42:00+00:00,2025-11-05 11:49:00+00:00,short,101662.0,101871.57,SL,-1.9321,191.2818,1.0
2025-11-05 12:18:00+00:00,2025-11-05 12:25:00+00:00,long,102175.72,102775.83,TP,3.8256,195.1075,1.0
2025-11-05 12:43:00+00:00,2025-11-05 13:11:00+00:00,long,102722.85,102514.01,SL,-1.9511,193.1564,1.0
2025-11-05 13:24:00+00:00,2025-11-05 13:47:00+00:00,long,102533.21,102954.67,TP,3.8631,197.0195,1.0
2025-11-05 14:29:00+00:00,2025-11-05 14:33:00+00:00,long,102658.73,102445.21,SL,-1.9702,195.0493,1.0
2025-11-05 14:39:00+00:00,2025-11-05 14:42:00+00:00,long,102688.7,103330.0,TP,3.901,198.9503,1.0
2025-11-05 15:09:00+00:00,2025-11-05 15:11:00+00:00,long,103391.1,103180.26,SL,-1.9895,196.9608,1.0
2025-11-05 15:19:00+00:00,2025-11-05 15:42:00+00:00,long,103254.9,103791.89,TP,3.9392,200.9,1.0
2025-11-05 16:26:00+00:00,2025-11-05 16:49:00+00:00,long,103415.38,103894.49,TP,6.027,206.927,1.5
2025-11-05 17:18:00+00:00,2025-11-05 18:26:00+00:00,long,103659.46,104130.06,TP,6.2078,213.1348,1.5
2025-11-05 18:36:00+00:00,2025-11-05 19:48:00+00:00,long,104255.83,104023.98,SL,-3.197,209.9378,1.5
2025-11-05 20:03:00+00:00,2025-11-05 20:13:00+00:00,long,104083.7,104507.27,TP,6.2981,216.236,1.5
2025-11-05 20:47:00+00:00,2025-11-05 20:54:00+00:00,short,103739.99,103947.49,SL,-3.2435,212.9924,1.5
2025-11-05 21:00:00+00:00,2025-11-05 23:15:00+00:00,short,103657.09,103873.0,SL,-3.1949,209.7975,1.5
2025-11-05 23:32:00+00:00,2025-11-06 00:02:00+00:00,long,104020.69,103613.0,SL,-3.147,206.6506,1.5
2025-11-06 00:20:00+00:00,2025-11-06 01:17:00+00:00,short,103524.86,103105.84,TP,6.1995,212.8501,1.5
2025-11-06 01:56:00+00:00,2025-11-06 02:11:00+00:00,short,103413.63,102999.02,TP,6.3855,219.2356,1.5
2025-11-06 03:11:00+00:00,2025-11-06 04:45:00+00:00,long,103567.92,104166.21,TP,6.5771,225.8126,1.5
2025-11-06 05:31:00+00:00,2025-11-06 06:30:00+00:00,short,103356.06,103586.95,SL,-3.3872,222.4255,1.5
2025-11-06 06:32:00+00:00,2025-11-06 07:17:00+00:00,short,103375.5,102956.57,TP,6.6728,229.0982,1.5
2025-11-06 07:24:00+00:00,2025-11-06 07:33:00+00:00,long,103514.12,103200.0,SL,-3.4365,225.6618,1.5
2025-11-06 07:34:00+00:00,2025-11-06 07:36:00+00:00,short,103161.64,103375.21,SL,-3.3849,222.2768,1.5
2025-11-06 07:37:00+00:00,2025-11-06 07:39:00+00:00,long,103448.41,103128.49,SL,-3.3342,218.9427,1.5
2025-11-06 08:05:00+00:00,2025-11-06 08:14:00+00:00,short,103050.82,103273.4,SL,-3.2841,215.6585,1.5
2025-11-06 09:02:00+00:00,2025-11-06 10:33:00+00:00,short,102919.99,103149.21,SL,-3.2349,212.4237,1.5
2025-11-06 11:41:00+00:00,2025-11-06 12:03:00+00:00,long,103230.99,103019.78,SL,-3.1864,209.2373,1.5
2025-11-06 12:09:00+00:00,2025-11-06 12:18:00+00:00,long,103160.01,102872.97,SL,-3.1386,206.0987,1.5
2025-11-06 12:41:00+00:00,2025-11-06 13:10:00+00:00,short,102693.84,102944.99,SL,-3.0915,203.0073,1.5
2025-11-06 13:47:00+00:00,2025-11-06 14:05:00+00:00,long,103427.69,103135.26,SL,-3.0451,199.9622,1.5
2025-11-06 14:23:00+00:00,2025-11-06 14:35:00+00:00,short,102859.34,102427.2,TP,3.9992,203.9614,1.0
2025-11-06 14:52:00+00:00,2025-11-06 15:20:00+00:00,short,102288.07,102822.37,SL,-3.0594,200.902,1.5
2025-11-06 15:29:00+00:00,2025-11-06 15:37:00+00:00,short,102438.02,101942.88,TP,6.0271,206.929,1.5
2025-11-06 16:11:00+00:00,2025-11-06 16:34:00+00:00,short,101942.63,101524.96,TP,6.2079,213.1369,1.5
2025-11-06 17:17:00+00:00,2025-11-06 17:27:00+00:00,short,101014.9,101330.03,SL,-3.1971,209.9399,1.5
2025-11-06 17:39:00+00:00,2025-11-06 17:47:00+00:00,short,101264.59,101566.77,SL,-3.1491,206.7908,1.5
2025-11-06 18:48:00+00:00,2025-11-06 18:55:00+00:00,long,102120.16,101854.47,SL,-3.1019,203.6889,1.5
2025-11-06 19:13:00+00:00,2025-11-06 19:30:00+00:00,long,101869.69,101650.04,SL,-3.0553,200.6336,1.5
2025-11-06 19:37:00+00:00,2025-11-06 19:39:00+00:00,long,101850.86,101591.7,SL,-3.0095,197.6241,1.5
2025-11-06 20:13:00+00:00,2025-11-06 20:39:00+00:00,short,101358.26,100924.44,TP,3.9525,201.5765,1.0
2025-11-06 21:04:00+00:00,2025-11-06 21:36:00+00:00,short,100719.88,100946.57,SL,-3.0236,198.5529,1.5
2025-11-06 21:47:00+00:00,2025-11-06 21:52:00+00:00,short,100962.99,101180.0,SL,-1.9855,196.5674,1.0
2025-11-06 21:59:00+00:00,2025-11-06 22:05:00+00:00,short,101117.17,101346.0,SL,-1.9657,194.6017,1.0
2025-11-06 22:22:00+00:00,2025-11-06 22:27:00+00:00,long,101303.37,101057.56,SL,-1.946,192.6557,1.0
2025-11-06 22:33:00+00:00,2025-11-07 00:19:00+00:00,long,101279.09,101042.3,SL,-1.9266,190.7291,1.0
2025-11-07 01:17:00+00:00,2025-11-07 01:24:00+00:00,long,101470.0,101882.76,TP,3.8146,194.5437,1.0
2025-11-07 02:34:00+00:00,2025-11-07 03:00:00+00:00,long,101508.82,101960.07,TP,3.8909,198.4346,1.0
2025-11-07 04:16:00+00:00,2025-11-07 05:04:00+00:00,long,101753.08,102199.98,TP,3.9687,202.4033,1.0
2025-11-07 05:51:00+00:00,2025-11-07 06:30:00+00:00,long,102424.81,102149.23,SL,-3.036,199.3672,1.5
2025-11-07 06:51:00+00:00,2025-11-07 08:45:00+00:00,short,101982.37,101561.32,TP,3.9873,203.3546,1.0
2025-11-07 09:01:00+00:00,2025-11-07 09:34:00+00:00,short,101390.16,100943.0,TP,6.1006,209.4552,1.5
2025-11-07 09:39:00+00:00,2025-11-07 10:02:00+00:00,short,100898.17,101180.24,SL,-3.1418,206.3134,1.5
2025-11-07 10:11:00+00:00,2025-11-07 10:52:00+00:00,short,100977.96,100566.37,TP,6.1894,212.5028,1.5
2025-11-07 11:03:00+00:00,2025-11-07 11:14:00+00:00,short,100604.53,100103.38,TP,6.3751,218.8778,1.5
2025-11-07 12:02:00+00:00,2025-11-07 12:05:00+00:00,short,100403.0,100617.51,SL,-3.2832,215.5947,1.5
2025-11-07 12:09:00+00:00,2025-11-07 12:24:00+00:00,short,100440.01,99979.98,TP,6.4678,222.0625,1.5
2025-11-07 12:46:00+00:00,2025-11-07 13:05:00+00:00,short,99502.28,99733.97,SL,-3.3309,218.7316,1.5
2025-11-07 13:28:00+00:00,2025-11-07 13:48:00+00:00,short,100175.0,100473.16,SL,-3.281,215.4506,1.5
2025-11-07 14:11:00+00:00,2025-11-07 14:20:00+00:00,long,100369.25,100093.68,SL,-3.2318,212.2188,1.5
2025-11-07 14:27:00+00:00,2025-11-07 14:33:00+00:00,long,100298.23,100041.13,SL,-3.1833,209.0356,1.5
2025-11-07 15:10:00+00:00,2025-11-07 15:18:00+00:00,long,101125.62,100866.09,SL,-3.1355,205.9,1.5
2025-11-07 15:29:00+00:00,2025-11-07 15:33:00+00:00,long,101020.01,100729.32,SL,-3.0885,202.8115,1.5
2025-11-07 15:47:00+00:00,2025-11-07 16:12:00+00:00,long,100819.16,100575.1,SL,-3.0422,199.7694,1.5
2025-11-07 16:19:00+00:00,2025-11-07 16:22:00+00:00,long,100806.82,101217.1,TP,3.9954,203.7647,1.0
2025-11-07 16:52:00+00:00,2025-11-07 16:55:00+00:00,long,101450.42,101093.8,SL,-3.0565,200.7083,1.5
2025-11-07 17:10:00+00:00,2025-11-07 17:14:00+00:00,long,101192.61,101631.76,TP,6.0212,206.7295,1.5
2025-11-07 17:56:00+00:00,2025-11-07 18:08:00+00:00,long,102347.58,102760.0,TP,6.2019,212.9314,1.5
2025-11-07 18:54:00+00:00,2025-11-07 19:38:00+00:00,long,102650.54,103080.65,TP,6.3879,219.3194,1.5
2025-11-07 19:59:00+00:00,2025-11-07 20:06:00+00:00,long,103395.25,103082.99,SL,-3.2898,216.0296,1.5
2025-11-07 20:14:00+00:00,2025-11-07 20:23:00+00:00,long,103342.37,103129.01,SL,-3.2404,212.7891,1.5
2025-11-07 20:30:00+00:00,2025-11-07 20:42:00+00:00,long,103312.02,103743.04,TP,6.3837,219.1728,1.5
2025-11-07 21:16:00+00:00,2025-11-07 22:06:00+00:00,long,103514.87,103938.6,TP,6.5752,225.748,1.5
2025-11-07 22:23:00+00:00,2025-11-07 22:33:00+00:00,long,104002.89,103722.15,SL,-3.3862,222.3618,1.5
2025-11-07 22:47:00+00:00,2025-11-07 23:02:00+00:00,long,103800.43,103529.31,SL,-3.3354,219.0263,1.5
2025-11-07 23:06:00+00:00,2025-11-07 23:18:00+00:00,long,103759.35,103462.9,SL,-3.2854,215.7409,1.5
2025-11-07 23:31:00+00:00,2025-11-07 23:59:00+00:00,long,103550.0,103339.08,SL,-3.2361,212.5048,1.5
2025-11-08 00:25:00+00:00,2025-11-08 00:38:00+00:00,short,103183.53,102612.15,TP,6.3751,218.88,1.5
2025-11-08 00:54:00+00:00,2025-11-08 01:05:00+00:00,short,102790.96,103079.78,SL,-3.2832,215.5968,1.5
2025-11-08 01:23:00+00:00,2025-11-08 01:40:00+00:00,short,102967.89,103220.01,SL,-3.234,212.3628,1.5
2025-11-08 01:46:00+00:00,2025-11-08 02:22:00+00:00,short,103062.9,103303.99,SL,-3.1854,209.1774,1.5
2025-11-08 02:39:00+00:00,2025-11-08 02:45:00+00:00,long,103325.89,103101.91,SL,-3.1377,206.0397,1.5
2025-11-08 03:55:00+00:00,2025-11-08 04:47:00+00:00,short,102600.01,102805.63,SL,-3.0906,202.9491,1.5
2025-11-08 04:53:00+00:00,2025-11-08 06:02:00+00:00,short,102640.95,102224.0,TP,6.0885,209.0376,1.5
2025-11-08 06:14:00+00:00,2025-11-08 06:17:00+00:00,short,102112.98,102373.47,SL,-3.1356,205.902,1.5
2025-11-08 06:44:00+00:00,2025-11-08 07:23:00+00:00,short,102402.41,101954.14,TP,6.1771,212.0791,1.5
2025-11-08 08:00:00+00:00,2025-11-08 08:36:00+00:00,short,102330.28,102549.2,SL,-3.1812,208.8979,1.5
2025-11-08 10:09:00+00:00,2025-11-08 10:28:00+00:00,short,102310.13,102520.02,SL,-3.1335,205.7644,1.5
2025-11-08 10:47:00+00:00,2025-11-08 11:33:00+00:00,long,102575.34,102366.47,SL,-3.0865,202.678,1.5
2025-11-08 11:54:00+00:00,2025-11-08 12:06:00+00:00,short,101803.2,102033.73,SL,-3.0402,199.6378,1.5
2025-11-08 12:14:00+00:00,2025-11-08 12:25:00+00:00,short,101752.08,101963.9,SL,-1.9964,197.6414,1.0
2025-11-08 12:43:00+00:00,2025-11-08 14:15:00+00:00,short,102009.53,101576.25,TP,3.9528,201.5942,1.0
2025-11-08 14:46:00+00:00,2025-11-08 18:39:00+00:00,short,101900.01,102128.03,SL,-3.0239,198.5703,1.5
2025-11-08 18:49:00+00:00,2025-11-08 19:19:00+00:00,long,102077.02,101779.76,SL,-1.9857,196.5846,1.0
2025-11-08 19:59:00+00:00,2025-11-08 22:52:00+00:00,long,101989.65,102421.13,TP,3.9317,200.5163,1.0
2025-11-08 23:20:00+00:00,2025-11-09 00:12:00+00:00,long,102426.14,102124.14,SL,-3.0077,197.5086,1.5
2025-11-09 00:51:00+00:00,2025-11-09 01:45:00+00:00,short,101872.5,102082.57,SL,-1.9751,195.5335,1.0
2025-11-09 02:31:00+00:00,2025-11-09 04:20:00+00:00,short,101849.64,102099.99,SL,-1.9553,193.5782,1.0
2025-11-09 05:49:00+00:00,2025-11-09 09:53:00+00:00,long,101897.07,101662.65,SL,-1.9358,191.6424,1.0
2025-11-09 10:34:00+00:00,2025-11-09 10:47:00+00:00,short,101615.93,101840.0,SL,-1.9164,189.7259,1.0
2025-11-09 11:00:00+00:00,2025-11-09 12:18:00+00:00,long,101939.97,102366.28,TP,3.7945,193.5205,1.0
2025-11-09 12:46:00+00:00,2025-11-09 13:32:00+00:00,long,102192.29,102604.2,TP,3.8704,197.3909,1.0
2025-11-09 13:47:00+00:00,2025-11-09 14:18:00+00:00,long,102813.22,103235.69,TP,3.9478,201.3387,1.0
2025-11-09 15:04:00+00:00,2025-11-09 15:34:00+00:00,long,103265.22,103680.06,TP,6.0402,207.3789,1.5
2025-11-09 15:52:00+00:00,2025-11-09 15:57:00+00:00,long,103953.75,103712.13,SL,-3.1107,204.2682,1.5
2025-11-09 16:22:00+00:00,2025-11-09 17:00:00+00:00,long,103469.9,103900.92,TP,6.128,210.3962,1.5
2025-11-09 17:28:00+00:00,2025-11-09 18:48:00+00:00,long,103537.58,103999.99,TP,6.3119,216.7081,1.5
2025-11-09 19:25:00+00:00,2025-11-09 20:00:00+00:00,long,104399.75,104871.2,TP,6.5012,223.2093,1.5
2025-11-09 20:01:00+00:00,2025-11-09 20:07:00+00:00,long,104923.38,104657.95,SL,-3.3481,219.8612,1.5
2025-11-09 20:24:00+00:00,2025-11-09 21:56:00+00:00,long,104588.25,104377.44,SL,-3.2979,216.5633,1.5
2025-11-09 22:14:00+00:00,2025-11-09 22:37:00+00:00,long,104469.52,104152.95,SL,-3.2484,213.3148,1.5
2025-11-09 23:50:00+00:00,2025-11-10 00:03:00+00:00,long,104633.06,104379.99,SL,-3.1997,210.1151,1.5
2025-11-10 00:09:00+00:00,2025-11-10 00:19:00+00:00,long,104710.51,105267.85,TP,6.3035,216.4186,1.5
2025-11-10 00:36:00+00:00,2025-11-10 00:50:00+00:00,long,105860.4,106323.78,TP,6.4926,222.9111,1.5
2025-11-10 01:45:00+00:00,2025-11-10 02:02:00+00:00,long,105809.93,105570.0,SL,-3.3437,219.5675,1.5
2025-11-10 02:08:00+00:00,2025-11-10 03:02:00+00:00,long,105735.64,106199.0,TP,6.587,226.1545,1.5
2025-11-10 03:31:00+00:00,2025-11-10 05:16:00+00:00,long,105993.8,106420.61,TP,6.7846,232.9391,1.5
2025-11-10 05:44:00+00:00,2025-11-10 08:39:00+00:00,long,106155.99,105908.94,SL,-3.4941,229.445,1.5
2025-11-10 09:14:00+00:00,2025-11-10 09:19:00+00:00,short,105950.57,106175.33,SL,-3.4417,226.0034,1.5
2025-11-10 10:17:00+00:00,2025-11-10 10:32:00+00:00,long,106363.05,106113.01,SL,-3.3901,222.6133,1.5
2025-11-10 10:56:00+00:00,2025-11-10 11:26:00+00:00,short,105968.71,106206.77,SL,-3.3392,219.2741,1.5
2025-11-10 11:36:00+00:00,2025-11-10 13:06:00+00:00,short,106157.92,106379.12,SL,-3.2891,215.985,1.5
2025-11-10 13:29:00+00:00,2025-11-10 14:31:00+00:00,long,106303.78,105960.44,SL,-3.2398,212.7452,1.5
2025-11-10 15:37:00+00:00,2025-11-10 15:51:00+00:00,short,105329.56,104875.28,TP,6.3824,219.1276,1.5
2025-11-10 16:21:00+00:00,2025-11-10 16:31:00+00:00,short,105051.75,105288.7,SL,-3.2869,215.8407,1.5
2025-11-10 16:35:00+00:00,2025-11-10 17:04:00+00:00,short,105090.46,105338.0,SL,-3.2376,212.6031,1.5
2025-11-10 17:12:00+00:00,2025-11-10 17:38:00+00:00,short,105353.4,105667.07,SL,-3.189,209.414,1.5
2025-11-10 18:00:00+00:00,2025-11-10 18:08:00+00:00,long,106000.0,105786.96,SL,-3.1412,206.2728,1.5
2025-11-10 18:21:00+00:00,2025-11-10 18:55:00+00:00,long,105880.86,105627.73,SL,-3.0941,203.1787,1.5
2025-11-10 19:06:00+00:00,2025-11-10 20:13:00+00:00,long,105673.13,106188.03,TP,6.0954,209.2741,1.5
2025-11-10 20:36:00+00:00,2025-11-10 20:50:00+00:00,long,106229.75,106012.16,SL,-3.1391,206.135,1.5
2025-11-10 21:41:00+00:00,2025-11-10 22:06:00+00:00,short,105503.58,105810.94,SL,-3.092,203.0429,1.5
2025-11-10 22:11:00+00:00,2025-11-10 22:37:00+00:00,short,105508.32,105764.62,SL,-3.0456,199.9973,1.5
2025-11-10 22:43:00+00:00,2025-11-10 22:48:00+00:00,short,105672.86,105901.68,SL,-2.0,197.9973,1.0
2025-11-10 23:11:00+00:00,2025-11-10 23:53:00+00:00,long,106176.23,105914.58,SL,-1.98,196.0173,1.0
2025-11-11 00:05:00+00:00,2025-11-11 00:11:00+00:00,long,106074.41,105797.21,SL,-1.9602,194.0572,1.0
2025-11-11 00:47:00+00:00,2025-11-11 00:50:00+00:00,short,105578.0,105825.87,SL,-1.9406,192.1166,1.0
2025-11-11 01:14:00+00:00,2025-11-11 01:18:00+00:00,long,106249.98,106917.89,TP,3.8423,195.9589,1.0
2025-11-11 01:47:00+00:00,2025-11-11 01:54:00+00:00,long,106636.96,106388.09,SL,-1.9596,193.9993,1.0
2025-11-11 03:05:00+00:00,2025-11-11 03:42:00+00:00,long,106754.03,106474.04,SL,-1.94,192.0593,1.0
2025-11-11 03:50:00+00:00,2025-11-11 04:11:00+00:00,long,106518.0,106218.04,SL,-1.9206,190.1388,1.0
2025-11-11 04:25:00+00:00,2025-11-11 05:03:00+00:00,short,106064.0,105615.49,TP,3.8028,193.9415,1.0
2025-11-11 05:04:00+00:00,2025-11-11 06:07:00+00:00,short,105553.17,105044.13,TP,3.8788,197.8204,1.0
2025-11-11 06:29:00+00:00,2025-11-11 06:58:00+00:00,short,105042.68,105269.17,SL,-1.9782,195.8422,1.0
2025-11-11 07:08:00+00:00,2025-11-11 09:08:00+00:00,short,105110.81,105331.47,SL,-1.9584,193.8837,1.0
2025-11-11 09:22:00+00:00,2025-11-11 09:44:00+00:00,long,105330.29,105082.4,SL,-1.9388,191.9449,1.0
2025-11-11 10:21:00+00:00,2025-11-11 11:04:00+00:00,short,105084.06,105369.68,SL,-1.9194,190.0254,1.0
2025-11-11 11:35:00+00:00,2025-11-11 11:50:00+00:00,long,105392.37,105155.46,SL,-1.9003,188.1252,1.0
2025-11-11 12:02:00+00:00,2025-11-11 12:16:00+00:00,long,105302.56,105079.96,SL,-1.8813,186.2439,1.0
2025-11-11 12:36:00+00:00,2025-11-11 12:49:00+00:00,short,104863.29,104426.12,TP,3.7249,189.9688,1.0
2025-11-11 13:17:00+00:00,2025-11-11 14:48:00+00:00,short,104484.37,104031.64,TP,3.7994,193.7682,1.0
2025-11-11 15:06:00+00:00,2025-11-11 15:08:00+00:00,short,104055.14,104265.61,SL,-1.9377,191.8305,1.0
2025-11-11 15:26:00+00:00,2025-11-11 15:32:00+00:00,short,104032.24,103575.78,TP,3.8366,195.6671,1.0
2025-11-11 15:47:00+00:00,2025-11-11 15:54:00+00:00,short,103250.07,103475.16,SL,-1.9567,193.7105,1.0
2025-11-11 16:08:00+00:00,2025-11-11 16:11:00+00:00,short,103243.49,103540.3,SL,-1.9371,191.7733,1.0
2025-11-11 16:27:00+00:00,2025-11-11 17:40:00+00:00,short,103484.26,102903.21,TP,3.8355,195.6088,1.0
2025-11-11 18:08:00+00:00,2025-11-11 18:49:00+00:00,short,103211.36,103523.17,SL,-1.9561,193.6527,1.0
2025-11-11 19:00:00+00:00,2025-11-11 19:30:00+00:00,short,103209.09,103428.46,SL,-1.9365,191.7162,1.0
2025-11-11 19:35:00+00:00,2025-11-11 20:31:00+00:00,short,103259.12,102810.78,TP,3.8343,195.5505,1.0
2025-11-11 21:02:00+00:00,2025-11-11 21:09:00+00:00,short,102701.74,102915.71,SL,-1.9555,193.595,1.0
2025-11-11 21:22:00+00:00,2025-11-11 21:49:00+00:00,short,102918.69,102492.33,TP,3.8719,197.4669,1.0
2025-11-11 22:02:00+00:00,2025-11-11 22:11:00+00:00,short,102533.75,102813.53,SL,-1.9747,195.4922,1.0
2025-11-11 22:31:00+00:00,2025-11-11 22:51:00+00:00,short,102867.41,103103.75,SL,-1.9549,193.5373,1.0
2025-11-11 22:53:00+00:00,2025-11-11 23:02:00+00:00,long,103110.07,102831.4,SL,-1.9354,191.602,1.0
2025-11-11 23:12:00+00:00,2025-11-12 02:17:00+00:00,long,102960.84,103398.12,TP,3.832,195.434,1.0
2025-11-12 03:49:00+00:00,2025-11-12 04:30:00+00:00,long,103413.09,103200.01,SL,-1.9543,193.4797,1.0
2025-11-12 05:18:00+00:00,2025-11-12 07:56:00+00:00,long,103367.0,103158.59,SL,-1.9348,191.5449,1.0
2025-11-12 09:05:00+00:00,2025-11-12 09:11:00+00:00,long,104290.58,104862.49,TP,3.8309,195.3758,1.0
2025-11-12 09:56:00+00:00,2025-11-12 10:35:00+00:00,long,104542.37,104992.6,TP,3.9075,199.2833,1.0
2025-11-12 11:01:00+00:00,2025-11-12 13:19:00+00:00,long,104936.47,104690.6,SL,-1.9928,197.2904,1.0
2025-11-12 14:11:00+00:00,2025-11-12 14:35:00+00:00,long,104911.64,104694.77,SL,-1.9729,195.3175,1.0
2025-11-12 14:47:00+00:00,2025-11-12 15:14:00+00:00,short,104278.74,103732.0,TP,3.9064,199.2239,1.0
2025-11-12 15:36:00+00:00,2025-11-12 15:42:00+00:00,short,103125.02,102692.46,TP,3.9845,203.2084,1.0
2025-11-12 15:52:00+00:00,2025-11-12 16:08:00+00:00,short,102267.63,101833.49,TP,6.0963,209.3046,1.5
2025-11-12 16:11:00+00:00,2025-11-12 16:16:00+00:00,short,101459.38,101745.72,SL,-3.1396,206.165,1.5
2025-11-12 16:41:00+00:00,2025-11-12 17:39:00+00:00,short,101765.52,102122.34,SL,-3.0925,203.0726,1.5
2025-11-12 17:46:00+00:00,2025-11-12 19:06:00+00:00,short,101756.0,101319.63,TP,6.0922,209.1647,1.5
2025-11-12 19:28:00+00:00,2025-11-12 19:30:00+00:00,short,100899.99,101116.75,SL,-3.1375,206.0273,1.5
2025-11-12 19:31:00+00:00,2025-11-12 19:40:00+00:00,short,101005.19,101219.99,SL,-3.0904,202.9369,1.5
2025-11-12 19:58:00+00:00,2025-11-12 20:11:00+00:00,short,101280.0,101521.98,SL,-3.0441,199.8928,1.5
2025-11-12 21:33:00+00:00,2025-11-12 22:13:00+00:00,long,101819.47,101610.74,SL,-1.9989,197.8939,1.0
2025-11-12 23:15:00+00:00,2025-11-12 23:44:00+00:00,long,101815.54,101562.24,SL,-1.9789,195.9149,1.0
2025-11-13 00:20:00+00:00,2025-11-13 00:37:00+00:00,short,101708.51,101937.23,SL,-1.9591,193.9558,1.0
2025-11-13 00:53:00+00:00,2025-11-13 01:11:00+00:00,long,101919.28,102406.96,TP,3.8791,197.8349,1.0
2025-11-13 01:35:00+00:00,2025-11-13 01:53:00+00:00,long,102265.2,102011.29,SL,-1.9783,195.8566,1.0
2025-11-13 02:04:00+00:00,2025-11-13 03:09:00+00:00,long,102117.06,101843.83,SL,-1.9586,193.898,1.0
2025-11-13 05:05:00+00:00,2025-11-13 05:28:00+00:00,short,101977.09,102195.06,SL,-1.939,191.959,1.0
2025-11-13 06:20:00+00:00,2025-11-13 07:02:00+00:00,long,103325.0,103750.53,TP,3.8392,195.7982,1.0
2025-11-13 07:23:00+00:00,2025-11-13 07:36:00+00:00,long,103893.48,103679.27,SL,-1.958,193.8402,1.0
2025-11-13 07:59:00+00:00,2025-11-13 09:07:00+00:00,long,103475.66,103144.24,SL,-1.9384,191.9018,1.0
2025-11-13 09:47:00+00:00,2025-11-13 10:19:00+00:00,short,102935.46,103175.08,SL,-1.919,189.9828,1.0
2025-11-13 10:29:00+00:00,2025-11-13 13:28:00+00:00,short,103073.55,102570.25,TP,3.7997,193.7825,1.0
2025-11-13 13:56:00+00:00,2025-11-13 14:05:00+00:00,short,102285.21,102499.99,SL,-1.9378,191.8446,1.0
2025-11-13 14:13:00+00:00,2025-11-13 14:20:00+00:00,short,102238.05,102444.51,SL,-1.9184,189.9262,1.0
2025-11-13 14:35:00+00:00,2025-11-13 14:40:00+00:00,short,102152.42,102410.89,SL,-1.8993,188.0269,1.0
2025-11-13 15:02:00+00:00,2025-11-13 15:12:00+00:00,short,102474.01,102703.43,SL,-1.8803,186.1466,1.0
2025-11-13 15:14:00+00:00,2025-11-13 15:18:00+00:00,long,102845.7,102579.28,SL,-1.8615,184.2852,1.0
2025-11-13 16:18:00+00:00,2025-11-13 16:34:00+00:00,short,100936.47,101348.27,SL,-1.8429,182.4423,1.0
2025-11-13 16:42:00+00:00,2025-11-13 17:00:00+00:00,short,100982.94,100554.25,TP,3.6488,186.0912,1.0
2025-11-13 17:10:00+00:00,2025-11-13 17:15:00+00:00,short,100515.54,100725.29,SL,-1.8609,184.2303,1.0
2025-11-13 17:21:00+00:00,2025-11-13 17:41:00+00:00,short,100400.01,99889.18,TP,3.6846,187.9149,1.0
2025-11-13 17:51:00+00:00,2025-11-13 18:08:00+00:00,short,99884.15,99474.58,TP,3.7583,191.6732,1.0
2025-11-13 18:25:00+00:00,2025-11-13 18:29:00+00:00,short,98896.13,99100.17,SL,-1.9167,189.7564,1.0
2025-11-13 18:33:00+00:00,2025-11-13 18:38:00+00:00,short,98711.44,98269.06,TP,3.7951,193.5516,1.0
2025-11-13 19:17:00+00:00,2025-11-13 19:22:00+00:00,short,98498.97,98798.7,SL,-1.9355,191.616,1.0
2025-11-13 19:33:00+00:00,2025-11-13 19:55:00+00:00,short,98811.36,98398.41,TP,3.8323,195.4484,1.0
2025-11-13 20:10:00+00:00,2025-11-13 20:11:00+00:00,short,98300.29,98504.0,SL,-1.9545,193.4939,1.0
2025-11-13 20:12:00+00:00,2025-11-13 20:27:00+00:00,short,98338.77,98539.21,SL,-1.9349,191.5589,1.0
2025-11-13 20:44:00+00:00,2025-11-13 20:58:00+00:00,short,98555.87,98138.49,TP,3.8312,195.3901,1.0
2025-11-13 21:17:00+00:00,2025-11-13 21:30:00+00:00,short,98358.04,98612.22,SL,-1.9539,193.4362,1.0
2025-11-13 21:57:00+00:00,2025-11-13 22:08:00+00:00,short,98809.03,99013.72,SL,-1.9344,191.5019,1.0
2025-11-13 22:24:00+00:00,2025-11-13 22:42:00+00:00,long,99466.5,99905.89,TP,3.83,195.3319,1.0
2025-11-13 23:09:00+00:00,2025-11-13 23:19:00+00:00,long,99920.74,100372.0,TP,3.9066,199.2385,1.0
2025-11-13 23:37:00+00:00,2025-11-13 23:47:00+00:00,long,100487.11,100203.58,SL,-1.9924,197.2462,1.0
2025-11-14 00:15:00+00:00,2025-11-14 00:18:00+00:00,short,98933.33,99271.72,SL,-1.9725,195.2737,1.0
2025-11-14 00:38:00+00:00,2025-11-14 00:52:00+00:00,short,99247.77,98847.98,TP,3.9055,199.1792,1.0
2025-11-14 01:39:00+00:00,2025-11-14 02:03:00+00:00,short,99275.03,99500.0,SL,-1.9918,197.1874,1.0
2025-11-14 02:12:00+00:00,2025-11-14 03:06:00+00:00,long,99540.96,99340.01,SL,-1.9719,195.2155,1.0
2025-11-14 03:38:00+00:00,2025-11-14 04:31:00+00:00,short,99110.08,98618.17,TP,3.9043,199.1198,1.0
2025-11-14 05:10:00+00:00,2025-11-14 05:33:00+00:00,short,97630.71,97237.92,TP,3.9824,203.1022,1.0
2025-11-14 05:39:00+00:00,2025-11-14 05:40:00+00:00,short,97147.5,97389.9,SL,-3.0465,200.0557,1.5
2025-11-14 06:02:00+00:00,2025-11-14 06:18:00+00:00,short,97359.01,96952.82,TP,6.0017,206.0573,1.5
2025-11-14 06:44:00+00:00,2025-11-14 06:47:00+00:00,short,96769.2,96323.61,TP,6.1817,212.2391,1.5
2025-11-14 07:08:00+00:00,2025-11-14 07:13:00+00:00,short,96992.01,97421.06,SL,-3.1836,209.0555,1.5
2025-11-14 07:32:00+00:00,2025-11-14 07:36:00+00:00,short,97447.97,97053.42,TP,6.2717,215.3271,1.5
2025-11-14 07:46:00+00:00,2025-11-14 07:53:00+00:00,long,97517.18,97211.74,SL,-3.2299,212.0972,1.5
2025-11-14 07:55:00+00:00,2025-11-14 09:00:00+00:00,short,97239.39,97448.92,SL,-3.1815,208.9158,1.5
2025-11-14 09:27:00+00:00,2025-11-14 10:57:00+00:00,short,97119.08,96718.51,TP,6.2675,215.1832,1.5
2025-11-14 11:08:00+00:00,2025-11-14 11:32:00+00:00,short,96728.82,96249.47,TP,6.4555,221.6387,1.5
2025-11-14 11:53:00+00:00,2025-11-14 11:57:00+00:00,short,95832.4,96122.04,SL,-3.3246,218.3142,1.5
2025-11-14 12:12:00+00:00,2025-11-14 12:27:00+00:00,short,95604.11,95840.23,SL,-3.2747,215.0395,1.5
2025-11-14 12:33:00+00:00,2025-11-14 12:39:00+00:00,short,95427.91,95013.78,TP,6.4512,221.4906,1.5
2025-11-14 13:09:00+00:00,2025-11-14 13:23:00+00:00,short,95228.0,94841.79,TP,6.6447,228.1354,1.5
2025-11-14 13:35:00+00:00,2025-11-14 13:51:00+00:00,short,94798.58,95263.44,SL,-3.422,224.7133,1.5
2025-11-14 14:12:00+00:00,2025-11-14 14:18:00+00:00,short,95445.86,95673.5,SL,-3.3707,221.3426,1.5
2025-11-14 14:35:00+00:00,2025-11-14 14:38:00+00:00,long,95940.0,96443.01,TP,6.6403,227.9829,1.5
2025-11-14 14:53:00+00:00,2025-11-14 14:55:00+00:00,long,96664.43,96399.05,SL,-3.4197,224.5632,1.5
2025-11-14 15:22:00+00:00,2025-11-14 15:25:00+00:00,long,96327.92,95962.61,SL,-3.3684,221.1947,1.5
2025-11-14 15:27:00+00:00,2025-11-14 15:46:00+00:00,long,96555.0,97032.18,TP,6.6358,227.8306,1.5
2025-11-14 16:15:00+00:00,2025-11-14 16:18:00+00:00,long,96582.55,96353.39,SL,-3.4175,224.4131,1.5
2025-11-14 16:23:00+00:00,2025-11-14 16:28:00+00:00,long,96641.21,97091.62,TP,6.7324,231.1455,1.5
2025-11-14 17:17:00+00:00,2025-11-14 17:20:00+00:00,long,97118.58,96912.85,SL,-3.4672,227.6783,1.5
2025-11-14 18:00:00+00:00,2025-11-14 18:02:00+00:00,short,95620.0,95874.0,SL,-3.4152,224.2631,1.5
2025-11-14 18:22:00+00:00,2025-11-14 18:30:00+00:00,short,95867.03,96151.19,SL,-3.3639,220.8992,1.5
2025-11-14 18:36:00+00:00,2025-11-14 18:42:00+00:00,short,95793.85,95323.95,TP,6.627,227.5262,1.5
2025-11-14 18:59:00+00:00,2025-11-14 19:12:00+00:00,short,95075.53,95335.95,SL,-3.4129,224.1133,1.5
2025-11-14 19:31:00+00:00,2025-11-14 19:52:00+00:00,short,95587.67,95816.12,SL,-3.3617,220.7516,1.5
2025-11-14 20:08:00+00:00,2025-11-14 20:21:00+00:00,short,95665.68,95219.09,TP,6.6225,227.3741,1.5
2025-11-14 20:38:00+00:00,2025-11-14 20:40:00+00:00,short,94780.99,94400.0,TP,6.8212,234.1953,1.5
2025-11-14 21:25:00+00:00,2025-11-14 22:03:00+00:00,short,94985.75,95253.9,SL,-3.5129,230.6824,1.5
2025-11-14 22:11:00+00:00,2025-11-14 22:14:00+00:00,short,95169.45,94737.6,TP,6.9205,237.6029,1.5
2025-11-14 22:43:00+00:00,2025-11-14 22:49:00+00:00,long,95472.97,95166.01,SL,-3.564,234.0388,1.5
2025-11-14 23:23:00+00:00,2025-11-14 23:31:00+00:00,short,94224.97,94415.4,SL,-3.5106,230.5283,1.5
2025-11-14 23:54:00+00:00,2025-11-15 00:00:00+00:00,short,94622.0,94828.0,SL,-3.4579,227.0703,1.5
2025-11-15 00:24:00+00:00,2025-11-15 00:32:00+00:00,long,95394.8,95093.71,SL,-3.4061,223.6643,1.5
2025-11-15 00:55:00+00:00,2025-11-15 01:02:00+00:00,long,95112.84,94874.6,SL,-3.355,220.3093,1.5
2025-11-15 01:04:00+00:00,2025-11-15 01:13:00+00:00,short,94842.13,95124.28,SL,-3.3046,217.0047,1.5
2025-11-15 01:32:00+00:00,2025-11-15 01:55:00+00:00,long,95248.12,95778.71,TP,6.5101,223.5148,1.5
2025-11-15 02:17:00+00:00,2025-11-15 02:44:00+00:00,long,95685.99,96133.99,TP,6.7054,230.2203,1.5
2025-11-15 02:53:00+00:00,2025-11-15 03:20:00+00:00,long,96170.01,96559.99,TP,6.9066,237.1269,1.5
2025-11-15 03:50:00+00:00,2025-11-15 04:28:00+00:00,long,96281.55,96073.48,SL,-3.5569,233.57,1.5
2025-11-15 04:47:00+00:00,2025-11-15 05:55:00+00:00,long,96005.65,96414.46,TP,7.0071,240.5771,1.5
2025-11-15 06:09:00+00:00,2025-11-15 06:43:00+00:00,long,96405.02,96191.32,SL,-3.6087,236.9684,1.5
2025-11-15 06:53:00+00:00,2025-11-15 07:00:00+00:00,long,96267.35,96058.4,SL,-3.5545,233.4139,1.5
2025-11-15 07:36:00+00:00,2025-11-15 08:53:00+00:00,short,96168.22,95704.47,TP,7.0024,240.4163,1.5
2025-11-15 09:02:00+00:00,2025-11-15 09:10:00+00:00,short,95689.4,95942.27,SL,-3.6062,236.8101,1.5
2025-11-15 09:28:00+00:00,2025-11-15 13:21:00+00:00,short,95953.22,96172.49,SL,-3.5522,233.2579,1.5
2025-11-15 13:37:00+00:00,2025-11-15 16:06:00+00:00,long,96175.94,95848.0,SL,-3.4989,229.759,1.5
2025-11-15 17:00:00+00:00,2025-11-15 17:08:00+00:00,long,96197.12,95928.6,SL,-3.4464,226.3126,1.5
2025-11-15 17:30:00+00:00,2025-11-15 17:46:00+00:00,short,95948.0,96166.47,SL,-3.3947,222.918,1.5
2025-11-15 18:05:00+00:00,2025-11-15 18:20:00+00:00,long,96280.01,96061.73,SL,-3.3438,219.5742,1.5
2025-11-15 18:54:00+00:00,2025-11-15 20:37:00+00:00,short,96005.36,95616.98,TP,6.5872,226.1614,1.5
2025-11-15 20:42:00+00:00,2025-11-15 20:53:00+00:00,short,95559.76,95131.75,TP,6.7848,232.9463,1.5
2025-11-15 21:23:00+00:00,2025-11-15 21:51:00+00:00,short,95523.77,95128.01,TP,6.9884,239.9346,1.5
2025-11-15 22:32:00+00:00,2025-11-16 01:00:00+00:00,short,95575.21,95132.51,TP,7.198,247.1327,1.5
2025-11-16 01:17:00+00:00,2025-11-16 01:28:00+00:00,short,95270.12,95489.99,SL,-3.707,243.4257,1.5
2025-11-16 01:32:00+00:00,2025-11-16 01:46:00+00:00,short,95267.05,94882.97,TP,7.3028,250.7285,1.5
2025-11-16 02:05:00+00:00,2025-11-16 02:09:00+00:00,short,95175.6,95390.41,SL,-3.7609,246.9675,1.5
2025-11-16 02:24:00+00:00,2025-11-16 02:28:00+00:00,short,95368.23,95724.99,SL,-3.7045,243.263,1.5
2025-11-16 02:48:00+00:00,2025-11-16 09:46:00+00:00,long,95835.47,96233.61,TP,7.2979,250.5609,1.5
2025-11-16 10:47:00+00:00,2025-11-16 11:08:00+00:00,long,96499.29,96301.31,SL,-3.7584,246.8025,1.5
2025-11-16 12:23:00+00:00,2025-11-16 12:52:00+00:00,short,95676.81,95887.86,SL,-3.702,243.1005,1.5
2025-11-16 12:56:00+00:00,2025-11-16 13:38:00+00:00,short,95689.2,95295.98,TP,7.293,250.3935,1.5
2025-11-16 14:17:00+00:00,2025-11-16 14:37:00+00:00,short,95352.3,95543.13,SL,-3.7559,246.6376,1.5
2025-11-16 14:51:00+00:00,2025-11-16 15:53:00+00:00,short,95574.28,94875.74,TP,7.3991,254.0367,1.5
2025-11-16 16:14:00+00:00,2025-11-16 17:43:00+00:00,short,94415.07,94035.78,TP,7.6211,261.6578,1.5
2025-11-16 17:55:00+00:00,2025-11-16 17:59:00+00:00,short,94002.69,94357.67,SL,-3.9249,257.7329,1.5
2025-11-16 19:21:00+00:00,2025-11-16 20:26:00+00:00,short,94327.23,94557.24,SL,-3.866,253.8669,1.5
2025-11-16 21:43:00+00:00,2025-11-16 21:45:00+00:00,short,93399.04,93612.66,SL,-3.808,250.0589,1.5
2025-11-16 22:01:00+00:00,2025-11-16 22:19:00+00:00,short,93322.97,93529.36,SL,-3.7509,246.3081,1.5
2025-11-16 22:40:00+00:00,2025-11-16 22:48:00+00:00,short,93676.09,93899.94,SL,-3.6946,242.6134,1.5
2025-11-16 22:49:00+00:00,2025-11-16 23:00:00+00:00,long,94180.45,93988.67,SL,-3.6392,238.9742,1.5
2025-11-16 23:12:00+00:00,2025-11-16 23:24:00+00:00,long,93886.87,94361.37,TP,7.1692,246.1435,1.5
2025-11-16 23:54:00+00:00,2025-11-16 23:55:00+00:00,long,94514.75,94298.01,SL,-3.6922,242.4513,1.5
2025-11-17 00:09:00+00:00,2025-11-17 00:14:00+00:00,long,94426.5,94228.23,SL,-3.6368,238.8145,1.5
2025-11-17 00:25:00+00:00,2025-11-17 00:28:00+00:00,long,94294.43,94685.03,TP,7.1644,245.979,1.5
2025-11-17 00:53:00+00:00,2025-11-17 01:19:00+00:00,long,95143.99,94937.9,SL,-3.6897,242.2893,1.5
2025-11-17 01:27:00+00:00,2025-11-17 01:43:00+00:00,long,95138.22,94910.27,SL,-3.6343,238.6549,1.5
2025-11-17 02:03:00+00:00,2025-11-17 02:11:00+00:00,long,94899.98,95283.25,TP,7.1596,245.8146,1.5
2025-11-17 02:55:00+00:00,2025-11-17 03:14:00+00:00,long,94959.66,95354.47,TP,7.3744,253.189,1.5
2025-11-17 03:23:00+00:00,2025-11-17 03:36:00+00:00,long,95509.62,95313.28,SL,-3.7978,249.3912,1.5
2025-11-17 03:51:00+00:00,2025-11-17 04:12:00+00:00,long,95451.99,95255.91,SL,-3.7409,245.6503,1.5
2025-11-17 04:25:00+00:00,2025-11-17 05:09:00+00:00,long,95188.29,94997.91,SL,-3.6848,241.9656,1.5
2025-11-17 05:38:00+00:00,2025-11-17 06:53:00+00:00,short,95051.39,95263.04,SL,-3.6295,238.3361,1.5
2025-11-17 07:07:00+00:00,2025-11-17 07:46:00+00:00,long,95435.68,95836.27,TP,7.1501,245.4862,1.5
2025-11-17 08:16:00+00:00,2025-11-17 08:44:00+00:00,long,95838.5,95623.12,SL,-3.6823,241.8039,1.5
2025-11-17 08:56:00+00:00,2025-11-17 09:02:00+00:00,long,95633.41,95366.01,SL,-3.6271,238.1768,1.5
2025-11-17 09:11:00+00:00,2025-11-17 12:12:00+00:00,long,95542.06,95345.33,SL,-3.5727,234.6042,1.5
2025-11-17 12:36:00+00:00,2025-11-17 13:12:00+00:00,short,95354.15,94924.87,TP,7.0381,241.6423,1.5
2025-11-17 13:22:00+00:00,2025-11-17 13:31:00+00:00,short,94907.68,94412.01,TP,7.2493,248.8916,1.5
2025-11-17 13:49:00+00:00,2025-11-17 13:57:00+00:00,short,93742.55,93998.05,SL,-3.7334,245.1582,1.5
2025-11-17 14:25:00+00:00,2025-11-17 14:32:00+00:00,short,94153.99,94600.21,SL,-3.6774,241.4808,1.5
2025-11-17 15:37:00+00:00,2025-11-17 15:48:00+00:00,short,94164.84,94368.9,SL,-3.6222,237.8586,1.5
2025-11-17 15:56:00+00:00,2025-11-17 16:05:00+00:00,short,93959.79,93579.94,TP,7.1358,244.9944,1.5
2025-11-17 16:47:00+00:00,2025-11-17 16:50:00+00:00,short,93736.47,94046.51,SL,-3.6749,241.3194,1.5
2025-11-17 17:01:00+00:00,2025-11-17 17:15:00+00:00,short,94158.35,93742.32,TP,7.2396,248.559,1.5
2025-11-17 18:16:00+00:00,2025-11-17 18:48:00+00:00,short,92813.24,93010.01,SL,-3.7284,244.8306,1.5
2025-11-17 18:55:00+00:00,2025-11-17 19:18:00+00:00,short,92605.76,92220.53,TP,7.3449,252.1756,1.5
2025-11-17 19:24:00+00:00,2025-11-17 19:35:00+00:00,short,92180.01,92407.62,SL,-3.7826,248.3929,1.5
2025-11-17 19:38:00+00:00,2025-11-17 20:00:00+00:00,short,91990.25,91530.39,TP,7.4518,255.8447,1.5
2025-11-17 20:32:00+00:00,2025-11-17 20:36:00+00:00,short,91652.01,91959.97,SL,-3.8377,252.0071,1.5
2025-11-17 20:38:00+00:00,2025-11-17 20:47:00+00:00,short,91673.59,91917.09,SL,-3.7801,248.2269,1.5
2025-11-17 21:11:00+00:00,2025-11-17 21:19:00+00:00,short,92140.0,91769.01,TP,7.4468,255.6738,1.5
2025-11-17 21:36:00+00:00,2025-11-17 21:42:00+00:00,short,91638.98,91913.27,SL,-3.8351,251.8386,1.5
2025-11-17 21:47:00+00:00,2025-11-17 21:53:00+00:00,short,91626.7,91875.43,SL,-3.7776,248.0611,1.5
2025-11-17 22:05:00+00:00,2025-11-17 22:08:00+00:00,short,91850.0,92035.6,SL,-3.7209,244.3402,1.5
2025-11-17 22:18:00+00:00,2025-11-17 22:35:00+00:00,short,92046.76,92234.53,SL,-3.6651,240.675,1.5
2025-11-17 22:41:00+00:00,2025-11-17 23:07:00+00:00,long,92265.05,92040.2,SL,-3.6101,237.0649,1.5
2025-11-17 23:30:00+00:00,2025-11-17 23:36:00+00:00,short,91793.91,91987.51,SL,-3.556,233.5089,1.5
2025-11-18 01:08:00+00:00,2025-11-18 01:15:00+00:00,long,92124.92,91862.5,SL,-3.5026,230.0063,1.5
2025-11-18 01:41:00+00:00,2025-11-18 02:02:00+00:00,short,91826.53,91296.44,TP,6.9002,236.9065,1.5
2025-11-18 02:12:00+00:00,2025-11-18 02:16:00+00:00,short,91320.21,90933.99,TP,7.1072,244.0137,1.5
2025-11-18 02:36:00+00:00,2025-11-18 02:46:00+00:00,short,91286.22,91615.88,SL,-3.6602,240.3535,1.5
2025-11-18 02:51:00+00:00,2025-11-18 02:58:00+00:00,short,91246.15,90789.96,TP,7.2106,247.5641,1.5
2025-11-18 03:25:00+00:00,2025-11-18 03:26:00+00:00,short,90120.0,90310.0,SL,-3.7135,243.8506,1.5
2025-11-18 03:29:00+00:00,2025-11-18 03:37:00+00:00,short,90027.77,90248.4,SL,-3.6578,240.1929,1.5
2025-11-18 03:56:00+00:00,2025-11-18 04:09:00+00:00,short,90719.27,90320.07,TP,7.2058,247.3987,1.5
2025-11-18 04:46:00+00:00,2025-11-18 04:48:00+00:00,short,89804.59,90000.0,SL,-3.711,243.6877,1.5
2025-11-18 04:50:00+00:00,2025-11-18 04:56:00+00:00,short,89570.94,89940.0,SL,-3.6553,240.0324,1.5
2025-11-18 05:26:00+00:00,2025-11-18 06:35:00+00:00,short,90209.82,89818.02,TP,7.201,247.2333,1.5
2025-11-18 08:02:00+00:00,2025-11-18 08:17:00+00:00,long,90696.67,91097.15,TP,7.417,254.6503,1.5
2025-11-18 08:33:00+00:00,2025-11-18 09:26:00+00:00,long,91119.96,90904.58,SL,-3.8198,250.8306,1.5
2025-11-18 09:37:00+00:00,2025-11-18 09:57:00+00:00,long,91018.28,91407.06,TP,7.5249,258.3555,1.5
2025-11-18 10:31:00+00:00,2025-11-18 10:50:00+00:00,long,91531.33,91331.78,SL,-3.8753,254.4802,1.5
2025-11-18 10:57:00+00:00,2025-11-18 11:16:00+00:00,long,91596.1,91347.83,SL,-3.8172,250.663,1.5
2025-11-18 11:23:00+00:00,2025-11-18 11:32:00+00:00,long,91504.01,91290.28,SL,-3.7599,246.903,1.5
2025-11-18 11:36:00+00:00,2025-11-18 12:12:00+00:00,long,91470.0,91223.84,SL,-3.7035,243.1995,1.5
2025-11-18 12:17:00+00:00,2025-11-18 12:25:00+00:00,long,91485.72,91243.08,SL,-3.648,239.5515,1.5
2025-11-18 12:32:00+00:00,2025-11-18 12:41:00+00:00,long,91383.48,91817.95,TP,7.1865,246.738,1.5
2025-11-18 13:04:00+00:00,2025-11-18 13:08:00+00:00,long,91636.09,91436.63,SL,-3.7011,243.037,1.5
2025-11-18 13:13:00+00:00,2025-11-18 13:22:00+00:00,long,91526.94,91342.23,SL,-3.6456,239.3914,1.5
2025-11-18 13:40:00+00:00,2025-11-18 13:42:00+00:00,long,91411.33,91217.33,SL,-3.5909,235.8005,1.5
2025-11-18 14:18:00+00:00,2025-11-18 14:27:00+00:00,long,91386.23,91799.99,TP,7.074,242.8746,1.5
2025-11-18 15:07:00+00:00,2025-11-18 15:13:00+00:00,long,91643.49,92141.23,TP,7.2862,250.1608,1.5
2025-11-18 15:55:00+00:00,2025-11-18 16:01:00+00:00,long,92982.86,92764.05,SL,-3.7524,246.4084,1.5
2025-11-18 16:08:00+00:00,2025-11-18 16:20:00+00:00,long,93128.63,93623.55,TP,7.3923,253.8006,1.5
2025-11-18 16:57:00+00:00,2025-11-18 17:26:00+00:00,long,93493.1,93293.07,SL,-3.807,249.9936,1.5
2025-11-18 17:37:00+00:00,2025-11-18 18:04:00+00:00,long,93112.71,93524.44,TP,7.4998,257.4934,1.5
2025-11-18 18:40:00+00:00,2025-11-18 19:44:00+00:00,long,93425.23,93200.68,SL,-3.8624,253.631,1.5
2025-11-18 20:09:00+00:00,2025-11-18 20:49:00+00:00,short,93068.07,92681.66,TP,7.6089,261.24,1.5
2025-11-18 21:24:00+00:00,2025-11-18 21:54:00+00:00,short,92886.0,92463.01,TP,7.8372,269.0772,1.5
2025-11-18 22:33:00+00:00,2025-11-18 22:47:00+00:00,long,93395.71,93179.99,SL,-4.0362,265.041,1.5
2025-11-18 23:45:00+00:00,2025-11-19 00:15:00+00:00,short,92860.5,92477.58,TP,7.9512,272.9922,1.5
2025-11-19 00:58:00+00:00,2025-11-19 01:10:00+00:00,short,92516.27,92102.16,TP,8.1898,281.182,1.5
2025-11-19 01:33:00+00:00,2025-11-19 02:05:00+00:00,short,92273.16,92577.26,SL,-4.2177,276.9643,1.5
2025-11-19 02:32:00+00:00,2025-11-19 03:07:00+00:00,long,92636.0,92415.8,SL,-4.1545,272.8098,1.5
2025-11-19 03:32:00+00:00,2025-11-19 03:48:00+00:00,short,92140.0,91762.01,TP,8.1843,280.9941,1.5
2025-11-19 03:49:00+00:00,2025-11-19 04:05:00+00:00,short,91742.54,91938.0,SL,-4.2149,276.7792,1.5
2025-11-19 04:13:00+00:00,2025-11-19 04:40:00+00:00,short,91752.25,91377.41,TP,8.3034,285.0826,1.5
2025-11-19 04:58:00+00:00,2025-11-19 05:26:00+00:00,short,91255.74,90853.89,TP,8.5525,293.635,1.5
2025-11-19 05:27:00+00:00,2025-11-19 05:37:00+00:00,short,90859.08,90491.4,TP,8.809,302.4441,1.5
2025-11-19 06:20:00+00:00,2025-11-19 06:25:00+00:00,short,90520.01,90752.2,SL,-4.5367,297.9074,1.5
2025-11-19 06:39:00+00:00,2025-11-19 06:51:00+00:00,short,90892.9,91099.99,SL,-4.4686,293.4388,1.5
2025-11-19 06:56:00+00:00,2025-11-19 07:06:00+00:00,short,91026.0,91258.43,SL,-4.4016,289.0372,1.5
2025-11-19 07:33:00+00:00,2025-11-19 07:46:00+00:00,long,91491.47,91937.55,TP,8.6711,297.7083,1.5
2025-11-19 08:26:00+00:00,2025-11-19 08:39:00+00:00,long,91852.48,91659.25,SL,-4.4656,293.2427,1.5
2025-11-19 09:03:00+00:00,2025-11-19 09:59:00+00:00,short,91323.64,91513.72,SL,-4.3986,288.8441,1.5
2025-11-19 10:29:00+00:00,2025-11-19 10:48:00+00:00,long,91500.01,91314.86,SL,-4.3327,284.5114,1.5
2025-11-19 12:04:00+00:00,2025-11-19 12:19:00+00:00,long,91507.99,91314.75,SL,-4.2677,280.2437,1.5
2025-11-19 12:37:00+00:00,2025-11-19 12:46:00+00:00,short,91338.19,91540.9,SL,-4.2037,276.0401,1.5
2025-11-19 13:17:00+00:00,2025-11-19 13:22:00+00:00,long,91781.17,91581.6,SL,-4.1406,271.8995,1.5
2025-11-19 13:27:00+00:00,2025-11-19 13:35:00+00:00,long,91771.62,91532.84,SL,-4.0785,267.821,1.5
2025-11-19 14:04:00+00:00,2025-11-19 14:13:00+00:00,short,91260.25,91533.13,SL,-4.0173,263.8037,1.5
2025-11-19 14:21:00+00:00,2025-11-19 14:33:00+00:00,short,91265.35,91526.0,SL,-3.9571,259.8466,1.5
2025-11-19 15:00:00+00:00,2025-11-19 15:09:00+00:00,long,91850.0,92218.8,TP,7.7954,267.642,1.5
2025-11-19 15:47:00+00:00,2025-11-19 15:55:00+00:00,short,90392.53,89964.01,TP,8.0293,275.6713,1.5
2025-11-19 16:19:00+00:00,2025-11-19 16:21:00+00:00,short,89740.88,89942.15,SL,-4.1351,271.5362,1.5
2025-11-19 16:24:00+00:00,2025-11-19 16:59:00+00:00,short,89725.16,89905.78,SL,-4.073,267.4632,1.5
2025-11-19 17:05:00+00:00,2025-11-19 17:33:00+00:00,short,89618.08,89159.93,TP,8.0239,275.4871,1.5
2025-11-19 18:16:00+00:00,2025-11-19 18:26:00+00:00,short,89412.45,89003.15,TP,8.2646,283.7517,1.5
2025-11-19 18:43:00+00:00,2025-11-19 18:50:00+00:00,short,88895.01,89079.88,SL,-4.2563,279.4954,1.5
2025-11-19 19:11:00+00:00,2025-11-19 19:43:00+00:00,short,89088.01,88718.68,TP,8.3849,287.8803,1.5
2025-11-19 20:02:00+00:00,2025-11-19 20:19:00+00:00,short,88804.95,88990.0,SL,-4.3182,283.5621,1.5
2025-11-19 20:51:00+00:00,2025-11-19 21:06:00+00:00,long,89507.45,89895.41,TP,8.5069,292.0689,1.5
2025-11-19 21:18:00+00:00,2025-11-19 21:20:00+00:00,long,89904.44,90405.52,TP,8.7621,300.831,1.5
2025-11-19 21:37:00+00:00,2025-11-19 21:39:00+00:00,long,90628.11,90376.01,SL,-4.5125,296.3185,1.5
2025-11-19 21:54:00+00:00,2025-11-19 22:00:00+00:00,long,90667.44,90456.5,SL,-4.4448,291.8738,1.5
2025-11-19 22:26:00+00:00,2025-11-19 23:02:00+00:00,long,90326.12,90746.37,TP,8.7562,300.63,1.5
2025-11-19 23:55:00+00:00,2025-11-20 00:05:00+00:00,long,91572.96,91299.74,SL,-4.5094,296.1205,1.5
2025-11-20 00:14:00+00:00,2025-11-20 00:28:00+00:00,long,91492.9,91887.99,TP,8.8836,305.0041,1.5
2025-11-20 01:06:00+00:00,2025-11-20 01:35:00+00:00,long,92184.99,92621.42,TP,9.1501,314.1543,1.5
2025-11-20 01:45:00+00:00,2025-11-20 02:43:00+00:00,long,92600.32,92404.99,SL,-4.7123,309.4419,1.5
2025-11-20 02:50:00+00:00,2025-11-20 03:29:00+00:00,long,92597.22,92380.55,SL,-4.6416,304.8003,1.5
2025-11-20 03:40:00+00:00,2025-11-20 04:06:00+00:00,long,92599.14,92411.35,SL,-4.572,300.2283,1.5
2025-11-20 04:11:00+00:00,2025-11-20 04:17:00+00:00,long,92499.99,92302.52,SL,-4.5034,295.7249,1.5
2025-11-20 04:27:00+00:00,2025-11-20 04:56:00+00:00,long,92335.99,92712.46,TP,8.8717,304.5966,1.5
2025-11-20 05:45:00+00:00,2025-11-20 06:23:00+00:00,long,92650.96,92431.88,SL,-4.5689,300.0277,1.5
2025-11-20 07:22:00+00:00,2025-11-20 07:31:00+00:00,short,91865.45,92055.82,SL,-4.5004,295.5273,1.5
2025-11-20 08:22:00+00:00,2025-11-20 08:55:00+00:00,long,92274.57,92069.6,SL,-4.4329,291.0944,1.5
2025-11-20 09:19:00+00:00,2025-11-20 09:46:00+00:00,short,91930.39,91557.99,TP,8.7328,299.8272,1.5
2025-11-20 10:06:00+00:00,2025-11-20 10:26:00+00:00,short,91737.04,91965.06,SL,-4.4974,295.3298,1.5
2025-11-20 10:35:00+00:00,2025-11-20 11:27:00+00:00,short,91896.12,91499.24,TP,8.8599,304.1897,1.5
2025-11-20 12:42:00+00:00,2025-11-20 12:49:00+00:00,short,91715.22,91934.81,SL,-4.5628,299.6268,1.5
2025-11-20 12:59:00+00:00,2025-11-20 13:30:00+00:00,short,91839.25,92187.7,SL,-4.4944,295.1324,1.5
2025-11-20 13:35:00+00:00,2025-11-20 13:38:00+00:00,short,91840.01,92058.11,SL,-4.427,290.7054,1.5
2025-11-20 13:51:00+00:00,2025-11-20 13:55:00+00:00,long,91968.99,91767.05,SL,-4.3606,286.3449,1.5
2025-11-20 13:56:00+00:00,2025-11-20 14:00:00+00:00,short,91692.3,91296.92,TP,8.5903,294.9352,1.5
2025-11-20 14:39:00+00:00,2025-11-20 14:49:00+00:00,short,91175.58,90778.69,TP,8.8481,303.7833,1.5
2025-11-20 15:02:00+00:00,2025-11-20 15:13:00+00:00,short,90841.01,90443.3,TP,9.1135,312.8968,1.5
2025-11-20 15:33:00+00:00,2025-11-20 15:37:00+00:00,short,90350.66,90661.86,SL,-4.6935,308.2033,1.5
2025-11-20 15:48:00+00:00,2025-11-20 15:59:00+00:00,short,90331.04,89869.88,TP,9.2461,317.4494,1.5
2025-11-20 16:38:00+00:00,2025-11-20 16:39:00+00:00,short,88317.79,88510.36,SL,-4.7617,312.6877,1.5
2025-11-20 16:40:00+00:00,2025-11-20 16:56:00+00:00,short,88286.5,87850.0,TP,9.3806,322.0683,1.5
2025-11-20 17:02:00+00:00,2025-11-20 17:07:00+00:00,short,87707.1,87325.92,TP,9.662,331.7303,1.5
2025-11-20 17:35:00+00:00,2025-11-20 17:38:00+00:00,short,86693.0,86916.91,SL,-4.976,326.7544,1.5
2025-11-20 18:18:00+00:00,2025-11-20 18:32:00+00:00,short,87259.14,86831.33,TP,9.8026,336.557,1.5
2025-11-20 18:50:00+00:00,2025-11-20 19:02:00+00:00,short,86561.0,86186.17,TP,10.0967,346.6537,1.5
2025-11-20 19:32:00+00:00,2025-11-20 19:36:00+00:00,short,86625.89,86821.87,SL,-5.1998,341.4539,1.5
2025-11-20 20:04:00+00:00,2025-11-20 20:21:00+00:00,short,86640.0,86886.89,SL,-5.1218,336.3321,1.5
2025-11-20 20:34:00+00:00,2025-11-20 21:15:00+00:00,short,86760.28,86962.33,SL,-5.045,331.2871,1.5
2025-11-20 21:42:00+00:00,2025-11-20 21:58:00+00:00,long,87520.01,87294.04,SL,-4.9693,326.3178,1.5
2025-11-20 22:07:00+00:00,2025-11-20 22:26:00+00:00,long,87634.77,88001.89,TP,9.7895,336.1074,1.5
2025-11-20 22:44:00+00:00,2025-11-20 22:51:00+00:00,long,88131.01,87942.12,SL,-5.0416,331.0657,1.5
2025-11-20 22:58:00+00:00,2025-11-20 23:02:00+00:00,long,88161.61,87858.44,SL,-4.966,326.0998,1.5
2025-11-20 23:17:00+00:00,2025-11-20 23:18:00+00:00,long,87751.66,87522.91,SL,-4.8915,321.2083,1.5
2025-11-20 23:35:00+00:00,2025-11-20 23:52:00+00:00,short,87089.4,86675.19,TP,9.6362,330.8445,1.5
2025-11-20 23:58:00+00:00,2025-11-21 00:01:00+00:00,short,86570.88,86788.14,SL,-4.9627,325.8818,1.5
2025-11-21 00:22:00+00:00,2025-11-21 00:37:00+00:00,short,87184.97,87394.71,SL,-4.8882,320.9936,1.5
2025-11-21 00:44:00+00:00,2025-11-21 00:52:00+00:00,short,87227.06,87436.34,SL,-4.8149,316.1787,1.5
2025-11-21 01:06:00+00:00,2025-11-21 01:09:00+00:00,long,87454.79,87205.34,SL,-4.7427,311.436,1.5
2025-11-21 01:23:00+00:00,2025-11-21 01:32:00+00:00,long,87310.37,87100.0,SL,-4.6715,306.7645,1.5
2025-11-21 01:33:00+00:00,2025-11-21 01:45:00+00:00,short,87121.75,87326.11,SL,-4.6015,302.163,1.5
2025-11-21 01:52:00+00:00,2025-11-21 02:06:00+00:00,short,87079.13,86691.97,TP,9.0649,311.2279,1.5
2025-11-21 02:32:00+00:00,2025-11-21 02:35:00+00:00,short,86373.56,86578.01,SL,-4.6684,306.5595,1.5
2025-11-21 02:39:00+00:00,2025-11-21 02:44:00+00:00,short,86354.0,85910.46,TP,9.1968,315.7563,1.5
2025-11-21 03:18:00+00:00,2025-11-21 03:30:00+00:00,short,85631.7,85803.87,SL,-4.7363,311.0199,1.5
2025-11-21 03:51:00+00:00,2025-11-21 04:32:00+00:00,short,85963.88,85473.26,TP,9.3306,320.3505,1.5
2025-11-21 05:05:00+00:00,2025-11-21 05:14:00+00:00,short,85978.41,86205.38,SL,-4.8053,315.5453,1.5
2025-11-21 05:15:00+00:00,2025-11-21 05:37:00+00:00,long,86184.72,85936.28,SL,-4.7332,310.8121,1.5
2025-11-21 05:47:00+00:00,2025-11-21 06:08:00+00:00,long,86120.0,85862.01,SL,-4.6622,306.1499,1.5
2025-11-21 06:57:00+00:00,2025-11-21 07:20:00+00:00,short,85573.9,85177.02,TP,9.1845,315.3344,1.5
2025-11-21 07:29:00+00:00,2025-11-21 07:32:00+00:00,short,85205.17,84852.16,TP,9.46,324.7944,1.5
2025-11-21 08:25:00+00:00,2025-11-21 08:36:00+00:00,short,84386.77,83963.84,TP,9.7438,334.5383,1.5
2025-11-21 09:16:00+00:00,2025-11-21 09:26:00+00:00,short,83618.87,83186.7,TP,10.0361,344.5744,1.5
2025-11-21 09:53:00+00:00,2025-11-21 09:56:00+00:00,short,82249.56,82493.35,SL,-5.1686,339.4058,1.5
2025-11-21 10:02:00+00:00,2025-11-21 10:10:00+00:00,short,82074.32,82401.95,SL,-5.0911,334.3147,1.5
2025-11-21 10:45:00+00:00,2025-11-21 10:53:00+00:00,short,82559.39,82739.9,SL,-5.0147,329.3,1.5
2025-11-21 11:00:00+00:00,2025-11-21 11:01:00+00:00,short,82679.95,82908.8,SL,-4.9395,324.3605,1.5
2025-11-21 11:13:00+00:00,2025-11-21 11:38:00+00:00,short,83002.87,82637.79,TP,9.7308,334.0913,1.5
2025-11-21 12:08:00+00:00,2025-11-21 12:13:00+00:00,short,82005.89,82268.37,SL,-5.0114,329.08,1.5
2025-11-21 12:18:00+00:00,2025-11-21 12:21:00+00:00,short,81944.89,81462.77,TP,9.8724,338.9523,1.5
2025-11-21 13:15:00+00:00,2025-11-21 13:24:00+00:00,long,83909.5,83636.35,SL,-5.0843,333.8681,1.5
2025-11-21 13:37:00+00:00,2025-11-21 13:48:00+00:00,long,83932.32,84367.48,TP,10.016,343.8841,1.5
2025-11-21 14:24:00+00:00,2025-11-21 14:28:00+00:00,long,83753.8,83570.21,SL,-5.1583,338.7258,1.5
2025-11-21 14:30:00+00:00,2025-11-21 14:31:00+00:00,long,84109.49,83902.28,SL,-5.0809,333.645,1.5
2025-11-21 14:53:00+00:00,2025-11-21 14:59:00+00:00,long,85184.39,84850.0,SL,-5.0047,328.6403,1.5
2025-11-21 15:25:00+00:00,2025-11-21 15:26:00+00:00,long,84149.21,83910.01,SL,-4.9296,323.7107,1.5
2025-11-21 15:27:00+00:00,2025-11-21 15:34:00+00:00,short,83772.75,83376.1,TP,9.7113,333.422,1.5
2025-11-21 16:04:00+00:00,2025-11-21 16:07:00+00:00,short,82473.95,82677.18,SL,-5.0013,328.4207,1.5
2025-11-21 16:44:00+00:00,2025-11-21 16:47:00+00:00,short,83369.41,83589.18,SL,-4.9263,323.4944,1.5
2025-11-21 16:48:00+00:00,2025-11-21 16:52:00+00:00,long,83779.14,84462.42,TP,9.7048,333.1992,1.5
2025-11-21 19:20:00+00:00,2025-11-21 19:33:00+00:00,long,84900.37,84653.35,SL,-4.998,328.2012,1.5
2025-11-21 20:06:00+00:00,2025-11-21 20:12:00+00:00,short,84010.55,84218.65,SL,-4.923,323.2782,1.5
2025-11-21 20:18:00+00:00,2025-11-21 20:30:00+00:00,short,83861.68,83516.66,TP,9.6983,332.9765,1.5
2025-11-21 21:21:00+00:00,2025-11-21 21:35:00+00:00,long,84736.8,85087.1,TP,9.9893,342.9658,1.5
2025-11-21 22:58:00+00:00,2025-11-21 23:15:00+00:00,short,84337.76,84530.99,SL,-5.1445,337.8213,1.5
2025-11-21 23:42:00+00:00,2025-11-21 23:50:00+00:00,long,85247.16,85031.83,SL,-5.0673,332.754,1.5
2025-11-22 00:04:00+00:00,2025-11-22 00:25:00+00:00,long,85314.34,85135.26,SL,-4.9913,327.7627,1.5
2025-11-22 00:36:00+00:00,2025-11-22 00:41:00+00:00,long,85157.23,84983.04,SL,-4.9164,322.8463,1.5
2025-11-22 01:10:00+00:00,2025-11-22 01:17:00+00:00,short,84620.0,84799.53,SL,-4.8427,318.0036,1.5
2025-11-22 01:51:00+00:00,2025-11-22 02:06:00+00:00,long,85100.04,84842.71,SL,-4.7701,313.2335,1.5
2025-11-22 02:34:00+00:00,2025-11-22 03:13:00+00:00,short,84414.38,84597.99,SL,-4.6985,308.535,1.5
2025-11-22 03:19:00+00:00,2025-11-22 04:12:00+00:00,short,84513.46,84146.63,TP,9.2561,317.7911,1.5
2025-11-22 04:23:00+00:00,2025-11-22 04:25:00+00:00,short,83984.03,84228.17,SL,-4.7669,313.0242,1.5
2025-11-22 04:35:00+00:00,2025-11-22 04:51:00+00:00,short,83900.01,84123.0,SL,-4.6954,308.3288,1.5
2025-11-22 05:07:00+00:00,2025-11-22 06:16:00+00:00,short,84137.68,84306.32,SL,-4.6249,303.7039,1.5
2025-11-22 06:56:00+00:00,2025-11-22 07:02:00+00:00,long,84735.86,84559.27,SL,-4.5556,299.1483,1.5
2025-11-22 07:20:00+00:00,2025-11-22 08:18:00+00:00,long,84548.29,84282.67,SL,-4.4872,294.6611,1.5
2025-11-22 09:19:00+00:00,2025-11-22 10:25:00+00:00,short,84128.82,83664.68,TP,8.8398,303.501,1.5
2025-11-22 10:41:00+00:00,2025-11-22 11:06:00+00:00,short,83621.35,83832.93,SL,-4.5525,298.9484,1.5
2025-11-22 11:19:00+00:00,2025-11-22 11:26:00+00:00,short,83950.73,84218.27,SL,-4.4842,294.4642,1.5
2025-11-22 11:35:00+00:00,2025-11-22 11:59:00+00:00,long,84284.01,84098.94,SL,-4.417,290.0472,1.5
2025-11-22 12:26:00+00:00,2025-11-22 12:36:00+00:00,short,83631.7,83804.37,SL,-4.3507,285.6965,1.5
2025-11-22 12:49:00+00:00,2025-11-22 12:51:00+00:00,short,83634.63,83860.9,SL,-4.2854,281.4111,1.5
2025-11-22 13:02:00+00:00,2025-11-22 13:08:00+00:00,short,83701.06,83900.79,SL,-4.2212,277.1899,1.5
2025-11-22 13:55:00+00:00,2025-11-22 14:01:00+00:00,short,83893.03,84150.99,SL,-4.1578,273.0321,1.5
2025-11-22 14:26:00+00:00,2025-11-22 14:35:00+00:00,long,84648.87,84450.01,SL,-4.0955,268.9366,1.5
2025-11-22 14:53:00+00:00,2025-11-22 15:03:00+00:00,long,84528.37,84350.01,SL,-4.034,264.9025,1.5
2025-11-22 15:15:00+00:00,2025-11-22 15:39:00+00:00,long,84427.07,84225.0,SL,-3.9735,260.929,1.5
2025-11-22 16:43:00+00:00,2025-11-22 17:05:00+00:00,long,84679.96,84492.83,SL,-3.9139,257.0151,1.5
2025-11-22 17:22:00+00:00,2025-11-22 20:49:00+00:00,long,84570.4,84321.68,SL,-3.8552,253.1598,1.5
2025-11-22 21:11:00+00:00,2025-11-22 22:00:00+00:00,short,84262.0,84436.87,SL,-3.7974,249.3625,1.5
2025-11-22 22:03:00+00:00,2025-11-22 22:14:00+00:00,short,84355.41,84595.61,SL,-3.7404,245.622,1.5
2025-11-22 22:32:00+00:00,2025-11-22 22:53:00+00:00,long,84689.99,85185.9,TP,7.3687,252.9907,1.5
2025-11-22 23:29:00+00:00,2025-11-22 23:57:00+00:00,long,84859.32,84675.68,SL,-3.7949,249.1958,1.5
2025-11-23 00:01:00+00:00,2025-11-23 00:14:00+00:00,long,84792.97,85187.01,TP,7.4759,256.6717,1.5
2025-11-23 00:24:00+00:00,2025-11-23 00:29:00+00:00,long,85254.01,85067.87,SL,-3.8501,252.8216,1.5
2025-11-23 00:50:00+00:00,2025-11-23 01:16:00+00:00,long,85026.5,85415.12,TP,7.5846,260.4063,1.5
2025-11-23 01:29:00+00:00,2025-11-23 01:43:00+00:00,long,85530.39,85890.74,TP,7.8122,268.2184,1.5
2025-11-23 01:53:00+00:00,2025-11-23 01:54:00+00:00,long,86024.99,85847.48,SL,-4.0233,264.1952,1.5
2025-11-23 02:05:00+00:00,2025-11-23 02:08:00+00:00,long,86004.6,85728.13,SL,-3.9629,260.2322,1.5
2025-11-23 02:23:00+00:00,2025-11-23 02:38:00+00:00,long,85934.9,86285.49,TP,7.807,268.0392,1.5
2025-11-23 03:09:00+00:00,2025-11-23 03:13:00+00:00,long,86041.51,85861.02,SL,-4.0206,264.0186,1.5
2025-11-23 03:19:00+00:00,2025-11-23 03:59:00+00:00,long,85945.25,86308.54,TP,7.9206,271.9392,1.5
2025-11-23 04:08:00+00:00,2025-11-23 04:22:00+00:00,long,86386.5,86762.01,TP,8.1582,280.0974,1.5
2025-11-23 05:21:00+00:00,2025-11-23 05:32:00+00:00,long,86400.0,86210.17,SL,-4.2015,275.8959,1.5
2025-11-23 05:46:00+00:00,2025-11-23 06:40:00+00:00,long,86185.53,86011.25,SL,-4.1384,271.7575,1.5
2025-11-23 06:52:00+00:00,2025-11-23 07:27:00+00:00,short,85900.94,85440.44,TP,8.1527,279.9102,1.5
2025-11-23 08:21:00+00:00,2025-11-23 08:33:00+00:00,long,86115.43,85935.41,SL,-4.1987,275.7115,1.5
2025-11-23 08:47:00+00:00,2025-11-23 09:44:00+00:00,long,86073.19,86449.99,TP,8.2713,283.9829,1.5
2025-11-23 10:23:00+00:00,2025-11-23 10:30:00+00:00,long,86330.36,86154.12,SL,-4.2597,279.7231,1.5
2025-11-23 10:39:00+00:00,2025-11-23 11:00:00+00:00,long,86220.31,86039.99,SL,-4.1958,275.5273,1.5
2025-11-23 12:03:00+00:00,2025-11-23 12:16:00+00:00,long,86435.21,86788.13,TP,8.2658,283.7931,1.5
2025-11-23 12:52:00+00:00,2025-11-23 13:11:00+00:00,long,86673.16,86493.02,SL,-4.2569,279.5362,1.5
2025-11-23 13:19:00+00:00,2025-11-23 13:22:00+00:00,long,86599.53,86414.18,SL,-4.193,275.3432,1.5
2025-11-23 13:29:00+00:00,2025-11-23 13:48:00+00:00,long,86478.51,86839.21,TP,8.2603,283.6035,1.5
2025-11-23 14:26:00+00:00,2025-11-23 14:50:00+00:00,long,86824.84,86567.4,SL,-4.2541,279.3494,1.5
2025-11-23 15:31:00+00:00,2025-11-23 15:55:00+00:00,long,86741.44,87093.83,TP,8.3805,287.7299,1.5
2025-11-23 15:56:00+00:00,2025-11-23 16:57:00+00:00,long,87118.99,86859.4,SL,-4.3159,283.4139,1.5
2025-11-23 17:45:00+00:00,2025-11-23 18:17:00+00:00,short,86800.01,87040.33,SL,-4.2512,279.1627,1.5
2025-11-23 18:25:00+00:00,2025-11-23 18:35:00+00:00,short,86859.3,87058.26,SL,-4.1874,274.9753,1.5
2025-11-23 19:03:00+00:00,2025-11-23 19:23:00+00:00,long,87145.27,87518.36,TP,8.2493,283.2245,1.5
2025-11-23 19:33:00+00:00,2025-11-23 19:59:00+00:00,long,87531.47,87325.01,SL,-4.2484,278.9762,1.5
2025-11-23 20:14:00+00:00,2025-11-23 21:12:00+00:00,long,87451.62,87246.36,SL,-4.1846,274.7915,1.5
2025-11-23 21:17:00+00:00,2025-11-23 21:38:00+00:00,long,87342.69,87716.72,TP,8.2437,283.0353,1.5
2025-11-23 21:52:00+00:00,2025-11-23 22:18:00+00:00,long,87824.05,87581.04,SL,-4.2455,278.7898,1.5
2025-11-23 22:22:00+00:00,2025-11-23 22:34:00+00:00,long,87915.46,87729.09,SL,-4.1818,274.6079,1.5
2025-11-23 22:42:00+00:00,2025-11-23 23:04:00+00:00,long,87841.5,87545.91,SL,-4.1191,270.4888,1.5
2025-11-24 00:03:00+00:00,2025-11-24 00:15:00+00:00,short,86678.37,86255.29,TP,8.1147,278.6035,1.5
2025-11-24 00:54:00+00:00,2025-11-24 01:41:00+00:00,short,86866.26,86500.0,TP,8.3581,286.9616,1.5
2025-11-24 02:53:00+00:00,2025-11-24 03:12:00+00:00,long,87413.01,87206.16,SL,-4.3044,282.6571,1.5
2025-11-24 03:17:00+00:00,2025-11-24 04:15:00+00:00,long,87466.76,87190.24,SL,-4.2399,278.4173,1.5
2025-11-24 06:00:00+00:00,2025-11-24 06:04:00+00:00,long,87453.02,87260.01,SL,-4.1763,274.241,1.5
2025-11-24 06:32:00+00:00,2025-11-24 06:35:00+00:00,short,86912.65,87110.54,SL,-4.1136,270.1274,1.5
2025-11-24 06:40:00+00:00,2025-11-24 07:38:00+00:00,short,86912.84,87090.84,SL,-4.0519,266.0755,1.5
2025-11-24 08:30:00+00:00,2025-11-24 08:56:00+00:00,short,86762.0,86958.63,SL,-3.9911,262.0844,1.5
2025-11-24 09:05:00+00:00,2025-11-24 09:15:00+00:00,short,86827.26,86446.16,TP,7.8625,269.9469,1.5
2025-11-24 10:00:00+00:00,2025-11-24 10:03:00+00:00,short,85926.8,86136.01,SL,-4.0492,265.8977,1.5
2025-11-24 10:13:00+00:00,2025-11-24 11:02:00+00:00,short,85946.64,86120.0,SL,-3.9885,261.9092,1.5
2025-11-24 11:06:00+00:00,2025-11-24 11:19:00+00:00,short,85978.18,86195.22,SL,-3.9286,257.9806,1.5
2025-11-24 11:22:00+00:00,2025-11-24 11:36:00+00:00,short,86038.54,86346.0,SL,-3.8697,254.1109,1.5
2025-11-24 12:38:00+00:00,2025-11-24 13:07:00+00:00,short,86077.7,86318.0,SL,-3.8117,250.2992,1.5
2025-11-24 13:28:00+00:00,2025-11-24 13:48:00+00:00,long,86529.64,86349.23,SL,-3.7545,246.5447,1.5
2025-11-24 14:39:00+00:00,2025-11-24 14:44:00+00:00,short,86051.12,85573.93,TP,7.3963,253.9411,1.5
2025-11-24 15:32:00+00:00,2025-11-24 15:48:00+00:00,long,86322.0,86676.45,TP,7.6182,261.5593,1.5
2025-11-24 16:00:00+00:00,2025-11-24 16:03:00+00:00,long,86734.92,87091.25,TP,7.8468,269.4061,1.5
2025-11-24 16:20:00+00:00,2025-11-24 16:46:00+00:00,long,87183.69,87599.99,TP,8.0822,277.4883,1.5
2025-11-24 17:17:00+00:00,2025-11-24 17:25:00+00:00,long,87118.44,87558.11,TP,8.3246,285.8129,1.5
2025-11-24 17:57:00+00:00,2025-11-24 18:58:00+00:00,long,88346.24,88713.0,TP,8.5744,294.3873,1.5
2025-11-24 19:04:00+00:00,2025-11-24 19:11:00+00:00,long,88799.99,88621.29,SL,-4.4158,289.9715,1.5
2025-11-24 19:32:00+00:00,2025-11-24 19:42:00+00:00,long,88650.0,88389.36,SL,-4.3496,285.6219,1.5
2025-11-24 19:59:00+00:00,2025-11-24 20:11:00+00:00,long,88327.29,88726.01,TP,8.5687,294.1906,1.5
2025-11-24 20:29:00+00:00,2025-11-24 22:51:00+00:00,long,88884.61,88692.21,SL,-4.4129,289.7777,1.5
2025-11-24 23:36:00+00:00,2025-11-25 00:05:00+00:00,short,88489.79,88126.77,TP,8.6933,298.471,1.5
2025-11-25 00:14:00+00:00,2025-11-25 00:42:00+00:00,short,88032.92,88271.99,SL,-4.4771,293.994,1.5
2025-11-25 00:48:00+00:00,2025-11-25 02:00:00+00:00,short,88026.07,87618.78,TP,8.8198,302.8138,1.5
2025-11-25 02:23:00+00:00,2025-11-25 03:09:00+00:00,short,87751.09,87926.93,SL,-4.5422,298.2716,1.5
2025-11-25 03:10:00+00:00,2025-11-25 04:09:00+00:00,short,87838.5,88031.67,SL,-4.4741,293.7975,1.5
2025-11-25 04:31:00+00:00,2025-11-25 05:27:00+00:00,long,88165.46,87966.66,SL,-4.407,289.3906,1.5
2025-11-25 05:32:00+00:00,2025-11-25 06:26:00+00:00,long,88154.19,87950.68,SL,-4.3409,285.0497,1.5
2025-11-25 06:43:00+00:00,2025-11-25 07:53:00+00:00,short,87885.32,87499.69,TP,8.5515,293.6012,1.5
2025-11-25 08:31:00+00:00,2025-11-25 08:57:00+00:00,short,87394.03,87033.38,TP,8.808,302.4092,1.5
2025-11-25 09:12:00+00:00,2025-11-25 09:43:00+00:00,short,86865.07,87060.01,SL,-4.5361,297.8731,1.5
2025-11-25 10:02:00+00:00,2025-11-25 10:33:00+00:00,short,87073.08,87277.0,SL,-4.4681,293.405,1.5
2025-11-25 10:38:00+00:00,2025-11-25 10:54:00+00:00,short,87190.01,87374.99,SL,-4.4011,289.0039,1.5
2025-11-25 11:11:00+00:00,2025-11-25 13:37:00+00:00,long,87464.13,87251.13,SL,-4.3351,284.6689,1.5
2025-11-25 14:10:00+00:00,2025-11-25 14:25:00+00:00,short,86908.19,87084.53,SL,-4.27,280.3988,1.5
2025-11-25 14:37:00+00:00,2025-11-25 14:43:00+00:00,short,87027.61,86607.02,TP,8.412,288.8108,1.5
2025-11-25 15:04:00+00:00,2025-11-25 15:07:00+00:00,short,86256.82,86485.75,SL,-4.3322,284.4786,1.5
2025-11-25 15:20:00+00:00,2025-11-25 15:25:00+00:00,short,86384.63,86567.61,SL,-4.2672,280.2114,1.5
2025-11-25 16:53:00+00:00,2025-11-25 17:14:00+00:00,long,87106.57,87466.82,TP,8.4063,288.6178,1.5
2025-11-25 17:31:00+00:00,2025-11-25 17:37:00+00:00,long,87615.99,88033.65,TP,8.6585,297.2763,1.5
2025-11-25 18:09:00+00:00,2025-11-25 18:37:00+00:00,long,87766.42,87538.61,SL,-4.4591,292.8172,1.5
2025-11-25 18:46:00+00:00,2025-11-25 18:57:00+00:00,long,87590.21,87330.27,SL,-4.3923,288.4249,1.5
2025-11-25 19:17:00+00:00,2025-11-25 19:22:00+00:00,short,86681.67,86314.17,TP,8.6527,297.0777,1.5
2025-11-25 20:04:00+00:00,2025-11-25 20:13:00+00:00,short,86781.12,87010.85,SL,-4.4562,292.6215,1.5
2025-11-25 20:23:00+00:00,2025-11-25 20:31:00+00:00,short,87048.02,87306.01,SL,-4.3893,288.2322,1.5
2025-11-25 20:47:00+00:00,2025-11-25 21:07:00+00:00,long,87346.81,87170.01,SL,-4.3235,283.9087,1.5
2025-11-25 21:17:00+00:00,2025-11-25 21:33:00+00:00,long,87388.49,87146.94,SL,-4.2586,279.6501,1.5
2025-11-25 21:42:00+00:00,2025-11-25 21:56:00+00:00,long,87210.9,87035.45,SL,-4.1948,275.4553,1.5
2025-11-25 22:58:00+00:00,2025-11-25 23:00:00+00:00,long,87719.93,87518.87,SL,-4.1318,271.3235,1.5
2025-11-25 23:07:00+00:00,2025-11-25 23:45:00+00:00,long,87572.57,87380.01,SL,-4.0699,267.2536,1.5
2025-11-25 23:57:00+00:00,2025-11-26 01:31:00+00:00,long,87388.49,87750.3,TP,8.0176,275.2712,1.5
2025-11-26 02:12:00+00:00,2025-11-26 02:23:00+00:00,long,88006.05,87818.64,SL,-4.1291,271.1422,1.5
2025-11-26 02:37:00+00:00,2025-11-26 03:33:00+00:00,long,87788.8,87550.01,SL,-4.0671,267.075,1.5
2025-11-26 04:09:00+00:00,2025-11-26 04:26:00+00:00,short,87000.0,87184.5,SL,-4.0061,263.0689,1.5
2025-11-26 04:42:00+00:00,2025-11-26 05:08:00+00:00,short,87256.67,87450.98,SL,-3.946,259.1229,1.5
2025-11-26 05:31:00+00:00,2025-11-26 08:57:00+00:00,long,87618.52,87421.1,SL,-3.8868,255.236,1.5
2025-11-26 09:17:00+00:00,2025-11-26 09:46:00+00:00,short,87287.57,86868.0,TP,7.6571,262.8931,1.5
2025-11-26 09:47:00+00:00,2025-11-26 11:43:00+00:00,short,86869.82,87057.36,SL,-3.9434,258.9497,1.5
2025-11-26 11:50:00+00:00,2025-11-26 12:01:00+00:00,short,86957.13,87158.72,SL,-3.8842,255.0655,1.5
2025-11-26 12:03:00+00:00,2025-11-26 12:15:00+00:00,short,86890.08,86509.1,TP,7.652,262.7174,1.5
2025-11-26 13:01:00+00:00,2025-11-26 13:20:00+00:00,short,86581.57,86766.0,SL,-3.9408,258.7767,1.5
2025-11-26 13:30:00+00:00,2025-11-26 13:37:00+00:00,short,86681.16,86871.99,SL,-3.8817,254.895,1.5
2025-11-26 13:59:00+00:00,2025-11-26 14:40:00+00:00,long,87128.51,87521.05,TP,7.6468,262.5419,1.5
2025-11-26 14:47:00+00:00,2025-11-26 14:54:00+00:00,long,87464.66,87190.54,SL,-3.9381,258.6037,1.5
2025-11-26 15:08:00+00:00,2025-11-26 15:15:00+00:00,long,87172.05,86965.2,SL,-3.8791,254.7247,1.5
2025-11-26 15:22:00+00:00,2025-11-26 15:26:00+00:00,short,86997.45,87197.4,SL,-3.8209,250.9038,1.5
2025-11-26 16:36:00+00:00,2025-11-26 16:40:00+00:00,long,87939.54,87734.25,SL,-3.7636,247.1403,1.5
2025-11-26 16:56:00+00:00,2025-11-26 17:26:00+00:00,long,87833.62,88445.0,TP,7.4142,254.5545,1.5
2025-11-26 18:16:00+00:00,2025-11-26 18:20:00+00:00,long,90318.73,90115.2,SL,-3.8183,250.7362,1.5
2025-11-26 18:49:00+00:00,2025-11-26 19:12:00+00:00,long,90040.7,89781.13,SL,-3.761,246.9751,1.5
2025-11-26 19:19:00+00:00,2025-11-26 19:24:00+00:00,long,89975.9,89754.78,SL,-3.7046,243.2705,1.5
2025-11-26 19:33:00+00:00,2025-11-26 20:05:00+00:00,long,89875.74,89674.92,SL,-3.6491,239.6214,1.5
2025-11-26 20:12:00+00:00,2025-11-26 20:43:00+00:00,long,89940.63,89737.54,SL,-3.5943,236.0271,1.5
2025-11-26 20:52:00+00:00,2025-11-26 21:25:00+00:00,long,89826.12,90231.12,TP,7.0808,243.1079,1.5
2025-11-26 21:49:00+00:00,2025-11-26 21:55:00+00:00,long,90381.98,90200.34,SL,-3.6466,239.4613,1.5
2025-11-26 22:08:00+00:00,2025-11-27 01:04:00+00:00,long,90292.23,90664.39,TP,7.1838,246.6451,1.5
2025-11-27 01:43:00+00:00,2025-11-27 01:59:00+00:00,long,90690.79,91145.78,TP,7.3994,254.0445,1.5
2025-11-27 02:21:00+00:00,2025-11-27 02:38:00+00:00,long,91200.78,91586.33,TP,7.6213,261.6658,1.5
2025-11-27 02:50:00+00:00,2025-11-27 02:54:00+00:00,long,91881.0,91641.38,SL,-3.925,257.7408,1.5
2025-11-27 03:09:00+00:00,2025-11-27 03:30:00+00:00,long,91485.88,91254.75,SL,-3.8661,253.8747,1.5
2025-11-27 03:41:00+00:00,2025-11-27 05:40:00+00:00,long,91241.23,91034.49,SL,-3.8081,250.0666,1.5
2025-11-27 07:07:00+00:00,2025-11-27 09:16:00+00:00,long,91229.39,91650.9,TP,7.502,257.5686,1.5
2025-11-27 09:32:00+00:00,2025-11-27 09:51:00+00:00,long,91774.5,91579.99,SL,-3.8635,253.7051,1.5
2025-11-27 10:05:00+00:00,2025-11-27 10:32:00+00:00,long,91655.02,91415.9,SL,-3.8056,249.8995,1.5
2025-11-27 10:42:00+00:00,2025-11-27 12:03:00+00:00,long,91518.59,91327.02,SL,-3.7485,246.151,1.5
2025-11-27 12:17:00+00:00,2025-11-27 13:08:00+00:00,short,91308.99,90927.64,TP,7.3845,253.5355,1.5
2025-11-27 13:59:00+00:00,2025-11-27 16:02:00+00:00,short,90852.78,91050.28,SL,-3.803,249.7325,1.5
2025-11-27 16:05:00+00:00,2025-11-27 16:13:00+00:00,short,90888.0,91174.2,SL,-3.746,245.9865,1.5
2025-11-27 16:32:00+00:00,2025-11-27 18:42:00+00:00,long,91367.35,91752.23,TP,7.3796,253.3661,1.5
2025-11-27 19:20:00+00:00,2025-11-27 20:00:00+00:00,long,91652.0,91465.56,SL,-3.8005,249.5656,1.5
2025-11-27 20:08:00+00:00,2025-11-27 21:02:00+00:00,long,91532.61,91346.9,SL,-3.7435,245.8221,1.5
2025-11-27 21:34:00+00:00,2025-11-27 22:08:00+00:00,long,91547.49,91350.75,SL,-3.6873,242.1348,1.5
2025-11-27 23:21:00+00:00,2025-11-28 01:04:00+00:00,short,91448.86,91076.81,TP,7.264,249.3989,1.5
2025-11-28 01:08:00+00:00,2025-11-28 02:27:00+00:00,short,91083.37,90710.03,TP,7.482,256.8808,1.5
2025-11-28 03:05:00+00:00,2025-11-28 03:20:00+00:00,short,91006.11,91220.43,SL,-3.8532,253.0276,1.5
2025-11-28 03:31:00+00:00,2025-11-28 05:51:00+00:00,long,91299.68,91700.0,TP,7.5908,260.6184,1.5
2025-11-28 06:27:00+00:00,2025-11-28 07:23:00+00:00,short,91324.99,91520.43,SL,-3.9093,256.7092,1.5
2025-11-28 08:27:00+00:00,2025-11-28 08:50:00+00:00,short,91159.15,91380.0,SL,-3.8506,252.8585,1.5
2025-11-28 09:10:00+00:00,2025-11-28 09:17:00+00:00,long,91776.68,91586.9,SL,-3.7929,249.0656,1.5
2025-11-28 09:47:00+00:00,2025-11-28 11:15:00+00:00,long,91555.29,91109.62,SL,-3.736,245.3297,1.5
2025-11-28 12:35:00+00:00,2025-11-28 13:08:00+00:00,long,91619.99,91419.5,SL,-3.6799,241.6497,1.5
2025-11-28 13:19:00+00:00,2025-11-28 13:45:00+00:00,long,91517.28,91961.65,TP,7.2495,248.8992,1.5
2025-11-28 13:59:00+00:00,2025-11-28 14:26:00+00:00,long,92377.01,92807.78,TP,7.467,256.3662,1.5
2025-11-28 14:51:00+00:00,2025-11-28 15:09:00+00:00,long,92268.18,92005.49,SL,-3.8455,252.5207,1.5
2025-11-28 15:13:00+00:00,2025-11-28 15:20:00+00:00,long,92268.83,92714.01,TP,7.5756,260.0963,1.5
2025-11-28 15:34:00+00:00,2025-11-28 15:42:00+00:00,long,92756.78,92555.61,SL,-3.9014,256.1949,1.5
2025-11-28 16:21:00+00:00,2025-11-28 16:27:00+00:00,short,91589.04,91148.22,TP,7.6858,263.8807,1.5
2025-11-28 16:53:00+00:00,2025-11-28 16:58:00+00:00,short,91328.42,90946.96,TP,7.9164,271.7971,1.5
2025-11-28 17:15:00+00:00,2025-11-28 17:29:00+00:00,short,90844.14,90480.01,TP,8.1539,279.951,1.5
2025-11-28 18:03:00+00:00,2025-11-28 18:10:00+00:00,short,90507.91,90695.99,SL,-4.1993,275.7518,1.5
2025-11-28 18:19:00+00:00,2025-11-28 18:46:00+00:00,short,90700.08,90908.98,SL,-4.1363,271.6155,1.5
2025-11-28 18:51:00+00:00,2025-11-28 19:14:00+00:00,short,90793.27,90985.67,SL,-4.0742,267.5413,1.5
2025-11-28 19:38:00+00:00,2025-11-28 20:01:00+00:00,long,91188.32,90994.91,SL,-4.0131,263.5282,1.5
2025-11-28 20:50:00+00:00,2025-11-28 21:53:00+00:00,long,91171.16,90985.01,SL,-3.9529,259.5752,1.5
2025-11-28 22:15:00+00:00,2025-11-28 22:34:00+00:00,short,90793.8,90983.99,SL,-3.8936,255.6816,1.5
2025-11-28 23:47:00+00:00,2025-11-29 02:35:00+00:00,short,90930.43,90560.0,TP,7.6704,263.352,1.5
2025-11-29 03:12:00+00:00,2025-11-29 06:21:00+00:00,short,90823.8,90441.41,TP,7.9006,271.2526,1.5
2025-11-29 07:09:00+00:00,2025-11-29 08:17:00+00:00,short,90501.72,90684.39,SL,-4.0688,267.1838,1.5
2025-11-29 08:22:00+00:00,2025-11-29 09:08:00+00:00,long,90724.41,90529.0,SL,-4.0078,263.1761,1.5
2025-11-29 09:20:00+00:00,2025-11-29 12:06:00+00:00,short,90538.43,90737.95,SL,-3.9476,259.2284,1.5
2025-11-29 12:33:00+00:00,2025-11-29 15:21:00+00:00,long,90614.94,90997.74,TP,7.7769,267.0053,1.5
2025-11-29 15:46:00+00:00,2025-11-29 17:11:00+00:00,long,90989.97,90789.62,SL,-4.0051,263.0002,1.5
2025-11-29 17:33:00+00:00,2025-11-29 18:55:00+00:00,short,90506.53,90696.47,SL,-3.945,259.0552,1.5
2025-11-29 19:10:00+00:00,2025-11-29 20:02:00+00:00,long,90765.73,90556.01,SL,-3.8858,255.1694,1.5
2025-11-29 20:44:00+00:00,2025-11-30 03:11:00+00:00,long,90808.05,90606.01,SL,-3.8275,251.3418,1.5
2025-11-30 04:04:00+00:00,2025-11-30 05:04:00+00:00,long,90955.53,90765.73,SL,-3.7701,247.5717,1.5
2025-11-30 05:17:00+00:00,2025-11-30 06:06:00+00:00,short,90677.71,90859.52,SL,-3.7136,243.8581,1.5
2025-11-30 06:09:00+00:00,2025-11-30 06:26:00+00:00,short,90717.51,90898.99,SL,-3.6579,240.2003,1.5
2025-11-30 07:05:00+00:00,2025-11-30 08:23:00+00:00,long,90936.86,91416.33,TP,7.206,247.4063,1.5
2025-11-30 08:43:00+00:00,2025-11-30 09:13:00+00:00,long,91186.62,91564.53,TP,7.4222,254.8284,1.5
2025-11-30 09:44:00+00:00,2025-11-30 10:42:00+00:00,long,91417.62,91219.7,SL,-3.8224,251.006,1.5
2025-11-30 10:48:00+00:00,2025-11-30 11:50:00+00:00,long,91279.5,91094.01,SL,-3.7651,247.2409,1.5
2025-11-30 11:51:00+00:00,2025-11-30 12:15:00+00:00,short,91075.0,91260.48,SL,-3.7086,243.5323,1.5
2025-11-30 12:42:00+00:00,2025-11-30 13:19:00+00:00,long,91315.18,91713.17,TP,7.306,250.8383,1.5
2025-11-30 13:55:00+00:00,2025-11-30 14:16:00+00:00,long,91780.01,91575.03,SL,-3.7626,247.0757,1.5
2025-11-30 14:28:00+00:00,2025-11-30 14:38:00+00:00,long,91557.29,91299.84,SL,-3.7061,243.3696,1.5
2025-11-30 15:05:00+00:00,2025-11-30 15:22:00+00:00,short,91346.29,91544.12,SL,-3.6505,239.719,1.5
2025-11-30 15:32:00+00:00,2025-11-30 16:20:00+00:00,short,91421.04,91679.22,SL,-3.5958,236.1232,1.5
2025-11-30 16:48:00+00:00,2025-11-30 17:04:00+00:00,long,91819.69,91620.0,SL,-3.5418,232.5814,1.5
2025-11-30 17:26:00+00:00,2025-11-30 20:06:00+00:00,short,91375.37,91575.44,SL,-3.4887,229.0927,1.5
2025-11-30 21:03:00+00:00,2025-11-30 23:08:00+00:00,short,91264.73,90875.07,TP,6.8728,235.9655,1.5
2025-11-30 23:39:00+00:00,2025-11-30 23:48:00+00:00,short,90520.24,90717.79,SL,-3.5395,232.426,1.5
2025-11-30 23:53:00+00:00,2025-12-01 00:04:00+00:00,short,90417.6,89816.17,TP,6.9728,239.3988,1.5
2025-12-01 00:33:00+00:00,2025-12-01 00:41:00+00:00,short,87933.41,88143.62,SL,-3.591,235.8078,1.5
2025-12-01 00:51:00+00:00,2025-12-01 01:07:00+00:00,short,87331.58,87543.06,SL,-3.5371,232.2707,1.5
2025-12-01 01:24:00+00:00,2025-12-01 01:36:00+00:00,short,87339.37,87547.75,SL,-3.4841,228.7866,1.5
2025-12-01 01:46:00+00:00,2025-12-01 02:36:00+00:00,short,87348.52,86989.43,TP,6.8636,235.6502,1.5
2025-12-01 03:08:00+00:00,2025-12-01 04:11:00+00:00,short,86499.07,86134.0,TP,7.0695,242.7197,1.5
2025-12-01 04:53:00+00:00,2025-12-01 05:28:00+00:00,short,85780.51,85961.53,SL,-3.6408,239.0789,1.5
2025-12-01 05:35:00+00:00,2025-12-01 06:00:00+00:00,short,85848.0,86062.99,SL,-3.5862,235.4927,1.5
2025-12-01 06:07:00+00:00,2025-12-01 06:14:00+00:00,short,86091.99,86280.0,SL,-3.5324,231.9603,1.5
2025-12-01 06:17:00+00:00,2025-12-01 06:46:00+00:00,short,86122.37,86297.46,SL,-3.4794,228.4809,1.5
2025-12-01 06:51:00+00:00,2025-12-01 06:57:00+00:00,short,86142.4,86328.6,SL,-3.4272,225.0537,1.5
2025-12-01 07:21:00+00:00,2025-12-01 07:27:00+00:00,short,86098.93,86279.96,SL,-3.3758,221.6779,1.5
2025-12-01 08:08:00+00:00,2025-12-01 08:11:00+00:00,long,86635.96,86439.25,SL,-3.3252,218.3527,1.5
2025-12-01 08:20:00+00:00,2025-12-01 09:01:00+00:00,long,86564.83,86912.91,TP,6.5506,224.9033,1.5
2025-12-01 09:21:00+00:00,2025-12-01 09:26:00+00:00,long,86748.87,86532.0,SL,-3.3735,221.5298,1.5
2025-12-01 09:34:00+00:00,2025-12-01 11:06:00+00:00,long,86673.49,86496.92,SL,-3.3229,218.2068,1.5
2025-12-01 11:32:00+00:00,2025-12-01 12:06:00+00:00,short,86369.64,86000.99,TP,6.5462,224.753,1.5
2025-12-01 12:31:00+00:00,2025-12-01 12:46:00+00:00,short,85765.33,85307.1,TP,6.7426,231.4956,1.5
2025-12-01 13:19:00+00:00,2025-12-01 14:04:00+00:00,short,85944.99,86268.0,SL,-3.4724,228.0232,1.5
2025-12-01 14:28:00+00:00,2025-12-01 14:31:00+00:00,long,86260.34,85949.51,SL,-3.4203,224.6028,1.5
2025-12-01 14:33:00+00:00,2025-12-01 14:42:00+00:00,long,86337.85,86149.49,SL,-3.369,221.2338,1.5
2025-12-01 14:56:00+00:00,2025-12-01 14:59:00+00:00,long,86274.0,86067.9,SL,-3.3185,217.9153,1.5
2025-12-01 15:01:00+00:00,2025-12-01 15:14:00+00:00,short,86058.01,85594.49,TP,6.5375,224.4527,1.5
2025-12-01 16:06:00+00:00,2025-12-01 16:25:00+00:00,short,84314.52,84532.0,SL,-3.3668,221.086,1.5
2025-12-01 16:46:00+00:00,2025-12-01 16:51:00+00:00,short,85056.01,84690.72,TP,6.6326,227.7185,1.5
2025-12-01 17:14:00+00:00,2025-12-01 17:21:00+00:00,short,84571.0,84817.17,SL,-3.4158,224.3028,1.5
2025-12-01 17:32:00+00:00,2025-12-01 17:36:00+00:00,short,84709.99,84893.69,SL,-3.3645,220.9382,1.5
2025-12-01 18:11:00+00:00,2025-12-01 18:36:00+00:00,long,85187.15,85015.31,SL,-3.3141,217.6241,1.5
2025-12-01 19:07:00+00:00,2025-12-01 19:11:00+00:00,short,84856.01,85054.36,SL,-3.2644,214.3598,1.5
2025-12-01 19:44:00+00:00,2025-12-01 19:50:00+00:00,short,84741.07,84977.27,SL,-3.2154,211.1444,1.5
2025-12-01 20:39:00+00:00,2025-12-01 21:01:00+00:00,long,85371.3,85716.0,TP,6.3343,217.4787,1.5
2025-12-01 21:20:00+00:00,2025-12-01 21:27:00+00:00,long,85966.22,86356.36,TP,6.5244,224.0031,1.5
2025-12-01 22:01:00+00:00,2025-12-01 22:34:00+00:00,long,86558.46,86316.01,SL,-3.36,220.643,1.5
2025-12-01 22:38:00+00:00,2025-12-01 23:51:00+00:00,long,86528.95,86348.06,SL,-3.3096,217.3334,1.5
2025-12-02 00:00:00+00:00,2025-12-02 01:04:00+00:00,long,86322.3,86727.22,TP,6.52,223.8534,1.5
2025-12-02 02:36:00+00:00,2025-12-02 02:51:00+00:00,long,86857.79,86662.22,SL,-3.3578,220.4956,1.5
2025-12-02 03:21:00+00:00,2025-12-02 03:42:00+00:00,short,86378.01,86626.0,SL,-3.3074,217.1881,1.5
2025-12-02 04:47:00+00:00,2025-12-02 08:12:00+00:00,long,87015.67,86689.61,SL,-3.2578,213.9303,1.5
2025-12-02 08:53:00+00:00,2025-12-02 09:06:00+00:00,short,86513.7,86770.31,SL,-3.209,210.7214,1.5
2025-12-02 09:15:00+00:00,2025-12-02 09:23:00+00:00,short,86602.71,86809.94,SL,-3.1608,207.5606,1.5
2025-12-02 09:32:00+00:00,2025-12-02 10:43:00+00:00,short,86782.75,87020.0,SL,-3.1134,204.4471,1.5
2025-12-02 11:21:00+00:00,2025-12-02 11:55:00+00:00,long,87183.07,87551.34,TP,6.1334,210.5806,1.5
2025-12-02 12:07:00+00:00,2025-12-02 12:35:00+00:00,long,87478.31,87296.31,SL,-3.1587,207.4218,1.5
2025-12-02 12:40:00+00:00,2025-12-02 12:56:00+00:00,long,87422.96,87235.85,SL,-3.1113,204.3105,1.5
2025-12-02 13:36:00+00:00,2025-12-02 14:07:00+00:00,long,87550.0,87981.36,TP,6.1293,210.4398,1.5
2025-12-02 14:24:00+00:00,2025-12-02 14:45:00+00:00,long,88565.41,88927.43,TP,6.3132,216.753,1.5
2025-12-02 14:47:00+00:00,2025-12-02 15:01:00+00:00,long,89092.77,89524.25,TP,6.5026,223.2556,1.5
2025-12-02 15:41:00+00:00,2025-12-02 15:51:00+00:00,long,90504.05,91001.0,TP,6.6977,229.9533,1.5
2025-12-02 15:58:00+00:00,2025-12-02 15:59:00+00:00,long,91046.19,90850.01,SL,-3.4493,226.504,1.5
2025-12-02 16:32:00+00:00,2025-12-02 16:38:00+00:00,long,90431.65,90811.74,TP,6.7951,233.2991,1.5
2025-12-02 16:51:00+00:00,2025-12-02 17:17:00+00:00,long,90843.23,91214.26,TP,6.999,240.2981,1.5
2025-12-02 18:03:00+00:00,2025-12-02 18:20:00+00:00,long,91711.35,92149.73,TP,7.2089,247.507,1.5
2025-12-02 18:36:00+00:00,2025-12-02 18:39:00+00:00,long,92183.85,91910.78,SL,-3.7126,243.7944,1.5
2025-12-02 19:01:00+00:00,2025-12-02 20:01:00+00:00,long,92026.86,91749.9,SL,-3.6569,240.1375,1.5
2025-12-02 20:08:00+00:00,2025-12-02 20:13:00+00:00,long,91832.09,91594.82,SL,-3.6021,236.5354,1.5
2025-12-02 20:28:00+00:00,2025-12-02 21:05:00+00:00,short,91049.36,91232.05,SL,-3.548,232.9874,1.5
2025-12-02 21:18:00+00:00,2025-12-02 21:26:00+00:00,short,91207.49,91414.54,SL,-3.4948,229.4926,1.5
2025-12-02 21:34:00+00:00,2025-12-02 21:51:00+00:00,short,91322.14,91567.15,SL,-3.4424,226.0502,1.5
2025-12-02 22:01:00+00:00,2025-12-02 23:34:00+00:00,long,91669.29,91476.81,SL,-3.3908,222.6595,1.5
2025-12-03 00:05:00+00:00,2025-12-03 00:09:00+00:00,short,91200.0,91452.27,SL,-3.3399,219.3196,1.5
2025-12-03 00:25:00+00:00,2025-12-03 00:44:00+00:00,short,91240.01,91473.55,SL,-3.2898,216.0298,1.5
2025-12-03 00:56:00+00:00,2025-12-03 00:59:00+00:00,short,91424.13,91660.12,SL,-3.2404,212.7893,1.5
2025-12-03 01:11:00+00:00,2025-12-03 01:47:00+00:00,long,91839.53,92209.99,TP,6.3837,219.173,1.5
2025-12-03 02:03:00+00:00,2025-12-03 02:06:00+00:00,long,92437.14,92205.4,SL,-3.2876,215.8854,1.5
2025-12-03 02:11:00+00:00,2025-12-03 02:25:00+00:00,long,92596.92,92970.34,TP,6.4766,222.362,1.5
2025-12-03 02:54:00+00:00,2025-12-03 04:27:00+00:00,long,92655.74,93137.87,TP,6.6709,229.0328,1.5
2025-12-03 04:34:00+00:00,2025-12-03 05:06:00+00:00,long,93071.53,93499.99,TP,6.871,235.9038,1.5
2025-12-03 05:29:00+00:00,2025-12-03 06:03:00+00:00,long,93351.31,93783.79,TP,7.0771,242.9809,1.5
2025-12-03 06:22:00+00:00,2025-12-03 06:40:00+00:00,long,93896.0,93645.09,SL,-3.6447,239.3362,1.5
2025-12-03 06:55:00+00:00,2025-12-03 07:15:00+00:00,long,93339.72,93114.82,SL,-3.59,235.7462,1.5
2025-12-03 07:51:00+00:00,2025-12-03 08:05:00+00:00,short,92960.77,93173.92,SL,-3.5362,232.21,1.5
2025-12-03 08:08:00+00:00,2025-12-03 09:52:00+00:00,short,92912.52,93118.24,SL,-3.4832,228.7268,1.5
2025-12-03 10:18:00+00:00,2025-12-03 10:36:00+00:00,long,93176.35,92965.19,SL,-3.4309,225.2959,1.5
2025-12-03 10:58:00+00:00,2025-12-03 13:16:00+00:00,short,92897.68,93085.18,SL,-3.3794,221.9165,1.5
2025-12-03 13:17:00+00:00,2025-12-03 14:01:00+00:00,long,93064.02,92737.55,SL,-3.3287,218.5877,1.5
2025-12-03 14:35:00+00:00,2025-12-03 14:36:00+00:00,short,92235.59,92435.99,SL,-3.2788,215.3089,1.5
2025-12-03 15:04:00+00:00,2025-12-03 15:08:00+00:00,long,92920.04,92616.74,SL,-3.2296,212.0793,1.5
2025-12-03 15:09:00+00:00,2025-12-03 15:11:00+00:00,short,92552.43,92759.44,SL,-3.1812,208.8981,1.5
2025-12-03 15:42:00+00:00,2025-12-03 15:48:00+00:00,short,92379.1,92610.4,SL,-3.1335,205.7646,1.5
2025-12-03 15:54:00+00:00,2025-12-03 16:08:00+00:00,short,92433.83,91969.04,TP,6.1729,211.9376,1.5
2025-12-03 17:19:00+00:00,2025-12-03 17:21:00+00:00,short,92260.57,92598.47,SL,-3.1791,208.7585,1.5
2025-12-03 17:48:00+00:00,2025-12-03 18:11:00+00:00,long,92899.0,93305.99,TP,6.2628,215.0213,1.5
2025-12-03 18:35:00+00:00,2025-12-03 18:46:00+00:00,long,93132.98,92913.21,SL,-3.2253,211.7959,1.5
2025-12-03 19:16:00+00:00,2025-12-03 19:20:00+00:00,short,92575.14,92775.46,SL,-3.1769,208.619,1.5
2025-12-03 19:38:00+00:00,2025-12-03 19:44:00+00:00,short,92631.0,92833.2,SL,-3.1293,205.4897,1.5
2025-12-03 20:25:00+00:00,2025-12-03 21:01:00+00:00,long,93066.99,92875.93,SL,-3.0823,202.4074,1.5
2025-12-03 21:08:00+00:00,2025-12-03 21:39:00+00:00,long,93077.0,93477.59,TP,6.0722,208.4796,1.5
2025-12-03 21:56:00+00:00,2025-12-03 22:25:00+00:00,long,93634.59,93389.97,SL,-3.1272,205.3524,1.5
2025-12-03 22:38:00+00:00,2025-12-03 23:01:00+00:00,long,93573.81,94070.91,TP,6.1606,211.513,1.5
2025-12-03 23:40:00+00:00,2025-12-04 00:07:00+00:00,long,93528.33,93307.69,SL,-3.1727,208.3403,1.5
2025-12-04 00:26:00+00:00,2025-12-04 00:40:00+00:00,short,92751.92,92940.47,SL,-3.1251,205.2152,1.5
2025-12-04 01:35:00+00:00,2025-12-04 01:46:00+00:00,long,93526.8,93325.31,SL,-3.0782,202.1369,1.5
2025-12-04 02:39:00+00:00,2025-12-04 02:48:00+00:00,long,93980.09,93790.49,SL,-3.0321,199.1049,1.5
2025-12-04 02:57:00+00:00,2025-12-04 03:15:00+00:00,long,93937.61,93686.8,SL,-1.991,197.1138,1.0
2025-12-04 03:35:00+00:00,2025-12-04 04:06:00+00:00,long,93575.3,93384.43,SL,-1.9711,195.1427,1.0
2025-12-04 04:21:00+00:00,2025-12-04 05:43:00+00:00,short,93389.24,92975.78,TP,3.9029,199.0456,1.0
2025-12-04 06:23:00+00:00,2025-12-04 06:30:00+00:00,short,93024.36,93267.62,SL,-1.9905,197.0551,1.0
2025-12-04 06:40:00+00:00,2025-12-04 07:58:00+00:00,short,93219.99,93408.4,SL,-1.9706,195.0846,1.0
2025-12-04 08:27:00+00:00,2025-12-04 08:40:00+00:00,short,93104.37,93334.0,SL,-1.9508,193.1337,1.0
2025-12-04 08:51:00+00:00,2025-12-04 09:06:00+00:00,short,93185.46,93560.0,SL,-1.9313,191.2024,1.0
2025-12-04 09:31:00+00:00,2025-12-04 10:52:00+00:00,long,93391.32,93197.8,SL,-1.912,189.2903,1.0
2025-12-04 11:17:00+00:00,2025-12-04 11:33:00+00:00,short,93227.39,92781.56,TP,3.7858,193.0762,1.0
2025-12-04 12:09:00+00:00,2025-12-04 12:41:00+00:00,short,92957.47,93174.51,SL,-1.9308,191.1454,1.0
2025-12-04 12:50:00+00:00,2025-12-04 13:04:00+00:00,short,93083.78,92582.5,TP,3.8229,194.9683,1.0
2025-12-04 13:36:00+00:00,2025-12-04 14:51:00+00:00,short,92702.01,92096.52,TP,3.8994,198.8677,1.0
2025-12-04 15:25:00+00:00,2025-12-04 15:36:00+00:00,short,92393.3,92580.77,SL,-1.9887,196.879,1.0
2025-12-04 15:37:00+00:00,2025-12-04 15:39:00+00:00,long,92825.12,93229.01,TP,3.9376,200.8166,1.0
2025-12-04 16:12:00+00:00,2025-12-04 16:38:00+00:00,long,92882.58,92585.8,SL,-3.0122,197.8043,1.5
2025-12-04 16:49:00+00:00,2025-12-04 17:10:00+00:00,short,92513.77,92141.88,TP,3.9561,201.7604,1.0
2025-12-04 17:18:00+00:00,2025-12-04 17:35:00+00:00,short,92066.02,92255.07,SL,-3.0264,198.734,1.5
2025-12-04 17:39:00+00:00,2025-12-04 17:49:00+00:00,short,91914.24,92187.01,SL,-1.9873,196.7467,1.0
2025-12-04 18:03:00+00:00,2025-12-04 18:23:00+00:00,short,92268.04,92469.13,SL,-1.9675,194.7792,1.0
2025-12-04 18:53:00+00:00,2025-12-04 19:12:00+00:00,short,92046.0,91584.13,TP,3.8956,198.6748,1.0
2025-12-04 19:53:00+00:00,2025-12-04 20:43:00+00:00,short,92025.68,92280.0,SL,-1.9867,196.688,1.0
2025-12-04 21:07:00+00:00,2025-12-04 21:20:00+00:00,long,92620.15,92412.42,SL,-1.9669,194.7211,1.0
2025-12-04 21:39:00+00:00,2025-12-04 21:46:00+00:00,long,92341.41,92153.84,SL,-1.9472,192.7739,1.0
2025-12-04 21:52:00+00:00,2025-12-05 02:26:00+00:00,long,92231.64,92614.23,TP,3.8555,196.6294,1.0
2025-12-05 02:37:00+00:00,2025-12-05 03:21:00+00:00,long,92683.4,92463.37,SL,-1.9663,194.6631,1.0
2025-12-05 03:37:00+00:00,2025-12-05 04:33:00+00:00,short,92343.49,91889.01,TP,3.8933,198.5564,1.0
2025-12-05 05:17:00+00:00,2025-12-05 07:07:00+00:00,short,92126.26,92337.99,SL,-1.9856,196.5708,1.0
2025-12-05 07:15:00+00:00,2025-12-05 08:03:00+00:00,long,92388.69,92187.46,SL,-1.9657,194.6051,1.0
2025-12-05 08:04:00+00:00,2025-12-05 09:16:00+00:00,short,92106.03,91693.28,TP,3.8921,198.4972,1.0
2025-12-05 09:34:00+00:00,2025-12-05 10:25:00+00:00,short,91199.07,91396.17,SL,-1.985,196.5122,1.0
2025-12-05 10:30:00+00:00,2025-12-05 10:43:00+00:00,short,91285.28,91487.99,SL,-1.9651,194.5471,1.0
2025-12-05 10:48:00+00:00,2025-12-05 11:08:00+00:00,short,91318.02,91515.81,SL,-1.9455,192.6016,1.0
2025-12-05 11:21:00+00:00,2025-12-05 13:04:00+00:00,short,91473.16,91083.27,TP,3.852,196.4537,1.0
2025-12-05 13:15:00+00:00,2025-12-05 13:39:00+00:00,short,90989.21,90613.99,TP,3.9291,200.3828,1.0
2025-12-05 14:15:00+00:00,2025-12-05 14:41:00+00:00,short,90477.96,90033.73,TP,6.0115,206.3942,1.5
2025-12-05 14:47:00+00:00,2025-12-05 15:00:00+00:00,short,90154.09,90484.42,SL,-3.0959,203.2983,1.5
2025-12-05 15:31:00+00:00,2025-12-05 15:38:00+00:00,long,91307.07,91104.0,SL,-3.0495,200.2488,1.5
2025-12-05 16:39:00+00:00,2025-12-05 16:42:00+00:00,short,88583.14,88191.6,TP,6.0075,206.2563,1.5
2025-12-05 17:10:00+00:00,2025-12-05 17:20:00+00:00,short,88746.27,89012.92,SL,-3.0938,203.1625,1.5
2025-12-05 17:26:00+00:00,2025-12-05 17:32:00+00:00,short,88760.43,89149.42,SL,-3.0474,200.115,1.5
2025-12-05 17:37:00+00:00,2025-12-05 17:46:00+00:00,short,88892.46,89129.72,SL,-3.0017,197.1133,1.5
2025-12-05 18:00:00+00:00,2025-12-05 18:05:00+00:00,short,89278.79,89486.01,SL,-1.9711,195.1422,1.0
2025-12-05 18:52:00+00:00,2025-12-05 19:15:00+00:00,short,88967.72,89238.25,SL,-1.9514,193.1908,1.0
2025-12-05 19:38:00+00:00,2025-12-05 20:38:00+00:00,long,89550.38,89350.72,SL,-1.9319,191.2588,1.0
2025-12-05 21:25:00+00:00,2025-12-05 22:01:00+00:00,short,89398.11,88991.69,TP,3.8252,195.084,1.0
2025-12-05 22:13:00+00:00,2025-12-05 22:16:00+00:00,short,88926.28,89105.94,SL,-1.9508,193.1332,1.0
2025-12-05 22:34:00+00:00,2025-12-05 22:49:00+00:00,short,89142.56,89329.76,SL,-1.9313,191.2018,1.0
2025-12-05 22:53:00+00:00,2025-12-06 00:39:00+00:00,short,89224.01,89436.64,SL,-1.912,189.2898,1.0
2025-12-06 01:15:00+00:00,2025-12-06 01:42:00+00:00,long,89395.87,89207.43,SL,-1.8929,187.3969,1.0
2025-12-06 01:47:00+00:00,2025-12-06 03:07:00+00:00,long,89337.39,89706.0,TP,3.7479,191.1449,1.0
2025-12-06 03:34:00+00:00,2025-12-06 04:11:00+00:00,long,89752.61,89562.03,SL,-1.9114,189.2334,1.0
2025-12-06 04:20:00+00:00,2025-12-06 08:20:00+00:00,long,89618.47,89420.0,SL,-1.8923,187.3411,1.0
2025-12-06 08:56:00+00:00,2025-12-06 09:10:00+00:00,short,89267.24,89445.98,SL,-1.8734,185.4677,1.0
2025-12-06 09:26:00+00:00,2025-12-06 14:16:00+00:00,long,89607.84,89980.0,TP,3.7094,189.177,1.0
2025-12-06 14:41:00+00:00,2025-12-06 15:06:00+00:00,long,90074.36,89834.18,SL,-1.8918,187.2853,1.0
2025-12-06 16:05:00+00:00,2025-12-06 16:49:00+00:00,long,89939.19,89752.0,SL,-1.8729,185.4124,1.0
2025-12-06 17:16:00+00:00,2025-12-06 17:29:00+00:00,short,89660.76,89844.48,SL,-1.8541,183.5583,1.0
2025-12-06 17:35:00+00:00,2025-12-06 22:12:00+00:00,short,89687.19,89295.67,TP,3.6712,187.2294,1.0
2025-12-06 22:26:00+00:00,2025-12-06 23:21:00+00:00,short,89408.95,89008.92,TP,3.7446,190.974,1.0
2025-12-07 00:00:00+00:00,2025-12-07 00:31:00+00:00,short,89206.88,89403.72,SL,-1.9097,189.0643,1.0
2025-12-07 01:12:00+00:00,2025-12-07 01:59:00+00:00,long,89498.8,89300.0,SL,-1.8906,187.1737,1.0
2025-12-07 02:45:00+00:00,2025-12-07 07:33:00+00:00,long,89450.17,89270.2,SL,-1.8717,185.3019,1.0
2025-12-07 08:04:00+00:00,2025-12-07 08:40:00+00:00,short,89291.84,89470.56,SL,-1.853,183.4489,1.0
2025-12-07 09:20:00+00:00,2025-12-07 12:46:00+00:00,short,89302.0,89511.51,SL,-1.8345,181.6144,1.0
2025-12-07 14:04:00+00:00,2025-12-07 14:24:00+00:00,short,88900.01,88368.87,TP,3.6323,185.2467,1.0
2025-12-07 15:19:00+00:00,2025-12-07 15:34:00+00:00,short,88689.01,88943.84,SL,-1.8525,183.3942,1.0
2025-12-07 15:35:00+00:00,2025-12-07 15:55:00+00:00,long,89017.33,89485.06,TP,3.6679,187.0621,1.0
2025-12-07 16:35:00+00:00,2025-12-07 16:59:00+00:00,long,89391.23,89893.38,TP,3.7412,190.8034,1.0
2025-12-07 17:13:00+00:00,2025-12-07 17:18:00+00:00,long,89834.55,90212.49,TP,3.8161,194.6194,1.0
2025-12-07 18:02:00+00:00,2025-12-07 18:18:00+00:00,long,91171.36,91595.0,TP,3.8924,198.5118,1.0
2025-12-07 18:25:00+00:00,2025-12-07 18:40:00+00:00,long,91633.8,91442.63,SL,-1.9851,196.5267,1.0
2025-12-07 19:01:00+00:00,2025-12-07 19:38:00+00:00,long,91426.98,91243.26,SL,-1.9653,194.5614,1.0
2025-12-07 19:43:00+00:00,2025-12-07 21:21:00+00:00,long,91333.98,91080.58,SL,-1.9456,192.6158,1.0
2025-12-07 21:37:00+00:00,2025-12-07 21:45:00+00:00,short,90794.74,90325.1,TP,3.8523,196.4681,1.0
2025-12-07 22:05:00+00:00,2025-12-07 22:07:00+00:00,short,89590.28,89065.13,TP,3.9294,200.3975,1.0
2025-12-07 22:49:00+00:00,2025-12-07 22:55:00+00:00,short,89986.17,89472.67,TP,6.0119,206.4094,1.5
2025-12-07 23:35:00+00:00,2025-12-07 23:51:00+00:00,short,89995.43,90190.69,SL,-3.0961,203.3133,1.5
2025-12-08 00:04:00+00:00,2025-12-08 00:08:00+00:00,long,90369.6,90131.84,SL,-3.0497,200.2636,1.5
2025-12-08 00:23:00+00:00,2025-12-08 01:09:00+00:00,long,90279.01,90678.78,TP,6.0079,206.2715,1.5
2025-12-08 01:22:00+00:00,2025-12-08 01:28:00+00:00,long,90776.8,91230.76,TP,6.1881,212.4596,1.5
2025-12-08 02:08:00+00:00,2025-12-08 02:55:00+00:00,long,90988.0,91413.96,TP,6.3738,218.8334,1.5
2025-12-08 03:19:00+00:00,2025-12-08 03:38:00+00:00,long,91292.02,91070.52,SL,-3.2825,215.5509,1.5
2025-12-08 03:49:00+00:00,2025-12-08 06:30:00+00:00,long,91082.66,91486.01,TP,6.4665,222.0174,1.5
2025-12-08 07:15:00+00:00,2025-12-08 07:36:00+00:00,long,91437.73,91811.79,TP,6.6605,228.678,1.5
2025-12-08 08:04:00+00:00,2025-12-08 08:55:00+00:00,long,91540.95,91923.7,TP,6.8603,235.5383,1.5
2025-12-08 09:36:00+00:00,2025-12-08 10:04:00+00:00,long,92049.42,91843.03,SL,-3.5331,232.0052,1.5
2025-12-08 10:09:00+00:00,2025-12-08 12:34:00+00:00,long,91936.47,91736.29,SL,-3.4801,228.5251,1.5
2025-12-08 12:53:00+00:00,2025-12-08 13:10:00+00:00,short,91737.49,91979.65,SL,-3.4279,225.0973,1.5
2025-12-08 13:16:00+00:00,2025-12-08 13:41:00+00:00,short,91805.09,91425.23,TP,6.7529,231.8502,1.5
2025-12-08 13:53:00+00:00,2025-12-08 14:36:00+00:00,short,91528.12,91044.04,TP,6.9555,238.8057,1.5
2025-12-08 14:56:00+00:00,2025-12-08 15:08:00+00:00,short,90998.64,90608.0,TP,7.1642,245.9699,1.5
2025-12-08 15:23:00+00:00,2025-12-08 15:33:00+00:00,short,89932.0,90182.33,SL,-3.6895,242.2803,1.5
2025-12-08 15:43:00+00:00,2025-12-08 15:49:00+00:00,short,89667.27,89849.25,SL,-3.6342,238.6461,1.5
2025-12-08 16:02:00+00:00,2025-12-08 16:07:00+00:00,short,89755.01,90081.62,SL,-3.5797,235.0664,1.5
2025-12-08 16:17:00+00:00,2025-12-08 16:20:00+00:00,short,89911.32,90256.03,SL,-3.526,231.5404,1.5
2025-12-08 16:34:00+00:00,2025-12-08 16:49:00+00:00,short,90233.53,89862.96,TP,6.9462,238.4866,1.5
2025-12-08 17:02:00+00:00,2025-12-08 17:03:00+00:00,short,89777.52,89969.68,SL,-3.5773,234.9093,1.5
2025-12-08 17:19:00+00:00,2025-12-08 17:57:00+00:00,short,90036.01,90261.14,SL,-3.5236,231.3857,1.5
2025-12-08 18:21:00+00:00,2025-12-08 18:26:00+00:00,long,90488.2,90293.66,SL,-3.4708,227.9149,1.5
2025-12-08 18:51:00+00:00,2025-12-08 18:56:00+00:00,short,90272.05,89889.44,TP,6.8374,234.7524,1.5
2025-12-08 19:40:00+00:00,2025-12-08 19:53:00+00:00,short,90130.14,90310.73,SL,-3.5213,231.2311,1.5
2025-12-08 19:57:00+00:00,2025-12-08 20:03:00+00:00,short,90124.32,90308.63,SL,-3.4685,227.7626,1.5
2025-12-08 20:19:00+00:00,2025-12-08 20:53:00+00:00,long,90507.31,90905.36,TP,6.8329,234.5955,1.5
2025-12-08 21:05:00+00:00,2025-12-08 21:50:00+00:00,long,90887.54,91328.02,TP,7.0379,241.6334,1.5
2025-12-08 22:29:00+00:00,2025-12-08 22:44:00+00:00,long,90971.5,90768.0,SL,-3.6245,238.0089,1.5
2025-12-08 22:46:00+00:00,2025-12-08 23:20:00+00:00,long,90842.14,90617.04,SL,-3.5701,234.4387,1.5
2025-12-08 23:48:00+00:00,2025-12-09 00:13:00+00:00,short,90572.98,90762.37,SL,-3.5166,230.9221,1.5
2025-12-09 00:23:00+00:00,2025-12-09 00:53:00+00:00,short,90745.04,90365.47,TP,6.9277,237.8498,1.5
2025-12-09 01:26:00+00:00,2025-12-09 01:41:00+00:00,short,90432.24,90064.16,TP,7.1355,244.9853,1.5
2025-12-09 01:49:00+00:00,2025-12-09 02:04:00+00:00,short,90013.16,90237.61,SL,-3.6748,241.3105,1.5
2025-12-09 02:33:00+00:00,2025-12-09 03:19:00+00:00,short,90224.27,89854.09,TP,7.2393,248.5498,1.5
2025-12-09 04:11:00+00:00,2025-12-09 04:31:00+00:00,long,90499.99,90244.82,SL,-3.7282,244.8216,1.5
2025-12-09 05:09:00+00:00,2025-12-09 05:30:00+00:00,short,89787.66,90037.53,SL,-3.6723,241.1493,1.5
2025-12-09 06:13:00+00:00,2025-12-09 06:53:00+00:00,short,89958.99,90217.55,SL,-3.6172,237.532,1.5
2025-12-09 07:20:00+00:00,2025-12-09 10:08:00+00:00,long,90293.65,90103.55,SL,-3.563,233.969,1.5
2025-12-09 10:09:00+00:00,2025-12-09 10:33:00+00:00,short,90068.25,90286.35,SL,-3.5095,230.4595,1.5
2025-12-09 10:39:00+00:00,2025-12-09 10:50:00+00:00,short,90001.23,90217.55,SL,-3.4569,227.0026,1.5
2025-12-09 11:11:00+00:00,2025-12-09 12:01:00+00:00,short,90247.23,90430.7,SL,-3.405,223.5976,1.5
2025-12-09 12:17:00+00:00,2025-12-09 13:42:00+00:00,long,90508.54,90285.64,SL,-3.354,220.2436,1.5
2025-12-09 14:10:00+00:00,2025-12-09 14:32:00+00:00,short,90390.38,90013.11,TP,6.6073,226.8509,1.5
2025-12-09 14:43:00+00:00,2025-12-09 15:00:00+00:00,short,90199.99,90410.26,SL,-3.4028,223.4482,1.5
2025-12-09 15:20:00+00:00,2025-12-09 15:23:00+00:00,long,90949.99,90742.95,SL,-3.3517,220.0964,1.5
2025-12-09 15:28:00+00:00,2025-12-09 15:37:00+00:00,long,90964.16,91424.01,TP,6.6029,226.6993,1.5
2025-12-09 16:00:00+00:00,2025-12-09 16:10:00+00:00,long,92970.19,93409.22,TP,6.801,233.5003,1.5
2025-12-09 16:35:00+00:00,2025-12-09 16:47:00+00:00,long,93858.15,94270.4,TP,7.005,240.5053,1.5
2025-12-09 17:31:00+00:00,2025-12-09 17:32:00+00:00,long,93924.86,93721.44,SL,-3.6076,236.8977,1.5
2025-12-09 17:37:00+00:00,2025-12-09 18:19:00+00:00,long,93730.62,94134.93,TP,7.1069,244.0047,1.5
2025-12-09 18:54:00+00:00,2025-12-09 19:03:00+00:00,long,93972.09,93767.97,SL,-3.6601,240.3446,1.5
2025-12-09 19:11:00+00:00,2025-12-09 20:02:00+00:00,long,93873.29,93669.62,SL,-3.6052,236.7394,1.5
2025-12-09 20:10:00+00:00,2025-12-09 20:16:00+00:00,long,93750.0,93511.27,SL,-3.5511,233.1883,1.5
2025-12-09 20:34:00+00:00,2025-12-09 20:37:00+00:00,short,92846.36,93106.04,SL,-3.4978,229.6905,1.5
2025-12-09 21:09:00+00:00,2025-12-09 21:45:00+00:00,short,93031.5,92650.0,TP,6.8907,236.5812,1.5
2025-12-09 22:15:00+00:00,2025-12-09 22:36:00+00:00,short,92606.63,92800.01,SL,-3.5487,233.0325,1.5
2025-12-09 22:52:00+00:00,2025-12-10 00:16:00+00:00,short,92887.11,92482.72,TP,6.991,240.0235,1.5
2025-12-10 00:46:00+00:00,2025-12-10 01:32:00+00:00,short,92400.59,92000.01,TP,7.2007,247.2242,1.5
2025-12-10 02:00:00+00:00,2025-12-10 02:20:00+00:00,short,92247.11,92439.6,SL,-3.7084,243.5158,1.5
2025-12-10 03:08:00+00:00,2025-12-10 04:18:00+00:00,short,92413.03,92657.82,SL,-3.6527,239.8631,1.5
2025-12-10 04:36:00+00:00,2025-12-10 09:54:00+00:00,long,92516.08,92905.91,TP,7.1959,247.059,1.5
2025-12-10 11:16:00+00:00,2025-12-10 11:45:00+00:00,short,92305.7,91880.95,TP,7.4118,254.4708,1.5
2025-12-10 12:12:00+00:00,2025-12-10 14:52:00+00:00,short,92049.99,91659.62,TP,7.6341,262.1049,1.5
2025-12-10 15:17:00+00:00,2025-12-10 16:12:00+00:00,short,92008.21,92229.12,SL,-3.9316,258.1733,1.5
2025-12-10 17:06:00+00:00,2025-12-10 18:35:00+00:00,long,92221.09,92666.0,TP,7.7452,265.9185,1.5
2025-12-10 18:48:00+00:00,2025-12-10 18:50:00+00:00,long,92789.55,92601.98,SL,-3.9888,261.9297,1.5
2025-12-10 19:00:00+00:00,2025-12-10 19:01:00+00:00,long,92920.0,92609.63,SL,-3.9289,258.0008,1.5
2025-12-10 19:02:00+00:00,2025-12-10 19:06:00+00:00,short,92214.03,92549.76,SL,-3.87,254.1308,1.5
2025-12-10 19:08:00+00:00,2025-12-10 19:14:00+00:00,long,92595.86,93001.71,TP,7.6239,261.7547,1.5
2025-12-10 19:33:00+00:00,2025-12-10 19:36:00+00:00,long,92966.02,92736.98,SL,-3.9263,257.8284,1.5
2025-12-10 19:52:00+00:00,2025-12-10 20:01:00+00:00,long,92956.91,92727.99,SL,-3.8674,253.9609,1.5
2025-12-10 20:05:00+00:00,2025-12-10 20:08:00+00:00,long,92999.92,93426.3,TP,7.6188,261.5798,1.5
2025-12-10 20:46:00+00:00,2025-12-10 20:47:00+00:00,long,93807.99,93381.53,SL,-3.9237,257.6561,1.5
2025-12-10 21:32:00+00:00,2025-12-10 21:36:00+00:00,short,92197.88,92398.0,SL,-3.8648,253.7912,1.5
2025-12-10 21:56:00+00:00,2025-12-10 22:18:00+00:00,short,92508.9,92028.08,TP,7.6137,261.405,1.5
2025-12-10 22:50:00+00:00,2025-12-10 23:37:00+00:00,short,92442.21,92069.54,TP,7.8421,269.2471,1.5
2025-12-10 23:44:00+00:00,2025-12-11 00:33:00+00:00,short,92000.01,91595.91,TP,8.0774,277.3245,1.5
2025-12-11 01:10:00+00:00,2025-12-11 01:21:00+00:00,short,91156.1,90749.5,TP,8.3197,285.6443,1.5
2025-12-11 01:40:00+00:00,2025-12-11 02:00:00+00:00,short,90926.97,90522.62,TP,8.5693,294.2136,1.5
2025-12-11 02:31:00+00:00,2025-12-11 02:42:00+00:00,short,89991.09,90192.42,SL,-4.4132,289.8004,1.5
2025-12-11 03:01:00+00:00,2025-12-11 03:11:00+00:00,short,89940.01,89500.0,TP,8.694,298.4944,1.5
2025-12-11 03:31:00+00:00,2025-12-11 03:36:00+00:00,short,89638.8,89859.86,SL,-4.4774,294.017,1.5
2025-12-11 03:56:00+00:00,2025-12-11 04:10:00+00:00,short,89809.75,89994.27,SL,-4.4103,289.6067,1.5
2025-12-11 04:17:00+00:00,2025-12-11 04:30:00+00:00,short,89907.75,90108.51,SL,-4.3441,285.2626,1.5
2025-12-11 04:38:00+00:00,2025-12-11 04:49:00+00:00,short,90050.01,90251.86,SL,-4.2789,280.9837,1.5
2025-12-11 05:21:00+00:00,2025-12-11 06:20:00+00:00,long,90279.17,90073.48,SL,-4.2148,276.7689,1.5
2025-12-11 07:03:00+00:00,2025-12-11 07:27:00+00:00,long,90327.05,90123.15,SL,-4.1515,272.6174,1.5
2025-12-11 07:41:00+00:00,2025-12-11 09:15:00+00:00,short,90146.26,90338.53,SL,-4.0893,268.5281,1.5
2025-12-11 09:31:00+00:00,2025-12-11 09:54:00+00:00,long,90458.75,90237.35,SL,-4.0279,264.5002,1.5
2025-12-11 10:03:00+00:00,2025-12-11 12:54:00+00:00,long,90314.48,90132.12,SL,-3.9675,260.5327,1.5
2025-12-11 13:08:00+00:00,2025-12-11 14:23:00+00:00,short,90035.66,90222.47,SL,-3.908,256.6247,1.5
2025-12-11 14:36:00+00:00,2025-12-11 14:48:00+00:00,long,90299.87,89996.45,SL,-3.8494,252.7754,1.5
2025-12-11 16:05:00+00:00,2025-12-11 16:38:00+00:00,short,89620.0,89842.5,SL,-3.7916,248.9837,1.5
2025-12-11 16:51:00+00:00,2025-12-11 17:24:00+00:00,short,89903.0,90103.68,SL,-3.7348,245.249,1.5
2025-12-11 18:02:00+00:00,2025-12-11 18:21:00+00:00,long,90105.12,90468.39,TP,7.3575,252.6064,1.5
2025-12-11 18:36:00+00:00,2025-12-11 18:43:00+00:00,long,90582.2,90986.54,TP,7.5782,260.1846,1.5
2025-12-11 19:15:00+00:00,2025-12-11 19:23:00+00:00,long,90760.99,91154.07,TP,7.8055,267.9902,1.5
2025-12-11 20:04:00+00:00,2025-12-11 20:33:00+00:00,long,91101.85,91477.18,TP,8.0397,276.0299,1.5
2025-12-11 20:52:00+00:00,2025-12-11 21:07:00+00:00,long,91610.0,92034.86,TP,8.2809,284.3108,1.5
2025-12-11 21:30:00+00:00,2025-12-11 21:35:00+00:00,long,93467.81,93241.27,SL,-4.2647,280.0461,1.5
2025-12-11 22:13:00+00:00,2025-12-11 22:17:00+00:00,long,92956.38,92654.59,SL,-4.2007,275.8454,1.5
2025-12-11 22:33:00+00:00,2025-12-11 22:43:00+00:00,long,92552.11,92301.0,SL,-4.1377,271.7077,1.5
2025-12-11 22:55:00+00:00,2025-12-11 23:12:00+00:00,long,92239.09,92642.85,TP,8.1512,279.859,1.5
2025-12-11 23:33:00+00:00,2025-12-11 23:54:00+00:00,long,92650.0,92459.51,SL,-4.1979,275.6611,1.5
2025-12-12 00:15:00+00:00,2025-12-12 00:48:00+00:00,long,92463.59,92223.49,SL,-4.1349,271.5262,1.5
2025-12-12 01:41:00+00:00,2025-12-12 02:13:00+00:00,short,92210.08,92481.88,SL,-4.0729,267.4533,1.5
2025-12-12 02:48:00+00:00,2025-12-12 03:16:00+00:00,long,92567.63,92276.24,SL,-4.0118,263.4415,1.5
2025-12-12 03:55:00+00:00,2025-12-12 05:02:00+00:00,short,92280.1,92465.93,SL,-3.9516,259.4899,1.5
2025-12-12 06:04:00+00:00,2025-12-12 07:28:00+00:00,long,92571.32,92379.29,SL,-3.8923,255.5975,1.5
2025-12-12 07:31:00+00:00,2025-12-12 07:38:00+00:00,long,92482.82,92278.77,SL,-3.834,251.7635,1.5
2025-12-12 08:03:00+00:00,2025-12-12 10:09:00+00:00,short,92408.84,92597.57,SL,-3.7765,247.9871,1.5
2025-12-12 10:48:00+00:00,2025-12-12 11:19:00+00:00,long,92482.39,92275.86,SL,-3.7198,244.2673,1.5
2025-12-12 11:38:00+00:00,2025-12-12 13:18:00+00:00,short,92319.28,92511.2,SL,-3.664,240.6033,1.5
2025-12-12 13:40:00+00:00,2025-12-12 14:15:00+00:00,long,92365.0,92167.42,SL,-3.609,236.9942,1.5
2025-12-12 14:25:00+00:00,2025-12-12 14:32:00+00:00,short,92176.94,92395.07,SL,-3.5549,233.4393,1.5
2025-12-12 14:49:00+00:00,2025-12-12 14:54:00+00:00,short,92307.84,92574.64,SL,-3.5016,229.9377,1.5
2025-12-12 14:55:00+00:00,2025-12-12 15:00:00+00:00,long,92527.15,92315.79,SL,-3.4491,226.4887,1.5
2025-12-12 15:57:00+00:00,2025-12-12 16:25:00+00:00,short,90050.19,90239.36,SL,-3.3973,223.0913,1.5
2025-12-12 16:33:00+00:00,2025-12-12 16:40:00+00:00,short,89944.74,89573.58,TP,6.6927,229.7841,1.5
2025-12-12 17:21:00+00:00,2025-12-12 17:27:00+00:00,short,90316.81,89862.31,TP,6.8935,236.6776,1.5
2025-12-12 17:51:00+00:00,2025-12-12 18:12:00+00:00,short,90040.82,90321.43,SL,-3.5502,233.1274,1.5
2025-12-12 18:23:00+00:00,2025-12-12 18:27:00+00:00,short,90251.08,90456.05,SL,-3.4969,229.6305,1.5
2025-12-12 18:28:00+00:00,2025-12-12 18:57:00+00:00,long,90539.77,90285.04,SL,-3.4445,226.1861,1.5
2025-12-12 19:37:00+00:00,2025-12-12 21:09:00+00:00,short,90145.35,90335.73,SL,-3.3928,222.7933,1.5
2025-12-12 21:13:00+00:00,2025-12-12 21:24:00+00:00,long,90322.44,90112.52,SL,-3.3419,219.4514,1.5
2025-12-12 22:03:00+00:00,2025-12-13 10:41:00+00:00,long,90249.81,90628.99,TP,6.5835,226.0349,1.5
2025-12-13 11:40:00+00:00,2025-12-13 14:29:00+00:00,short,90380.0,89961.12,TP,6.781,232.816,1.5
2025-12-13 14:55:00+00:00,2025-12-14 00:32:00+00:00,short,90148.9,90374.48,SL,-3.4922,229.3237,1.5
2025-12-14 00:44:00+00:00,2025-12-14 01:35:00+00:00,long,90453.77,90272.74,SL,-3.4399,225.8839,1.5
2025-12-14 02:22:00+00:00,2025-12-14 04:42:00+00:00,long,90347.95,90152.48,SL,-3.3883,222.4956,1.5
2025-12-14 05:08:00+00:00,2025-12-14 11:04:00+00:00,short,90134.36,89644.01,TP,6.6749,229.1705,1.5
2025-12-14 11:25:00+00:00,2025-12-14 11:41:00+00:00,short,89613.01,89250.01,TP,6.8751,236.0456,1.5
2025-12-14 12:05:00+00:00,2025-12-14 12:11:00+00:00,short,89169.43,89410.0,SL,-3.5407,232.5049,1.5
2025-12-14 12:26:00+00:00,2025-12-14 12:43:00+00:00,short,89419.73,89608.03,SL,-3.4876,229.0173,1.5
2025-12-14 12:49:00+00:00,2025-12-14 14:34:00+00:00,short,89520.74,89075.86,TP,6.8705,235.8878,1.5
2025-12-14 15:10:00+00:00,2025-12-14 16:21:00+00:00,short,88970.15,89252.16,SL,-3.5383,232.3495,1.5
2025-12-14 16:32:00+00:00,2025-12-14 17:15:00+00:00,short,89032.18,88642.57,TP,6.9705,239.32,1.5
2025-12-14 17:31:00+00:00,2025-12-14 17:54:00+00:00,short,88668.56,88910.62,SL,-3.5898,235.7302,1.5
2025-12-14 18:00:00+00:00,2025-12-14 18:05:00+00:00,short,88736.17,88916.04,SL,-3.536,232.1943,1.5
2025-12-14 18:22:00+00:00,2025-12-14 19:18:00+00:00,short,88923.29,88502.04,TP,6.9658,239.1601,1.5
2025-12-14 19:40:00+00:00,2025-12-14 20:02:00+00:00,short,88536.01,88727.6,SL,-3.5874,235.5727,1.5
2025-12-14 20:08:00+00:00,2025-12-14 20:14:00+00:00,short,88590.25,88803.06,SL,-3.5336,232.0391,1.5
2025-12-14 20:23:00+00:00,2025-12-14 22:30:00+00:00,short,88655.74,88212.0,TP,6.9612,239.0003,1.5
2025-12-14 23:05:00+00:00,2025-12-14 23:32:00+00:00,short,88203.73,87600.52,TP,7.17,246.1703,1.5
2025-12-14 23:59:00+00:00,2025-12-15 00:01:00+00:00,short,88172.17,88464.78,SL,-3.6926,242.4777,1.5
2025-12-15 00:07:00+00:00,2025-12-15 00:22:00+00:00,short,88290.71,88500.0,SL,-3.6372,238.8406,1.5
2025-12-15 00:49:00+00:00,2025-12-15 01:20:00+00:00,long,88326.37,88680.0,TP,7.1652,246.0058,1.5
2025-12-15 01:22:00+00:00,2025-12-15 01:35:00+00:00,long,88681.14,89065.13,TP,7.3802,253.3859,1.5
2025-12-15 01:50:00+00:00,2025-12-15 02:08:00+00:00,long,89234.4,89650.0,TP,7.6016,260.9875,1.5
2025-12-15 02:17:00+00:00,2025-12-15 02:39:00+00:00,long,89785.06,89558.37,SL,-3.9148,257.0727,1.5
2025-12-15 02:58:00+00:00,2025-12-15 04:51:00+00:00,long,89323.88,89768.61,TP,7.7122,264.7849,1.5
2025-12-15 05:15:00+00:00,2025-12-15 05:53:00+00:00,long,89691.61,89493.65,SL,-3.9718,260.8131,1.5
2025-12-15 05:55:00+00:00,2025-12-15 09:25:00+00:00,long,89551.41,89916.19,TP,7.8244,268.6375,1.5
2025-12-15 09:31:00+00:00,2025-12-15 11:40:00+00:00,long,89903.47,89708.76,SL,-4.0296,264.6079,1.5
2025-12-15 12:01:00+00:00,2025-12-15 12:43:00+00:00,short,89559.6,89747.88,SL,-3.9691,260.6388,1.5
2025-12-15 12:47:00+00:00,2025-12-15 13:35:00+00:00,short,89690.19,89295.92,TP,7.8192,268.458,1.5
2025-12-15 13:55:00+00:00,2025-12-15 14:17:00+00:00,short,89465.07,89686.05,SL,-4.0269,264.4311,1.5
2025-12-15 14:22:00+00:00,2025-12-15 14:33:00+00:00,short,89534.71,89113.1,TP,7.9329,272.3641,1.5
2025-12-15 14:37:00+00:00,2025-12-15 14:38:00+00:00,long,89876.41,89527.16,SL,-4.0855,268.2786,1.5
2025-12-15 14:42:00+00:00,2025-12-15 14:48:00+00:00,short,89246.78,88847.76,TP,8.0484,276.327,1.5
2025-12-15 15:15:00+00:00,2025-12-15 15:22:00+00:00,short,87307.34,86951.01,TP,8.2898,284.6168,1.5
2025-12-15 15:53:00+00:00,2025-12-15 15:55:00+00:00,short,86752.0,86960.52,SL,-4.2693,280.3475,1.5
2025-12-15 16:13:00+00:00,2025-12-15 16:21:00+00:00,short,86935.72,87113.62,SL,-4.2052,276.1423,1.5
2025-12-15 16:24:00+00:00,2025-12-15 16:34:00+00:00,short,86941.86,86591.01,TP,8.2843,284.4266,1.5
2025-12-15 17:15:00+00:00,2025-12-15 17:24:00+00:00,short,86135.99,86320.3,SL,-4.2664,280.1602,1.5
2025-12-15 17:31:00+00:00,2025-12-15 17:34:00+00:00,short,86112.46,85764.15,TP,8.4048,288.565,1.5
2025-12-15 17:51:00+00:00,2025-12-15 17:53:00+00:00,short,85604.39,85779.0,SL,-4.3285,284.2365,1.5
2025-12-15 18:21:00+00:00,2025-12-15 18:34:00+00:00,short,85707.4,85357.82,TP,8.5271,292.7636,1.5
2025-12-15 19:09:00+00:00,2025-12-15 19:17:00+00:00,short,86242.59,85892.28,TP,8.7829,301.5465,1.5
2025-12-15 19:28:00+00:00,2025-12-15 20:11:00+00:00,short,86183.38,85833.84,TP,9.0464,310.5929,1.5
2025-12-15 20:47:00+00:00,2025-12-15 21:27:00+00:00,short,85861.7,86047.32,SL,-4.6589,305.934,1.5
2025-12-15 21:55:00+00:00,2025-12-15 22:18:00+00:00,long,86188.92,86012.3,SL,-4.589,301.345,1.5
2025-12-15 22:46:00+00:00,2025-12-15 22:59:00+00:00,short,86045.92,86259.31,SL,-4.5202,296.8248,1.5
2025-12-15 23:33:00+00:00,2025-12-16 00:37:00+00:00,long,86336.54,86153.99,SL,-4.4524,292.3724,1.5
2025-12-16 01:19:00+00:00,2025-12-16 02:26:00+00:00,short,85902.73,86141.4,SL,-4.3856,287.9869,1.5
2025-12-16 03:04:00+00:00,2025-12-16 03:33:00+00:00,short,85888.01,85386.01,TP,8.6396,296.6265,1.5
2025-12-16 04:02:00+00:00,2025-12-16 04:49:00+00:00,short,85808.26,85411.69,TP,8.8988,305.5253,1.5
2025-12-16 05:19:00+00:00,2025-12-16 06:21:00+00:00,long,85991.84,86349.72,TP,9.1658,314.691,1.5
2025-12-16 06:51:00+00:00,2025-12-16 07:13:00+00:00,long,86611.69,86424.12,SL,-4.7204,309.9707,1.5
2025-12-16 07:29:00+00:00,2025-12-16 07:40:00+00:00,long,86227.32,85957.07,SL,-4.6496,305.3211,1.5
2025-12-16 08:18:00+00:00,2025-12-16 08:29:00+00:00,short,86044.76,86271.71,SL,-4.5798,300.7413,1.5
2025-12-16 08:44:00+00:00,2025-12-16 10:39:00+00:00,long,86280.0,86761.87,TP,9.0222,309.7635,1.5
2025-12-16 11:16:00+00:00,2025-12-16 12:45:00+00:00,long,87032.01,87400.55,TP,9.2929,319.0564,1.5
2025-12-16 13:14:00+00:00,2025-12-16 13:34:00+00:00,long,87218.06,86867.25,SL,-4.7858,314.2706,1.5
2025-12-16 13:54:00+00:00,2025-12-16 13:59:00+00:00,short,86871.41,86443.02,TP,9.4281,323.6987,1.5
2025-12-16 14:26:00+00:00,2025-12-16 14:30:00+00:00,short,86792.57,87174.41,SL,-4.8555,318.8432,1.5
2025-12-16 14:50:00+00:00,2025-12-16 14:51:00+00:00,long,87710.51,87444.7,SL,-4.7826,314.0606,1.5
2025-12-16 15:01:00+00:00,2025-12-16 15:02:00+00:00,long,87375.63,87133.72,SL,-4.7109,309.3497,1.5
2025-12-16 15:07:00+00:00,2025-12-16 15:09:00+00:00,long,87433.33,87195.4,SL,-4.6402,304.7094,1.5
2025-12-16 15:29:00+00:00,2025-12-16 15:45:00+00:00,long,87163.39,87517.78,TP,9.1413,313.8507,1.5
2025-12-16 16:21:00+00:00,2025-12-16 16:34:00+00:00,long,87914.21,87670.78,SL,-4.7078,309.1429,1.5
2025-12-16 16:49:00+00:00,2025-12-16 17:25:00+00:00,long,87579.2,87384.62,SL,-4.6371,304.5058,1.5
2025-12-16 17:35:00+00:00,2025-12-16 17:37:00+00:00,long,87496.97,87320.58,SL,-4.5676,299.9382,1.5
2025-12-16 17:38:00+00:00,2025-12-16 18:07:00+00:00,short,87282.96,87496.05,SL,-4.4991,295.4391,1.5
2025-12-16 18:19:00+00:00,2025-12-16 18:31:00+00:00,short,87347.35,87671.33,SL,-4.4316,291.0075,1.5
2025-12-16 18:53:00+00:00,2025-12-16 18:55:00+00:00,long,87995.38,87790.25,SL,-4.3651,286.6424,1.5
2025-12-16 20:24:00+00:00,2025-12-16 21:42:00+00:00,long,87552.25,87906.29,TP,8.5993,295.2417,1.5
2025-12-16 22:04:00+00:00,2025-12-16 22:13:00+00:00,long,87855.25,87637.9,SL,-4.4286,290.8131,1.5
2025-12-16 22:21:00+00:00,2025-12-17 00:14:00+00:00,long,87738.02,87540.57,SL,-4.3622,286.4509,1.5
2025-12-17 00:32:00+00:00,2025-12-17 01:04:00+00:00,short,87450.45,87655.02,SL,-4.2968,282.1541,1.5
2025-12-17 01:14:00+00:00,2025-12-17 01:17:00+00:00,short,87593.83,87778.07,SL,-4.2323,277.9218,1.5
2025-12-17 01:31:00+00:00,2025-12-17 01:34:00+00:00,long,87852.35,87675.21,SL,-4.1688,273.753,1.5
2025-12-17 02:07:00+00:00,2025-12-17 04:18:00+00:00,short,87461.43,87100.72,TP,8.2126,281.9656,1.5
2025-12-17 04:35:00+00:00,2025-12-17 05:01:00+00:00,short,86942.88,86534.0,TP,8.459,290.4245,1.5
2025-12-17 05:22:00+00:00,2025-12-17 05:47:00+00:00,short,86367.92,86607.63,SL,-4.3564,286.0682,1.5
2025-12-17 06:08:00+00:00,2025-12-17 06:11:00+00:00,short,86712.06,86975.75,SL,-4.291,281.7771,1.5
2025-12-17 06:17:00+00:00,2025-12-17 07:35:00+00:00,short,86837.57,87055.26,SL,-4.2267,277.5505,1.5
2025-12-17 07:58:00+00:00,2025-12-17 08:03:00+00:00,long,87070.45,86883.81,SL,-4.1633,273.3872,1.5
2025-12-17 09:23:00+00:00,2025-12-17 10:12:00+00:00,short,86362.84,86567.39,SL,-4.1008,269.2864,1.5
2025-12-17 10:29:00+00:00,2025-12-17 10:35:00+00:00,short,86566.83,86766.35,SL,-4.0393,265.2471,1.5
2025-12-17 10:46:00+00:00,2025-12-17 10:53:00+00:00,long,86835.33,86652.37,SL,-3.9787,261.2684,1.5
2025-12-17 11:06:00+00:00,2025-12-17 11:51:00+00:00,long,86675.58,87101.97,TP,7.8381,269.1065,1.5
2025-12-17 12:00:00+00:00,2025-12-17 12:43:00+00:00,long,87085.83,86909.99,SL,-4.0366,265.0699,1.5
2025-12-17 12:51:00+00:00,2025-12-17 13:19:00+00:00,long,87025.24,86835.52,SL,-3.976,261.0938,1.5
2025-12-17 13:24:00+00:00,2025-12-17 13:44:00+00:00,long,86999.3,87378.1,TP,7.8328,268.9266,1.5
2025-12-17 13:56:00+00:00,2025-12-17 14:39:00+00:00,long,87635.29,87420.61,SL,-4.0339,264.8927,1.5
2025-12-17 14:50:00+00:00,2025-12-17 14:52:00+00:00,long,87556.01,88664.81,TP,7.9468,272.8395,1.5
2025-12-17 16:16:00+00:00,2025-12-17 16:22:00+00:00,short,86839.59,86431.44,TP,8.1852,281.0247,1.5
2025-12-17 17:04:00+00:00,2025-12-17 17:18:00+00:00,short,86617.6,86888.55,SL,-4.2154,276.8093,1.5
2025-12-17 17:29:00+00:00,2025-12-17 17:41:00+00:00,short,86875.18,86515.44,TP,8.3043,285.1136,1.5
2025-12-17 18:13:00+00:00,2025-12-17 18:41:00+00:00,short,86567.87,86209.62,TP,8.5534,293.667,1.5
2025-12-17 19:04:00+00:00,2025-12-17 19:17:00+00:00,short,85592.58,85766.0,SL,-4.405,289.262,1.5
2025-12-17 19:32:00+00:00,2025-12-17 19:48:00+00:00,short,85706.41,85908.79,SL,-4.3389,284.9231,1.5
2025-12-17 20:00:00+00:00,2025-12-17 20:23:00+00:00,short,86007.89,86209.3,SL,-4.2738,280.6492,1.5
2025-12-17 20:30:00+00:00,2025-12-17 21:39:00+00:00,short,86101.17,85737.14,TP,8.4195,289.0687,1.5
2025-12-17 22:05:00+00:00,2025-12-17 22:16:00+00:00,short,85952.77,86163.86,SL,-4.336,284.7327,1.5
2025-12-17 22:20:00+00:00,2025-12-17 22:26:00+00:00,short,86001.64,86245.02,SL,-4.271,280.4617,1.5
2025-12-17 22:53:00+00:00,2025-12-17 23:13:00+00:00,long,86272.28,86043.12,SL,-4.2069,276.2548,1.5
2025-12-17 23:54:00+00:00,2025-12-18 00:00:00+00:00,short,86081.88,86264.98,SL,-4.1438,272.111,1.5
2025-12-18 00:16:00+00:00,2025-12-18 01:04:00+00:00,long,86252.98,86068.78,SL,-4.0817,268.0293,1.5
2025-12-18 01:52:00+00:00,2025-12-18 02:06:00+00:00,short,86032.81,86221.73,SL,-4.0204,264.0089,1.5
2025-12-18 02:35:00+00:00,2025-12-18 03:17:00+00:00,long,86646.09,86464.9,SL,-3.9601,260.0487,1.5
2025-12-18 03:35:00+00:00,2025-12-18 04:03:00+00:00,long,86408.53,86774.06,TP,7.8015,267.8502,1.5
2025-12-18 04:22:00+00:00,2025-12-18 05:12:00+00:00,long,86842.36,86635.16,SL,-4.0178,263.8324,1.5
2025-12-18 05:21:00+00:00,2025-12-18 05:53:00+00:00,long,86612.18,86429.88,SL,-3.9575,259.8749,1.5
2025-12-18 06:19:00+00:00,2025-12-18 06:57:00+00:00,short,86461.73,86643.76,SL,-3.8981,255.9768,1.5
2025-12-18 07:11:00+00:00,2025-12-18 09:33:00+00:00,long,86827.89,87190.87,TP,7.6793,263.6561,1.5
2025-12-18 10:06:00+00:00,2025-12-18 11:03:00+00:00,long,87422.89,87230.08,SL,-3.9548,259.7013,1.5
2025-12-18 11:22:00+00:00,2025-12-18 13:01:00+00:00,long,87157.89,87610.01,TP,7.791,267.4923,1.5
2025-12-18 13:31:00+00:00,2025-12-18 13:41:00+00:00,long,88088.85,88542.54,TP,8.0248,275.5171,1.5
2025-12-18 14:29:00+00:00,2025-12-18 14:35:00+00:00,long,88518.37,88145.05,SL,-4.1328,271.3843,1.5
2025-12-18 14:50:00+00:00,2025-12-18 14:54:00+00:00,long,88057.38,88432.28,TP,8.1415,279.5259,1.5
2025-12-18 15:22:00+00:00,2025-12-18 15:34:00+00:00,long,88288.28,88680.01,TP,8.3858,287.9116,1.5
2025-12-18 16:11:00+00:00,2025-12-18 16:14:00+00:00,long,88467.41,88186.87,SL,-4.3187,283.593,1.5
2025-12-18 16:49:00+00:00,2025-12-18 17:02:00+00:00,short,88088.39,87713.64,TP,8.5078,292.1008,1.5
2025-12-18 17:53:00+00:00,2025-12-18 17:59:00+00:00,short,86288.0,86483.56,SL,-4.3815,287.7192,1.5
2025-12-18 18:18:00+00:00,2025-12-18 18:51:00+00:00,short,86498.01,86047.41,TP,8.6316,296.3508,1.5
2025-12-18 19:16:00+00:00,2025-12-18 19:19:00+00:00,short,85264.08,85532.93,SL,-4.4453,291.9056,1.5
2025-12-18 19:36:00+00:00,2025-12-18 19:40:00+00:00,short,85314.04,84887.05,TP,8.7572,300.6627,1.5
2025-12-18 20:26:00+00:00,2025-12-18 20:59:00+00:00,short,85053.75,84582.65,TP,9.0199,309.6826,1.5
2025-12-18 21:26:00+00:00,2025-12-18 21:29:00+00:00,short,85250.37,85460.9,SL,-4.6452,305.0374,1.5
2025-12-18 21:39:00+00:00,2025-12-18 21:54:00+00:00,short,85399.52,85572.1,SL,-4.5756,300.4618,1.5
2025-12-18 22:53:00+00:00,2025-12-18 23:06:00+00:00,long,85673.04,85500.01,SL,-4.5069,295.9549,1.5
2025-12-18 23:12:00+00:00,2025-12-18 23:23:00+00:00,long,85580.0,85392.24,SL,-4.4393,291.5156,1.5
2025-12-18 23:41:00+00:00,2025-12-19 02:46:00+00:00,short,85458.92,85660.94,SL,-4.3727,287.1428,1.5
2025-12-19 03:03:00+00:00,2025-12-19 03:07:00+00:00,long,85999.97,86353.77,TP,8.6143,295.7571,1.5
2025-12-19 03:24:00+00:00,2025-12-19 03:26:00+00:00,long,86498.36,86907.55,TP,8.8727,304.6298,1.5
2025-12-19 04:09:00+00:00,2025-12-19 05:07:00+00:00,long,87128.08,86873.24,SL,-4.5694,300.0604,1.5
2025-12-19 05:35:00+00:00,2025-12-19 05:52:00+00:00,long,86789.14,87193.79,TP,9.0018,309.0622,1.5
2025-12-19 06:28:00+00:00,2025-12-19 06:55:00+00:00,long,86996.03,87370.65,TP,9.2719,318.3341,1.5
2025-12-19 07:51:00+00:00,2025-12-19 10:04:00+00:00,long,87878.38,88296.82,TP,9.55,327.8841,1.5
2025-12-19 10:14:00+00:00,2025-12-19 10:23:00+00:00,long,88185.37,87993.6,SL,-4.9183,322.9658,1.5
2025-12-19 10:37:00+00:00,2025-12-19 11:15:00+00:00,long,88001.99,88368.93,TP,9.689,332.6548,1.5
2025-12-19 11:30:00+00:00,2025-12-19 12:01:00+00:00,long,88271.65,88092.58,SL,-4.9898,327.665,1.5
2025-12-19 12:11:00+00:00,2025-12-19 12:21:00+00:00,long,88218.02,88020.01,SL,-4.915,322.75,1.5
2025-12-19 12:52:00+00:00,2025-12-19 14:13:00+00:00,short,87990.78,88213.6,SL,-4.8412,317.9087,1.5
2025-12-19 14:19:00+00:00,2025-12-19 14:38:00+00:00,short,88018.99,87652.32,TP,9.5373,327.446,1.5
2025-12-19 14:43:00+00:00,2025-12-19 14:44:00+00:00,long,88027.99,88501.78,TP,9.8234,337.2694,1.5
2025-12-19 14:57:00+00:00,2025-12-19 15:12:00+00:00,long,88162.35,88620.52,TP,10.1181,347.3875,1.5
2025-12-19 16:30:00+00:00,2025-12-19 16:48:00+00:00,long,88510.14,88306.14,SL,-5.2108,342.1767,1.5
2025-12-19 17:23:00+00:00,2025-12-19 17:29:00+00:00,short,88091.63,87609.86,TP,10.2653,352.442,1.5
2025-12-19 17:45:00+00:00,2025-12-19 17:48:00+00:00,short,86979.57,87220.0,SL,-5.2866,347.1553,1.5
2025-12-19 18:00:00+00:00,2025-12-19 18:02:00+00:00,short,86914.0,87111.56,SL,-5.2073,341.948,1.5
2025-12-19 18:32:00+00:00,2025-12-19 19:09:00+00:00,short,87191.86,87370.02,SL,-5.1292,336.8188,1.5
2025-12-19 19:14:00+00:00,2025-12-19 19:19:00+00:00,short,87297.48,87569.87,SL,-5.0523,331.7665,1.5
2025-12-19 19:35:00+00:00,2025-12-19 20:07:00+00:00,long,87894.57,87681.32,SL,-4.9765,326.79,1.5
2025-12-19 20:16:00+00:00,2025-12-19 20:24:00+00:00,long,87781.69,88140.0,TP,9.8037,336.5937,1.5
2025-12-19 20:35:00+00:00,2025-12-19 20:39:00+00:00,long,88313.99,87985.31,SL,-5.0489,331.5448,1.5
2025-12-19 20:48:00+00:00,2025-12-19 20:54:00+00:00,long,88334.58,88107.11,SL,-4.9732,326.5716,1.5
2025-12-19 21:17:00+00:00,2025-12-19 22:40:00+00:00,long,87969.75,88368.93,TP,9.7971,336.3688,1.5
2025-12-19 23:21:00+00:00,2025-12-20 00:02:00+00:00,long,88309.5,88054.62,SL,-5.0455,331.3232,1.5
2025-12-20 01:48:00+00:00,2025-12-20 05:32:00+00:00,long,88110.74,88466.3,TP,9.9397,341.2629,1.5
2025-12-20 05:33:00+00:00,2025-12-20 06:00:00+00:00,long,88454.81,88275.92,SL,-5.1189,336.144,1.5
2025-12-20 06:03:00+00:00,2025-12-20 07:21:00+00:00,long,88368.93,88189.68,SL,-5.0422,331.1018,1.5
2025-12-20 07:37:00+00:00,2025-12-20 08:21:00+00:00,short,88195.28,88388.0,SL,-4.9665,326.1353,1.5
2025-12-20 08:22:00+00:00,2025-12-20 09:01:00+00:00,long,88408.08,88220.62,SL,-4.892,321.2433,1.5
2025-12-20 09:28:00+00:00,2025-12-21 02:21:00+00:00,short,88304.27,87950.0,TP,9.6373,330.8806,1.5
2025-12-21 02:41:00+00:00,2025-12-21 03:18:00+00:00,short,87947.06,88135.07,SL,-4.9632,325.9174,1.5
2025-12-21 03:26:00+00:00,2025-12-21 08:32:00+00:00,short,88092.64,88387.99,SL,-4.8888,321.0286,1.5
2025-12-21 09:01:00+00:00,2025-12-21 12:56:00+00:00,long,88706.99,88484.37,SL,-4.8154,316.2132,1.5
2025-12-21 13:04:00+00:00,2025-12-21 13:31:00+00:00,short,88346.96,87948.0,TP,9.4864,325.6996,1.5
2025-12-21 13:48:00+00:00,2025-12-21 14:05:00+00:00,short,87745.42,87925.17,SL,-4.8855,320.8141,1.5
2025-12-21 14:25:00+00:00,2025-12-21 14:54:00+00:00,short,87900.12,88078.61,SL,-4.8122,316.0019,1.5
2025-12-21 15:00:00+00:00,2025-12-21 15:54:00+00:00,short,88031.22,88212.36,SL,-4.74,311.2618,1.5
2025-12-21 15:58:00+00:00,2025-12-21 16:23:00+00:00,short,88067.96,88250.0,SL,-4.6689,306.5929,1.5
2025-12-21 16:50:00+00:00,2025-12-21 18:07:00+00:00,long,88256.55,88058.99,SL,-4.5989,301.994,1.5
2025-12-21 18:55:00+00:00,2025-12-21 21:00:00+00:00,long,88400.0,88217.24,SL,-4.5299,297.4641,1.5
2025-12-21 22:28:00+00:00,2025-12-21 23:02:00+00:00,long,88338.45,88696.32,TP,8.9239,306.388,1.5
2025-12-21 23:39:00+00:00,2025-12-22 00:09:00+00:00,long,88550.78,88939.99,TP,9.1916,315.5797,1.5
2025-12-22 00:37:00+00:00,2025-12-22 00:54:00+00:00,long,89144.33,88955.53,SL,-4.7337,310.846,1.5
2025-12-22 01:06:00+00:00,2025-12-22 01:39:00+00:00,long,88902.35,89263.38,TP,9.3254,320.1714,1.5
2025-12-22 02:43:00+00:00,2025-12-22 03:07:00+00:00,short,88373.18,88582.26,SL,-4.8026,315.3688,1.5
2025-12-22 03:47:00+00:00,2025-12-22 07:06:00+00:00,long,88740.58,89139.99,TP,9.4611,324.8298,1.5
2025-12-22 07:34:00+00:00,2025-12-22 08:20:00+00:00,long,89172.08,89608.95,TP,9.7449,334.5747,1.5
2025-12-22 09:03:00+00:00,2025-12-22 09:56:00+00:00,long,89411.84,89794.21,TP,10.0372,344.612,1.5
2025-12-22 10:16:00+00:00,2025-12-22 12:16:00+00:00,long,89752.8,90191.82,TP,10.3384,354.9503,1.5
2025-12-22 12:53:00+00:00,2025-12-22 13:32:00+00:00,long,90156.99,89936.0,SL,-5.3243,349.6261,1.5
2025-12-22 14:16:00+00:00,2025-12-22 14:33:00+00:00,long,90103.48,89837.99,SL,-5.2444,344.3817,1.5
2025-12-22 15:02:00+00:00,2025-12-22 15:06:00+00:00,short,89928.85,90136.57,SL,-5.1657,339.216,1.5
2025-12-22 15:07:00+00:00,2025-12-22 15:12:00+00:00,long,90203.37,89788.5,SL,-5.0882,334.1277,1.5
2025-12-22 15:31:00+00:00,2025-12-22 15:55:00+00:00,short,89484.52,89725.48,SL,-5.0119,329.1158,1.5
2025-12-22 16:09:00+00:00,2025-12-22 16:15:00+00:00,short,89759.77,89994.05,SL,-4.9367,324.1791,1.5
2025-12-22 16:20:00+00:00,2025-12-22 16:31:00+00:00,long,90057.12,89827.99,SL,-4.8627,319.3164,1.5
2025-12-22 16:59:00+00:00,2025-12-22 17:06:00+00:00,short,89550.0,89185.49,TP,9.5795,328.8959,1.5
2025-12-22 17:45:00+00:00,2025-12-22 18:11:00+00:00,short,89222.23,89434.93,SL,-4.9334,323.9624,1.5
2025-12-22 18:20:00+00:00,2025-12-22 18:41:00+00:00,short,89300.38,89494.54,SL,-4.8594,319.103,1.5
2025-12-22 18:50:00+00:00,2025-12-22 19:01:00+00:00,short,89391.08,88985.89,TP,9.5731,328.6761,1.5
2025-12-22 19:26:00+00:00,2025-12-22 19:50:00+00:00,short,88590.94,88194.4,TP,9.8603,338.5364,1.5
2025-12-22 19:51:00+00:00,2025-12-22 20:45:00+00:00,short,88184.36,88377.72,SL,-5.078,333.4583,1.5
2025-12-22 20:51:00+00:00,2025-12-22 20:56:00+00:00,short,88178.53,88362.1,SL,-5.0019,328.4565,1.5
2025-12-22 21:07:00+00:00,2025-12-22 21:39:00+00:00,short,88378.9,88562.36,SL,-4.9268,323.5296,1.5
2025-12-22 21:46:00+00:00,2025-12-22 22:50:00+00:00,short,88372.15,88572.42,SL,-4.8529,318.6767,1.5
2025-12-22 23:27:00+00:00,2025-12-22 23:41:00+00:00,long,88644.06,88456.5,SL,-4.7801,313.8965,1.5
2025-12-23 00:06:00+00:00,2025-12-23 00:28:00+00:00,short,88504.8,88699.29,SL,-4.7084,309.1881,1.5
2025-12-23 01:04:00+00:00,2025-12-23 01:10:00+00:00,long,88860.01,88660.47,SL,-4.6378,304.5503,1.5
2025-12-23 01:26:00+00:00,2025-12-23 02:00:00+00:00,long,88629.31,88450.0,SL,-4.5683,299.982,1.5
2025-12-23 02:01:00+00:00,2025-12-23 02:08:00+00:00,short,88431.56,88610.68,SL,-4.4997,295.4823,1.5
2025-12-23 03:03:00+00:00,2025-12-23 03:39:00+00:00,short,88106.72,88287.56,SL,-4.4322,291.05,1.5
2025-12-23 03:46:00+00:00,2025-12-23 05:06:00+00:00,short,88250.57,87868.95,TP,8.7315,299.7815,1.5
2025-12-23 05:31:00+00:00,2025-12-23 06:14:00+00:00,short,87899.99,87540.0,TP,8.9934,308.775,1.5
2025-12-23 07:12:00+00:00,2025-12-23 07:30:00+00:00,short,87430.25,87612.99,SL,-4.6316,304.1434,1.5
2025-12-23 07:36:00+00:00,2025-12-23 11:18:00+00:00,short,87569.59,87780.0,SL,-4.5621,299.5812,1.5
2025-12-23 11:44:00+00:00,2025-12-23 13:36:00+00:00,long,87820.0,87493.9,SL,-4.4937,295.0875,1.5
2025-12-23 13:50:00+00:00,2025-12-23 14:09:00+00:00,short,87592.04,87774.81,SL,-4.4263,290.6612,1.5
2025-12-23 14:16:00+00:00,2025-12-23 14:46:00+00:00,short,87665.56,87258.62,TP,8.7198,299.381,1.5
2025-12-23 15:35:00+00:00,2025-12-23 15:38:00+00:00,short,87263.91,87496.81,SL,-4.4907,294.8903,1.5
2025-12-23 15:41:00+00:00,2025-12-23 16:02:00+00:00,short,87340.01,87580.0,SL,-4.4234,290.4669,1.5
2025-12-23 16:18:00+00:00,2025-12-23 16:31:00+00:00,long,87956.0,87721.02,SL,-4.357,286.1099,1.5
2025-12-23 16:42:00+00:00,2025-12-23 17:37:00+00:00,long,87896.03,87678.13,SL,-4.2916,281.8183,1.5
2025-12-23 17:43:00+00:00,2025-12-23 17:51:00+00:00,long,87794.07,87501.5,SL,-4.2273,277.591,1.5
2025-12-23 19:19:00+00:00,2025-12-23 19:26:00+00:00,long,87967.51,87730.84,SL,-4.1639,273.4272,1.5
2025-12-23 19:36:00+00:00,2025-12-23 20:06:00+00:00,long,87817.8,87563.22,SL,-4.1014,269.3257,1.5
2025-12-23 20:29:00+00:00,2025-12-23 20:39:00+00:00,short,87770.57,87967.51,SL,-4.0399,265.2859,1.5
2025-12-23 21:33:00+00:00,2025-12-23 22:30:00+00:00,short,87735.84,87378.35,TP,7.9586,273.2444,1.5
2025-12-23 22:51:00+00:00,2025-12-24 00:06:00+00:00,short,87394.8,87653.83,SL,-4.0987,269.1458,1.5
2025-12-24 00:10:00+00:00,2025-12-24 00:57:00+00:00,short,87478.59,87670.94,SL,-4.0372,265.1086,1.5
2025-12-24 01:05:00+00:00,2025-12-24 01:43:00+00:00,long,87717.25,87500.01,SL,-3.9766,261.132,1.5
2025-12-24 01:51:00+00:00,2025-12-24 02:05:00+00:00,long,87621.49,87446.02,SL,-3.917,257.215,1.5
2025-12-24 02:38:00+00:00,2025-12-24 03:02:00+00:00,short,87312.0,86945.26,TP,7.7165,264.9314,1.5
2025-12-24 03:43:00+00:00,2025-12-24 05:43:00+00:00,short,87304.5,86835.22,TP,7.9479,272.8794,1.5
2025-12-24 06:07:00+00:00,2025-12-24 07:38:00+00:00,short,86908.7,87159.38,SL,-4.0932,268.7862,1.5
2025-12-24 08:23:00+00:00,2025-12-24 10:11:00+00:00,short,86889.16,87067.89,SL,-4.0318,264.7544,1.5
2025-12-24 10:53:00+00:00,2025-12-24 14:35:00+00:00,long,87177.89,86928.06,SL,-3.9713,260.7831,1.5
2025-12-24 15:07:00+00:00,2025-12-24 15:33:00+00:00,short,86908.56,87151.51,SL,-3.9117,256.8713,1.5
2025-12-24 15:49:00+00:00,2025-12-24 16:02:00+00:00,short,86983.03,87166.39,SL,-3.8531,253.0183,1.5
2025-12-24 16:10:00+00:00,2025-12-24 16:33:00+00:00,short,87073.98,87651.56,SL,-3.7953,249.223,1.5
2025-12-24 17:05:00+00:00,2025-12-24 17:55:00+00:00,long,87478.58,87285.39,SL,-3.7383,245.4846,1.5
2025-12-24 18:06:00+00:00,2025-12-24 21:36:00+00:00,long,87394.1,87749.78,TP,7.3645,252.8492,1.5
2025-12-24 22:03:00+00:00,2025-12-25 00:38:00+00:00,long,87710.76,87517.28,SL,-3.7927,249.0564,1.5
2025-12-25 00:56:00+00:00,2025-12-25 01:26:00+00:00,short,87544.87,87740.0,SL,-3.7358,245.3206,1.5
2025-12-25 01:42:00+00:00,2025-12-25 08:22:00+00:00,long,87691.54,87459.53,SL,-3.6798,241.6408,1.5
2025-12-25 09:05:00+00:00,2025-12-25 14:12:00+00:00,short,87521.25,87705.32,SL,-3.6246,238.0162,1.5
2025-12-25 14:33:00+00:00,2025-12-25 15:26:00+00:00,long,87635.02,88180.01,TP,7.1405,245.1566,1.5
2025-12-25 15:40:00+00:00,2025-12-25 15:52:00+00:00,long,88168.07,88521.5,TP,7.3547,252.5113,1.5
2025-12-25 16:16:00+00:00,2025-12-25 16:37:00+00:00,long,88392.72,88198.98,SL,-3.7877,248.7237,1.5
2025-12-25 16:45:00+00:00,2025-12-25 16:50:00+00:00,long,88313.92,88102.41,SL,-3.7309,244.9928,1.5
2025-12-25 17:01:00+00:00,2025-12-25 20:26:00+00:00,long,88130.73,87883.62,SL,-3.6749,241.3179,1.5
2025-12-25 21:06:00+00:00,2025-12-25 22:49:00+00:00,short,87820.0,87400.86,TP,7.2395,248.5575,1.5
2025-12-25 23:20:00+00:00,2025-12-25 23:33:00+00:00,short,87587.5,87162.02,TP,7.4567,256.0142,1.5
2025-12-26 00:09:00+00:00,2025-12-26 00:25:00+00:00,short,87060.51,87259.31,SL,-3.8402,252.174,1.5
2025-12-26 00:36:00+00:00,2025-12-26 01:05:00+00:00,short,87076.27,87274.02,SL,-3.7826,248.3914,1.5
2025-12-26 01:16:00+00:00,2025-12-26 01:49:00+00:00,short,87266.92,87462.03,SL,-3.7259,244.6655,1.5
2025-12-26 02:02:00+00:00,2025-12-26 02:13:00+00:00,long,87508.62,87873.07,TP,7.34,252.0055,1.5
2025-12-26 03:30:00+00:00,2025-12-26 04:02:00+00:00,long,88868.94,88581.51,SL,-3.7801,248.2254,1.5
2025-12-26 04:11:00+00:00,2025-12-26 04:45:00+00:00,long,88708.99,89089.3,TP,7.4468,255.6721,1.5
2025-12-26 05:26:00+00:00,2025-12-26 07:13:00+00:00,long,88916.02,89366.5,TP,7.6702,263.3423,1.5
2025-12-26 08:31:00+00:00,2025-12-26 09:21:00+00:00,short,88606.12,88792.74,SL,-3.9501,259.3922,1.5
2025-12-26 09:29:00+00:00,2025-12-26 13:39:00+00:00,short,88744.02,88953.79,SL,-3.8909,255.5013,1.5
2025-12-26 14:21:00+00:00,2025-12-26 14:36:00+00:00,long,88991.77,88750.01,SL,-3.8325,251.6688,1.5
2025-12-26 15:55:00+00:00,2025-12-26 16:01:00+00:00,short,87016.51,87240.61,SL,-3.775,247.8937,1.5
2025-12-26 16:10:00+00:00,2025-12-26 16:23:00+00:00,short,87138.63,87315.28,SL,-3.7184,244.1753,1.5
2025-12-26 16:33:00+00:00,2025-12-26 16:36:00+00:00,short,87164.41,87339.45,SL,-3.6626,240.5127,1.5
2025-12-26 16:44:00+00:00,2025-12-26 16:58:00+00:00,short,87283.85,86892.62,TP,7.2154,247.7281,1.5
2025-12-26 17:48:00+00:00,2025-12-26 20:22:00+00:00,short,87399.72,87594.27,SL,-3.7159,244.0122,1.5
2025-12-26 20:44:00+00:00,2025-12-26 21:30:00+00:00,long,87687.01,87484.0,SL,-3.6602,240.352,1.5
2025-12-26 21:39:00+00:00,2025-12-26 22:43:00+00:00,long,87542.27,87321.41,SL,-3.6053,236.7467,1.5
2025-12-26 23:07:00+00:00,2025-12-27 07:24:00+00:00,short,87494.87,87701.99,SL,-3.5512,233.1955,1.5
2025-12-27 07:52:00+00:00,2025-12-27 13:34:00+00:00,long,87548.71,87368.53,SL,-3.4979,229.6976,1.5
2025-12-27 13:56:00+00:00,2025-12-27 21:31:00+00:00,short,87468.0,87650.0,SL,-3.4455,226.2521,1.5
2025-12-27 21:35:00+00:00,2025-12-28 14:41:00+00:00,long,87668.22,88088.0,TP,6.7876,233.0397,1.5
2025-12-28 15:05:00+00:00,2025-12-28 16:24:00+00:00,long,87974.92,87763.9,SL,-3.4956,229.5441,1.5
2025-12-28 16:57:00+00:00,2025-12-29 00:29:00+00:00,short,87814.04,88011.62,SL,-3.4432,226.1009,1.5
2025-12-29 00:48:00+00:00,2025-12-29 01:03:00+00:00,long,88293.88,88100.36,SL,-3.3915,222.7094,1.5
2025-12-29 01:23:00+00:00,2025-12-29 01:40:00+00:00,long,87999.99,88383.83,TP,6.6813,229.3907,1.5
2025-12-29 02:00:00+00:00,2025-12-29 02:06:00+00:00,long,88744.62,89160.85,TP,6.8817,236.2724,1.5
2025-12-29 02:48:00+00:00,2025-12-29 03:32:00+00:00,long,89195.55,89584.01,TP,7.0882,243.3606,1.5
2025-12-29 03:52:00+00:00,2025-12-29 06:04:00+00:00,long,90089.36,89906.15,SL,-3.6504,239.7102,1.5
2025-12-29 06:07:00+00:00,2025-12-29 06:51:00+00:00,long,90000.01,89817.76,SL,-3.5957,236.1145,1.5
2025-12-29 07:04:00+00:00,2025-12-29 09:26:00+00:00,short,89699.35,89310.22,TP,7.0834,243.1979,1.5
2025-12-29 10:40:00+00:00,2025-12-29 12:00:00+00:00,short,87906.1,87532.67,TP,7.2959,250.4939,1.5
2025-12-29 12:05:00+00:00,2025-12-29 12:11:00+00:00,short,87380.0,87000.01,TP,7.5148,258.0087,1.5
2025-12-29 12:44:00+00:00,2025-12-29 13:02:00+00:00,short,87300.0,87501.84,SL,-3.8701,254.1386,1.5
2025-12-29 13:06:00+00:00,2025-12-29 14:29:00+00:00,short,87387.61,87619.24,SL,-3.8121,250.3265,1.5
2025-12-29 15:10:00+00:00,2025-12-29 17:28:00+00:00,long,87611.46,87371.99,SL,-3.7549,246.5716,1.5
2025-12-29 19:03:00+00:00,2025-12-29 19:06:00+00:00,short,87350.02,87578.05,SL,-3.6986,242.873,1.5
2025-12-29 19:23:00+00:00,2025-12-29 20:49:00+00:00,short,87504.13,87137.28,TP,7.2862,250.1592,1.5
2025-12-29 21:20:00+00:00,2025-12-30 03:11:00+00:00,short,87317.63,86926.19,TP,7.5048,257.664,1.5
2025-12-30 03:47:00+00:00,2025-12-30 05:33:00+00:00,long,87360.63,87180.28,SL,-3.865,253.799,1.5
2025-12-30 06:33:00+00:00,2025-12-30 08:07:00+00:00,long,87439.4,87807.79,TP,7.614,261.413,1.5
2025-12-30 08:42:00+00:00,2025-12-30 09:16:00+00:00,long,87926.18,87747.08,SL,-3.9212,257.4918,1.5
2025-12-30 09:27:00+00:00,2025-12-30 10:01:00+00:00,long,87720.93,88102.91,TP,7.7248,265.2166,1.5
2025-12-30 10:35:00+00:00,2025-12-30 11:50:00+00:00,long,88050.0,87872.68,SL,-3.9782,261.2383,1.5
2025-12-30 11:59:00+00:00,2025-12-30 14:20:00+00:00,long,87903.89,88298.41,TP,7.8372,269.0755,1.5
2025-12-30 14:37:00+00:00,2025-12-30 14:38:00+00:00,long,88217.06,88013.93,SL,-4.0361,265.0393,1.5
2025-12-30 14:45:00+00:00,2025-12-30 14:51:00+00:00,long,88104.86,88503.05,TP,7.9512,272.9905,1.5
2025-12-30 15:25:00+00:00,2025-12-30 15:44:00+00:00,long,88401.69,88775.89,TP,8.1897,281.1802,1.5
2025-12-30 16:17:00+00:00,2025-12-30 16:35:00+00:00,long,89133.39,88883.34,SL,-4.2177,276.9625,1.5
2025-12-30 16:53:00+00:00,2025-12-30 17:45:00+00:00,long,88679.23,88373.43,SL,-4.1544,272.8081,1.5
2025-12-30 18:41:00+00:00,2025-12-30 19:06:00+00:00,short,88391.15,88034.38,TP,8.1842,280.9923,1.5
2025-12-30 19:37:00+00:00,2025-12-30 20:53:00+00:00,short,88299.99,87920.01,TP,8.4298,289.4221,1.5
2025-12-30 21:28:00+00:00,2025-12-30 22:03:00+00:00,short,88157.6,88412.0,SL,-4.3413,285.0808,1.5
2025-12-30 22:13:00+00:00,2025-12-31 00:31:00+00:00,long,88447.85,88266.49,SL,-4.2762,280.8046,1.5
2025-12-31 00:48:00+00:00,2025-12-31 01:19:00+00:00,short,88306.08,88610.73,SL,-4.2121,276.5925,1.5
2025-12-31 02:13:00+00:00,2025-12-31 03:32:00+00:00,long,88674.8,88476.26,SL,-4.1489,272.4436,1.5
2025-12-31 04:21:00+00:00,2025-12-31 07:35:00+00:00,short,88411.22,88599.47,SL,-4.0867,268.3569,1.5
2025-12-31 08:02:00+00:00,2025-12-31 08:37:00+00:00,long,88682.27,88494.0,SL,-4.0254,264.3316,1.5
2025-12-31 09:38:00+00:00,2025-12-31 11:44:00+00:00,long,88656.34,89024.5,TP,7.9299,272.2615,1.5
2025-12-31 12:01:00+00:00,2025-12-31 12:39:00+00:00,long,89025.19,88844.82,SL,-4.0839,268.1776,1.5
2025-12-31 14:08:00+00:00,2025-12-31 14:28:00+00:00,long,89139.83,88944.95,SL,-4.0227,264.155,1.5
2025-12-31 15:11:00+00:00,2025-12-31 16:35:00+00:00,short,88079.52,87707.82,TP,7.9246,272.0796,1.5
2025-12-31 17:08:00+00:00,2025-12-31 17:19:00+00:00,short,87535.8,87723.38,SL,-4.0812,267.9984,1.5
2025-12-31 17:31:00+00:00,2025-12-31 18:07:00+00:00,short,87599.18,87824.71,SL,-4.02,263.9784,1.5
2025-12-31 18:19:00+00:00,2025-12-31 20:04:00+00:00,short,87845.54,87493.86,TP,7.9194,271.8978,1.5
2025-12-31 20:34:00+00:00,2025-12-31 20:55:00+00:00,short,87427.0,87638.27,SL,-4.0785,267.8193,1.5
2025-12-31 21:38:00+00:00,2025-12-31 22:54:00+00:00,long,87844.66,87663.24,SL,-4.0173,263.802,1.5
2025-12-31 23:04:00+00:00,2026-01-01 01:05:00+00:00,short,87682.85,87866.0,SL,-3.957,259.845,1.5
2026-01-01 01:44:00+00:00,2026-01-01 04:09:00+00:00,long,87886.0,87708.3,SL,-3.8977,255.9473,1.5
2026-01-01 04:45:00+00:00,2026-01-01 08:07:00+00:00,short,87565.47,87749.52,SL,-3.8392,252.1081,1.5
2026-01-01 08:34:00+00:00,2026-01-01 17:20:00+00:00,long,87774.51,88179.04,TP,7.5632,259.6714,1.5
2026-01-01 18:21:00+00:00,2026-01-01 22:08:00+00:00,long,88200.15,88563.73,TP,7.7901,267.4615,1.5
2026-01-01 22:26:00+00:00,2026-01-02 03:14:00+00:00,long,88574.77,88963.05,TP,8.0238,275.4853,1.5
2026-01-02 03:40:00+00:00,2026-01-02 04:12:00+00:00,long,88993.77,88811.14,SL,-4.1323,271.3531,1.5
2026-01-02 04:31:00+00:00,2026-01-02 05:27:00+00:00,long,88783.41,88603.96,SL,-4.0703,267.2828,1.5
2026-01-02 06:02:00+00:00,2026-01-02 08:59:00+00:00,long,88819.04,89178.13,TP,8.0185,275.3012,1.5
2026-01-02 09:10:00+00:00,2026-01-02 10:05:00+00:00,long,89221.02,89582.54,TP,8.259,283.5603,1.5
2026-01-02 10:43:00+00:00,2026-01-02 11:15:00+00:00,long,89699.77,89505.0,SL,-4.2534,279.3069,1.5
2026-01-02 11:20:00+00:00,2026-01-02 13:57:00+00:00,long,89544.82,89362.01,SL,-4.1896,275.1173,1.5
2026-01-02 14:32:00+00:00,2026-01-02 14:36:00+00:00,short,88562.73,88783.0,SL,-4.1268,270.9905,1.5
2026-01-02 16:09:00+00:00,2026-01-02 16:15:00+00:00,long,89551.99,89990.61,TP,8.1297,279.1202,1.5
2026-01-02 16:58:00+00:00,2026-01-02 17:15:00+00:00,long,90381.1,90897.84,TP,8.3736,287.4938,1.5
2026-01-02 17:45:00+00:00,2026-01-02 17:49:00+00:00,long,90534.21,90258.57,SL,-4.3124,283.1814,1.5
2026-01-02 17:57:00+00:00,2026-01-02 18:32:00+00:00,long,90356.21,90157.13,SL,-4.2477,278.9337,1.5
2026-01-02 18:49:00+00:00,2026-01-02 19:16:00+00:00,short,89854.19,90058.9,SL,-4.184,274.7497,1.5
2026-01-02 19:25:00+00:00,2026-01-02 19:46:00+00:00,short,89922.46,90108.06,SL,-4.1212,270.6285,1.5
2026-01-02 19:49:00+00:00,2026-01-02 20:55:00+00:00,short,90015.71,89642.25,TP,8.1189,278.7473,1.5
2026-01-02 21:35:00+00:00,2026-01-02 21:52:00+00:00,short,89908.94,90152.72,SL,-4.1812,274.5661,1.5
2026-01-02 22:02:00+00:00,2026-01-02 23:28:00+00:00,long,90115.12,89933.96,SL,-4.1185,270.4476,1.5
2026-01-03 00:25:00+00:00,2026-01-03 04:02:00+00:00,long,90056.01,90454.96,TP,8.1134,278.561,1.5
2026-01-03 04:25:00+00:00,2026-01-03 04:44:00+00:00,long,90277.87,90075.99,SL,-4.1784,274.3826,1.5
2026-01-03 05:11:00+00:00,2026-01-03 07:14:00+00:00,short,90142.32,89766.8,TP,8.2315,282.6141,1.5
2026-01-03 08:07:00+00:00,2026-01-03 08:25:00+00:00,short,89432.0,89640.0,SL,-4.2392,278.3749,1.5
2026-01-03 08:42:00+00:00,2026-01-03 09:34:00+00:00,short,89768.66,89956.25,SL,-4.1756,274.1993,1.5
2026-01-03 09:44:00+00:00,2026-01-03 10:01:00+00:00,long,89933.63,89745.6,SL,-4.113,270.0863,1.5
2026-01-03 10:10:00+00:00,2026-01-03 14:24:00+00:00,long,89785.0,90193.27,TP,8.1026,278.1889,1.5
2026-01-03 15:20:00+00:00,2026-01-03 20:51:00+00:00,long,90002.79,90364.07,TP,8.3457,286.5345,1.5
2026-01-03 21:17:00+00:00,2026-01-04 00:03:00+00:00,long,90406.79,90920.0,TP,8.596,295.1306,1.5
2026-01-04 00:46:00+00:00,2026-01-04 01:42:00+00:00,long,91236.65,91050.0,SL,-4.427,290.7036,1.5
2026-01-04 01:44:00+00:00,2026-01-04 04:21:00+00:00,long,91081.52,91469.14,TP,8.7211,299.4247,1.5
2026-01-04 04:33:00+00:00,2026-01-04 06:44:00+00:00,long,91481.54,91286.23,SL,-4.4914,294.9333,1.5
2026-01-04 06:58:00+00:00,2026-01-04 07:42:00+00:00,short,91255.55,91474.55,SL,-4.424,290.5093,1.5
2026-01-04 07:56:00+00:00,2026-01-04 08:02:00+00:00,long,91527.17,91331.12,SL,-4.3576,286.1517,1.5
2026-01-04 08:25:00+00:00,2026-01-04 08:49:00+00:00,short,91242.96,91436.41,SL,-4.2923,281.8594,1.5
2026-01-04 08:53:00+00:00,2026-01-04 10:10:00+00:00,short,91334.01,91541.64,SL,-4.2279,277.6315,1.5
2026-01-04 10:31:00+00:00,2026-01-04 11:15:00+00:00,long,91542.47,91356.89,SL,-4.1645,273.4671,1.5
2026-01-04 11:39:00+00:00,2026-01-04 19:08:00+00:00,short,91344.59,90910.44,TP,8.204,281.6711,1.5
2026-01-04 19:38:00+00:00,2026-01-04 20:25:00+00:00,short,91101.57,91285.37,SL,-4.2251,277.446,1.5
2026-01-04 20:27:00+00:00,2026-01-05 00:01:00+00:00,long,91317.13,91891.33,TP,8.3234,285.7694,1.5
2026-01-05 00:14:00+00:00,2026-01-05 00:49:00+00:00,long,91895.35,92288.86,TP,8.5731,294.3425,1.5
2026-01-05 01:02:00+00:00,2026-01-05 01:08:00+00:00,long,92457.57,92851.12,TP,8.8303,303.1727,1.5
2026-01-05 01:37:00+00:00,2026-01-05 01:52:00+00:00,long,93205.44,93011.58,SL,-4.5476,298.6252,1.5
2026-01-05 02:17:00+00:00,2026-01-05 02:24:00+00:00,long,93000.0,92800.0,SL,-4.4794,294.1458,1.5
2026-01-05 02:31:00+00:00,2026-01-05 04:22:00+00:00,long,92864.5,92603.11,SL,-4.4122,289.7336,1.5
2026-01-05 05:16:00+00:00,2026-01-05 06:30:00+00:00,short,92600.0,92184.0,TP,8.692,298.4256,1.5
2026-01-05 07:09:00+00:00,2026-01-05 08:22:00+00:00,short,92509.3,92694.35,SL,-4.4764,293.9492,1.5
2026-01-05 09:01:00+00:00,2026-01-05 09:24:00+00:00,short,92400.0,92585.26,SL,-4.4092,289.54,1.5
2026-01-05 09:41:00+00:00,2026-01-05 10:46:00+00:00,long,92642.01,93018.83,TP,8.6862,298.2262,1.5
2026-01-05 10:47:00+00:00,2026-01-05 12:42:00+00:00,long,93028.64,92813.9,SL,-4.4734,293.7528,1.5
2026-01-05 13:16:00+00:00,2026-01-05 14:35:00+00:00,short,92904.0,92484.8,TP,8.8126,302.5654,1.5
2026-01-05 14:39:00+00:00,2026-01-05 14:44:00+00:00,long,92868.0,93283.28,TP,9.077,311.6423,1.5
2026-01-05 15:16:00+00:00,2026-01-05 15:21:00+00:00,long,93604.32,93414.54,SL,-4.6746,306.9677,1.5
2026-01-05 15:32:00+00:00,2026-01-05 17:22:00+00:00,long,93700.77,93400.35,SL,-4.6045,302.3632,1.5
2026-01-05 17:31:00+00:00,2026-01-05 17:50:00+00:00,long,93524.0,93937.58,TP,9.0709,311.4341,1.5
2026-01-05 18:45:00+00:00,2026-01-05 18:55:00+00:00,long,94014.43,94406.0,TP,9.343,320.7771,1.5
2026-01-05 19:27:00+00:00,2026-01-05 19:39:00+00:00,long,94425.0,94208.75,SL,-4.8117,315.9654,1.5
2026-01-05 19:56:00+00:00,2026-01-05 20:28:00+00:00,long,94263.74,94674.02,TP,9.479,325.4444,1.5
2026-01-05 20:59:00+00:00,2026-01-05 21:26:00+00:00,long,94177.99,93975.0,SL,-4.8817,320.5627,1.5
2026-01-05 21:56:00+00:00,2026-01-05 22:17:00+00:00,short,94112.36,94315.99,SL,-4.8084,315.7543,1.5
2026-01-05 22:39:00+00:00,2026-01-05 22:53:00+00:00,long,94332.03,94103.89,SL,-4.7363,311.018,1.5
2026-01-05 23:12:00+00:00,2026-01-06 00:34:00+00:00,short,94028.0,93617.39,TP,9.3305,320.3485,1.5
2026-01-06 01:08:00+00:00,2026-01-06 01:29:00+00:00,short,93842.73,94116.72,SL,-4.8052,315.5433,1.5
2026-01-06 02:09:00+00:00,2026-01-06 04:09:00+00:00,short,93723.99,93914.01,SL,-4.7331,310.8101,1.5
2026-01-06 04:38:00+00:00,2026-01-06 05:07:00+00:00,long,93902.14,93681.73,SL,-4.6622,306.148,1.5
2026-01-06 05:26:00+00:00,2026-01-06 06:34:00+00:00,short,93686.19,93876.74,SL,-4.5922,301.5558,1.5
2026-01-06 07:22:00+00:00,2026-01-06 11:03:00+00:00,short,93459.8,93680.5,SL,-4.5233,297.0324,1.5
2026-01-06 11:28:00+00:00,2026-01-06 14:20:00+00:00,long,93820.9,94288.0,TP,8.911,305.9434,1.5
2026-01-06 16:08:00+00:00,2026-01-06 16:27:00+00:00,short,93391.23,92959.99,TP,9.1783,315.1217,1.5
2026-01-06 17:15:00+00:00,2026-01-06 17:40:00+00:00,short,92552.78,92073.35,TP,9.4537,324.5754,1.5
2026-01-06 18:37:00+00:00,2026-01-06 18:48:00+00:00,short,91931.49,92198.08,SL,-4.8686,319.7067,1.5
2026-01-06 18:57:00+00:00,2026-01-06 19:26:00+00:00,short,92043.34,92245.56,SL,-4.7956,314.9111,1.5
2026-01-06 19:33:00+00:00,2026-01-06 20:05:00+00:00,short,92220.78,92440.4,SL,-4.7237,310.1875,1.5
2026-01-06 20:38:00+00:00,2026-01-06 21:03:00+00:00,long,92654.99,92462.06,SL,-4.6528,305.5347,1.5
2026-01-06 21:11:00+00:00,2026-01-06 21:15:00+00:00,long,92592.36,93418.56,TP,9.166,314.7007,1.5
2026-01-06 22:03:00+00:00,2026-01-06 22:13:00+00:00,long,93380.65,93157.99,SL,-4.7205,309.9802,1.5
2026-01-06 22:24:00+00:00,2026-01-06 23:15:00+00:00,long,93164.99,93554.97,TP,9.2994,319.2796,1.5
2026-01-06 23:32:00+00:00,2026-01-07 00:25:00+00:00,long,93601.2,93411.6,SL,-4.7892,314.4904,1.5
2026-01-07 00:49:00+00:00,2026-01-07 01:16:00+00:00,short,93006.61,92552.07,TP,9.4347,323.9251,1.5
2026-01-07 01:50:00+00:00,2026-01-07 02:05:00+00:00,short,92401.28,92604.1,SL,-4.8589,319.0662,1.5
2026-01-07 02:19:00+00:00,2026-01-07 02:26:00+00:00,short,92509.3,92722.51,SL,-4.786,314.2802,1.5
2026-01-07 02:51:00+00:00,2026-01-07 04:16:00+00:00,long,92947.94,92728.05,SL,-4.7142,309.566,1.5
2026-01-07 04:36:00+00:00,2026-01-07 08:03:00+00:00,short,92716.57,92902.23,SL,-4.6435,304.9225,1.5
2026-01-07 08:32:00+00:00,2026-01-07 08:45:00+00:00,long,92910.99,92719.99,SL,-4.5738,300.3487,1.5
2026-01-07 09:00:00+00:00,2026-01-07 09:18:00+00:00,short,92639.98,92113.11,TP,9.0105,309.3592,1.5
2026-01-07 10:22:00+00:00,2026-01-07 10:38:00+00:00,short,91770.71,91985.98,SL,-4.6404,304.7188,1.5
2026-01-07 10:42:00+00:00,2026-01-07 11:03:00+00:00,short,91855.16,92046.06,SL,-4.5708,300.148,1.5
2026-01-07 11:15:00+00:00,2026-01-07 14:08:00+00:00,short,92095.97,91688.0,TP,9.0044,309.1524,1.5
2026-01-07 14:22:00+00:00,2026-01-07 14:35:00+00:00,short,91511.79,91856.15,SL,-4.6373,304.5152,1.5
2026-01-07 15:56:00+00:00,2026-01-07 16:09:00+00:00,short,91340.81,91549.48,SL,-4.5677,299.9474,1.5
2026-01-07 16:20:00+00:00,2026-01-07 16:23:00+00:00,short,91520.86,91749.99,SL,-4.4992,295.4482,1.5
2026-01-07 16:27:00+00:00,2026-01-07 16:35:00+00:00,short,91619.11,91250.0,TP,8.8634,304.3117,1.5
2026-01-07 16:51:00+00:00,2026-01-07 17:20:00+00:00,short,91318.51,91516.84,SL,-4.5647,299.747,1.5
2026-01-07 18:25:00+00:00,2026-01-07 18:29:00+00:00,short,91095.12,91289.87,SL,-4.4962,295.2508,1.5
2026-01-07 18:42:00+00:00,2026-01-07 18:55:00+00:00,short,91207.72,90839.73,TP,8.8575,304.1083,1.5
2026-01-07 19:12:00+00:00,2026-01-07 19:30:00+00:00,short,90750.0,91008.93,SL,-4.5616,299.5467,1.5
2026-01-07 19:54:00+00:00,2026-01-07 23:17:00+00:00,short,91154.01,91353.96,SL,-4.4932,295.0535,1.5
2026-01-07 23:50:00+00:00,2026-01-08 00:25:00+00:00,long,91279.79,91084.22,SL,-4.4258,290.6277,1.5
2026-01-08 01:14:00+00:00,2026-01-08 02:24:00+00:00,long,91429.1,91118.47,SL,-4.3594,286.2683,1.5
2026-01-08 03:18:00+00:00,2026-01-08 06:05:00+00:00,short,91029.51,90511.97,TP,8.588,294.8563,1.5
2026-01-08 06:23:00+00:00,2026-01-08 06:59:00+00:00,short,90267.63,89898.01,TP,8.8457,303.702,1.5
2026-01-08 07:48:00+00:00,2026-01-08 08:14:00+00:00,short,90445.32,90627.29,SL,-4.5555,299.1465,1.5
2026-01-08 08:28:00+00:00,2026-01-08 08:33:00+00:00,long,90693.45,90441.33,SL,-4.4872,294.6593,1.5
2026-01-08 09:19:00+00:00,2026-01-08 10:01:00+00:00,short,90215.66,89845.39,TP,8.8398,303.4991,1.5
2026-01-08 10:38:00+00:00,2026-01-08 10:54:00+00:00,short,90211.13,90400.0,SL,-4.5525,298.9466,1.5
2026-01-08 11:39:00+00:00,2026-01-08 11:51:00+00:00,short,90074.14,90282.06,SL,-4.4842,294.4624,1.5
2026-01-08 12:02:00+00:00,2026-01-08 14:21:00+00:00,short,90140.67,89744.23,TP,8.8339,303.2962,1.5
2026-01-08 14:43:00+00:00,2026-01-08 14:46:00+00:00,short,89380.01,89752.95,SL,-4.5494,298.7468,1.5
2026-01-08 15:02:00+00:00,2026-01-08 15:05:00+00:00,short,89907.15,90125.55,SL,-4.4812,294.2656,1.5
2026-01-08 15:06:00+00:00,2026-01-08 15:27:00+00:00,long,90171.22,90539.38,TP,8.828,303.0936,1.5
2026-01-08 15:57:00+00:00,2026-01-08 16:35:00+00:00,long,90613.93,90427.45,SL,-4.5464,298.5472,1.5
2026-01-08 16:41:00+00:00,2026-01-08 17:01:00+00:00,long,90568.43,90959.19,TP,8.9564,307.5036,1.5
2026-01-08 17:36:00+00:00,2026-01-08 19:56:00+00:00,long,91114.19,90880.82,SL,-4.6126,302.891,1.5
2026-01-08 21:12:00+00:00,2026-01-09 01:29:00+00:00,long,91127.16,91498.0,TP,9.0867,311.9777,1.5
2026-01-09 01:35:00+00:00,2026-01-09 02:06:00+00:00,short,91116.82,91385.52,SL,-4.6797,307.2981,1.5
2026-01-09 03:24:00+00:00,2026-01-09 03:46:00+00:00,short,91077.42,91260.0,SL,-4.6095,302.6886,1.5
2026-01-09 04:33:00+00:00,2026-01-09 08:04:00+00:00,short,90987.88,90542.76,TP,9.0807,311.7693,1.5
2026-01-09 08:29:00+00:00,2026-01-09 08:44:00+00:00,short,90677.91,90314.65,TP,9.3531,321.1223,1.5
2026-01-09 09:35:00+00:00,2026-01-09 10:22:00+00:00,short,90324.57,90530.13,SL,-4.8168,316.3055,1.5
2026-01-09 10:28:00+00:00,2026-01-09 13:21:00+00:00,short,90488.76,90700.86,SL,-4.7446,311.5609,1.5
2026-01-09 13:36:00+00:00,2026-01-09 13:44:00+00:00,long,90800.01,90617.32,SL,-4.6734,306.8875,1.5
2026-01-09 13:53:00+00:00,2026-01-09 14:05:00+00:00,long,90691.51,90474.65,SL,-4.6033,302.2842,1.5
2026-01-09 14:32:00+00:00,2026-01-09 14:37:00+00:00,short,90316.32,90521.72,SL,-4.5343,297.7499,1.5
2026-01-09 14:40:00+00:00,2026-01-09 15:06:00+00:00,short,90264.02,89864.94,TP,8.9325,306.6824,1.5
2026-01-09 16:02:00+00:00,2026-01-09 16:14:00+00:00,long,91375.87,91763.99,TP,9.2005,315.8829,1.5
2026-01-09 16:42:00+00:00,2026-01-09 17:16:00+00:00,long,91410.21,91090.01,SL,-4.7382,311.1447,1.5
2026-01-09 17:24:00+00:00,2026-01-09 17:30:00+00:00,long,91264.38,91064.01,SL,-4.6672,306.4775,1.5
2026-01-09 19:00:00+00:00,2026-01-09 19:20:00+00:00,short,90724.95,90352.45,TP,9.1943,315.6718,1.5
2026-01-09 19:30:00+00:00,2026-01-09 19:46:00+00:00,short,90270.98,90482.63,SL,-4.7351,310.9367,1.5
2026-01-09 19:56:00+00:00,2026-01-09 20:21:00+00:00,short,90354.22,90538.02,SL,-4.6641,306.2727,1.5
2026-01-09 20:40:00+00:00,2026-01-09 22:33:00+00:00,short,90471.19,90706.94,SL,-4.5941,301.6786,1.5
2026-01-09 22:52:00+00:00,2026-01-10 04:54:00+00:00,long,90643.83,90453.05,SL,-4.5252,297.1534,1.5
2026-01-10 05:31:00+00:00,2026-01-10 08:04:00+00:00,short,90541.37,90731.94,SL,-4.4573,292.6961,1.5
2026-01-10 08:28:00+00:00,2026-01-10 21:05:00+00:00,long,90692.09,90507.22,SL,-4.3904,288.3057,1.5
2026-01-10 21:34:00+00:00,2026-01-11 02:51:00+00:00,short,90541.73,90731.49,SL,-4.3246,283.9811,1.5
2026-01-11 03:18:00+00:00,2026-01-11 14:31:00+00:00,long,90671.19,91041.58,TP,8.5194,292.5005,1.5
2026-01-11 14:34:00+00:00,2026-01-11 15:45:00+00:00,long,91009.42,90819.97,SL,-4.3875,288.113,1.5
2026-01-11 16:14:00+00:00,2026-01-11 16:30:00+00:00,short,90886.22,91127.16,SL,-4.3217,283.7913,1.5
2026-01-11 17:04:00+00:00,2026-01-11 18:36:00+00:00,long,91064.21,90794.72,SL,-4.2569,279.5345,1.5
2026-01-11 19:07:00+00:00,2026-01-11 20:17:00+00:00,short,90852.27,90477.66,TP,8.386,287.9205,1.5
2026-01-11 21:01:00+00:00,2026-01-11 23:16:00+00:00,short,90647.5,90883.93,SL,-4.3188,283.6017,1.5
2026-01-11 23:43:00+00:00,2026-01-12 00:51:00+00:00,long,90933.73,90722.0,SL,-4.254,279.3477,1.5
2026-01-12 00:54:00+00:00,2026-01-12 01:01:00+00:00,long,90917.71,91364.48,TP,8.3804,287.7281,1.5
2026-01-12 01:44:00+00:00,2026-01-12 02:15:00+00:00,long,91386.65,91874.18,TP,8.6318,296.3599,1.5
2026-01-12 02:37:00+00:00,2026-01-12 02:50:00+00:00,long,91855.38,92309.55,TP,8.8908,305.2507,1.5
2026-01-12 03:12:00+00:00,2026-01-12 03:35:00+00:00,long,92371.47,92155.57,SL,-4.5788,300.672,1.5
2026-01-12 03:54:00+00:00,2026-01-12 07:20:00+00:00,long,91943.08,91758.78,SL,-4.5101,296.1619,1.5
2026-01-12 07:34:00+00:00,2026-01-12 08:04:00+00:00,short,91755.65,91345.82,TP,8.8849,305.0467,1.5
2026-01-12 08:25:00+00:00,2026-01-12 08:35:00+00:00,short,91466.41,90981.52,TP,9.1514,314.1981,1.5
2026-01-12 09:26:00+00:00,2026-01-12 10:50:00+00:00,short,90787.31,90410.01,TP,9.4259,323.6241,1.5
2026-01-12 11:33:00+00:00,2026-01-12 14:23:00+00:00,short,90692.36,90322.1,TP,9.7087,333.3328,1.5
2026-01-12 15:17:00+00:00,2026-01-12 15:33:00+00:00,long,91018.19,91391.21,TP,10.0,343.3328,1.5
2026-01-12 16:00:00+00:00,2026-01-12 16:29:00+00:00,long,91764.94,92217.62,TP,10.3,353.6328,1.5
2026-01-12 17:03:00+00:00,2026-01-12 17:09:00+00:00,long,92224.07,92037.95,SL,-5.3045,348.3283,1.5
2026-01-12 18:47:00+00:00,2026-01-12 19:01:00+00:00,long,91706.0,91434.81,SL,-5.2249,343.1034,1.5
2026-01-12 19:08:00+00:00,2026-01-12 20:41:00+00:00,long,91692.29,91502.77,SL,-5.1466,337.9568,1.5
2026-01-12 21:03:00+00:00,2026-01-12 21:12:00+00:00,short,91272.52,91471.51,SL,-5.0694,332.8875,1.5
2026-01-12 21:23:00+00:00,2026-01-12 21:54:00+00:00,short,91380.18,90968.42,TP,9.9866,342.8741,1.5
2026-01-12 22:20:00+00:00,2026-01-13 00:36:00+00:00,short,91326.15,91521.45,SL,-5.1431,337.731,1.5
2026-01-13 00:53:00+00:00,2026-01-13 01:35:00+00:00,long,91402.81,91184.5,SL,-5.066,332.665,1.5
2026-01-13 02:18:00+00:00,2026-01-13 04:13:00+00:00,short,91285.15,91473.2,SL,-4.99,327.675,1.5
2026-01-13 04:50:00+00:00,2026-01-13 05:13:00+00:00,long,91359.84,91748.88,TP,9.8303,337.5053,1.5
2026-01-13 05:48:00+00:00,2026-01-13 06:06:00+00:00,long,92028.09,91839.81,SL,-5.0626,332.4427,1.5
2026-01-13 06:16:00+00:00,2026-01-13 09:04:00+00:00,long,91952.46,92386.78,TP,9.9733,342.416,1.5
2026-01-13 09:21:00+00:00,2026-01-13 09:35:00+00:00,long,92598.15,92398.86,SL,-5.1362,337.2797,1.5
2026-01-13 09:50:00+00:00,2026-01-13 10:44:00+00:00,long,92259.71,92053.71,SL,-5.0592,332.2206,1.5
2026-01-13 11:20:00+00:00,2026-01-13 13:31:00+00:00,short,92130.99,92358.73,SL,-4.9833,327.2372,1.5
2026-01-13 13:39:00+00:00,2026-01-13 14:28:00+00:00,short,92099.88,92400.0,SL,-4.9086,322.3287,1.5
2026-01-13 15:12:00+00:00,2026-01-13 15:18:00+00:00,long,92486.6,92232.34,SL,-4.8349,317.4938,1.5
2026-01-13 15:28:00+00:00,2026-01-13 15:33:00+00:00,long,92395.65,92778.12,TP,9.5248,327.0186,1.5
2026-01-13 15:55:00+00:00,2026-01-13 16:03:00+00:00,long,93283.51,93679.99,TP,9.8106,336.8291,1.5
2026-01-13 16:33:00+00:00,2026-01-13 17:17:00+00:00,long,93416.7,93106.72,SL,-5.0524,331.7767,1.5
2026-01-13 17:22:00+00:00,2026-01-13 18:18:00+00:00,long,93310.42,93706.04,TP,9.9533,341.73,1.5
2026-01-13 18:36:00+00:00,2026-01-13 18:41:00+00:00,long,93735.2,93521.78,SL,-5.1259,336.604,1.5
2026-01-13 18:47:00+00:00,2026-01-13 18:50:00+00:00,long,93746.83,93532.75,SL,-5.0491,331.555,1.5
2026-01-13 19:00:00+00:00,2026-01-13 19:07:00+00:00,long,93671.0,93480.86,SL,-4.9733,326.5817,1.5
2026-01-13 19:11:00+00:00,2026-01-13 19:33:00+00:00,long,93585.63,93994.99,TP,9.7974,336.3791,1.5
2026-01-13 19:53:00+00:00,2026-01-13 22:09:00+00:00,long,94200.01,94700.4,TP,10.0914,346.4705,1.5
2026-01-13 22:45:00+00:00,2026-01-13 23:02:00+00:00,long,95618.94,96015.99,TP,10.3941,356.8646,1.5
2026-01-13 23:44:00+00:00,2026-01-14 00:08:00+00:00,long,95194.8,95584.78,TP,10.7059,367.5705,1.5
2026-01-14 00:51:00+00:00,2026-01-14 03:54:00+00:00,long,95241.79,95643.42,TP,11.0271,378.5976,1.5
2026-01-14 04:19:00+00:00,2026-01-14 04:43:00+00:00,long,95485.51,95285.83,SL,-5.679,372.9187,1.5
2026-01-14 04:51:00+00:00,2026-01-14 06:02:00+00:00,short,95252.01,94870.97,TP,11.1876,384.1062,1.5
2026-01-14 06:20:00+00:00,2026-01-14 06:46:00+00:00,short,94754.17,94957.84,SL,-5.7616,378.3446,1.5
2026-01-14 07:02:00+00:00,2026-01-14 07:47:00+00:00,short,94981.15,95172.4,SL,-5.6752,372.6695,1.5
2026-01-14 10:31:00+00:00,2026-01-14 11:15:00+00:00,long,95083.78,94875.56,SL,-5.59,367.0794,1.5
2026-01-14 11:37:00+00:00,2026-01-14 12:34:00+00:00,short,94913.78,95108.0,SL,-5.5062,361.5732,1.5
2026-01-14 12:36:00+00:00,2026-01-14 13:05:00+00:00,long,95153.83,94953.78,SL,-5.4236,356.1496,1.5
2026-01-14 13:12:00+00:00,2026-01-14 14:11:00+00:00,long,95036.82,95504.82,TP,10.6845,366.8341,1.5
2026-01-14 14:39:00+00:00,2026-01-14 14:46:00+00:00,long,95856.81,96328.3,TP,11.005,377.8392,1.5
2026-01-14 15:12:00+00:00,2026-01-14 15:29:00+00:00,long,96969.33,96745.76,SL,-5.6676,372.1716,1.5
2026-01-14 15:48:00+00:00,2026-01-14 16:03:00+00:00,long,96602.84,97012.53,TP,11.1651,383.3367,1.5
2026-01-14 16:39:00+00:00,2026-01-14 16:56:00+00:00,long,97472.65,97218.31,SL,-5.7501,377.5867,1.5
2026-01-14 17:05:00+00:00,2026-01-14 17:32:00+00:00,long,97526.19,97324.05,SL,-5.6638,371.9229,1.5
2026-01-14 17:44:00+00:00,2026-01-14 17:54:00+00:00,long,97174.66,96949.89,SL,-5.5788,366.344,1.5
2026-01-14 18:04:00+00:00,2026-01-14 18:13:00+00:00,long,96954.04,96733.07,SL,-5.4952,360.8489,1.5
2026-01-14 18:33:00+00:00,2026-01-14 18:51:00+00:00,short,96535.24,96753.77,SL,-5.4127,355.4361,1.5
2026-01-14 19:50:00+00:00,2026-01-14 19:55:00+00:00,long,97449.86,97232.98,SL,-5.3315,350.1046,1.5
2026-01-14 20:05:00+00:00,2026-01-14 22:33:00+00:00,long,97463.66,97202.61,SL,-5.2516,344.853,1.5
2026-01-14 22:55:00+00:00,2026-01-14 23:07:00+00:00,short,96950.01,97185.99,SL,-5.1728,339.6802,1.5
2026-01-14 23:20:00+00:00,2026-01-15 00:03:00+00:00,short,97192.22,96800.0,TP,10.1904,349.8706,1.5
2026-01-15 00:21:00+00:00,2026-01-15 01:29:00+00:00,short,96803.94,96390.36,TP,10.4961,360.3667,1.5
2026-01-15 02:13:00+00:00,2026-01-15 03:27:00+00:00,short,96429.9,96008.0,TP,10.811,371.1778,1.5
2026-01-15 04:17:00+00:00,2026-01-15 04:23:00+00:00,short,96021.4,96225.32,SL,-5.5677,365.6101,1.5
2026-01-15 04:34:00+00:00,2026-01-15 05:45:00+00:00,short,96259.03,96463.22,SL,-5.4842,360.1259,1.5
2026-01-15 06:04:00+00:00,2026-01-15 06:35:00+00:00,long,96499.54,96258.6,SL,-5.4019,354.724,1.5
2026-01-15 07:02:00+00:00,2026-01-15 07:23:00+00:00,short,96218.21,96466.44,SL,-5.3209,349.4032,1.5
2026-01-15 07:40:00+00:00,2026-01-15 08:18:00+00:00,long,96636.44,96435.35,SL,-5.241,344.1621,1.5
2026-01-15 08:21:00+00:00,2026-01-15 08:31:00+00:00,long,96541.38,96347.04,SL,-5.1624,338.9997,1.5
2026-01-15 09:22:00+00:00,2026-01-15 09:42:00+00:00,long,96660.01,97081.31,TP,10.17,349.1697,1.5
2026-01-15 09:50:00+00:00,2026-01-15 10:05:00+00:00,long,97099.99,96900.0,SL,-5.2375,343.9322,1.5
2026-01-15 10:23:00+00:00,2026-01-15 11:38:00+00:00,long,96903.75,96689.84,SL,-5.159,338.7732,1.5
2026-01-15 12:00:00+00:00,2026-01-15 12:43:00+00:00,short,96551.72,96746.87,SL,-5.0816,333.6916,1.5
2026-01-15 13:26:00+00:00,2026-01-15 13:31:00+00:00,long,96973.37,96696.13,SL,-5.0054,328.6862,1.5
2026-01-15 13:42:00+00:00,2026-01-15 14:34:00+00:00,long,96800.0,96551.02,SL,-4.9303,323.7559,1.5
2026-01-15 15:22:00+00:00,2026-01-15 15:38:00+00:00,short,96107.04,95643.15,TP,9.7127,333.4686,1.5
2026-01-15 15:48:00+00:00,2026-01-15 15:56:00+00:00,short,95571.97,95986.89,SL,-5.002,328.4666,1.5
2026-01-15 16:09:00+00:00,2026-01-15 16:24:00+00:00,short,96344.84,96579.77,SL,-4.927,323.5396,1.5
2026-01-15 16:40:00+00:00,2026-01-15 17:42:00+00:00,long,96574.0,97092.92,TP,9.7062,333.2457,1.5
2026-01-15 18:39:00+00:00,2026-01-15 19:26:00+00:00,short,95919.61,95512.22,TP,9.9974,343.2431,1.5
2026-01-15 19:58:00+00:00,2026-01-15 22:06:00+00:00,short,95462.45,95672.72,SL,-5.1486,338.0945,1.5
2026-01-15 22:24:00+00:00,2026-01-15 23:07:00+00:00,long,95636.59,95418.43,SL,-5.0714,333.023,1.5
2026-01-15 23:29:00+00:00,2026-01-16 00:34:00+00:00,short,95567.99,95776.99,SL,-4.9953,328.0277,1.5
2026-01-16 00:43:00+00:00,2026-01-16 00:58:00+00:00,long,95802.91,95608.4,SL,-4.9204,323.1073,1.5
2026-01-16 01:50:00+00:00,2026-01-16 02:03:00+00:00,long,95758.3,95540.0,SL,-4.8466,318.2607,1.5
2026-01-16 02:20:00+00:00,2026-01-16 02:28:00+00:00,short,95396.8,95663.02,SL,-4.7739,313.4868,1.5
2026-01-16 02:38:00+00:00,2026-01-16 04:52:00+00:00,short,95547.32,95143.4,TP,9.4046,322.8914,1.5
2026-01-16 05:19:00+00:00,2026-01-16 05:43:00+00:00,short,95369.42,95602.43,SL,-4.8434,318.048,1.5
2026-01-16 06:05:00+00:00,2026-01-16 06:13:00+00:00,long,95806.83,95598.22,SL,-4.7707,313.2773,1.5
2026-01-16 06:24:00+00:00,2026-01-16 10:16:00+00:00,long,95673.62,95441.5,SL,-4.6992,308.5781,1.5
2026-01-16 10:39:00+00:00,2026-01-16 12:24:00+00:00,short,95339.14,95543.05,SL,-4.6287,303.9495,1.5
2026-01-16 12:45:00+00:00,2026-01-16 13:40:00+00:00,long,95505.38,95297.21,SL,-4.5592,299.3902,1.5
2026-01-16 14:08:00+00:00,2026-01-16 14:29:00+00:00,short,95469.9,95714.1,SL,-4.4909,294.8994,1.5
2026-01-16 14:36:00+00:00,2026-01-16 15:11:00+00:00,short,95426.41,95663.14,SL,-4.4235,290.4759,1.5
2026-01-16 15:18:00+00:00,2026-01-16 15:28:00+00:00,short,95250.45,94816.01,TP,8.7143,299.1901,1.5
2026-01-16 15:41:00+00:00,2026-01-16 15:45:00+00:00,short,94407.91,94599.8,SL,-4.4879,294.7023,1.5
2026-01-16 15:47:00+00:00,2026-01-16 15:50:00+00:00,short,94344.18,94551.09,SL,-4.4205,290.2818,1.5
2026-01-16 16:16:00+00:00,2026-01-16 16:19:00+00:00,short,94644.65,94894.85,SL,-4.3542,285.9275,1.5
2026-01-16 16:29:00+00:00,2026-01-16 17:59:00+00:00,short,94870.05,95076.08,SL,-4.2889,281.6386,1.5
2026-01-16 18:27:00+00:00,2026-01-16 18:59:00+00:00,long,95206.93,95001.19,SL,-4.2246,277.414,1.5
2026-01-16 19:17:00+00:00,2026-01-16 20:28:00+00:00,short,94898.33,95115.51,SL,-4.1612,273.2528,1.5
2026-01-16 20:54:00+00:00,2026-01-17 07:01:00+00:00,long,95345.81,95117.57,SL,-4.0988,269.154,1.5
2026-01-17 07:38:00+00:00,2026-01-17 12:14:00+00:00,short,95154.32,95362.25,SL,-4.0373,265.1167,1.5
2026-01-17 12:36:00+00:00,2026-01-17 22:46:00+00:00,long,95268.87,95071.51,SL,-3.9768,261.14,1.5
2026-01-17 23:15:00+00:00,2026-01-18 18:28:00+00:00,short,95164.34,95363.31,SL,-3.9171,257.2229,1.5
2026-01-18 18:47:00+00:00,2026-01-18 23:03:00+00:00,long,95428.0,95223.16,SL,-3.8583,253.3645,1.5
2026-01-18 23:22:00+00:00,2026-01-18 23:46:00+00:00,short,94779.66,94158.13,TP,7.6009,260.9655,1.5
2026-01-19 00:15:00+00:00,2026-01-19 00:17:00+00:00,short,92279.65,92711.36,SL,-3.9145,257.051,1.5
2026-01-19 00:51:00+00:00,2026-01-19 01:48:00+00:00,short,92730.6,92309.23,TP,7.7115,264.7625,1.5
2026-01-19 02:11:00+00:00,2026-01-19 02:22:00+00:00,short,92429.57,92654.2,SL,-3.9714,260.7911,1.5
2026-01-19 02:27:00+00:00,2026-01-19 03:03:00+00:00,short,92429.27,92627.01,SL,-3.9119,256.8792,1.5
2026-01-19 03:21:00+00:00,2026-01-19 08:18:00+00:00,short,92700.01,92915.25,SL,-3.8532,253.026,1.5
2026-01-19 08:47:00+00:00,2026-01-19 09:19:00+00:00,long,93208.77,92976.04,SL,-3.7954,249.2306,1.5
2026-01-19 09:27:00+00:00,2026-01-19 14:06:00+00:00,long,93070.5,92875.4,SL,-3.7385,245.4922,1.5
2026-01-19 14:26:00+00:00,2026-01-19 15:14:00+00:00,short,92838.05,93032.38,SL,-3.6824,241.8098,1.5
2026-01-19 15:17:00+00:00,2026-01-19 16:04:00+00:00,short,92940.01,93131.91,SL,-3.6271,238.1826,1.5
2026-01-19 16:20:00+00:00,2026-01-19 22:12:00+00:00,long,93103.93,92878.01,SL,-3.5727,234.6099,1.5
2026-01-19 22:30:00+00:00,2026-01-19 23:03:00+00:00,short,92900.0,92478.55,TP,7.0383,241.6482,1.5
2026-01-19 23:15:00+00:00,2026-01-19 23:30:00+00:00,short,92364.81,92588.23,SL,-3.6247,238.0235,1.5
2026-01-19 23:45:00+00:00,2026-01-20 00:05:00+00:00,short,92637.65,92853.1,SL,-3.5704,234.4531,1.5
2026-01-20 00:12:00+00:00,2026-01-20 03:30:00+00:00,short,92703.02,92299.15,TP,7.0336,241.4867,1.5
2026-01-20 04:00:00+00:00,2026-01-20 05:00:00+00:00,short,92385.96,91768.03,TP,7.2446,248.7313,1.5
2026-01-20 05:41:00+00:00,2026-01-20 05:51:00+00:00,short,91569.46,91805.03,SL,-3.731,245.0004,1.5
2026-01-20 05:56:00+00:00,2026-01-20 06:16:00+00:00,short,91681.32,91233.76,TP,7.35,252.3504,1.5
2026-01-20 06:33:00+00:00,2026-01-20 06:44:00+00:00,short,90942.98,91127.82,SL,-3.7853,248.5651,1.5
2026-01-20 06:53:00+00:00,2026-01-20 07:09:00+00:00,short,90897.87,91136.17,SL,-3.7285,244.8366,1.5
2026-01-20 07:20:00+00:00,2026-01-20 07:40:00+00:00,short,91000.0,91200.52,SL,-3.6725,241.1641,1.5
2026-01-20 07:56:00+00:00,2026-01-20 08:36:00+00:00,short,91168.87,90730.01,TP,7.2349,248.399,1.5
2026-01-20 09:09:00+00:00,2026-01-20 10:20:00+00:00,short,91035.93,91230.75,SL,-3.726,244.673,1.5
2026-01-20 10:48:00+00:00,2026-01-20 13:05:00+00:00,long,91233.85,91001.96,SL,-3.6701,241.0029,1.5
2026-01-20 13:29:00+00:00,2026-01-20 13:39:00+00:00,short,90881.45,91079.99,SL,-3.615,237.3879,1.5
2026-01-20 13:54:00+00:00,2026-01-20 14:38:00+00:00,short,90950.97,91230.75,SL,-3.5608,233.8271,1.5
2026-01-20 14:46:00+00:00,2026-01-20 14:48:00+00:00,short,90763.3,90366.01,TP,7.0148,240.8419,1.5
2026-01-20 15:39:00+00:00,2026-01-20 16:00:00+00:00,short,90595.55,90779.22,SL,-3.6126,237.2292,1.5
2026-01-20 16:08:00+00:00,2026-01-20 16:11:00+00:00,short,90559.23,90817.0,SL,-3.5584,233.6708,1.5
2026-01-20 16:22:00+00:00,2026-01-20 16:41:00+00:00,short,90760.01,90263.44,TP,7.0101,240.6809,1.5
2026-01-20 17:19:00+00:00,2026-01-20 17:34:00+00:00,short,90346.47,89972.19,TP,7.2204,247.9014,1.5
2026-01-20 18:19:00+00:00,2026-01-20 18:54:00+00:00,short,89784.24,89420.91,TP,7.437,255.3384,1.5
2026-01-20 19:13:00+00:00,2026-01-20 19:17:00+00:00,short,89453.63,89686.0,SL,-3.8301,251.5083,1.5
2026-01-20 19:22:00+00:00,2026-01-20 19:54:00+00:00,short,89589.55,89780.91,SL,-3.7726,247.7357,1.5
2026-01-20 20:02:00+00:00,2026-01-20 20:19:00+00:00,short,89538.53,89799.62,SL,-3.716,244.0197,1.5
2026-01-20 20:30:00+00:00,2026-01-20 22:33:00+00:00,short,89672.67,88218.19,TP,7.3206,251.3403,1.5
2026-01-20 23:04:00+00:00,2026-01-20 23:32:00+00:00,short,88155.01,88337.63,SL,-3.7701,247.5701,1.5
2026-01-20 23:48:00+00:00,2026-01-21 00:03:00+00:00,short,88360.0,88562.72,SL,-3.7136,243.8566,1.5
2026-01-21 00:09:00+00:00,2026-01-21 00:35:00+00:00,short,88534.44,88784.24,SL,-3.6578,240.1987,1.5
2026-01-21 01:11:00+00:00,2026-01-21 03:40:00+00:00,long,89087.32,89459.36,TP,7.206,247.4047,1.5
2026-01-21 04:21:00+00:00,2026-01-21 05:37:00+00:00,long,89462.0,89819.95,TP,7.4221,254.8269,1.5
2026-01-21 06:14:00+00:00,2026-01-21 06:35:00+00:00,long,89908.02,89714.47,SL,-3.8224,251.0044,1.5
2026-01-21 07:12:00+00:00,2026-01-21 07:54:00+00:00,short,89503.36,89118.18,TP,7.5301,258.5346,1.5
2026-01-21 08:27:00+00:00,2026-01-21 09:35:00+00:00,short,89293.18,89486.86,SL,-3.878,254.6566,1.5
2026-01-21 10:25:00+00:00,2026-01-21 11:56:00+00:00,short,89308.7,88920.84,TP,7.6397,262.2963,1.5
2026-01-21 12:22:00+00:00,2026-01-21 12:23:00+00:00,short,88212.33,88432.06,SL,-3.9344,258.3618,1.5
2026-01-21 13:16:00+00:00,2026-01-21 14:05:00+00:00,short,88881.19,89279.09,SL,-3.8754,254.4864,1.5
2026-01-21 14:32:00+00:00,2026-01-21 14:36:00+00:00,long,89746.82,89525.15,SL,-3.8173,250.6691,1.5
2026-01-21 14:56:00+00:00,2026-01-21 15:07:00+00:00,long,89792.58,90161.1,TP,7.5201,258.1892,1.5
2026-01-21 15:45:00+00:00,2026-01-21 16:05:00+00:00,long,90091.01,89908.34,SL,-3.8728,254.3163,1.5
2026-01-21 16:34:00+00:00,2026-01-21 16:40:00+00:00,short,89171.99,88475.83,TP,7.6295,261.9458,1.5
2026-01-21 16:56:00+00:00,2026-01-21 17:04:00+00:00,short,87826.45,88090.28,SL,-3.9292,258.0166,1.5
2026-01-21 17:14:00+00:00,2026-01-21 17:17:00+00:00,short,87323.05,87534.17,SL,-3.8702,254.1464,1.5
2026-01-21 17:55:00+00:00,2026-01-21 18:39:00+00:00,short,87941.97,88124.56,SL,-3.8122,250.3342,1.5
2026-01-21 19:19:00+00:00,2026-01-21 19:27:00+00:00,long,88496.66,89015.83,TP,7.51,257.8442,1.5
2026-01-21 20:28:00+00:00,2026-01-21 20:46:00+00:00,long,89776.71,90176.26,TP,7.7353,265.5795,1.5
2026-01-21 21:17:00+00:00,2026-01-21 21:26:00+00:00,long,90280.78,90081.72,SL,-3.9837,261.5958,1.5
2026-01-21 21:38:00+00:00,2026-01-21 22:24:00+00:00,long,90186.72,89967.32,SL,-3.9239,257.6719,1.5
2026-01-21 22:34:00+00:00,2026-01-21 22:59:00+00:00,long,90012.1,89763.51,SL,-3.8651,253.8068,1.5
2026-01-21 23:04:00+00:00,2026-01-21 23:40:00+00:00,long,89891.93,89700.0,SL,-3.8071,249.9997,1.5
2026-01-22 01:06:00+00:00,2026-01-22 03:34:00+00:00,long,89997.94,89745.33,SL,-3.75,246.2497,1.5
2026-01-22 04:04:00+00:00,2026-01-22 04:49:00+00:00,short,89839.63,90027.21,SL,-3.6937,242.556,1.5
2026-01-22 05:09:00+00:00,2026-01-22 07:53:00+00:00,long,90052.02,89865.29,SL,-3.6383,238.9176,1.5
2026-01-22 08:12:00+00:00,2026-01-22 09:08:00+00:00,short,89817.81,90037.78,SL,-3.5838,235.3339,1.5
2026-01-22 09:35:00+00:00,2026-01-22 12:02:00+00:00,long,90078.77,89873.1,SL,-3.53,231.8039,1.5
2026-01-22 12:22:00+00:00,2026-01-22 13:36:00+00:00,long,90025.29,89757.06,SL,-3.4771,228.3268,1.5
2026-01-22 14:21:00+00:00,2026-01-22 14:38:00+00:00,short,89483.54,89665.0,SL,-3.4249,224.9019,1.5
2026-01-22 14:45:00+00:00,2026-01-22 15:24:00+00:00,short,89352.57,88842.48,TP,6.7471,231.649,1.5
2026-01-22 15:54:00+00:00,2026-01-22 16:01:00+00:00,short,88955.25,89139.2,SL,-3.4747,228.1742,1.5
2026-01-22 16:05:00+00:00,2026-01-22 17:05:00+00:00,short,89036.42,89215.88,SL,-3.4226,224.7516,1.5
2026-01-22 17:20:00+00:00,2026-01-22 17:25:00+00:00,long,89410.92,89181.39,SL,-3.3713,221.3803,1.5
2026-01-22 17:44:00+00:00,2026-01-22 18:15:00+00:00,long,89230.71,89600.27,TP,6.6414,228.0218,1.5
2026-01-22 18:16:00+00:00,2026-01-22 18:50:00+00:00,long,89658.8,89464.78,SL,-3.4203,224.6014,1.5
2026-01-22 20:11:00+00:00,2026-01-22 20:25:00+00:00,long,89858.09,89655.29,SL,-3.369,221.2324,1.5
2026-01-22 20:36:00+00:00,2026-01-22 20:55:00+00:00,long,89642.01,89446.82,SL,-3.3185,217.9139,1.5
2026-01-22 21:58:00+00:00,2026-01-22 22:13:00+00:00,short,89263.66,89520.01,SL,-3.2687,214.6452,1.5
2026-01-22 22:31:00+00:00,2026-01-22 23:26:00+00:00,short,89317.0,89509.97,SL,-3.2197,211.4255,1.5
2026-01-22 23:33:00+00:00,2026-01-23 01:56:00+00:00,long,89516.9,89908.02,TP,6.3428,217.7683,1.5
2026-01-23 02:14:00+00:00,2026-01-23 02:27:00+00:00,long,89950.34,89740.19,SL,-3.2665,214.5018,1.5
2026-01-23 02:34:00+00:00,2026-01-23 05:25:00+00:00,long,89812.27,89599.99,SL,-3.2175,211.2842,1.5
2026-01-23 05:53:00+00:00,2026-01-23 06:05:00+00:00,short,89538.38,89737.75,SL,-3.1693,208.115,1.5
2026-01-23 06:22:00+00:00,2026-01-23 08:29:00+00:00,short,89708.99,89332.78,TP,6.2435,214.3584,1.5
2026-01-23 08:53:00+00:00,2026-01-23 13:13:00+00:00,short,89229.32,89412.16,SL,-3.2154,211.1431,1.5
2026-01-23 13:43:00+00:00,2026-01-23 14:29:00+00:00,long,89316.12,89685.93,TP,6.3343,217.4774,1.5
2026-01-23 14:32:00+00:00,2026-01-23 14:37:00+00:00,short,89267.81,88827.04,TP,6.5243,224.0017,1.5
2026-01-23 15:13:00+00:00,2026-01-23 15:20:00+00:00,short,88824.08,89153.84,SL,-3.36,220.6416,1.5
2026-01-23 15:33:00+00:00,2026-01-23 15:38:00+00:00,short,88967.91,89187.17,SL,-3.3096,217.332,1.5
2026-01-23 16:34:00+00:00,2026-01-23 16:37:00+00:00,long,89811.72,90249.61,TP,6.52,223.852,1.5
2026-01-23 17:13:00+00:00,2026-01-23 17:26:00+00:00,long,90185.09,90801.69,TP,6.7156,230.5675,1.5
2026-01-23 18:05:00+00:00,2026-01-23 18:52:00+00:00,long,90733.43,90531.27,SL,-3.4585,227.109,1.5
2026-01-23 19:07:00+00:00,2026-01-23 19:14:00+00:00,long,90462.26,90278.0,SL,-3.4066,223.7024,1.5
2026-01-23 19:29:00+00:00,2026-01-23 20:09:00+00:00,short,89845.83,90026.34,SL,-3.3555,220.3469,1.5
2026-01-23 20:20:00+00:00,2026-01-23 20:30:00+00:00,short,90045.2,89667.13,TP,6.6104,226.9573,1.5
2026-01-23 21:16:00+00:00,2026-01-23 21:20:00+00:00,short,89485.2,89671.63,SL,-3.4044,223.5529,1.5
2026-01-23 21:28:00+00:00,2026-01-24 03:04:00+00:00,short,89633.18,89815.16,SL,-3.3533,220.1996,1.5
2026-01-24 03:29:00+00:00,2026-01-24 03:49:00+00:00,long,89936.25,89750.0,SL,-3.303,216.8966,1.5
2026-01-24 04:02:00+00:00,2026-01-24 07:17:00+00:00,long,89791.97,89606.05,SL,-3.2534,213.6432,1.5
2026-01-24 07:56:00+00:00,2026-01-24 14:00:00+00:00,short,89645.75,89225.34,TP,6.4093,220.0525,1.5
2026-01-24 14:46:00+00:00,2026-01-25 03:16:00+00:00,short,89450.01,89061.0,TP,6.6016,226.654,1.5
2026-01-25 03:30:00+00:00,2026-01-25 04:32:00+00:00,short,88882.21,89079.12,SL,-3.3998,223.2542,1.5
2026-01-25 04:44:00+00:00,2026-01-25 06:14:00+00:00,short,89068.04,88710.28,TP,6.6976,229.9518,1.5
2026-01-25 06:38:00+00:00,2026-01-25 08:40:00+00:00,short,88731.38,88364.95,TP,6.8986,236.8504,1.5
2026-01-25 09:35:00+00:00,2026-01-25 10:22:00+00:00,short,88377.64,88566.52,SL,-3.5528,233.2976,1.5
2026-01-25 10:44:00+00:00,2026-01-25 15:54:00+00:00,long,88615.43,88407.37,SL,-3.4995,229.7982,1.5
2026-01-25 16:46:00+00:00,2026-01-25 16:54:00+00:00,short,87842.13,88020.2,SL,-3.447,226.3512,1.5
2026-01-25 17:03:00+00:00,2026-01-25 18:25:00+00:00,short,87958.6,87580.51,TP,6.7905,233.1417,1.5
2026-01-25 18:43:00+00:00,2026-01-25 19:00:00+00:00,short,87300.01,87479.73,SL,-3.4971,229.6446,1.5
2026-01-25 19:05:00+00:00,2026-01-25 19:20:00+00:00,short,87268.71,86748.69,TP,6.8893,236.534,1.5
2026-01-25 19:53:00+00:00,2026-01-25 19:54:00+00:00,short,86325.99,86507.32,SL,-3.548,232.986,1.5
2026-01-25 20:14:00+00:00,2026-01-25 20:54:00+00:00,short,86440.0,86615.61,SL,-3.4948,229.4912,1.5
2026-01-25 21:11:00+00:00,2026-01-25 21:39:00+00:00,short,86813.1,86400.55,TP,6.8847,236.3759,1.5
2026-01-25 22:01:00+00:00,2026-01-25 22:44:00+00:00,short,86422.2,86634.6,SL,-3.5456,232.8303,1.5
2026-01-25 22:48:00+00:00,2026-01-25 23:01:00+00:00,short,86452.09,86074.73,TP,6.9849,239.8152,1.5
2026-01-25 23:05:00+00:00,2026-01-25 23:19:00+00:00,short,86317.76,86509.61,SL,-3.5972,236.2179,1.5
2026-01-25 23:30:00+00:00,2026-01-25 23:48:00+00:00,short,86490.5,86676.28,SL,-3.5433,232.6747,1.5
2026-01-26 00:49:00+00:00,2026-01-26 01:04:00+00:00,long,86741.99,87131.56,TP,6.9802,239.6549,1.5
2026-01-26 01:21:00+00:00,2026-01-26 02:03:00+00:00,long,87666.65,87461.53,SL,-3.5948,236.0601,1.5
2026-01-26 02:15:00+00:00,2026-01-26 02:27:00+00:00,long,87525.71,87934.56,TP,7.0818,243.1419,1.5
2026-01-26 03:04:00+00:00,2026-01-26 03:25:00+00:00,long,87640.92,87462.29,SL,-3.6471,239.4948,1.5
2026-01-26 03:52:00+00:00,2026-01-26 04:07:00+00:00,short,87201.85,87384.0,SL,-3.5924,235.9023,1.5
2026-01-26 05:16:00+00:00,2026-01-26 08:04:00+00:00,long,87739.68,88118.01,TP,7.0771,242.9794,1.5
2026-01-26 08:23:00+00:00,2026-01-26 08:43:00+00:00,long,88252.43,88042.26,SL,-3.6447,239.3347,1.5
2026-01-26 09:18:00+00:00,2026-01-26 10:06:00+00:00,short,87733.54,87911.99,SL,-3.59,235.7447,1.5
2026-01-26 10:18:00+00:00,2026-01-26 13:32:00+00:00,short,87825.06,88016.08,SL,-3.5362,232.2085,1.5
2026-01-26 14:31:00+00:00,2026-01-26 14:34:00+00:00,short,87548.43,87908.06,SL,-3.4831,228.7254,1.5
2026-01-26 14:59:00+00:00,2026-01-26 15:11:00+00:00,long,88178.1,88649.41,TP,6.8618,235.5872,1.5
2026-01-26 16:07:00+00:00,2026-01-26 16:20:00+00:00,short,87310.87,87529.92,SL,-3.5338,232.0534,1.5
2026-01-26 16:35:00+00:00,2026-01-26 16:49:00+00:00,short,87645.01,87834.21,SL,-3.4808,228.5726,1.5
2026-01-26 16:58:00+00:00,2026-01-26 17:18:00+00:00,short,87626.01,87236.21,TP,6.8572,235.4297,1.5
2026-01-26 17:31:00+00:00,2026-01-26 17:36:00+00:00,short,87208.73,87400.01,SL,-3.5314,231.8983,1.5
2026-01-26 18:10:00+00:00,2026-01-26 18:30:00+00:00,long,87827.04,88264.08,TP,6.9569,238.8552,1.5
2026-01-26 18:52:00+00:00,2026-01-26 19:54:00+00:00,long,88199.99,87967.08,SL,-3.5828,235.2724,1.5
2026-01-26 20:03:00+00:00,2026-01-26 20:16:00+00:00,long,88055.05,87823.52,SL,-3.5291,231.7433,1.5
2026-01-26 20:34:00+00:00,2026-01-26 21:30:00+00:00,short,87806.4,88021.74,SL,-3.4762,228.2672,1.5
2026-01-26 21:41:00+00:00,2026-01-26 22:23:00+00:00,long,88179.0,88001.75,SL,-3.424,224.8432,1.5
2026-01-26 22:28:00+00:00,2026-01-26 23:29:00+00:00,long,88077.99,88462.78,TP,6.7453,231.5885,1.5
2026-01-27 00:13:00+00:00,2026-01-27 01:33:00+00:00,long,88236.01,88626.41,TP,6.9477,238.5361,1.5
2026-01-27 02:02:00+00:00,2026-01-27 05:06:00+00:00,long,88694.53,88482.92,SL,-3.578,234.9581,1.5
2026-01-27 05:07:00+00:00,2026-01-27 08:49:00+00:00,short,88482.92,88124.21,TP,7.0487,242.0068,1.5
2026-01-27 09:00:00+00:00,2026-01-27 14:14:00+00:00,short,88111.68,88296.59,SL,-3.6301,238.3767,1.5
2026-01-27 15:19:00+00:00,2026-01-27 15:58:00+00:00,short,87831.22,88031.82,SL,-3.5757,234.8011,1.5
2026-01-27 16:32:00+00:00,2026-01-27 17:06:00+00:00,long,88670.68,88488.38,SL,-3.522,231.279,1.5
2026-01-27 17:37:00+00:00,2026-01-27 18:03:00+00:00,short,87504.6,87797.09,SL,-3.4692,227.8099,1.5
2026-01-27 18:33:00+00:00,2026-01-27 18:54:00+00:00,short,87816.77,88021.74,SL,-3.4171,224.3927,1.5
2026-01-27 19:17:00+00:00,2026-01-27 20:09:00+00:00,long,88281.63,88653.72,TP,6.7318,231.1245,1.5
2026-01-27 20:47:00+00:00,2026-01-27 21:57:00+00:00,long,89220.95,89034.01,SL,-3.4669,227.6576,1.5
2026-01-27 22:00:00+00:00,2026-01-28 04:12:00+00:00,long,89168.75,88954.69,SL,-3.4149,224.2428,1.5
2026-01-28 04:46:00+00:00,2026-01-28 06:00:00+00:00,short,88973.22,89166.0,SL,-3.3636,220.8791,1.5
2026-01-28 06:34:00+00:00,2026-01-28 07:55:00+00:00,long,89320.3,89136.55,SL,-3.3132,217.5659,1.5
2026-01-28 08:04:00+00:00,2026-01-28 08:27:00+00:00,long,89233.9,89008.88,SL,-3.2635,214.3024,1.5
2026-01-28 08:48:00+00:00,2026-01-28 09:37:00+00:00,short,89027.18,89366.01,SL,-3.2145,211.0879,1.5
2026-01-28 09:59:00+00:00,2026-01-28 10:20:00+00:00,long,89567.25,89366.86,SL,-3.1663,207.9216,1.5
2026-01-28 10:32:00+00:00,2026-01-28 11:49:00+00:00,long,89452.39,89819.04,TP,6.2376,214.1592,1.5
2026-01-28 12:37:00+00:00,2026-01-28 13:12:00+00:00,long,89912.74,90314.39,TP,6.4248,220.584,1.5
2026-01-28 13:31:00+00:00,2026-01-28 14:26:00+00:00,long,90206.33,90010.0,SL,-3.3088,217.2752,1.5
2026-01-28 14:31:00+00:00,2026-01-28 14:37:00+00:00,long,90094.09,89837.06,SL,-3.2591,214.0161,1.5
2026-01-28 15:08:00+00:00,2026-01-28 15:14:00+00:00,short,89467.56,89101.77,TP,6.4205,220.4366,1.5
2026-01-28 15:49:00+00:00,2026-01-28 16:26:00+00:00,short,89375.31,89560.06,SL,-3.3065,217.1301,1.5
2026-01-28 16:55:00+00:00,2026-01-28 17:30:00+00:00,long,89729.25,89390.0,SL,-3.257,213.8731,1.5
2026-01-28 18:15:00+00:00,2026-01-28 18:36:00+00:00,long,89848.0,89644.25,SL,-3.2081,210.665,1.5
2026-01-28 18:51:00+00:00,2026-01-28 19:02:00+00:00,short,89523.15,89141.33,TP,6.32,216.985,1.5
2026-01-28 19:31:00+00:00,2026-01-28 19:54:00+00:00,short,89338.87,89556.96,SL,-3.2548,213.7302,1.5
2026-01-28 20:11:00+00:00,2026-01-28 20:27:00+00:00,short,89544.01,89726.96,SL,-3.206,210.5242,1.5
2026-01-28 20:31:00+00:00,2026-01-28 20:47:00+00:00,short,89510.67,89137.56,TP,6.3157,216.84,1.5
2026-01-28 21:02:00+00:00,2026-01-28 21:13:00+00:00,short,88912.18,89126.0,SL,-3.2526,213.5874,1.5
2026-01-28 21:28:00+00:00,2026-01-28 21:40:00+00:00,short,89150.01,89345.99,SL,-3.2038,210.3835,1.5
2026-01-28 23:19:00+00:00,2026-01-28 23:33:00+00:00,long,89447.46,89256.26,SL,-3.1558,207.2278,1.5
2026-01-29 00:03:00+00:00,2026-01-29 01:25:00+00:00,short,89250.0,88769.19,TP,6.2168,213.4446,1.5
2026-01-29 01:48:00+00:00,2026-01-29 02:31:00+00:00,short,88666.98,88239.05,TP,6.4033,219.848,1.5
2026-01-29 03:25:00+00:00,2026-01-29 04:34:00+00:00,short,88040.0,88232.56,SL,-3.2977,216.5502,1.5
2026-01-29 04:43:00+00:00,2026-01-29 04:58:00+00:00,short,88165.23,88342.71,SL,-3.2483,213.302,1.5
2026-01-29 05:46:00+00:00,2026-01-29 08:29:00+00:00,short,88257.12,88452.4,SL,-3.1995,210.1025,1.5
2026-01-29 08:38:00+00:00,2026-01-29 09:59:00+00:00,short,88246.65,87892.01,TP,6.3031,216.4055,1.5
2026-01-29 10:26:00+00:00,2026-01-29 12:58:00+00:00,short,87901.99,88116.35,SL,-3.2461,213.1595,1.5
2026-01-29 13:29:00+00:00,2026-01-29 13:53:00+00:00,long,88167.98,87951.68,SL,-3.1974,209.9621,1.5
2026-01-29 14:00:00+00:00,2026-01-29 14:27:00+00:00,long,88073.03,87879.01,SL,-3.1494,206.8126,1.5
2026-01-29 14:41:00+00:00,2026-01-29 14:56:00+00:00,short,87718.0,87315.71,TP,6.2044,213.017,1.5
2026-01-29 15:40:00+00:00,2026-01-29 15:55:00+00:00,short,84721.77,85033.91,SL,-3.1953,209.8218,1.5
2026-01-29 16:07:00+00:00,2026-01-29 16:13:00+00:00,short,84488.06,84674.93,SL,-3.1473,206.6744,1.5
2026-01-29 16:24:00+00:00,2026-01-29 16:47:00+00:00,short,84595.2,84874.85,SL,-3.1001,203.5743,1.5
2026-01-29 17:05:00+00:00,2026-01-29 17:17:00+00:00,short,85145.1,85346.12,SL,-3.0536,200.5207,1.5
2026-01-29 17:23:00+00:00,2026-01-29 17:32:00+00:00,short,85339.68,84996.31,TP,6.0156,206.5363,1.5
2026-01-29 18:19:00+00:00,2026-01-29 18:26:00+00:00,short,84228.43,83780.22,TP,6.1961,212.7324,1.5
2026-01-29 18:51:00+00:00,2026-01-29 19:30:00+00:00,short,83749.99,84021.96,SL,-3.191,209.5414,1.5
2026-01-29 19:46:00+00:00,2026-01-29 21:07:00+00:00,short,84179.51,84381.69,SL,-3.1431,206.3983,1.5
2026-01-29 21:31:00+00:00,2026-01-30 00:52:00+00:00,long,84436.01,84213.24,SL,-3.096,203.3023,1.5
2026-01-30 01:19:00+00:00,2026-01-30 01:22:00+00:00,short,84000.01,83594.62,TP,6.0991,209.4014,1.5
2026-01-30 01:36:00+00:00,2026-01-30 01:37:00+00:00,short,83589.98,83224.41,TP,6.282,215.6834,1.5
2026-01-30 02:14:00+00:00,2026-01-30 02:15:00+00:00,short,81900.53,82067.21,SL,-3.2353,212.4482,1.5
2026-01-30 02:16:00+00:00,2026-01-30 02:24:00+00:00,short,81894.5,81459.71,TP,6.3734,218.8216,1.5
2026-01-30 03:01:00+00:00,2026-01-30 03:10:00+00:00,short,82059.24,82232.14,SL,-3.2823,215.5393,1.5
2026-01-30 03:21:00+00:00,2026-01-30 03:36:00+00:00,short,82311.78,82510.0,SL,-3.2331,212.3062,1.5
2026-01-30 03:42:00+00:00,2026-01-30 03:56:00+00:00,short,82492.36,82676.89,SL,-3.1846,209.1216,1.5
2026-01-30 04:54:00+00:00,2026-01-30 06:12:00+00:00,long,82987.16,82780.19,SL,-3.1368,205.9848,1.5
2026-01-30 06:40:00+00:00,2026-01-30 06:51:00+00:00,short,82295.23,82485.47,SL,-3.0898,202.895,1.5
2026-01-30 08:01:00+00:00,2026-01-30 08:13:00+00:00,short,82634.97,82880.15,SL,-3.0434,199.8516,1.5
2026-01-30 09:10:00+00:00,2026-01-30 09:25:00+00:00,short,82667.36,82276.18,TP,3.997,203.8486,1.0
2026-01-30 09:45:00+00:00,2026-01-30 10:20:00+00:00,short,82341.01,82517.91,SL,-3.0577,200.7909,1.5
2026-01-30 10:38:00+00:00,2026-01-30 10:48:00+00:00,short,82515.0,82711.3,SL,-3.0119,197.779,1.5
2026-01-30 11:17:00+00:00,2026-01-30 11:27:00+00:00,long,82909.0,82707.85,SL,-1.9778,195.8013,1.0
2026-01-30 11:35:00+00:00,2026-01-30 11:53:00+00:00,long,82779.11,83116.8,TP,3.916,199.7173,1.0
2026-01-30 12:32:00+00:00,2026-01-30 13:05:00+00:00,long,82788.74,82613.25,SL,-1.9972,197.7201,1.0
2026-01-30 13:11:00+00:00,2026-01-30 13:30:00+00:00,long,82791.2,82625.09,SL,-1.9772,195.7429,1.0
2026-01-30 13:33:00+00:00,2026-01-30 14:33:00+00:00,long,82795.99,83253.39,TP,3.9149,199.6578,1.0
2026-01-30 15:05:00+00:00,2026-01-30 15:18:00+00:00,long,83478.02,83265.47,SL,-1.9966,197.6612,1.0
2026-01-30 15:35:00+00:00,2026-01-30 15:36:00+00:00,long,83202.52,83015.28,SL,-1.9766,195.6846,1.0
2026-01-30 16:07:00+00:00,2026-01-30 16:21:00+00:00,long,83094.91,82851.88,SL,-1.9568,193.7277,1.0
2026-01-30 16:28:00+00:00,2026-01-30 17:01:00+00:00,long,83136.55,82920.71,SL,-1.9373,191.7904,1.0
2026-01-30 17:33:00+00:00,2026-01-30 17:36:00+00:00,short,82955.7,83135.73,SL,-1.9179,189.8725,1.0
2026-01-30 17:48:00+00:00,2026-01-30 17:54:00+00:00,long,83182.59,83004.61,SL,-1.8987,187.9738,1.0
2026-01-30 18:03:00+00:00,2026-01-30 18:09:00+00:00,long,83120.19,82904.65,SL,-1.8797,186.0941,1.0
2026-01-30 19:52:00+00:00,2026-01-30 19:58:00+00:00,long,84505.33,84284.01,SL,-1.8609,184.2331,1.0
2026-01-30 20:16:00+00:00,2026-01-30 20:21:00+00:00,long,83942.08,83566.33,SL,-1.8423,182.3908,1.0
2026-01-30 20:23:00+00:00,2026-01-30 20:37:00+00:00,long,83926.81,83719.77,SL,-1.8239,180.5669,1.0
2026-01-30 20:43:00+00:00,2026-01-30 20:51:00+00:00,long,84023.51,83736.87,SL,-1.8057,178.7612,1.0
2026-01-30 20:52:00+00:00,2026-01-30 21:16:00+00:00,long,83942.64,84306.65,TP,3.5752,182.3365,1.0
2026-01-30 21:48:00+00:00,2026-01-30 22:06:00+00:00,long,84261.99,84083.24,SL,-1.8234,180.5131,1.0
2026-01-30 22:22:00+00:00,2026-01-31 01:37:00+00:00,long,84100.0,83920.62,SL,-1.8051,178.708,1.0
2026-01-31 02:07:00+00:00,2026-01-31 02:40:00+00:00,short,83963.99,84150.39,SL,-1.7871,176.9209,1.0
2026-01-31 03:18:00+00:00,2026-01-31 03:59:00+00:00,long,84200.0,84022.69,SL,-1.7692,175.1517,1.0
2026-01-31 04:20:00+00:00,2026-01-31 06:27:00+00:00,short,84019.5,83660.0,TP,3.503,178.6547,1.0
2026-01-31 07:06:00+00:00,2026-01-31 08:11:00+00:00,short,83696.18,83326.22,TP,3.5731,182.2278,1.0
2026-01-31 08:26:00+00:00,2026-01-31 08:36:00+00:00,short,83169.19,82828.4,TP,3.6446,185.8724,1.0
2026-01-31 09:14:00+00:00,2026-01-31 12:13:00+00:00,short,83140.01,82802.0,TP,3.7174,189.5898,1.0
2026-01-31 12:31:00+00:00,2026-01-31 13:34:00+00:00,short,82930.01,82536.33,TP,3.7918,193.3816,1.0
2026-01-31 14:09:00+00:00,2026-01-31 14:19:00+00:00,short,82605.35,82273.29,TP,3.8676,197.2492,1.0
2026-01-31 15:12:00+00:00,2026-01-31 15:48:00+00:00,short,81275.66,81492.49,SL,-1.9725,195.2767,1.0
2026-01-31 15:57:00+00:00,2026-01-31 16:09:00+00:00,short,81303.17,80745.7,TP,3.9055,199.1823,1.0
2026-01-31 16:28:00+00:00,2026-01-31 16:46:00+00:00,short,81151.53,80809.29,TP,3.9836,203.1659,1.0
2026-01-31 17:08:00+00:00,2026-01-31 17:11:00+00:00,short,79474.71,78851.01,TP,6.095,209.2609,1.5
2026-01-31 18:06:00+00:00,2026-01-31 18:16:00+00:00,short,78822.89,78434.06,TP,6.2778,215.5387,1.5
2026-01-31 18:36:00+00:00,2026-01-31 18:37:00+00:00,short,78200.01,77755.0,TP,6.4662,222.0049,1.5
2026-01-31 19:17:00+00:00,2026-01-31 19:32:00+00:00,short,78040.78,77587.99,TP,6.6601,228.665,1.5
2026-01-31 20:03:00+00:00,2026-01-31 20:06:00+00:00,short,77652.99,77922.17,SL,-3.43,225.2351,1.5
2026-01-31 20:10:00+00:00,2026-01-31 20:22:00+00:00,short,77730.56,78050.4,SL,-3.3785,221.8565,1.5
2026-01-31 20:27:00+00:00,2026-01-31 20:32:00+00:00,short,77490.01,77168.33,TP,6.6557,228.5122,1.5
2026-01-31 21:04:00+00:00,2026-01-31 21:07:00+00:00,short,77707.8,77932.73,SL,-3.4277,225.0845,1.5
2026-01-31 21:51:00+00:00,2026-01-31 22:19:00+00:00,long,78300.0,78102.2,SL,-3.3763,221.7083,1.5
2026-01-31 22:28:00+00:00,2026-01-31 22:37:00+00:00,long,78311.24,78120.95,SL,-3.3256,218.3827,1.5
2026-01-31 23:17:00+00:00,2026-01-31 23:21:00+00:00,long,78402.63,78777.67,TP,6.5515,224.9341,1.5
2026-01-31 23:34:00+00:00,2026-01-31 23:38:00+00:00,long,79117.12,78893.19,SL,-3.374,221.5601,1.5
2026-02-01 00:03:00+00:00,2026-02-01 00:10:00+00:00,long,78866.33,79217.71,TP,6.6468,228.2069,1.5
2026-02-01 00:47:00+00:00,2026-02-01 01:01:00+00:00,long,78953.92,78789.73,SL,-3.4231,224.7838,1.5
2026-02-01 01:37:00+00:00,2026-02-01 02:12:00+00:00,short,78585.38,78764.42,SL,-3.3718,221.4121,1.5
2026-02-01 02:21:00+00:00,2026-02-01 02:34:00+00:00,short,78552.8,78713.9,SL,-3.3212,218.0909,1.5
2026-02-01 03:30:00+00:00,2026-02-01 05:44:00+00:00,long,78794.98,78581.34,SL,-3.2714,214.8195,1.5
2026-02-01 06:28:00+00:00,2026-02-01 06:49:00+00:00,short,78685.35,78317.62,TP,6.4446,221.2641,1.5
2026-02-01 07:04:00+00:00,2026-02-01 07:35:00+00:00,short,78149.99,78388.0,SL,-3.319,217.9451,1.5
2026-02-01 07:48:00+00:00,2026-02-01 08:37:00+00:00,short,78465.11,78661.99,SL,-3.2692,214.676,1.5
2026-02-01 09:05:00+00:00,2026-02-01 09:27:00+00:00,long,78821.24,78647.95,SL,-3.2201,211.4558,1.5
2026-02-01 09:32:00+00:00,2026-02-01 10:12:00+00:00,long,78800.76,79127.0,TP,6.3437,217.7995,1.5
2026-02-01 10:56:00+00:00,2026-02-01 11:01:00+00:00,short,78239.1,78415.98,SL,-3.267,214.5325,1.5
2026-02-01 11:18:00+00:00,2026-02-01 11:31:00+00:00,short,78350.29,78533.86,SL,-3.218,211.3145,1.5
2026-02-01 12:22:00+00:00,2026-02-01 12:36:00+00:00,short,78458.0,78633.54,SL,-3.1697,208.1448,1.5
2026-02-01 12:44:00+00:00,2026-02-01 13:01:00+00:00,short,78378.45,78539.86,SL,-3.1222,205.0226,1.5
2026-02-01 13:21:00+00:00,2026-02-01 13:35:00+00:00,long,78764.41,78540.11,SL,-3.0753,201.9473,1.5
2026-02-01 13:46:00+00:00,2026-02-01 13:50:00+00:00,long,78648.78,78466.72,SL,-3.0292,198.9181,1.5
2026-02-01 14:11:00+00:00,2026-02-01 14:31:00+00:00,short,78145.08,77745.33,TP,3.9784,202.8964,1.0
2026-02-01 15:01:00+00:00,2026-02-01 15:10:00+00:00,short,78217.54,77899.99,TP,6.0869,208.9833,1.5
2026-02-01 16:01:00+00:00,2026-02-01 16:14:00+00:00,short,77348.37,77571.98,SL,-3.1347,205.8486,1.5
2026-02-01 16:18:00+00:00,2026-02-01 16:23:00+00:00,short,77208.11,77512.29,SL,-3.0877,202.7609,1.5
2026-02-01 16:38:00+00:00,2026-02-01 16:43:00+00:00,short,77552.01,77204.32,TP,6.0828,208.8437,1.5
2026-02-01 17:15:00+00:00,2026-02-01 18:00:00+00:00,short,77610.39,77788.69,SL,-3.1327,205.711,1.5
2026-02-01 18:59:00+00:00,2026-02-01 19:03:00+00:00,long,78029.28,77828.02,SL,-3.0857,202.6254,1.5
2026-02-01 19:06:00+00:00,2026-02-01 19:45:00+00:00,short,77777.98,77381.07,TP,6.0788,208.7041,1.5
2026-02-01 20:26:00+00:00,2026-02-01 20:28:00+00:00,short,76995.14,76648.0,TP,6.2611,214.9652,1.5
2026-02-01 20:48:00+00:00,2026-02-01 21:04:00+00:00,short,77277.65,76876.06,TP,6.449,221.4142,1.5
2026-02-01 21:44:00+00:00,2026-02-01 21:55:00+00:00,short,76841.43,76528.01,TP,6.6424,228.0566,1.5
2026-02-01 22:31:00+00:00,2026-02-01 23:01:00+00:00,long,77275.07,77077.99,SL,-3.4208,224.6358,1.5
2026-02-02 00:07:00+00:00,2026-02-02 00:13:00+00:00,long,77219.63,77650.39,TP,6.7391,231.3749,1.5
2026-02-02 01:03:00+00:00,2026-02-02 01:07:00+00:00,long,77864.0,77495.28,SL,-3.4706,227.9042,1.5
2026-02-02 02:33:00+00:00,2026-02-02 02:51:00+00:00,short,77019.64,76699.17,TP,6.8371,234.7414,1.5
2026-02-02 03:11:00+00:00,2026-02-02 03:15:00+00:00,short,76171.69,75853.87,TP,7.0422,241.7836,1.5
2026-02-02 03:39:00+00:00,2026-02-02 03:41:00+00:00,short,74629.73,74844.62,SL,-3.6268,238.1568,1.5
2026-02-02 04:04:00+00:00,2026-02-02 04:09:00+00:00,short,75738.19,75891.73,SL,-3.5724,234.5845,1.5
2026-02-02 05:28:00+00:00,2026-02-02 05:30:00+00:00,short,74986.7,75179.61,SL,-3.5188,231.0657,1.5
2026-02-02 06:02:00+00:00,2026-02-02 06:08:00+00:00,short,75333.42,75523.99,SL,-3.466,227.5997,1.5
2026-02-02 06:24:00+00:00,2026-02-02 06:34:00+00:00,short,75751.24,75375.86,TP,6.828,234.4277,1.5
2026-02-02 06:42:00+00:00,2026-02-02 06:45:00+00:00,long,76500.26,76214.05,SL,-3.5164,230.9113,1.5
2026-02-02 07:07:00+00:00,2026-02-02 07:12:00+00:00,long,76744.0,76490.15,SL,-3.4637,227.4476,1.5
2026-02-02 07:37:00+00:00,2026-02-02 08:10:00+00:00,long,76583.0,76936.02,TP,6.8234,234.2711,1.5
2026-02-02 08:38:00+00:00,2026-02-02 09:01:00+00:00,long,76925.95,76750.01,SL,-3.5141,230.757,1.5
2026-02-02 09:18:00+00:00,2026-02-02 09:27:00+00:00,long,76887.99,77213.26,TP,6.9227,237.6797,1.5
2026-02-02 09:46:00+00:00,2026-02-02 11:35:00+00:00,long,77585.25,77904.4,TP,7.1304,244.8101,1.5
2026-02-02 11:52:00+00:00,2026-02-02 11:58:00+00:00,long,77959.44,77715.8,SL,-3.6722,241.138,1.5
2026-02-02 12:04:00+00:00,2026-02-02 12:25:00+00:00,long,77929.02,78326.56,TP,7.2341,248.3721,1.5
2026-02-02 12:53:00+00:00,2026-02-02 13:57:00+00:00,long,77917.04,78235.36,TP,7.4512,255.8233,1.5
2026-02-02 14:22:00+00:00,2026-02-02 14:34:00+00:00,long,78030.68,78368.24,TP,7.6747,263.498,1.5
2026-02-02 15:09:00+00:00,2026-02-02 15:21:00+00:00,long,78149.57,78665.58,TP,7.9049,271.4029,1.5
2026-02-02 15:38:00+00:00,2026-02-02 15:52:00+00:00,long,79000.0,78767.43,SL,-4.071,267.3319,1.5
2026-02-02 16:08:00+00:00,2026-02-02 16:49:00+00:00,long,79011.14,78812.15,SL,-4.01,263.3219,1.5
2026-02-02 17:01:00+00:00,2026-02-02 17:24:00+00:00,long,78864.58,79192.1,TP,7.8997,271.2215,1.5
2026-02-02 17:48:00+00:00,2026-02-02 18:04:00+00:00,long,79027.69,78856.82,SL,-4.0683,267.1532,1.5
2026-02-02 18:28:00+00:00,2026-02-02 18:31:00+00:00,short,78376.99,78655.88,SL,-4.0073,263.1459,1.5
2026-02-02 18:59:00+00:00,2026-02-02 20:00:00+00:00,short,78569.84,78206.1,TP,7.8944,271.0403,1.5
2026-02-02 20:16:00+00:00,2026-02-02 20:53:00+00:00,short,78398.0,78081.25,TP,8.1312,279.1715,1.5
2026-02-02 21:22:00+00:00,2026-02-02 21:33:00+00:00,short,78272.39,78472.81,SL,-4.1876,274.9839,1.5
2026-02-02 21:44:00+00:00,2026-02-02 21:53:00+00:00,short,78367.53,78532.89,SL,-4.1248,270.8592,1.5
2026-02-02 21:54:00+00:00,2026-02-02 22:12:00+00:00,long,78488.4,78832.77,TP,8.1258,278.9849,1.5
2026-02-02 22:33:00+00:00,2026-02-02 23:27:00+00:00,long,78737.52,78565.5,SL,-4.1848,274.8002,1.5
2026-02-02 23:33:00+00:00,2026-02-03 00:07:00+00:00,long,78669.57,78484.35,SL,-4.122,270.6782,1.5
2026-02-03 00:43:00+00:00,2026-02-03 01:19:00+00:00,long,78930.14,78740.4,SL,-4.0602,266.618,1.5
2026-02-03 01:25:00+00:00,2026-02-03 02:10:00+00:00,long,78866.25,78633.0,SL,-3.9993,262.6187,1.5
2026-02-03 02:30:00+00:00,2026-02-03 02:45:00+00:00,short,78662.51,78304.93,TP,7.8786,270.4973,1.5
2026-02-03 03:22:00+00:00,2026-02-03 03:24:00+00:00,short,77820.6,78117.31,SL,-4.0575,266.4398,1.5
2026-02-03 03:56:00+00:00,2026-02-03 04:03:00+00:00,long,78866.48,78668.53,SL,-3.9966,262.4432,1.5
2026-02-03 04:14:00+00:00,2026-02-03 04:24:00+00:00,long,78759.99,78575.91,SL,-3.9366,258.5066,1.5
2026-02-03 04:35:00+00:00,2026-02-03 04:41:00+00:00,long,78640.0,78987.99,TP,7.7552,266.2618,1.5
2026-02-03 05:43:00+00:00,2026-02-03 06:07:00+00:00,short,78337.5,77957.8,TP,7.9879,274.2496,1.5
2026-02-03 06:39:00+00:00,2026-02-03 07:06:00+00:00,short,78445.43,78700.0,SL,-4.1137,270.1359,1.5
2026-02-03 07:32:00+00:00,2026-02-03 08:10:00+00:00,long,78812.85,78629.51,SL,-4.052,266.0839,1.5
2026-02-03 08:19:00+00:00,2026-02-03 09:11:00+00:00,long,78706.43,78352.99,SL,-3.9913,262.0926,1.5
2026-02-03 10:16:00+00:00,2026-02-03 10:34:00+00:00,short,78520.0,78178.22,TP,7.8628,269.9554,1.5
2026-02-03 10:53:00+00:00,2026-02-03 11:17:00+00:00,short,78086.72,78258.45,SL,-4.0493,265.906,1.5
2026-02-03 11:20:00+00:00,2026-02-03 11:46:00+00:00,short,78124.19,78342.6,SL,-3.9886,261.9174,1.5
2026-02-03 11:52:00+00:00,2026-02-03 12:48:00+00:00,short,78248.0,78408.86,SL,-3.9288,257.9887,1.5
2026-02-03 12:55:00+00:00,2026-02-03 13:51:00+00:00,long,78408.3,78221.13,SL,-3.8698,254.1189,1.5
2026-02-03 13:57:00+00:00,2026-02-03 14:17:00+00:00,long,78318.81,78127.86,SL,-3.8118,250.3071,1.5
2026-02-03 14:25:00+00:00,2026-02-03 14:32:00+00:00,long,78334.4,78163.65,SL,-3.7546,246.5525,1.5
2026-02-03 14:33:00+00:00,2026-02-03 14:35:00+00:00,short,78034.07,78230.16,SL,-3.6983,242.8542,1.5
2026-02-03 14:51:00+00:00,2026-02-03 14:56:00+00:00,short,77739.06,77383.11,TP,7.2856,250.1398,1.5
2026-02-03 15:15:00+00:00,2026-02-03 15:17:00+00:00,short,77179.67,77437.52,SL,-3.7521,246.3877,1.5
2026-02-03 15:40:00+00:00,2026-02-03 15:48:00+00:00,short,77739.59,77920.0,SL,-3.6958,242.6919,1.5
2026-02-03 16:02:00+00:00,2026-02-03 16:09:00+00:00,short,77950.4,77620.0,TP,7.2808,249.9727,1.5
2026-02-03 17:00:00+00:00,2026-02-03 17:07:00+00:00,short,76464.84,76122.31,TP,7.4992,257.4718,1.5
2026-02-03 17:37:00+00:00,2026-02-03 17:41:00+00:00,short,75630.78,75310.0,TP,7.7242,265.196,1.5
2026-02-03 18:13:00+00:00,2026-02-03 18:23:00+00:00,short,74706.57,74392.36,TP,7.9559,273.1519,1.5
2026-02-03 18:44:00+00:00,2026-02-03 18:46:00+00:00,short,73726.8,73415.97,TP,8.1946,281.3464,1.5
2026-02-03 19:26:00+00:00,2026-02-03 19:29:00+00:00,short,74745.0,74933.99,SL,-4.2202,277.1262,1.5
2026-02-03 20:04:00+00:00,2026-02-03 20:17:00+00:00,short,74703.29,74952.65,SL,-4.1569,272.9693,1.5
2026-02-03 21:03:00+00:00,2026-02-03 21:16:00+00:00,long,76801.53,76537.96,SL,-4.0945,268.8748,1.5
2026-02-03 21:31:00+00:00,2026-02-03 21:37:00+00:00,long,76594.57,76391.06,SL,-4.0331,264.8417,1.5
2026-02-03 21:45:00+00:00,2026-02-03 21:46:00+00:00,long,76470.58,76240.29,SL,-3.9726,260.869,1.5
2026-02-03 21:56:00+00:00,2026-02-03 22:05:00+00:00,long,76280.56,76100.0,SL,-3.913,256.956,1.5
2026-02-03 22:20:00+00:00,2026-02-03 22:23:00+00:00,long,76000.0,75793.34,SL,-3.8543,253.1017,1.5
2026-02-03 22:42:00+00:00,2026-02-03 22:48:00+00:00,short,75862.94,75489.16,TP,7.593,260.6947,1.5
2026-02-03 23:04:00+00:00,2026-02-03 23:10:00+00:00,short,75494.17,75645.34,SL,-3.9104,256.7843,1.5
2026-02-03 23:31:00+00:00,2026-02-03 23:37:00+00:00,short,75774.76,75954.99,SL,-3.8518,252.9325,1.5
2026-02-04 01:03:00+00:00,2026-02-04 01:07:00+00:00,long,76405.06,76242.15,SL,-3.794,249.1385,1.5
2026-02-04 01:32:00+00:00,2026-02-04 01:48:00+00:00,long,76648.89,76411.52,SL,-3.7371,245.4015,1.5
2026-02-04 02:05:00+00:00,2026-02-04 02:27:00+00:00,long,76444.91,76239.2,SL,-3.681,241.7204,1.5
2026-02-04 02:52:00+00:00,2026-02-04 02:57:00+00:00,short,75766.22,75975.2,SL,-3.6258,238.0946,1.5
2026-02-04 03:37:00+00:00,2026-02-04 03:44:00+00:00,long,76848.02,76682.88,SL,-3.5714,234.5232,1.5
2026-02-04 04:07:00+00:00,2026-02-04 04:16:00+00:00,long,76807.59,76630.55,SL,-3.5178,231.0054,1.5
2026-02-04 04:31:00+00:00,2026-02-04 04:45:00+00:00,long,76721.57,76552.49,SL,-3.4651,227.5403,1.5
2026-02-04 05:01:00+00:00,2026-02-04 05:40:00+00:00,long,76485.65,76313.91,SL,-3.4131,224.1272,1.5
2026-02-04 05:52:00+00:00,2026-02-04 06:03:00+00:00,short,76199.99,76383.64,SL,-3.3619,220.7653,1.5
2026-02-04 06:35:00+00:00,2026-02-04 07:06:00+00:00,long,76551.22,76375.24,SL,-3.3115,217.4538,1.5
2026-02-04 07:13:00+00:00,2026-02-04 07:23:00+00:00,long,76583.89,76428.4,SL,-3.2618,214.192,1.5
2026-02-04 07:36:00+00:00,2026-02-04 07:40:00+00:00,short,76380.97,76593.12,SL,-3.2129,210.9791,1.5
2026-02-04 08:24:00+00:00,2026-02-04 08:45:00+00:00,short,76248.02,76409.99,SL,-3.1647,207.8144,1.5
2026-02-04 09:31:00+00:00,2026-02-04 10:39:00+00:00,short,76109.89,76285.5,SL,-3.1172,204.6972,1.5
2026-02-04 10:48:00+00:00,2026-02-04 11:05:00+00:00,short,76249.46,75906.25,TP,6.1409,210.8381,1.5
2026-02-04 11:54:00+00:00,2026-02-04 13:22:00+00:00,short,76096.05,75765.31,TP,6.3251,217.1633,1.5
2026-02-04 13:35:00+00:00,2026-02-04 13:44:00+00:00,short,75678.51,75358.07,TP,6.5149,223.6782,1.5
2026-02-04 13:58:00+00:00,2026-02-04 14:03:00+00:00,short,74867.0,75050.91,SL,-3.3552,220.323,1.5
2026-02-04 14:27:00+00:00,2026-02-04 14:31:00+00:00,short,75321.53,75012.73,TP,6.6097,226.9327,1.5
2026-02-04 14:45:00+00:00,2026-02-04 14:46:00+00:00,short,75099.9,75281.17,SL,-3.404,223.5287,1.5
2026-02-04 14:47:00+00:00,2026-02-04 14:48:00+00:00,short,75159.29,75444.52,SL,-3.3529,220.1758,1.5
2026-02-04 14:51:00+00:00,2026-02-04 14:57:00+00:00,short,75030.81,74508.01,TP,6.6053,226.781,1.5
2026-02-04 15:19:00+00:00,2026-02-04 15:21:00+00:00,short,74552.11,74880.0,SL,-3.4017,223.3793,1.5
2026-02-04 15:32:00+00:00,2026-02-04 15:34:00+00:00,short,74684.81,74165.1,TP,6.7014,230.0807,1.5
2026-02-04 15:47:00+00:00,2026-02-04 16:08:00+00:00,short,74110.0,73772.01,TP,6.9024,236.9831,1.5
2026-02-04 16:17:00+00:00,2026-02-04 16:18:00+00:00,short,73617.32,73772.14,SL,-3.5547,233.4284,1.5
2026-02-04 16:34:00+00:00,2026-02-04 16:38:00+00:00,short,73574.54,73275.37,TP,7.0029,240.4312,1.5
2026-02-04 17:05:00+00:00,2026-02-04 17:10:00+00:00,short,73422.07,72838.71,TP,7.2129,247.6442,1.5
2026-02-04 17:19:00+00:00,2026-02-04 17:23:00+00:00,short,73193.53,72854.34,TP,7.4293,255.0735,1.5
2026-02-04 17:38:00+00:00,2026-02-04 17:41:00+00:00,short,72352.14,72617.25,SL,-3.8261,251.2474,1.5
2026-02-04 17:53:00+00:00,2026-02-04 17:55:00+00:00,short,72298.26,72572.39,SL,-3.7687,247.4787,1.5
2026-02-04 18:17:00+00:00,2026-02-04 18:18:00+00:00,short,72767.26,72982.0,SL,-3.7122,243.7665,1.5
2026-02-04 18:23:00+00:00,2026-02-04 18:25:00+00:00,short,72801.36,73024.5,SL,-3.6565,240.11,1.5
2026-02-04 19:04:00+00:00,2026-02-04 19:06:00+00:00,long,73801.55,73642.64,SL,-3.6016,236.5083,1.5
2026-02-04 20:03:00+00:00,2026-02-04 20:06:00+00:00,long,74124.56,73944.03,SL,-3.5476,232.9607,1.5
2026-02-04 20:21:00+00:00,2026-02-04 20:26:00+00:00,long,73828.0,73620.69,SL,-3.4944,229.4663,1.5
2026-02-04 20:38:00+00:00,2026-02-04 21:02:00+00:00,long,73654.04,73504.04,SL,-3.442,226.0243,1.5
2026-02-04 21:17:00+00:00,2026-02-04 21:43:00+00:00,short,73345.0,72876.76,TP,6.7807,232.805,1.5
2026-02-04 22:05:00+00:00,2026-02-04 22:14:00+00:00,short,72093.76,72331.65,SL,-3.4921,229.313,1.5
2026-02-05 00:33:00+00:00,2026-02-05 00:39:00+00:00,short,72931.0,73116.23,SL,-3.4397,225.8733,1.5
2026-02-05 00:40:00+00:00,2026-02-05 00:52:00+00:00,long,73139.9,72950.0,SL,-3.3881,222.4852,1.5
2026-02-05 01:16:00+00:00,2026-02-05 01:18:00+00:00,short,72873.07,72554.43,TP,6.6746,229.1597,1.5
2026-02-05 01:40:00+00:00,2026-02-05 01:43:00+00:00,short,72365.5,72586.91,SL,-3.4374,225.7223,1.5
2026-02-05 01:54:00+00:00,2026-02-05 02:03:00+00:00,short,72554.15,72139.91,TP,6.7717,232.494,1.5
2026-02-05 02:13:00+00:00,2026-02-05 02:21:00+00:00,short,72104.0,72264.34,SL,-3.4874,229.0066,1.5
2026-02-05 02:45:00+00:00,2026-02-05 02:48:00+00:00,short,72441.99,71907.32,TP,6.8702,235.8768,1.5
2026-02-05 03:16:00+00:00,2026-02-05 03:18:00+00:00,short,71301.3,71486.12,SL,-3.5382,232.3386,1.5
2026-02-05 03:33:00+00:00,2026-02-05 03:41:00+00:00,short,71405.6,71550.81,SL,-3.4851,228.8536,1.5
2026-02-05 03:51:00+00:00,2026-02-05 04:06:00+00:00,short,71325.84,70873.02,TP,6.8656,235.7192,1.5
2026-02-05 04:28:00+00:00,2026-02-05 04:41:00+00:00,short,71004.34,71293.8,SL,-3.5358,232.1834,1.5
2026-02-05 04:53:00+00:00,2026-02-05 04:57:00+00:00,short,71053.53,70744.02,TP,6.9655,239.1489,1.5
2026-02-05 05:19:00+00:00,2026-02-05 05:22:00+00:00,short,70646.6,70223.68,TP,7.1745,246.3233,1.5
2026-02-05 05:48:00+00:00,2026-02-05 06:35:00+00:00,short,70719.9,70868.5,SL,-3.6949,242.6285,1.5
2026-02-05 06:47:00+00:00,2026-02-05 06:50:00+00:00,short,70650.35,70802.3,SL,-3.6394,238.9891,1.5
2026-02-05 07:21:00+00:00,2026-02-05 07:38:00+00:00,long,71360.49,71214.39,SL,-3.5848,235.4042,1.5
2026-02-05 09:02:00+00:00,2026-02-05 09:08:00+00:00,long,71228.72,71696.78,TP,7.0621,242.4664,1.5
2026-02-05 09:50:00+00:00,2026-02-05 10:03:00+00:00,long,71609.19,71442.21,SL,-3.637,238.8294,1.5
2026-02-05 10:13:00+00:00,2026-02-05 10:47:00+00:00,long,71449.99,71301.34,SL,-3.5824,235.2469,1.5
2026-02-05 11:16:00+00:00,2026-02-05 11:17:00+00:00,short,70714.55,70919.53,SL,-3.5287,231.7182,1.5
2026-02-05 11:20:00+00:00,2026-02-05 11:22:00+00:00,short,70686.38,70324.09,TP,6.9515,238.6698,1.5
2026-02-05 11:52:00+00:00,2026-02-05 12:01:00+00:00,short,70356.0,70507.06,SL,-3.58,235.0897,1.5
2026-02-05 12:09:00+00:00,2026-02-05 12:14:00+00:00,short,70215.35,69918.01,TP,7.0527,242.1424,1.5
2026-02-05 12:43:00+00:00,2026-02-05 12:48:00+00:00,short,69298.82,69458.04,SL,-3.6321,238.5103,1.5
2026-02-05 13:14:00+00:00,2026-02-05 13:52:00+00:00,short,69488.08,69638.13,SL,-3.5777,234.9326,1.5
2026-02-05 14:09:00+00:00,2026-02-05 14:15:00+00:00,short,69893.37,69553.62,TP,7.048,241.9806,1.5
2026-02-05 15:21:00+00:00,2026-02-05 15:23:00+00:00,short,67673.82,67151.48,TP,7.2594,249.24,1.5
2026-02-05 15:59:00+00:00,2026-02-05 16:07:00+00:00,short,67489.07,67156.58,TP,7.4772,256.7172,1.5
2026-02-05 16:37:00+00:00,2026-02-05 16:45:00+00:00,short,68033.29,67690.98,TP,7.7015,264.4187,1.5
2026-02-05 17:00:00+00:00,2026-02-05 17:04:00+00:00,short,68102.04,67780.51,TP,7.9326,272.3513,1.5
2026-02-05 17:32:00+00:00,2026-02-05 17:36:00+00:00,short,66798.83,66932.92,SL,-4.0853,268.266,1.5
2026-02-05 17:50:00+00:00,2026-02-05 17:55:00+00:00,short,66830.97,66526.78,TP,8.048,276.314,1.5
2026-02-05 18:18:00+00:00,2026-02-05 18:22:00+00:00,short,65860.61,65529.99,TP,8.2894,284.6034,1.5
2026-02-05 18:48:00+00:00,2026-02-05 18:49:00+00:00,short,65428.96,65560.87,SL,-4.2691,280.3344,1.5
2026-02-05 18:52:00+00:00,2026-02-05 18:53:00+00:00,short,65497.78,65805.86,SL,-4.205,276.1294,1.5
2026-02-05 19:09:00+00:00,2026-02-05 19:11:00+00:00,short,66142.54,66357.57,SL,-4.1419,271.9874,1.5
2026-02-05 19:18:00+00:00,2026-02-05 19:19:00+00:00,short,66279.91,66416.02,SL,-4.0798,267.9076,1.5
2026-02-05 19:43:00+00:00,2026-02-05 19:48:00+00:00,short,65787.59,65493.91,TP,8.0372,275.9448,1.5
2026-02-05 20:14:00+00:00,2026-02-05 20:15:00+00:00,short,65051.38,64554.21,TP,8.2783,284.2232,1.5
2026-02-05 20:30:00+00:00,2026-02-05 20:33:00+00:00,short,63719.59,63851.37,SL,-4.2633,279.9598,1.5
2026-02-05 20:49:00+00:00,2026-02-05 20:52:00+00:00,short,63300.0,62759.62,TP,8.3988,288.3586,1.5
2026-02-05 21:11:00+00:00,2026-02-05 21:17:00+00:00,short,63609.7,63228.34,TP,8.6508,297.0094,1.5
2026-02-05 21:35:00+00:00,2026-02-05 21:38:00+00:00,short,63524.24,63757.52,SL,-4.4551,292.5543,1.5
2026-02-05 21:49:00+00:00,2026-02-05 21:52:00+00:00,short,63661.87,63180.03,TP,8.7766,301.3309,1.5
2026-02-05 22:17:00+00:00,2026-02-05 22:24:00+00:00,short,62896.59,63085.36,SL,-4.52,296.8109,1.5
2026-02-05 22:46:00+00:00,2026-02-05 22:49:00+00:00,short,63849.44,64034.1,SL,-4.4522,292.3588,1.5
2026-02-05 22:52:00+00:00,2026-02-05 22:55:00+00:00,long,64286.55,64140.55,SL,-4.3854,287.9734,1.5
2026-02-05 22:57:00+00:00,2026-02-05 23:03:00+00:00,short,64094.55,64387.7,SL,-4.3196,283.6538,1.5
2026-02-05 23:04:00+00:00,2026-02-05 23:05:00+00:00,long,64747.35,64523.66,SL,-4.2548,279.399,1.5
2026-02-06 00:01:00+00:00,2026-02-06 00:02:00+00:00,short,62753.15,62418.79,TP,8.382,287.7809,1.5
2026-02-06 00:48:00+00:00,2026-02-06 00:49:00+00:00,short,62572.44,62873.33,SL,-4.3167,283.4642,1.5
2026-02-06 00:53:00+00:00,2026-02-06 00:55:00+00:00,long,63725.52,63500.01,SL,-4.252,279.2123,1.5
2026-02-06 01:04:00+00:00,2026-02-06 01:05:00+00:00,long,64273.02,64119.31,SL,-4.1882,275.0241,1.5
2026-02-06 01:35:00+00:00,2026-02-06 01:37:00+00:00,long,64616.34,64340.44,SL,-4.1254,270.8987,1.5
2026-02-06 01:43:00+00:00,2026-02-06 01:46:00+00:00,long,64638.0,64984.48,TP,8.127,279.0257,1.5
2026-02-06 02:30:00+00:00,2026-02-06 02:33:00+00:00,long,64608.66,64940.81,TP,8.3708,287.3964,1.5
2026-02-06 02:50:00+00:00,2026-02-06 02:51:00+00:00,long,65181.25,65007.37,SL,-4.3109,283.0855,1.5
2026-02-06 03:03:00+00:00,2026-02-06 03:04:00+00:00,long,65100.11,64945.5,SL,-4.2463,278.8392,1.5
2026-02-06 03:19:00+00:00,2026-02-06 03:23:00+00:00,long,64680.0,64531.45,SL,-4.1826,274.6566,1.5
2026-02-06 04:47:00+00:00,2026-02-06 05:04:00+00:00,long,64859.35,65249.04,TP,8.2397,282.8963,1.5
2026-02-06 05:19:00+00:00,2026-02-06 05:25:00+00:00,long,65540.76,65392.43,SL,-4.2434,278.6529,1.5
2026-02-06 05:33:00+00:00,2026-02-06 05:50:00+00:00,long,65761.08,66295.06,TP,8.3596,287.0125,1.5
2026-02-06 06:01:00+00:00,2026-02-06 06:08:00+00:00,long,66663.72,66409.14,SL,-4.3052,282.7073,1.5
2026-02-06 07:01:00+00:00,2026-02-06 07:05:00+00:00,short,64703.66,64936.68,SL,-4.2406,278.4667,1.5
2026-02-06 07:27:00+00:00,2026-02-06 07:28:00+00:00,short,64842.75,65005.76,SL,-4.177,274.2897,1.5
2026-02-06 07:45:00+00:00,2026-02-06 07:49:00+00:00,short,65212.18,64760.0,TP,8.2287,282.5184,1.5
2026-02-06 08:18:00+00:00,2026-02-06 08:20:00+00:00,short,64906.15,65133.72,SL,-4.2378,278.2806,1.5
2026-02-06 08:24:00+00:00,2026-02-06 08:25:00+00:00,short,64900.33,65075.61,SL,-4.1742,274.1064,1.5
2026-02-06 08:28:00+00:00,2026-02-06 08:33:00+00:00,short,64819.91,64549.41,TP,8.2232,282.3296,1.5
2026-02-06 08:58:00+00:00,2026-02-06 09:01:00+00:00,short,64837.78,64970.89,SL,-4.2349,278.0946,1.5
2026-02-06 09:53:00+00:00,2026-02-06 09:55:00+00:00,long,66130.69,65984.71,SL,-4.1714,273.9232,1.5
2026-02-06 10:16:00+00:00,2026-02-06 10:18:00+00:00,long,66094.01,65925.82,SL,-4.1088,269.8144,1.5
2026-02-06 10:57:00+00:00,2026-02-06 11:01:00+00:00,long,65978.54,65772.18,SL,-4.0472,265.7671,1.5
2026-02-06 11:12:00+00:00,2026-02-06 11:36:00+00:00,long,65967.73,66244.44,TP,7.973,273.7402,1.5
2026-02-06 11:50:00+00:00,2026-02-06 12:07:00+00:00,long,66492.08,66331.39,SL,-4.1061,269.6341,1.5
2026-02-06 12:23:00+00:00,2026-02-06 12:31:00+00:00,long,66392.83,66226.0,SL,-4.0445,265.5895,1.5
2026-02-06 12:41:00+00:00,2026-02-06 12:56:00+00:00,long,66293.25,66586.94,TP,7.9677,273.5572,1.5
2026-02-06 13:40:00+00:00,2026-02-06 13:49:00+00:00,long,67207.46,67575.24,TP,8.2067,281.7639,1.5
2026-02-06 14:14:00+00:00,2026-02-06 14:17:00+00:00,long,67187.02,67014.34,SL,-4.2265,277.5375,1.5
2026-02-06 14:27:00+00:00,2026-02-06 14:30:00+00:00,long,67007.87,67307.99,TP,8.3261,285.8636,1.5
2026-02-06 15:10:00+00:00,2026-02-06 15:12:00+00:00,long,68528.75,68327.84,SL,-4.288,281.5757,1.5
2026-02-06 15:21:00+00:00,2026-02-06 15:23:00+00:00,long,68474.76,68314.79,SL,-4.2236,277.352,1.5
2026-02-06 15:34:00+00:00,2026-02-06 15:43:00+00:00,long,68447.27,68823.99,TP,8.3206,285.6726,1.5
2026-02-06 16:03:00+00:00,2026-02-06 16:07:00+00:00,long,68828.33,69122.2,TP,8.5702,294.2428,1.5
2026-02-06 16:45:00+00:00,2026-02-06 16:54:00+00:00,long,69874.55,70203.0,TP,8.8273,303.07,1.5
2026-02-06 17:09:00+00:00,2026-02-06 17:17:00+00:00,long,70186.49,70516.95,TP,9.0921,312.1621,1.5
2026-02-06 18:18:00+00:00,2026-02-06 18:21:00+00:00,long,69913.17,69743.22,SL,-4.6824,307.4797,1.5
2026-02-06 18:22:00+00:00,2026-02-06 18:34:00+00:00,short,69573.44,69855.4,SL,-4.6122,302.8675,1.5
2026-02-06 19:04:00+00:00,2026-02-06 19:10:00+00:00,long,70046.52,69782.74,SL,-4.543,298.3245,1.5
2026-02-06 19:20:00+00:00,2026-02-06 19:25:00+00:00,long,70122.08,70411.24,TP,8.9497,307.2742,1.5
2026-02-06 19:47:00+00:00,2026-02-06 19:53:00+00:00,long,70536.66,70848.72,TP,9.2182,316.4925,1.5
2026-02-06 20:22:00+00:00,2026-02-06 20:35:00+00:00,long,70515.54,70995.82,TP,9.4948,325.9872,1.5
2026-02-06 20:50:00+00:00,2026-02-06 20:55:00+00:00,long,70531.46,70266.04,SL,-4.8898,321.0974,1.5
2026-02-06 20:56:00+00:00,2026-02-06 21:19:00+00:00,short,70063.94,70235.61,SL,-4.8165,316.281,1.5
2026-02-06 21:43:00+00:00,2026-02-06 22:06:00+00:00,long,70333.04,70694.83,TP,9.4884,325.7694,1.5
2026-02-06 22:24:00+00:00,2026-02-06 22:34:00+00:00,long,70661.47,70999.28,TP,9.7731,335.5425,1.5
2026-02-06 22:50:00+00:00,2026-02-06 23:11:00+00:00,long,71405.99,71227.38,SL,-5.0331,330.5093,1.5
2026-02-06 23:31:00+00:00,2026-02-06 23:42:00+00:00,long,70846.51,70664.47,SL,-4.9576,325.5517,1.5
2026-02-06 23:53:00+00:00,2026-02-07 00:01:00+00:00,short,70542.03,70205.76,TP,9.7666,335.3182,1.5
2026-02-07 00:30:00+00:00,2026-02-07 00:35:00+00:00,short,70129.09,69802.0,TP,10.0595,345.3778,1.5
2026-02-07 01:00:00+00:00,2026-02-07 01:25:00+00:00,short,69918.15,70098.15,SL,-5.1807,340.1971,1.5
2026-02-07 02:24:00+00:00,2026-02-07 02:46:00+00:00,long,70463.99,70217.3,SL,-5.103,335.0942,1.5
2026-02-07 03:26:00+00:00,2026-02-07 03:41:00+00:00,long,70832.0,70639.99,SL,-5.0264,330.0678,1.5
2026-02-07 03:52:00+00:00,2026-02-07 04:04:00+00:00,long,70776.9,71097.79,TP,9.902,339.9698,1.5
2026-02-07 04:52:00+00:00,2026-02-07 05:21:00+00:00,long,70758.54,71138.01,TP,10.1991,350.1689,1.5
2026-02-07 05:26:00+00:00,2026-02-07 05:28:00+00:00,short,70729.14,70424.49,TP,10.5051,360.674,1.5
2026-02-07 06:15:00+00:00,2026-02-07 06:25:00+00:00,short,70031.14,70177.02,SL,-5.4101,355.2638,1.5
2026-02-07 06:43:00+00:00,2026-02-07 06:50:00+00:00,short,70059.06,69769.53,TP,10.6579,365.9218,1.5
2026-02-07 07:54:00+00:00,2026-02-07 08:02:00+00:00,short,68195.71,67800.0,TP,10.9777,376.8994,1.5
2026-02-07 08:09:00+00:00,2026-02-07 08:11:00+00:00,short,68005.94,68378.71,SL,-5.6535,371.2459,1.5
2026-02-07 08:18:00+00:00,2026-02-07 08:19:00+00:00,short,68110.07,68309.75,SL,-5.5687,365.6772,1.5
2026-02-07 08:36:00+00:00,2026-02-07 08:53:00+00:00,short,68569.05,68710.99,SL,-5.4852,360.1921,1.5
2026-02-07 08:57:00+00:00,2026-02-07 09:12:00+00:00,short,68555.88,68726.6,SL,-5.4029,354.7892,1.5
2026-02-07 09:17:00+00:00,2026-02-07 09:24:00+00:00,short,68548.94,68710.82,SL,-5.3218,349.4674,1.5
2026-02-07 09:27:00+00:00,2026-02-07 09:32:00+00:00,short,68596.4,68136.07,TP,10.484,359.9514,1.5
2026-02-07 09:46:00+00:00,2026-02-07 10:03:00+00:00,short,68032.2,68234.6,SL,-5.3993,354.5521,1.5
2026-02-07 10:10:00+00:00,2026-02-07 10:39:00+00:00,short,67985.72,67630.0,TP,10.6366,365.1887,1.5
2026-02-07 11:12:00+00:00,2026-02-07 12:00:00+00:00,short,67988.6,68210.87,SL,-5.4778,359.7108,1.5
2026-02-07 13:01:00+00:00,2026-02-07 13:02:00+00:00,long,69196.71,68947.46,SL,-5.3957,354.3152,1.5
2026-02-07 13:18:00+00:00,2026-02-07 13:39:00+00:00,long,69029.33,68837.08,SL,-5.3147,349.0004,1.5
2026-02-07 13:49:00+00:00,2026-02-07 14:16:00+00:00,long,69004.01,68860.9,SL,-5.235,343.7654,1.5
2026-02-07 14:22:00+00:00,2026-02-07 14:35:00+00:00,long,69035.74,68875.06,SL,-5.1565,338.609,1.5
2026-02-07 15:32:00+00:00,2026-02-07 15:42:00+00:00,long,69482.95,69303.39,SL,-5.0791,333.5298,1.5
2026-02-07 16:04:00+00:00,2026-02-07 16:05:00+00:00,long,69193.44,69630.8,TP,10.0059,343.5357,1.5
2026-02-07 17:07:00+00:00,2026-02-07 17:25:00+00:00,short,68800.33,68979.99,SL,-5.153,338.3827,1.5
2026-02-07 18:06:00+00:00,2026-02-07 18:08:00+00:00,long,69235.54,69082.81,SL,-5.0757,333.3069,1.5
2026-02-07 18:17:00+00:00,2026-02-07 18:34:00+00:00,long,69230.0,69533.41,TP,9.9992,343.3061,1.5
2026-02-07 18:49:00+00:00,2026-02-07 18:55:00+00:00,long,69642.84,69452.47,SL,-5.1496,338.1566,1.5
2026-02-07 19:07:00+00:00,2026-02-07 19:09:00+00:00,long,69555.4,69379.96,SL,-5.0723,333.0842,1.5
2026-02-07 19:22:00+00:00,2026-02-07 19:56:00+00:00,long,69452.78,69295.25,SL,-4.9963,328.0879,1.5
2026-02-07 20:03:00+00:00,2026-02-07 20:11:00+00:00,long,69404.0,69256.18,SL,-4.9213,323.1666,1.5
2026-02-07 20:13:00+00:00,2026-02-07 20:51:00+00:00,long,69364.3,69650.0,TP,9.695,332.8616,1.5
2026-02-07 20:52:00+00:00,2026-02-07 20:56:00+00:00,long,69718.84,69543.98,SL,-4.9929,327.8687,1.5
2026-02-07 21:22:00+00:00,2026-02-07 21:45:00+00:00,long,69534.0,69370.72,SL,-4.918,322.9507,1.5
2026-02-07 21:59:00+00:00,2026-02-07 23:01:00+00:00,long,69497.99,69347.31,SL,-4.8443,318.1064,1.5
2026-02-07 23:20:00+00:00,2026-02-07 23:26:00+00:00,short,68883.72,69028.13,SL,-4.7716,313.3348,1.5
2026-02-07 23:55:00+00:00,2026-02-08 00:34:00+00:00,short,69297.68,69012.62,TP,9.4,322.7349,1.5
2026-02-08 00:41:00+00:00,2026-02-08 00:49:00+00:00,short,68918.85,69095.22,SL,-4.841,317.8938,1.5
2026-02-08 01:51:00+00:00,2026-02-08 02:00:00+00:00,long,69477.64,69267.95,SL,-4.7684,313.1254,1.5
2026-02-08 02:09:00+00:00,2026-02-08 02:53:00+00:00,long,69424.45,69269.31,SL,-4.6969,308.4285,1.5
2026-02-08 02:54:00+00:00,2026-02-08 02:59:00+00:00,short,69197.99,69370.7,SL,-4.6264,303.8021,1.5
2026-02-08 03:06:00+00:00,2026-02-08 05:15:00+00:00,short,69265.19,69406.0,SL,-4.557,299.2451,1.5
2026-02-08 05:42:00+00:00,2026-02-08 06:14:00+00:00,short,69182.4,69344.71,SL,-4.4887,294.7564,1.5
2026-02-08 06:46:00+00:00,2026-02-08 07:55:00+00:00,long,69368.0,69660.29,TP,8.8427,303.5991,1.5
2026-02-08 08:03:00+00:00,2026-02-08 08:17:00+00:00,long,69725.03,69557.25,SL,-4.554,299.0451,1.5
2026-02-08 08:22:00+00:00,2026-02-08 08:32:00+00:00,long,70068.38,70446.0,TP,8.9714,308.0165,1.5
2026-02-08 09:25:00+00:00,2026-02-08 09:35:00+00:00,long,70429.59,70254.39,SL,-4.6202,303.3962,1.5
2026-02-08 09:52:00+00:00,2026-02-08 10:22:00+00:00,long,70163.94,70022.2,SL,-4.5509,298.8453,1.5
2026-02-08 10:34:00+00:00,2026-02-08 11:02:00+00:00,long,70094.91,70376.9,TP,8.9654,307.8106,1.5
2026-02-08 11:32:00+00:00,2026-02-08 11:51:00+00:00,long,70833.84,71181.45,TP,9.2343,317.045,1.5
2026-02-08 12:28:00+00:00,2026-02-08 12:42:00+00:00,long,70939.09,70738.69,SL,-4.7557,312.2893,1.5
2026-02-08 12:47:00+00:00,2026-02-08 13:19:00+00:00,long,71028.06,71430.01,TP,9.3687,321.658,1.5
2026-02-08 13:51:00+00:00,2026-02-08 14:20:00+00:00,long,71393.07,71189.33,SL,-4.8249,316.8331,1.5
2026-02-08 14:31:00+00:00,2026-02-08 14:42:00+00:00,long,71273.99,71108.17,SL,-4.7525,312.0806,1.5
2026-02-08 14:50:00+00:00,2026-02-08 15:25:00+00:00,long,71221.41,71061.2,SL,-4.6812,307.3994,1.5
2026-02-08 15:34:00+00:00,2026-02-08 15:48:00+00:00,long,71178.84,71016.0,SL,-4.611,302.7884,1.5
2026-02-08 16:08:00+00:00,2026-02-08 16:42:00+00:00,short,71091.42,70803.72,TP,9.0837,311.872,1.5
2026-02-08 17:23:00+00:00,2026-02-08 17:43:00+00:00,short,70647.02,70815.68,SL,-4.6781,307.194,1.5
2026-02-08 17:53:00+00:00,2026-02-08 18:04:00+00:00,short,70724.24,70931.03,SL,-4.6079,302.5861,1.5
2026-02-08 18:28:00+00:00,2026-02-08 18:35:00+00:00,long,70985.47,71343.48,TP,9.0776,311.6636,1.5
2026-02-08 19:07:00+00:00,2026-02-08 19:33:00+00:00,long,71312.03,71156.48,SL,-4.675,306.9887,1.5
2026-02-08 19:38:00+00:00,2026-02-08 20:02:00+00:00,long,71281.28,71129.67,SL,-4.6048,302.3839,1.5
2026-02-08 20:16:00+00:00,2026-02-08 20:27:00+00:00,long,71150.42,70998.83,SL,-4.5358,297.8481,1.5
2026-02-08 20:47:00+00:00,2026-02-08 21:22:00+00:00,short,70941.28,71102.67,SL,-4.4677,293.3804,1.5
2026-02-08 21:26:00+00:00,2026-02-08 21:38:00+00:00,short,70974.02,70661.56,TP,8.8014,302.1818,1.5
2026-02-08 21:51:00+00:00,2026-02-08 21:58:00+00:00,short,70548.75,70712.78,SL,-4.5327,297.6491,1.5
2026-02-08 22:28:00+00:00,2026-02-08 22:47:00+00:00,short,70847.48,70989.91,SL,-4.4647,293.1843,1.5
2026-02-08 22:53:00+00:00,2026-02-08 22:58:00+00:00,short,70864.76,71061.68,SL,-4.3978,288.7866,1.5
2026-02-08 23:58:00+00:00,2026-02-09 00:02:00+00:00,short,70298.81,70441.6,SL,-4.3318,284.4548,1.5
2026-02-09 00:28:00+00:00,2026-02-09 00:40:00+00:00,short,70500.66,70193.94,TP,8.5336,292.9884,1.5
2026-02-09 01:05:00+00:00,2026-02-09 01:17:00+00:00,short,70333.12,70531.19,SL,-4.3948,288.5936,1.5
2026-02-09 03:05:00+00:00,2026-02-09 03:39:00+00:00,long,70757.38,71093.68,TP,8.6578,297.2514,1.5
2026-02-09 03:48:00+00:00,2026-02-09 04:13:00+00:00,long,71197.48,71036.5,SL,-4.4588,292.7926,1.5
2026-02-09 04:19:00+00:00,2026-02-09 04:36:00+00:00,long,71217.73,71041.78,SL,-4.3919,288.4007,1.5
2026-02-09 04:46:00+00:00,2026-02-09 04:54:00+00:00,long,71109.44,70959.51,SL,-4.326,284.0747,1.5
2026-02-09 04:57:00+00:00,2026-02-09 05:01:00+00:00,long,71061.08,70908.39,SL,-4.2611,279.8136,1.5
2026-02-09 05:13:00+00:00,2026-02-09 05:25:00+00:00,short,70850.0,71027.7,SL,-4.1972,275.6164,1.5
2026-02-09 05:53:00+00:00,2026-02-09 06:00:00+00:00,long,71022.29,70845.29,SL,-4.1342,271.4821,1.5
2026-02-09 06:16:00+00:00,2026-02-09 06:20:00+00:00,short,70783.83,70444.59,TP,8.1445,279.6266,1.5
2026-02-09 07:01:00+00:00,2026-02-09 07:06:00+00:00,short,70531.22,70678.37,SL,-4.1944,275.4322,1.5
2026-02-09 07:23:00+00:00,2026-02-09 07:38:00+00:00,short,70731.18,70436.24,TP,8.263,283.6952,1.5
2026-02-09 08:02:00+00:00,2026-02-09 08:03:00+00:00,short,70333.64,70488.6,SL,-4.2554,279.4397,1.5
2026-02-09 08:17:00+00:00,2026-02-09 08:27:00+00:00,short,70412.08,70129.99,TP,8.3832,287.8229,1.5
2026-02-09 09:14:00+00:00,2026-02-09 09:41:00+00:00,short,69866.85,69576.42,TP,8.6347,296.4576,1.5
2026-02-09 09:53:00+00:00,2026-02-09 10:15:00+00:00,short,69609.0,69322.55,TP,8.8937,305.3514,1.5
2026-02-09 11:11:00+00:00,2026-02-09 11:26:00+00:00,short,68731.53,68921.59,SL,-4.5803,300.7711,1.5
2026-02-09 11:34:00+00:00,2026-02-09 11:41:00+00:00,short,68809.53,68970.96,SL,-4.5116,296.2595,1.5
2026-02-09 11:47:00+00:00,2026-02-09 12:03:00+00:00,short,68859.84,69013.32,SL,-4.4439,291.8156,1.5
2026-02-09 12:17:00+00:00,2026-02-09 12:41:00+00:00,short,69084.96,69223.99,SL,-4.3772,287.4384,1.5
2026-02-09 12:49:00+00:00,2026-02-09 13:11:00+00:00,short,69088.66,69237.18,SL,-4.3116,283.1268,1.5
2026-02-09 13:18:00+00:00,2026-02-09 13:24:00+00:00,short,69078.26,69246.92,SL,-4.2469,278.8799,1.5
2026-02-09 13:31:00+00:00,2026-02-09 13:51:00+00:00,short,69168.68,68808.01,TP,8.3664,287.2463,1.5
2026-02-09 14:05:00+00:00,2026-02-09 14:23:00+00:00,short,68590.0,68732.04,SL,-4.3087,282.9376,1.5
2026-02-09 14:35:00+00:00,2026-02-09 14:37:00+00:00,short,68747.34,69341.11,SL,-4.2441,278.6936,1.5
2026-02-09 14:51:00+00:00,2026-02-09 14:55:00+00:00,long,69376.98,69213.77,SL,-4.1804,274.5131,1.5
2026-02-09 15:02:00+00:00,2026-02-09 15:05:00+00:00,long,69498.7,69781.48,TP,8.2354,282.7485,1.5
2026-02-09 15:35:00+00:00,2026-02-09 15:38:00+00:00,long,69212.49,69501.88,TP,8.4825,291.231,1.5
2026-02-09 15:55:00+00:00,2026-02-09 16:06:00+00:00,long,69528.58,69360.66,SL,-4.3685,286.8625,1.5
2026-02-09 16:18:00+00:00,2026-02-09 16:30:00+00:00,long,69340.35,69648.64,TP,8.6059,295.4684,1.5
2026-02-09 16:41:00+00:00,2026-02-09 16:45:00+00:00,long,69740.94,70208.89,TP,8.8641,304.3325,1.5
2026-02-09 17:31:00+00:00,2026-02-09 17:35:00+00:00,long,70058.52,70489.28,TP,9.13,313.4624,1.5
2026-02-09 18:31:00+00:00,2026-02-09 19:16:00+00:00,long,70284.94,70620.15,TP,9.4039,322.8663,1.5
2026-02-09 19:24:00+00:00,2026-02-09 19:39:00+00:00,long,70627.0,70922.29,TP,9.686,332.5523,1.5
2026-02-09 20:08:00+00:00,2026-02-09 20:15:00+00:00,long,71107.44,70731.86,SL,-4.9883,327.564,1.5
2026-02-09 20:32:00+00:00,2026-02-09 21:07:00+00:00,long,70681.11,70538.01,SL,-4.9135,322.6506,1.5
2026-02-09 21:31:00+00:00,2026-02-09 21:36:00+00:00,short,70263.94,69913.21,TP,9.6795,332.3301,1.5
2026-02-09 22:07:00+00:00,2026-02-09 22:10:00+00:00,short,70318.6,70473.99,SL,-4.985,327.3451,1.5
2026-02-09 22:43:00+00:00,2026-02-09 22:52:00+00:00,long,70546.61,70388.13,SL,-4.9102,322.4349,1.5
2026-02-09 23:04:00+00:00,2026-02-09 23:25:00+00:00,long,70439.07,70273.76,SL,-4.8365,317.5984,1.5
2026-02-09 23:47:00+00:00,2026-02-10 00:21:00+00:00,short,70251.83,69899.99,TP,9.528,327.1264,1.5
2026-02-10 00:41:00+00:00,2026-02-10 01:02:00+00:00,short,69822.69,69985.78,SL,-4.9069,322.2195,1.5
2026-02-10 01:34:00+00:00,2026-02-10 02:18:00+00:00,long,70425.41,70248.63,SL,-4.8333,317.3862,1.5
2026-02-10 02:24:00+00:00,2026-02-10 02:35:00+00:00,long,70362.3,70176.0,SL,-4.7608,312.6254,1.5
2026-02-10 03:04:00+00:00,2026-02-10 03:18:00+00:00,short,70000.02,69638.01,TP,9.3788,322.0042,1.5
2026-02-10 03:27:00+00:00,2026-02-10 04:06:00+00:00,short,69532.32,69703.5,SL,-4.8301,317.1741,1.5
2026-02-10 04:18:00+00:00,2026-02-10 04:29:00+00:00,short,69662.7,69823.66,SL,-4.7576,312.4165,1.5
2026-02-10 04:31:00+00:00,2026-02-10 04:56:00+00:00,short,69739.99,69900.4,SL,-4.6862,307.7302,1.5
2026-02-10 05:02:00+00:00,2026-02-10 05:32:00+00:00,short,69722.56,69420.57,TP,9.2319,316.9621,1.5
2026-02-10 05:42:00+00:00,2026-02-10 06:40:00+00:00,short,69385.99,69105.8,TP,9.5089,326.471,1.5
2026-02-10 07:16:00+00:00,2026-02-10 08:16:00+00:00,short,69022.8,68744.13,TP,9.7941,336.2651,1.5
2026-02-10 08:36:00+00:00,2026-02-10 08:41:00+00:00,short,68947.0,69123.2,SL,-5.044,331.2212,1.5
2026-02-10 08:56:00+00:00,2026-02-10 09:03:00+00:00,short,69135.99,69308.89,SL,-4.9683,326.2528,1.5
2026-02-10 09:19:00+00:00,2026-02-10 09:31:00+00:00,long,69365.64,69204.1,SL,-4.8938,321.359,1.5
2026-02-10 09:45:00+00:00,2026-02-10 09:48:00+00:00,long,69209.38,69024.46,SL,-4.8204,316.5387,1.5
2026-02-10 10:15:00+00:00,2026-02-10 10:25:00+00:00,short,69087.55,69243.11,SL,-4.7481,311.7906,1.5
2026-02-10 10:33:00+00:00,2026-02-10 11:42:00+00:00,short,69062.55,68786.11,TP,9.3537,321.1443,1.5
2026-02-10 12:14:00+00:00,2026-02-10 12:30:00+00:00,short,68636.48,68786.3,SL,-4.8172,316.3271,1.5
2026-02-10 12:35:00+00:00,2026-02-10 13:32:00+00:00,short,68675.91,68924.75,SL,-4.7449,311.5822,1.5
2026-02-10 13:44:00+00:00,2026-02-10 14:04:00+00:00,long,69029.99,68880.46,SL,-4.6737,306.9085,1.5
2026-02-10 14:09:00+00:00,2026-02-10 14:16:00+00:00,long,69099.61,69472.03,TP,9.2073,316.1157,1.5
2026-02-10 15:15:00+00:00,2026-02-10 15:18:00+00:00,short,68561.34,68913.31,SL,-4.7417,311.374,1.5
2026-02-10 15:19:00+00:00,2026-02-10 15:26:00+00:00,long,68899.99,69277.67,TP,9.3412,320.7152,1.5
2026-02-10 16:12:00+00:00,2026-02-10 16:14:00+00:00,long,69339.99,69679.8,TP,9.6215,330.3367,1.5
2026-02-10 16:38:00+00:00,2026-02-10 16:43:00+00:00,long,69621.98,69439.86,SL,-4.955,325.3816,1.5
2026-02-10 16:57:00+00:00,2026-02-10 17:00:00+00:00,long,69577.85,69432.0,SL,-4.8807,320.5009,1.5
2026-02-10 17:12:00+00:00,2026-02-10 17:21:00+00:00,long,69413.27,69710.32,TP,9.615,330.1159,1.5
2026-02-10 17:32:00+00:00,2026-02-10 18:05:00+00:00,long,69845.42,69605.75,SL,-4.9517,325.1642,1.5
2026-02-10 18:47:00+00:00,2026-02-10 18:52:00+00:00,short,68663.23,68813.12,SL,-4.8775,320.2867,1.5
2026-02-10 19:23:00+00:00,2026-02-10 19:30:00+00:00,short,68822.0,68963.82,SL,-4.8043,315.4824,1.5
2026-02-10 20:26:00+00:00,2026-02-10 20:44:00+00:00,short,68732.0,68901.61,SL,-4.7322,310.7502,1.5
2026-02-10 20:52:00+00:00,2026-02-10 21:05:00+00:00,short,68801.66,68945.94,SL,-4.6613,306.0889,1.5
2026-02-10 21:12:00+00:00,2026-02-10 21:31:00+00:00,short,68884.01,68426.66,TP,9.1827,315.2716,1.5
2026-02-10 22:08:00+00:00,2026-02-10 22:33:00+00:00,short,68604.53,68755.5,SL,-4.7291,310.5425,1.5
2026-02-10 22:43:00+00:00,2026-02-10 23:49:00+00:00,short,68705.41,68848.29,SL,-4.6581,305.8844,1.5
2026-02-11 00:05:00+00:00,2026-02-11 00:27:00+00:00,long,68913.27,69242.42,TP,9.1765,315.0609,1.5
2026-02-11 00:53:00+00:00,2026-02-11 01:24:00+00:00,long,69169.86,68996.91,SL,-4.7259,310.335,1.5
2026-02-11 01:37:00+00:00,2026-02-11 02:45:00+00:00,long,68983.62,68755.23,SL,-4.655,305.68,1.5
2026-02-11 03:15:00+00:00,2026-02-11 03:18:00+00:00,short,68520.0,68180.01,TP,9.1704,314.8504,1.5
2026-02-11 03:51:00+00:00,2026-02-11 04:11:00+00:00,short,68371.99,68094.89,TP,9.4455,324.2959,1.5
2026-02-11 04:23:00+00:00,2026-02-11 04:39:00+00:00,short,67775.69,67483.22,TP,9.7289,334.0248,1.5
2026-02-11 05:18:00+00:00,2026-02-11 05:59:00+00:00,short,67682.2,67404.28,TP,10.0207,344.0455,1.5
2026-02-11 06:41:00+00:00,2026-02-11 06:52:00+00:00,short,66955.65,66630.84,TP,10.3214,354.3669,1.5
2026-02-11 07:11:00+00:00,2026-02-11 07:19:00+00:00,short,66672.33,66846.39,SL,-5.3155,349.0514,1.5
2026-02-11 07:41:00+00:00,2026-02-11 07:44:00+00:00,short,67024.56,67168.14,SL,-5.2358,343.8156,1.5
2026-02-11 07:55:00+00:00,2026-02-11 08:30:00+00:00,short,67134.71,66826.14,TP,10.3145,354.1301,1.5
2026-02-11 08:54:00+00:00,2026-02-11 09:03:00+00:00,short,66949.32,67098.75,SL,-5.312,348.8181,1.5
2026-02-11 09:06:00+00:00,2026-02-11 10:35:00+00:00,short,66886.18,66574.01,TP,10.4645,359.2827,1.5
2026-02-11 10:48:00+00:00,2026-02-11 11:18:00+00:00,short,66630.38,66806.79,SL,-5.3892,353.8934,1.5
2026-02-11 11:51:00+00:00,2026-02-11 12:21:00+00:00,long,67035.95,67328.88,TP,10.6168,364.5102,1.5
2026-02-11 12:54:00+00:00,2026-02-11 13:08:00+00:00,long,67141.36,66962.68,SL,-5.4677,359.0426,1.5
2026-02-11 13:57:00+00:00,2026-02-11 14:02:00+00:00,long,67351.48,67630.21,TP,10.7713,369.8139,1.5
2026-02-11 14:56:00+00:00,2026-02-11 15:00:00+00:00,short,66696.35,66368.27,TP,11.0944,380.9083,1.5
2026-02-11 15:04:00+00:00,2026-02-11 15:07:00+00:00,short,66428.98,66128.85,TP,11.4272,392.3355,1.5
2026-02-11 15:49:00+00:00,2026-02-11 15:51:00+00:00,short,66185.0,66317.97,SL,-5.885,386.4505,1.5
2026-02-11 16:00:00+00:00,2026-02-11 16:05:00+00:00,short,66449.39,66592.05,SL,-5.7968,380.6537,1.5
2026-02-11 17:02:00+00:00,2026-02-11 17:05:00+00:00,short,65907.81,66053.14,SL,-5.7098,374.9439,1.5
2026-02-11 18:38:00+00:00,2026-02-11 19:04:00+00:00,long,67089.91,67368.67,TP,11.2483,386.1923,1.5
2026-02-11 19:07:00+00:00,2026-02-11 19:10:00+00:00,long,67575.98,67427.18,SL,-5.7929,380.3994,1.5
2026-02-11 19:37:00+00:00,2026-02-11 20:06:00+00:00,long,67644.48,67449.8,SL,-5.706,374.6934,1.5
2026-02-11 20:13:00+00:00,2026-02-11 20:24:00+00:00,long,67620.0,67456.55,SL,-5.6204,369.073,1.5
2026-02-11 20:36:00+00:00,2026-02-11 20:48:00+00:00,long,67365.71,67637.34,TP,11.0722,380.1452,1.5
2026-02-11 21:07:00+00:00,2026-02-11 21:24:00+00:00,long,67582.09,67961.92,TP,11.4044,391.5495,1.5
2026-02-11 22:08:00+00:00,2026-02-11 22:10:00+00:00,long,67868.35,67700.01,SL,-5.8732,385.6763,1.5
2026-02-11 22:18:00+00:00,2026-02-11 22:25:00+00:00,long,67699.11,67524.61,SL,-5.7851,379.8911,1.5
2026-02-11 22:30:00+00:00,2026-02-11 22:59:00+00:00,long,67583.45,67433.14,SL,-5.6984,374.1928,1.5
2026-02-11 23:10:00+00:00,2026-02-11 23:20:00+00:00,short,67317.77,67031.02,TP,11.2258,385.4186,1.5
2026-02-11 23:35:00+00:00,2026-02-11 23:38:00+00:00,short,66844.88,66979.63,SL,-5.7813,379.6373,1.5
2026-02-12 00:35:00+00:00,2026-02-12 01:30:00+00:00,long,67592.93,67864.64,TP,11.3891,391.0264,1.5
2026-02-12 01:36:00+00:00,2026-02-12 01:47:00+00:00,long,67928.63,67764.59,SL,-5.8654,385.161,1.5
2026-02-12 02:07:00+00:00,2026-02-12 02:11:00+00:00,long,67751.86,67601.53,SL,-5.7774,379.3836,1.5
2026-02-12 02:13:00+00:00,2026-02-12 02:33:00+00:00,short,67550.01,67696.26,SL,-5.6908,373.6928,1.5
2026-02-12 03:19:00+00:00,2026-02-12 03:56:00+00:00,short,67390.92,67548.34,SL,-5.6054,368.0874,1.5
2026-02-12 04:05:00+00:00,2026-02-12 04:28:00+00:00,short,67508.01,67215.99,TP,11.0426,379.1301,1.5
2026-02-12 04:52:00+00:00,2026-02-12 05:13:00+00:00,short,67112.18,66780.0,TP,11.3739,390.504,1.5
2026-02-12 05:49:00+00:00,2026-02-12 06:02:00+00:00,short,67018.16,67155.26,SL,-5.8576,384.6464,1.5
2026-02-12 06:04:00+00:00,2026-02-12 06:12:00+00:00,short,67028.21,67222.98,SL,-5.7697,378.8767,1.5
2026-02-12 06:20:00+00:00,2026-02-12 06:25:00+00:00,short,67108.26,67284.63,SL,-5.6832,373.1936,1.5
2026-02-12 06:33:00+00:00,2026-02-12 07:11:00+00:00,short,67215.56,66935.64,TP,11.1958,384.3894,1.5
2026-02-12 07:53:00+00:00,2026-02-12 08:22:00+00:00,long,67198.34,67043.23,SL,-5.7658,378.6235,1.5
2026-02-12 09:03:00+00:00,2026-02-12 09:12:00+00:00,short,67068.38,67204.2,SL,-5.6794,372.9442,1.5
2026-02-12 09:33:00+00:00,2026-02-12 10:31:00+00:00,long,67434.54,67724.76,TP,11.1883,384.1325,1.5
2026-02-12 10:49:00+00:00,2026-02-12 11:28:00+00:00,long,67838.54,68199.99,TP,11.524,395.6565,1.5
2026-02-12 11:55:00+00:00,2026-02-12 12:02:00+00:00,long,68164.27,68024.75,SL,-5.9348,389.7216,1.5
2026-02-12 12:14:00+00:00,2026-02-12 12:23:00+00:00,long,68022.23,67859.95,SL,-5.8458,383.8758,1.5
2026-02-12 12:28:00+00:00,2026-02-12 12:36:00+00:00,long,68000.01,67861.99,SL,-5.7581,378.1177,1.5
2026-02-12 12:39:00+00:00,2026-02-12 12:56:00+00:00,long,67902.79,67740.1,SL,-5.6718,372.4459,1.5
2026-02-12 13:00:00+00:00,2026-02-12 13:05:00+00:00,long,67865.29,67724.61,SL,-5.5867,366.8592,1.5
2026-02-12 13:25:00+00:00,2026-02-12 13:30:00+00:00,short,67778.74,67958.82,SL,-5.5029,361.3563,1.5
2026-02-12 13:34:00+00:00,2026-02-12 13:57:00+00:00,long,67962.45,68267.83,TP,10.8407,372.197,1.5
2026-02-12 14:22:00+00:00,2026-02-12 14:36:00+00:00,long,68037.51,67801.0,SL,-5.583,366.6141,1.5
2026-02-12 14:59:00+00:00,2026-02-12 15:01:00+00:00,short,67577.02,67739.99,SL,-5.4992,361.1148,1.5
2026-02-12 15:34:00+00:00,2026-02-12 15:38:00+00:00,short,67648.76,67346.81,TP,10.8334,371.9483,1.5
2026-02-12 15:53:00+00:00,2026-02-12 16:05:00+00:00,short,67281.63,66942.0,TP,11.1584,383.1067,1.5
2026-02-12 16:20:00+00:00,2026-02-12 16:28:00+00:00,short,66407.1,66043.67,TP,11.4932,394.5999,1.5
2026-02-12 16:48:00+00:00,2026-02-12 16:53:00+00:00,short,66104.0,65622.74,TP,11.838,406.4379,1.5
2026-02-12 17:34:00+00:00,2026-02-12 17:53:00+00:00,short,65954.5,65603.7,TP,12.1931,418.6311,1.5
2026-02-12 18:18:00+00:00,2026-02-12 18:46:00+00:00,short,65398.13,65567.35,SL,-6.2795,412.3516,1.5
2026-02-12 18:59:00+00:00,2026-02-12 19:11:00+00:00,short,65590.95,65299.99,TP,12.3705,424.7222,1.5
2026-02-12 20:06:00+00:00,2026-02-12 20:10:00+00:00,long,65951.5,65667.78,SL,-6.3708,418.3513,1.5
2026-02-12 20:47:00+00:00,2026-02-12 21:02:00+00:00,short,65386.0,65554.73,SL,-6.2753,412.0761,1.5
2026-02-12 21:22:00+00:00,2026-02-12 21:33:00+00:00,short,65526.47,65705.48,SL,-6.1811,405.8949,1.5
2026-02-12 21:51:00+00:00,2026-02-12 22:17:00+00:00,long,65872.0,65690.67,SL,-6.0884,399.8065,1.5
2026-02-12 22:24:00+00:00,2026-02-12 22:43:00+00:00,long,65839.7,66133.31,TP,11.9942,411.8007,1.5
2026-02-12 23:06:00+00:00,2026-02-12 23:10:00+00:00,long,66457.51,66316.01,SL,-6.177,405.6237,1.5
2026-02-12 23:24:00+00:00,2026-02-12 23:36:00+00:00,long,66443.64,66308.35,SL,-6.0844,399.5393,1.5
2026-02-12 23:53:00+00:00,2026-02-13 00:22:00+00:00,long,66256.91,66099.99,SL,-5.9931,393.5462,1.5
2026-02-13 00:47:00+00:00,2026-02-13 01:05:00+00:00,short,65942.16,66082.95,SL,-5.9032,387.643,1.5
2026-02-13 01:31:00+00:00,2026-02-13 01:45:00+00:00,long,66302.86,66600.61,TP,11.6293,399.2723,1.5
2026-02-13 02:09:00+00:00,2026-02-13 04:32:00+00:00,long,66551.79,66393.81,SL,-5.9891,393.2832,1.5
2026-02-13 04:40:00+00:00,2026-02-13 06:23:00+00:00,short,66396.52,66071.99,TP,11.7985,405.0817,1.5
2026-02-13 07:11:00+00:00,2026-02-13 07:32:00+00:00,long,66499.99,66360.01,SL,-6.0762,399.0055,1.5
2026-02-13 08:14:00+00:00,2026-02-13 08:21:00+00:00,short,66260.28,66399.98,SL,-5.9851,393.0204,1.5
2026-02-13 08:45:00+00:00,2026-02-13 09:32:00+00:00,long,66579.98,66847.94,TP,11.7906,404.8111,1.5
2026-02-13 09:46:00+00:00,2026-02-13 10:05:00+00:00,long,66972.96,66832.01,SL,-6.0722,398.7389,1.5
2026-02-13 10:15:00+00:00,2026-02-13 11:32:00+00:00,long,66946.72,66801.83,SL,-5.9811,392.7578,1.5
2026-02-13 11:38:00+00:00,2026-02-13 13:25:00+00:00,long,66977.43,67280.6,TP,11.7827,404.5405,1.5
2026-02-13 13:53:00+00:00,2026-02-13 14:03:00+00:00,long,67384.0,67230.32,SL,-6.0681,398.4724,1.5
2026-02-13 14:11:00+00:00,2026-02-13 14:35:00+00:00,long,67283.44,67584.89,TP,11.9542,410.4266,1.5
2026-02-13 14:40:00+00:00,2026-02-13 14:44:00+00:00,short,67135.03,67331.47,SL,-6.1564,404.2702,1.5
2026-02-13 14:45:00+00:00,2026-02-13 15:09:00+00:00,long,67768.77,68258.08,TP,12.1281,416.3983,1.5
2026-02-13 15:26:00+00:00,2026-02-13 15:32:00+00:00,long,68729.54,69123.32,TP,12.4919,428.8903,1.5
2026-02-13 16:01:00+00:00,2026-02-13 16:02:00+00:00,long,68740.62,68589.11,SL,-6.4334,422.4569,1.5
2026-02-13 16:03:00+00:00,2026-02-13 16:07:00+00:00,long,68695.52,69012.77,TP,12.6737,435.1306,1.5
2026-02-13 16:28:00+00:00,2026-02-13 16:32:00+00:00,long,69077.17,69358.17,TP,13.0539,448.1845,1.5
2026-02-13 17:14:00+00:00,2026-02-13 18:39:00+00:00,long,68977.68,69257.91,TP,13.4455,461.6301,1.5
2026-02-13 19:10:00+00:00,2026-02-13 19:41:00+00:00,long,69136.96,68968.19,SL,-6.9245,454.7056,1.5
2026-02-13 19:49:00+00:00,2026-02-13 20:13:00+00:00,long,69008.45,68845.1,SL,-6.8206,447.885,1.5
2026-02-13 20:38:00+00:00,2026-02-13 21:05:00+00:00,short,68790.67,69015.25,SL,-6.7183,441.1668,1.5
2026-02-13 21:47:00+00:00,2026-02-13 22:10:00+00:00,short,68818.87,68964.6,SL,-6.6175,434.5493,1.5
2026-02-13 22:14:00+00:00,2026-02-13 22:29:00+00:00,short,68737.24,68879.6,SL,-6.5182,428.031,1.5
2026-02-13 22:37:00+00:00,2026-02-13 22:52:00+00:00,short,68830.01,68980.91,SL,-6.4205,421.6105,1.5
2026-02-13 22:57:00+00:00,2026-02-13 22:59:00+00:00,short,68850.11,68995.28,SL,-6.3242,415.2864,1.5
2026-02-13 23:05:00+00:00,2026-02-14 00:44:00+00:00,short,68883.86,69026.69,SL,-6.2293,409.0571,1.5
2026-02-14 01:15:00+00:00,2026-02-14 02:01:00+00:00,long,69057.78,68916.01,SL,-6.1359,402.9212,1.5
2026-02-14 02:04:00+00:00,2026-02-14 04:45:00+00:00,long,68979.18,68829.21,SL,-6.0438,396.8774,1.5
2026-02-14 05:27:00+00:00,2026-02-14 07:42:00+00:00,short,68879.22,69063.32,SL,-5.9532,390.9243,1.5
2026-02-14 08:02:00+00:00,2026-02-14 08:45:00+00:00,long,69457.52,69759.56,TP,11.7277,402.652,1.5
2026-02-14 08:53:00+00:00,2026-02-14 09:15:00+00:00,long,69817.97,69675.3,SL,-6.0398,396.6122,1.5
2026-02-14 09:33:00+00:00,2026-02-14 11:12:00+00:00,long,69631.99,69963.55,TP,11.8984,408.5106,1.5
2026-02-14 11:45:00+00:00,2026-02-14 12:36:00+00:00,long,70314.89,70153.87,SL,-6.1277,402.3829,1.5
2026-02-14 12:58:00+00:00,2026-02-14 13:23:00+00:00,short,69641.24,69330.55,TP,12.0715,414.4544,1.5
2026-02-14 13:52:00+00:00,2026-02-14 13:59:00+00:00,short,69308.61,69460.0,SL,-6.2168,408.2376,1.5
2026-02-14 14:08:00+00:00,2026-02-14 14:15:00+00:00,short,69362.97,69517.51,SL,-6.1236,402.114,1.5
2026-02-14 14:24:00+00:00,2026-02-14 14:31:00+00:00,short,69401.63,69576.42,SL,-6.0317,396.0823,1.5
2026-02-14 14:47:00+00:00,2026-02-14 14:52:00+00:00,short,69601.88,69777.2,SL,-5.9412,390.1411,1.5
2026-02-14 15:19:00+00:00,2026-02-14 16:09:00+00:00,long,69805.97,69661.0,SL,-5.8521,384.289,1.5
2026-02-14 16:31:00+00:00,2026-02-14 16:33:00+00:00,short,69289.43,69465.02,SL,-5.7643,378.5246,1.5
2026-02-14 17:13:00+00:00,2026-02-14 19:16:00+00:00,long,69798.3,69652.64,SL,-5.6779,372.8468,1.5
2026-02-14 19:21:00+00:00,2026-02-14 21:00:00+00:00,long,69798.3,70118.0,TP,11.1854,384.0322,1.5
2026-02-14 22:09:00+00:00,2026-02-14 22:12:00+00:00,short,69862.73,70006.49,SL,-5.7605,378.2717,1.5
2026-02-14 22:28:00+00:00,2026-02-14 23:23:00+00:00,long,69935.66,69765.7,SL,-5.6741,372.5976,1.5
2026-02-14 23:53:00+00:00,2026-02-15 01:28:00+00:00,short,69788.0,69500.0,TP,11.1779,383.7755,1.5
2026-02-15 01:44:00+00:00,2026-02-15 01:50:00+00:00,short,69407.22,69548.5,SL,-5.7566,378.0189,1.5
2026-02-15 02:08:00+00:00,2026-02-15 03:46:00+00:00,short,69519.71,69782.38,SL,-5.6703,372.3486,1.5
2026-02-15 04:07:00+00:00,2026-02-15 04:22:00+00:00,long,70350.11,70193.4,SL,-5.5852,366.7634,1.5
2026-02-15 04:49:00+00:00,2026-02-15 04:55:00+00:00,long,70310.76,70116.49,SL,-5.5015,361.2619,1.5
2026-02-15 05:05:00+00:00,2026-02-15 06:35:00+00:00,long,70241.99,70523.08,TP,10.8379,372.0998,1.5
2026-02-15 06:57:00+00:00,2026-02-15 07:18:00+00:00,long,70406.37,70772.89,TP,11.163,383.2628,1.5
2026-02-15 07:34:00+00:00,2026-02-15 08:28:00+00:00,long,70781.7,70626.29,SL,-5.7489,377.5138,1.5
2026-02-15 09:27:00+00:00,2026-02-15 09:40:00+00:00,long,70595.88,70451.32,SL,-5.6627,371.8511,1.5
2026-02-15 10:05:00+00:00,2026-02-15 10:26:00+00:00,short,70300.38,70442.64,SL,-5.5778,366.2734,1.5
2026-02-15 10:35:00+00:00,2026-02-15 10:49:00+00:00,short,70360.45,70507.8,SL,-5.4941,360.7793,1.5
2026-02-15 10:57:00+00:00,2026-02-15 12:16:00+00:00,short,70447.21,70140.39,TP,10.8234,371.6026,1.5
2026-02-15 12:36:00+00:00,2026-02-15 12:49:00+00:00,short,70298.0,69988.3,TP,11.1481,382.7507,1.5
2026-02-15 13:28:00+00:00,2026-02-15 13:30:00+00:00,short,69283.3,68962.18,TP,11.4825,394.2332,1.5
2026-02-15 14:14:00+00:00,2026-02-15 14:30:00+00:00,short,68957.98,69100.01,SL,-5.9135,388.3198,1.5
2026-02-15 14:34:00+00:00,2026-02-15 14:40:00+00:00,short,69023.99,69185.15,SL,-5.8248,382.495,1.5
2026-02-15 14:49:00+00:00,2026-02-15 16:07:00+00:00,short,69110.29,68827.29,TP,11.4748,393.9698,1.5
2026-02-15 16:23:00+00:00,2026-02-15 16:29:00+00:00,short,68899.5,69065.49,SL,-5.9095,388.0603,1.5
2026-02-15 16:36:00+00:00,2026-02-15 17:45:00+00:00,short,68956.6,68591.0,TP,11.6418,399.7021,1.5
2026-02-15 18:27:00+00:00,2026-02-15 18:35:00+00:00,short,68680.38,68386.71,TP,11.9911,411.6931,1.5
2026-02-15 18:46:00+00:00,2026-02-15 19:05:00+00:00,short,68495.84,68143.81,TP,12.3508,424.0439,1.5
2026-02-15 19:13:00+00:00,2026-02-15 19:21:00+00:00,short,68138.19,68305.41,SL,-6.3607,417.6833,1.5
2026-02-15 19:36:00+00:00,2026-02-15 19:50:00+00:00,short,68285.72,68423.75,SL,-6.2652,411.418,1.5
2026-02-15 19:54:00+00:00,2026-02-15 20:15:00+00:00,short,68319.6,68464.0,SL,-6.1713,405.2467,1.5
2026-02-15 20:19:00+00:00,2026-02-15 20:29:00+00:00,short,68336.0,68484.94,SL,-6.0787,399.168,1.5
2026-02-15 20:41:00+00:00,2026-02-15 21:04:00+00:00,short,68480.43,68658.04,SL,-5.9875,393.1805,1.5
2026-02-15 21:31:00+00:00,2026-02-15 21:38:00+00:00,long,68898.84,68752.2,SL,-5.8977,387.2828,1.5
2026-02-15 21:53:00+00:00,2026-02-15 23:02:00+00:00,long,68873.99,68671.84,SL,-5.8092,381.4736,1.5
2026-02-15 23:39:00+00:00,2026-02-15 23:45:00+00:00,short,68548.03,68717.34,SL,-5.7221,375.7515,1.5
2026-02-16 00:08:00+00:00,2026-02-16 00:44:00+00:00,long,68912.0,68754.01,SL,-5.6363,370.1152,1.5
2026-02-16 00:51:00+00:00,2026-02-16 01:23:00+00:00,long,68911.73,68736.7,SL,-5.5517,364.5635,1.5
2026-02-16 02:10:00+00:00,2026-02-16 03:26:00+00:00,short,68497.49,68182.76,TP,10.9369,375.5004,1.5
2026-02-16 04:51:00+00:00,2026-02-16 05:03:00+00:00,long,68862.51,68711.4,SL,-5.6325,369.8679,1.5
2026-02-16 05:38:00+00:00,2026-02-16 06:31:00+00:00,short,68332.76,68509.54,SL,-5.548,364.3198,1.5
2026-02-16 06:44:00+00:00,2026-02-16 07:13:00+00:00,short,68474.59,68620.68,SL,-5.4648,358.855,1.5
2026-02-16 07:25:00+00:00,2026-02-16 07:30:00+00:00,long,68672.58,68517.12,SL,-5.3828,353.4722,1.5
2026-02-16 07:36:00+00:00,2026-02-16 07:39:00+00:00,long,68645.99,68490.01,SL,-5.3021,348.1701,1.5
2026-02-16 07:49:00+00:00,2026-02-16 09:04:00+00:00,long,68581.62,68957.04,TP,10.4451,358.6152,1.5
2026-02-16 09:26:00+00:00,2026-02-16 10:22:00+00:00,long,68916.12,68773.44,SL,-5.3792,353.236,1.5
2026-02-16 10:31:00+00:00,2026-02-16 11:10:00+00:00,long,68818.16,68554.07,SL,-5.2985,347.9375,1.5
2026-02-16 11:42:00+00:00,2026-02-16 11:52:00+00:00,short,68561.09,68740.73,SL,-5.2191,342.7184,1.5
2026-02-16 12:26:00+00:00,2026-02-16 12:51:00+00:00,long,69394.23,69759.14,TP,10.2816,353.0,1.5
2026-02-16 13:01:00+00:00,2026-02-16 13:10:00+00:00,long,69863.34,69700.0,SL,-5.295,347.705,1.5
2026-02-16 14:27:00+00:00,2026-02-16 14:32:00+00:00,short,68374.01,68527.71,SL,-5.2156,342.4894,1.5
2026-02-16 14:44:00+00:00,2026-02-16 15:30:00+00:00,short,68504.81,68124.69,TP,10.2747,352.7641,1.5
2026-02-16 16:18:00+00:00,2026-02-16 16:28:00+00:00,short,67641.1,67798.38,SL,-5.2915,347.4726,1.5
2026-02-16 16:34:00+00:00,2026-02-16 16:42:00+00:00,short,67669.99,67815.35,SL,-5.2121,342.2605,1.5
2026-02-16 16:54:00+00:00,2026-02-16 17:31:00+00:00,short,67859.81,68017.63,SL,-5.1339,337.1266,1.5
2026-02-16 17:43:00+00:00,2026-02-16 18:21:00+00:00,short,68012.11,68208.71,SL,-5.0569,332.0697,1.5
2026-02-16 18:56:00+00:00,2026-02-16 19:38:00+00:00,short,67922.7,68082.63,SL,-4.981,327.0887,1.5
2026-02-16 20:10:00+00:00,2026-02-16 20:16:00+00:00,short,67885.7,68032.35,SL,-4.9063,322.1823,1.5
2026-02-16 20:44:00+00:00,2026-02-16 20:59:00+00:00,long,68237.99,68530.0,TP,9.6655,331.8478,1.5
2026-02-16 21:16:00+00:00,2026-02-16 21:36:00+00:00,long,68614.0,68472.59,SL,-4.9777,326.8701,1.5
2026-02-16 21:44:00+00:00,2026-02-16 21:58:00+00:00,long,68546.2,68900.38,TP,9.8061,336.6762,1.5
2026-02-16 22:35:00+00:00,2026-02-16 22:45:00+00:00,long,68724.16,68568.25,SL,-5.0501,331.6261,1.5
2026-02-16 22:49:00+00:00,2026-02-16 23:51:00+00:00,long,68651.52,68951.2,TP,9.9488,341.5748,1.5
2026-02-17 00:15:00+00:00,2026-02-17 00:18:00+00:00,long,68861.07,68705.81,SL,-5.1236,336.4512,1.5
2026-02-17 00:27:00+00:00,2026-02-17 01:52:00+00:00,long,68881.68,68719.92,SL,-5.0468,331.4044,1.5
2026-02-17 02:51:00+00:00,2026-02-17 02:59:00+00:00,long,69026.0,68838.48,SL,-4.9711,326.4334,1.5
2026-02-17 03:31:00+00:00,2026-02-17 04:32:00+00:00,short,68578.58,68288.01,TP,9.793,336.2264,1.5
2026-02-17 04:55:00+00:00,2026-02-17 05:23:00+00:00,short,68390.0,67964.78,TP,10.0868,346.3132,1.5
2026-02-17 06:16:00+00:00,2026-02-17 09:10:00+00:00,short,68393.38,68088.01,TP,10.3894,356.7026,1.5
2026-02-17 10:02:00+00:00,2026-02-17 10:19:00+00:00,short,68127.73,67846.18,TP,10.7011,367.4036,1.5
2026-02-17 10:35:00+00:00,2026-02-17 12:05:00+00:00,short,67803.67,67939.7,SL,-5.5111,361.8926,1.5
2026-02-17 12:35:00+00:00,2026-02-17 12:46:00+00:00,long,68254.45,68107.81,SL,-5.4284,356.4642,1.5
2026-02-17 13:49:00+00:00,2026-02-17 14:06:00+00:00,long,68028.83,68323.55,TP,10.6939,367.1581,1.5
2026-02-17 14:31:00+00:00,2026-02-17 14:32:00+00:00,long,68189.72,67936.58,SL,-5.5074,361.6508,1.5
2026-02-17 15:25:00+00:00,2026-02-17 15:42:00+00:00,short,66789.15,66924.47,SL,-5.4248,356.226,1.5
2026-02-17 16:35:00+00:00,2026-02-17 16:43:00+00:00,long,67920.0,67704.2,SL,-5.3434,350.8826,1.5
2026-02-17 16:56:00+00:00,2026-02-17 16:57:00+00:00,long,67762.72,67590.6,SL,-5.2632,345.6194,1.5
2026-02-17 17:06:00+00:00,2026-02-17 17:10:00+00:00,long,67612.44,67264.65,SL,-5.1843,340.4351,1.5
2026-02-17 17:34:00+00:00,2026-02-17 18:13:00+00:00,short,67161.69,67373.79,SL,-5.1065,335.3285,1.5
2026-02-17 18:40:00+00:00,2026-02-17 18:48:00+00:00,long,68018.0,67875.99,SL,-5.0299,330.2986,1.5
2026-02-17 18:56:00+00:00,2026-02-17 19:01:00+00:00,long,68142.0,67997.14,SL,-4.9545,325.3441,1.5
2026-02-17 19:15:00+00:00,2026-02-17 19:16:00+00:00,long,68164.61,68005.02,SL,-4.8802,320.464,1.5
2026-02-17 19:41:00+00:00,2026-02-17 20:03:00+00:00,long,67876.0,67689.09,SL,-4.807,315.657,1.5
2026-02-17 20:38:00+00:00,2026-02-17 20:40:00+00:00,short,67599.6,67839.9,SL,-4.7349,310.9222,1.5
2026-02-17 21:13:00+00:00,2026-02-17 21:21:00+00:00,long,67858.63,67650.5,SL,-4.6638,306.2583,1.5
2026-02-17 22:06:00+00:00,2026-02-17 22:29:00+00:00,short,67540.5,67699.99,SL,-4.5939,301.6645,1.5
2026-02-17 23:08:00+00:00,2026-02-17 23:17:00+00:00,short,67418.87,67562.48,SL,-4.525,297.1395,1.5
2026-02-17 23:28:00+00:00,2026-02-18 00:05:00+00:00,short,67449.15,67599.7,SL,-4.4571,292.6824,1.5
2026-02-18 00:16:00+00:00,2026-02-18 01:02:00+00:00,short,67566.65,67293.01,TP,8.7805,301.4629,1.5
2026-02-18 01:04:00+00:00,2026-02-18 02:08:00+00:00,short,67150.34,67292.24,SL,-4.5219,296.9409,1.5
2026-02-18 02:15:00+00:00,2026-02-18 03:04:00+00:00,short,67313.95,67465.47,SL,-4.4541,292.4868,1.5
2026-02-18 03:16:00+00:00,2026-02-18 04:50:00+00:00,long,67469.99,67755.53,TP,8.7746,301.2614,1.5
2026-02-18 05:13:00+00:00,2026-02-18 05:29:00+00:00,long,67888.0,67723.62,SL,-4.5189,296.7425,1.5
2026-02-18 05:48:00+00:00,2026-02-18 07:43:00+00:00,long,67730.0,68085.34,TP,8.9023,305.6448,1.5
2026-02-18 08:12:00+00:00,2026-02-18 08:53:00+00:00,long,68234.86,68097.97,SL,-4.5847,301.0601,1.5
2026-02-18 08:59:00+00:00,2026-02-18 10:25:00+00:00,long,68132.82,67989.26,SL,-4.5159,296.5442,1.5
2026-02-18 10:51:00+00:00,2026-02-18 11:08:00+00:00,short,67778.95,67300.57,TP,8.8963,305.4405,1.5
2026-02-18 11:51:00+00:00,2026-02-18 12:06:00+00:00,short,67496.5,67650.21,SL,-4.5816,300.8589,1.5
2026-02-18 12:19:00+00:00,2026-02-18 13:40:00+00:00,short,67586.73,67310.66,TP,9.0258,309.8847,1.5
2026-02-18 14:16:00+00:00,2026-02-18 14:48:00+00:00,short,67238.0,66828.5,TP,9.2965,319.1812,1.5
2026-02-18 15:11:00+00:00,2026-02-18 15:18:00+00:00,short,67318.0,67479.6,SL,-4.7877,314.3935,1.5
2026-02-18 15:35:00+00:00,2026-02-18 15:37:00+00:00,long,67588.84,67917.04,TP,9.4318,323.8253,1.5
2026-02-18 16:36:00+00:00,2026-02-18 16:41:00+00:00,short,67110.78,67265.43,SL,-4.8574,318.9679,1.5
2026-02-18 16:51:00+00:00,2026-02-18 17:05:00+00:00,short,67123.3,67315.84,SL,-4.7845,314.1834,1.5
2026-02-18 17:12:00+00:00,2026-02-18 18:01:00+00:00,short,67071.11,67218.82,SL,-4.7128,309.4707,1.5
2026-02-18 18:05:00+00:00,2026-02-18 18:20:00+00:00,short,67144.36,66844.56,TP,9.2841,318.7548,1.5
2026-02-18 18:42:00+00:00,2026-02-18 19:25:00+00:00,short,66504.13,66235.99,TP,9.5626,328.3174,1.5
2026-02-18 19:57:00+00:00,2026-02-18 20:01:00+00:00,short,66069.18,66262.01,SL,-4.9248,323.3927,1.5
2026-02-18 20:16:00+00:00,2026-02-18 20:25:00+00:00,short,66179.39,66352.86,SL,-4.8509,318.5418,1.5
2026-02-18 20:41:00+00:00,2026-02-18 21:03:00+00:00,short,66408.46,66132.09,TP,9.5563,328.098,1.5
2026-02-18 21:37:00+00:00,2026-02-19 00:07:00+00:00,short,66388.01,66559.47,SL,-4.9215,323.1766,1.5
2026-02-19 00:13:00+00:00,2026-02-19 00:41:00+00:00,short,66407.49,66541.54,SL,-4.8476,318.3289,1.5
2026-02-19 00:49:00+00:00,2026-02-19 01:01:00+00:00,short,66419.14,66575.94,SL,-4.7749,313.554,1.5
2026-02-19 01:25:00+00:00,2026-02-19 04:00:00+00:00,long,66722.52,66992.01,TP,9.4066,322.9606,1.5
2026-02-19 04:32:00+00:00,2026-02-19 04:48:00+00:00,long,66915.68,66767.51,SL,-4.8444,318.1162,1.5
2026-02-19 04:55:00+00:00,2026-02-19 05:08:00+00:00,long,66825.83,66689.45,SL,-4.7717,313.3444,1.5
2026-02-19 05:23:00+00:00,2026-02-19 05:54:00+00:00,short,66721.46,66859.12,SL,-4.7002,308.6443,1.5
2026-02-19 06:18:00+00:00,2026-02-19 07:37:00+00:00,long,67029.11,67301.0,TP,9.2593,317.9036,1.5
2026-02-19 07:54:00+00:00,2026-02-19 08:05:00+00:00,long,67217.5,67074.41,SL,-4.7686,313.135,1.5
2026-02-19 08:18:00+00:00,2026-02-19 08:23:00+00:00,long,67100.0,66958.31,SL,-4.697,308.438,1.5
2026-02-19 09:06:00+00:00,2026-02-19 09:22:00+00:00,short,66903.08,67091.34,SL,-4.6266,303.8115,1.5
2026-02-19 10:04:00+00:00,2026-02-19 10:11:00+00:00,short,66760.35,66902.67,SL,-4.5572,299.2543,1.5
2026-02-19 10:29:00+00:00,2026-02-19 11:50:00+00:00,short,66871.21,66530.47,TP,8.9776,308.2319,1.5
2026-02-19 12:04:00+00:00,2026-02-19 12:18:00+00:00,short,66435.95,66583.98,SL,-4.6235,303.6084,1.5
2026-02-19 12:36:00+00:00,2026-02-19 13:05:00+00:00,short,66631.31,66324.32,TP,9.1083,312.7167,1.5
2026-02-19 13:18:00+00:00,2026-02-19 13:41:00+00:00,short,66285.06,66018.2,TP,9.3815,322.0982,1.5
2026-02-19 14:21:00+00:00,2026-02-19 14:39:00+00:00,short,65938.96,66105.0,SL,-4.8315,317.2667,1.5
2026-02-19 15:03:00+00:00,2026-02-19 15:05:00+00:00,long,66683.93,66543.21,SL,-4.759,312.5077,1.5
2026-02-19 16:26:00+00:00,2026-02-19 16:32:00+00:00,short,66163.1,66429.1,SL,-4.6876,307.8201,1.5
2026-02-19 17:04:00+00:00,2026-02-19 17:16:00+00:00,long,66396.35,66667.99,TP,9.2346,317.0547,1.5
2026-02-19 17:43:00+00:00,2026-02-19 17:49:00+00:00,long,66658.72,66445.59,SL,-4.7558,312.2989,1.5
2026-02-19 18:04:00+00:00,2026-02-19 18:07:00+00:00,short,66269.93,66449.35,SL,-4.6845,307.6144,1.5
2026-02-19 18:43:00+00:00,2026-02-19 19:31:00+00:00,long,67011.99,66875.3,SL,-4.6142,303.0002,1.5
2026-02-19 19:44:00+00:00,2026-02-19 20:46:00+00:00,long,66876.78,67155.07,TP,9.09,312.0902,1.5
2026-02-19 20:59:00+00:00,2026-02-19 21:17:00+00:00,long,67149.11,67000.01,SL,-4.6814,307.4088,1.5
2026-02-19 21:29:00+00:00,2026-02-19 21:55:00+00:00,long,67040.99,66903.36,SL,-4.6111,302.7977,1.5
2026-02-19 22:26:00+00:00,2026-02-19 22:54:00+00:00,short,66788.38,66922.63,SL,-4.542,298.2557,1.5
2026-02-19 23:04:00+00:00,2026-02-19 23:46:00+00:00,short,66880.71,67022.9,SL,-4.4738,293.7819,1.5
2026-02-19 23:58:00+00:00,2026-02-20 00:26:00+00:00,long,66997.74,67394.1,TP,8.8135,302.5954,1.5
2026-02-20 01:04:00+00:00,2026-02-20 05:32:00+00:00,long,67262.34,67703.9,TP,9.0779,311.6732,1.5
2026-02-20 06:12:00+00:00,2026-02-20 06:24:00+00:00,long,67859.06,67708.7,SL,-4.6751,306.9981,1.5
2026-02-20 06:33:00+00:00,2026-02-20 09:02:00+00:00,long,67832.72,68129.7,TP,9.2099,316.2081,1.5
2026-02-20 09:54:00+00:00,2026-02-20 10:47:00+00:00,long,68186.31,68035.54,SL,-4.7431,311.4649,1.5
2026-02-20 11:11:00+00:00,2026-02-20 11:44:00+00:00,short,67810.12,67443.55,TP,9.3439,320.8089,1.5
2026-02-20 11:56:00+00:00,2026-02-20 13:03:00+00:00,short,67450.7,67160.35,TP,9.6243,330.4332,1.5
2026-02-20 13:23:00+00:00,2026-02-20 13:29:00+00:00,short,67051.73,67202.01,SL,-4.9565,325.4767,1.5
2026-02-20 13:32:00+00:00,2026-02-20 13:39:00+00:00,short,66911.02,66511.58,TP,9.7643,335.241,1.5
2026-02-20 14:15:00+00:00,2026-02-20 14:25:00+00:00,short,66880.0,67059.82,SL,-5.0286,330.2123,1.5
2026-02-20 14:40:00+00:00,2026-02-20 14:42:00+00:00,short,67068.75,67210.07,SL,-4.9532,325.2592,1.5
2026-02-20 14:43:00+00:00,2026-02-20 15:00:00+00:00,short,67047.23,67219.28,SL,-4.8789,320.3803,1.5
2026-02-20 15:07:00+00:00,2026-02-20 15:08:00+00:00,short,67200.01,67451.61,SL,-4.8057,315.5746,1.5
2026-02-20 15:10:00+00:00,2026-02-20 15:11:00+00:00,long,67409.12,67132.67,SL,-4.7336,310.8409,1.5
2026-02-20 15:21:00+00:00,2026-02-20 15:32:00+00:00,long,67317.02,67161.88,SL,-4.6626,306.1783,1.5
2026-02-20 15:44:00+00:00,2026-02-20 15:55:00+00:00,long,67229.99,67601.3,TP,9.1853,315.3637,1.5
2026-02-20 16:24:00+00:00,2026-02-20 16:27:00+00:00,long,67833.57,67551.31,SL,-4.7305,310.6332,1.5
2026-02-20 16:39:00+00:00,2026-02-20 16:58:00+00:00,long,67518.22,67811.99,TP,9.319,319.9522,1.5
2026-02-20 18:05:00+00:00,2026-02-20 18:09:00+00:00,long,67730.01,67590.85,SL,-4.7993,315.1529,1.5
2026-02-20 18:29:00+00:00,2026-02-20 18:57:00+00:00,long,67664.75,67964.03,TP,9.4546,324.6075,1.5
2026-02-20 19:32:00+00:00,2026-02-20 19:43:00+00:00,long,67750.48,67556.71,SL,-4.8691,319.7384,1.5
2026-02-20 19:52:00+00:00,2026-02-20 22:24:00+00:00,long,67701.93,67976.01,TP,9.5922,329.3306,1.5
2026-02-20 22:51:00+00:00,2026-02-20 23:39:00+00:00,long,68071.99,67914.01,SL,-4.94,324.3906,1.5
2026-02-20 23:45:00+00:00,2026-02-21 00:37:00+00:00,long,68009.01,67872.49,SL,-4.8659,319.5247,1.5
2026-02-21 01:18:00+00:00,2026-02-21 02:21:00+00:00,short,67882.62,68023.99,SL,-4.7929,314.7319,1.5
2026-02-21 02:56:00+00:00,2026-02-21 03:01:00+00:00,long,68028.54,67783.25,SL,-4.721,310.0109,1.5
2026-02-21 03:39:00+00:00,2026-02-21 06:13:00+00:00,short,67768.32,67924.38,SL,-4.6502,305.3607,1.5
2026-02-21 06:49:00+00:00,2026-02-21 08:09:00+00:00,short,67750.98,67893.8,SL,-4.5804,300.7803,1.5
2026-02-21 08:44:00+00:00,2026-02-21 09:24:00+00:00,long,68000.02,68272.31,TP,9.0234,309.8037,1.5
2026-02-21 10:02:00+00:00,2026-02-21 12:06:00+00:00,long,68213.41,68023.16,SL,-4.6471,305.1567,1.5
2026-02-21 12:31:00+00:00,2026-02-21 12:46:00+00:00,short,67934.8,68072.38,SL,-4.5774,300.5793,1.5
2026-02-21 13:22:00+00:00,2026-02-21 14:21:00+00:00,long,68198.4,68568.44,TP,9.0174,309.5967,1.5
2026-02-21 14:31:00+00:00,2026-02-21 16:06:00+00:00,long,68520.09,68369.83,SL,-4.644,304.9528,1.5
2026-02-21 16:56:00+00:00,2026-02-21 18:19:00+00:00,short,68327.8,68497.89,SL,-4.5743,300.3785,1.5
2026-02-21 18:33:00+00:00,2026-02-21 20:40:00+00:00,long,68526.37,68349.1,SL,-4.5057,295.8728,1.5
2026-02-21 20:59:00+00:00,2026-02-21 21:20:00+00:00,short,68211.19,68352.51,SL,-4.4381,291.4347,1.5
2026-02-21 21:35:00+00:00,2026-02-21 22:43:00+00:00,short,68346.06,68034.77,TP,8.743,300.1777,1.5
2026-02-21 22:56:00+00:00,2026-02-22 02:09:00+00:00,short,68064.95,68201.89,SL,-4.5027,295.6751,1.5
2026-02-22 02:34:00+00:00,2026-02-22 02:49:00+00:00,long,68112.95,67967.89,SL,-4.4351,291.2399,1.5
2026-02-22 02:57:00+00:00,2026-02-22 03:11:00+00:00,short,67872.77,68022.97,SL,-4.3686,286.8713,1.5
2026-02-22 03:18:00+00:00,2026-02-22 04:06:00+00:00,short,67939.39,68076.46,SL,-4.3031,282.5683,1.5
2026-02-22 04:33:00+00:00,2026-02-22 05:11:00+00:00,long,68039.98,67881.9,SL,-4.2385,278.3298,1.5
2026-02-22 05:47:00+00:00,2026-02-22 06:07:00+00:00,short,67904.16,68043.91,SL,-4.1749,274.1548,1.5
2026-02-22 06:27:00+00:00,2026-02-22 07:00:00+00:00,long,68143.95,67990.5,SL,-4.1123,270.0425,1.5
2026-02-22 07:10:00+00:00,2026-02-22 12:44:00+00:00,long,68034.25,67892.4,SL,-4.0506,265.9918,1.5
2026-02-22 13:12:00+00:00,2026-02-22 13:38:00+00:00,short,67955.91,67674.98,TP,7.9798,273.9716,1.5
2026-02-22 14:05:00+00:00,2026-02-22 14:13:00+00:00,short,67489.0,67651.18,SL,-4.1096,269.862,1.5
2026-02-22 14:36:00+00:00,2026-02-22 15:07:00+00:00,short,67608.06,67322.83,TP,8.0959,277.9579,1.5
2026-02-22 16:24:00+00:00,2026-02-22 17:35:00+00:00,short,67541.54,67264.05,TP,8.3387,286.2966,1.5
2026-02-22 18:21:00+00:00,2026-02-22 21:35:00+00:00,short,67391.27,67541.1,SL,-4.2944,282.0022,1.5
2026-02-22 22:20:00+00:00,2026-02-23 00:31:00+00:00,long,67548.88,67385.12,SL,-4.23,277.7721,1.5
2026-02-23 00:58:00+00:00,2026-02-23 01:01:00+00:00,short,66818.42,66289.29,TP,8.3332,286.1053,1.5
2026-02-23 01:46:00+00:00,2026-02-23 01:47:00+00:00,short,64720.01,64887.84,SL,-4.2916,281.8137,1.5
2026-02-23 01:59:00+00:00,2026-02-23 02:03:00+00:00,short,64427.65,64560.76,SL,-4.2272,277.5865,1.5
2026-02-23 02:24:00+00:00,2026-02-23 02:28:00+00:00,short,64533.73,64705.8,SL,-4.1638,273.4227,1.5
2026-02-23 02:40:00+00:00,2026-02-23 03:05:00+00:00,short,64783.88,64939.02,SL,-4.1013,269.3214,1.5
2026-02-23 03:15:00+00:00,2026-02-23 05:10:00+00:00,short,64899.6,65147.44,SL,-4.0398,265.2816,1.5
2026-02-23 05:35:00+00:00,2026-02-23 05:55:00+00:00,long,65124.0,64990.83,SL,-3.9792,261.3023,1.5
2026-02-23 06:36:00+00:00,2026-02-23 06:54:00+00:00,long,65511.45,65797.12,TP,7.8391,269.1414,1.5
2026-02-23 07:06:00+00:00,2026-02-23 07:08:00+00:00,long,65882.38,65747.89,SL,-4.0371,265.1043,1.5
2026-02-23 07:35:00+00:00,2026-02-23 08:24:00+00:00,long,65788.48,65649.89,SL,-3.9766,261.1277,1.5
2026-02-23 08:30:00+00:00,2026-02-23 08:38:00+00:00,long,65714.12,65580.4,SL,-3.9169,257.2108,1.5
2026-02-23 08:44:00+00:00,2026-02-23 09:30:00+00:00,long,65618.09,65909.93,TP,7.7163,264.9271,1.5
2026-02-23 10:20:00+00:00,2026-02-23 10:32:00+00:00,long,66484.53,66285.65,SL,-3.9739,260.9532,1.5
2026-02-23 10:42:00+00:00,2026-02-23 11:37:00+00:00,long,66357.13,66178.14,SL,-3.9143,257.0389,1.5
2026-02-23 12:20:00+00:00,2026-02-23 12:37:00+00:00,short,66130.21,66278.55,SL,-3.8556,253.1833,1.5
2026-02-23 13:08:00+00:00,2026-02-23 13:13:00+00:00,long,66387.11,66228.02,SL,-3.7978,249.3856,1.5
2026-02-23 13:28:00+00:00,2026-02-23 14:22:00+00:00,long,66224.02,66091.21,SL,-3.7408,245.6448,1.5
2026-02-23 14:34:00+00:00,2026-02-23 14:41:00+00:00,short,65938.15,65595.31,TP,7.3693,253.0142,1.5
2026-02-23 14:49:00+00:00,2026-02-23 14:50:00+00:00,short,65649.99,65973.77,SL,-3.7952,249.2189,1.5
2026-02-23 15:03:00+00:00,2026-02-23 15:06:00+00:00,short,65757.07,65900.6,SL,-3.7383,245.4807,1.5
2026-02-23 15:22:00+00:00,2026-02-23 15:52:00+00:00,short,65898.78,65600.73,TP,7.3644,252.8451,1.5
2026-02-23 16:45:00+00:00,2026-02-23 17:14:00+00:00,short,65550.84,65081.03,TP,7.5854,260.4304,1.5
2026-02-23 17:36:00+00:00,2026-02-23 17:41:00+00:00,short,64448.77,64626.82,SL,-3.9065,256.524,1.5
2026-02-23 18:16:00+00:00,2026-02-23 18:23:00+00:00,short,64704.56,64848.7,SL,-3.8479,252.6761,1.5
2026-02-23 18:30:00+00:00,2026-02-23 18:34:00+00:00,short,64770.23,64979.98,SL,-3.7901,248.886,1.5
2026-02-23 18:43:00+00:00,2026-02-23 18:56:00+00:00,short,64939.99,64653.43,TP,7.4666,256.3526,1.5
2026-02-23 19:16:00+00:00,2026-02-23 19:34:00+00:00,short,64600.76,64331.3,TP,7.6906,264.0431,1.5
2026-02-23 20:09:00+00:00,2026-02-23 20:36:00+00:00,short,64187.78,64322.69,SL,-3.9606,260.0825,1.5
2026-02-23 21:41:00+00:00,2026-02-23 22:12:00+00:00,long,64685.03,64979.92,TP,7.8025,267.885,1.5
2026-02-23 22:52:00+00:00,2026-02-23 22:54:00+00:00,long,64835.59,64697.61,SL,-4.0183,263.8667,1.5
2026-02-23 23:04:00+00:00,2026-02-23 23:44:00+00:00,long,64766.63,64621.91,SL,-3.958,259.9087,1.5
2026-02-24 00:37:00+00:00,2026-02-24 01:01:00+00:00,long,64958.29,64811.25,SL,-3.8986,256.0101,1.5
2026-02-24 01:39:00+00:00,2026-02-24 01:41:00+00:00,short,64146.78,64316.5,SL,-3.8402,252.1699,1.5
2026-02-24 02:04:00+00:00,2026-02-24 02:10:00+00:00,short,64024.89,64237.6,SL,-3.7825,248.3874,1.5
2026-02-24 02:18:00+00:00,2026-02-24 02:25:00+00:00,short,64093.26,64264.45,SL,-3.7258,244.6615,1.5
2026-02-24 02:37:00+00:00,2026-02-24 03:01:00+00:00,short,64216.81,63948.9,TP,7.3398,252.0014,1.5
2026-02-24 03:47:00+00:00,2026-02-24 04:09:00+00:00,short,63573.16,63311.33,TP,7.56,259.5614,1.5
2026-02-24 04:52:00+00:00,2026-02-24 05:05:00+00:00,short,63282.17,63495.42,SL,-3.8934,255.668,1.5
2026-02-24 05:15:00+00:00,2026-02-24 05:22:00+00:00,short,63424.15,63008.93,TP,7.67,263.338,1.5
2026-02-24 06:04:00+00:00,2026-02-24 06:08:00+00:00,short,62910.2,63073.54,SL,-3.9501,259.388,1.5
2026-02-24 06:26:00+00:00,2026-02-24 06:33:00+00:00,short,63173.05,63309.76,SL,-3.8908,255.4972,1.5
2026-02-24 06:36:00+00:00,2026-02-24 07:09:00+00:00,short,63186.72,63318.59,SL,-3.8325,251.6647,1.5
2026-02-24 07:19:00+00:00,2026-02-24 08:32:00+00:00,short,63210.21,63403.8,SL,-3.775,247.8897,1.5
2026-02-24 08:45:00+00:00,2026-02-24 09:06:00+00:00,long,63421.32,63286.53,SL,-3.7183,244.1714,1.5
2026-02-24 09:35:00+00:00,2026-02-24 09:38:00+00:00,short,62944.55,63099.99,SL,-3.6626,240.5088,1.5
2026-02-24 10:02:00+00:00,2026-02-24 10:50:00+00:00,short,63189.95,63346.93,SL,-3.6076,236.9012,1.5
2026-02-24 11:31:00+00:00,2026-02-24 12:12:00+00:00,short,63155.7,63283.38,SL,-3.5535,233.3477,1.5
2026-02-24 12:24:00+00:00,2026-02-24 12:39:00+00:00,long,63282.8,63093.67,SL,-3.5002,229.8474,1.5
2026-02-24 12:57:00+00:00,2026-02-24 13:32:00+00:00,short,62996.72,62560.52,TP,6.8954,236.7429,1.5
2026-02-24 13:59:00+00:00,2026-02-24 14:30:00+00:00,short,62900.0,63042.07,SL,-3.5511,233.1917,1.5
2026-02-24 14:32:00+00:00,2026-02-24 14:38:00+00:00,short,62906.23,63238.31,SL,-3.4979,229.6939,1.5
2026-02-24 15:15:00+00:00,2026-02-24 15:23:00+00:00,long,63601.65,63868.81,TP,6.8908,236.5847,1.5
2026-02-24 15:53:00+00:00,2026-02-24 16:02:00+00:00,long,63872.53,64362.59,TP,7.0975,243.6822,1.5
2026-02-24 16:38:00+00:00,2026-02-24 16:58:00+00:00,long,63954.0,64219.99,TP,7.3105,250.9927,1.5
2026-02-24 17:39:00+00:00,2026-02-24 17:44:00+00:00,long,64232.99,64099.75,SL,-3.7649,247.2278,1.5
2026-02-24 17:48:00+00:00,2026-02-24 18:13:00+00:00,long,64192.58,64049.17,SL,-3.7084,243.5194,1.5
2026-02-24 18:19:00+00:00,2026-02-24 18:50:00+00:00,long,64231.99,64496.52,TP,7.3056,250.8249,1.5
2026-02-24 19:01:00+00:00,2026-02-24 19:12:00+00:00,long,64587.95,64417.92,SL,-3.7624,247.0626,1.5
2026-02-24 19:25:00+00:00,2026-02-24 21:02:00+00:00,long,64357.37,64208.42,SL,-3.7059,243.3566,1.5
2026-02-24 21:16:00+00:00,2026-02-24 23:07:00+00:00,short,64133.39,63859.2,TP,7.3007,250.6573,1.5
2026-02-24 23:36:00+00:00,2026-02-24 23:49:00+00:00,long,64219.98,64087.53,SL,-3.7599,246.8975,1.5
2026-02-25 00:09:00+00:00,2026-02-25 00:37:00+00:00,short,64000.01,64143.29,SL,-3.7035,243.194,1.5
2026-02-25 01:06:00+00:00,2026-02-25 01:10:00+00:00,long,64357.2,64866.99,TP,7.2958,250.4898,1.5
2026-02-25 02:06:00+00:00,2026-02-25 02:09:00+00:00,long,66225.45,66088.65,SL,-3.7573,246.7325,1.5
2026-02-25 02:48:00+00:00,2026-02-25 03:02:00+00:00,long,65972.51,65834.37,SL,-3.701,243.0315,1.5
2026-02-25 03:05:00+00:00,2026-02-25 03:16:00+00:00,long,65944.98,65634.01,SL,-3.6455,239.386,1.5
2026-02-25 03:28:00+00:00,2026-02-25 03:36:00+00:00,long,65606.41,65418.57,SL,-3.5908,235.7952,1.5
2026-02-25 03:38:00+00:00,2026-02-25 03:59:00+00:00,long,65524.01,65391.73,SL,-3.5369,232.2583,1.5
2026-02-25 04:01:00+00:00,2026-02-25 04:11:00+00:00,short,65315.17,65508.98,SL,-3.4839,228.7744,1.5
2026-02-25 05:05:00+00:00,2026-02-25 05:13:00+00:00,long,65501.65,65365.21,SL,-3.4316,225.3428,1.5
2026-02-25 06:18:00+00:00,2026-02-25 06:21:00+00:00,short,64926.92,65112.61,SL,-3.3801,221.9627,1.5
2026-02-25 06:30:00+00:00,2026-02-25 07:16:00+00:00,short,64994.15,65167.62,SL,-3.3294,218.6332,1.5
2026-02-25 07:25:00+00:00,2026-02-25 08:22:00+00:00,short,65057.85,65223.22,SL,-3.2795,215.3537,1.5
2026-02-25 08:54:00+00:00,2026-02-25 09:38:00+00:00,long,65586.87,65449.39,SL,-3.2303,212.1234,1.5
2026-02-25 09:47:00+00:00,2026-02-25 10:33:00+00:00,long,65484.48,65351.85,SL,-3.1819,208.9416,1.5
2026-02-25 10:35:00+00:00,2026-02-25 11:05:00+00:00,long,65401.0,65232.95,SL,-3.1341,205.8075,1.5
2026-02-25 11:14:00+00:00,2026-02-25 11:28:00+00:00,short,65244.63,65379.99,SL,-3.0871,202.7203,1.5
2026-02-25 12:02:00+00:00,2026-02-25 12:20:00+00:00,long,65462.76,65791.44,TP,6.0816,208.802,1.5
2026-02-25 12:49:00+00:00,2026-02-25 13:37:00+00:00,long,66014.24,66298.83,TP,6.2641,215.066,1.5
2026-02-25 14:06:00+00:00,2026-02-25 14:39:00+00:00,long,66426.47,66244.72,SL,-3.226,211.84,1.5
2026-02-25 14:46:00+00:00,2026-02-25 14:57:00+00:00,long,66574.59,66888.25,TP,6.3552,218.1952,1.5
2026-02-25 15:27:00+00:00,2026-02-25 15:33:00+00:00,long,67012.92,67399.0,TP,6.5459,224.7411,1.5
2026-02-25 16:06:00+00:00,2026-02-25 16:20:00+00:00,long,67582.62,67886.93,TP,6.7422,231.4833,1.5
2026-02-25 16:48:00+00:00,2026-02-25 17:01:00+00:00,long,68078.87,68471.49,TP,6.9445,238.4278,1.5
2026-02-25 17:10:00+00:00,2026-02-25 17:18:00+00:00,long,68525.59,68283.52,SL,-3.5764,234.8514,1.5
2026-02-25 17:23:00+00:00,2026-02-25 17:32:00+00:00,long,68608.87,68448.11,SL,-3.5228,231.3286,1.5
2026-02-25 17:42:00+00:00,2026-02-25 18:02:00+00:00,long,68720.68,68461.2,SL,-3.4699,227.8587,1.5
2026-02-25 18:09:00+00:00,2026-02-25 18:23:00+00:00,long,68750.0,69045.1,TP,6.8358,234.6945,1.5
2026-02-25 19:20:00+00:00,2026-02-25 19:32:00+00:00,long,68977.39,68833.94,SL,-3.5204,231.174,1.5
2026-02-25 19:38:00+00:00,2026-02-25 20:12:00+00:00,long,68901.22,68727.46,SL,-3.4676,227.7064,1.5
2026-02-25 20:21:00+00:00,2026-02-25 20:32:00+00:00,long,68786.17,69145.64,TP,6.8312,234.5376,1.5
2026-02-25 21:33:00+00:00,2026-02-25 21:35:00+00:00,long,69112.85,69473.99,TP,7.0361,241.5737,1.5
2026-02-25 22:01:00+00:00,2026-02-25 22:17:00+00:00,long,69059.67,68866.44,SL,-3.6236,237.9501,1.5
2026-02-25 23:18:00+00:00,2026-02-25 23:32:00+00:00,short,68412.78,68105.45,TP,7.1385,245.0886,1.5
2026-02-26 00:29:00+00:00,2026-02-26 00:32:00+00:00,short,68280.8,68481.07,SL,-3.6763,241.4123,1.5
2026-02-26 00:36:00+00:00,2026-02-26 00:40:00+00:00,short,68387.31,68045.57,TP,7.2424,248.6547,1.5
2026-02-26 01:40:00+00:00,2026-02-26 01:45:00+00:00,long,68451.53,68284.66,SL,-3.7298,244.9249,1.5
2026-02-26 03:03:00+00:00,2026-02-26 03:06:00+00:00,long,68346.09,68168.45,SL,-3.6739,241.251,1.5
2026-02-26 04:05:00+00:00,2026-02-26 04:12:00+00:00,long,68287.4,68570.22,TP,7.2375,248.4885,1.5
2026-02-26 04:32:00+00:00,2026-02-26 04:51:00+00:00,long,68795.8,68640.71,SL,-3.7273,244.7612,1.5
2026-02-26 06:07:00+00:00,2026-02-26 06:18:00+00:00,long,68508.19,68308.16,SL,-3.6714,241.0898,1.5
2026-02-26 06:41:00+00:00,2026-02-26 07:51:00+00:00,short,68164.95,67837.6,TP,7.2327,248.3225,1.5
2026-02-26 08:28:00+00:00,2026-02-26 09:10:00+00:00,short,68006.8,68156.99,SL,-3.7248,244.5976,1.5
2026-02-26 09:33:00+00:00,2026-02-26 09:52:00+00:00,long,68294.49,68624.82,TP,7.3379,251.9356,1.5
2026-02-26 10:36:00+00:00,2026-02-26 10:53:00+00:00,long,68427.23,68288.26,SL,-3.779,248.1565,1.5
2026-02-26 11:01:00+00:00,2026-02-26 11:22:00+00:00,long,68344.4,68202.4,SL,-3.7223,244.4342,1.5
2026-02-26 11:43:00+00:00,2026-02-26 12:09:00+00:00,short,68072.93,68237.27,SL,-3.6665,240.7677,1.5
2026-02-26 12:26:00+00:00,2026-02-26 13:55:00+00:00,short,68208.65,67914.0,TP,7.223,247.9907,1.5
2026-02-26 14:31:00+00:00,2026-02-26 14:35:00+00:00,short,68012.13,68219.17,SL,-3.7199,244.2708,1.5
2026-02-26 14:37:00+00:00,2026-02-26 14:45:00+00:00,short,67995.23,67420.52,TP,7.3281,251.599,1.5
2026-02-26 15:09:00+00:00,2026-02-26 15:10:00+00:00,short,67350.4,67554.13,SL,-3.774,247.825,1.5
2026-02-26 15:12:00+00:00,2026-02-26 15:17:00+00:00,short,67253.84,66983.75,TP,7.4348,255.2597,1.5
2026-02-26 15:54:00+00:00,2026-02-26 16:28:00+00:00,short,67339.64,67475.45,SL,-3.8289,251.4308,1.5
2026-02-26 16:33:00+00:00,2026-02-26 16:45:00+00:00,short,67181.31,66874.01,TP,7.5429,258.9738,1.5
2026-02-26 17:21:00+00:00,2026-02-26 18:08:00+00:00,short,66876.45,66587.92,TP,7.7692,266.743,1.5
2026-02-26 18:27:00+00:00,2026-02-26 18:32:00+00:00,short,66853.64,67007.2,SL,-4.0011,262.7418,1.5
2026-02-26 19:00:00+00:00,2026-02-26 19:04:00+00:00,long,67409.24,67755.11,TP,7.8823,270.6241,1.5
2026-02-26 19:23:00+00:00,2026-02-26 19:28:00+00:00,long,67745.25,67596.84,SL,-4.0594,266.5647,1.5
2026-02-26 19:53:00+00:00,2026-02-26 20:37:00+00:00,long,67540.18,67379.99,SL,-3.9985,262.5662,1.5
2026-02-26 20:44:00+00:00,2026-02-26 20:51:00+00:00,long,67470.59,67299.54,SL,-3.9385,258.6278,1.5
2026-02-26 21:07:00+00:00,2026-02-26 21:27:00+00:00,short,67259.49,67432.41,SL,-3.8794,254.7483,1.5
2026-02-26 21:37:00+00:00,2026-02-26 21:48:00+00:00,short,67374.24,67545.84,SL,-3.8212,250.9271,1.5
2026-02-26 22:11:00+00:00,2026-02-26 22:23:00+00:00,long,67505.99,67315.99,SL,-3.7639,247.1632,1.5
2026-02-26 23:12:00+00:00,2026-02-27 00:11:00+00:00,long,67499.98,67336.25,SL,-3.7074,243.4558,1.5
2026-02-27 00:38:00+00:00,2026-02-27 00:50:00+00:00,short,67077.3,67243.74,SL,-3.6518,239.8039,1.5
2026-02-27 01:03:00+00:00,2026-02-27 01:36:00+00:00,short,67104.15,67250.98,SL,-3.5971,236.2069,1.5
2026-02-27 01:44:00+00:00,2026-02-27 01:48:00+00:00,short,67152.24,67299.35,SL,-3.5431,232.6638,1.5
2026-02-27 01:55:00+00:00,2026-02-27 02:01:00+00:00,short,67250.97,67457.94,SL,-3.49,229.1738,1.5
2026-02-27 02:20:00+00:00,2026-02-27 02:55:00+00:00,long,67447.5,67303.2,SL,-3.4376,225.7362,1.5
2026-02-27 03:26:00+00:00,2026-02-27 03:34:00+00:00,short,67113.31,67258.37,SL,-3.386,222.3502,1.5
2026-02-27 04:10:00+00:00,2026-02-27 04:16:00+00:00,long,67860.09,68201.96,TP,6.6705,229.0207,1.5
2026-02-27 04:50:00+00:00,2026-02-27 06:19:00+00:00,long,67799.4,67641.61,SL,-3.4353,225.5853,1.5
2026-02-27 06:30:00+00:00,2026-02-27 07:28:00+00:00,long,67683.4,67536.55,SL,-3.3838,222.2016,1.5
2026-02-27 07:40:00+00:00,2026-02-27 07:47:00+00:00,short,67484.95,67630.83,SL,-3.333,218.8685,1.5
2026-02-27 08:44:00+00:00,2026-02-27 09:38:00+00:00,long,67924.38,67788.01,SL,-3.283,215.5855,1.5
2026-02-27 10:11:00+00:00,2026-02-27 10:42:00+00:00,short,66983.06,66710.7,TP,6.4676,222.0531,1.5
2026-02-27 10:52:00+00:00,2026-02-27 11:08:00+00:00,short,66637.33,66778.65,SL,-3.3308,218.7223,1.5
2026-02-27 11:17:00+00:00,2026-02-27 11:36:00+00:00,short,66570.09,66233.16,TP,6.5617,225.284,1.5
2026-02-27 12:13:00+00:00,2026-02-27 13:04:00+00:00,short,65988.23,66159.83,SL,-3.3793,221.9047,1.5
2026-02-27 13:22:00+00:00,2026-02-27 13:36:00+00:00,short,66000.01,65666.01,TP,6.6571,228.5618,1.5
2026-02-27 14:02:00+00:00,2026-02-27 14:42:00+00:00,short,66221.71,65854.48,TP,6.8569,235.4187,1.5
2026-02-27 15:17:00+00:00,2026-02-27 15:46:00+00:00,short,66035.8,66193.34,SL,-3.5313,231.8874,1.5
2026-02-27 15:57:00+00:00,2026-02-27 16:05:00+00:00,short,66130.4,65807.82,TP,6.9566,238.844,1.5
2026-02-27 16:36:00+00:00,2026-02-27 16:47:00+00:00,short,65951.09,65608.41,TP,7.1653,246.0093,1.5
2026-02-27 17:14:00+00:00,2026-02-27 17:31:00+00:00,short,65460.09,65179.88,TP,7.3803,253.3896,1.5
2026-02-27 18:08:00+00:00,2026-02-27 18:50:00+00:00,short,65638.7,65360.36,TP,7.6017,260.9913,1.5
2026-02-27 19:09:00+00:00,2026-02-27 19:27:00+00:00,short,65239.4,65414.78,SL,-3.9149,257.0764,1.5
2026-02-27 19:42:00+00:00,2026-02-27 20:02:00+00:00,short,65356.17,65528.87,SL,-3.8561,253.2203,1.5
2026-02-27 20:40:00+00:00,2026-02-27 21:54:00+00:00,long,65646.0,65449.97,SL,-3.7983,249.422,1.5
2026-02-27 22:08:00+00:00,2026-02-27 22:15:00+00:00,short,65463.96,65609.99,SL,-3.7413,245.6807,1.5
2026-02-27 22:22:00+00:00,2026-02-27 22:34:00+00:00,short,65460.31,64986.0,TP,7.3704,253.0511,1.5
2026-02-27 22:58:00+00:00,2026-02-27 23:20:00+00:00,long,65608.0,65894.29,TP,7.5915,260.6426,1.5
2026-02-28 00:06:00+00:00,2026-02-28 00:27:00+00:00,long,65902.14,65767.14,SL,-3.9096,256.733,1.5
2026-02-28 00:35:00+00:00,2026-02-28 04:16:00+00:00,long,65844.83,65698.34,SL,-3.851,252.882,1.5
2026-02-28 04:29:00+00:00,2026-02-28 06:15:00+00:00,short,65673.05,65393.88,TP,7.5865,260.4684,1.5
2026-02-28 06:55:00+00:00,2026-02-28 07:01:00+00:00,short,63263.5,63424.59,SL,-3.907,256.5614,1.5
2026-02-28 07:22:00+00:00,2026-02-28 07:32:00+00:00,short,63466.28,63627.64,SL,-3.8484,252.713,1.5
2026-02-28 07:47:00+00:00,2026-02-28 08:00:00+00:00,short,64039.54,63746.03,TP,7.5814,260.2944,1.5
2026-02-28 08:20:00+00:00,2026-02-28 08:25:00+00:00,short,63458.01,63633.12,SL,-3.9044,256.39,1.5
2026-02-28 08:50:00+00:00,2026-02-28 09:14:00+00:00,short,63574.45,63708.79,SL,-3.8458,252.5441,1.5
2026-02-28 09:33:00+00:00,2026-02-28 10:04:00+00:00,short,63742.03,63473.66,TP,7.5763,260.1204,1.5
2026-02-28 10:59:00+00:00,2026-02-28 11:28:00+00:00,long,64010.39,64293.48,TP,7.8036,267.9241,1.5
2026-02-28 12:30:00+00:00,2026-02-28 12:51:00+00:00,long,64038.19,63895.08,SL,-4.0189,263.9052,1.5
2026-02-28 12:57:00+00:00,2026-02-28 13:48:00+00:00,long,64014.74,64460.5,TP,7.9172,271.8224,1.5
2026-02-28 14:35:00+00:00,2026-02-28 14:48:00+00:00,long,64945.73,64758.84,SL,-4.0773,267.745,1.5
2026-02-28 15:04:00+00:00,2026-02-28 15:08:00+00:00,long,64547.81,64406.85,SL,-4.0162,263.7288,1.5
2026-02-28 15:11:00+00:00,2026-02-28 15:20:00+00:00,short,64302.69,64440.3,SL,-3.9559,259.7729,1.5
2026-02-28 16:10:00+00:00,2026-02-28 16:44:00+00:00,long,64888.0,65162.62,TP,7.7932,267.5661,1.5
2026-02-28 16:56:00+00:00,2026-02-28 17:03:00+00:00,long,65163.61,65017.09,SL,-4.0135,263.5526,1.5
2026-02-28 17:23:00+00:00,2026-02-28 17:58:00+00:00,long,64997.8,65458.15,TP,7.9066,271.4592,1.5
2026-02-28 18:31:00+00:00,2026-02-28 18:37:00+00:00,long,65365.85,65780.0,TP,8.1438,279.603,1.5
2026-02-28 18:53:00+00:00,2026-02-28 19:05:00+00:00,long,65880.51,65731.82,SL,-4.194,275.4089,1.5
2026-02-28 19:29:00+00:00,2026-02-28 19:31:00+00:00,long,65736.01,66107.14,TP,8.2623,283.6712,1.5
2026-02-28 19:50:00+00:00,2026-02-28 19:53:00+00:00,long,66638.27,66499.9,SL,-4.2551,279.4161,1.5
2026-02-28 20:11:00+00:00,2026-02-28 20:20:00+00:00,long,66438.9,66883.04,TP,8.3825,287.7986,1.5
2026-02-28 20:46:00+00:00,2026-02-28 21:01:00+00:00,long,66940.01,66755.54,SL,-4.317,283.4816,1.5
2026-02-28 21:22:00+00:00,2026-02-28 21:38:00+00:00,long,66525.13,66859.1,TP,8.5044,291.9861,1.5
2026-02-28 22:00:00+00:00,2026-02-28 22:01:00+00:00,long,66799.08,66617.85,SL,-4.3798,287.6063,1.5
2026-02-28 22:03:00+00:00,2026-02-28 22:32:00+00:00,long,66855.65,67128.78,TP,8.6282,296.2345,1.5
2026-02-28 22:33:00+00:00,2026-02-28 22:35:00+00:00,long,67183.01,67477.93,TP,8.887,305.1215,1.5
2026-02-28 23:10:00+00:00,2026-02-28 23:13:00+00:00,long,67187.45,67012.13,SL,-4.5768,300.5447,1.5
2026-02-28 23:22:00+00:00,2026-02-28 23:38:00+00:00,long,67013.99,66810.88,SL,-4.5082,296.0365,1.5
2026-02-28 23:43:00+00:00,2026-03-01 00:27:00+00:00,long,66914.97,66779.64,SL,-4.4405,291.596,1.5
2026-03-01 00:39:00+00:00,2026-03-01 01:09:00+00:00,short,66738.92,66460.51,TP,8.7479,300.3438,1.5
2026-03-01 02:00:00+00:00,2026-03-01 02:02:00+00:00,long,67672.4,67958.62,TP,9.0103,309.3542,1.5
2026-03-01 02:35:00+00:00,2026-03-01 02:49:00+00:00,long,67913.81,67755.41,SL,-4.6403,304.7138,1.5
2026-03-01 03:09:00+00:00,2026-03-01 03:21:00+00:00,long,67767.88,67582.38,SL,-4.5707,300.1431,1.5
2026-03-01 03:34:00+00:00,2026-03-01 04:11:00+00:00,long,67498.59,67361.22,SL,-4.5021,295.641,1.5
2026-03-01 04:50:00+00:00,2026-03-01 05:20:00+00:00,short,67327.51,67520.21,SL,-4.4346,291.2064,1.5
2026-03-01 05:30:00+00:00,2026-03-01 05:46:00+00:00,long,67506.01,67368.75,SL,-4.3681,286.8383,1.5
2026-03-01 06:33:00+00:00,2026-03-01 07:11:00+00:00,short,66903.32,67039.99,SL,-4.3026,282.5357,1.5
2026-03-01 07:26:00+00:00,2026-03-01 07:35:00+00:00,short,66983.69,67169.58,SL,-4.238,278.2977,1.5
2026-03-01 07:44:00+00:00,2026-03-01 08:11:00+00:00,short,67102.17,67252.47,SL,-4.1745,274.1232,1.5
2026-03-01 08:23:00+00:00,2026-03-01 08:45:00+00:00,long,67264.54,67125.01,SL,-4.1118,270.0114,1.5
2026-03-01 09:27:00+00:00,2026-03-01 10:06:00+00:00,short,66544.27,66250.6,TP,8.1003,278.1117,1.5
2026-03-01 10:33:00+00:00,2026-03-01 10:35:00+00:00,short,66544.62,66717.83,SL,-4.1717,273.94,1.5
2026-03-01 10:39:00+00:00,2026-03-01 11:21:00+00:00,short,66486.03,66621.51,SL,-4.1091,269.8309,1.5
2026-03-01 11:24:00+00:00,2026-03-01 12:37:00+00:00,short,66548.84,66249.78,TP,8.0949,277.9258,1.5
2026-03-01 12:50:00+00:00,2026-03-01 13:51:00+00:00,short,66321.58,66870.35,SL,-4.1689,273.757,1.5
2026-03-01 14:06:00+00:00,2026-03-01 14:08:00+00:00,long,67294.23,67084.19,SL,-4.1064,269.6506,1.5
2026-03-01 14:34:00+00:00,2026-03-01 14:42:00+00:00,long,66999.71,66760.64,SL,-4.0448,265.6058,1.5
2026-03-01 14:48:00+00:00,2026-03-01 15:16:00+00:00,long,66914.26,67202.79,TP,7.9682,273.574,1.5
2026-03-01 15:35:00+00:00,2026-03-01 15:56:00+00:00,long,67186.09,66952.18,SL,-4.1036,269.4704,1.5
2026-03-01 16:09:00+00:00,2026-03-01 16:21:00+00:00,long,66966.47,66827.81,SL,-4.0421,265.4284,1.5
2026-03-01 16:22:00+00:00,2026-03-01 16:25:00+00:00,short,66852.62,67000.41,SL,-3.9814,261.4469,1.5
2026-03-01 17:17:00+00:00,2026-03-01 17:23:00+00:00,short,65787.22,65921.59,SL,-3.9217,257.5252,1.5
2026-03-01 17:46:00+00:00,2026-03-01 18:03:00+00:00,short,66007.17,66359.22,SL,-3.8629,253.6623,1.5
2026-03-01 18:19:00+00:00,2026-03-01 19:14:00+00:00,short,66387.37,66079.47,TP,7.6099,261.2722,1.5
2026-03-01 19:43:00+00:00,2026-03-01 20:09:00+00:00,short,65893.12,65587.59,TP,7.8382,269.1104,1.5
2026-03-01 20:30:00+00:00,2026-03-01 21:11:00+00:00,short,65280.79,65463.03,SL,-4.0367,265.0737,1.5
2026-03-01 21:26:00+00:00,2026-03-01 21:33:00+00:00,short,65498.91,65632.55,SL,-3.9761,261.0976,1.5
2026-03-01 21:41:00+00:00,2026-03-01 22:13:00+00:00,short,65626.88,66270.59,SL,-3.9165,257.1812,1.5
2026-03-01 23:38:00+00:00,2026-03-02 00:10:00+00:00,long,65814.5,66122.01,TP,7.7154,264.8966,1.5
2026-03-02 00:25:00+00:00,2026-03-02 00:27:00+00:00,long,66045.65,65905.73,SL,-3.9734,260.9231,1.5
2026-03-02 00:32:00+00:00,2026-03-02 00:44:00+00:00,long,66075.38,66640.32,TP,7.8277,268.7508,1.5
2026-03-02 01:09:00+00:00,2026-03-02 01:24:00+00:00,long,66747.17,66592.91,SL,-4.0313,264.7196,1.5
2026-03-02 01:40:00+00:00,2026-03-02 01:48:00+00:00,long,66686.14,66473.59,SL,-3.9708,260.7488,1.5
2026-03-02 01:53:00+00:00,2026-03-02 02:06:00+00:00,long,66643.28,66150.0,SL,-3.9112,256.8375,1.5
2026-03-02 02:48:00+00:00,2026-03-02 02:49:00+00:00,long,66375.61,66236.27,SL,-3.8526,252.985,1.5
2026-03-02 02:57:00+00:00,2026-03-02 03:01:00+00:00,long,66339.73,66189.18,SL,-3.7948,249.1902,1.5
2026-03-02 03:08:00+00:00,2026-03-02 03:19:00+00:00,long,66330.28,66632.44,TP,7.4757,256.6659,1.5
2026-03-02 03:37:00+00:00,2026-03-02 03:56:00+00:00,long,67001.93,66835.83,SL,-3.85,252.8159,1.5
2026-03-02 04:17:00+00:00,2026-03-02 05:05:00+00:00,long,66773.5,66626.93,SL,-3.7922,249.0237,1.5
2026-03-02 05:12:00+00:00,2026-03-02 06:03:00+00:00,long,66716.27,66551.72,SL,-3.7354,245.2883,1.5
2026-03-02 06:17:00+00:00,2026-03-02 06:23:00+00:00,short,66392.55,66121.1,TP,7.3586,252.647,1.5
2026-03-02 06:49:00+00:00,2026-03-02 07:08:00+00:00,short,66161.96,65808.51,TP,7.5794,260.2264,1.5
2026-03-02 07:54:00+00:00,2026-03-02 08:50:00+00:00,short,65926.64,66306.0,SL,-3.9034,256.323,1.5
2026-03-02 09:10:00+00:00,2026-03-02 09:22:00+00:00,long,66430.59,66718.83,TP,7.6897,264.0127,1.5
2026-03-02 10:02:00+00:00,2026-03-02 10:11:00+00:00,long,66336.0,66200.0,SL,-3.9602,260.0525,1.5
2026-03-02 10:12:00+00:00,2026-03-02 10:29:00+00:00,short,66109.01,66259.7,SL,-3.9008,256.1517,1.5
2026-03-02 10:45:00+00:00,2026-03-02 11:45:00+00:00,short,66228.42,66380.99,SL,-3.8423,252.3094,1.5
2026-03-02 12:35:00+00:00,2026-03-02 13:30:00+00:00,short,66029.45,65763.57,TP,7.5693,259.8787,1.5
2026-03-02 14:22:00+00:00,2026-03-02 14:28:00+00:00,short,65486.22,65644.03,SL,-3.8982,255.9805,1.5
2026-03-02 15:08:00+00:00,2026-03-02 15:12:00+00:00,long,67805.62,68265.06,TP,7.6794,263.66,1.5
2026-03-02 15:37:00+00:00,2026-03-02 15:39:00+00:00,long,69149.15,69451.48,TP,7.9098,271.5698,1.5
2026-03-02 16:06:00+00:00,2026-03-02 16:09:00+00:00,long,69432.04,69738.01,TP,8.1471,279.7168,1.5
2026-03-02 16:42:00+00:00,2026-03-02 16:44:00+00:00,long,69496.99,69861.03,TP,8.3915,288.1083,1.5
2026-03-02 17:15:00+00:00,2026-03-02 17:16:00+00:00,long,69506.2,69351.76,SL,-4.3216,283.7867,1.5
2026-03-02 17:21:00+00:00,2026-03-02 17:37:00+00:00,long,69439.99,69188.0,SL,-4.2568,279.5299,1.5
2026-03-02 17:51:00+00:00,2026-03-02 18:02:00+00:00,long,69069.23,68895.95,SL,-4.1929,275.337,1.5
2026-03-02 18:06:00+00:00,2026-03-02 18:58:00+00:00,long,69043.63,68881.35,SL,-4.1301,271.2069,1.5
2026-03-02 19:31:00+00:00,2026-03-02 19:33:00+00:00,short,68768.82,68922.63,SL,-4.0681,267.1388,1.5
2026-03-02 19:41:00+00:00,2026-03-02 20:01:00+00:00,short,68832.69,68994.0,SL,-4.0071,263.1317,1.5
2026-03-02 20:18:00+00:00,2026-03-02 20:44:00+00:00,long,68945.29,69229.75,TP,7.894,271.0257,1.5
2026-03-02 21:14:00+00:00,2026-03-02 23:23:00+00:00,long,69281.63,69022.0,SL,-4.0654,266.9603,1.5
2026-03-03 00:13:00+00:00,2026-03-03 00:33:00+00:00,short,68783.8,68962.35,SL,-4.0044,262.9559,1.5
2026-03-03 00:47:00+00:00,2026-03-03 01:11:00+00:00,short,69003.99,69161.68,SL,-3.9443,259.0116,1.5
2026-03-03 01:15:00+00:00,2026-03-03 02:00:00+00:00,short,69001.03,68683.26,TP,7.7703,266.7819,1.5
2026-03-03 02:20:00+00:00,2026-03-03 02:46:00+00:00,short,68404.04,68599.99,SL,-4.0017,262.7802,1.5
2026-03-03 02:57:00+00:00,2026-03-03 04:40:00+00:00,short,68502.91,68207.65,TP,7.8834,270.6636,1.5
2026-03-03 05:23:00+00:00,2026-03-03 05:47:00+00:00,short,68325.67,67989.02,TP,8.1199,278.7835,1.5
2026-03-03 06:31:00+00:00,2026-03-03 06:54:00+00:00,short,67878.75,68016.1,SL,-4.1818,274.6017,1.5
2026-03-03 07:03:00+00:00,2026-03-03 07:04:00+00:00,short,67954.92,68127.26,SL,-4.119,270.4827,1.5
2026-03-03 07:06:00+00:00,2026-03-03 07:15:00+00:00,short,68042.94,68234.3,SL,-4.0572,266.4255,1.5
2026-03-03 07:29:00+00:00,2026-03-03 07:35:00+00:00,long,68245.3,68085.69,SL,-3.9964,262.4291,1.5
2026-03-03 07:44:00+00:00,2026-03-03 08:14:00+00:00,long,68218.18,68010.75,SL,-3.9364,258.4927,1.5
2026-03-03 09:25:00+00:00,2026-03-03 09:27:00+00:00,short,66944.86,66670.01,TP,7.7548,266.2474,1.5
2026-03-03 10:10:00+00:00,2026-03-03 10:21:00+00:00,short,66480.07,66618.01,SL,-3.9937,262.2537,1.5
2026-03-03 10:28:00+00:00,2026-03-03 10:42:00+00:00,short,66506.71,66673.36,SL,-3.9338,258.3199,1.5
2026-03-03 10:55:00+00:00,2026-03-03 11:02:00+00:00,short,66744.45,66949.94,SL,-3.8748,254.4451,1.5
2026-03-03 11:08:00+00:00,2026-03-03 11:09:00+00:00,short,66834.17,66980.28,SL,-3.8167,250.6284,1.5
2026-03-03 11:13:00+00:00,2026-03-03 11:45:00+00:00,short,66955.07,67090.38,SL,-3.7594,246.869,1.5
2026-03-03 12:01:00+00:00,2026-03-03 12:06:00+00:00,long,67114.33,67384.26,TP,7.4061,254.2751,1.5
2026-03-03 12:54:00+00:00,2026-03-03 13:02:00+00:00,long,67396.49,67191.57,SL,-3.8141,250.461,1.5
2026-03-03 13:31:00+00:00,2026-03-03 14:04:00+00:00,short,66950.85,67210.45,SL,-3.7569,246.704,1.5
2026-03-03 14:16:00+00:00,2026-03-03 14:22:00+00:00,short,67071.86,67294.28,SL,-3.7006,243.0035,1.5
2026-03-03 14:31:00+00:00,2026-03-03 14:33:00+00:00,long,67242.92,66905.22,SL,-3.6451,239.3584,1.5
2026-03-03 15:19:00+00:00,2026-03-03 15:23:00+00:00,short,66562.03,66724.75,SL,-3.5904,235.7681,1.5
2026-03-03 16:05:00+00:00,2026-03-03 16:09:00+00:00,long,68173.77,68567.41,TP,7.073,242.8411,1.5
2026-03-03 16:24:00+00:00,2026-03-03 16:30:00+00:00,long,68888.64,68735.58,SL,-3.6426,239.1985,1.5
2026-03-03 16:48:00+00:00,2026-03-03 16:56:00+00:00,long,68155.99,68445.09,TP,7.176,246.3744,1.5
2026-03-03 17:17:00+00:00,2026-03-03 17:29:00+00:00,long,67955.99,68234.65,TP,7.3912,253.7657,1.5
2026-03-03 17:42:00+00:00,2026-03-03 17:52:00+00:00,long,68060.26,68379.88,TP,7.613,261.3786,1.5
2026-03-03 18:17:00+00:00,2026-03-03 18:32:00+00:00,long,68376.59,68725.64,TP,7.8414,269.22,1.5
2026-03-03 19:14:00+00:00,2026-03-03 19:35:00+00:00,long,68620.96,68382.02,SL,-4.0383,265.1817,1.5
2026-03-03 19:40:00+00:00,2026-03-03 19:53:00+00:00,long,68673.21,68489.0,SL,-3.9777,261.204,1.5
2026-03-03 21:27:00+00:00,2026-03-03 21:36:00+00:00,short,67871.52,68016.69,SL,-3.9181,257.2859,1.5
2026-03-03 22:37:00+00:00,2026-03-03 22:58:00+00:00,long,68380.59,68218.61,SL,-3.8593,253.4266,1.5
2026-03-03 23:04:00+00:00,2026-03-03 23:11:00+00:00,long,68346.63,68636.47,TP,7.6028,261.0294,1.5
2026-03-04 00:08:00+00:00,2026-03-04 00:19:00+00:00,short,68183.0,68334.9,SL,-3.9154,257.114,1.5
2026-03-04 00:31:00+00:00,2026-03-04 00:38:00+00:00,short,68231.36,67933.63,TP,7.7134,264.8274,1.5
2026-03-04 01:08:00+00:00,2026-03-04 01:09:00+00:00,short,68074.72,68246.45,SL,-3.9724,260.855,1.5
2026-03-04 01:14:00+00:00,2026-03-04 01:30:00+00:00,short,68124.0,68269.16,SL,-3.9128,256.9422,1.5
2026-03-04 02:12:00+00:00,2026-03-04 02:15:00+00:00,long,68353.01,68155.88,SL,-3.8541,253.088,1.5
2026-03-04 02:25:00+00:00,2026-03-04 02:48:00+00:00,short,68112.11,68272.75,SL,-3.7963,249.2917,1.5
2026-03-04 03:13:00+00:00,2026-03-04 03:25:00+00:00,long,68288.81,68086.66,SL,-3.7394,245.5523,1.5
2026-03-04 04:17:00+00:00,2026-03-04 04:56:00+00:00,short,67646.68,67825.49,SL,-3.6833,241.869,1.5
2026-03-04 05:03:00+00:00,2026-03-04 05:14:00+00:00,short,67752.52,67914.25,SL,-3.628,238.241,1.5
2026-03-04 05:15:00+00:00,2026-03-04 05:41:00+00:00,short,67844.9,68132.73,SL,-3.5736,234.6674,1.5
2026-03-04 06:30:00+00:00,2026-03-04 06:34:00+00:00,long,68165.8,68492.49,TP,7.04,241.7074,1.5
2026-03-04 07:21:00+00:00,2026-03-04 07:29:00+00:00,long,68486.76,68766.45,TP,7.2512,248.9586,1.5
2026-03-04 08:31:00+00:00,2026-03-04 08:40:00+00:00,long,69407.13,69700.61,TP,7.4688,256.4274,1.5
2026-03-04 09:35:00+00:00,2026-03-04 09:55:00+00:00,long,71604.64,71353.34,SL,-3.8464,252.581,1.5
2026-03-04 10:07:00+00:00,2026-03-04 10:19:00+00:00,long,71670.9,71490.98,SL,-3.7887,248.7923,1.5
2026-03-04 10:30:00+00:00,2026-03-04 10:33:00+00:00,long,71531.13,71368.0,SL,-3.7319,245.0604,1.5
2026-03-04 10:50:00+00:00,2026-03-04 10:54:00+00:00,long,71427.07,71277.79,SL,-3.6759,241.3845,1.5
2026-03-04 10:59:00+00:00,2026-03-04 11:34:00+00:00,long,71348.92,71163.14,SL,-3.6208,237.7637,1.5
2026-03-04 11:43:00+00:00,2026-03-04 12:07:00+00:00,long,71100.0,70870.88,SL,-3.5665,234.1973,1.5
2026-03-04 12:29:00+00:00,2026-03-04 12:34:00+00:00,short,70628.57,70801.34,SL,-3.513,230.6843,1.5
2026-03-04 13:38:00+00:00,2026-03-04 14:14:00+00:00,long,71421.76,71807.12,TP,6.9205,237.6048,1.5
2026-03-04 14:30:00+00:00,2026-03-04 14:36:00+00:00,long,72148.06,71807.51,SL,-3.5641,234.0408,1.5
2026-03-04 14:53:00+00:00,2026-03-04 14:55:00+00:00,long,71729.78,71569.16,SL,-3.5106,230.5301,1.5
2026-03-04 15:00:00+00:00,2026-03-04 15:03:00+00:00,long,71942.72,71748.64,SL,-3.458,227.0722,1.5
2026-03-04 15:51:00+00:00,2026-03-04 15:58:00+00:00,long,73066.48,73467.08,TP,6.8122,233.8844,1.5
2026-03-04 16:27:00+00:00,2026-03-04 16:58:00+00:00,long,73008.35,73385.37,TP,7.0165,240.9009,1.5
2026-03-04 17:02:00+00:00,2026-03-04 17:05:00+00:00,long,73459.68,73285.33,SL,-3.6135,237.2874,1.5
2026-03-04 17:10:00+00:00,2026-03-04 17:19:00+00:00,long,73500.76,73285.05,SL,-3.5593,233.7281,1.5
2026-03-04 17:32:00+00:00,2026-03-04 18:10:00+00:00,long,73167.35,72993.4,SL,-3.5059,230.2221,1.5
2026-03-04 18:19:00+00:00,2026-03-04 18:35:00+00:00,long,73341.06,73151.44,SL,-3.4533,226.7688,1.5
2026-03-04 18:41:00+00:00,2026-03-04 19:06:00+00:00,long,73417.75,73726.77,TP,6.8031,233.5719,1.5
2026-03-04 19:07:00+00:00,2026-03-04 19:20:00+00:00,long,73724.35,74032.91,TP,7.0072,240.579,1.5
2026-03-04 19:37:00+00:00,2026-03-04 20:05:00+00:00,long,73719.57,73550.35,SL,-3.6087,236.9704,1.5
2026-03-04 20:16:00+00:00,2026-03-04 20:19:00+00:00,long,73584.09,73390.68,SL,-3.5546,233.4158,1.5
2026-03-04 20:21:00+00:00,2026-03-04 20:26:00+00:00,short,73294.11,73468.98,SL,-3.5012,229.9146,1.5
2026-03-04 20:33:00+00:00,2026-03-04 20:34:00+00:00,short,73323.62,73492.74,SL,-3.4487,226.4658,1.5
2026-03-04 20:50:00+00:00,2026-03-04 20:59:00+00:00,short,73337.67,73019.68,TP,6.794,233.2598,1.5
2026-03-04 21:49:00+00:00,2026-03-04 22:01:00+00:00,short,73216.11,73439.91,SL,-3.4989,229.7609,1.5
2026-03-04 22:25:00+00:00,2026-03-04 22:35:00+00:00,long,73306.38,73115.05,SL,-3.4464,226.3145,1.5
2026-03-04 23:21:00+00:00,2026-03-04 23:43:00+00:00,short,72566.73,72748.77,SL,-3.3947,222.9198,1.5
2026-03-04 23:52:00+00:00,2026-03-05 00:01:00+00:00,short,72633.06,72810.0,SL,-3.3438,219.576,1.5
2026-03-05 00:06:00+00:00,2026-03-05 00:16:00+00:00,short,72717.65,72881.95,SL,-3.2936,216.2824,1.5
2026-03-05 00:27:00+00:00,2026-03-05 00:41:00+00:00,short,72761.89,72984.57,SL,-3.2442,213.0381,1.5
2026-03-05 00:50:00+00:00,2026-03-05 01:09:00+00:00,short,72891.98,73070.04,SL,-3.1956,209.8425,1.5
2026-03-05 02:24:00+00:00,2026-03-05 02:33:00+00:00,short,72763.79,72441.62,TP,6.2953,216.1378,1.5
2026-03-05 03:13:00+00:00,2026-03-05 04:22:00+00:00,short,72553.66,72781.26,SL,-3.2421,212.8958,1.5
2026-03-05 04:41:00+00:00,2026-03-05 05:20:00+00:00,long,72798.17,72646.97,SL,-3.1934,209.7023,1.5
2026-03-05 05:39:00+00:00,2026-03-05 06:10:00+00:00,short,72393.25,72050.0,TP,6.2911,215.9934,1.5
2026-03-05 06:33:00+00:00,2026-03-05 06:39:00+00:00,short,72356.27,72526.99,SL,-3.2399,212.7535,1.5
2026-03-05 06:45:00+00:00,2026-03-05 06:50:00+00:00,short,72424.3,72594.8,SL,-3.1913,209.5622,1.5
2026-03-05 07:12:00+00:00,2026-03-05 07:33:00+00:00,long,72612.89,72387.47,SL,-3.1434,206.4188,1.5
2026-03-05 08:26:00+00:00,2026-03-05 08:31:00+00:00,short,71805.4,71998.77,SL,-3.0963,203.3225,1.5
2026-03-05 08:43:00+00:00,2026-03-05 08:44:00+00:00,short,72021.82,72178.73,SL,-3.0498,200.2726,1.5
2026-03-05 09:35:00+00:00,2026-03-05 09:38:00+00:00,long,72739.73,72565.13,SL,-3.0041,197.2685,1.5
2026-03-05 09:56:00+00:00,2026-03-05 10:23:00+00:00,long,72562.38,72985.96,TP,3.9454,201.2139,1.0
2026-03-05 10:55:00+00:00,2026-03-05 11:00:00+00:00,long,73524.27,73365.81,SL,-3.0182,198.1957,1.5
2026-03-05 11:28:00+00:00,2026-03-05 11:37:00+00:00,long,73094.39,72932.16,SL,-1.982,196.2137,1.0
2026-03-05 11:46:00+00:00,2026-03-05 12:02:00+00:00,long,72880.45,72699.71,SL,-1.9621,194.2516,1.0
2026-03-05 12:17:00+00:00,2026-03-05 12:20:00+00:00,short,72753.54,72912.25,SL,-1.9425,192.3091,1.0
2026-03-05 12:21:00+00:00,2026-03-05 12:37:00+00:00,long,72884.06,72717.33,SL,-1.9231,190.386,1.0
2026-03-05 13:18:00+00:00,2026-03-05 13:31:00+00:00,short,72583.76,72233.1,TP,3.8077,194.1937,1.0
2026-03-05 13:58:00+00:00,2026-03-05 14:05:00+00:00,short,72422.33,72581.8,SL,-1.9419,192.2518,1.0
2026-03-05 14:08:00+00:00,2026-03-05 14:10:00+00:00,short,72372.91,72535.15,SL,-1.9225,190.3293,1.0
2026-03-05 14:17:00+00:00,2026-03-05 14:25:00+00:00,short,72441.15,72591.55,SL,-1.9033,188.426,1.0
2026-03-05 14:31:00+00:00,2026-03-05 14:33:00+00:00,short,72379.16,72762.0,SL,-1.8843,186.5417,1.0
2026-03-05 14:39:00+00:00,2026-03-05 14:51:00+00:00,short,72212.75,72492.41,SL,-1.8654,184.6763,1.0
2026-03-05 15:04:00+00:00,2026-03-05 15:08:00+00:00,short,72271.04,71855.4,TP,3.6935,188.3698,1.0
2026-03-05 16:02:00+00:00,2026-03-05 16:06:00+00:00,short,71413.55,71093.56,TP,3.7674,192.1372,1.0
2026-03-05 16:19:00+00:00,2026-03-05 16:22:00+00:00,short,70883.9,71087.01,SL,-1.9214,190.2158,1.0
2026-03-05 16:48:00+00:00,2026-03-05 17:03:00+00:00,short,71345.18,71555.46,SL,-1.9022,188.3137,1.0
2026-03-05 17:07:00+00:00,2026-03-05 17:21:00+00:00,short,71240.21,70900.8,TP,3.7663,192.08,1.0
2026-03-05 17:30:00+00:00,2026-03-05 17:50:00+00:00,short,70952.06,70655.02,TP,3.8416,195.9216,1.0
2026-03-05 17:59:00+00:00,2026-03-05 18:03:00+00:00,short,70704.41,70854.37,SL,-1.9592,193.9623,1.0
2026-03-05 18:19:00+00:00,2026-03-05 18:42:00+00:00,short,70895.63,71045.25,SL,-1.9396,192.0227,1.0
2026-03-05 18:45:00+00:00,2026-03-05 19:00:00+00:00,short,70927.84,71072.88,SL,-1.9202,190.1025,1.0
2026-03-05 19:53:00+00:00,2026-03-05 20:17:00+00:00,short,70981.63,71165.05,SL,-1.901,188.2015,1.0
2026-03-05 20:35:00+00:00,2026-03-05 20:43:00+00:00,long,71318.66,71148.14,SL,-1.882,186.3195,1.0
2026-03-05 20:55:00+00:00,2026-03-05 21:20:00+00:00,long,71196.35,71494.59,TP,3.7264,190.0458,1.0
2026-03-05 21:28:00+00:00,2026-03-05 21:35:00+00:00,long,71515.96,71292.05,SL,-1.9005,188.1454,1.0
2026-03-05 21:48:00+00:00,2026-03-05 21:52:00+00:00,long,71263.97,71075.45,SL,-1.8815,186.2639,1.0
2026-03-05 22:26:00+00:00,2026-03-05 22:41:00+00:00,short,71100.69,71276.19,SL,-1.8626,184.4013,1.0
2026-03-05 22:51:00+00:00,2026-03-05 23:30:00+00:00,long,71290.02,71093.72,SL,-1.844,182.5573,1.0
2026-03-05 23:57:00+00:00,2026-03-06 00:06:00+00:00,short,70780.06,70930.85,SL,-1.8256,180.7317,1.0
2026-03-06 00:26:00+00:00,2026-03-06 01:26:00+00:00,short,70894.47,70559.16,TP,3.6146,184.3463,1.0
2026-03-06 02:14:00+00:00,2026-03-06 02:18:00+00:00,long,71330.3,71172.41,SL,-1.8435,182.5029,1.0
2026-03-06 02:28:00+00:00,2026-03-06 03:12:00+00:00,long,71285.18,71083.16,SL,-1.825,180.6779,1.0
2026-03-06 03:22:00+00:00,2026-03-06 04:00:00+00:00,long,71145.26,70985.05,SL,-1.8068,178.8711,1.0
2026-03-06 04:09:00+00:00,2026-03-06 04:40:00+00:00,short,70977.25,70410.25,TP,3.5774,182.4485,1.0
2026-03-06 05:09:00+00:00,2026-03-06 05:42:00+00:00,short,70503.64,70197.58,TP,3.649,186.0975,1.0
2026-03-06 06:09:00+00:00,2026-03-06 06:20:00+00:00,short,70341.0,70481.91,SL,-1.861,184.2365,1.0
2026-03-06 06:31:00+00:00,2026-03-06 06:41:00+00:00,short,70440.37,70585.85,SL,-1.8424,182.3941,1.0
2026-03-06 06:53:00+00:00,2026-03-06 07:03:00+00:00,short,70606.52,70795.95,SL,-1.8239,180.5702,1.0
2026-03-06 07:20:00+00:00,2026-03-06 07:42:00+00:00,long,70746.71,71039.8,TP,3.6114,184.1816,1.0
2026-03-06 08:19:00+00:00,2026-03-06 08:51:00+00:00,long,70979.19,70828.18,SL,-1.8418,182.3398,1.0
2026-03-06 09:09:00+00:00,2026-03-06 09:28:00+00:00,short,70673.9,70390.97,TP,3.6468,185.9866,1.0
2026-03-06 10:12:00+00:00,2026-03-06 10:26:00+00:00,short,70639.62,70799.87,SL,-1.8599,184.1267,1.0
2026-03-06 10:30:00+00:00,2026-03-06 11:43:00+00:00,short,70661.94,70371.3,TP,3.6825,187.8092,1.0
2026-03-06 12:06:00+00:00,2026-03-06 12:10:00+00:00,short,70105.23,69809.05,TP,3.7562,191.5654,1.0
2026-03-06 12:31:00+00:00,2026-03-06 13:25:00+00:00,short,69951.93,70092.04,SL,-1.9157,189.6498,1.0
2026-03-06 13:30:00+00:00,2026-03-06 13:34:00+00:00,short,69943.19,70183.94,SL,-1.8965,187.7533,1.0
2026-03-06 13:40:00+00:00,2026-03-06 13:55:00+00:00,short,69983.26,69449.18,TP,3.7551,191.5083,1.0
2026-03-06 14:35:00+00:00,2026-03-06 14:54:00+00:00,short,68666.4,68352.79,TP,3.8302,195.3385,1.0
2026-03-06 15:33:00+00:00,2026-03-06 15:37:00+00:00,short,68871.61,69033.33,SL,-1.9534,193.3851,1.0
2026-03-06 15:39:00+00:00,2026-03-06 15:45:00+00:00,short,68933.52,68645.75,TP,3.8677,197.2528,1.0
2026-03-06 16:10:00+00:00,2026-03-06 16:27:00+00:00,short,68336.01,68525.59,SL,-1.9725,195.2803,1.0
2026-03-06 16:49:00+00:00,2026-03-06 17:25:00+00:00,short,68592.15,68234.24,TP,3.9056,199.1859,1.0
2026-03-06 18:22:00+00:00,2026-03-06 18:31:00+00:00,short,68297.25,68440.51,SL,-1.9919,197.194,1.0
2026-03-06 19:22:00+00:00,2026-03-06 20:26:00+00:00,short,68241.56,67804.81,TP,3.9439,201.1379,1.0
2026-03-06 21:03:00+00:00,2026-03-06 21:48:00+00:00,short,68131.81,68271.87,SL,-3.0171,198.1208,1.5
2026-03-06 22:21:00+00:00,2026-03-06 23:42:00+00:00,long,68349.99,68190.01,SL,-1.9812,196.1396,1.0
2026-03-06 23:51:00+00:00,2026-03-07 00:32:00+00:00,short,68184.08,68332.62,SL,-1.9614,194.1782,1.0
2026-03-07 00:51:00+00:00,2026-03-07 01:23:00+00:00,long,68348.08,68187.33,SL,-1.9418,192.2365,1.0
2026-03-07 02:11:00+00:00,2026-03-07 02:23:00+00:00,long,68284.4,68120.36,SL,-1.9224,190.3141,1.0
2026-03-07 02:38:00+00:00,2026-03-07 02:43:00+00:00,short,68060.61,68197.52,SL,-1.9031,188.411,1.0
2026-03-07 03:13:00+00:00,2026-03-07 03:17:00+00:00,long,68499.99,68321.11,SL,-1.8841,186.5268,1.0
2026-03-07 03:39:00+00:00,2026-03-07 04:03:00+00:00,short,68191.12,67870.34,TP,3.7305,190.2574,1.0
2026-03-07 04:48:00+00:00,2026-03-07 06:50:00+00:00,short,68092.0,67786.0,TP,3.8051,194.0625,1.0
2026-03-07 07:38:00+00:00,2026-03-07 07:45:00+00:00,short,67671.42,67813.4,SL,-1.9406,192.1219,1.0
2026-03-07 08:00:00+00:00,2026-03-07 08:18:00+00:00,short,67822.06,67959.45,SL,-1.9212,190.2007,1.0
2026-03-07 09:38:00+00:00,2026-03-07 10:57:00+00:00,long,68019.59,67871.1,SL,-1.902,188.2987,1.0
2026-03-07 12:04:00+00:00,2026-03-07 12:43:00+00:00,long,68076.81,67920.95,SL,-1.883,186.4157,1.0
2026-03-07 13:07:00+00:00,2026-03-07 14:11:00+00:00,short,67951.67,67650.0,TP,3.7283,190.144,1.0
2026-03-07 15:29:00+00:00,2026-03-07 15:39:00+00:00,long,67962.07,67822.86,SL,-1.9014,188.2426,1.0
2026-03-07 16:04:00+00:00,2026-03-07 18:02:00+00:00,short,67841.27,67527.75,TP,3.7649,192.0074,1.0
2026-03-07 18:33:00+00:00,2026-03-07 18:49:00+00:00,short,67532.08,67671.0,SL,-1.9201,190.0873,1.0
2026-03-07 18:55:00+00:00,2026-03-07 19:24:00+00:00,short,67586.73,67316.28,TP,3.8017,193.8891,1.0
2026-03-07 19:49:00+00:00,2026-03-07 20:35:00+00:00,short,67177.0,67313.41,SL,-1.9389,191.9502,1.0
2026-03-07 20:48:00+00:00,2026-03-08 01:32:00+00:00,short,67388.54,67106.23,TP,3.839,195.7892,1.0
2026-03-08 02:15:00+00:00,2026-03-08 02:30:00+00:00,long,67325.72,67171.35,SL,-1.9579,193.8313,1.0
2026-03-08 02:49:00+00:00,2026-03-08 04:53:00+00:00,short,67078.65,66762.17,TP,3.8766,197.7079,1.0
2026-03-08 06:23:00+00:00,2026-03-08 08:40:00+00:00,long,67147.35,67432.43,TP,3.9542,201.6621,1.0
2026-03-08 08:54:00+00:00,2026-03-08 09:16:00+00:00,long,67532.11,67846.26,TP,6.0499,207.712,1.5
2026-03-08 10:01:00+00:00,2026-03-08 10:23:00+00:00,long,67751.59,68067.93,TP,6.2314,213.9433,1.5
2026-03-08 11:35:00+00:00,2026-03-08 12:09:00+00:00,short,67573.23,67301.98,TP,6.4183,220.3616,1.5
2026-03-08 12:46:00+00:00,2026-03-08 13:13:00+00:00,short,67316.4,67041.32,TP,6.6108,226.9725,1.5
2026-03-08 13:24:00+00:00,2026-03-08 13:27:00+00:00,short,67014.18,67148.62,SL,-3.4046,223.5679,1.5
2026-03-08 13:41:00+00:00,2026-03-08 13:45:00+00:00,short,66928.27,67094.26,SL,-3.3535,220.2144,1.5
2026-03-08 14:11:00+00:00,2026-03-08 16:32:00+00:00,short,67301.69,66986.91,TP,6.6064,226.8208,1.5
2026-03-08 17:00:00+00:00,2026-03-08 17:03:00+00:00,short,66822.05,67035.94,SL,-3.4023,223.4185,1.5
2026-03-08 17:21:00+00:00,2026-03-08 18:18:00+00:00,short,67114.28,66805.01,TP,6.7026,230.121,1.5
2026-03-08 18:37:00+00:00,2026-03-08 19:13:00+00:00,short,66868.28,67030.6,SL,-3.4518,226.6692,1.5
2026-03-08 20:19:00+00:00,2026-03-08 20:29:00+00:00,long,67184.62,67031.79,SL,-3.4,223.2692,1.5
2026-03-08 20:30:00+00:00,2026-03-08 20:37:00+00:00,long,67194.0,67468.69,TP,6.6981,229.9673,1.5
2026-03-08 21:50:00+00:00,2026-03-08 22:02:00+00:00,short,66930.29,66659.74,TP,6.899,236.8663,1.5
2026-03-08 22:23:00+00:00,2026-03-08 22:27:00+00:00,short,65682.85,65832.48,SL,-3.553,233.3133,1.5
2026-03-08 23:08:00+00:00,2026-03-08 23:17:00+00:00,short,66239.18,66382.27,SL,-3.4997,229.8136,1.5
2026-03-08 23:19:00+00:00,2026-03-08 23:22:00+00:00,short,66264.9,66409.11,SL,-3.4472,226.3664,1.5
2026-03-08 23:32:00+00:00,2026-03-08 23:44:00+00:00,short,66448.74,66121.73,TP,6.791,233.1574,1.5
2026-03-09 00:19:00+00:00,2026-03-09 00:25:00+00:00,short,66238.39,65894.56,TP,6.9947,240.1521,1.5
2026-03-09 02:16:00+00:00,2026-03-09 02:34:00+00:00,short,66064.89,66266.79,SL,-3.6023,236.5498,1.5
2026-03-09 03:02:00+00:00,2026-03-09 03:08:00+00:00,long,66784.04,67092.82,TP,7.0965,243.6463,1.5
2026-03-09 03:52:00+00:00,2026-03-09 03:53:00+00:00,long,67228.96,67077.22,SL,-3.6547,239.9916,1.5
2026-03-09 03:56:00+00:00,2026-03-09 04:25:00+00:00,long,67154.98,67449.69,TP,7.1997,247.1914,1.5
2026-03-09 05:09:00+00:00,2026-03-09 05:31:00+00:00,long,67197.37,67562.37,TP,7.4157,254.6071,1.5
2026-03-09 07:03:00+00:00,2026-03-09 07:11:00+00:00,short,67150.01,67294.07,SL,-3.8191,250.788,1.5
2026-03-09 07:18:00+00:00,2026-03-09 07:20:00+00:00,short,66916.73,67051.92,SL,-3.7618,247.0262,1.5
2026-03-09 07:54:00+00:00,2026-03-09 08:26:00+00:00,long,67517.55,67810.37,TP,7.4108,254.437,1.5
2026-03-09 08:52:00+00:00,2026-03-09 09:05:00+00:00,long,67887.25,67734.18,SL,-3.8166,250.6204,1.5
2026-03-09 09:14:00+00:00,2026-03-09 09:32:00+00:00,long,67833.03,68128.0,TP,7.5186,258.139,1.5
2026-03-09 10:21:00+00:00,2026-03-09 10:30:00+00:00,long,67934.09,67779.55,SL,-3.8721,254.2669,1.5
2026-03-09 10:35:00+00:00,2026-03-09 10:38:00+00:00,long,67825.44,67663.32,SL,-3.814,250.4529,1.5
2026-03-09 11:16:00+00:00,2026-03-09 11:54:00+00:00,short,67629.41,67789.15,SL,-3.7568,246.6961,1.5
2026-03-09 12:16:00+00:00,2026-03-09 12:37:00+00:00,long,67906.4,68258.0,TP,7.4009,254.097,1.5
2026-03-09 12:38:00+00:00,2026-03-09 12:47:00+00:00,long,68256.66,68119.74,SL,-3.8115,250.2856,1.5
2026-03-09 13:01:00+00:00,2026-03-09 13:11:00+00:00,long,68189.22,68504.94,TP,7.5086,257.7941,1.5
2026-03-09 13:26:00+00:00,2026-03-09 13:34:00+00:00,long,68685.23,69015.42,TP,7.7338,265.5279,1.5
2026-03-09 13:43:00+00:00,2026-03-09 13:45:00+00:00,long,69183.58,69044.58,SL,-3.9829,261.545,1.5
2026-03-09 14:16:00+00:00,2026-03-09 14:19:00+00:00,long,69212.4,69058.17,SL,-3.9232,257.6219,1.5
2026-03-09 14:35:00+00:00,2026-03-09 14:57:00+00:00,long,69261.54,69110.19,SL,-3.8643,253.7575,1.5
2026-03-09 15:15:00+00:00,2026-03-09 15:19:00+00:00,long,69217.62,68999.39,SL,-3.8064,249.9512,1.5
2026-03-09 15:24:00+00:00,2026-03-09 15:33:00+00:00,long,69091.9,68920.02,SL,-3.7493,246.2019,1.5
2026-03-09 15:46:00+00:00,2026-03-09 16:33:00+00:00,long,68857.33,68714.77,SL,-3.693,242.5089,1.5
2026-03-09 16:38:00+00:00,2026-03-09 16:52:00+00:00,long,68916.76,69219.28,TP,7.2753,249.7841,1.5
2026-03-09 17:09:00+00:00,2026-03-09 17:20:00+00:00,long,69037.98,68898.79,SL,-3.7468,246.0374,1.5
2026-03-09 18:04:00+00:00,2026-03-09 18:18:00+00:00,short,68410.73,68600.0,SL,-3.6906,242.3468,1.5
2026-03-09 18:37:00+00:00,2026-03-09 19:19:00+00:00,short,68547.19,68847.48,SL,-3.6352,238.7116,1.5
2026-03-09 19:57:00+00:00,2026-03-09 20:34:00+00:00,long,69021.84,68869.49,SL,-3.5807,235.1309,1.5
2026-03-09 20:42:00+00:00,2026-03-09 21:40:00+00:00,long,68920.14,68759.14,SL,-3.527,231.604,1.5
2026-03-09 21:42:00+00:00,2026-03-09 22:04:00+00:00,long,68964.0,68796.53,SL,-3.4741,228.1299,1.5
2026-03-09 22:36:00+00:00,2026-03-09 23:55:00+00:00,short,68717.17,68385.84,TP,6.8439,234.9738,1.5
2026-03-10 01:29:00+00:00,2026-03-10 01:38:00+00:00,long,68975.69,68834.24,SL,-3.5246,231.4492,1.5
2026-03-10 01:44:00+00:00,2026-03-10 01:55:00+00:00,long,68982.86,69324.72,TP,6.9435,238.3927,1.5
2026-03-10 02:20:00+00:00,2026-03-10 02:30:00+00:00,long,69272.92,69679.71,TP,7.1518,245.5445,1.5
2026-03-10 03:22:00+00:00,2026-03-10 03:36:00+00:00,long,70198.44,70048.81,SL,-3.6832,241.8613,1.5
2026-03-10 04:56:00+00:00,2026-03-10 05:40:00+00:00,long,70081.86,69923.53,SL,-3.6279,238.2334,1.5
2026-03-10 05:50:00+00:00,2026-03-10 06:17:00+00:00,long,69946.34,69786.57,SL,-3.5735,234.6599,1.5
2026-03-10 06:24:00+00:00,2026-03-10 06:28:00+00:00,long,69860.01,70166.65,TP,7.0398,241.6997,1.5
2026-03-10 07:05:00+00:00,2026-03-10 07:10:00+00:00,long,69988.34,70386.28,TP,7.251,248.9507,1.5
2026-03-10 07:50:00+00:00,2026-03-10 07:56:00+00:00,long,70504.38,70321.44,SL,-3.7343,245.2164,1.5
2026-03-10 08:00:00+00:00,2026-03-10 08:07:00+00:00,long,70471.58,70757.0,TP,7.3565,252.5729,1.5
2026-03-10 08:42:00+00:00,2026-03-10 08:45:00+00:00,long,71052.33,70831.46,SL,-3.7886,248.7843,1.5
2026-03-10 09:03:00+00:00,2026-03-10 09:23:00+00:00,long,70727.73,71041.26,TP,7.4635,256.2478,1.5
2026-03-10 10:28:00+00:00,2026-03-10 11:02:00+00:00,long,70794.35,70641.99,SL,-3.8437,252.4041,1.5
2026-03-10 11:05:00+00:00,2026-03-10 11:13:00+00:00,long,70845.55,70654.84,SL,-3.7861,248.618,1.5
2026-03-10 11:28:00+00:00,2026-03-10 12:30:00+00:00,short,70605.35,70311.14,TP,7.4585,256.0766,1.5
2026-03-10 12:57:00+00:00,2026-03-10 13:05:00+00:00,short,70484.6,70644.49,SL,-3.8411,252.2354,1.5
2026-03-10 13:25:00+00:00,2026-03-10 13:33:00+00:00,long,70835.5,70430.01,SL,-3.7835,248.4519,1.5
2026-03-10 13:59:00+00:00,2026-03-10 14:01:00+00:00,short,69921.12,69630.0,TP,7.4536,255.9055,1.5
2026-03-10 14:07:00+00:00,2026-03-10 14:15:00+00:00,short,69707.65,69357.25,TP,7.6772,263.5826,1.5
2026-03-10 15:30:00+00:00,2026-03-10 15:34:00+00:00,long,71423.2,71269.24,SL,-3.9537,259.6289,1.5
2026-03-10 15:57:00+00:00,2026-03-10 16:05:00+00:00,long,71304.78,70984.64,SL,-3.8944,255.7345,1.5
2026-03-10 16:15:00+00:00,2026-03-10 16:24:00+00:00,long,71236.38,71531.39,TP,7.672,263.4065,1.5
2026-03-10 16:52:00+00:00,2026-03-10 16:56:00+00:00,long,71357.12,71192.65,SL,-3.9511,259.4554,1.5
2026-03-10 17:02:00+00:00,2026-03-10 17:26:00+00:00,long,71292.84,71042.41,SL,-3.8918,255.5636,1.5
2026-03-10 18:07:00+00:00,2026-03-10 18:14:00+00:00,short,70766.03,70373.64,TP,7.6669,263.2305,1.5
2026-03-10 18:39:00+00:00,2026-03-10 19:18:00+00:00,short,70111.98,70258.73,SL,-3.9485,259.282,1.5
2026-03-10 19:25:00+00:00,2026-03-10 20:04:00+00:00,short,70029.77,70174.99,SL,-3.8892,255.3928,1.5
2026-03-10 20:11:00+00:00,2026-03-10 20:22:00+00:00,short,70059.13,70221.01,SL,-3.8309,251.5619,1.5
2026-03-10 20:36:00+00:00,2026-03-10 21:06:00+00:00,short,70243.94,70385.42,SL,-3.7734,247.7885,1.5
2026-03-10 21:10:00+00:00,2026-03-10 21:29:00+00:00,short,70233.51,69941.48,TP,7.4337,255.2221,1.5
2026-03-10 21:37:00+00:00,2026-03-10 22:11:00+00:00,short,69812.42,69460.74,TP,7.6567,262.8788,1.5
2026-03-10 22:35:00+00:00,2026-03-10 22:49:00+00:00,short,69556.68,69730.09,SL,-3.9432,258.9356,1.5
2026-03-10 23:07:00+00:00,2026-03-10 23:32:00+00:00,short,69739.16,69894.53,SL,-3.884,255.0516,1.5
2026-03-11 00:09:00+00:00,2026-03-11 00:43:00+00:00,long,69973.75,69831.47,SL,-3.8258,251.2258,1.5
2026-03-11 00:46:00+00:00,2026-03-11 02:33:00+00:00,long,69980.48,69790.52,SL,-3.7684,247.4574,1.5
2026-03-11 03:07:00+00:00,2026-03-11 04:25:00+00:00,short,69710.9,69870.42,SL,-3.7119,243.7455,1.5
2026-03-11 04:52:00+00:00,2026-03-11 05:09:00+00:00,long,70146.72,70000.11,SL,-3.6562,240.0894,1.5
2026-03-11 05:34:00+00:00,2026-03-11 05:39:00+00:00,long,69947.92,69769.23,SL,-3.6013,236.488,1.5
2026-03-11 06:30:00+00:00,2026-03-11 07:34:00+00:00,long,69831.19,69658.92,SL,-3.5473,232.9407,1.5
2026-03-11 08:09:00+00:00,2026-03-11 11:51:00+00:00,short,69641.62,69315.84,TP,6.9882,239.9289,1.5
2026-03-11 12:34:00+00:00,2026-03-11 13:05:00+00:00,short,69277.24,69440.4,SL,-3.5989,236.33,1.5
2026-03-11 13:31:00+00:00,2026-03-11 13:38:00+00:00,long,70510.15,70925.69,TP,7.0899,243.4199,1.5
2026-03-11 14:00:00+00:00,2026-03-11 14:01:00+00:00,long,70466.36,70236.28,SL,-3.6513,239.7686,1.5
2026-03-11 14:17:00+00:00,2026-03-11 14:29:00+00:00,long,70364.34,70664.16,TP,7.1931,246.9616,1.5
2026-03-11 15:20:00+00:00,2026-03-11 15:30:00+00:00,long,70284.49,69953.02,SL,-3.7044,243.2572,1.5
2026-03-11 15:38:00+00:00,2026-03-11 15:48:00+00:00,long,70171.6,69925.43,SL,-3.6489,239.6084,1.5
2026-03-11 16:18:00+00:00,2026-03-11 16:46:00+00:00,long,70469.9,70789.73,TP,7.1883,246.7966,1.5
2026-03-11 17:03:00+00:00,2026-03-11 17:25:00+00:00,long,70908.0,71268.24,TP,7.4039,254.2005,1.5
2026-03-11 17:48:00+00:00,2026-03-11 17:55:00+00:00,long,70843.84,70694.3,SL,-3.813,250.3875,1.5
2026-03-11 18:00:00+00:00,2026-03-11 18:10:00+00:00,long,70841.51,70697.24,SL,-3.7558,246.6317,1.5
2026-03-11 18:15:00+00:00,2026-03-11 18:39:00+00:00,long,70777.16,70461.69,SL,-3.6995,242.9322,1.5
2026-03-11 18:49:00+00:00,2026-03-11 19:05:00+00:00,long,70653.34,70493.79,SL,-3.644,239.2882,1.5
2026-03-11 19:46:00+00:00,2026-03-11 20:01:00+00:00,long,70677.17,70524.72,SL,-3.5893,235.6989,1.5
2026-03-11 20:27:00+00:00,2026-03-11 20:42:00+00:00,short,70400.01,70560.03,SL,-3.5355,232.1634,1.5
2026-03-11 20:52:00+00:00,2026-03-11 20:58:00+00:00,short,70506.39,70685.25,SL,-3.4825,228.681,1.5
2026-03-11 21:30:00+00:00,2026-03-11 22:33:00+00:00,long,70589.03,70433.07,SL,-3.4302,225.2508,1.5
2026-03-11 22:56:00+00:00,2026-03-11 23:00:00+00:00,short,70292.86,70445.6,SL,-3.3788,221.872,1.5
2026-03-11 23:15:00+00:00,2026-03-12 01:02:00+00:00,short,70400.27,70075.01,TP,6.6562,228.5282,1.5
2026-03-12 01:33:00+00:00,2026-03-12 01:42:00+00:00,short,69818.53,69962.59,SL,-3.4279,225.1002,1.5
2026-03-12 01:50:00+00:00,2026-03-12 02:20:00+00:00,short,69863.98,69558.86,TP,6.753,231.8532,1.5
2026-03-12 02:33:00+00:00,2026-03-12 04:07:00+00:00,short,69501.0,69641.65,SL,-3.4778,228.3754,1.5
2026-03-12 04:15:00+00:00,2026-03-12 05:21:00+00:00,short,69572.29,69272.19,TP,6.8513,235.2267,1.5
2026-03-12 05:50:00+00:00,2026-03-12 07:22:00+00:00,short,69439.31,69600.7,SL,-3.5284,231.6983,1.5
2026-03-12 07:48:00+00:00,2026-03-12 09:16:00+00:00,long,69811.54,69633.49,SL,-3.4755,228.2228,1.5
2026-03-12 09:25:00+00:00,2026-03-12 09:42:00+00:00,long,69720.46,70018.02,TP,6.8467,235.0695,1.5
2026-03-12 10:18:00+00:00,2026-03-12 10:36:00+00:00,long,70043.41,70325.9,TP,7.0521,242.1216,1.5
2026-03-12 11:18:00+00:00,2026-03-12 12:02:00+00:00,long,70514.09,70366.89,SL,-3.6318,238.4898,1.5
2026-03-12 12:12:00+00:00,2026-03-12 13:20:00+00:00,long,70332.72,70140.01,SL,-3.5773,234.9124,1.5
2026-03-12 13:44:00+00:00,2026-03-12 13:47:00+00:00,short,70079.52,69770.79,TP,7.0474,241.9598,1.5
2026-03-12 14:18:00+00:00,2026-03-12 14:31:00+00:00,short,70139.54,69792.76,TP,7.2588,249.2186,1.5
2026-03-12 15:39:00+00:00,2026-03-12 15:40:00+00:00,long,70549.31,70361.59,SL,-3.7383,245.4803,1.5
2026-03-12 15:42:00+00:00,2026-03-12 15:47:00+00:00,long,70444.11,70301.15,SL,-3.6822,241.7981,1.5
2026-03-12 16:16:00+00:00,2026-03-12 16:21:00+00:00,long,70218.11,70536.2,TP,7.2539,249.0521,1.5
2026-03-12 16:34:00+00:00,2026-03-12 17:06:00+00:00,long,70252.94,70546.8,TP,7.4716,256.5236,1.5
2026-03-12 17:24:00+00:00,2026-03-12 17:46:00+00:00,long,70429.09,70220.0,SL,-3.8479,252.6758,1.5
2026-03-12 17:51:00+00:00,2026-03-12 17:55:00+00:00,long,70388.67,70137.96,SL,-3.7901,248.8856,1.5
2026-03-12 18:19:00+00:00,2026-03-12 18:57:00+00:00,short,70116.36,69824.35,TP,7.4666,256.3522,1.5
2026-03-12 18:59:00+00:00,2026-03-12 19:15:00+00:00,short,69819.64,69967.0,SL,-3.8453,252.5069,1.5
2026-03-12 19:50:00+00:00,2026-03-12 20:30:00+00:00,long,70424.99,70234.82,SL,-3.7876,248.7193,1.5
2026-03-12 21:42:00+00:00,2026-03-12 22:16:00+00:00,long,70267.68,70122.04,SL,-3.7308,244.9885,1.5
2026-03-12 22:34:00+00:00,2026-03-12 23:03:00+00:00,short,70097.12,70321.0,SL,-3.6748,241.3137,1.5
2026-03-12 23:43:00+00:00,2026-03-12 23:55:00+00:00,long,70653.9,70483.24,SL,-3.6197,237.694,1.5
2026-03-13 00:06:00+00:00,2026-03-13 00:12:00+00:00,long,70543.07,70931.86,TP,7.1308,244.8248,1.5
2026-03-13 00:31:00+00:00,2026-03-13 00:37:00+00:00,long,71904.33,71759.59,SL,-3.6724,241.1524,1.5
2026-03-13 01:00:00+00:00,2026-03-13 01:25:00+00:00,long,71630.04,71473.17,SL,-3.6173,237.5351,1.5
2026-03-13 01:42:00+00:00,2026-03-13 02:17:00+00:00,long,71643.66,71485.55,SL,-3.563,233.9721,1.5
2026-03-13 02:53:00+00:00,2026-03-13 03:08:00+00:00,short,71082.09,71225.61,SL,-3.5096,230.4625,1.5
2026-03-13 03:27:00+00:00,2026-03-13 03:53:00+00:00,short,71150.0,71333.82,SL,-3.4569,227.0056,1.5
2026-03-13 04:10:00+00:00,2026-03-13 04:15:00+00:00,long,71487.48,71324.36,SL,-3.4051,223.6005,1.5
2026-03-13 04:32:00+00:00,2026-03-13 05:43:00+00:00,long,71330.88,71616.82,TP,6.708,230.3085,1.5
2026-03-13 07:18:00+00:00,2026-03-13 08:35:00+00:00,long,71477.11,71817.08,TP,6.9093,237.2178,1.5
2026-03-13 09:02:00+00:00,2026-03-13 09:13:00+00:00,long,71937.81,71774.96,SL,-3.5583,233.6595,1.5
2026-03-13 09:26:00+00:00,2026-03-13 09:51:00+00:00,long,71796.84,72100.37,TP,7.0098,240.6693,1.5
2026-03-13 10:01:00+00:00,2026-03-13 10:18:00+00:00,long,72156.33,72458.81,TP,7.2201,247.8894,1.5
2026-03-13 10:35:00+00:00,2026-03-13 11:09:00+00:00,long,72483.0,72311.77,SL,-3.7183,244.171,1.5
2026-03-13 11:17:00+00:00,2026-03-13 11:34:00+00:00,long,72438.4,72283.82,SL,-3.6626,240.5085,1.5
2026-03-13 11:37:00+00:00,2026-03-13 12:46:00+00:00,long,72335.83,72666.46,TP,7.2153,247.7237,1.5
2026-03-13 13:17:00+00:00,2026-03-13 13:36:00+00:00,long,73025.36,72776.65,SL,-3.7159,244.0079,1.5
2026-03-13 13:44:00+00:00,2026-03-13 13:55:00+00:00,long,73270.78,73567.3,TP,7.3202,251.3281,1.5
2026-03-13 14:01:00+00:00,2026-03-13 14:02:00+00:00,long,73538.78,73346.25,SL,-3.7699,247.5582,1.5
2026-03-13 14:20:00+00:00,2026-03-13 14:35:00+00:00,long,73684.78,73514.74,SL,-3.7134,243.8448,1.5
2026-03-13 15:02:00+00:00,2026-03-13 15:04:00+00:00,short,72216.83,72365.88,SL,-3.6577,240.1871,1.5
2026-03-13 15:26:00+00:00,2026-03-13 15:41:00+00:00,short,72546.91,72250.49,TP,7.2056,247.3928,1.5
2026-03-13 15:54:00+00:00,2026-03-13 16:05:00+00:00,short,71986.67,71648.05,TP,7.4218,254.8145,1.5
2026-03-13 16:17:00+00:00,2026-03-13 16:26:00+00:00,short,71497.62,71166.23,TP,7.6444,262.459,1.5
2026-03-13 16:57:00+00:00,2026-03-13 17:12:00+00:00,short,71960.86,72117.53,SL,-3.9369,258.5221,1.5
2026-03-13 17:18:00+00:00,2026-03-13 17:27:00+00:00,short,71997.66,71620.47,TP,7.7557,266.2778,1.5
2026-03-13 18:22:00+00:00,2026-03-13 18:28:00+00:00,short,70945.59,71108.48,SL,-3.9942,262.2836,1.5
2026-03-13 18:45:00+00:00,2026-03-13 20:14:00+00:00,short,71207.47,71353.0,SL,-3.9343,258.3493,1.5
2026-03-13 20:26:00+00:00,2026-03-13 21:04:00+00:00,short,71321.87,71466.58,SL,-3.8752,254.4741,1.5
2026-03-13 21:38:00+00:00,2026-03-13 22:02:00+00:00,short,71137.03,70776.5,TP,7.6342,262.1083,1.5
2026-03-13 22:15:00+00:00,2026-03-13 23:18:00+00:00,short,70723.1,70910.68,SL,-3.9316,258.1767,1.5
2026-03-13 23:31:00+00:00,2026-03-14 00:44:00+00:00,short,70875.76,70568.75,TP,7.7453,265.922,1.5
2026-03-14 01:33:00+00:00,2026-03-14 01:48:00+00:00,short,70715.05,70880.82,SL,-3.9888,261.9332,1.5
2026-03-14 02:06:00+00:00,2026-03-14 03:42:00+00:00,long,70882.47,71168.31,TP,7.858,269.7912,1.5
2026-03-14 04:04:00+00:00,2026-03-14 05:33:00+00:00,long,71136.2,70964.37,SL,-4.0469,265.7443,1.5
2026-03-14 06:01:00+00:00,2026-03-14 06:34:00+00:00,short,70950.59,70653.14,TP,7.9723,273.7166,1.5
2026-03-14 07:19:00+00:00,2026-03-14 12:02:00+00:00,short,70673.67,70822.53,SL,-4.1057,269.6109,1.5
2026-03-14 12:23:00+00:00,2026-03-14 14:44:00+00:00,long,70765.8,70603.08,SL,-4.0442,265.5667,1.5
2026-03-14 14:59:00+00:00,2026-03-14 20:19:00+00:00,short,70599.22,70742.17,SL,-3.9835,261.5832,1.5
2026-03-14 20:32:00+00:00,2026-03-14 23:06:00+00:00,long,70748.94,71056.8,TP,7.8475,269.4307,1.5
2026-03-14 23:28:00+00:00,2026-03-15 01:10:00+00:00,long,71057.96,70901.64,SL,-4.0415,265.3892,1.5
2026-03-15 01:16:00+00:00,2026-03-15 02:07:00+00:00,long,70983.46,71280.49,TP,7.9617,273.3509,1.5
2026-03-15 02:41:00+00:00,2026-03-15 02:49:00+00:00,long,71286.36,71624.08,TP,8.2005,281.5514,1.5
2026-03-15 03:34:00+00:00,2026-03-15 05:17:00+00:00,long,71391.4,71761.12,TP,8.4465,289.998,1.5
2026-03-15 05:41:00+00:00,2026-03-15 05:52:00+00:00,long,71700.4,71521.19,SL,-4.35,285.648,1.5
2026-03-15 06:03:00+00:00,2026-03-15 06:33:00+00:00,long,71588.0,71400.0,SL,-4.2847,281.3633,1.5
2026-03-15 08:45:00+00:00,2026-03-15 09:24:00+00:00,long,71642.55,71930.5,TP,8.4409,289.8042,1.5
2026-03-15 09:53:00+00:00,2026-03-15 12:41:00+00:00,long,71790.21,71600.0,SL,-4.3471,285.4571,1.5
2026-03-15 12:52:00+00:00,2026-03-15 13:18:00+00:00,short,71592.79,71302.06,TP,8.5637,294.0209,1.5
2026-03-15 13:38:00+00:00,2026-03-15 13:54:00+00:00,short,71359.29,71522.68,SL,-4.4103,289.6105,1.5
2026-03-15 14:12:00+00:00,2026-03-15 17:52:00+00:00,short,71558.18,71805.52,SL,-4.3442,285.2664,1.5
2026-03-15 18:30:00+00:00,2026-03-15 18:46:00+00:00,long,71811.65,71588.01,SL,-4.279,280.9874,1.5
2026-03-15 19:37:00+00:00,2026-03-15 20:30:00+00:00,short,71518.64,71707.86,SL,-4.2148,276.7726,1.5
2026-03-15 21:16:00+00:00,2026-03-15 21:37:00+00:00,long,71700.27,72119.99,TP,8.3032,285.0758,1.5
2026-03-15 22:03:00+00:00,2026-03-15 22:06:00+00:00,long,72265.52,72010.89,SL,-4.2761,280.7996,1.5
2026-03-15 22:21:00+00:00,2026-03-15 22:38:00+00:00,long,71916.55,72220.0,TP,8.424,289.2236,1.5
2026-03-15 23:04:00+00:00,2026-03-15 23:21:00+00:00,long,72942.32,72757.45,SL,-4.3384,284.8853,1.5
2026-03-15 23:40:00+00:00,2026-03-16 00:00:00+00:00,long,72644.23,72952.44,TP,8.5466,293.4318,1.5
2026-03-16 00:33:00+00:00,2026-03-16 01:04:00+00:00,long,72562.28,72376.93,SL,-4.4015,289.0303,1.5
2026-03-16 01:19:00+00:00,2026-03-16 01:53:00+00:00,long,72469.99,72763.73,TP,8.6709,297.7012,1.5
2026-03-16 02:04:00+00:00,2026-03-16 02:13:00+00:00,long,72852.27,72695.14,SL,-4.4655,293.2357,1.5
2026-03-16 03:02:00+00:00,2026-03-16 03:21:00+00:00,short,72506.71,72705.87,SL,-4.3985,288.8372,1.5
2026-03-16 04:16:00+00:00,2026-03-16 04:25:00+00:00,long,73809.98,73659.6,SL,-4.3326,284.5046,1.5
2026-03-16 04:36:00+00:00,2026-03-16 04:54:00+00:00,long,73761.8,74345.52,TP,8.5351,293.0398,1.5
2026-03-16 05:10:00+00:00,2026-03-16 05:15:00+00:00,long,73978.9,73800.0,SL,-4.3956,288.6442,1.5
2026-03-16 05:25:00+00:00,2026-03-16 05:31:00+00:00,long,73953.37,73770.06,SL,-4.3297,284.3145,1.5
2026-03-16 05:38:00+00:00,2026-03-16 05:56:00+00:00,long,73906.36,74225.22,TP,8.5294,292.8439,1.5
2026-03-16 06:19:00+00:00,2026-03-16 07:37:00+00:00,long,73791.07,73622.84,SL,-4.3927,288.4513,1.5
2026-03-16 08:14:00+00:00,2026-03-16 08:39:00+00:00,short,73514.27,73201.17,TP,8.6535,297.1048,1.5
2026-03-16 09:34:00+00:00,2026-03-16 10:01:00+00:00,short,73213.34,73370.78,SL,-4.4566,292.6482,1.5
2026-03-16 10:08:00+00:00,2026-03-16 10:50:00+00:00,short,73336.8,73506.3,SL,-4.3897,288.2585,1.5
2026-03-16 11:39:00+00:00,2026-03-16 12:30:00+00:00,long,73612.07,73929.03,TP,8.6478,296.9063,1.5
2026-03-16 12:57:00+00:00,2026-03-16 13:33:00+00:00,long,73868.29,74195.37,TP,8.9072,305.8135,1.5
2026-03-16 14:02:00+00:00,2026-03-16 14:19:00+00:00,long,74306.84,74155.46,SL,-4.5872,301.2263,1.5
2026-03-16 15:30:00+00:00,2026-03-16 15:32:00+00:00,long,73992.01,73816.45,SL,-4.5184,296.7079,1.5
2026-03-16 16:37:00+00:00,2026-03-16 16:41:00+00:00,short,73411.05,73597.58,SL,-4.4506,292.2573,1.5
2026-03-16 17:01:00+00:00,2026-03-16 17:29:00+00:00,long,73875.09,73683.26,SL,-4.3839,287.8734,1.5
2026-03-16 17:37:00+00:00,2026-03-16 18:08:00+00:00,long,73884.35,74241.43,TP,8.6362,296.5096,1.5
2026-03-16 18:34:00+00:00,2026-03-16 18:37:00+00:00,long,74308.0,74093.42,SL,-4.4476,292.062,1.5
2026-03-16 19:07:00+00:00,2026-03-16 21:04:00+00:00,long,74009.99,74458.16,TP,8.7619,300.8238,1.5
2026-03-16 21:34:00+00:00,2026-03-16 22:06:00+00:00,long,74467.09,74768.69,TP,9.0247,309.8485,1.5
2026-03-16 22:38:00+00:00,2026-03-16 23:02:00+00:00,long,74760.47,74596.0,SL,-4.6477,305.2008,1.5
2026-03-16 23:15:00+00:00,2026-03-16 23:43:00+00:00,long,74535.97,74886.73,TP,9.156,314.3568,1.5
2026-03-17 00:07:00+00:00,2026-03-17 00:11:00+00:00,long,74948.58,75253.25,TP,9.4307,323.7875,1.5
2026-03-17 00:36:00+00:00,2026-03-17 00:39:00+00:00,long,75200.44,75003.36,SL,-4.8568,318.9307,1.5
2026-03-17 00:55:00+00:00,2026-03-17 00:59:00+00:00,long,75014.58,75318.48,TP,9.5679,328.4986,1.5
2026-03-17 01:58:00+00:00,2026-03-17 02:07:00+00:00,long,75607.71,75286.52,SL,-4.9275,323.5712,1.5
2026-03-17 03:03:00+00:00,2026-03-17 03:10:00+00:00,long,75315.63,75120.7,SL,-4.8536,318.7176,1.5
2026-03-17 03:30:00+00:00,2026-03-17 03:41:00+00:00,short,74754.03,74363.08,TP,9.5615,328.2791,1.5
2026-03-17 04:17:00+00:00,2026-03-17 04:32:00+00:00,short,74458.37,74140.01,TP,9.8484,338.1275,1.5
2026-03-17 04:44:00+00:00,2026-03-17 04:49:00+00:00,short,74051.38,74200.5,SL,-5.0719,333.0556,1.5
2026-03-17 05:02:00+00:00,2026-03-17 05:06:00+00:00,short,74121.26,74295.16,SL,-4.9958,328.0597,1.5
2026-03-17 05:20:00+00:00,2026-03-17 05:31:00+00:00,short,74272.67,74446.84,SL,-4.9209,323.1388,1.5
2026-03-17 05:34:00+00:00,2026-03-17 05:44:00+00:00,short,74335.23,73943.01,TP,9.6942,332.833,1.5
2026-03-17 06:06:00+00:00,2026-03-17 06:12:00+00:00,short,73877.63,74111.41,SL,-4.9925,327.8405,1.5
2026-03-17 06:32:00+00:00,2026-03-17 07:15:00+00:00,short,74181.36,74353.71,SL,-4.9176,322.9229,1.5
2026-03-17 08:01:00+00:00,2026-03-17 08:10:00+00:00,long,74436.0,74176.66,SL,-4.8438,318.0791,1.5
2026-03-17 08:20:00+00:00,2026-03-17 08:38:00+00:00,long,74374.91,74199.18,SL,-4.7712,313.3079,1.5
2026-03-17 08:41:00+00:00,2026-03-17 08:57:00+00:00,long,74428.43,74202.06,SL,-4.6996,308.6083,1.5
2026-03-17 09:35:00+00:00,2026-03-17 09:55:00+00:00,short,74195.08,73860.01,TP,9.2582,317.8665,1.5
2026-03-17 10:51:00+00:00,2026-03-17 11:05:00+00:00,short,73656.88,73866.43,SL,-4.768,313.0985,1.5
2026-03-17 11:25:00+00:00,2026-03-17 12:25:00+00:00,long,74041.99,73845.49,SL,-4.6965,308.402,1.5
2026-03-17 12:49:00+00:00,2026-03-17 13:32:00+00:00,short,73735.51,74056.74,SL,-4.626,303.776,1.5
2026-03-17 13:43:00+00:00,2026-03-17 13:52:00+00:00,short,73832.09,73515.81,TP,9.1133,312.8893,1.5
2026-03-17 15:00:00+00:00,2026-03-17 15:09:00+00:00,long,74573.79,74375.94,SL,-4.6933,308.1959,1.5
2026-03-17 15:31:00+00:00,2026-03-17 15:33:00+00:00,long,74148.9,73963.0,SL,-4.6229,303.573,1.5
2026-03-17 16:45:00+00:00,2026-03-17 17:41:00+00:00,long,74150.42,74450.91,TP,9.1072,312.6802,1.5
2026-03-17 17:48:00+00:00,2026-03-17 18:53:00+00:00,long,74449.11,74747.86,TP,9.3804,322.0606,1.5
2026-03-17 19:09:00+00:00,2026-03-17 19:31:00+00:00,long,74736.15,74563.89,SL,-4.8309,317.2297,1.5
2026-03-17 19:37:00+00:00,2026-03-17 19:47:00+00:00,long,74705.66,74526.02,SL,-4.7584,312.4712,1.5
2026-03-17 20:51:00+00:00,2026-03-17 22:28:00+00:00,long,74557.33,74407.6,SL,-4.6871,307.7842,1.5
2026-03-17 23:15:00+00:00,2026-03-17 23:44:00+00:00,short,74291.64,73945.1,TP,9.2335,317.0177,1.5
2026-03-17 23:57:00+00:00,2026-03-18 00:08:00+00:00,short,73903.21,74061.99,SL,-4.7553,312.2624,1.5
2026-03-18 00:17:00+00:00,2026-03-18 00:37:00+00:00,short,73938.06,73627.67,TP,9.3679,321.6303,1.5
2026-03-18 01:11:00+00:00,2026-03-18 01:28:00+00:00,short,73873.17,74041.77,SL,-4.8245,316.8059,1.5
2026-03-18 02:07:00+00:00,2026-03-18 02:45:00+00:00,long,74124.92,74444.97,TP,9.5042,326.31,1.5
2026-03-18 03:20:00+00:00,2026-03-18 03:26:00+00:00,long,74305.29,74603.37,TP,9.7893,336.0993,1.5
2026-03-18 03:57:00+00:00,2026-03-18 04:17:00+00:00,long,74519.54,74370.24,SL,-5.0415,331.0578,1.5
2026-03-18 05:20:00+00:00,2026-03-18 05:54:00+00:00,short,74196.93,73846.16,TP,9.9317,340.9896,1.5
2026-03-18 06:34:00+00:00,2026-03-18 07:09:00+00:00,short,74166.14,73866.86,TP,10.2297,351.2193,1.5
2026-03-18 07:22:00+00:00,2026-03-18 08:05:00+00:00,short,73848.52,73999.36,SL,-5.2683,345.951,1.5
2026-03-18 08:11:00+00:00,2026-03-18 08:52:00+00:00,short,73970.0,74118.55,SL,-5.1893,340.7617,1.5
2026-03-18 09:04:00+00:00,2026-03-18 10:42:00+00:00,long,74104.59,73941.15,SL,-5.1114,335.6503,1.5
2026-03-18 11:05:00+00:00,2026-03-18 11:11:00+00:00,short,73825.03,73979.99,SL,-5.0348,330.6155,1.5
2026-03-18 11:24:00+00:00,2026-03-18 11:29:00+00:00,short,73920.0,73602.91,TP,9.9185,340.534,1.5
2026-03-18 12:09:00+00:00,2026-03-18 12:32:00+00:00,short,72777.0,72416.86,TP,10.216,350.75,1.5
2026-03-18 12:42:00+00:00,2026-03-18 13:25:00+00:00,short,72382.56,72546.52,SL,-5.2613,345.4888,1.5
2026-03-18 13:30:00+00:00,2026-03-18 13:55:00+00:00,short,72363.8,72071.93,TP,10.3647,355.8534,1.5
2026-03-18 14:03:00+00:00,2026-03-18 14:28:00+00:00,short,71984.15,71639.48,TP,10.6756,366.529,1.5
2026-03-18 14:40:00+00:00,2026-03-18 14:58:00+00:00,short,71607.69,71283.39,TP,10.9959,377.5249,1.5
2026-03-18 15:13:00+00:00,2026-03-18 15:17:00+00:00,short,71043.44,71195.39,SL,-5.6629,371.862,1.5
2026-03-18 15:42:00+00:00,2026-03-18 15:54:00+00:00,short,71280.03,71432.96,SL,-5.5779,366.2841,1.5
2026-03-18 16:03:00+00:00,2026-03-18 16:25:00+00:00,short,71425.0,71136.24,TP,10.9885,377.2726,1.5
2026-03-18 16:34:00+00:00,2026-03-18 16:42:00+00:00,short,71122.2,71278.63,SL,-5.6591,371.6135,1.5
2026-03-18 16:57:00+00:00,2026-03-18 17:22:00+00:00,short,71277.35,71420.73,SL,-5.5742,366.0393,1.5
2026-03-18 17:31:00+00:00,2026-03-18 17:35:00+00:00,short,71348.24,71502.0,SL,-5.4906,360.5488,1.5
2026-03-18 18:01:00+00:00,2026-03-18 18:21:00+00:00,long,71765.48,71597.39,SL,-5.4082,355.1405,1.5
2026-03-18 18:30:00+00:00,2026-03-18 18:33:00+00:00,long,71846.26,71651.17,SL,-5.3271,349.8134,1.5
2026-03-18 18:34:00+00:00,2026-03-18 18:36:00+00:00,short,71486.21,71675.34,SL,-5.2472,344.5662,1.5
2026-03-18 18:42:00+00:00,2026-03-18 18:46:00+00:00,long,71659.8,71498.27,SL,-5.1685,339.3977,1.5
2026-03-18 19:24:00+00:00,2026-03-18 19:50:00+00:00,short,71300.01,71008.4,TP,10.1819,349.5796,1.5
2026-03-18 20:02:00+00:00,2026-03-18 20:08:00+00:00,short,70955.37,70635.04,TP,10.4874,360.067,1.5
2026-03-18 20:44:00+00:00,2026-03-18 21:05:00+00:00,short,71168.43,71343.99,SL,-5.401,354.666,1.5
2026-03-18 21:38:00+00:00,2026-03-18 22:01:00+00:00,long,71319.97,71130.15,SL,-5.32,349.346,1.5
2026-03-18 22:40:00+00:00,2026-03-18 22:55:00+00:00,short,70966.22,71116.42,SL,-5.2402,344.1059,1.5
2026-03-18 23:27:00+00:00,2026-03-19 00:52:00+00:00,long,71180.81,70999.1,SL,-5.1616,338.9443,1.5
2026-03-19 00:56:00+00:00,2026-03-19 01:42:00+00:00,short,71018.01,71160.83,SL,-5.0842,333.8601,1.5
2026-03-19 01:51:00+00:00,2026-03-19 02:29:00+00:00,short,71087.53,71244.99,SL,-5.0079,328.8522,1.5
2026-03-19 02:34:00+00:00,2026-03-19 02:51:00+00:00,long,71245.09,71070.91,SL,-4.9328,323.9194,1.5
2026-03-19 03:53:00+00:00,2026-03-19 04:05:00+00:00,long,71269.88,71092.49,SL,-4.8588,319.0606,1.5
2026-03-19 04:26:00+00:00,2026-03-19 04:55:00+00:00,short,70695.09,70851.01,SL,-4.7859,314.2747,1.5
2026-03-19 05:06:00+00:00,2026-03-19 06:17:00+00:00,short,70782.2,70927.61,SL,-4.7141,309.5606,1.5
2026-03-19 06:23:00+00:00,2026-03-19 06:57:00+00:00,short,70822.43,70533.37,TP,9.2868,318.8474,1.5
2026-03-19 07:49:00+00:00,2026-03-19 07:53:00+00:00,short,70056.71,70258.99,SL,-4.7827,314.0647,1.5
2026-03-19 08:03:00+00:00,2026-03-19 09:21:00+00:00,short,70160.01,70341.75,SL,-4.711,309.3537,1.5
2026-03-19 09:33:00+00:00,2026-03-19 09:38:00+00:00,short,70176.05,70320.79,SL,-4.6403,304.7134,1.5
2026-03-19 10:22:00+00:00,2026-03-19 10:31:00+00:00,long,70499.96,70354.94,SL,-4.5707,300.1427,1.5
2026-03-19 10:53:00+00:00,2026-03-19 12:04:00+00:00,short,70163.36,69841.08,TP,9.0043,309.147,1.5
2026-03-19 12:17:00+00:00,2026-03-19 12:51:00+00:00,short,69621.12,69290.43,TP,9.2744,318.4214,1.5
2026-03-19 13:13:00+00:00,2026-03-19 13:18:00+00:00,short,69122.08,69310.58,SL,-4.7763,313.6451,1.5
2026-03-19 13:39:00+00:00,2026-03-19 13:41:00+00:00,short,69306.77,69602.94,SL,-4.7047,308.9404,1.5
2026-03-19 14:00:00+00:00,2026-03-19 14:01:00+00:00,long,70165.52,69913.47,SL,-4.6341,304.3063,1.5
2026-03-19 15:41:00+00:00,2026-03-19 15:49:00+00:00,short,69025.85,69225.96,SL,-4.5646,299.7417,1.5
2026-03-19 16:06:00+00:00,2026-03-19 16:25:00+00:00,short,69348.93,69536.12,SL,-4.4961,295.2456,1.5
2026-03-19 16:32:00+00:00,2026-03-19 16:40:00+00:00,short,69343.18,69591.84,SL,-4.4287,290.8169,1.5
2026-03-19 16:47:00+00:00,2026-03-19 17:09:00+00:00,short,69438.99,69148.98,TP,8.7245,299.5414,1.5
2026-03-19 17:49:00+00:00,2026-03-19 19:01:00+00:00,long,69688.05,69987.99,TP,8.9862,308.5277,1.5
2026-03-19 19:42:00+00:00,2026-03-19 19:50:00+00:00,long,70447.39,70191.48,SL,-4.6279,303.8997,1.5
2026-03-19 20:08:00+00:00,2026-03-19 21:08:00+00:00,long,70322.56,70634.0,TP,9.117,313.0167,1.5
2026-03-19 21:55:00+00:00,2026-03-19 22:03:00+00:00,long,70534.91,70370.63,SL,-4.6953,308.3215,1.5
2026-03-19 22:10:00+00:00,2026-03-19 22:33:00+00:00,long,70376.0,70223.08,SL,-4.6248,303.6967,1.5
2026-03-19 23:13:00+00:00,2026-03-19 23:37:00+00:00,short,70204.61,69906.53,TP,9.1109,312.8076,1.5
2026-03-20 00:23:00+00:00,2026-03-20 00:29:00+00:00,short,69964.76,70115.19,SL,-4.6921,308.1154,1.5
2026-03-20 00:35:00+00:00,2026-03-20 01:16:00+00:00,long,70150.84,70432.6,TP,9.2435,317.3589,1.5
2026-03-20 01:31:00+00:00,2026-03-20 02:00:00+00:00,long,70498.53,70355.43,SL,-4.7604,312.5985,1.5
2026-03-20 02:08:00+00:00,2026-03-20 02:15:00+00:00,long,70423.76,70274.01,SL,-4.689,307.9096,1.5
2026-03-20 03:20:00+00:00,2026-03-20 04:07:00+00:00,long,70530.29,70935.33,TP,9.2373,317.1468,1.5
2026-03-20 04:47:00+00:00,2026-03-20 06:17:00+00:00,long,70616.08,70466.29,SL,-4.7572,312.3896,1.5
2026-03-20 06:39:00+00:00,2026-03-20 07:33:00+00:00,short,70410.0,70652.89,SL,-4.6858,307.7038,1.5
2026-03-20 08:08:00+00:00,2026-03-20 08:12:00+00:00,long,71029.21,71329.34,TP,9.2311,316.9349,1.5
2026-03-20 09:47:00+00:00,2026-03-20 10:21:00+00:00,short,70545.21,70257.18,TP,9.508,326.443,1.5
2026-03-20 10:55:00+00:00,2026-03-20 11:05:00+00:00,short,70563.39,70716.79,SL,-4.8966,321.5463,1.5
2026-03-20 12:17:00+00:00,2026-03-20 12:41:00+00:00,short,70586.96,70274.08,TP,9.6464,331.1927,1.5
2026-03-20 12:48:00+00:00,2026-03-20 13:07:00+00:00,short,70269.79,70426.17,SL,-4.9679,326.2248,1.5
2026-03-20 13:12:00+00:00,2026-03-20 13:17:00+00:00,short,70254.36,70426.18,SL,-4.8934,321.3314,1.5
2026-03-20 13:30:00+00:00,2026-03-20 13:32:00+00:00,short,70348.81,70043.76,TP,9.6399,330.9714,1.5
2026-03-20 13:51:00+00:00,2026-03-20 14:01:00+00:00,short,70016.4,69730.55,TP,9.9291,340.9005,1.5
2026-03-20 14:16:00+00:00,2026-03-20 14:26:00+00:00,short,69751.83,69901.0,SL,-5.1135,335.787,1.5
2026-03-20 14:43:00+00:00,2026-03-20 14:52:00+00:00,short,70057.08,69710.14,TP,10.0736,345.8606,1.5
2026-03-20 15:46:00+00:00,2026-03-20 15:52:00+00:00,short,69817.4,69963.28,SL,-5.1879,340.6727,1.5
2026-03-20 16:15:00+00:00,2026-03-20 16:19:00+00:00,short,69932.31,70073.46,SL,-5.1101,335.5626,1.5
2026-03-20 16:51:00+00:00,2026-03-20 16:53:00+00:00,short,69612.79,69758.57,SL,-5.0334,330.5292,1.5
2026-03-20 17:11:00+00:00,2026-03-20 17:35:00+00:00,short,69824.07,69530.99,TP,9.9159,340.4451,1.5
2026-03-20 18:57:00+00:00,2026-03-20 19:00:00+00:00,short,69710.52,69851.93,SL,-5.1067,335.3384,1.5
2026-03-20 19:07:00+00:00,2026-03-20 19:14:00+00:00,short,69731.28,69877.24,SL,-5.0301,330.3083,1.5
2026-03-20 19:24:00+00:00,2026-03-20 19:30:00+00:00,short,69833.19,69976.91,SL,-4.9546,325.3537,1.5
2026-03-20 21:14:00+00:00,2026-03-20 21:18:00+00:00,long,70133.93,70577.02,TP,9.7606,335.1143,1.5
2026-03-20 21:51:00+00:00,2026-03-20 22:07:00+00:00,long,70584.59,70870.85,TP,10.0534,345.1677,1.5
2026-03-20 22:39:00+00:00,2026-03-20 23:06:00+00:00,long,70746.59,70592.2,SL,-5.1775,339.9902,1.5
2026-03-20 23:21:00+00:00,2026-03-21 04:25:00+00:00,long,70507.8,70791.09,TP,10.1997,350.1899,1.5
2026-03-21 05:10:00+00:00,2026-03-21 05:22:00+00:00,short,70638.89,70782.79,SL,-5.2528,344.9371,1.5
2026-03-21 06:02:00+00:00,2026-03-21 08:22:00+00:00,long,70727.87,70579.8,SL,-5.1741,339.763,1.5
2026-03-21 08:48:00+00:00,2026-03-21 09:07:00+00:00,short,70570.41,70730.56,SL,-5.0964,334.6666,1.5
2026-03-21 09:17:00+00:00,2026-03-21 14:10:00+00:00,short,70682.62,70847.2,SL,-5.02,329.6466,1.5
2026-03-21 15:19:00+00:00,2026-03-21 15:27:00+00:00,short,70511.37,70660.56,SL,-4.9447,324.7019,1.5
2026-03-21 15:39:00+00:00,2026-03-21 16:55:00+00:00,short,70629.11,70339.44,TP,9.7411,334.4429,1.5
2026-03-21 16:56:00+00:00,2026-03-21 18:23:00+00:00,short,70279.31,70421.34,SL,-5.0166,329.4263,1.5
2026-03-21 18:31:00+00:00,2026-03-21 23:29:00+00:00,short,70406.39,70120.7,TP,9.8828,339.3091,1.5
2026-03-21 23:46:00+00:00,2026-03-21 23:49:00+00:00,short,69928.43,69591.39,TP,10.1793,349.4883,1.5
2026-03-22 00:50:00+00:00,2026-03-22 01:20:00+00:00,short,68941.89,69090.0,SL,-5.2423,344.246,1.5
2026-03-22 01:29:00+00:00,2026-03-22 02:27:00+00:00,short,69030.27,69189.91,SL,-5.1637,339.0823,1.5
2026-03-22 02:55:00+00:00,2026-03-22 03:02:00+00:00,long,69340.33,69190.37,SL,-5.0862,333.9961,1.5
2026-03-22 03:11:00+00:00,2026-03-22 05:35:00+00:00,long,69310.45,69150.9,SL,-5.0099,328.9861,1.5
2026-03-22 05:52:00+00:00,2026-03-22 08:01:00+00:00,short,69170.6,68834.01,TP,9.8696,338.8557,1.5
2026-03-22 08:19:00+00:00,2026-03-22 11:25:00+00:00,short,68834.01,68444.1,TP,10.1657,349.0214,1.5
2026-03-22 11:41:00+00:00,2026-03-22 12:18:00+00:00,short,68351.09,68509.19,SL,-5.2353,343.7861,1.5
2026-03-22 12:58:00+00:00,2026-03-22 18:34:00+00:00,long,68670.35,68515.42,SL,-5.1568,338.6293,1.5
2026-03-22 19:04:00+00:00,2026-03-22 19:49:00+00:00,short,68467.8,68156.09,TP,10.1589,348.7882,1.5
2026-03-22 20:26:00+00:00,2026-03-22 21:05:00+00:00,short,68294.08,67679.82,TP,10.4636,359.2518,1.5
2026-03-22 21:47:00+00:00,2026-03-22 22:04:00+00:00,short,67789.2,67926.42,SL,-5.3888,353.863,1.5
2026-03-22 22:15:00+00:00,2026-03-22 22:21:00+00:00,short,67914.0,68105.06,SL,-5.3079,348.5551,1.5
2026-03-22 22:51:00+00:00,2026-03-22 23:29:00+00:00,long,68259.75,68103.9,SL,-5.2283,343.3268,1.5
2026-03-22 23:49:00+00:00,2026-03-23 00:12:00+00:00,short,67943.9,68112.61,SL,-5.1499,338.1769,1.5
2026-03-23 00:17:00+00:00,2026-03-23 00:25:00+00:00,short,67905.6,68088.89,SL,-5.0727,333.1042,1.5
2026-03-23 00:31:00+00:00,2026-03-23 00:38:00+00:00,short,67903.99,67631.66,TP,9.9931,343.0973,1.5
2026-03-23 01:00:00+00:00,2026-03-23 01:05:00+00:00,short,67587.42,67735.43,SL,-5.1465,337.9509,1.5
2026-03-23 02:14:00+00:00,2026-03-23 02:20:00+00:00,short,67847.2,67996.61,SL,-5.0693,332.8816,1.5
2026-03-23 02:42:00+00:00,2026-03-23 02:47:00+00:00,long,68354.54,68212.68,SL,-4.9932,327.8884,1.5
2026-03-23 02:59:00+00:00,2026-03-23 03:30:00+00:00,long,68320.72,68180.79,SL,-4.9183,322.9701,1.5
2026-03-23 03:32:00+00:00,2026-03-23 03:54:00+00:00,long,68209.51,68070.18,SL,-4.8446,318.1255,1.5
2026-03-23 04:26:00+00:00,2026-03-23 04:54:00+00:00,long,68201.84,68484.27,TP,9.5438,327.6693,1.5
2026-03-23 05:16:00+00:00,2026-03-23 05:25:00+00:00,long,68845.99,68686.03,SL,-4.915,322.7542,1.5
2026-03-23 05:37:00+00:00,2026-03-23 05:39:00+00:00,long,68841.77,68694.87,SL,-4.8413,317.9129,1.5
2026-03-23 05:52:00+00:00,2026-03-23 06:13:00+00:00,long,68720.88,68580.73,SL,-4.7687,313.1442,1.5
2026-03-23 06:28:00+00:00,2026-03-23 06:32:00+00:00,long,68615.14,68463.19,SL,-4.6972,308.4471,1.5
2026-03-23 07:05:00+00:00,2026-03-23 07:07:00+00:00,short,67535.43,67855.97,SL,-4.6267,303.8204,1.5
2026-03-23 07:22:00+00:00,2026-03-23 07:28:00+00:00,short,67680.2,67828.38,SL,-4.5573,299.2631,1.5
2026-03-23 08:13:00+00:00,2026-03-23 08:49:00+00:00,long,68589.03,68446.23,SL,-4.4889,294.7741,1.5
2026-03-23 09:25:00+00:00,2026-03-23 09:59:00+00:00,short,68181.3,68334.01,SL,-4.4216,290.3525,1.5
2026-03-23 10:46:00+00:00,2026-03-23 11:05:00+00:00,long,68416.41,69975.78,TP,8.7106,299.0631,1.5
2026-03-23 12:09:00+00:00,2026-03-23 12:21:00+00:00,long,70070.53,70499.99,TP,8.9719,308.035,1.5
2026-03-23 12:35:00+00:00,2026-03-23 12:42:00+00:00,long,70400.0,70725.88,TP,9.241,317.276,1.5
2026-03-23 13:16:00+00:00,2026-03-23 13:39:00+00:00,long,70822.93,71134.72,TP,9.5183,326.7943,1.5
2026-03-23 13:50:00+00:00,2026-03-23 14:01:00+00:00,long,71293.78,71653.22,TP,9.8038,336.5981,1.5
2026-03-23 14:09:00+00:00,2026-03-23 14:14:00+00:00,long,71695.05,71524.82,SL,-5.049,331.5492,1.5
2026-03-23 14:39:00+00:00,2026-03-23 14:45:00+00:00,long,71510.74,71277.91,SL,-4.9732,326.5759,1.5
2026-03-23 14:56:00+00:00,2026-03-23 15:17:00+00:00,long,71383.87,71185.59,SL,-4.8986,321.6773,1.5
2026-03-23 15:40:00+00:00,2026-03-23 15:53:00+00:00,short,70723.52,70383.32,TP,9.6503,331.3276,1.5
2026-03-23 16:20:00+00:00,2026-03-23 16:24:00+00:00,short,70242.82,70420.84,SL,-4.9699,326.3577,1.5
2026-03-23 16:27:00+00:00,2026-03-23 16:34:00+00:00,short,70270.92,70425.59,SL,-4.8954,321.4623,1.5
2026-03-23 16:56:00+00:00,2026-03-23 17:33:00+00:00,short,70579.21,70814.01,SL,-4.8219,316.6404,1.5
2026-03-23 17:54:00+00:00,2026-03-23 18:22:00+00:00,long,71097.1,70926.33,SL,-4.7496,311.8908,1.5
2026-03-23 18:31:00+00:00,2026-03-23 19:16:00+00:00,long,71033.4,70859.93,SL,-4.6784,307.2124,1.5
2026-03-23 19:22:00+00:00,2026-03-23 19:50:00+00:00,long,70969.58,70780.25,SL,-4.6082,302.6042,1.5
2026-03-23 21:23:00+00:00,2026-03-23 22:02:00+00:00,long,70915.17,70717.2,SL,-4.5391,298.0652,1.5
2026-03-23 22:31:00+00:00,2026-03-23 22:45:00+00:00,short,70576.4,70771.12,SL,-4.471,293.5942,1.5
2026-03-23 23:03:00+00:00,2026-03-23 23:20:00+00:00,short,70717.67,70434.68,TP,8.8078,302.402,1.5
2026-03-24 00:26:00+00:00,2026-03-24 00:31:00+00:00,long,70773.19,70610.89,SL,-4.536,297.866,1.5
2026-03-24 01:00:00+00:00,2026-03-24 01:27:00+00:00,short,70661.7,70807.18,SL,-4.468,293.398,1.5
2026-03-24 01:33:00+00:00,2026-03-24 01:41:00+00:00,short,70719.36,70434.19,TP,8.8019,302.1999,1.5
2026-03-24 02:11:00+00:00,2026-03-24 02:22:00+00:00,short,70448.38,70616.14,SL,-4.533,297.6669,1.5
2026-03-24 02:39:00+00:00,2026-03-24 04:05:00+00:00,short,70466.56,70646.78,SL,-4.465,293.2019,1.5
2026-03-24 05:02:00+00:00,2026-03-24 06:22:00+00:00,short,70286.42,70436.94,SL,-4.398,288.8039,1.5
2026-03-24 06:25:00+00:00,2026-03-24 06:57:00+00:00,short,70379.09,70545.75,SL,-4.3321,284.4718,1.5
2026-03-24 07:02:00+00:00,2026-03-24 07:10:00+00:00,long,70532.31,70859.03,TP,8.5342,293.006,1.5
2026-03-24 07:50:00+00:00,2026-03-24 07:57:00+00:00,long,70959.3,71266.43,TP,8.7902,301.7962,1.5
2026-03-24 08:33:00+00:00,2026-03-24 09:42:00+00:00,long,70924.18,71219.28,TP,9.0539,310.8501,1.5
2026-03-24 09:54:00+00:00,2026-03-24 10:25:00+00:00,long,71326.04,71166.06,SL,-4.6628,306.1873,1.5
2026-03-24 10:37:00+00:00,2026-03-24 11:03:00+00:00,long,71176.0,71000.01,SL,-4.5928,301.5945,1.5
2026-03-24 11:10:00+00:00,2026-03-24 11:16:00+00:00,long,71168.13,71008.78,SL,-4.5239,297.0706,1.5
2026-03-24 11:25:00+00:00,2026-03-24 11:34:00+00:00,short,70996.93,71188.94,SL,-4.4561,292.6145,1.5
2026-03-24 12:13:00+00:00,2026-03-24 12:33:00+00:00,long,71098.0,70888.42,SL,-4.3892,288.2253,1.5
2026-03-24 12:44:00+00:00,2026-03-24 13:19:00+00:00,short,70900.0,70613.02,TP,8.6468,296.8721,1.5
2026-03-24 13:28:00+00:00,2026-03-24 13:41:00+00:00,short,70610.01,70318.45,TP,8.9062,305.7782,1.5
2026-03-24 14:12:00+00:00,2026-03-24 14:27:00+00:00,short,69857.15,70062.98,SL,-4.5867,301.1916,1.5
2026-03-24 14:39:00+00:00,2026-03-24 14:50:00+00:00,short,69838.3,69531.18,TP,9.0357,310.2273,1.5
2026-03-24 15:13:00+00:00,2026-03-24 15:21:00+00:00,short,69922.65,70079.61,SL,-4.6534,305.5739,1.5
2026-03-24 15:30:00+00:00,2026-03-24 15:51:00+00:00,short,70011.1,70165.49,SL,-4.5836,300.9903,1.5
2026-03-24 15:56:00+00:00,2026-03-24 16:37:00+00:00,short,69917.64,69600.01,TP,9.0297,310.02,1.5
2026-03-24 17:03:00+00:00,2026-03-24 17:33:00+00:00,short,69385.65,69082.91,TP,9.3006,319.3206,1.5
2026-03-24 17:44:00+00:00,2026-03-24 17:55:00+00:00,short,68946.27,69150.86,SL,-4.7898,314.5308,1.5
2026-03-24 18:18:00+00:00,2026-03-24 18:22:00+00:00,short,69327.58,69468.88,SL,-4.718,309.8128,1.5
2026-03-24 18:28:00+00:00,2026-03-24 18:35:00+00:00,short,69401.81,69574.09,SL,-4.6472,305.1656,1.5
2026-03-24 18:42:00+00:00,2026-03-24 19:19:00+00:00,short,69521.49,69668.13,SL,-4.5775,300.5881,1.5
2026-03-24 19:45:00+00:00,2026-03-24 20:19:00+00:00,short,69380.66,69528.92,SL,-4.5088,296.0793,1.5
2026-03-24 21:04:00+00:00,2026-03-24 21:08:00+00:00,long,70177.59,70005.84,SL,-4.4412,291.6381,1.5
2026-03-24 21:25:00+00:00,2026-03-24 21:42:00+00:00,long,70074.58,70389.75,TP,8.7491,300.3873,1.5
2026-03-24 22:06:00+00:00,2026-03-24 22:29:00+00:00,long,70387.99,70238.88,SL,-4.5058,295.8815,1.5
2026-03-24 22:42:00+00:00,2026-03-24 23:16:00+00:00,long,70280.0,70579.99,TP,8.8764,304.7579,1.5
2026-03-24 23:25:00+00:00,2026-03-25 00:40:00+00:00,long,70636.83,70931.07,TP,9.1427,313.9007,1.5
2026-03-25 01:11:00+00:00,2026-03-25 01:14:00+00:00,long,70976.85,70803.63,SL,-4.7085,309.1921,1.5
2026-03-25 01:30:00+00:00,2026-03-25 02:00:00+00:00,long,70775.81,70616.68,SL,-4.6379,304.5543,1.5
2026-03-25 02:49:00+00:00,2026-03-25 03:36:00+00:00,short,70628.75,70780.0,SL,-4.5683,299.9859,1.5
2026-03-25 04:07:00+00:00,2026-03-25 05:07:00+00:00,long,70829.48,71191.65,TP,8.9996,308.9855,1.5
2026-03-25 05:43:00+00:00,2026-03-25 05:56:00+00:00,long,71226.47,71077.97,SL,-4.6348,304.3507,1.5
2026-03-25 06:02:00+00:00,2026-03-25 06:58:00+00:00,long,71149.29,71002.98,SL,-4.5653,299.7855,1.5
2026-03-25 07:09:00+00:00,2026-03-25 08:09:00+00:00,long,71028.4,70845.03,SL,-4.4968,295.2887,1.5
2026-03-25 09:08:00+00:00,2026-03-25 09:47:00+00:00,long,71318.65,71128.11,SL,-4.4293,290.8594,1.5
2026-03-25 09:54:00+00:00,2026-03-25 10:47:00+00:00,long,71222.19,71573.38,TP,8.7258,299.5852,1.5
2026-03-25 11:13:00+00:00,2026-03-25 11:30:00+00:00,long,71604.46,71909.64,TP,8.9876,308.5727,1.5
2026-03-25 11:59:00+00:00,2026-03-25 12:16:00+00:00,long,71678.97,71495.9,SL,-4.6286,303.9441,1.5
2026-03-25 13:30:00+00:00,2026-03-25 13:50:00+00:00,long,71782.08,71603.91,SL,-4.5592,299.385,1.5
2026-03-25 14:24:00+00:00,2026-03-25 14:27:00+00:00,short,71285.66,71429.99,SL,-4.4908,294.8942,1.5
2026-03-25 14:28:00+00:00,2026-03-25 14:31:00+00:00,short,71293.89,71477.6,SL,-4.4234,290.4708,1.5
2026-03-25 14:39:00+00:00,2026-03-25 15:07:00+00:00,short,71346.64,71034.56,TP,8.7141,299.1849,1.5
2026-03-25 15:38:00+00:00,2026-03-25 16:24:00+00:00,short,70842.01,71075.13,SL,-4.4878,294.6971,1.5
2026-03-25 16:39:00+00:00,2026-03-25 16:42:00+00:00,long,71635.8,71468.61,SL,-4.4205,290.2767,1.5
2026-03-25 17:33:00+00:00,2026-03-25 20:09:00+00:00,short,70996.01,70710.18,TP,8.7083,298.985,1.5
2026-03-25 20:25:00+00:00,2026-03-25 20:37:00+00:00,short,70656.77,70818.59,SL,-4.4848,294.5002,1.5
2026-03-25 21:11:00+00:00,2026-03-25 22:41:00+00:00,long,71083.99,71529.87,TP,8.835,303.3352,1.5
2026-03-25 23:24:00+00:00,2026-03-25 23:42:00+00:00,long,71377.93,71228.18,SL,-4.55,298.7852,1.5
2026-03-25 23:51:00+00:00,2026-03-26 02:11:00+00:00,long,71266.79,71124.25,SL,-4.4818,294.3034,1.5
2026-03-26 02:30:00+00:00,2026-03-26 05:06:00+00:00,short,70859.99,70521.79,TP,8.8291,303.1325,1.5
2026-03-26 05:42:00+00:00,2026-03-26 05:51:00+00:00,short,70510.0,70165.03,TP,9.094,312.2265,1.5
2026-03-26 06:25:00+00:00,2026-03-26 06:29:00+00:00,short,69905.62,70059.5,SL,-4.6834,307.5431,1.5
2026-03-26 06:42:00+00:00,2026-03-26 06:55:00+00:00,short,69989.01,70145.56,SL,-4.6131,302.9299,1.5
2026-03-26 07:01:00+00:00,2026-03-26 09:31:00+00:00,short,70031.55,69698.38,TP,9.0879,312.0178,1.5
2026-03-26 10:30:00+00:00,2026-03-26 11:25:00+00:00,short,69623.31,69287.58,TP,9.3605,321.3783,1.5
2026-03-26 11:51:00+00:00,2026-03-26 13:07:00+00:00,short,69353.45,69500.0,SL,-4.8207,316.5577,1.5
2026-03-26 13:11:00+00:00,2026-03-26 13:45:00+00:00,short,69458.11,69770.11,SL,-4.7484,311.8093,1.5
2026-03-26 14:26:00+00:00,2026-03-26 14:46:00+00:00,long,69639.78,69434.99,SL,-4.6771,307.1322,1.5
2026-03-26 14:58:00+00:00,2026-03-26 15:01:00+00:00,long,69545.58,69400.42,SL,-4.607,302.5252,1.5
2026-03-26 15:04:00+00:00,2026-03-26 15:14:00+00:00,short,69350.0,68950.99,TP,9.0758,311.6009,1.5
2026-03-26 15:59:00+00:00,2026-03-26 17:49:00+00:00,short,69082.64,68714.46,TP,9.348,320.949,1.5
2026-03-26 18:20:00+00:00,2026-03-26 18:47:00+00:00,short,68255.89,68396.48,SL,-4.8142,316.1347,1.5
2026-03-26 19:03:00+00:00,2026-03-26 19:22:00+00:00,short,68410.67,68559.99,SL,-4.742,311.3927,1.5
2026-03-26 19:25:00+00:00,2026-03-26 19:39:00+00:00,short,68459.49,68611.79,SL,-4.6709,306.7218,1.5
2026-03-26 19:51:00+00:00,2026-03-26 20:11:00+00:00,short,68616.59,69342.45,SL,-4.6008,302.121,1.5
2026-03-26 21:12:00+00:00,2026-03-26 22:24:00+00:00,long,68922.24,68763.52,SL,-4.5318,297.5892,1.5
2026-03-26 23:08:00+00:00,2026-03-27 00:37:00+00:00,short,68863.31,68549.17,TP,8.9277,306.5169,1.5
2026-03-27 00:47:00+00:00,2026-03-27 00:55:00+00:00,short,68614.0,68766.91,SL,-4.5978,301.9191,1.5
2026-03-27 01:07:00+00:00,2026-03-27 01:13:00+00:00,short,68722.75,68866.23,SL,-4.5288,297.3903,1.5
2026-03-27 01:22:00+00:00,2026-03-27 03:07:00+00:00,long,68894.01,68743.56,SL,-4.4609,292.9295,1.5
2026-03-27 03:45:00+00:00,2026-03-27 04:02:00+00:00,short,68839.69,68548.05,TP,8.7879,301.7173,1.5
2026-03-27 04:51:00+00:00,2026-03-27 05:10:00+00:00,short,68607.37,68753.37,SL,-4.5258,297.1916,1.5
2026-03-27 05:21:00+00:00,2026-03-27 07:12:00+00:00,short,68712.18,68857.95,SL,-4.4579,292.7337,1.5
2026-03-27 07:56:00+00:00,2026-03-27 08:35:00+00:00,short,68500.0,67942.51,TP,8.782,301.5157,1.5
2026-03-27 09:05:00+00:00,2026-03-27 09:25:00+00:00,short,67773.31,67923.37,SL,-4.5227,296.993,1.5
2026-03-27 09:34:00+00:00,2026-03-27 10:37:00+00:00,short,67788.76,67416.78,TP,8.9098,305.9028,1.5
2026-03-27 10:54:00+00:00,2026-03-27 11:46:00+00:00,short,66639.68,66800.0,SL,-4.5885,301.3142,1.5
2026-03-27 11:51:00+00:00,2026-03-27 13:31:00+00:00,short,66715.59,66436.89,TP,9.0394,310.3537,1.5
2026-03-27 13:50:00+00:00,2026-03-27 14:21:00+00:00,short,66306.34,66024.27,TP,9.3106,319.6643,1.5
2026-03-27 15:07:00+00:00,2026-03-27 15:23:00+00:00,short,66149.92,66437.93,SL,-4.795,314.8693,1.5
2026-03-27 15:41:00+00:00,2026-03-27 16:00:00+00:00,short,66359.46,66029.35,TP,9.4461,324.3154,1.5
2026-03-27 16:37:00+00:00,2026-03-27 16:43:00+00:00,short,65832.41,65970.12,SL,-4.8647,319.4507,1.5
2026-03-27 16:52:00+00:00,2026-03-27 17:00:00+00:00,short,65853.73,65992.93,SL,-4.7918,314.6589,1.5
2026-03-27 17:18:00+00:00,2026-03-27 17:32:00+00:00,short,66127.17,65836.79,TP,9.4398,324.0987,1.5
2026-03-27 17:42:00+00:00,2026-03-27 18:50:00+00:00,short,65785.03,65920.89,SL,-4.8615,319.2372,1.5
2026-03-27 18:53:00+00:00,2026-03-27 19:31:00+00:00,short,65839.88,66000.6,SL,-4.7886,314.4486,1.5
2026-03-27 19:40:00+00:00,2026-03-27 19:55:00+00:00,short,65900.13,66060.53,SL,-4.7167,309.7319,1.5
2026-03-27 20:39:00+00:00,2026-03-27 23:24:00+00:00,long,65940.43,66221.75,TP,9.292,319.0239,1.5
2026-03-27 23:39:00+00:00,2026-03-28 00:36:00+00:00,long,66239.28,66505.23,TP,9.5707,328.5946,1.5
2026-03-28 01:19:00+00:00,2026-03-28 01:36:00+00:00,long,66255.49,66087.27,SL,-4.9289,323.6657,1.5
2026-03-28 02:16:00+00:00,2026-03-28 05:24:00+00:00,short,66184.8,66362.13,SL,-4.855,318.8107,1.5
2026-03-28 05:51:00+00:00,2026-03-28 10:26:00+00:00,long,66357.48,66204.5,SL,-4.7822,314.0285,1.5
2026-03-28 10:37:00+00:00,2026-03-28 11:26:00+00:00,short,66158.88,66298.01,SL,-4.7104,309.3181,1.5
2026-03-28 11:51:00+00:00,2026-03-28 13:32:00+00:00,long,66346.76,66639.84,TP,9.2795,318.5976,1.5
2026-03-28 14:20:00+00:00,2026-03-28 14:54:00+00:00,long,66846.24,66709.24,SL,-4.779,313.8187,1.5
2026-03-28 15:06:00+00:00,2026-03-28 15:18:00+00:00,long,66790.61,67058.7,TP,9.4146,323.2332,1.5
2026-03-28 16:00:00+00:00,2026-03-28 16:49:00+00:00,long,67026.36,66879.9,SL,-4.8485,318.3847,1.5
2026-03-28 16:55:00+00:00,2026-03-28 17:32:00+00:00,long,66888.2,66728.95,SL,-4.7758,313.6089,1.5
2026-03-28 17:46:00+00:00,2026-03-28 18:03:00+00:00,short,66776.08,66922.18,SL,-4.7041,308.9048,1.5
2026-03-28 18:41:00+00:00,2026-03-28 21:12:00+00:00,long,66929.0,66789.58,SL,-4.6336,304.2712,1.5
2026-03-28 21:46:00+00:00,2026-03-28 23:10:00+00:00,short,66799.18,66460.63,TP,9.1281,313.3994,1.5
2026-03-28 23:46:00+00:00,2026-03-29 01:04:00+00:00,short,66385.63,66529.4,SL,-4.701,308.6984,1.5
2026-03-29 01:11:00+00:00,2026-03-29 02:14:00+00:00,short,66499.31,66643.31,SL,-4.6305,304.0679,1.5
2026-03-29 02:23:00+00:00,2026-03-29 03:16:00+00:00,long,66684.75,67075.63,TP,9.122,313.1899,1.5
2026-03-29 03:54:00+00:00,2026-03-29 04:20:00+00:00,long,66935.5,66799.42,SL,-4.6978,308.4921,1.5
2026-03-29 04:35:00+00:00,2026-03-29 05:07:00+00:00,long,66834.69,66700.01,SL,-4.6274,303.8647,1.5
2026-03-29 05:15:00+00:00,2026-03-29 05:53:00+00:00,short,66653.19,66800.0,SL,-4.558,299.3067,1.5
2026-03-29 07:01:00+00:00,2026-03-29 11:06:00+00:00,short,66626.4,66818.0,SL,-4.4896,294.8171,1.5
2026-03-29 11:20:00+00:00,2026-03-29 13:07:00+00:00,long,66835.9,66701.19,SL,-4.4223,290.3949,1.5
2026-03-29 13:48:00+00:00,2026-03-29 17:19:00+00:00,short,66615.77,66349.14,TP,8.7118,299.1067,1.5
2026-03-29 17:58:00+00:00,2026-03-29 20:18:00+00:00,short,66385.84,66562.25,SL,-4.4866,294.6201,1.5
2026-03-29 20:59:00+00:00,2026-03-29 22:01:00+00:00,long,66614.05,66462.09,SL,-4.4193,290.2008,1.5
2026-03-29 22:36:00+00:00,2026-03-29 22:41:00+00:00,short,66278.09,65831.19,TP,8.706,298.9069,1.5
2026-03-29 23:24:00+00:00,2026-03-30 00:16:00+00:00,short,66080.24,65800.6,TP,8.9672,307.8741,1.5
2026-03-30 00:58:00+00:00,2026-03-30 01:27:00+00:00,long,66290.84,66560.01,TP,9.2362,317.1103,1.5
2026-03-30 01:46:00+00:00,2026-03-30 02:44:00+00:00,long,66728.31,67038.75,TP,9.5133,326.6236,1.5
2026-03-30 03:19:00+00:00,2026-03-30 04:08:00+00:00,long,67102.01,67419.99,TP,9.7987,336.4223,1.5
2026-03-30 04:28:00+00:00,2026-03-30 04:29:00+00:00,long,67602.21,67449.19,SL,-5.0463,331.376,1.5
2026-03-30 04:31:00+00:00,2026-03-30 04:43:00+00:00,long,67532.34,67394.68,SL,-4.9706,326.4053,1.5
2026-03-30 04:48:00+00:00,2026-03-30 06:17:00+00:00,long,67518.37,67375.27,SL,-4.8961,321.5092,1.5
2026-03-30 06:55:00+00:00,2026-03-30 07:51:00+00:00,short,67338.59,67561.26,SL,-4.8226,316.6866,1.5
2026-03-30 08:14:00+00:00,2026-03-30 08:18:00+00:00,long,67893.92,67755.19,SL,-4.7503,311.9363,1.5
2026-03-30 08:51:00+00:00,2026-03-30 08:58:00+00:00,long,67808.79,67665.27,SL,-4.679,307.2573,1.5
2026-03-30 09:11:00+00:00,2026-03-30 09:23:00+00:00,long,67677.79,67532.5,SL,-4.6089,302.6484,1.5
2026-03-30 09:56:00+00:00,2026-03-30 11:26:00+00:00,short,67505.0,67678.59,SL,-4.5397,298.1087,1.5
2026-03-30 11:47:00+00:00,2026-03-30 12:21:00+00:00,long,67649.78,67929.97,TP,8.9433,307.0519,1.5
2026-03-30 12:56:00+00:00,2026-03-30 13:41:00+00:00,long,67921.59,67753.47,SL,-4.6058,302.4462,1.5
2026-03-30 14:19:00+00:00,2026-03-30 14:36:00+00:00,short,67421.87,67147.04,TP,9.0734,311.5195,1.5
2026-03-30 14:43:00+00:00,2026-03-30 14:52:00+00:00,short,67163.6,67374.04,SL,-4.6728,306.8468,1.5
2026-03-30 15:07:00+00:00,2026-03-30 15:34:00+00:00,short,67616.57,67763.67,SL,-4.6027,302.2441,1.5
2026-03-30 16:21:00+00:00,2026-03-30 16:36:00+00:00,short,67302.36,67456.56,SL,-4.5337,297.7104,1.5
2026-03-30 16:50:00+00:00,2026-03-30 17:21:00+00:00,short,67338.84,67017.18,TP,8.9313,306.6417,1.5
2026-03-30 17:54:00+00:00,2026-03-30 18:50:00+00:00,short,66801.24,66523.66,TP,9.1993,315.841,1.5
2026-03-30 19:05:00+00:00,2026-03-30 19:24:00+00:00,short,66520.38,66246.72,TP,9.4752,325.3162,1.5
2026-03-30 20:13:00+00:00,2026-03-30 21:10:00+00:00,short,66598.07,66757.54,SL,-4.8797,320.4364,1.5
2026-03-30 21:43:00+00:00,2026-03-30 21:58:00+00:00,long,66936.48,66800.5,SL,-4.8065,315.6299,1.5
2026-03-30 22:03:00+00:00,2026-03-30 22:07:00+00:00,long,66949.64,66763.31,SL,-4.7344,310.8954,1.5
2026-03-30 22:18:00+00:00,2026-03-30 23:01:00+00:00,long,66798.56,66651.61,SL,-4.6634,306.232,1.5
2026-03-30 23:40:00+00:00,2026-03-31 00:04:00+00:00,short,66673.55,66817.9,SL,-4.5935,301.6385,1.5
2026-03-31 00:44:00+00:00,2026-03-31 00:49:00+00:00,long,66942.98,67263.09,TP,9.0492,310.6877,1.5
2026-03-31 01:00:00+00:00,2026-03-31 01:07:00+00:00,long,67234.57,67082.8,SL,-4.6603,306.0274,1.5
2026-03-31 01:15:00+00:00,2026-03-31 01:23:00+00:00,long,67360.13,67691.6,TP,9.1808,315.2082,1.5
2026-03-31 02:15:00+00:00,2026-03-31 03:01:00+00:00,long,67988.75,67845.91,SL,-4.7281,310.4801,1.5
2026-03-31 03:07:00+00:00,2026-03-31 03:19:00+00:00,long,67999.86,67857.4,SL,-4.6572,305.8229,1.5
2026-03-31 03:33:00+00:00,2026-03-31 03:38:00+00:00,long,67854.73,67700.01,SL,-4.5873,301.2355,1.5
2026-03-31 03:51:00+00:00,2026-03-31 04:13:00+00:00,long,67732.0,67585.11,SL,-4.5185,296.717,1.5
2026-03-31 04:15:00+00:00,2026-03-31 04:27:00+00:00,long,67687.76,67550.65,SL,-4.4508,292.2662,1.5
2026-03-31 04:55:00+00:00,2026-03-31 05:46:00+00:00,short,67574.41,67733.81,SL,-4.384,287.8822,1.5
2026-03-31 06:26:00+00:00,2026-03-31 06:51:00+00:00,short,67363.87,67521.73,SL,-4.3182,283.564,1.5
2026-03-31 07:01:00+00:00,2026-03-31 07:17:00+00:00,short,67469.0,67159.16,TP,8.5069,292.0709,1.5
2026-03-31 07:52:00+00:00,2026-03-31 08:03:00+00:00,short,67305.48,67444.72,SL,-4.3811,287.6899,1.5
2026-03-31 08:12:00+00:00,2026-03-31 08:39:00+00:00,short,67350.23,67044.12,TP,8.6307,296.3206,1.5
2026-03-31 09:11:00+00:00,2026-03-31 09:51:00+00:00,short,66658.53,66376.88,TP,8.8896,305.2102,1.5
2026-03-31 09:55:00+00:00,2026-03-31 10:06:00+00:00,short,66130.01,66300.48,SL,-4.5782,300.632,1.5
2026-03-31 10:28:00+00:00,2026-03-31 11:13:00+00:00,short,66367.21,66502.51,SL,-4.5095,296.1225,1.5
2026-03-31 11:35:00+00:00,2026-03-31 11:46:00+00:00,long,66774.76,66634.0,SL,-4.4418,291.6807,1.5
2026-03-31 11:59:00+00:00,2026-03-31 12:17:00+00:00,long,66685.69,66536.0,SL,-4.3752,287.3055,1.5
2026-03-31 12:19:00+00:00,2026-03-31 13:40:00+00:00,long,66749.97,67048.64,TP,8.6192,295.9247,1.5
2026-03-31 14:00:00+00:00,2026-03-31 14:03:00+00:00,long,67494.23,67310.01,SL,-4.4389,291.4858,1.5
2026-03-31 14:15:00+00:00,2026-03-31 14:18:00+00:00,long,67456.13,67758.69,TP,8.7446,300.2304,1.5
2026-03-31 15:51:00+00:00,2026-03-31 15:56:00+00:00,long,67037.02,66844.0,SL,-4.5035,295.7269,1.5
2026-03-31 16:38:00+00:00,2026-03-31 16:40:00+00:00,long,67317.16,67682.99,TP,8.8718,304.5987,1.5
2026-03-31 17:11:00+00:00,2026-03-31 17:14:00+00:00,long,68048.0,68454.01,TP,9.138,313.7367,1.5
2026-03-31 18:00:00+00:00,2026-03-31 18:15:00+00:00,long,67553.67,67874.25,TP,9.4121,323.1488,1.5
2026-03-31 18:36:00+00:00,2026-03-31 20:07:00+00:00,long,67771.62,68071.06,TP,9.6945,332.8432,1.5
2026-03-31 20:36:00+00:00,2026-03-31 21:21:00+00:00,long,68072.84,67900.88,SL,-4.9926,327.8506,1.5
2026-03-31 21:25:00+00:00,2026-03-31 21:52:00+00:00,long,68017.48,68365.36,TP,9.8355,337.6861,1.5
2026-03-31 22:15:00+00:00,2026-03-31 22:27:00+00:00,long,68255.01,68096.01,SL,-5.0653,332.6208,1.5
2026-03-31 22:40:00+00:00,2026-04-01 00:25:00+00:00,long,68108.41,67955.77,SL,-4.9893,327.6315,1.5
2026-04-01 01:47:00+00:00,2026-04-01 03:09:00+00:00,short,67864.89,68070.01,SL,-4.9145,322.717,1.5
2026-04-01 03:43:00+00:00,2026-04-01 04:50:00+00:00,long,68032.35,68306.92,TP,9.6815,332.3985,1.5
2026-04-01 05:13:00+00:00,2026-04-01 05:25:00+00:00,long,68324.03,68680.15,TP,9.972,342.3705,1.5
2026-04-01 06:03:00+00:00,2026-04-01 06:20:00+00:00,long,68513.19,68788.35,TP,10.2711,352.6416,1.5
2026-04-01 06:34:00+00:00,2026-04-01 07:09:00+00:00,long,68950.01,69228.71,TP,10.5792,363.2209,1.5
2026-04-01 07:33:00+00:00,2026-04-01 07:47:00+00:00,long,68962.64,68804.81,SL,-5.4483,357.7726,1.5
2026-04-01 08:07:00+00:00,2026-04-01 08:27:00+00:00,short,68593.47,68741.42,SL,-5.3666,352.406,1.5
2026-04-01 09:04:00+00:00,2026-04-01 09:08:00+00:00,long,68707.59,68497.99,SL,-5.2861,347.1199,1.5
2026-04-01 09:39:00+00:00,2026-04-01 09:49:00+00:00,short,68448.8,68590.29,SL,-5.2068,341.9131,1.5
2026-04-01 10:01:00+00:00,2026-04-01 12:36:00+00:00,short,68600.0,68314.0,TP,10.2574,352.1705,1.5
2026-04-01 12:44:00+00:00,2026-04-01 12:46:00+00:00,long,68665.68,68473.77,SL,-5.2826,346.8879,1.5
2026-04-01 12:56:00+00:00,2026-04-01 13:26:00+00:00,short,68379.51,68521.4,SL,-5.2033,341.6846,1.5
2026-04-01 13:31:00+00:00,2026-04-01 13:38:00+00:00,short,68453.23,68616.77,SL,-5.1253,336.5593,1.5
2026-04-01 14:33:00+00:00,2026-04-01 14:49:00+00:00,short,68374.89,68564.74,SL,-5.0484,331.5109,1.5
2026-04-01 15:20:00+00:00,2026-04-01 15:53:00+00:00,long,68609.99,68954.39,TP,9.9453,341.4563,1.5
2026-04-01 16:21:00+00:00,2026-04-01 17:03:00+00:00,long,68758.72,69086.86,TP,10.2437,351.7,1.5
2026-04-01 17:50:00+00:00,2026-04-01 18:03:00+00:00,short,68262.61,67984.45,TP,10.551,362.251,1.5
2026-04-01 18:47:00+00:00,2026-04-01 19:48:00+00:00,short,68138.45,68277.07,SL,-5.4338,356.8172,1.5
2026-04-01 19:51:00+00:00,2026-04-01 21:06:00+00:00,short,68141.79,68281.31,SL,-5.3523,351.4649,1.5
2026-04-01 21:19:00+00:00,2026-04-01 22:05:00+00:00,long,68349.68,68211.74,SL,-5.272,346.193,1.5
2026-04-01 22:49:00+00:00,2026-04-02 00:39:00+00:00,short,68169.74,68375.0,SL,-5.1929,341.0001,1.5
2026-04-02 00:53:00+00:00,2026-04-02 01:00:00+00:00,long,68611.0,68395.61,SL,-5.115,335.8851,1.5
2026-04-02 01:32:00+00:00,2026-04-02 02:13:00+00:00,short,67270.03,66929.01,TP,10.0766,345.9616,1.5
2026-04-02 02:44:00+00:00,2026-04-02 02:52:00+00:00,short,66705.79,66858.75,SL,-5.1894,340.7722,1.5
2026-04-02 03:11:00+00:00,2026-04-02 03:42:00+00:00,short,66805.28,66500.0,TP,10.2232,350.9954,1.5
2026-04-02 04:14:00+00:00,2026-04-02 04:41:00+00:00,short,66533.43,66254.01,TP,10.5299,361.5252,1.5
2026-04-02 05:10:00+00:00,2026-04-02 05:23:00+00:00,short,66324.5,66480.56,SL,-5.4229,356.1023,1.5
2026-04-02 05:35:00+00:00,2026-04-02 05:42:00+00:00,short,66430.04,66606.34,SL,-5.3415,350.7608,1.5
2026-04-02 05:48:00+00:00,2026-04-02 06:15:00+00:00,short,66493.45,66679.14,SL,-5.2614,345.4994,1.5
2026-04-02 07:17:00+00:00,2026-04-02 08:37:00+00:00,long,66709.9,66560.45,SL,-5.1825,340.3169,1.5
2026-04-02 08:58:00+00:00,2026-04-02 12:01:00+00:00,short,66447.24,66134.18,TP,10.2095,350.5264,1.5
2026-04-02 12:08:00+00:00,2026-04-02 13:35:00+00:00,short,66119.73,65769.69,TP,10.5158,361.0422,1.5
2026-04-02 14:33:00+00:00,2026-04-02 14:37:00+00:00,long,66597.17,66924.68,TP,10.8313,371.8735,1.5
2026-04-02 15:11:00+00:00,2026-04-02 15:20:00+00:00,long,66921.03,66703.76,SL,-5.5781,366.2954,1.5
2026-04-02 15:28:00+00:00,2026-04-02 16:37:00+00:00,long,66841.32,67126.93,TP,10.9889,377.2842,1.5
2026-04-02 17:12:00+00:00,2026-04-02 17:16:00+00:00,long,67079.99,67355.12,TP,11.3185,388.6027,1.5
2026-04-02 18:27:00+00:00,2026-04-02 18:47:00+00:00,short,66700.34,66865.39,SL,-5.829,382.7737,1.5
2026-04-02 19:40:00+00:00,2026-04-02 20:00:00+00:00,long,67057.4,66883.72,SL,-5.7416,377.0321,1.5
2026-04-02 20:26:00+00:00,2026-04-02 20:29:00+00:00,short,66903.11,67052.99,SL,-5.6555,371.3766,1.5
2026-04-02 21:01:00+00:00,2026-04-02 21:11:00+00:00,long,66989.42,66765.7,SL,-5.5706,365.806,1.5
2026-04-02 21:41:00+00:00,2026-04-02 22:01:00+00:00,short,66813.02,66951.33,SL,-5.4871,360.3189,1.5
2026-04-02 22:18:00+00:00,2026-04-03 00:08:00+00:00,long,66978.0,66840.73,SL,-5.4048,354.9141,1.5
2026-04-03 00:27:00+00:00,2026-04-03 01:39:00+00:00,short,66827.54,66514.17,TP,10.6474,365.5615,1.5
2026-04-03 02:07:00+00:00,2026-04-03 02:17:00+00:00,short,66502.4,66720.38,SL,-5.4834,360.0781,1.5
2026-04-03 02:27:00+00:00,2026-04-03 03:17:00+00:00,short,66533.9,66681.22,SL,-5.4012,354.6769,1.5
2026-04-03 03:55:00+00:00,2026-04-03 05:31:00+00:00,short,66579.98,66720.37,SL,-5.3202,349.3568,1.5
2026-04-03 06:03:00+00:00,2026-04-03 07:28:00+00:00,long,66629.99,66898.37,TP,10.4807,359.8375,1.5
2026-04-03 08:06:00+00:00,2026-04-03 08:38:00+00:00,long,67181.21,67033.03,SL,-5.3976,354.4399,1.5
2026-04-03 08:49:00+00:00,2026-04-03 09:20:00+00:00,long,66989.15,66786.06,SL,-5.3166,349.1233,1.5
2026-04-03 09:49:00+00:00,2026-04-03 11:32:00+00:00,short,66846.85,66989.68,SL,-5.2368,343.8865,1.5
2026-04-03 11:46:00+00:00,2026-04-03 12:35:00+00:00,long,67038.62,66849.68,SL,-5.1583,338.7282,1.5
2026-04-03 12:47:00+00:00,2026-04-03 13:48:00+00:00,short,66821.85,66539.58,TP,10.1618,348.89,1.5
2026-04-03 14:17:00+00:00,2026-04-03 14:25:00+00:00,short,66755.87,66897.23,SL,-5.2333,343.6567,1.5
2026-04-03 14:52:00+00:00,2026-04-03 17:18:00+00:00,long,66933.9,66795.59,SL,-5.1548,338.5018,1.5
2026-04-03 17:47:00+00:00,2026-04-03 21:59:00+00:00,short,66820.02,66964.21,SL,-5.0775,333.4243,1.5
2026-04-03 22:57:00+00:00,2026-04-04 11:00:00+00:00,long,66905.9,67207.09,TP,10.0027,343.427,1.5
2026-04-04 11:42:00+00:00,2026-04-04 15:17:00+00:00,long,67136.62,67410.12,TP,10.3028,353.7298,1.5
2026-04-04 15:54:00+00:00,2026-04-05 00:57:00+00:00,long,67326.83,67172.4,SL,-5.3059,348.4239,1.5
2026-04-05 01:04:00+00:00,2026-04-05 06:05:00+00:00,short,67165.66,66882.14,TP,10.4527,358.8766,1.5
2026-04-05 06:56:00+00:00,2026-04-05 09:02:00+00:00,short,66830.01,66969.38,SL,-5.3831,353.4934,1.5
2026-04-05 09:20:00+00:00,2026-04-05 12:32:00+00:00,long,66961.35,66800.64,SL,-5.3024,348.191,1.5
2026-04-05 13:14:00+00:00,2026-04-05 13:50:00+00:00,short,66760.42,66912.72,SL,-5.2229,342.9682,1.5
2026-04-05 14:01:00+00:00,2026-04-05 15:26:00+00:00,long,66930.0,67367.79,TP,10.289,353.2572,1.5
2026-04-05 16:18:00+00:00,2026-04-05 16:54:00+00:00,long,67347.0,67194.25,SL,-5.2989,347.9584,1.5
2026-04-05 17:00:00+00:00,2026-04-05 19:19:00+00:00,long,67240.89,67519.99,TP,10.4388,358.3971,1.5
2026-04-05 20:36:00+00:00,2026-04-05 22:26:00+00:00,long,67493.69,67350.01,SL,-5.376,353.0212,1.5
2026-04-05 22:31:00+00:00,2026-04-05 22:44:00+00:00,long,67529.94,67964.31,TP,10.5906,363.6118,1.5
2026-04-05 23:15:00+00:00,2026-04-06 00:00:00+00:00,long,68811.37,69133.29,TP,10.9084,374.5201,1.5
2026-04-06 00:31:00+00:00,2026-04-06 00:34:00+00:00,long,69290.15,69117.25,SL,-5.6178,368.9023,1.5
2026-04-06 00:40:00+00:00,2026-04-06 00:53:00+00:00,long,69326.23,69181.9,SL,-5.5335,363.3688,1.5
2026-04-06 01:19:00+00:00,2026-04-06 02:11:00+00:00,long,68867.56,69168.58,TP,10.9011,374.2699,1.5
2026-04-06 02:32:00+00:00,2026-04-06 02:40:00+00:00,long,69386.74,69218.02,SL,-5.614,368.6558,1.5
2026-04-06 03:24:00+00:00,2026-04-06 04:10:00+00:00,long,69163.98,69010.26,SL,-5.5298,363.126,1.5
2026-04-06 05:09:00+00:00,2026-04-06 06:22:00+00:00,long,69182.32,69019.0,SL,-5.4469,357.6791,1.5
2026-04-06 07:00:00+00:00,2026-04-06 07:52:00+00:00,short,68987.7,69196.99,SL,-5.3652,352.3139,1.5
2026-04-06 08:11:00+00:00,2026-04-06 09:12:00+00:00,long,69199.99,69545.45,TP,10.5694,362.8833,1.5
2026-04-06 10:03:00+00:00,2026-04-06 11:22:00+00:00,long,69795.76,69618.47,SL,-5.4432,357.4401,1.5
2026-04-06 11:32:00+00:00,2026-04-06 12:09:00+00:00,long,69661.02,69515.42,SL,-5.3616,352.0785,1.5
2026-04-06 12:31:00+00:00,2026-04-06 14:21:00+00:00,short,69445.59,69593.15,SL,-5.2812,346.7973,1.5
2026-04-06 14:38:00+00:00,2026-04-06 14:53:00+00:00,short,69417.42,69607.99,SL,-5.202,341.5953,1.5
2026-04-06 15:09:00+00:00,2026-04-06 15:59:00+00:00,long,69676.78,69968.87,TP,10.2479,351.8432,1.5
2026-04-06 16:11:00+00:00,2026-04-06 16:29:00+00:00,long,70067.59,69907.24,SL,-5.2776,346.5655,1.5
2026-04-06 16:35:00+00:00,2026-04-06 16:55:00+00:00,long,70050.0,69905.4,SL,-5.1985,341.3671,1.5
2026-04-06 17:42:00+00:00,2026-04-06 18:11:00+00:00,short,69462.73,69744.01,SL,-5.1205,336.2466,1.5
2026-04-06 18:27:00+00:00,2026-04-06 18:40:00+00:00,long,69910.25,69756.66,SL,-5.0437,331.2029,1.5
2026-04-06 18:53:00+00:00,2026-04-06 19:05:00+00:00,long,69865.3,69715.17,SL,-4.968,326.2348,1.5
2026-04-06 19:15:00+00:00,2026-04-06 21:36:00+00:00,long,69752.0,69588.41,SL,-4.8935,321.3413,1.5
2026-04-06 22:02:00+00:00,2026-04-06 22:51:00+00:00,short,69448.28,69145.04,TP,9.6402,330.9815,1.5
2026-04-06 23:59:00+00:00,2026-04-07 00:05:00+00:00,short,68853.66,69056.59,SL,-4.9647,326.0168,1.5
2026-04-07 00:10:00+00:00,2026-04-07 01:06:00+00:00,short,68934.7,68592.8,TP,9.7805,335.7973,1.5
2026-04-07 01:37:00+00:00,2026-04-07 01:52:00+00:00,short,68688.22,68354.79,TP,10.0739,345.8712,1.5
2026-04-07 02:34:00+00:00,2026-04-07 02:38:00+00:00,short,68528.0,68679.16,SL,-5.1881,340.6832,1.5
2026-04-07 02:44:00+00:00,2026-04-07 03:22:00+00:00,short,68624.4,68780.28,SL,-5.1102,335.5729,1.5
2026-04-07 04:01:00+00:00,2026-04-07 04:18:00+00:00,long,68778.79,68591.86,SL,-5.0336,330.5393,1.5
2026-04-07 05:44:00+00:00,2026-04-07 08:20:00+00:00,short,68650.01,68790.66,SL,-4.9581,325.5812,1.5
2026-04-07 08:32:00+00:00,2026-04-07 09:09:00+00:00,long,68844.0,69201.42,TP,9.7674,335.3487,1.5
2026-04-07 09:32:00+00:00,2026-04-07 10:09:00+00:00,long,69134.66,68942.16,SL,-5.0302,330.3184,1.5
2026-04-07 10:20:00+00:00,2026-04-07 10:25:00+00:00,long,68984.63,68820.5,SL,-4.9548,325.3637,1.5
2026-04-07 11:01:00+00:00,2026-04-07 11:05:00+00:00,short,68090.54,68230.82,SL,-4.8805,320.4832,1.5
2026-04-07 11:33:00+00:00,2026-04-07 11:37:00+00:00,short,68293.55,68455.95,SL,-4.8072,315.676,1.5
2026-04-07 11:47:00+00:00,2026-04-07 12:08:00+00:00,short,68400.58,68099.34,TP,9.4703,325.1462,1.5
2026-04-07 12:34:00+00:00,2026-04-07 12:55:00+00:00,short,68358.0,68530.38,SL,-4.8772,320.269,1.5
2026-04-07 13:58:00+00:00,2026-04-07 14:06:00+00:00,short,68262.32,67916.07,TP,9.6081,329.8771,1.5
2026-04-07 14:18:00+00:00,2026-04-07 14:20:00+00:00,short,67787.13,67925.59,SL,-4.9482,324.929,1.5
2026-04-07 14:40:00+00:00,2026-04-07 15:29:00+00:00,short,68041.38,68189.16,SL,-4.8739,320.055,1.5
2026-04-07 15:38:00+00:00,2026-04-07 16:02:00+00:00,short,68168.54,68373.22,SL,-4.8008,315.2542,1.5
2026-04-07 16:24:00+00:00,2026-04-07 17:36:00+00:00,long,68310.25,68978.0,TP,9.4576,324.7118,1.5
2026-04-07 18:29:00+00:00,2026-04-07 18:45:00+00:00,long,68644.66,68487.93,SL,-4.8707,319.8412,1.5
2026-04-07 19:45:00+00:00,2026-04-07 20:00:00+00:00,long,68835.59,69114.15,TP,9.5952,329.4364,1.5
2026-04-07 20:57:00+00:00,2026-04-07 21:05:00+00:00,long,69284.94,69620.82,TP,9.8831,339.3195,1.5
2026-04-07 21:38:00+00:00,2026-04-07 21:46:00+00:00,long,69764.03,70047.04,TP,10.1796,349.4991,1.5
2026-04-07 22:00:00+00:00,2026-04-07 22:06:00+00:00,long,70087.42,70418.3,TP,10.485,359.984,1.5
2026-04-07 22:26:00+00:00,2026-04-07 22:32:00+00:00,long,70400.0,70687.32,TP,10.7995,370.7836,1.5
2026-04-07 22:51:00+00:00,2026-04-07 22:58:00+00:00,long,71120.27,71453.36,TP,11.1235,381.9071,1.5
2026-04-07 23:20:00+00:00,2026-04-07 23:26:00+00:00,long,71890.0,72183.98,TP,11.4572,393.3643,1.5
2026-04-08 00:13:00+00:00,2026-04-08 00:31:00+00:00,long,72024.62,71842.61,SL,-5.9005,387.4638,1.5
2026-04-08 00:39:00+00:00,2026-04-08 00:46:00+00:00,long,71942.62,71721.15,SL,-5.812,381.6519,1.5
2026-04-08 00:58:00+00:00,2026-04-08 01:18:00+00:00,long,71699.99,71523.42,SL,-5.7248,375.9271,1.5
2026-04-08 01:34:00+00:00,2026-04-08 02:33:00+00:00,long,71507.03,71338.35,SL,-5.6389,370.2882,1.5
2026-04-08 03:11:00+00:00,2026-04-08 04:05:00+00:00,short,71354.52,71528.0,SL,-5.5543,364.7338,1.5
2026-04-08 04:38:00+00:00,2026-04-08 09:06:00+00:00,long,71634.01,71938.01,TP,10.942,375.6759,1.5
2026-04-08 10:10:00+00:00,2026-04-08 12:12:00+00:00,short,71632.0,71792.77,SL,-5.6351,370.0407,1.5
2026-04-08 12:31:00+00:00,2026-04-08 12:57:00+00:00,long,71784.0,72103.29,TP,11.1012,381.1419,1.5
2026-04-08 13:48:00+00:00,2026-04-08 13:51:00+00:00,long,71924.29,71696.87,SL,-5.7171,375.4248,1.5
2026-04-08 13:53:00+00:00,2026-04-08 14:31:00+00:00,short,71605.1,71279.36,TP,11.2627,386.6876,1.5
2026-04-08 14:52:00+00:00,2026-04-08 15:07:00+00:00,short,70893.28,71090.67,SL,-5.8003,380.8872,1.5
2026-04-08 15:30:00+00:00,2026-04-08 15:56:00+00:00,short,71162.05,71336.0,SL,-5.7133,375.1739,1.5
2026-04-08 16:01:00+00:00,2026-04-08 16:23:00+00:00,short,71310.04,71460.05,SL,-5.6276,369.5463,1.5
2026-04-08 16:30:00+00:00,2026-04-08 16:42:00+00:00,short,71300.0,71450.24,SL,-5.5432,364.0031,1.5
2026-04-08 17:11:00+00:00,2026-04-08 17:23:00+00:00,long,71770.0,71605.18,SL,-5.46,358.5431,1.5
2026-04-08 17:32:00+00:00,2026-04-08 18:19:00+00:00,long,71671.91,71403.63,SL,-5.3781,353.1649,1.5
2026-04-08 18:43:00+00:00,2026-04-08 20:07:00+00:00,short,71284.99,71436.93,SL,-5.2975,347.8675,1.5
2026-04-08 20:15:00+00:00,2026-04-08 20:37:00+00:00,long,71456.66,71302.87,SL,-5.218,342.6495,1.5
2026-04-08 22:08:00+00:00,2026-04-08 22:20:00+00:00,long,71506.8,71329.97,SL,-5.1397,337.5097,1.5
2026-04-08 22:53:00+00:00,2026-04-09 00:30:00+00:00,short,71167.95,70841.75,TP,10.1253,347.635,1.5
2026-04-09 00:39:00+00:00,2026-04-09 01:54:00+00:00,short,70767.94,70945.2,SL,-5.2145,342.4205,1.5
2026-04-09 02:03:00+00:00,2026-04-09 02:32:00+00:00,short,70925.46,71072.99,SL,-5.1363,337.2842,1.5
2026-04-09 02:47:00+00:00,2026-04-09 03:10:00+00:00,long,71118.39,70963.42,SL,-5.0593,332.2249,1.5
2026-04-09 03:23:00+00:00,2026-04-09 04:25:00+00:00,long,70986.62,70831.3,SL,-4.9834,327.2415,1.5
2026-04-09 04:48:00+00:00,2026-04-09 05:26:00+00:00,short,70822.94,70991.33,SL,-4.9086,322.3329,1.5
2026-04-09 06:00:00+00:00,2026-04-09 06:24:00+00:00,long,71039.0,70881.58,SL,-4.835,317.4979,1.5
2026-04-09 07:34:00+00:00,2026-04-09 08:44:00+00:00,long,71029.81,71330.01,TP,9.5249,327.0229,1.5
2026-04-09 09:11:00+00:00,2026-04-09 11:25:00+00:00,long,71288.25,71108.32,SL,-4.9053,322.1175,1.5
2026-04-09 11:56:00+00:00,2026-04-09 12:27:00+00:00,short,71137.75,71289.72,SL,-4.8318,317.2858,1.5
2026-04-09 12:38:00+00:00,2026-04-09 13:38:00+00:00,short,71150.31,70862.4,TP,9.5186,326.8043,1.5
2026-04-09 14:18:00+00:00,2026-04-09 14:39:00+00:00,short,70647.62,70806.52,SL,-4.9021,321.9023,1.5
2026-04-09 15:14:00+00:00,2026-04-09 15:32:00+00:00,long,71338.59,71686.5,TP,9.6571,331.5593,1.5
2026-04-09 15:33:00+00:00,2026-04-09 15:34:00+00:00,long,71870.43,72201.28,TP,9.9468,341.5061,1.5
2026-04-09 16:19:00+00:00,2026-04-09 16:23:00+00:00,long,72327.65,72132.91,SL,-5.1226,336.3835,1.5
2026-04-09 16:44:00+00:00,2026-04-09 16:47:00+00:00,long,71972.11,71800.01,SL,-5.0458,331.3378,1.5
2026-04-09 16:51:00+00:00,2026-04-09 17:00:00+00:00,long,71874.43,72175.92,TP,9.9401,341.2779,1.5
2026-04-09 17:38:00+00:00,2026-04-09 17:50:00+00:00,long,72479.28,72323.97,SL,-5.1192,336.1587,1.5
2026-04-09 18:22:00+00:00,2026-04-09 18:28:00+00:00,short,71781.83,71937.76,SL,-5.0424,331.1163,1.5
2026-04-09 20:13:00+00:00,2026-04-09 21:03:00+00:00,long,72171.95,72467.32,TP,9.9335,341.0498,1.5
2026-04-09 21:26:00+00:00,2026-04-09 22:15:00+00:00,long,72286.91,72666.72,TP,10.2315,351.2813,1.5
2026-04-09 22:50:00+00:00,2026-04-09 22:52:00+00:00,long,72358.0,72173.09,SL,-5.2692,346.0121,1.5
2026-04-09 23:14:00+00:00,2026-04-10 00:35:00+00:00,short,71803.44,71947.18,SL,-5.1902,340.8219,1.5
2026-04-10 00:46:00+00:00,2026-04-10 01:12:00+00:00,short,71894.0,72066.15,SL,-5.1123,335.7096,1.5
2026-04-10 01:20:00+00:00,2026-04-10 01:33:00+00:00,short,71962.52,72132.77,SL,-5.0356,330.674,1.5
2026-04-10 02:09:00+00:00,2026-04-10 02:46:00+00:00,long,72248.32,72082.85,SL,-4.9601,325.7138,1.5
2026-04-10 03:13:00+00:00,2026-04-10 04:52:00+00:00,short,71884.98,72121.39,SL,-4.8857,320.8281,1.5
2026-04-10 05:04:00+00:00,2026-04-10 06:20:00+00:00,long,72130.05,71978.0,SL,-4.8124,316.0157,1.5
2026-04-10 06:37:00+00:00,2026-04-10 07:51:00+00:00,short,71898.92,71536.78,TP,9.4805,325.4962,1.5
2026-04-10 08:33:00+00:00,2026-04-10 09:19:00+00:00,short,71641.6,71821.32,SL,-4.8824,320.6137,1.5
2026-04-10 09:37:00+00:00,2026-04-10 11:15:00+00:00,long,71851.48,72150.0,TP,9.6184,330.2322,1.5
2026-04-10 12:05:00+00:00,2026-04-10 13:35:00+00:00,long,72171.52,71981.02,SL,-4.9535,325.2787,1.5
2026-04-10 13:45:00+00:00,2026-04-10 14:03:00+00:00,long,72122.96,72444.0,TP,9.7584,335.037,1.5
2026-04-10 15:00:00+00:00,2026-04-10 15:24:00+00:00,long,72907.69,73262.92,TP,10.0511,345.0881,1.5
2026-04-10 15:44:00+00:00,2026-04-10 15:48:00+00:00,long,72745.81,72551.2,SL,-5.1763,339.9118,1.5
2026-04-10 15:49:00+00:00,2026-04-10 16:16:00+00:00,short,72569.87,72734.91,SL,-5.0987,334.8131,1.5
2026-04-10 16:34:00+00:00,2026-04-10 17:50:00+00:00,long,72782.59,73133.66,TP,10.0444,344.8575,1.5
2026-04-10 18:13:00+00:00,2026-04-10 18:26:00+00:00,long,73052.24,72903.99,SL,-5.1729,339.6847,1.5
2026-04-10 18:38:00+00:00,2026-04-10 20:05:00+00:00,long,72973.0,73265.25,TP,10.1905,349.8752,1.5
2026-04-10 20:30:00+00:00,2026-04-10 20:32:00+00:00,long,73412.25,73204.74,SL,-5.2481,344.6271,1.5
2026-04-10 20:44:00+00:00,2026-04-10 21:13:00+00:00,long,73240.68,73029.03,SL,-5.1694,339.4577,1.5
2026-04-10 21:23:00+00:00,2026-04-10 21:41:00+00:00,long,73138.43,72990.68,SL,-5.0919,334.3658,1.5
2026-04-10 22:04:00+00:00,2026-04-10 22:19:00+00:00,long,73214.4,73042.45,SL,-5.0155,329.3503,1.5
2026-04-10 23:02:00+00:00,2026-04-10 23:56:00+00:00,short,72800.0,72965.75,SL,-4.9403,324.4101,1.5
2026-04-11 00:01:00+00:00,2026-04-11 02:30:00+00:00,short,72905.27,73088.0,SL,-4.8662,319.5439,1.5
2026-04-11 02:59:00+00:00,2026-04-11 04:15:00+00:00,long,72966.57,72748.0,SL,-4.7932,314.7508,1.5
2026-04-11 05:04:00+00:00,2026-04-11 12:07:00+00:00,short,72790.05,72935.99,SL,-4.7213,310.0295,1.5
2026-04-11 12:34:00+00:00,2026-04-11 13:10:00+00:00,long,72897.26,72574.07,SL,-4.6504,305.3791,1.5
2026-04-11 13:33:00+00:00,2026-04-11 14:20:00+00:00,short,72598.0,72745.67,SL,-4.5807,300.7984,1.5
2026-04-11 14:27:00+00:00,2026-04-11 16:12:00+00:00,short,72724.19,72869.75,SL,-4.512,296.2864,1.5
2026-04-11 16:13:00+00:00,2026-04-11 16:48:00+00:00,long,72872.54,73164.67,TP,8.8886,305.175,1.5
2026-04-11 17:22:00+00:00,2026-04-11 18:35:00+00:00,long,73029.73,73420.08,TP,9.1553,314.3302,1.5
2026-04-11 19:06:00+00:00,2026-04-11 19:20:00+00:00,long,73661.23,73493.49,SL,-4.715,309.6153,1.5
2026-04-11 19:28:00+00:00,2026-04-11 20:12:00+00:00,long,73644.34,73492.64,SL,-4.6442,304.9711,1.5
2026-04-11 20:27:00+00:00,2026-04-11 20:32:00+00:00,long,73417.92,73252.62,SL,-4.5746,300.3965,1.5
2026-04-11 20:57:00+00:00,2026-04-11 21:36:00+00:00,short,73290.18,73445.37,SL,-4.5059,295.8905,1.5
2026-04-11 22:06:00+00:00,2026-04-11 22:31:00+00:00,long,73500.35,73324.58,SL,-4.4384,291.4522,1.5
2026-04-11 22:54:00+00:00,2026-04-11 23:10:00+00:00,short,73262.43,72959.94,TP,8.7436,300.1958,1.5
2026-04-11 23:33:00+00:00,2026-04-12 01:33:00+00:00,short,73094.81,72759.26,TP,9.0059,309.2016,1.5
2026-04-12 02:25:00+00:00,2026-04-12 02:31:00+00:00,short,71700.0,71871.24,SL,-4.638,304.5636,1.5
2026-04-12 02:45:00+00:00,2026-04-12 03:59:00+00:00,short,71884.8,71593.19,TP,9.1369,313.7005,1.5
2026-04-12 04:09:00+00:00,2026-04-12 05:49:00+00:00,short,71575.06,71743.56,SL,-4.7055,308.995,1.5
2026-04-12 05:57:00+00:00,2026-04-12 10:53:00+00:00,short,71731.2,71404.3,TP,9.2698,318.2649,1.5
2026-04-12 11:27:00+00:00,2026-04-12 12:52:00+00:00,short,71503.66,71124.16,TP,9.5479,327.8128,1.5
2026-04-12 13:32:00+00:00,2026-04-12 14:54:00+00:00,short,71013.43,70725.87,TP,9.8344,337.6472,1.5
2026-04-12 15:23:00+00:00,2026-04-12 15:43:00+00:00,short,70745.1,70887.42,SL,-5.0647,332.5825,1.5
2026-04-12 15:56:00+00:00,2026-04-12 17:50:00+00:00,short,70881.73,71042.0,SL,-4.9887,327.5937,1.5
2026-04-12 18:15:00+00:00,2026-04-12 20:07:00+00:00,long,71199.1,71044.19,SL,-4.9139,322.6798,1.5
2026-04-12 21:01:00+00:00,2026-04-12 21:11:00+00:00,long,71425.2,71231.76,SL,-4.8402,317.8396,1.5
2026-04-12 21:24:00+00:00,2026-04-12 22:00:00+00:00,long,71316.38,70922.0,SL,-4.7676,313.072,1.5
2026-04-12 22:19:00+00:00,2026-04-12 22:38:00+00:00,short,70723.36,70877.56,SL,-4.6961,308.376,1.5
2026-04-12 23:00:00+00:00,2026-04-13 00:24:00+00:00,short,70783.18,70925.27,SL,-4.6256,303.7503,1.5
2026-04-13 00:25:00+00:00,2026-04-13 02:30:00+00:00,long,70958.18,71256.68,TP,9.1125,312.8628,1.5
2026-04-13 02:55:00+00:00,2026-04-13 04:07:00+00:00,long,71073.13,70924.86,SL,-4.6929,308.1699,1.5
2026-04-13 05:34:00+00:00,2026-04-13 06:03:00+00:00,short,70792.13,70947.79,SL,-4.6225,303.5473,1.5
2026-04-13 06:20:00+00:00,2026-04-13 07:13:00+00:00,long,71043.33,70893.67,SL,-4.5532,298.9941,1.5
2026-04-13 08:07:00+00:00,2026-04-13 11:45:00+00:00,short,70798.0,70956.96,SL,-4.4849,294.5092,1.5
2026-04-13 12:08:00+00:00,2026-04-13 12:31:00+00:00,long,71002.75,70845.1,SL,-4.4176,290.0916,1.5
2026-04-13 13:25:00+00:00,2026-04-13 13:33:00+00:00,long,71246.39,71076.99,SL,-4.3514,285.7402,1.5
2026-04-13 13:46:00+00:00,2026-04-13 13:48:00+00:00,long,71030.06,71331.0,TP,8.5722,294.3124,1.5
2026-04-13 14:16:00+00:00,2026-04-13 14:17:00+00:00,long,71714.84,71490.0,SL,-4.4147,289.8977,1.5
2026-04-13 14:27:00+00:00,2026-04-13 14:44:00+00:00,long,71650.99,71989.14,TP,8.6969,298.5947,1.5
2026-04-13 14:55:00+00:00,2026-04-13 14:58:00+00:00,long,72076.51,72381.62,TP,8.9578,307.5525,1.5
2026-04-13 15:27:00+00:00,2026-04-13 15:30:00+00:00,long,72004.96,71760.49,SL,-4.6133,302.9392,1.5
2026-04-13 15:41:00+00:00,2026-04-13 16:23:00+00:00,long,71826.61,72160.28,TP,9.0882,312.0274,1.5
2026-04-13 16:47:00+00:00,2026-04-13 16:52:00+00:00,long,72398.71,72235.38,SL,-4.6804,307.347,1.5
2026-04-13 17:04:00+00:00,2026-04-13 17:32:00+00:00,long,72257.76,72565.26,TP,9.2204,316.5674,1.5
2026-04-13 18:06:00+00:00,2026-04-13 18:55:00+00:00,long,72119.99,72451.16,TP,9.497,326.0644,1.5
2026-04-13 19:16:00+00:00,2026-04-13 19:26:00+00:00,long,72569.34,72878.41,TP,9.7819,335.8463,1.5
2026-04-13 19:50:00+00:00,2026-04-13 20:14:00+00:00,long,73288.61,73060.0,SL,-5.0377,330.8086,1.5
2026-04-13 20:29:00+00:00,2026-04-13 22:06:00+00:00,long,73097.0,73511.33,TP,9.9243,340.7329,1.5
2026-04-13 22:51:00+00:00,2026-04-13 22:55:00+00:00,long,74352.26,74656.01,TP,10.222,350.9549,1.5
2026-04-13 23:36:00+00:00,2026-04-13 23:40:00+00:00,long,74800.89,74645.19,SL,-5.2643,345.6906,1.5
2026-04-13 23:56:00+00:00,2026-04-14 00:05:00+00:00,long,74560.8,74383.92,SL,-5.1854,340.5052,1.5
2026-04-14 00:15:00+00:00,2026-04-14 00:33:00+00:00,long,74352.67,74189.8,SL,-5.1076,335.3976,1.5
2026-04-14 00:35:00+00:00,2026-04-14 01:00:00+00:00,long,74282.0,74097.9,SL,-5.031,330.3667,1.5
2026-04-14 01:05:00+00:00,2026-04-14 02:16:00+00:00,long,74196.99,74494.6,TP,9.911,340.2777,1.5
2026-04-14 02:40:00+00:00,2026-04-14 03:18:00+00:00,long,74438.05,74286.87,SL,-5.1042,335.1735,1.5
2026-04-14 03:31:00+00:00,2026-04-14 05:56:00+00:00,long,74352.6,74162.11,SL,-5.0276,330.1459,1.5
2026-04-14 06:50:00+00:00,2026-04-14 07:09:00+00:00,long,74446.2,74917.65,TP,9.9044,340.0503,1.5
2026-04-14 07:52:00+00:00,2026-04-14 08:34:00+00:00,long,74497.35,74806.67,TP,10.2015,350.2518,1.5
2026-04-14 08:52:00+00:00,2026-04-14 09:05:00+00:00,long,74804.12,74654.03,SL,-5.2538,344.998,1.5
2026-04-14 09:11:00+00:00,2026-04-14 09:26:00+00:00,long,74788.17,74631.47,SL,-5.175,339.823,1.5
2026-04-14 09:39:00+00:00,2026-04-14 09:44:00+00:00,long,74667.35,74510.87,SL,-5.0973,334.7257,1.5
2026-04-14 10:33:00+00:00,2026-04-14 13:23:00+00:00,short,74537.12,74721.64,SL,-5.0209,329.7048,1.5
2026-04-14 13:33:00+00:00,2026-04-14 13:42:00+00:00,long,74848.06,75241.3,TP,9.8911,339.596,1.5
2026-04-14 14:23:00+00:00,2026-04-14 14:37:00+00:00,long,75724.93,75498.45,SL,-5.0939,334.502,1.5
2026-04-14 15:50:00+00:00,2026-04-14 16:08:00+00:00,long,75359.56,75662.69,TP,10.0351,344.5371,1.5
2026-04-14 16:38:00+00:00,2026-04-14 16:49:00+00:00,long,75281.44,75102.24,SL,-5.1681,339.369,1.5
2026-04-14 17:27:00+00:00,2026-04-14 17:34:00+00:00,short,74726.06,74354.87,TP,10.1811,349.5501,1.5
2026-04-14 18:08:00+00:00,2026-04-14 18:34:00+00:00,short,74739.0,74419.41,TP,10.4865,360.0366,1.5
2026-04-14 18:46:00+00:00,2026-04-14 19:05:00+00:00,short,74112.06,74268.06,SL,-5.4005,354.636,1.5
2026-04-14 19:22:00+00:00,2026-04-14 19:25:00+00:00,short,74265.67,73918.77,TP,10.6391,365.2751,1.5
2026-04-14 19:35:00+00:00,2026-04-14 19:41:00+00:00,short,74060.84,74255.69,SL,-5.4791,359.796,1.5
2026-04-14 20:17:00+00:00,2026-04-14 21:40:00+00:00,short,74312.9,74010.01,TP,10.7939,370.5899,1.5
2026-04-14 22:04:00+00:00,2026-04-14 22:09:00+00:00,short,74162.01,74312.87,SL,-5.5588,365.031,1.5
2026-04-14 22:37:00+00:00,2026-04-14 22:47:00+00:00,short,73909.43,74085.56,SL,-5.4755,359.5556,1.5
2026-04-14 23:10:00+00:00,2026-04-14 23:18:00+00:00,short,74043.77,74192.89,SL,-5.3933,354.1622,1.5
2026-04-14 23:24:00+00:00,2026-04-15 00:01:00+00:00,short,74109.93,74312.78,SL,-5.3124,348.8498,1.5
2026-04-15 00:58:00+00:00,2026-04-15 02:26:00+00:00,long,74556.5,74390.55,SL,-5.2327,343.6171,1.5
2026-04-15 03:05:00+00:00,2026-04-15 04:01:00+00:00,short,74227.78,74383.1,SL,-5.1543,338.4628,1.5
2026-04-15 04:08:00+00:00,2026-04-15 05:27:00+00:00,short,74350.01,74024.71,TP,10.1539,348.6167,1.5
2026-04-15 06:06:00+00:00,2026-04-15 07:17:00+00:00,short,73954.96,73636.0,TP,10.4585,359.0752,1.5
2026-04-15 07:34:00+00:00,2026-04-15 07:51:00+00:00,short,73618.73,73769.56,SL,-5.3861,353.6891,1.5
2026-04-15 08:55:00+00:00,2026-04-15 09:09:00+00:00,long,74171.81,74014.11,SL,-5.3053,348.3837,1.5
2026-04-15 09:18:00+00:00,2026-04-15 10:27:00+00:00,long,74050.53,73900.01,SL,-5.2258,343.158,1.5
2026-04-15 11:09:00+00:00,2026-04-15 12:36:00+00:00,long,73985.24,74301.99,TP,10.2947,353.4527,1.5
2026-04-15 13:09:00+00:00,2026-04-15 13:31:00+00:00,long,74338.61,74137.69,SL,-5.3018,348.1509,1.5
2026-04-15 14:08:00+00:00,2026-04-15 14:14:00+00:00,short,73896.01,74154.48,SL,-5.2223,342.9286,1.5
2026-04-15 14:50:00+00:00,2026-04-15 15:07:00+00:00,long,74197.15,74000.0,SL,-5.1439,337.7847,1.5
2026-04-15 15:14:00+00:00,2026-04-15 15:20:00+00:00,long,74275.11,74110.43,SL,-5.0668,332.7179,1.5
2026-04-15 15:23:00+00:00,2026-04-15 15:30:00+00:00,short,74056.41,73708.9,TP,9.9815,342.6995,1.5
2026-04-15 15:56:00+00:00,2026-04-15 16:03:00+00:00,short,73811.19,73965.65,SL,-5.1405,337.559,1.5
2026-04-15 17:17:00+00:00,2026-04-15 17:27:00+00:00,short,74019.85,74183.98,SL,-5.0634,332.4956,1.5
2026-04-15 17:52:00+00:00,2026-04-15 18:51:00+00:00,long,74072.93,74369.34,TP,9.9749,342.4705,1.5
2026-04-15 19:30:00+00:00,2026-04-15 19:36:00+00:00,long,74804.23,75223.93,TP,10.2741,352.7446,1.5
2026-04-15 20:22:00+00:00,2026-04-15 22:03:00+00:00,long,74636.73,74983.5,TP,10.5823,363.3269,1.5
2026-04-15 22:39:00+00:00,2026-04-15 22:42:00+00:00,long,75285.0,75119.99,SL,-5.4499,357.877,1.5
2026-04-15 23:39:00+00:00,2026-04-15 23:51:00+00:00,short,74649.87,74858.86,SL,-5.3682,352.5089,1.5
2026-04-16 00:03:00+00:00,2026-04-16 02:29:00+00:00,short,74734.79,74896.51,SL,-5.2876,347.2212,1.5
2026-04-16 03:05:00+00:00,2026-04-16 03:58:00+00:00,long,75025.16,74870.58,SL,-5.2083,342.0129,1.5
2026-04-16 04:06:00+00:00,2026-04-16 07:45:00+00:00,long,74948.87,74753.16,SL,-5.1302,336.8827,1.5
2026-04-16 08:04:00+00:00,2026-04-16 09:15:00+00:00,short,74613.82,74788.62,SL,-5.0532,331.8295,1.5
2026-04-16 10:04:00+00:00,2026-04-16 12:02:00+00:00,short,74574.0,74732.78,SL,-4.9774,326.852,1.5
2026-04-16 12:10:00+00:00,2026-04-16 12:40:00+00:00,long,74781.81,74619.89,SL,-4.9028,321.9493,1.5
2026-04-16 12:55:00+00:00,2026-04-16 13:27:00+00:00,long,74652.96,74983.93,TP,9.6585,331.6077,1.5
2026-04-16 14:19:00+00:00,2026-04-16 14:28:00+00:00,short,73583.47,73760.84,SL,-4.9741,326.6336,1.5
2026-04-16 14:54:00+00:00,2026-04-16 15:07:00+00:00,short,74007.2,74161.45,SL,-4.8995,321.7341,1.5
2026-04-16 15:21:00+00:00,2026-04-16 15:29:00+00:00,long,74374.51,74189.61,SL,-4.826,316.9081,1.5
2026-04-16 15:37:00+00:00,2026-04-16 15:39:00+00:00,long,74864.82,74657.26,SL,-4.7536,312.1545,1.5
2026-04-16 15:56:00+00:00,2026-04-16 16:23:00+00:00,long,74783.17,74627.82,SL,-4.6823,307.4722,1.5
2026-04-16 16:52:00+00:00,2026-04-16 17:32:00+00:00,short,74130.44,74294.66,SL,-4.6121,302.8601,1.5
2026-04-16 17:36:00+00:00,2026-04-16 17:40:00+00:00,short,74143.13,74294.64,SL,-4.5429,298.3172,1.5
2026-04-16 18:02:00+00:00,2026-04-16 18:09:00+00:00,long,74478.02,74244.86,SL,-4.4748,293.8424,1.5
2026-04-16 18:14:00+00:00,2026-04-16 18:46:00+00:00,long,74410.89,74723.2,TP,8.8153,302.6577,1.5
2026-04-16 19:21:00+00:00,2026-04-16 19:42:00+00:00,long,74935.41,75244.75,TP,9.0797,311.7374,1.5
2026-04-16 19:56:00+00:00,2026-04-16 20:20:00+00:00,long,75379.38,75146.21,SL,-4.6761,307.0614,1.5
2026-04-16 20:42:00+00:00,2026-04-16 21:21:00+00:00,long,75058.7,74810.82,SL,-4.6059,302.4554,1.5
2026-04-16 21:57:00+00:00,2026-04-16 22:01:00+00:00,short,74923.05,75091.93,SL,-4.5368,297.9186,1.5
2026-04-16 22:27:00+00:00,2026-04-17 01:21:00+00:00,long,74984.33,74818.5,SL,-4.4688,293.4498,1.5
2026-04-17 01:48:00+00:00,2026-04-17 03:37:00+00:00,short,74667.61,74832.97,SL,-4.4017,289.0481,1.5
2026-04-17 03:40:00+00:00,2026-04-17 06:50:00+00:00,short,74724.43,74916.0,SL,-4.3357,284.7124,1.5
2026-04-17 06:59:00+00:00,2026-04-17 08:33:00+00:00,long,74938.52,75344.13,TP,8.5414,293.2537,1.5
2026-04-17 08:47:00+00:00,2026-04-17 08:55:00+00:00,long,75480.81,75798.01,TP,8.7976,302.0513,1.5
2026-04-17 09:14:00+00:00,2026-04-17 09:28:00+00:00,long,75902.82,76307.56,TP,9.0615,311.1129,1.5
2026-04-17 09:48:00+00:00,2026-04-17 10:28:00+00:00,long,75747.61,75363.68,SL,-4.6667,306.4462,1.5
2026-04-17 11:51:00+00:00,2026-04-17 12:25:00+00:00,long,75527.58,75944.57,TP,9.1934,315.6396,1.5
2026-04-17 12:30:00+00:00,2026-04-17 12:36:00+00:00,long,75894.0,75697.37,SL,-4.7346,310.905,1.5
2026-04-17 12:46:00+00:00,2026-04-17 13:06:00+00:00,long,75972.36,76414.91,TP,9.3271,320.2321,1.5
2026-04-17 13:07:00+00:00,2026-04-17 13:10:00+00:00,long,76341.92,76665.99,TP,9.607,329.8391,1.5
2026-04-17 13:42:00+00:00,2026-04-17 13:51:00+00:00,long,76889.0,77218.79,TP,9.8952,339.7343,1.5
2026-04-17 14:21:00+00:00,2026-04-17 14:27:00+00:00,long,77398.99,77722.26,TP,10.192,349.9263,1.5
2026-04-17 15:11:00+00:00,2026-04-17 15:26:00+00:00,long,77901.04,77738.97,SL,-5.2489,344.6774,1.5
2026-04-17 15:38:00+00:00,2026-04-17 15:42:00+00:00,long,77780.54,77468.19,SL,-5.1702,339.5072,1.5
2026-04-17 15:51:00+00:00,2026-04-17 16:07:00+00:00,long,77663.53,78015.22,TP,10.1852,349.6925,1.5
2026-04-17 16:20:00+00:00,2026-04-17 16:42:00+00:00,long,78176.17,77984.49,SL,-5.2454,344.4471,1.5
2026-04-17 17:03:00+00:00,2026-04-17 17:07:00+00:00,long,77887.44,77730.01,SL,-5.1667,339.2804,1.5
2026-04-17 17:20:00+00:00,2026-04-17 17:45:00+00:00,short,77349.67,77573.98,SL,-5.0892,334.1912,1.5
2026-04-17 17:56:00+00:00,2026-04-17 18:10:00+00:00,short,77503.45,77115.45,TP,10.0257,344.2169,1.5
2026-04-17 18:49:00+00:00,2026-04-17 19:58:00+00:00,short,77264.31,77461.99,SL,-5.1633,339.0536,1.5
2026-04-17 21:15:00+00:00,2026-04-17 22:12:00+00:00,short,77352.85,77509.99,SL,-5.0858,333.9678,1.5
2026-04-17 22:27:00+00:00,2026-04-17 23:00:00+00:00,long,77429.6,77255.17,SL,-5.0095,328.9583,1.5
2026-04-17 23:59:00+00:00,2026-04-18 00:30:00+00:00,short,77072.0,77237.43,SL,-4.9344,324.0239,1.5
2026-04-18 00:33:00+00:00,2026-04-18 01:14:00+00:00,short,77162.09,77319.12,SL,-4.8604,319.1636,1.5
2026-04-18 01:47:00+00:00,2026-04-18 03:53:00+00:00,long,77280.78,77048.49,SL,-4.7875,314.3761,1.5
2026-04-18 04:20:00+00:00,2026-04-18 05:01:00+00:00,short,77007.01,77164.32,SL,-4.7156,309.6605,1.5
2026-04-18 05:48:00+00:00,2026-04-18 08:14:00+00:00,short,77132.51,76803.51,TP,9.2898,318.9503,1.5
2026-04-18 08:35:00+00:00,2026-04-18 08:54:00+00:00,short,76588.75,76742.66,SL,-4.7843,314.166,1.5
2026-04-18 09:02:00+00:00,2026-04-18 10:08:00+00:00,short,76638.19,76265.03,TP,9.425,323.591,1.5
2026-04-18 10:32:00+00:00,2026-04-18 11:39:00+00:00,short,76250.01,75826.46,TP,9.7077,333.2988,1.5
2026-04-18 12:12:00+00:00,2026-04-18 13:40:00+00:00,short,76138.98,75820.29,TP,9.999,343.2977,1.5
2026-04-18 14:05:00+00:00,2026-04-18 14:35:00+00:00,short,76081.67,76240.41,SL,-5.1495,338.1483,1.5
2026-04-18 14:56:00+00:00,2026-04-18 15:51:00+00:00,long,76239.69,76086.81,SL,-5.0722,333.076,1.5
2026-04-18 16:00:00+00:00,2026-04-18 16:12:00+00:00,short,76032.8,76198.83,SL,-4.9961,328.0799,1.5
2026-04-18 16:17:00+00:00,2026-04-18 16:20:00+00:00,short,75860.35,76032.8,SL,-4.9212,323.1587,1.5
2026-04-18 16:33:00+00:00,2026-04-18 18:18:00+00:00,short,75996.49,75676.98,TP,9.6948,332.8535,1.5
2026-04-18 18:32:00+00:00,2026-04-18 19:08:00+00:00,short,75565.01,75764.27,SL,-4.9928,327.8607,1.5
2026-04-18 19:19:00+00:00,2026-04-19 02:25:00+00:00,short,75750.01,75426.5,TP,9.8358,337.6965,1.5
2026-04-19 02:51:00+00:00,2026-04-19 04:12:00+00:00,short,75571.31,75724.97,SL,-5.0654,332.631,1.5
2026-04-19 05:02:00+00:00,2026-04-19 07:09:00+00:00,short,75536.41,75230.31,TP,9.9789,342.61,1.5
2026-04-19 08:01:00+00:00,2026-04-19 11:09:00+00:00,short,75203.15,75439.1,SL,-5.1391,337.4708,1.5
2026-04-19 11:38:00+00:00,2026-04-19 13:09:00+00:00,long,75466.75,75770.0,TP,10.1241,347.5949,1.5
2026-04-19 14:01:00+00:00,2026-04-19 14:02:00+00:00,long,75996.41,75844.34,SL,-5.2139,342.381,1.5
2026-04-19 14:13:00+00:00,2026-04-19 14:47:00+00:00,long,75803.99,76146.84,TP,10.2714,352.6524,1.5
2026-04-19 15:12:00+00:00,2026-04-19 15:33:00+00:00,long,76030.0,75771.94,SL,-5.2898,347.3626,1.5
2026-04-19 16:02:00+00:00,2026-04-19 16:54:00+00:00,short,75730.96,75409.35,TP,10.4209,357.7835,1.5
2026-04-19 17:34:00+00:00,2026-04-19 17:52:00+00:00,short,75145.94,74664.86,TP,10.7335,368.517,1.5
2026-04-19 18:24:00+00:00,2026-04-19 18:27:00+00:00,short,74655.71,74842.08,SL,-5.5278,362.9893,1.5
2026-04-19 18:35:00+00:00,2026-04-19 19:00:00+00:00,short,74728.38,74900.0,SL,-5.4448,357.5444,1.5
2026-04-19 19:15:00+00:00,2026-04-19 20:44:00+00:00,short,74933.21,74537.0,TP,10.7263,368.2708,1.5
2026-04-19 21:12:00+00:00,2026-04-19 21:30:00+00:00,short,74623.09,74780.0,SL,-5.5241,362.7467,1.5
2026-04-19 21:42:00+00:00,2026-04-19 21:52:00+00:00,short,74770.9,74429.13,TP,10.8824,373.6291,1.5
2026-04-19 22:23:00+00:00,2026-04-19 22:24:00+00:00,short,73770.36,73942.62,SL,-5.6044,368.0247,1.5
2026-04-19 22:48:00+00:00,2026-04-20 00:23:00+00:00,short,74050.66,74223.65,SL,-5.5204,362.5043,1.5
2026-04-20 00:50:00+00:00,2026-04-20 01:38:00+00:00,long,74310.79,74625.72,TP,10.8751,373.3794,1.5
2026-04-20 02:24:00+00:00,2026-04-20 05:10:00+00:00,long,74446.08,74279.98,SL,-5.6007,367.7787,1.5
2026-04-20 06:11:00+00:00,2026-04-20 06:31:00+00:00,short,74282.24,74439.34,SL,-5.5167,362.2621,1.5
2026-04-20 07:19:00+00:00,2026-04-20 07:21:00+00:00,long,74911.91,75235.61,TP,10.8679,373.1299,1.5
2026-04-20 08:08:00+00:00,2026-04-20 09:06:00+00:00,long,74709.26,75033.26,TP,11.1939,384.3238,1.5
2026-04-20 09:38:00+00:00,2026-04-20 11:01:00+00:00,long,75145.14,74977.27,SL,-5.7649,378.559,1.5
2026-04-20 11:04:00+00:00,2026-04-20 12:10:00+00:00,long,75043.86,75393.54,TP,11.3568,389.9157,1.5
2026-04-20 12:49:00+00:00,2026-04-20 13:16:00+00:00,long,75312.73,75130.34,SL,-5.8487,384.067,1.5
2026-04-20 13:31:00+00:00,2026-04-20 13:32:00+00:00,short,74937.91,75125.06,SL,-5.761,378.306,1.5
2026-04-20 13:48:00+00:00,2026-04-20 14:06:00+00:00,short,75125.55,75284.75,SL,-5.6746,372.6314,1.5
2026-04-20 14:08:00+00:00,2026-04-20 14:18:00+00:00,short,75079.74,75247.25,SL,-5.5895,367.0419,1.5
2026-04-20 16:21:00+00:00,2026-04-20 17:18:00+00:00,long,75433.72,75800.59,TP,11.0113,378.0532,1.5
2026-04-20 17:40:00+00:00,2026-04-20 18:03:00+00:00,long,75814.37,76132.06,TP,11.3416,389.3948,1.5
2026-04-20 18:41:00+00:00,2026-04-20 20:21:00+00:00,long,76210.82,76516.12,TP,11.6818,401.0766,1.5
2026-04-20 20:47:00+00:00,2026-04-20 21:10:00+00:00,long,76287.32,76098.68,SL,-6.0161,395.0605,1.5
2026-04-20 21:31:00+00:00,2026-04-20 21:53:00+00:00,short,75800.01,75964.47,SL,-5.9259,389.1346,1.5
2026-04-20 22:13:00+00:00,2026-04-20 23:05:00+00:00,short,76047.37,75734.4,TP,11.674,400.8086,1.5
2026-04-20 23:29:00+00:00,2026-04-20 23:48:00+00:00,short,75658.0,75822.2,SL,-6.0121,394.7965,1.5
2026-04-21 00:00:00+00:00,2026-04-21 00:47:00+00:00,short,75829.44,76015.93,SL,-5.9219,388.8745,1.5
2026-04-21 00:55:00+00:00,2026-04-21 02:01:00+00:00,long,76015.65,75803.6,SL,-5.8331,383.0414,1.5
2026-04-21 02:12:00+00:00,2026-04-21 05:06:00+00:00,short,75705.51,75868.88,SL,-5.7456,377.2958,1.5
2026-04-21 05:24:00+00:00,2026-04-21 05:46:00+00:00,long,75970.13,75804.91,SL,-5.6594,371.6364,1.5
2026-04-21 05:55:00+00:00,2026-04-21 07:24:00+00:00,long,75829.76,76138.08,TP,11.1491,382.7855,1.5
2026-04-21 07:37:00+00:00,2026-04-21 08:47:00+00:00,long,76184.23,76779.54,TP,11.4836,394.269,1.5
2026-04-21 09:14:00+00:00,2026-04-21 09:27:00+00:00,long,76476.68,76316.17,SL,-5.914,388.355,1.5
2026-04-21 09:40:00+00:00,2026-04-21 10:45:00+00:00,long,76291.1,76597.25,TP,11.6507,400.0056,1.5
2026-04-21 11:20:00+00:00,2026-04-21 12:10:00+00:00,long,76536.01,76374.13,SL,-6.0001,394.0055,1.5
2026-04-21 12:39:00+00:00,2026-04-21 12:48:00+00:00,short,76128.79,75823.66,TP,11.8202,405.8257,1.5
2026-04-21 13:30:00+00:00,2026-04-21 13:43:00+00:00,short,75940.58,76172.09,SL,-6.0874,399.7383,1.5
2026-04-21 13:49:00+00:00,2026-04-21 14:16:00+00:00,short,75876.9,76087.26,SL,-5.9961,393.7423,1.5
2026-04-21 14:29:00+00:00,2026-04-21 14:35:00+00:00,short,76117.39,76293.68,SL,-5.9061,387.8361,1.5
2026-04-21 15:26:00+00:00,2026-04-21 15:59:00+00:00,short,75662.0,75834.65,SL,-5.8175,382.0186,1.5
2026-04-21 16:15:00+00:00,2026-04-21 16:34:00+00:00,short,75893.02,76087.33,SL,-5.7303,376.2883,1.5
2026-04-21 17:54:00+00:00,2026-04-21 18:53:00+00:00,short,75617.57,75312.81,TP,11.2886,387.5769,1.5
2026-04-21 19:14:00+00:00,2026-04-21 19:23:00+00:00,short,75607.58,75800.0,SL,-5.8137,381.7633,1.5
2026-04-21 20:32:00+00:00,2026-04-21 20:46:00+00:00,long,75785.53,75583.31,SL,-5.7264,376.0368,1.5
2026-04-21 20:58:00+00:00,2026-04-21 21:10:00+00:00,long,75756.64,75593.99,SL,-5.6406,370.3963,1.5
2026-04-21 21:20:00+00:00,2026-04-21 21:43:00+00:00,long,75651.99,75485.09,SL,-5.5559,364.8403,1.5
2026-04-21 22:07:00+00:00,2026-04-21 22:59:00+00:00,short,75495.56,75650.04,SL,-5.4726,359.3677,1.5
2026-04-21 23:36:00+00:00,2026-04-21 23:45:00+00:00,long,75870.8,76242.63,TP,10.781,370.1488,1.5
2026-04-22 00:39:00+00:00,2026-04-22 01:19:00+00:00,long,76338.33,76184.44,SL,-5.5522,364.5965,1.5
2026-04-22 01:33:00+00:00,2026-04-22 02:10:00+00:00,long,76201.34,76575.99,TP,10.9379,375.5344,1.5
2026-04-22 02:54:00+00:00,2026-04-22 05:16:00+00:00,long,77478.97,77874.17,TP,11.266,386.8005,1.5
2026-04-22 06:13:00+00:00,2026-04-22 07:22:00+00:00,long,78011.79,77825.95,SL,-5.802,380.9985,1.5
2026-04-22 07:33:00+00:00,2026-04-22 08:21:00+00:00,long,77880.78,78211.13,TP,11.43,392.4284,1.5
2026-04-22 08:41:00+00:00,2026-04-22 11:28:00+00:00,long,77980.13,78296.27,TP,11.7729,404.2013,1.5
2026-04-22 11:49:00+00:00,2026-04-22 12:30:00+00:00,long,78308.98,78149.83,SL,-6.063,398.1383,1.5
2026-04-22 12:37:00+00:00,2026-04-22 13:31:00+00:00,long,78247.97,78617.37,TP,11.9441,410.0824,1.5
2026-04-22 13:33:00+00:00,2026-04-22 13:35:00+00:00,long,78518.43,78318.83,SL,-6.1512,403.9312,1.5
2026-04-22 13:41:00+00:00,2026-04-22 14:01:00+00:00,long,78566.43,78886.05,TP,12.1179,416.0491,1.5
2026-04-22 14:11:00+00:00,2026-04-22 14:19:00+00:00,long,78969.06,78804.8,SL,-6.2407,409.8084,1.5
2026-04-22 14:23:00+00:00,2026-04-22 14:30:00+00:00,long,79040.09,78823.52,SL,-6.1471,403.6612,1.5
2026-04-22 14:41:00+00:00,2026-04-22 14:43:00+00:00,long,78912.89,78725.15,SL,-6.0549,397.6063,1.5
2026-04-22 14:48:00+00:00,2026-04-22 15:30:00+00:00,long,78820.01,79249.71,TP,11.9282,409.5345,1.5
2026-04-22 15:54:00+00:00,2026-04-22 16:10:00+00:00,long,79399.99,79237.21,SL,-6.143,403.3915,1.5
2026-04-22 16:34:00+00:00,2026-04-22 16:43:00+00:00,long,78980.01,78777.01,SL,-6.0509,397.3406,1.5
2026-04-22 16:54:00+00:00,2026-04-22 17:01:00+00:00,short,78705.89,78903.57,SL,-5.9601,391.3805,1.5
2026-04-22 17:17:00+00:00,2026-04-22 17:54:00+00:00,short,78822.43,78994.4,SL,-5.8707,385.5098,1.5
2026-04-22 18:13:00+00:00,2026-04-22 19:03:00+00:00,long,78977.83,78789.57,SL,-5.7826,379.7272,1.5
2026-04-22 19:52:00+00:00,2026-04-22 19:57:00+00:00,short,78782.69,78946.64,SL,-5.6959,374.0312,1.5
2026-04-22 20:06:00+00:00,2026-04-22 20:44:00+00:00,short,78836.7,78513.37,TP,11.2209,385.2522,1.5
2026-04-22 20:54:00+00:00,2026-04-22 21:11:00+00:00,short,78440.79,78599.99,SL,-5.7788,379.4734,1.5
2026-04-22 21:21:00+00:00,2026-04-22 21:39:00+00:00,short,78568.45,78749.32,SL,-5.6921,373.7813,1.5
2026-04-22 22:09:00+00:00,2026-04-22 22:19:00+00:00,long,78819.3,78635.99,SL,-5.6067,368.1746,1.5
2026-04-22 23:03:00+00:00,2026-04-23 00:09:00+00:00,short,78474.96,78150.01,TP,11.0452,379.2198,1.5
2026-04-23 00:43:00+00:00,2026-04-23 01:24:00+00:00,short,78393.48,78068.08,TP,11.3766,390.5964,1.5
2026-04-23 01:57:00+00:00,2026-04-23 02:30:00+00:00,short,78323.85,77969.99,TP,11.7179,402.3143,1.5
2026-04-23 02:37:00+00:00,2026-04-23 03:38:00+00:00,short,77925.99,77597.81,TP,12.0694,414.3837,1.5
2026-04-23 03:40:00+00:00,2026-04-23 03:46:00+00:00,short,77522.63,77692.48,SL,-6.2158,408.168,1.5
2026-04-23 04:23:00+00:00,2026-04-23 05:02:00+00:00,short,77831.23,77990.26,SL,-6.1225,402.0455,1.5
2026-04-23 06:26:00+00:00,2026-04-23 06:45:00+00:00,long,78323.39,78160.24,SL,-6.0307,396.0148,1.5
2026-04-23 06:53:00+00:00,2026-04-23 07:47:00+00:00,long,78214.62,78034.54,SL,-5.9402,390.0746,1.5
2026-04-23 07:50:00+00:00,2026-04-23 08:31:00+00:00,long,78107.67,77913.45,SL,-5.8511,384.2234,1.5
2026-04-23 09:03:00+00:00,2026-04-23 10:05:00+00:00,short,77748.47,77378.99,TP,11.5267,395.7501,1.5
2026-04-23 10:48:00+00:00,2026-04-23 11:41:00+00:00,short,77389.06,77548.24,SL,-5.9363,389.8139,1.5
2026-04-23 12:26:00+00:00,2026-04-23 13:27:00+00:00,long,77756.0,77587.99,SL,-5.8472,383.9667,1.5
2026-04-23 13:33:00+00:00,2026-04-23 14:26:00+00:00,short,77606.22,77837.48,SL,-5.7595,378.2072,1.5
2026-04-23 14:46:00+00:00,2026-04-23 15:17:00+00:00,long,77964.17,78408.32,TP,11.3462,389.5534,1.5
2026-04-23 16:00:00+00:00,2026-04-23 16:53:00+00:00,long,78380.54,78169.44,SL,-5.8433,383.7101,1.5
2026-04-23 17:17:00+00:00,2026-04-23 17:39:00+00:00,short,77672.76,77262.5,TP,11.5113,395.2214,1.5
2026-04-23 18:36:00+00:00,2026-04-23 18:49:00+00:00,long,78070.0,77868.71,SL,-5.9283,389.2931,1.5
2026-04-23 19:33:00+00:00,2026-04-23 20:08:00+00:00,short,77711.3,77881.35,SL,-5.8394,383.4537,1.5
2026-04-23 20:14:00+00:00,2026-04-23 20:39:00+00:00,short,77797.33,77981.86,SL,-5.7518,377.7019,1.5
2026-04-23 21:12:00+00:00,2026-04-23 22:19:00+00:00,long,77877.93,78230.11,TP,11.3311,389.0329,1.5
2026-04-23 22:36:00+00:00,2026-04-23 23:12:00+00:00,long,78262.4,78088.54,SL,-5.8355,383.1974,1.5
2026-04-23 23:22:00+00:00,2026-04-24 00:22:00+00:00,long,78118.98,78433.41,TP,11.4959,394.6934,1.5
2026-04-24 02:34:00+00:00,2026-04-24 02:52:00+00:00,long,78306.16,78085.6,SL,-5.9204,388.773,1.5
2026-04-24 03:17:00+00:00,2026-04-24 03:24:00+00:00,short,78054.48,77709.39,TP,11.6632,400.4361,1.5
2026-04-24 04:27:00+00:00,2026-04-24 05:50:00+00:00,short,77670.79,77862.45,SL,-6.0065,394.4296,1.5
2026-04-24 06:40:00+00:00,2026-04-24 07:21:00+00:00,long,77850.46,77689.95,SL,-5.9164,388.5132,1.5
2026-04-24 07:34:00+00:00,2026-04-24 08:15:00+00:00,short,77655.31,77832.23,SL,-5.8277,382.6855,1.5
2026-04-24 08:49:00+00:00,2026-04-24 09:03:00+00:00,long,77846.39,77680.67,SL,-5.7403,376.9452,1.5
2026-04-24 09:50:00+00:00,2026-04-24 10:25:00+00:00,short,77504.88,77727.99,SL,-5.6542,371.291,1.5
2026-04-24 10:48:00+00:00,2026-04-24 11:05:00+00:00,long,77706.62,78072.29,TP,11.1387,382.4297,1.5
2026-04-24 12:02:00+00:00,2026-04-24 12:49:00+00:00,long,78310.14,78130.64,SL,-5.7364,376.6933,1.5
2026-04-24 12:58:00+00:00,2026-04-24 13:53:00+00:00,long,78196.14,78024.1,SL,-5.6504,371.0429,1.5
2026-04-24 14:00:00+00:00,2026-04-24 15:06:00+00:00,short,77950.0,77633.4,TP,11.1313,382.1742,1.5
2026-04-24 15:37:00+00:00,2026-04-24 15:44:00+00:00,short,77802.26,77983.7,SL,-5.7326,376.4416,1.5
2026-04-24 16:40:00+00:00,2026-04-24 22:39:00+00:00,short,77673.02,77303.31,TP,11.2932,387.7348,1.5
2026-04-24 23:20:00+00:00,2026-04-25 01:14:00+00:00,short,77350.01,77514.19,SL,-5.816,381.9188,1.5
2026-04-25 01:34:00+00:00,2026-04-25 10:31:00+00:00,long,77543.72,77856.99,TP,11.4576,393.3764,1.5
2026-04-25 11:16:00+00:00,2026-04-25 12:30:00+00:00,long,77755.76,77575.61,SL,-5.9006,387.4757,1.5
2026-04-25 13:26:00+00:00,2026-04-25 16:37:00+00:00,short,77628.84,77307.13,TP,11.6243,399.1,1.5
