entry_time,exit_time,direction,entry,exit,result,pnl,capital,risk_pct
2025-04-25 18:22:00+00:00,2025-04-25 18:46:00+00:00,long,94839.53,95228.28,TP,2.0,102.0,1.0
2025-04-25 19:03:00+00:00,2025-04-25 19:14:00+00:00,long,95230.13,95034.37,SL,-1.02,100.98,1.0
2025-04-25 19:27:00+00:00,2025-04-25 20:40:00+00:00,long,95055.51,94814.14,SL,-1.0098,99.9702,1.0
2025-04-25 21:15:00+00:00,2025-04-25 21:57:00+00:00,short,94942.25,94500.0,TP,1.9994,101.9696,1.0
2025-04-25 23:08:00+00:00,2025-04-25 23:16:00+00:00,long,94923.99,94722.56,SL,-1.0197,100.9499,1.0
2025-04-25 23:55:00+00:00,2025-04-26 00:47:00+00:00,short,94628.7,94890.0,SL,-1.0095,99.9404,1.0
2025-04-26 01:09:00+00:00,2025-04-26 02:17:00+00:00,long,94948.94,94699.11,SL,-0.9994,98.941,1.0
2025-04-26 03:13:00+00:00,2025-04-26 03:20:00+00:00,long,95004.77,94776.26,SL,-0.9894,97.9516,1.0
2025-04-26 04:13:00+00:00,2025-04-26 08:45:00+00:00,short,94723.45,94339.99,TP,1.959,99.9106,1.0
2025-04-26 09:27:00+00:00,2025-04-26 13:46:00+00:00,short,94260.87,93870.7,TP,1.9982,101.9088,1.0
2025-04-26 13:53:00+00:00,2025-04-26 13:59:00+00:00,short,93954.0,94149.2,SL,-1.0191,100.8898,1.0
2025-04-26 14:06:00+00:00,2025-04-26 14:41:00+00:00,short,94011.46,94246.85,SL,-1.0089,99.8809,1.0
2025-04-26 15:02:00+00:00,2025-04-26 16:43:00+00:00,long,94300.0,94041.01,SL,-0.9988,98.882,1.0
2025-04-26 16:47:00+00:00,2025-04-26 18:56:00+00:00,long,94342.84,94141.49,SL,-0.9888,97.8932,1.0
2025-04-26 19:08:00+00:00,2025-04-26 19:43:00+00:00,short,94104.44,94293.22,SL,-0.9789,96.9143,1.0
2025-04-26 19:59:00+00:00,2025-04-26 20:59:00+00:00,long,94307.5,94087.0,SL,-0.9691,95.9451,1.0
2025-04-26 21:19:00+00:00,2025-04-26 22:00:00+00:00,short,94179.89,94378.46,SL,-0.9595,94.9857,1.0
2025-04-26 22:38:00+00:00,2025-04-27 01:13:00+00:00,long,94728.21,95144.99,TP,1.8997,96.8854,1.0
2025-04-27 01:57:00+00:00,2025-04-27 05:25:00+00:00,short,94285.38,93769.86,TP,1.9377,98.8231,1.0
2025-04-27 05:54:00+00:00,2025-04-27 06:24:00+00:00,short,93911.6,94099.99,SL,-0.9882,97.8349,1.0
2025-04-27 06:26:00+00:00,2025-04-27 08:17:00+00:00,short,93977.46,94215.5,SL,-0.9783,96.8565,1.0
2025-04-27 08:27:00+00:00,2025-04-27 10:35:00+00:00,long,94201.41,93999.6,SL,-0.9686,95.888,1.0
2025-04-27 11:06:00+00:00,2025-04-27 13:07:00+00:00,short,94005.77,93627.91,TP,1.9178,97.8057,1.0
2025-04-27 13:24:00+00:00,2025-04-27 13:39:00+00:00,short,93782.6,93996.0,SL,-0.9781,96.8277,1.0
2025-04-27 13:58:00+00:00,2025-04-27 15:05:00+00:00,long,94065.09,93862.75,SL,-0.9683,95.8594,1.0
2025-04-27 15:28:00+00:00,2025-04-27 17:11:00+00:00,short,93826.09,94020.0,SL,-0.9586,94.9008,1.0
2025-04-27 17:50:00+00:00,2025-04-27 21:37:00+00:00,long,94085.99,94474.9,TP,1.898,96.7988,1.0
2025-04-27 22:20:00+00:00,2025-04-28 00:09:00+00:00,short,93869.38,93445.0,TP,1.936,98.7348,1.0
2025-04-28 00:43:00+00:00,2025-04-28 01:11:00+00:00,short,93608.7,93233.88,TP,1.9747,100.7095,1.0
2025-04-28 01:34:00+00:00,2025-04-28 02:02:00+00:00,short,92901.6,93103.52,SL,-1.0071,99.7024,1.0
2025-04-28 02:13:00+00:00,2025-04-28 02:18:00+00:00,short,93049.37,93258.98,SL,-0.997,98.7054,1.0
2025-04-28 03:15:00+00:00,2025-04-28 04:25:00+00:00,long,93692.56,94075.8,TP,1.9741,100.6795,1.0
2025-04-28 05:01:00+00:00,2025-04-28 06:42:00+00:00,long,94091.13,94507.28,TP,2.0136,102.6931,1.0
2025-04-28 06:57:00+00:00,2025-04-28 10:21:00+00:00,long,94651.75,94400.0,SL,-1.0269,101.6661,1.0
2025-04-28 11:05:00+00:00,2025-04-28 13:31:00+00:00,long,95245.5,94942.16,SL,-1.0167,100.6495,1.0
2025-04-28 13:45:00+00:00,2025-04-28 13:55:00+00:00,short,94595.54,94216.5,TP,2.013,102.6625,1.0
2025-04-28 14:29:00+00:00,2025-04-28 15:07:00+00:00,short,94644.68,94242.42,TP,2.0532,104.7157,1.0
2025-04-28 16:08:00+00:00,2025-04-28 16:33:00+00:00,short,93656.0,93845.51,SL,-1.0472,103.6686,1.0
2025-04-28 16:47:00+00:00,2025-04-28 17:30:00+00:00,short,93916.84,93520.0,TP,2.0734,105.7419,1.0
2025-04-28 19:01:00+00:00,2025-04-28 19:19:00+00:00,long,94259.79,94671.11,TP,2.1148,107.8568,1.0
2025-04-28 20:19:00+00:00,2025-04-28 21:12:00+00:00,long,94588.06,94386.24,SL,-1.0786,106.7782,1.0
2025-04-28 21:24:00+00:00,2025-04-28 22:50:00+00:00,long,94428.0,94818.86,TP,2.1356,108.9138,1.0
2025-04-28 23:04:00+00:00,2025-04-29 01:11:00+00:00,long,94898.66,95416.23,TP,2.1783,111.092,1.0
2025-04-29 01:25:00+00:00,2025-04-29 02:01:00+00:00,long,95039.0,94806.76,SL,-1.1109,109.9811,1.0
2025-04-29 02:44:00+00:00,2025-04-29 04:53:00+00:00,short,94750.0,94342.5,TP,2.1996,112.1807,1.0
2025-04-29 05:36:00+00:00,2025-04-29 06:14:00+00:00,short,94289.01,94481.42,SL,-1.1218,111.0589,1.0
2025-04-29 06:52:00+00:00,2025-04-29 11:13:00+00:00,long,94746.88,95156.85,TP,2.2212,113.2801,1.0
2025-04-29 11:51:00+00:00,2025-04-29 12:27:00+00:00,long,95097.37,94900.03,SL,-1.1328,112.1473,1.0
2025-04-29 12:50:00+00:00,2025-04-29 14:08:00+00:00,short,94861.22,95067.39,SL,-1.1215,111.0258,1.0
2025-04-29 14:12:00+00:00,2025-04-29 14:38:00+00:00,short,94836.82,95140.0,SL,-1.1103,109.9156,1.0
2025-04-29 15:08:00+00:00,2025-04-29 15:17:00+00:00,long,95115.39,94898.11,SL,-1.0992,108.8164,1.0
2025-04-29 15:34:00+00:00,2025-04-29 15:43:00+00:00,short,94773.43,94977.81,SL,-1.0882,107.7283,1.0
2025-04-29 15:51:00+00:00,2025-04-29 16:27:00+00:00,short,94876.72,95073.01,SL,-1.0773,106.651,1.0
2025-04-29 17:44:00+00:00,2025-04-29 20:20:00+00:00,long,95191.57,94968.97,SL,-1.0665,105.5845,1.0
2025-04-29 20:52:00+00:00,2025-04-29 21:23:00+00:00,short,94839.6,94451.65,TP,2.1117,107.6962,1.0
2025-04-29 21:49:00+00:00,2025-04-29 21:58:00+00:00,short,94552.27,94742.64,SL,-1.077,106.6192,1.0
2025-04-29 22:02:00+00:00,2025-04-29 22:10:00+00:00,short,94629.27,94244.39,TP,2.1324,108.7516,1.0
2025-04-29 22:59:00+00:00,2025-04-29 23:11:00+00:00,short,94163.67,93780.01,TP,2.175,110.9266,1.0
2025-04-29 23:59:00+00:00,2025-04-30 00:21:00+00:00,short,94256.82,94448.24,SL,-1.1093,109.8174,1.0
2025-04-30 00:34:00+00:00,2025-04-30 01:46:00+00:00,long,94547.44,94354.16,SL,-1.0982,108.7192,1.0
2025-04-30 01:54:00+00:00,2025-04-30 03:45:00+00:00,long,94452.99,94836.0,TP,2.1744,110.8936,1.0
2025-04-30 04:33:00+00:00,2025-04-30 06:42:00+00:00,long,94975.48,94776.82,SL,-1.1089,109.7846,1.0
2025-04-30 06:58:00+00:00,2025-04-30 09:41:00+00:00,short,94751.99,94955.17,SL,-1.0978,108.6868,1.0
2025-04-30 10:14:00+00:00,2025-04-30 12:32:00+00:00,long,94938.73,94724.79,SL,-1.0869,107.5999,1.0
2025-04-30 13:08:00+00:00,2025-04-30 13:26:00+00:00,short,94397.29,94638.0,SL,-1.076,106.5239,1.0
2025-04-30 13:37:00+00:00,2025-04-30 13:41:00+00:00,short,94252.25,93815.4,TP,2.1305,108.6544,1.0
2025-04-30 14:37:00+00:00,2025-04-30 16:41:00+00:00,short,93969.79,94170.37,SL,-1.0865,107.5678,1.0
2025-04-30 18:07:00+00:00,2025-04-30 18:29:00+00:00,long,94354.04,94159.83,SL,-1.0757,106.4922,1.0
2025-04-30 18:46:00+00:00,2025-04-30 19:22:00+00:00,long,94129.82,93940.0,SL,-1.0649,105.4272,1.0
2025-04-30 20:28:00+00:00,2025-04-30 21:11:00+00:00,long,94706.37,94500.01,SL,-1.0543,104.373,1.0
2025-04-30 21:17:00+00:00,2025-04-30 21:54:00+00:00,long,94641.65,94421.35,SL,-1.0437,103.3292,1.0
2025-04-30 22:00:00+00:00,2025-04-30 22:31:00+00:00,long,94548.21,94315.08,SL,-1.0333,102.296,1.0
2025-04-30 22:46:00+00:00,2025-05-01 00:52:00+00:00,short,94195.5,94391.29,SL,-1.023,101.273,1.0
2025-05-01 01:00:00+00:00,2025-05-01 02:07:00+00:00,long,94398.51,94777.63,TP,2.0255,103.2985,1.0
2025-05-01 02:24:00+00:00,2025-05-01 08:54:00+00:00,long,94799.99,95184.33,TP,2.066,105.3644,1.0
2025-05-01 09:17:00+00:00,2025-05-01 09:50:00+00:00,long,95215.0,95667.46,TP,2.1073,107.4717,1.0
2025-05-01 10:07:00+00:00,2025-05-01 10:19:00+00:00,long,95713.85,96214.0,TP,2.1494,109.6211,1.0
2025-05-01 10:54:00+00:00,2025-05-01 11:24:00+00:00,long,96171.78,95940.85,SL,-1.0962,108.5249,1.0
2025-05-01 11:31:00+00:00,2025-05-01 12:41:00+00:00,long,96015.07,96455.68,TP,2.1705,110.6954,1.0
2025-05-01 13:06:00+00:00,2025-05-01 13:39:00+00:00,long,96415.38,96186.0,SL,-1.107,109.5885,1.0
2025-05-01 13:49:00+00:00,2025-05-01 13:53:00+00:00,long,96160.37,95944.9,SL,-1.0959,108.4926,1.0
2025-05-01 14:36:00+00:00,2025-05-01 15:04:00+00:00,long,96512.34,96927.34,TP,2.1699,110.6624,1.0
2025-05-01 16:01:00+00:00,2025-05-01 17:39:00+00:00,long,97008.51,96744.0,SL,-1.1066,109.5558,1.0
2025-05-01 18:10:00+00:00,2025-05-01 18:48:00+00:00,short,96680.0,96892.7,SL,-1.0956,108.4603,1.0
2025-05-01 19:25:00+00:00,2025-05-01 19:36:00+00:00,short,96445.77,96674.48,SL,-1.0846,107.3757,1.0
2025-05-01 19:43:00+00:00,2025-05-01 20:15:00+00:00,short,96547.62,96782.54,SL,-1.0738,106.3019,1.0
2025-05-01 21:22:00+00:00,2025-05-01 21:44:00+00:00,short,96570.25,96774.72,SL,-1.063,105.2389,1.0
2025-05-01 21:48:00+00:00,2025-05-01 23:05:00+00:00,short,96617.03,96221.58,TP,2.1048,107.3437,1.0
2025-05-01 23:31:00+00:00,2025-05-01 23:56:00+00:00,short,96303.91,96500.0,SL,-1.0734,106.2702,1.0
2025-05-02 00:10:00+00:00,2025-05-02 00:56:00+00:00,long,96642.85,97036.23,TP,2.1254,108.3956,1.0
2025-05-02 01:20:00+00:00,2025-05-02 01:31:00+00:00,long,97119.05,96908.66,SL,-1.084,107.3117,1.0
2025-05-02 01:50:00+00:00,2025-05-02 05:53:00+00:00,long,96875.49,96680.33,SL,-1.0731,106.2386,1.0
2025-05-02 06:20:00+00:00,2025-05-02 06:29:00+00:00,short,96625.38,96820.75,SL,-1.0624,105.1762,1.0
2025-05-02 06:37:00+00:00,2025-05-02 07:37:00+00:00,short,96762.49,96372.0,TP,2.1035,107.2797,1.0
2025-05-02 07:55:00+00:00,2025-05-02 08:18:00+00:00,short,96400.51,96627.95,SL,-1.0728,106.2069,1.0
2025-05-02 08:26:00+00:00,2025-05-02 09:10:00+00:00,short,96594.33,96787.99,SL,-1.0621,105.1448,1.0
2025-05-02 09:30:00+00:00,2025-05-02 12:56:00+00:00,long,96747.1,97148.79,TP,2.1029,107.2477,1.0
2025-05-02 13:23:00+00:00,2025-05-02 13:36:00+00:00,long,96896.82,96700.41,SL,-1.0725,106.1752,1.0
2025-05-02 13:43:00+00:00,2025-05-02 14:35:00+00:00,long,96890.49,97375.84,TP,2.1235,108.2988,1.0
2025-05-02 14:49:00+00:00,2025-05-02 15:25:00+00:00,long,97624.54,97341.26,SL,-1.083,107.2158,1.0
2025-05-02 15:34:00+00:00,2025-05-02 16:25:00+00:00,long,97354.73,97783.01,TP,2.1443,109.3601,1.0
2025-05-02 16:46:00+00:00,2025-05-02 16:54:00+00:00,long,97637.11,97418.87,SL,-1.0936,108.2665,1.0
2025-05-02 17:41:00+00:00,2025-05-02 18:04:00+00:00,short,97268.86,97467.47,SL,-1.0827,107.1838,1.0
2025-05-02 18:34:00+00:00,2025-05-02 18:50:00+00:00,long,97534.39,97289.14,SL,-1.0718,106.112,1.0
2025-05-02 19:10:00+00:00,2025-05-02 21:55:00+00:00,short,97027.7,96567.07,TP,2.1222,108.2342,1.0
2025-05-02 22:16:00+00:00,2025-05-02 23:32:00+00:00,short,96598.43,96792.6,SL,-1.0823,107.1519,1.0
2025-05-02 23:40:00+00:00,2025-05-03 03:28:00+00:00,short,96780.03,96378.08,TP,2.143,109.2949,1.0
2025-05-03 03:35:00+00:00,2025-05-03 04:23:00+00:00,short,96316.0,96519.99,SL,-1.0929,108.202,1.0
2025-05-03 04:29:00+00:00,2025-05-03 10:36:00+00:00,short,96477.98,96069.19,TP,2.164,110.366,1.0
2025-05-03 10:49:00+00:00,2025-05-03 12:43:00+00:00,short,95939.0,96137.1,SL,-1.1037,109.2623,1.0
2025-05-03 12:47:00+00:00,2025-05-03 17:16:00+00:00,long,96154.62,95952.38,SL,-1.0926,108.1697,1.0
2025-05-03 17:36:00+00:00,2025-05-03 18:14:00+00:00,short,96007.93,96211.49,SL,-1.0817,107.088,1.0
2025-05-03 18:22:00+00:00,2025-05-03 23:25:00+00:00,long,96258.43,96039.69,SL,-1.0709,106.0171,1.0
2025-05-04 00:23:00+00:00,2025-05-04 02:02:00+00:00,short,95950.0,96215.43,SL,-1.0602,104.957,1.0
2025-05-04 03:06:00+00:00,2025-05-04 05:26:00+00:00,short,95762.0,95965.1,SL,-1.0496,103.9074,1.0
2025-05-04 05:43:00+00:00,2025-05-04 08:24:00+00:00,long,95986.68,95722.76,SL,-1.0391,102.8683,1.0
2025-05-04 09:01:00+00:00,2025-05-04 22:03:00+00:00,short,95609.29,95182.38,TP,2.0574,104.9257,1.0
2025-05-04 22:32:00+00:00,2025-05-04 23:27:00+00:00,short,94937.66,94455.61,TP,2.0985,107.0242,1.0
2025-05-04 23:43:00+00:00,2025-05-05 00:12:00+00:00,short,94231.62,94428.57,SL,-1.0702,105.954,1.0
2025-05-05 00:37:00+00:00,2025-05-05 01:18:00+00:00,short,94740.91,94346.54,TP,2.1191,108.073,1.0
2025-05-05 01:27:00+00:00,2025-05-05 01:32:00+00:00,short,94263.95,93872.23,TP,2.1615,110.2345,1.0
2025-05-05 02:01:00+00:00,2025-05-05 02:14:00+00:00,short,93812.19,94059.43,SL,-1.1023,109.1322,1.0
2025-05-05 02:28:00+00:00,2025-05-05 04:42:00+00:00,short,94207.17,94396.46,SL,-1.0913,108.0408,1.0
2025-05-05 04:44:00+00:00,2025-05-05 10:39:00+00:00,long,94423.84,94160.54,SL,-1.0804,106.9604,1.0
2025-05-05 11:23:00+00:00,2025-05-05 12:31:00+00:00,short,94154.84,94344.85,SL,-1.0696,105.8908,1.0
2025-05-05 12:33:00+00:00,2025-05-05 13:40:00+00:00,short,94240.68,93791.8,TP,2.1178,108.0086,1.0
2025-05-05 14:10:00+00:00,2025-05-05 14:33:00+00:00,short,94192.56,93812.12,TP,2.1602,110.1688,1.0
2025-05-05 14:53:00+00:00,2025-05-05 15:49:00+00:00,short,93995.0,93613.67,TP,2.2034,112.3722,1.0
2025-05-05 17:04:00+00:00,2025-05-05 18:07:00+00:00,long,94258.7,94639.98,TP,2.2474,114.6196,1.0
2025-05-05 18:32:00+00:00,2025-05-05 19:43:00+00:00,long,94685.68,94493.29,SL,-1.1462,113.4734,1.0
2025-05-05 20:00:00+00:00,2025-05-05 20:34:00+00:00,short,94317.08,93901.68,TP,2.2695,115.7429,1.0
2025-05-05 21:43:00+00:00,2025-05-05 22:19:00+00:00,long,94586.35,94965.84,TP,2.3149,118.0578,1.0
2025-05-05 22:32:00+00:00,2025-05-05 23:48:00+00:00,long,94990.0,94800.0,SL,-1.1806,116.8772,1.0
2025-05-05 23:56:00+00:00,2025-05-06 00:18:00+00:00,long,94792.0,94588.23,SL,-1.1688,115.7084,1.0
2025-05-06 00:35:00+00:00,2025-05-06 01:13:00+00:00,short,94541.73,94760.39,SL,-1.1571,114.5513,1.0
2025-05-06 02:07:00+00:00,2025-05-06 03:27:00+00:00,short,94213.26,94412.48,SL,-1.1455,113.4058,1.0
2025-05-06 04:17:00+00:00,2025-05-06 08:11:00+00:00,long,94449.21,94255.29,SL,-1.1341,112.2718,1.0
2025-05-06 09:02:00+00:00,2025-05-06 10:47:00+00:00,short,94309.44,93931.99,TP,2.2454,114.5172,1.0
2025-05-06 11:16:00+00:00,2025-05-06 13:52:00+00:00,short,93983.95,93459.99,TP,2.2903,116.8075,1.0
2025-05-06 15:03:00+00:00,2025-05-06 15:09:00+00:00,long,94278.8,94086.91,SL,-1.1681,115.6395,1.0
2025-05-06 15:12:00+00:00,2025-05-06 15:34:00+00:00,long,94228.58,94650.17,TP,2.3128,117.9523,1.0
2025-05-06 16:12:00+00:00,2025-05-06 16:49:00+00:00,long,94621.37,94389.35,SL,-1.1795,116.7727,1.0
2025-05-06 17:02:00+00:00,2025-05-06 17:31:00+00:00,long,94387.3,94785.57,TP,2.3355,119.1082,1.0
2025-05-06 18:02:00+00:00,2025-05-06 18:56:00+00:00,long,94623.19,95030.47,TP,2.3822,121.4904,1.0
2025-05-06 19:17:00+00:00,2025-05-06 20:02:00+00:00,long,95088.44,94895.24,SL,-1.2149,120.2754,1.0
2025-05-06 20:05:00+00:00,2025-05-06 20:29:00+00:00,long,94985.05,94768.26,SL,-1.2028,119.0727,1.0
2025-05-06 21:12:00+00:00,2025-05-06 22:01:00+00:00,short,94722.52,94972.13,SL,-1.1907,117.882,1.0
2025-05-06 22:17:00+00:00,2025-05-06 22:30:00+00:00,long,95433.34,95815.87,TP,2.3576,120.2396,1.0
2025-05-06 22:42:00+00:00,2025-05-06 23:23:00+00:00,long,96050.24,96546.03,TP,2.4048,122.6444,1.0
2025-05-06 23:43:00+00:00,2025-05-07 00:20:00+00:00,long,96736.36,97221.11,TP,2.4529,125.0973,1.0
2025-05-07 00:46:00+00:00,2025-05-07 02:08:00+00:00,long,97282.87,97023.21,SL,-1.251,123.8463,1.0
2025-05-07 02:18:00+00:00,2025-05-07 02:43:00+00:00,long,96960.31,96744.18,SL,-1.2385,122.6078,1.0
2025-05-07 02:44:00+00:00,2025-05-07 03:17:00+00:00,short,96720.21,96329.57,TP,2.4522,125.06,1.0
2025-05-07 03:43:00+00:00,2025-05-07 04:12:00+00:00,short,96474.0,96699.99,SL,-1.2506,123.8094,1.0
2025-05-07 04:19:00+00:00,2025-05-07 07:34:00+00:00,short,96637.99,96840.0,SL,-1.2381,122.5713,1.0
2025-05-07 07:43:00+00:00,2025-05-07 14:10:00+00:00,long,96870.52,97292.81,TP,2.4514,125.0227,1.0
2025-05-07 14:24:00+00:00,2025-05-07 14:50:00+00:00,long,97369.63,97082.28,SL,-1.2502,123.7725,1.0
2025-05-07 15:36:00+00:00,2025-05-07 16:21:00+00:00,short,96980.76,96547.14,TP,2.4754,126.248,1.0
2025-05-07 17:00:00+00:00,2025-05-07 17:52:00+00:00,short,96861.55,96402.41,TP,2.525,128.7729,1.0
2025-05-07 18:08:00+00:00,2025-05-07 18:17:00+00:00,short,96072.1,96304.34,SL,-1.2877,127.4852,1.0
2025-05-07 18:42:00+00:00,2025-05-07 18:48:00+00:00,short,96592.0,96144.41,TP,2.5497,130.0349,1.0
2025-05-07 19:12:00+00:00,2025-05-07 19:29:00+00:00,short,96404.39,96007.95,TP,2.6007,132.6356,1.0
2025-05-07 19:53:00+00:00,2025-05-07 20:12:00+00:00,short,96175.51,96380.95,SL,-1.3264,131.3092,1.0
2025-05-07 20:18:00+00:00,2025-05-07 20:46:00+00:00,short,96267.98,96499.99,SL,-1.3131,129.9961,1.0
2025-05-07 21:20:00+00:00,2025-05-07 21:46:00+00:00,long,96882.81,97316.26,TP,2.5999,132.5961,1.0
2025-05-07 22:06:00+00:00,2025-05-07 22:18:00+00:00,long,97269.84,97071.26,SL,-1.326,131.2701,1.0
2025-05-07 22:33:00+00:00,2025-05-07 23:46:00+00:00,long,97179.7,96981.51,SL,-1.3127,129.9574,1.0
2025-05-07 23:50:00+00:00,2025-05-08 00:57:00+00:00,long,97079.95,97574.17,TP,2.5991,132.5566,1.0
2025-05-08 02:00:00+00:00,2025-05-08 02:25:00+00:00,long,97959.99,98456.99,TP,2.6511,135.2077,1.0
2025-05-08 03:09:00+00:00,2025-05-08 04:00:00+00:00,long,98793.99,99233.67,TP,2.7042,137.9118,1.0
2025-05-08 04:19:00+00:00,2025-05-08 04:43:00+00:00,long,99389.49,99171.36,SL,-1.3791,136.5327,1.0
2025-05-08 05:01:00+00:00,2025-05-08 05:26:00+00:00,long,99001.72,98782.6,SL,-1.3653,135.1674,1.0
2025-05-08 05:27:00+00:00,2025-05-08 07:23:00+00:00,long,98877.96,99292.0,TP,2.7033,137.8707,1.0
2025-05-08 07:34:00+00:00,2025-05-08 08:49:00+00:00,long,99332.02,99749.09,TP,2.7574,140.6282,1.0
2025-05-08 08:53:00+00:00,2025-05-08 11:23:00+00:00,long,99725.26,99524.03,SL,-1.4063,139.2219,1.0
2025-05-08 11:54:00+00:00,2025-05-08 14:32:00+00:00,short,99465.53,99697.67,SL,-1.3922,137.8297,1.0
2025-05-08 14:50:00+00:00,2025-05-08 14:55:00+00:00,long,99792.0,99436.17,SL,-1.3783,136.4514,1.0
2025-05-08 15:08:00+00:00,2025-05-08 15:22:00+00:00,long,99527.56,99928.26,TP,2.729,139.1804,1.0
2025-05-08 15:39:00+00:00,2025-05-08 15:42:00+00:00,long,100997.59,101447.59,TP,2.7836,141.964,1.0
2025-05-08 16:10:00+00:00,2025-05-08 16:32:00+00:00,long,100970.48,100749.25,SL,-1.4196,140.5444,1.0
2025-05-08 16:35:00+00:00,2025-05-08 17:17:00+00:00,long,100999.99,101425.53,TP,2.8109,143.3552,1.0
2025-05-08 17:55:00+00:00,2025-05-08 18:37:00+00:00,long,101031.71,101438.0,TP,2.8671,146.2223,1.0
2025-05-08 19:20:00+00:00,2025-05-08 20:06:00+00:00,long,101172.92,101796.64,TP,2.9244,149.1468,1.0
2025-05-08 20:29:00+00:00,2025-05-08 20:39:00+00:00,long,101567.01,102191.28,TP,2.9829,152.1297,1.0
2025-05-08 21:15:00+00:00,2025-05-08 21:18:00+00:00,long,102621.89,103179.97,TP,3.0426,155.1723,1.0
2025-05-08 22:13:00+00:00,2025-05-08 22:43:00+00:00,long,102565.82,103086.84,TP,3.1034,158.2758,1.0
2025-05-08 23:08:00+00:00,2025-05-09 00:33:00+00:00,long,102976.29,102751.23,SL,-1.5828,156.693,1.0
2025-05-09 01:04:00+00:00,2025-05-09 01:56:00+00:00,short,102761.91,103060.0,SL,-1.5669,155.1261,1.0
2025-05-09 02:45:00+00:00,2025-05-09 04:58:00+00:00,short,102603.18,102825.39,SL,-1.5513,153.5748,1.0
2025-05-09 05:30:00+00:00,2025-05-09 06:52:00+00:00,long,102807.73,103238.1,TP,3.0715,156.6463,1.0
2025-05-09 07:03:00+00:00,2025-05-09 07:23:00+00:00,long,103286.21,103788.45,TP,3.1329,159.7792,1.0
2025-05-09 07:39:00+00:00,2025-05-09 07:48:00+00:00,long,103799.76,104226.02,TP,3.1956,162.9748,1.0
2025-05-09 08:19:00+00:00,2025-05-09 08:39:00+00:00,long,103574.72,103285.72,SL,-1.6297,161.3451,1.0
2025-05-09 09:10:00+00:00,2025-05-09 09:20:00+00:00,short,102769.24,102992.77,SL,-1.6135,159.7316,1.0
2025-05-09 09:27:00+00:00,2025-05-09 09:32:00+00:00,short,102527.0,102733.01,SL,-1.5973,158.1343,1.0
2025-05-09 09:51:00+00:00,2025-05-09 09:56:00+00:00,short,102609.84,102864.0,SL,-1.5813,156.553,1.0
2025-05-09 10:19:00+00:00,2025-05-09 10:44:00+00:00,short,103033.73,103274.16,SL,-1.5655,154.9874,1.0
2025-05-09 11:16:00+00:00,2025-05-09 11:27:00+00:00,long,103299.99,102917.75,SL,-1.5499,153.4376,1.0
2025-05-09 11:52:00+00:00,2025-05-09 13:37:00+00:00,short,103021.36,103315.54,SL,-1.5344,151.9032,1.0
2025-05-09 14:16:00+00:00,2025-05-09 14:19:00+00:00,long,103696.0,103344.96,SL,-1.519,150.3842,1.0
2025-05-09 14:36:00+00:00,2025-05-09 14:42:00+00:00,short,102647.25,102857.08,SL,-1.5038,148.8803,1.0
2025-05-09 15:10:00+00:00,2025-05-09 16:04:00+00:00,short,103071.23,102628.22,TP,2.9776,151.8579,1.0
2025-05-09 16:29:00+00:00,2025-05-09 17:17:00+00:00,short,102750.62,102964.06,SL,-1.5186,150.3393,1.0
2025-05-09 17:35:00+00:00,2025-05-09 19:21:00+00:00,long,103158.74,102921.39,SL,-1.5034,148.8359,1.0
2025-05-09 19:30:00+00:00,2025-05-09 19:50:00+00:00,short,102901.49,103131.4,SL,-1.4884,147.3476,1.0
2025-05-09 20:48:00+00:00,2025-05-09 21:14:00+00:00,long,103225.97,103007.55,SL,-1.4735,145.8741,1.0
2025-05-09 21:43:00+00:00,2025-05-09 22:00:00+00:00,short,102850.83,103063.49,SL,-1.4587,144.4154,1.0
2025-05-09 22:10:00+00:00,2025-05-10 02:45:00+00:00,short,103005.01,103215.49,SL,-1.4442,142.9712,1.0
2025-05-10 03:58:00+00:00,2025-05-10 06:27:00+00:00,long,103222.23,103675.4,TP,2.8594,145.8306,1.0
2025-05-10 06:57:00+00:00,2025-05-10 09:03:00+00:00,long,103687.12,103478.0,SL,-1.4583,144.3723,1.0
2025-05-10 10:11:00+00:00,2025-05-10 10:47:00+00:00,long,103879.3,103670.18,SL,-1.4437,142.9286,1.0
2025-05-10 10:50:00+00:00,2025-05-10 11:00:00+00:00,long,103800.29,103580.0,SL,-1.4293,141.4993,1.0
2025-05-10 11:30:00+00:00,2025-05-10 12:27:00+00:00,short,103499.87,103744.3,SL,-1.415,140.0843,1.0
2025-05-10 12:52:00+00:00,2025-05-10 14:18:00+00:00,long,103722.27,103421.49,SL,-1.4008,138.6835,1.0
2025-05-10 14:42:00+00:00,2025-05-10 18:37:00+00:00,short,103494.79,103056.39,TP,2.7737,141.4572,1.0
2025-05-10 19:01:00+00:00,2025-05-10 21:45:00+00:00,short,103193.03,103435.85,SL,-1.4146,140.0426,1.0
2025-05-10 22:21:00+00:00,2025-05-10 23:15:00+00:00,long,103721.96,104460.31,TP,2.8009,142.8434,1.0
2025-05-10 23:50:00+00:00,2025-05-11 00:16:00+00:00,long,104613.0,104397.63,SL,-1.4284,141.415,1.0
2025-05-11 00:35:00+00:00,2025-05-11 01:51:00+00:00,long,104324.74,104040.07,SL,-1.4142,140.0009,1.0
2025-05-11 03:33:00+00:00,2025-05-11 03:46:00+00:00,short,103900.0,104149.63,SL,-1.4,138.6008,1.0
2025-05-11 03:55:00+00:00,2025-05-11 04:10:00+00:00,short,104058.96,104365.08,SL,-1.386,137.2148,1.0
2025-05-11 04:48:00+00:00,2025-05-11 05:26:00+00:00,long,104174.61,103889.96,SL,-1.3721,135.8427,1.0
2025-05-11 05:49:00+00:00,2025-05-11 07:41:00+00:00,short,103897.5,103479.99,TP,2.7169,138.5595,1.0
2025-05-11 07:53:00+00:00,2025-05-11 08:03:00+00:00,short,103451.61,103669.77,SL,-1.3856,137.1739,1.0
2025-05-11 08:42:00+00:00,2025-05-11 09:51:00+00:00,long,103941.59,104363.62,TP,2.7435,139.9174,1.0
2025-05-11 10:21:00+00:00,2025-05-11 12:08:00+00:00,long,104376.98,104879.67,TP,2.7983,142.7158,1.0
2025-05-11 12:34:00+00:00,2025-05-11 12:40:00+00:00,long,104777.78,104565.25,SL,-1.4272,141.2886,1.0
2025-05-11 12:48:00+00:00,2025-05-11 13:23:00+00:00,long,104694.48,104484.0,SL,-1.4129,139.8757,1.0
2025-05-11 13:42:00+00:00,2025-05-11 14:15:00+00:00,short,104229.29,103804.35,TP,2.7975,142.6732,1.0
2025-05-11 14:50:00+00:00,2025-05-11 15:13:00+00:00,short,104209.03,104516.43,SL,-1.4267,141.2465,1.0
2025-05-11 16:04:00+00:00,2025-05-11 18:37:00+00:00,short,104001.31,104220.0,SL,-1.4125,139.834,1.0
2025-05-11 19:30:00+00:00,2025-05-11 20:03:00+00:00,long,104534.75,104269.84,SL,-1.3983,138.4357,1.0
2025-05-11 20:12:00+00:00,2025-05-11 21:07:00+00:00,long,104352.52,104124.99,SL,-1.3844,137.0514,1.0
2025-05-11 21:33:00+00:00,2025-05-11 21:53:00+00:00,short,104111.11,104327.91,SL,-1.3705,135.6808,1.0
2025-05-11 22:04:00+00:00,2025-05-12 00:03:00+00:00,short,103982.86,104192.35,SL,-1.3568,134.324,1.0
2025-05-12 00:13:00+00:00,2025-05-12 01:05:00+00:00,long,104301.59,104756.0,TP,2.6865,137.0105,1.0
2025-05-12 02:13:00+00:00,2025-05-12 06:30:00+00:00,short,104015.87,104234.78,SL,-1.3701,135.6404,1.0
2025-05-12 06:46:00+00:00,2025-05-12 07:00:00+00:00,long,104407.02,104997.91,TP,2.7128,138.3532,1.0
2025-05-12 09:36:00+00:00,2025-05-12 11:51:00+00:00,short,104400.0,103939.33,TP,2.7671,141.1203,1.0
2025-05-12 12:46:00+00:00,2025-05-12 13:12:00+00:00,short,103964.0,104216.43,SL,-1.4112,139.7091,1.0
2025-05-12 14:50:00+00:00,2025-05-12 15:04:00+00:00,short,103078.5,102538.3,TP,2.7942,142.5033,1.0
2025-05-12 15:30:00+00:00,2025-05-12 15:49:00+00:00,short,102900.01,102397.01,TP,2.8501,145.3533,1.0
2025-05-12 16:32:00+00:00,2025-05-12 17:58:00+00:00,short,102952.39,102529.52,TP,2.9071,148.2604,1.0
2025-05-12 18:05:00+00:00,2025-05-12 18:28:00+00:00,short,102164.56,101716.64,TP,2.9652,151.2256,1.0
2025-05-12 18:47:00+00:00,2025-05-12 18:53:00+00:00,short,100991.74,101362.88,SL,-1.5123,149.7133,1.0
2025-05-12 19:14:00+00:00,2025-05-12 20:22:00+00:00,short,101859.35,102063.1,SL,-1.4971,148.2162,1.0
2025-05-12 20:53:00+00:00,2025-05-12 21:05:00+00:00,long,102838.39,102605.98,SL,-1.4822,146.734,1.0
2025-05-12 21:33:00+00:00,2025-05-12 22:47:00+00:00,long,102468.72,102932.59,TP,2.9347,149.6687,1.0
2025-05-12 23:04:00+00:00,2025-05-13 00:02:00+00:00,long,102967.88,102665.07,SL,-1.4967,148.172,1.0
2025-05-13 00:31:00+00:00,2025-05-13 01:15:00+00:00,short,102390.67,102658.25,SL,-1.4817,146.6903,1.0
2025-05-13 01:28:00+00:00,2025-05-13 01:41:00+00:00,short,102546.81,102128.18,TP,2.9338,149.6241,1.0
2025-05-13 02:03:00+00:00,2025-05-13 02:19:00+00:00,short,102320.35,101802.84,TP,2.9925,152.6166,1.0
2025-05-13 02:36:00+00:00,2025-05-13 03:28:00+00:00,short,102007.75,101571.42,TP,3.0523,155.6689,1.0
2025-05-13 05:46:00+00:00,2025-05-13 07:16:00+00:00,long,102378.09,102835.31,TP,3.1134,158.7823,1.0
2025-05-13 07:55:00+00:00,2025-05-13 09:18:00+00:00,long,102735.83,103193.28,TP,3.1756,161.958,1.0
2025-05-13 09:35:00+00:00,2025-05-13 11:42:00+00:00,long,103375.77,103813.87,TP,3.2392,165.1971,1.0
2025-05-13 12:04:00+00:00,2025-05-13 12:11:00+00:00,long,103787.76,103499.99,SL,-1.652,163.5452,1.0
2025-05-13 12:25:00+00:00,2025-05-13 14:09:00+00:00,long,103587.31,103286.05,SL,-1.6355,161.9097,1.0
2025-05-13 14:34:00+00:00,2025-05-13 15:06:00+00:00,short,103123.03,103350.99,SL,-1.6191,160.2906,1.0
2025-05-13 15:41:00+00:00,2025-05-13 15:52:00+00:00,long,103694.89,103432.62,SL,-1.6029,158.6877,1.0
2025-05-13 15:58:00+00:00,2025-05-13 16:13:00+00:00,long,103699.99,104284.35,TP,3.1738,161.8615,1.0
2025-05-13 17:03:00+00:00,2025-05-13 17:47:00+00:00,long,103809.54,104249.99,TP,3.2372,165.0987,1.0
2025-05-13 17:59:00+00:00,2025-05-13 19:31:00+00:00,long,104268.17,104698.41,TP,3.302,168.4007,1.0
2025-05-13 19:44:00+00:00,2025-05-13 19:52:00+00:00,long,104839.99,104584.75,SL,-1.684,166.7166,1.0
2025-05-13 20:24:00+00:00,2025-05-13 21:14:00+00:00,long,104499.0,104280.33,SL,-1.6672,165.0495,1.0
2025-05-13 21:24:00+00:00,2025-05-13 21:27:00+00:00,short,104240.8,104510.37,SL,-1.6505,163.399,1.0
2025-05-13 21:40:00+00:00,2025-05-13 23:05:00+00:00,short,104380.95,103934.96,TP,3.268,166.667,1.0
2025-05-13 23:24:00+00:00,2025-05-13 23:46:00+00:00,short,104013.7,104231.97,SL,-1.6667,165.0003,1.0
2025-05-13 23:57:00+00:00,2025-05-14 01:52:00+00:00,short,104148.67,103725.42,TP,3.3,168.3003,1.0
2025-05-14 02:27:00+00:00,2025-05-14 05:04:00+00:00,short,103619.34,103840.26,SL,-1.683,166.6173,1.0
2025-05-14 05:22:00+00:00,2025-05-14 07:15:00+00:00,long,103830.17,103588.0,SL,-1.6662,164.9511,1.0
2025-05-14 08:02:00+00:00,2025-05-14 08:59:00+00:00,short,103667.79,103200.0,TP,3.299,168.2501,1.0
2025-05-14 09:37:00+00:00,2025-05-14 09:57:00+00:00,short,103213.89,103428.49,SL,-1.6825,166.5676,1.0
2025-05-14 10:24:00+00:00,2025-05-14 12:43:00+00:00,long,103760.0,104190.45,TP,3.3314,169.899,1.0
2025-05-14 13:10:00+00:00,2025-05-14 13:44:00+00:00,long,104015.6,103712.79,SL,-1.699,168.2,1.0
2025-05-14 14:06:00+00:00,2025-05-14 14:18:00+00:00,short,103698.45,103279.38,TP,3.364,171.564,1.0
2025-05-14 14:31:00+00:00,2025-05-14 14:37:00+00:00,short,102977.04,103210.26,SL,-1.7156,169.8484,1.0
2025-05-14 14:58:00+00:00,2025-05-14 15:34:00+00:00,short,103268.98,103482.26,SL,-1.6985,168.1499,1.0
2025-05-14 15:44:00+00:00,2025-05-14 16:14:00+00:00,short,103398.84,103607.27,SL,-1.6815,166.4684,1.0
2025-05-14 16:16:00+00:00,2025-05-14 17:16:00+00:00,short,103484.12,103001.01,TP,3.3294,169.7978,1.0
2025-05-14 18:01:00+00:00,2025-05-14 18:19:00+00:00,short,103150.85,103408.79,SL,-1.698,168.0998,1.0
2025-05-14 18:29:00+00:00,2025-05-14 18:59:00+00:00,short,103247.63,103523.81,SL,-1.681,166.4188,1.0
2025-05-14 19:17:00+00:00,2025-05-14 19:45:00+00:00,long,103671.16,103463.2,SL,-1.6642,164.7546,1.0
2025-05-14 20:01:00+00:00,2025-05-15 01:42:00+00:00,long,103462.34,103211.64,SL,-1.6475,163.107,1.0
2025-05-15 02:15:00+00:00,2025-05-15 05:22:00+00:00,short,102962.57,102550.01,TP,3.2621,166.3692,1.0
2025-05-15 05:35:00+00:00,2025-05-15 07:22:00+00:00,short,102485.81,102055.0,TP,3.3274,169.6966,1.0
2025-05-15 07:47:00+00:00,2025-05-15 08:01:00+00:00,short,101745.11,101998.99,SL,-1.697,167.9996,1.0
2025-05-15 08:20:00+00:00,2025-05-15 08:31:00+00:00,short,101957.99,102190.46,SL,-1.68,166.3196,1.0
2025-05-15 08:40:00+00:00,2025-05-15 09:35:00+00:00,short,102158.64,101739.36,TP,3.3264,169.646,1.0
2025-05-15 10:04:00+00:00,2025-05-15 10:24:00+00:00,short,101721.12,101930.57,SL,-1.6965,167.9495,1.0
2025-05-15 10:31:00+00:00,2025-05-15 11:04:00+00:00,short,101750.6,101976.56,SL,-1.6795,166.27,1.0
2025-05-15 11:32:00+00:00,2025-05-15 11:38:00+00:00,long,102420.52,102195.1,SL,-1.6627,164.6073,1.0
2025-05-15 11:50:00+00:00,2025-05-15 12:34:00+00:00,long,102338.97,102797.47,TP,3.2921,167.8995,1.0
2025-05-15 13:02:00+00:00,2025-05-15 13:33:00+00:00,long,102658.54,102356.48,SL,-1.679,166.2205,1.0
2025-05-15 14:09:00+00:00,2025-05-15 14:19:00+00:00,short,101936.1,102203.54,SL,-1.6622,164.5583,1.0
2025-05-15 14:29:00+00:00,2025-05-15 14:45:00+00:00,short,102040.94,101586.32,TP,3.2912,167.8495,1.0
2025-05-15 16:36:00+00:00,2025-05-15 16:49:00+00:00,long,103285.71,103714.28,TP,3.357,171.2064,1.0
2025-05-15 17:20:00+00:00,2025-05-15 18:07:00+00:00,long,103999.99,103768.5,SL,-1.7121,169.4944,1.0
2025-05-15 18:12:00+00:00,2025-05-15 18:19:00+00:00,long,103968.26,103724.97,SL,-1.6949,167.7994,1.0
2025-05-15 18:33:00+00:00,2025-05-15 18:36:00+00:00,long,103555.55,103338.27,SL,-1.678,166.1214,1.0
2025-05-15 18:47:00+00:00,2025-05-15 18:58:00+00:00,short,103089.65,102671.93,TP,3.3224,169.4439,1.0
2025-05-15 19:24:00+00:00,2025-05-15 19:48:00+00:00,short,102908.01,103171.79,SL,-1.6944,167.7494,1.0
2025-05-15 19:54:00+00:00,2025-05-15 20:01:00+00:00,short,103048.25,103307.82,SL,-1.6775,166.0719,1.0
2025-05-15 20:08:00+00:00,2025-05-15 20:21:00+00:00,short,103142.85,103362.9,SL,-1.6607,164.4112,1.0
2025-05-15 20:43:00+00:00,2025-05-15 21:03:00+00:00,long,103466.98,103206.35,SL,-1.6441,162.7671,1.0
2025-05-15 22:01:00+00:00,2025-05-15 22:14:00+00:00,long,103357.1,103777.78,TP,3.2553,166.0224,1.0
2025-05-15 23:02:00+00:00,2025-05-15 23:17:00+00:00,long,103523.8,103296.0,SL,-1.6602,164.3622,1.0
2025-05-15 23:25:00+00:00,2025-05-15 23:40:00+00:00,long,103437.81,103870.05,TP,3.2872,167.6495,1.0
2025-05-16 00:05:00+00:00,2025-05-16 01:03:00+00:00,long,103881.53,103629.36,SL,-1.6765,165.973,1.0
2025-05-16 01:10:00+00:00,2025-05-16 01:16:00+00:00,long,103799.99,103530.92,SL,-1.6597,164.3132,1.0
2025-05-16 01:17:00+00:00,2025-05-16 01:27:00+00:00,short,103499.71,103714.28,SL,-1.6431,162.6701,1.0
2025-05-16 02:00:00+00:00,2025-05-16 02:18:00+00:00,long,104238.1,103946.51,SL,-1.6267,161.0434,1.0
2025-05-16 02:25:00+00:00,2025-05-16 02:50:00+00:00,long,104333.33,104122.83,SL,-1.6104,159.433,1.0
2025-05-16 02:56:00+00:00,2025-05-16 04:17:00+00:00,long,104185.89,103970.0,SL,-1.5943,157.8386,1.0
2025-05-16 04:41:00+00:00,2025-05-16 05:20:00+00:00,short,103849.99,104063.71,SL,-1.5784,156.2603,1.0
2025-05-16 05:44:00+00:00,2025-05-16 07:43:00+00:00,long,104029.68,103821.2,SL,-1.5626,154.6977,1.0
2025-05-16 09:15:00+00:00,2025-05-16 09:56:00+00:00,short,103570.5,103791.62,SL,-1.547,153.1507,1.0
2025-05-16 10:12:00+00:00,2025-05-16 11:25:00+00:00,long,103860.06,103599.0,SL,-1.5315,151.6192,1.0
2025-05-16 11:43:00+00:00,2025-05-16 13:39:00+00:00,short,103587.52,103879.99,SL,-1.5162,150.103,1.0
2025-05-16 14:16:00+00:00,2025-05-16 14:40:00+00:00,long,103746.41,103528.3,SL,-1.501,148.602,1.0
2025-05-16 15:33:00+00:00,2025-05-16 17:54:00+00:00,long,104071.4,103796.95,SL,-1.486,147.1159,1.0
2025-05-16 18:20:00+00:00,2025-05-16 20:46:00+00:00,short,103958.74,103528.01,TP,2.9423,150.0582,1.0
2025-05-16 21:15:00+00:00,2025-05-17 00:37:00+00:00,short,103653.68,103192.02,TP,3.0012,153.0594,1.0
2025-05-17 01:01:00+00:00,2025-05-17 01:20:00+00:00,short,103194.68,102764.63,TP,3.0612,156.1206,1.0
2025-05-17 01:46:00+00:00,2025-05-17 02:01:00+00:00,short,102730.24,102936.6,SL,-1.5612,154.5594,1.0
2025-05-17 02:12:00+00:00,2025-05-17 02:23:00+00:00,short,102858.81,103087.17,SL,-1.5456,153.0138,1.0
2025-05-17 03:03:00+00:00,2025-05-17 09:17:00+00:00,long,103321.81,103042.64,SL,-1.5301,151.4837,1.0
2025-05-17 09:51:00+00:00,2025-05-17 10:12:00+00:00,short,102808.61,103031.73,SL,-1.5148,149.9688,1.0
2025-05-17 10:19:00+00:00,2025-05-17 14:52:00+00:00,short,102948.01,103161.1,SL,-1.4997,148.4691,1.0
2025-05-17 15:19:00+00:00,2025-05-17 15:52:00+00:00,long,103179.5,102960.49,SL,-1.4847,146.9844,1.0
2025-05-17 16:16:00+00:00,2025-05-17 17:08:00+00:00,short,102914.38,103138.88,SL,-1.4698,145.5146,1.0
2025-05-17 17:28:00+00:00,2025-05-17 18:52:00+00:00,long,103220.14,103004.2,SL,-1.4551,144.0595,1.0
2025-05-17 19:27:00+00:00,2025-05-17 20:51:00+00:00,short,103047.99,103269.43,SL,-1.4406,142.6189,1.0
2025-05-17 21:31:00+00:00,2025-05-17 22:06:00+00:00,long,103304.34,103080.0,SL,-1.4262,141.1927,1.0
2025-05-17 23:03:00+00:00,2025-05-18 00:03:00+00:00,short,103000.01,103212.0,SL,-1.4119,139.7807,1.0
2025-05-18 00:10:00+00:00,2025-05-18 05:53:00+00:00,long,103214.27,103640.0,TP,2.7956,142.5764,1.0
2025-05-18 06:42:00+00:00,2025-05-18 07:55:00+00:00,long,103449.99,103913.83,TP,2.8515,145.4279,1.0
2025-05-18 08:25:00+00:00,2025-05-18 12:06:00+00:00,long,103977.13,103728.01,SL,-1.4543,143.9736,1.0
2025-05-18 12:50:00+00:00,2025-05-18 13:40:00+00:00,long,103925.0,104375.74,TP,2.8795,146.8531,1.0
2025-05-18 13:58:00+00:00,2025-05-18 14:39:00+00:00,long,104747.02,105210.36,TP,2.9371,149.7901,1.0
2025-05-18 15:16:00+00:00,2025-05-18 16:55:00+00:00,long,105320.0,105766.49,TP,2.9958,152.7859,1.0
2025-05-18 17:07:00+00:00,2025-05-18 17:21:00+00:00,long,105873.7,105661.85,SL,-1.5279,151.2581,1.0
2025-05-18 17:41:00+00:00,2025-05-18 17:48:00+00:00,long,105538.27,105298.77,SL,-1.5126,149.7455,1.0
2025-05-18 18:48:00+00:00,2025-05-18 19:24:00+00:00,short,104494.86,104746.14,SL,-1.4975,148.2481,1.0
2025-05-18 19:29:00+00:00,2025-05-18 19:52:00+00:00,short,104544.2,104086.95,TP,2.965,151.213,1.0
2025-05-18 19:53:00+00:00,2025-05-18 20:00:00+00:00,short,104061.92,103520.01,TP,3.0243,154.2373,1.0
2025-05-18 20:51:00+00:00,2025-05-18 21:25:00+00:00,short,104095.24,104304.34,SL,-1.5424,152.6949,1.0
2025-05-18 21:26:00+00:00,2025-05-18 22:00:00+00:00,long,104358.97,104131.12,SL,-1.5269,151.168,1.0
2025-05-18 22:16:00+00:00,2025-05-18 22:20:00+00:00,short,104020.13,104335.79,SL,-1.5117,149.6563,1.0
2025-05-18 22:49:00+00:00,2025-05-18 22:59:00+00:00,long,105420.0,105928.1,TP,2.9931,152.6494,1.0
2025-05-18 23:26:00+00:00,2025-05-18 23:51:00+00:00,long,105772.01,106260.0,TP,3.053,155.7024,1.0
2025-05-19 00:04:00+00:00,2025-05-19 00:08:00+00:00,long,106627.71,107072.78,TP,3.114,158.8164,1.0
2025-05-19 01:09:00+00:00,2025-05-19 01:34:00+00:00,short,104978.62,105225.24,SL,-1.5882,157.2283,1.0
2025-05-19 01:39:00+00:00,2025-05-19 02:16:00+00:00,short,104997.73,104569.01,TP,3.1446,160.3728,1.0
2025-05-19 02:41:00+00:00,2025-05-19 03:06:00+00:00,short,104834.15,104406.85,TP,3.2075,163.5803,1.0
2025-05-19 03:39:00+00:00,2025-05-19 03:54:00+00:00,short,104041.04,103616.47,TP,3.2716,166.8519,1.0
2025-05-19 04:23:00+00:00,2025-05-19 04:34:00+00:00,short,103272.75,103525.23,SL,-1.6685,165.1834,1.0
2025-05-19 04:40:00+00:00,2025-05-19 05:04:00+00:00,short,103126.9,102700.53,TP,3.3037,168.487,1.0
2025-05-19 05:16:00+00:00,2025-05-19 05:32:00+00:00,short,102748.44,102975.51,SL,-1.6849,166.8022,1.0
2025-05-19 05:47:00+00:00,2025-05-19 06:12:00+00:00,short,102906.92,103140.32,SL,-1.668,165.1342,1.0
2025-05-19 06:16:00+00:00,2025-05-19 06:31:00+00:00,short,102894.88,102414.77,TP,3.3027,168.4368,1.0
2025-05-19 06:58:00+00:00,2025-05-19 07:04:00+00:00,short,102229.09,102463.19,SL,-1.6844,166.7525,1.0
2025-05-19 07:28:00+00:00,2025-05-19 07:43:00+00:00,short,102786.23,103061.09,SL,-1.6675,165.0849,1.0
2025-05-19 08:16:00+00:00,2025-05-19 08:43:00+00:00,long,103214.11,102960.74,SL,-1.6508,163.4341,1.0
2025-05-19 08:48:00+00:00,2025-05-19 10:03:00+00:00,long,103185.98,102966.51,SL,-1.6343,161.7998,1.0
2025-05-19 10:36:00+00:00,2025-05-19 12:18:00+00:00,short,102956.52,102481.78,TP,3.236,165.0358,1.0
2025-05-19 12:35:00+00:00,2025-05-19 13:33:00+00:00,short,102403.92,102685.17,SL,-1.6504,163.3854,1.0
2025-05-19 14:01:00+00:00,2025-05-19 14:03:00+00:00,long,103580.15,103366.23,SL,-1.6339,161.7515,1.0
2025-05-19 14:17:00+00:00,2025-05-19 14:24:00+00:00,long,103742.78,103531.13,SL,-1.6175,160.134,1.0
2025-05-19 14:34:00+00:00,2025-05-19 14:52:00+00:00,long,103727.49,104164.32,TP,3.2027,163.3367,1.0
2025-05-19 15:33:00+00:00,2025-05-19 16:08:00+00:00,long,104726.06,104507.03,SL,-1.6334,161.7033,1.0
2025-05-19 16:17:00+00:00,2025-05-19 16:48:00+00:00,long,104712.26,105136.86,TP,3.2341,164.9374,1.0
2025-05-19 17:23:00+00:00,2025-05-19 18:19:00+00:00,long,105299.96,105061.36,SL,-1.6494,163.288,1.0
2025-05-19 18:26:00+00:00,2025-05-19 18:30:00+00:00,long,105294.79,104795.99,SL,-1.6329,161.6551,1.0
2025-05-19 18:38:00+00:00,2025-05-19 18:53:00+00:00,long,104950.24,104717.87,SL,-1.6166,160.0386,1.0
2025-05-19 19:03:00+00:00,2025-05-19 19:11:00+00:00,short,104690.66,104923.98,SL,-1.6004,158.4382,1.0
2025-05-19 19:33:00+00:00,2025-05-19 20:05:00+00:00,long,105272.79,105788.86,TP,3.1688,161.607,1.0
2025-05-19 20:23:00+00:00,2025-05-19 20:33:00+00:00,long,105734.32,105516.1,SL,-1.6161,159.9909,1.0
2025-05-19 20:51:00+00:00,2025-05-19 21:26:00+00:00,long,105454.54,105185.7,SL,-1.5999,158.391,1.0
2025-05-19 22:06:00+00:00,2025-05-19 22:16:00+00:00,long,105500.0,105253.1,SL,-1.5839,156.8071,1.0
2025-05-19 22:32:00+00:00,2025-05-19 23:05:00+00:00,long,105340.27,105775.99,TP,3.1361,159.9432,1.0
2025-05-19 23:38:00+00:00,2025-05-20 00:08:00+00:00,long,105505.69,105936.76,TP,3.1989,163.1421,1.0
2025-05-20 00:38:00+00:00,2025-05-20 00:48:00+00:00,long,106025.85,105785.28,SL,-1.6314,161.5107,1.0
2025-05-20 01:01:00+00:00,2025-05-20 01:32:00+00:00,long,105855.66,106323.96,TP,3.2302,164.7409,1.0
2025-05-20 01:53:00+00:00,2025-05-20 02:30:00+00:00,long,106603.98,106377.78,SL,-1.6474,163.0935,1.0
2025-05-20 03:14:00+00:00,2025-05-20 03:26:00+00:00,short,105927.0,106146.36,SL,-1.6309,161.4625,1.0
2025-05-20 03:32:00+00:00,2025-05-20 04:52:00+00:00,short,105808.78,106042.94,SL,-1.6146,159.8479,1.0
2025-05-20 05:11:00+00:00,2025-05-20 05:41:00+00:00,long,106327.42,106100.0,SL,-1.5985,158.2494,1.0
2025-05-20 05:49:00+00:00,2025-05-20 06:07:00+00:00,long,106179.99,105964.31,SL,-1.5825,156.6669,1.0
2025-05-20 06:58:00+00:00,2025-05-20 07:12:00+00:00,short,105500.01,105734.98,SL,-1.5667,155.1003,1.0
2025-05-20 07:17:00+00:00,2025-05-20 07:46:00+00:00,short,105468.58,105042.52,TP,3.102,158.2023,1.0
2025-05-20 08:13:00+00:00,2025-05-20 08:42:00+00:00,short,104935.39,105157.75,SL,-1.582,156.6203,1.0
2025-05-20 08:54:00+00:00,2025-05-20 09:33:00+00:00,short,105133.25,105351.47,SL,-1.5662,155.0541,1.0
2025-05-20 09:38:00+00:00,2025-05-20 11:23:00+00:00,short,105344.17,104913.05,TP,3.1011,158.1551,1.0
2025-05-20 12:34:00+00:00,2025-05-20 13:36:00+00:00,short,104731.71,104308.47,TP,3.1631,161.3182,1.0
2025-05-20 14:02:00+00:00,2025-05-20 14:05:00+00:00,short,104304.35,104577.42,SL,-1.6132,159.7051,1.0
2025-05-20 14:28:00+00:00,2025-05-20 14:46:00+00:00,short,104735.62,104946.71,SL,-1.5971,158.108,1.0
2025-05-20 14:51:00+00:00,2025-05-20 15:27:00+00:00,short,104670.38,104986.59,SL,-1.5811,156.5269,1.0
2025-05-20 15:56:00+00:00,2025-05-20 16:10:00+00:00,long,105388.43,105141.7,SL,-1.5653,154.9617,1.0
2025-05-20 16:18:00+00:00,2025-05-20 17:10:00+00:00,long,105349.99,105880.64,TP,3.0992,158.0609,1.0
2025-05-20 17:45:00+00:00,2025-05-20 18:21:00+00:00,long,106229.89,105974.43,SL,-1.5806,156.4803,1.0
2025-05-20 18:35:00+00:00,2025-05-20 18:42:00+00:00,long,105945.98,105684.64,SL,-1.5648,154.9155,1.0
2025-05-20 18:57:00+00:00,2025-05-20 19:07:00+00:00,short,105343.79,105611.5,SL,-1.5492,153.3663,1.0
2025-05-20 19:50:00+00:00,2025-05-20 20:03:00+00:00,long,106881.29,106599.97,SL,-1.5337,151.8327,1.0
2025-05-20 20:21:00+00:00,2025-05-20 20:37:00+00:00,long,106792.4,106494.15,SL,-1.5183,150.3143,1.0
2025-05-20 20:43:00+00:00,2025-05-20 20:47:00+00:00,long,106645.77,107153.51,TP,3.0063,153.3206,1.0
2025-05-20 21:03:00+00:00,2025-05-20 21:10:00+00:00,long,107184.9,106820.89,SL,-1.5332,151.7874,1.0
2025-05-20 21:24:00+00:00,2025-05-20 21:28:00+00:00,long,106742.91,106454.62,SL,-1.5179,150.2695,1.0
2025-05-20 23:06:00+00:00,2025-05-20 23:46:00+00:00,long,106906.7,106665.6,SL,-1.5027,148.7668,1.0
2025-05-20 23:50:00+00:00,2025-05-21 00:28:00+00:00,long,106846.38,106600.0,SL,-1.4877,147.2792,1.0
2025-05-21 00:32:00+00:00,2025-05-21 00:35:00+00:00,long,106812.0,106504.77,SL,-1.4728,145.8064,1.0
2025-05-21 00:41:00+00:00,2025-05-21 01:58:00+00:00,long,106713.35,106487.87,SL,-1.4581,144.3483,1.0
2025-05-21 02:54:00+00:00,2025-05-21 04:39:00+00:00,long,106916.02,107527.92,TP,2.887,147.2353,1.0
2025-05-21 05:02:00+00:00,2025-05-21 06:30:00+00:00,long,107493.47,107929.65,TP,2.9447,150.18,1.0
2025-05-21 07:37:00+00:00,2025-05-21 09:41:00+00:00,short,106594.57,106164.43,TP,3.0036,153.1836,1.0
2025-05-21 10:20:00+00:00,2025-05-21 11:09:00+00:00,short,106171.61,106420.01,SL,-1.5318,151.6518,1.0
2025-05-21 11:27:00+00:00,2025-05-21 12:06:00+00:00,long,106669.2,106436.94,SL,-1.5165,150.1352,1.0
2025-05-21 12:13:00+00:00,2025-05-21 13:42:00+00:00,long,106491.81,106960.96,TP,3.0027,153.1379,1.0
2025-05-21 14:19:00+00:00,2025-05-21 14:25:00+00:00,long,107659.05,107417.27,SL,-1.5314,151.6066,1.0
2025-05-21 14:39:00+00:00,2025-05-21 14:48:00+00:00,long,107477.99,107920.0,TP,3.0321,154.6387,1.0
2025-05-21 15:43:00+00:00,2025-05-21 15:49:00+00:00,long,108880.0,108633.59,SL,-1.5464,153.0923,1.0
2025-05-21 16:14:00+00:00,2025-05-21 16:34:00+00:00,long,109099.99,109579.38,TP,3.0618,156.1542,1.0
2025-05-21 16:46:00+00:00,2025-05-21 16:56:00+00:00,long,109649.82,109300.0,SL,-1.5615,154.5926,1.0
2025-05-21 17:35:00+00:00,2025-05-21 17:39:00+00:00,short,107152.95,107492.32,SL,-1.5459,153.0467,1.0
2025-05-21 17:44:00+00:00,2025-05-21 17:51:00+00:00,short,106517.07,106748.62,SL,-1.5305,151.5162,1.0
2025-05-21 18:21:00+00:00,2025-05-21 18:34:00+00:00,short,106652.18,106908.23,SL,-1.5152,150.0011,1.0
2025-05-21 18:51:00+00:00,2025-05-21 19:09:00+00:00,short,107168.01,106627.69,TP,3.0,153.0011,1.0
2025-05-21 19:21:00+00:00,2025-05-21 19:23:00+00:00,short,106782.61,107013.75,SL,-1.53,151.4711,1.0
2025-05-21 19:51:00+00:00,2025-05-21 19:53:00+00:00,long,108639.69,108367.14,SL,-1.5147,149.9564,1.0
2025-05-21 20:54:00+00:00,2025-05-21 21:45:00+00:00,long,108019.99,108544.68,TP,2.9991,152.9555,1.0
2025-05-21 22:07:00+00:00,2025-05-21 22:09:00+00:00,long,108545.0,108308.12,SL,-1.5296,151.4259,1.0
2025-05-21 22:21:00+00:00,2025-05-21 22:37:00+00:00,long,108478.58,108928.96,TP,3.0285,154.4544,1.0
2025-05-21 22:43:00+00:00,2025-05-21 23:00:00+00:00,long,108945.78,108724.5,SL,-1.5445,152.9099,1.0
2025-05-21 23:06:00+00:00,2025-05-21 23:15:00+00:00,long,108937.2,109459.16,TP,3.0582,155.9681,1.0
2025-05-21 23:59:00+00:00,2025-05-22 00:40:00+00:00,long,109643.99,109323.5,SL,-1.5597,154.4084,1.0
2025-05-22 00:47:00+00:00,2025-05-22 01:00:00+00:00,long,109624.8,110095.73,TP,3.0882,157.4966,1.0
2025-05-22 01:31:00+00:00,2025-05-22 01:36:00+00:00,long,110205.23,109941.18,SL,-1.575,155.9216,1.0
2025-05-22 01:51:00+00:00,2025-05-22 02:24:00+00:00,long,109970.98,110466.16,TP,3.1184,159.0401,1.0
2025-05-22 03:04:00+00:00,2025-05-22 03:42:00+00:00,long,110605.92,111240.46,TP,3.1808,162.2209,1.0
2025-05-22 04:29:00+00:00,2025-05-22 05:10:00+00:00,long,111488.84,111229.21,SL,-1.6222,160.5986,1.0
2025-05-22 05:16:00+00:00,2025-05-22 05:55:00+00:00,long,111406.88,111030.96,SL,-1.606,158.9927,1.0
2025-05-22 06:11:00+00:00,2025-05-22 07:03:00+00:00,short,110930.01,110478.27,TP,3.1799,162.1725,1.0
2025-05-22 07:24:00+00:00,2025-05-22 07:37:00+00:00,short,110727.9,110978.91,SL,-1.6217,160.5508,1.0
2025-05-22 07:44:00+00:00,2025-05-22 07:56:00+00:00,short,110880.03,111128.78,SL,-1.6055,158.9453,1.0
2025-05-22 08:17:00+00:00,2025-05-22 08:23:00+00:00,long,111160.35,110919.45,SL,-1.5895,157.3558,1.0
2025-05-22 08:51:00+00:00,2025-05-22 09:27:00+00:00,short,110395.2,110657.91,SL,-1.5736,155.7823,1.0
2025-05-22 09:35:00+00:00,2025-05-22 09:38:00+00:00,short,110532.44,110792.07,SL,-1.5578,154.2244,1.0
2025-05-22 09:42:00+00:00,2025-05-22 10:01:00+00:00,short,110618.04,110844.42,SL,-1.5422,152.6822,1.0
2025-05-22 10:21:00+00:00,2025-05-22 11:27:00+00:00,long,110809.52,110576.63,SL,-1.5268,151.1554,1.0
2025-05-22 12:20:00+00:00,2025-05-22 13:59:00+00:00,long,111209.22,110914.49,SL,-1.5116,149.6438,1.0
2025-05-22 14:07:00+00:00,2025-05-22 14:10:00+00:00,long,111136.36,110858.76,SL,-1.4964,148.1474,1.0
2025-05-22 14:11:00+00:00,2025-05-22 14:19:00+00:00,short,110823.56,111081.87,SL,-1.4815,146.6659,1.0
2025-05-22 14:36:00+00:00,2025-05-22 15:19:00+00:00,short,110898.0,111141.95,SL,-1.4667,145.1993,1.0
2025-05-22 15:36:00+00:00,2025-05-22 16:15:00+00:00,long,111215.22,111708.32,TP,2.904,148.1032,1.0
2025-05-22 16:38:00+00:00,2025-05-22 16:56:00+00:00,long,111373.52,111133.56,SL,-1.481,146.6222,1.0
2025-05-22 17:04:00+00:00,2025-05-22 17:23:00+00:00,long,111314.25,111806.35,TP,2.9324,149.5547,1.0
2025-05-22 17:32:00+00:00,2025-05-22 17:45:00+00:00,long,111826.05,111587.02,SL,-1.4955,148.0591,1.0
2025-05-22 18:04:00+00:00,2025-05-22 19:45:00+00:00,long,111528.72,111220.01,SL,-1.4806,146.5785,1.0
2025-05-22 19:55:00+00:00,2025-05-22 20:02:00+00:00,short,111028.51,111360.13,SL,-1.4658,145.1127,1.0
2025-05-22 20:18:00+00:00,2025-05-22 23:32:00+00:00,short,111173.91,111434.54,SL,-1.4511,143.6616,1.0
2025-05-22 23:46:00+00:00,2025-05-23 01:27:00+00:00,long,111482.0,111254.47,SL,-1.4366,142.225,1.0
2025-05-23 01:41:00+00:00,2025-05-23 02:18:00+00:00,short,111289.08,111565.18,SL,-1.4223,140.8027,1.0
2025-05-23 03:09:00+00:00,2025-05-23 04:25:00+00:00,short,111200.94,110730.96,TP,2.8161,143.6188,1.0
2025-05-23 05:18:00+00:00,2025-05-23 06:55:00+00:00,short,110869.58,110420.46,TP,2.8724,146.4912,1.0
2025-05-23 08:23:00+00:00,2025-05-23 09:49:00+00:00,long,110843.05,111321.35,TP,2.9298,149.421,1.0
2025-05-23 10:21:00+00:00,2025-05-23 11:21:00+00:00,long,111031.16,110672.63,SL,-1.4942,147.9268,1.0
2025-05-23 11:37:00+00:00,2025-05-23 11:46:00+00:00,short,110754.3,110070.11,TP,2.9585,150.8853,1.0
2025-05-23 12:13:00+00:00,2025-05-23 12:18:00+00:00,short,108021.41,108319.6,SL,-1.5089,149.3765,1.0
2025-05-23 12:50:00+00:00,2025-05-23 13:03:00+00:00,short,108571.27,108027.58,TP,2.9875,152.364,1.0
2025-05-23 13:41:00+00:00,2025-05-23 13:56:00+00:00,short,109211.31,109554.11,SL,-1.5236,150.8404,1.0
2025-05-23 14:46:00+00:00,2025-05-23 15:04:00+00:00,long,109765.12,109545.45,SL,-1.5084,149.332,1.0
2025-05-23 16:42:00+00:00,2025-05-23 16:47:00+00:00,short,108603.51,108848.15,SL,-1.4933,147.8386,1.0
2025-05-23 17:22:00+00:00,2025-05-23 17:39:00+00:00,long,109738.0,109513.23,SL,-1.4784,146.3602,1.0
2025-05-23 17:52:00+00:00,2025-05-23 18:03:00+00:00,long,109590.78,109311.83,SL,-1.4636,144.8966,1.0
2025-05-23 18:45:00+00:00,2025-05-23 19:13:00+00:00,short,108891.34,109122.83,SL,-1.449,143.4477,1.0
2025-05-23 19:20:00+00:00,2025-05-23 20:07:00+00:00,short,108932.43,108483.69,TP,2.869,146.3166,1.0
2025-05-23 20:33:00+00:00,2025-05-23 22:45:00+00:00,short,108526.98,108088.28,TP,2.9263,149.243,1.0
2025-05-23 23:10:00+00:00,2025-05-23 23:41:00+00:00,short,107581.2,107097.09,TP,2.9849,152.2278,1.0
2025-05-24 00:04:00+00:00,2025-05-24 00:06:00+00:00,short,106913.88,107205.63,SL,-1.5223,150.7055,1.0
2025-05-24 00:24:00+00:00,2025-05-24 00:36:00+00:00,short,107328.94,107673.98,SL,-1.5071,149.1985,1.0
2025-05-24 00:44:00+00:00,2025-05-24 01:08:00+00:00,short,107499.65,107743.05,SL,-1.492,147.7065,1.0
2025-05-24 01:16:00+00:00,2025-05-24 02:39:00+00:00,short,107650.0,107876.99,SL,-1.4771,146.2294,1.0
2025-05-24 02:40:00+00:00,2025-05-24 03:58:00+00:00,long,107878.02,108334.25,TP,2.9246,149.154,1.0
2025-05-24 04:09:00+00:00,2025-05-24 05:46:00+00:00,long,108394.32,108151.99,SL,-1.4915,147.6625,1.0
2025-05-24 05:55:00+00:00,2025-05-24 06:18:00+00:00,long,108237.9,108017.05,SL,-1.4766,146.1859,1.0
2025-05-24 06:25:00+00:00,2025-05-24 06:33:00+00:00,long,108229.44,107892.9,SL,-1.4619,144.724,1.0
2025-05-24 06:47:00+00:00,2025-05-24 06:58:00+00:00,short,107725.33,107951.21,SL,-1.4472,143.2768,1.0
2025-05-24 08:20:00+00:00,2025-05-24 08:34:00+00:00,short,107708.44,107928.57,SL,-1.4328,141.844,1.0
2025-05-24 09:23:00+00:00,2025-05-24 09:59:00+00:00,long,108384.29,108161.69,SL,-1.4184,140.4256,1.0
2025-05-24 10:03:00+00:00,2025-05-24 10:36:00+00:00,long,108247.05,108695.66,TP,2.8085,143.2341,1.0
2025-05-24 11:12:00+00:00,2025-05-24 11:22:00+00:00,long,109444.78,109207.62,SL,-1.4323,141.8017,1.0
2025-05-24 11:30:00+00:00,2025-05-24 11:44:00+00:00,long,109441.98,109175.03,SL,-1.418,140.3837,1.0
2025-05-24 12:04:00+00:00,2025-05-24 12:11:00+00:00,long,109238.11,108988.56,SL,-1.4038,138.9799,1.0
2025-05-24 12:24:00+00:00,2025-05-24 13:13:00+00:00,long,108890.17,108668.11,SL,-1.3898,137.5901,1.0
2025-05-24 13:34:00+00:00,2025-05-24 14:57:00+00:00,short,108778.22,109011.98,SL,-1.3759,136.2142,1.0
2025-05-24 14:58:00+00:00,2025-05-24 16:08:00+00:00,long,109002.91,108784.59,SL,-1.3621,134.852,1.0
2025-05-24 16:29:00+00:00,2025-05-24 16:46:00+00:00,short,108773.55,109036.91,SL,-1.3485,133.5035,1.0
2025-05-24 17:13:00+00:00,2025-05-24 17:18:00+00:00,long,109172.39,108912.8,SL,-1.335,132.1685,1.0
2025-05-24 17:33:00+00:00,2025-05-24 21:21:00+00:00,long,108947.22,108599.99,SL,-1.3217,130.8468,1.0
2025-05-24 21:48:00+00:00,2025-05-24 22:40:00+00:00,short,108728.44,108243.49,TP,2.6169,133.4637,1.0
2025-05-24 22:58:00+00:00,2025-05-24 23:16:00+00:00,short,108016.03,108252.2,SL,-1.3346,132.1291,1.0
2025-05-24 23:24:00+00:00,2025-05-24 23:35:00+00:00,short,107910.46,108168.08,SL,-1.3213,130.8078,1.0
2025-05-24 23:39:00+00:00,2025-05-24 23:46:00+00:00,short,107966.25,107500.01,TP,2.6162,133.424,1.0
2025-05-25 00:17:00+00:00,2025-05-25 00:30:00+00:00,short,107864.98,108086.76,SL,-1.3342,132.0897,1.0
2025-05-25 00:36:00+00:00,2025-05-25 00:43:00+00:00,short,107917.02,107418.03,TP,2.6418,134.7315,1.0
2025-05-25 01:01:00+00:00,2025-05-25 01:03:00+00:00,short,107286.01,107565.47,SL,-1.3473,133.3842,1.0
2025-05-25 01:15:00+00:00,2025-05-25 01:16:00+00:00,short,107246.67,107467.08,SL,-1.3338,132.0504,1.0
2025-05-25 01:35:00+00:00,2025-05-25 02:54:00+00:00,short,107736.53,107975.99,SL,-1.3205,130.7299,1.0
2025-05-25 03:32:00+00:00,2025-05-25 04:11:00+00:00,long,108239.23,108020.89,SL,-1.3073,129.4226,1.0
2025-05-25 04:19:00+00:00,2025-05-25 06:53:00+00:00,long,108001.84,107776.06,SL,-1.2942,128.1283,1.0
2025-05-25 07:00:00+00:00,2025-05-25 08:27:00+00:00,short,107850.15,107413.86,TP,2.5626,130.6909,1.0
2025-05-25 08:42:00+00:00,2025-05-25 09:36:00+00:00,short,107281.78,106801.66,TP,2.6138,133.3047,1.0
2025-05-25 10:10:00+00:00,2025-05-25 10:49:00+00:00,short,107100.0,107318.18,SL,-1.333,131.9717,1.0
2025-05-25 10:52:00+00:00,2025-05-25 12:07:00+00:00,short,107085.66,107344.76,SL,-1.3197,130.6519,1.0
2025-05-25 12:31:00+00:00,2025-05-25 13:18:00+00:00,long,107544.0,107322.86,SL,-1.3065,129.3454,1.0
2025-05-25 13:22:00+00:00,2025-05-25 14:47:00+00:00,long,107397.71,107153.99,SL,-1.2935,128.052,1.0
2025-05-25 15:04:00+00:00,2025-05-25 16:20:00+00:00,short,107165.75,106703.15,TP,2.561,130.613,1.0
2025-05-25 17:03:00+00:00,2025-05-25 19:30:00+00:00,long,107259.4,107693.25,TP,2.6123,133.2253,1.0
2025-05-25 19:56:00+00:00,2025-05-25 20:01:00+00:00,long,107896.01,107656.46,SL,-1.3323,131.893,1.0
2025-05-25 20:21:00+00:00,2025-05-25 21:31:00+00:00,long,107588.47,107176.01,SL,-1.3189,130.5741,1.0
2025-05-25 22:00:00+00:00,2025-05-25 22:03:00+00:00,short,107380.42,107668.0,SL,-1.3057,129.2683,1.0
2025-05-25 22:43:00+00:00,2025-05-25 22:52:00+00:00,long,108597.12,109037.24,TP,2.5854,131.8537,1.0
2025-05-25 23:35:00+00:00,2025-05-26 00:39:00+00:00,long,108732.85,109199.98,TP,2.6371,134.4908,1.0
2025-05-26 00:52:00+00:00,2025-05-26 06:54:00+00:00,long,109411.84,109857.14,TP,2.6898,137.1806,1.0
2025-05-26 07:35:00+00:00,2025-05-26 08:37:00+00:00,long,109953.41,109695.28,SL,-1.3718,135.8088,1.0
2025-05-26 08:53:00+00:00,2025-05-26 09:11:00+00:00,short,109609.18,109832.05,SL,-1.3581,134.4507,1.0
2025-05-26 10:43:00+00:00,2025-05-26 10:54:00+00:00,long,109825.08,109571.43,SL,-1.3445,133.1062,1.0
2025-05-26 11:18:00+00:00,2025-05-26 11:49:00+00:00,short,109599.77,109822.92,SL,-1.3311,131.7751,1.0
2025-05-26 11:53:00+00:00,2025-05-26 12:54:00+00:00,short,109718.26,110010.42,SL,-1.3178,130.4574,1.0
2025-05-26 13:26:00+00:00,2025-05-26 13:54:00+00:00,long,109858.26,109574.46,SL,-1.3046,129.1528,1.0
2025-05-26 14:22:00+00:00,2025-05-26 15:23:00+00:00,short,109545.32,109862.46,SL,-1.2915,127.8613,1.0
2025-05-26 16:03:00+00:00,2025-05-26 16:16:00+00:00,long,110193.18,109966.19,SL,-1.2786,126.5827,1.0
2025-05-26 16:52:00+00:00,2025-05-26 17:03:00+00:00,short,109386.36,109616.73,SL,-1.2658,125.3168,1.0
2025-05-26 17:10:00+00:00,2025-05-26 17:46:00+00:00,short,109409.03,108934.92,TP,2.5063,127.8232,1.0
2025-05-26 18:18:00+00:00,2025-05-26 18:28:00+00:00,short,109072.01,109304.35,SL,-1.2782,126.545,1.0
2025-05-26 18:41:00+00:00,2025-05-26 19:40:00+00:00,short,109379.99,108910.02,TP,2.5309,129.0759,1.0
2025-05-26 20:02:00+00:00,2025-05-26 20:10:00+00:00,short,108980.79,109282.06,SL,-1.2908,127.7851,1.0
2025-05-26 20:20:00+00:00,2025-05-26 20:35:00+00:00,short,109195.61,109428.58,SL,-1.2779,126.5072,1.0
2025-05-26 20:57:00+00:00,2025-05-26 21:18:00+00:00,long,109521.74,109285.72,SL,-1.2651,125.2422,1.0
2025-05-26 21:27:00+00:00,2025-05-26 22:13:00+00:00,long,109316.49,109840.0,TP,2.5048,127.747,1.0
2025-05-26 23:20:00+00:00,2025-05-26 23:52:00+00:00,short,109197.11,109427.37,SL,-1.2775,126.4695,1.0
2025-05-27 00:11:00+00:00,2025-05-27 00:40:00+00:00,long,109487.99,109227.28,SL,-1.2647,125.2048,1.0
2025-05-27 00:47:00+00:00,2025-05-27 01:14:00+00:00,short,109227.28,108723.26,TP,2.5041,127.7089,1.0
2025-05-27 01:46:00+00:00,2025-05-27 02:01:00+00:00,short,108181.49,108428.58,SL,-1.2771,126.4319,1.0
2025-05-27 02:10:00+00:00,2025-05-27 02:26:00+00:00,short,108302.48,108600.96,SL,-1.2643,125.1675,1.0
2025-05-27 02:40:00+00:00,2025-05-27 02:51:00+00:00,short,108469.77,107938.13,TP,2.5034,127.6709,1.0
2025-05-27 04:06:00+00:00,2025-05-27 05:16:00+00:00,long,109031.69,108734.7,SL,-1.2767,126.3942,1.0
2025-05-27 05:27:00+00:00,2025-05-27 05:42:00+00:00,short,108574.62,108803.4,SL,-1.2639,125.1302,1.0
2025-05-27 06:30:00+00:00,2025-05-27 06:53:00+00:00,long,109135.01,108876.65,SL,-1.2513,123.8789,1.0
2025-05-27 07:05:00+00:00,2025-05-27 07:39:00+00:00,long,108954.55,109439.13,TP,2.4776,126.3565,1.0
2025-05-27 08:01:00+00:00,2025-05-27 09:23:00+00:00,long,109738.81,109510.28,SL,-1.2636,125.0929,1.0
2025-05-27 09:33:00+00:00,2025-05-27 13:08:00+00:00,long,109532.0,110111.91,TP,2.5019,127.5948,1.0
2025-05-27 14:01:00+00:00,2025-05-27 14:25:00+00:00,long,110010.12,109723.67,SL,-1.2759,126.3189,1.0
2025-05-27 14:56:00+00:00,2025-05-27 15:08:00+00:00,short,109241.69,109476.19,SL,-1.2632,125.0557,1.0
2025-05-27 15:27:00+00:00,2025-05-27 15:31:00+00:00,short,109565.2,109864.0,SL,-1.2506,123.8051,1.0
2025-05-27 16:16:00+00:00,2025-05-27 17:23:00+00:00,long,110258.75,110031.53,SL,-1.2381,122.5671,1.0
2025-05-27 17:30:00+00:00,2025-05-27 19:00:00+00:00,long,110080.3,109818.18,SL,-1.2257,121.3414,1.0
2025-05-27 19:11:00+00:00,2025-05-27 19:39:00+00:00,short,109688.01,109908.91,SL,-1.2134,120.128,1.0
2025-05-27 19:50:00+00:00,2025-05-27 21:23:00+00:00,short,109846.28,109289.68,TP,2.4026,122.5305,1.0
2025-05-27 22:10:00+00:00,2025-05-27 22:37:00+00:00,short,108802.02,109026.39,SL,-1.2253,121.3052,1.0
2025-05-27 22:49:00+00:00,2025-05-28 00:57:00+00:00,short,108943.65,109234.89,SL,-1.2131,120.0922,1.0
2025-05-28 01:05:00+00:00,2025-05-28 02:15:00+00:00,short,109049.5,108606.95,TP,2.4018,122.494,1.0
2025-05-28 02:50:00+00:00,2025-05-28 04:37:00+00:00,short,108758.98,108977.91,SL,-1.2249,121.2691,1.0
2025-05-28 05:17:00+00:00,2025-05-28 06:10:00+00:00,long,108932.97,108668.04,SL,-1.2127,120.0564,1.0
2025-05-28 06:35:00+00:00,2025-05-28 07:08:00+00:00,short,108718.28,108970.68,SL,-1.2006,118.8558,1.0
2025-05-28 07:37:00+00:00,2025-05-28 08:12:00+00:00,long,108946.56,108701.3,SL,-1.1886,117.6673,1.0
2025-05-28 08:32:00+00:00,2025-05-28 08:37:00+00:00,short,108681.81,109008.92,SL,-1.1767,116.4906,1.0
2025-05-28 09:35:00+00:00,2025-05-28 09:38:00+00:00,short,108507.53,108783.71,SL,-1.1649,115.3257,1.0
2025-05-28 09:58:00+00:00,2025-05-28 12:16:00+00:00,short,108772.38,108991.9,SL,-1.1533,114.1724,1.0
2025-05-28 12:43:00+00:00,2025-05-28 12:53:00+00:00,long,109042.5,108784.27,SL,-1.1417,113.0307,1.0
2025-05-28 13:08:00+00:00,2025-05-28 13:20:00+00:00,long,108889.32,108660.01,SL,-1.1303,111.9004,1.0
2025-05-28 13:40:00+00:00,2025-05-28 13:57:00+00:00,short,108665.16,108071.87,TP,2.238,114.1384,1.0
2025-05-28 14:12:00+00:00,2025-05-28 15:09:00+00:00,short,107902.94,107349.06,TP,2.2828,116.4212,1.0
2025-05-28 15:48:00+00:00,2025-05-28 16:26:00+00:00,short,107227.27,107442.23,SL,-1.1642,115.257,1.0
2025-05-28 16:31:00+00:00,2025-05-28 17:01:00+00:00,short,107350.01,107566.3,SL,-1.1526,114.1044,1.0
2025-05-28 17:18:00+00:00,2025-05-28 17:26:00+00:00,long,107832.37,107532.0,SL,-1.141,112.9634,1.0
2025-05-28 18:06:00+00:00,2025-05-28 18:14:00+00:00,short,107600.01,107830.0,SL,-1.1296,111.8337,1.0
2025-05-28 18:52:00+00:00,2025-05-28 19:08:00+00:00,short,107539.63,107756.19,SL,-1.1183,110.7154,1.0
2025-05-28 19:52:00+00:00,2025-05-28 20:37:00+00:00,short,107123.73,107372.42,SL,-1.1072,109.6082,1.0
2025-05-28 21:38:00+00:00,2025-05-28 22:11:00+00:00,long,107451.62,107196.01,SL,-1.0961,108.5121,1.0
2025-05-28 22:25:00+00:00,2025-05-28 22:54:00+00:00,short,107207.35,107429.6,SL,-1.0851,107.427,1.0
2025-05-29 00:15:00+00:00,2025-05-29 00:55:00+00:00,long,107636.36,108086.96,TP,2.1485,109.5756,1.0
2025-05-29 01:36:00+00:00,2025-05-29 02:52:00+00:00,long,107926.02,108454.54,TP,2.1915,111.7671,1.0
2025-05-29 03:45:00+00:00,2025-05-29 04:16:00+00:00,long,108058.49,107727.28,SL,-1.1177,110.6494,1.0
2025-05-29 04:34:00+00:00,2025-05-29 04:45:00+00:00,short,107716.71,106985.89,TP,2.213,112.8624,1.0
2025-05-29 05:19:00+00:00,2025-05-29 06:21:00+00:00,short,107619.1,107842.69,SL,-1.1286,111.7338,1.0
2025-05-29 07:00:00+00:00,2025-05-29 08:52:00+00:00,long,107891.03,108387.97,TP,2.2347,113.9684,1.0
2025-05-29 09:12:00+00:00,2025-05-29 09:33:00+00:00,long,108603.44,108350.28,SL,-1.1397,112.8288,1.0
2025-05-29 09:49:00+00:00,2025-05-29 13:17:00+00:00,long,108508.38,108286.72,SL,-1.1283,111.7005,1.0
2025-05-29 13:31:00+00:00,2025-05-29 13:41:00+00:00,short,108148.36,107626.67,TP,2.234,113.9345,1.0
2025-05-29 14:07:00+00:00,2025-05-29 14:24:00+00:00,short,107391.53,106950.0,TP,2.2787,116.2132,1.0
2025-05-29 14:31:00+00:00,2025-05-29 14:39:00+00:00,short,106835.47,107148.98,SL,-1.1621,115.051,1.0
2025-05-29 15:03:00+00:00,2025-05-29 15:45:00+00:00,short,107528.97,107046.01,TP,2.301,117.3521,1.0
2025-05-29 15:58:00+00:00,2025-05-29 17:42:00+00:00,short,107010.75,106415.99,TP,2.347,119.6991,1.0
2025-05-29 17:56:00+00:00,2025-05-29 18:26:00+00:00,short,106372.77,106595.53,SL,-1.197,118.5021,1.0
2025-05-29 18:37:00+00:00,2025-05-29 18:58:00+00:00,short,106388.36,105954.27,TP,2.37,120.8722,1.0
2025-05-29 19:08:00+00:00,2025-05-29 20:03:00+00:00,short,105925.82,106140.01,SL,-1.2087,119.6634,1.0
2025-05-29 20:10:00+00:00,2025-05-29 20:21:00+00:00,short,105956.24,106202.76,SL,-1.1966,118.4668,1.0
2025-05-29 20:25:00+00:00,2025-05-29 21:01:00+00:00,short,106107.25,106343.66,SL,-1.1847,117.2821,1.0
2025-05-29 21:38:00+00:00,2025-05-29 22:46:00+00:00,long,106254.48,106010.76,SL,-1.1728,116.1093,1.0
2025-05-29 22:56:00+00:00,2025-05-29 23:48:00+00:00,short,105959.8,105347.4,TP,2.3222,118.4315,1.0
2025-05-30 00:28:00+00:00,2025-05-30 00:49:00+00:00,short,106001.1,105460.0,TP,2.3686,120.8001,1.0
2025-05-30 01:35:00+00:00,2025-05-30 01:42:00+00:00,short,105619.04,105842.45,SL,-1.208,119.5921,1.0
2025-05-30 02:03:00+00:00,2025-05-30 05:37:00+00:00,long,105838.84,106299.99,TP,2.3918,121.984,1.0
2025-05-30 06:08:00+00:00,2025-05-30 06:40:00+00:00,long,106082.03,105859.03,SL,-1.2198,120.7641,1.0
2025-05-30 07:08:00+00:00,2025-05-30 07:21:00+00:00,short,105438.33,105757.6,SL,-1.2076,119.5565,1.0
2025-05-30 07:30:00+00:00,2025-05-30 07:36:00+00:00,short,105516.2,105052.83,TP,2.3911,121.9476,1.0
2025-05-30 08:15:00+00:00,2025-05-30 08:27:00+00:00,short,104968.7,105216.41,SL,-1.2195,120.7281,1.0
2025-05-30 08:40:00+00:00,2025-05-30 09:41:00+00:00,short,105209.84,104671.89,TP,2.4146,123.1427,1.0
2025-05-30 10:21:00+00:00,2025-05-30 12:11:00+00:00,long,105597.48,105258.97,SL,-1.2314,121.9113,1.0
2025-05-30 12:23:00+00:00,2025-05-30 12:28:00+00:00,short,105267.63,105498.8,SL,-1.2191,120.6922,1.0
2025-05-30 13:05:00+00:00,2025-05-30 13:13:00+00:00,long,105855.6,105595.75,SL,-1.2069,119.4852,1.0
2025-05-30 13:51:00+00:00,2025-05-30 14:23:00+00:00,short,105618.24,105180.01,TP,2.3897,121.8749,1.0
2025-05-30 14:48:00+00:00,2025-05-30 15:05:00+00:00,short,105314.27,105540.33,SL,-1.2187,120.6562,1.0
2025-05-30 15:17:00+00:00,2025-05-30 15:28:00+00:00,short,105492.97,105720.0,SL,-1.2066,119.4496,1.0
2025-05-30 15:44:00+00:00,2025-05-30 16:02:00+00:00,long,105702.81,105430.27,SL,-1.1945,118.2551,1.0
2025-05-30 16:50:00+00:00,2025-05-30 17:02:00+00:00,short,103826.4,104034.78,SL,-1.1826,117.0726,1.0
2025-05-30 17:25:00+00:00,2025-05-30 17:53:00+00:00,short,104037.58,104274.37,SL,-1.1707,115.9019,1.0
2025-05-30 17:59:00+00:00,2025-05-30 18:10:00+00:00,short,104183.15,104453.65,SL,-1.159,114.7428,1.0
2025-05-30 18:54:00+00:00,2025-05-30 19:41:00+00:00,long,104809.53,104585.37,SL,-1.1474,113.5954,1.0
2025-05-30 19:50:00+00:00,2025-05-30 20:03:00+00:00,long,104746.25,104523.8,SL,-1.136,112.4595,1.0
2025-05-30 20:26:00+00:00,2025-05-30 20:41:00+00:00,short,104408.29,104653.57,SL,-1.1246,111.3349,1.0
2025-05-30 21:05:00+00:00,2025-05-30 22:26:00+00:00,long,104724.22,104498.34,SL,-1.1133,110.2215,1.0
2025-05-30 22:58:00+00:00,2025-05-31 00:45:00+00:00,short,104040.42,104292.69,SL,-1.1022,109.1193,1.0
2025-05-31 00:49:00+00:00,2025-05-31 01:34:00+00:00,short,104097.57,103472.62,TP,2.1824,111.3017,1.0
2025-05-31 01:46:00+00:00,2025-05-31 02:53:00+00:00,short,103679.94,103165.99,TP,2.226,113.5277,1.0
2025-05-31 03:07:00+00:00,2025-05-31 03:15:00+00:00,short,103092.96,103319.06,SL,-1.1353,112.3924,1.0
2025-05-31 03:34:00+00:00,2025-05-31 03:44:00+00:00,short,103328.03,103545.12,SL,-1.1239,111.2685,1.0
2025-05-31 03:53:00+00:00,2025-05-31 04:25:00+00:00,short,103556.43,103799.25,SL,-1.1127,110.1558,1.0
2025-05-31 04:57:00+00:00,2025-05-31 05:57:00+00:00,long,103805.86,103574.44,SL,-1.1016,109.0543,1.0
2025-05-31 06:32:00+00:00,2025-05-31 06:43:00+00:00,short,103660.47,103886.77,SL,-1.0905,107.9637,1.0
2025-05-31 07:43:00+00:00,2025-05-31 12:45:00+00:00,short,103705.64,103919.96,SL,-1.0796,106.8841,1.0
2025-05-31 13:27:00+00:00,2025-05-31 15:00:00+00:00,long,104196.0,104619.89,TP,2.1377,109.0218,1.0
2025-05-31 15:09:00+00:00,2025-05-31 16:48:00+00:00,long,104618.78,104407.56,SL,-1.0902,107.9316,1.0
2025-05-31 16:53:00+00:00,2025-06-01 01:34:00+00:00,long,104516.99,104279.86,SL,-1.0793,106.8522,1.0
2025-06-01 01:53:00+00:00,2025-06-01 03:45:00+00:00,short,104112.43,104346.17,SL,-1.0685,105.7837,1.0
2025-06-01 04:17:00+00:00,2025-06-01 06:20:00+00:00,long,104469.22,104239.4,SL,-1.0578,104.7259,1.0
2025-06-01 06:47:00+00:00,2025-06-01 09:34:00+00:00,short,104285.72,103857.24,TP,2.0945,106.8204,1.0
2025-06-01 09:40:00+00:00,2025-06-01 11:35:00+00:00,short,103856.48,104100.0,SL,-1.0682,105.7522,1.0
2025-06-01 11:37:00+00:00,2025-06-01 13:16:00+00:00,short,104022.67,104323.05,SL,-1.0575,104.6947,1.0
2025-06-01 13:42:00+00:00,2025-06-01 14:46:00+00:00,long,104323.08,104773.58,TP,2.0939,106.7886,1.0
2025-06-01 15:04:00+00:00,2025-06-01 16:09:00+00:00,long,104652.16,105176.5,TP,2.1358,108.9243,1.0
2025-06-01 16:25:00+00:00,2025-06-01 16:58:00+00:00,long,105260.98,105009.43,SL,-1.0892,107.8351,1.0
2025-06-01 17:09:00+00:00,2025-06-01 18:03:00+00:00,long,105140.0,104881.68,SL,-1.0784,106.7567,1.0
2025-06-01 18:12:00+00:00,2025-06-01 18:23:00+00:00,long,104983.32,104760.0,SL,-1.0676,105.6892,1.0
2025-06-01 19:10:00+00:00,2025-06-01 19:30:00+00:00,short,104840.73,105052.53,SL,-1.0569,104.6323,1.0
2025-06-01 19:47:00+00:00,2025-06-01 20:53:00+00:00,long,105150.0,104937.32,SL,-1.0463,103.586,1.0
2025-06-01 21:57:00+00:00,2025-06-02 02:07:00+00:00,long,105481.1,105268.79,SL,-1.0359,102.5501,1.0
2025-06-02 02:19:00+00:00,2025-06-02 03:17:00+00:00,short,105192.59,104706.86,TP,2.051,104.6011,1.0
2025-06-02 03:49:00+00:00,2025-06-02 06:42:00+00:00,short,104905.61,105115.5,SL,-1.046,103.5551,1.0
2025-06-02 07:03:00+00:00,2025-06-02 08:27:00+00:00,long,105292.02,105864.71,TP,2.0711,105.6262,1.0
2025-06-02 09:43:00+00:00,2025-06-02 11:38:00+00:00,short,104645.9,104218.4,TP,2.1125,107.7387,1.0
2025-06-02 11:51:00+00:00,2025-06-02 12:42:00+00:00,short,104004.08,104270.73,SL,-1.0774,106.6613,1.0
2025-06-02 12:48:00+00:00,2025-06-02 13:37:00+00:00,short,104160.73,104390.19,SL,-1.0666,105.5947,1.0
2025-06-02 13:43:00+00:00,2025-06-02 14:00:00+00:00,short,104191.08,103688.68,TP,2.1119,107.7066,1.0
2025-06-02 15:03:00+00:00,2025-06-02 15:13:00+00:00,short,103983.51,104272.09,SL,-1.0771,106.6296,1.0
2025-06-02 15:42:00+00:00,2025-06-02 16:23:00+00:00,long,104421.72,104180.38,SL,-1.0663,105.5633,1.0
2025-06-02 16:50:00+00:00,2025-06-02 16:56:00+00:00,short,104089.42,104330.92,SL,-1.0556,104.5076,1.0
2025-06-02 17:07:00+00:00,2025-06-02 19:41:00+00:00,long,104298.69,104071.24,SL,-1.0451,103.4625,1.0
2025-06-02 20:57:00+00:00,2025-06-02 21:34:00+00:00,long,104857.14,104617.02,SL,-1.0346,102.4279,1.0
2025-06-02 21:39:00+00:00,2025-06-02 22:14:00+00:00,long,104791.93,105228.43,TP,2.0486,104.4765,1.0
2025-06-02 22:52:00+00:00,2025-06-03 00:14:00+00:00,long,105684.74,106150.0,TP,2.0895,106.566,1.0
2025-06-03 00:46:00+00:00,2025-06-03 02:17:00+00:00,long,106316.65,106094.58,SL,-1.0657,105.5003,1.0
2025-06-03 02:31:00+00:00,2025-06-03 02:46:00+00:00,long,106047.64,105833.27,SL,-1.055,104.4453,1.0
2025-06-03 03:07:00+00:00,2025-06-03 08:12:00+00:00,short,105473.1,105045.34,TP,2.0889,106.5343,1.0
2025-06-03 09:14:00+00:00,2025-06-03 12:15:00+00:00,short,105151.09,105392.47,SL,-1.0653,105.4689,1.0
2025-06-03 12:25:00+00:00,2025-06-03 13:32:00+00:00,long,105384.59,105149.39,SL,-1.0547,104.4142,1.0
2025-06-03 13:40:00+00:00,2025-06-03 14:30:00+00:00,long,105386.0,105907.39,TP,2.0883,106.5025,1.0
2025-06-03 14:41:00+00:00,2025-06-03 14:53:00+00:00,long,106077.51,106521.45,TP,2.1301,108.6326,1.0
2025-06-03 15:23:00+00:00,2025-06-03 15:49:00+00:00,long,106698.99,106454.6,SL,-1.0863,107.5462,1.0
2025-06-03 15:56:00+00:00,2025-06-03 16:08:00+00:00,long,106600.01,106361.46,SL,-1.0755,106.4708,1.0
2025-06-03 16:14:00+00:00,2025-06-03 16:43:00+00:00,long,106448.5,106168.33,SL,-1.0647,105.4061,1.0
2025-06-03 17:30:00+00:00,2025-06-03 19:17:00+00:00,short,105928.0,106209.83,SL,-1.0541,104.352,1.0
2025-06-03 19:33:00+00:00,2025-06-03 19:51:00+00:00,long,106382.87,106169.81,SL,-1.0435,103.3085,1.0
2025-06-03 20:01:00+00:00,2025-06-03 20:06:00+00:00,long,106245.84,106021.88,SL,-1.0331,102.2754,1.0
2025-06-03 20:53:00+00:00,2025-06-03 21:57:00+00:00,short,105748.13,105284.99,TP,2.0455,104.3209,1.0
2025-06-03 23:16:00+00:00,2025-06-04 00:40:00+00:00,short,105635.27,105136.08,TP,2.0864,106.4073,1.0
2025-06-04 01:25:00+00:00,2025-06-04 01:46:00+00:00,long,105709.97,105492.19,SL,-1.0641,105.3432,1.0
2025-06-04 01:54:00+00:00,2025-06-04 05:35:00+00:00,long,105569.06,105353.88,SL,-1.0534,104.2898,1.0
2025-06-04 05:43:00+00:00,2025-06-04 09:42:00+00:00,short,105345.21,105596.29,SL,-1.0429,103.2469,1.0
2025-06-04 10:14:00+00:00,2025-06-04 10:29:00+00:00,long,105953.05,105734.34,SL,-1.0325,102.2144,1.0
2025-06-04 10:43:00+00:00,2025-06-04 11:25:00+00:00,long,105716.95,105450.19,SL,-1.0221,101.1923,1.0
2025-06-04 11:56:00+00:00,2025-06-04 14:00:00+00:00,short,105116.71,104543.04,TP,2.0238,103.2161,1.0
2025-06-04 14:37:00+00:00,2025-06-04 14:48:00+00:00,short,104633.61,104875.85,SL,-1.0322,102.184,1.0
2025-06-04 15:16:00+00:00,2025-06-04 17:50:00+00:00,long,105272.53,105015.86,SL,-1.0218,101.1621,1.0
2025-06-04 18:12:00+00:00,2025-06-04 20:16:00+00:00,short,105116.27,104620.01,TP,2.0232,103.1854,1.0
2025-06-04 20:50:00+00:00,2025-06-04 21:34:00+00:00,short,104639.41,104859.5,SL,-1.0319,102.1535,1.0
2025-06-04 21:47:00+00:00,2025-06-04 22:50:00+00:00,long,104969.2,104744.18,SL,-1.0215,101.132,1.0
2025-06-04 23:03:00+00:00,2025-06-05 00:36:00+00:00,short,104714.31,104930.22,SL,-1.0113,100.1207,1.0
2025-06-05 00:57:00+00:00,2025-06-05 01:50:00+00:00,long,104943.39,104697.85,SL,-1.0012,99.1195,1.0
2025-06-05 02:21:00+00:00,2025-06-05 02:33:00+00:00,short,104840.72,105117.18,SL,-0.9912,98.1283,1.0
2025-06-05 03:11:00+00:00,2025-06-05 05:35:00+00:00,long,105035.2,104787.93,SL,-0.9813,97.147,1.0
2025-06-05 05:53:00+00:00,2025-06-05 09:45:00+00:00,short,104613.2,104864.65,SL,-0.9715,96.1755,1.0
2025-06-05 10:38:00+00:00,2025-06-05 11:31:00+00:00,short,104591.48,104835.99,SL,-0.9618,95.2138,1.0
2025-06-05 12:07:00+00:00,2025-06-05 12:21:00+00:00,long,104910.73,105348.01,TP,1.9043,97.118,1.0
2025-06-05 12:50:00+00:00,2025-06-05 13:39:00+00:00,long,105639.99,105369.73,SL,-0.9712,96.1469,1.0
2025-06-05 14:52:00+00:00,2025-06-05 15:24:00+00:00,short,104479.09,104714.28,SL,-0.9615,95.1854,1.0
2025-06-05 15:35:00+00:00,2025-06-05 16:16:00+00:00,short,104707.54,104269.27,TP,1.9037,97.0891,1.0
2025-06-05 16:31:00+00:00,2025-06-05 16:53:00+00:00,short,103941.97,103500.02,TP,1.9418,99.0309,1.0
2025-06-05 17:25:00+00:00,2025-06-05 18:13:00+00:00,short,103345.12,102770.66,TP,1.9806,101.0115,1.0
2025-06-05 18:39:00+00:00,2025-06-05 19:13:00+00:00,short,103177.23,102715.55,TP,2.0202,103.0317,1.0
2025-06-05 19:45:00+00:00,2025-06-05 20:10:00+00:00,short,102161.61,101699.99,TP,2.0606,105.0924,1.0
2025-06-05 20:35:00+00:00,2025-06-05 20:54:00+00:00,short,101129.51,100679.38,TP,2.1018,107.1942,1.0
2025-06-05 21:13:00+00:00,2025-06-05 21:20:00+00:00,short,100623.98,100854.31,SL,-1.0719,106.1223,1.0
2025-06-05 21:46:00+00:00,2025-06-05 22:48:00+00:00,short,101434.35,101646.24,SL,-1.0612,105.0611,1.0
2025-06-05 22:53:00+00:00,2025-06-05 23:23:00+00:00,short,101569.92,101779.62,SL,-1.0506,104.0104,1.0
2025-06-05 23:58:00+00:00,2025-06-06 00:39:00+00:00,short,101498.54,101732.25,SL,-1.0401,102.9703,1.0
2025-06-06 00:52:00+00:00,2025-06-06 01:52:00+00:00,long,101885.84,101681.78,SL,-1.0297,101.9406,1.0
2025-06-06 01:58:00+00:00,2025-06-06 02:16:00+00:00,long,101844.92,101581.4,SL,-1.0194,100.9212,1.0
2025-06-06 03:17:00+00:00,2025-06-06 04:35:00+00:00,long,102218.6,102633.05,TP,2.0184,102.9397,1.0
2025-06-06 05:08:00+00:00,2025-06-06 07:25:00+00:00,long,102851.02,103374.97,TP,2.0588,104.9984,1.0
2025-06-06 07:49:00+00:00,2025-06-06 08:45:00+00:00,long,103118.52,103531.59,TP,2.1,107.0984,1.0
2025-06-06 09:15:00+00:00,2025-06-06 12:30:00+00:00,long,103616.69,104190.71,TP,2.142,109.2404,1.0
2025-06-06 12:48:00+00:00,2025-06-06 13:40:00+00:00,long,103908.12,104356.67,TP,2.1848,111.4252,1.0
2025-06-06 14:08:00+00:00,2025-06-06 14:40:00+00:00,long,104246.7,104758.99,TP,2.2285,113.6537,1.0
2025-06-06 15:06:00+00:00,2025-06-06 15:09:00+00:00,long,104921.88,104684.31,SL,-1.1365,112.5172,1.0
2025-06-06 15:14:00+00:00,2025-06-06 15:20:00+00:00,long,105166.78,104937.08,SL,-1.1252,111.392,1.0
2025-06-06 15:46:00+00:00,2025-06-06 16:23:00+00:00,long,104811.4,105258.36,TP,2.2278,113.6198,1.0
2025-06-06 16:48:00+00:00,2025-06-06 16:55:00+00:00,long,105045.46,104730.35,SL,-1.1362,112.4836,1.0
2025-06-06 17:27:00+00:00,2025-06-06 17:54:00+00:00,short,104496.68,104725.31,SL,-1.1248,111.3588,1.0
2025-06-06 18:48:00+00:00,2025-06-06 19:48:00+00:00,short,104604.94,104148.87,TP,2.2272,113.586,1.0
2025-06-06 20:26:00+00:00,2025-06-07 00:16:00+00:00,short,104395.35,103906.39,TP,2.2717,115.8577,1.0
2025-06-07 01:42:00+00:00,2025-06-07 03:47:00+00:00,long,104440.83,104866.17,TP,2.3172,118.1748,1.0
2025-06-07 04:24:00+00:00,2025-06-07 06:49:00+00:00,long,104767.16,105199.99,TP,2.3635,120.5383,1.0
2025-06-07 07:22:00+00:00,2025-06-07 08:10:00+00:00,long,105065.35,104846.55,SL,-1.2054,119.333,1.0
2025-06-07 08:11:00+00:00,2025-06-07 10:16:00+00:00,short,104843.18,105061.53,SL,-1.1933,118.1396,1.0
2025-06-07 10:53:00+00:00,2025-06-07 12:42:00+00:00,long,105190.15,105642.46,TP,2.3628,120.5024,1.0
2025-06-07 13:12:00+00:00,2025-06-07 20:14:00+00:00,long,105441.73,105870.06,TP,2.41,122.9125,1.0
2025-06-07 20:49:00+00:00,2025-06-07 23:24:00+00:00,long,105869.99,105651.26,SL,-1.2291,121.6833,1.0
2025-06-07 23:31:00+00:00,2025-06-08 09:27:00+00:00,short,105627.66,105179.7,TP,2.4337,124.117,1.0
2025-06-08 10:00:00+00:00,2025-06-08 10:40:00+00:00,short,105131.23,105366.87,SL,-1.2412,122.8758,1.0
2025-06-08 11:03:00+00:00,2025-06-08 13:48:00+00:00,long,105531.98,106006.59,TP,2.4575,125.3334,1.0
2025-06-08 14:08:00+00:00,2025-06-08 16:11:00+00:00,long,105719.95,106186.05,TP,2.5067,127.84,1.0
2025-06-08 16:36:00+00:00,2025-06-08 22:13:00+00:00,long,106196.13,105942.48,SL,-1.2784,126.5616,1.0
2025-06-08 22:27:00+00:00,2025-06-09 01:55:00+00:00,short,105902.13,105458.93,TP,2.5312,129.0929,1.0
2025-06-09 02:24:00+00:00,2025-06-09 08:54:00+00:00,short,105685.02,105898.98,SL,-1.2909,127.8019,1.0
2025-06-09 09:26:00+00:00,2025-06-09 09:42:00+00:00,long,106012.49,106490.68,TP,2.556,130.358,1.0
2025-06-09 10:12:00+00:00,2025-06-09 10:15:00+00:00,long,106808.11,107345.68,TP,2.6072,132.9651,1.0
2025-06-09 10:45:00+00:00,2025-06-09 11:37:00+00:00,long,107250.75,107679.99,TP,2.6593,135.6244,1.0
2025-06-09 11:58:00+00:00,2025-06-09 13:29:00+00:00,long,107725.85,107489.8,SL,-1.3562,134.2682,1.0
2025-06-09 13:33:00+00:00,2025-06-09 13:36:00+00:00,long,107687.61,107471.08,SL,-1.3427,132.9255,1.0
2025-06-09 15:05:00+00:00,2025-06-09 17:14:00+00:00,long,107710.62,108275.37,TP,2.6585,135.584,1.0
2025-06-09 17:49:00+00:00,2025-06-09 21:04:00+00:00,long,108381.34,108833.2,TP,2.7117,138.2957,1.0
2025-06-09 21:26:00+00:00,2025-06-09 21:29:00+00:00,long,109887.99,110471.04,TP,2.7659,141.0616,1.0
2025-06-09 22:00:00+00:00,2025-06-09 22:07:00+00:00,long,110112.45,109851.66,SL,-1.4106,139.651,1.0
2025-06-09 22:18:00+00:00,2025-06-10 01:01:00+00:00,long,110077.0,109850.0,SL,-1.3965,138.2545,1.0
2025-06-10 01:12:00+00:00,2025-06-10 05:31:00+00:00,short,109779.27,109321.65,TP,2.7651,141.0196,1.0
2025-06-10 05:53:00+00:00,2025-06-10 06:36:00+00:00,short,109264.0,109496.0,SL,-1.4102,139.6094,1.0
2025-06-10 06:48:00+00:00,2025-06-10 07:06:00+00:00,long,109619.99,109388.89,SL,-1.3961,138.2133,1.0
2025-06-10 07:33:00+00:00,2025-06-10 10:16:00+00:00,short,109311.0,109537.19,SL,-1.3821,136.8311,1.0
2025-06-10 11:08:00+00:00,2025-06-10 11:11:00+00:00,short,109226.19,109478.52,SL,-1.3683,135.4628,1.0
2025-06-10 11:28:00+00:00,2025-06-10 12:06:00+00:00,long,109707.56,109488.03,SL,-1.3546,134.1082,1.0
2025-06-10 12:16:00+00:00,2025-06-10 13:41:00+00:00,long,109571.43,109267.19,SL,-1.3411,132.7671,1.0
2025-06-10 14:08:00+00:00,2025-06-10 14:45:00+00:00,short,108983.69,108486.01,TP,2.6553,135.4225,1.0
2025-06-10 15:23:00+00:00,2025-06-10 15:33:00+00:00,short,109021.73,108376.28,TP,2.7085,138.1309,1.0
2025-06-10 16:36:00+00:00,2025-06-10 18:47:00+00:00,short,108903.53,109125.0,SL,-1.3813,136.7496,1.0
2025-06-10 19:20:00+00:00,2025-06-10 19:33:00+00:00,long,109687.32,110261.89,TP,2.735,139.4846,1.0
2025-06-10 20:08:00+00:00,2025-06-10 20:52:00+00:00,long,109366.15,109828.94,TP,2.7897,142.2743,1.0
2025-06-10 21:27:00+00:00,2025-06-10 23:50:00+00:00,long,109769.55,110213.85,TP,2.8455,145.1198,1.0
2025-06-11 01:21:00+00:00,2025-06-11 02:09:00+00:00,short,109630.52,109858.22,SL,-1.4512,143.6686,1.0
2025-06-11 02:17:00+00:00,2025-06-11 09:53:00+00:00,short,109688.95,109244.08,TP,2.8734,146.5419,1.0
2025-06-11 10:24:00+00:00,2025-06-11 12:30:00+00:00,short,109252.0,109784.01,SL,-1.4654,145.0765,1.0
2025-06-11 12:41:00+00:00,2025-06-11 13:32:00+00:00,long,109727.12,109427.01,SL,-1.4508,143.6258,1.0
2025-06-11 13:38:00+00:00,2025-06-11 13:45:00+00:00,long,109823.32,109536.26,SL,-1.4363,142.1895,1.0
2025-06-11 13:51:00+00:00,2025-06-11 14:19:00+00:00,long,109764.62,110270.49,TP,2.8438,145.0333,1.0
2025-06-11 15:01:00+00:00,2025-06-11 15:13:00+00:00,long,109975.67,109755.39,SL,-1.4503,143.583,1.0
2025-06-11 15:22:00+00:00,2025-06-11 16:07:00+00:00,long,109791.05,109548.15,SL,-1.4358,142.1471,1.0
2025-06-11 16:36:00+00:00,2025-06-11 17:24:00+00:00,short,109503.94,109726.7,SL,-1.4215,140.7257,1.0
2025-06-11 17:59:00+00:00,2025-06-11 18:17:00+00:00,short,108984.72,108543.27,TP,2.8145,143.5402,1.0
2025-06-11 18:56:00+00:00,2025-06-11 19:25:00+00:00,short,108726.49,108949.85,SL,-1.4354,142.1048,1.0
2025-06-11 19:32:00+00:00,2025-06-11 21:11:00+00:00,short,108795.32,109135.65,SL,-1.421,140.6837,1.0
2025-06-11 21:57:00+00:00,2025-06-11 23:36:00+00:00,short,108412.0,108642.01,SL,-1.4068,139.2769,1.0
2025-06-11 23:37:00+00:00,2025-06-12 00:34:00+00:00,long,108660.74,108435.68,SL,-1.3928,137.8841,1.0
2025-06-12 01:12:00+00:00,2025-06-12 01:23:00+00:00,long,108653.08,108409.95,SL,-1.3788,136.5053,1.0
2025-06-12 01:48:00+00:00,2025-06-12 02:01:00+00:00,short,108304.71,108527.75,SL,-1.3651,135.1402,1.0
2025-06-12 02:39:00+00:00,2025-06-12 03:01:00+00:00,long,108604.81,108379.74,SL,-1.3514,133.7888,1.0
2025-06-12 03:14:00+00:00,2025-06-12 03:20:00+00:00,short,108330.0,107870.0,TP,2.6758,136.4646,1.0
2025-06-12 03:53:00+00:00,2025-06-12 04:23:00+00:00,short,107859.05,107425.22,TP,2.7293,139.1939,1.0
2025-06-12 05:02:00+00:00,2025-06-12 05:24:00+00:00,short,107677.27,107922.42,SL,-1.3919,137.802,1.0
2025-06-12 05:31:00+00:00,2025-06-12 10:11:00+00:00,short,107812.59,107379.35,TP,2.756,140.558,1.0
2025-06-12 10:16:00+00:00,2025-06-12 12:13:00+00:00,short,107314.33,106880.0,TP,2.8112,143.3692,1.0
2025-06-12 13:16:00+00:00,2025-06-12 13:32:00+00:00,short,107042.02,106600.01,TP,2.8674,146.2365,1.0
2025-06-12 13:55:00+00:00,2025-06-12 14:01:00+00:00,short,106918.55,107152.78,SL,-1.4624,144.7742,1.0
2025-06-12 14:37:00+00:00,2025-06-12 15:22:00+00:00,long,107716.52,107491.95,SL,-1.4477,143.3264,1.0
2025-06-12 15:35:00+00:00,2025-06-12 15:47:00+00:00,long,107390.25,107172.3,SL,-1.4333,141.8932,1.0
2025-06-12 16:56:00+00:00,2025-06-12 17:26:00+00:00,long,107697.59,108226.64,TP,2.8379,144.731,1.0
2025-06-12 17:34:00+00:00,2025-06-12 18:09:00+00:00,long,108290.0,108058.64,SL,-1.4473,143.2837,1.0
2025-06-12 18:33:00+00:00,2025-06-12 18:42:00+00:00,long,107949.66,107720.03,SL,-1.4328,141.8509,1.0
2025-06-12 18:43:00+00:00,2025-06-12 19:17:00+00:00,short,107606.25,107864.02,SL,-1.4185,140.4324,1.0
2025-06-12 19:25:00+00:00,2025-06-12 19:48:00+00:00,short,107686.05,107213.32,TP,2.8086,143.241,1.0
2025-06-12 20:15:00+00:00,2025-06-12 20:16:00+00:00,short,106546.29,106802.61,SL,-1.4324,141.8086,1.0
2025-06-12 20:37:00+00:00,2025-06-12 20:41:00+00:00,short,106694.56,106196.98,TP,2.8362,144.6448,1.0
2025-06-12 21:35:00+00:00,2025-06-12 22:19:00+00:00,short,106247.08,105780.01,TP,2.8929,147.5377,1.0
2025-06-12 22:30:00+00:00,2025-06-12 23:02:00+00:00,short,105790.15,106080.0,SL,-1.4754,146.0623,1.0
2025-06-12 23:14:00+00:00,2025-06-12 23:23:00+00:00,short,105811.57,106098.64,SL,-1.4606,144.6017,1.0
2025-06-12 23:31:00+00:00,2025-06-13 00:01:00+00:00,short,105999.99,105252.38,TP,2.892,147.4937,1.0
2025-06-13 00:25:00+00:00,2025-06-13 00:26:00+00:00,short,103788.64,104012.82,SL,-1.4749,146.0188,1.0
2025-06-13 00:27:00+00:00,2025-06-13 00:33:00+00:00,short,103838.41,103398.01,TP,2.9204,148.9392,1.0
2025-06-13 01:01:00+00:00,2025-06-13 01:10:00+00:00,short,103392.28,102799.99,TP,2.9788,151.9179,1.0
2025-06-13 01:32:00+00:00,2025-06-13 01:33:00+00:00,short,103068.3,103284.82,SL,-1.5192,150.3988,1.0
2025-06-13 01:34:00+00:00,2025-06-13 01:37:00+00:00,short,103100.02,103334.01,SL,-1.504,148.8948,1.0
2025-06-13 01:40:00+00:00,2025-06-13 01:43:00+00:00,short,103030.2,103296.55,SL,-1.4889,147.4058,1.0
2025-06-13 02:00:00+00:00,2025-06-13 02:42:00+00:00,short,103737.15,103285.72,TP,2.9481,150.3539,1.0
2025-06-13 03:54:00+00:00,2025-06-13 04:00:00+00:00,long,104480.74,104255.39,SL,-1.5035,148.8504,1.0
2025-06-13 05:24:00+00:00,2025-06-13 05:33:00+00:00,long,104446.88,104198.23,SL,-1.4885,147.3619,1.0
2025-06-13 05:43:00+00:00,2025-06-13 05:58:00+00:00,long,104234.74,104005.28,SL,-1.4736,145.8883,1.0
2025-06-13 06:06:00+00:00,2025-06-13 06:49:00+00:00,short,104007.8,104230.22,SL,-1.4589,144.4294,1.0
2025-06-13 07:25:00+00:00,2025-06-13 08:10:00+00:00,long,104679.5,105134.0,TP,2.8886,147.318,1.0
2025-06-13 09:06:00+00:00,2025-06-13 09:25:00+00:00,long,104752.2,104500.0,SL,-1.4732,145.8448,1.0
2025-06-13 09:37:00+00:00,2025-06-13 09:55:00+00:00,short,104599.0,104837.56,SL,-1.4584,144.3864,1.0
2025-06-13 10:03:00+00:00,2025-06-13 10:58:00+00:00,short,104670.23,104911.86,SL,-1.4439,142.9425,1.0
2025-06-13 11:32:00+00:00,2025-06-13 12:16:00+00:00,long,104821.66,105256.04,TP,2.8588,145.8013,1.0
2025-06-13 12:32:00+00:00,2025-06-13 12:39:00+00:00,long,105180.0,104962.24,SL,-1.458,144.3433,1.0
2025-06-13 13:06:00+00:00,2025-06-13 13:36:00+00:00,short,104797.05,105090.43,SL,-1.4434,142.8999,1.0
2025-06-13 14:20:00+00:00,2025-06-13 14:39:00+00:00,short,104336.69,104574.63,SL,-1.429,141.4709,1.0
2025-06-13 15:07:00+00:00,2025-06-13 15:20:00+00:00,long,105163.99,105595.96,TP,2.8294,144.3003,1.0
2025-06-13 16:06:00+00:00,2025-06-13 16:18:00+00:00,long,105522.57,105949.48,TP,2.886,147.1863,1.0
2025-06-13 16:53:00+00:00,2025-06-13 17:15:00+00:00,long,105567.46,105289.56,SL,-1.4719,145.7145,1.0
2025-06-13 17:26:00+00:00,2025-06-13 17:58:00+00:00,short,105146.0,105418.74,SL,-1.4571,144.2573,1.0
2025-06-13 18:05:00+00:00,2025-06-13 18:33:00+00:00,short,105211.29,104765.54,TP,2.8851,147.1425,1.0
2025-06-13 19:02:00+00:00,2025-06-13 19:09:00+00:00,short,105032.27,105253.06,SL,-1.4714,145.671,1.0
2025-06-13 19:20:00+00:00,2025-06-13 19:23:00+00:00,long,105387.05,105157.29,SL,-1.4567,144.2143,1.0
2025-06-13 19:36:00+00:00,2025-06-13 21:27:00+00:00,long,105167.99,105639.99,TP,2.8843,147.0986,1.0
2025-06-13 21:40:00+00:00,2025-06-13 23:45:00+00:00,long,105637.77,106140.57,TP,2.942,150.0406,1.0
2025-06-14 00:22:00+00:00,2025-06-14 00:26:00+00:00,long,106042.6,105773.44,SL,-1.5004,148.5402,1.0
2025-06-14 00:35:00+00:00,2025-06-14 01:04:00+00:00,long,105853.5,105566.81,SL,-1.4854,147.0548,1.0
2025-06-14 01:55:00+00:00,2025-06-14 07:06:00+00:00,short,105440.0,105000.01,TP,2.9411,149.9959,1.0
2025-06-14 07:19:00+00:00,2025-06-14 07:37:00+00:00,short,104881.24,105093.07,SL,-1.5,148.4959,1.0
2025-06-14 07:49:00+00:00,2025-06-14 15:43:00+00:00,short,105095.99,104658.83,TP,2.9699,151.4658,1.0
2025-06-14 16:09:00+00:00,2025-06-14 19:08:00+00:00,short,104757.43,105045.77,SL,-1.5147,149.9512,1.0
2025-06-14 19:12:00+00:00,2025-06-14 19:50:00+00:00,long,104997.38,104727.72,SL,-1.4995,148.4517,1.0
2025-06-14 21:07:00+00:00,2025-06-14 21:54:00+00:00,long,104945.89,105371.34,TP,2.969,151.4207,1.0
2025-06-14 22:02:00+00:00,2025-06-15 05:45:00+00:00,long,105463.65,105957.0,TP,3.0284,154.4491,1.0
2025-06-15 05:59:00+00:00,2025-06-15 06:09:00+00:00,long,106073.94,105823.32,SL,-1.5445,152.9046,1.0
2025-06-15 07:07:00+00:00,2025-06-15 09:11:00+00:00,short,105380.0,104956.01,TP,3.0581,155.9627,1.0
2025-06-15 09:50:00+00:00,2025-06-15 10:12:00+00:00,short,104905.0,105129.89,SL,-1.5596,154.4031,1.0
2025-06-15 10:20:00+00:00,2025-06-15 12:53:00+00:00,short,105052.9,105273.15,SL,-1.544,152.859,1.0
2025-06-15 13:08:00+00:00,2025-06-15 19:41:00+00:00,long,105395.99,105082.98,SL,-1.5286,151.3305,1.0
2025-06-15 20:07:00+00:00,2025-06-15 20:48:00+00:00,short,105110.6,104667.2,TP,3.0266,154.3571,1.0
2025-06-15 21:07:00+00:00,2025-06-15 21:24:00+00:00,short,104560.27,104778.38,SL,-1.5436,152.8135,1.0
2025-06-15 21:35:00+00:00,2025-06-15 21:53:00+00:00,short,104582.2,104804.82,SL,-1.5281,151.2854,1.0
2025-06-15 22:26:00+00:00,2025-06-15 22:42:00+00:00,long,105285.7,105055.71,SL,-1.5129,149.7725,1.0
2025-06-15 22:46:00+00:00,2025-06-16 00:27:00+00:00,long,105301.99,105769.84,TP,2.9954,152.768,1.0
2025-06-16 00:35:00+00:00,2025-06-16 01:07:00+00:00,long,105506.0,105210.24,SL,-1.5277,151.2403,1.0
2025-06-16 02:40:00+00:00,2025-06-16 04:21:00+00:00,long,105788.08,106241.15,TP,3.0248,154.2651,1.0
2025-06-16 04:58:00+00:00,2025-06-16 07:29:00+00:00,long,106373.78,106862.03,TP,3.0853,157.3504,1.0
2025-06-16 08:32:00+00:00,2025-06-16 10:48:00+00:00,long,107035.21,106779.98,SL,-1.5735,155.7769,1.0
2025-06-16 11:17:00+00:00,2025-06-16 11:38:00+00:00,short,106665.54,106919.01,SL,-1.5578,154.2191,1.0
2025-06-16 11:51:00+00:00,2025-06-16 13:57:00+00:00,short,106867.87,107099.99,SL,-1.5422,152.6769,1.0
2025-06-16 14:19:00+00:00,2025-06-16 14:34:00+00:00,long,107219.99,107753.11,TP,3.0535,155.7305,1.0
2025-06-16 15:41:00+00:00,2025-06-16 17:31:00+00:00,long,107541.01,107987.99,TP,3.1146,158.8451,1.0
2025-06-16 18:02:00+00:00,2025-06-16 18:59:00+00:00,long,107793.39,108255.96,TP,3.1769,162.022,1.0
2025-06-16 19:51:00+00:00,2025-06-16 22:37:00+00:00,long,108541.63,108212.0,SL,-1.6202,160.4018,1.0
2025-06-16 23:21:00+00:00,2025-06-16 23:35:00+00:00,short,107682.0,107241.04,TP,3.208,163.6098,1.0
2025-06-17 00:44:00+00:00,2025-06-17 00:49:00+00:00,short,106739.99,106988.88,SL,-1.6361,161.9737,1.0
2025-06-17 01:02:00+00:00,2025-06-17 02:29:00+00:00,short,107154.29,106701.79,TP,3.2395,165.2132,1.0
2025-06-17 03:08:00+00:00,2025-06-17 03:29:00+00:00,long,107641.93,107405.38,SL,-1.6521,163.561,1.0
2025-06-17 03:36:00+00:00,2025-06-17 04:38:00+00:00,long,107590.5,107354.0,SL,-1.6356,161.9254,1.0
2025-06-17 04:58:00+00:00,2025-06-17 06:45:00+00:00,short,107333.64,106859.99,TP,3.2385,165.1639,1.0
2025-06-17 06:46:00+00:00,2025-06-17 09:08:00+00:00,short,106846.15,106413.99,TP,3.3033,168.4672,1.0
2025-06-17 09:30:00+00:00,2025-06-17 10:34:00+00:00,short,106396.89,105961.86,TP,3.3693,171.8366,1.0
2025-06-17 11:04:00+00:00,2025-06-17 13:44:00+00:00,short,105763.71,105317.85,TP,3.4367,175.2733,1.0
2025-06-17 14:04:00+00:00,2025-06-17 14:08:00+00:00,short,105211.51,105437.3,SL,-1.7527,173.5205,1.0
2025-06-17 14:20:00+00:00,2025-06-17 14:57:00+00:00,short,105399.3,104890.94,TP,3.4704,176.991,1.0
2025-06-17 15:15:00+00:00,2025-06-17 16:30:00+00:00,short,104583.01,104151.14,TP,3.5398,180.5308,1.0
2025-06-17 16:44:00+00:00,2025-06-17 16:52:00+00:00,short,104128.25,103651.92,TP,3.6106,184.1414,1.0
2025-06-17 17:05:00+00:00,2025-06-17 17:08:00+00:00,short,103404.21,103634.05,SL,-1.8414,182.3,1.0
2025-06-17 17:39:00+00:00,2025-06-17 18:51:00+00:00,short,103937.39,104198.45,SL,-1.823,180.477,1.0
2025-06-17 19:15:00+00:00,2025-06-17 19:59:00+00:00,long,104946.27,104686.12,SL,-1.8048,178.6722,1.0
2025-06-17 20:38:00+00:00,2025-06-17 21:30:00+00:00,short,104441.64,104660.03,SL,-1.7867,176.8855,1.0
2025-06-17 22:06:00+00:00,2025-06-17 22:57:00+00:00,long,104565.23,104288.33,SL,-1.7689,175.1166,1.0
2025-06-18 00:07:00+00:00,2025-06-18 00:29:00+00:00,long,104631.01,104417.53,SL,-1.7512,173.3655,1.0
2025-06-18 00:35:00+00:00,2025-06-18 01:16:00+00:00,long,104636.8,105089.12,TP,3.4673,176.8328,1.0
2025-06-18 01:17:00+00:00,2025-06-18 01:29:00+00:00,long,105064.81,104811.0,SL,-1.7683,175.0645,1.0
2025-06-18 01:54:00+00:00,2025-06-18 03:35:00+00:00,long,104757.66,105178.65,TP,3.5013,178.5657,1.0
2025-06-18 04:08:00+00:00,2025-06-18 06:46:00+00:00,long,105235.0,104989.11,SL,-1.7857,176.7801,1.0
2025-06-18 07:07:00+00:00,2025-06-18 08:01:00+00:00,short,104806.91,105037.07,SL,-1.7678,175.0123,1.0
2025-06-18 09:11:00+00:00,2025-06-18 09:47:00+00:00,short,105026.2,104575.61,TP,3.5002,178.5125,1.0
2025-06-18 10:04:00+00:00,2025-06-18 11:53:00+00:00,short,104602.07,104836.98,SL,-1.7851,176.7274,1.0
2025-06-18 13:02:00+00:00,2025-06-18 13:17:00+00:00,short,104434.03,103976.04,TP,3.5345,180.262,1.0
2025-06-18 13:48:00+00:00,2025-06-18 13:53:00+00:00,short,104000.0,104280.01,SL,-1.8026,178.4593,1.0
2025-06-18 14:20:00+00:00,2025-06-18 14:35:00+00:00,long,105199.99,104984.04,SL,-1.7846,176.6747,1.0
2025-06-18 15:02:00+00:00,2025-06-18 15:11:00+00:00,long,104682.41,104371.41,SL,-1.7667,174.908,1.0
2025-06-18 16:48:00+00:00,2025-06-18 17:31:00+00:00,short,104380.0,103914.19,TP,3.4982,178.4062,1.0
2025-06-18 18:02:00+00:00,2025-06-18 18:14:00+00:00,short,104103.16,104347.51,SL,-1.7841,176.6221,1.0
2025-06-18 18:21:00+00:00,2025-06-18 18:32:00+00:00,short,104162.05,104486.01,SL,-1.7662,174.8559,1.0
2025-06-18 19:25:00+00:00,2025-06-18 19:41:00+00:00,short,104029.25,104255.33,SL,-1.7486,173.1073,1.0
2025-06-18 19:49:00+00:00,2025-06-18 20:32:00+00:00,short,104078.0,104305.79,SL,-1.7311,171.3762,1.0
2025-06-18 21:20:00+00:00,2025-06-18 21:54:00+00:00,long,104613.9,105045.77,TP,3.4275,174.8038,1.0
2025-06-18 22:24:00+00:00,2025-06-18 22:58:00+00:00,long,105009.44,104795.21,SL,-1.748,173.0557,1.0
2025-06-18 23:03:00+00:00,2025-06-18 23:44:00+00:00,long,104879.99,104649.09,SL,-1.7306,171.3252,1.0
2025-06-19 00:22:00+00:00,2025-06-19 01:04:00+00:00,long,104874.47,104583.92,SL,-1.7133,169.6119,1.0
2025-06-19 01:35:00+00:00,2025-06-19 02:38:00+00:00,short,104627.69,104886.71,SL,-1.6961,167.9158,1.0
2025-06-19 03:05:00+00:00,2025-06-19 06:27:00+00:00,long,104871.7,104630.89,SL,-1.6792,166.2366,1.0
2025-06-19 06:54:00+00:00,2025-06-19 08:10:00+00:00,short,104700.0,104919.37,SL,-1.6624,164.5743,1.0
2025-06-19 08:43:00+00:00,2025-06-19 12:07:00+00:00,long,104923.99,104704.55,SL,-1.6457,162.9285,1.0
2025-06-19 12:25:00+00:00,2025-06-19 13:47:00+00:00,short,104845.32,104412.23,TP,3.2586,166.1871,1.0
2025-06-19 14:31:00+00:00,2025-06-19 15:58:00+00:00,short,104526.65,104078.01,TP,3.3237,169.5108,1.0
2025-06-19 16:25:00+00:00,2025-06-19 17:36:00+00:00,short,104354.17,104573.06,SL,-1.6951,167.8157,1.0
2025-06-19 18:10:00+00:00,2025-06-19 18:33:00+00:00,long,104667.31,104446.02,SL,-1.6782,166.1376,1.0
2025-06-19 19:08:00+00:00,2025-06-19 22:06:00+00:00,short,104290.21,104529.63,SL,-1.6614,164.4762,1.0
2025-06-19 22:16:00+00:00,2025-06-20 04:42:00+00:00,long,104592.86,104333.44,SL,-1.6448,162.8314,1.0
2025-06-20 05:23:00+00:00,2025-06-20 05:52:00+00:00,short,104315.99,104574.69,SL,-1.6283,161.2031,1.0
2025-06-20 06:25:00+00:00,2025-06-20 07:22:00+00:00,long,104723.99,105196.12,TP,3.2241,164.4272,1.0
2025-06-20 07:52:00+00:00,2025-06-20 08:07:00+00:00,long,105643.67,106112.02,TP,3.2885,167.7157,1.0
2025-06-20 09:03:00+00:00,2025-06-20 09:07:00+00:00,long,106078.84,105808.0,SL,-1.6772,166.0386,1.0
2025-06-20 09:12:00+00:00,2025-06-20 13:47:00+00:00,long,105956.99,105710.98,SL,-1.6604,164.3782,1.0
2025-06-20 14:10:00+00:00,2025-06-20 14:42:00+00:00,short,105515.46,104868.71,TP,3.2876,167.6657,1.0
2025-06-20 15:33:00+00:00,2025-06-20 15:37:00+00:00,short,104167.54,104426.82,SL,-1.6767,165.9891,1.0
2025-06-20 15:51:00+00:00,2025-06-20 16:40:00+00:00,short,104345.0,103905.08,TP,3.3198,169.3089,1.0
2025-06-20 17:05:00+00:00,2025-06-20 17:19:00+00:00,short,103571.42,103146.86,TP,3.3862,172.6951,1.0
2025-06-20 17:36:00+00:00,2025-06-20 17:42:00+00:00,short,102589.57,102867.75,SL,-1.727,170.9681,1.0
2025-06-20 18:13:00+00:00,2025-06-20 18:19:00+00:00,short,103151.01,103422.62,SL,-1.7097,169.2584,1.0
2025-06-20 18:21:00+00:00,2025-06-20 19:55:00+00:00,short,103250.59,103469.87,SL,-1.6926,167.5658,1.0
2025-06-20 20:00:00+00:00,2025-06-20 20:06:00+00:00,short,103359.01,103603.99,SL,-1.6757,165.8902,1.0
2025-06-20 20:30:00+00:00,2025-06-20 22:04:00+00:00,long,103626.39,103400.01,SL,-1.6589,164.2313,1.0
2025-06-20 22:17:00+00:00,2025-06-21 01:55:00+00:00,short,103278.78,103487.15,SL,-1.6423,162.589,1.0
2025-06-21 01:59:00+00:00,2025-06-21 10:05:00+00:00,long,103515.36,103962.19,TP,3.2518,165.8407,1.0
2025-06-21 10:12:00+00:00,2025-06-21 11:02:00+00:00,long,103950.76,103739.46,SL,-1.6584,164.1823,1.0
2025-06-21 11:07:00+00:00,2025-06-21 13:46:00+00:00,long,103796.73,103566.35,SL,-1.6418,162.5405,1.0
2025-06-21 14:17:00+00:00,2025-06-21 14:34:00+00:00,short,103444.92,103663.3,SL,-1.6254,160.9151,1.0
2025-06-21 14:45:00+00:00,2025-06-21 18:45:00+00:00,short,103548.93,103069.2,TP,3.2183,164.1334,1.0
2025-06-21 19:37:00+00:00,2025-06-21 20:32:00+00:00,short,102392.4,102629.61,SL,-1.6413,162.4921,1.0
2025-06-21 20:50:00+00:00,2025-06-21 21:24:00+00:00,short,102675.3,101581.2,TP,3.2498,165.7419,1.0
2025-06-21 21:59:00+00:00,2025-06-21 22:02:00+00:00,short,101455.61,101670.16,SL,-1.6574,164.0845,1.0
2025-06-21 22:18:00+00:00,2025-06-21 22:26:00+00:00,short,101756.4,101983.86,SL,-1.6408,162.4437,1.0
2025-06-21 22:31:00+00:00,2025-06-21 23:18:00+00:00,short,101910.19,101440.5,TP,3.2489,165.6925,1.0
2025-06-21 23:47:00+00:00,2025-06-21 23:48:00+00:00,short,100982.0,101244.14,SL,-1.6569,164.0356,1.0
2025-06-22 00:20:00+00:00,2025-06-22 00:32:00+00:00,long,102371.69,102822.68,TP,3.2807,167.3163,1.0
2025-06-22 01:08:00+00:00,2025-06-22 01:16:00+00:00,long,102962.06,102639.92,SL,-1.6732,165.6432,1.0
2025-06-22 01:40:00+00:00,2025-06-22 02:04:00+00:00,long,102414.41,102841.22,TP,3.3129,168.956,1.0
2025-06-22 02:07:00+00:00,2025-06-22 02:50:00+00:00,short,102313.8,102520.42,SL,-1.6896,167.2665,1.0
2025-06-22 03:01:00+00:00,2025-06-22 03:20:00+00:00,long,102470.02,102251.48,SL,-1.6727,165.5938,1.0
2025-06-22 03:43:00+00:00,2025-06-22 03:58:00+00:00,short,102148.64,102374.4,SL,-1.6559,163.9379,1.0
2025-06-22 04:32:00+00:00,2025-06-22 07:37:00+00:00,long,102594.32,102388.73,SL,-1.6394,162.2985,1.0
2025-06-22 08:08:00+00:00,2025-06-22 08:30:00+00:00,short,102376.03,102582.0,SL,-1.623,160.6755,1.0
2025-06-22 08:46:00+00:00,2025-06-22 09:00:00+00:00,short,102564.75,102793.63,SL,-1.6068,159.0687,1.0
2025-06-22 09:50:00+00:00,2025-06-22 10:26:00+00:00,short,102250.0,102463.34,SL,-1.5907,157.478,1.0
2025-06-22 10:36:00+00:00,2025-06-22 11:16:00+00:00,short,102440.51,102649.32,SL,-1.5748,155.9033,1.0
2025-06-22 11:32:00+00:00,2025-06-22 13:10:00+00:00,long,102716.0,102493.97,SL,-1.559,154.3442,1.0
2025-06-22 14:11:00+00:00,2025-06-22 14:20:00+00:00,short,100620.01,100084.67,TP,3.0869,157.4311,1.0
2025-06-22 14:43:00+00:00,2025-06-22 14:47:00+00:00,short,99219.99,99468.08,SL,-1.5743,155.8568,1.0
2025-06-22 15:11:00+00:00,2025-06-22 15:17:00+00:00,short,99456.41,99725.55,SL,-1.5586,154.2982,1.0
2025-06-22 15:26:00+00:00,2025-06-22 15:59:00+00:00,short,99361.93,98906.21,TP,3.086,157.3842,1.0
2025-06-22 16:14:00+00:00,2025-06-22 16:39:00+00:00,short,98997.99,99254.26,SL,-1.5738,155.8104,1.0
2025-06-22 16:56:00+00:00,2025-06-22 16:59:00+00:00,short,99440.72,99667.17,SL,-1.5581,154.2523,1.0
2025-06-22 17:15:00+00:00,2025-06-22 18:16:00+00:00,short,99791.89,99392.0,TP,3.085,157.3373,1.0
2025-06-22 18:22:00+00:00,2025-06-22 18:44:00+00:00,short,99420.87,99636.39,SL,-1.5734,155.7639,1.0
2025-06-22 18:56:00+00:00,2025-06-22 19:06:00+00:00,short,99542.0,99101.5,TP,3.1153,158.8792,1.0
2025-06-22 19:42:00+00:00,2025-06-22 20:09:00+00:00,short,99005.37,98505.83,TP,3.1776,162.0568,1.0
2025-06-22 21:42:00+00:00,2025-06-22 22:04:00+00:00,long,99344.41,99832.0,TP,3.2411,165.2979,1.0
2025-06-22 22:38:00+00:00,2025-06-22 23:18:00+00:00,long,100595.03,101000.59,TP,3.306,168.6039,1.0
2025-06-22 23:25:00+00:00,2025-06-23 00:04:00+00:00,long,100945.46,100720.01,SL,-1.686,166.9178,1.0
2025-06-23 00:18:00+00:00,2025-06-23 00:43:00+00:00,long,100650.0,101188.71,TP,3.3384,170.2562,1.0
2025-06-23 01:14:00+00:00,2025-06-23 01:24:00+00:00,long,100853.45,100607.81,SL,-1.7026,168.5536,1.0
2025-06-23 01:30:00+00:00,2025-06-23 01:53:00+00:00,long,100642.73,101046.09,TP,3.3711,171.9247,1.0
2025-06-23 02:18:00+00:00,2025-06-23 05:46:00+00:00,long,101174.69,101588.0,TP,3.4385,175.3632,1.0
2025-06-23 05:47:00+00:00,2025-06-23 09:25:00+00:00,long,101669.99,101457.28,SL,-1.7536,173.6096,1.0
2025-06-23 09:41:00+00:00,2025-06-23 12:58:00+00:00,short,101415.69,101623.76,SL,-1.7361,171.8735,1.0
2025-06-23 13:56:00+00:00,2025-06-23 14:17:00+00:00,long,102284.01,102065.27,SL,-1.7187,170.1547,1.0
2025-06-23 14:44:00+00:00,2025-06-23 14:56:00+00:00,long,101788.2,101569.1,SL,-1.7015,168.4532,1.0
2025-06-23 14:58:00+00:00,2025-06-23 15:01:00+00:00,short,101559.66,101791.55,SL,-1.6845,166.7687,1.0
2025-06-23 15:38:00+00:00,2025-06-23 15:41:00+00:00,long,101788.0,101556.1,SL,-1.6677,165.101,1.0
2025-06-23 16:06:00+00:00,2025-06-23 16:17:00+00:00,short,101235.3,100721.47,TP,3.302,168.403,1.0
2025-06-23 16:55:00+00:00,2025-06-23 16:57:00+00:00,short,100260.49,100462.01,SL,-1.684,166.719,1.0
2025-06-23 17:26:00+00:00,2025-06-23 17:30:00+00:00,long,101786.98,102386.0,TP,3.3344,170.0533,1.0
2025-06-23 18:00:00+00:00,2025-06-23 18:08:00+00:00,long,102481.99,102899.24,TP,3.4011,173.4544,1.0
2025-06-23 18:19:00+00:00,2025-06-23 18:24:00+00:00,long,103141.32,102923.13,SL,-1.7345,171.7199,1.0
2025-06-23 18:35:00+00:00,2025-06-23 18:47:00+00:00,long,103156.63,102924.47,SL,-1.7172,170.0027,1.0
2025-06-23 19:03:00+00:00,2025-06-23 19:16:00+00:00,long,103134.36,102912.91,SL,-1.7,168.3026,1.0
2025-06-23 19:36:00+00:00,2025-06-23 19:40:00+00:00,long,103015.92,102804.19,SL,-1.683,166.6196,1.0
2025-06-23 19:48:00+00:00,2025-06-23 20:11:00+00:00,long,102847.88,103265.92,TP,3.3324,169.952,1.0
2025-06-23 21:01:00+00:00,2025-06-23 22:04:00+00:00,long,103839.3,104317.96,TP,3.399,173.3511,1.0
2025-06-23 22:24:00+00:00,2025-06-23 22:34:00+00:00,long,105753.0,105492.63,SL,-1.7335,171.6175,1.0
2025-06-23 22:54:00+00:00,2025-06-23 22:55:00+00:00,long,105248.49,105021.24,SL,-1.7162,169.9014,1.0
2025-06-23 22:57:00+00:00,2025-06-23 23:13:00+00:00,long,105494.11,105259.81,SL,-1.699,168.2024,1.0
2025-06-23 23:25:00+00:00,2025-06-24 00:35:00+00:00,long,105306.53,105069.35,SL,-1.682,166.5203,1.0
2025-06-24 00:37:00+00:00,2025-06-24 00:49:00+00:00,long,105147.72,104911.98,SL,-1.6652,164.8551,1.0
2025-06-24 00:52:00+00:00,2025-06-24 01:58:00+00:00,long,105033.99,105466.0,TP,3.2971,168.1522,1.0
2025-06-24 02:38:00+00:00,2025-06-24 03:24:00+00:00,short,104885.24,105113.39,SL,-1.6815,166.4707,1.0
2025-06-24 04:07:00+00:00,2025-06-24 05:14:00+00:00,short,104866.13,105077.52,SL,-1.6647,164.806,1.0
2025-06-24 05:21:00+00:00,2025-06-24 06:10:00+00:00,long,105077.4,105513.23,TP,3.2961,168.1021,1.0
2025-06-24 06:27:00+00:00,2025-06-24 07:32:00+00:00,long,105522.3,105284.16,SL,-1.681,166.4211,1.0
2025-06-24 07:53:00+00:00,2025-06-24 09:07:00+00:00,short,104984.0,105217.34,SL,-1.6642,164.7569,1.0
2025-06-24 10:07:00+00:00,2025-06-24 12:32:00+00:00,long,105215.38,104995.48,SL,-1.6476,163.1093,1.0
2025-06-24 13:15:00+00:00,2025-06-24 13:23:00+00:00,long,105266.91,105012.13,SL,-1.6311,161.4782,1.0
2025-06-24 13:37:00+00:00,2025-06-24 13:42:00+00:00,long,105225.5,105009.44,SL,-1.6148,159.8634,1.0
2025-06-24 13:50:00+00:00,2025-06-24 14:15:00+00:00,short,105014.5,105307.68,SL,-1.5986,158.2648,1.0
2025-06-24 14:34:00+00:00,2025-06-24 15:41:00+00:00,long,105523.51,105221.0,SL,-1.5826,156.6822,1.0
2025-06-24 15:50:00+00:00,2025-06-24 16:43:00+00:00,long,105362.16,105843.79,TP,3.1336,159.8158,1.0
2025-06-24 17:34:00+00:00,2025-06-24 18:56:00+00:00,long,105779.58,105544.26,SL,-1.5982,158.2176,1.0
2025-06-24 19:13:00+00:00,2025-06-24 19:31:00+00:00,short,105379.68,105617.78,SL,-1.5822,156.6355,1.0
2025-06-24 19:39:00+00:00,2025-06-24 20:26:00+00:00,short,105437.26,105674.1,SL,-1.5664,155.0691,1.0
2025-06-24 20:39:00+00:00,2025-06-25 00:13:00+00:00,long,105852.95,106385.73,TP,3.1014,158.1705,1.0
2025-06-25 00:45:00+00:00,2025-06-25 00:55:00+00:00,long,105979.59,106470.13,TP,3.1634,161.3339,1.0
2025-06-25 01:36:00+00:00,2025-06-25 02:10:00+00:00,long,106198.35,106626.79,TP,3.2267,164.5606,1.0
2025-06-25 02:47:00+00:00,2025-06-25 03:02:00+00:00,long,106663.23,106348.44,SL,-1.6456,162.915,1.0
2025-06-25 03:06:00+00:00,2025-06-25 03:42:00+00:00,long,106522.54,106308.35,SL,-1.6292,161.2858,1.0
2025-06-25 04:11:00+00:00,2025-06-25 06:26:00+00:00,short,106173.95,106399.51,SL,-1.6129,159.673,1.0
2025-06-25 07:15:00+00:00,2025-06-25 09:09:00+00:00,long,106384.55,106832.53,TP,3.1935,162.8664,1.0
2025-06-25 09:53:00+00:00,2025-06-25 10:26:00+00:00,long,106633.23,107076.47,TP,3.2573,166.1238,1.0
2025-06-25 10:51:00+00:00,2025-06-25 11:19:00+00:00,long,107096.71,106880.87,SL,-1.6612,164.4625,1.0
2025-06-25 11:25:00+00:00,2025-06-25 13:13:00+00:00,long,106968.68,107434.26,TP,3.2893,167.7518,1.0
2025-06-25 13:43:00+00:00,2025-06-25 14:16:00+00:00,long,107946.35,107727.29,SL,-1.6775,166.0743,1.0
2025-06-25 14:30:00+00:00,2025-06-25 15:15:00+00:00,long,107553.28,107297.58,SL,-1.6607,164.4135,1.0
2025-06-25 15:33:00+00:00,2025-06-25 15:48:00+00:00,short,106859.38,107095.99,SL,-1.6441,162.7694,1.0
2025-06-25 18:11:00+00:00,2025-06-25 18:37:00+00:00,long,107479.99,107194.82,SL,-1.6277,161.1417,1.0
2025-06-25 18:42:00+00:00,2025-06-25 19:27:00+00:00,long,107454.78,107905.35,TP,3.2228,164.3645,1.0
2025-06-25 19:47:00+00:00,2025-06-25 21:30:00+00:00,long,107732.5,107512.28,SL,-1.6436,162.7209,1.0
2025-06-25 21:41:00+00:00,2025-06-26 01:35:00+00:00,short,107476.47,107711.21,SL,-1.6272,161.0937,1.0
2025-06-26 01:47:00+00:00,2025-06-26 03:04:00+00:00,long,107665.91,108199.23,TP,3.2219,164.3155,1.0
2025-06-26 03:36:00+00:00,2025-06-26 05:29:00+00:00,long,107895.87,107672.9,SL,-1.6432,162.6724,1.0
2025-06-26 06:35:00+00:00,2025-06-26 09:08:00+00:00,long,107801.23,107413.21,SL,-1.6267,161.0457,1.0
2025-06-26 09:47:00+00:00,2025-06-26 13:50:00+00:00,short,107344.49,106900.01,TP,3.2209,164.2666,1.0
2025-06-26 14:11:00+00:00,2025-06-26 14:16:00+00:00,short,106896.41,107119.6,SL,-1.6427,162.6239,1.0
2025-06-26 15:19:00+00:00,2025-06-26 15:28:00+00:00,long,107377.99,107033.34,SL,-1.6262,160.9977,1.0
2025-06-26 16:27:00+00:00,2025-06-26 20:31:00+00:00,long,107240.0,107677.0,TP,3.22,164.2176,1.0
2025-06-26 21:32:00+00:00,2025-06-27 01:03:00+00:00,short,107082.22,106632.29,TP,3.2844,167.502,1.0
2025-06-27 01:09:00+00:00,2025-06-27 01:11:00+00:00,short,106525.69,106776.82,SL,-1.675,165.8269,1.0
2025-06-27 02:08:00+00:00,2025-06-27 07:20:00+00:00,long,107189.64,107706.3,TP,3.3165,169.1435,1.0
2025-06-27 08:18:00+00:00,2025-06-27 08:48:00+00:00,short,106826.45,107042.94,SL,-1.6914,167.4521,1.0
2025-06-27 09:00:00+00:00,2025-06-27 13:46:00+00:00,short,107009.32,106579.72,TP,3.349,170.8011,1.0
2025-06-27 14:34:00+00:00,2025-06-27 15:05:00+00:00,short,106430.0,106645.09,SL,-1.708,169.0931,1.0
2025-06-27 15:11:00+00:00,2025-06-27 15:26:00+00:00,short,106510.51,106754.17,SL,-1.6909,167.4022,1.0
2025-06-27 15:54:00+00:00,2025-06-27 16:14:00+00:00,long,107398.2,107174.96,SL,-1.674,165.7281,1.0
2025-06-27 16:27:00+00:00,2025-06-27 17:28:00+00:00,long,107297.98,107020.55,SL,-1.6573,164.0708,1.0
2025-06-27 18:14:00+00:00,2025-06-27 20:07:00+00:00,short,106802.54,107032.2,SL,-1.6407,162.4301,1.0
2025-06-27 20:34:00+00:00,2025-06-28 00:08:00+00:00,long,107099.99,106881.7,SL,-1.6243,160.8058,1.0
2025-06-28 01:28:00+00:00,2025-06-28 01:57:00+00:00,short,106823.75,107045.0,SL,-1.6081,159.1978,1.0
2025-06-28 02:17:00+00:00,2025-06-29 08:31:00+00:00,long,107119.89,107607.42,TP,3.184,162.3817,1.0
2025-06-29 09:13:00+00:00,2025-06-29 10:10:00+00:00,long,107733.49,108174.1,TP,3.2476,165.6294,1.0
2025-06-29 10:21:00+00:00,2025-06-29 10:40:00+00:00,long,108228.03,108010.99,SL,-1.6563,163.9731,1.0
2025-06-29 10:49:00+00:00,2025-06-29 14:38:00+00:00,long,108121.46,107792.0,SL,-1.6397,162.3333,1.0
2025-06-29 15:17:00+00:00,2025-06-29 16:47:00+00:00,short,107894.04,107365.34,TP,3.2467,165.58,1.0
2025-06-29 17:12:00+00:00,2025-06-29 22:03:00+00:00,short,107521.0,107761.47,SL,-1.6558,163.9242,1.0
2025-06-29 22:37:00+00:00,2025-06-30 00:24:00+00:00,long,108188.09,108686.38,TP,3.2785,167.2027,1.0
2025-06-30 00:41:00+00:00,2025-06-30 01:06:00+00:00,long,108739.06,108452.82,SL,-1.672,165.5307,1.0
2025-06-30 01:16:00+00:00,2025-06-30 05:30:00+00:00,long,108516.03,108239.52,SL,-1.6553,163.8754,1.0
2025-06-30 06:09:00+00:00,2025-06-30 06:42:00+00:00,short,108252.68,107754.8,TP,3.2775,167.1529,1.0
2025-06-30 07:33:00+00:00,2025-06-30 11:23:00+00:00,short,107659.3,107910.22,SL,-1.6715,165.4813,1.0
2025-06-30 11:33:00+00:00,2025-06-30 11:54:00+00:00,long,107938.13,107720.9,SL,-1.6548,163.8265,1.0
2025-06-30 14:07:00+00:00,2025-06-30 14:52:00+00:00,short,107460.05,107020.66,TP,3.2765,167.1031,1.0
2025-06-30 15:16:00+00:00,2025-06-30 15:28:00+00:00,short,106781.6,107097.89,SL,-1.671,165.432,1.0
2025-06-30 16:10:00+00:00,2025-06-30 16:20:00+00:00,long,107749.0,107468.9,SL,-1.6543,163.7777,1.0
2025-06-30 17:19:00+00:00,2025-06-30 18:10:00+00:00,long,107658.11,107408.0,SL,-1.6378,162.1399,1.0
2025-06-30 18:24:00+00:00,2025-06-30 19:21:00+00:00,short,107316.0,107534.58,SL,-1.6214,160.5185,1.0
2025-06-30 19:50:00+00:00,2025-06-30 21:45:00+00:00,long,107543.18,107301.2,SL,-1.6052,158.9133,1.0
2025-06-30 21:51:00+00:00,2025-07-01 01:14:00+00:00,short,107243.44,107486.94,SL,-1.5891,157.3242,1.0
2025-07-01 01:19:00+00:00,2025-07-01 01:52:00+00:00,long,107475.54,107221.87,SL,-1.5732,155.751,1.0
2025-07-01 03:34:00+00:00,2025-07-01 07:19:00+00:00,short,107162.01,106682.4,TP,3.115,158.866,1.0
2025-07-01 07:49:00+00:00,2025-07-01 08:39:00+00:00,long,107013.65,106783.4,SL,-1.5887,157.2773,1.0
2025-07-01 09:16:00+00:00,2025-07-01 14:00:00+00:00,short,106663.19,106908.59,SL,-1.5728,155.7046,1.0
2025-07-01 14:13:00+00:00,2025-07-01 14:22:00+00:00,long,107116.57,106866.36,SL,-1.557,154.1475,1.0
2025-07-01 15:12:00+00:00,2025-07-01 15:26:00+00:00,short,105714.01,105931.55,SL,-1.5415,152.606,1.0
2025-07-01 15:40:00+00:00,2025-07-01 16:12:00+00:00,short,105960.01,106200.0,SL,-1.5261,151.08,1.0
2025-07-01 16:20:00+00:00,2025-07-01 19:01:00+00:00,short,106074.18,105598.52,TP,3.0216,154.1016,1.0
2025-07-01 19:34:00+00:00,2025-07-01 20:51:00+00:00,short,105637.73,105879.94,SL,-1.541,152.5606,1.0
2025-07-01 21:15:00+00:00,2025-07-01 22:30:00+00:00,long,105898.12,105681.15,SL,-1.5256,151.035,1.0
2025-07-01 22:51:00+00:00,2025-07-02 01:17:00+00:00,short,105724.53,105159.74,TP,3.0207,154.0557,1.0
2025-07-02 02:26:00+00:00,2025-07-02 03:12:00+00:00,long,105615.37,106068.66,TP,3.0811,157.1368,1.0
2025-07-02 03:23:00+00:00,2025-07-02 05:42:00+00:00,long,106127.99,106611.25,TP,3.1427,160.2795,1.0
2025-07-02 06:03:00+00:00,2025-07-02 07:37:00+00:00,long,106674.35,107121.99,TP,3.2056,163.4851,1.0
2025-07-02 07:54:00+00:00,2025-07-02 08:20:00+00:00,long,107170.87,107599.99,TP,3.2697,166.7548,1.0
2025-07-02 08:30:00+00:00,2025-07-02 08:49:00+00:00,long,107720.01,107468.99,SL,-1.6675,165.0873,1.0
2025-07-02 08:55:00+00:00,2025-07-02 11:46:00+00:00,long,107725.56,107470.31,SL,-1.6509,163.4364,1.0
2025-07-02 12:11:00+00:00,2025-07-02 13:13:00+00:00,short,107384.91,107657.95,SL,-1.6344,161.802,1.0
2025-07-02 13:35:00+00:00,2025-07-02 14:26:00+00:00,long,107624.51,108067.54,TP,3.236,165.0381,1.0
2025-07-02 14:38:00+00:00,2025-07-02 15:10:00+00:00,long,107950.0,108386.73,TP,3.3008,168.3388,1.0
2025-07-02 15:37:00+00:00,2025-07-02 16:04:00+00:00,long,108432.13,108887.99,TP,3.3668,171.7056,1.0
2025-07-02 16:38:00+00:00,2025-07-02 17:38:00+00:00,long,109393.4,109024.11,SL,-1.7171,169.9885,1.0
2025-07-02 17:52:00+00:00,2025-07-02 18:55:00+00:00,long,109060.52,109499.99,TP,3.3998,173.3883,1.0
2025-07-02 19:19:00+00:00,2025-07-02 20:55:00+00:00,long,109428.39,109186.8,SL,-1.7339,171.6544,1.0
2025-07-02 21:27:00+00:00,2025-07-02 21:54:00+00:00,short,109257.15,109500.0,SL,-1.7165,169.9379,1.0
2025-07-02 22:40:00+00:00,2025-07-02 23:41:00+00:00,short,109249.05,108758.25,TP,3.3988,173.3366,1.0
2025-07-03 00:14:00+00:00,2025-07-03 05:09:00+00:00,short,108902.74,109144.65,SL,-1.7334,171.6033,1.0
2025-07-03 05:34:00+00:00,2025-07-03 09:18:00+00:00,long,109235.1,109699.99,TP,3.4321,175.0353,1.0
2025-07-03 09:42:00+00:00,2025-07-03 09:49:00+00:00,long,110195.53,109967.6,SL,-1.7504,173.285,1.0
2025-07-03 10:12:00+00:00,2025-07-03 10:19:00+00:00,long,109959.57,109683.3,SL,-1.7329,171.5521,1.0
2025-07-03 10:29:00+00:00,2025-07-03 12:05:00+00:00,long,109750.51,109520.0,SL,-1.7155,169.8366,1.0
2025-07-03 12:08:00+00:00,2025-07-03 12:38:00+00:00,short,109542.31,109035.92,TP,3.3967,173.2333,1.0
2025-07-03 13:18:00+00:00,2025-07-03 13:31:00+00:00,short,109283.96,109635.96,SL,-1.7323,171.501,1.0
2025-07-03 14:21:00+00:00,2025-07-03 14:28:00+00:00,long,110194.61,109949.58,SL,-1.715,169.786,1.0
2025-07-03 14:40:00+00:00,2025-07-03 14:52:00+00:00,long,109882.46,109604.51,SL,-1.6979,168.0881,1.0
2025-07-03 15:04:00+00:00,2025-07-03 16:07:00+00:00,short,109480.02,109030.0,TP,3.3618,171.4499,1.0
2025-07-03 16:20:00+00:00,2025-07-03 16:40:00+00:00,short,109122.39,109348.19,SL,-1.7145,169.7354,1.0
2025-07-03 16:52:00+00:00,2025-07-03 17:14:00+00:00,short,109300.0,109559.49,SL,-1.6974,168.0381,1.0
2025-07-03 17:35:00+00:00,2025-07-03 21:00:00+00:00,long,109533.22,109978.99,TP,3.3608,171.3988,1.0
2025-07-03 21:23:00+00:00,2025-07-03 22:46:00+00:00,long,109876.28,109650.94,SL,-1.714,169.6848,1.0
2025-07-03 23:00:00+00:00,2025-07-04 02:33:00+00:00,short,109699.18,109192.73,TP,3.3937,173.0785,1.0
2025-07-04 03:32:00+00:00,2025-07-04 06:12:00+00:00,short,109312.55,108820.75,TP,3.4616,176.5401,1.0
2025-07-04 06:43:00+00:00,2025-07-04 13:33:00+00:00,short,108927.25,108380.0,TP,3.5308,180.0709,1.0
2025-07-04 13:45:00+00:00,2025-07-04 14:06:00+00:00,short,108345.48,107889.02,TP,3.6014,183.6723,1.0
2025-07-04 14:20:00+00:00,2025-07-04 14:24:00+00:00,short,107598.91,107954.01,SL,-1.8367,181.8356,1.0
2025-07-04 14:46:00+00:00,2025-07-04 16:19:00+00:00,short,107837.19,107364.74,TP,3.6367,185.4723,1.0
2025-07-04 16:52:00+00:00,2025-07-04 17:00:00+00:00,short,107553.84,107835.03,SL,-1.8547,183.6176,1.0
2025-07-04 17:11:00+00:00,2025-07-04 19:24:00+00:00,short,107803.69,107354.76,TP,3.6724,187.2899,1.0
2025-07-04 19:57:00+00:00,2025-07-04 20:20:00+00:00,short,107467.99,107699.99,SL,-1.8729,185.417,1.0
2025-07-04 21:07:00+00:00,2025-07-04 22:32:00+00:00,long,107732.36,108188.99,TP,3.7083,189.1254,1.0
2025-07-04 22:58:00+00:00,2025-07-04 23:40:00+00:00,long,108254.95,108018.71,SL,-1.8913,187.2341,1.0
2025-07-04 23:48:00+00:00,2025-07-05 02:27:00+00:00,long,108039.98,107814.0,SL,-1.8723,185.3618,1.0
2025-07-05 03:27:00+00:00,2025-07-05 07:56:00+00:00,long,108226.01,108001.88,SL,-1.8536,183.5082,1.0
2025-07-05 08:21:00+00:00,2025-07-06 13:23:00+00:00,short,108096.55,108357.3,SL,-1.8351,181.6731,1.0
2025-07-06 13:45:00+00:00,2025-07-06 18:27:00+00:00,long,108830.1,108526.92,SL,-1.8167,179.8563,1.0
2025-07-06 18:43:00+00:00,2025-07-06 19:04:00+00:00,short,108398.24,108617.01,SL,-1.7986,178.0578,1.0
2025-07-06 19:16:00+00:00,2025-07-06 20:08:00+00:00,short,108550.01,108780.77,SL,-1.7806,176.2772,1.0
2025-07-06 20:45:00+00:00,2025-07-06 21:26:00+00:00,long,108796.73,109266.24,TP,3.5255,179.8027,1.0
2025-07-06 22:01:00+00:00,2025-07-06 23:01:00+00:00,long,109407.01,109059.24,SL,-1.798,178.0047,1.0
2025-07-06 23:09:00+00:00,2025-07-07 00:36:00+00:00,long,109156.23,108924.7,SL,-1.78,176.2247,1.0
2025-07-07 00:56:00+00:00,2025-07-07 01:31:00+00:00,short,108817.63,109047.24,SL,-1.7622,174.4624,1.0
2025-07-07 02:01:00+00:00,2025-07-07 03:26:00+00:00,long,109194.76,109673.9,TP,3.4892,177.9517,1.0
2025-07-07 04:01:00+00:00,2025-07-07 04:40:00+00:00,long,109421.07,109186.04,SL,-1.7795,176.1722,1.0
2025-07-07 04:44:00+00:00,2025-07-07 10:52:00+00:00,short,109143.63,108702.52,TP,3.5234,179.6956,1.0
2025-07-07 11:17:00+00:00,2025-07-07 13:12:00+00:00,short,108671.0,108234.52,TP,3.5939,183.2895,1.0
2025-07-07 13:34:00+00:00,2025-07-07 13:57:00+00:00,short,108195.99,108437.57,SL,-1.8329,181.4566,1.0
2025-07-07 14:29:00+00:00,2025-07-07 15:10:00+00:00,short,108143.88,108363.84,SL,-1.8146,179.6421,1.0
2025-07-07 15:19:00+00:00,2025-07-07 15:26:00+00:00,short,108323.58,108543.98,SL,-1.7964,177.8456,1.0
2025-07-07 16:20:00+00:00,2025-07-07 16:36:00+00:00,short,108078.27,108319.57,SL,-1.7785,176.0672,1.0
2025-07-07 16:43:00+00:00,2025-07-07 18:27:00+00:00,short,108189.56,107647.55,TP,3.5213,179.5885,1.0
2025-07-07 19:15:00+00:00,2025-07-07 20:03:00+00:00,long,108200.0,107948.22,SL,-1.7959,177.7926,1.0
2025-07-07 20:40:00+00:00,2025-07-07 23:33:00+00:00,short,108030.13,108258.0,SL,-1.7779,176.0147,1.0
2025-07-07 23:50:00+00:00,2025-07-08 01:18:00+00:00,long,108279.01,108040.0,SL,-1.7601,174.2546,1.0
2025-07-08 01:41:00+00:00,2025-07-08 05:45:00+00:00,short,107918.0,108137.87,SL,-1.7425,172.512,1.0
2025-07-08 06:05:00+00:00,2025-07-08 10:36:00+00:00,long,108279.99,108727.87,TP,3.4502,175.9623,1.0
2025-07-08 11:05:00+00:00,2025-07-08 11:51:00+00:00,long,108998.72,108757.5,SL,-1.7596,174.2026,1.0
2025-07-08 12:01:00+00:00,2025-07-08 14:17:00+00:00,long,108790.94,108557.31,SL,-1.742,172.4606,1.0
2025-07-08 14:48:00+00:00,2025-07-08 15:30:00+00:00,short,108686.3,108243.4,TP,3.4492,175.9098,1.0
2025-07-08 15:52:00+00:00,2025-07-08 16:26:00+00:00,short,108256.31,108535.01,SL,-1.7591,174.1507,1.0
2025-07-08 16:35:00+00:00,2025-07-08 16:58:00+00:00,short,108231.88,108454.08,SL,-1.7415,172.4092,1.0
2025-07-08 17:23:00+00:00,2025-07-08 20:11:00+00:00,long,108947.56,108714.78,SL,-1.7241,170.6851,1.0
2025-07-08 20:13:00+00:00,2025-07-08 21:45:00+00:00,short,108726.0,108943.81,SL,-1.7069,168.9783,1.0
2025-07-08 22:20:00+00:00,2025-07-09 02:56:00+00:00,long,108853.1,108618.21,SL,-1.6898,167.2885,1.0
2025-07-09 03:10:00+00:00,2025-07-09 05:36:00+00:00,short,108580.01,108800.0,SL,-1.6729,165.6156,1.0
2025-07-09 06:18:00+00:00,2025-07-09 09:14:00+00:00,long,108779.71,108553.19,SL,-1.6562,163.9594,1.0
2025-07-09 09:33:00+00:00,2025-07-09 10:10:00+00:00,short,108590.77,108811.98,SL,-1.6396,162.3199,1.0
2025-07-09 10:14:00+00:00,2025-07-09 12:10:00+00:00,long,108806.03,109330.77,TP,3.2464,165.5662,1.0
2025-07-09 13:03:00+00:00,2025-07-09 13:55:00+00:00,long,109439.99,109208.87,SL,-1.6557,163.9106,1.0
2025-07-09 14:05:00+00:00,2025-07-09 14:29:00+00:00,long,109297.92,108908.94,SL,-1.6391,162.2715,1.0
2025-07-09 15:10:00+00:00,2025-07-09 16:18:00+00:00,short,108956.79,109195.72,SL,-1.6227,160.6488,1.0
2025-07-09 16:30:00+00:00,2025-07-09 19:15:00+00:00,long,109262.76,109699.99,TP,3.213,163.8617,1.0
2025-07-09 20:38:00+00:00,2025-07-09 20:54:00+00:00,long,110918.65,110620.0,SL,-1.6386,162.2231,1.0
2025-07-09 21:00:00+00:00,2025-07-09 21:17:00+00:00,long,110689.67,111135.1,TP,3.2445,165.4676,1.0
2025-07-09 21:45:00+00:00,2025-07-09 21:59:00+00:00,long,111066.35,110818.36,SL,-1.6547,163.8129,1.0
2025-07-09 22:01:00+00:00,2025-07-09 23:25:00+00:00,long,111065.38,111510.87,TP,3.2763,167.0892,1.0
2025-07-10 00:03:00+00:00,2025-07-10 00:38:00+00:00,long,111270.02,111046.23,SL,-1.6709,165.4183,1.0
2025-07-10 00:56:00+00:00,2025-07-10 01:20:00+00:00,short,110918.23,111141.82,SL,-1.6542,163.7641,1.0
2025-07-10 01:52:00+00:00,2025-07-10 03:33:00+00:00,long,111261.25,111016.11,SL,-1.6376,162.1265,1.0
2025-07-10 03:42:00+00:00,2025-07-10 06:22:00+00:00,short,110997.43,111306.49,SL,-1.6213,160.5052,1.0
2025-07-10 06:51:00+00:00,2025-07-10 09:56:00+00:00,long,111250.0,111021.58,SL,-1.6051,158.9001,1.0
2025-07-10 10:43:00+00:00,2025-07-10 11:29:00+00:00,short,110940.0,111165.25,SL,-1.589,157.3111,1.0
2025-07-10 11:47:00+00:00,2025-07-10 13:43:00+00:00,short,111070.5,110608.18,TP,3.1462,160.4574,1.0
2025-07-10 13:45:00+00:00,2025-07-10 13:47:00+00:00,long,110999.99,110659.99,SL,-1.6046,158.8528,1.0
2025-07-10 13:48:00+00:00,2025-07-10 14:07:00+00:00,short,110622.88,110933.33,SL,-1.5885,157.2643,1.0
2025-07-10 14:35:00+00:00,2025-07-10 16:07:00+00:00,long,111020.49,111478.22,TP,3.1453,160.4095,1.0
2025-07-10 17:05:00+00:00,2025-07-10 17:14:00+00:00,long,112920.67,113433.07,TP,3.2082,163.6177,1.0
2025-07-10 17:32:00+00:00,2025-07-10 18:12:00+00:00,long,113637.13,113373.31,SL,-1.6362,161.9816,1.0
2025-07-10 18:18:00+00:00,2025-07-10 18:24:00+00:00,long,113530.53,113280.0,SL,-1.6198,160.3617,1.0
2025-07-10 18:35:00+00:00,2025-07-10 18:38:00+00:00,long,113306.67,113014.38,SL,-1.6036,158.7581,1.0
2025-07-10 18:44:00+00:00,2025-07-10 19:02:00+00:00,long,113059.33,113525.69,TP,3.1752,161.9333,1.0
2025-07-10 19:42:00+00:00,2025-07-10 21:16:00+00:00,long,113307.97,113987.99,TP,3.2387,165.1719,1.0
2025-07-10 22:37:00+00:00,2025-07-10 23:36:00+00:00,long,115884.67,115651.69,SL,-1.6517,163.5202,1.0
2025-07-10 23:41:00+00:00,2025-07-11 00:22:00+00:00,long,115675.21,115408.33,SL,-1.6352,161.885,1.0
2025-07-11 00:53:00+00:00,2025-07-11 01:16:00+00:00,short,115506.27,115765.1,SL,-1.6188,160.2662,1.0
2025-07-11 01:50:00+00:00,2025-07-11 02:08:00+00:00,long,116043.31,115747.83,SL,-1.6027,158.6635,1.0
2025-07-11 02:13:00+00:00,2025-07-11 02:38:00+00:00,long,115925.05,116419.34,TP,3.1733,161.8368,1.0
2025-07-11 02:49:00+00:00,2025-07-11 05:05:00+00:00,long,116594.31,117074.01,TP,3.2367,165.0735,1.0
2025-07-11 05:27:00+00:00,2025-07-11 05:36:00+00:00,long,117450.0,117920.01,TP,3.3015,168.375,1.0
2025-07-11 05:44:00+00:00,2025-07-11 06:52:00+00:00,long,117968.76,117704.74,SL,-1.6838,166.6912,1.0
2025-07-11 07:10:00+00:00,2025-07-11 07:38:00+00:00,long,117540.0,118063.83,TP,3.3338,170.0251,1.0
2025-07-11 08:06:00+00:00,2025-07-11 09:23:00+00:00,long,117729.67,118219.38,TP,3.4005,173.4256,1.0
2025-07-11 09:33:00+00:00,2025-07-11 09:36:00+00:00,long,118300.29,118822.28,TP,3.4685,176.8941,1.0
2025-07-11 10:24:00+00:00,2025-07-11 10:39:00+00:00,long,118297.8,118056.7,SL,-1.7689,175.1251,1.0
2025-07-11 10:45:00+00:00,2025-07-11 11:07:00+00:00,long,118131.3,117883.22,SL,-1.7513,173.3739,1.0
2025-07-11 11:47:00+00:00,2025-07-11 11:53:00+00:00,short,117700.01,117937.93,SL,-1.7337,171.6401,1.0
2025-07-11 12:02:00+00:00,2025-07-11 12:12:00+00:00,short,117870.67,118145.17,SL,-1.7164,169.9237,1.0
2025-07-11 12:44:00+00:00,2025-07-11 13:03:00+00:00,short,117762.86,118031.22,SL,-1.6992,168.2245,1.0
2025-07-11 13:08:00+00:00,2025-07-11 13:33:00+00:00,short,117786.24,117312.99,TP,3.3645,171.589,1.0
2025-07-11 13:45:00+00:00,2025-07-11 13:49:00+00:00,short,117392.84,117731.61,SL,-1.7159,169.8731,1.0
2025-07-11 14:27:00+00:00,2025-07-11 14:52:00+00:00,long,118010.02,117474.34,SL,-1.6987,168.1744,1.0
2025-07-11 15:14:00+00:00,2025-07-11 15:48:00+00:00,short,117644.22,117157.49,TP,3.3635,171.5379,1.0
2025-07-11 16:06:00+00:00,2025-07-11 16:15:00+00:00,short,116695.21,116974.32,SL,-1.7154,169.8225,1.0
2025-07-11 16:43:00+00:00,2025-07-11 17:06:00+00:00,short,117280.0,117588.2,SL,-1.6982,168.1243,1.0
2025-07-11 18:34:00+00:00,2025-07-11 19:21:00+00:00,long,117511.24,117999.99,TP,3.3625,171.4868,1.0
2025-07-11 19:52:00+00:00,2025-07-11 20:58:00+00:00,long,117966.0,117659.19,SL,-1.7149,169.7719,1.0
2025-07-11 21:09:00+00:00,2025-07-11 21:23:00+00:00,short,117575.67,117815.08,SL,-1.6977,168.0742,1.0
2025-07-11 21:54:00+00:00,2025-07-12 02:18:00+00:00,short,117482.9,117744.09,SL,-1.6807,166.3934,1.0
2025-07-12 03:58:00+00:00,2025-07-12 12:37:00+00:00,long,117731.04,117492.0,SL,-1.6639,164.7295,1.0
2025-07-12 12:47:00+00:00,2025-07-12 14:10:00+00:00,short,117482.76,117726.94,SL,-1.6473,163.0822,1.0
2025-07-12 14:20:00+00:00,2025-07-12 15:40:00+00:00,short,117560.0,117080.03,TP,3.2616,166.3438,1.0
2025-07-12 16:28:00+00:00,2025-07-12 17:40:00+00:00,short,117278.0,117536.96,SL,-1.6634,164.6804,1.0
2025-07-12 17:59:00+00:00,2025-07-12 20:53:00+00:00,long,117478.4,117194.78,SL,-1.6468,163.0336,1.0
2025-07-12 22:03:00+00:00,2025-07-12 23:09:00+00:00,long,117536.96,117284.0,SL,-1.6303,161.4033,1.0
2025-07-12 23:41:00+00:00,2025-07-13 01:39:00+00:00,short,117280.0,117536.96,SL,-1.614,159.7892,1.0
2025-07-13 02:28:00+00:00,2025-07-13 05:04:00+00:00,long,117429.8,117902.31,TP,3.1958,162.985,1.0
2025-07-13 05:29:00+00:00,2025-07-13 12:51:00+00:00,long,117832.64,118339.01,TP,3.2597,166.2447,1.0
2025-07-13 13:23:00+00:00,2025-07-13 14:18:00+00:00,long,118289.84,118978.87,TP,3.3249,169.5696,1.0
2025-07-13 14:56:00+00:00,2025-07-13 17:00:00+00:00,long,118729.07,118451.8,SL,-1.6957,167.8739,1.0
2025-07-13 17:52:00+00:00,2025-07-13 19:30:00+00:00,long,118832.07,119365.91,TP,3.3575,171.2314,1.0
2025-07-13 19:51:00+00:00,2025-07-13 20:00:00+00:00,long,119190.79,118916.09,SL,-1.7123,169.5191,1.0
2025-07-13 20:10:00+00:00,2025-07-13 21:37:00+00:00,long,118965.83,118717.82,SL,-1.6952,167.8239,1.0
2025-07-13 21:58:00+00:00,2025-07-13 23:47:00+00:00,short,118584.05,118915.56,SL,-1.6782,166.1456,1.0
2025-07-14 00:15:00+00:00,2025-07-14 02:23:00+00:00,long,119123.49,119638.99,TP,3.3229,169.4686,1.0
2025-07-14 03:04:00+00:00,2025-07-14 03:42:00+00:00,long,119758.07,120727.93,TP,3.3894,172.8579,1.0
2025-07-14 04:16:00+00:00,2025-07-14 05:13:00+00:00,long,120924.84,121428.68,TP,3.4572,176.3151,1.0
2025-07-14 05:14:00+00:00,2025-07-14 05:23:00+00:00,long,121463.49,122099.24,TP,3.5263,179.8414,1.0
2025-07-14 05:56:00+00:00,2025-07-14 06:10:00+00:00,long,122320.33,122068.38,SL,-1.7984,178.043,1.0
2025-07-14 06:19:00+00:00,2025-07-14 07:37:00+00:00,long,122263.97,122762.04,TP,3.5609,181.6038,1.0
2025-07-14 08:19:00+00:00,2025-07-14 09:12:00+00:00,long,122507.22,122200.0,SL,-1.816,179.7878,1.0
2025-07-14 09:57:00+00:00,2025-07-14 11:24:00+00:00,short,121947.19,121388.24,TP,3.5958,183.3835,1.0
2025-07-14 11:32:00+00:00,2025-07-14 11:39:00+00:00,short,121385.16,121638.94,SL,-1.8338,181.5497,1.0
2025-07-14 11:53:00+00:00,2025-07-14 12:08:00+00:00,short,121515.36,121762.09,SL,-1.8155,179.7342,1.0
2025-07-14 12:19:00+00:00,2025-07-14 13:35:00+00:00,short,121768.92,121193.05,TP,3.5947,183.3289,1.0
2025-07-14 13:57:00+00:00,2025-07-14 14:18:00+00:00,short,121675.91,121990.41,SL,-1.8333,181.4956,1.0
2025-07-14 14:21:00+00:00,2025-07-14 14:32:00+00:00,short,121629.3,121115.59,TP,3.6299,185.1255,1.0
2025-07-14 15:06:00+00:00,2025-07-14 15:33:00+00:00,short,120700.01,120203.47,TP,3.7025,188.828,1.0
2025-07-14 15:45:00+00:00,2025-07-14 16:11:00+00:00,short,119940.48,119457.54,TP,3.7766,192.6046,1.0
2025-07-14 16:42:00+00:00,2025-07-14 16:51:00+00:00,short,119800.01,120067.28,SL,-1.926,190.6785,1.0
2025-07-14 17:51:00+00:00,2025-07-14 18:24:00+00:00,short,119788.67,120098.45,SL,-1.9068,188.7718,1.0
2025-07-14 18:36:00+00:00,2025-07-14 20:39:00+00:00,short,119888.86,120194.13,SL,-1.8877,186.884,1.0
2025-07-14 20:54:00+00:00,2025-07-14 20:59:00+00:00,long,120441.16,120167.07,SL,-1.8688,185.0152,1.0
2025-07-14 21:21:00+00:00,2025-07-14 23:18:00+00:00,long,120089.29,119809.61,SL,-1.8502,183.1651,1.0
2025-07-14 23:44:00+00:00,2025-07-15 00:41:00+00:00,short,119843.59,119355.6,TP,3.6633,186.8284,1.0
2025-07-15 01:02:00+00:00,2025-07-15 01:22:00+00:00,short,119287.32,118766.11,TP,3.7366,190.5649,1.0
2025-07-15 01:49:00+00:00,2025-07-15 01:58:00+00:00,short,119152.0,118583.86,TP,3.8113,194.3762,1.0
2025-07-15 02:58:00+00:00,2025-07-15 03:02:00+00:00,short,118220.03,117638.8,TP,3.8875,198.2637,1.0
2025-07-15 03:36:00+00:00,2025-07-15 03:47:00+00:00,short,117170.0,117456.0,SL,-1.9826,196.2811,1.0
2025-07-15 03:57:00+00:00,2025-07-15 04:09:00+00:00,short,117260.01,116726.33,TP,3.9256,200.2067,1.0
2025-07-15 04:32:00+00:00,2025-07-15 04:38:00+00:00,short,117082.07,117355.65,SL,-2.0021,198.2047,1.5
2025-07-15 04:50:00+00:00,2025-07-15 05:03:00+00:00,short,117341.0,117619.36,SL,-1.982,196.2226,1.0
2025-07-15 05:12:00+00:00,2025-07-15 05:35:00+00:00,short,117676.97,117140.0,TP,3.9245,200.1471,1.0
2025-07-15 06:02:00+00:00,2025-07-15 07:02:00+00:00,short,116937.58,117188.32,SL,-2.0015,198.1456,1.5
2025-07-15 07:07:00+00:00,2025-07-15 07:50:00+00:00,short,116990.35,116474.12,TP,3.9629,202.1085,1.0
2025-07-15 08:16:00+00:00,2025-07-15 09:06:00+00:00,short,116708.58,116988.0,SL,-2.0211,200.0874,1.5
2025-07-15 09:37:00+00:00,2025-07-15 09:56:00+00:00,long,117024.93,116730.0,SL,-2.0009,198.0866,1.5
2025-07-15 10:42:00+00:00,2025-07-15 11:10:00+00:00,long,117116.57,116879.0,SL,-1.9809,196.1057,1.0
2025-07-15 12:30:00+00:00,2025-07-15 12:38:00+00:00,long,117287.99,116973.73,SL,-1.9611,194.1446,1.0
2025-07-15 12:50:00+00:00,2025-07-15 13:05:00+00:00,long,116940.01,117459.99,TP,3.8829,198.0275,1.0
2025-07-15 13:34:00+00:00,2025-07-15 13:39:00+00:00,long,118037.26,117662.75,SL,-1.9803,196.0472,1.0
2025-07-15 13:42:00+00:00,2025-07-15 14:24:00+00:00,long,118066.12,117764.0,SL,-1.9605,194.0868,1.0
2025-07-15 14:52:00+00:00,2025-07-15 14:56:00+00:00,short,116298.41,115750.61,TP,3.8817,197.9685,1.0
2025-07-15 15:24:00+00:00,2025-07-15 15:29:00+00:00,short,115952.66,116258.0,SL,-1.9797,195.9888,1.0
2025-07-15 15:57:00+00:00,2025-07-15 16:04:00+00:00,short,116444.01,116680.0,SL,-1.9599,194.0289,1.0
2025-07-15 16:16:00+00:00,2025-07-15 16:22:00+00:00,short,116708.33,116990.75,SL,-1.9403,192.0886,1.0
2025-07-15 16:31:00+00:00,2025-07-15 16:44:00+00:00,long,117190.59,117665.27,TP,3.8418,195.9304,1.0
2025-07-15 17:18:00+00:00,2025-07-15 18:13:00+00:00,long,117359.99,117100.01,SL,-1.9593,193.9711,1.0
2025-07-15 18:21:00+00:00,2025-07-15 18:26:00+00:00,long,117238.9,116924.0,SL,-1.9397,192.0314,1.0
2025-07-15 19:15:00+00:00,2025-07-15 19:45:00+00:00,short,116925.44,116385.54,TP,3.8406,195.872,1.0
2025-07-15 20:17:00+00:00,2025-07-15 20:21:00+00:00,short,116219.52,116468.0,SL,-1.9587,193.9133,1.0
2025-07-15 20:39:00+00:00,2025-07-15 21:08:00+00:00,short,116400.01,116644.55,SL,-1.9391,191.9742,1.0
2025-07-15 21:33:00+00:00,2025-07-15 22:52:00+00:00,long,117280.0,117852.6,TP,3.8395,195.8137,1.0
2025-07-15 23:37:00+00:00,2025-07-16 00:49:00+00:00,long,117622.42,118116.37,TP,3.9163,199.7299,1.0
2025-07-16 01:33:00+00:00,2025-07-16 02:04:00+00:00,long,117786.05,117436.56,SL,-1.9973,197.7326,1.0
2025-07-16 02:16:00+00:00,2025-07-16 05:03:00+00:00,short,117458.37,117771.09,SL,-1.9773,195.7553,1.0
2025-07-16 05:35:00+00:00,2025-07-16 08:35:00+00:00,long,117949.67,118430.65,TP,3.9151,199.6704,1.0
2025-07-16 09:09:00+00:00,2025-07-16 12:31:00+00:00,long,118887.99,118620.0,SL,-1.9967,197.6737,1.0
2025-07-16 12:34:00+00:00,2025-07-16 12:57:00+00:00,long,118965.34,118668.59,SL,-1.9767,195.697,1.0
2025-07-16 13:30:00+00:00,2025-07-16 13:33:00+00:00,short,118653.84,118899.99,SL,-1.957,193.74,1.0
2025-07-16 13:36:00+00:00,2025-07-16 14:16:00+00:00,short,118732.4,118235.37,TP,3.8748,197.6148,1.0
2025-07-16 14:36:00+00:00,2025-07-16 14:43:00+00:00,short,118336.84,118584.01,SL,-1.9761,195.6387,1.0
2025-07-16 15:28:00+00:00,2025-07-16 15:32:00+00:00,long,119505.68,119176.16,SL,-1.9564,193.6823,1.0
2025-07-16 15:44:00+00:00,2025-07-16 16:04:00+00:00,long,119046.95,118774.95,SL,-1.9368,191.7454,1.0
2025-07-16 16:52:00+00:00,2025-07-16 18:45:00+00:00,long,119235.33,119904.13,TP,3.8349,195.5804,1.0
2025-07-16 19:22:00+00:00,2025-07-16 19:30:00+00:00,long,119362.63,119003.46,SL,-1.9558,193.6246,1.0
2025-07-16 20:08:00+00:00,2025-07-16 20:23:00+00:00,short,119152.78,119391.84,SL,-1.9362,191.6883,1.0
2025-07-16 21:00:00+00:00,2025-07-16 21:35:00+00:00,long,119958.53,119677.69,SL,-1.9169,189.7714,1.0
2025-07-16 21:58:00+00:00,2025-07-16 22:47:00+00:00,short,119266.99,118730.01,TP,3.7954,193.5669,1.0
2025-07-16 23:19:00+00:00,2025-07-16 23:36:00+00:00,short,118420.0,118666.94,SL,-1.9357,191.6312,1.0
2025-07-16 23:50:00+00:00,2025-07-17 00:21:00+00:00,short,118680.02,118945.43,SL,-1.9163,189.7149,1.0
2025-07-17 00:28:00+00:00,2025-07-17 00:42:00+00:00,short,118844.45,119138.3,SL,-1.8971,187.8177,1.0
2025-07-17 01:07:00+00:00,2025-07-17 01:19:00+00:00,long,119079.94,118829.16,SL,-1.8782,185.9395,1.0
2025-07-17 01:46:00+00:00,2025-07-17 02:09:00+00:00,short,118020.05,118269.05,SL,-1.8594,184.0801,1.0
2025-07-17 02:28:00+00:00,2025-07-17 03:18:00+00:00,short,118391.13,117890.24,TP,3.6816,187.7618,1.0
2025-07-17 03:27:00+00:00,2025-07-17 03:56:00+00:00,short,117872.89,118135.85,SL,-1.8776,185.8841,1.0
2025-07-17 04:04:00+00:00,2025-07-17 04:12:00+00:00,short,118020.0,118267.31,SL,-1.8588,184.0253,1.0
2025-07-17 04:25:00+00:00,2025-07-17 04:57:00+00:00,short,118234.4,118480.0,SL,-1.8403,182.185,1.0
2025-07-17 05:17:00+00:00,2025-07-17 07:03:00+00:00,long,118329.61,118092.23,SL,-1.8218,180.3632,1.0
2025-07-17 07:21:00+00:00,2025-07-17 07:32:00+00:00,short,117910.61,118157.57,SL,-1.8036,178.5596,1.0
2025-07-17 08:36:00+00:00,2025-07-17 08:42:00+00:00,short,118148.48,118395.04,SL,-1.7856,176.774,1.0
2025-07-17 09:03:00+00:00,2025-07-17 09:22:00+00:00,long,118426.47,118911.3,TP,3.5355,180.3094,1.0
2025-07-17 10:16:00+00:00,2025-07-17 10:40:00+00:00,long,118601.4,118340.55,SL,-1.8031,178.5063,1.0
2025-07-17 11:05:00+00:00,2025-07-17 12:09:00+00:00,short,118243.64,117762.07,TP,3.5701,182.0765,1.0
2025-07-17 12:22:00+00:00,2025-07-17 12:44:00+00:00,short,117711.02,117977.99,SL,-1.8208,180.2557,1.0
2025-07-17 12:57:00+00:00,2025-07-17 13:53:00+00:00,short,117993.3,118275.56,SL,-1.8026,178.4532,1.0
2025-07-17 14:22:00+00:00,2025-07-17 15:42:00+00:00,long,118555.25,119031.0,TP,3.5691,182.0222,1.0
2025-07-17 16:21:00+00:00,2025-07-17 16:32:00+00:00,long,118654.38,118401.44,SL,-1.8202,180.202,1.0
2025-07-17 16:41:00+00:00,2025-07-17 17:50:00+00:00,long,118601.49,119076.01,TP,3.604,183.806,1.0
2025-07-17 18:20:00+00:00,2025-07-17 19:47:00+00:00,long,119569.17,119244.82,SL,-1.8381,181.968,1.0
2025-07-17 21:00:00+00:00,2025-07-17 21:08:00+00:00,long,119510.72,119993.33,TP,3.6394,185.6073,1.0
2025-07-17 22:13:00+00:00,2025-07-17 22:22:00+00:00,long,120399.99,120157.64,SL,-1.8561,183.7513,1.0
2025-07-17 22:34:00+00:00,2025-07-17 22:50:00+00:00,long,120187.93,119869.99,SL,-1.8375,181.9137,1.0
2025-07-17 23:18:00+00:00,2025-07-18 00:12:00+00:00,short,119613.83,119054.73,TP,3.6383,185.552,1.0
2025-07-18 00:43:00+00:00,2025-07-18 01:11:00+00:00,long,119710.26,120279.02,TP,3.711,189.2631,1.0
2025-07-18 01:35:00+00:00,2025-07-18 02:02:00+00:00,long,120452.26,120209.49,SL,-1.8926,187.3704,1.0
2025-07-18 02:12:00+00:00,2025-07-18 02:15:00+00:00,long,120237.8,119977.02,SL,-1.8737,185.4967,1.0
2025-07-18 02:24:00+00:00,2025-07-18 05:13:00+00:00,long,120050.38,120574.38,TP,3.7099,189.2067,1.0
2025-07-18 05:49:00+00:00,2025-07-18 06:29:00+00:00,long,120418.36,120151.97,SL,-1.8921,187.3146,1.0
2025-07-18 06:56:00+00:00,2025-07-18 07:25:00+00:00,short,120267.94,119735.89,TP,3.7463,191.0609,1.0
2025-07-18 07:52:00+00:00,2025-07-18 08:31:00+00:00,short,119508.39,118868.6,TP,3.8212,194.8821,1.0
2025-07-18 09:18:00+00:00,2025-07-18 09:41:00+00:00,short,118620.46,118892.91,SL,-1.9488,192.9333,1.0
2025-07-18 09:54:00+00:00,2025-07-18 10:49:00+00:00,short,118803.75,119094.01,SL,-1.9293,191.0039,1.0
2025-07-18 11:54:00+00:00,2025-07-18 13:15:00+00:00,long,119097.42,118840.01,SL,-1.91,189.0939,1.0
2025-07-18 13:41:00+00:00,2025-07-18 13:47:00+00:00,short,118558.35,118830.73,SL,-1.8909,187.203,1.0
2025-07-18 14:16:00+00:00,2025-07-18 14:22:00+00:00,short,118643.07,117946.9,TP,3.7441,190.947,1.0
2025-07-18 15:07:00+00:00,2025-07-18 15:19:00+00:00,short,118080.01,117605.08,TP,3.8189,194.766,1.0
2025-07-18 15:42:00+00:00,2025-07-18 15:48:00+00:00,short,117528.73,117780.97,SL,-1.9477,192.8183,1.0
2025-07-18 16:08:00+00:00,2025-07-18 19:01:00+00:00,short,117764.25,117267.42,TP,3.8564,196.6747,1.0
2025-07-18 19:58:00+00:00,2025-07-18 20:34:00+00:00,short,117326.61,116819.36,TP,3.9335,200.6082,1.0
2025-07-18 22:12:00+00:00,2025-07-19 01:41:00+00:00,long,117581.18,118056.36,TP,4.0122,204.6203,1.5
2025-07-19 01:52:00+00:00,2025-07-19 14:38:00+00:00,long,118059.99,117820.01,SL,-2.0462,202.5741,1.5
2025-07-19 14:58:00+00:00,2025-07-19 15:10:00+00:00,short,117662.35,117956.13,SL,-2.0257,200.5484,1.5
2025-07-19 16:40:00+00:00,2025-07-19 21:17:00+00:00,short,118016.64,117518.25,TP,4.011,204.5594,1.5
2025-07-19 22:02:00+00:00,2025-07-19 22:41:00+00:00,short,117582.4,117819.83,SL,-2.0456,202.5138,1.5
2025-07-19 22:53:00+00:00,2025-07-20 13:52:00+00:00,long,117849.99,118333.07,TP,4.0503,206.564,1.5
2025-07-20 14:18:00+00:00,2025-07-20 14:53:00+00:00,long,118675.09,118436.79,SL,-2.0656,204.4984,1.5
2025-07-20 15:10:00+00:00,2025-07-20 17:41:00+00:00,long,118405.89,118127.84,SL,-2.045,202.4534,1.5
2025-07-20 18:19:00+00:00,2025-07-20 18:47:00+00:00,short,118149.4,118399.82,SL,-2.0245,200.4289,1.5
2025-07-20 19:10:00+00:00,2025-07-20 19:55:00+00:00,long,118555.0,118263.28,SL,-2.0043,198.4246,1.5
2025-07-20 20:54:00+00:00,2025-07-20 22:04:00+00:00,short,118171.24,117652.25,TP,3.9685,202.3931,1.0
2025-07-20 22:55:00+00:00,2025-07-21 00:10:00+00:00,short,117518.34,117015.9,TP,4.0479,206.4409,1.5
2025-07-21 01:09:00+00:00,2025-07-21 01:36:00+00:00,short,117311.7,116835.22,TP,4.1288,210.5698,1.5
2025-07-21 02:29:00+00:00,2025-07-21 02:45:00+00:00,long,118039.99,117783.8,SL,-2.1057,208.4641,1.5
2025-07-21 02:52:00+00:00,2025-07-21 03:05:00+00:00,long,117977.04,118449.99,TP,4.1693,212.6334,1.5
2025-07-21 03:33:00+00:00,2025-07-21 03:50:00+00:00,long,118585.18,118329.36,SL,-2.1263,210.507,1.5
2025-07-21 03:58:00+00:00,2025-07-21 06:30:00+00:00,long,118407.99,118996.28,TP,4.2101,214.7172,1.5
2025-07-21 06:56:00+00:00,2025-07-21 08:52:00+00:00,long,119187.99,118900.0,SL,-2.1472,212.57,1.5
2025-07-21 09:14:00+00:00,2025-07-21 10:39:00+00:00,short,118927.03,118426.47,TP,4.2514,216.8214,1.5
2025-07-21 11:10:00+00:00,2025-07-21 11:59:00+00:00,short,118632.29,118070.17,TP,4.3364,221.1578,1.5
2025-07-21 12:31:00+00:00,2025-07-21 13:38:00+00:00,short,118321.46,118577.6,SL,-2.2116,218.9462,1.5
2025-07-21 14:16:00+00:00,2025-07-21 15:34:00+00:00,long,118824.21,118550.01,SL,-2.1895,216.7568,1.5
2025-07-21 15:59:00+00:00,2025-07-21 16:16:00+00:00,short,118313.16,117813.99,TP,4.3351,221.0919,1.5
2025-07-21 16:44:00+00:00,2025-07-21 17:10:00+00:00,short,117833.77,118092.78,SL,-2.2109,218.881,1.5
2025-07-21 17:16:00+00:00,2025-07-21 17:41:00+00:00,short,117908.6,117406.28,TP,4.3776,223.2586,1.5
2025-07-21 18:09:00+00:00,2025-07-21 18:22:00+00:00,short,117876.86,118154.92,SL,-2.2326,221.026,1.5
2025-07-21 18:25:00+00:00,2025-07-21 18:43:00+00:00,short,117940.0,117466.6,TP,4.4205,225.4465,1.5
2025-07-21 18:57:00+00:00,2025-07-21 19:08:00+00:00,short,117154.41,117405.23,SL,-2.2545,223.1921,1.5
2025-07-21 19:21:00+00:00,2025-07-21 19:34:00+00:00,short,117307.65,116822.05,TP,4.4638,227.6559,1.5
2025-07-21 19:46:00+00:00,2025-07-21 20:15:00+00:00,short,116750.01,117088.4,SL,-2.2766,225.3794,1.5
2025-07-21 20:37:00+00:00,2025-07-21 21:41:00+00:00,short,117080.0,117314.69,SL,-2.2538,223.1256,1.5
2025-07-21 22:09:00+00:00,2025-07-22 01:01:00+00:00,long,117260.0,117010.0,SL,-2.2313,220.8943,1.5
2025-07-22 01:15:00+00:00,2025-07-22 01:20:00+00:00,short,116685.01,116964.67,SL,-2.2089,218.6854,1.5
2025-07-22 02:22:00+00:00,2025-07-22 02:42:00+00:00,long,117657.2,117319.08,SL,-2.1869,216.4985,1.5
2025-07-22 03:17:00+00:00,2025-07-22 03:27:00+00:00,short,116815.61,117106.56,SL,-2.165,214.3335,1.5
2025-07-22 03:37:00+00:00,2025-07-22 03:53:00+00:00,short,116894.54,117136.7,SL,-2.1433,212.1902,1.5
2025-07-22 04:04:00+00:00,2025-07-22 04:59:00+00:00,short,117135.99,116555.01,TP,4.2438,216.434,1.5
2025-07-22 05:53:00+00:00,2025-07-22 06:56:00+00:00,long,117296.91,117779.99,TP,4.3287,220.7627,1.5
2025-07-22 07:25:00+00:00,2025-07-22 07:33:00+00:00,long,118525.72,118233.49,SL,-2.2076,218.5551,1.5
2025-07-22 08:12:00+00:00,2025-07-22 08:52:00+00:00,long,117768.18,118244.38,TP,4.3711,222.9262,1.5
2025-07-22 09:24:00+00:00,2025-07-22 09:45:00+00:00,long,118095.46,118582.49,TP,4.4585,227.3847,1.5
2025-07-22 10:18:00+00:00,2025-07-22 10:59:00+00:00,long,118473.71,118955.99,TP,4.5477,231.9324,1.5
2025-07-22 11:30:00+00:00,2025-07-22 13:51:00+00:00,long,119070.33,118689.99,SL,-2.3193,229.613,1.5
2025-07-22 14:49:00+00:00,2025-07-22 14:57:00+00:00,short,118706.64,118982.88,SL,-2.2961,227.3169,1.5
2025-07-22 15:34:00+00:00,2025-07-22 15:44:00+00:00,long,119142.02,118875.69,SL,-2.2732,225.0437,1.5
2025-07-22 15:48:00+00:00,2025-07-22 16:02:00+00:00,long,119054.0,118777.25,SL,-2.2504,222.7933,1.5
2025-07-22 16:04:00+00:00,2025-07-22 16:42:00+00:00,long,119026.92,118788.23,SL,-2.2279,220.5654,1.5
2025-07-22 17:11:00+00:00,2025-07-22 17:22:00+00:00,short,118444.01,118693.84,SL,-2.2057,218.3597,1.5
2025-07-22 18:07:00+00:00,2025-07-22 18:10:00+00:00,long,119395.99,119115.12,SL,-2.1836,216.1761,1.5
2025-07-22 18:23:00+00:00,2025-07-22 18:54:00+00:00,long,119415.12,119985.99,TP,4.3235,220.4996,1.5
2025-07-22 19:48:00+00:00,2025-07-22 20:24:00+00:00,long,119341.64,119831.99,TP,4.41,224.9096,1.5
2025-07-22 20:47:00+00:00,2025-07-22 21:26:00+00:00,long,119767.33,119522.34,SL,-2.2491,222.6605,1.5
2025-07-22 21:36:00+00:00,2025-07-22 22:39:00+00:00,long,119528.25,120009.98,TP,4.4532,227.1138,1.5
2025-07-22 23:03:00+00:00,2025-07-23 00:28:00+00:00,long,119961.0,119705.3,SL,-2.2711,224.8426,1.5
2025-07-23 00:37:00+00:00,2025-07-23 00:52:00+00:00,long,119819.99,119565.21,SL,-2.2484,222.5942,1.5
2025-07-23 01:40:00+00:00,2025-07-23 03:01:00+00:00,short,119487.43,118946.27,TP,4.4519,227.0461,1.5
2025-07-23 03:17:00+00:00,2025-07-23 06:44:00+00:00,short,118900.0,118420.01,TP,4.5409,231.587,1.5
2025-07-23 07:10:00+00:00,2025-07-23 10:10:00+00:00,short,118377.71,117886.69,TP,4.6317,236.2187,1.5
2025-07-23 10:36:00+00:00,2025-07-23 11:22:00+00:00,short,118237.37,118489.99,SL,-2.3622,233.8566,1.5
2025-07-23 12:12:00+00:00,2025-07-23 12:41:00+00:00,long,118579.99,118220.01,SL,-2.3386,231.518,1.5
2025-07-23 13:18:00+00:00,2025-07-23 13:50:00+00:00,short,117884.01,117341.52,TP,4.6304,236.1483,1.5
2025-07-23 14:00:00+00:00,2025-07-23 14:01:00+00:00,short,117347.3,117583.63,SL,-2.3615,233.7869,1.5
2025-07-23 14:30:00+00:00,2025-07-23 14:59:00+00:00,short,117938.65,118204.99,SL,-2.3379,231.449,1.5
2025-07-23 15:06:00+00:00,2025-07-23 15:32:00+00:00,short,117914.35,118156.0,SL,-2.3145,229.1345,1.5
2025-07-23 15:54:00+00:00,2025-07-23 16:10:00+00:00,long,118388.19,118102.27,SL,-2.2913,226.8432,1.5
2025-07-23 16:34:00+00:00,2025-07-23 16:51:00+00:00,short,117567.12,117810.52,SL,-2.2684,224.5747,1.5
2025-07-23 17:07:00+00:00,2025-07-23 17:46:00+00:00,short,117676.14,117926.19,SL,-2.2457,222.329,1.5
2025-07-23 17:51:00+00:00,2025-07-23 17:56:00+00:00,short,117746.75,118028.53,SL,-2.2233,220.1057,1.5
2025-07-23 18:24:00+00:00,2025-07-23 20:27:00+00:00,long,118276.0,117987.01,SL,-2.2011,217.9046,1.5
2025-07-23 21:17:00+00:00,2025-07-23 21:26:00+00:00,short,117914.83,117435.01,TP,4.3581,222.2627,1.5
2025-07-23 21:37:00+00:00,2025-07-23 21:39:00+00:00,short,117430.75,117846.18,SL,-2.2226,220.0401,1.5
2025-07-23 22:09:00+00:00,2025-07-23 23:59:00+00:00,long,118263.98,118755.99,TP,4.4008,224.4409,1.5
2025-07-24 00:07:00+00:00,2025-07-24 03:26:00+00:00,long,118719.65,119223.09,TP,4.4888,228.9297,1.5
2025-07-24 04:24:00+00:00,2025-07-24 05:07:00+00:00,short,118284.26,117750.01,TP,4.5786,233.5083,1.5
2025-07-24 05:19:00+00:00,2025-07-24 05:41:00+00:00,short,117577.19,117873.87,SL,-2.3351,231.1732,1.5
2025-07-24 05:51:00+00:00,2025-07-24 07:05:00+00:00,short,117680.01,117112.0,TP,4.6235,235.7967,1.5
2025-07-24 07:43:00+00:00,2025-07-24 08:12:00+00:00,long,118235.81,118785.67,TP,4.7159,240.5126,1.5
2025-07-24 08:49:00+00:00,2025-07-24 09:18:00+00:00,long,118770.22,118512.28,SL,-2.4051,238.1075,1.5
2025-07-24 09:29:00+00:00,2025-07-24 09:49:00+00:00,long,118609.22,118334.02,SL,-2.3811,235.7264,1.5
2025-07-24 09:53:00+00:00,2025-07-24 10:18:00+00:00,long,118499.98,118243.32,SL,-2.3573,233.3692,1.5
2025-07-24 11:12:00+00:00,2025-07-24 13:58:00+00:00,long,118478.99,118239.99,SL,-2.3337,231.0355,1.5
2025-07-24 14:08:00+00:00,2025-07-24 14:34:00+00:00,short,118170.0,118434.9,SL,-2.3104,228.7251,1.5
2025-07-24 15:41:00+00:00,2025-07-24 16:16:00+00:00,long,119014.01,118763.29,SL,-2.2873,226.4379,1.5
2025-07-24 16:23:00+00:00,2025-07-24 16:29:00+00:00,long,118942.13,118684.52,SL,-2.2644,224.1735,1.5
2025-07-24 17:22:00+00:00,2025-07-24 20:56:00+00:00,long,118999.99,118761.52,SL,-2.2417,221.9317,1.5
2025-07-24 20:57:00+00:00,2025-07-24 22:49:00+00:00,short,118746.71,118265.53,TP,4.4386,226.3704,1.5
2025-07-24 23:01:00+00:00,2025-07-25 00:39:00+00:00,short,118205.56,117728.01,TP,4.5274,230.8978,1.5
2025-07-25 01:11:00+00:00,2025-07-25 02:12:00+00:00,short,117589.4,117101.96,TP,4.618,235.5157,1.5
2025-07-25 02:27:00+00:00,2025-07-25 02:46:00+00:00,short,117100.0,116528.01,TP,4.7103,240.2261,1.5
2025-07-25 02:59:00+00:00,2025-07-25 03:17:00+00:00,short,116353.67,115876.42,TP,4.8045,245.0306,1.5
2025-07-25 03:30:00+00:00,2025-07-25 04:22:00+00:00,short,115624.01,115152.81,TP,4.9006,249.9312,1.5
2025-07-25 04:23:00+00:00,2025-07-25 04:28:00+00:00,short,115145.23,115384.0,SL,-2.4993,247.4319,1.5
2025-07-25 04:51:00+00:00,2025-07-25 05:13:00+00:00,short,115939.13,115422.6,TP,4.9486,252.3805,1.5
2025-07-25 05:30:00+00:00,2025-07-25 07:01:00+00:00,short,115550.98,115081.96,TP,5.0476,257.4281,1.5
2025-07-25 08:59:00+00:00,2025-07-25 09:19:00+00:00,short,115202.55,115467.46,SL,-2.5743,254.8538,1.5
2025-07-25 09:55:00+00:00,2025-07-25 10:35:00+00:00,long,115879.99,116379.0,TP,5.0971,259.9509,1.5
2025-07-25 10:41:00+00:00,2025-07-25 12:32:00+00:00,long,116367.74,116125.01,SL,-2.5995,257.3514,1.5
2025-07-25 12:53:00+00:00,2025-07-25 13:33:00+00:00,short,116201.38,116449.99,SL,-2.5735,254.7779,1.5
2025-07-25 13:39:00+00:00,2025-07-25 13:58:00+00:00,short,115965.17,116213.37,SL,-2.5478,252.2301,1.5
2025-07-25 14:04:00+00:00,2025-07-25 14:17:00+00:00,short,115900.0,115428.41,TP,5.0446,257.2747,1.5
2025-07-25 14:32:00+00:00,2025-07-25 14:35:00+00:00,short,115276.23,115590.27,SL,-2.5727,254.702,1.5
2025-07-25 14:38:00+00:00,2025-07-25 15:23:00+00:00,short,115284.14,115540.0,SL,-2.547,252.155,1.5
2025-07-25 15:32:00+00:00,2025-07-25 15:55:00+00:00,short,115552.64,115794.01,SL,-2.5215,249.6334,1.5
2025-07-25 16:07:00+00:00,2025-07-25 16:20:00+00:00,long,115863.67,115583.11,SL,-2.4963,247.1371,1.5
2025-07-25 16:29:00+00:00,2025-07-25 17:02:00+00:00,long,115783.07,116250.01,TP,4.9427,252.0798,1.5
2025-07-25 17:41:00+00:00,2025-07-25 19:15:00+00:00,long,116199.72,116716.85,TP,5.0416,257.1214,1.5
2025-07-25 19:27:00+00:00,2025-07-25 20:43:00+00:00,long,116709.4,117180.89,TP,5.1424,262.2638,1.5
2025-07-25 21:11:00+00:00,2025-07-26 02:33:00+00:00,long,117262.8,117740.88,TP,5.2453,267.5091,1.5
2025-07-26 02:53:00+00:00,2025-07-26 06:13:00+00:00,long,117602.99,117363.15,SL,-2.6751,264.834,1.5
2025-07-26 06:48:00+00:00,2025-07-26 10:16:00+00:00,short,117388.77,117638.83,SL,-2.6483,262.1857,1.5
2025-07-26 11:32:00+00:00,2025-07-27 14:32:00+00:00,long,117972.99,118449.99,TP,5.2437,267.4294,1.5
2025-07-27 14:52:00+00:00,2025-07-27 16:04:00+00:00,long,118390.62,118969.37,TP,5.3486,272.778,1.5
2025-07-27 16:11:00+00:00,2025-07-27 16:30:00+00:00,long,118920.01,119398.78,TP,5.4556,278.2335,1.5
2025-07-27 17:05:00+00:00,2025-07-27 17:17:00+00:00,long,119196.38,118945.43,SL,-2.7823,275.4512,1.5
2025-07-27 17:27:00+00:00,2025-07-27 20:52:00+00:00,long,119093.89,118851.01,SL,-2.7545,272.6967,1.5
2025-07-27 20:53:00+00:00,2025-07-27 21:35:00+00:00,short,118824.66,119079.92,SL,-2.727,269.9697,1.5
2025-07-27 22:00:00+00:00,2025-07-27 23:11:00+00:00,long,119470.8,119211.51,SL,-2.6997,267.27,1.5
2025-07-27 23:18:00+00:00,2025-07-28 00:48:00+00:00,long,119416.46,119142.75,SL,-2.6727,264.5973,1.5
2025-07-28 01:01:00+00:00,2025-07-28 01:19:00+00:00,short,119120.13,119371.54,SL,-2.646,261.9514,1.5
2025-07-28 01:29:00+00:00,2025-07-28 01:33:00+00:00,long,119390.0,119139.99,SL,-2.6195,259.3318,1.5
2025-07-28 03:02:00+00:00,2025-07-28 03:27:00+00:00,long,119521.02,119275.67,SL,-2.5933,256.7385,1.5
2025-07-28 03:44:00+00:00,2025-07-28 05:41:00+00:00,short,119239.82,119479.31,SL,-2.5674,254.1711,1.5
2025-07-28 05:49:00+00:00,2025-07-28 07:03:00+00:00,long,119550.0,119259.98,SL,-2.5417,251.6294,1.5
2025-07-28 07:33:00+00:00,2025-07-28 08:56:00+00:00,short,118849.99,119089.29,SL,-2.5163,249.1131,1.5
2025-07-28 09:03:00+00:00,2025-07-28 13:32:00+00:00,short,118954.55,118379.84,TP,4.9823,254.0954,1.5
2025-07-28 13:47:00+00:00,2025-07-28 14:35:00+00:00,short,118450.01,117958.0,TP,5.0819,259.1773,1.5
2025-07-28 14:51:00+00:00,2025-07-28 15:23:00+00:00,short,118087.61,118328.87,SL,-2.5918,256.5855,1.5
2025-07-28 15:36:00+00:00,2025-07-28 17:14:00+00:00,short,118368.63,117862.84,TP,5.1317,261.7172,1.5
2025-07-28 17:41:00+00:00,2025-07-28 19:04:00+00:00,short,117833.77,118084.59,SL,-2.6172,259.1001,1.5
2025-07-28 20:07:00+00:00,2025-07-28 20:55:00+00:00,short,117840.62,118080.0,SL,-2.591,256.5091,1.5
2025-07-28 21:18:00+00:00,2025-07-28 22:40:00+00:00,long,118160.0,117910.01,SL,-2.5651,253.944,1.5
2025-07-28 23:26:00+00:00,2025-07-29 00:08:00+00:00,short,117976.4,118245.15,SL,-2.5394,251.4045,1.5
2025-07-29 02:17:00+00:00,2025-07-29 02:29:00+00:00,short,117661.27,117905.05,SL,-2.514,248.8905,1.5
2025-07-29 02:40:00+00:00,2025-07-29 02:49:00+00:00,short,117805.29,118059.15,SL,-2.4889,246.4016,1.5
2025-07-29 02:52:00+00:00,2025-07-29 03:00:00+00:00,short,117917.13,118200.0,SL,-2.464,243.9376,1.5
2025-07-29 03:40:00+00:00,2025-07-29 06:17:00+00:00,long,118435.71,118925.35,TP,4.8788,248.8163,1.5
2025-07-29 07:04:00+00:00,2025-07-29 10:03:00+00:00,long,118944.14,118685.75,SL,-2.4882,246.3282,1.5
2025-07-29 10:39:00+00:00,2025-07-29 12:26:00+00:00,short,118585.74,118914.76,SL,-2.4633,243.8649,1.5
2025-07-29 13:15:00+00:00,2025-07-29 13:55:00+00:00,long,118875.86,118608.31,SL,-2.4386,241.4262,1.5
2025-07-29 14:38:00+00:00,2025-07-29 15:22:00+00:00,short,118106.9,117606.23,TP,4.8285,246.2548,1.5
2025-07-29 15:42:00+00:00,2025-07-29 15:47:00+00:00,short,117285.7,117599.96,SL,-2.4625,243.7922,1.5
2025-07-29 15:59:00+00:00,2025-07-29 16:46:00+00:00,short,117400.01,117638.34,SL,-2.4379,241.3543,1.5
2025-07-29 17:00:00+00:00,2025-07-29 17:13:00+00:00,short,117654.69,117909.78,SL,-2.4135,238.9407,1.5
2025-07-29 17:31:00+00:00,2025-07-29 17:42:00+00:00,long,118021.88,117770.6,SL,-2.3894,236.5513,1.5
2025-07-29 17:55:00+00:00,2025-07-29 18:08:00+00:00,long,117860.94,117571.43,SL,-2.3655,234.1858,1.5
2025-07-29 18:23:00+00:00,2025-07-29 18:29:00+00:00,short,117488.83,117725.92,SL,-2.3419,231.844,1.5
2025-07-29 18:43:00+00:00,2025-07-29 19:16:00+00:00,short,117714.97,117954.61,SL,-2.3184,229.5255,1.5
2025-07-29 19:22:00+00:00,2025-07-29 20:21:00+00:00,short,117560.45,117799.99,SL,-2.2953,227.2303,1.5
2025-07-29 20:31:00+00:00,2025-07-29 22:01:00+00:00,short,117461.85,117698.04,SL,-2.2723,224.958,1.5
2025-07-29 22:21:00+00:00,2025-07-30 02:13:00+00:00,long,117582.14,118100.52,TP,4.4992,229.4571,1.5
2025-07-30 02:36:00+00:00,2025-07-30 05:13:00+00:00,long,118002.82,117721.79,SL,-2.2946,227.1626,1.5
2025-07-30 05:43:00+00:00,2025-07-30 06:18:00+00:00,short,117926.48,118165.26,SL,-2.2716,224.8909,1.5
2025-07-30 06:27:00+00:00,2025-07-30 11:17:00+00:00,long,118196.63,117913.19,SL,-2.2489,222.642,1.5
2025-07-30 11:44:00+00:00,2025-07-30 14:39:00+00:00,short,117798.01,118064.45,SL,-2.2264,220.4156,1.5
2025-07-30 15:36:00+00:00,2025-07-30 15:50:00+00:00,long,118223.47,117890.46,SL,-2.2042,218.2114,1.5
2025-07-30 16:01:00+00:00,2025-07-30 18:40:00+00:00,short,117899.36,117291.06,TP,4.3642,222.5757,1.5
2025-07-30 19:59:00+00:00,2025-07-30 20:05:00+00:00,short,116916.73,117163.31,SL,-2.2258,220.3499,1.5
2025-07-30 20:06:00+00:00,2025-07-30 20:50:00+00:00,long,117211.79,116975.93,SL,-2.2035,218.1464,1.5
2025-07-30 21:11:00+00:00,2025-07-30 21:36:00+00:00,long,117195.22,116955.65,SL,-2.1815,215.965,1.5
2025-07-30 22:06:00+00:00,2025-07-30 23:48:00+00:00,long,117400.01,117871.39,TP,4.3193,220.2843,1.5
2025-07-31 00:16:00+00:00,2025-07-31 00:47:00+00:00,long,117934.77,118475.79,TP,4.4057,224.6899,1.5
2025-07-31 01:30:00+00:00,2025-07-31 01:53:00+00:00,long,118326.56,118041.75,SL,-2.2469,222.443,1.5
2025-07-31 02:01:00+00:00,2025-07-31 03:52:00+00:00,long,118091.99,118599.99,TP,4.4489,226.8919,1.5
2025-07-31 04:16:00+00:00,2025-07-31 13:16:00+00:00,long,118455.1,118141.73,SL,-2.2689,224.623,1.5
2025-07-31 14:58:00+00:00,2025-07-31 15:03:00+00:00,short,117922.01,118189.99,SL,-2.2462,222.3768,1.5
2025-07-31 15:10:00+00:00,2025-07-31 15:18:00+00:00,short,117940.38,118189.5,SL,-2.2238,220.153,1.5
2025-07-31 15:22:00+00:00,2025-07-31 15:37:00+00:00,short,118003.94,118266.06,SL,-2.2015,217.9515,1.5
2025-07-31 15:49:00+00:00,2025-07-31 16:15:00+00:00,short,118152.02,118416.49,SL,-2.1795,215.7719,1.5
2025-07-31 16:27:00+00:00,2025-07-31 17:03:00+00:00,long,118484.99,118242.4,SL,-2.1577,213.6142,1.5
2025-07-31 17:13:00+00:00,2025-07-31 17:52:00+00:00,short,118272.1,117779.99,TP,4.2723,217.8865,1.5
2025-07-31 18:40:00+00:00,2025-07-31 19:12:00+00:00,short,117868.31,117350.0,TP,4.3577,222.2442,1.5
2025-07-31 19:26:00+00:00,2025-07-31 20:09:00+00:00,short,117123.44,116600.0,TP,4.4449,226.6891,1.5
2025-07-31 20:15:00+00:00,2025-07-31 20:19:00+00:00,short,116569.99,116812.29,SL,-2.2669,224.4222,1.5
2025-07-31 20:34:00+00:00,2025-07-31 21:31:00+00:00,short,116567.99,116837.95,SL,-2.2442,222.178,1.5
2025-07-31 21:37:00+00:00,2025-07-31 22:08:00+00:00,short,116736.53,116203.74,TP,4.4436,226.6216,1.5
2025-07-31 22:26:00+00:00,2025-07-31 23:14:00+00:00,short,116129.61,116362.99,SL,-2.2662,224.3554,1.5
2025-07-31 23:19:00+00:00,2025-07-31 23:40:00+00:00,short,116152.0,115611.34,TP,4.4871,228.8425,1.5
2025-07-31 23:54:00+00:00,2025-08-01 00:19:00+00:00,short,115573.46,115840.9,SL,-2.2884,226.554,1.5
2025-08-01 00:31:00+00:00,2025-08-01 00:50:00+00:00,short,115662.01,114954.9,TP,4.5311,231.0851,1.5
2025-08-01 01:08:00+00:00,2025-08-01 01:28:00+00:00,short,114990.0,115255.74,SL,-2.3109,228.7743,1.5
2025-08-01 01:47:00+00:00,2025-08-01 02:07:00+00:00,short,115185.37,115417.33,SL,-2.2877,226.4865,1.5
2025-08-01 02:36:00+00:00,2025-08-01 04:01:00+00:00,long,115831.28,115593.54,SL,-2.2649,224.2217,1.5
2025-08-01 04:45:00+00:00,2025-08-01 05:03:00+00:00,short,115545.99,115816.01,SL,-2.2422,221.9794,1.5
2025-08-01 05:34:00+00:00,2025-08-01 07:09:00+00:00,short,115546.18,115005.01,TP,4.4396,226.419,1.5
2025-08-01 07:23:00+00:00,2025-08-01 08:23:00+00:00,short,114912.18,114446.93,TP,4.5284,230.9474,1.5
2025-08-01 08:35:00+00:00,2025-08-01 08:38:00+00:00,short,114144.01,114550.0,SL,-2.3095,228.6379,1.5
2025-08-01 08:59:00+00:00,2025-08-01 09:01:00+00:00,short,114615.99,115042.05,SL,-2.2864,226.3516,1.5
2025-08-01 09:19:00+00:00,2025-08-01 10:00:00+00:00,long,115159.41,114896.47,SL,-2.2635,224.088,1.5
2025-08-01 10:49:00+00:00,2025-08-01 11:27:00+00:00,short,114815.3,115054.03,SL,-2.2409,221.8472,1.5
2025-08-01 11:48:00+00:00,2025-08-01 12:33:00+00:00,long,115287.06,115801.54,TP,4.4369,226.2841,1.5
2025-08-01 13:08:00+00:00,2025-08-01 13:22:00+00:00,long,115867.39,115584.57,SL,-2.2628,224.0213,1.5
2025-08-01 16:06:00+00:00,2025-08-01 16:32:00+00:00,long,115580.0,115341.83,SL,-2.2402,221.781,1.5
2025-08-01 16:45:00+00:00,2025-08-01 16:48:00+00:00,long,115524.14,115290.01,SL,-2.2178,219.5632,1.5
2025-08-01 16:54:00+00:00,2025-08-01 17:13:00+00:00,short,115066.7,114539.22,TP,4.3913,223.9545,1.5
2025-08-01 17:14:00+00:00,2025-08-01 17:30:00+00:00,short,114594.26,114887.54,SL,-2.2395,221.715,1.5
2025-08-01 17:38:00+00:00,2025-08-01 17:40:00+00:00,short,114464.11,114759.99,SL,-2.2172,219.4978,1.5
2025-08-01 17:44:00+00:00,2025-08-01 18:16:00+00:00,short,114454.96,113828.2,TP,4.39,223.8878,1.5
2025-08-01 18:45:00+00:00,2025-08-01 19:15:00+00:00,short,114132.38,113652.99,TP,4.4778,228.3655,1.5
2025-08-01 19:42:00+00:00,2025-08-01 20:21:00+00:00,short,113368.73,113605.85,SL,-2.2837,226.0819,1.5
2025-08-01 20:40:00+00:00,2025-08-01 20:54:00+00:00,short,113445.72,113694.92,SL,-2.2608,223.821,1.5
2025-08-01 21:25:00+00:00,2025-08-01 22:05:00+00:00,long,113974.45,113654.0,SL,-2.2382,221.5828,1.5
2025-08-01 22:23:00+00:00,2025-08-01 22:25:00+00:00,short,113369.56,113660.42,SL,-2.2158,219.367,1.5
2025-08-01 22:49:00+00:00,2025-08-01 22:52:00+00:00,short,112847.99,113103.37,SL,-2.1937,217.1733,1.5
2025-08-01 23:32:00+00:00,2025-08-02 00:40:00+00:00,short,113364.0,113674.11,SL,-2.1717,215.0016,1.5
2025-08-02 01:03:00+00:00,2025-08-02 01:19:00+00:00,long,113890.32,113644.21,SL,-2.15,212.8516,1.5
2025-08-02 01:37:00+00:00,2025-08-02 13:28:00+00:00,long,113637.27,113331.87,SL,-2.1285,210.7231,1.5
2025-08-02 14:10:00+00:00,2025-08-02 14:52:00+00:00,short,113450.0,112969.97,TP,4.2145,214.9375,1.5
2025-08-02 15:22:00+00:00,2025-08-02 16:00:00+00:00,short,113263.96,112801.29,TP,4.2988,219.2363,1.5
2025-08-02 16:08:00+00:00,2025-08-02 16:40:00+00:00,short,112832.61,113059.28,SL,-2.1924,217.0439,1.5
2025-08-02 16:50:00+00:00,2025-08-02 17:04:00+00:00,short,113070.22,113327.97,SL,-2.1704,214.8735,1.5
2025-08-02 18:14:00+00:00,2025-08-02 19:13:00+00:00,short,112500.01,112013.99,TP,4.2975,219.171,1.5
2025-08-02 20:22:00+00:00,2025-08-02 20:26:00+00:00,short,112113.48,112373.9,SL,-2.1917,216.9792,1.5
2025-08-02 20:39:00+00:00,2025-08-02 20:55:00+00:00,short,112337.38,112668.23,SL,-2.1698,214.8095,1.5
2025-08-02 21:31:00+00:00,2025-08-02 23:20:00+00:00,long,112712.85,112397.97,SL,-2.1481,212.6614,1.5
2025-08-02 23:52:00+00:00,2025-08-03 00:37:00+00:00,short,112624.35,111964.01,TP,4.2532,216.9146,1.5
2025-08-03 01:26:00+00:00,2025-08-03 03:42:00+00:00,long,113189.14,113651.22,TP,4.3383,221.2529,1.5
2025-08-03 04:18:00+00:00,2025-08-03 11:04:00+00:00,long,113497.25,113972.45,TP,4.4251,225.6779,1.5
2025-08-03 11:46:00+00:00,2025-08-03 12:11:00+00:00,long,114000.0,113686.33,SL,-2.2568,223.4212,1.5
2025-08-03 12:18:00+00:00,2025-08-03 12:43:00+00:00,short,113687.83,113959.73,SL,-2.2342,221.1869,1.5
2025-08-03 13:32:00+00:00,2025-08-03 14:25:00+00:00,long,113887.99,113640.25,SL,-2.2119,218.9751,1.5
2025-08-03 15:00:00+00:00,2025-08-03 16:49:00+00:00,short,113760.01,113989.84,SL,-2.1898,216.7853,1.5
2025-08-03 17:01:00+00:00,2025-08-03 19:20:00+00:00,long,114024.0,114487.24,TP,4.3357,221.121,1.5
2025-08-03 21:14:00+00:00,2025-08-03 22:05:00+00:00,long,114519.47,114257.69,SL,-2.2112,218.9098,1.5
2025-08-03 22:57:00+00:00,2025-08-04 00:43:00+00:00,short,114300.83,114541.94,SL,-2.1891,216.7207,1.5
2025-08-04 01:25:00+00:00,2025-08-04 02:04:00+00:00,long,114857.55,114621.4,SL,-2.1672,214.5535,1.5
2025-08-04 02:16:00+00:00,2025-08-04 05:06:00+00:00,long,114552.51,114316.01,SL,-2.1455,212.408,1.5
2025-08-04 05:19:00+00:00,2025-08-04 07:09:00+00:00,short,114250.0,114481.66,SL,-2.1241,210.2839,1.5
2025-08-04 07:11:00+00:00,2025-08-04 09:57:00+00:00,long,114546.01,114302.3,SL,-2.1028,208.1811,1.5
2025-08-04 10:27:00+00:00,2025-08-04 13:44:00+00:00,short,114385.7,114788.1,SL,-2.0818,206.0992,1.5
2025-08-04 13:58:00+00:00,2025-08-04 14:06:00+00:00,long,114861.27,115400.0,TP,4.122,210.2212,1.5
2025-08-04 15:33:00+00:00,2025-08-04 15:41:00+00:00,long,114880.37,114631.91,SL,-2.1022,208.119,1.5
2025-08-04 16:41:00+00:00,2025-08-04 17:06:00+00:00,long,115083.05,115592.53,TP,4.1624,212.2814,1.5
2025-08-04 17:58:00+00:00,2025-08-04 18:55:00+00:00,long,115187.24,114954.88,SL,-2.1228,210.1586,1.5
2025-08-04 19:04:00+00:00,2025-08-04 21:37:00+00:00,short,114913.89,115147.78,SL,-2.1016,208.057,1.5
2025-08-04 22:13:00+00:00,2025-08-05 00:02:00+00:00,long,115230.0,114983.41,SL,-2.0806,205.9764,1.5
2025-08-05 00:16:00+00:00,2025-08-05 03:07:00+00:00,short,114934.78,114469.99,TP,4.1195,210.096,1.5
2025-08-05 04:03:00+00:00,2025-08-05 05:04:00+00:00,short,114227.76,114459.3,SL,-2.101,207.995,1.5
2025-08-05 05:10:00+00:00,2025-08-05 07:37:00+00:00,short,114405.75,113810.01,TP,4.1599,212.1549,1.5
2025-08-05 07:53:00+00:00,2025-08-05 08:17:00+00:00,short,113950.0,114182.28,SL,-2.1215,210.0333,1.5
2025-08-05 09:01:00+00:00,2025-08-05 10:25:00+00:00,long,114342.2,114800.0,TP,4.2007,214.234,1.5
2025-08-05 11:14:00+00:00,2025-08-05 12:22:00+00:00,long,114787.15,114467.0,SL,-2.1423,212.0917,1.5
2025-08-05 13:30:00+00:00,2025-08-05 13:33:00+00:00,short,114080.0,114321.46,SL,-2.1209,209.9708,1.5
2025-08-05 13:34:00+00:00,2025-08-05 13:37:00+00:00,short,114051.91,114387.5,SL,-2.0997,207.8711,1.5
2025-08-05 14:44:00+00:00,2025-08-05 14:58:00+00:00,short,112776.01,113055.21,SL,-2.0787,205.7923,1.5
2025-08-05 15:22:00+00:00,2025-08-05 16:31:00+00:00,short,113069.34,113329.56,SL,-2.0579,203.7344,1.5
2025-08-05 16:34:00+00:00,2025-08-05 17:26:00+00:00,short,113212.0,113441.12,SL,-2.0373,201.6971,1.5
2025-08-05 17:53:00+00:00,2025-08-05 20:22:00+00:00,long,113428.05,113896.62,TP,4.0339,205.731,1.5
2025-08-05 20:28:00+00:00,2025-08-05 20:39:00+00:00,long,113923.44,113650.14,SL,-2.0573,203.6737,1.5
2025-08-05 21:20:00+00:00,2025-08-05 21:50:00+00:00,long,113814.98,113579.07,SL,-2.0367,201.637,1.5
2025-08-05 22:00:00+00:00,2025-08-05 22:12:00+00:00,short,113495.19,113763.8,SL,-2.0164,199.6206,1.5
2025-08-05 22:29:00+00:00,2025-08-06 01:28:00+00:00,long,113873.07,113588.78,SL,-1.9962,197.6244,1.0
2025-08-06 01:49:00+00:00,2025-08-06 05:14:00+00:00,short,113673.82,113927.69,SL,-1.9762,195.6481,1.0
2025-08-06 05:37:00+00:00,2025-08-06 06:02:00+00:00,long,114299.99,114027.8,SL,-1.9565,193.6917,1.0
2025-08-06 06:19:00+00:00,2025-08-06 08:43:00+00:00,long,114060.01,113813.93,SL,-1.9369,191.7547,1.0
2025-08-06 10:15:00+00:00,2025-08-06 10:21:00+00:00,long,114150.02,113899.99,SL,-1.9175,189.8372,1.0
2025-08-06 10:48:00+00:00,2025-08-06 11:30:00+00:00,short,114029.33,114333.48,SL,-1.8984,187.9388,1.0
2025-08-06 12:00:00+00:00,2025-08-06 12:12:00+00:00,long,114292.52,114026.01,SL,-1.8794,186.0594,1.0
2025-08-06 12:20:00+00:00,2025-08-06 12:50:00+00:00,long,114183.2,113919.34,SL,-1.8606,184.1988,1.0
2025-08-06 13:10:00+00:00,2025-08-06 13:40:00+00:00,short,113848.31,114162.09,SL,-1.842,182.3569,1.0
2025-08-06 13:51:00+00:00,2025-08-06 13:54:00+00:00,short,113933.33,114301.11,SL,-1.8236,180.5333,1.0
2025-08-06 14:33:00+00:00,2025-08-06 14:55:00+00:00,long,114168.52,114692.18,TP,3.6107,184.144,1.0
2025-08-06 15:33:00+00:00,2025-08-06 18:01:00+00:00,long,115106.98,115599.0,TP,3.6829,187.8268,1.0
2025-08-06 18:35:00+00:00,2025-08-06 19:34:00+00:00,long,115533.83,115286.92,SL,-1.8783,185.9486,1.0
2025-08-06 20:28:00+00:00,2025-08-07 01:55:00+00:00,short,115200.0,114650.0,TP,3.719,189.6675,1.0
2025-08-07 02:25:00+00:00,2025-08-07 04:52:00+00:00,short,114769.71,114283.71,TP,3.7934,193.4609,1.0
2025-08-07 05:36:00+00:00,2025-08-07 06:47:00+00:00,short,114492.22,114729.41,SL,-1.9346,191.5263,1.0
2025-08-07 07:03:00+00:00,2025-08-07 10:02:00+00:00,long,114752.89,115283.0,TP,3.8305,195.3568,1.0
2025-08-07 10:27:00+00:00,2025-08-07 10:39:00+00:00,long,115800.0,116297.0,TP,3.9071,199.2639,1.0
2025-08-07 11:19:00+00:00,2025-08-07 12:05:00+00:00,long,116647.01,116375.38,SL,-1.9926,197.2713,1.0
2025-08-07 12:20:00+00:00,2025-08-07 15:42:00+00:00,long,116269.43,116748.65,TP,3.9454,201.2167,1.0
2025-08-07 15:55:00+00:00,2025-08-07 16:10:00+00:00,long,116788.45,116522.74,SL,-2.0122,199.2046,1.5
2025-08-07 16:24:00+00:00,2025-08-07 16:40:00+00:00,long,116709.06,116469.99,SL,-1.992,197.2125,1.0
2025-08-07 17:29:00+00:00,2025-08-07 19:00:00+00:00,short,116398.83,116636.16,SL,-1.9721,195.2404,1.0
2025-08-07 19:28:00+00:00,2025-08-07 19:45:00+00:00,long,116673.43,117362.06,TP,3.9048,199.1452,1.0
2025-08-07 20:23:00+00:00,2025-08-07 20:52:00+00:00,long,117464.75,117212.66,SL,-1.9915,197.1537,1.0
2025-08-07 21:01:00+00:00,2025-08-08 00:19:00+00:00,long,117243.93,116878.05,SL,-1.9715,195.1822,1.0
2025-08-08 01:19:00+00:00,2025-08-08 14:03:00+00:00,short,116833.06,117074.56,SL,-1.9518,193.2304,1.0
2025-08-08 14:27:00+00:00,2025-08-08 14:34:00+00:00,long,116785.02,116528.99,SL,-1.9323,191.2981,1.0
2025-08-08 14:55:00+00:00,2025-08-08 15:40:00+00:00,short,116478.17,116003.56,TP,3.826,195.124,1.0
2025-08-08 16:07:00+00:00,2025-08-08 17:06:00+00:00,short,116125.29,116437.14,SL,-1.9512,193.1728,1.0
2025-08-08 17:16:00+00:00,2025-08-08 17:49:00+00:00,short,116340.0,116590.13,SL,-1.9317,191.2411,1.0
2025-08-08 17:56:00+00:00,2025-08-08 18:40:00+00:00,long,116648.5,116398.0,SL,-1.9124,189.3287,1.0
2025-08-08 20:02:00+00:00,2025-08-08 20:41:00+00:00,short,116398.13,116642.33,SL,-1.8933,187.4354,1.0
2025-08-08 21:30:00+00:00,2025-08-09 00:55:00+00:00,long,116821.28,116587.04,SL,-1.8744,185.561,1.0
2025-08-09 01:17:00+00:00,2025-08-09 05:19:00+00:00,short,116545.32,116798.81,SL,-1.8556,183.7054,1.0
2025-08-09 06:18:00+00:00,2025-08-09 08:44:00+00:00,long,116641.01,117155.65,TP,3.6741,187.3795,1.0
2025-08-09 08:57:00+00:00,2025-08-09 10:00:00+00:00,long,117068.25,117556.42,TP,3.7476,191.1271,1.0
2025-08-09 11:05:00+00:00,2025-08-09 11:38:00+00:00,long,117418.98,117157.58,SL,-1.9113,189.2158,1.0
2025-08-09 11:48:00+00:00,2025-08-09 17:00:00+00:00,short,117107.62,116635.27,TP,3.7843,193.0002,1.0
2025-08-09 17:23:00+00:00,2025-08-09 20:40:00+00:00,short,116741.42,116986.06,SL,-1.93,191.0702,1.0
2025-08-09 21:08:00+00:00,2025-08-09 21:25:00+00:00,long,116780.0,116492.0,SL,-1.9107,189.1595,1.0
2025-08-09 22:01:00+00:00,2025-08-10 01:01:00+00:00,short,116536.12,116769.51,SL,-1.8916,187.2679,1.0
2025-08-10 01:33:00+00:00,2025-08-10 02:46:00+00:00,long,116648.28,117130.01,TP,3.7454,191.0132,1.0
2025-08-10 02:56:00+00:00,2025-08-10 03:08:00+00:00,long,117315.44,117791.84,TP,3.8203,194.8335,1.0
2025-08-10 03:22:00+00:00,2025-08-10 04:01:00+00:00,long,118149.99,118708.56,TP,3.8967,198.7302,1.0
2025-08-10 04:49:00+00:00,2025-08-10 05:09:00+00:00,long,118519.15,118267.66,SL,-1.9873,196.7429,1.0
2025-08-10 05:32:00+00:00,2025-08-10 06:34:00+00:00,long,118000.0,117756.58,SL,-1.9674,194.7754,1.0
2025-08-10 07:23:00+00:00,2025-08-10 07:34:00+00:00,long,118217.72,117960.6,SL,-1.9478,192.8277,1.0
2025-08-10 08:05:00+00:00,2025-08-10 08:11:00+00:00,short,117679.99,117927.26,SL,-1.9283,190.8994,1.0
2025-08-10 08:47:00+00:00,2025-08-10 10:37:00+00:00,long,118253.93,118007.39,SL,-1.909,188.9904,1.0
2025-08-10 10:42:00+00:00,2025-08-10 12:24:00+00:00,long,118161.41,118660.0,TP,3.7798,192.7702,1.0
2025-08-10 12:36:00+00:00,2025-08-10 13:18:00+00:00,long,118678.34,118387.18,SL,-1.9277,190.8425,1.0
2025-08-10 13:25:00+00:00,2025-08-10 15:09:00+00:00,long,118559.84,119082.59,TP,3.8169,194.6594,1.0
2025-08-10 16:37:00+00:00,2025-08-10 17:24:00+00:00,long,118724.22,118465.31,SL,-1.9466,192.7128,1.0
2025-08-10 17:59:00+00:00,2025-08-10 20:47:00+00:00,short,118520.32,118765.7,SL,-1.9271,190.7856,1.0
2025-08-10 21:28:00+00:00,2025-08-10 21:50:00+00:00,short,118267.56,118513.81,SL,-1.9079,188.8778,1.0
2025-08-10 22:07:00+00:00,2025-08-10 23:45:00+00:00,long,118799.99,119299.99,TP,3.7776,192.6553,1.0
2025-08-11 00:18:00+00:00,2025-08-11 01:19:00+00:00,long,119270.81,118981.99,SL,-1.9266,190.7288,1.0
2025-08-11 01:25:00+00:00,2025-08-11 01:33:00+00:00,long,119176.2,119779.24,TP,3.8146,194.5434,1.0
2025-08-11 01:59:00+00:00,2025-08-11 02:01:00+00:00,long,119988.0,120655.7,TP,3.8909,198.4342,1.0
2025-08-11 02:23:00+00:00,2025-08-11 03:16:00+00:00,long,121561.25,122156.0,TP,3.9687,202.4029,1.0
2025-08-11 03:41:00+00:00,2025-08-11 05:06:00+00:00,long,121734.87,122227.95,TP,4.0481,206.451,1.5
2025-08-11 05:14:00+00:00,2025-08-11 05:21:00+00:00,long,122304.02,122058.0,SL,-2.0645,204.3865,1.5
2025-08-11 05:50:00+00:00,2025-08-11 07:39:00+00:00,long,121940.67,121691.17,SL,-2.0439,202.3426,1.5
2025-08-11 07:48:00+00:00,2025-08-11 10:07:00+00:00,short,121685.39,121184.86,TP,4.0469,206.3894,1.5
2025-08-11 10:29:00+00:00,2025-08-11 11:18:00+00:00,short,121277.98,120712.6,TP,4.1278,210.5172,1.5
2025-08-11 11:48:00+00:00,2025-08-11 12:31:00+00:00,short,120500.02,119793.0,TP,4.2103,214.7276,1.5
2025-08-11 12:36:00+00:00,2025-08-11 13:07:00+00:00,short,119911.43,119405.53,TP,4.2946,219.0221,1.5
2025-08-11 13:27:00+00:00,2025-08-11 13:34:00+00:00,short,119458.0,119737.81,SL,-2.1902,216.8319,1.5
2025-08-11 13:50:00+00:00,2025-08-11 14:02:00+00:00,short,119892.41,120172.01,SL,-2.1683,214.6636,1.5
2025-08-11 14:06:00+00:00,2025-08-11 14:34:00+00:00,short,120007.93,120284.16,SL,-2.1466,212.517,1.5
2025-08-11 14:42:00+00:00,2025-08-11 16:05:00+00:00,short,120174.16,120497.94,SL,-2.1252,210.3918,1.5
2025-08-11 17:14:00+00:00,2025-08-11 18:03:00+00:00,short,119907.1,119409.28,TP,4.2078,214.5996,1.5
2025-08-11 18:43:00+00:00,2025-08-11 19:36:00+00:00,short,119719.35,119238.6,TP,4.292,218.8916,1.5
2025-08-11 20:13:00+00:00,2025-08-11 20:30:00+00:00,short,118648.01,118926.01,SL,-2.1889,216.7027,1.5
2025-08-11 20:51:00+00:00,2025-08-11 21:36:00+00:00,short,118997.28,118460.0,TP,4.3341,221.0367,1.5
2025-08-11 21:46:00+00:00,2025-08-11 22:50:00+00:00,short,118581.67,118858.72,SL,-2.2104,218.8264,1.5
2025-08-11 23:57:00+00:00,2025-08-12 00:18:00+00:00,short,118691.34,118991.06,SL,-2.1883,216.6381,1.5
2025-08-12 01:07:00+00:00,2025-08-12 01:15:00+00:00,long,119070.69,118813.58,SL,-2.1664,214.4717,1.5
2025-08-12 01:24:00+00:00,2025-08-12 03:45:00+00:00,long,119052.47,118813.11,SL,-2.1447,212.327,1.5
2025-08-12 04:22:00+00:00,2025-08-12 05:41:00+00:00,short,118925.11,118443.99,TP,4.2465,216.5736,1.5
2025-08-12 06:08:00+00:00,2025-08-12 07:06:00+00:00,short,118820.01,119070.69,SL,-2.1657,214.4078,1.5
2025-08-12 07:49:00+00:00,2025-08-12 08:32:00+00:00,long,119018.31,118760.91,SL,-2.1441,212.2637,1.5
2025-08-12 09:34:00+00:00,2025-08-12 12:30:00+00:00,short,118596.91,119096.01,SL,-2.1226,210.1411,1.5
2025-08-12 12:50:00+00:00,2025-08-12 13:04:00+00:00,long,119249.04,118934.99,SL,-2.1014,208.0397,1.5
2025-08-12 13:17:00+00:00,2025-08-12 13:44:00+00:00,long,119172.0,118742.52,SL,-2.0804,205.9593,1.5
2025-08-12 13:55:00+00:00,2025-08-12 13:56:00+00:00,long,119034.52,118730.01,SL,-2.0596,203.8997,1.5
2025-08-12 14:01:00+00:00,2025-08-12 14:51:00+00:00,long,118884.05,119406.74,TP,4.078,207.9777,1.5
2025-08-12 15:17:00+00:00,2025-08-12 16:03:00+00:00,long,119542.01,120150.0,TP,4.1596,212.1373,1.5
2025-08-12 16:24:00+00:00,2025-08-12 16:28:00+00:00,long,119934.27,119668.82,SL,-2.1214,210.0159,1.5
2025-08-12 16:46:00+00:00,2025-08-12 17:36:00+00:00,long,119620.0,119364.42,SL,-2.1002,207.9157,1.5
2025-08-12 17:41:00+00:00,2025-08-12 17:53:00+00:00,long,119573.36,119289.58,SL,-2.0792,205.8366,1.5
2025-08-12 20:09:00+00:00,2025-08-12 20:35:00+00:00,long,119619.99,120100.0,TP,4.1167,209.9533,1.5
2025-08-12 20:47:00+00:00,2025-08-12 21:06:00+00:00,long,120156.03,119871.09,SL,-2.0995,207.8538,1.5
2025-08-12 21:18:00+00:00,2025-08-12 22:05:00+00:00,long,120038.92,119720.0,SL,-2.0785,205.7752,1.5
2025-08-12 22:15:00+00:00,2025-08-12 22:55:00+00:00,short,119730.69,119999.99,SL,-2.0578,203.7175,1.5
2025-08-12 23:12:00+00:00,2025-08-13 00:51:00+00:00,long,120080.36,119824.0,SL,-2.0372,201.6803,1.5
2025-08-13 01:27:00+00:00,2025-08-13 02:40:00+00:00,short,119411.05,119660.0,SL,-2.0168,199.6635,1.5
2025-08-13 02:53:00+00:00,2025-08-13 05:51:00+00:00,short,119580.42,119000.0,TP,3.9933,203.6568,1.0
2025-08-13 06:24:00+00:00,2025-08-13 07:00:00+00:00,short,119178.9,119431.48,SL,-2.0366,201.6202,1.5
2025-08-13 07:23:00+00:00,2025-08-13 08:36:00+00:00,long,119416.21,119900.0,TP,4.0324,205.6526,1.5
2025-08-13 08:54:00+00:00,2025-08-13 10:16:00+00:00,long,119988.21,120495.0,TP,4.1131,209.7657,1.5
2025-08-13 10:53:00+00:00,2025-08-13 12:53:00+00:00,long,120495.44,120217.01,SL,-2.0977,207.668,1.5
2025-08-13 13:48:00+00:00,2025-08-13 13:50:00+00:00,long,120850.0,121391.0,TP,4.1534,211.8214,1.5
2025-08-13 15:01:00+00:00,2025-08-13 15:09:00+00:00,long,121142.83,120859.7,SL,-2.1182,209.7031,1.5
2025-08-13 15:15:00+00:00,2025-08-13 15:37:00+00:00,short,120671.24,120938.0,SL,-2.097,207.6061,1.5
2025-08-13 16:05:00+00:00,2025-08-13 17:22:00+00:00,long,121266.72,121823.25,TP,4.1521,211.7582,1.5
2025-08-13 17:53:00+00:00,2025-08-13 19:20:00+00:00,long,121672.37,122182.0,TP,4.2352,215.9934,1.5
2025-08-13 19:47:00+00:00,2025-08-13 22:20:00+00:00,long,122536.88,123034.3,TP,4.3199,220.3133,1.5
2025-08-13 22:36:00+00:00,2025-08-13 22:41:00+00:00,long,123045.52,123553.23,TP,4.4063,224.7195,1.5
2025-08-13 23:16:00+00:00,2025-08-13 23:36:00+00:00,long,123062.22,123567.1,TP,4.4944,229.2139,1.5
2025-08-14 00:03:00+00:00,2025-08-14 00:28:00+00:00,long,123529.99,124070.09,TP,4.5843,233.7982,1.5
2025-08-14 00:29:00+00:00,2025-08-14 00:35:00+00:00,long,124243.32,123779.27,SL,-2.338,231.4602,1.5
2025-08-14 00:55:00+00:00,2025-08-14 01:10:00+00:00,long,123847.84,123596.62,SL,-2.3146,229.1456,1.5
2025-08-14 01:20:00+00:00,2025-08-14 01:57:00+00:00,long,123657.56,123369.49,SL,-2.2915,226.8542,1.5
2025-08-14 02:15:00+00:00,2025-08-14 02:46:00+00:00,short,123357.58,123657.03,SL,-2.2685,224.5856,1.5
2025-08-14 03:00:00+00:00,2025-08-14 03:37:00+00:00,long,123699.98,123409.53,SL,-2.2459,222.3398,1.5
2025-08-14 03:52:00+00:00,2025-08-14 05:25:00+00:00,short,123355.18,122830.88,TP,4.4468,226.7866,1.5
2025-08-14 05:42:00+00:00,2025-08-14 06:00:00+00:00,short,122593.26,122000.01,TP,4.5357,231.3223,1.5
2025-08-14 06:15:00+00:00,2025-08-14 06:42:00+00:00,short,121622.71,121884.13,SL,-2.3132,229.0091,1.5
2025-08-14 06:55:00+00:00,2025-08-14 10:42:00+00:00,short,121822.84,121244.09,TP,4.5802,233.5892,1.5
2025-08-14 11:32:00+00:00,2025-08-14 12:13:00+00:00,short,120743.92,120989.74,SL,-2.3359,231.2534,1.5
2025-08-14 12:16:00+00:00,2025-08-14 12:30:00+00:00,short,120909.49,120410.52,TP,4.6251,235.8784,1.5
2025-08-14 12:56:00+00:00,2025-08-14 13:04:00+00:00,short,118769.04,118215.84,TP,4.7176,240.596,1.5
2025-08-14 13:20:00+00:00,2025-08-14 13:40:00+00:00,short,118567.93,117800.01,TP,4.8119,245.4079,1.5
2025-08-14 13:59:00+00:00,2025-08-14 14:27:00+00:00,short,118428.85,118673.74,SL,-2.4541,242.9538,1.5
2025-08-14 14:44:00+00:00,2025-08-14 14:46:00+00:00,short,119063.24,119340.0,SL,-2.4295,240.5243,1.5
2025-08-14 15:37:00+00:00,2025-08-14 15:40:00+00:00,short,117879.88,118235.31,SL,-2.4052,238.1191,1.5
2025-08-14 16:05:00+00:00,2025-08-14 16:30:00+00:00,short,117974.22,117407.1,TP,4.7624,242.8814,1.5
2025-08-14 16:47:00+00:00,2025-08-14 16:51:00+00:00,short,117610.73,117915.1,SL,-2.4288,240.4526,1.5
2025-08-14 17:01:00+00:00,2025-08-14 17:25:00+00:00,short,117774.38,118074.51,SL,-2.4045,238.0481,1.5
2025-08-14 17:35:00+00:00,2025-08-14 18:22:00+00:00,short,117951.76,117225.09,TP,4.761,242.8091,1.5
2025-08-14 19:20:00+00:00,2025-08-14 19:59:00+00:00,long,118244.02,117945.92,SL,-2.4281,240.381,1.5
2025-08-14 20:36:00+00:00,2025-08-14 21:11:00+00:00,short,117938.57,118196.02,SL,-2.4038,237.9772,1.5
2025-08-14 22:03:00+00:00,2025-08-14 22:10:00+00:00,short,117641.4,117906.65,SL,-2.3798,235.5974,1.5
2025-08-14 22:31:00+00:00,2025-08-15 00:32:00+00:00,long,118298.78,118050.01,SL,-2.356,233.2414,1.5
2025-08-15 00:38:00+00:00,2025-08-15 01:03:00+00:00,long,118320.0,118080.0,SL,-2.3324,230.909,1.5
2025-08-15 02:09:00+00:00,2025-08-15 13:10:00+00:00,long,118781.88,118520.46,SL,-2.3091,228.5999,1.5
2025-08-15 13:30:00+00:00,2025-08-15 13:53:00+00:00,short,118326.19,117788.23,TP,4.572,233.1719,1.5
2025-08-15 14:00:00+00:00,2025-08-15 14:04:00+00:00,short,117659.98,118056.38,SL,-2.3317,230.8402,1.5
2025-08-15 14:21:00+00:00,2025-08-15 14:47:00+00:00,short,117887.99,117387.09,TP,4.6168,235.457,1.5
2025-08-15 15:01:00+00:00,2025-08-15 15:18:00+00:00,short,117272.89,117578.01,SL,-2.3546,233.1024,1.5
2025-08-15 15:24:00+00:00,2025-08-15 16:15:00+00:00,short,117300.01,116804.0,TP,4.662,237.7645,1.5
2025-08-15 16:44:00+00:00,2025-08-15 17:26:00+00:00,short,117189.03,117575.01,SL,-2.3776,235.3868,1.5
2025-08-15 18:41:00+00:00,2025-08-15 22:49:00+00:00,short,117275.48,117528.79,SL,-2.3539,233.033,1.5
2025-08-15 22:50:00+00:00,2025-08-15 23:15:00+00:00,long,117543.09,117262.01,SL,-2.3303,230.7026,1.5
2025-08-16 00:26:00+00:00,2025-08-16 10:00:00+00:00,long,117536.0,117250.01,SL,-2.307,228.3956,1.5
2025-08-16 10:16:00+00:00,2025-08-16 11:12:00+00:00,short,117264.02,117499.77,SL,-2.284,226.1116,1.5
2025-08-16 11:52:00+00:00,2025-08-16 12:30:00+00:00,short,117407.94,117650.0,SL,-2.2611,223.8505,1.5
2025-08-16 13:00:00+00:00,2025-08-16 21:43:00+00:00,long,117747.35,117435.45,SL,-2.2385,221.612,1.5
2025-08-16 21:58:00+00:00,2025-08-17 03:49:00+00:00,short,117479.49,117720.0,SL,-2.2161,219.3959,1.5
2025-08-17 04:20:00+00:00,2025-08-17 08:51:00+00:00,long,117761.56,118303.55,TP,4.3879,223.7838,1.5
2025-08-17 09:20:00+00:00,2025-08-17 12:56:00+00:00,long,118385.49,118146.74,SL,-2.2378,221.546,1.5
2025-08-17 13:14:00+00:00,2025-08-17 13:41:00+00:00,short,118073.63,118331.32,SL,-2.2155,219.3305,1.5
2025-08-17 14:51:00+00:00,2025-08-17 17:15:00+00:00,short,118194.47,117681.54,TP,4.3866,223.7171,1.5
2025-08-17 17:49:00+00:00,2025-08-17 18:55:00+00:00,short,117892.04,117321.54,TP,4.4743,228.1915,1.5
2025-08-17 19:32:00+00:00,2025-08-17 22:35:00+00:00,short,117671.06,117932.38,SL,-2.2819,225.9096,1.5
2025-08-17 22:50:00+00:00,2025-08-17 23:18:00+00:00,long,117995.36,117753.02,SL,-2.2591,223.6505,1.5
2025-08-17 23:52:00+00:00,2025-08-18 01:29:00+00:00,short,117380.85,116670.05,TP,4.473,228.1235,1.5
2025-08-18 02:10:00+00:00,2025-08-18 02:50:00+00:00,short,115975.98,115432.1,TP,4.5625,232.6859,1.5
2025-08-18 03:17:00+00:00,2025-08-18 05:06:00+00:00,short,115360.01,115647.04,SL,-2.3269,230.3591,1.5
2025-08-18 05:16:00+00:00,2025-08-18 05:40:00+00:00,short,115606.67,115121.12,TP,4.6072,234.9663,1.5
2025-08-18 06:06:00+00:00,2025-08-18 06:22:00+00:00,short,115560.01,115093.99,TP,4.6993,239.6656,1.5
2025-08-18 06:42:00+00:00,2025-08-18 07:00:00+00:00,short,115102.7,115385.03,SL,-2.3967,237.2689,1.5
2025-08-18 07:11:00+00:00,2025-08-18 09:19:00+00:00,short,115312.1,114765.33,TP,4.7454,242.0143,1.5
2025-08-18 09:58:00+00:00,2025-08-18 10:23:00+00:00,short,115021.99,115258.01,SL,-2.4201,239.5942,1.5
2025-08-18 10:36:00+00:00,2025-08-18 11:21:00+00:00,long,115164.91,114924.75,SL,-2.3959,237.1982,1.5
2025-08-18 11:31:00+00:00,2025-08-18 12:10:00+00:00,short,114918.0,115182.77,SL,-2.372,234.8262,1.5
2025-08-18 12:32:00+00:00,2025-08-18 13:21:00+00:00,long,115173.01,115645.67,TP,4.6965,239.5228,1.5
2025-08-18 13:23:00+00:00,2025-08-18 13:41:00+00:00,long,115677.01,115412.8,SL,-2.3952,237.1275,1.5
2025-08-18 14:31:00+00:00,2025-08-18 14:55:00+00:00,short,115185.47,115418.11,SL,-2.3713,234.7563,1.5
2025-08-18 15:22:00+00:00,2025-08-18 15:53:00+00:00,long,115674.9,116155.65,TP,4.6951,239.4514,1.5
2025-08-18 16:43:00+00:00,2025-08-18 17:19:00+00:00,long,115962.23,116428.98,TP,4.789,244.2404,1.5
2025-08-18 18:22:00+00:00,2025-08-18 20:38:00+00:00,long,116380.69,116146.35,SL,-2.4424,241.798,1.5
2025-08-18 21:14:00+00:00,2025-08-18 23:18:00+00:00,long,116583.29,116342.68,SL,-2.418,239.38,1.5
2025-08-18 23:19:00+00:00,2025-08-19 00:30:00+00:00,short,116315.6,115840.22,TP,4.7876,244.1676,1.5
2025-08-19 01:50:00+00:00,2025-08-19 02:51:00+00:00,short,115780.01,116051.0,SL,-2.4417,241.726,1.5
2025-08-19 02:55:00+00:00,2025-08-19 03:22:00+00:00,short,115884.87,115398.23,TP,4.8345,246.5605,1.5
2025-08-19 04:06:00+00:00,2025-08-19 04:12:00+00:00,short,114645.4,114956.0,SL,-2.4656,244.0949,1.5
2025-08-19 05:03:00+00:00,2025-08-19 07:16:00+00:00,short,115297.98,114825.36,TP,4.8819,248.9768,1.5
2025-08-19 07:31:00+00:00,2025-08-19 07:38:00+00:00,short,114650.0,114917.91,SL,-2.4898,246.487,1.5
2025-08-19 08:02:00+00:00,2025-08-19 08:51:00+00:00,short,114955.19,115226.38,SL,-2.4649,244.0221,1.5
2025-08-19 09:05:00+00:00,2025-08-19 13:27:00+00:00,long,115310.69,115782.38,TP,4.8804,248.9026,1.5
2025-08-19 13:32:00+00:00,2025-08-19 13:46:00+00:00,short,115447.1,114955.14,TP,4.9781,253.8806,1.5
2025-08-19 14:08:00+00:00,2025-08-19 14:25:00+00:00,short,114988.01,114505.0,TP,5.0776,258.9582,1.5
2025-08-19 14:43:00+00:00,2025-08-19 15:23:00+00:00,short,113880.01,114119.51,SL,-2.5896,256.3687,1.5
2025-08-19 15:35:00+00:00,2025-08-19 16:39:00+00:00,short,114013.32,113460.15,TP,5.1274,261.496,1.5
2025-08-19 16:58:00+00:00,2025-08-19 18:49:00+00:00,short,113368.48,112901.0,TP,5.2299,266.726,1.5
2025-08-19 19:01:00+00:00,2025-08-19 19:20:00+00:00,short,112830.01,113091.57,SL,-2.6673,264.0587,1.5
2025-08-19 20:56:00+00:00,2025-08-19 22:02:00+00:00,long,113568.83,113279.73,SL,-2.6406,261.4181,1.5
2025-08-19 22:18:00+00:00,2025-08-19 22:24:00+00:00,short,113080.01,113318.96,SL,-2.6142,258.8039,1.5
2025-08-19 22:37:00+00:00,2025-08-20 01:06:00+00:00,short,113172.0,113413.23,SL,-2.588,256.2159,1.5
2025-08-20 02:04:00+00:00,2025-08-20 02:12:00+00:00,short,112965.99,113218.88,SL,-2.5622,253.6537,1.5
2025-08-20 02:52:00+00:00,2025-08-20 08:32:00+00:00,long,113446.69,113937.0,TP,5.0731,258.7268,1.5
2025-08-20 08:45:00+00:00,2025-08-20 09:52:00+00:00,long,113962.0,113700.25,SL,-2.5873,256.1395,1.5
2025-08-20 10:11:00+00:00,2025-08-20 11:40:00+00:00,short,113692.01,113212.63,TP,5.1228,261.2623,1.5
2025-08-20 12:31:00+00:00,2025-08-20 13:02:00+00:00,long,113777.23,113442.96,SL,-2.6126,258.6497,1.5
2025-08-20 13:32:00+00:00,2025-08-20 13:36:00+00:00,short,113225.76,113500.01,SL,-2.5865,256.0632,1.5
2025-08-20 13:41:00+00:00,2025-08-20 13:42:00+00:00,short,113220.01,113449.1,SL,-2.5606,253.5026,1.5
2025-08-20 13:43:00+00:00,2025-08-20 13:49:00+00:00,short,113277.99,112764.0,TP,5.0701,258.5726,1.5
2025-08-20 14:08:00+00:00,2025-08-20 14:14:00+00:00,short,112475.75,112716.0,SL,-2.5857,255.9869,1.5
2025-08-20 15:05:00+00:00,2025-08-20 15:29:00+00:00,long,113831.64,114300.01,TP,5.1197,261.1066,1.5
2025-08-20 16:53:00+00:00,2025-08-20 16:58:00+00:00,long,114054.02,113778.42,SL,-2.6111,258.4956,1.5
2025-08-20 17:03:00+00:00,2025-08-20 17:27:00+00:00,long,114020.94,113790.01,SL,-2.585,255.9106,1.5
2025-08-20 17:32:00+00:00,2025-08-20 17:45:00+00:00,long,113924.83,114383.68,TP,5.1182,261.0288,1.5
2025-08-20 18:56:00+00:00,2025-08-20 19:11:00+00:00,short,113576.02,113913.23,SL,-2.6103,258.4185,1.5
2025-08-20 19:49:00+00:00,2025-08-20 22:45:00+00:00,long,114104.71,114615.37,TP,5.1684,263.5869,1.5
2025-08-20 23:48:00+00:00,2025-08-21 00:45:00+00:00,short,114252.54,114483.18,SL,-2.6359,260.951,1.5
2025-08-21 01:49:00+00:00,2025-08-21 02:16:00+00:00,long,114364.63,114090.99,SL,-2.6095,258.3415,1.5
2025-08-21 04:09:00+00:00,2025-08-21 09:15:00+00:00,short,113870.58,113414.95,TP,5.1668,263.5084,1.5
2025-08-21 09:16:00+00:00,2025-08-21 13:50:00+00:00,short,113391.13,113640.08,SL,-2.6351,260.8733,1.5
2025-08-21 13:57:00+00:00,2025-08-21 14:38:00+00:00,long,113610.73,113369.7,SL,-2.6087,258.2645,1.5
2025-08-21 15:05:00+00:00,2025-08-21 16:48:00+00:00,short,113026.11,112568.19,TP,5.1653,263.4298,1.5
2025-08-21 16:56:00+00:00,2025-08-21 19:08:00+00:00,short,112480.49,112714.4,SL,-2.6343,260.7955,1.5
2025-08-21 20:30:00+00:00,2025-08-21 20:53:00+00:00,short,112360.01,112586.1,SL,-2.608,258.1876,1.5
2025-08-21 21:00:00+00:00,2025-08-21 21:33:00+00:00,short,112394.4,112683.08,SL,-2.5819,255.6057,1.5
2025-08-21 21:53:00+00:00,2025-08-21 23:08:00+00:00,long,112604.0,112372.78,SL,-2.5561,253.0496,1.5
2025-08-21 23:18:00+00:00,2025-08-22 00:00:00+00:00,short,112305.52,112548.06,SL,-2.5305,250.5191,1.5
2025-08-22 00:34:00+00:00,2025-08-22 00:50:00+00:00,long,112808.0,112582.01,SL,-2.5052,248.014,1.5
2025-08-22 00:59:00+00:00,2025-08-22 01:08:00+00:00,long,112630.87,112400.01,SL,-2.4801,245.5338,1.5
2025-08-22 01:16:00+00:00,2025-08-22 02:11:00+00:00,long,112574.63,113068.34,TP,4.9107,250.4445,1.5
2025-08-22 03:06:00+00:00,2025-08-22 03:52:00+00:00,long,113286.59,113000.01,SL,-2.5044,247.94,1.5
2025-08-22 04:37:00+00:00,2025-08-22 04:49:00+00:00,long,113199.5,112969.93,SL,-2.4794,245.4606,1.5
2025-08-22 05:20:00+00:00,2025-08-22 05:34:00+00:00,short,112890.55,113130.99,SL,-2.4546,243.006,1.5
2025-08-22 05:41:00+00:00,2025-08-22 05:47:00+00:00,short,112982.0,113211.93,SL,-2.4301,240.576,1.5
2025-08-22 06:11:00+00:00,2025-08-22 06:34:00+00:00,long,113277.52,112999.39,SL,-2.4058,238.1702,1.5
2025-08-22 07:15:00+00:00,2025-08-22 08:08:00+00:00,short,113004.01,113230.89,SL,-2.3817,235.7885,1.5
2025-08-22 09:04:00+00:00,2025-08-22 11:09:00+00:00,short,112913.12,112457.01,TP,4.7158,240.5043,1.5
2025-08-22 11:39:00+00:00,2025-08-22 12:33:00+00:00,short,112180.14,111726.94,TP,4.8101,245.3144,1.5
2025-08-22 12:56:00+00:00,2025-08-22 13:45:00+00:00,short,112363.77,112640.69,SL,-2.4531,242.8612,1.5
2025-08-22 14:00:00+00:00,2025-08-22 14:03:00+00:00,long,113594.13,114297.18,TP,4.8572,247.7185,1.5
2025-08-22 14:38:00+00:00,2025-08-22 15:01:00+00:00,long,115796.88,116332.74,TP,4.9544,252.6728,1.5
2025-08-22 15:02:00+00:00,2025-08-22 15:18:00+00:00,long,116438.05,116975.77,TP,5.0535,257.7263,1.5
2025-08-22 15:45:00+00:00,2025-08-22 15:52:00+00:00,long,117030.43,116774.85,SL,-2.5773,255.149,1.5
2025-08-22 16:08:00+00:00,2025-08-22 16:16:00+00:00,long,116693.5,116400.0,SL,-2.5515,252.5975,1.5
2025-08-22 16:26:00+00:00,2025-08-22 17:15:00+00:00,long,116313.58,116855.47,TP,5.0519,257.6495,1.5
2025-08-22 17:28:00+00:00,2025-08-22 17:32:00+00:00,long,117013.59,116661.94,SL,-2.5765,255.073,1.5
2025-08-22 17:48:00+00:00,2025-08-22 18:10:00+00:00,long,116769.38,117274.0,TP,5.1015,260.1744,1.5
2025-08-22 18:34:00+00:00,2025-08-22 18:38:00+00:00,long,117137.46,116902.32,SL,-2.6017,257.5727,1.5
2025-08-22 18:59:00+00:00,2025-08-22 19:54:00+00:00,long,116805.27,116561.85,SL,-2.5757,254.997,1.5
2025-08-22 19:59:00+00:00,2025-08-22 21:48:00+00:00,long,116655.79,117174.42,TP,5.0999,260.0969,1.5
2025-08-22 23:13:00+00:00,2025-08-23 00:23:00+00:00,short,116722.21,116991.99,SL,-2.601,257.4959,1.5
2025-08-23 00:54:00+00:00,2025-08-23 01:16:00+00:00,long,116976.78,116722.93,SL,-2.575,254.921,1.5
2025-08-23 02:09:00+00:00,2025-08-23 02:26:00+00:00,short,116392.04,115921.4,TP,5.0984,260.0194,1.5
2025-08-23 03:01:00+00:00,2025-08-23 11:54:00+00:00,short,115839.99,115335.34,TP,5.2004,265.2198,1.5
2025-08-23 12:24:00+00:00,2025-08-23 13:33:00+00:00,short,115372.43,114904.46,TP,5.3044,270.5242,1.5
2025-08-23 13:56:00+00:00,2025-08-23 14:31:00+00:00,short,114840.43,115070.17,SL,-2.7052,267.8189,1.5
2025-08-23 14:35:00+00:00,2025-08-23 20:29:00+00:00,short,114972.28,115226.3,SL,-2.6782,265.1408,1.5
2025-08-23 20:48:00+00:00,2025-08-24 03:00:00+00:00,long,115226.05,114987.01,SL,-2.6514,262.4894,1.5
2025-08-24 03:29:00+00:00,2025-08-24 04:08:00+00:00,short,114960.01,115206.14,SL,-2.6249,259.8645,1.5
2025-08-24 04:16:00+00:00,2025-08-24 09:14:00+00:00,short,115192.17,114680.0,TP,5.1973,265.0617,1.5
2025-08-24 10:15:00+00:00,2025-08-24 14:13:00+00:00,short,114829.54,114352.28,TP,5.3012,270.363,1.5
2025-08-24 14:31:00+00:00,2025-08-24 15:05:00+00:00,short,114435.12,114697.57,SL,-2.7036,267.6594,1.5
2025-08-24 15:15:00+00:00,2025-08-24 18:34:00+00:00,short,114586.53,114831.99,SL,-2.6766,264.9828,1.5
2025-08-24 18:35:00+00:00,2025-08-24 18:50:00+00:00,long,114885.41,114651.78,SL,-2.6498,262.3329,1.5
2025-08-24 19:05:00+00:00,2025-08-24 19:33:00+00:00,long,114628.0,114296.33,SL,-2.6233,259.7096,1.5
2025-08-24 20:32:00+00:00,2025-08-24 20:37:00+00:00,short,112569.35,112798.4,SL,-2.5971,257.1125,1.5
2025-08-24 20:48:00+00:00,2025-08-24 21:31:00+00:00,short,112743.82,112970.17,SL,-2.5711,254.5414,1.5
2025-08-24 21:41:00+00:00,2025-08-24 22:40:00+00:00,short,113038.87,113340.0,SL,-2.5454,251.996,1.5
2025-08-24 23:29:00+00:00,2025-08-24 23:54:00+00:00,long,113648.25,113400.01,SL,-2.52,249.476,1.5
2025-08-25 00:05:00+00:00,2025-08-25 00:19:00+00:00,long,113494.01,113256.29,SL,-2.4948,246.9812,1.5
2025-08-25 01:17:00+00:00,2025-08-25 01:23:00+00:00,short,112738.64,113000.0,SL,-2.4698,244.5114,1.5
2025-08-25 01:31:00+00:00,2025-08-25 02:03:00+00:00,short,112970.0,113219.99,SL,-2.4451,242.0663,1.5
2025-08-25 02:51:00+00:00,2025-08-25 03:54:00+00:00,long,113434.44,113200.0,SL,-2.4207,239.6457,1.5
2025-08-25 04:14:00+00:00,2025-08-25 05:53:00+00:00,short,112844.01,112389.32,TP,4.7929,244.4386,1.5
2025-08-25 06:06:00+00:00,2025-08-25 06:48:00+00:00,short,112305.22,111846.5,TP,4.8888,249.3273,1.5
2025-08-25 07:22:00+00:00,2025-08-25 07:47:00+00:00,short,111964.0,111504.0,TP,4.9865,254.3139,1.5
2025-08-25 08:04:00+00:00,2025-08-25 08:11:00+00:00,short,111225.54,111553.76,SL,-2.5431,251.7707,1.5
2025-08-25 08:29:00+00:00,2025-08-25 10:27:00+00:00,short,111656.54,111128.82,TP,5.0354,256.8062,1.5
2025-08-25 10:46:00+00:00,2025-08-25 12:01:00+00:00,short,111066.36,111354.69,SL,-2.5681,254.2381,1.5
2025-08-25 12:06:00+00:00,2025-08-25 12:24:00+00:00,short,111197.99,111491.06,SL,-2.5424,251.6957,1.5
2025-08-25 12:44:00+00:00,2025-08-25 13:09:00+00:00,long,111606.69,111350.01,SL,-2.517,249.1788,1.5
2025-08-25 13:21:00+00:00,2025-08-25 13:32:00+00:00,long,111600.0,111275.7,SL,-2.4918,246.687,1.5
2025-08-25 14:23:00+00:00,2025-08-25 14:28:00+00:00,long,112140.05,111886.37,SL,-2.4669,244.2201,1.5
2025-08-25 14:48:00+00:00,2025-08-25 15:10:00+00:00,long,112222.33,111897.45,SL,-2.4422,241.7779,1.5
2025-08-25 15:17:00+00:00,2025-08-25 16:01:00+00:00,long,112333.01,112037.95,SL,-2.4178,239.3601,1.5
2025-08-25 16:06:00+00:00,2025-08-25 16:18:00+00:00,long,112278.54,112745.43,TP,4.7872,244.1473,1.5
2025-08-25 17:08:00+00:00,2025-08-25 17:47:00+00:00,long,112575.46,112299.57,SL,-2.4415,241.7059,1.5
2025-08-25 17:52:00+00:00,2025-08-25 19:03:00+00:00,long,112460.69,112194.39,SL,-2.4171,239.2888,1.5
2025-08-25 19:13:00+00:00,2025-08-25 19:17:00+00:00,short,112226.68,111766.0,TP,4.7858,244.0746,1.5
2025-08-25 19:31:00+00:00,2025-08-25 19:40:00+00:00,short,111564.03,111111.12,TP,4.8815,248.9561,1.5
2025-08-25 19:57:00+00:00,2025-08-25 20:01:00+00:00,short,110711.11,110962.01,SL,-2.4896,246.4665,1.5
2025-08-25 20:09:00+00:00,2025-08-25 20:11:00+00:00,short,110490.03,110014.9,TP,4.9293,251.3958,1.5
2025-08-25 20:33:00+00:00,2025-08-25 20:36:00+00:00,short,109750.01,109994.34,SL,-2.514,248.8819,1.5
2025-08-25 20:49:00+00:00,2025-08-25 20:57:00+00:00,short,109457.96,109849.42,SL,-2.4888,246.3931,1.5
2025-08-25 21:28:00+00:00,2025-08-25 21:35:00+00:00,short,109524.75,109820.0,SL,-2.4639,243.9291,1.5
2025-08-25 21:56:00+00:00,2025-08-25 22:30:00+00:00,short,110149.99,110372.15,SL,-2.4393,241.4898,1.5
2025-08-25 23:24:00+00:00,2025-08-25 23:33:00+00:00,short,109800.01,110063.29,SL,-2.4149,239.0749,1.5
2025-08-25 23:57:00+00:00,2025-08-26 00:03:00+00:00,short,110171.29,109717.59,TP,4.7815,243.8564,1.5
2025-08-26 00:24:00+00:00,2025-08-26 00:33:00+00:00,short,109519.99,109815.99,SL,-2.4386,241.4179,1.5
2025-08-26 00:38:00+00:00,2025-08-26 01:01:00+00:00,short,109400.3,108838.93,TP,4.8284,246.2462,1.5
2025-08-26 01:32:00+00:00,2025-08-26 02:08:00+00:00,short,109709.58,109936.0,SL,-2.4625,243.7838,1.5
2025-08-26 02:53:00+00:00,2025-08-26 02:57:00+00:00,short,109560.48,109781.32,SL,-2.4378,241.3459,1.5
2025-08-26 03:03:00+00:00,2025-08-26 03:21:00+00:00,short,109612.55,109840.0,SL,-2.4135,238.9325,1.5
2025-08-26 04:01:00+00:00,2025-08-26 05:45:00+00:00,long,109909.32,110368.92,TP,4.7786,243.7111,1.5
2025-08-26 06:07:00+00:00,2025-08-26 06:21:00+00:00,long,110285.89,109960.19,SL,-2.4371,241.274,1.5
2025-08-26 06:32:00+00:00,2025-08-26 07:06:00+00:00,long,110090.99,109859.04,SL,-2.4127,238.8613,1.5
2025-08-26 07:12:00+00:00,2025-08-26 07:31:00+00:00,short,109817.81,110075.48,SL,-2.3886,236.4727,1.5
2025-08-26 08:15:00+00:00,2025-08-26 08:21:00+00:00,long,110384.58,110149.87,SL,-2.3647,234.1079,1.5
2025-08-26 08:54:00+00:00,2025-08-26 09:17:00+00:00,short,110123.5,110378.87,SL,-2.3411,231.7668,1.5
2025-08-26 09:55:00+00:00,2025-08-26 10:05:00+00:00,short,110037.66,110276.85,SL,-2.3177,229.4492,1.5
2025-08-26 11:01:00+00:00,2025-08-26 11:32:00+00:00,short,110180.8,109700.0,TP,4.589,234.0382,1.5
2025-08-26 11:37:00+00:00,2025-08-26 12:34:00+00:00,short,109676.13,110082.81,SL,-2.3404,231.6978,1.5
2025-08-26 13:09:00+00:00,2025-08-26 13:19:00+00:00,long,110205.68,109958.79,SL,-2.317,229.3808,1.5
2025-08-26 13:31:00+00:00,2025-08-26 13:36:00+00:00,long,110176.98,109886.01,SL,-2.2938,227.087,1.5
2025-08-26 13:43:00+00:00,2025-08-26 13:49:00+00:00,short,109866.86,109408.01,TP,4.5417,231.6287,1.5
2025-08-26 14:12:00+00:00,2025-08-26 14:21:00+00:00,short,109935.45,110184.97,SL,-2.3163,229.3124,1.5
2025-08-26 14:35:00+00:00,2025-08-26 14:46:00+00:00,long,110460.01,110224.24,SL,-2.2931,227.0193,1.5
2025-08-26 14:55:00+00:00,2025-08-26 15:12:00+00:00,long,110499.99,110247.16,SL,-2.2702,224.7491,1.5
2025-08-26 15:21:00+00:00,2025-08-26 15:28:00+00:00,long,110402.94,110156.01,SL,-2.2475,222.5016,1.5
2025-08-26 16:09:00+00:00,2025-08-26 16:41:00+00:00,short,109600.78,109848.57,SL,-2.225,220.2766,1.5
2025-08-26 16:48:00+00:00,2025-08-26 16:56:00+00:00,short,109706.44,109977.22,SL,-2.2028,218.0739,1.5
2025-08-26 17:27:00+00:00,2025-08-26 18:00:00+00:00,short,109836.01,110066.12,SL,-2.1807,215.8931,1.5
2025-08-26 18:25:00+00:00,2025-08-26 18:40:00+00:00,long,110295.2,110779.99,TP,4.3179,220.211,1.5
2025-08-26 19:15:00+00:00,2025-08-26 19:22:00+00:00,long,110695.94,111146.01,TP,4.4042,224.6152,1.5
2025-08-26 19:48:00+00:00,2025-08-26 21:57:00+00:00,long,111077.41,111576.08,TP,4.4923,229.1075,1.5
2025-08-26 22:48:00+00:00,2025-08-26 23:06:00+00:00,long,111668.29,112142.95,TP,4.5822,233.6897,1.5
2025-08-26 23:43:00+00:00,2025-08-27 00:02:00+00:00,long,111859.48,111634.0,SL,-2.3369,231.3528,1.5
2025-08-27 00:09:00+00:00,2025-08-27 00:47:00+00:00,long,111716.01,111475.8,SL,-2.3135,229.0392,1.5
2025-08-27 01:02:00+00:00,2025-08-27 03:49:00+00:00,short,111326.55,111603.75,SL,-2.2904,226.7488,1.5
2025-08-27 04:07:00+00:00,2025-08-27 04:20:00+00:00,long,111719.02,111485.15,SL,-2.2675,224.4814,1.5
2025-08-27 04:32:00+00:00,2025-08-27 05:28:00+00:00,long,111589.01,111363.76,SL,-2.2448,222.2365,1.5
2025-08-27 05:35:00+00:00,2025-08-27 06:19:00+00:00,long,111460.03,111168.53,SL,-2.2224,220.0142,1.5
2025-08-27 06:36:00+00:00,2025-08-27 07:26:00+00:00,short,111195.59,110725.0,TP,4.4003,224.4145,1.5
2025-08-27 07:41:00+00:00,2025-08-27 09:18:00+00:00,short,110711.35,110933.6,SL,-2.2441,222.1703,1.5
2025-08-27 09:34:00+00:00,2025-08-27 09:46:00+00:00,long,111060.01,110824.0,SL,-2.2217,219.9486,1.5
2025-08-27 10:45:00+00:00,2025-08-27 13:41:00+00:00,long,111045.37,111520.95,TP,4.399,224.3476,1.5
2025-08-27 14:12:00+00:00,2025-08-27 14:28:00+00:00,long,111669.33,112195.63,TP,4.487,228.8345,1.5
2025-08-27 15:07:00+00:00,2025-08-27 17:25:00+00:00,long,111814.01,112319.99,TP,4.5767,233.4112,1.5
2025-08-27 18:04:00+00:00,2025-08-27 18:49:00+00:00,long,112419.99,112153.1,SL,-2.3341,231.0771,1.5
2025-08-27 19:02:00+00:00,2025-08-27 19:06:00+00:00,long,112147.04,111868.78,SL,-2.3108,228.7663,1.5
2025-08-27 19:12:00+00:00,2025-08-27 19:22:00+00:00,short,111663.07,111920.34,SL,-2.2877,226.4787,1.5
2025-08-27 20:02:00+00:00,2025-08-27 20:20:00+00:00,short,111967.07,112198.32,SL,-2.2648,224.2139,1.5
2025-08-27 20:21:00+00:00,2025-08-27 20:22:00+00:00,short,110999.99,111677.0,SL,-2.2421,221.9718,1.5
2025-08-27 20:49:00+00:00,2025-08-27 21:13:00+00:00,long,112345.36,112052.01,SL,-2.2197,219.752,1.5
2025-08-27 21:39:00+00:00,2025-08-27 22:05:00+00:00,short,111673.4,111170.77,TP,4.395,224.1471,1.5
2025-08-27 22:52:00+00:00,2025-08-28 00:24:00+00:00,short,111458.97,110978.14,TP,4.4829,228.63,1.5
2025-08-28 00:55:00+00:00,2025-08-28 01:02:00+00:00,short,111206.51,111439.75,SL,-2.2863,226.3437,1.5
2025-08-28 01:19:00+00:00,2025-08-28 04:06:00+00:00,long,111584.41,112059.99,TP,4.5269,230.8706,1.5
2025-08-28 04:27:00+00:00,2025-08-28 04:42:00+00:00,long,112267.31,112728.27,TP,4.6174,235.488,1.5
2025-08-28 05:34:00+00:00,2025-08-28 13:21:00+00:00,long,112899.99,113463.49,TP,4.7098,240.1978,1.5
2025-08-28 14:18:00+00:00,2025-08-28 14:47:00+00:00,short,112930.58,113170.25,SL,-2.402,237.7958,1.5
2025-08-28 15:16:00+00:00,2025-08-28 15:19:00+00:00,long,113243.55,112909.18,SL,-2.378,235.4178,1.5
2025-08-28 15:45:00+00:00,2025-08-28 16:00:00+00:00,short,112489.92,112749.89,SL,-2.3542,233.0636,1.5
2025-08-28 16:41:00+00:00,2025-08-28 16:55:00+00:00,long,112949.61,112562.19,SL,-2.3306,230.733,1.5
2025-08-28 17:49:00+00:00,2025-08-28 19:43:00+00:00,short,112520.72,112033.43,TP,4.6147,235.3477,1.5
2025-08-28 19:55:00+00:00,2025-08-28 22:04:00+00:00,short,111935.8,112195.67,SL,-2.3535,232.9942,1.5
2025-08-28 22:22:00+00:00,2025-08-29 00:53:00+00:00,long,112375.77,112149.0,SL,-2.3299,230.6643,1.5
2025-08-29 01:05:00+00:00,2025-08-29 01:23:00+00:00,short,111960.15,111459.68,TP,4.6133,235.2775,1.5
2025-08-29 01:52:00+00:00,2025-08-29 02:23:00+00:00,short,111450.01,111746.32,SL,-2.3528,232.9248,1.5
2025-08-29 02:29:00+00:00,2025-08-29 03:39:00+00:00,short,111542.12,111798.21,SL,-2.3292,230.5955,1.5
2025-08-29 04:06:00+00:00,2025-08-29 04:31:00+00:00,long,111828.65,111593.09,SL,-2.306,228.2896,1.5
2025-08-29 04:52:00+00:00,2025-08-29 06:17:00+00:00,short,111509.72,111016.75,TP,4.5658,232.8554,1.5
2025-08-29 06:32:00+00:00,2025-08-29 06:42:00+00:00,short,110960.47,111198.33,SL,-2.3286,230.5268,1.5
2025-08-29 07:01:00+00:00,2025-08-29 07:14:00+00:00,short,111068.27,110545.0,TP,4.6105,235.1373,1.5
2025-08-29 07:58:00+00:00,2025-08-29 08:00:00+00:00,short,109900.0,110189.09,SL,-2.3514,232.786,1.5
2025-08-29 08:10:00+00:00,2025-08-29 09:02:00+00:00,short,109968.52,109450.01,TP,4.6557,237.4417,1.5
2025-08-29 09:35:00+00:00,2025-08-29 10:07:00+00:00,short,109700.01,109945.47,SL,-2.3744,235.0673,1.5
2025-08-29 10:14:00+00:00,2025-08-29 11:00:00+00:00,short,109840.09,110101.59,SL,-2.3507,232.7166,1.5
2025-08-29 11:05:00+00:00,2025-08-29 12:06:00+00:00,short,109940.0,110188.35,SL,-2.3272,230.3894,1.5
2025-08-29 12:24:00+00:00,2025-08-29 12:30:00+00:00,long,110350.0,111227.6,TP,4.6078,234.9972,1.5
2025-08-29 12:54:00+00:00,2025-08-29 13:06:00+00:00,long,110788.0,110549.09,SL,-2.35,232.6472,1.5
2025-08-29 13:56:00+00:00,2025-08-29 14:00:00+00:00,short,108931.99,109446.75,SL,-2.3265,230.3208,1.5
2025-08-29 14:05:00+00:00,2025-08-29 14:21:00+00:00,short,108721.99,108945.85,SL,-2.3032,228.0176,1.5
2025-08-29 14:28:00+00:00,2025-08-29 14:42:00+00:00,short,108471.68,108806.0,SL,-2.2802,225.7374,1.5
2025-08-29 14:50:00+00:00,2025-08-29 15:16:00+00:00,short,108325.5,108550.01,SL,-2.2574,223.48,1.5
2025-08-29 15:28:00+00:00,2025-08-29 16:12:00+00:00,short,108441.25,108660.33,SL,-2.2348,221.2452,1.5
2025-08-29 16:27:00+00:00,2025-08-29 16:35:00+00:00,short,108500.01,108740.15,SL,-2.2125,219.0328,1.5
2025-08-29 16:44:00+00:00,2025-08-29 17:10:00+00:00,short,108752.4,108306.0,TP,4.3807,223.4134,1.5
2025-08-29 17:38:00+00:00,2025-08-29 17:52:00+00:00,short,108350.01,108581.19,SL,-2.2341,221.1793,1.5
2025-08-29 17:59:00+00:00,2025-08-29 19:21:00+00:00,short,108466.01,108715.99,SL,-2.2118,218.9675,1.5
2025-08-29 19:46:00+00:00,2025-08-29 19:53:00+00:00,long,108587.98,108332.72,SL,-2.1897,216.7778,1.5
2025-08-29 20:37:00+00:00,2025-08-29 21:17:00+00:00,short,107738.0,107957.52,SL,-2.1678,214.61,1.5
2025-08-29 21:21:00+00:00,2025-08-29 21:30:00+00:00,short,107796.25,108068.3,SL,-2.1461,212.4639,1.5
2025-08-29 22:22:00+00:00,2025-08-30 00:42:00+00:00,long,108396.24,108151.31,SL,-2.1246,210.3393,1.5
2025-08-30 01:15:00+00:00,2025-08-30 01:52:00+00:00,short,108270.59,107803.81,TP,4.2068,214.5461,1.5
2025-08-30 02:25:00+00:00,2025-08-30 02:31:00+00:00,short,107629.88,107887.99,SL,-2.1455,212.4006,1.5
2025-08-30 02:46:00+00:00,2025-08-30 03:21:00+00:00,short,107901.08,108129.41,SL,-2.124,210.2766,1.5
2025-08-30 04:09:00+00:00,2025-08-30 05:14:00+00:00,long,108500.61,108248.06,SL,-2.1028,208.1738,1.5
2025-08-30 05:30:00+00:00,2025-08-30 05:36:00+00:00,short,108129.3,108394.85,SL,-2.0817,206.0921,1.5
2025-08-30 06:02:00+00:00,2025-08-30 07:06:00+00:00,long,108426.62,108192.01,SL,-2.0609,204.0312,1.5
2025-08-30 08:07:00+00:00,2025-08-30 10:47:00+00:00,long,108626.06,108406.01,SL,-2.0403,201.9909,1.5
2025-08-30 11:41:00+00:00,2025-08-30 13:07:00+00:00,long,108575.8,108302.93,SL,-2.0199,199.971,1.5
2025-08-30 13:42:00+00:00,2025-08-30 14:43:00+00:00,short,108429.07,108654.31,SL,-1.9997,197.9713,1.0
2025-08-30 15:15:00+00:00,2025-08-31 00:42:00+00:00,long,108677.7,109144.62,TP,3.9594,201.9307,1.0
2025-08-31 00:56:00+00:00,2025-08-31 01:09:00+00:00,long,109399.99,109165.16,SL,-2.0193,199.9114,1.5
2025-08-31 01:21:00+00:00,2025-08-31 04:14:00+00:00,long,109243.98,109015.05,SL,-1.9991,197.9123,1.0
2025-08-31 04:53:00+00:00,2025-08-31 08:23:00+00:00,short,108666.93,108889.2,SL,-1.9791,195.9331,1.0
2025-08-31 08:40:00+00:00,2025-08-31 09:44:00+00:00,long,108930.57,108706.18,SL,-1.9593,193.9738,1.0
2025-08-31 09:53:00+00:00,2025-08-31 15:50:00+00:00,short,108571.72,108813.71,SL,-1.9397,192.0341,1.0
2025-08-31 16:28:00+00:00,2025-08-31 18:39:00+00:00,long,108698.5,109155.62,TP,3.8407,195.8748,1.0
2025-08-31 19:20:00+00:00,2025-08-31 22:44:00+00:00,long,109076.43,108848.11,SL,-1.9587,193.916,1.0
2025-08-31 23:03:00+00:00,2025-08-31 23:34:00+00:00,short,108707.36,108251.22,TP,3.8783,197.7943,1.0
2025-09-01 00:04:00+00:00,2025-09-01 00:26:00+00:00,short,108100.0,107653.27,TP,3.9559,201.7502,1.0
2025-09-01 00:59:00+00:00,2025-09-01 01:46:00+00:00,short,108222.37,108448.86,SL,-2.0175,199.7327,1.5
2025-09-01 01:50:00+00:00,2025-09-01 02:25:00+00:00,short,108129.43,107566.99,TP,3.9947,203.7274,1.0
2025-09-01 02:51:00+00:00,2025-09-01 02:55:00+00:00,short,107426.01,107721.81,SL,-2.0373,201.6901,1.5
2025-09-01 03:12:00+00:00,2025-09-01 05:37:00+00:00,short,107560.76,107830.9,SL,-2.0169,199.6732,1.5
2025-09-01 06:13:00+00:00,2025-09-01 07:21:00+00:00,long,107906.0,108373.76,TP,3.9935,203.6667,1.0
2025-09-01 07:45:00+00:00,2025-09-01 07:55:00+00:00,long,108894.17,109339.36,TP,4.0733,207.74,1.5
2025-09-01 08:42:00+00:00,2025-09-01 10:02:00+00:00,long,109571.82,109305.78,SL,-2.0774,205.6626,1.5
2025-09-01 10:17:00+00:00,2025-09-01 10:23:00+00:00,long,109235.06,109008.9,SL,-2.0566,203.606,1.5
2025-09-01 11:19:00+00:00,2025-09-01 11:55:00+00:00,short,108593.06,108829.17,SL,-2.0361,201.5699,1.5
2025-09-01 12:02:00+00:00,2025-09-01 12:23:00+00:00,short,108725.01,108952.98,SL,-2.0157,199.5542,1.5
2025-09-01 12:24:00+00:00,2025-09-01 13:22:00+00:00,long,108993.63,109470.55,TP,3.9911,203.5453,1.0
2025-09-01 14:00:00+00:00,2025-09-01 14:32:00+00:00,long,109131.26,108900.02,SL,-2.0355,201.5098,1.5
2025-09-01 14:48:00+00:00,2025-09-01 14:54:00+00:00,short,108870.01,109106.01,SL,-2.0151,199.4947,1.5
2025-09-01 15:50:00+00:00,2025-09-01 16:05:00+00:00,short,108619.99,108842.65,SL,-1.9949,197.4998,1.0
2025-09-01 16:47:00+00:00,2025-09-01 16:55:00+00:00,long,108984.68,108741.89,SL,-1.975,195.5248,1.0
2025-09-01 17:10:00+00:00,2025-09-01 17:50:00+00:00,short,108681.99,108918.91,SL,-1.9552,193.5695,1.0
2025-09-01 18:29:00+00:00,2025-09-01 20:37:00+00:00,long,109173.88,108910.0,SL,-1.9357,191.6338,1.0
2025-09-01 21:03:00+00:00,2025-09-01 21:30:00+00:00,short,108506.23,108050.84,TP,3.8327,195.4665,1.0
2025-09-01 22:28:00+00:00,2025-09-01 22:47:00+00:00,short,108016.33,108254.17,SL,-1.9547,193.5119,1.0
2025-09-01 23:13:00+00:00,2025-09-01 23:45:00+00:00,long,108752.94,109352.4,TP,3.8702,197.3821,1.0
2025-09-02 00:19:00+00:00,2025-09-02 00:36:00+00:00,long,109205.83,108980.01,SL,-1.9738,195.4083,1.0
2025-09-02 00:47:00+00:00,2025-09-02 01:48:00+00:00,long,109049.11,109559.02,TP,3.9082,199.3164,1.0
2025-09-02 02:22:00+00:00,2025-09-02 02:51:00+00:00,long,109441.82,109884.99,TP,3.9863,203.3028,1.0
2025-09-02 03:16:00+00:00,2025-09-02 03:19:00+00:00,long,110614.0,110333.34,SL,-2.033,201.2697,1.5
2025-09-02 03:38:00+00:00,2025-09-02 05:09:00+00:00,long,110308.0,110079.81,SL,-2.0127,199.257,1.5
2025-09-02 05:14:00+00:00,2025-09-02 09:12:00+00:00,long,110180.0,110680.2,TP,3.9851,203.2422,1.0
2025-09-02 09:38:00+00:00,2025-09-02 10:49:00+00:00,long,110394.79,110157.98,SL,-2.0324,201.2098,1.5
2025-09-02 11:05:00+00:00,2025-09-02 11:56:00+00:00,short,110158.28,109700.01,TP,4.0242,205.234,1.5
2025-09-02 12:04:00+00:00,2025-09-02 12:42:00+00:00,short,109589.22,109010.91,TP,4.1047,209.3386,1.5
2025-09-02 12:54:00+00:00,2025-09-02 12:57:00+00:00,short,108509.59,108790.31,SL,-2.0934,207.2453,1.5
2025-09-02 13:30:00+00:00,2025-09-02 13:35:00+00:00,short,109249.08,109867.06,SL,-2.0725,205.1728,1.5
2025-09-02 14:22:00+00:00,2025-09-02 15:06:00+00:00,long,111282.08,111020.16,SL,-2.0517,203.1211,1.5
2025-09-02 15:11:00+00:00,2025-09-02 15:22:00+00:00,long,111336.02,111086.1,SL,-2.0312,201.0899,1.5
2025-09-02 15:29:00+00:00,2025-09-02 15:35:00+00:00,long,111260.77,110946.77,SL,-2.0109,199.079,1.5
2025-09-02 15:43:00+00:00,2025-09-02 15:50:00+00:00,long,111065.38,110822.75,SL,-1.9908,197.0882,1.0
2025-09-02 15:59:00+00:00,2025-09-02 16:28:00+00:00,long,110829.17,110582.76,SL,-1.9709,195.1173,1.0
2025-09-02 16:36:00+00:00,2025-09-02 16:48:00+00:00,long,110788.35,110510.69,SL,-1.9512,193.1661,1.0
2025-09-02 17:25:00+00:00,2025-09-02 18:05:00+00:00,long,110789.04,110559.45,SL,-1.9317,191.2345,1.0
2025-09-02 18:31:00+00:00,2025-09-02 18:50:00+00:00,short,110416.83,110683.18,SL,-1.9123,189.3221,1.0
2025-09-02 19:01:00+00:00,2025-09-02 19:08:00+00:00,short,110574.68,110829.77,SL,-1.8932,187.4289,1.0
2025-09-02 19:13:00+00:00,2025-09-02 20:06:00+00:00,short,110686.16,110925.87,SL,-1.8743,185.5546,1.0
2025-09-02 20:40:00+00:00,2025-09-02 21:59:00+00:00,long,111378.17,111129.57,SL,-1.8555,183.6991,1.0
2025-09-02 22:33:00+00:00,2025-09-02 22:45:00+00:00,short,110994.28,111230.69,SL,-1.837,181.8621,1.0
2025-09-02 22:58:00+00:00,2025-09-02 23:33:00+00:00,long,111245.27,111019.0,SL,-1.8186,180.0434,1.0
2025-09-02 23:36:00+00:00,2025-09-03 00:19:00+00:00,long,111111.0,111558.45,TP,3.6009,183.6443,1.0
2025-09-03 00:26:00+00:00,2025-09-03 00:31:00+00:00,long,111764.69,111500.29,SL,-1.8364,181.8079,1.0
2025-09-03 00:41:00+00:00,2025-09-03 00:44:00+00:00,long,111658.87,111417.72,SL,-1.8181,179.9898,1.0
2025-09-03 01:03:00+00:00,2025-09-03 01:20:00+00:00,long,111392.39,111118.14,SL,-1.7999,178.1899,1.0
2025-09-03 02:07:00+00:00,2025-09-03 02:26:00+00:00,short,111124.44,111391.99,SL,-1.7819,176.408,1.0
2025-09-03 02:45:00+00:00,2025-09-03 03:11:00+00:00,long,111413.88,111161.65,SL,-1.7641,174.6439,1.0
2025-09-03 04:08:00+00:00,2025-09-03 07:18:00+00:00,short,111017.79,110568.87,TP,3.4929,178.1368,1.0
2025-09-03 08:44:00+00:00,2025-09-03 11:04:00+00:00,long,111065.43,111675.96,TP,3.5627,181.6995,1.0
2025-09-03 11:35:00+00:00,2025-09-03 12:43:00+00:00,long,111596.0,111336.58,SL,-1.817,179.8825,1.0
2025-09-03 13:34:00+00:00,2025-09-03 13:37:00+00:00,long,111449.74,111104.02,SL,-1.7988,178.0837,1.0
2025-09-03 13:41:00+00:00,2025-09-03 14:13:00+00:00,long,111516.84,111276.0,SL,-1.7808,176.3029,1.0
2025-09-03 14:25:00+00:00,2025-09-03 14:39:00+00:00,long,111513.47,111985.72,TP,3.5261,179.8289,1.0
2025-09-03 15:33:00+00:00,2025-09-03 16:41:00+00:00,long,112099.99,111872.91,SL,-1.7983,178.0306,1.0
2025-09-03 17:49:00+00:00,2025-09-03 18:24:00+00:00,long,112433.91,112171.17,SL,-1.7803,176.2503,1.0
2025-09-03 19:11:00+00:00,2025-09-03 19:51:00+00:00,short,111869.34,112121.59,SL,-1.7625,174.4878,1.0
2025-09-03 20:05:00+00:00,2025-09-03 21:32:00+00:00,long,112220.84,111930.74,SL,-1.7449,172.7429,1.0
2025-09-03 22:50:00+00:00,2025-09-04 00:34:00+00:00,short,111839.87,112119.99,SL,-1.7274,171.0155,1.0
2025-09-04 00:53:00+00:00,2025-09-04 01:05:00+00:00,long,112145.88,111906.94,SL,-1.7102,169.3054,1.0
2025-09-04 01:46:00+00:00,2025-09-04 03:05:00+00:00,short,111808.95,111357.08,TP,3.3861,172.6915,1.0
2025-09-04 03:28:00+00:00,2025-09-04 04:58:00+00:00,short,111404.07,110950.01,TP,3.4538,176.1453,1.0
2025-09-04 05:23:00+00:00,2025-09-04 09:09:00+00:00,short,110612.1,110839.99,SL,-1.7615,174.3839,1.0
2025-09-04 09:55:00+00:00,2025-09-04 12:41:00+00:00,long,110788.0,110553.16,SL,-1.7438,172.64,1.0
2025-09-04 13:10:00+00:00,2025-09-04 13:30:00+00:00,long,110913.98,110665.73,SL,-1.7264,170.9136,1.0
2025-09-04 13:36:00+00:00,2025-09-04 13:48:00+00:00,short,110705.84,110230.4,TP,3.4183,174.3319,1.0
2025-09-04 14:02:00+00:00,2025-09-04 14:05:00+00:00,short,110288.52,109844.01,TP,3.4866,177.8185,1.0
2025-09-04 14:47:00+00:00,2025-09-04 15:11:00+00:00,short,110067.97,109482.0,TP,3.5564,181.3749,1.0
2025-09-04 15:59:00+00:00,2025-09-04 17:20:00+00:00,short,109510.31,109770.83,SL,-1.8137,179.5611,1.0
2025-09-04 17:52:00+00:00,2025-09-04 20:22:00+00:00,long,109797.47,110250.0,TP,3.5912,183.1524,1.0
2025-09-04 20:23:00+00:00,2025-09-04 22:25:00+00:00,long,110299.99,110775.0,TP,3.663,186.8154,1.0
2025-09-04 22:54:00+00:00,2025-09-04 22:57:00+00:00,long,110848.0,111437.06,TP,3.7363,190.5517,1.0
2025-09-04 23:47:00+00:00,2025-09-05 00:12:00+00:00,long,110781.19,110555.7,SL,-1.9055,188.6462,1.0
2025-09-05 00:15:00+00:00,2025-09-05 00:35:00+00:00,short,110589.13,110882.99,SL,-1.8865,186.7597,1.0
2025-09-05 00:44:00+00:00,2025-09-05 01:41:00+00:00,short,110730.69,110956.09,SL,-1.8676,184.8921,1.0
2025-09-05 01:52:00+00:00,2025-09-05 05:11:00+00:00,long,111082.32,111528.95,TP,3.6978,188.59,1.0
2025-09-05 05:32:00+00:00,2025-09-05 07:01:00+00:00,long,111600.0,112150.0,TP,3.7718,192.3618,1.0
2025-09-05 07:20:00+00:00,2025-09-05 09:19:00+00:00,long,112593.84,112353.75,SL,-1.9236,190.4382,1.0
2025-09-05 10:11:00+00:00,2025-09-05 12:17:00+00:00,short,112257.05,112518.73,SL,-1.9044,188.5338,1.0
2025-09-05 12:26:00+00:00,2025-09-05 12:30:00+00:00,long,112567.13,113089.56,TP,3.7707,192.3045,1.0
2025-09-05 12:50:00+00:00,2025-09-05 12:54:00+00:00,long,112786.47,113244.0,TP,3.8461,196.1506,1.0
2025-09-05 13:33:00+00:00,2025-09-05 13:36:00+00:00,long,113113.35,112864.0,SL,-1.9615,194.189,1.0
2025-09-05 13:42:00+00:00,2025-09-05 13:46:00+00:00,long,113073.7,112842.0,SL,-1.9419,192.2472,1.0
2025-09-05 13:48:00+00:00,2025-09-05 14:03:00+00:00,long,113040.0,112770.42,SL,-1.9225,190.3247,1.0
2025-09-05 14:32:00+00:00,2025-09-05 14:34:00+00:00,short,110726.96,110950.05,SL,-1.9032,188.4214,1.0
2025-09-05 15:02:00+00:00,2025-09-05 15:05:00+00:00,short,110315.39,110577.99,SL,-1.8842,186.5372,1.0
2025-09-05 15:31:00+00:00,2025-09-05 15:42:00+00:00,short,110755.68,111000.0,SL,-1.8654,184.6719,1.0
2025-09-05 15:46:00+00:00,2025-09-05 17:42:00+00:00,short,110808.42,110306.46,TP,3.6934,188.3653,1.0
2025-09-05 18:26:00+00:00,2025-09-05 18:29:00+00:00,short,110824.57,111056.01,SL,-1.8837,186.4816,1.0
2025-09-05 19:11:00+00:00,2025-09-05 21:16:00+00:00,long,111266.81,110488.31,SL,-1.8648,184.6168,1.0
2025-09-05 21:36:00+00:00,2025-09-06 02:46:00+00:00,short,110739.99,111013.87,SL,-1.8462,182.7707,1.0
2025-09-06 03:24:00+00:00,2025-09-06 04:07:00+00:00,long,111201.9,110977.12,SL,-1.8277,180.9429,1.0
2025-09-06 05:00:00+00:00,2025-09-06 15:55:00+00:00,short,110848.8,110398.92,TP,3.6189,184.5618,1.0
2025-09-06 16:18:00+00:00,2025-09-07 01:09:00+00:00,short,110185.1,110415.72,SL,-1.8456,182.7162,1.0
2025-09-07 01:22:00+00:00,2025-09-07 08:16:00+00:00,long,110465.11,110907.99,TP,3.6543,186.3705,1.0
2025-09-07 09:07:00+00:00,2025-09-07 18:41:00+00:00,long,111101.6,110865.76,SL,-1.8637,184.5068,1.0
2025-09-07 19:27:00+00:00,2025-09-08 00:54:00+00:00,long,111154.64,110772.0,SL,-1.8451,182.6617,1.0
2025-09-08 01:29:00+00:00,2025-09-08 02:33:00+00:00,short,110803.86,111053.11,SL,-1.8266,180.8351,1.0
2025-09-08 03:01:00+00:00,2025-09-08 03:20:00+00:00,long,111300.49,111052.7,SL,-1.8084,179.0268,1.0
2025-09-08 03:26:00+00:00,2025-09-08 04:07:00+00:00,long,111192.9,110967.34,SL,-1.7903,177.2365,1.0
2025-09-08 04:38:00+00:00,2025-09-08 07:16:00+00:00,short,111076.0,111312.87,SL,-1.7724,175.4641,1.0
2025-09-08 08:00:00+00:00,2025-09-08 08:33:00+00:00,long,111269.4,111742.33,TP,3.5093,178.9734,1.0
2025-09-08 09:07:00+00:00,2025-09-08 13:04:00+00:00,long,111741.28,112196.45,TP,3.5795,182.5529,1.0
2025-09-08 13:37:00+00:00,2025-09-08 13:39:00+00:00,long,112292.25,112022.0,SL,-1.8255,180.7274,1.0
2025-09-08 13:45:00+00:00,2025-09-08 13:53:00+00:00,long,112285.02,112011.29,SL,-1.8073,178.9201,1.0
2025-09-08 14:04:00+00:00,2025-09-08 14:34:00+00:00,long,112114.67,112658.6,TP,3.5784,182.4985,1.0
2025-09-08 15:02:00+00:00,2025-09-08 16:10:00+00:00,long,112667.34,112420.0,SL,-1.825,180.6735,1.0
2025-09-08 16:37:00+00:00,2025-09-08 20:47:00+00:00,short,112347.76,111896.2,TP,3.6135,184.287,1.0
2025-09-08 21:02:00+00:00,2025-09-08 21:35:00+00:00,short,111930.74,112162.44,SL,-1.8429,182.4441,1.0
2025-09-08 22:00:00+00:00,2025-09-08 23:27:00+00:00,long,112366.31,112131.02,SL,-1.8244,180.6197,1.0
2025-09-08 23:43:00+00:00,2025-09-09 00:30:00+00:00,short,112037.01,111578.5,TP,3.6124,184.2321,1.0
2025-09-09 01:04:00+00:00,2025-09-09 04:16:00+00:00,short,111567.42,111810.23,SL,-1.8423,182.3897,1.0
2025-09-09 04:54:00+00:00,2025-09-09 06:04:00+00:00,long,111988.04,112480.05,TP,3.6478,186.0375,1.0
2025-09-09 06:33:00+00:00,2025-09-09 07:29:00+00:00,long,112779.99,113232.0,TP,3.7207,189.7583,1.0
2025-09-09 07:52:00+00:00,2025-09-09 10:28:00+00:00,long,112987.41,112743.72,SL,-1.8976,187.8607,1.0
2025-09-09 10:47:00+00:00,2025-09-09 14:03:00+00:00,short,112708.74,112183.99,TP,3.7572,191.6179,1.0
2025-09-09 14:32:00+00:00,2025-09-09 14:35:00+00:00,short,112094.74,111594.03,TP,3.8324,195.4503,1.0
2025-09-09 15:03:00+00:00,2025-09-09 15:36:00+00:00,short,111587.6,111127.83,TP,3.909,199.3593,1.0
2025-09-09 16:20:00+00:00,2025-09-09 17:04:00+00:00,short,110865.89,111120.0,SL,-1.9936,197.3657,1.0
2025-09-09 17:14:00+00:00,2025-09-09 18:25:00+00:00,short,111047.22,111298.16,SL,-1.9737,195.392,1.0
2025-09-09 18:30:00+00:00,2025-09-09 19:55:00+00:00,short,111158.01,111388.04,SL,-1.9539,193.4381,1.0
2025-09-09 20:42:00+00:00,2025-09-09 20:49:00+00:00,short,111113.71,111451.25,SL,-1.9344,191.5037,1.0
2025-09-09 21:35:00+00:00,2025-09-09 21:56:00+00:00,long,111498.87,111270.76,SL,-1.915,189.5887,1.0
2025-09-09 22:34:00+00:00,2025-09-10 00:25:00+00:00,long,111471.86,111229.72,SL,-1.8959,187.6928,1.0
2025-09-10 00:49:00+00:00,2025-09-10 02:23:00+00:00,short,111129.6,111354.65,SL,-1.8769,185.8159,1.0
2025-09-10 02:24:00+00:00,2025-09-10 06:41:00+00:00,long,111419.17,111865.06,TP,3.7163,189.5322,1.0
2025-09-10 07:10:00+00:00,2025-09-10 07:49:00+00:00,long,111889.53,112341.34,TP,3.7906,193.3228,1.0
2025-09-10 08:10:00+00:00,2025-09-10 08:51:00+00:00,long,112681.13,112448.0,SL,-1.9332,191.3896,1.0
2025-09-10 09:14:00+00:00,2025-09-10 12:18:00+00:00,long,112186.5,112643.4,TP,3.8278,195.2174,1.0
2025-09-10 12:30:00+00:00,2025-09-10 12:39:00+00:00,long,113360.0,113022.21,SL,-1.9522,193.2652,1.0
2025-09-10 12:59:00+00:00,2025-09-10 13:42:00+00:00,long,113413.51,113883.88,TP,3.8653,197.1305,1.0
2025-09-10 14:07:00+00:00,2025-09-10 14:54:00+00:00,long,114140.35,113827.3,SL,-1.9713,195.1592,1.0
2025-09-10 15:00:00+00:00,2025-09-10 16:12:00+00:00,long,113947.68,113712.44,SL,-1.9516,193.2076,1.0
2025-09-10 16:24:00+00:00,2025-09-10 17:29:00+00:00,long,113721.01,113482.01,SL,-1.9321,191.2756,1.0
2025-09-10 18:48:00+00:00,2025-09-10 18:55:00+00:00,short,113391.61,113624.73,SL,-1.9128,189.3628,1.0
2025-09-10 19:06:00+00:00,2025-09-10 20:06:00+00:00,short,113502.67,113740.17,SL,-1.8936,187.4692,1.0
2025-09-10 21:02:00+00:00,2025-09-11 03:41:00+00:00,long,113697.24,114227.77,TP,3.7494,191.2186,1.0
2025-09-11 03:57:00+00:00,2025-09-11 04:21:00+00:00,long,114389.05,114139.24,SL,-1.9122,189.3064,1.0
2025-09-11 04:27:00+00:00,2025-09-11 05:21:00+00:00,long,114246.02,114003.98,SL,-1.8931,187.4133,1.0
2025-09-11 06:12:00+00:00,2025-09-11 07:05:00+00:00,long,114202.52,113969.82,SL,-1.8741,185.5392,1.0
2025-09-11 07:15:00+00:00,2025-09-11 12:09:00+00:00,short,114032.43,114266.01,SL,-1.8554,183.6838,1.0
2025-09-11 12:28:00+00:00,2025-09-11 12:30:00+00:00,long,114286.0,113845.51,SL,-1.8368,181.8469,1.0
2025-09-11 12:58:00+00:00,2025-09-11 13:13:00+00:00,short,113955.48,113497.89,TP,3.6369,185.4839,1.0
2025-09-11 13:45:00+00:00,2025-09-11 13:51:00+00:00,short,113858.03,114129.88,SL,-1.8548,183.629,1.0
2025-09-11 14:26:00+00:00,2025-09-11 15:18:00+00:00,long,114152.02,114641.99,TP,3.6726,187.3016,1.0
2025-09-11 16:37:00+00:00,2025-09-11 18:16:00+00:00,long,114472.23,114170.26,SL,-1.873,185.4286,1.0
2025-09-11 19:09:00+00:00,2025-09-11 21:40:00+00:00,short,114282.33,114517.59,SL,-1.8543,183.5743,1.0
2025-09-11 22:07:00+00:00,2025-09-11 22:24:00+00:00,long,114519.78,115020.0,TP,3.6715,187.2458,1.0
2025-09-11 23:10:00+00:00,2025-09-12 00:23:00+00:00,long,115285.74,115793.08,TP,3.7449,190.9907,1.0
2025-09-12 00:47:00+00:00,2025-09-12 00:58:00+00:00,long,116142.0,115909.34,SL,-1.9099,189.0808,1.0
2025-09-12 01:17:00+00:00,2025-09-12 01:33:00+00:00,long,115863.91,115593.49,SL,-1.8908,187.19,1.0
2025-09-12 01:42:00+00:00,2025-09-12 01:55:00+00:00,long,115618.29,115377.28,SL,-1.8719,185.3181,1.0
2025-09-12 02:18:00+00:00,2025-09-12 08:11:00+00:00,short,115450.99,114988.07,TP,3.7064,189.0245,1.0
2025-09-12 08:17:00+00:00,2025-09-12 08:24:00+00:00,short,114968.02,115215.11,SL,-1.8902,187.1342,1.0
2025-09-12 08:33:00+00:00,2025-09-12 14:04:00+00:00,short,115130.17,115369.79,SL,-1.8713,185.2629,1.0
2025-09-12 15:05:00+00:00,2025-09-12 16:14:00+00:00,short,115014.02,115249.53,SL,-1.8526,183.4102,1.0
2025-09-12 16:51:00+00:00,2025-09-12 17:23:00+00:00,long,115449.98,115930.36,TP,3.6682,187.0785,1.0
2025-09-12 17:48:00+00:00,2025-09-12 18:32:00+00:00,long,115911.96,116428.16,TP,3.7416,190.82,1.0
2025-09-12 19:21:00+00:00,2025-09-12 20:13:00+00:00,long,116475.65,116209.59,SL,-1.9082,188.9118,1.0
2025-09-12 21:26:00+00:00,2025-09-12 22:21:00+00:00,short,115987.01,116260.0,SL,-1.8891,187.0227,1.0
2025-09-12 23:04:00+00:00,2025-09-13 00:41:00+00:00,short,115979.49,116255.91,SL,-1.8702,185.1525,1.0
2025-09-13 01:54:00+00:00,2025-09-13 02:11:00+00:00,short,115711.99,115947.96,SL,-1.8515,183.301,1.0
2025-09-13 02:26:00+00:00,2025-09-13 16:33:00+00:00,short,115953.36,115469.72,TP,3.666,186.967,1.0
2025-09-13 16:43:00+00:00,2025-09-13 17:50:00+00:00,short,115353.0,115587.49,SL,-1.8697,185.0973,1.0
2025-09-13 17:53:00+00:00,2025-09-13 20:03:00+00:00,short,115575.49,115821.77,SL,-1.851,183.2463,1.0
2025-09-13 20:52:00+00:00,2025-09-14 03:05:00+00:00,long,115892.9,115653.11,SL,-1.8325,181.4139,1.0
2025-09-14 03:35:00+00:00,2025-09-14 05:39:00+00:00,short,115691.77,115924.68,SL,-1.8141,179.5997,1.0
2025-09-14 06:02:00+00:00,2025-09-14 12:51:00+00:00,long,115919.54,115675.92,SL,-1.796,177.8037,1.0
2025-09-14 13:09:00+00:00,2025-09-14 13:45:00+00:00,short,115730.01,115263.49,TP,3.5561,181.3598,1.0
2025-09-14 14:17:00+00:00,2025-09-14 20:01:00+00:00,short,115420.52,115684.01,SL,-1.8136,179.5462,1.0
2025-09-14 20:13:00+00:00,2025-09-14 23:20:00+00:00,long,115758.22,115490.95,SL,-1.7955,177.7507,1.0
2025-09-14 23:30:00+00:00,2025-09-15 01:08:00+00:00,short,115355.0,114872.84,TP,3.555,181.3058,1.0
2025-09-15 01:42:00+00:00,2025-09-15 02:03:00+00:00,short,115181.27,115421.35,SL,-1.8131,179.4927,1.0
2025-09-15 02:38:00+00:00,2025-09-15 04:20:00+00:00,long,115423.53,115912.48,TP,3.5899,183.0826,1.0
2025-09-15 05:12:00+00:00,2025-09-15 06:08:00+00:00,long,116144.68,116617.38,TP,3.6617,186.7442,1.0
2025-09-15 06:44:00+00:00,2025-09-15 07:30:00+00:00,long,116283.51,115977.78,SL,-1.8674,184.8768,1.0
2025-09-15 07:48:00+00:00,2025-09-15 08:48:00+00:00,short,115697.77,115197.72,TP,3.6975,188.5743,1.0
2025-09-15 09:35:00+00:00,2025-09-15 13:43:00+00:00,short,114968.0,114455.75,TP,3.7715,192.3458,1.0
2025-09-15 14:00:00+00:00,2025-09-15 14:24:00+00:00,short,114607.23,114890.53,SL,-1.9235,190.4223,1.0
2025-09-15 15:33:00+00:00,2025-09-15 15:38:00+00:00,short,114461.03,114723.28,SL,-1.9042,188.5181,1.0
2025-09-15 15:46:00+00:00,2025-09-15 15:56:00+00:00,short,114599.99,114853.98,SL,-1.8852,186.6329,1.0
2025-09-15 16:02:00+00:00,2025-09-15 17:56:00+00:00,short,114725.23,114969.07,SL,-1.8663,184.7666,1.0
2025-09-15 18:25:00+00:00,2025-09-15 19:06:00+00:00,long,115045.16,115508.99,TP,3.6953,188.4619,1.0
2025-09-15 19:34:00+00:00,2025-09-16 05:05:00+00:00,long,115182.07,115718.83,TP,3.7692,192.2312,1.0
2025-09-16 05:32:00+00:00,2025-09-16 09:47:00+00:00,long,115754.0,115509.79,SL,-1.9223,190.3089,1.0
2025-09-16 09:54:00+00:00,2025-09-16 13:45:00+00:00,short,115466.87,114964.41,TP,3.8062,194.115,1.0
2025-09-16 14:09:00+00:00,2025-09-16 14:16:00+00:00,short,114985.99,115260.95,SL,-1.9411,192.1739,1.0
2025-09-16 14:28:00+00:00,2025-09-16 14:48:00+00:00,short,114994.46,115226.17,SL,-1.9217,190.2521,1.0
2025-09-16 15:01:00+00:00,2025-09-16 15:46:00+00:00,short,115214.23,115460.03,SL,-1.9025,188.3496,1.0
2025-09-16 16:30:00+00:00,2025-09-16 17:02:00+00:00,long,115866.0,116329.84,TP,3.767,192.1166,1.0
2025-09-16 17:31:00+00:00,2025-09-16 17:36:00+00:00,long,116850.62,116536.16,SL,-1.9212,190.1954,1.0
2025-09-16 17:58:00+00:00,2025-09-16 18:42:00+00:00,long,116510.77,116254.47,SL,-1.902,188.2935,1.0
2025-09-16 18:45:00+00:00,2025-09-16 20:05:00+00:00,long,116356.0,116855.07,TP,3.7659,192.0594,1.0
2025-09-16 20:35:00+00:00,2025-09-17 00:50:00+00:00,long,116814.92,116580.74,SL,-1.9206,190.1388,1.0
2025-09-17 00:58:00+00:00,2025-09-17 02:31:00+00:00,short,116563.68,116831.46,SL,-1.9014,188.2374,1.0
2025-09-17 02:48:00+00:00,2025-09-17 02:58:00+00:00,long,116936.64,116690.41,SL,-1.8824,186.355,1.0
2025-09-17 03:22:00+00:00,2025-09-17 04:49:00+00:00,short,116632.0,116161.24,TP,3.7271,190.0821,1.0
2025-09-17 05:37:00+00:00,2025-09-17 05:57:00+00:00,long,116673.34,117166.22,TP,3.8016,193.8837,1.0
2025-09-17 06:27:00+00:00,2025-09-17 08:31:00+00:00,long,117114.93,116862.5,SL,-1.9388,191.9449,1.0
2025-09-17 09:04:00+00:00,2025-09-17 10:53:00+00:00,short,116759.11,116290.18,TP,3.8389,195.7838,1.0
2025-09-17 11:03:00+00:00,2025-09-17 14:20:00+00:00,short,116296.49,115826.86,TP,3.9157,199.6995,1.0
2025-09-17 15:22:00+00:00,2025-09-17 15:58:00+00:00,short,115645.96,115886.17,SL,-1.997,197.7025,1.0
2025-09-17 16:01:00+00:00,2025-09-17 17:41:00+00:00,short,115803.43,116113.34,SL,-1.977,195.7255,1.0
2025-09-17 18:04:00+00:00,2025-09-17 18:06:00+00:00,long,116183.99,115942.93,SL,-1.9573,193.7682,1.0
2025-09-17 18:33:00+00:00,2025-09-17 18:42:00+00:00,short,115586.1,115110.0,TP,3.8754,197.6436,1.0
2025-09-17 18:52:00+00:00,2025-09-17 18:58:00+00:00,short,114870.0,115211.99,SL,-1.9764,195.6671,1.0
2025-09-17 19:17:00+00:00,2025-09-17 19:25:00+00:00,short,115563.99,115969.69,SL,-1.9567,193.7105,1.0
2025-09-17 20:02:00+00:00,2025-09-17 21:03:00+00:00,long,115736.28,115449.59,SL,-1.9371,191.7734,1.0
2025-09-17 21:40:00+00:00,2025-09-17 22:50:00+00:00,long,115899.98,116390.01,TP,3.8355,195.6088,1.0
2025-09-17 23:48:00+00:00,2025-09-18 00:10:00+00:00,long,116533.68,116226.16,SL,-1.9561,193.6527,1.0
2025-09-18 00:16:00+00:00,2025-09-18 01:43:00+00:00,long,116320.82,116793.53,TP,3.8731,197.5258,1.0
2025-09-18 02:14:00+00:00,2025-09-18 03:05:00+00:00,long,116649.24,117155.43,TP,3.9505,201.4763,1.0
2025-09-18 04:12:00+00:00,2025-09-18 04:23:00+00:00,long,117699.99,117456.65,SL,-2.0148,199.4615,1.5
2025-09-18 04:40:00+00:00,2025-09-18 06:10:00+00:00,long,117394.3,117150.42,SL,-1.9946,197.4669,1.0
2025-09-18 06:26:00+00:00,2025-09-18 08:15:00+00:00,short,117005.14,117281.06,SL,-1.9747,195.4923,1.0
2025-09-18 08:54:00+00:00,2025-09-18 11:53:00+00:00,long,117249.51,117013.77,SL,-1.9549,193.5373,1.0
2025-09-18 12:41:00+00:00,2025-09-18 14:18:00+00:00,long,117228.71,117705.41,TP,3.8707,197.4081,1.0
2025-09-18 14:44:00+00:00,2025-09-18 15:12:00+00:00,long,117764.42,117519.85,SL,-1.9741,195.434,1.0
2025-09-18 15:20:00+00:00,2025-09-18 19:35:00+00:00,long,117543.98,117272.41,SL,-1.9543,193.4797,1.0
2025-09-18 20:15:00+00:00,2025-09-18 20:41:00+00:00,short,117420.01,117656.5,SL,-1.9348,191.5449,1.0
2025-09-18 21:41:00+00:00,2025-09-18 23:00:00+00:00,short,117368.41,116782.11,TP,3.8309,195.3758,1.0
2025-09-18 23:57:00+00:00,2025-09-19 00:37:00+00:00,short,117094.92,117332.38,SL,-1.9538,193.422,1.0
2025-09-19 01:00:00+00:00,2025-09-19 01:41:00+00:00,long,117452.68,117148.8,SL,-1.9342,191.4878,1.0
2025-09-19 02:09:00+00:00,2025-09-19 06:34:00+00:00,short,117174.75,116680.2,TP,3.8298,195.3175,1.0
2025-09-19 06:50:00+00:00,2025-09-19 07:35:00+00:00,short,116710.06,116954.4,SL,-1.9532,193.3644,1.0
2025-09-19 08:07:00+00:00,2025-09-19 09:46:00+00:00,long,116945.82,116692.65,SL,-1.9336,191.4307,1.0
2025-09-19 11:05:00+00:00,2025-09-19 14:47:00+00:00,short,116475.12,115914.32,TP,3.8286,195.2593,1.0
2025-09-19 15:02:00+00:00,2025-09-19 16:16:00+00:00,short,115798.91,116040.38,SL,-1.9526,193.3067,1.0
2025-09-19 16:19:00+00:00,2025-09-19 18:11:00+00:00,short,115966.33,115501.05,TP,3.8661,197.1729,1.0
2025-09-19 18:12:00+00:00,2025-09-20 00:43:00+00:00,short,115453.5,115703.97,SL,-1.9717,195.2012,1.0
2025-09-20 01:20:00+00:00,2025-09-20 02:19:00+00:00,long,115693.75,115444.0,SL,-1.952,193.2491,1.0
2025-09-20 03:30:00+00:00,2025-09-20 07:24:00+00:00,short,115500.01,115745.26,SL,-1.9325,191.3167,1.0
2025-09-20 08:31:00+00:00,2025-09-21 00:28:00+00:00,long,115846.0,115597.84,SL,-1.9132,189.4035,1.0
2025-09-21 01:02:00+00:00,2025-09-22 00:21:00+00:00,short,115644.24,115168.27,TP,3.7881,193.1916,1.0
2025-09-22 00:48:00+00:00,2025-09-22 02:32:00+00:00,short,114699.53,114210.8,TP,3.8638,197.0554,1.0
2025-09-22 02:55:00+00:00,2025-09-22 03:31:00+00:00,short,114238.58,114486.96,SL,-1.9706,195.0848,1.0
2025-09-22 03:34:00+00:00,2025-09-22 03:49:00+00:00,short,114376.48,114609.5,SL,-1.9508,193.134,1.0
2025-09-22 04:22:00+00:00,2025-09-22 05:59:00+00:00,short,114480.76,113691.19,TP,3.8627,196.9967,1.0
2025-09-22 06:55:00+00:00,2025-09-22 07:44:00+00:00,short,112763.86,112991.83,SL,-1.97,195.0267,1.0
2025-09-22 07:50:00+00:00,2025-09-22 09:39:00+00:00,short,112705.41,112250.0,TP,3.9005,198.9272,1.0
2025-09-22 09:49:00+00:00,2025-09-22 10:08:00+00:00,short,112252.33,112495.5,SL,-1.9893,196.938,1.0
2025-09-22 10:27:00+00:00,2025-09-22 10:54:00+00:00,short,112607.75,112842.95,SL,-1.9694,194.9686,1.0
2025-09-22 11:46:00+00:00,2025-09-22 12:21:00+00:00,long,112825.51,112583.26,SL,-1.9497,193.0189,1.0
2025-09-22 12:24:00+00:00,2025-09-22 13:11:00+00:00,short,112588.07,112881.15,SL,-1.9302,191.0887,1.0
2025-09-22 14:30:00+00:00,2025-09-22 14:34:00+00:00,long,113399.9,113136.29,SL,-1.9109,189.1778,1.0
2025-09-22 14:56:00+00:00,2025-09-22 15:24:00+00:00,long,112882.89,112640.0,SL,-1.8918,187.286,1.0
2025-09-22 15:33:00+00:00,2025-09-22 15:49:00+00:00,short,112595.81,112845.41,SL,-1.8729,185.4132,1.0
2025-09-22 16:02:00+00:00,2025-09-22 17:10:00+00:00,short,112768.01,112275.01,TP,3.7083,189.1214,1.0
2025-09-22 17:53:00+00:00,2025-09-22 18:23:00+00:00,short,112434.0,112699.96,SL,-1.8912,187.2302,1.0
2025-09-22 18:35:00+00:00,2025-09-22 18:49:00+00:00,long,112793.96,112560.15,SL,-1.8723,185.3579,1.0
2025-09-22 19:23:00+00:00,2025-09-22 19:44:00+00:00,short,112445.84,111992.38,TP,3.7072,189.0651,1.0
2025-09-22 20:01:00+00:00,2025-09-22 20:30:00+00:00,short,112091.71,112407.99,SL,-1.8907,187.1744,1.0
2025-09-22 20:53:00+00:00,2025-09-23 00:08:00+00:00,long,112741.3,112511.07,SL,-1.8717,185.3027,1.0
2025-09-23 01:33:00+00:00,2025-09-23 02:54:00+00:00,short,112391.05,111718.01,TP,3.7061,189.0087,1.0
2025-09-23 03:50:00+00:00,2025-09-23 04:11:00+00:00,long,112409.82,112184.94,SL,-1.8901,187.1187,1.0
2025-09-23 04:26:00+00:00,2025-09-23 04:49:00+00:00,short,112095.47,112345.66,SL,-1.8712,185.2475,1.0
2025-09-23 05:12:00+00:00,2025-09-23 07:21:00+00:00,long,112611.79,113065.57,TP,3.705,188.9524,1.0
2025-09-23 07:36:00+00:00,2025-09-23 11:07:00+00:00,long,113004.54,112734.88,SL,-1.8895,187.0629,1.0
2025-09-23 12:06:00+00:00,2025-09-23 13:42:00+00:00,long,112995.13,112765.29,SL,-1.8706,185.1923,1.0
2025-09-23 13:50:00+00:00,2025-09-23 14:05:00+00:00,short,112815.44,113102.94,SL,-1.8519,183.3403,1.0
2025-09-23 14:50:00+00:00,2025-09-23 15:11:00+00:00,short,112641.87,112900.0,SL,-1.8334,181.5069,1.0
2025-09-23 15:52:00+00:00,2025-09-23 16:06:00+00:00,long,112997.82,112738.85,SL,-1.8151,179.6919,1.0
2025-09-23 16:32:00+00:00,2025-09-23 16:52:00+00:00,short,112682.33,112949.05,SL,-1.7969,177.895,1.0
2025-09-23 17:01:00+00:00,2025-09-23 17:35:00+00:00,short,112704.35,112192.46,TP,3.5579,181.4529,1.0
2025-09-23 17:54:00+00:00,2025-09-23 18:08:00+00:00,short,111947.16,112178.95,SL,-1.8145,179.6383,1.0
2025-09-23 18:18:00+00:00,2025-09-23 19:51:00+00:00,short,112023.77,111573.57,TP,3.5928,183.2311,1.0
2025-09-23 20:18:00+00:00,2025-09-23 21:29:00+00:00,short,111848.88,112074.65,SL,-1.8323,181.3988,1.0
2025-09-23 22:06:00+00:00,2025-09-23 23:23:00+00:00,long,112211.82,111979.5,SL,-1.814,179.5848,1.0
2025-09-23 23:52:00+00:00,2025-09-24 00:20:00+00:00,short,112035.58,112304.28,SL,-1.7958,177.7889,1.0
2025-09-24 00:46:00+00:00,2025-09-24 02:17:00+00:00,long,112326.99,112074.98,SL,-1.7779,176.0111,1.0
2025-09-24 02:50:00+00:00,2025-09-24 03:49:00+00:00,short,112173.53,111718.93,TP,3.5202,179.5313,1.0
2025-09-24 03:58:00+00:00,2025-09-24 04:11:00+00:00,short,111683.1,111190.0,TP,3.5906,183.1219,1.0
2025-09-24 05:15:00+00:00,2025-09-24 06:06:00+00:00,long,112276.34,112735.38,TP,3.6624,186.7843,1.0
2025-09-24 06:09:00+00:00,2025-09-24 07:26:00+00:00,long,112769.02,112500.33,SL,-1.8678,184.9165,1.0
2025-09-24 07:41:00+00:00,2025-09-24 11:05:00+00:00,long,112539.99,113013.32,TP,3.6983,188.6148,1.0
2025-09-24 11:43:00+00:00,2025-09-24 14:49:00+00:00,long,113038.38,113509.99,TP,3.7723,192.3871,1.0
2025-09-24 15:24:00+00:00,2025-09-24 15:50:00+00:00,long,113672.1,113424.01,SL,-1.9239,190.4633,1.0
2025-09-24 16:12:00+00:00,2025-09-24 16:17:00+00:00,short,113175.33,113403.03,SL,-1.9046,188.5586,1.0
2025-09-24 17:10:00+00:00,2025-09-24 18:10:00+00:00,long,113850.01,113599.98,SL,-1.8856,186.673,1.0
2025-09-24 18:48:00+00:00,2025-09-25 00:48:00+00:00,short,113545.37,113076.5,TP,3.7335,190.4065,1.0
2025-09-25 00:57:00+00:00,2025-09-25 01:12:00+00:00,short,112995.19,113224.0,SL,-1.9041,188.5024,1.0
2025-09-25 01:23:00+00:00,2025-09-25 01:51:00+00:00,short,113110.58,112578.99,TP,3.77,192.2725,1.0
2025-09-25 02:13:00+00:00,2025-09-25 02:31:00+00:00,short,112674.99,112998.23,SL,-1.9227,190.3498,1.0
2025-09-25 02:41:00+00:00,2025-09-25 03:25:00+00:00,short,112926.79,112462.46,TP,3.807,194.1567,1.0
2025-09-25 04:11:00+00:00,2025-09-25 04:19:00+00:00,short,112411.26,111900.02,TP,3.8831,198.0399,1.0
2025-09-25 04:31:00+00:00,2025-09-25 05:23:00+00:00,short,111734.72,111983.98,SL,-1.9804,196.0595,1.0
2025-09-25 05:30:00+00:00,2025-09-25 09:27:00+00:00,short,111944.41,112180.6,SL,-1.9606,194.0989,1.0
2025-09-25 10:30:00+00:00,2025-09-25 11:58:00+00:00,short,111766.44,111293.28,TP,3.882,197.9809,1.0
2025-09-25 12:17:00+00:00,2025-09-25 13:01:00+00:00,short,111500.01,111019.98,TP,3.9596,201.9405,1.0
2025-09-25 14:56:00+00:00,2025-09-25 15:09:00+00:00,long,111551.64,111284.26,SL,-2.0194,199.9211,1.5
2025-09-25 15:58:00+00:00,2025-09-25 16:25:00+00:00,long,111497.93,111260.31,SL,-1.9992,197.9219,1.0
2025-09-25 16:48:00+00:00,2025-09-25 17:12:00+00:00,short,111011.62,110554.42,TP,3.9584,201.8803,1.0
2025-09-25 17:33:00+00:00,2025-09-25 17:47:00+00:00,short,109727.87,109286.43,TP,4.0376,205.9179,1.5
2025-09-25 17:48:00+00:00,2025-09-25 17:57:00+00:00,short,109223.09,108707.66,TP,4.1184,210.0363,1.5
2025-09-25 18:31:00+00:00,2025-09-25 18:54:00+00:00,short,109452.46,109679.99,SL,-2.1004,207.9359,1.5
2025-09-25 19:07:00+00:00,2025-09-25 20:06:00+00:00,short,109766.76,109305.09,TP,4.1587,212.0946,1.5
2025-09-25 20:08:00+00:00,2025-09-25 21:08:00+00:00,short,109288.86,109547.74,SL,-2.1209,209.9737,1.5
2025-09-25 21:18:00+00:00,2025-09-25 23:03:00+00:00,short,109407.19,109644.5,SL,-2.0997,207.8739,1.5
2025-09-26 00:22:00+00:00,2025-09-26 00:44:00+00:00,short,109248.71,108809.25,TP,4.1575,212.0314,1.5
2025-09-26 01:14:00+00:00,2025-09-26 03:07:00+00:00,long,109639.13,109390.61,SL,-2.1203,209.9111,1.5
2025-09-26 03:24:00+00:00,2025-09-26 07:43:00+00:00,short,109405.6,108923.91,TP,4.1982,214.1093,1.5
2025-09-26 08:32:00+00:00,2025-09-26 10:03:00+00:00,long,109566.68,109316.26,SL,-2.1411,211.9682,1.5
2025-09-26 10:32:00+00:00,2025-09-26 11:41:00+00:00,short,108864.01,109099.36,SL,-2.1197,209.8486,1.5
2025-09-26 12:21:00+00:00,2025-09-26 12:29:00+00:00,short,108880.0,109121.28,SL,-2.0985,207.7501,1.5
2025-09-26 13:20:00+00:00,2025-09-26 13:30:00+00:00,long,109287.99,109023.13,SL,-2.0775,205.6726,1.5
2025-09-26 13:32:00+00:00,2025-09-26 14:25:00+00:00,long,109359.5,109013.89,SL,-2.0567,203.6158,1.5
2025-09-26 15:14:00+00:00,2025-09-26 15:17:00+00:00,short,108937.15,109164.0,SL,-2.0362,201.5797,1.5
2025-09-26 16:49:00+00:00,2025-09-26 17:26:00+00:00,long,109397.83,109922.9,TP,4.0316,205.6113,1.5
2025-09-26 18:14:00+00:00,2025-09-26 18:57:00+00:00,long,109987.19,109752.32,SL,-2.0561,203.5552,1.5
2025-09-26 19:26:00+00:00,2025-09-26 22:47:00+00:00,short,109360.97,109595.35,SL,-2.0356,201.5196,1.5
2025-09-26 23:20:00+00:00,2025-09-27 08:07:00+00:00,long,109520.26,109266.03,SL,-2.0152,199.5044,1.5
2025-09-27 08:39:00+00:00,2025-09-27 22:03:00+00:00,short,109300.35,109519.99,SL,-1.995,197.5094,1.0
2025-09-27 22:09:00+00:00,2025-09-28 06:29:00+00:00,long,109513.77,109280.01,SL,-1.9751,195.5343,1.0
2025-09-28 07:51:00+00:00,2025-09-28 11:18:00+00:00,long,109519.0,109280.56,SL,-1.9553,193.5789,1.0
2025-09-28 11:47:00+00:00,2025-09-28 13:32:00+00:00,short,109273.48,109500.0,SL,-1.9358,191.6431,1.0
2025-09-28 13:34:00+00:00,2025-09-28 15:47:00+00:00,long,109525.99,109977.8,TP,3.8329,195.476,1.0
2025-09-28 16:42:00+00:00,2025-09-28 20:22:00+00:00,long,110169.91,110611.88,TP,3.9095,199.3855,1.0
2025-09-28 21:10:00+00:00,2025-09-28 21:35:00+00:00,long,110890.67,110661.09,SL,-1.9939,197.3917,1.0
2025-09-28 21:43:00+00:00,2025-09-28 22:05:00+00:00,long,110684.12,111145.0,TP,3.9478,201.3395,1.0
2025-09-28 22:47:00+00:00,2025-09-29 01:56:00+00:00,long,111979.28,111729.88,SL,-2.0134,199.3261,1.5
2025-09-29 02:32:00+00:00,2025-09-29 08:03:00+00:00,short,111829.07,112069.33,SL,-1.9933,197.3328,1.0
2025-09-29 08:25:00+00:00,2025-09-29 11:08:00+00:00,long,112188.38,111952.7,SL,-1.9733,195.3595,1.0
2025-09-29 11:30:00+00:00,2025-09-29 12:18:00+00:00,short,111961.69,112219.99,SL,-1.9536,193.4059,1.0
2025-09-29 13:06:00+00:00,2025-09-29 13:17:00+00:00,short,111923.7,112149.99,SL,-1.9341,191.4719,1.0
2025-09-29 13:36:00+00:00,2025-09-29 13:42:00+00:00,long,112267.87,112890.24,TP,3.8294,195.3013,1.0
2025-09-29 14:11:00+00:00,2025-09-29 14:42:00+00:00,long,113666.04,114127.06,TP,3.906,199.2073,1.0
2025-09-29 15:33:00+00:00,2025-09-29 16:57:00+00:00,long,113876.32,113622.97,SL,-1.9921,197.2153,1.0
2025-09-29 17:07:00+00:00,2025-09-29 19:47:00+00:00,long,113713.81,114215.99,TP,3.9443,201.1596,1.0
2025-09-29 20:09:00+00:00,2025-09-29 21:35:00+00:00,long,114343.77,114104.84,SL,-2.0116,199.148,1.5
2025-09-29 21:38:00+00:00,2025-09-30 00:50:00+00:00,long,114149.05,114655.5,TP,3.983,203.1309,1.0
2025-09-30 01:10:00+00:00,2025-09-30 01:50:00+00:00,long,114598.63,114363.7,SL,-2.0313,201.0996,1.5
2025-09-30 01:58:00+00:00,2025-09-30 04:31:00+00:00,long,114378.5,114147.72,SL,-2.011,199.0886,1.5
2025-09-30 04:50:00+00:00,2025-09-30 07:39:00+00:00,short,114147.48,113658.27,TP,3.9818,203.0704,1.0
2025-09-30 08:05:00+00:00,2025-09-30 09:35:00+00:00,short,113664.36,113188.05,TP,4.0614,207.1318,1.5
2025-09-30 09:54:00+00:00,2025-09-30 11:41:00+00:00,short,112823.33,113050.0,SL,-2.0713,205.0605,1.5
2025-09-30 11:54:00+00:00,2025-09-30 13:21:00+00:00,short,113055.2,113286.79,SL,-2.0506,203.0099,1.5
2025-09-30 13:38:00+00:00,2025-09-30 14:05:00+00:00,long,113399.24,113090.94,SL,-2.0301,200.9798,1.5
2025-09-30 14:25:00+00:00,2025-09-30 14:48:00+00:00,short,113046.55,113385.0,SL,-2.0098,198.97,1.5
2025-09-30 15:47:00+00:00,2025-09-30 16:21:00+00:00,short,113021.99,113279.91,SL,-1.9897,196.9803,1.0
2025-09-30 16:26:00+00:00,2025-09-30 17:20:00+00:00,short,113042.29,113279.91,SL,-1.9698,195.0105,1.0
2025-09-30 17:39:00+00:00,2025-09-30 19:02:00+00:00,long,113395.54,113899.99,TP,3.9002,198.9107,1.0
2025-09-30 19:22:00+00:00,2025-09-30 19:51:00+00:00,long,113949.8,114420.68,TP,3.9782,202.8889,1.0
2025-09-30 20:21:00+00:00,2025-09-30 21:04:00+00:00,long,114278.04,114742.53,TP,4.0578,206.9467,1.5
2025-09-30 21:36:00+00:00,2025-09-30 22:10:00+00:00,long,114379.99,114136.05,SL,-2.0695,204.8772,1.5
2025-09-30 22:20:00+00:00,2025-10-01 01:10:00+00:00,short,114113.23,114374.99,SL,-2.0488,202.8284,1.5
2025-10-01 01:38:00+00:00,2025-10-01 08:20:00+00:00,long,114354.29,114907.22,TP,4.0566,206.885,1.5
2025-10-01 09:36:00+00:00,2025-10-01 12:02:00+00:00,long,116365.69,116849.98,TP,4.1377,211.0227,1.5
2025-10-01 12:19:00+00:00,2025-10-01 12:33:00+00:00,long,116792.02,116547.13,SL,-2.1102,208.9125,1.5
2025-10-01 12:50:00+00:00,2025-10-01 14:02:00+00:00,long,116473.85,117031.0,TP,4.1783,213.0907,1.5
2025-10-01 14:38:00+00:00,2025-10-01 14:49:00+00:00,long,117334.49,117063.15,SL,-2.1309,210.9598,1.5
2025-10-01 14:56:00+00:00,2025-10-01 16:14:00+00:00,long,117299.99,117773.0,TP,4.2192,215.179,1.5
2025-10-01 16:29:00+00:00,2025-10-01 16:55:00+00:00,long,117861.69,117606.28,SL,-2.1518,213.0272,1.5
2025-10-01 17:20:00+00:00,2025-10-01 17:44:00+00:00,long,117403.58,117148.77,SL,-2.1303,210.897,1.5
2025-10-01 18:21:00+00:00,2025-10-01 18:34:00+00:00,short,116879.2,117135.45,SL,-2.109,208.788,1.5
2025-10-01 18:42:00+00:00,2025-10-01 19:07:00+00:00,short,117124.79,117371.63,SL,-2.0879,206.7001,1.5
2025-10-01 19:17:00+00:00,2025-10-01 20:13:00+00:00,long,117440.49,117163.26,SL,-2.067,204.6331,1.5
2025-10-01 20:45:00+00:00,2025-10-01 22:06:00+00:00,long,117382.99,117877.38,TP,4.0927,208.7258,1.5
2025-10-01 22:47:00+00:00,2025-10-01 23:19:00+00:00,long,117801.74,118359.01,TP,4.1745,212.9003,1.5
2025-10-01 23:43:00+00:00,2025-10-02 00:01:00+00:00,long,118355.0,118896.66,TP,4.258,217.1583,1.5
2025-10-02 00:54:00+00:00,2025-10-02 05:52:00+00:00,long,118565.29,118283.42,SL,-2.1716,214.9867,1.5
2025-10-02 06:24:00+00:00,2025-10-02 06:42:00+00:00,short,118420.0,118671.26,SL,-2.1499,212.8368,1.5
2025-10-02 06:46:00+00:00,2025-10-02 09:45:00+00:00,short,118542.63,118805.41,SL,-2.1284,210.7085,1.5
2025-10-02 10:16:00+00:00,2025-10-02 12:40:00+00:00,long,118770.96,119285.79,TP,4.2142,214.9226,1.5
2025-10-02 12:52:00+00:00,2025-10-02 13:13:00+00:00,long,119399.99,119150.46,SL,-2.1492,212.7734,1.5
2025-10-02 13:22:00+00:00,2025-10-02 13:46:00+00:00,long,119218.09,119718.29,TP,4.2555,217.0289,1.5
2025-10-02 14:17:00+00:00,2025-10-02 14:36:00+00:00,long,119639.75,119387.39,SL,-2.1703,214.8586,1.5
2025-10-02 15:04:00+00:00,2025-10-02 15:07:00+00:00,short,118573.78,118863.0,SL,-2.1486,212.71,1.5
2025-10-02 15:42:00+00:00,2025-10-02 16:11:00+00:00,long,119574.3,120074.99,TP,4.2542,216.9642,1.5
2025-10-02 16:12:00+00:00,2025-10-02 16:28:00+00:00,long,120199.51,119949.99,SL,-2.1696,214.7946,1.5
2025-10-02 16:48:00+00:00,2025-10-02 16:56:00+00:00,long,119866.55,119612.91,SL,-2.1479,212.6466,1.5
2025-10-02 17:07:00+00:00,2025-10-02 17:21:00+00:00,long,119642.84,119399.75,SL,-2.1265,210.5202,1.5
2025-10-02 18:39:00+00:00,2025-10-02 19:04:00+00:00,long,120154.36,120637.75,TP,4.2104,214.7306,1.5
2025-10-02 19:35:00+00:00,2025-10-02 19:44:00+00:00,long,120955.26,120705.39,SL,-2.1473,212.5833,1.5
2025-10-02 19:58:00+00:00,2025-10-02 20:25:00+00:00,long,120769.65,120521.49,SL,-2.1258,210.4574,1.5
2025-10-02 20:37:00+00:00,2025-10-02 21:34:00+00:00,long,120508.04,120251.02,SL,-2.1046,208.3528,1.5
2025-10-02 21:54:00+00:00,2025-10-02 22:14:00+00:00,short,120166.01,120411.99,SL,-2.0835,206.2693,1.5
2025-10-02 22:20:00+00:00,2025-10-02 23:17:00+00:00,short,120288.38,120531.81,SL,-2.0627,204.2066,1.5
2025-10-02 23:34:00+00:00,2025-10-02 23:42:00+00:00,long,120621.99,120348.39,SL,-2.0421,202.1646,1.5
2025-10-02 23:52:00+00:00,2025-10-03 00:14:00+00:00,long,120453.11,120156.53,SL,-2.0216,200.1429,1.5
2025-10-03 00:33:00+00:00,2025-10-03 07:38:00+00:00,short,120166.1,119655.23,TP,4.0029,204.1458,1.5
2025-10-03 08:09:00+00:00,2025-10-03 08:35:00+00:00,short,119600.02,119846.67,SL,-2.0415,202.1043,1.5
2025-10-03 08:58:00+00:00,2025-10-03 10:27:00+00:00,long,120011.05,120515.66,TP,4.0421,206.1464,1.5
2025-10-03 10:41:00+00:00,2025-10-03 11:17:00+00:00,long,120490.28,120203.0,SL,-2.0615,204.0849,1.5
2025-10-03 11:24:00+00:00,2025-10-03 14:15:00+00:00,long,120328.99,120039.22,SL,-2.0408,202.0441,1.5
2025-10-03 15:15:00+00:00,2025-10-03 15:30:00+00:00,long,120936.93,121474.0,TP,4.0409,206.085,1.5
2025-10-03 15:52:00+00:00,2025-10-03 16:00:00+00:00,long,121987.0,122632.16,TP,4.1217,210.2067,1.5
2025-10-03 16:25:00+00:00,2025-10-03 16:48:00+00:00,long,123595.98,123270.32,SL,-2.1021,208.1046,1.5
2025-10-03 17:08:00+00:00,2025-10-03 17:12:00+00:00,long,122458.46,122981.0,TP,4.1621,212.2667,1.5
2025-10-03 18:04:00+00:00,2025-10-03 18:11:00+00:00,short,121802.73,122053.47,SL,-2.1227,210.144,1.5
2025-10-03 18:35:00+00:00,2025-10-03 20:05:00+00:00,long,122566.93,122304.99,SL,-2.1014,208.0426,1.5
2025-10-03 21:15:00+00:00,2025-10-03 21:38:00+00:00,long,122422.66,122160.12,SL,-2.0804,205.9622,1.5
2025-10-03 21:51:00+00:00,2025-10-03 21:54:00+00:00,short,122000.01,122325.6,SL,-2.0596,203.9025,1.5
2025-10-03 22:36:00+00:00,2025-10-03 23:10:00+00:00,long,122576.84,122295.75,SL,-2.039,201.8635,1.5
2025-10-03 23:31:00+00:00,2025-10-04 01:54:00+00:00,short,122220.04,121700.01,TP,4.0373,205.9008,1.5
2025-10-04 02:13:00+00:00,2025-10-04 03:52:00+00:00,short,121895.34,122208.1,SL,-2.059,203.8418,1.5
2025-10-04 04:22:00+00:00,2025-10-04 11:00:00+00:00,long,122352.99,122103.35,SL,-2.0384,201.8034,1.5
2025-10-04 11:12:00+00:00,2025-10-04 13:07:00+00:00,short,122099.75,122376.66,SL,-2.018,199.7853,1.5
2025-10-04 13:37:00+00:00,2025-10-04 14:49:00+00:00,long,122430.0,122180.81,SL,-1.9979,197.7875,1.0
2025-10-04 15:14:00+00:00,2025-10-04 21:17:00+00:00,short,121902.71,122186.04,SL,-1.9779,195.8096,1.0
2025-10-04 22:07:00+00:00,2025-10-05 02:28:00+00:00,long,122207.07,122724.53,TP,3.9162,199.7258,1.0
2025-10-05 03:27:00+00:00,2025-10-05 04:39:00+00:00,long,123719.94,124249.04,TP,3.9945,203.7203,1.0
2025-10-05 05:25:00+00:00,2025-10-05 05:47:00+00:00,long,125308.12,125044.0,SL,-2.0372,201.6831,1.5
2025-10-05 06:00:00+00:00,2025-10-05 06:21:00+00:00,long,125135.84,124820.48,SL,-2.0168,199.6663,1.5
2025-10-05 06:27:00+00:00,2025-10-05 07:31:00+00:00,long,124963.1,124704.57,SL,-1.9967,197.6696,1.0
2025-10-05 08:00:00+00:00,2025-10-05 09:29:00+00:00,short,124736.46,124013.4,TP,3.9534,201.623,1.0
2025-10-05 10:04:00+00:00,2025-10-05 10:16:00+00:00,short,122661.92,122939.99,SL,-2.0162,199.6068,1.5
2025-10-05 10:32:00+00:00,2025-10-05 11:01:00+00:00,short,122876.35,123136.33,SL,-1.9961,197.6107,1.0
2025-10-05 11:08:00+00:00,2025-10-05 11:25:00+00:00,short,123071.19,123352.61,SL,-1.9761,195.6346,1.0
2025-10-05 11:33:00+00:00,2025-10-05 11:56:00+00:00,short,123264.64,123538.46,SL,-1.9563,193.6783,1.0
2025-10-05 12:00:00+00:00,2025-10-05 15:34:00+00:00,short,123309.58,122788.4,TP,3.8736,197.5518,1.0
2025-10-05 16:37:00+00:00,2025-10-05 16:47:00+00:00,long,123072.69,122793.0,SL,-1.9755,195.5763,1.0
2025-10-05 16:55:00+00:00,2025-10-05 19:10:00+00:00,long,123012.01,122728.2,SL,-1.9558,193.6205,1.0
2025-10-05 19:37:00+00:00,2025-10-05 20:36:00+00:00,short,122739.34,122986.7,SL,-1.9362,191.6843,1.0
2025-10-05 21:32:00+00:00,2025-10-05 22:00:00+00:00,short,122608.51,122885.84,SL,-1.9168,189.7675,1.0
2025-10-05 22:21:00+00:00,2025-10-06 00:15:00+00:00,long,123156.14,123800.0,TP,3.7954,193.5628,1.0
2025-10-06 01:04:00+00:00,2025-10-06 01:24:00+00:00,long,123380.39,123891.74,TP,3.8713,197.4341,1.0
2025-10-06 02:00:00+00:00,2025-10-06 02:12:00+00:00,long,124099.99,123846.41,SL,-1.9743,195.4598,1.0
2025-10-06 02:22:00+00:00,2025-10-06 02:33:00+00:00,long,123934.8,123649.15,SL,-1.9546,193.5052,1.0
2025-10-06 02:41:00+00:00,2025-10-06 05:00:00+00:00,long,123799.51,123501.51,SL,-1.9351,191.5701,1.0
2025-10-06 05:35:00+00:00,2025-10-06 06:01:00+00:00,short,123476.02,123730.24,SL,-1.9157,189.6544,1.0
2025-10-06 06:27:00+00:00,2025-10-06 07:40:00+00:00,long,123815.2,123540.45,SL,-1.8965,187.7579,1.0
2025-10-06 08:53:00+00:00,2025-10-06 11:29:00+00:00,long,123827.25,124365.91,TP,3.7552,191.513,1.0
2025-10-06 11:39:00+00:00,2025-10-06 13:10:00+00:00,long,124254.33,124769.98,TP,3.8303,195.3433,1.0
2025-10-06 13:20:00+00:00,2025-10-06 13:32:00+00:00,long,124858.0,124601.48,SL,-1.9534,193.3898,1.0
2025-10-06 13:40:00+00:00,2025-10-06 13:45:00+00:00,long,124810.99,124537.24,SL,-1.9339,191.4559,1.0
2025-10-06 13:53:00+00:00,2025-10-06 14:09:00+00:00,long,124756.31,125267.15,TP,3.8291,195.2851,1.0
2025-10-06 14:31:00+00:00,2025-10-06 14:40:00+00:00,long,124985.76,124733.68,SL,-1.9529,193.3322,1.0
2025-10-06 14:49:00+00:00,2025-10-06 14:55:00+00:00,long,124855.75,124558.05,SL,-1.9333,191.3989,1.0
2025-10-06 15:53:00+00:00,2025-10-06 16:05:00+00:00,long,125165.54,124884.8,SL,-1.914,189.4849,1.0
2025-10-06 16:16:00+00:00,2025-10-06 17:06:00+00:00,long,124958.74,125489.99,TP,3.7897,193.2746,1.0
2025-10-06 17:22:00+00:00,2025-10-06 17:34:00+00:00,long,125665.39,125331.48,SL,-1.9327,191.3419,1.0
2025-10-06 17:49:00+00:00,2025-10-06 18:50:00+00:00,long,125265.33,125774.1,TP,3.8268,195.1687,1.0
2025-10-06 19:25:00+00:00,2025-10-06 19:38:00+00:00,long,125814.32,125559.28,SL,-1.9517,193.217,1.0
2025-10-06 20:15:00+00:00,2025-10-06 21:22:00+00:00,short,125280.14,124693.52,TP,3.8643,197.0813,1.0
2025-10-06 21:34:00+00:00,2025-10-06 21:38:00+00:00,short,124627.3,124981.0,SL,-1.9708,195.1105,1.0
2025-10-06 21:53:00+00:00,2025-10-06 22:00:00+00:00,short,124890.93,125190.0,SL,-1.9511,193.1594,1.0
2025-10-06 22:08:00+00:00,2025-10-07 01:20:00+00:00,short,125082.28,124508.01,TP,3.8632,197.0226,1.0
2025-10-07 01:49:00+00:00,2025-10-07 04:16:00+00:00,short,124613.99,124111.7,TP,3.9405,200.9631,1.0
2025-10-07 05:11:00+00:00,2025-10-07 06:16:00+00:00,long,124523.49,124269.6,SL,-2.0096,198.9534,1.5
2025-10-07 06:36:00+00:00,2025-10-07 08:21:00+00:00,short,123900.05,123350.0,TP,3.9791,202.9325,1.0
2025-10-07 08:33:00+00:00,2025-10-07 08:39:00+00:00,short,123450.07,123729.56,SL,-2.0293,200.9032,1.5
2025-10-07 08:58:00+00:00,2025-10-07 09:13:00+00:00,short,123866.01,124118.95,SL,-2.009,198.8941,1.5
2025-10-07 09:31:00+00:00,2025-10-07 12:45:00+00:00,long,124183.45,124761.41,TP,3.9779,202.872,1.0
2025-10-07 13:27:00+00:00,2025-10-07 13:38:00+00:00,long,124781.21,124419.99,SL,-2.0287,200.8433,1.5
2025-10-07 14:07:00+00:00,2025-10-07 14:30:00+00:00,short,123295.55,122788.42,TP,4.0169,204.8602,1.5
2025-10-07 14:39:00+00:00,2025-10-07 15:07:00+00:00,short,122724.91,122083.36,TP,4.0972,208.9574,1.5
2025-10-07 15:31:00+00:00,2025-10-07 15:39:00+00:00,short,122030.68,121520.01,TP,4.1791,213.1365,1.5
2025-10-07 15:50:00+00:00,2025-10-07 15:57:00+00:00,short,121408.6,121802.95,SL,-2.1314,211.0052,1.5
2025-10-07 16:14:00+00:00,2025-10-07 16:24:00+00:00,short,121531.67,121020.0,TP,4.2201,215.2253,1.5
2025-10-07 16:54:00+00:00,2025-10-07 17:12:00+00:00,short,121891.07,121388.03,TP,4.3045,219.5298,1.5
2025-10-07 17:51:00+00:00,2025-10-07 18:26:00+00:00,short,121236.86,120699.78,TP,4.3906,223.9204,1.5
2025-10-07 18:40:00+00:00,2025-10-07 18:47:00+00:00,short,120626.33,120868.38,SL,-2.2392,221.6812,1.5
2025-10-07 19:36:00+00:00,2025-10-07 20:04:00+00:00,long,121522.38,122039.06,TP,4.4336,226.1148,1.5
2025-10-07 20:49:00+00:00,2025-10-07 20:59:00+00:00,long,122193.07,121943.61,SL,-2.2611,223.8536,1.5
2025-10-07 21:07:00+00:00,2025-10-07 23:18:00+00:00,long,122030.5,121763.47,SL,-2.2385,221.6151,1.5
2025-10-07 23:42:00+00:00,2025-10-08 00:15:00+00:00,short,121394.18,121655.19,SL,-2.2162,219.399,1.5
2025-10-08 00:27:00+00:00,2025-10-08 00:42:00+00:00,short,121663.85,121926.53,SL,-2.194,217.205,1.5
2025-10-08 01:19:00+00:00,2025-10-08 01:40:00+00:00,long,122035.99,121785.84,SL,-2.1721,215.0329,1.5
2025-10-08 01:48:00+00:00,2025-10-08 03:21:00+00:00,long,121868.65,121551.59,SL,-2.1503,212.8826,1.5
2025-10-08 04:08:00+00:00,2025-10-08 04:18:00+00:00,short,121278.26,121529.31,SL,-2.1288,210.7538,1.5
2025-10-08 04:26:00+00:00,2025-10-08 04:33:00+00:00,short,121362.01,121625.66,SL,-2.1075,208.6462,1.5
2025-10-08 04:42:00+00:00,2025-10-08 04:58:00+00:00,short,121628.11,121910.24,SL,-2.0865,206.5598,1.5
2025-10-08 05:45:00+00:00,2025-10-08 06:25:00+00:00,short,121222.75,121478.07,SL,-2.0656,204.4942,1.5
2025-10-08 06:34:00+00:00,2025-10-08 06:46:00+00:00,short,121409.28,121678.18,SL,-2.0449,202.4492,1.5
2025-10-08 06:55:00+00:00,2025-10-08 07:25:00+00:00,long,121797.44,121522.84,SL,-2.0245,200.4247,1.5
2025-10-08 07:46:00+00:00,2025-10-08 07:59:00+00:00,short,121348.69,121597.06,SL,-2.0042,198.4205,1.5
2025-10-08 08:18:00+00:00,2025-10-08 08:32:00+00:00,long,121708.01,122222.0,TP,3.9684,202.3889,1.0
2025-10-08 09:23:00+00:00,2025-10-08 11:10:00+00:00,long,122616.51,123113.87,TP,4.0478,206.4367,1.5
2025-10-08 11:31:00+00:00,2025-10-08 12:05:00+00:00,long,123031.18,122739.67,SL,-2.0644,204.3723,1.5
2025-10-08 12:11:00+00:00,2025-10-08 12:30:00+00:00,long,122945.29,122667.95,SL,-2.0437,202.3286,1.5
2025-10-08 12:54:00+00:00,2025-10-08 13:41:00+00:00,short,122569.35,122046.92,TP,4.0466,206.3751,1.5
2025-10-08 14:54:00+00:00,2025-10-08 16:14:00+00:00,short,122360.18,122726.51,SL,-2.0638,204.3114,1.5
2025-10-08 16:46:00+00:00,2025-10-08 17:09:00+00:00,long,122725.8,123321.99,TP,4.0862,208.3976,1.5
2025-10-08 17:50:00+00:00,2025-10-08 18:21:00+00:00,long,123924.0,123634.37,SL,-2.084,206.3136,1.5
2025-10-08 18:37:00+00:00,2025-10-08 19:00:00+00:00,long,123702.85,123385.44,SL,-2.0631,204.2505,1.5
2025-10-08 20:10:00+00:00,2025-10-08 20:50:00+00:00,long,123472.02,123212.01,SL,-2.0425,202.208,1.5
2025-10-08 21:37:00+00:00,2025-10-08 23:34:00+00:00,short,123265.28,123525.93,SL,-2.0221,200.1859,1.5
2025-10-09 00:29:00+00:00,2025-10-09 01:28:00+00:00,short,123062.25,122559.64,TP,4.0037,204.1896,1.5
2025-10-09 01:30:00+00:00,2025-10-09 02:19:00+00:00,short,122500.0,122009.39,TP,4.0838,208.2734,1.5
2025-10-09 02:37:00+00:00,2025-10-09 04:22:00+00:00,short,121922.91,122209.22,SL,-2.0827,206.1907,1.5
2025-10-09 04:32:00+00:00,2025-10-09 08:15:00+00:00,short,122187.63,121606.66,TP,4.1238,210.3145,1.5
2025-10-09 08:44:00+00:00,2025-10-09 09:06:00+00:00,short,121330.12,121655.99,SL,-2.1031,208.2114,1.5
2025-10-09 09:18:00+00:00,2025-10-09 09:52:00+00:00,short,121561.8,121807.57,SL,-2.0821,206.1293,1.5
2025-10-09 10:03:00+00:00,2025-10-09 11:19:00+00:00,long,121884.44,122515.44,TP,4.1226,210.2518,1.5
2025-10-09 11:33:00+00:00,2025-10-09 12:38:00+00:00,long,122784.76,123418.76,TP,4.205,214.4569,1.5
2025-10-09 13:20:00+00:00,2025-10-09 13:33:00+00:00,long,123404.01,123137.48,SL,-2.1446,212.3123,1.5
2025-10-09 13:53:00+00:00,2025-10-09 14:00:00+00:00,short,122746.34,122182.02,TP,4.2462,216.5586,1.5
2025-10-09 14:22:00+00:00,2025-10-09 14:44:00+00:00,short,121830.45,121270.44,TP,4.3312,220.8897,1.5
2025-10-09 14:45:00+00:00,2025-10-09 15:00:00+00:00,short,121204.76,121552.3,SL,-2.2089,218.6808,1.5
2025-10-09 15:11:00+00:00,2025-10-09 15:43:00+00:00,short,121336.22,120800.0,TP,4.3736,223.0544,1.5
2025-10-09 16:09:00+00:00,2025-10-09 16:41:00+00:00,short,121221.95,120736.97,TP,4.4611,227.5155,1.5
2025-10-09 18:04:00+00:00,2025-10-09 19:27:00+00:00,short,120825.93,121098.25,SL,-2.2752,225.2404,1.5
2025-10-09 19:50:00+00:00,2025-10-09 21:14:00+00:00,long,120883.9,121370.75,TP,4.5048,229.7452,1.5
2025-10-09 21:38:00+00:00,2025-10-10 02:32:00+00:00,long,121457.87,121200.01,SL,-2.2975,227.4477,1.5
2025-10-10 02:33:00+00:00,2025-10-10 03:29:00+00:00,short,121162.5,121438.91,SL,-2.2745,225.1733,1.5
2025-10-10 04:25:00+00:00,2025-10-10 05:46:00+00:00,short,121250.0,121544.05,SL,-2.2517,222.9215,1.5
2025-10-10 06:02:00+00:00,2025-10-10 06:51:00+00:00,long,121660.0,121305.36,SL,-2.2292,220.6923,1.5
2025-10-10 07:33:00+00:00,2025-10-10 08:51:00+00:00,short,121200.0,121479.06,SL,-2.2069,218.4854,1.5
2025-10-10 09:24:00+00:00,2025-10-10 09:50:00+00:00,long,121631.21,121323.51,SL,-2.1849,216.3005,1.5
2025-10-10 10:26:00+00:00,2025-10-10 11:03:00+00:00,short,121345.56,121596.07,SL,-2.163,214.1375,1.5
2025-10-10 11:32:00+00:00,2025-10-10 13:26:00+00:00,long,121562.25,122050.9,TP,4.2828,218.4203,1.5
2025-10-10 13:36:00+00:00,2025-10-10 13:49:00+00:00,long,122037.97,121775.36,SL,-2.1842,216.2361,1.5
2025-10-10 14:02:00+00:00,2025-10-10 14:16:00+00:00,long,121812.93,121500.01,SL,-2.1624,214.0737,1.5
2025-10-10 14:56:00+00:00,2025-10-10 14:58:00+00:00,short,121237.4,120600.47,TP,4.2815,218.3552,1.5
2025-10-10 15:19:00+00:00,2025-10-10 15:23:00+00:00,short,119938.15,119429.42,TP,4.3671,222.7223,1.5
2025-10-10 15:57:00+00:00,2025-10-10 16:08:00+00:00,short,118904.36,119197.42,SL,-2.2272,220.4951,1.5
2025-10-10 16:16:00+00:00,2025-10-10 16:23:00+00:00,short,118716.73,119107.54,SL,-2.205,218.2901,1.5
2025-10-10 16:41:00+00:00,2025-10-10 16:50:00+00:00,short,119019.4,118511.19,TP,4.3658,222.6559,1.5
2025-10-10 17:38:00+00:00,2025-10-10 18:48:00+00:00,short,117896.29,117317.18,TP,4.4531,227.109,1.5
2025-10-10 19:08:00+00:00,2025-10-10 19:19:00+00:00,short,117061.22,116581.77,TP,4.5422,231.6512,1.5
2025-10-10 19:29:00+00:00,2025-10-10 19:30:00+00:00,short,116040.38,116388.88,SL,-2.3165,229.3347,1.5
2025-10-10 19:33:00+00:00,2025-10-10 19:36:00+00:00,short,116047.49,116342.81,SL,-2.2933,227.0414,1.5
2025-10-10 19:57:00+00:00,2025-10-10 20:50:00+00:00,short,116933.76,116435.39,TP,4.5408,231.5822,1.5
2025-10-10 21:11:00+00:00,2025-10-10 21:12:00+00:00,short,113662.76,113016.44,TP,4.6316,236.2138,1.5
2025-10-10 22:01:00+00:00,2025-10-10 22:05:00+00:00,short,113113.28,111644.19,TP,4.7243,240.9381,1.5
2025-10-10 22:17:00+00:00,2025-10-10 22:22:00+00:00,short,113283.09,112697.97,TP,4.8188,245.7569,1.5
2025-10-10 22:56:00+00:00,2025-10-10 23:06:00+00:00,short,113569.0,113019.57,TP,4.9151,250.672,1.5
2025-10-11 00:15:00+00:00,2025-10-11 00:29:00+00:00,short,112198.73,112451.53,SL,-2.5067,248.1653,1.5
2025-10-11 00:55:00+00:00,2025-10-11 01:03:00+00:00,short,112720.36,112250.0,TP,4.9633,253.1286,1.5
2025-10-11 01:43:00+00:00,2025-10-11 02:03:00+00:00,short,111341.29,111620.9,SL,-2.5313,250.5973,1.5
2025-10-11 02:29:00+00:00,2025-10-11 02:38:00+00:00,short,112180.24,112443.52,SL,-2.506,248.0913,1.5
2025-10-11 02:41:00+00:00,2025-10-11 02:48:00+00:00,long,112732.67,113224.26,TP,4.9618,253.0532,1.5
2025-10-11 06:04:00+00:00,2025-10-11 06:14:00+00:00,short,112134.02,112366.16,SL,-2.5305,250.5226,1.5
2025-10-11 06:15:00+00:00,2025-10-11 06:43:00+00:00,long,112342.0,112113.05,SL,-2.5052,248.0174,1.5
2025-10-11 07:00:00+00:00,2025-10-11 07:09:00+00:00,short,111764.0,111276.28,TP,4.9603,252.9778,1.5
2025-10-11 07:19:00+00:00,2025-10-11 07:23:00+00:00,short,111051.22,111291.29,SL,-2.5298,250.448,1.5
2025-10-11 07:29:00+00:00,2025-10-11 07:34:00+00:00,short,110754.18,110980.0,SL,-2.5045,247.9435,1.5
2025-10-11 07:36:00+00:00,2025-10-11 07:57:00+00:00,short,110662.0,110189.05,TP,4.9589,252.9024,1.5
2025-10-11 08:32:00+00:00,2025-10-11 08:40:00+00:00,short,110817.92,111097.77,SL,-2.529,250.3733,1.5
2025-10-11 09:09:00+00:00,2025-10-11 10:26:00+00:00,long,111599.15,112115.45,TP,5.0075,255.3808,1.5
2025-10-11 10:52:00+00:00,2025-10-11 11:04:00+00:00,long,112148.0,111914.91,SL,-2.5538,252.827,1.5
2025-10-11 11:23:00+00:00,2025-10-11 12:23:00+00:00,long,111938.31,112392.42,TP,5.0565,257.8835,1.5
2025-10-11 12:55:00+00:00,2025-10-11 13:32:00+00:00,long,112286.86,111943.71,SL,-2.5788,255.3047,1.5
2025-10-11 13:42:00+00:00,2025-10-11 14:54:00+00:00,long,112140.02,111890.3,SL,-2.553,252.7517,1.5
2025-10-11 15:52:00+00:00,2025-10-11 16:37:00+00:00,short,111933.03,111474.32,TP,5.055,257.8067,1.5
2025-10-11 17:57:00+00:00,2025-10-11 19:11:00+00:00,long,111994.63,111641.97,SL,-2.5781,255.2286,1.5
2025-10-11 19:55:00+00:00,2025-10-11 19:57:00+00:00,short,110943.72,111167.73,SL,-2.5523,252.6763,1.5
2025-10-11 20:04:00+00:00,2025-10-11 20:33:00+00:00,short,110900.01,110388.38,TP,5.0535,257.7299,1.5
2025-10-11 20:54:00+00:00,2025-10-11 20:56:00+00:00,short,110187.7,109683.57,TP,5.1546,262.8845,1.5
2025-10-11 21:04:00+00:00,2025-10-11 21:16:00+00:00,short,109937.98,110442.55,SL,-2.6288,260.2556,1.5
2025-10-11 21:33:00+00:00,2025-10-11 21:36:00+00:00,short,110607.27,110908.43,SL,-2.6026,257.6531,1.5
2025-10-11 21:38:00+00:00,2025-10-11 21:43:00+00:00,long,110921.84,110699.6,SL,-2.5765,255.0765,1.5
2025-10-11 21:48:00+00:00,2025-10-11 22:19:00+00:00,long,110984.82,110733.0,SL,-2.5508,252.5258,1.5
2025-10-11 22:46:00+00:00,2025-10-11 23:03:00+00:00,long,111194.45,110950.34,SL,-2.5253,250.0005,1.5
2025-10-11 23:19:00+00:00,2025-10-11 23:47:00+00:00,long,110973.72,110712.38,SL,-2.5,247.5005,1.5
2025-10-11 23:54:00+00:00,2025-10-12 00:11:00+00:00,short,110751.89,110301.01,TP,4.95,252.4505,1.5
2025-10-12 00:21:00+00:00,2025-10-12 00:44:00+00:00,short,110184.51,109742.33,TP,5.049,257.4995,1.5
2025-10-12 00:56:00+00:00,2025-10-12 01:03:00+00:00,short,109595.9,109849.76,SL,-2.575,254.9245,1.5
2025-10-12 01:19:00+00:00,2025-10-12 01:25:00+00:00,short,109796.86,110090.31,SL,-2.5492,252.3753,1.5
2025-10-12 01:28:00+00:00,2025-10-12 01:35:00+00:00,short,109820.32,110077.52,SL,-2.5238,249.8515,1.5
2025-10-12 01:41:00+00:00,2025-10-12 01:45:00+00:00,short,109907.8,110171.87,SL,-2.4985,247.353,1.5
2025-10-12 01:55:00+00:00,2025-10-12 02:25:00+00:00,short,110111.19,110376.49,SL,-2.4735,244.8795,1.5
2025-10-12 03:21:00+00:00,2025-10-12 03:53:00+00:00,long,110902.46,110679.11,SL,-2.4488,242.4307,1.5
2025-10-12 04:03:00+00:00,2025-10-12 04:31:00+00:00,long,110782.61,111246.0,TP,4.8486,247.2793,1.5
2025-10-12 04:32:00+00:00,2025-10-12 04:46:00+00:00,long,111286.47,111790.36,TP,4.9456,252.2249,1.5
2025-10-12 05:15:00+00:00,2025-10-12 06:26:00+00:00,long,111425.87,111967.29,TP,5.0445,257.2694,1.5
2025-10-12 06:47:00+00:00,2025-10-12 07:11:00+00:00,long,111859.23,111609.99,SL,-2.5727,254.6967,1.5
2025-10-12 07:20:00+00:00,2025-10-12 08:50:00+00:00,long,111700.01,111377.73,SL,-2.547,252.1497,1.5
2025-10-12 09:54:00+00:00,2025-10-12 10:38:00+00:00,long,111713.63,111475.9,SL,-2.5215,249.6282,1.5
2025-10-12 11:07:00+00:00,2025-10-12 13:31:00+00:00,long,111798.98,111565.04,SL,-2.4963,247.1319,1.5
2025-10-12 13:46:00+00:00,2025-10-12 14:47:00+00:00,short,111541.7,111990.98,SL,-2.4713,244.6606,1.5
2025-10-12 15:05:00+00:00,2025-10-12 15:08:00+00:00,long,113293.03,112828.61,SL,-2.4466,242.214,1.5
2025-10-12 15:18:00+00:00,2025-10-12 15:27:00+00:00,long,113397.15,113067.65,SL,-2.4221,239.7919,1.5
2025-10-12 15:45:00+00:00,2025-10-12 16:01:00+00:00,long,112918.9,113446.88,TP,4.7958,244.5877,1.5
2025-10-12 16:44:00+00:00,2025-10-12 16:47:00+00:00,long,114243.06,113959.1,SL,-2.4459,242.1418,1.5
2025-10-12 17:08:00+00:00,2025-10-12 17:50:00+00:00,long,114269.65,113801.95,SL,-2.4214,239.7204,1.5
2025-10-12 18:02:00+00:00,2025-10-12 18:44:00+00:00,long,113855.99,113621.81,SL,-2.3972,237.3232,1.5
2025-10-12 19:54:00+00:00,2025-10-12 20:20:00+00:00,long,114299.0,114858.24,TP,4.7465,242.0697,1.5
2025-10-12 21:12:00+00:00,2025-10-12 21:27:00+00:00,long,114995.15,114708.05,SL,-2.4207,239.649,1.5
2025-10-12 21:42:00+00:00,2025-10-12 22:00:00+00:00,long,114594.57,115481.15,TP,4.793,244.442,1.5
2025-10-12 22:16:00+00:00,2025-10-12 22:25:00+00:00,long,115519.01,115262.58,SL,-2.4444,241.9975,1.5
2025-10-12 22:40:00+00:00,2025-10-12 23:01:00+00:00,long,115377.05,115009.31,SL,-2.42,239.5776,1.5
2025-10-12 23:19:00+00:00,2025-10-12 23:22:00+00:00,short,114733.66,115004.23,SL,-2.3958,237.1818,1.5
2025-10-12 23:49:00+00:00,2025-10-13 00:01:00+00:00,long,115056.02,114815.17,SL,-2.3718,234.81,1.5
2025-10-13 00:04:00+00:00,2025-10-13 00:19:00+00:00,long,115086.98,115661.62,TP,4.6962,239.5062,1.5
2025-10-13 00:46:00+00:00,2025-10-13 01:26:00+00:00,long,115150.61,115620.7,TP,4.7901,244.2963,1.5
2025-10-13 01:58:00+00:00,2025-10-13 02:02:00+00:00,long,115731.51,115376.26,SL,-2.443,241.8533,1.5
2025-10-13 03:03:00+00:00,2025-10-13 03:19:00+00:00,long,115475.34,115211.38,SL,-2.4185,239.4348,1.5
2025-10-13 03:47:00+00:00,2025-10-13 04:04:00+00:00,short,114767.63,114997.53,SL,-2.3943,237.0405,1.5
2025-10-13 04:12:00+00:00,2025-10-13 04:32:00+00:00,short,114727.67,114978.0,SL,-2.3704,234.6701,1.5
2025-10-13 04:43:00+00:00,2025-10-13 06:16:00+00:00,short,114620.43,114866.43,SL,-2.3467,232.3234,1.5
2025-10-13 06:29:00+00:00,2025-10-13 09:13:00+00:00,long,115099.99,114820.5,SL,-2.3232,230.0001,1.5
2025-10-13 09:58:00+00:00,2025-10-13 11:01:00+00:00,short,115126.52,114501.85,TP,4.6,234.6001,1.5
2025-10-13 11:23:00+00:00,2025-10-13 11:29:00+00:00,short,114224.66,113643.33,TP,4.692,239.2921,1.5
2025-10-13 12:01:00+00:00,2025-10-13 12:10:00+00:00,short,114027.31,114359.32,SL,-2.3929,236.8992,1.5
2025-10-13 12:19:00+00:00,2025-10-13 12:32:00+00:00,short,114245.07,114532.58,SL,-2.369,234.5302,1.5
2025-10-13 12:40:00+00:00,2025-10-13 13:30:00+00:00,short,114453.4,114861.36,SL,-2.3453,232.1849,1.5
2025-10-13 13:53:00+00:00,2025-10-13 14:20:00+00:00,long,115053.54,114788.13,SL,-2.3218,229.8631,1.5
2025-10-13 14:48:00+00:00,2025-10-13 15:12:00+00:00,short,114224.66,114552.15,SL,-2.2986,227.5644,1.5
2025-10-13 15:21:00+00:00,2025-10-13 15:50:00+00:00,short,114316.0,114615.29,SL,-2.2756,225.2888,1.5
2025-10-13 15:55:00+00:00,2025-10-13 16:04:00+00:00,short,114332.43,114602.67,SL,-2.2529,223.0359,1.5
2025-10-13 17:10:00+00:00,2025-10-13 17:59:00+00:00,short,114545.01,115040.55,SL,-2.2304,220.8055,1.5
2025-10-13 18:21:00+00:00,2025-10-13 19:18:00+00:00,long,114988.99,115482.58,TP,4.4161,225.2216,1.5
2025-10-13 19:47:00+00:00,2025-10-13 20:27:00+00:00,long,115740.0,115490.04,SL,-2.2522,222.9694,1.5
2025-10-13 20:37:00+00:00,2025-10-13 23:41:00+00:00,long,115517.99,115203.98,SL,-2.2297,220.7397,1.5
2025-10-14 00:25:00+00:00,2025-10-14 01:05:00+00:00,short,115152.44,114627.45,TP,4.4148,225.1545,1.5
2025-10-14 01:15:00+00:00,2025-10-14 01:56:00+00:00,short,114615.0,114142.14,TP,4.5031,229.6576,1.5
2025-10-14 02:19:00+00:00,2025-10-14 03:00:00+00:00,short,113960.97,113500.01,TP,4.5932,234.2508,1.5
2025-10-14 03:56:00+00:00,2025-10-14 04:47:00+00:00,short,113552.07,112991.32,TP,4.685,238.9358,1.5
2025-10-14 05:21:00+00:00,2025-10-14 05:32:00+00:00,short,113455.29,112957.42,TP,4.7787,243.7145,1.5
2025-10-14 06:15:00+00:00,2025-10-14 06:44:00+00:00,short,112426.91,111837.38,TP,4.8743,248.5888,1.5
2025-10-14 07:06:00+00:00,2025-10-14 07:14:00+00:00,short,111682.48,111948.01,SL,-2.4859,246.1029,1.5
2025-10-14 07:24:00+00:00,2025-10-14 07:26:00+00:00,short,111864.25,112110.0,SL,-2.461,243.6419,1.5
2025-10-14 07:32:00+00:00,2025-10-14 09:46:00+00:00,short,111903.05,111442.05,TP,4.8728,248.5147,1.5
2025-10-14 10:13:00+00:00,2025-10-14 10:29:00+00:00,short,110898.67,110378.14,TP,4.9703,253.485,1.5
2025-10-14 12:17:00+00:00,2025-10-14 13:11:00+00:00,short,111082.3,110626.94,TP,5.0697,258.5547,1.5
2025-10-14 13:36:00+00:00,2025-10-14 13:44:00+00:00,short,110216.64,110680.0,SL,-2.5855,255.9692,1.5
2025-10-14 14:02:00+00:00,2025-10-14 14:14:00+00:00,long,111065.21,111670.14,TP,5.1194,261.0885,1.5
2025-10-14 14:42:00+00:00,2025-10-14 14:52:00+00:00,long,111880.0,111539.67,SL,-2.6109,258.4777,1.5
2025-10-14 15:04:00+00:00,2025-10-14 15:08:00+00:00,long,111667.87,111421.34,SL,-2.5848,255.8929,1.5
2025-10-14 16:20:00+00:00,2025-10-14 16:22:00+00:00,long,113027.51,112762.56,SL,-2.5589,253.334,1.5
2025-10-14 16:43:00+00:00,2025-10-14 16:56:00+00:00,long,112686.0,112427.44,SL,-2.5333,250.8006,1.5
2025-10-14 17:06:00+00:00,2025-10-14 18:06:00+00:00,long,112553.19,113087.72,TP,5.016,255.8166,1.5
2025-10-14 18:23:00+00:00,2025-10-14 18:26:00+00:00,long,113422.3,113153.01,SL,-2.5582,253.2585,1.5
2025-10-14 18:49:00+00:00,2025-10-14 18:52:00+00:00,long,113084.85,112822.91,SL,-2.5326,250.7259,1.5
2025-10-14 19:00:00+00:00,2025-10-14 19:22:00+00:00,long,112941.05,113412.67,TP,5.0145,255.7404,1.5
2025-10-14 20:10:00+00:00,2025-10-14 20:16:00+00:00,short,112362.6,112605.3,SL,-2.5574,253.183,1.5
2025-10-14 20:44:00+00:00,2025-10-14 22:01:00+00:00,long,112874.97,113343.81,TP,5.0637,258.2467,1.5
2025-10-14 22:51:00+00:00,2025-10-14 23:09:00+00:00,long,113030.66,113491.36,TP,5.1649,263.4116,1.5
2025-10-15 00:10:00+00:00,2025-10-15 01:33:00+00:00,short,112828.57,112338.54,TP,5.2682,268.6798,1.5
2025-10-15 02:10:00+00:00,2025-10-15 02:16:00+00:00,short,112775.17,113004.52,SL,-2.6868,265.993,1.5
2025-10-15 03:22:00+00:00,2025-10-15 03:23:00+00:00,short,112016.2,112244.92,SL,-2.6599,263.3331,1.5
2025-10-15 03:41:00+00:00,2025-10-15 04:20:00+00:00,short,111960.79,112246.05,SL,-2.6333,260.6998,1.5
2025-10-15 04:33:00+00:00,2025-10-15 04:48:00+00:00,short,112095.65,112338.23,SL,-2.607,258.0928,1.5
2025-10-15 04:57:00+00:00,2025-10-15 05:40:00+00:00,short,112356.34,112630.76,SL,-2.5809,255.5118,1.5
2025-10-15 07:00:00+00:00,2025-10-15 08:15:00+00:00,long,112496.57,112994.43,TP,5.1102,260.6221,1.5
2025-10-15 08:30:00+00:00,2025-10-15 08:48:00+00:00,long,113305.75,112986.08,SL,-2.6062,258.0158,1.5
2025-10-15 09:06:00+00:00,2025-10-15 09:17:00+00:00,long,113055.41,112656.18,SL,-2.5802,255.4357,1.5
2025-10-15 09:52:00+00:00,2025-10-15 11:17:00+00:00,short,112484.2,111866.82,TP,5.1087,260.5444,1.5
2025-10-15 11:52:00+00:00,2025-10-15 12:29:00+00:00,short,111932.66,111469.76,TP,5.2109,265.7553,1.5
2025-10-15 13:02:00+00:00,2025-10-15 13:35:00+00:00,short,111547.66,111889.37,SL,-2.6576,263.0977,1.5
2025-10-15 13:40:00+00:00,2025-10-15 13:48:00+00:00,short,111360.91,110794.02,TP,5.262,268.3597,1.5
2025-10-15 15:14:00+00:00,2025-10-15 15:25:00+00:00,short,110838.61,111226.0,SL,-2.6836,265.6761,1.5
2025-10-15 15:35:00+00:00,2025-10-15 15:50:00+00:00,short,110949.74,110453.4,TP,5.3135,270.9896,1.5
2025-10-15 16:16:00+00:00,2025-10-15 16:28:00+00:00,short,110799.84,111051.81,SL,-2.7099,268.2797,1.5
2025-10-15 16:33:00+00:00,2025-10-15 17:10:00+00:00,short,110833.43,110356.0,TP,5.3656,273.6453,1.5
2025-10-15 17:32:00+00:00,2025-10-15 17:35:00+00:00,short,110244.75,110574.12,SL,-2.7365,270.9089,1.5
2025-10-15 18:22:00+00:00,2025-10-15 20:30:00+00:00,long,111275.37,110795.71,SL,-2.7091,268.1998,1.5
2025-10-15 20:57:00+00:00,2025-10-15 21:10:00+00:00,short,111188.48,110640.0,TP,5.364,273.5638,1.5
2025-10-15 21:44:00+00:00,2025-10-15 22:20:00+00:00,short,111109.66,111344.17,SL,-2.7356,270.8281,1.5
2025-10-15 23:37:00+00:00,2025-10-16 00:44:00+00:00,short,110838.88,110368.05,TP,5.4166,276.2447,1.5
2025-10-16 01:32:00+00:00,2025-10-16 02:09:00+00:00,long,110988.97,111450.24,TP,5.5249,281.7696,1.5
2025-10-16 02:47:00+00:00,2025-10-16 04:43:00+00:00,long,111417.34,110958.84,SL,-2.8177,278.9519,1.5
2025-10-16 06:14:00+00:00,2025-10-16 06:27:00+00:00,short,110938.47,111161.78,SL,-2.7895,276.1624,1.5
2025-10-16 06:51:00+00:00,2025-10-16 07:13:00+00:00,long,111588.0,111350.77,SL,-2.7616,273.4007,1.5
2025-10-16 07:55:00+00:00,2025-10-16 08:54:00+00:00,short,110608.63,110834.91,SL,-2.734,270.6667,1.5
2025-10-16 09:00:00+00:00,2025-10-16 09:34:00+00:00,short,110792.22,109747.87,TP,5.4133,276.0801,1.5
2025-10-16 09:44:00+00:00,2025-10-16 12:02:00+00:00,long,111230.0,111914.83,TP,5.5216,281.6017,1.5
2025-10-16 12:35:00+00:00,2025-10-16 13:09:00+00:00,long,111477.82,111241.4,SL,-2.816,278.7857,1.5
2025-10-16 13:18:00+00:00,2025-10-16 13:34:00+00:00,short,111123.32,111364.0,SL,-2.7879,275.9978,1.5
2025-10-16 13:47:00+00:00,2025-10-16 14:03:00+00:00,short,111162.43,110621.74,TP,5.52,281.5178,1.5
2025-10-16 14:50:00+00:00,2025-10-16 15:05:00+00:00,short,110761.83,110294.71,TP,5.6304,287.1481,1.5
2025-10-16 15:21:00+00:00,2025-10-16 15:35:00+00:00,short,110346.0,109869.09,TP,5.743,292.8911,1.5
2025-10-16 16:19:00+00:00,2025-10-16 16:34:00+00:00,short,108073.18,107580.01,TP,5.8578,298.7489,1.5
2025-10-16 17:03:00+00:00,2025-10-16 17:16:00+00:00,short,108635.45,108861.52,SL,-2.9875,295.7614,1.5
2025-10-16 17:23:00+00:00,2025-10-16 17:27:00+00:00,short,108586.49,108817.83,SL,-2.9576,292.8038,1.5
2025-10-16 17:34:00+00:00,2025-10-16 18:00:00+00:00,short,108700.2,108155.7,TP,5.8561,298.6599,1.5
2025-10-16 18:51:00+00:00,2025-10-16 18:55:00+00:00,short,108314.0,108554.69,SL,-2.9866,295.6733,1.5
2025-10-16 19:02:00+00:00,2025-10-16 19:19:00+00:00,short,108328.6,107880.29,TP,5.9135,301.5867,1.5
2025-10-16 19:31:00+00:00,2025-10-16 19:36:00+00:00,short,107762.64,108008.64,SL,-3.0159,298.5709,1.5
2025-10-16 20:03:00+00:00,2025-10-16 20:33:00+00:00,short,108197.87,107702.0,TP,5.9714,304.5423,1.5
2025-10-16 20:41:00+00:00,2025-10-16 20:46:00+00:00,short,107660.3,107907.8,SL,-3.0454,301.4969,1.5
2025-10-16 20:56:00+00:00,2025-10-16 20:59:00+00:00,short,107608.41,107838.01,SL,-3.015,298.4819,1.5
2025-10-16 21:09:00+00:00,2025-10-16 21:12:00+00:00,short,107678.51,107903.0,SL,-2.9848,295.4971,1.5
2025-10-16 21:23:00+00:00,2025-10-16 21:33:00+00:00,short,107997.37,108302.34,SL,-2.955,292.5421,1.5
2025-10-16 21:48:00+00:00,2025-10-16 22:14:00+00:00,long,108400.02,108095.01,SL,-2.9254,289.6167,1.5
2025-10-16 22:29:00+00:00,2025-10-16 23:20:00+00:00,short,107970.39,108263.93,SL,-2.8962,286.7205,1.5
2025-10-16 23:51:00+00:00,2025-10-17 00:35:00+00:00,long,108120.0,108612.88,TP,5.7344,292.4549,1.5
2025-10-17 00:57:00+00:00,2025-10-17 01:54:00+00:00,long,108784.71,108511.34,SL,-2.9245,289.5304,1.5
2025-10-17 01:58:00+00:00,2025-10-17 02:13:00+00:00,long,108799.25,108544.44,SL,-2.8953,286.6351,1.5
2025-10-17 02:22:00+00:00,2025-10-17 02:56:00+00:00,long,108560.26,109013.94,TP,5.7327,292.3678,1.5
2025-10-17 03:48:00+00:00,2025-10-17 04:54:00+00:00,long,109068.06,108803.43,SL,-2.9237,289.4441,1.5
2025-10-17 05:05:00+00:00,2025-10-17 05:39:00+00:00,long,108893.94,108650.0,SL,-2.8944,286.5497,1.5
2025-10-17 06:12:00+00:00,2025-10-17 06:27:00+00:00,short,108308.01,107832.74,TP,5.731,292.2807,1.5
2025-10-17 07:08:00+00:00,2025-10-17 07:32:00+00:00,short,106371.16,105861.24,TP,5.8456,298.1263,1.5
2025-10-17 07:38:00+00:00,2025-10-17 08:03:00+00:00,short,105858.3,105191.01,TP,5.9625,304.0888,1.5
2025-10-17 08:14:00+00:00,2025-10-17 08:16:00+00:00,short,105146.19,104568.97,TP,6.0818,310.1706,1.5
2025-10-17 08:42:00+00:00,2025-10-17 09:11:00+00:00,short,105008.1,105256.31,SL,-3.1017,307.0689,1.5
2025-10-17 09:21:00+00:00,2025-10-17 09:33:00+00:00,short,105107.0,105330.0,SL,-3.0707,303.9982,1.5
2025-10-17 09:42:00+00:00,2025-10-17 09:58:00+00:00,short,105208.99,104685.11,TP,6.08,310.0781,1.5
2025-10-17 10:13:00+00:00,2025-10-17 10:21:00+00:00,short,104434.54,103967.99,TP,6.2016,316.2797,1.5
2025-10-17 11:06:00+00:00,2025-10-17 11:10:00+00:00,short,104770.36,104984.0,SL,-3.1628,313.1169,1.5
2025-10-17 12:02:00+00:00,2025-10-17 12:27:00+00:00,long,105828.57,105557.65,SL,-3.1312,309.9857,1.5
2025-10-17 12:37:00+00:00,2025-10-17 12:48:00+00:00,long,105716.78,105500.01,SL,-3.0999,306.8859,1.5
2025-10-17 13:06:00+00:00,2025-10-17 13:20:00+00:00,short,105200.01,105420.54,SL,-3.0689,303.817,1.5
2025-10-17 13:52:00+00:00,2025-10-17 14:07:00+00:00,long,105718.12,105482.31,SL,-3.0382,300.7788,1.5
2025-10-17 14:56:00+00:00,2025-10-17 15:03:00+00:00,short,105155.54,105373.57,SL,-3.0078,297.7711,1.5
2025-10-17 15:04:00+00:00,2025-10-17 15:17:00+00:00,long,105537.93,105984.9,TP,5.9554,303.7265,1.5
2025-10-17 15:26:00+00:00,2025-10-17 15:33:00+00:00,long,106137.92,105925.01,SL,-3.0373,300.6892,1.5
2025-10-17 15:42:00+00:00,2025-10-17 15:53:00+00:00,long,106116.22,106555.53,TP,6.0138,306.703,1.5
2025-10-17 16:46:00+00:00,2025-10-17 16:52:00+00:00,long,106648.0,106427.86,SL,-3.067,303.636,1.5
2025-10-17 17:03:00+00:00,2025-10-17 17:21:00+00:00,long,106412.0,106197.3,SL,-3.0364,300.5996,1.5
2025-10-17 17:33:00+00:00,2025-10-17 17:47:00+00:00,long,106385.31,106100.0,SL,-3.006,297.5936,1.5
2025-10-17 17:50:00+00:00,2025-10-17 18:26:00+00:00,long,106488.0,106957.53,TP,5.9519,303.5455,1.5
2025-10-17 19:00:00+00:00,2025-10-17 19:33:00+00:00,long,106656.01,106397.33,SL,-3.0355,300.51,1.5
2025-10-17 20:01:00+00:00,2025-10-17 20:15:00+00:00,short,106436.46,106668.49,SL,-3.0051,297.5049,1.5
2025-10-17 21:05:00+00:00,2025-10-17 22:24:00+00:00,long,107225.29,107000.68,SL,-2.975,294.5299,1.5
2025-10-17 22:29:00+00:00,2025-10-17 22:36:00+00:00,long,107140.34,106923.48,SL,-2.9453,291.5846,1.5
2025-10-17 23:03:00+00:00,2025-10-17 23:50:00+00:00,short,106911.32,106472.01,TP,5.8317,297.4163,1.5
2025-10-18 00:34:00+00:00,2025-10-18 00:46:00+00:00,short,106625.14,106842.1,SL,-2.9742,294.4421,1.5
2025-10-18 01:03:00+00:00,2025-10-18 02:43:00+00:00,long,106915.94,106680.51,SL,-2.9444,291.4977,1.5
2025-10-18 03:34:00+00:00,2025-10-18 04:00:00+00:00,long,107079.63,106823.9,SL,-2.915,288.5827,1.5
2025-10-18 04:32:00+00:00,2025-10-18 05:47:00+00:00,short,106534.1,106775.67,SL,-2.8858,285.6969,1.5
2025-10-18 06:04:00+00:00,2025-10-18 07:07:00+00:00,long,106862.89,107379.34,TP,5.7139,291.4108,1.5
2025-10-18 07:38:00+00:00,2025-10-18 07:55:00+00:00,long,107124.46,106888.02,SL,-2.9141,288.4967,1.5
2025-10-18 08:07:00+00:00,2025-10-18 08:26:00+00:00,long,106964.02,106700.0,SL,-2.885,285.6118,1.5
2025-10-18 08:46:00+00:00,2025-10-18 09:54:00+00:00,short,106707.26,106937.99,SL,-2.8561,282.7556,1.5
2025-10-18 10:24:00+00:00,2025-10-18 16:31:00+00:00,long,106926.98,106703.89,SL,-2.8276,279.9281,1.5
2025-10-18 17:03:00+00:00,2025-10-18 17:26:00+00:00,short,106605.93,106916.93,SL,-2.7993,277.1288,1.5
2025-10-18 17:55:00+00:00,2025-10-19 03:46:00+00:00,long,106873.84,107302.0,TP,5.5426,282.6714,1.5
2025-10-19 03:48:00+00:00,2025-10-19 04:08:00+00:00,long,107308.87,107066.95,SL,-2.8267,279.8447,1.5
2025-10-19 04:23:00+00:00,2025-10-19 05:52:00+00:00,long,107043.03,106826.65,SL,-2.7984,277.0462,1.5
2025-10-19 06:11:00+00:00,2025-10-19 08:19:00+00:00,short,106803.68,107148.01,SL,-2.7705,274.2757,1.5
2025-10-19 08:24:00+00:00,2025-10-19 09:10:00+00:00,short,106627.0,106190.44,TP,5.4855,279.7613,1.5
2025-10-19 09:25:00+00:00,2025-10-19 09:40:00+00:00,short,106203.82,106731.23,SL,-2.7976,276.9637,1.5
2025-10-19 10:23:00+00:00,2025-10-19 11:00:00+00:00,long,107553.8,108086.44,TP,5.5393,282.5029,1.5
2025-10-19 11:36:00+00:00,2025-10-19 11:47:00+00:00,long,107960.02,107717.48,SL,-2.825,279.6779,1.5
2025-10-19 11:56:00+00:00,2025-10-19 12:16:00+00:00,long,107752.35,107505.77,SL,-2.7968,276.8811,1.5
2025-10-19 12:24:00+00:00,2025-10-19 13:12:00+00:00,long,107608.56,107387.05,SL,-2.7688,274.1123,1.5
2025-10-19 13:19:00+00:00,2025-10-19 13:33:00+00:00,short,107388.37,107629.26,SL,-2.7411,271.3712,1.5
2025-10-19 14:18:00+00:00,2025-10-19 16:42:00+00:00,long,108189.39,108757.09,TP,5.4274,276.7986,1.5
2025-10-19 17:06:00+00:00,2025-10-19 17:15:00+00:00,long,108829.11,109330.49,TP,5.536,282.3346,1.5
2025-10-19 18:01:00+00:00,2025-10-19 19:34:00+00:00,long,109181.69,108926.21,SL,-2.8233,279.5112,1.5
2025-10-19 19:46:00+00:00,2025-10-19 22:11:00+00:00,short,108843.2,109067.44,SL,-2.7951,276.7161,1.5
2025-10-19 22:30:00+00:00,2025-10-19 23:00:00+00:00,long,109348.13,109024.0,SL,-2.7672,273.949,1.5
2025-10-19 23:25:00+00:00,2025-10-20 00:12:00+00:00,short,108713.55,108220.39,TP,5.479,279.4279,1.5
2025-10-20 01:05:00+00:00,2025-10-20 01:10:00+00:00,short,107902.8,108122.74,SL,-2.7943,276.6337,1.5
2025-10-20 01:15:00+00:00,2025-10-20 02:16:00+00:00,short,108000.01,108221.0,SL,-2.7663,273.8673,1.5
2025-10-20 02:35:00+00:00,2025-10-20 03:47:00+00:00,long,108712.65,109166.25,TP,5.4773,279.3447,1.5
2025-10-20 04:32:00+00:00,2025-10-20 05:32:00+00:00,long,110283.49,110730.57,TP,5.5869,284.9316,1.5
2025-10-20 05:49:00+00:00,2025-10-20 06:34:00+00:00,long,110827.56,111311.24,TP,5.6986,290.6302,1.5
2025-10-20 06:56:00+00:00,2025-10-20 07:50:00+00:00,long,111361.73,111137.43,SL,-2.9063,287.7239,1.5
2025-10-20 07:58:00+00:00,2025-10-20 09:16:00+00:00,long,111187.62,110868.19,SL,-2.8772,284.8467,1.5
2025-10-20 09:34:00+00:00,2025-10-20 09:57:00+00:00,short,110711.78,110962.91,SL,-2.8485,281.9982,1.5
2025-10-20 10:08:00+00:00,2025-10-20 12:35:00+00:00,short,110910.13,111172.3,SL,-2.82,279.1782,1.5
2025-10-20 13:05:00+00:00,2025-10-20 13:47:00+00:00,short,110776.37,111012.95,SL,-2.7918,276.3864,1.5
2025-10-20 14:26:00+00:00,2025-10-20 15:07:00+00:00,long,110945.86,111521.82,TP,5.5277,281.9142,1.5
2025-10-20 15:28:00+00:00,2025-10-20 16:00:00+00:00,long,111278.62,110800.0,SL,-2.8191,279.095,1.5
2025-10-20 16:29:00+00:00,2025-10-20 16:43:00+00:00,short,110981.0,110497.98,TP,5.5819,284.6769,1.5
2025-10-20 17:11:00+00:00,2025-10-20 17:36:00+00:00,short,110558.45,110083.73,TP,5.6935,290.3704,1.5
2025-10-20 18:14:00+00:00,2025-10-20 18:29:00+00:00,short,110338.31,110660.21,SL,-2.9037,287.4667,1.5
2025-10-20 18:50:00+00:00,2025-10-20 19:18:00+00:00,long,110878.68,110609.73,SL,-2.8747,284.5921,1.5
2025-10-20 19:28:00+00:00,2025-10-20 21:48:00+00:00,long,110817.14,110467.14,SL,-2.8459,281.7462,1.5
2025-10-20 22:27:00+00:00,2025-10-21 00:14:00+00:00,short,110678.84,110168.01,TP,5.6349,287.3811,1.5
2025-10-21 00:51:00+00:00,2025-10-21 01:55:00+00:00,short,110416.74,109628.05,TP,5.7476,293.1287,1.5
2025-10-21 02:27:00+00:00,2025-10-21 02:40:00+00:00,short,109401.61,109633.1,SL,-2.9313,290.1974,1.5
2025-10-21 02:48:00+00:00,2025-10-21 03:59:00+00:00,short,109505.0,109059.22,TP,5.8039,296.0014,1.5
2025-10-21 04:56:00+00:00,2025-10-21 05:01:00+00:00,short,107712.1,107940.02,SL,-2.96,293.0413,1.5
2025-10-21 05:06:00+00:00,2025-10-21 05:18:00+00:00,short,107600.02,107845.32,SL,-2.9304,290.1109,1.5
2025-10-21 05:24:00+00:00,2025-10-21 05:29:00+00:00,short,107658.36,107887.7,SL,-2.9011,287.2098,1.5
2025-10-21 05:38:00+00:00,2025-10-21 06:20:00+00:00,short,107746.37,108004.99,SL,-2.8721,284.3377,1.5
2025-10-21 06:30:00+00:00,2025-10-21 08:45:00+00:00,short,107990.66,107532.35,TP,5.6868,290.0245,1.5
2025-10-21 09:05:00+00:00,2025-10-21 09:25:00+00:00,short,107617.06,107835.62,SL,-2.9002,287.1242,1.5
2025-10-21 09:33:00+00:00,2025-10-21 10:35:00+00:00,short,107779.17,108100.13,SL,-2.8712,284.253,1.5
2025-10-21 11:18:00+00:00,2025-10-21 12:20:00+00:00,long,108426.69,108964.47,TP,5.6851,289.9381,1.5
2025-10-21 12:42:00+00:00,2025-10-21 12:49:00+00:00,long,109278.04,109013.61,SL,-2.8994,287.0387,1.5
2025-10-21 13:17:00+00:00,2025-10-21 13:48:00+00:00,long,108577.49,108307.61,SL,-2.8704,284.1683,1.5
2025-10-21 14:48:00+00:00,2025-10-21 14:50:00+00:00,long,110456.21,110930.94,TP,5.6834,289.8517,1.5
2025-10-21 15:31:00+00:00,2025-10-21 15:37:00+00:00,long,113214.36,112750.81,SL,-2.8985,286.9531,1.5
2025-10-21 15:47:00+00:00,2025-10-21 15:54:00+00:00,long,113440.62,113119.33,SL,-2.8695,284.0836,1.5
2025-10-21 16:14:00+00:00,2025-10-21 16:52:00+00:00,long,113534.64,113239.45,SL,-2.8408,281.2428,1.5
2025-10-21 17:06:00+00:00,2025-10-21 17:15:00+00:00,long,112900.51,112604.78,SL,-2.8124,278.4303,1.5
2025-10-21 17:26:00+00:00,2025-10-21 17:57:00+00:00,long,112246.67,112006.1,SL,-2.7843,275.646,1.5
2025-10-21 18:04:00+00:00,2025-10-21 18:11:00+00:00,long,112200.91,111936.25,SL,-2.7565,272.8896,1.5
2025-10-21 18:34:00+00:00,2025-10-21 19:06:00+00:00,short,111860.85,112138.0,SL,-2.7289,270.1607,1.5
2025-10-21 19:11:00+00:00,2025-10-21 20:10:00+00:00,short,111989.58,111446.44,TP,5.4032,275.5639,1.5
2025-10-21 20:59:00+00:00,2025-10-21 21:11:00+00:00,short,110787.56,111017.0,SL,-2.7556,272.8083,1.5
2025-10-21 21:17:00+00:00,2025-10-21 21:21:00+00:00,short,110816.52,110215.99,TP,5.4562,278.2644,1.5
2025-10-21 21:54:00+00:00,2025-10-21 22:09:00+00:00,short,110847.2,110290.33,TP,5.5653,283.8297,1.5
2025-10-21 22:21:00+00:00,2025-10-21 22:31:00+00:00,short,110034.25,108335.4,TP,5.6766,289.5063,1.5
2025-10-21 23:16:00+00:00,2025-10-21 23:17:00+00:00,short,109068.86,109307.67,SL,-2.8951,286.6112,1.5
2025-10-21 23:27:00+00:00,2025-10-21 23:34:00+00:00,short,109158.24,108572.57,TP,5.7322,292.3435,1.5
2025-10-22 00:19:00+00:00,2025-10-22 02:09:00+00:00,short,108303.0,108529.98,SL,-2.9234,289.42,1.5
2025-10-22 02:18:00+00:00,2025-10-22 03:14:00+00:00,short,108528.36,108017.5,TP,5.7884,295.2084,1.5
2025-10-22 03:39:00+00:00,2025-10-22 03:59:00+00:00,short,107990.7,108216.02,SL,-2.9521,292.2563,1.5
2025-10-22 04:36:00+00:00,2025-10-22 05:20:00+00:00,long,108475.0,108238.44,SL,-2.9226,289.3338,1.5
2025-10-22 06:05:00+00:00,2025-10-22 06:25:00+00:00,short,108074.99,108302.52,SL,-2.8933,286.4404,1.5
2025-10-22 06:34:00+00:00,2025-10-22 07:06:00+00:00,short,108223.34,107658.45,TP,5.7288,292.1693,1.5
2025-10-22 07:52:00+00:00,2025-10-22 09:12:00+00:00,long,108258.38,108000.01,SL,-2.9217,289.2476,1.5
2025-10-22 09:39:00+00:00,2025-10-22 11:03:00+00:00,short,108041.03,107021.86,TP,5.785,295.0325,1.5
2025-10-22 11:26:00+00:00,2025-10-22 11:50:00+00:00,short,107861.86,107387.29,TP,5.9006,300.9332,1.5
2025-10-22 12:39:00+00:00,2025-10-22 12:50:00+00:00,long,108188.89,107953.2,SL,-3.0093,297.9238,1.5
2025-10-22 13:10:00+00:00,2025-10-22 13:32:00+00:00,long,108152.09,107840.86,SL,-2.9792,294.9446,1.5
2025-10-22 13:38:00+00:00,2025-10-22 13:42:00+00:00,long,108363.26,108139.57,SL,-2.9494,291.9951,1.5
2025-10-22 13:53:00+00:00,2025-10-22 13:58:00+00:00,long,108134.92,109014.34,TP,5.8399,297.835,1.5
2025-10-22 14:43:00+00:00,2025-10-22 14:50:00+00:00,short,107768.61,108155.99,SL,-2.9783,294.8567,1.5
2025-10-22 16:06:00+00:00,2025-10-22 16:15:00+00:00,long,108630.64,108388.0,SL,-2.9486,291.9081,1.5
2025-10-22 16:27:00+00:00,2025-10-22 16:30:00+00:00,long,108503.99,107990.68,SL,-2.9191,288.9891,1.5
2025-10-22 16:34:00+00:00,2025-10-22 16:37:00+00:00,long,108546.48,108316.13,SL,-2.8899,286.0992,1.5
2025-10-22 17:09:00+00:00,2025-10-22 17:15:00+00:00,long,108333.4,108086.02,SL,-2.861,283.2382,1.5
2025-10-22 17:26:00+00:00,2025-10-22 18:18:00+00:00,short,107977.74,107524.06,TP,5.6648,288.9029,1.5
2025-10-22 18:41:00+00:00,2025-10-22 19:05:00+00:00,short,107960.0,108234.0,SL,-2.889,286.0139,1.5
2025-10-22 19:20:00+00:00,2025-10-22 19:31:00+00:00,long,108314.68,108077.78,SL,-2.8601,283.1538,1.5
2025-10-22 19:57:00+00:00,2025-10-22 21:01:00+00:00,short,107818.18,107120.01,TP,5.6631,288.8168,1.5
2025-10-22 21:24:00+00:00,2025-10-22 21:41:00+00:00,short,106868.75,107086.37,SL,-2.8882,285.9287,1.5
2025-10-22 22:13:00+00:00,2025-10-22 22:21:00+00:00,short,107431.89,106945.91,TP,5.7186,291.6472,1.5
2025-10-22 22:37:00+00:00,2025-10-22 22:42:00+00:00,short,107023.99,107290.56,SL,-2.9165,288.7308,1.5
2025-10-22 22:50:00+00:00,2025-10-22 23:00:00+00:00,short,107076.38,107293.04,SL,-2.8873,285.8435,1.5
2025-10-22 23:14:00+00:00,2025-10-22 23:18:00+00:00,short,107400.16,107615.26,SL,-2.8584,282.985,1.5
2025-10-23 00:06:00+00:00,2025-10-23 01:10:00+00:00,long,107643.8,108093.59,TP,5.6597,288.6447,1.5
2025-10-23 02:10:00+00:00,2025-10-23 03:19:00+00:00,long,108157.08,108589.99,TP,5.7729,294.4176,1.5
2025-10-23 03:20:00+00:00,2025-10-23 03:45:00+00:00,long,108641.74,108402.73,SL,-2.9442,291.4734,1.5
2025-10-23 03:57:00+00:00,2025-10-23 04:40:00+00:00,long,108381.43,108819.89,TP,5.8295,297.3029,1.5
2025-10-23 05:10:00+00:00,2025-10-23 06:15:00+00:00,long,108794.76,109565.67,TP,5.9461,303.249,1.5
2025-10-23 06:48:00+00:00,2025-10-23 07:10:00+00:00,long,110157.22,109918.68,SL,-3.0325,300.2165,1.5
2025-10-23 07:32:00+00:00,2025-10-23 07:38:00+00:00,long,109545.35,109287.05,SL,-3.0022,297.2143,1.5
2025-10-23 07:43:00+00:00,2025-10-23 08:18:00+00:00,long,109384.2,109859.98,TP,5.9443,303.1586,1.5
2025-10-23 08:48:00+00:00,2025-10-23 08:55:00+00:00,long,109646.43,109413.64,SL,-3.0316,300.127,1.5
2025-10-23 09:44:00+00:00,2025-10-23 10:15:00+00:00,short,109377.64,109603.97,SL,-3.0013,297.1258,1.5
2025-10-23 10:49:00+00:00,2025-10-23 11:33:00+00:00,long,109520.27,109264.92,SL,-2.9713,294.1545,1.5
2025-10-23 12:02:00+00:00,2025-10-23 12:18:00+00:00,short,108872.03,109099.93,SL,-2.9415,291.2129,1.5
2025-10-23 12:31:00+00:00,2025-10-23 12:45:00+00:00,short,108860.0,109104.35,SL,-2.9121,288.3008,1.5
2025-10-23 13:01:00+00:00,2025-10-23 13:33:00+00:00,short,109039.07,109272.0,SL,-2.883,285.4178,1.5
2025-10-23 13:49:00+00:00,2025-10-23 14:07:00+00:00,long,109522.46,109091.46,SL,-2.8542,282.5636,1.5
2025-10-23 15:07:00+00:00,2025-10-23 16:52:00+00:00,long,109664.17,110110.99,TP,5.6513,288.2149,1.5
2025-10-23 17:17:00+00:00,2025-10-23 17:35:00+00:00,long,110025.26,110638.52,TP,5.7643,293.9792,1.5
2025-10-23 18:40:00+00:00,2025-10-23 19:04:00+00:00,long,110416.3,110106.03,SL,-2.9398,291.0394,1.5
2025-10-23 19:12:00+00:00,2025-10-23 20:00:00+00:00,long,110378.41,110092.78,SL,-2.9104,288.129,1.5
2025-10-23 20:40:00+00:00,2025-10-23 22:30:00+00:00,short,109833.65,110151.1,SL,-2.8813,285.2477,1.5
2025-10-23 23:11:00+00:00,2025-10-24 00:19:00+00:00,long,109915.32,110403.58,TP,5.705,290.9527,1.5
2025-10-24 00:37:00+00:00,2025-10-24 04:23:00+00:00,long,110331.86,110817.45,TP,5.8191,296.7717,1.5
2025-10-24 05:10:00+00:00,2025-10-24 07:44:00+00:00,long,111166.5,110943.66,SL,-2.9677,293.804,1.5
2025-10-24 08:04:00+00:00,2025-10-24 08:12:00+00:00,short,110862.36,111214.54,SL,-2.938,290.866,1.5
2025-10-24 08:19:00+00:00,2025-10-24 09:08:00+00:00,short,110995.58,111269.94,SL,-2.9087,287.9573,1.5
2025-10-24 09:27:00+00:00,2025-10-24 10:05:00+00:00,long,111419.85,111186.5,SL,-2.8796,285.0777,1.5
2025-10-24 10:11:00+00:00,2025-10-24 11:31:00+00:00,long,111276.93,110934.74,SL,-2.8508,282.227,1.5
2025-10-24 11:50:00+00:00,2025-10-24 12:00:00+00:00,short,110894.67,111131.68,SL,-2.8223,279.4047,1.5
2025-10-24 12:30:00+00:00,2025-10-24 12:37:00+00:00,long,111710.47,111428.25,SL,-2.794,276.6107,1.5
2025-10-24 12:46:00+00:00,2025-10-24 12:52:00+00:00,long,111553.62,111274.0,SL,-2.7661,273.8445,1.5
2025-10-24 13:05:00+00:00,2025-10-24 13:15:00+00:00,long,111374.1,111151.04,SL,-2.7384,271.1061,1.5
2025-10-24 13:20:00+00:00,2025-10-24 13:37:00+00:00,long,111364.48,111037.82,SL,-2.7111,268.395,1.5
2025-10-24 14:04:00+00:00,2025-10-24 14:25:00+00:00,short,110442.69,109865.5,TP,5.3679,273.7629,1.5
2025-10-24 14:53:00+00:00,2025-10-24 14:56:00+00:00,short,109892.92,110170.9,SL,-2.7376,271.0253,1.5
2025-10-24 15:08:00+00:00,2025-10-24 15:10:00+00:00,short,110022.77,110306.47,SL,-2.7103,268.3151,1.5
2025-10-24 15:28:00+00:00,2025-10-24 15:45:00+00:00,short,110528.98,109952.14,TP,5.3663,273.6814,1.5
2025-10-24 15:55:00+00:00,2025-10-24 16:17:00+00:00,short,109960.07,110213.32,SL,-2.7368,270.9445,1.5
2025-10-24 16:33:00+00:00,2025-10-24 16:57:00+00:00,short,110074.81,110307.57,SL,-2.7094,268.2351,1.5
2025-10-24 17:20:00+00:00,2025-10-24 18:00:00+00:00,long,110411.25,110171.52,SL,-2.6824,265.5527,1.5
2025-10-24 18:04:00+00:00,2025-10-24 19:08:00+00:00,long,110387.01,110854.98,TP,5.3111,270.8638,1.5
2025-10-24 19:18:00+00:00,2025-10-24 19:50:00+00:00,long,110826.37,110601.77,SL,-2.7086,268.1552,1.5
2025-10-24 20:42:00+00:00,2025-10-25 04:17:00+00:00,long,110796.0,111277.33,TP,5.3631,273.5183,1.5
2025-10-25 05:08:00+00:00,2025-10-25 07:23:00+00:00,long,111226.49,111674.64,TP,5.4704,278.9886,1.5
2025-10-25 07:57:00+00:00,2025-10-25 16:05:00+00:00,long,111508.23,111242.48,SL,-2.7899,276.1987,1.5
2025-10-25 16:59:00+00:00,2025-10-25 18:29:00+00:00,short,111372.25,111599.99,SL,-2.762,273.4368,1.5
2025-10-25 19:19:00+00:00,2025-10-25 20:37:00+00:00,long,111659.99,111390.1,SL,-2.7344,270.7024,1.5
2025-10-25 20:59:00+00:00,2025-10-25 22:50:00+00:00,short,111431.94,111683.63,SL,-2.707,267.9954,1.5
2025-10-25 23:15:00+00:00,2025-10-26 02:52:00+00:00,long,111654.98,111427.31,SL,-2.68,265.3154,1.5
2025-10-26 03:26:00+00:00,2025-10-26 06:30:00+00:00,short,111448.28,111675.5,SL,-2.6532,262.6623,1.5
2025-10-26 06:45:00+00:00,2025-10-26 09:23:00+00:00,long,111638.49,112085.75,TP,5.2532,267.9155,1.5
2025-10-26 10:00:00+00:00,2025-10-26 10:32:00+00:00,long,112521.21,112271.74,SL,-2.6792,265.2364,1.5
2025-10-26 10:36:00+00:00,2025-10-26 11:35:00+00:00,long,112366.99,112934.37,TP,5.3047,270.5411,1.5
2025-10-26 12:02:00+00:00,2025-10-26 21:28:00+00:00,long,113450.01,113099.99,SL,-2.7054,267.8357,1.5
2025-10-26 21:56:00+00:00,2025-10-26 22:00:00+00:00,short,113450.85,113682.58,SL,-2.6784,265.1573,1.5
2025-10-26 22:40:00+00:00,2025-10-27 00:35:00+00:00,long,114559.41,115135.01,TP,5.3031,270.4605,1.5
2025-10-27 00:55:00+00:00,2025-10-27 01:39:00+00:00,long,114850.32,115324.51,TP,5.4092,275.8697,1.5
2025-10-27 01:50:00+00:00,2025-10-27 02:27:00+00:00,long,115336.66,115045.42,SL,-2.7587,273.111,1.5
2025-10-27 02:38:00+00:00,2025-10-27 05:08:00+00:00,long,114994.92,115476.98,TP,5.4622,278.5732,1.5
2025-10-27 05:18:00+00:00,2025-10-27 06:50:00+00:00,long,115563.26,116038.49,TP,5.5715,284.1447,1.5
2025-10-27 07:05:00+00:00,2025-10-27 07:07:00+00:00,long,116254.67,115988.18,SL,-2.8414,281.3032,1.5
2025-10-27 07:22:00+00:00,2025-10-27 07:31:00+00:00,long,116047.79,115774.95,SL,-2.813,278.4902,1.5
2025-10-27 07:47:00+00:00,2025-10-27 08:04:00+00:00,long,115748.11,115507.68,SL,-2.7849,275.7053,1.5
2025-10-27 08:14:00+00:00,2025-10-27 08:53:00+00:00,short,115449.02,114950.6,TP,5.5141,281.2194,1.5
2025-10-27 09:06:00+00:00,2025-10-27 09:13:00+00:00,short,114825.71,115090.0,SL,-2.8122,278.4072,1.5
2025-10-27 09:47:00+00:00,2025-10-27 10:19:00+00:00,short,115278.0,115509.33,SL,-2.7841,275.6231,1.5
2025-10-27 10:25:00+00:00,2025-10-27 11:20:00+00:00,long,115459.98,115196.01,SL,-2.7562,272.8669,1.5
2025-10-27 11:58:00+00:00,2025-10-27 12:34:00+00:00,long,115416.57,115154.07,SL,-2.7287,270.1382,1.5
2025-10-27 13:15:00+00:00,2025-10-27 13:41:00+00:00,short,115150.0,114604.0,TP,5.4028,275.541,1.5
2025-10-27 14:03:00+00:00,2025-10-27 14:19:00+00:00,short,115054.5,114591.4,TP,5.5108,281.0518,1.5
2025-10-27 14:45:00+00:00,2025-10-27 15:33:00+00:00,short,114929.21,115166.52,SL,-2.8105,278.2413,1.5
2025-10-27 15:35:00+00:00,2025-10-27 16:08:00+00:00,short,114946.01,115333.32,SL,-2.7824,275.4589,1.5
2025-10-27 16:32:00+00:00,2025-10-27 19:02:00+00:00,long,115396.47,115060.15,SL,-2.7546,272.7043,1.5
2025-10-27 19:21:00+00:00,2025-10-27 20:55:00+00:00,short,115071.84,114572.13,TP,5.4541,278.1584,1.5
2025-10-27 21:13:00+00:00,2025-10-27 23:15:00+00:00,short,114405.33,113887.76,TP,5.5632,283.7215,1.5
2025-10-27 23:24:00+00:00,2025-10-27 23:33:00+00:00,short,113885.58,114116.91,SL,-2.8372,280.8843,1.5
2025-10-27 23:51:00+00:00,2025-10-28 00:23:00+00:00,short,114094.89,114374.2,SL,-2.8088,278.0755,1.5
2025-10-28 00:30:00+00:00,2025-10-28 01:42:00+00:00,short,114160.01,114390.63,SL,-2.7808,275.2947,1.5
2025-10-28 02:44:00+00:00,2025-10-28 06:51:00+00:00,short,113918.7,114154.04,SL,-2.7529,272.5418,1.5
2025-10-28 07:04:00+00:00,2025-10-28 13:09:00+00:00,long,114310.22,114816.12,TP,5.4508,277.9926,1.5
2025-10-28 13:45:00+00:00,2025-10-28 14:13:00+00:00,long,115299.99,115785.46,TP,5.5599,283.5525,1.5
2025-10-28 16:00:00+00:00,2025-10-28 16:10:00+00:00,short,114562.03,114813.99,SL,-2.8355,280.7169,1.5
2025-10-28 16:22:00+00:00,2025-10-28 16:27:00+00:00,short,114725.23,115036.99,SL,-2.8072,277.9098,1.5
2025-10-28 16:49:00+00:00,2025-10-28 18:25:00+00:00,long,115298.0,115049.98,SL,-2.7791,275.1307,1.5
2025-10-28 19:13:00+00:00,2025-10-28 19:17:00+00:00,short,114936.62,114275.5,TP,5.5026,280.6333,1.5
2025-10-28 19:50:00+00:00,2025-10-28 19:53:00+00:00,short,113581.11,113827.98,SL,-2.8063,277.8269,1.5
2025-10-28 19:57:00+00:00,2025-10-28 20:06:00+00:00,short,113653.65,113059.8,TP,5.5565,283.3835,1.5
2025-10-28 21:01:00+00:00,2025-10-28 21:33:00+00:00,short,112673.31,112899.55,SL,-2.8338,280.5497,1.5
2025-10-28 21:51:00+00:00,2025-10-29 00:45:00+00:00,short,113052.26,112574.0,TP,5.611,286.1606,1.5
2025-10-29 00:58:00+00:00,2025-10-29 01:40:00+00:00,short,112520.25,112856.24,SL,-2.8616,283.299,1.5
2025-10-29 01:47:00+00:00,2025-10-29 04:34:00+00:00,short,112590.92,112858.13,SL,-2.833,280.466,1.5
2025-10-29 04:49:00+00:00,2025-10-29 05:40:00+00:00,long,112804.62,113361.61,TP,5.6093,286.0754,1.5
2025-10-29 06:06:00+00:00,2025-10-29 09:11:00+00:00,long,113202.43,112908.65,SL,-2.8608,283.2146,1.5
2025-10-29 09:30:00+00:00,2025-10-29 10:36:00+00:00,short,112875.38,113108.73,SL,-2.8321,280.3825,1.5
2025-10-29 10:43:00+00:00,2025-10-29 12:10:00+00:00,short,113051.32,113300.0,SL,-2.8038,277.5786,1.5
2025-10-29 13:04:00+00:00,2025-10-29 13:40:00+00:00,long,113196.41,112965.85,SL,-2.7758,274.8029,1.5
2025-10-29 14:02:00+00:00,2025-10-29 15:29:00+00:00,short,112679.84,112029.7,TP,5.4961,280.2989,1.5
2025-10-29 15:48:00+00:00,2025-10-29 16:11:00+00:00,short,111573.0,111060.02,TP,5.606,285.9049,1.5
2025-10-29 16:48:00+00:00,2025-10-29 17:34:00+00:00,short,111150.97,111378.08,SL,-2.859,283.0458,1.5
2025-10-29 18:20:00+00:00,2025-10-29 18:34:00+00:00,short,111408.98,111731.51,SL,-2.8305,280.2154,1.5
2025-10-29 18:35:00+00:00,2025-10-29 18:36:00+00:00,short,110403.83,110785.24,SL,-2.8022,277.4132,1.5
2025-10-29 19:16:00+00:00,2025-10-29 19:34:00+00:00,short,111092.81,110611.11,TP,5.5483,282.9615,1.5
2025-10-29 20:05:00+00:00,2025-10-29 20:17:00+00:00,short,110460.65,110716.24,SL,-2.8296,280.1319,1.5
2025-10-29 20:51:00+00:00,2025-10-29 22:06:00+00:00,long,111531.34,111243.91,SL,-2.8013,277.3306,1.5
2025-10-29 22:11:00+00:00,2025-10-29 22:27:00+00:00,long,111491.78,111253.67,SL,-2.7733,274.5573,1.5
2025-10-29 22:58:00+00:00,2025-10-29 23:24:00+00:00,short,110979.26,110478.88,TP,5.4911,280.0484,1.5
2025-10-29 23:25:00+00:00,2025-10-29 23:39:00+00:00,short,110509.0,109930.04,TP,5.601,285.6494,1.5
2025-10-30 00:07:00+00:00,2025-10-30 00:11:00+00:00,short,109802.45,110049.25,SL,-2.8565,282.7929,1.5
2025-10-30 00:38:00+00:00,2025-10-30 01:34:00+00:00,short,110371.31,110595.65,SL,-2.8279,279.9649,1.5
2025-10-30 01:58:00+00:00,2025-10-30 02:23:00+00:00,short,110570.42,110828.17,SL,-2.7996,277.1653,1.5
2025-10-30 02:58:00+00:00,2025-10-30 03:04:00+00:00,long,110969.7,110708.05,SL,-2.7717,274.3936,1.5
2025-10-30 03:16:00+00:00,2025-10-30 03:54:00+00:00,long,110819.69,110590.68,SL,-2.7439,271.6497,1.5
2025-10-30 03:59:00+00:00,2025-10-30 04:07:00+00:00,long,110751.47,110393.37,SL,-2.7165,268.9332,1.5
2025-10-30 04:23:00+00:00,2025-10-30 04:26:00+00:00,short,109601.83,109057.5,TP,5.3787,274.3119,1.5
2025-10-30 04:58:00+00:00,2025-10-30 05:13:00+00:00,short,108681.29,108936.16,SL,-2.7431,271.5688,1.5
2025-10-30 06:30:00+00:00,2025-10-30 06:43:00+00:00,long,110274.99,110789.07,TP,5.4314,277.0001,1.5
2025-10-30 07:11:00+00:00,2025-10-30 08:10:00+00:00,long,111213.76,110962.2,SL,-2.77,274.2301,1.5
2025-10-30 08:22:00+00:00,2025-10-30 08:29:00+00:00,long,110922.11,110681.23,SL,-2.7423,271.4878,1.5
2025-10-30 08:32:00+00:00,2025-10-30 09:09:00+00:00,long,110806.76,110494.99,SL,-2.7149,268.773,1.5
2025-10-30 09:36:00+00:00,2025-10-30 09:56:00+00:00,short,110140.15,110370.52,SL,-2.6877,266.0852,1.5
2025-10-30 10:00:00+00:00,2025-10-30 12:06:00+00:00,short,110122.91,109662.61,TP,5.3217,271.4069,1.5
2025-10-30 12:23:00+00:00,2025-10-30 12:28:00+00:00,short,109164.8,108700.0,TP,5.4281,276.8351,1.5
2025-10-30 12:42:00+00:00,2025-10-30 13:36:00+00:00,short,108606.91,108094.13,TP,5.5367,282.3718,1.5
2025-10-30 14:19:00+00:00,2025-10-30 14:31:00+00:00,short,107913.5,108135.44,SL,-2.8237,279.5481,1.5
2025-10-30 14:47:00+00:00,2025-10-30 14:52:00+00:00,short,107938.84,108200.0,SL,-2.7955,276.7526,1.5
2025-10-30 15:02:00+00:00,2025-10-30 15:18:00+00:00,short,108218.99,107776.13,TP,5.5351,282.2876,1.5
2025-10-30 15:33:00+00:00,2025-10-30 16:05:00+00:00,short,107689.65,107918.35,SL,-2.8229,279.4647,1.5
2025-10-30 16:17:00+00:00,2025-10-30 16:27:00+00:00,short,107923.93,108162.27,SL,-2.7946,276.6701,1.5
2025-10-30 16:31:00+00:00,2025-10-30 17:13:00+00:00,short,108052.43,107577.61,TP,5.5334,282.2035,1.5
2025-10-30 18:00:00+00:00,2025-10-30 18:37:00+00:00,short,107420.34,106964.77,TP,5.6441,287.8476,1.5
2025-10-30 18:56:00+00:00,2025-10-30 19:40:00+00:00,short,106921.92,106470.0,TP,5.757,293.6045,1.5
2025-10-30 19:57:00+00:00,2025-10-30 20:07:00+00:00,short,106522.84,106777.38,SL,-2.936,290.6685,1.5
2025-10-30 20:30:00+00:00,2025-10-30 20:32:00+00:00,short,106884.21,107098.97,SL,-2.9067,287.7618,1.5
2025-10-30 20:35:00+00:00,2025-10-30 21:41:00+00:00,long,107357.0,107875.12,TP,5.7552,293.517,1.5
2025-10-30 21:59:00+00:00,2025-10-30 22:11:00+00:00,long,107907.68,107688.16,SL,-2.9352,290.5819,1.5
2025-10-30 22:22:00+00:00,2025-10-30 22:33:00+00:00,long,107766.12,107486.0,SL,-2.9058,287.676,1.5
2025-10-30 22:37:00+00:00,2025-10-30 23:35:00+00:00,long,107669.85,108202.56,TP,5.7535,293.4296,1.5
2025-10-30 23:48:00+00:00,2025-10-31 00:44:00+00:00,long,108255.94,108698.5,TP,5.8686,299.2982,1.5
2025-10-31 01:05:00+00:00,2025-10-31 01:10:00+00:00,long,109528.33,110024.41,TP,5.986,305.2841,1.5
2025-10-31 01:48:00+00:00,2025-10-31 02:05:00+00:00,long,109696.97,109457.62,SL,-3.0528,302.2313,1.5
2025-10-31 02:18:00+00:00,2025-10-31 02:38:00+00:00,long,109276.67,109010.63,SL,-3.0223,299.209,1.5
2025-10-31 03:36:00+00:00,2025-10-31 03:40:00+00:00,long,109256.56,108962.0,SL,-2.9921,296.2169,1.5
2025-10-31 03:46:00+00:00,2025-10-31 04:22:00+00:00,long,109243.89,109800.52,TP,5.9243,302.1412,1.5
2025-10-31 04:40:00+00:00,2025-10-31 04:46:00+00:00,long,110214.96,109968.7,SL,-3.0214,299.1198,1.5
2025-10-31 05:25:00+00:00,2025-10-31 06:08:00+00:00,long,109838.27,109601.13,SL,-2.9912,296.1286,1.5
2025-10-31 06:16:00+00:00,2025-10-31 07:06:00+00:00,long,109697.58,109440.75,SL,-2.9613,293.1673,1.5
2025-10-31 07:12:00+00:00,2025-10-31 07:50:00+00:00,long,109611.28,109330.79,SL,-2.9317,290.2356,1.5
2025-10-31 08:11:00+00:00,2025-10-31 08:28:00+00:00,short,109400.0,109648.34,SL,-2.9024,287.3333,1.5
2025-10-31 08:42:00+00:00,2025-10-31 09:02:00+00:00,long,109800.0,110301.11,TP,5.7467,293.08,1.5
2025-10-31 09:17:00+00:00,2025-10-31 09:21:00+00:00,long,110389.0,110139.0,SL,-2.9308,290.1492,1.5
2025-10-31 09:45:00+00:00,2025-10-31 10:32:00+00:00,long,109978.0,109710.08,SL,-2.9015,287.2477,1.5
2025-10-31 10:36:00+00:00,2025-10-31 11:07:00+00:00,long,109858.12,109623.52,SL,-2.8725,284.3752,1.5
2025-10-31 12:22:00+00:00,2025-10-31 12:26:00+00:00,long,110412.06,110186.49,SL,-2.8438,281.5314,1.5
2025-10-31 14:06:00+00:00,2025-10-31 14:13:00+00:00,long,110239.25,110000.0,SL,-2.8153,278.7161,1.5
2025-10-31 14:35:00+00:00,2025-10-31 14:53:00+00:00,long,109992.0,110433.76,TP,5.5743,284.2904,1.5
2025-10-31 15:09:00+00:00,2025-10-31 15:11:00+00:00,long,111064.1,110807.9,SL,-2.8429,281.4475,1.5
2025-10-31 15:44:00+00:00,2025-10-31 15:55:00+00:00,long,110485.85,110150.93,SL,-2.8145,278.6331,1.5
2025-10-31 16:04:00+00:00,2025-10-31 16:09:00+00:00,long,110278.3,110000.0,SL,-2.7863,275.8467,1.5
2025-10-31 16:37:00+00:00,2025-10-31 16:49:00+00:00,short,109961.68,109512.0,TP,5.5169,281.3637,1.5
2025-10-31 17:19:00+00:00,2025-10-31 17:24:00+00:00,short,108751.85,109131.86,SL,-2.8136,278.55,1.5
2025-10-31 17:55:00+00:00,2025-10-31 18:07:00+00:00,short,109301.08,109523.22,SL,-2.7855,275.7645,1.5
2025-10-31 18:09:00+00:00,2025-10-31 18:44:00+00:00,short,109398.03,109750.49,SL,-2.7576,273.0069,1.5
2025-10-31 18:50:00+00:00,2025-10-31 19:20:00+00:00,short,109380.24,109689.91,SL,-2.7301,270.2768,1.5
2025-10-31 19:46:00+00:00,2025-10-31 19:52:00+00:00,long,110237.65,110012.27,SL,-2.7028,267.574,1.5
2025-10-31 20:12:00+00:00,2025-10-31 20:33:00+00:00,long,109784.62,109557.0,SL,-2.6757,264.8983,1.5
2025-10-31 20:52:00+00:00,2025-10-31 21:36:00+00:00,short,109473.86,109748.78,SL,-2.649,262.2493,1.5
2025-10-31 21:44:00+00:00,2025-10-31 22:17:00+00:00,short,109562.21,109791.12,SL,-2.6225,259.6268,1.5
2025-10-31 22:36:00+00:00,2025-11-01 00:02:00+00:00,long,109699.44,109470.93,SL,-2.5963,257.0306,1.5
2025-11-01 00:32:00+00:00,2025-11-01 00:46:00+00:00,short,109450.03,109720.81,SL,-2.5703,254.4603,1.5
2025-11-01 01:01:00+00:00,2025-11-01 02:07:00+00:00,long,109835.67,109610.0,SL,-2.5446,251.9156,1.5
2025-11-01 02:27:00+00:00,2025-11-01 03:06:00+00:00,short,109670.99,109890.48,SL,-2.5192,249.3965,1.5
2025-11-01 03:17:00+00:00,2025-11-01 04:06:00+00:00,long,109968.54,110461.76,TP,4.9879,254.3844,1.5
2025-11-01 04:25:00+00:00,2025-11-01 05:10:00+00:00,long,110312.0,110084.32,SL,-2.5438,251.8406,1.5
2025-11-01 05:18:00+00:00,2025-11-01 06:47:00+00:00,long,110159.67,109933.88,SL,-2.5184,249.3222,1.5
2025-11-01 08:49:00+00:00,2025-11-01 09:42:00+00:00,long,110229.84,110000.01,SL,-2.4932,246.829,1.5
2025-11-01 09:53:00+00:00,2025-11-01 11:01:00+00:00,short,109979.43,110200.0,SL,-2.4683,244.3607,1.5
2025-11-01 12:05:00+00:00,2025-11-01 13:39:00+00:00,long,110155.1,109927.78,SL,-2.4436,241.9171,1.5
2025-11-01 14:08:00+00:00,2025-11-01 15:07:00+00:00,short,109932.86,110200.0,SL,-2.4192,239.4979,1.5
2025-11-01 15:45:00+00:00,2025-11-01 16:46:00+00:00,long,110078.38,110525.0,TP,4.79,244.2878,1.5
2025-11-01 17:24:00+00:00,2025-11-01 21:49:00+00:00,long,110275.01,110053.72,SL,-2.4429,241.845,1.5
2025-11-01 22:50:00+00:00,2025-11-02 04:41:00+00:00,short,110011.24,110293.8,SL,-2.4184,239.4265,1.5
2025-11-02 05:31:00+00:00,2025-11-02 07:52:00+00:00,long,110484.11,110952.87,TP,4.7885,244.215,1.5
2025-11-02 08:28:00+00:00,2025-11-02 09:45:00+00:00,long,110815.1,110535.01,SL,-2.4421,241.7729,1.5
2025-11-02 10:18:00+00:00,2025-11-02 11:40:00+00:00,short,110678.51,110939.34,SL,-2.4177,239.3552,1.5
2025-11-02 11:48:00+00:00,2025-11-02 12:59:00+00:00,long,110970.0,110736.24,SL,-2.3936,236.9616,1.5
2025-11-02 13:00:00+00:00,2025-11-02 14:28:00+00:00,short,110686.01,110225.29,TP,4.7392,241.7008,1.5
2025-11-02 14:45:00+00:00,2025-11-02 14:54:00+00:00,short,110251.52,110485.26,SL,-2.417,239.2838,1.5
2025-11-02 15:01:00+00:00,2025-11-02 16:04:00+00:00,short,110340.0,109870.92,TP,4.7857,244.0695,1.5
2025-11-02 16:15:00+00:00,2025-11-02 16:22:00+00:00,short,109735.6,109993.45,SL,-2.4407,241.6288,1.5
2025-11-02 16:45:00+00:00,2025-11-02 17:06:00+00:00,short,109978.39,110210.73,SL,-2.4163,239.2125,1.5
2025-11-02 17:18:00+00:00,2025-11-02 22:34:00+00:00,short,110185.69,109534.91,TP,4.7843,243.9968,1.5
2025-11-02 22:46:00+00:00,2025-11-02 22:53:00+00:00,short,109562.08,109802.81,SL,-2.44,241.5568,1.5
2025-11-02 23:39:00+00:00,2025-11-03 00:47:00+00:00,long,110436.93,110200.02,SL,-2.4156,239.1412,1.5
2025-11-03 00:48:00+00:00,2025-11-03 00:59:00+00:00,short,110199.9,109757.11,TP,4.7828,243.9241,1.5
2025-11-03 01:25:00+00:00,2025-11-03 01:46:00+00:00,short,109577.34,109871.54,SL,-2.4392,241.4848,1.5
2025-11-03 01:52:00+00:00,2025-11-03 02:30:00+00:00,short,109644.88,109082.0,TP,4.8297,246.3145,1.5
2025-11-03 03:08:00+00:00,2025-11-03 03:13:00+00:00,short,108905.04,108458.82,TP,4.9263,251.2408,1.5
2025-11-03 03:49:00+00:00,2025-11-03 04:04:00+00:00,short,108054.02,107600.01,TP,5.0248,256.2656,1.5
2025-11-03 04:20:00+00:00,2025-11-03 04:23:00+00:00,short,107533.49,107821.15,SL,-2.5627,253.703,1.5
2025-11-03 04:43:00+00:00,2025-11-03 04:53:00+00:00,short,107744.99,107967.06,SL,-2.537,251.1659,1.5
2025-11-03 04:59:00+00:00,2025-11-03 05:48:00+00:00,short,107900.37,107441.98,TP,5.0233,256.1893,1.5
2025-11-03 06:10:00+00:00,2025-11-03 07:24:00+00:00,short,107478.06,107737.95,SL,-2.5619,253.6274,1.5
2025-11-03 07:34:00+00:00,2025-11-03 08:45:00+00:00,short,107574.67,107129.5,TP,5.0725,258.6999,1.5
2025-11-03 08:46:00+00:00,2025-11-03 08:50:00+00:00,short,107013.13,107354.04,SL,-2.587,256.1129,1.5
2025-11-03 09:51:00+00:00,2025-11-03 10:03:00+00:00,short,107155.99,107429.91,SL,-2.5611,253.5518,1.5
2025-11-03 10:25:00+00:00,2025-11-03 10:35:00+00:00,long,107572.19,107323.32,SL,-2.5355,251.0163,1.5
2025-11-03 10:54:00+00:00,2025-11-03 11:03:00+00:00,short,107180.66,107421.09,SL,-2.5102,248.5061,1.5
2025-11-03 11:32:00+00:00,2025-11-03 12:15:00+00:00,long,107697.12,108155.45,TP,4.9701,253.4762,1.5
2025-11-03 12:29:00+00:00,2025-11-03 12:33:00+00:00,long,108254.88,108019.44,SL,-2.5348,250.9415,1.5
2025-11-03 12:50:00+00:00,2025-11-03 13:01:00+00:00,long,107958.7,107720.41,SL,-2.5094,248.4321,1.5
2025-11-03 13:10:00+00:00,2025-11-03 13:32:00+00:00,short,107630.57,107874.71,SL,-2.4843,245.9477,1.5
2025-11-03 13:55:00+00:00,2025-11-03 14:18:00+00:00,long,108039.72,107800.19,SL,-2.4595,243.4883,1.5
2025-11-03 16:08:00+00:00,2025-11-03 16:10:00+00:00,short,105384.31,105661.73,SL,-2.4349,241.0534,1.5
2025-11-03 16:34:00+00:00,2025-11-03 16:41:00+00:00,short,106330.0,106611.36,SL,-2.4105,238.6428,1.5
2025-11-03 16:47:00+00:00,2025-11-03 16:58:00+00:00,short,106515.39,106755.06,SL,-2.3864,236.2564,1.5
2025-11-03 16:59:00+00:00,2025-11-03 17:12:00+00:00,short,106678.44,106909.05,SL,-2.3626,233.8938,1.5
2025-11-03 17:16:00+00:00,2025-11-03 17:18:00+00:00,short,106817.24,107037.92,SL,-2.3389,231.5549,1.5
2025-11-03 17:33:00+00:00,2025-11-03 18:14:00+00:00,long,107418.11,107190.0,SL,-2.3155,229.2394,1.5
2025-11-03 18:21:00+00:00,2025-11-03 18:41:00+00:00,long,107393.93,106997.41,SL,-2.2924,226.947,1.5
2025-11-03 18:51:00+00:00,2025-11-03 19:01:00+00:00,long,107129.89,106868.01,SL,-2.2695,224.6775,1.5
2025-11-03 20:24:00+00:00,2025-11-03 20:28:00+00:00,short,106582.14,106805.93,SL,-2.2468,222.4307,1.5
2025-11-03 20:42:00+00:00,2025-11-03 21:01:00+00:00,short,106691.49,106998.78,SL,-2.2243,220.2064,1.5
2025-11-03 21:10:00+00:00,2025-11-03 21:17:00+00:00,short,106675.37,106101.47,TP,4.4041,224.6105,1.5
2025-11-03 22:22:00+00:00,2025-11-03 22:30:00+00:00,short,106364.4,105930.18,TP,4.4922,229.1027,1.5
2025-11-03 22:55:00+00:00,2025-11-03 23:34:00+00:00,short,106325.47,106580.97,SL,-2.291,226.8117,1.5
2025-11-04 01:09:00+00:00,2025-11-04 01:22:00+00:00,long,106580.0,107120.01,TP,4.5362,231.348,1.5
2025-11-04 01:30:00+00:00,2025-11-04 01:52:00+00:00,long,107013.34,106749.88,SL,-2.3135,229.0345,1.5
2025-11-04 01:57:00+00:00,2025-11-04 02:00:00+00:00,long,107147.1,106900.01,SL,-2.2903,226.7441,1.5
2025-11-04 02:11:00+00:00,2025-11-04 02:42:00+00:00,long,106929.22,106688.51,SL,-2.2674,224.4767,1.5
2025-11-04 03:06:00+00:00,2025-11-04 03:11:00+00:00,short,106279.32,106600.77,SL,-2.2448,222.2319,1.5
2025-11-04 03:34:00+00:00,2025-11-04 04:36:00+00:00,long,107088.59,106851.79,SL,-2.2223,220.0096,1.5
2025-11-04 04:45:00+00:00,2025-11-04 05:16:00+00:00,short,106803.99,106358.16,TP,4.4002,224.4098,1.5
2025-11-04 05:43:00+00:00,2025-11-04 05:48:00+00:00,short,105036.83,104530.68,TP,4.4882,228.898,1.5
2025-11-04 06:31:00+00:00,2025-11-04 08:03:00+00:00,short,104785.61,104349.9,TP,4.578,233.476,1.5
2025-11-04 08:44:00+00:00,2025-11-04 08:52:00+00:00,short,104441.56,103963.0,TP,4.6695,238.1455,1.5
2025-11-04 09:24:00+00:00,2025-11-04 09:27:00+00:00,short,103681.31,103952.37,SL,-2.3815,235.764,1.5
2025-11-04 09:43:00+00:00,2025-11-04 11:07:00+00:00,short,103921.55,104150.0,SL,-2.3576,233.4064,1.5
2025-11-04 11:35:00+00:00,2025-11-04 12:16:00+00:00,long,104482.01,104231.84,SL,-2.3341,231.0723,1.5
2025-11-04 13:02:00+00:00,2025-11-04 13:37:00+00:00,short,103866.01,104080.0,SL,-2.3107,228.7616,1.5
2025-11-04 13:48:00+00:00,2025-11-04 14:31:00+00:00,short,104074.23,103632.0,TP,4.5752,233.3368,1.5
2025-11-04 15:20:00+00:00,2025-11-04 15:29:00+00:00,long,104684.89,104466.01,SL,-2.3334,231.0035,1.5
2025-11-04 16:05:00+00:00,2025-11-04 16:20:00+00:00,short,103166.88,102638.46,TP,4.6201,235.6235,1.5
2025-11-04 16:48:00+00:00,2025-11-04 17:01:00+00:00,short,102494.0,102045.03,TP,4.7125,240.336,1.5
2025-11-04 17:42:00+00:00,2025-11-04 18:00:00+00:00,short,101350.74,100932.59,TP,4.8067,245.1427,1.5
2025-11-04 18:16:00+00:00,2025-11-04 18:33:00+00:00,short,100618.01,100149.27,TP,4.9029,250.0456,1.5
2025-11-04 19:06:00+00:00,2025-11-04 19:15:00+00:00,short,101269.16,101475.11,SL,-2.5005,247.5451,1.5
2025-11-04 19:17:00+00:00,2025-11-04 19:23:00+00:00,short,101280.79,101562.83,SL,-2.4755,245.0697,1.5
2025-11-04 19:28:00+00:00,2025-11-04 19:36:00+00:00,short,101372.99,100904.7,TP,4.9014,249.9711,1.5
2025-11-04 19:49:00+00:00,2025-11-04 20:16:00+00:00,short,100673.47,100011.01,TP,4.9994,254.9705,1.5
2025-11-04 20:50:00+00:00,2025-11-04 21:14:00+00:00,short,100700.0,100297.0,TP,5.0994,260.0699,1.5
2025-11-04 22:34:00+00:00,2025-11-04 22:40:00+00:00,long,101597.42,101379.99,SL,-2.6007,257.4692,1.5
2025-11-04 23:01:00+00:00,2025-11-04 23:09:00+00:00,long,101310.91,101105.27,SL,-2.5747,254.8945,1.5
2025-11-04 23:15:00+00:00,2025-11-04 23:50:00+00:00,long,101211.04,101627.97,TP,5.0979,259.9924,1.5
2025-11-05 00:19:00+00:00,2025-11-05 00:25:00+00:00,long,101434.83,101223.77,SL,-2.5999,257.3925,1.5
2025-11-05 01:04:00+00:00,2025-11-05 01:19:00+00:00,short,100226.9,99688.01,TP,5.1479,262.5403,1.5
2025-11-05 01:33:00+00:00,2025-11-05 01:36:00+00:00,short,99032.51,99325.96,SL,-2.6254,259.9149,1.5
2025-11-05 02:38:00+00:00,2025-11-05 02:52:00+00:00,long,101570.32,101357.26,SL,-2.5991,257.3158,1.5
2025-11-05 02:59:00+00:00,2025-11-05 03:29:00+00:00,long,101677.93,102106.47,TP,5.1463,262.4621,1.5
2025-11-05 04:33:00+00:00,2025-11-05 04:45:00+00:00,long,101691.82,102130.95,TP,5.2492,267.7113,1.5
2025-11-05 05:04:00+00:00,2025-11-05 05:24:00+00:00,long,102021.79,101808.73,SL,-2.6771,265.0342,1.5
2025-11-05 05:33:00+00:00,2025-11-05 05:35:00+00:00,long,102054.49,101815.08,SL,-2.6503,262.3839,1.5
2025-11-05 05:36:00+00:00,2025-11-05 05:38:00+00:00,short,101736.23,101943.73,SL,-2.6238,259.76,1.5
2025-11-05 05:45:00+00:00,2025-11-05 06:29:00+00:00,short,101718.46,101922.06,SL,-2.5976,257.1624,1.5
2025-11-05 06:50:00+00:00,2025-11-05 07:11:00+00:00,long,101995.9,101781.48,SL,-2.5716,254.5908,1.5
2025-11-05 07:28:00+00:00,2025-11-05 08:15:00+00:00,long,101837.9,101611.61,SL,-2.5459,252.0449,1.5
2025-11-05 08:44:00+00:00,2025-11-05 08:50:00+00:00,short,101504.55,101764.99,SL,-2.5204,249.5244,1.5
2025-11-05 09:37:00+00:00,2025-11-05 10:20:00+00:00,long,101902.92,101653.42,SL,-2.4952,247.0292,1.5
2025-11-05 10:24:00+00:00,2025-11-05 10:45:00+00:00,long,101808.29,101589.25,SL,-2.4703,244.5589,1.5
2025-11-05 11:19:00+00:00,2025-11-05 11:30:00+00:00,short,101482.15,101713.99,SL,-2.4456,242.1133,1.5
2025-11-05 11:42:00+00:00,2025-11-05 11:49:00+00:00,short,101662.0,101871.57,SL,-2.4211,239.6922,1.5
2025-11-05 12:18:00+00:00,2025-11-05 12:25:00+00:00,long,102175.72,102775.83,TP,4.7938,244.486,1.5
2025-11-05 12:43:00+00:00,2025-11-05 13:11:00+00:00,long,102722.85,102514.01,SL,-2.4449,242.0412,1.5
2025-11-05 13:24:00+00:00,2025-11-05 13:47:00+00:00,long,102533.21,102954.67,TP,4.8408,246.882,1.5
2025-11-05 14:29:00+00:00,2025-11-05 14:33:00+00:00,long,102658.73,102445.21,SL,-2.4688,244.4132,1.5
2025-11-05 14:39:00+00:00,2025-11-05 14:42:00+00:00,long,102688.7,103330.0,TP,4.8883,249.3014,1.5
2025-11-05 15:09:00+00:00,2025-11-05 15:11:00+00:00,long,103391.1,103180.26,SL,-2.493,246.8084,1.5
2025-11-05 15:19:00+00:00,2025-11-05 15:42:00+00:00,long,103254.9,103791.89,TP,4.9362,251.7446,1.5
2025-11-05 16:26:00+00:00,2025-11-05 16:49:00+00:00,long,103415.38,103894.49,TP,5.0349,256.7795,1.5
2025-11-05 17:18:00+00:00,2025-11-05 18:26:00+00:00,long,103659.46,104130.06,TP,5.1356,261.9151,1.5
2025-11-05 18:36:00+00:00,2025-11-05 19:48:00+00:00,long,104255.83,104023.98,SL,-2.6192,259.2959,1.5
2025-11-05 20:03:00+00:00,2025-11-05 20:13:00+00:00,long,104083.7,104507.27,TP,5.1859,264.4818,1.5
2025-11-05 20:47:00+00:00,2025-11-05 20:54:00+00:00,short,103739.99,103947.49,SL,-2.6448,261.837,1.5
2025-11-05 21:00:00+00:00,2025-11-05 23:15:00+00:00,short,103657.09,103873.0,SL,-2.6184,259.2187,1.5
2025-11-05 23:32:00+00:00,2025-11-06 00:02:00+00:00,long,104020.69,103613.0,SL,-2.5922,256.6265,1.5
2025-11-06 00:20:00+00:00,2025-11-06 01:17:00+00:00,short,103524.86,103105.84,TP,5.1325,261.759,1.5
2025-11-06 01:56:00+00:00,2025-11-06 02:11:00+00:00,short,103413.63,102999.02,TP,5.2352,266.9942,1.5
2025-11-06 03:11:00+00:00,2025-11-06 04:45:00+00:00,long,103567.92,104166.21,TP,5.3399,272.3341,1.5
2025-11-06 05:31:00+00:00,2025-11-06 06:30:00+00:00,short,103356.06,103586.95,SL,-2.7233,269.6107,1.5
2025-11-06 06:32:00+00:00,2025-11-06 07:17:00+00:00,short,103375.5,102956.57,TP,5.3922,275.0029,1.5
2025-11-06 07:24:00+00:00,2025-11-06 07:33:00+00:00,long,103514.12,103200.0,SL,-2.75,272.2529,1.5
2025-11-06 07:34:00+00:00,2025-11-06 07:36:00+00:00,short,103161.64,103375.21,SL,-2.7225,269.5304,1.5
2025-11-06 07:37:00+00:00,2025-11-06 07:39:00+00:00,long,103448.41,103128.49,SL,-2.6953,266.8351,1.5
2025-11-06 08:05:00+00:00,2025-11-06 08:14:00+00:00,short,103050.82,103273.4,SL,-2.6684,264.1667,1.5
2025-11-06 09:02:00+00:00,2025-11-06 10:33:00+00:00,short,102919.99,103149.21,SL,-2.6417,261.5251,1.5
2025-11-06 11:41:00+00:00,2025-11-06 12:03:00+00:00,long,103230.99,103019.78,SL,-2.6153,258.9098,1.5
2025-11-06 12:09:00+00:00,2025-11-06 12:18:00+00:00,long,103160.01,102872.97,SL,-2.5891,256.3207,1.5
2025-11-06 12:41:00+00:00,2025-11-06 13:10:00+00:00,short,102693.84,102944.99,SL,-2.5632,253.7575,1.5
2025-11-06 13:47:00+00:00,2025-11-06 14:05:00+00:00,long,103427.69,103135.26,SL,-2.5376,251.2199,1.5
2025-11-06 14:23:00+00:00,2025-11-06 14:35:00+00:00,short,102859.34,102427.2,TP,5.0244,256.2443,1.5
2025-11-06 14:52:00+00:00,2025-11-06 15:20:00+00:00,short,102288.07,102822.37,SL,-2.5624,253.6819,1.5
2025-11-06 15:29:00+00:00,2025-11-06 15:37:00+00:00,short,102438.02,101942.88,TP,5.0736,258.7555,1.5
2025-11-06 16:11:00+00:00,2025-11-06 16:34:00+00:00,short,101942.63,101524.96,TP,5.1751,263.9306,1.5
2025-11-06 17:17:00+00:00,2025-11-06 17:27:00+00:00,short,101014.9,101330.03,SL,-2.6393,261.2913,1.5
2025-11-06 17:39:00+00:00,2025-11-06 17:47:00+00:00,short,101264.59,101566.77,SL,-2.6129,258.6784,1.5
2025-11-06 18:48:00+00:00,2025-11-06 18:55:00+00:00,long,102120.16,101854.47,SL,-2.5868,256.0916,1.5
2025-11-06 19:13:00+00:00,2025-11-06 19:30:00+00:00,long,101869.69,101650.04,SL,-2.5609,253.5307,1.5
2025-11-06 19:37:00+00:00,2025-11-06 19:39:00+00:00,long,101850.86,101591.7,SL,-2.5353,250.9954,1.5
2025-11-06 20:13:00+00:00,2025-11-06 20:39:00+00:00,short,101358.26,100924.44,TP,5.0199,256.0153,1.5
2025-11-06 21:04:00+00:00,2025-11-06 21:36:00+00:00,short,100719.88,100946.57,SL,-2.5602,253.4552,1.5
2025-11-06 21:47:00+00:00,2025-11-06 21:52:00+00:00,short,100962.99,101180.0,SL,-2.5346,250.9206,1.5
2025-11-06 21:59:00+00:00,2025-11-06 22:05:00+00:00,short,101117.17,101346.0,SL,-2.5092,248.4114,1.5
2025-11-06 22:22:00+00:00,2025-11-06 22:27:00+00:00,long,101303.37,101057.56,SL,-2.4841,245.9273,1.5
2025-11-06 22:33:00+00:00,2025-11-07 00:19:00+00:00,long,101279.09,101042.3,SL,-2.4593,243.468,1.5
2025-11-07 01:17:00+00:00,2025-11-07 01:24:00+00:00,long,101470.0,101882.76,TP,4.8694,248.3374,1.5
2025-11-07 02:34:00+00:00,2025-11-07 03:00:00+00:00,long,101508.82,101960.07,TP,4.9667,253.3041,1.5
2025-11-07 04:16:00+00:00,2025-11-07 05:04:00+00:00,long,101753.08,102199.98,TP,5.0661,258.3702,1.5
2025-11-07 05:51:00+00:00,2025-11-07 06:30:00+00:00,long,102424.81,102149.23,SL,-2.5837,255.7865,1.5
2025-11-07 06:51:00+00:00,2025-11-07 08:45:00+00:00,short,101982.37,101561.32,TP,5.1157,260.9022,1.5
2025-11-07 09:01:00+00:00,2025-11-07 09:34:00+00:00,short,101390.16,100943.0,TP,5.218,266.1203,1.5
2025-11-07 09:39:00+00:00,2025-11-07 10:02:00+00:00,short,100898.17,101180.24,SL,-2.6612,263.4591,1.5
2025-11-07 10:11:00+00:00,2025-11-07 10:52:00+00:00,short,100977.96,100566.37,TP,5.2692,268.7282,1.5
2025-11-07 11:03:00+00:00,2025-11-07 11:14:00+00:00,short,100604.53,100103.38,TP,5.3746,274.1028,1.5
2025-11-07 12:02:00+00:00,2025-11-07 12:05:00+00:00,short,100403.0,100617.51,SL,-2.741,271.3618,1.5
2025-11-07 12:09:00+00:00,2025-11-07 12:24:00+00:00,short,100440.01,99979.98,TP,5.4272,276.789,1.5
2025-11-07 12:46:00+00:00,2025-11-07 13:05:00+00:00,short,99502.28,99733.97,SL,-2.7679,274.0211,1.5
2025-11-07 13:28:00+00:00,2025-11-07 13:48:00+00:00,short,100175.0,100473.16,SL,-2.7402,271.2809,1.5
2025-11-07 14:11:00+00:00,2025-11-07 14:20:00+00:00,long,100369.25,100093.68,SL,-2.7128,268.5681,1.5
2025-11-07 14:27:00+00:00,2025-11-07 14:33:00+00:00,long,100298.23,100041.13,SL,-2.6857,265.8824,1.5
2025-11-07 15:10:00+00:00,2025-11-07 15:18:00+00:00,long,101125.62,100866.09,SL,-2.6588,263.2236,1.5
2025-11-07 15:29:00+00:00,2025-11-07 15:33:00+00:00,long,101020.01,100729.32,SL,-2.6322,260.5914,1.5
2025-11-07 15:47:00+00:00,2025-11-07 16:12:00+00:00,long,100819.16,100575.1,SL,-2.6059,257.9855,1.5
2025-11-07 16:19:00+00:00,2025-11-07 16:22:00+00:00,long,100806.82,101217.1,TP,5.1597,263.1452,1.5
2025-11-07 16:52:00+00:00,2025-11-07 16:55:00+00:00,long,101450.42,101093.8,SL,-2.6315,260.5137,1.5
2025-11-07 17:10:00+00:00,2025-11-07 17:14:00+00:00,long,101192.61,101631.76,TP,5.2103,265.724,1.5
2025-11-07 17:56:00+00:00,2025-11-07 18:08:00+00:00,long,102347.58,102760.0,TP,5.3145,271.0385,1.5
2025-11-07 18:54:00+00:00,2025-11-07 19:38:00+00:00,long,102650.54,103080.65,TP,5.4208,276.4592,1.5
2025-11-07 19:59:00+00:00,2025-11-07 20:06:00+00:00,long,103395.25,103082.99,SL,-2.7646,273.6946,1.5
2025-11-07 20:14:00+00:00,2025-11-07 20:23:00+00:00,long,103342.37,103129.01,SL,-2.7369,270.9577,1.5
2025-11-07 20:30:00+00:00,2025-11-07 20:42:00+00:00,long,103312.02,103743.04,TP,5.4192,276.3769,1.5
2025-11-07 21:16:00+00:00,2025-11-07 22:06:00+00:00,long,103514.87,103938.6,TP,5.5275,281.9044,1.5
2025-11-07 22:23:00+00:00,2025-11-07 22:33:00+00:00,long,104002.89,103722.15,SL,-2.819,279.0853,1.5
2025-11-07 22:47:00+00:00,2025-11-07 23:02:00+00:00,long,103800.43,103529.31,SL,-2.7909,276.2945,1.5
2025-11-07 23:06:00+00:00,2025-11-07 23:18:00+00:00,long,103759.35,103462.9,SL,-2.7629,273.5316,1.5
2025-11-07 23:31:00+00:00,2025-11-07 23:59:00+00:00,long,103550.0,103339.08,SL,-2.7353,270.7962,1.5
2025-11-08 00:25:00+00:00,2025-11-08 00:38:00+00:00,short,103183.53,102612.15,TP,5.4159,276.2122,1.5
2025-11-08 00:54:00+00:00,2025-11-08 01:05:00+00:00,short,102790.96,103079.78,SL,-2.7621,273.45,1.5
2025-11-08 01:23:00+00:00,2025-11-08 01:40:00+00:00,short,102967.89,103220.01,SL,-2.7345,270.7155,1.5
2025-11-08 01:46:00+00:00,2025-11-08 02:22:00+00:00,short,103062.9,103303.99,SL,-2.7072,268.0084,1.5
2025-11-08 02:39:00+00:00,2025-11-08 02:45:00+00:00,long,103325.89,103101.91,SL,-2.6801,265.3283,1.5
2025-11-08 03:55:00+00:00,2025-11-08 04:47:00+00:00,short,102600.01,102805.63,SL,-2.6533,262.675,1.5
2025-11-08 04:53:00+00:00,2025-11-08 06:02:00+00:00,short,102640.95,102224.0,TP,5.2535,267.9285,1.5
2025-11-08 06:14:00+00:00,2025-11-08 06:17:00+00:00,short,102112.98,102373.47,SL,-2.6793,265.2492,1.5
2025-11-08 06:44:00+00:00,2025-11-08 07:23:00+00:00,short,102402.41,101954.14,TP,5.305,270.5542,1.5
2025-11-08 08:00:00+00:00,2025-11-08 08:36:00+00:00,short,102330.28,102549.2,SL,-2.7055,267.8487,1.5
2025-11-08 10:09:00+00:00,2025-11-08 10:28:00+00:00,short,102310.13,102520.02,SL,-2.6785,265.1702,1.5
2025-11-08 10:47:00+00:00,2025-11-08 11:33:00+00:00,long,102575.34,102366.47,SL,-2.6517,262.5185,1.5
2025-11-08 11:54:00+00:00,2025-11-08 12:06:00+00:00,short,101803.2,102033.73,SL,-2.6252,259.8933,1.5
2025-11-08 12:14:00+00:00,2025-11-08 12:25:00+00:00,short,101752.08,101963.9,SL,-2.5989,257.2944,1.5
2025-11-08 12:43:00+00:00,2025-11-08 14:15:00+00:00,short,102009.53,101576.25,TP,5.1459,262.4403,1.5
2025-11-08 14:46:00+00:00,2025-11-08 18:39:00+00:00,short,101900.01,102128.03,SL,-2.6244,259.8158,1.5
2025-11-08 18:49:00+00:00,2025-11-08 19:19:00+00:00,long,102077.02,101779.76,SL,-2.5982,257.2177,1.5
2025-11-08 19:59:00+00:00,2025-11-08 22:52:00+00:00,long,101989.65,102421.13,TP,5.1444,262.362,1.5
2025-11-08 23:20:00+00:00,2025-11-09 00:12:00+00:00,long,102426.14,102124.14,SL,-2.6236,259.7384,1.5
2025-11-09 00:51:00+00:00,2025-11-09 01:45:00+00:00,short,101872.5,102082.57,SL,-2.5974,257.141,1.5
2025-11-09 02:31:00+00:00,2025-11-09 04:20:00+00:00,short,101849.64,102099.99,SL,-2.5714,254.5696,1.5
2025-11-09 05:49:00+00:00,2025-11-09 09:53:00+00:00,long,101897.07,101662.65,SL,-2.5457,252.0239,1.5
2025-11-09 10:34:00+00:00,2025-11-09 10:47:00+00:00,short,101615.93,101840.0,SL,-2.5202,249.5037,1.5
2025-11-09 11:00:00+00:00,2025-11-09 12:18:00+00:00,long,101939.97,102366.28,TP,4.9901,254.4938,1.5
2025-11-09 12:46:00+00:00,2025-11-09 13:32:00+00:00,long,102192.29,102604.2,TP,5.0899,259.5836,1.5
2025-11-09 13:47:00+00:00,2025-11-09 14:18:00+00:00,long,102813.22,103235.69,TP,5.1917,264.7753,1.5
2025-11-09 15:04:00+00:00,2025-11-09 15:34:00+00:00,long,103265.22,103680.06,TP,5.2955,270.0708,1.5
2025-11-09 15:52:00+00:00,2025-11-09 15:57:00+00:00,long,103953.75,103712.13,SL,-2.7007,267.3701,1.5
2025-11-09 16:22:00+00:00,2025-11-09 17:00:00+00:00,long,103469.9,103900.92,TP,5.3474,272.7175,1.5
2025-11-09 17:28:00+00:00,2025-11-09 18:48:00+00:00,long,103537.58,103999.99,TP,5.4543,278.1719,1.5
2025-11-09 19:25:00+00:00,2025-11-09 20:00:00+00:00,long,104399.75,104871.2,TP,5.5634,283.7353,1.5
2025-11-09 20:01:00+00:00,2025-11-09 20:07:00+00:00,long,104923.38,104657.95,SL,-2.8374,280.898,1.5
2025-11-09 20:24:00+00:00,2025-11-09 21:56:00+00:00,long,104588.25,104377.44,SL,-2.809,278.089,1.5
2025-11-09 22:14:00+00:00,2025-11-09 22:37:00+00:00,long,104469.52,104152.95,SL,-2.7809,275.3081,1.5
2025-11-09 23:50:00+00:00,2025-11-10 00:03:00+00:00,long,104633.06,104379.99,SL,-2.7531,272.555,1.5
2025-11-10 00:09:00+00:00,2025-11-10 00:19:00+00:00,long,104710.51,105267.85,TP,5.4511,278.0061,1.5
2025-11-10 00:36:00+00:00,2025-11-10 00:50:00+00:00,long,105860.4,106323.78,TP,5.5601,283.5662,1.5
2025-11-10 01:45:00+00:00,2025-11-10 02:02:00+00:00,long,105809.93,105570.0,SL,-2.8357,280.7306,1.5
2025-11-10 02:08:00+00:00,2025-11-10 03:02:00+00:00,long,105735.64,106199.0,TP,5.6146,286.3452,1.5
2025-11-10 03:31:00+00:00,2025-11-10 05:16:00+00:00,long,105993.8,106420.61,TP,5.7269,292.0721,1.5
2025-11-10 05:44:00+00:00,2025-11-10 08:39:00+00:00,long,106155.99,105908.94,SL,-2.9207,289.1514,1.5
2025-11-10 09:14:00+00:00,2025-11-10 09:19:00+00:00,short,105950.57,106175.33,SL,-2.8915,286.2598,1.5
2025-11-10 10:17:00+00:00,2025-11-10 10:32:00+00:00,long,106363.05,106113.01,SL,-2.8626,283.3972,1.5
2025-11-10 10:56:00+00:00,2025-11-10 11:26:00+00:00,short,105968.71,106206.77,SL,-2.834,280.5633,1.5
2025-11-10 11:36:00+00:00,2025-11-10 13:06:00+00:00,short,106157.92,106379.12,SL,-2.8056,277.7576,1.5
2025-11-10 13:29:00+00:00,2025-11-10 14:31:00+00:00,long,106303.78,105960.44,SL,-2.7776,274.9801,1.5
2025-11-10 15:37:00+00:00,2025-11-10 15:51:00+00:00,short,105329.56,104875.28,TP,5.4996,280.4797,1.5
2025-11-10 16:21:00+00:00,2025-11-10 16:31:00+00:00,short,105051.75,105288.7,SL,-2.8048,277.6749,1.5
2025-11-10 16:35:00+00:00,2025-11-10 17:04:00+00:00,short,105090.46,105338.0,SL,-2.7767,274.8981,1.5
2025-11-10 17:12:00+00:00,2025-11-10 17:38:00+00:00,short,105353.4,105667.07,SL,-2.749,272.1491,1.5
2025-11-10 18:00:00+00:00,2025-11-10 18:08:00+00:00,long,106000.0,105786.96,SL,-2.7215,269.4276,1.5
2025-11-10 18:21:00+00:00,2025-11-10 18:55:00+00:00,long,105880.86,105627.73,SL,-2.6943,266.7334,1.5
2025-11-10 19:06:00+00:00,2025-11-10 20:13:00+00:00,long,105673.13,106188.03,TP,5.3347,272.068,1.5
2025-11-10 20:36:00+00:00,2025-11-10 20:50:00+00:00,long,106229.75,106012.16,SL,-2.7207,269.3474,1.5
2025-11-10 21:41:00+00:00,2025-11-10 22:06:00+00:00,short,105503.58,105810.94,SL,-2.6935,266.6539,1.5
2025-11-10 22:11:00+00:00,2025-11-10 22:37:00+00:00,short,105508.32,105764.62,SL,-2.6665,263.9873,1.5
2025-11-10 22:43:00+00:00,2025-11-10 22:48:00+00:00,short,105672.86,105901.68,SL,-2.6399,261.3475,1.5
2025-11-10 23:11:00+00:00,2025-11-10 23:53:00+00:00,long,106176.23,105914.58,SL,-2.6135,258.734,1.5
2025-11-11 00:05:00+00:00,2025-11-11 00:11:00+00:00,long,106074.41,105797.21,SL,-2.5873,256.1467,1.5
2025-11-11 00:47:00+00:00,2025-11-11 00:50:00+00:00,short,105578.0,105825.87,SL,-2.5615,253.5852,1.5
2025-11-11 01:14:00+00:00,2025-11-11 01:18:00+00:00,long,106249.98,106917.89,TP,5.0717,258.6569,1.5
2025-11-11 01:47:00+00:00,2025-11-11 01:54:00+00:00,long,106636.96,106388.09,SL,-2.5866,256.0703,1.5
2025-11-11 03:05:00+00:00,2025-11-11 03:42:00+00:00,long,106754.03,106474.04,SL,-2.5607,253.5096,1.5
2025-11-11 03:50:00+00:00,2025-11-11 04:11:00+00:00,long,106518.0,106218.04,SL,-2.5351,250.9745,1.5
2025-11-11 04:25:00+00:00,2025-11-11 05:03:00+00:00,short,106064.0,105615.49,TP,5.0195,255.994,1.5
2025-11-11 05:04:00+00:00,2025-11-11 06:07:00+00:00,short,105553.17,105044.13,TP,5.1199,261.1139,1.5
2025-11-11 06:29:00+00:00,2025-11-11 06:58:00+00:00,short,105042.68,105269.17,SL,-2.6111,258.5028,1.5
2025-11-11 07:08:00+00:00,2025-11-11 09:08:00+00:00,short,105110.81,105331.47,SL,-2.585,255.9177,1.5
2025-11-11 09:22:00+00:00,2025-11-11 09:44:00+00:00,long,105330.29,105082.4,SL,-2.5592,253.3586,1.5
2025-11-11 10:21:00+00:00,2025-11-11 11:04:00+00:00,short,105084.06,105369.68,SL,-2.5336,250.825,1.5
2025-11-11 11:35:00+00:00,2025-11-11 11:50:00+00:00,long,105392.37,105155.46,SL,-2.5082,248.3167,1.5
2025-11-11 12:02:00+00:00,2025-11-11 12:16:00+00:00,long,105302.56,105079.96,SL,-2.4832,245.8336,1.5
2025-11-11 12:36:00+00:00,2025-11-11 12:49:00+00:00,short,104863.29,104426.12,TP,4.9167,250.7502,1.5
2025-11-11 13:17:00+00:00,2025-11-11 14:48:00+00:00,short,104484.37,104031.64,TP,5.015,255.7652,1.5
2025-11-11 15:06:00+00:00,2025-11-11 15:08:00+00:00,short,104055.14,104265.61,SL,-2.5577,253.2076,1.5
2025-11-11 15:26:00+00:00,2025-11-11 15:32:00+00:00,short,104032.24,103575.78,TP,5.0642,258.2717,1.5
2025-11-11 15:47:00+00:00,2025-11-11 15:54:00+00:00,short,103250.07,103475.16,SL,-2.5827,255.689,1.5
2025-11-11 16:08:00+00:00,2025-11-11 16:11:00+00:00,short,103243.49,103540.3,SL,-2.5569,253.1321,1.5
2025-11-11 16:27:00+00:00,2025-11-11 17:40:00+00:00,short,103484.26,102903.21,TP,5.0626,258.1948,1.5
2025-11-11 18:08:00+00:00,2025-11-11 18:49:00+00:00,short,103211.36,103523.17,SL,-2.5819,255.6128,1.5
2025-11-11 19:00:00+00:00,2025-11-11 19:30:00+00:00,short,103209.09,103428.46,SL,-2.5561,253.0567,1.5
2025-11-11 19:35:00+00:00,2025-11-11 20:31:00+00:00,short,103259.12,102810.78,TP,5.0611,258.1178,1.5
2025-11-11 21:02:00+00:00,2025-11-11 21:09:00+00:00,short,102701.74,102915.71,SL,-2.5812,255.5366,1.5
2025-11-11 21:22:00+00:00,2025-11-11 21:49:00+00:00,short,102918.69,102492.33,TP,5.1107,260.6474,1.5
2025-11-11 22:02:00+00:00,2025-11-11 22:11:00+00:00,short,102533.75,102813.53,SL,-2.6065,258.0409,1.5
2025-11-11 22:31:00+00:00,2025-11-11 22:51:00+00:00,short,102867.41,103103.75,SL,-2.5804,255.4605,1.5
2025-11-11 22:53:00+00:00,2025-11-11 23:02:00+00:00,long,103110.07,102831.4,SL,-2.5546,252.9059,1.5
2025-11-11 23:12:00+00:00,2025-11-12 02:17:00+00:00,long,102960.84,103398.12,TP,5.0581,257.964,1.5
2025-11-12 03:49:00+00:00,2025-11-12 04:30:00+00:00,long,103413.09,103200.01,SL,-2.5796,255.3844,1.5
2025-11-12 05:18:00+00:00,2025-11-12 07:56:00+00:00,long,103367.0,103158.59,SL,-2.5538,252.8305,1.5
2025-11-12 09:05:00+00:00,2025-11-12 09:11:00+00:00,long,104290.58,104862.49,TP,5.0566,257.8871,1.5
2025-11-12 09:56:00+00:00,2025-11-12 10:35:00+00:00,long,104542.37,104992.6,TP,5.1577,263.0449,1.5
2025-11-12 11:01:00+00:00,2025-11-12 13:19:00+00:00,long,104936.47,104690.6,SL,-2.6304,260.4144,1.5
2025-11-12 14:11:00+00:00,2025-11-12 14:35:00+00:00,long,104911.64,104694.77,SL,-2.6041,257.8103,1.5
2025-11-12 14:47:00+00:00,2025-11-12 15:14:00+00:00,short,104278.74,103732.0,TP,5.1562,262.9665,1.5
2025-11-12 15:36:00+00:00,2025-11-12 15:42:00+00:00,short,103125.02,102692.46,TP,5.2593,268.2258,1.5
2025-11-12 15:52:00+00:00,2025-11-12 16:08:00+00:00,short,102267.63,101833.49,TP,5.3645,273.5903,1.5
2025-11-12 16:11:00+00:00,2025-11-12 16:16:00+00:00,short,101459.38,101745.72,SL,-2.7359,270.8544,1.5
2025-11-12 16:41:00+00:00,2025-11-12 17:39:00+00:00,short,101765.52,102122.34,SL,-2.7085,268.1459,1.5
2025-11-12 17:46:00+00:00,2025-11-12 19:06:00+00:00,short,101756.0,101319.63,TP,5.3629,273.5088,1.5
2025-11-12 19:28:00+00:00,2025-11-12 19:30:00+00:00,short,100899.99,101116.75,SL,-2.7351,270.7737,1.5
2025-11-12 19:31:00+00:00,2025-11-12 19:40:00+00:00,short,101005.19,101219.99,SL,-2.7077,268.066,1.5
2025-11-12 19:58:00+00:00,2025-11-12 20:11:00+00:00,short,101280.0,101521.98,SL,-2.6807,265.3853,1.5
2025-11-12 21:33:00+00:00,2025-11-12 22:13:00+00:00,long,101819.47,101610.74,SL,-2.6539,262.7315,1.5
2025-11-12 23:15:00+00:00,2025-11-12 23:44:00+00:00,long,101815.54,101562.24,SL,-2.6273,260.1041,1.5
2025-11-13 00:20:00+00:00,2025-11-13 00:37:00+00:00,short,101708.51,101937.23,SL,-2.601,257.5031,1.5
2025-11-13 00:53:00+00:00,2025-11-13 01:11:00+00:00,long,101919.28,102406.96,TP,5.1501,262.6532,1.5
2025-11-13 01:35:00+00:00,2025-11-13 01:53:00+00:00,long,102265.2,102011.29,SL,-2.6265,260.0266,1.5
2025-11-13 02:04:00+00:00,2025-11-13 03:09:00+00:00,long,102117.06,101843.83,SL,-2.6003,257.4264,1.5
2025-11-13 05:05:00+00:00,2025-11-13 05:28:00+00:00,short,101977.09,102195.06,SL,-2.5743,254.8521,1.5
2025-11-13 06:20:00+00:00,2025-11-13 07:02:00+00:00,long,103325.0,103750.53,TP,5.097,259.9492,1.5
2025-11-13 07:23:00+00:00,2025-11-13 07:36:00+00:00,long,103893.48,103679.27,SL,-2.5995,257.3497,1.5
2025-11-13 07:59:00+00:00,2025-11-13 09:07:00+00:00,long,103475.66,103144.24,SL,-2.5735,254.7762,1.5
2025-11-13 09:47:00+00:00,2025-11-13 10:19:00+00:00,short,102935.46,103175.08,SL,-2.5478,252.2284,1.5
2025-11-13 10:29:00+00:00,2025-11-13 13:28:00+00:00,short,103073.55,102570.25,TP,5.0446,257.273,1.5
2025-11-13 13:56:00+00:00,2025-11-13 14:05:00+00:00,short,102285.21,102499.99,SL,-2.5727,254.7002,1.5
2025-11-13 14:13:00+00:00,2025-11-13 14:20:00+00:00,short,102238.05,102444.51,SL,-2.547,252.1532,1.5
2025-11-13 14:35:00+00:00,2025-11-13 14:40:00+00:00,short,102152.42,102410.89,SL,-2.5215,249.6317,1.5
2025-11-13 15:02:00+00:00,2025-11-13 15:12:00+00:00,short,102474.01,102703.43,SL,-2.4963,247.1354,1.5
2025-11-13 15:14:00+00:00,2025-11-13 15:18:00+00:00,long,102845.7,102579.28,SL,-2.4714,244.664,1.5
2025-11-13 16:18:00+00:00,2025-11-13 16:34:00+00:00,short,100936.47,101348.27,SL,-2.4466,242.2174,1.5
2025-11-13 16:42:00+00:00,2025-11-13 17:00:00+00:00,short,100982.94,100554.25,TP,4.8443,247.0617,1.5
2025-11-13 17:10:00+00:00,2025-11-13 17:15:00+00:00,short,100515.54,100725.29,SL,-2.4706,244.5911,1.5
2025-11-13 17:21:00+00:00,2025-11-13 17:41:00+00:00,short,100400.01,99889.18,TP,4.8918,249.4829,1.5
2025-11-13 17:51:00+00:00,2025-11-13 18:08:00+00:00,short,99884.15,99474.58,TP,4.9897,254.4726,1.5
2025-11-13 18:25:00+00:00,2025-11-13 18:29:00+00:00,short,98896.13,99100.17,SL,-2.5447,251.9279,1.5
2025-11-13 18:33:00+00:00,2025-11-13 18:38:00+00:00,short,98711.44,98269.06,TP,5.0386,256.9664,1.5
2025-11-13 19:17:00+00:00,2025-11-13 19:22:00+00:00,short,98498.97,98798.7,SL,-2.5697,254.3968,1.5
2025-11-13 19:33:00+00:00,2025-11-13 19:55:00+00:00,short,98811.36,98398.41,TP,5.0879,259.4847,1.5
2025-11-13 20:10:00+00:00,2025-11-13 20:11:00+00:00,short,98300.29,98504.0,SL,-2.5948,256.8899,1.5
2025-11-13 20:12:00+00:00,2025-11-13 20:27:00+00:00,short,98338.77,98539.21,SL,-2.5689,254.321,1.5
2025-11-13 20:44:00+00:00,2025-11-13 20:58:00+00:00,short,98555.87,98138.49,TP,5.0864,259.4074,1.5
2025-11-13 21:17:00+00:00,2025-11-13 21:30:00+00:00,short,98358.04,98612.22,SL,-2.5941,256.8133,1.5
2025-11-13 21:57:00+00:00,2025-11-13 22:08:00+00:00,short,98809.03,99013.72,SL,-2.5681,254.2452,1.5
2025-11-13 22:24:00+00:00,2025-11-13 22:42:00+00:00,long,99466.5,99905.89,TP,5.0849,259.3301,1.5
2025-11-13 23:09:00+00:00,2025-11-13 23:19:00+00:00,long,99920.74,100372.0,TP,5.1866,264.5167,1.5
2025-11-13 23:37:00+00:00,2025-11-13 23:47:00+00:00,long,100487.11,100203.58,SL,-2.6452,261.8715,1.5
2025-11-14 00:15:00+00:00,2025-11-14 00:18:00+00:00,short,98933.33,99271.72,SL,-2.6187,259.2528,1.5
2025-11-14 00:38:00+00:00,2025-11-14 00:52:00+00:00,short,99247.77,98847.98,TP,5.1851,264.4379,1.5
2025-11-14 01:39:00+00:00,2025-11-14 02:03:00+00:00,short,99275.03,99500.0,SL,-2.6444,261.7935,1.5
2025-11-14 02:12:00+00:00,2025-11-14 03:06:00+00:00,long,99540.96,99340.01,SL,-2.6179,259.1755,1.5
2025-11-14 03:38:00+00:00,2025-11-14 04:31:00+00:00,short,99110.08,98618.17,TP,5.1835,264.3591,1.5
2025-11-14 05:10:00+00:00,2025-11-14 05:33:00+00:00,short,97630.71,97237.92,TP,5.2872,269.6462,1.5
2025-11-14 05:39:00+00:00,2025-11-14 05:40:00+00:00,short,97147.5,97389.9,SL,-2.6965,266.9498,1.5
2025-11-14 06:02:00+00:00,2025-11-14 06:18:00+00:00,short,97359.01,96952.82,TP,5.339,272.2888,1.5
2025-11-14 06:44:00+00:00,2025-11-14 06:47:00+00:00,short,96769.2,96323.61,TP,5.4458,277.7345,1.5
2025-11-14 07:08:00+00:00,2025-11-14 07:13:00+00:00,short,96992.01,97421.06,SL,-2.7773,274.9572,1.5
2025-11-14 07:32:00+00:00,2025-11-14 07:36:00+00:00,short,97447.97,97053.42,TP,5.4991,280.4563,1.5
2025-11-14 07:46:00+00:00,2025-11-14 07:53:00+00:00,long,97517.18,97211.74,SL,-2.8046,277.6518,1.5
2025-11-14 07:55:00+00:00,2025-11-14 09:00:00+00:00,short,97239.39,97448.92,SL,-2.7765,274.8753,1.5
2025-11-14 09:27:00+00:00,2025-11-14 10:57:00+00:00,short,97119.08,96718.51,TP,5.4975,280.3728,1.5
2025-11-14 11:08:00+00:00,2025-11-14 11:32:00+00:00,short,96728.82,96249.47,TP,5.6075,285.9802,1.5
2025-11-14 11:53:00+00:00,2025-11-14 11:57:00+00:00,short,95832.4,96122.04,SL,-2.8598,283.1204,1.5
2025-11-14 12:12:00+00:00,2025-11-14 12:27:00+00:00,short,95604.11,95840.23,SL,-2.8312,280.2892,1.5
2025-11-14 12:33:00+00:00,2025-11-14 12:39:00+00:00,short,95427.91,95013.78,TP,5.6058,285.895,1.5
2025-11-14 13:09:00+00:00,2025-11-14 13:23:00+00:00,short,95228.0,94841.79,TP,5.7179,291.6129,1.5
2025-11-14 13:35:00+00:00,2025-11-14 13:51:00+00:00,short,94798.58,95263.44,SL,-2.9161,288.6968,1.5
2025-11-14 14:12:00+00:00,2025-11-14 14:18:00+00:00,short,95445.86,95673.5,SL,-2.887,285.8098,1.5
2025-11-14 14:35:00+00:00,2025-11-14 14:38:00+00:00,long,95940.0,96443.01,TP,5.7162,291.526,1.5
2025-11-14 14:53:00+00:00,2025-11-14 14:55:00+00:00,long,96664.43,96399.05,SL,-2.9153,288.6107,1.5
2025-11-14 15:22:00+00:00,2025-11-14 15:25:00+00:00,long,96327.92,95962.61,SL,-2.8861,285.7246,1.5
2025-11-14 15:27:00+00:00,2025-11-14 15:46:00+00:00,long,96555.0,97032.18,TP,5.7145,291.4391,1.5
2025-11-14 16:15:00+00:00,2025-11-14 16:18:00+00:00,long,96582.55,96353.39,SL,-2.9144,288.5247,1.5
2025-11-14 16:23:00+00:00,2025-11-14 16:28:00+00:00,long,96641.21,97091.62,TP,5.7705,294.2952,1.5
2025-11-14 17:17:00+00:00,2025-11-14 17:20:00+00:00,long,97118.58,96912.85,SL,-2.943,291.3523,1.5
2025-11-14 18:00:00+00:00,2025-11-14 18:02:00+00:00,short,95620.0,95874.0,SL,-2.9135,288.4388,1.5
2025-11-14 18:22:00+00:00,2025-11-14 18:30:00+00:00,short,95867.03,96151.19,SL,-2.8844,285.5544,1.5
2025-11-14 18:36:00+00:00,2025-11-14 18:42:00+00:00,short,95793.85,95323.95,TP,5.7111,291.2655,1.5
2025-11-14 18:59:00+00:00,2025-11-14 19:12:00+00:00,short,95075.53,95335.95,SL,-2.9127,288.3528,1.5
2025-11-14 19:31:00+00:00,2025-11-14 19:52:00+00:00,short,95587.67,95816.12,SL,-2.8835,285.4693,1.5
2025-11-14 20:08:00+00:00,2025-11-14 20:21:00+00:00,short,95665.68,95219.09,TP,5.7094,291.1787,1.5
2025-11-14 20:38:00+00:00,2025-11-14 20:40:00+00:00,short,94780.99,94400.0,TP,5.8236,297.0022,1.5
2025-11-14 21:25:00+00:00,2025-11-14 22:03:00+00:00,short,94985.75,95253.9,SL,-2.97,294.0322,1.5
2025-11-14 22:11:00+00:00,2025-11-14 22:14:00+00:00,short,95169.45,94737.6,TP,5.8806,299.9129,1.5
2025-11-14 22:43:00+00:00,2025-11-14 22:49:00+00:00,long,95472.97,95166.01,SL,-2.9991,296.9137,1.5
2025-11-14 23:23:00+00:00,2025-11-14 23:31:00+00:00,short,94224.97,94415.4,SL,-2.9691,293.9446,1.5
2025-11-14 23:54:00+00:00,2025-11-15 00:00:00+00:00,short,94622.0,94828.0,SL,-2.9394,291.0051,1.5
2025-11-15 00:24:00+00:00,2025-11-15 00:32:00+00:00,long,95394.8,95093.71,SL,-2.9101,288.0951,1.5
2025-11-15 00:55:00+00:00,2025-11-15 01:02:00+00:00,long,95112.84,94874.6,SL,-2.881,285.2141,1.5
2025-11-15 01:04:00+00:00,2025-11-15 01:13:00+00:00,short,94842.13,95124.28,SL,-2.8521,282.362,1.5
2025-11-15 01:32:00+00:00,2025-11-15 01:55:00+00:00,long,95248.12,95778.71,TP,5.6472,288.0092,1.5
2025-11-15 02:17:00+00:00,2025-11-15 02:44:00+00:00,long,95685.99,96133.99,TP,5.7602,293.7694,1.5
2025-11-15 02:53:00+00:00,2025-11-15 03:20:00+00:00,long,96170.01,96559.99,TP,5.8754,299.6448,1.5
2025-11-15 03:50:00+00:00,2025-11-15 04:28:00+00:00,long,96281.55,96073.48,SL,-2.9964,296.6484,1.5
2025-11-15 04:47:00+00:00,2025-11-15 05:55:00+00:00,long,96005.65,96414.46,TP,5.933,302.5813,1.5
2025-11-15 06:09:00+00:00,2025-11-15 06:43:00+00:00,long,96405.02,96191.32,SL,-3.0258,299.5555,1.5
2025-11-15 06:53:00+00:00,2025-11-15 07:00:00+00:00,long,96267.35,96058.4,SL,-2.9956,296.56,1.5
2025-11-15 07:36:00+00:00,2025-11-15 08:53:00+00:00,short,96168.22,95704.47,TP,5.9312,302.4912,1.5
2025-11-15 09:02:00+00:00,2025-11-15 09:10:00+00:00,short,95689.4,95942.27,SL,-3.0249,299.4662,1.5
2025-11-15 09:28:00+00:00,2025-11-15 13:21:00+00:00,short,95953.22,96172.49,SL,-2.9947,296.4716,1.5
2025-11-15 13:37:00+00:00,2025-11-15 16:06:00+00:00,long,96175.94,95848.0,SL,-2.9647,293.5069,1.5
2025-11-15 17:00:00+00:00,2025-11-15 17:08:00+00:00,long,96197.12,95928.6,SL,-2.9351,290.5718,1.5
2025-11-15 17:30:00+00:00,2025-11-15 17:46:00+00:00,short,95948.0,96166.47,SL,-2.9057,287.6661,1.5
2025-11-15 18:05:00+00:00,2025-11-15 18:20:00+00:00,long,96280.01,96061.73,SL,-2.8767,284.7894,1.5
2025-11-15 18:54:00+00:00,2025-11-15 20:37:00+00:00,short,96005.36,95616.98,TP,5.6958,290.4852,1.5
2025-11-15 20:42:00+00:00,2025-11-15 20:53:00+00:00,short,95559.76,95131.75,TP,5.8097,296.2949,1.5
2025-11-15 21:23:00+00:00,2025-11-15 21:51:00+00:00,short,95523.77,95128.01,TP,5.9259,302.2208,1.5
2025-11-15 22:32:00+00:00,2025-11-16 01:00:00+00:00,short,95575.21,95132.51,TP,6.0444,308.2652,1.5
2025-11-16 01:17:00+00:00,2025-11-16 01:28:00+00:00,short,95270.12,95489.99,SL,-3.0827,305.1826,1.5
2025-11-16 01:32:00+00:00,2025-11-16 01:46:00+00:00,short,95267.05,94882.97,TP,6.1037,311.2862,1.5
2025-11-16 02:05:00+00:00,2025-11-16 02:09:00+00:00,short,95175.6,95390.41,SL,-3.1129,308.1734,1.5
2025-11-16 02:24:00+00:00,2025-11-16 02:28:00+00:00,short,95368.23,95724.99,SL,-3.0817,305.0916,1.5
2025-11-16 02:48:00+00:00,2025-11-16 09:46:00+00:00,long,95835.47,96233.61,TP,6.1018,311.1935,1.5
2025-11-16 10:47:00+00:00,2025-11-16 11:08:00+00:00,long,96499.29,96301.31,SL,-3.1119,308.0815,1.5
2025-11-16 12:23:00+00:00,2025-11-16 12:52:00+00:00,short,95676.81,95887.86,SL,-3.0808,305.0007,1.5
2025-11-16 12:56:00+00:00,2025-11-16 13:38:00+00:00,short,95689.2,95295.98,TP,6.1,311.1007,1.5
2025-11-16 14:17:00+00:00,2025-11-16 14:37:00+00:00,short,95352.3,95543.13,SL,-3.111,307.9897,1.5
2025-11-16 14:51:00+00:00,2025-11-16 15:53:00+00:00,short,95574.28,94875.74,TP,6.1598,314.1495,1.5
2025-11-16 16:14:00+00:00,2025-11-16 17:43:00+00:00,short,94415.07,94035.78,TP,6.283,320.4325,1.5
2025-11-16 17:55:00+00:00,2025-11-16 17:59:00+00:00,short,94002.69,94357.67,SL,-3.2043,317.2282,1.5
2025-11-16 19:21:00+00:00,2025-11-16 20:26:00+00:00,short,94327.23,94557.24,SL,-3.1723,314.0559,1.5
2025-11-16 21:43:00+00:00,2025-11-16 21:45:00+00:00,short,93399.04,93612.66,SL,-3.1406,310.9153,1.5
2025-11-16 22:01:00+00:00,2025-11-16 22:19:00+00:00,short,93322.97,93529.36,SL,-3.1092,307.8062,1.5
2025-11-16 22:40:00+00:00,2025-11-16 22:48:00+00:00,short,93676.09,93899.94,SL,-3.0781,304.7281,1.5
2025-11-16 22:49:00+00:00,2025-11-16 23:00:00+00:00,long,94180.45,93988.67,SL,-3.0473,301.6808,1.5
2025-11-16 23:12:00+00:00,2025-11-16 23:24:00+00:00,long,93886.87,94361.37,TP,6.0336,307.7145,1.5
2025-11-16 23:54:00+00:00,2025-11-16 23:55:00+00:00,long,94514.75,94298.01,SL,-3.0771,304.6373,1.5
2025-11-17 00:09:00+00:00,2025-11-17 00:14:00+00:00,long,94426.5,94228.23,SL,-3.0464,301.5909,1.5
2025-11-17 00:25:00+00:00,2025-11-17 00:28:00+00:00,long,94294.43,94685.03,TP,6.0318,307.6228,1.5
2025-11-17 00:53:00+00:00,2025-11-17 01:19:00+00:00,long,95143.99,94937.9,SL,-3.0762,304.5465,1.5
2025-11-17 01:27:00+00:00,2025-11-17 01:43:00+00:00,long,95138.22,94910.27,SL,-3.0455,301.5011,1.5
2025-11-17 02:03:00+00:00,2025-11-17 02:11:00+00:00,long,94899.98,95283.25,TP,6.03,307.5311,1.5
2025-11-17 02:55:00+00:00,2025-11-17 03:14:00+00:00,long,94959.66,95354.47,TP,6.1506,313.6817,1.5
2025-11-17 03:23:00+00:00,2025-11-17 03:36:00+00:00,long,95509.62,95313.28,SL,-3.1368,310.5449,1.5
2025-11-17 03:51:00+00:00,2025-11-17 04:12:00+00:00,long,95451.99,95255.91,SL,-3.1054,307.4394,1.5
2025-11-17 04:25:00+00:00,2025-11-17 05:09:00+00:00,long,95188.29,94997.91,SL,-3.0744,304.3651,1.5
2025-11-17 05:38:00+00:00,2025-11-17 06:53:00+00:00,short,95051.39,95263.04,SL,-3.0437,301.3214,1.5
2025-11-17 07:07:00+00:00,2025-11-17 07:46:00+00:00,long,95435.68,95836.27,TP,6.0264,307.3478,1.5
2025-11-17 08:16:00+00:00,2025-11-17 08:44:00+00:00,long,95838.5,95623.12,SL,-3.0735,304.2743,1.5
2025-11-17 08:56:00+00:00,2025-11-17 09:02:00+00:00,long,95633.41,95366.01,SL,-3.0427,301.2316,1.5
2025-11-17 09:11:00+00:00,2025-11-17 12:12:00+00:00,long,95542.06,95345.33,SL,-3.0123,298.2193,1.5
2025-11-17 12:36:00+00:00,2025-11-17 13:12:00+00:00,short,95354.15,94924.87,TP,5.9644,304.1837,1.5
2025-11-17 13:22:00+00:00,2025-11-17 13:31:00+00:00,short,94907.68,94412.01,TP,6.0837,310.2674,1.5
2025-11-17 13:49:00+00:00,2025-11-17 13:57:00+00:00,short,93742.55,93998.05,SL,-3.1027,307.1647,1.5
2025-11-17 14:25:00+00:00,2025-11-17 14:32:00+00:00,short,94153.99,94600.21,SL,-3.0716,304.093,1.5
2025-11-17 15:37:00+00:00,2025-11-17 15:48:00+00:00,short,94164.84,94368.9,SL,-3.0409,301.0521,1.5
2025-11-17 15:56:00+00:00,2025-11-17 16:05:00+00:00,short,93959.79,93579.94,TP,6.021,307.0731,1.5
2025-11-17 16:47:00+00:00,2025-11-17 16:50:00+00:00,short,93736.47,94046.51,SL,-3.0707,304.0024,1.5
2025-11-17 17:01:00+00:00,2025-11-17 17:15:00+00:00,short,94158.35,93742.32,TP,6.08,310.0825,1.5
2025-11-17 18:16:00+00:00,2025-11-17 18:48:00+00:00,short,92813.24,93010.01,SL,-3.1008,306.9816,1.5
2025-11-17 18:55:00+00:00,2025-11-17 19:18:00+00:00,short,92605.76,92220.53,TP,6.1396,313.1213,1.5
2025-11-17 19:24:00+00:00,2025-11-17 19:35:00+00:00,short,92180.01,92407.62,SL,-3.1312,309.9901,1.5
2025-11-17 19:38:00+00:00,2025-11-17 20:00:00+00:00,short,91990.25,91530.39,TP,6.1998,316.1899,1.5
2025-11-17 20:32:00+00:00,2025-11-17 20:36:00+00:00,short,91652.01,91959.97,SL,-3.1619,313.028,1.5
2025-11-17 20:38:00+00:00,2025-11-17 20:47:00+00:00,short,91673.59,91917.09,SL,-3.1303,309.8977,1.5
2025-11-17 21:11:00+00:00,2025-11-17 21:19:00+00:00,short,92140.0,91769.01,TP,6.198,316.0956,1.5
2025-11-17 21:36:00+00:00,2025-11-17 21:42:00+00:00,short,91638.98,91913.27,SL,-3.161,312.9347,1.5
2025-11-17 21:47:00+00:00,2025-11-17 21:53:00+00:00,short,91626.7,91875.43,SL,-3.1293,309.8053,1.5
2025-11-17 22:05:00+00:00,2025-11-17 22:08:00+00:00,short,91850.0,92035.6,SL,-3.0981,306.7073,1.5
2025-11-17 22:18:00+00:00,2025-11-17 22:35:00+00:00,short,92046.76,92234.53,SL,-3.0671,303.6402,1.5
2025-11-17 22:41:00+00:00,2025-11-17 23:07:00+00:00,long,92265.05,92040.2,SL,-3.0364,300.6038,1.5
2025-11-17 23:30:00+00:00,2025-11-17 23:36:00+00:00,short,91793.91,91987.51,SL,-3.006,297.5978,1.5
2025-11-18 01:08:00+00:00,2025-11-18 01:15:00+00:00,long,92124.92,91862.5,SL,-2.976,294.6218,1.5
2025-11-18 01:41:00+00:00,2025-11-18 02:02:00+00:00,short,91826.53,91296.44,TP,5.8924,300.5142,1.5
2025-11-18 02:12:00+00:00,2025-11-18 02:16:00+00:00,short,91320.21,90933.99,TP,6.0103,306.5245,1.5
2025-11-18 02:36:00+00:00,2025-11-18 02:46:00+00:00,short,91286.22,91615.88,SL,-3.0652,303.4593,1.5
2025-11-18 02:51:00+00:00,2025-11-18 02:58:00+00:00,short,91246.15,90789.96,TP,6.0692,309.5284,1.5
2025-11-18 03:25:00+00:00,2025-11-18 03:26:00+00:00,short,90120.0,90310.0,SL,-3.0953,306.4332,1.5
2025-11-18 03:29:00+00:00,2025-11-18 03:37:00+00:00,short,90027.77,90248.4,SL,-3.0643,303.3688,1.5
2025-11-18 03:56:00+00:00,2025-11-18 04:09:00+00:00,short,90719.27,90320.07,TP,6.0674,309.4362,1.5
2025-11-18 04:46:00+00:00,2025-11-18 04:48:00+00:00,short,89804.59,90000.0,SL,-3.0944,306.3418,1.5
2025-11-18 04:50:00+00:00,2025-11-18 04:56:00+00:00,short,89570.94,89940.0,SL,-3.0634,303.2784,1.5
2025-11-18 05:26:00+00:00,2025-11-18 06:35:00+00:00,short,90209.82,89818.02,TP,6.0656,309.344,1.5
2025-11-18 08:02:00+00:00,2025-11-18 08:17:00+00:00,long,90696.67,91097.15,TP,6.1869,315.5309,1.5
2025-11-18 08:33:00+00:00,2025-11-18 09:26:00+00:00,long,91119.96,90904.58,SL,-3.1553,312.3756,1.5
2025-11-18 09:37:00+00:00,2025-11-18 09:57:00+00:00,long,91018.28,91407.06,TP,6.2475,318.6231,1.5
2025-11-18 10:31:00+00:00,2025-11-18 10:50:00+00:00,long,91531.33,91331.78,SL,-3.1862,315.4368,1.5
2025-11-18 10:57:00+00:00,2025-11-18 11:16:00+00:00,long,91596.1,91347.83,SL,-3.1544,312.2825,1.5
2025-11-18 11:23:00+00:00,2025-11-18 11:32:00+00:00,long,91504.01,91290.28,SL,-3.1228,309.1597,1.5
2025-11-18 11:36:00+00:00,2025-11-18 12:12:00+00:00,long,91470.0,91223.84,SL,-3.0916,306.0681,1.5
2025-11-18 12:17:00+00:00,2025-11-18 12:25:00+00:00,long,91485.72,91243.08,SL,-3.0607,303.0074,1.5
2025-11-18 12:32:00+00:00,2025-11-18 12:41:00+00:00,long,91383.48,91817.95,TP,6.0601,309.0675,1.5
2025-11-18 13:04:00+00:00,2025-11-18 13:08:00+00:00,long,91636.09,91436.63,SL,-3.0907,305.9768,1.5
2025-11-18 13:13:00+00:00,2025-11-18 13:22:00+00:00,long,91526.94,91342.23,SL,-3.0598,302.9171,1.5
2025-11-18 13:40:00+00:00,2025-11-18 13:42:00+00:00,long,91411.33,91217.33,SL,-3.0292,299.8879,1.5
2025-11-18 14:18:00+00:00,2025-11-18 14:27:00+00:00,long,91386.23,91799.99,TP,5.9978,305.8857,1.5
2025-11-18 15:07:00+00:00,2025-11-18 15:13:00+00:00,long,91643.49,92141.23,TP,6.1177,312.0034,1.5
2025-11-18 15:55:00+00:00,2025-11-18 16:01:00+00:00,long,92982.86,92764.05,SL,-3.12,308.8833,1.5
2025-11-18 16:08:00+00:00,2025-11-18 16:20:00+00:00,long,93128.63,93623.55,TP,6.1777,315.061,1.5
2025-11-18 16:57:00+00:00,2025-11-18 17:26:00+00:00,long,93493.1,93293.07,SL,-3.1506,311.9104,1.5
2025-11-18 17:37:00+00:00,2025-11-18 18:04:00+00:00,long,93112.71,93524.44,TP,6.2382,318.1486,1.5
2025-11-18 18:40:00+00:00,2025-11-18 19:44:00+00:00,long,93425.23,93200.68,SL,-3.1815,314.9671,1.5
2025-11-18 20:09:00+00:00,2025-11-18 20:49:00+00:00,short,93068.07,92681.66,TP,6.2993,321.2665,1.5
2025-11-18 21:24:00+00:00,2025-11-18 21:54:00+00:00,short,92886.0,92463.01,TP,6.4253,327.6918,1.5
2025-11-18 22:33:00+00:00,2025-11-18 22:47:00+00:00,long,93395.71,93179.99,SL,-3.2769,324.4149,1.5
2025-11-18 23:45:00+00:00,2025-11-19 00:15:00+00:00,short,92860.5,92477.58,TP,6.4883,330.9032,1.5
2025-11-19 00:58:00+00:00,2025-11-19 01:10:00+00:00,short,92516.27,92102.16,TP,6.6181,337.5212,1.5
2025-11-19 01:33:00+00:00,2025-11-19 02:05:00+00:00,short,92273.16,92577.26,SL,-3.3752,334.146,1.5
2025-11-19 02:32:00+00:00,2025-11-19 03:07:00+00:00,long,92636.0,92415.8,SL,-3.3415,330.8046,1.5
2025-11-19 03:32:00+00:00,2025-11-19 03:48:00+00:00,short,92140.0,91762.01,TP,6.6161,337.4207,1.5
2025-11-19 03:49:00+00:00,2025-11-19 04:05:00+00:00,short,91742.54,91938.0,SL,-3.3742,334.0465,1.5
2025-11-19 04:13:00+00:00,2025-11-19 04:40:00+00:00,short,91752.25,91377.41,TP,6.6809,340.7274,1.5
2025-11-19 04:58:00+00:00,2025-11-19 05:26:00+00:00,short,91255.74,90853.89,TP,6.8145,347.5419,1.5
2025-11-19 05:27:00+00:00,2025-11-19 05:37:00+00:00,short,90859.08,90491.4,TP,6.9508,354.4928,1.5
2025-11-19 06:20:00+00:00,2025-11-19 06:25:00+00:00,short,90520.01,90752.2,SL,-3.5449,350.9478,1.5
2025-11-19 06:39:00+00:00,2025-11-19 06:51:00+00:00,short,90892.9,91099.99,SL,-3.5095,347.4384,1.5
2025-11-19 06:56:00+00:00,2025-11-19 07:06:00+00:00,short,91026.0,91258.43,SL,-3.4744,343.964,1.5
2025-11-19 07:33:00+00:00,2025-11-19 07:46:00+00:00,long,91491.47,91937.55,TP,6.8793,350.8433,1.5
2025-11-19 08:26:00+00:00,2025-11-19 08:39:00+00:00,long,91852.48,91659.25,SL,-3.5084,347.3348,1.5
2025-11-19 09:03:00+00:00,2025-11-19 09:59:00+00:00,short,91323.64,91513.72,SL,-3.4733,343.8615,1.5
2025-11-19 10:29:00+00:00,2025-11-19 10:48:00+00:00,long,91500.01,91314.86,SL,-3.4386,340.4229,1.5
2025-11-19 12:04:00+00:00,2025-11-19 12:19:00+00:00,long,91507.99,91314.75,SL,-3.4042,337.0186,1.5
2025-11-19 12:37:00+00:00,2025-11-19 12:46:00+00:00,short,91338.19,91540.9,SL,-3.3702,333.6484,1.5
2025-11-19 13:17:00+00:00,2025-11-19 13:22:00+00:00,long,91781.17,91581.6,SL,-3.3365,330.312,1.5
2025-11-19 13:27:00+00:00,2025-11-19 13:35:00+00:00,long,91771.62,91532.84,SL,-3.3031,327.0088,1.5
2025-11-19 14:04:00+00:00,2025-11-19 14:13:00+00:00,short,91260.25,91533.13,SL,-3.2701,323.7388,1.5
2025-11-19 14:21:00+00:00,2025-11-19 14:33:00+00:00,short,91265.35,91526.0,SL,-3.2374,320.5014,1.5
2025-11-19 15:00:00+00:00,2025-11-19 15:09:00+00:00,long,91850.0,92218.8,TP,6.41,326.9114,1.5
2025-11-19 15:47:00+00:00,2025-11-19 15:55:00+00:00,short,90392.53,89964.01,TP,6.5382,333.4496,1.5
2025-11-19 16:19:00+00:00,2025-11-19 16:21:00+00:00,short,89740.88,89942.15,SL,-3.3345,330.1151,1.5
2025-11-19 16:24:00+00:00,2025-11-19 16:59:00+00:00,short,89725.16,89905.78,SL,-3.3012,326.814,1.5
2025-11-19 17:05:00+00:00,2025-11-19 17:33:00+00:00,short,89618.08,89159.93,TP,6.5363,333.3503,1.5
2025-11-19 18:16:00+00:00,2025-11-19 18:26:00+00:00,short,89412.45,89003.15,TP,6.667,340.0173,1.5
2025-11-19 18:43:00+00:00,2025-11-19 18:50:00+00:00,short,88895.01,89079.88,SL,-3.4002,336.6171,1.5
2025-11-19 19:11:00+00:00,2025-11-19 19:43:00+00:00,short,89088.01,88718.68,TP,6.7323,343.3494,1.5
2025-11-19 20:02:00+00:00,2025-11-19 20:19:00+00:00,short,88804.95,88990.0,SL,-3.4335,339.9159,1.5
2025-11-19 20:51:00+00:00,2025-11-19 21:06:00+00:00,long,89507.45,89895.41,TP,6.7983,346.7143,1.5
2025-11-19 21:18:00+00:00,2025-11-19 21:20:00+00:00,long,89904.44,90405.52,TP,6.9343,353.6485,1.5
2025-11-19 21:37:00+00:00,2025-11-19 21:39:00+00:00,long,90628.11,90376.01,SL,-3.5365,350.1121,1.5
2025-11-19 21:54:00+00:00,2025-11-19 22:00:00+00:00,long,90667.44,90456.5,SL,-3.5011,346.6109,1.5
2025-11-19 22:26:00+00:00,2025-11-19 23:02:00+00:00,long,90326.12,90746.37,TP,6.9322,353.5432,1.5
2025-11-19 23:55:00+00:00,2025-11-20 00:05:00+00:00,long,91572.96,91299.74,SL,-3.5354,350.0077,1.5
2025-11-20 00:14:00+00:00,2025-11-20 00:28:00+00:00,long,91492.9,91887.99,TP,7.0002,357.0079,1.5
2025-11-20 01:06:00+00:00,2025-11-20 01:35:00+00:00,long,92184.99,92621.42,TP,7.1402,364.148,1.5
2025-11-20 01:45:00+00:00,2025-11-20 02:43:00+00:00,long,92600.32,92404.99,SL,-3.6415,360.5066,1.5
2025-11-20 02:50:00+00:00,2025-11-20 03:29:00+00:00,long,92597.22,92380.55,SL,-3.6051,356.9015,1.5
2025-11-20 03:40:00+00:00,2025-11-20 04:06:00+00:00,long,92599.14,92411.35,SL,-3.569,353.3325,1.5
2025-11-20 04:11:00+00:00,2025-11-20 04:17:00+00:00,long,92499.99,92302.52,SL,-3.5333,349.7991,1.5
2025-11-20 04:27:00+00:00,2025-11-20 04:56:00+00:00,long,92335.99,92712.46,TP,6.996,356.7951,1.5
2025-11-20 05:45:00+00:00,2025-11-20 06:23:00+00:00,long,92650.96,92431.88,SL,-3.568,353.2272,1.5
2025-11-20 07:22:00+00:00,2025-11-20 07:31:00+00:00,short,91865.45,92055.82,SL,-3.5323,349.6949,1.5
2025-11-20 08:22:00+00:00,2025-11-20 08:55:00+00:00,long,92274.57,92069.6,SL,-3.4969,346.198,1.5
2025-11-20 09:19:00+00:00,2025-11-20 09:46:00+00:00,short,91930.39,91557.99,TP,6.924,353.1219,1.5
2025-11-20 10:06:00+00:00,2025-11-20 10:26:00+00:00,short,91737.04,91965.06,SL,-3.5312,349.5907,1.5
2025-11-20 10:35:00+00:00,2025-11-20 11:27:00+00:00,short,91896.12,91499.24,TP,6.9918,356.5825,1.5
2025-11-20 12:42:00+00:00,2025-11-20 12:49:00+00:00,short,91715.22,91934.81,SL,-3.5658,353.0167,1.5
2025-11-20 12:59:00+00:00,2025-11-20 13:30:00+00:00,short,91839.25,92187.7,SL,-3.5302,349.4865,1.5
2025-11-20 13:35:00+00:00,2025-11-20 13:38:00+00:00,short,91840.01,92058.11,SL,-3.4949,345.9917,1.5
2025-11-20 13:51:00+00:00,2025-11-20 13:55:00+00:00,long,91968.99,91767.05,SL,-3.4599,342.5317,1.5
2025-11-20 13:56:00+00:00,2025-11-20 14:00:00+00:00,short,91692.3,91296.92,TP,6.8506,349.3824,1.5
2025-11-20 14:39:00+00:00,2025-11-20 14:49:00+00:00,short,91175.58,90778.69,TP,6.9876,356.37,1.5
2025-11-20 15:02:00+00:00,2025-11-20 15:13:00+00:00,short,90841.01,90443.3,TP,7.1274,363.4974,1.5
2025-11-20 15:33:00+00:00,2025-11-20 15:37:00+00:00,short,90350.66,90661.86,SL,-3.635,359.8624,1.5
2025-11-20 15:48:00+00:00,2025-11-20 15:59:00+00:00,short,90331.04,89869.88,TP,7.1972,367.0597,1.5
2025-11-20 16:38:00+00:00,2025-11-20 16:39:00+00:00,short,88317.79,88510.36,SL,-3.6706,363.3891,1.5
2025-11-20 16:40:00+00:00,2025-11-20 16:56:00+00:00,short,88286.5,87850.0,TP,7.2678,370.6569,1.5
2025-11-20 17:02:00+00:00,2025-11-20 17:07:00+00:00,short,87707.1,87325.92,TP,7.4131,378.07,1.5
2025-11-20 17:35:00+00:00,2025-11-20 17:38:00+00:00,short,86693.0,86916.91,SL,-3.7807,374.2893,1.5
2025-11-20 18:18:00+00:00,2025-11-20 18:32:00+00:00,short,87259.14,86831.33,TP,7.4858,381.7751,1.5
2025-11-20 18:50:00+00:00,2025-11-20 19:02:00+00:00,short,86561.0,86186.17,TP,7.6355,389.4106,1.5
2025-11-20 19:32:00+00:00,2025-11-20 19:36:00+00:00,short,86625.89,86821.87,SL,-3.8941,385.5165,1.5
2025-11-20 20:04:00+00:00,2025-11-20 20:21:00+00:00,short,86640.0,86886.89,SL,-3.8552,381.6613,1.5
2025-11-20 20:34:00+00:00,2025-11-20 21:15:00+00:00,short,86760.28,86962.33,SL,-3.8166,377.8447,1.5
2025-11-20 21:42:00+00:00,2025-11-20 21:58:00+00:00,long,87520.01,87294.04,SL,-3.7784,374.0663,1.5
2025-11-20 22:07:00+00:00,2025-11-20 22:26:00+00:00,long,87634.77,88001.89,TP,7.4813,381.5476,1.5
2025-11-20 22:44:00+00:00,2025-11-20 22:51:00+00:00,long,88131.01,87942.12,SL,-3.8155,377.7321,1.5
2025-11-20 22:58:00+00:00,2025-11-20 23:02:00+00:00,long,88161.61,87858.44,SL,-3.7773,373.9548,1.5
2025-11-20 23:17:00+00:00,2025-11-20 23:18:00+00:00,long,87751.66,87522.91,SL,-3.7395,370.2153,1.5
2025-11-20 23:35:00+00:00,2025-11-20 23:52:00+00:00,short,87089.4,86675.19,TP,7.4043,377.6196,1.5
2025-11-20 23:58:00+00:00,2025-11-21 00:01:00+00:00,short,86570.88,86788.14,SL,-3.7762,373.8434,1.5
2025-11-21 00:22:00+00:00,2025-11-21 00:37:00+00:00,short,87184.97,87394.71,SL,-3.7384,370.1049,1.5
2025-11-21 00:44:00+00:00,2025-11-21 00:52:00+00:00,short,87227.06,87436.34,SL,-3.701,366.4039,1.5
2025-11-21 01:06:00+00:00,2025-11-21 01:09:00+00:00,long,87454.79,87205.34,SL,-3.664,362.7398,1.5
2025-11-21 01:23:00+00:00,2025-11-21 01:32:00+00:00,long,87310.37,87100.0,SL,-3.6274,359.1124,1.5
2025-11-21 01:33:00+00:00,2025-11-21 01:45:00+00:00,short,87121.75,87326.11,SL,-3.5911,355.5213,1.5
2025-11-21 01:52:00+00:00,2025-11-21 02:06:00+00:00,short,87079.13,86691.97,TP,7.1104,362.6317,1.5
2025-11-21 02:32:00+00:00,2025-11-21 02:35:00+00:00,short,86373.56,86578.01,SL,-3.6263,359.0054,1.5
2025-11-21 02:39:00+00:00,2025-11-21 02:44:00+00:00,short,86354.0,85910.46,TP,7.1801,366.1855,1.5
2025-11-21 03:18:00+00:00,2025-11-21 03:30:00+00:00,short,85631.7,85803.87,SL,-3.6619,362.5237,1.5
2025-11-21 03:51:00+00:00,2025-11-21 04:32:00+00:00,short,85963.88,85473.26,TP,7.2505,369.7742,1.5
2025-11-21 05:05:00+00:00,2025-11-21 05:14:00+00:00,short,85978.41,86205.38,SL,-3.6977,366.0764,1.5
2025-11-21 05:15:00+00:00,2025-11-21 05:37:00+00:00,long,86184.72,85936.28,SL,-3.6608,362.4157,1.5
2025-11-21 05:47:00+00:00,2025-11-21 06:08:00+00:00,long,86120.0,85862.01,SL,-3.6242,358.7915,1.5
2025-11-21 06:57:00+00:00,2025-11-21 07:20:00+00:00,short,85573.9,85177.02,TP,7.1758,365.9673,1.5
2025-11-21 07:29:00+00:00,2025-11-21 07:32:00+00:00,short,85205.17,84852.16,TP,7.3193,373.2867,1.5
2025-11-21 08:25:00+00:00,2025-11-21 08:36:00+00:00,short,84386.77,83963.84,TP,7.4657,380.7524,1.5
2025-11-21 09:16:00+00:00,2025-11-21 09:26:00+00:00,short,83618.87,83186.7,TP,7.615,388.3675,1.5
2025-11-21 09:53:00+00:00,2025-11-21 09:56:00+00:00,short,82249.56,82493.35,SL,-3.8837,384.4838,1.5
2025-11-21 10:02:00+00:00,2025-11-21 10:10:00+00:00,short,82074.32,82401.95,SL,-3.8448,380.6389,1.5
2025-11-21 10:45:00+00:00,2025-11-21 10:53:00+00:00,short,82559.39,82739.9,SL,-3.8064,376.8325,1.5
2025-11-21 11:00:00+00:00,2025-11-21 11:01:00+00:00,short,82679.95,82908.8,SL,-3.7683,373.0642,1.5
2025-11-21 11:13:00+00:00,2025-11-21 11:38:00+00:00,short,83002.87,82637.79,TP,7.4613,380.5255,1.5
2025-11-21 12:08:00+00:00,2025-11-21 12:13:00+00:00,short,82005.89,82268.37,SL,-3.8053,376.7203,1.5
2025-11-21 12:18:00+00:00,2025-11-21 12:21:00+00:00,short,81944.89,81462.77,TP,7.5344,384.2547,1.5
2025-11-21 13:15:00+00:00,2025-11-21 13:24:00+00:00,long,83909.5,83636.35,SL,-3.8425,380.4121,1.5
2025-11-21 13:37:00+00:00,2025-11-21 13:48:00+00:00,long,83932.32,84367.48,TP,7.6082,388.0204,1.5
2025-11-21 14:24:00+00:00,2025-11-21 14:28:00+00:00,long,83753.8,83570.21,SL,-3.8802,384.1402,1.5
2025-11-21 14:30:00+00:00,2025-11-21 14:31:00+00:00,long,84109.49,83902.28,SL,-3.8414,380.2987,1.5
2025-11-21 14:53:00+00:00,2025-11-21 14:59:00+00:00,long,85184.39,84850.0,SL,-3.803,376.4958,1.5
2025-11-21 15:25:00+00:00,2025-11-21 15:26:00+00:00,long,84149.21,83910.01,SL,-3.765,372.7308,1.5
2025-11-21 15:27:00+00:00,2025-11-21 15:34:00+00:00,short,83772.75,83376.1,TP,7.4546,380.1854,1.5
2025-11-21 16:04:00+00:00,2025-11-21 16:07:00+00:00,short,82473.95,82677.18,SL,-3.8019,376.3836,1.5
2025-11-21 16:44:00+00:00,2025-11-21 16:47:00+00:00,short,83369.41,83589.18,SL,-3.7638,372.6197,1.5
2025-11-21 16:48:00+00:00,2025-11-21 16:52:00+00:00,long,83779.14,84462.42,TP,7.4524,380.0721,1.5
2025-11-21 19:20:00+00:00,2025-11-21 19:33:00+00:00,long,84900.37,84653.35,SL,-3.8007,376.2714,1.5
2025-11-21 20:06:00+00:00,2025-11-21 20:12:00+00:00,short,84010.55,84218.65,SL,-3.7627,372.5087,1.5
2025-11-21 20:18:00+00:00,2025-11-21 20:30:00+00:00,short,83861.68,83516.66,TP,7.4502,379.9589,1.5
2025-11-21 21:21:00+00:00,2025-11-21 21:35:00+00:00,long,84736.8,85087.1,TP,7.5992,387.558,1.5
2025-11-21 22:58:00+00:00,2025-11-21 23:15:00+00:00,short,84337.76,84530.99,SL,-3.8756,383.6825,1.5
2025-11-21 23:42:00+00:00,2025-11-21 23:50:00+00:00,long,85247.16,85031.83,SL,-3.8368,379.8456,1.5
2025-11-22 00:04:00+00:00,2025-11-22 00:25:00+00:00,long,85314.34,85135.26,SL,-3.7985,376.0472,1.5
2025-11-22 00:36:00+00:00,2025-11-22 00:41:00+00:00,long,85157.23,84983.04,SL,-3.7605,372.2867,1.5
2025-11-22 01:10:00+00:00,2025-11-22 01:17:00+00:00,short,84620.0,84799.53,SL,-3.7229,368.5638,1.5
2025-11-22 01:51:00+00:00,2025-11-22 02:06:00+00:00,long,85100.04,84842.71,SL,-3.6856,364.8782,1.5
2025-11-22 02:34:00+00:00,2025-11-22 03:13:00+00:00,short,84414.38,84597.99,SL,-3.6488,361.2294,1.5
2025-11-22 03:19:00+00:00,2025-11-22 04:12:00+00:00,short,84513.46,84146.63,TP,7.2246,368.454,1.5
2025-11-22 04:23:00+00:00,2025-11-22 04:25:00+00:00,short,83984.03,84228.17,SL,-3.6845,364.7695,1.5
2025-11-22 04:35:00+00:00,2025-11-22 04:51:00+00:00,short,83900.01,84123.0,SL,-3.6477,361.1218,1.5
2025-11-22 05:07:00+00:00,2025-11-22 06:16:00+00:00,short,84137.68,84306.32,SL,-3.6112,357.5106,1.5
2025-11-22 06:56:00+00:00,2025-11-22 07:02:00+00:00,long,84735.86,84559.27,SL,-3.5751,353.9354,1.5
2025-11-22 07:20:00+00:00,2025-11-22 08:18:00+00:00,long,84548.29,84282.67,SL,-3.5394,350.3961,1.5
2025-11-22 09:19:00+00:00,2025-11-22 10:25:00+00:00,short,84128.82,83664.68,TP,7.0079,357.404,1.5
2025-11-22 10:41:00+00:00,2025-11-22 11:06:00+00:00,short,83621.35,83832.93,SL,-3.574,353.83,1.5
2025-11-22 11:19:00+00:00,2025-11-22 11:26:00+00:00,short,83950.73,84218.27,SL,-3.5383,350.2917,1.5
2025-11-22 11:35:00+00:00,2025-11-22 11:59:00+00:00,long,84284.01,84098.94,SL,-3.5029,346.7888,1.5
2025-11-22 12:26:00+00:00,2025-11-22 12:36:00+00:00,short,83631.7,83804.37,SL,-3.4679,343.3209,1.5
2025-11-22 12:49:00+00:00,2025-11-22 12:51:00+00:00,short,83634.63,83860.9,SL,-3.4332,339.8877,1.5
2025-11-22 13:02:00+00:00,2025-11-22 13:08:00+00:00,short,83701.06,83900.79,SL,-3.3989,336.4888,1.5
2025-11-22 13:55:00+00:00,2025-11-22 14:01:00+00:00,short,83893.03,84150.99,SL,-3.3649,333.1239,1.5
2025-11-22 14:26:00+00:00,2025-11-22 14:35:00+00:00,long,84648.87,84450.01,SL,-3.3312,329.7927,1.5
2025-11-22 14:53:00+00:00,2025-11-22 15:03:00+00:00,long,84528.37,84350.01,SL,-3.2979,326.4947,1.5
2025-11-22 15:15:00+00:00,2025-11-22 15:39:00+00:00,long,84427.07,84225.0,SL,-3.2649,323.2298,1.5
2025-11-22 16:43:00+00:00,2025-11-22 17:05:00+00:00,long,84679.96,84492.83,SL,-3.2323,319.9975,1.5
2025-11-22 17:22:00+00:00,2025-11-22 20:49:00+00:00,long,84570.4,84321.68,SL,-3.2,316.7975,1.5
2025-11-22 21:11:00+00:00,2025-11-22 22:00:00+00:00,short,84262.0,84436.87,SL,-3.168,313.6295,1.5
2025-11-22 22:03:00+00:00,2025-11-22 22:14:00+00:00,short,84355.41,84595.61,SL,-3.1363,310.4932,1.5
2025-11-22 22:32:00+00:00,2025-11-22 22:53:00+00:00,long,84689.99,85185.9,TP,6.2099,316.7031,1.5
2025-11-22 23:29:00+00:00,2025-11-22 23:57:00+00:00,long,84859.32,84675.68,SL,-3.167,313.5361,1.5
2025-11-23 00:01:00+00:00,2025-11-23 00:14:00+00:00,long,84792.97,85187.01,TP,6.2707,319.8068,1.5
2025-11-23 00:24:00+00:00,2025-11-23 00:29:00+00:00,long,85254.01,85067.87,SL,-3.1981,316.6087,1.5
2025-11-23 00:50:00+00:00,2025-11-23 01:16:00+00:00,long,85026.5,85415.12,TP,6.3322,322.9409,1.5
2025-11-23 01:29:00+00:00,2025-11-23 01:43:00+00:00,long,85530.39,85890.74,TP,6.4588,329.3997,1.5
2025-11-23 01:53:00+00:00,2025-11-23 01:54:00+00:00,long,86024.99,85847.48,SL,-3.294,326.1057,1.5
2025-11-23 02:05:00+00:00,2025-11-23 02:08:00+00:00,long,86004.6,85728.13,SL,-3.2611,322.8447,1.5
2025-11-23 02:23:00+00:00,2025-11-23 02:38:00+00:00,long,85934.9,86285.49,TP,6.4569,329.3016,1.5
2025-11-23 03:09:00+00:00,2025-11-23 03:13:00+00:00,long,86041.51,85861.02,SL,-3.293,326.0085,1.5
2025-11-23 03:19:00+00:00,2025-11-23 03:59:00+00:00,long,85945.25,86308.54,TP,6.5202,332.5287,1.5
2025-11-23 04:08:00+00:00,2025-11-23 04:22:00+00:00,long,86386.5,86762.01,TP,6.6506,339.1793,1.5
2025-11-23 05:21:00+00:00,2025-11-23 05:32:00+00:00,long,86400.0,86210.17,SL,-3.3918,335.7875,1.5
2025-11-23 05:46:00+00:00,2025-11-23 06:40:00+00:00,long,86185.53,86011.25,SL,-3.3579,332.4296,1.5
2025-11-23 06:52:00+00:00,2025-11-23 07:27:00+00:00,short,85900.94,85440.44,TP,6.6486,339.0782,1.5
2025-11-23 08:21:00+00:00,2025-11-23 08:33:00+00:00,long,86115.43,85935.41,SL,-3.3908,335.6874,1.5
2025-11-23 08:47:00+00:00,2025-11-23 09:44:00+00:00,long,86073.19,86449.99,TP,6.7137,342.4012,1.5
2025-11-23 10:23:00+00:00,2025-11-23 10:30:00+00:00,long,86330.36,86154.12,SL,-3.424,338.9772,1.5
2025-11-23 10:39:00+00:00,2025-11-23 11:00:00+00:00,long,86220.31,86039.99,SL,-3.3898,335.5874,1.5
2025-11-23 12:03:00+00:00,2025-11-23 12:16:00+00:00,long,86435.21,86788.13,TP,6.7117,342.2991,1.5
2025-11-23 12:52:00+00:00,2025-11-23 13:11:00+00:00,long,86673.16,86493.02,SL,-3.423,338.8762,1.5
2025-11-23 13:19:00+00:00,2025-11-23 13:22:00+00:00,long,86599.53,86414.18,SL,-3.3888,335.4874,1.5
2025-11-23 13:29:00+00:00,2025-11-23 13:48:00+00:00,long,86478.51,86839.21,TP,6.7097,342.1971,1.5
2025-11-23 14:26:00+00:00,2025-11-23 14:50:00+00:00,long,86824.84,86567.4,SL,-3.422,338.7752,1.5
2025-11-23 15:31:00+00:00,2025-11-23 15:55:00+00:00,long,86741.44,87093.83,TP,6.7755,345.5507,1.5
2025-11-23 15:56:00+00:00,2025-11-23 16:57:00+00:00,long,87118.99,86859.4,SL,-3.4555,342.0952,1.5
2025-11-23 17:45:00+00:00,2025-11-23 18:17:00+00:00,short,86800.01,87040.33,SL,-3.421,338.6742,1.5
2025-11-23 18:25:00+00:00,2025-11-23 18:35:00+00:00,short,86859.3,87058.26,SL,-3.3867,335.2875,1.5
2025-11-23 19:03:00+00:00,2025-11-23 19:23:00+00:00,long,87145.27,87518.36,TP,6.7058,341.9932,1.5
2025-11-23 19:33:00+00:00,2025-11-23 19:59:00+00:00,long,87531.47,87325.01,SL,-3.4199,338.5733,1.5
2025-11-23 20:14:00+00:00,2025-11-23 21:12:00+00:00,long,87451.62,87246.36,SL,-3.3857,335.1876,1.5
2025-11-23 21:17:00+00:00,2025-11-23 21:38:00+00:00,long,87342.69,87716.72,TP,6.7038,341.8913,1.5
2025-11-23 21:52:00+00:00,2025-11-23 22:18:00+00:00,long,87824.05,87581.04,SL,-3.4189,338.4724,1.5
2025-11-23 22:22:00+00:00,2025-11-23 22:34:00+00:00,long,87915.46,87729.09,SL,-3.3847,335.0877,1.5
2025-11-23 22:42:00+00:00,2025-11-23 23:04:00+00:00,long,87841.5,87545.91,SL,-3.3509,331.7368,1.5
2025-11-24 00:03:00+00:00,2025-11-24 00:15:00+00:00,short,86678.37,86255.29,TP,6.6347,338.3715,1.5
2025-11-24 00:54:00+00:00,2025-11-24 01:41:00+00:00,short,86866.26,86500.0,TP,6.7674,345.139,1.5
2025-11-24 02:53:00+00:00,2025-11-24 03:12:00+00:00,long,87413.01,87206.16,SL,-3.4514,341.6876,1.5
2025-11-24 03:17:00+00:00,2025-11-24 04:15:00+00:00,long,87466.76,87190.24,SL,-3.4169,338.2707,1.5
2025-11-24 06:00:00+00:00,2025-11-24 06:04:00+00:00,long,87453.02,87260.01,SL,-3.3827,334.888,1.5
2025-11-24 06:32:00+00:00,2025-11-24 06:35:00+00:00,short,86912.65,87110.54,SL,-3.3489,331.5391,1.5
2025-11-24 06:40:00+00:00,2025-11-24 07:38:00+00:00,short,86912.84,87090.84,SL,-3.3154,328.2237,1.5
2025-11-24 08:30:00+00:00,2025-11-24 08:56:00+00:00,short,86762.0,86958.63,SL,-3.2822,324.9415,1.5
2025-11-24 09:05:00+00:00,2025-11-24 09:15:00+00:00,short,86827.26,86446.16,TP,6.4988,331.4403,1.5
2025-11-24 10:00:00+00:00,2025-11-24 10:03:00+00:00,short,85926.8,86136.01,SL,-3.3144,328.1259,1.5
2025-11-24 10:13:00+00:00,2025-11-24 11:02:00+00:00,short,85946.64,86120.0,SL,-3.2813,324.8446,1.5
2025-11-24 11:06:00+00:00,2025-11-24 11:19:00+00:00,short,85978.18,86195.22,SL,-3.2484,321.5962,1.5
2025-11-24 11:22:00+00:00,2025-11-24 11:36:00+00:00,short,86038.54,86346.0,SL,-3.216,318.3802,1.5
2025-11-24 12:38:00+00:00,2025-11-24 13:07:00+00:00,short,86077.7,86318.0,SL,-3.1838,315.1964,1.5
2025-11-24 13:28:00+00:00,2025-11-24 13:48:00+00:00,long,86529.64,86349.23,SL,-3.152,312.0445,1.5
2025-11-24 14:39:00+00:00,2025-11-24 14:44:00+00:00,short,86051.12,85573.93,TP,6.2409,318.2854,1.5
2025-11-24 15:32:00+00:00,2025-11-24 15:48:00+00:00,long,86322.0,86676.45,TP,6.3657,324.6511,1.5
2025-11-24 16:00:00+00:00,2025-11-24 16:03:00+00:00,long,86734.92,87091.25,TP,6.493,331.1441,1.5
2025-11-24 16:20:00+00:00,2025-11-24 16:46:00+00:00,long,87183.69,87599.99,TP,6.6229,337.767,1.5
2025-11-24 17:17:00+00:00,2025-11-24 17:25:00+00:00,long,87118.44,87558.11,TP,6.7553,344.5223,1.5
2025-11-24 17:57:00+00:00,2025-11-24 18:58:00+00:00,long,88346.24,88713.0,TP,6.8904,351.4128,1.5
2025-11-24 19:04:00+00:00,2025-11-24 19:11:00+00:00,long,88799.99,88621.29,SL,-3.5141,347.8986,1.5
2025-11-24 19:32:00+00:00,2025-11-24 19:42:00+00:00,long,88650.0,88389.36,SL,-3.479,344.4196,1.5
2025-11-24 19:59:00+00:00,2025-11-24 20:11:00+00:00,long,88327.29,88726.01,TP,6.8884,351.308,1.5
2025-11-24 20:29:00+00:00,2025-11-24 22:51:00+00:00,long,88884.61,88692.21,SL,-3.5131,347.795,1.5
2025-11-24 23:36:00+00:00,2025-11-25 00:05:00+00:00,short,88489.79,88126.77,TP,6.9559,354.7509,1.5
2025-11-25 00:14:00+00:00,2025-11-25 00:42:00+00:00,short,88032.92,88271.99,SL,-3.5475,351.2033,1.5
2025-11-25 00:48:00+00:00,2025-11-25 02:00:00+00:00,short,88026.07,87618.78,TP,7.0241,358.2274,1.5
2025-11-25 02:23:00+00:00,2025-11-25 03:09:00+00:00,short,87751.09,87926.93,SL,-3.5823,354.6451,1.5
2025-11-25 03:10:00+00:00,2025-11-25 04:09:00+00:00,short,87838.5,88031.67,SL,-3.5465,351.0987,1.5
2025-11-25 04:31:00+00:00,2025-11-25 05:27:00+00:00,long,88165.46,87966.66,SL,-3.511,347.5877,1.5
2025-11-25 05:32:00+00:00,2025-11-25 06:26:00+00:00,long,88154.19,87950.68,SL,-3.4759,344.1118,1.5
2025-11-25 06:43:00+00:00,2025-11-25 07:53:00+00:00,short,87885.32,87499.69,TP,6.8822,350.9941,1.5
2025-11-25 08:31:00+00:00,2025-11-25 08:57:00+00:00,short,87394.03,87033.38,TP,7.0199,358.0139,1.5
2025-11-25 09:12:00+00:00,2025-11-25 09:43:00+00:00,short,86865.07,87060.01,SL,-3.5801,354.4338,1.5
2025-11-25 10:02:00+00:00,2025-11-25 10:33:00+00:00,short,87073.08,87277.0,SL,-3.5443,350.8895,1.5
2025-11-25 10:38:00+00:00,2025-11-25 10:54:00+00:00,short,87190.01,87374.99,SL,-3.5089,347.3806,1.5
2025-11-25 11:11:00+00:00,2025-11-25 13:37:00+00:00,long,87464.13,87251.13,SL,-3.4738,343.9068,1.5
2025-11-25 14:10:00+00:00,2025-11-25 14:25:00+00:00,short,86908.19,87084.53,SL,-3.4391,340.4677,1.5
2025-11-25 14:37:00+00:00,2025-11-25 14:43:00+00:00,short,87027.61,86607.02,TP,6.8094,347.2771,1.5
2025-11-25 15:04:00+00:00,2025-11-25 15:07:00+00:00,short,86256.82,86485.75,SL,-3.4728,343.8043,1.5
2025-11-25 15:20:00+00:00,2025-11-25 15:25:00+00:00,short,86384.63,86567.61,SL,-3.438,340.3662,1.5
2025-11-25 16:53:00+00:00,2025-11-25 17:14:00+00:00,long,87106.57,87466.82,TP,6.8073,347.1736,1.5
2025-11-25 17:31:00+00:00,2025-11-25 17:37:00+00:00,long,87615.99,88033.65,TP,6.9435,354.117,1.5
2025-11-25 18:09:00+00:00,2025-11-25 18:37:00+00:00,long,87766.42,87538.61,SL,-3.5412,350.5759,1.5
2025-11-25 18:46:00+00:00,2025-11-25 18:57:00+00:00,long,87590.21,87330.27,SL,-3.5058,347.0701,1.5
2025-11-25 19:17:00+00:00,2025-11-25 19:22:00+00:00,short,86681.67,86314.17,TP,6.9414,354.0115,1.5
2025-11-25 20:04:00+00:00,2025-11-25 20:13:00+00:00,short,86781.12,87010.85,SL,-3.5401,350.4714,1.5
2025-11-25 20:23:00+00:00,2025-11-25 20:31:00+00:00,short,87048.02,87306.01,SL,-3.5047,346.9667,1.5
2025-11-25 20:47:00+00:00,2025-11-25 21:07:00+00:00,long,87346.81,87170.01,SL,-3.4697,343.497,1.5
2025-11-25 21:17:00+00:00,2025-11-25 21:33:00+00:00,long,87388.49,87146.94,SL,-3.435,340.062,1.5
2025-11-25 21:42:00+00:00,2025-11-25 21:56:00+00:00,long,87210.9,87035.45,SL,-3.4006,336.6614,1.5
2025-11-25 22:58:00+00:00,2025-11-25 23:00:00+00:00,long,87719.93,87518.87,SL,-3.3666,333.2948,1.5
2025-11-25 23:07:00+00:00,2025-11-25 23:45:00+00:00,long,87572.57,87380.01,SL,-3.3329,329.9619,1.5
2025-11-25 23:57:00+00:00,2025-11-26 01:31:00+00:00,long,87388.49,87750.3,TP,6.5992,336.5611,1.5
2025-11-26 02:12:00+00:00,2025-11-26 02:23:00+00:00,long,88006.05,87818.64,SL,-3.3656,333.1955,1.5
2025-11-26 02:37:00+00:00,2025-11-26 03:33:00+00:00,long,87788.8,87550.01,SL,-3.332,329.8635,1.5
2025-11-26 04:09:00+00:00,2025-11-26 04:26:00+00:00,short,87000.0,87184.5,SL,-3.2986,326.5649,1.5
2025-11-26 04:42:00+00:00,2025-11-26 05:08:00+00:00,short,87256.67,87450.98,SL,-3.2656,323.2992,1.5
2025-11-26 05:31:00+00:00,2025-11-26 08:57:00+00:00,long,87618.52,87421.1,SL,-3.233,320.0663,1.5
2025-11-26 09:17:00+00:00,2025-11-26 09:46:00+00:00,short,87287.57,86868.0,TP,6.4013,326.4676,1.5
2025-11-26 09:47:00+00:00,2025-11-26 11:43:00+00:00,short,86869.82,87057.36,SL,-3.2647,323.2029,1.5
2025-11-26 11:50:00+00:00,2025-11-26 12:01:00+00:00,short,86957.13,87158.72,SL,-3.232,319.9709,1.5
2025-11-26 12:03:00+00:00,2025-11-26 12:15:00+00:00,short,86890.08,86509.1,TP,6.3994,326.3703,1.5
2025-11-26 13:01:00+00:00,2025-11-26 13:20:00+00:00,short,86581.57,86766.0,SL,-3.2637,323.1066,1.5
2025-11-26 13:30:00+00:00,2025-11-26 13:37:00+00:00,short,86681.16,86871.99,SL,-3.2311,319.8755,1.5
2025-11-26 13:59:00+00:00,2025-11-26 14:40:00+00:00,long,87128.51,87521.05,TP,6.3975,326.273,1.5
2025-11-26 14:47:00+00:00,2025-11-26 14:54:00+00:00,long,87464.66,87190.54,SL,-3.2627,323.0103,1.5
2025-11-26 15:08:00+00:00,2025-11-26 15:15:00+00:00,long,87172.05,86965.2,SL,-3.2301,319.7802,1.5
2025-11-26 15:22:00+00:00,2025-11-26 15:26:00+00:00,short,86997.45,87197.4,SL,-3.1978,316.5824,1.5
2025-11-26 16:36:00+00:00,2025-11-26 16:40:00+00:00,long,87939.54,87734.25,SL,-3.1658,313.4166,1.5
2025-11-26 16:56:00+00:00,2025-11-26 17:26:00+00:00,long,87833.62,88445.0,TP,6.2683,319.6849,1.5
2025-11-26 18:16:00+00:00,2025-11-26 18:20:00+00:00,long,90318.73,90115.2,SL,-3.1968,316.4881,1.5
2025-11-26 18:49:00+00:00,2025-11-26 19:12:00+00:00,long,90040.7,89781.13,SL,-3.1649,313.3232,1.5
2025-11-26 19:19:00+00:00,2025-11-26 19:24:00+00:00,long,89975.9,89754.78,SL,-3.1332,310.1899,1.5
2025-11-26 19:33:00+00:00,2025-11-26 20:05:00+00:00,long,89875.74,89674.92,SL,-3.1019,307.088,1.5
2025-11-26 20:12:00+00:00,2025-11-26 20:43:00+00:00,long,89940.63,89737.54,SL,-3.0709,304.0172,1.5
2025-11-26 20:52:00+00:00,2025-11-26 21:25:00+00:00,long,89826.12,90231.12,TP,6.0803,310.0975,1.5
2025-11-26 21:49:00+00:00,2025-11-26 21:55:00+00:00,long,90381.98,90200.34,SL,-3.101,306.9965,1.5
2025-11-26 22:08:00+00:00,2025-11-27 01:04:00+00:00,long,90292.23,90664.39,TP,6.1399,313.1365,1.5
2025-11-27 01:43:00+00:00,2025-11-27 01:59:00+00:00,long,90690.79,91145.78,TP,6.2627,319.3992,1.5
2025-11-27 02:21:00+00:00,2025-11-27 02:38:00+00:00,long,91200.78,91586.33,TP,6.388,325.7872,1.5
2025-11-27 02:50:00+00:00,2025-11-27 02:54:00+00:00,long,91881.0,91641.38,SL,-3.2579,322.5293,1.5
2025-11-27 03:09:00+00:00,2025-11-27 03:30:00+00:00,long,91485.88,91254.75,SL,-3.2253,319.304,1.5
2025-11-27 03:41:00+00:00,2025-11-27 05:40:00+00:00,long,91241.23,91034.49,SL,-3.193,316.111,1.5
2025-11-27 07:07:00+00:00,2025-11-27 09:16:00+00:00,long,91229.39,91650.9,TP,6.3222,322.4332,1.5
2025-11-27 09:32:00+00:00,2025-11-27 09:51:00+00:00,long,91774.5,91579.99,SL,-3.2243,319.2089,1.5
2025-11-27 10:05:00+00:00,2025-11-27 10:32:00+00:00,long,91655.02,91415.9,SL,-3.1921,316.0168,1.5
2025-11-27 10:42:00+00:00,2025-11-27 12:03:00+00:00,long,91518.59,91327.02,SL,-3.1602,312.8566,1.5
2025-11-27 12:17:00+00:00,2025-11-27 13:08:00+00:00,short,91308.99,90927.64,TP,6.2571,319.1137,1.5
2025-11-27 13:59:00+00:00,2025-11-27 16:02:00+00:00,short,90852.78,91050.28,SL,-3.1911,315.9226,1.5
2025-11-27 16:05:00+00:00,2025-11-27 16:13:00+00:00,short,90888.0,91174.2,SL,-3.1592,312.7634,1.5
2025-11-27 16:32:00+00:00,2025-11-27 18:42:00+00:00,long,91367.35,91752.23,TP,6.2553,319.0186,1.5
2025-11-27 19:20:00+00:00,2025-11-27 20:00:00+00:00,long,91652.0,91465.56,SL,-3.1902,315.8285,1.5
2025-11-27 20:08:00+00:00,2025-11-27 21:02:00+00:00,long,91532.61,91346.9,SL,-3.1583,312.6702,1.5
2025-11-27 21:34:00+00:00,2025-11-27 22:08:00+00:00,long,91547.49,91350.75,SL,-3.1267,309.5435,1.5
2025-11-27 23:21:00+00:00,2025-11-28 01:04:00+00:00,short,91448.86,91076.81,TP,6.1909,315.7343,1.5
2025-11-28 01:08:00+00:00,2025-11-28 02:27:00+00:00,short,91083.37,90710.03,TP,6.3147,322.049,1.5
2025-11-28 03:05:00+00:00,2025-11-28 03:20:00+00:00,short,91006.11,91220.43,SL,-3.2205,318.8285,1.5
2025-11-28 03:31:00+00:00,2025-11-28 05:51:00+00:00,long,91299.68,91700.0,TP,6.3766,325.2051,1.5
2025-11-28 06:27:00+00:00,2025-11-28 07:23:00+00:00,short,91324.99,91520.43,SL,-3.2521,321.9531,1.5
2025-11-28 08:27:00+00:00,2025-11-28 08:50:00+00:00,short,91159.15,91380.0,SL,-3.2195,318.7335,1.5
2025-11-28 09:10:00+00:00,2025-11-28 09:17:00+00:00,long,91776.68,91586.9,SL,-3.1873,315.5462,1.5
2025-11-28 09:47:00+00:00,2025-11-28 11:15:00+00:00,long,91555.29,91109.62,SL,-3.1555,312.3907,1.5
2025-11-28 12:35:00+00:00,2025-11-28 13:08:00+00:00,long,91619.99,91419.5,SL,-3.1239,309.2668,1.5
2025-11-28 13:19:00+00:00,2025-11-28 13:45:00+00:00,long,91517.28,91961.65,TP,6.1853,315.4522,1.5
2025-11-28 13:59:00+00:00,2025-11-28 14:26:00+00:00,long,92377.01,92807.78,TP,6.309,321.7612,1.5
2025-11-28 14:51:00+00:00,2025-11-28 15:09:00+00:00,long,92268.18,92005.49,SL,-3.2176,318.5436,1.5
2025-11-28 15:13:00+00:00,2025-11-28 15:20:00+00:00,long,92268.83,92714.01,TP,6.3709,324.9145,1.5
2025-11-28 15:34:00+00:00,2025-11-28 15:42:00+00:00,long,92756.78,92555.61,SL,-3.2491,321.6653,1.5
2025-11-28 16:21:00+00:00,2025-11-28 16:27:00+00:00,short,91589.04,91148.22,TP,6.4333,328.0986,1.5
2025-11-28 16:53:00+00:00,2025-11-28 16:58:00+00:00,short,91328.42,90946.96,TP,6.562,334.6606,1.5
2025-11-28 17:15:00+00:00,2025-11-28 17:29:00+00:00,short,90844.14,90480.01,TP,6.6932,341.3538,1.5
2025-11-28 18:03:00+00:00,2025-11-28 18:10:00+00:00,short,90507.91,90695.99,SL,-3.4135,337.9403,1.5
2025-11-28 18:19:00+00:00,2025-11-28 18:46:00+00:00,short,90700.08,90908.98,SL,-3.3794,334.5609,1.5
2025-11-28 18:51:00+00:00,2025-11-28 19:14:00+00:00,short,90793.27,90985.67,SL,-3.3456,331.2153,1.5
2025-11-28 19:38:00+00:00,2025-11-28 20:01:00+00:00,long,91188.32,90994.91,SL,-3.3122,327.9031,1.5
2025-11-28 20:50:00+00:00,2025-11-28 21:53:00+00:00,long,91171.16,90985.01,SL,-3.279,324.6241,1.5
2025-11-28 22:15:00+00:00,2025-11-28 22:34:00+00:00,short,90793.8,90983.99,SL,-3.2462,321.3778,1.5
2025-11-28 23:47:00+00:00,2025-11-29 02:35:00+00:00,short,90930.43,90560.0,TP,6.4276,327.8054,1.5
2025-11-29 03:12:00+00:00,2025-11-29 06:21:00+00:00,short,90823.8,90441.41,TP,6.5561,334.3615,1.5
2025-11-29 07:09:00+00:00,2025-11-29 08:17:00+00:00,short,90501.72,90684.39,SL,-3.3436,331.0179,1.5
2025-11-29 08:22:00+00:00,2025-11-29 09:08:00+00:00,long,90724.41,90529.0,SL,-3.3102,327.7077,1.5
2025-11-29 09:20:00+00:00,2025-11-29 12:06:00+00:00,short,90538.43,90737.95,SL,-3.2771,324.4306,1.5
2025-11-29 12:33:00+00:00,2025-11-29 15:21:00+00:00,long,90614.94,90997.74,TP,6.4886,330.9192,1.5
2025-11-29 15:46:00+00:00,2025-11-29 17:11:00+00:00,long,90989.97,90789.62,SL,-3.3092,327.61,1.5
2025-11-29 17:33:00+00:00,2025-11-29 18:55:00+00:00,short,90506.53,90696.47,SL,-3.2761,324.3339,1.5
2025-11-29 19:10:00+00:00,2025-11-29 20:02:00+00:00,long,90765.73,90556.01,SL,-3.2433,321.0906,1.5
2025-11-29 20:44:00+00:00,2025-11-30 03:11:00+00:00,long,90808.05,90606.01,SL,-3.2109,317.8797,1.5
2025-11-30 04:04:00+00:00,2025-11-30 05:04:00+00:00,long,90955.53,90765.73,SL,-3.1788,314.7009,1.5
2025-11-30 05:17:00+00:00,2025-11-30 06:06:00+00:00,short,90677.71,90859.52,SL,-3.147,311.5539,1.5
2025-11-30 06:09:00+00:00,2025-11-30 06:26:00+00:00,short,90717.51,90898.99,SL,-3.1155,308.4384,1.5
2025-11-30 07:05:00+00:00,2025-11-30 08:23:00+00:00,long,90936.86,91416.33,TP,6.1688,314.6071,1.5
2025-11-30 08:43:00+00:00,2025-11-30 09:13:00+00:00,long,91186.62,91564.53,TP,6.2921,320.8993,1.5
2025-11-30 09:44:00+00:00,2025-11-30 10:42:00+00:00,long,91417.62,91219.7,SL,-3.209,317.6903,1.5
2025-11-30 10:48:00+00:00,2025-11-30 11:50:00+00:00,long,91279.5,91094.01,SL,-3.1769,314.5134,1.5
2025-11-30 11:51:00+00:00,2025-11-30 12:15:00+00:00,short,91075.0,91260.48,SL,-3.1451,311.3682,1.5
2025-11-30 12:42:00+00:00,2025-11-30 13:19:00+00:00,long,91315.18,91713.17,TP,6.2274,317.5956,1.5
2025-11-30 13:55:00+00:00,2025-11-30 14:16:00+00:00,long,91780.01,91575.03,SL,-3.176,314.4196,1.5
2025-11-30 14:28:00+00:00,2025-11-30 14:38:00+00:00,long,91557.29,91299.84,SL,-3.1442,311.2754,1.5
2025-11-30 15:05:00+00:00,2025-11-30 15:22:00+00:00,short,91346.29,91544.12,SL,-3.1128,308.1627,1.5
2025-11-30 15:32:00+00:00,2025-11-30 16:20:00+00:00,short,91421.04,91679.22,SL,-3.0816,305.0811,1.5
2025-11-30 16:48:00+00:00,2025-11-30 17:04:00+00:00,long,91819.69,91620.0,SL,-3.0508,302.0303,1.5
2025-11-30 17:26:00+00:00,2025-11-30 20:06:00+00:00,short,91375.37,91575.44,SL,-3.0203,299.01,1.5
2025-11-30 21:03:00+00:00,2025-11-30 23:08:00+00:00,short,91264.73,90875.07,TP,5.9802,304.9902,1.5
2025-11-30 23:39:00+00:00,2025-11-30 23:48:00+00:00,short,90520.24,90717.79,SL,-3.0499,301.9402,1.5
2025-11-30 23:53:00+00:00,2025-12-01 00:04:00+00:00,short,90417.6,89816.17,TP,6.0388,307.9791,1.5
2025-12-01 00:33:00+00:00,2025-12-01 00:41:00+00:00,short,87933.41,88143.62,SL,-3.0798,304.8993,1.5
2025-12-01 00:51:00+00:00,2025-12-01 01:07:00+00:00,short,87331.58,87543.06,SL,-3.049,301.8503,1.5
2025-12-01 01:24:00+00:00,2025-12-01 01:36:00+00:00,short,87339.37,87547.75,SL,-3.0185,298.8318,1.5
2025-12-01 01:46:00+00:00,2025-12-01 02:36:00+00:00,short,87348.52,86989.43,TP,5.9766,304.8084,1.5
2025-12-01 03:08:00+00:00,2025-12-01 04:11:00+00:00,short,86499.07,86134.0,TP,6.0962,310.9046,1.5
2025-12-01 04:53:00+00:00,2025-12-01 05:28:00+00:00,short,85780.51,85961.53,SL,-3.109,307.7955,1.5
2025-12-01 05:35:00+00:00,2025-12-01 06:00:00+00:00,short,85848.0,86062.99,SL,-3.078,304.7176,1.5
2025-12-01 06:07:00+00:00,2025-12-01 06:14:00+00:00,short,86091.99,86280.0,SL,-3.0472,301.6704,1.5
2025-12-01 06:17:00+00:00,2025-12-01 06:46:00+00:00,short,86122.37,86297.46,SL,-3.0167,298.6537,1.5
2025-12-01 06:51:00+00:00,2025-12-01 06:57:00+00:00,short,86142.4,86328.6,SL,-2.9865,295.6672,1.5
2025-12-01 07:21:00+00:00,2025-12-01 07:27:00+00:00,short,86098.93,86279.96,SL,-2.9567,292.7105,1.5
2025-12-01 08:08:00+00:00,2025-12-01 08:11:00+00:00,long,86635.96,86439.25,SL,-2.9271,289.7834,1.5
2025-12-01 08:20:00+00:00,2025-12-01 09:01:00+00:00,long,86564.83,86912.91,TP,5.7957,295.579,1.5
2025-12-01 09:21:00+00:00,2025-12-01 09:26:00+00:00,long,86748.87,86532.0,SL,-2.9558,292.6233,1.5
2025-12-01 09:34:00+00:00,2025-12-01 11:06:00+00:00,long,86673.49,86496.92,SL,-2.9262,289.697,1.5
2025-12-01 11:32:00+00:00,2025-12-01 12:06:00+00:00,short,86369.64,86000.99,TP,5.7939,295.491,1.5
2025-12-01 12:31:00+00:00,2025-12-01 12:46:00+00:00,short,85765.33,85307.1,TP,5.9098,301.4008,1.5
2025-12-01 13:19:00+00:00,2025-12-01 14:04:00+00:00,short,85944.99,86268.0,SL,-3.014,298.3868,1.5
2025-12-01 14:28:00+00:00,2025-12-01 14:31:00+00:00,long,86260.34,85949.51,SL,-2.9839,295.4029,1.5
2025-12-01 14:33:00+00:00,2025-12-01 14:42:00+00:00,long,86337.85,86149.49,SL,-2.954,292.4489,1.5
2025-12-01 14:56:00+00:00,2025-12-01 14:59:00+00:00,long,86274.0,86067.9,SL,-2.9245,289.5244,1.5
2025-12-01 15:01:00+00:00,2025-12-01 15:14:00+00:00,short,86058.01,85594.49,TP,5.7905,295.3149,1.5
2025-12-01 16:06:00+00:00,2025-12-01 16:25:00+00:00,short,84314.52,84532.0,SL,-2.9531,292.3617,1.5
2025-12-01 16:46:00+00:00,2025-12-01 16:51:00+00:00,short,85056.01,84690.72,TP,5.8472,298.209,1.5
2025-12-01 17:14:00+00:00,2025-12-01 17:21:00+00:00,short,84571.0,84817.17,SL,-2.9821,295.2269,1.5
2025-12-01 17:32:00+00:00,2025-12-01 17:36:00+00:00,short,84709.99,84893.69,SL,-2.9523,292.2746,1.5
2025-12-01 18:11:00+00:00,2025-12-01 18:36:00+00:00,long,85187.15,85015.31,SL,-2.9227,289.3519,1.5
2025-12-01 19:07:00+00:00,2025-12-01 19:11:00+00:00,short,84856.01,85054.36,SL,-2.8935,286.4583,1.5
2025-12-01 19:44:00+00:00,2025-12-01 19:50:00+00:00,short,84741.07,84977.27,SL,-2.8646,283.5938,1.5
2025-12-01 20:39:00+00:00,2025-12-01 21:01:00+00:00,long,85371.3,85716.0,TP,5.6719,289.2656,1.5
2025-12-01 21:20:00+00:00,2025-12-01 21:27:00+00:00,long,85966.22,86356.36,TP,5.7853,295.0509,1.5
2025-12-01 22:01:00+00:00,2025-12-01 22:34:00+00:00,long,86558.46,86316.01,SL,-2.9505,292.1004,1.5
2025-12-01 22:38:00+00:00,2025-12-01 23:51:00+00:00,long,86528.95,86348.06,SL,-2.921,289.1794,1.5
2025-12-02 00:00:00+00:00,2025-12-02 01:04:00+00:00,long,86322.3,86727.22,TP,5.7836,294.963,1.5
2025-12-02 02:36:00+00:00,2025-12-02 02:51:00+00:00,long,86857.79,86662.22,SL,-2.9496,292.0134,1.5
2025-12-02 03:21:00+00:00,2025-12-02 03:42:00+00:00,short,86378.01,86626.0,SL,-2.9201,289.0933,1.5
2025-12-02 04:47:00+00:00,2025-12-02 08:12:00+00:00,long,87015.67,86689.61,SL,-2.8909,286.2023,1.5
2025-12-02 08:53:00+00:00,2025-12-02 09:06:00+00:00,short,86513.7,86770.31,SL,-2.862,283.3403,1.5
2025-12-02 09:15:00+00:00,2025-12-02 09:23:00+00:00,short,86602.71,86809.94,SL,-2.8334,280.5069,1.5
2025-12-02 09:32:00+00:00,2025-12-02 10:43:00+00:00,short,86782.75,87020.0,SL,-2.8051,277.7018,1.5
2025-12-02 11:21:00+00:00,2025-12-02 11:55:00+00:00,long,87183.07,87551.34,TP,5.554,283.2559,1.5
2025-12-02 12:07:00+00:00,2025-12-02 12:35:00+00:00,long,87478.31,87296.31,SL,-2.8326,280.4233,1.5
2025-12-02 12:40:00+00:00,2025-12-02 12:56:00+00:00,long,87422.96,87235.85,SL,-2.8042,277.6191,1.5
2025-12-02 13:36:00+00:00,2025-12-02 14:07:00+00:00,long,87550.0,87981.36,TP,5.5524,283.1714,1.5
2025-12-02 14:24:00+00:00,2025-12-02 14:45:00+00:00,long,88565.41,88927.43,TP,5.6634,288.8349,1.5
2025-12-02 14:47:00+00:00,2025-12-02 15:01:00+00:00,long,89092.77,89524.25,TP,5.7767,294.6116,1.5
2025-12-02 15:41:00+00:00,2025-12-02 15:51:00+00:00,long,90504.05,91001.0,TP,5.8922,300.5038,1.5
2025-12-02 15:58:00+00:00,2025-12-02 15:59:00+00:00,long,91046.19,90850.01,SL,-3.005,297.4988,1.5
2025-12-02 16:32:00+00:00,2025-12-02 16:38:00+00:00,long,90431.65,90811.74,TP,5.95,303.4487,1.5
2025-12-02 16:51:00+00:00,2025-12-02 17:17:00+00:00,long,90843.23,91214.26,TP,6.069,309.5177,1.5
2025-12-02 18:03:00+00:00,2025-12-02 18:20:00+00:00,long,91711.35,92149.73,TP,6.1904,315.7081,1.5
2025-12-02 18:36:00+00:00,2025-12-02 18:39:00+00:00,long,92183.85,91910.78,SL,-3.1571,312.551,1.5
2025-12-02 19:01:00+00:00,2025-12-02 20:01:00+00:00,long,92026.86,91749.9,SL,-3.1255,309.4255,1.5
2025-12-02 20:08:00+00:00,2025-12-02 20:13:00+00:00,long,91832.09,91594.82,SL,-3.0943,306.3312,1.5
2025-12-02 20:28:00+00:00,2025-12-02 21:05:00+00:00,short,91049.36,91232.05,SL,-3.0633,303.2679,1.5
2025-12-02 21:18:00+00:00,2025-12-02 21:26:00+00:00,short,91207.49,91414.54,SL,-3.0327,300.2352,1.5
2025-12-02 21:34:00+00:00,2025-12-02 21:51:00+00:00,short,91322.14,91567.15,SL,-3.0024,297.2329,1.5
2025-12-02 22:01:00+00:00,2025-12-02 23:34:00+00:00,long,91669.29,91476.81,SL,-2.9723,294.2606,1.5
2025-12-03 00:05:00+00:00,2025-12-03 00:09:00+00:00,short,91200.0,91452.27,SL,-2.9426,291.3179,1.5
2025-12-03 00:25:00+00:00,2025-12-03 00:44:00+00:00,short,91240.01,91473.55,SL,-2.9132,288.4048,1.5
2025-12-03 00:56:00+00:00,2025-12-03 00:59:00+00:00,short,91424.13,91660.12,SL,-2.884,285.5207,1.5
2025-12-03 01:11:00+00:00,2025-12-03 01:47:00+00:00,long,91839.53,92209.99,TP,5.7104,291.2311,1.5
2025-12-03 02:03:00+00:00,2025-12-03 02:06:00+00:00,long,92437.14,92205.4,SL,-2.9123,288.3188,1.5
2025-12-03 02:11:00+00:00,2025-12-03 02:25:00+00:00,long,92596.92,92970.34,TP,5.7664,294.0852,1.5
2025-12-03 02:54:00+00:00,2025-12-03 04:27:00+00:00,long,92655.74,93137.87,TP,5.8817,299.9669,1.5
2025-12-03 04:34:00+00:00,2025-12-03 05:06:00+00:00,long,93071.53,93499.99,TP,5.9993,305.9662,1.5
2025-12-03 05:29:00+00:00,2025-12-03 06:03:00+00:00,long,93351.31,93783.79,TP,6.1193,312.0856,1.5
2025-12-03 06:22:00+00:00,2025-12-03 06:40:00+00:00,long,93896.0,93645.09,SL,-3.1209,308.9647,1.5
2025-12-03 06:55:00+00:00,2025-12-03 07:15:00+00:00,long,93339.72,93114.82,SL,-3.0896,305.8751,1.5
2025-12-03 07:51:00+00:00,2025-12-03 08:05:00+00:00,short,92960.77,93173.92,SL,-3.0588,302.8163,1.5
2025-12-03 08:08:00+00:00,2025-12-03 09:52:00+00:00,short,92912.52,93118.24,SL,-3.0282,299.7881,1.5
2025-12-03 10:18:00+00:00,2025-12-03 10:36:00+00:00,long,93176.35,92965.19,SL,-2.9979,296.7903,1.5
2025-12-03 10:58:00+00:00,2025-12-03 13:16:00+00:00,short,92897.68,93085.18,SL,-2.9679,293.8224,1.5
2025-12-03 13:17:00+00:00,2025-12-03 14:01:00+00:00,long,93064.02,92737.55,SL,-2.9382,290.8841,1.5
2025-12-03 14:35:00+00:00,2025-12-03 14:36:00+00:00,short,92235.59,92435.99,SL,-2.9088,287.9753,1.5
2025-12-03 15:04:00+00:00,2025-12-03 15:08:00+00:00,long,92920.04,92616.74,SL,-2.8798,285.0955,1.5
2025-12-03 15:09:00+00:00,2025-12-03 15:11:00+00:00,short,92552.43,92759.44,SL,-2.851,282.2446,1.5
2025-12-03 15:42:00+00:00,2025-12-03 15:48:00+00:00,short,92379.1,92610.4,SL,-2.8224,279.4221,1.5
2025-12-03 15:54:00+00:00,2025-12-03 16:08:00+00:00,short,92433.83,91969.04,TP,5.5884,285.0106,1.5
2025-12-03 17:19:00+00:00,2025-12-03 17:21:00+00:00,short,92260.57,92598.47,SL,-2.8501,282.1605,1.5
2025-12-03 17:48:00+00:00,2025-12-03 18:11:00+00:00,long,92899.0,93305.99,TP,5.6432,287.8037,1.5
2025-12-03 18:35:00+00:00,2025-12-03 18:46:00+00:00,long,93132.98,92913.21,SL,-2.878,284.9257,1.5
2025-12-03 19:16:00+00:00,2025-12-03 19:20:00+00:00,short,92575.14,92775.46,SL,-2.8493,282.0764,1.5
2025-12-03 19:38:00+00:00,2025-12-03 19:44:00+00:00,short,92631.0,92833.2,SL,-2.8208,279.2556,1.5
2025-12-03 20:25:00+00:00,2025-12-03 21:01:00+00:00,long,93066.99,92875.93,SL,-2.7926,276.4631,1.5
2025-12-03 21:08:00+00:00,2025-12-03 21:39:00+00:00,long,93077.0,93477.59,TP,5.5293,281.9923,1.5
2025-12-03 21:56:00+00:00,2025-12-03 22:25:00+00:00,long,93634.59,93389.97,SL,-2.8199,279.1724,1.5
2025-12-03 22:38:00+00:00,2025-12-03 23:01:00+00:00,long,93573.81,94070.91,TP,5.5834,284.7559,1.5
2025-12-03 23:40:00+00:00,2025-12-04 00:07:00+00:00,long,93528.33,93307.69,SL,-2.8476,281.9083,1.5
2025-12-04 00:26:00+00:00,2025-12-04 00:40:00+00:00,short,92751.92,92940.47,SL,-2.8191,279.0892,1.5
2025-12-04 01:35:00+00:00,2025-12-04 01:46:00+00:00,long,93526.8,93325.31,SL,-2.7909,276.2983,1.5
2025-12-04 02:39:00+00:00,2025-12-04 02:48:00+00:00,long,93980.09,93790.49,SL,-2.763,273.5353,1.5
2025-12-04 02:57:00+00:00,2025-12-04 03:15:00+00:00,long,93937.61,93686.8,SL,-2.7354,270.8,1.5
2025-12-04 03:35:00+00:00,2025-12-04 04:06:00+00:00,long,93575.3,93384.43,SL,-2.708,268.092,1.5
2025-12-04 04:21:00+00:00,2025-12-04 05:43:00+00:00,short,93389.24,92975.78,TP,5.3618,273.4538,1.5
2025-12-04 06:23:00+00:00,2025-12-04 06:30:00+00:00,short,93024.36,93267.62,SL,-2.7345,270.7193,1.5
2025-12-04 06:40:00+00:00,2025-12-04 07:58:00+00:00,short,93219.99,93408.4,SL,-2.7072,268.0121,1.5
2025-12-04 08:27:00+00:00,2025-12-04 08:40:00+00:00,short,93104.37,93334.0,SL,-2.6801,265.332,1.5
2025-12-04 08:51:00+00:00,2025-12-04 09:06:00+00:00,short,93185.46,93560.0,SL,-2.6533,262.6787,1.5
2025-12-04 09:31:00+00:00,2025-12-04 10:52:00+00:00,long,93391.32,93197.8,SL,-2.6268,260.0519,1.5
2025-12-04 11:17:00+00:00,2025-12-04 11:33:00+00:00,short,93227.39,92781.56,TP,5.201,265.2529,1.5
2025-12-04 12:09:00+00:00,2025-12-04 12:41:00+00:00,short,92957.47,93174.51,SL,-2.6525,262.6004,1.5
2025-12-04 12:50:00+00:00,2025-12-04 13:04:00+00:00,short,93083.78,92582.5,TP,5.252,267.8524,1.5
2025-12-04 13:36:00+00:00,2025-12-04 14:51:00+00:00,short,92702.01,92096.52,TP,5.357,273.2094,1.5
2025-12-04 15:25:00+00:00,2025-12-04 15:36:00+00:00,short,92393.3,92580.77,SL,-2.7321,270.4773,1.5
2025-12-04 15:37:00+00:00,2025-12-04 15:39:00+00:00,long,92825.12,93229.01,TP,5.4095,275.8869,1.5
2025-12-04 16:12:00+00:00,2025-12-04 16:38:00+00:00,long,92882.58,92585.8,SL,-2.7589,273.128,1.5
2025-12-04 16:49:00+00:00,2025-12-04 17:10:00+00:00,short,92513.77,92141.88,TP,5.4626,278.5906,1.5
2025-12-04 17:18:00+00:00,2025-12-04 17:35:00+00:00,short,92066.02,92255.07,SL,-2.7859,275.8047,1.5
2025-12-04 17:39:00+00:00,2025-12-04 17:49:00+00:00,short,91914.24,92187.01,SL,-2.758,273.0466,1.5
2025-12-04 18:03:00+00:00,2025-12-04 18:23:00+00:00,short,92268.04,92469.13,SL,-2.7305,270.3162,1.5
2025-12-04 18:53:00+00:00,2025-12-04 19:12:00+00:00,short,92046.0,91584.13,TP,5.4063,275.7225,1.5
2025-12-04 19:53:00+00:00,2025-12-04 20:43:00+00:00,short,92025.68,92280.0,SL,-2.7572,272.9653,1.5
2025-12-04 21:07:00+00:00,2025-12-04 21:20:00+00:00,long,92620.15,92412.42,SL,-2.7297,270.2356,1.5
2025-12-04 21:39:00+00:00,2025-12-04 21:46:00+00:00,long,92341.41,92153.84,SL,-2.7024,267.5333,1.5
2025-12-04 21:52:00+00:00,2025-12-05 02:26:00+00:00,long,92231.64,92614.23,TP,5.3507,272.8839,1.5
2025-12-05 02:37:00+00:00,2025-12-05 03:21:00+00:00,long,92683.4,92463.37,SL,-2.7288,270.1551,1.5
2025-12-05 03:37:00+00:00,2025-12-05 04:33:00+00:00,short,92343.49,91889.01,TP,5.4031,275.5582,1.5
2025-12-05 05:17:00+00:00,2025-12-05 07:07:00+00:00,short,92126.26,92337.99,SL,-2.7556,272.8026,1.5
2025-12-05 07:15:00+00:00,2025-12-05 08:03:00+00:00,long,92388.69,92187.46,SL,-2.728,270.0746,1.5
2025-12-05 08:04:00+00:00,2025-12-05 09:16:00+00:00,short,92106.03,91693.28,TP,5.4015,275.4761,1.5
2025-12-05 09:34:00+00:00,2025-12-05 10:25:00+00:00,short,91199.07,91396.17,SL,-2.7548,272.7213,1.5
2025-12-05 10:30:00+00:00,2025-12-05 10:43:00+00:00,short,91285.28,91487.99,SL,-2.7272,269.9941,1.5
2025-12-05 10:48:00+00:00,2025-12-05 11:08:00+00:00,short,91318.02,91515.81,SL,-2.6999,267.2942,1.5
2025-12-05 11:21:00+00:00,2025-12-05 13:04:00+00:00,short,91473.16,91083.27,TP,5.3459,272.64,1.5
2025-12-05 13:15:00+00:00,2025-12-05 13:39:00+00:00,short,90989.21,90613.99,TP,5.4528,278.0928,1.5
2025-12-05 14:15:00+00:00,2025-12-05 14:41:00+00:00,short,90477.96,90033.73,TP,5.5619,283.6547,1.5
2025-12-05 14:47:00+00:00,2025-12-05 15:00:00+00:00,short,90154.09,90484.42,SL,-2.8365,280.8181,1.5
2025-12-05 15:31:00+00:00,2025-12-05 15:38:00+00:00,long,91307.07,91104.0,SL,-2.8082,278.01,1.5
2025-12-05 16:39:00+00:00,2025-12-05 16:42:00+00:00,short,88583.14,88191.6,TP,5.5602,283.5702,1.5
2025-12-05 17:10:00+00:00,2025-12-05 17:20:00+00:00,short,88746.27,89012.92,SL,-2.8357,280.7345,1.5
2025-12-05 17:26:00+00:00,2025-12-05 17:32:00+00:00,short,88760.43,89149.42,SL,-2.8073,277.9271,1.5
2025-12-05 17:37:00+00:00,2025-12-05 17:46:00+00:00,short,88892.46,89129.72,SL,-2.7793,275.1478,1.5
2025-12-05 18:00:00+00:00,2025-12-05 18:05:00+00:00,short,89278.79,89486.01,SL,-2.7515,272.3964,1.5
2025-12-05 18:52:00+00:00,2025-12-05 19:15:00+00:00,short,88967.72,89238.25,SL,-2.724,269.6724,1.5
2025-12-05 19:38:00+00:00,2025-12-05 20:38:00+00:00,long,89550.38,89350.72,SL,-2.6967,266.9757,1.5
2025-12-05 21:25:00+00:00,2025-12-05 22:01:00+00:00,short,89398.11,88991.69,TP,5.3395,272.3152,1.5
2025-12-05 22:13:00+00:00,2025-12-05 22:16:00+00:00,short,88926.28,89105.94,SL,-2.7232,269.592,1.5
2025-12-05 22:34:00+00:00,2025-12-05 22:49:00+00:00,short,89142.56,89329.76,SL,-2.6959,266.8961,1.5
2025-12-05 22:53:00+00:00,2025-12-06 00:39:00+00:00,short,89224.01,89436.64,SL,-2.669,264.2272,1.5
2025-12-06 01:15:00+00:00,2025-12-06 01:42:00+00:00,long,89395.87,89207.43,SL,-2.6423,261.5849,1.5
2025-12-06 01:47:00+00:00,2025-12-06 03:07:00+00:00,long,89337.39,89706.0,TP,5.2317,266.8166,1.5
2025-12-06 03:34:00+00:00,2025-12-06 04:11:00+00:00,long,89752.61,89562.03,SL,-2.6682,264.1484,1.5
2025-12-06 04:20:00+00:00,2025-12-06 08:20:00+00:00,long,89618.47,89420.0,SL,-2.6415,261.5069,1.5
2025-12-06 08:56:00+00:00,2025-12-06 09:10:00+00:00,short,89267.24,89445.98,SL,-2.6151,258.8919,1.5
2025-12-06 09:26:00+00:00,2025-12-06 14:16:00+00:00,long,89607.84,89980.0,TP,5.1778,264.0697,1.5
2025-12-06 14:41:00+00:00,2025-12-06 15:06:00+00:00,long,90074.36,89834.18,SL,-2.6407,261.429,1.5
2025-12-06 16:05:00+00:00,2025-12-06 16:49:00+00:00,long,89939.19,89752.0,SL,-2.6143,258.8147,1.5
2025-12-06 17:16:00+00:00,2025-12-06 17:29:00+00:00,short,89660.76,89844.48,SL,-2.5881,256.2266,1.5
2025-12-06 17:35:00+00:00,2025-12-06 22:12:00+00:00,short,89687.19,89295.67,TP,5.1245,261.3511,1.5
2025-12-06 22:26:00+00:00,2025-12-06 23:21:00+00:00,short,89408.95,89008.92,TP,5.227,266.5781,1.5
2025-12-07 00:00:00+00:00,2025-12-07 00:31:00+00:00,short,89206.88,89403.72,SL,-2.6658,263.9123,1.5
2025-12-07 01:12:00+00:00,2025-12-07 01:59:00+00:00,long,89498.8,89300.0,SL,-2.6391,261.2732,1.5
2025-12-07 02:45:00+00:00,2025-12-07 07:33:00+00:00,long,89450.17,89270.2,SL,-2.6127,258.6605,1.5
2025-12-07 08:04:00+00:00,2025-12-07 08:40:00+00:00,short,89291.84,89470.56,SL,-2.5866,256.0739,1.5
2025-12-07 09:20:00+00:00,2025-12-07 12:46:00+00:00,short,89302.0,89511.51,SL,-2.5607,253.5131,1.5
2025-12-07 14:04:00+00:00,2025-12-07 14:24:00+00:00,short,88900.01,88368.87,TP,5.0703,258.5834,1.5
2025-12-07 15:19:00+00:00,2025-12-07 15:34:00+00:00,short,88689.01,88943.84,SL,-2.5858,255.9976,1.5
2025-12-07 15:35:00+00:00,2025-12-07 15:55:00+00:00,long,89017.33,89485.06,TP,5.12,261.1175,1.5
2025-12-07 16:35:00+00:00,2025-12-07 16:59:00+00:00,long,89391.23,89893.38,TP,5.2223,266.3399,1.5
2025-12-07 17:13:00+00:00,2025-12-07 17:18:00+00:00,long,89834.55,90212.49,TP,5.3268,271.6667,1.5
2025-12-07 18:02:00+00:00,2025-12-07 18:18:00+00:00,long,91171.36,91595.0,TP,5.4333,277.1,1.5
2025-12-07 18:25:00+00:00,2025-12-07 18:40:00+00:00,long,91633.8,91442.63,SL,-2.771,274.329,1.5
2025-12-07 19:01:00+00:00,2025-12-07 19:38:00+00:00,long,91426.98,91243.26,SL,-2.7433,271.5857,1.5
2025-12-07 19:43:00+00:00,2025-12-07 21:21:00+00:00,long,91333.98,91080.58,SL,-2.7159,268.8699,1.5
2025-12-07 21:37:00+00:00,2025-12-07 21:45:00+00:00,short,90794.74,90325.1,TP,5.3774,274.2473,1.5
2025-12-07 22:05:00+00:00,2025-12-07 22:07:00+00:00,short,89590.28,89065.13,TP,5.4849,279.7322,1.5
2025-12-07 22:49:00+00:00,2025-12-07 22:55:00+00:00,short,89986.17,89472.67,TP,5.5946,285.3269,1.5
2025-12-07 23:35:00+00:00,2025-12-07 23:51:00+00:00,short,89995.43,90190.69,SL,-2.8533,282.4736,1.5
2025-12-08 00:04:00+00:00,2025-12-08 00:08:00+00:00,long,90369.6,90131.84,SL,-2.8247,279.6488,1.5
2025-12-08 00:23:00+00:00,2025-12-08 01:09:00+00:00,long,90279.01,90678.78,TP,5.593,285.2418,1.5
2025-12-08 01:22:00+00:00,2025-12-08 01:28:00+00:00,long,90776.8,91230.76,TP,5.7048,290.9467,1.5
2025-12-08 02:08:00+00:00,2025-12-08 02:55:00+00:00,long,90988.0,91413.96,TP,5.8189,296.7656,1.5
2025-12-08 03:19:00+00:00,2025-12-08 03:38:00+00:00,long,91292.02,91070.52,SL,-2.9677,293.7979,1.5
2025-12-08 03:49:00+00:00,2025-12-08 06:30:00+00:00,long,91082.66,91486.01,TP,5.876,299.6739,1.5
2025-12-08 07:15:00+00:00,2025-12-08 07:36:00+00:00,long,91437.73,91811.79,TP,5.9935,305.6674,1.5
2025-12-08 08:04:00+00:00,2025-12-08 08:55:00+00:00,long,91540.95,91923.7,TP,6.1133,311.7807,1.5
2025-12-08 09:36:00+00:00,2025-12-08 10:04:00+00:00,long,92049.42,91843.03,SL,-3.1178,308.6629,1.5
2025-12-08 10:09:00+00:00,2025-12-08 12:34:00+00:00,long,91936.47,91736.29,SL,-3.0866,305.5763,1.5
2025-12-08 12:53:00+00:00,2025-12-08 13:10:00+00:00,short,91737.49,91979.65,SL,-3.0558,302.5205,1.5
2025-12-08 13:16:00+00:00,2025-12-08 13:41:00+00:00,short,91805.09,91425.23,TP,6.0504,308.5709,1.5
2025-12-08 13:53:00+00:00,2025-12-08 14:36:00+00:00,short,91528.12,91044.04,TP,6.1714,314.7423,1.5
2025-12-08 14:56:00+00:00,2025-12-08 15:08:00+00:00,short,90998.64,90608.0,TP,6.2948,321.0372,1.5
2025-12-08 15:23:00+00:00,2025-12-08 15:33:00+00:00,short,89932.0,90182.33,SL,-3.2104,317.8268,1.5
2025-12-08 15:43:00+00:00,2025-12-08 15:49:00+00:00,short,89667.27,89849.25,SL,-3.1783,314.6486,1.5
2025-12-08 16:02:00+00:00,2025-12-08 16:07:00+00:00,short,89755.01,90081.62,SL,-3.1465,311.5021,1.5
2025-12-08 16:17:00+00:00,2025-12-08 16:20:00+00:00,short,89911.32,90256.03,SL,-3.115,308.387,1.5
2025-12-08 16:34:00+00:00,2025-12-08 16:49:00+00:00,short,90233.53,89862.96,TP,6.1677,314.5548,1.5
2025-12-08 17:02:00+00:00,2025-12-08 17:03:00+00:00,short,89777.52,89969.68,SL,-3.1455,311.4092,1.5
2025-12-08 17:19:00+00:00,2025-12-08 17:57:00+00:00,short,90036.01,90261.14,SL,-3.1141,308.2951,1.5
2025-12-08 18:21:00+00:00,2025-12-08 18:26:00+00:00,long,90488.2,90293.66,SL,-3.083,305.2122,1.5
2025-12-08 18:51:00+00:00,2025-12-08 18:56:00+00:00,short,90272.05,89889.44,TP,6.1042,311.3164,1.5
2025-12-08 19:40:00+00:00,2025-12-08 19:53:00+00:00,short,90130.14,90310.73,SL,-3.1132,308.2033,1.5
2025-12-08 19:57:00+00:00,2025-12-08 20:03:00+00:00,short,90124.32,90308.63,SL,-3.082,305.1212,1.5
2025-12-08 20:19:00+00:00,2025-12-08 20:53:00+00:00,long,90507.31,90905.36,TP,6.1024,311.2237,1.5
2025-12-08 21:05:00+00:00,2025-12-08 21:50:00+00:00,long,90887.54,91328.02,TP,6.2245,317.4481,1.5
2025-12-08 22:29:00+00:00,2025-12-08 22:44:00+00:00,long,90971.5,90768.0,SL,-3.1745,314.2737,1.5
2025-12-08 22:46:00+00:00,2025-12-08 23:20:00+00:00,long,90842.14,90617.04,SL,-3.1427,311.1309,1.5
2025-12-08 23:48:00+00:00,2025-12-09 00:13:00+00:00,short,90572.98,90762.37,SL,-3.1113,308.0196,1.5
2025-12-09 00:23:00+00:00,2025-12-09 00:53:00+00:00,short,90745.04,90365.47,TP,6.1604,314.18,1.5
2025-12-09 01:26:00+00:00,2025-12-09 01:41:00+00:00,short,90432.24,90064.16,TP,6.2836,320.4636,1.5
2025-12-09 01:49:00+00:00,2025-12-09 02:04:00+00:00,short,90013.16,90237.61,SL,-3.2046,317.259,1.5
2025-12-09 02:33:00+00:00,2025-12-09 03:19:00+00:00,short,90224.27,89854.09,TP,6.3452,323.6042,1.5
2025-12-09 04:11:00+00:00,2025-12-09 04:31:00+00:00,long,90499.99,90244.82,SL,-3.236,320.3681,1.5
2025-12-09 05:09:00+00:00,2025-12-09 05:30:00+00:00,short,89787.66,90037.53,SL,-3.2037,317.1644,1.5
2025-12-09 06:13:00+00:00,2025-12-09 06:53:00+00:00,short,89958.99,90217.55,SL,-3.1716,313.9928,1.5
2025-12-09 07:20:00+00:00,2025-12-09 10:08:00+00:00,long,90293.65,90103.55,SL,-3.1399,310.8529,1.5
2025-12-09 10:09:00+00:00,2025-12-09 10:33:00+00:00,short,90068.25,90286.35,SL,-3.1085,307.7443,1.5
2025-12-09 10:39:00+00:00,2025-12-09 10:50:00+00:00,short,90001.23,90217.55,SL,-3.0774,304.6669,1.5
2025-12-09 11:11:00+00:00,2025-12-09 12:01:00+00:00,short,90247.23,90430.7,SL,-3.0467,301.6202,1.5
2025-12-09 12:17:00+00:00,2025-12-09 13:42:00+00:00,long,90508.54,90285.64,SL,-3.0162,298.604,1.5
2025-12-09 14:10:00+00:00,2025-12-09 14:32:00+00:00,short,90390.38,90013.11,TP,5.9721,304.5761,1.5
2025-12-09 14:43:00+00:00,2025-12-09 15:00:00+00:00,short,90199.99,90410.26,SL,-3.0458,301.5303,1.5
2025-12-09 15:20:00+00:00,2025-12-09 15:23:00+00:00,long,90949.99,90742.95,SL,-3.0153,298.515,1.5
2025-12-09 15:28:00+00:00,2025-12-09 15:37:00+00:00,long,90964.16,91424.01,TP,5.9703,304.4853,1.5
2025-12-09 16:00:00+00:00,2025-12-09 16:10:00+00:00,long,92970.19,93409.22,TP,6.0897,310.575,1.5
2025-12-09 16:35:00+00:00,2025-12-09 16:47:00+00:00,long,93858.15,94270.4,TP,6.2115,316.7865,1.5
2025-12-09 17:31:00+00:00,2025-12-09 17:32:00+00:00,long,93924.86,93721.44,SL,-3.1679,313.6187,1.5
2025-12-09 17:37:00+00:00,2025-12-09 18:19:00+00:00,long,93730.62,94134.93,TP,6.2724,319.891,1.5
2025-12-09 18:54:00+00:00,2025-12-09 19:03:00+00:00,long,93972.09,93767.97,SL,-3.1989,316.6921,1.5
2025-12-09 19:11:00+00:00,2025-12-09 20:02:00+00:00,long,93873.29,93669.62,SL,-3.1669,313.5252,1.5
2025-12-09 20:10:00+00:00,2025-12-09 20:16:00+00:00,long,93750.0,93511.27,SL,-3.1353,310.39,1.5
2025-12-09 20:34:00+00:00,2025-12-09 20:37:00+00:00,short,92846.36,93106.04,SL,-3.1039,307.2861,1.5
2025-12-09 21:09:00+00:00,2025-12-09 21:45:00+00:00,short,93031.5,92650.0,TP,6.1457,313.4318,1.5
2025-12-09 22:15:00+00:00,2025-12-09 22:36:00+00:00,short,92606.63,92800.01,SL,-3.1343,310.2975,1.5
2025-12-09 22:52:00+00:00,2025-12-10 00:16:00+00:00,short,92887.11,92482.72,TP,6.2059,316.5034,1.5
2025-12-10 00:46:00+00:00,2025-12-10 01:32:00+00:00,short,92400.59,92000.01,TP,6.3301,322.8335,1.5
2025-12-10 02:00:00+00:00,2025-12-10 02:20:00+00:00,short,92247.11,92439.6,SL,-3.2283,319.6051,1.5
2025-12-10 03:08:00+00:00,2025-12-10 04:18:00+00:00,short,92413.03,92657.82,SL,-3.1961,316.4091,1.5
2025-12-10 04:36:00+00:00,2025-12-10 09:54:00+00:00,long,92516.08,92905.91,TP,6.3282,322.7373,1.5
2025-12-10 11:16:00+00:00,2025-12-10 11:45:00+00:00,short,92305.7,91880.95,TP,6.4547,329.192,1.5
2025-12-10 12:12:00+00:00,2025-12-10 14:52:00+00:00,short,92049.99,91659.62,TP,6.5838,335.7759,1.5
2025-12-10 15:17:00+00:00,2025-12-10 16:12:00+00:00,short,92008.21,92229.12,SL,-3.3578,332.4181,1.5
2025-12-10 17:06:00+00:00,2025-12-10 18:35:00+00:00,long,92221.09,92666.0,TP,6.6484,339.0665,1.5
2025-12-10 18:48:00+00:00,2025-12-10 18:50:00+00:00,long,92789.55,92601.98,SL,-3.3907,335.6758,1.5
2025-12-10 19:00:00+00:00,2025-12-10 19:01:00+00:00,long,92920.0,92609.63,SL,-3.3568,332.319,1.5
2025-12-10 19:02:00+00:00,2025-12-10 19:06:00+00:00,short,92214.03,92549.76,SL,-3.3232,328.9959,1.5
2025-12-10 19:08:00+00:00,2025-12-10 19:14:00+00:00,long,92595.86,93001.71,TP,6.5799,335.5758,1.5
2025-12-10 19:33:00+00:00,2025-12-10 19:36:00+00:00,long,92966.02,92736.98,SL,-3.3558,332.22,1.5
2025-12-10 19:52:00+00:00,2025-12-10 20:01:00+00:00,long,92956.91,92727.99,SL,-3.3222,328.8978,1.5
2025-12-10 20:05:00+00:00,2025-12-10 20:08:00+00:00,long,92999.92,93426.3,TP,6.578,335.4758,1.5
2025-12-10 20:46:00+00:00,2025-12-10 20:47:00+00:00,long,93807.99,93381.53,SL,-3.3548,332.121,1.5
2025-12-10 21:32:00+00:00,2025-12-10 21:36:00+00:00,short,92197.88,92398.0,SL,-3.3212,328.7998,1.5
2025-12-10 21:56:00+00:00,2025-12-10 22:18:00+00:00,short,92508.9,92028.08,TP,6.576,335.3758,1.5
2025-12-10 22:50:00+00:00,2025-12-10 23:37:00+00:00,short,92442.21,92069.54,TP,6.7075,342.0833,1.5
2025-12-10 23:44:00+00:00,2025-12-11 00:33:00+00:00,short,92000.01,91595.91,TP,6.8417,348.925,1.5
2025-12-11 01:10:00+00:00,2025-12-11 01:21:00+00:00,short,91156.1,90749.5,TP,6.9785,355.9035,1.5
2025-12-11 01:40:00+00:00,2025-12-11 02:00:00+00:00,short,90926.97,90522.62,TP,7.1181,363.0216,1.5
2025-12-11 02:31:00+00:00,2025-12-11 02:42:00+00:00,short,89991.09,90192.42,SL,-3.6302,359.3913,1.5
2025-12-11 03:01:00+00:00,2025-12-11 03:11:00+00:00,short,89940.01,89500.0,TP,7.1878,366.5792,1.5
2025-12-11 03:31:00+00:00,2025-12-11 03:36:00+00:00,short,89638.8,89859.86,SL,-3.6658,362.9134,1.5
2025-12-11 03:56:00+00:00,2025-12-11 04:10:00+00:00,short,89809.75,89994.27,SL,-3.6291,359.2842,1.5
2025-12-11 04:17:00+00:00,2025-12-11 04:30:00+00:00,short,89907.75,90108.51,SL,-3.5928,355.6914,1.5
2025-12-11 04:38:00+00:00,2025-12-11 04:49:00+00:00,short,90050.01,90251.86,SL,-3.5569,352.1345,1.5
2025-12-11 05:21:00+00:00,2025-12-11 06:20:00+00:00,long,90279.17,90073.48,SL,-3.5213,348.6131,1.5
2025-12-11 07:03:00+00:00,2025-12-11 07:27:00+00:00,long,90327.05,90123.15,SL,-3.4861,345.127,1.5
2025-12-11 07:41:00+00:00,2025-12-11 09:15:00+00:00,short,90146.26,90338.53,SL,-3.4513,341.6757,1.5
2025-12-11 09:31:00+00:00,2025-12-11 09:54:00+00:00,long,90458.75,90237.35,SL,-3.4168,338.259,1.5
2025-12-11 10:03:00+00:00,2025-12-11 12:54:00+00:00,long,90314.48,90132.12,SL,-3.3826,334.8764,1.5
2025-12-11 13:08:00+00:00,2025-12-11 14:23:00+00:00,short,90035.66,90222.47,SL,-3.3488,331.5276,1.5
2025-12-11 14:36:00+00:00,2025-12-11 14:48:00+00:00,long,90299.87,89996.45,SL,-3.3153,328.2123,1.5
2025-12-11 16:05:00+00:00,2025-12-11 16:38:00+00:00,short,89620.0,89842.5,SL,-3.2821,324.9302,1.5
2025-12-11 16:51:00+00:00,2025-12-11 17:24:00+00:00,short,89903.0,90103.68,SL,-3.2493,321.6809,1.5
2025-12-11 18:02:00+00:00,2025-12-11 18:21:00+00:00,long,90105.12,90468.39,TP,6.4336,328.1145,1.5
2025-12-11 18:36:00+00:00,2025-12-11 18:43:00+00:00,long,90582.2,90986.54,TP,6.5623,334.6768,1.5
2025-12-11 19:15:00+00:00,2025-12-11 19:23:00+00:00,long,90760.99,91154.07,TP,6.6935,341.3704,1.5
2025-12-11 20:04:00+00:00,2025-12-11 20:33:00+00:00,long,91101.85,91477.18,TP,6.8274,348.1978,1.5
2025-12-11 20:52:00+00:00,2025-12-11 21:07:00+00:00,long,91610.0,92034.86,TP,6.964,355.1617,1.5
2025-12-11 21:30:00+00:00,2025-12-11 21:35:00+00:00,long,93467.81,93241.27,SL,-3.5516,351.6101,1.5
2025-12-11 22:13:00+00:00,2025-12-11 22:17:00+00:00,long,92956.38,92654.59,SL,-3.5161,348.094,1.5
2025-12-11 22:33:00+00:00,2025-12-11 22:43:00+00:00,long,92552.11,92301.0,SL,-3.4809,344.6131,1.5
2025-12-11 22:55:00+00:00,2025-12-11 23:12:00+00:00,long,92239.09,92642.85,TP,6.8923,351.5053,1.5
2025-12-11 23:33:00+00:00,2025-12-11 23:54:00+00:00,long,92650.0,92459.51,SL,-3.5151,347.9903,1.5
2025-12-12 00:15:00+00:00,2025-12-12 00:48:00+00:00,long,92463.59,92223.49,SL,-3.4799,344.5104,1.5
2025-12-12 01:41:00+00:00,2025-12-12 02:13:00+00:00,short,92210.08,92481.88,SL,-3.4451,341.0653,1.5
2025-12-12 02:48:00+00:00,2025-12-12 03:16:00+00:00,long,92567.63,92276.24,SL,-3.4107,337.6546,1.5
2025-12-12 03:55:00+00:00,2025-12-12 05:02:00+00:00,short,92280.1,92465.93,SL,-3.3765,334.2781,1.5
2025-12-12 06:04:00+00:00,2025-12-12 07:28:00+00:00,long,92571.32,92379.29,SL,-3.3428,330.9353,1.5
2025-12-12 07:31:00+00:00,2025-12-12 07:38:00+00:00,long,92482.82,92278.77,SL,-3.3094,327.6259,1.5
2025-12-12 08:03:00+00:00,2025-12-12 10:09:00+00:00,short,92408.84,92597.57,SL,-3.2763,324.3497,1.5
2025-12-12 10:48:00+00:00,2025-12-12 11:19:00+00:00,long,92482.39,92275.86,SL,-3.2435,321.1062,1.5
2025-12-12 11:38:00+00:00,2025-12-12 13:18:00+00:00,short,92319.28,92511.2,SL,-3.2111,317.8951,1.5
2025-12-12 13:40:00+00:00,2025-12-12 14:15:00+00:00,long,92365.0,92167.42,SL,-3.179,314.7162,1.5
2025-12-12 14:25:00+00:00,2025-12-12 14:32:00+00:00,short,92176.94,92395.07,SL,-3.1472,311.569,1.5
2025-12-12 14:49:00+00:00,2025-12-12 14:54:00+00:00,short,92307.84,92574.64,SL,-3.1157,308.4533,1.5
2025-12-12 14:55:00+00:00,2025-12-12 15:00:00+00:00,long,92527.15,92315.79,SL,-3.0845,305.3688,1.5
2025-12-12 15:57:00+00:00,2025-12-12 16:25:00+00:00,short,90050.19,90239.36,SL,-3.0537,302.3151,1.5
2025-12-12 16:33:00+00:00,2025-12-12 16:40:00+00:00,short,89944.74,89573.58,TP,6.0463,308.3614,1.5
2025-12-12 17:21:00+00:00,2025-12-12 17:27:00+00:00,short,90316.81,89862.31,TP,6.1672,314.5286,1.5
2025-12-12 17:51:00+00:00,2025-12-12 18:12:00+00:00,short,90040.82,90321.43,SL,-3.1453,311.3833,1.5
2025-12-12 18:23:00+00:00,2025-12-12 18:27:00+00:00,short,90251.08,90456.05,SL,-3.1138,308.2695,1.5
2025-12-12 18:28:00+00:00,2025-12-12 18:57:00+00:00,long,90539.77,90285.04,SL,-3.0827,305.1868,1.5
2025-12-12 19:37:00+00:00,2025-12-12 21:09:00+00:00,short,90145.35,90335.73,SL,-3.0519,302.1349,1.5
2025-12-12 21:13:00+00:00,2025-12-12 21:24:00+00:00,long,90322.44,90112.52,SL,-3.0213,299.1136,1.5
2025-12-12 22:03:00+00:00,2025-12-13 10:41:00+00:00,long,90249.81,90628.99,TP,5.9823,305.0959,1.5
2025-12-13 11:40:00+00:00,2025-12-13 14:29:00+00:00,short,90380.0,89961.12,TP,6.1019,311.1978,1.5
2025-12-13 14:55:00+00:00,2025-12-14 00:32:00+00:00,short,90148.9,90374.48,SL,-3.112,308.0858,1.5
2025-12-14 00:44:00+00:00,2025-12-14 01:35:00+00:00,long,90453.77,90272.74,SL,-3.0809,305.005,1.5
2025-12-14 02:22:00+00:00,2025-12-14 04:42:00+00:00,long,90347.95,90152.48,SL,-3.0501,301.9549,1.5
2025-12-14 05:08:00+00:00,2025-12-14 11:04:00+00:00,short,90134.36,89644.01,TP,6.0391,307.994,1.5
2025-12-14 11:25:00+00:00,2025-12-14 11:41:00+00:00,short,89613.01,89250.01,TP,6.1599,314.1539,1.5
2025-12-14 12:05:00+00:00,2025-12-14 12:11:00+00:00,short,89169.43,89410.0,SL,-3.1415,311.0123,1.5
2025-12-14 12:26:00+00:00,2025-12-14 12:43:00+00:00,short,89419.73,89608.03,SL,-3.1101,307.9022,1.5
2025-12-14 12:49:00+00:00,2025-12-14 14:34:00+00:00,short,89520.74,89075.86,TP,6.158,314.0603,1.5
2025-12-14 15:10:00+00:00,2025-12-14 16:21:00+00:00,short,88970.15,89252.16,SL,-3.1406,310.9197,1.5
2025-12-14 16:32:00+00:00,2025-12-14 17:15:00+00:00,short,89032.18,88642.57,TP,6.2184,317.1381,1.5
2025-12-14 17:31:00+00:00,2025-12-14 17:54:00+00:00,short,88668.56,88910.62,SL,-3.1714,313.9667,1.5
2025-12-14 18:00:00+00:00,2025-12-14 18:05:00+00:00,short,88736.17,88916.04,SL,-3.1397,310.827,1.5
2025-12-14 18:22:00+00:00,2025-12-14 19:18:00+00:00,short,88923.29,88502.04,TP,6.2165,317.0435,1.5
2025-12-14 19:40:00+00:00,2025-12-14 20:02:00+00:00,short,88536.01,88727.6,SL,-3.1704,313.8731,1.5
2025-12-14 20:08:00+00:00,2025-12-14 20:14:00+00:00,short,88590.25,88803.06,SL,-3.1387,310.7344,1.5
2025-12-14 20:23:00+00:00,2025-12-14 22:30:00+00:00,short,88655.74,88212.0,TP,6.2147,316.9491,1.5
2025-12-14 23:05:00+00:00,2025-12-14 23:32:00+00:00,short,88203.73,87600.52,TP,6.339,323.288,1.5
2025-12-14 23:59:00+00:00,2025-12-15 00:01:00+00:00,short,88172.17,88464.78,SL,-3.2329,320.0552,1.5
2025-12-15 00:07:00+00:00,2025-12-15 00:22:00+00:00,short,88290.71,88500.0,SL,-3.2006,316.8546,1.5
2025-12-15 00:49:00+00:00,2025-12-15 01:20:00+00:00,long,88326.37,88680.0,TP,6.3371,323.1917,1.5
2025-12-15 01:22:00+00:00,2025-12-15 01:35:00+00:00,long,88681.14,89065.13,TP,6.4638,329.6555,1.5
2025-12-15 01:50:00+00:00,2025-12-15 02:08:00+00:00,long,89234.4,89650.0,TP,6.5931,336.2487,1.5
2025-12-15 02:17:00+00:00,2025-12-15 02:39:00+00:00,long,89785.06,89558.37,SL,-3.3625,332.8862,1.5
2025-12-15 02:58:00+00:00,2025-12-15 04:51:00+00:00,long,89323.88,89768.61,TP,6.6577,339.5439,1.5
2025-12-15 05:15:00+00:00,2025-12-15 05:53:00+00:00,long,89691.61,89493.65,SL,-3.3954,336.1484,1.5
2025-12-15 05:55:00+00:00,2025-12-15 09:25:00+00:00,long,89551.41,89916.19,TP,6.723,342.8714,1.5
2025-12-15 09:31:00+00:00,2025-12-15 11:40:00+00:00,long,89903.47,89708.76,SL,-3.4287,339.4427,1.5
2025-12-15 12:01:00+00:00,2025-12-15 12:43:00+00:00,short,89559.6,89747.88,SL,-3.3944,336.0483,1.5
2025-12-15 12:47:00+00:00,2025-12-15 13:35:00+00:00,short,89690.19,89295.92,TP,6.721,342.7692,1.5
2025-12-15 13:55:00+00:00,2025-12-15 14:17:00+00:00,short,89465.07,89686.05,SL,-3.4277,339.3416,1.5
2025-12-15 14:22:00+00:00,2025-12-15 14:33:00+00:00,short,89534.71,89113.1,TP,6.7868,346.1284,1.5
2025-12-15 14:37:00+00:00,2025-12-15 14:38:00+00:00,long,89876.41,89527.16,SL,-3.4613,342.6671,1.5
2025-12-15 14:42:00+00:00,2025-12-15 14:48:00+00:00,short,89246.78,88847.76,TP,6.8533,349.5204,1.5
2025-12-15 15:15:00+00:00,2025-12-15 15:22:00+00:00,short,87307.34,86951.01,TP,6.9904,356.5108,1.5
2025-12-15 15:53:00+00:00,2025-12-15 15:55:00+00:00,short,86752.0,86960.52,SL,-3.5651,352.9457,1.5
2025-12-15 16:13:00+00:00,2025-12-15 16:21:00+00:00,short,86935.72,87113.62,SL,-3.5295,349.4163,1.5
2025-12-15 16:24:00+00:00,2025-12-15 16:34:00+00:00,short,86941.86,86591.01,TP,6.9883,356.4046,1.5
2025-12-15 17:15:00+00:00,2025-12-15 17:24:00+00:00,short,86135.99,86320.3,SL,-3.564,352.8406,1.5
2025-12-15 17:31:00+00:00,2025-12-15 17:34:00+00:00,short,86112.46,85764.15,TP,7.0568,359.8974,1.5
2025-12-15 17:51:00+00:00,2025-12-15 17:53:00+00:00,short,85604.39,85779.0,SL,-3.599,356.2984,1.5
2025-12-15 18:21:00+00:00,2025-12-15 18:34:00+00:00,short,85707.4,85357.82,TP,7.126,363.4244,1.5
2025-12-15 19:09:00+00:00,2025-12-15 19:17:00+00:00,short,86242.59,85892.28,TP,7.2685,370.6929,1.5
2025-12-15 19:28:00+00:00,2025-12-15 20:11:00+00:00,short,86183.38,85833.84,TP,7.4139,378.1067,1.5
2025-12-15 20:47:00+00:00,2025-12-15 21:27:00+00:00,short,85861.7,86047.32,SL,-3.7811,374.3256,1.5
2025-12-15 21:55:00+00:00,2025-12-15 22:18:00+00:00,long,86188.92,86012.3,SL,-3.7433,370.5824,1.5
2025-12-15 22:46:00+00:00,2025-12-15 22:59:00+00:00,short,86045.92,86259.31,SL,-3.7058,366.8766,1.5
2025-12-15 23:33:00+00:00,2025-12-16 00:37:00+00:00,long,86336.54,86153.99,SL,-3.6688,363.2078,1.5
2025-12-16 01:19:00+00:00,2025-12-16 02:26:00+00:00,short,85902.73,86141.4,SL,-3.6321,359.5757,1.5
2025-12-16 03:04:00+00:00,2025-12-16 03:33:00+00:00,short,85888.01,85386.01,TP,7.1915,366.7672,1.5
2025-12-16 04:02:00+00:00,2025-12-16 04:49:00+00:00,short,85808.26,85411.69,TP,7.3353,374.1026,1.5
2025-12-16 05:19:00+00:00,2025-12-16 06:21:00+00:00,long,85991.84,86349.72,TP,7.4821,381.5846,1.5
2025-12-16 06:51:00+00:00,2025-12-16 07:13:00+00:00,long,86611.69,86424.12,SL,-3.8158,377.7688,1.5
2025-12-16 07:29:00+00:00,2025-12-16 07:40:00+00:00,long,86227.32,85957.07,SL,-3.7777,373.9911,1.5
2025-12-16 08:18:00+00:00,2025-12-16 08:29:00+00:00,short,86044.76,86271.71,SL,-3.7399,370.2512,1.5
2025-12-16 08:44:00+00:00,2025-12-16 10:39:00+00:00,long,86280.0,86761.87,TP,7.405,377.6562,1.5
2025-12-16 11:16:00+00:00,2025-12-16 12:45:00+00:00,long,87032.01,87400.55,TP,7.5531,385.2093,1.5
2025-12-16 13:14:00+00:00,2025-12-16 13:34:00+00:00,long,87218.06,86867.25,SL,-3.8521,381.3572,1.5
2025-12-16 13:54:00+00:00,2025-12-16 13:59:00+00:00,short,86871.41,86443.02,TP,7.6271,388.9844,1.5
2025-12-16 14:26:00+00:00,2025-12-16 14:30:00+00:00,short,86792.57,87174.41,SL,-3.8898,385.0945,1.5
2025-12-16 14:50:00+00:00,2025-12-16 14:51:00+00:00,long,87710.51,87444.7,SL,-3.8509,381.2436,1.5
2025-12-16 15:01:00+00:00,2025-12-16 15:02:00+00:00,long,87375.63,87133.72,SL,-3.8124,377.4312,1.5
2025-12-16 15:07:00+00:00,2025-12-16 15:09:00+00:00,long,87433.33,87195.4,SL,-3.7743,373.6569,1.5
2025-12-16 15:29:00+00:00,2025-12-16 15:45:00+00:00,long,87163.39,87517.78,TP,7.4731,381.13,1.5
2025-12-16 16:21:00+00:00,2025-12-16 16:34:00+00:00,long,87914.21,87670.78,SL,-3.8113,377.3187,1.5
2025-12-16 16:49:00+00:00,2025-12-16 17:25:00+00:00,long,87579.2,87384.62,SL,-3.7732,373.5455,1.5
2025-12-16 17:35:00+00:00,2025-12-16 17:37:00+00:00,long,87496.97,87320.58,SL,-3.7355,369.81,1.5
2025-12-16 17:38:00+00:00,2025-12-16 18:07:00+00:00,short,87282.96,87496.05,SL,-3.6981,366.1119,1.5
2025-12-16 18:19:00+00:00,2025-12-16 18:31:00+00:00,short,87347.35,87671.33,SL,-3.6611,362.4508,1.5
2025-12-16 18:53:00+00:00,2025-12-16 18:55:00+00:00,long,87995.38,87790.25,SL,-3.6245,358.8263,1.5
2025-12-16 20:24:00+00:00,2025-12-16 21:42:00+00:00,long,87552.25,87906.29,TP,7.1765,366.0028,1.5
2025-12-16 22:04:00+00:00,2025-12-16 22:13:00+00:00,long,87855.25,87637.9,SL,-3.66,362.3428,1.5
2025-12-16 22:21:00+00:00,2025-12-17 00:14:00+00:00,long,87738.02,87540.57,SL,-3.6234,358.7194,1.5
2025-12-17 00:32:00+00:00,2025-12-17 01:04:00+00:00,short,87450.45,87655.02,SL,-3.5872,355.1322,1.5
2025-12-17 01:14:00+00:00,2025-12-17 01:17:00+00:00,short,87593.83,87778.07,SL,-3.5513,351.5809,1.5
2025-12-17 01:31:00+00:00,2025-12-17 01:34:00+00:00,long,87852.35,87675.21,SL,-3.5158,348.0651,1.5
2025-12-17 02:07:00+00:00,2025-12-17 04:18:00+00:00,short,87461.43,87100.72,TP,6.9613,355.0264,1.5
2025-12-17 04:35:00+00:00,2025-12-17 05:01:00+00:00,short,86942.88,86534.0,TP,7.1005,362.1269,1.5
2025-12-17 05:22:00+00:00,2025-12-17 05:47:00+00:00,short,86367.92,86607.63,SL,-3.6213,358.5056,1.5
2025-12-17 06:08:00+00:00,2025-12-17 06:11:00+00:00,short,86712.06,86975.75,SL,-3.5851,354.9206,1.5
2025-12-17 06:17:00+00:00,2025-12-17 07:35:00+00:00,short,86837.57,87055.26,SL,-3.5492,351.3714,1.5
2025-12-17 07:58:00+00:00,2025-12-17 08:03:00+00:00,long,87070.45,86883.81,SL,-3.5137,347.8577,1.5
2025-12-17 09:23:00+00:00,2025-12-17 10:12:00+00:00,short,86362.84,86567.39,SL,-3.4786,344.3791,1.5
2025-12-17 10:29:00+00:00,2025-12-17 10:35:00+00:00,short,86566.83,86766.35,SL,-3.4438,340.9353,1.5
2025-12-17 10:46:00+00:00,2025-12-17 10:53:00+00:00,long,86835.33,86652.37,SL,-3.4094,337.5259,1.5
2025-12-17 11:06:00+00:00,2025-12-17 11:51:00+00:00,long,86675.58,87101.97,TP,6.7505,344.2764,1.5
2025-12-17 12:00:00+00:00,2025-12-17 12:43:00+00:00,long,87085.83,86909.99,SL,-3.4428,340.8337,1.5
2025-12-17 12:51:00+00:00,2025-12-17 13:19:00+00:00,long,87025.24,86835.52,SL,-3.4083,337.4253,1.5
2025-12-17 13:24:00+00:00,2025-12-17 13:44:00+00:00,long,86999.3,87378.1,TP,6.7485,344.1739,1.5
2025-12-17 13:56:00+00:00,2025-12-17 14:39:00+00:00,long,87635.29,87420.61,SL,-3.4417,340.7321,1.5
2025-12-17 14:50:00+00:00,2025-12-17 14:52:00+00:00,long,87556.01,88664.81,TP,6.8146,347.5468,1.5
2025-12-17 16:16:00+00:00,2025-12-17 16:22:00+00:00,short,86839.59,86431.44,TP,6.9509,354.4977,1.5
2025-12-17 17:04:00+00:00,2025-12-17 17:18:00+00:00,short,86617.6,86888.55,SL,-3.545,350.9527,1.5
2025-12-17 17:29:00+00:00,2025-12-17 17:41:00+00:00,short,86875.18,86515.44,TP,7.0191,357.9718,1.5
2025-12-17 18:13:00+00:00,2025-12-17 18:41:00+00:00,short,86567.87,86209.62,TP,7.1594,365.1312,1.5
2025-12-17 19:04:00+00:00,2025-12-17 19:17:00+00:00,short,85592.58,85766.0,SL,-3.6513,361.4799,1.5
2025-12-17 19:32:00+00:00,2025-12-17 19:48:00+00:00,short,85706.41,85908.79,SL,-3.6148,357.8651,1.5
2025-12-17 20:00:00+00:00,2025-12-17 20:23:00+00:00,short,86007.89,86209.3,SL,-3.5787,354.2864,1.5
2025-12-17 20:30:00+00:00,2025-12-17 21:39:00+00:00,short,86101.17,85737.14,TP,7.0857,361.3722,1.5
2025-12-17 22:05:00+00:00,2025-12-17 22:16:00+00:00,short,85952.77,86163.86,SL,-3.6137,357.7584,1.5
2025-12-17 22:20:00+00:00,2025-12-17 22:26:00+00:00,short,86001.64,86245.02,SL,-3.5776,354.1809,1.5
2025-12-17 22:53:00+00:00,2025-12-17 23:13:00+00:00,long,86272.28,86043.12,SL,-3.5418,350.6391,1.5
2025-12-17 23:54:00+00:00,2025-12-18 00:00:00+00:00,short,86081.88,86264.98,SL,-3.5064,347.1327,1.5
2025-12-18 00:16:00+00:00,2025-12-18 01:04:00+00:00,long,86252.98,86068.78,SL,-3.4713,343.6613,1.5
2025-12-18 01:52:00+00:00,2025-12-18 02:06:00+00:00,short,86032.81,86221.73,SL,-3.4366,340.2247,1.5
2025-12-18 02:35:00+00:00,2025-12-18 03:17:00+00:00,long,86646.09,86464.9,SL,-3.4022,336.8225,1.5
2025-12-18 03:35:00+00:00,2025-12-18 04:03:00+00:00,long,86408.53,86774.06,TP,6.7364,343.5589,1.5
2025-12-18 04:22:00+00:00,2025-12-18 05:12:00+00:00,long,86842.36,86635.16,SL,-3.4356,340.1233,1.5
2025-12-18 05:21:00+00:00,2025-12-18 05:53:00+00:00,long,86612.18,86429.88,SL,-3.4012,336.7221,1.5
2025-12-18 06:19:00+00:00,2025-12-18 06:57:00+00:00,short,86461.73,86643.76,SL,-3.3672,333.3549,1.5
2025-12-18 07:11:00+00:00,2025-12-18 09:33:00+00:00,long,86827.89,87190.87,TP,6.6671,340.022,1.5
2025-12-18 10:06:00+00:00,2025-12-18 11:03:00+00:00,long,87422.89,87230.08,SL,-3.4002,336.6218,1.5
2025-12-18 11:22:00+00:00,2025-12-18 13:01:00+00:00,long,87157.89,87610.01,TP,6.7324,343.3542,1.5
2025-12-18 13:31:00+00:00,2025-12-18 13:41:00+00:00,long,88088.85,88542.54,TP,6.8671,350.2213,1.5
2025-12-18 14:29:00+00:00,2025-12-18 14:35:00+00:00,long,88518.37,88145.05,SL,-3.5022,346.7191,1.5
2025-12-18 14:50:00+00:00,2025-12-18 14:54:00+00:00,long,88057.38,88432.28,TP,6.9344,353.6535,1.5
2025-12-18 15:22:00+00:00,2025-12-18 15:34:00+00:00,long,88288.28,88680.01,TP,7.0731,360.7265,1.5
2025-12-18 16:11:00+00:00,2025-12-18 16:14:00+00:00,long,88467.41,88186.87,SL,-3.6073,357.1193,1.5
2025-12-18 16:49:00+00:00,2025-12-18 17:02:00+00:00,short,88088.39,87713.64,TP,7.1424,364.2616,1.5
2025-12-18 17:53:00+00:00,2025-12-18 17:59:00+00:00,short,86288.0,86483.56,SL,-3.6426,360.619,1.5
2025-12-18 18:18:00+00:00,2025-12-18 18:51:00+00:00,short,86498.01,86047.41,TP,7.2124,367.8314,1.5
2025-12-18 19:16:00+00:00,2025-12-18 19:19:00+00:00,short,85264.08,85532.93,SL,-3.6783,364.1531,1.5
2025-12-18 19:36:00+00:00,2025-12-18 19:40:00+00:00,short,85314.04,84887.05,TP,7.2831,371.4362,1.5
2025-12-18 20:26:00+00:00,2025-12-18 20:59:00+00:00,short,85053.75,84582.65,TP,7.4287,378.8649,1.5
2025-12-18 21:26:00+00:00,2025-12-18 21:29:00+00:00,short,85250.37,85460.9,SL,-3.7886,375.0762,1.5
2025-12-18 21:39:00+00:00,2025-12-18 21:54:00+00:00,short,85399.52,85572.1,SL,-3.7508,371.3255,1.5
2025-12-18 22:53:00+00:00,2025-12-18 23:06:00+00:00,long,85673.04,85500.01,SL,-3.7133,367.6122,1.5
2025-12-18 23:12:00+00:00,2025-12-18 23:23:00+00:00,long,85580.0,85392.24,SL,-3.6761,363.9361,1.5
2025-12-18 23:41:00+00:00,2025-12-19 02:46:00+00:00,short,85458.92,85660.94,SL,-3.6394,360.2967,1.5
2025-12-19 03:03:00+00:00,2025-12-19 03:07:00+00:00,long,85999.97,86353.77,TP,7.2059,367.5027,1.5
2025-12-19 03:24:00+00:00,2025-12-19 03:26:00+00:00,long,86498.36,86907.55,TP,7.3501,374.8527,1.5
2025-12-19 04:09:00+00:00,2025-12-19 05:07:00+00:00,long,87128.08,86873.24,SL,-3.7485,371.1042,1.5
2025-12-19 05:35:00+00:00,2025-12-19 05:52:00+00:00,long,86789.14,87193.79,TP,7.4221,378.5263,1.5
2025-12-19 06:28:00+00:00,2025-12-19 06:55:00+00:00,long,86996.03,87370.65,TP,7.5705,386.0968,1.5
2025-12-19 07:51:00+00:00,2025-12-19 10:04:00+00:00,long,87878.38,88296.82,TP,7.7219,393.8187,1.5
2025-12-19 10:14:00+00:00,2025-12-19 10:23:00+00:00,long,88185.37,87993.6,SL,-3.9382,389.8805,1.5
2025-12-19 10:37:00+00:00,2025-12-19 11:15:00+00:00,long,88001.99,88368.93,TP,7.7976,397.6782,1.5
2025-12-19 11:30:00+00:00,2025-12-19 12:01:00+00:00,long,88271.65,88092.58,SL,-3.9768,393.7014,1.5
2025-12-19 12:11:00+00:00,2025-12-19 12:21:00+00:00,long,88218.02,88020.01,SL,-3.937,389.7644,1.5
2025-12-19 12:52:00+00:00,2025-12-19 14:13:00+00:00,short,87990.78,88213.6,SL,-3.8976,385.8667,1.5
2025-12-19 14:19:00+00:00,2025-12-19 14:38:00+00:00,short,88018.99,87652.32,TP,7.7173,393.5841,1.5
2025-12-19 14:43:00+00:00,2025-12-19 14:44:00+00:00,long,88027.99,88501.78,TP,7.8717,401.4557,1.5
2025-12-19 14:57:00+00:00,2025-12-19 15:12:00+00:00,long,88162.35,88620.52,TP,8.0291,409.4848,1.5
2025-12-19 16:30:00+00:00,2025-12-19 16:48:00+00:00,long,88510.14,88306.14,SL,-4.0948,405.39,1.5
2025-12-19 17:23:00+00:00,2025-12-19 17:29:00+00:00,short,88091.63,87609.86,TP,8.1078,413.4978,1.5
2025-12-19 17:45:00+00:00,2025-12-19 17:48:00+00:00,short,86979.57,87220.0,SL,-4.135,409.3628,1.5
2025-12-19 18:00:00+00:00,2025-12-19 18:02:00+00:00,short,86914.0,87111.56,SL,-4.0936,405.2692,1.5
2025-12-19 18:32:00+00:00,2025-12-19 19:09:00+00:00,short,87191.86,87370.02,SL,-4.0527,401.2165,1.5
2025-12-19 19:14:00+00:00,2025-12-19 19:19:00+00:00,short,87297.48,87569.87,SL,-4.0122,397.2043,1.5
2025-12-19 19:35:00+00:00,2025-12-19 20:07:00+00:00,long,87894.57,87681.32,SL,-3.972,393.2323,1.5
2025-12-19 20:16:00+00:00,2025-12-19 20:24:00+00:00,long,87781.69,88140.0,TP,7.8646,401.0969,1.5
2025-12-19 20:35:00+00:00,2025-12-19 20:39:00+00:00,long,88313.99,87985.31,SL,-4.011,397.086,1.5
2025-12-19 20:48:00+00:00,2025-12-19 20:54:00+00:00,long,88334.58,88107.11,SL,-3.9709,393.1151,1.5
2025-12-19 21:17:00+00:00,2025-12-19 22:40:00+00:00,long,87969.75,88368.93,TP,7.8623,400.9774,1.5
2025-12-19 23:21:00+00:00,2025-12-20 00:02:00+00:00,long,88309.5,88054.62,SL,-4.0098,396.9676,1.5
2025-12-20 01:48:00+00:00,2025-12-20 05:32:00+00:00,long,88110.74,88466.3,TP,7.9394,404.907,1.5
2025-12-20 05:33:00+00:00,2025-12-20 06:00:00+00:00,long,88454.81,88275.92,SL,-4.0491,400.8579,1.5
2025-12-20 06:03:00+00:00,2025-12-20 07:21:00+00:00,long,88368.93,88189.68,SL,-4.0086,396.8493,1.5
2025-12-20 07:37:00+00:00,2025-12-20 08:21:00+00:00,short,88195.28,88388.0,SL,-3.9685,392.8809,1.5
2025-12-20 08:22:00+00:00,2025-12-20 09:01:00+00:00,long,88408.08,88220.62,SL,-3.9288,388.952,1.5
2025-12-20 09:28:00+00:00,2025-12-21 02:21:00+00:00,short,88304.27,87950.0,TP,7.779,396.7311,1.5
2025-12-21 02:41:00+00:00,2025-12-21 03:18:00+00:00,short,87947.06,88135.07,SL,-3.9673,392.7638,1.5
2025-12-21 03:26:00+00:00,2025-12-21 08:32:00+00:00,short,88092.64,88387.99,SL,-3.9276,388.8361,1.5
2025-12-21 09:01:00+00:00,2025-12-21 12:56:00+00:00,long,88706.99,88484.37,SL,-3.8884,384.9478,1.5
2025-12-21 13:04:00+00:00,2025-12-21 13:31:00+00:00,short,88346.96,87948.0,TP,7.699,392.6467,1.5
2025-12-21 13:48:00+00:00,2025-12-21 14:05:00+00:00,short,87745.42,87925.17,SL,-3.9265,388.7203,1.5
2025-12-21 14:25:00+00:00,2025-12-21 14:54:00+00:00,short,87900.12,88078.61,SL,-3.8872,384.8331,1.5
2025-12-21 15:00:00+00:00,2025-12-21 15:54:00+00:00,short,88031.22,88212.36,SL,-3.8483,380.9847,1.5
2025-12-21 15:58:00+00:00,2025-12-21 16:23:00+00:00,short,88067.96,88250.0,SL,-3.8098,377.1749,1.5
2025-12-21 16:50:00+00:00,2025-12-21 18:07:00+00:00,long,88256.55,88058.99,SL,-3.7717,373.4031,1.5
2025-12-21 18:55:00+00:00,2025-12-21 21:00:00+00:00,long,88400.0,88217.24,SL,-3.734,369.6691,1.5
2025-12-21 22:28:00+00:00,2025-12-21 23:02:00+00:00,long,88338.45,88696.32,TP,7.3934,377.0625,1.5
2025-12-21 23:39:00+00:00,2025-12-22 00:09:00+00:00,long,88550.78,88939.99,TP,7.5412,384.6037,1.5
2025-12-22 00:37:00+00:00,2025-12-22 00:54:00+00:00,long,89144.33,88955.53,SL,-3.846,380.7577,1.5
2025-12-22 01:06:00+00:00,2025-12-22 01:39:00+00:00,long,88902.35,89263.38,TP,7.6152,388.3728,1.5
2025-12-22 02:43:00+00:00,2025-12-22 03:07:00+00:00,short,88373.18,88582.26,SL,-3.8837,384.4891,1.5
2025-12-22 03:47:00+00:00,2025-12-22 07:06:00+00:00,long,88740.58,89139.99,TP,7.6898,392.1789,1.5
2025-12-22 07:34:00+00:00,2025-12-22 08:20:00+00:00,long,89172.08,89608.95,TP,7.8436,400.0225,1.5
2025-12-22 09:03:00+00:00,2025-12-22 09:56:00+00:00,long,89411.84,89794.21,TP,8.0005,408.0229,1.5
2025-12-22 10:16:00+00:00,2025-12-22 12:16:00+00:00,long,89752.8,90191.82,TP,8.1605,416.1834,1.5
2025-12-22 12:53:00+00:00,2025-12-22 13:32:00+00:00,long,90156.99,89936.0,SL,-4.1618,412.0216,1.5
2025-12-22 14:16:00+00:00,2025-12-22 14:33:00+00:00,long,90103.48,89837.99,SL,-4.1202,407.9013,1.5
2025-12-22 15:02:00+00:00,2025-12-22 15:06:00+00:00,short,89928.85,90136.57,SL,-4.079,403.8223,1.5
2025-12-22 15:07:00+00:00,2025-12-22 15:12:00+00:00,long,90203.37,89788.5,SL,-4.0382,399.7841,1.5
2025-12-22 15:31:00+00:00,2025-12-22 15:55:00+00:00,short,89484.52,89725.48,SL,-3.9978,395.7863,1.5
2025-12-22 16:09:00+00:00,2025-12-22 16:15:00+00:00,short,89759.77,89994.05,SL,-3.9579,391.8284,1.5
2025-12-22 16:20:00+00:00,2025-12-22 16:31:00+00:00,long,90057.12,89827.99,SL,-3.9183,387.9101,1.5
2025-12-22 16:59:00+00:00,2025-12-22 17:06:00+00:00,short,89550.0,89185.49,TP,7.7582,395.6683,1.5
2025-12-22 17:45:00+00:00,2025-12-22 18:11:00+00:00,short,89222.23,89434.93,SL,-3.9567,391.7116,1.5
2025-12-22 18:20:00+00:00,2025-12-22 18:41:00+00:00,short,89300.38,89494.54,SL,-3.9171,387.7945,1.5
2025-12-22 18:50:00+00:00,2025-12-22 19:01:00+00:00,short,89391.08,88985.89,TP,7.7559,395.5504,1.5
2025-12-22 19:26:00+00:00,2025-12-22 19:50:00+00:00,short,88590.94,88194.4,TP,7.911,403.4614,1.5
2025-12-22 19:51:00+00:00,2025-12-22 20:45:00+00:00,short,88184.36,88377.72,SL,-4.0346,399.4268,1.5
2025-12-22 20:51:00+00:00,2025-12-22 20:56:00+00:00,short,88178.53,88362.1,SL,-3.9943,395.4325,1.5
2025-12-22 21:07:00+00:00,2025-12-22 21:39:00+00:00,short,88378.9,88562.36,SL,-3.9543,391.4782,1.5
2025-12-22 21:46:00+00:00,2025-12-22 22:50:00+00:00,short,88372.15,88572.42,SL,-3.9148,387.5634,1.5
2025-12-22 23:27:00+00:00,2025-12-22 23:41:00+00:00,long,88644.06,88456.5,SL,-3.8756,383.6878,1.5
2025-12-23 00:06:00+00:00,2025-12-23 00:28:00+00:00,short,88504.8,88699.29,SL,-3.8369,379.8509,1.5
2025-12-23 01:04:00+00:00,2025-12-23 01:10:00+00:00,long,88860.01,88660.47,SL,-3.7985,376.0524,1.5
2025-12-23 01:26:00+00:00,2025-12-23 02:00:00+00:00,long,88629.31,88450.0,SL,-3.7605,372.2919,1.5
2025-12-23 02:01:00+00:00,2025-12-23 02:08:00+00:00,short,88431.56,88610.68,SL,-3.7229,368.569,1.5
2025-12-23 03:03:00+00:00,2025-12-23 03:39:00+00:00,short,88106.72,88287.56,SL,-3.6857,364.8833,1.5
2025-12-23 03:46:00+00:00,2025-12-23 05:06:00+00:00,short,88250.57,87868.95,TP,7.2977,372.1809,1.5
2025-12-23 05:31:00+00:00,2025-12-23 06:14:00+00:00,short,87899.99,87540.0,TP,7.4436,379.6246,1.5
2025-12-23 07:12:00+00:00,2025-12-23 07:30:00+00:00,short,87430.25,87612.99,SL,-3.7962,375.8283,1.5
2025-12-23 07:36:00+00:00,2025-12-23 11:18:00+00:00,short,87569.59,87780.0,SL,-3.7583,372.07,1.5
2025-12-23 11:44:00+00:00,2025-12-23 13:36:00+00:00,long,87820.0,87493.9,SL,-3.7207,368.3493,1.5
2025-12-23 13:50:00+00:00,2025-12-23 14:09:00+00:00,short,87592.04,87774.81,SL,-3.6835,364.6658,1.5
2025-12-23 14:16:00+00:00,2025-12-23 14:46:00+00:00,short,87665.56,87258.62,TP,7.2933,371.9592,1.5
2025-12-23 15:35:00+00:00,2025-12-23 15:38:00+00:00,short,87263.91,87496.81,SL,-3.7196,368.2396,1.5
2025-12-23 15:41:00+00:00,2025-12-23 16:02:00+00:00,short,87340.01,87580.0,SL,-3.6824,364.5572,1.5
2025-12-23 16:18:00+00:00,2025-12-23 16:31:00+00:00,long,87956.0,87721.02,SL,-3.6456,360.9116,1.5
2025-12-23 16:42:00+00:00,2025-12-23 17:37:00+00:00,long,87896.03,87678.13,SL,-3.6091,357.3025,1.5
2025-12-23 17:43:00+00:00,2025-12-23 17:51:00+00:00,long,87794.07,87501.5,SL,-3.573,353.7294,1.5
2025-12-23 19:19:00+00:00,2025-12-23 19:26:00+00:00,long,87967.51,87730.84,SL,-3.5373,350.1922,1.5
2025-12-23 19:36:00+00:00,2025-12-23 20:06:00+00:00,long,87817.8,87563.22,SL,-3.5019,346.6902,1.5
2025-12-23 20:29:00+00:00,2025-12-23 20:39:00+00:00,short,87770.57,87967.51,SL,-3.4669,343.2233,1.5
2025-12-23 21:33:00+00:00,2025-12-23 22:30:00+00:00,short,87735.84,87378.35,TP,6.8645,350.0878,1.5
2025-12-23 22:51:00+00:00,2025-12-24 00:06:00+00:00,short,87394.8,87653.83,SL,-3.5009,346.5869,1.5
2025-12-24 00:10:00+00:00,2025-12-24 00:57:00+00:00,short,87478.59,87670.94,SL,-3.4659,343.1211,1.5
2025-12-24 01:05:00+00:00,2025-12-24 01:43:00+00:00,long,87717.25,87500.01,SL,-3.4312,339.6898,1.5
2025-12-24 01:51:00+00:00,2025-12-24 02:05:00+00:00,long,87621.49,87446.02,SL,-3.3969,336.2929,1.5
2025-12-24 02:38:00+00:00,2025-12-24 03:02:00+00:00,short,87312.0,86945.26,TP,6.7259,343.0188,1.5
2025-12-24 03:43:00+00:00,2025-12-24 05:43:00+00:00,short,87304.5,86835.22,TP,6.8604,349.8792,1.5
2025-12-24 06:07:00+00:00,2025-12-24 07:38:00+00:00,short,86908.7,87159.38,SL,-3.4988,346.3804,1.5
2025-12-24 08:23:00+00:00,2025-12-24 10:11:00+00:00,short,86889.16,87067.89,SL,-3.4638,342.9166,1.5
2025-12-24 10:53:00+00:00,2025-12-24 14:35:00+00:00,long,87177.89,86928.06,SL,-3.4292,339.4874,1.5
2025-12-24 15:07:00+00:00,2025-12-24 15:33:00+00:00,short,86908.56,87151.51,SL,-3.3949,336.0925,1.5
2025-12-24 15:49:00+00:00,2025-12-24 16:02:00+00:00,short,86983.03,87166.39,SL,-3.3609,332.7316,1.5
2025-12-24 16:10:00+00:00,2025-12-24 16:33:00+00:00,short,87073.98,87651.56,SL,-3.3273,329.4043,1.5
2025-12-24 17:05:00+00:00,2025-12-24 17:55:00+00:00,long,87478.58,87285.39,SL,-3.294,326.1103,1.5
2025-12-24 18:06:00+00:00,2025-12-24 21:36:00+00:00,long,87394.1,87749.78,TP,6.5222,332.6325,1.5
2025-12-24 22:03:00+00:00,2025-12-25 00:38:00+00:00,long,87710.76,87517.28,SL,-3.3263,329.3061,1.5
2025-12-25 00:56:00+00:00,2025-12-25 01:26:00+00:00,short,87544.87,87740.0,SL,-3.2931,326.0131,1.5
2025-12-25 01:42:00+00:00,2025-12-25 08:22:00+00:00,long,87691.54,87459.53,SL,-3.2601,322.7529,1.5
2025-12-25 09:05:00+00:00,2025-12-25 14:12:00+00:00,short,87521.25,87705.32,SL,-3.2275,319.5254,1.5
2025-12-25 14:33:00+00:00,2025-12-25 15:26:00+00:00,long,87635.02,88180.01,TP,6.3905,325.9159,1.5
2025-12-25 15:40:00+00:00,2025-12-25 15:52:00+00:00,long,88168.07,88521.5,TP,6.5183,332.4342,1.5
2025-12-25 16:16:00+00:00,2025-12-25 16:37:00+00:00,long,88392.72,88198.98,SL,-3.3243,329.1099,1.5
2025-12-25 16:45:00+00:00,2025-12-25 16:50:00+00:00,long,88313.92,88102.41,SL,-3.2911,325.8188,1.5
2025-12-25 17:01:00+00:00,2025-12-25 20:26:00+00:00,long,88130.73,87883.62,SL,-3.2582,322.5606,1.5
2025-12-25 21:06:00+00:00,2025-12-25 22:49:00+00:00,short,87820.0,87400.86,TP,6.4512,329.0118,1.5
2025-12-25 23:20:00+00:00,2025-12-25 23:33:00+00:00,short,87587.5,87162.02,TP,6.5802,335.5921,1.5
2025-12-26 00:09:00+00:00,2025-12-26 00:25:00+00:00,short,87060.51,87259.31,SL,-3.3559,332.2361,1.5
2025-12-26 00:36:00+00:00,2025-12-26 01:05:00+00:00,short,87076.27,87274.02,SL,-3.3224,328.9138,1.5
2025-12-26 01:16:00+00:00,2025-12-26 01:49:00+00:00,short,87266.92,87462.03,SL,-3.2891,325.6246,1.5
2025-12-26 02:02:00+00:00,2025-12-26 02:13:00+00:00,long,87508.62,87873.07,TP,6.5125,332.1371,1.5
2025-12-26 03:30:00+00:00,2025-12-26 04:02:00+00:00,long,88868.94,88581.51,SL,-3.3214,328.8158,1.5
2025-12-26 04:11:00+00:00,2025-12-26 04:45:00+00:00,long,88708.99,89089.3,TP,6.5763,335.3921,1.5
2025-12-26 05:26:00+00:00,2025-12-26 07:13:00+00:00,long,88916.02,89366.5,TP,6.7078,342.0999,1.5
2025-12-26 08:31:00+00:00,2025-12-26 09:21:00+00:00,short,88606.12,88792.74,SL,-3.421,338.6789,1.5
2025-12-26 09:29:00+00:00,2025-12-26 13:39:00+00:00,short,88744.02,88953.79,SL,-3.3868,335.2921,1.5
2025-12-26 14:21:00+00:00,2025-12-26 14:36:00+00:00,long,88991.77,88750.01,SL,-3.3529,331.9392,1.5
2025-12-26 15:55:00+00:00,2025-12-26 16:01:00+00:00,short,87016.51,87240.61,SL,-3.3194,328.6198,1.5
2025-12-26 16:10:00+00:00,2025-12-26 16:23:00+00:00,short,87138.63,87315.28,SL,-3.2862,325.3336,1.5
2025-12-26 16:33:00+00:00,2025-12-26 16:36:00+00:00,short,87164.41,87339.45,SL,-3.2533,322.0803,1.5
2025-12-26 16:44:00+00:00,2025-12-26 16:58:00+00:00,short,87283.85,86892.62,TP,6.4416,328.5219,1.5
2025-12-26 17:48:00+00:00,2025-12-26 20:22:00+00:00,short,87399.72,87594.27,SL,-3.2852,325.2367,1.5
2025-12-26 20:44:00+00:00,2025-12-26 21:30:00+00:00,long,87687.01,87484.0,SL,-3.2524,321.9843,1.5
2025-12-26 21:39:00+00:00,2025-12-26 22:43:00+00:00,long,87542.27,87321.41,SL,-3.2198,318.7645,1.5
2025-12-26 23:07:00+00:00,2025-12-27 07:24:00+00:00,short,87494.87,87701.99,SL,-3.1876,315.5768,1.5
2025-12-27 07:52:00+00:00,2025-12-27 13:34:00+00:00,long,87548.71,87368.53,SL,-3.1558,312.421,1.5
2025-12-27 13:56:00+00:00,2025-12-27 21:31:00+00:00,short,87468.0,87650.0,SL,-3.1242,309.2968,1.5
2025-12-27 21:35:00+00:00,2025-12-28 14:41:00+00:00,long,87668.22,88088.0,TP,6.1859,315.4828,1.5
2025-12-28 15:05:00+00:00,2025-12-28 16:24:00+00:00,long,87974.92,87763.9,SL,-3.1548,312.3279,1.5
2025-12-28 16:57:00+00:00,2025-12-29 00:29:00+00:00,short,87814.04,88011.62,SL,-3.1233,309.2047,1.5
2025-12-29 00:48:00+00:00,2025-12-29 01:03:00+00:00,long,88293.88,88100.36,SL,-3.092,306.1126,1.5
2025-12-29 01:23:00+00:00,2025-12-29 01:40:00+00:00,long,87999.99,88383.83,TP,6.1223,312.2349,1.5
2025-12-29 02:00:00+00:00,2025-12-29 02:06:00+00:00,long,88744.62,89160.85,TP,6.2447,318.4796,1.5
2025-12-29 02:48:00+00:00,2025-12-29 03:32:00+00:00,long,89195.55,89584.01,TP,6.3696,324.8492,1.5
2025-12-29 03:52:00+00:00,2025-12-29 06:04:00+00:00,long,90089.36,89906.15,SL,-3.2485,321.6007,1.5
2025-12-29 06:07:00+00:00,2025-12-29 06:51:00+00:00,long,90000.01,89817.76,SL,-3.216,318.3847,1.5
2025-12-29 07:04:00+00:00,2025-12-29 09:26:00+00:00,short,89699.35,89310.22,TP,6.3677,324.7524,1.5
2025-12-29 10:40:00+00:00,2025-12-29 12:00:00+00:00,short,87906.1,87532.67,TP,6.495,331.2474,1.5
2025-12-29 12:05:00+00:00,2025-12-29 12:11:00+00:00,short,87380.0,87000.01,TP,6.6249,337.8724,1.5
2025-12-29 12:44:00+00:00,2025-12-29 13:02:00+00:00,short,87300.0,87501.84,SL,-3.3787,334.4936,1.5
2025-12-29 13:06:00+00:00,2025-12-29 14:29:00+00:00,short,87387.61,87619.24,SL,-3.3449,331.1487,1.5
2025-12-29 15:10:00+00:00,2025-12-29 17:28:00+00:00,long,87611.46,87371.99,SL,-3.3115,327.8372,1.5
2025-12-29 19:03:00+00:00,2025-12-29 19:06:00+00:00,short,87350.02,87578.05,SL,-3.2784,324.5588,1.5
2025-12-29 19:23:00+00:00,2025-12-29 20:49:00+00:00,short,87504.13,87137.28,TP,6.4912,331.05,1.5
2025-12-29 21:20:00+00:00,2025-12-30 03:11:00+00:00,short,87317.63,86926.19,TP,6.621,337.671,1.5
2025-12-30 03:47:00+00:00,2025-12-30 05:33:00+00:00,long,87360.63,87180.28,SL,-3.3767,334.2943,1.5
2025-12-30 06:33:00+00:00,2025-12-30 08:07:00+00:00,long,87439.4,87807.79,TP,6.6859,340.9802,1.5
2025-12-30 08:42:00+00:00,2025-12-30 09:16:00+00:00,long,87926.18,87747.08,SL,-3.4098,337.5704,1.5
2025-12-30 09:27:00+00:00,2025-12-30 10:01:00+00:00,long,87720.93,88102.91,TP,6.7514,344.3218,1.5
2025-12-30 10:35:00+00:00,2025-12-30 11:50:00+00:00,long,88050.0,87872.68,SL,-3.4432,340.8786,1.5
2025-12-30 11:59:00+00:00,2025-12-30 14:20:00+00:00,long,87903.89,88298.41,TP,6.8176,347.6961,1.5
2025-12-30 14:37:00+00:00,2025-12-30 14:38:00+00:00,long,88217.06,88013.93,SL,-3.477,344.2192,1.5
2025-12-30 14:45:00+00:00,2025-12-30 14:51:00+00:00,long,88104.86,88503.05,TP,6.8844,351.1036,1.5
2025-12-30 15:25:00+00:00,2025-12-30 15:44:00+00:00,long,88401.69,88775.89,TP,7.0221,358.1256,1.5
2025-12-30 16:17:00+00:00,2025-12-30 16:35:00+00:00,long,89133.39,88883.34,SL,-3.5813,354.5444,1.5
2025-12-30 16:53:00+00:00,2025-12-30 17:45:00+00:00,long,88679.23,88373.43,SL,-3.5454,350.9989,1.5
2025-12-30 18:41:00+00:00,2025-12-30 19:06:00+00:00,short,88391.15,88034.38,TP,7.02,358.0189,1.5
2025-12-30 19:37:00+00:00,2025-12-30 20:53:00+00:00,short,88299.99,87920.01,TP,7.1604,365.1793,1.5
2025-12-30 21:28:00+00:00,2025-12-30 22:03:00+00:00,short,88157.6,88412.0,SL,-3.6518,361.5275,1.5
2025-12-30 22:13:00+00:00,2025-12-31 00:31:00+00:00,long,88447.85,88266.49,SL,-3.6153,357.9122,1.5
2025-12-31 00:48:00+00:00,2025-12-31 01:19:00+00:00,short,88306.08,88610.73,SL,-3.5791,354.3331,1.5
2025-12-31 02:13:00+00:00,2025-12-31 03:32:00+00:00,long,88674.8,88476.26,SL,-3.5433,350.7898,1.5
2025-12-31 04:21:00+00:00,2025-12-31 07:35:00+00:00,short,88411.22,88599.47,SL,-3.5079,347.2819,1.5
2025-12-31 08:02:00+00:00,2025-12-31 08:37:00+00:00,long,88682.27,88494.0,SL,-3.4728,343.8091,1.5
2025-12-31 09:38:00+00:00,2025-12-31 11:44:00+00:00,long,88656.34,89024.5,TP,6.8762,350.6852,1.5
2025-12-31 12:01:00+00:00,2025-12-31 12:39:00+00:00,long,89025.19,88844.82,SL,-3.5069,347.1784,1.5
2025-12-31 14:08:00+00:00,2025-12-31 14:28:00+00:00,long,89139.83,88944.95,SL,-3.4718,343.7066,1.5
2025-12-31 15:11:00+00:00,2025-12-31 16:35:00+00:00,short,88079.52,87707.82,TP,6.8741,350.5807,1.5
2025-12-31 17:08:00+00:00,2025-12-31 17:19:00+00:00,short,87535.8,87723.38,SL,-3.5058,347.0749,1.5
2025-12-31 17:31:00+00:00,2025-12-31 18:07:00+00:00,short,87599.18,87824.71,SL,-3.4707,343.6042,1.5
2025-12-31 18:19:00+00:00,2025-12-31 20:04:00+00:00,short,87845.54,87493.86,TP,6.8721,350.4763,1.5
2025-12-31 20:34:00+00:00,2025-12-31 20:55:00+00:00,short,87427.0,87638.27,SL,-3.5048,346.9715,1.5
2025-12-31 21:38:00+00:00,2025-12-31 22:54:00+00:00,long,87844.66,87663.24,SL,-3.4697,343.5018,1.5
2025-12-31 23:04:00+00:00,2026-01-01 01:05:00+00:00,short,87682.85,87866.0,SL,-3.435,340.0668,1.5
2026-01-01 01:44:00+00:00,2026-01-01 04:09:00+00:00,long,87886.0,87708.3,SL,-3.4007,336.6661,1.5
2026-01-01 04:45:00+00:00,2026-01-01 08:07:00+00:00,short,87565.47,87749.52,SL,-3.3667,333.2994,1.5
2026-01-01 08:34:00+00:00,2026-01-01 17:20:00+00:00,long,87774.51,88179.04,TP,6.666,339.9654,1.5
2026-01-01 18:21:00+00:00,2026-01-01 22:08:00+00:00,long,88200.15,88563.73,TP,6.7993,346.7647,1.5
2026-01-01 22:26:00+00:00,2026-01-02 03:14:00+00:00,long,88574.77,88963.05,TP,6.9353,353.7,1.5
2026-01-02 03:40:00+00:00,2026-01-02 04:12:00+00:00,long,88993.77,88811.14,SL,-3.537,350.163,1.5
2026-01-02 04:31:00+00:00,2026-01-02 05:27:00+00:00,long,88783.41,88603.96,SL,-3.5016,346.6614,1.5
2026-01-02 06:02:00+00:00,2026-01-02 08:59:00+00:00,long,88819.04,89178.13,TP,6.9332,353.5946,1.5
2026-01-02 09:10:00+00:00,2026-01-02 10:05:00+00:00,long,89221.02,89582.54,TP,7.0719,360.6665,1.5
2026-01-02 10:43:00+00:00,2026-01-02 11:15:00+00:00,long,89699.77,89505.0,SL,-3.6067,357.0599,1.5
2026-01-02 11:20:00+00:00,2026-01-02 13:57:00+00:00,long,89544.82,89362.01,SL,-3.5706,353.4893,1.5
2026-01-02 14:32:00+00:00,2026-01-02 14:36:00+00:00,short,88562.73,88783.0,SL,-3.5349,349.9544,1.5
2026-01-02 16:09:00+00:00,2026-01-02 16:15:00+00:00,long,89551.99,89990.61,TP,6.9991,356.9535,1.5
2026-01-02 16:58:00+00:00,2026-01-02 17:15:00+00:00,long,90381.1,90897.84,TP,7.1391,364.0925,1.5
2026-01-02 17:45:00+00:00,2026-01-02 17:49:00+00:00,long,90534.21,90258.57,SL,-3.6409,360.4516,1.5
2026-01-02 17:57:00+00:00,2026-01-02 18:32:00+00:00,long,90356.21,90157.13,SL,-3.6045,356.8471,1.5
2026-01-02 18:49:00+00:00,2026-01-02 19:16:00+00:00,short,89854.19,90058.9,SL,-3.5685,353.2786,1.5
2026-01-02 19:25:00+00:00,2026-01-02 19:46:00+00:00,short,89922.46,90108.06,SL,-3.5328,349.7458,1.5
2026-01-02 19:49:00+00:00,2026-01-02 20:55:00+00:00,short,90015.71,89642.25,TP,6.9949,356.7407,1.5
2026-01-02 21:35:00+00:00,2026-01-02 21:52:00+00:00,short,89908.94,90152.72,SL,-3.5674,353.1733,1.5
2026-01-02 22:02:00+00:00,2026-01-02 23:28:00+00:00,long,90115.12,89933.96,SL,-3.5317,349.6416,1.5
2026-01-03 00:25:00+00:00,2026-01-03 04:02:00+00:00,long,90056.01,90454.96,TP,6.9928,356.6344,1.5
2026-01-03 04:25:00+00:00,2026-01-03 04:44:00+00:00,long,90277.87,90075.99,SL,-3.5663,353.0681,1.5
2026-01-03 05:11:00+00:00,2026-01-03 07:14:00+00:00,short,90142.32,89766.8,TP,7.0614,360.1294,1.5
2026-01-03 08:07:00+00:00,2026-01-03 08:25:00+00:00,short,89432.0,89640.0,SL,-3.6013,356.5282,1.5
2026-01-03 08:42:00+00:00,2026-01-03 09:34:00+00:00,short,89768.66,89956.25,SL,-3.5653,352.9629,1.5
2026-01-03 09:44:00+00:00,2026-01-03 10:01:00+00:00,long,89933.63,89745.6,SL,-3.5296,349.4332,1.5
2026-01-03 10:10:00+00:00,2026-01-03 14:24:00+00:00,long,89785.0,90193.27,TP,6.9887,356.4219,1.5
2026-01-03 15:20:00+00:00,2026-01-03 20:51:00+00:00,long,90002.79,90364.07,TP,7.1284,363.5503,1.5
2026-01-03 21:17:00+00:00,2026-01-04 00:03:00+00:00,long,90406.79,90920.0,TP,7.271,370.8214,1.5
2026-01-04 00:46:00+00:00,2026-01-04 01:42:00+00:00,long,91236.65,91050.0,SL,-3.7082,367.1131,1.5
2026-01-04 01:44:00+00:00,2026-01-04 04:21:00+00:00,long,91081.52,91469.14,TP,7.3423,374.4554,1.5
2026-01-04 04:33:00+00:00,2026-01-04 06:44:00+00:00,long,91481.54,91286.23,SL,-3.7446,370.7108,1.5
2026-01-04 06:58:00+00:00,2026-01-04 07:42:00+00:00,short,91255.55,91474.55,SL,-3.7071,367.0037,1.5
2026-01-04 07:56:00+00:00,2026-01-04 08:02:00+00:00,long,91527.17,91331.12,SL,-3.67,363.3337,1.5
2026-01-04 08:25:00+00:00,2026-01-04 08:49:00+00:00,short,91242.96,91436.41,SL,-3.6333,359.7004,1.5
2026-01-04 08:53:00+00:00,2026-01-04 10:10:00+00:00,short,91334.01,91541.64,SL,-3.597,356.1034,1.5
2026-01-04 10:31:00+00:00,2026-01-04 11:15:00+00:00,long,91542.47,91356.89,SL,-3.561,352.5423,1.5
2026-01-04 11:39:00+00:00,2026-01-04 19:08:00+00:00,short,91344.59,90910.44,TP,7.0508,359.5932,1.5
2026-01-04 19:38:00+00:00,2026-01-04 20:25:00+00:00,short,91101.57,91285.37,SL,-3.5959,355.9972,1.5
2026-01-04 20:27:00+00:00,2026-01-05 00:01:00+00:00,long,91317.13,91891.33,TP,7.1199,363.1172,1.5
2026-01-05 00:14:00+00:00,2026-01-05 00:49:00+00:00,long,91895.35,92288.86,TP,7.2623,370.3795,1.5
2026-01-05 01:02:00+00:00,2026-01-05 01:08:00+00:00,long,92457.57,92851.12,TP,7.4076,377.7871,1.5
2026-01-05 01:37:00+00:00,2026-01-05 01:52:00+00:00,long,93205.44,93011.58,SL,-3.7779,374.0092,1.5
2026-01-05 02:17:00+00:00,2026-01-05 02:24:00+00:00,long,93000.0,92800.0,SL,-3.7401,370.2692,1.5
2026-01-05 02:31:00+00:00,2026-01-05 04:22:00+00:00,long,92864.5,92603.11,SL,-3.7027,366.5665,1.5
2026-01-05 05:16:00+00:00,2026-01-05 06:30:00+00:00,short,92600.0,92184.0,TP,7.3313,373.8978,1.5
2026-01-05 07:09:00+00:00,2026-01-05 08:22:00+00:00,short,92509.3,92694.35,SL,-3.739,370.1588,1.5
2026-01-05 09:01:00+00:00,2026-01-05 09:24:00+00:00,short,92400.0,92585.26,SL,-3.7016,366.4572,1.5
2026-01-05 09:41:00+00:00,2026-01-05 10:46:00+00:00,long,92642.01,93018.83,TP,7.3291,373.7864,1.5
2026-01-05 10:47:00+00:00,2026-01-05 12:42:00+00:00,long,93028.64,92813.9,SL,-3.7379,370.0485,1.5
2026-01-05 13:16:00+00:00,2026-01-05 14:35:00+00:00,short,92904.0,92484.8,TP,7.401,377.4495,1.5
2026-01-05 14:39:00+00:00,2026-01-05 14:44:00+00:00,long,92868.0,93283.28,TP,7.549,384.9985,1.5
2026-01-05 15:16:00+00:00,2026-01-05 15:21:00+00:00,long,93604.32,93414.54,SL,-3.85,381.1485,1.5
2026-01-05 15:32:00+00:00,2026-01-05 17:22:00+00:00,long,93700.77,93400.35,SL,-3.8115,377.337,1.5
2026-01-05 17:31:00+00:00,2026-01-05 17:50:00+00:00,long,93524.0,93937.58,TP,7.5467,384.8837,1.5
2026-01-05 18:45:00+00:00,2026-01-05 18:55:00+00:00,long,94014.43,94406.0,TP,7.6977,392.5814,1.5
2026-01-05 19:27:00+00:00,2026-01-05 19:39:00+00:00,long,94425.0,94208.75,SL,-3.9258,388.6556,1.5
2026-01-05 19:56:00+00:00,2026-01-05 20:28:00+00:00,long,94263.74,94674.02,TP,7.7731,396.4287,1.5
2026-01-05 20:59:00+00:00,2026-01-05 21:26:00+00:00,long,94177.99,93975.0,SL,-3.9643,392.4644,1.5
2026-01-05 21:56:00+00:00,2026-01-05 22:17:00+00:00,short,94112.36,94315.99,SL,-3.9246,388.5398,1.5
2026-01-05 22:39:00+00:00,2026-01-05 22:53:00+00:00,long,94332.03,94103.89,SL,-3.8854,384.6544,1.5
2026-01-05 23:12:00+00:00,2026-01-06 00:34:00+00:00,short,94028.0,93617.39,TP,7.6931,392.3475,1.5
2026-01-06 01:08:00+00:00,2026-01-06 01:29:00+00:00,short,93842.73,94116.72,SL,-3.9235,388.424,1.5
2026-01-06 02:09:00+00:00,2026-01-06 04:09:00+00:00,short,93723.99,93914.01,SL,-3.8842,384.5398,1.5
2026-01-06 04:38:00+00:00,2026-01-06 05:07:00+00:00,long,93902.14,93681.73,SL,-3.8454,380.6944,1.5
2026-01-06 05:26:00+00:00,2026-01-06 06:34:00+00:00,short,93686.19,93876.74,SL,-3.8069,376.8874,1.5
2026-01-06 07:22:00+00:00,2026-01-06 11:03:00+00:00,short,93459.8,93680.5,SL,-3.7689,373.1185,1.5
2026-01-06 11:28:00+00:00,2026-01-06 14:20:00+00:00,long,93820.9,94288.0,TP,7.4624,380.5809,1.5
2026-01-06 16:08:00+00:00,2026-01-06 16:27:00+00:00,short,93391.23,92959.99,TP,7.6116,388.1925,1.5
2026-01-06 17:15:00+00:00,2026-01-06 17:40:00+00:00,short,92552.78,92073.35,TP,7.7638,395.9564,1.5
2026-01-06 18:37:00+00:00,2026-01-06 18:48:00+00:00,short,91931.49,92198.08,SL,-3.9596,391.9968,1.5
2026-01-06 18:57:00+00:00,2026-01-06 19:26:00+00:00,short,92043.34,92245.56,SL,-3.92,388.0768,1.5
2026-01-06 19:33:00+00:00,2026-01-06 20:05:00+00:00,short,92220.78,92440.4,SL,-3.8808,384.1961,1.5
2026-01-06 20:38:00+00:00,2026-01-06 21:03:00+00:00,long,92654.99,92462.06,SL,-3.842,380.3541,1.5
2026-01-06 21:11:00+00:00,2026-01-06 21:15:00+00:00,long,92592.36,93418.56,TP,7.6071,387.9612,1.5
2026-01-06 22:03:00+00:00,2026-01-06 22:13:00+00:00,long,93380.65,93157.99,SL,-3.8796,384.0816,1.5
2026-01-06 22:24:00+00:00,2026-01-06 23:15:00+00:00,long,93164.99,93554.97,TP,7.6816,391.7632,1.5
2026-01-06 23:32:00+00:00,2026-01-07 00:25:00+00:00,long,93601.2,93411.6,SL,-3.9176,387.8456,1.5
2026-01-07 00:49:00+00:00,2026-01-07 01:16:00+00:00,short,93006.61,92552.07,TP,7.7569,395.6025,1.5
2026-01-07 01:50:00+00:00,2026-01-07 02:05:00+00:00,short,92401.28,92604.1,SL,-3.956,391.6465,1.5
2026-01-07 02:19:00+00:00,2026-01-07 02:26:00+00:00,short,92509.3,92722.51,SL,-3.9165,387.73,1.5
2026-01-07 02:51:00+00:00,2026-01-07 04:16:00+00:00,long,92947.94,92728.05,SL,-3.8773,383.8527,1.5
2026-01-07 04:36:00+00:00,2026-01-07 08:03:00+00:00,short,92716.57,92902.23,SL,-3.8385,380.0142,1.5
2026-01-07 08:32:00+00:00,2026-01-07 08:45:00+00:00,long,92910.99,92719.99,SL,-3.8001,376.214,1.5
2026-01-07 09:00:00+00:00,2026-01-07 09:18:00+00:00,short,92639.98,92113.11,TP,7.5243,383.7383,1.5
2026-01-07 10:22:00+00:00,2026-01-07 10:38:00+00:00,short,91770.71,91985.98,SL,-3.8374,379.9009,1.5
2026-01-07 10:42:00+00:00,2026-01-07 11:03:00+00:00,short,91855.16,92046.06,SL,-3.799,376.1019,1.5
2026-01-07 11:15:00+00:00,2026-01-07 14:08:00+00:00,short,92095.97,91688.0,TP,7.522,383.624,1.5
2026-01-07 14:22:00+00:00,2026-01-07 14:35:00+00:00,short,91511.79,91856.15,SL,-3.8362,379.7877,1.5
2026-01-07 15:56:00+00:00,2026-01-07 16:09:00+00:00,short,91340.81,91549.48,SL,-3.7979,375.9898,1.5
2026-01-07 16:20:00+00:00,2026-01-07 16:23:00+00:00,short,91520.86,91749.99,SL,-3.7599,372.2299,1.5
2026-01-07 16:27:00+00:00,2026-01-07 16:35:00+00:00,short,91619.11,91250.0,TP,7.4446,379.6745,1.5
2026-01-07 16:51:00+00:00,2026-01-07 17:20:00+00:00,short,91318.51,91516.84,SL,-3.7967,375.8778,1.5
2026-01-07 18:25:00+00:00,2026-01-07 18:29:00+00:00,short,91095.12,91289.87,SL,-3.7588,372.119,1.5
2026-01-07 18:42:00+00:00,2026-01-07 18:55:00+00:00,short,91207.72,90839.73,TP,7.4424,379.5614,1.5
2026-01-07 19:12:00+00:00,2026-01-07 19:30:00+00:00,short,90750.0,91008.93,SL,-3.7956,375.7658,1.5
2026-01-07 19:54:00+00:00,2026-01-07 23:17:00+00:00,short,91154.01,91353.96,SL,-3.7577,372.0081,1.5
2026-01-07 23:50:00+00:00,2026-01-08 00:25:00+00:00,long,91279.79,91084.22,SL,-3.7201,368.2881,1.5
2026-01-08 01:14:00+00:00,2026-01-08 02:24:00+00:00,long,91429.1,91118.47,SL,-3.6829,364.6052,1.5
2026-01-08 03:18:00+00:00,2026-01-08 06:05:00+00:00,short,91029.51,90511.97,TP,7.2921,371.8973,1.5
2026-01-08 06:23:00+00:00,2026-01-08 06:59:00+00:00,short,90267.63,89898.01,TP,7.4379,379.3352,1.5
2026-01-08 07:48:00+00:00,2026-01-08 08:14:00+00:00,short,90445.32,90627.29,SL,-3.7934,375.5419,1.5
2026-01-08 08:28:00+00:00,2026-01-08 08:33:00+00:00,long,90693.45,90441.33,SL,-3.7554,371.7864,1.5
2026-01-08 09:19:00+00:00,2026-01-08 10:01:00+00:00,short,90215.66,89845.39,TP,7.4357,379.2222,1.5
2026-01-08 10:38:00+00:00,2026-01-08 10:54:00+00:00,short,90211.13,90400.0,SL,-3.7922,375.43,1.5
2026-01-08 11:39:00+00:00,2026-01-08 11:51:00+00:00,short,90074.14,90282.06,SL,-3.7543,371.6757,1.5
2026-01-08 12:02:00+00:00,2026-01-08 14:21:00+00:00,short,90140.67,89744.23,TP,7.4335,379.1092,1.5
2026-01-08 14:43:00+00:00,2026-01-08 14:46:00+00:00,short,89380.01,89752.95,SL,-3.7911,375.3181,1.5
2026-01-08 15:02:00+00:00,2026-01-08 15:05:00+00:00,short,89907.15,90125.55,SL,-3.7532,371.5649,1.5
2026-01-08 15:06:00+00:00,2026-01-08 15:27:00+00:00,long,90171.22,90539.38,TP,7.4313,378.9962,1.5
2026-01-08 15:57:00+00:00,2026-01-08 16:35:00+00:00,long,90613.93,90427.45,SL,-3.79,375.2062,1.5
2026-01-08 16:41:00+00:00,2026-01-08 17:01:00+00:00,long,90568.43,90959.19,TP,7.5041,382.7104,1.5
2026-01-08 17:36:00+00:00,2026-01-08 19:56:00+00:00,long,91114.19,90880.82,SL,-3.8271,378.8833,1.5
2026-01-08 21:12:00+00:00,2026-01-09 01:29:00+00:00,long,91127.16,91498.0,TP,7.5777,386.4609,1.5
2026-01-09 01:35:00+00:00,2026-01-09 02:06:00+00:00,short,91116.82,91385.52,SL,-3.8646,382.5963,1.5
2026-01-09 03:24:00+00:00,2026-01-09 03:46:00+00:00,short,91077.42,91260.0,SL,-3.826,378.7703,1.5
2026-01-09 04:33:00+00:00,2026-01-09 08:04:00+00:00,short,90987.88,90542.76,TP,7.5754,386.3458,1.5
2026-01-09 08:29:00+00:00,2026-01-09 08:44:00+00:00,short,90677.91,90314.65,TP,7.7269,394.0727,1.5
2026-01-09 09:35:00+00:00,2026-01-09 10:22:00+00:00,short,90324.57,90530.13,SL,-3.9407,390.1319,1.5
2026-01-09 10:28:00+00:00,2026-01-09 13:21:00+00:00,short,90488.76,90700.86,SL,-3.9013,386.2306,1.5
2026-01-09 13:36:00+00:00,2026-01-09 13:44:00+00:00,long,90800.01,90617.32,SL,-3.8623,382.3683,1.5
2026-01-09 13:53:00+00:00,2026-01-09 14:05:00+00:00,long,90691.51,90474.65,SL,-3.8237,378.5446,1.5
2026-01-09 14:32:00+00:00,2026-01-09 14:37:00+00:00,short,90316.32,90521.72,SL,-3.7854,374.7592,1.5
2026-01-09 14:40:00+00:00,2026-01-09 15:06:00+00:00,short,90264.02,89864.94,TP,7.4952,382.2544,1.5
2026-01-09 16:02:00+00:00,2026-01-09 16:14:00+00:00,long,91375.87,91763.99,TP,7.6451,389.8995,1.5
2026-01-09 16:42:00+00:00,2026-01-09 17:16:00+00:00,long,91410.21,91090.01,SL,-3.899,386.0005,1.5
2026-01-09 17:24:00+00:00,2026-01-09 17:30:00+00:00,long,91264.38,91064.01,SL,-3.86,382.1405,1.5
2026-01-09 19:00:00+00:00,2026-01-09 19:20:00+00:00,short,90724.95,90352.45,TP,7.6428,389.7833,1.5
2026-01-09 19:30:00+00:00,2026-01-09 19:46:00+00:00,short,90270.98,90482.63,SL,-3.8978,385.8854,1.5
2026-01-09 19:56:00+00:00,2026-01-09 20:21:00+00:00,short,90354.22,90538.02,SL,-3.8589,382.0266,1.5
2026-01-09 20:40:00+00:00,2026-01-09 22:33:00+00:00,short,90471.19,90706.94,SL,-3.8203,378.2063,1.5
2026-01-09 22:52:00+00:00,2026-01-10 04:54:00+00:00,long,90643.83,90453.05,SL,-3.7821,374.4243,1.5
2026-01-10 05:31:00+00:00,2026-01-10 08:04:00+00:00,short,90541.37,90731.94,SL,-3.7442,370.68,1.5
2026-01-10 08:28:00+00:00,2026-01-10 21:05:00+00:00,long,90692.09,90507.22,SL,-3.7068,366.9732,1.5
2026-01-10 21:34:00+00:00,2026-01-11 02:51:00+00:00,short,90541.73,90731.49,SL,-3.6697,363.3035,1.5
2026-01-11 03:18:00+00:00,2026-01-11 14:31:00+00:00,long,90671.19,91041.58,TP,7.2661,370.5695,1.5
2026-01-11 14:34:00+00:00,2026-01-11 15:45:00+00:00,long,91009.42,90819.97,SL,-3.7057,366.8639,1.5
2026-01-11 16:14:00+00:00,2026-01-11 16:30:00+00:00,short,90886.22,91127.16,SL,-3.6686,363.1952,1.5
2026-01-11 17:04:00+00:00,2026-01-11 18:36:00+00:00,long,91064.21,90794.72,SL,-3.632,359.5633,1.5
2026-01-11 19:07:00+00:00,2026-01-11 20:17:00+00:00,short,90852.27,90477.66,TP,7.1913,366.7545,1.5
2026-01-11 21:01:00+00:00,2026-01-11 23:16:00+00:00,short,90647.5,90883.93,SL,-3.6675,363.087,1.5
2026-01-11 23:43:00+00:00,2026-01-12 00:51:00+00:00,long,90933.73,90722.0,SL,-3.6309,359.4561,1.5
2026-01-12 00:54:00+00:00,2026-01-12 01:01:00+00:00,long,90917.71,91364.48,TP,7.1891,366.6452,1.5
2026-01-12 01:44:00+00:00,2026-01-12 02:15:00+00:00,long,91386.65,91874.18,TP,7.3329,373.9781,1.5
2026-01-12 02:37:00+00:00,2026-01-12 02:50:00+00:00,long,91855.38,92309.55,TP,7.4796,381.4577,1.5
2026-01-12 03:12:00+00:00,2026-01-12 03:35:00+00:00,long,92371.47,92155.57,SL,-3.8146,377.6431,1.5
2026-01-12 03:54:00+00:00,2026-01-12 07:20:00+00:00,long,91943.08,91758.78,SL,-3.7764,373.8667,1.5
2026-01-12 07:34:00+00:00,2026-01-12 08:04:00+00:00,short,91755.65,91345.82,TP,7.4773,381.344,1.5
2026-01-12 08:25:00+00:00,2026-01-12 08:35:00+00:00,short,91466.41,90981.52,TP,7.6269,388.9709,1.5
2026-01-12 09:26:00+00:00,2026-01-12 10:50:00+00:00,short,90787.31,90410.01,TP,7.7794,396.7503,1.5
2026-01-12 11:33:00+00:00,2026-01-12 14:23:00+00:00,short,90692.36,90322.1,TP,7.935,404.6853,1.5
2026-01-12 15:17:00+00:00,2026-01-12 15:33:00+00:00,long,91018.19,91391.21,TP,8.0937,412.779,1.5
2026-01-12 16:00:00+00:00,2026-01-12 16:29:00+00:00,long,91764.94,92217.62,TP,8.2556,421.0346,1.5
2026-01-12 17:03:00+00:00,2026-01-12 17:09:00+00:00,long,92224.07,92037.95,SL,-4.2103,416.8243,1.5
2026-01-12 18:47:00+00:00,2026-01-12 19:01:00+00:00,long,91706.0,91434.81,SL,-4.1682,412.656,1.5
2026-01-12 19:08:00+00:00,2026-01-12 20:41:00+00:00,long,91692.29,91502.77,SL,-4.1266,408.5295,1.5
2026-01-12 21:03:00+00:00,2026-01-12 21:12:00+00:00,short,91272.52,91471.51,SL,-4.0853,404.4442,1.5
2026-01-12 21:23:00+00:00,2026-01-12 21:54:00+00:00,short,91380.18,90968.42,TP,8.0889,412.5331,1.5
2026-01-12 22:20:00+00:00,2026-01-13 00:36:00+00:00,short,91326.15,91521.45,SL,-4.1253,408.4077,1.5
2026-01-13 00:53:00+00:00,2026-01-13 01:35:00+00:00,long,91402.81,91184.5,SL,-4.0841,404.3236,1.5
2026-01-13 02:18:00+00:00,2026-01-13 04:13:00+00:00,short,91285.15,91473.2,SL,-4.0432,400.2804,1.5
2026-01-13 04:50:00+00:00,2026-01-13 05:13:00+00:00,long,91359.84,91748.88,TP,8.0056,408.286,1.5
2026-01-13 05:48:00+00:00,2026-01-13 06:06:00+00:00,long,92028.09,91839.81,SL,-4.0829,404.2032,1.5
2026-01-13 06:16:00+00:00,2026-01-13 09:04:00+00:00,long,91952.46,92386.78,TP,8.0841,412.2872,1.5
2026-01-13 09:21:00+00:00,2026-01-13 09:35:00+00:00,long,92598.15,92398.86,SL,-4.1229,408.1644,1.5
2026-01-13 09:50:00+00:00,2026-01-13 10:44:00+00:00,long,92259.71,92053.71,SL,-4.0816,404.0827,1.5
2026-01-13 11:20:00+00:00,2026-01-13 13:31:00+00:00,short,92130.99,92358.73,SL,-4.0408,400.0419,1.5
2026-01-13 13:39:00+00:00,2026-01-13 14:28:00+00:00,short,92099.88,92400.0,SL,-4.0004,396.0415,1.5
2026-01-13 15:12:00+00:00,2026-01-13 15:18:00+00:00,long,92486.6,92232.34,SL,-3.9604,392.081,1.5
2026-01-13 15:28:00+00:00,2026-01-13 15:33:00+00:00,long,92395.65,92778.12,TP,7.8416,399.9227,1.5
2026-01-13 15:55:00+00:00,2026-01-13 16:03:00+00:00,long,93283.51,93679.99,TP,7.9985,407.9211,1.5
2026-01-13 16:33:00+00:00,2026-01-13 17:17:00+00:00,long,93416.7,93106.72,SL,-4.0792,403.8419,1.5
2026-01-13 17:22:00+00:00,2026-01-13 18:18:00+00:00,long,93310.42,93706.04,TP,8.0768,411.9187,1.5
2026-01-13 18:36:00+00:00,2026-01-13 18:41:00+00:00,long,93735.2,93521.78,SL,-4.1192,407.7996,1.5
2026-01-13 18:47:00+00:00,2026-01-13 18:50:00+00:00,long,93746.83,93532.75,SL,-4.078,403.7216,1.5
2026-01-13 19:00:00+00:00,2026-01-13 19:07:00+00:00,long,93671.0,93480.86,SL,-4.0372,399.6843,1.5
2026-01-13 19:11:00+00:00,2026-01-13 19:33:00+00:00,long,93585.63,93994.99,TP,7.9937,407.678,1.5
2026-01-13 19:53:00+00:00,2026-01-13 22:09:00+00:00,long,94200.01,94700.4,TP,8.1536,415.8316,1.5
2026-01-13 22:45:00+00:00,2026-01-13 23:02:00+00:00,long,95618.94,96015.99,TP,8.3166,424.1482,1.5
2026-01-13 23:44:00+00:00,2026-01-14 00:08:00+00:00,long,95194.8,95584.78,TP,8.483,432.6312,1.5
2026-01-14 00:51:00+00:00,2026-01-14 03:54:00+00:00,long,95241.79,95643.42,TP,8.6526,441.2838,1.5
2026-01-14 04:19:00+00:00,2026-01-14 04:43:00+00:00,long,95485.51,95285.83,SL,-4.4128,436.871,1.5
2026-01-14 04:51:00+00:00,2026-01-14 06:02:00+00:00,short,95252.01,94870.97,TP,8.7374,445.6084,1.5
2026-01-14 06:20:00+00:00,2026-01-14 06:46:00+00:00,short,94754.17,94957.84,SL,-4.4561,441.1523,1.5
2026-01-14 07:02:00+00:00,2026-01-14 07:47:00+00:00,short,94981.15,95172.4,SL,-4.4115,436.7408,1.5
2026-01-14 10:31:00+00:00,2026-01-14 11:15:00+00:00,long,95083.78,94875.56,SL,-4.3674,432.3734,1.5
2026-01-14 11:37:00+00:00,2026-01-14 12:34:00+00:00,short,94913.78,95108.0,SL,-4.3237,428.0496,1.5
2026-01-14 12:36:00+00:00,2026-01-14 13:05:00+00:00,long,95153.83,94953.78,SL,-4.2805,423.7692,1.5
2026-01-14 13:12:00+00:00,2026-01-14 14:11:00+00:00,long,95036.82,95504.82,TP,8.4754,432.2445,1.5
2026-01-14 14:39:00+00:00,2026-01-14 14:46:00+00:00,long,95856.81,96328.3,TP,8.6449,440.8894,1.5
2026-01-14 15:12:00+00:00,2026-01-14 15:29:00+00:00,long,96969.33,96745.76,SL,-4.4089,436.4805,1.5
2026-01-14 15:48:00+00:00,2026-01-14 16:03:00+00:00,long,96602.84,97012.53,TP,8.7296,445.2101,1.5
2026-01-14 16:39:00+00:00,2026-01-14 16:56:00+00:00,long,97472.65,97218.31,SL,-4.4521,440.758,1.5
2026-01-14 17:05:00+00:00,2026-01-14 17:32:00+00:00,long,97526.19,97324.05,SL,-4.4076,436.3505,1.5
2026-01-14 17:44:00+00:00,2026-01-14 17:54:00+00:00,long,97174.66,96949.89,SL,-4.3635,431.987,1.5
2026-01-14 18:04:00+00:00,2026-01-14 18:13:00+00:00,long,96954.04,96733.07,SL,-4.3199,427.6671,1.5
2026-01-14 18:33:00+00:00,2026-01-14 18:51:00+00:00,short,96535.24,96753.77,SL,-4.2767,423.3904,1.5
2026-01-14 19:50:00+00:00,2026-01-14 19:55:00+00:00,long,97449.86,97232.98,SL,-4.2339,419.1565,1.5
2026-01-14 20:05:00+00:00,2026-01-14 22:33:00+00:00,long,97463.66,97202.61,SL,-4.1916,414.9649,1.5
2026-01-14 22:55:00+00:00,2026-01-14 23:07:00+00:00,short,96950.01,97185.99,SL,-4.1496,410.8153,1.5
2026-01-14 23:20:00+00:00,2026-01-15 00:03:00+00:00,short,97192.22,96800.0,TP,8.2163,419.0316,1.5
2026-01-15 00:21:00+00:00,2026-01-15 01:29:00+00:00,short,96803.94,96390.36,TP,8.3806,427.4122,1.5
2026-01-15 02:13:00+00:00,2026-01-15 03:27:00+00:00,short,96429.9,96008.0,TP,8.5482,435.9605,1.5
2026-01-15 04:17:00+00:00,2026-01-15 04:23:00+00:00,short,96021.4,96225.32,SL,-4.3596,431.6009,1.5
2026-01-15 04:34:00+00:00,2026-01-15 05:45:00+00:00,short,96259.03,96463.22,SL,-4.316,427.2849,1.5
2026-01-15 06:04:00+00:00,2026-01-15 06:35:00+00:00,long,96499.54,96258.6,SL,-4.2728,423.012,1.5
2026-01-15 07:02:00+00:00,2026-01-15 07:23:00+00:00,short,96218.21,96466.44,SL,-4.2301,418.7819,1.5
2026-01-15 07:40:00+00:00,2026-01-15 08:18:00+00:00,long,96636.44,96435.35,SL,-4.1878,414.5941,1.5
2026-01-15 08:21:00+00:00,2026-01-15 08:31:00+00:00,long,96541.38,96347.04,SL,-4.1459,410.4481,1.5
2026-01-15 09:22:00+00:00,2026-01-15 09:42:00+00:00,long,96660.01,97081.31,TP,8.209,418.6571,1.5
2026-01-15 09:50:00+00:00,2026-01-15 10:05:00+00:00,long,97099.99,96900.0,SL,-4.1866,414.4705,1.5
2026-01-15 10:23:00+00:00,2026-01-15 11:38:00+00:00,long,96903.75,96689.84,SL,-4.1447,410.3258,1.5
2026-01-15 12:00:00+00:00,2026-01-15 12:43:00+00:00,short,96551.72,96746.87,SL,-4.1033,406.2226,1.5
2026-01-15 13:26:00+00:00,2026-01-15 13:31:00+00:00,long,96973.37,96696.13,SL,-4.0622,402.1603,1.5
2026-01-15 13:42:00+00:00,2026-01-15 14:34:00+00:00,long,96800.0,96551.02,SL,-4.0216,398.1387,1.5
2026-01-15 15:22:00+00:00,2026-01-15 15:38:00+00:00,short,96107.04,95643.15,TP,7.9628,406.1015,1.5
2026-01-15 15:48:00+00:00,2026-01-15 15:56:00+00:00,short,95571.97,95986.89,SL,-4.061,402.0405,1.5
2026-01-15 16:09:00+00:00,2026-01-15 16:24:00+00:00,short,96344.84,96579.77,SL,-4.0204,398.0201,1.5
2026-01-15 16:40:00+00:00,2026-01-15 17:42:00+00:00,long,96574.0,97092.92,TP,7.9604,405.9805,1.5
2026-01-15 18:39:00+00:00,2026-01-15 19:26:00+00:00,short,95919.61,95512.22,TP,8.1196,414.1001,1.5
2026-01-15 19:58:00+00:00,2026-01-15 22:06:00+00:00,short,95462.45,95672.72,SL,-4.141,409.9591,1.5
2026-01-15 22:24:00+00:00,2026-01-15 23:07:00+00:00,long,95636.59,95418.43,SL,-4.0996,405.8595,1.5
2026-01-15 23:29:00+00:00,2026-01-16 00:34:00+00:00,short,95567.99,95776.99,SL,-4.0586,401.8009,1.5
2026-01-16 00:43:00+00:00,2026-01-16 00:58:00+00:00,long,95802.91,95608.4,SL,-4.018,397.7829,1.5
2026-01-16 01:50:00+00:00,2026-01-16 02:03:00+00:00,long,95758.3,95540.0,SL,-3.9778,393.8051,1.5
2026-01-16 02:20:00+00:00,2026-01-16 02:28:00+00:00,short,95396.8,95663.02,SL,-3.9381,389.867,1.5
2026-01-16 02:38:00+00:00,2026-01-16 04:52:00+00:00,short,95547.32,95143.4,TP,7.7973,397.6644,1.5
2026-01-16 05:19:00+00:00,2026-01-16 05:43:00+00:00,short,95369.42,95602.43,SL,-3.9766,393.6877,1.5
2026-01-16 06:05:00+00:00,2026-01-16 06:13:00+00:00,long,95806.83,95598.22,SL,-3.9369,389.7508,1.5
2026-01-16 06:24:00+00:00,2026-01-16 10:16:00+00:00,long,95673.62,95441.5,SL,-3.8975,385.8533,1.5
2026-01-16 10:39:00+00:00,2026-01-16 12:24:00+00:00,short,95339.14,95543.05,SL,-3.8585,381.9948,1.5
2026-01-16 12:45:00+00:00,2026-01-16 13:40:00+00:00,long,95505.38,95297.21,SL,-3.8199,378.1749,1.5
2026-01-16 14:08:00+00:00,2026-01-16 14:29:00+00:00,short,95469.9,95714.1,SL,-3.7817,374.3931,1.5
2026-01-16 14:36:00+00:00,2026-01-16 15:11:00+00:00,short,95426.41,95663.14,SL,-3.7439,370.6492,1.5
2026-01-16 15:18:00+00:00,2026-01-16 15:28:00+00:00,short,95250.45,94816.01,TP,7.413,378.0622,1.5
2026-01-16 15:41:00+00:00,2026-01-16 15:45:00+00:00,short,94407.91,94599.8,SL,-3.7806,374.2815,1.5
2026-01-16 15:47:00+00:00,2026-01-16 15:50:00+00:00,short,94344.18,94551.09,SL,-3.7428,370.5387,1.5
2026-01-16 16:16:00+00:00,2026-01-16 16:19:00+00:00,short,94644.65,94894.85,SL,-3.7054,366.8333,1.5
2026-01-16 16:29:00+00:00,2026-01-16 17:59:00+00:00,short,94870.05,95076.08,SL,-3.6683,363.165,1.5
2026-01-16 18:27:00+00:00,2026-01-16 18:59:00+00:00,long,95206.93,95001.19,SL,-3.6317,359.5334,1.5
2026-01-16 19:17:00+00:00,2026-01-16 20:28:00+00:00,short,94898.33,95115.51,SL,-3.5953,355.938,1.5
2026-01-16 20:54:00+00:00,2026-01-17 07:01:00+00:00,long,95345.81,95117.57,SL,-3.5594,352.3786,1.5
2026-01-17 07:38:00+00:00,2026-01-17 12:14:00+00:00,short,95154.32,95362.25,SL,-3.5238,348.8549,1.5
2026-01-17 12:36:00+00:00,2026-01-17 22:46:00+00:00,long,95268.87,95071.51,SL,-3.4885,345.3663,1.5
2026-01-17 23:15:00+00:00,2026-01-18 18:28:00+00:00,short,95164.34,95363.31,SL,-3.4537,341.9126,1.5
2026-01-18 18:47:00+00:00,2026-01-18 23:03:00+00:00,long,95428.0,95223.16,SL,-3.4191,338.4935,1.5
2026-01-18 23:22:00+00:00,2026-01-18 23:46:00+00:00,short,94779.66,94158.13,TP,6.7699,345.2634,1.5
2026-01-19 00:15:00+00:00,2026-01-19 00:17:00+00:00,short,92279.65,92711.36,SL,-3.4526,341.8108,1.5
2026-01-19 00:51:00+00:00,2026-01-19 01:48:00+00:00,short,92730.6,92309.23,TP,6.8362,348.647,1.5
2026-01-19 02:11:00+00:00,2026-01-19 02:22:00+00:00,short,92429.57,92654.2,SL,-3.4865,345.1605,1.5
2026-01-19 02:27:00+00:00,2026-01-19 03:03:00+00:00,short,92429.27,92627.01,SL,-3.4516,341.7089,1.5
2026-01-19 03:21:00+00:00,2026-01-19 08:18:00+00:00,short,92700.01,92915.25,SL,-3.4171,338.2918,1.5
2026-01-19 08:47:00+00:00,2026-01-19 09:19:00+00:00,long,93208.77,92976.04,SL,-3.3829,334.9089,1.5
2026-01-19 09:27:00+00:00,2026-01-19 14:06:00+00:00,long,93070.5,92875.4,SL,-3.3491,331.5598,1.5
2026-01-19 14:26:00+00:00,2026-01-19 15:14:00+00:00,short,92838.05,93032.38,SL,-3.3156,328.2442,1.5
2026-01-19 15:17:00+00:00,2026-01-19 16:04:00+00:00,short,92940.01,93131.91,SL,-3.2824,324.9618,1.5
2026-01-19 16:20:00+00:00,2026-01-19 22:12:00+00:00,long,93103.93,92878.01,SL,-3.2496,321.7121,1.5
2026-01-19 22:30:00+00:00,2026-01-19 23:03:00+00:00,short,92900.0,92478.55,TP,6.4342,328.1464,1.5
2026-01-19 23:15:00+00:00,2026-01-19 23:30:00+00:00,short,92364.81,92588.23,SL,-3.2815,324.8649,1.5
2026-01-19 23:45:00+00:00,2026-01-20 00:05:00+00:00,short,92637.65,92853.1,SL,-3.2486,321.6163,1.5
2026-01-20 00:12:00+00:00,2026-01-20 03:30:00+00:00,short,92703.02,92299.15,TP,6.4323,328.0486,1.5
2026-01-20 04:00:00+00:00,2026-01-20 05:00:00+00:00,short,92385.96,91768.03,TP,6.561,334.6096,1.5
2026-01-20 05:41:00+00:00,2026-01-20 05:51:00+00:00,short,91569.46,91805.03,SL,-3.3461,331.2635,1.5
2026-01-20 05:56:00+00:00,2026-01-20 06:16:00+00:00,short,91681.32,91233.76,TP,6.6253,337.8887,1.5
2026-01-20 06:33:00+00:00,2026-01-20 06:44:00+00:00,short,90942.98,91127.82,SL,-3.3789,334.5099,1.5
2026-01-20 06:53:00+00:00,2026-01-20 07:09:00+00:00,short,90897.87,91136.17,SL,-3.3451,331.1648,1.5
2026-01-20 07:20:00+00:00,2026-01-20 07:40:00+00:00,short,91000.0,91200.52,SL,-3.3116,327.8531,1.5
2026-01-20 07:56:00+00:00,2026-01-20 08:36:00+00:00,short,91168.87,90730.01,TP,6.5571,334.4102,1.5
2026-01-20 09:09:00+00:00,2026-01-20 10:20:00+00:00,short,91035.93,91230.75,SL,-3.3441,331.0661,1.5
2026-01-20 10:48:00+00:00,2026-01-20 13:05:00+00:00,long,91233.85,91001.96,SL,-3.3107,327.7554,1.5
2026-01-20 13:29:00+00:00,2026-01-20 13:39:00+00:00,short,90881.45,91079.99,SL,-3.2776,324.4778,1.5
2026-01-20 13:54:00+00:00,2026-01-20 14:38:00+00:00,short,90950.97,91230.75,SL,-3.2448,321.2331,1.5
2026-01-20 14:46:00+00:00,2026-01-20 14:48:00+00:00,short,90763.3,90366.01,TP,6.4247,327.6577,1.5
2026-01-20 15:39:00+00:00,2026-01-20 16:00:00+00:00,short,90595.55,90779.22,SL,-3.2766,324.3812,1.5
2026-01-20 16:08:00+00:00,2026-01-20 16:11:00+00:00,short,90559.23,90817.0,SL,-3.2438,321.1373,1.5
2026-01-20 16:22:00+00:00,2026-01-20 16:41:00+00:00,short,90760.01,90263.44,TP,6.4227,327.5601,1.5
2026-01-20 17:19:00+00:00,2026-01-20 17:34:00+00:00,short,90346.47,89972.19,TP,6.5512,334.1113,1.5
2026-01-20 18:19:00+00:00,2026-01-20 18:54:00+00:00,short,89784.24,89420.91,TP,6.6822,340.7935,1.5
2026-01-20 19:13:00+00:00,2026-01-20 19:17:00+00:00,short,89453.63,89686.0,SL,-3.4079,337.3856,1.5
2026-01-20 19:22:00+00:00,2026-01-20 19:54:00+00:00,short,89589.55,89780.91,SL,-3.3739,334.0117,1.5
2026-01-20 20:02:00+00:00,2026-01-20 20:19:00+00:00,short,89538.53,89799.62,SL,-3.3401,330.6716,1.5
2026-01-20 20:30:00+00:00,2026-01-20 22:33:00+00:00,short,89672.67,88218.19,TP,6.6134,337.285,1.5
2026-01-20 23:04:00+00:00,2026-01-20 23:32:00+00:00,short,88155.01,88337.63,SL,-3.3729,333.9122,1.5
2026-01-20 23:48:00+00:00,2026-01-21 00:03:00+00:00,short,88360.0,88562.72,SL,-3.3391,330.5731,1.5
2026-01-21 00:09:00+00:00,2026-01-21 00:35:00+00:00,short,88534.44,88784.24,SL,-3.3057,327.2673,1.5
2026-01-21 01:11:00+00:00,2026-01-21 03:40:00+00:00,long,89087.32,89459.36,TP,6.5453,333.8127,1.5
2026-01-21 04:21:00+00:00,2026-01-21 05:37:00+00:00,long,89462.0,89819.95,TP,6.6763,340.4889,1.5
2026-01-21 06:14:00+00:00,2026-01-21 06:35:00+00:00,long,89908.02,89714.47,SL,-3.4049,337.0841,1.5
2026-01-21 07:12:00+00:00,2026-01-21 07:54:00+00:00,short,89503.36,89118.18,TP,6.7417,343.8257,1.5
2026-01-21 08:27:00+00:00,2026-01-21 09:35:00+00:00,short,89293.18,89486.86,SL,-3.4383,340.3875,1.5
2026-01-21 10:25:00+00:00,2026-01-21 11:56:00+00:00,short,89308.7,88920.84,TP,6.8078,347.1952,1.5
2026-01-21 12:22:00+00:00,2026-01-21 12:23:00+00:00,short,88212.33,88432.06,SL,-3.472,343.7233,1.5
2026-01-21 13:16:00+00:00,2026-01-21 14:05:00+00:00,short,88881.19,89279.09,SL,-3.4372,340.286,1.5
2026-01-21 14:32:00+00:00,2026-01-21 14:36:00+00:00,long,89746.82,89525.15,SL,-3.4029,336.8832,1.5
2026-01-21 14:56:00+00:00,2026-01-21 15:07:00+00:00,long,89792.58,90161.1,TP,6.7377,343.6208,1.5
2026-01-21 15:45:00+00:00,2026-01-21 16:05:00+00:00,long,90091.01,89908.34,SL,-3.4362,340.1846,1.5
2026-01-21 16:34:00+00:00,2026-01-21 16:40:00+00:00,short,89171.99,88475.83,TP,6.8037,346.9883,1.5
2026-01-21 16:56:00+00:00,2026-01-21 17:04:00+00:00,short,87826.45,88090.28,SL,-3.4699,343.5184,1.5
2026-01-21 17:14:00+00:00,2026-01-21 17:17:00+00:00,short,87323.05,87534.17,SL,-3.4352,340.0833,1.5
2026-01-21 17:55:00+00:00,2026-01-21 18:39:00+00:00,short,87941.97,88124.56,SL,-3.4008,336.6824,1.5
2026-01-21 19:19:00+00:00,2026-01-21 19:27:00+00:00,long,88496.66,89015.83,TP,6.7336,343.4161,1.5
2026-01-21 20:28:00+00:00,2026-01-21 20:46:00+00:00,long,89776.71,90176.26,TP,6.8683,350.2844,1.5
2026-01-21 21:17:00+00:00,2026-01-21 21:26:00+00:00,long,90280.78,90081.72,SL,-3.5028,346.7816,1.5
2026-01-21 21:38:00+00:00,2026-01-21 22:24:00+00:00,long,90186.72,89967.32,SL,-3.4678,343.3137,1.5
2026-01-21 22:34:00+00:00,2026-01-21 22:59:00+00:00,long,90012.1,89763.51,SL,-3.4331,339.8806,1.5
2026-01-21 23:04:00+00:00,2026-01-21 23:40:00+00:00,long,89891.93,89700.0,SL,-3.3988,336.4818,1.5
2026-01-22 01:06:00+00:00,2026-01-22 03:34:00+00:00,long,89997.94,89745.33,SL,-3.3648,333.117,1.5
2026-01-22 04:04:00+00:00,2026-01-22 04:49:00+00:00,short,89839.63,90027.21,SL,-3.3312,329.7858,1.5
2026-01-22 05:09:00+00:00,2026-01-22 07:53:00+00:00,long,90052.02,89865.29,SL,-3.2979,326.4879,1.5
2026-01-22 08:12:00+00:00,2026-01-22 09:08:00+00:00,short,89817.81,90037.78,SL,-3.2649,323.2231,1.5
2026-01-22 09:35:00+00:00,2026-01-22 12:02:00+00:00,long,90078.77,89873.1,SL,-3.2322,319.9908,1.5
2026-01-22 12:22:00+00:00,2026-01-22 13:36:00+00:00,long,90025.29,89757.06,SL,-3.1999,316.7909,1.5
2026-01-22 14:21:00+00:00,2026-01-22 14:38:00+00:00,short,89483.54,89665.0,SL,-3.1679,313.623,1.5
2026-01-22 14:45:00+00:00,2026-01-22 15:24:00+00:00,short,89352.57,88842.48,TP,6.2725,319.8955,1.5
2026-01-22 15:54:00+00:00,2026-01-22 16:01:00+00:00,short,88955.25,89139.2,SL,-3.199,316.6965,1.5
2026-01-22 16:05:00+00:00,2026-01-22 17:05:00+00:00,short,89036.42,89215.88,SL,-3.167,313.5296,1.5
2026-01-22 17:20:00+00:00,2026-01-22 17:25:00+00:00,long,89410.92,89181.39,SL,-3.1353,310.3943,1.5
2026-01-22 17:44:00+00:00,2026-01-22 18:15:00+00:00,long,89230.71,89600.27,TP,6.2079,316.6022,1.5
2026-01-22 18:16:00+00:00,2026-01-22 18:50:00+00:00,long,89658.8,89464.78,SL,-3.166,313.4361,1.5
2026-01-22 20:11:00+00:00,2026-01-22 20:25:00+00:00,long,89858.09,89655.29,SL,-3.1344,310.3018,1.5
2026-01-22 20:36:00+00:00,2026-01-22 20:55:00+00:00,long,89642.01,89446.82,SL,-3.103,307.1988,1.5
2026-01-22 21:58:00+00:00,2026-01-22 22:13:00+00:00,short,89263.66,89520.01,SL,-3.072,304.1268,1.5
2026-01-22 22:31:00+00:00,2026-01-22 23:26:00+00:00,short,89317.0,89509.97,SL,-3.0413,301.0855,1.5
2026-01-22 23:33:00+00:00,2026-01-23 01:56:00+00:00,long,89516.9,89908.02,TP,6.0217,307.1072,1.5
2026-01-23 02:14:00+00:00,2026-01-23 02:27:00+00:00,long,89950.34,89740.19,SL,-3.0711,304.0361,1.5
2026-01-23 02:34:00+00:00,2026-01-23 05:25:00+00:00,long,89812.27,89599.99,SL,-3.0404,300.9958,1.5
2026-01-23 05:53:00+00:00,2026-01-23 06:05:00+00:00,short,89538.38,89737.75,SL,-3.01,297.9858,1.5
2026-01-23 06:22:00+00:00,2026-01-23 08:29:00+00:00,short,89708.99,89332.78,TP,5.9597,303.9455,1.5
2026-01-23 08:53:00+00:00,2026-01-23 13:13:00+00:00,short,89229.32,89412.16,SL,-3.0395,300.9061,1.5
2026-01-23 13:43:00+00:00,2026-01-23 14:29:00+00:00,long,89316.12,89685.93,TP,6.0181,306.9242,1.5
2026-01-23 14:32:00+00:00,2026-01-23 14:37:00+00:00,short,89267.81,88827.04,TP,6.1385,313.0627,1.5
2026-01-23 15:13:00+00:00,2026-01-23 15:20:00+00:00,short,88824.08,89153.84,SL,-3.1306,309.9321,1.5
2026-01-23 15:33:00+00:00,2026-01-23 15:38:00+00:00,short,88967.91,89187.17,SL,-3.0993,306.8327,1.5
2026-01-23 16:34:00+00:00,2026-01-23 16:37:00+00:00,long,89811.72,90249.61,TP,6.1367,312.9694,1.5
2026-01-23 17:13:00+00:00,2026-01-23 17:26:00+00:00,long,90185.09,90801.69,TP,6.2594,319.2288,1.5
2026-01-23 18:05:00+00:00,2026-01-23 18:52:00+00:00,long,90733.43,90531.27,SL,-3.1923,316.0365,1.5
2026-01-23 19:07:00+00:00,2026-01-23 19:14:00+00:00,long,90462.26,90278.0,SL,-3.1604,312.8761,1.5
2026-01-23 19:29:00+00:00,2026-01-23 20:09:00+00:00,short,89845.83,90026.34,SL,-3.1288,309.7474,1.5
2026-01-23 20:20:00+00:00,2026-01-23 20:30:00+00:00,short,90045.2,89667.13,TP,6.1949,315.9423,1.5
2026-01-23 21:16:00+00:00,2026-01-23 21:20:00+00:00,short,89485.2,89671.63,SL,-3.1594,312.7829,1.5
2026-01-23 21:28:00+00:00,2026-01-24 03:04:00+00:00,short,89633.18,89815.16,SL,-3.1278,309.6551,1.5
2026-01-24 03:29:00+00:00,2026-01-24 03:49:00+00:00,long,89936.25,89750.0,SL,-3.0966,306.5585,1.5
2026-01-24 04:02:00+00:00,2026-01-24 07:17:00+00:00,long,89791.97,89606.05,SL,-3.0656,303.4929,1.5
2026-01-24 07:56:00+00:00,2026-01-24 14:00:00+00:00,short,89645.75,89225.34,TP,6.0699,309.5628,1.5
2026-01-24 14:46:00+00:00,2026-01-25 03:16:00+00:00,short,89450.01,89061.0,TP,6.1913,315.754,1.5
2026-01-25 03:30:00+00:00,2026-01-25 04:32:00+00:00,short,88882.21,89079.12,SL,-3.1575,312.5965,1.5
2026-01-25 04:44:00+00:00,2026-01-25 06:14:00+00:00,short,89068.04,88710.28,TP,6.2519,318.8484,1.5
2026-01-25 06:38:00+00:00,2026-01-25 08:40:00+00:00,short,88731.38,88364.95,TP,6.377,325.2254,1.5
2026-01-25 09:35:00+00:00,2026-01-25 10:22:00+00:00,short,88377.64,88566.52,SL,-3.2523,321.9731,1.5
2026-01-25 10:44:00+00:00,2026-01-25 15:54:00+00:00,long,88615.43,88407.37,SL,-3.2197,318.7534,1.5
2026-01-25 16:46:00+00:00,2026-01-25 16:54:00+00:00,short,87842.13,88020.2,SL,-3.1875,315.5659,1.5
2026-01-25 17:03:00+00:00,2026-01-25 18:25:00+00:00,short,87958.6,87580.51,TP,6.3113,321.8772,1.5
2026-01-25 18:43:00+00:00,2026-01-25 19:00:00+00:00,short,87300.01,87479.73,SL,-3.2188,318.6584,1.5
2026-01-25 19:05:00+00:00,2026-01-25 19:20:00+00:00,short,87268.71,86748.69,TP,6.3732,325.0316,1.5
2026-01-25 19:53:00+00:00,2026-01-25 19:54:00+00:00,short,86325.99,86507.32,SL,-3.2503,321.7813,1.5
2026-01-25 20:14:00+00:00,2026-01-25 20:54:00+00:00,short,86440.0,86615.61,SL,-3.2178,318.5635,1.5
2026-01-25 21:11:00+00:00,2026-01-25 21:39:00+00:00,short,86813.1,86400.55,TP,6.3713,324.9347,1.5
2026-01-25 22:01:00+00:00,2026-01-25 22:44:00+00:00,short,86422.2,86634.6,SL,-3.2493,321.6854,1.5
2026-01-25 22:48:00+00:00,2026-01-25 23:01:00+00:00,short,86452.09,86074.73,TP,6.4337,328.1191,1.5
2026-01-25 23:05:00+00:00,2026-01-25 23:19:00+00:00,short,86317.76,86509.61,SL,-3.2812,324.8379,1.5
2026-01-25 23:30:00+00:00,2026-01-25 23:48:00+00:00,short,86490.5,86676.28,SL,-3.2484,321.5895,1.5
2026-01-26 00:49:00+00:00,2026-01-26 01:04:00+00:00,long,86741.99,87131.56,TP,6.4318,328.0213,1.5
2026-01-26 01:21:00+00:00,2026-01-26 02:03:00+00:00,long,87666.65,87461.53,SL,-3.2802,324.7411,1.5
2026-01-26 02:15:00+00:00,2026-01-26 02:27:00+00:00,long,87525.71,87934.56,TP,6.4948,331.2359,1.5
2026-01-26 03:04:00+00:00,2026-01-26 03:25:00+00:00,long,87640.92,87462.29,SL,-3.3124,327.9236,1.5
2026-01-26 03:52:00+00:00,2026-01-26 04:07:00+00:00,short,87201.85,87384.0,SL,-3.2792,324.6443,1.5
2026-01-26 05:16:00+00:00,2026-01-26 08:04:00+00:00,long,87739.68,88118.01,TP,6.4929,331.1372,1.5
2026-01-26 08:23:00+00:00,2026-01-26 08:43:00+00:00,long,88252.43,88042.26,SL,-3.3114,327.8258,1.5
2026-01-26 09:18:00+00:00,2026-01-26 10:06:00+00:00,short,87733.54,87911.99,SL,-3.2783,324.5476,1.5
2026-01-26 10:18:00+00:00,2026-01-26 13:32:00+00:00,short,87825.06,88016.08,SL,-3.2455,321.3021,1.5
2026-01-26 14:31:00+00:00,2026-01-26 14:34:00+00:00,short,87548.43,87908.06,SL,-3.213,318.0891,1.5
2026-01-26 14:59:00+00:00,2026-01-26 15:11:00+00:00,long,88178.1,88649.41,TP,6.3618,324.4509,1.5
2026-01-26 16:07:00+00:00,2026-01-26 16:20:00+00:00,short,87310.87,87529.92,SL,-3.2445,321.2064,1.5
2026-01-26 16:35:00+00:00,2026-01-26 16:49:00+00:00,short,87645.01,87834.21,SL,-3.2121,317.9943,1.5
2026-01-26 16:58:00+00:00,2026-01-26 17:18:00+00:00,short,87626.01,87236.21,TP,6.3599,324.3542,1.5
2026-01-26 17:31:00+00:00,2026-01-26 17:36:00+00:00,short,87208.73,87400.01,SL,-3.2435,321.1106,1.5
2026-01-26 18:10:00+00:00,2026-01-26 18:30:00+00:00,long,87827.04,88264.08,TP,6.4222,327.5328,1.5
2026-01-26 18:52:00+00:00,2026-01-26 19:54:00+00:00,long,88199.99,87967.08,SL,-3.2753,324.2575,1.5
2026-01-26 20:03:00+00:00,2026-01-26 20:16:00+00:00,long,88055.05,87823.52,SL,-3.2426,321.0149,1.5
2026-01-26 20:34:00+00:00,2026-01-26 21:30:00+00:00,short,87806.4,88021.74,SL,-3.2101,317.8048,1.5
2026-01-26 21:41:00+00:00,2026-01-26 22:23:00+00:00,long,88179.0,88001.75,SL,-3.178,314.6267,1.5
2026-01-26 22:28:00+00:00,2026-01-26 23:29:00+00:00,long,88077.99,88462.78,TP,6.2925,320.9193,1.5
2026-01-27 00:13:00+00:00,2026-01-27 01:33:00+00:00,long,88236.01,88626.41,TP,6.4184,327.3377,1.5
2026-01-27 02:02:00+00:00,2026-01-27 05:06:00+00:00,long,88694.53,88482.92,SL,-3.2734,324.0643,1.5
2026-01-27 05:07:00+00:00,2026-01-27 08:49:00+00:00,short,88482.92,88124.21,TP,6.4813,330.5456,1.5
2026-01-27 09:00:00+00:00,2026-01-27 14:14:00+00:00,short,88111.68,88296.59,SL,-3.3055,327.2401,1.5
2026-01-27 15:19:00+00:00,2026-01-27 15:58:00+00:00,short,87831.22,88031.82,SL,-3.2724,323.9677,1.5
2026-01-27 16:32:00+00:00,2026-01-27 17:06:00+00:00,long,88670.68,88488.38,SL,-3.2397,320.728,1.5
2026-01-27 17:37:00+00:00,2026-01-27 18:03:00+00:00,short,87504.6,87797.09,SL,-3.2073,317.5208,1.5
2026-01-27 18:33:00+00:00,2026-01-27 18:54:00+00:00,short,87816.77,88021.74,SL,-3.1752,314.3456,1.5
2026-01-27 19:17:00+00:00,2026-01-27 20:09:00+00:00,long,88281.63,88653.72,TP,6.2869,320.6325,1.5
2026-01-27 20:47:00+00:00,2026-01-27 21:57:00+00:00,long,89220.95,89034.01,SL,-3.2063,317.4261,1.5
2026-01-27 22:00:00+00:00,2026-01-28 04:12:00+00:00,long,89168.75,88954.69,SL,-3.1743,314.2519,1.5
2026-01-28 04:46:00+00:00,2026-01-28 06:00:00+00:00,short,88973.22,89166.0,SL,-3.1425,311.1094,1.5
2026-01-28 06:34:00+00:00,2026-01-28 07:55:00+00:00,long,89320.3,89136.55,SL,-3.1111,307.9983,1.5
2026-01-28 08:04:00+00:00,2026-01-28 08:27:00+00:00,long,89233.9,89008.88,SL,-3.08,304.9183,1.5
2026-01-28 08:48:00+00:00,2026-01-28 09:37:00+00:00,short,89027.18,89366.01,SL,-3.0492,301.8691,1.5
2026-01-28 09:59:00+00:00,2026-01-28 10:20:00+00:00,long,89567.25,89366.86,SL,-3.0187,298.8504,1.5
2026-01-28 10:32:00+00:00,2026-01-28 11:49:00+00:00,long,89452.39,89819.04,TP,5.977,304.8274,1.5
2026-01-28 12:37:00+00:00,2026-01-28 13:12:00+00:00,long,89912.74,90314.39,TP,6.0965,310.924,1.5
2026-01-28 13:31:00+00:00,2026-01-28 14:26:00+00:00,long,90206.33,90010.0,SL,-3.1092,307.8147,1.5
2026-01-28 14:31:00+00:00,2026-01-28 14:37:00+00:00,long,90094.09,89837.06,SL,-3.0781,304.7366,1.5
2026-01-28 15:08:00+00:00,2026-01-28 15:14:00+00:00,short,89467.56,89101.77,TP,6.0947,310.8313,1.5
2026-01-28 15:49:00+00:00,2026-01-28 16:26:00+00:00,short,89375.31,89560.06,SL,-3.1083,307.723,1.5
2026-01-28 16:55:00+00:00,2026-01-28 17:30:00+00:00,long,89729.25,89390.0,SL,-3.0772,304.6458,1.5
2026-01-28 18:15:00+00:00,2026-01-28 18:36:00+00:00,long,89848.0,89644.25,SL,-3.0465,301.5993,1.5
2026-01-28 18:51:00+00:00,2026-01-28 19:02:00+00:00,short,89523.15,89141.33,TP,6.032,307.6313,1.5
2026-01-28 19:31:00+00:00,2026-01-28 19:54:00+00:00,short,89338.87,89556.96,SL,-3.0763,304.555,1.5
2026-01-28 20:11:00+00:00,2026-01-28 20:27:00+00:00,short,89544.01,89726.96,SL,-3.0455,301.5094,1.5
2026-01-28 20:31:00+00:00,2026-01-28 20:47:00+00:00,short,89510.67,89137.56,TP,6.0302,307.5396,1.5
2026-01-28 21:02:00+00:00,2026-01-28 21:13:00+00:00,short,88912.18,89126.0,SL,-3.0754,304.4642,1.5
2026-01-28 21:28:00+00:00,2026-01-28 21:40:00+00:00,short,89150.01,89345.99,SL,-3.0446,301.4196,1.5
2026-01-28 23:19:00+00:00,2026-01-28 23:33:00+00:00,long,89447.46,89256.26,SL,-3.0142,298.4054,1.5
2026-01-29 00:03:00+00:00,2026-01-29 01:25:00+00:00,short,89250.0,88769.19,TP,5.9681,304.3735,1.5
2026-01-29 01:48:00+00:00,2026-01-29 02:31:00+00:00,short,88666.98,88239.05,TP,6.0875,310.461,1.5
2026-01-29 03:25:00+00:00,2026-01-29 04:34:00+00:00,short,88040.0,88232.56,SL,-3.1046,307.3564,1.5
2026-01-29 04:43:00+00:00,2026-01-29 04:58:00+00:00,short,88165.23,88342.71,SL,-3.0736,304.2828,1.5
2026-01-29 05:46:00+00:00,2026-01-29 08:29:00+00:00,short,88257.12,88452.4,SL,-3.0428,301.24,1.5
2026-01-29 08:38:00+00:00,2026-01-29 09:59:00+00:00,short,88246.65,87892.01,TP,6.0248,307.2648,1.5
2026-01-29 10:26:00+00:00,2026-01-29 12:58:00+00:00,short,87901.99,88116.35,SL,-3.0726,304.1921,1.5
2026-01-29 13:29:00+00:00,2026-01-29 13:53:00+00:00,long,88167.98,87951.68,SL,-3.0419,301.1502,1.5
2026-01-29 14:00:00+00:00,2026-01-29 14:27:00+00:00,long,88073.03,87879.01,SL,-3.0115,298.1387,1.5
2026-01-29 14:41:00+00:00,2026-01-29 14:56:00+00:00,short,87718.0,87315.71,TP,5.9628,304.1015,1.5
2026-01-29 15:40:00+00:00,2026-01-29 15:55:00+00:00,short,84721.77,85033.91,SL,-3.041,301.0605,1.5
2026-01-29 16:07:00+00:00,2026-01-29 16:13:00+00:00,short,84488.06,84674.93,SL,-3.0106,298.0498,1.5
2026-01-29 16:24:00+00:00,2026-01-29 16:47:00+00:00,short,84595.2,84874.85,SL,-2.9805,295.0693,1.5
2026-01-29 17:05:00+00:00,2026-01-29 17:17:00+00:00,short,85145.1,85346.12,SL,-2.9507,292.1187,1.5
2026-01-29 17:23:00+00:00,2026-01-29 17:32:00+00:00,short,85339.68,84996.31,TP,5.8424,297.961,1.5
2026-01-29 18:19:00+00:00,2026-01-29 18:26:00+00:00,short,84228.43,83780.22,TP,5.9592,303.9203,1.5
2026-01-29 18:51:00+00:00,2026-01-29 19:30:00+00:00,short,83749.99,84021.96,SL,-3.0392,300.881,1.5
2026-01-29 19:46:00+00:00,2026-01-29 21:07:00+00:00,short,84179.51,84381.69,SL,-3.0088,297.8722,1.5
2026-01-29 21:31:00+00:00,2026-01-30 00:52:00+00:00,long,84436.01,84213.24,SL,-2.9787,294.8935,1.5
2026-01-30 01:19:00+00:00,2026-01-30 01:22:00+00:00,short,84000.01,83594.62,TP,5.8979,300.7914,1.5
2026-01-30 01:36:00+00:00,2026-01-30 01:37:00+00:00,short,83589.98,83224.41,TP,6.0158,306.8072,1.5
2026-01-30 02:14:00+00:00,2026-01-30 02:15:00+00:00,short,81900.53,82067.21,SL,-3.0681,303.7391,1.5
2026-01-30 02:16:00+00:00,2026-01-30 02:24:00+00:00,short,81894.5,81459.71,TP,6.0748,309.8139,1.5
2026-01-30 03:01:00+00:00,2026-01-30 03:10:00+00:00,short,82059.24,82232.14,SL,-3.0981,306.7158,1.5
2026-01-30 03:21:00+00:00,2026-01-30 03:36:00+00:00,short,82311.78,82510.0,SL,-3.0672,303.6486,1.5
2026-01-30 03:42:00+00:00,2026-01-30 03:56:00+00:00,short,82492.36,82676.89,SL,-3.0365,300.6121,1.5
2026-01-30 04:54:00+00:00,2026-01-30 06:12:00+00:00,long,82987.16,82780.19,SL,-3.0061,297.606,1.5
2026-01-30 06:40:00+00:00,2026-01-30 06:51:00+00:00,short,82295.23,82485.47,SL,-2.9761,294.63,1.5
2026-01-30 08:01:00+00:00,2026-01-30 08:13:00+00:00,short,82634.97,82880.15,SL,-2.9463,291.6837,1.5
2026-01-30 09:10:00+00:00,2026-01-30 09:25:00+00:00,short,82667.36,82276.18,TP,5.8337,297.5173,1.5
2026-01-30 09:45:00+00:00,2026-01-30 10:20:00+00:00,short,82341.01,82517.91,SL,-2.9752,294.5422,1.5
2026-01-30 10:38:00+00:00,2026-01-30 10:48:00+00:00,short,82515.0,82711.3,SL,-2.9454,291.5967,1.5
2026-01-30 11:17:00+00:00,2026-01-30 11:27:00+00:00,long,82909.0,82707.85,SL,-2.916,288.6808,1.5
2026-01-30 11:35:00+00:00,2026-01-30 11:53:00+00:00,long,82779.11,83116.8,TP,5.7736,294.4544,1.5
2026-01-30 12:32:00+00:00,2026-01-30 13:05:00+00:00,long,82788.74,82613.25,SL,-2.9445,291.5098,1.5
2026-01-30 13:11:00+00:00,2026-01-30 13:30:00+00:00,long,82791.2,82625.09,SL,-2.9151,288.5947,1.5
2026-01-30 13:33:00+00:00,2026-01-30 14:33:00+00:00,long,82795.99,83253.39,TP,5.7719,294.3666,1.5
2026-01-30 15:05:00+00:00,2026-01-30 15:18:00+00:00,long,83478.02,83265.47,SL,-2.9437,291.423,1.5
2026-01-30 15:35:00+00:00,2026-01-30 15:36:00+00:00,long,83202.52,83015.28,SL,-2.9142,288.5087,1.5
2026-01-30 16:07:00+00:00,2026-01-30 16:21:00+00:00,long,83094.91,82851.88,SL,-2.8851,285.6237,1.5
2026-01-30 16:28:00+00:00,2026-01-30 17:01:00+00:00,long,83136.55,82920.71,SL,-2.8562,282.7674,1.5
2026-01-30 17:33:00+00:00,2026-01-30 17:36:00+00:00,short,82955.7,83135.73,SL,-2.8277,279.9397,1.5
2026-01-30 17:48:00+00:00,2026-01-30 17:54:00+00:00,long,83182.59,83004.61,SL,-2.7994,277.1403,1.5
2026-01-30 18:03:00+00:00,2026-01-30 18:09:00+00:00,long,83120.19,82904.65,SL,-2.7714,274.3689,1.5
2026-01-30 19:52:00+00:00,2026-01-30 19:58:00+00:00,long,84505.33,84284.01,SL,-2.7437,271.6253,1.5
2026-01-30 20:16:00+00:00,2026-01-30 20:21:00+00:00,long,83942.08,83566.33,SL,-2.7163,268.909,1.5
2026-01-30 20:23:00+00:00,2026-01-30 20:37:00+00:00,long,83926.81,83719.77,SL,-2.6891,266.2199,1.5
2026-01-30 20:43:00+00:00,2026-01-30 20:51:00+00:00,long,84023.51,83736.87,SL,-2.6622,263.5577,1.5
2026-01-30 20:52:00+00:00,2026-01-30 21:16:00+00:00,long,83942.64,84306.65,TP,5.2712,268.8289,1.5
2026-01-30 21:48:00+00:00,2026-01-30 22:06:00+00:00,long,84261.99,84083.24,SL,-2.6883,266.1406,1.5
2026-01-30 22:22:00+00:00,2026-01-31 01:37:00+00:00,long,84100.0,83920.62,SL,-2.6614,263.4792,1.5
2026-01-31 02:07:00+00:00,2026-01-31 02:40:00+00:00,short,83963.99,84150.39,SL,-2.6348,260.8444,1.5
2026-01-31 03:18:00+00:00,2026-01-31 03:59:00+00:00,long,84200.0,84022.69,SL,-2.6084,258.2359,1.5
2026-01-31 04:20:00+00:00,2026-01-31 06:27:00+00:00,short,84019.5,83660.0,TP,5.1647,263.4007,1.5
2026-01-31 07:06:00+00:00,2026-01-31 08:11:00+00:00,short,83696.18,83326.22,TP,5.268,268.6687,1.5
2026-01-31 08:26:00+00:00,2026-01-31 08:36:00+00:00,short,83169.19,82828.4,TP,5.3734,274.042,1.5
2026-01-31 09:14:00+00:00,2026-01-31 12:13:00+00:00,short,83140.01,82802.0,TP,5.4808,279.5229,1.5
2026-01-31 12:31:00+00:00,2026-01-31 13:34:00+00:00,short,82930.01,82536.33,TP,5.5905,285.1133,1.5
2026-01-31 14:09:00+00:00,2026-01-31 14:19:00+00:00,short,82605.35,82273.29,TP,5.7023,290.8156,1.5
2026-01-31 15:12:00+00:00,2026-01-31 15:48:00+00:00,short,81275.66,81492.49,SL,-2.9082,287.9075,1.5
2026-01-31 15:57:00+00:00,2026-01-31 16:09:00+00:00,short,81303.17,80745.7,TP,5.7581,293.6656,1.5
2026-01-31 16:28:00+00:00,2026-01-31 16:46:00+00:00,short,81151.53,80809.29,TP,5.8733,299.5389,1.5
2026-01-31 17:08:00+00:00,2026-01-31 17:11:00+00:00,short,79474.71,78851.01,TP,5.9908,305.5297,1.5
2026-01-31 18:06:00+00:00,2026-01-31 18:16:00+00:00,short,78822.89,78434.06,TP,6.1106,311.6403,1.5
2026-01-31 18:36:00+00:00,2026-01-31 18:37:00+00:00,short,78200.01,77755.0,TP,6.2328,317.8731,1.5
2026-01-31 19:17:00+00:00,2026-01-31 19:32:00+00:00,short,78040.78,77587.99,TP,6.3575,324.2306,1.5
2026-01-31 20:03:00+00:00,2026-01-31 20:06:00+00:00,short,77652.99,77922.17,SL,-3.2423,320.9882,1.5
2026-01-31 20:10:00+00:00,2026-01-31 20:22:00+00:00,short,77730.56,78050.4,SL,-3.2099,317.7784,1.5
2026-01-31 20:27:00+00:00,2026-01-31 20:32:00+00:00,short,77490.01,77168.33,TP,6.3556,324.1339,1.5
2026-01-31 21:04:00+00:00,2026-01-31 21:07:00+00:00,short,77707.8,77932.73,SL,-3.2413,320.8926,1.5
2026-01-31 21:51:00+00:00,2026-01-31 22:19:00+00:00,long,78300.0,78102.2,SL,-3.2089,317.6837,1.5
2026-01-31 22:28:00+00:00,2026-01-31 22:37:00+00:00,long,78311.24,78120.95,SL,-3.1768,314.5068,1.5
2026-01-31 23:17:00+00:00,2026-01-31 23:21:00+00:00,long,78402.63,78777.67,TP,6.2901,320.797,1.5
2026-01-31 23:34:00+00:00,2026-01-31 23:38:00+00:00,long,79117.12,78893.19,SL,-3.208,317.589,1.5
2026-02-01 00:03:00+00:00,2026-02-01 00:10:00+00:00,long,78866.33,79217.71,TP,6.3518,323.9408,1.5
2026-02-01 00:47:00+00:00,2026-02-01 01:01:00+00:00,long,78953.92,78789.73,SL,-3.2394,320.7014,1.5
2026-02-01 01:37:00+00:00,2026-02-01 02:12:00+00:00,short,78585.38,78764.42,SL,-3.207,317.4944,1.5
2026-02-01 02:21:00+00:00,2026-02-01 02:34:00+00:00,short,78552.8,78713.9,SL,-3.1749,314.3194,1.5
2026-02-01 03:30:00+00:00,2026-02-01 05:44:00+00:00,long,78794.98,78581.34,SL,-3.1432,311.1762,1.5
2026-02-01 06:28:00+00:00,2026-02-01 06:49:00+00:00,short,78685.35,78317.62,TP,6.2235,317.3997,1.5
2026-02-01 07:04:00+00:00,2026-02-01 07:35:00+00:00,short,78149.99,78388.0,SL,-3.174,314.2257,1.5
2026-02-01 07:48:00+00:00,2026-02-01 08:37:00+00:00,short,78465.11,78661.99,SL,-3.1423,311.0835,1.5
2026-02-01 09:05:00+00:00,2026-02-01 09:27:00+00:00,long,78821.24,78647.95,SL,-3.1108,307.9727,1.5
2026-02-01 09:32:00+00:00,2026-02-01 10:12:00+00:00,long,78800.76,79127.0,TP,6.1595,314.1321,1.5
2026-02-01 10:56:00+00:00,2026-02-01 11:01:00+00:00,short,78239.1,78415.98,SL,-3.1413,310.9908,1.5
2026-02-01 11:18:00+00:00,2026-02-01 11:31:00+00:00,short,78350.29,78533.86,SL,-3.1099,307.8809,1.5
2026-02-01 12:22:00+00:00,2026-02-01 12:36:00+00:00,short,78458.0,78633.54,SL,-3.0788,304.8021,1.5
2026-02-01 12:44:00+00:00,2026-02-01 13:01:00+00:00,short,78378.45,78539.86,SL,-3.048,301.754,1.5
2026-02-01 13:21:00+00:00,2026-02-01 13:35:00+00:00,long,78764.41,78540.11,SL,-3.0175,298.7365,1.5
2026-02-01 13:46:00+00:00,2026-02-01 13:50:00+00:00,long,78648.78,78466.72,SL,-2.9874,295.7491,1.5
2026-02-01 14:11:00+00:00,2026-02-01 14:31:00+00:00,short,78145.08,77745.33,TP,5.915,301.6641,1.5
2026-02-01 15:01:00+00:00,2026-02-01 15:10:00+00:00,short,78217.54,77899.99,TP,6.0333,307.6974,1.5
2026-02-01 16:01:00+00:00,2026-02-01 16:14:00+00:00,short,77348.37,77571.98,SL,-3.077,304.6204,1.5
2026-02-01 16:18:00+00:00,2026-02-01 16:23:00+00:00,short,77208.11,77512.29,SL,-3.0462,301.5742,1.5
2026-02-01 16:38:00+00:00,2026-02-01 16:43:00+00:00,short,77552.01,77204.32,TP,6.0315,307.6057,1.5
2026-02-01 17:15:00+00:00,2026-02-01 18:00:00+00:00,short,77610.39,77788.69,SL,-3.0761,304.5297,1.5
2026-02-01 18:59:00+00:00,2026-02-01 19:03:00+00:00,long,78029.28,77828.02,SL,-3.0453,301.4844,1.5
2026-02-01 19:06:00+00:00,2026-02-01 19:45:00+00:00,short,77777.98,77381.07,TP,6.0297,307.514,1.5
2026-02-01 20:26:00+00:00,2026-02-01 20:28:00+00:00,short,76995.14,76648.0,TP,6.1503,313.6643,1.5
2026-02-01 20:48:00+00:00,2026-02-01 21:04:00+00:00,short,77277.65,76876.06,TP,6.2733,319.9376,1.5
2026-02-01 21:44:00+00:00,2026-02-01 21:55:00+00:00,short,76841.43,76528.01,TP,6.3988,326.3364,1.5
2026-02-01 22:31:00+00:00,2026-02-01 23:01:00+00:00,long,77275.07,77077.99,SL,-3.2634,323.073,1.5
2026-02-02 00:07:00+00:00,2026-02-02 00:13:00+00:00,long,77219.63,77650.39,TP,6.4615,329.5345,1.5
2026-02-02 01:03:00+00:00,2026-02-02 01:07:00+00:00,long,77864.0,77495.28,SL,-3.2953,326.2391,1.5
2026-02-02 02:33:00+00:00,2026-02-02 02:51:00+00:00,short,77019.64,76699.17,TP,6.5248,332.7639,1.5
2026-02-02 03:11:00+00:00,2026-02-02 03:15:00+00:00,short,76171.69,75853.87,TP,6.6553,339.4192,1.5
2026-02-02 03:39:00+00:00,2026-02-02 03:41:00+00:00,short,74629.73,74844.62,SL,-3.3942,336.025,1.5
2026-02-02 04:04:00+00:00,2026-02-02 04:09:00+00:00,short,75738.19,75891.73,SL,-3.3603,332.6647,1.5
2026-02-02 05:28:00+00:00,2026-02-02 05:30:00+00:00,short,74986.7,75179.61,SL,-3.3266,329.3381,1.5
2026-02-02 06:02:00+00:00,2026-02-02 06:08:00+00:00,short,75333.42,75523.99,SL,-3.2934,326.0447,1.5
2026-02-02 06:24:00+00:00,2026-02-02 06:34:00+00:00,short,75751.24,75375.86,TP,6.5209,332.5656,1.5
2026-02-02 06:42:00+00:00,2026-02-02 06:45:00+00:00,long,76500.26,76214.05,SL,-3.3257,329.2399,1.5
2026-02-02 07:07:00+00:00,2026-02-02 07:12:00+00:00,long,76744.0,76490.15,SL,-3.2924,325.9475,1.5
2026-02-02 07:37:00+00:00,2026-02-02 08:10:00+00:00,long,76583.0,76936.02,TP,6.519,332.4665,1.5
2026-02-02 08:38:00+00:00,2026-02-02 09:01:00+00:00,long,76925.95,76750.01,SL,-3.3247,329.1418,1.5
2026-02-02 09:18:00+00:00,2026-02-02 09:27:00+00:00,long,76887.99,77213.26,TP,6.5828,335.7247,1.5
2026-02-02 09:46:00+00:00,2026-02-02 11:35:00+00:00,long,77585.25,77904.4,TP,6.7145,342.4392,1.5
2026-02-02 11:52:00+00:00,2026-02-02 11:58:00+00:00,long,77959.44,77715.8,SL,-3.4244,339.0148,1.5
2026-02-02 12:04:00+00:00,2026-02-02 12:25:00+00:00,long,77929.02,78326.56,TP,6.7803,345.7951,1.5
2026-02-02 12:53:00+00:00,2026-02-02 13:57:00+00:00,long,77917.04,78235.36,TP,6.9159,352.711,1.5
2026-02-02 14:22:00+00:00,2026-02-02 14:34:00+00:00,long,78030.68,78368.24,TP,7.0542,359.7652,1.5
2026-02-02 15:09:00+00:00,2026-02-02 15:21:00+00:00,long,78149.57,78665.58,TP,7.1953,366.9605,1.5
2026-02-02 15:38:00+00:00,2026-02-02 15:52:00+00:00,long,79000.0,78767.43,SL,-3.6696,363.2909,1.5
2026-02-02 16:08:00+00:00,2026-02-02 16:49:00+00:00,long,79011.14,78812.15,SL,-3.6329,359.658,1.5
2026-02-02 17:01:00+00:00,2026-02-02 17:24:00+00:00,long,78864.58,79192.1,TP,7.1932,366.8511,1.5
2026-02-02 17:48:00+00:00,2026-02-02 18:04:00+00:00,long,79027.69,78856.82,SL,-3.6685,363.1826,1.5
2026-02-02 18:28:00+00:00,2026-02-02 18:31:00+00:00,short,78376.99,78655.88,SL,-3.6318,359.5508,1.5
2026-02-02 18:59:00+00:00,2026-02-02 20:00:00+00:00,short,78569.84,78206.1,TP,7.191,366.7418,1.5
2026-02-02 20:16:00+00:00,2026-02-02 20:53:00+00:00,short,78398.0,78081.25,TP,7.3348,374.0767,1.5
2026-02-02 21:22:00+00:00,2026-02-02 21:33:00+00:00,short,78272.39,78472.81,SL,-3.7408,370.3359,1.5
2026-02-02 21:44:00+00:00,2026-02-02 21:53:00+00:00,short,78367.53,78532.89,SL,-3.7034,366.6325,1.5
2026-02-02 21:54:00+00:00,2026-02-02 22:12:00+00:00,long,78488.4,78832.77,TP,7.3327,373.9652,1.5
2026-02-02 22:33:00+00:00,2026-02-02 23:27:00+00:00,long,78737.52,78565.5,SL,-3.7397,370.2255,1.5
2026-02-02 23:33:00+00:00,2026-02-03 00:07:00+00:00,long,78669.57,78484.35,SL,-3.7023,366.5233,1.5
2026-02-03 00:43:00+00:00,2026-02-03 01:19:00+00:00,long,78930.14,78740.4,SL,-3.6652,362.858,1.5
2026-02-03 01:25:00+00:00,2026-02-03 02:10:00+00:00,long,78866.25,78633.0,SL,-3.6286,359.2295,1.5
2026-02-03 02:30:00+00:00,2026-02-03 02:45:00+00:00,short,78662.51,78304.93,TP,7.1846,366.414,1.5
2026-02-03 03:22:00+00:00,2026-02-03 03:24:00+00:00,short,77820.6,78117.31,SL,-3.6641,362.7499,1.5
2026-02-03 03:56:00+00:00,2026-02-03 04:03:00+00:00,long,78866.48,78668.53,SL,-3.6275,359.1224,1.5
2026-02-03 04:14:00+00:00,2026-02-03 04:24:00+00:00,long,78759.99,78575.91,SL,-3.5912,355.5312,1.5
2026-02-03 04:35:00+00:00,2026-02-03 04:41:00+00:00,long,78640.0,78987.99,TP,7.1106,362.6418,1.5
2026-02-03 05:43:00+00:00,2026-02-03 06:07:00+00:00,short,78337.5,77957.8,TP,7.2528,369.8946,1.5
2026-02-03 06:39:00+00:00,2026-02-03 07:06:00+00:00,short,78445.43,78700.0,SL,-3.6989,366.1957,1.5
2026-02-03 07:32:00+00:00,2026-02-03 08:10:00+00:00,long,78812.85,78629.51,SL,-3.662,362.5337,1.5
2026-02-03 08:19:00+00:00,2026-02-03 09:11:00+00:00,long,78706.43,78352.99,SL,-3.6253,358.9084,1.5
2026-02-03 10:16:00+00:00,2026-02-03 10:34:00+00:00,short,78520.0,78178.22,TP,7.1782,366.0866,1.5
2026-02-03 10:53:00+00:00,2026-02-03 11:17:00+00:00,short,78086.72,78258.45,SL,-3.6609,362.4257,1.5
2026-02-03 11:20:00+00:00,2026-02-03 11:46:00+00:00,short,78124.19,78342.6,SL,-3.6243,358.8014,1.5
2026-02-03 11:52:00+00:00,2026-02-03 12:48:00+00:00,short,78248.0,78408.86,SL,-3.588,355.2134,1.5
2026-02-03 12:55:00+00:00,2026-02-03 13:51:00+00:00,long,78408.3,78221.13,SL,-3.5521,351.6613,1.5
2026-02-03 13:57:00+00:00,2026-02-03 14:17:00+00:00,long,78318.81,78127.86,SL,-3.5166,348.1447,1.5
2026-02-03 14:25:00+00:00,2026-02-03 14:32:00+00:00,long,78334.4,78163.65,SL,-3.4814,344.6632,1.5
2026-02-03 14:33:00+00:00,2026-02-03 14:35:00+00:00,short,78034.07,78230.16,SL,-3.4466,341.2166,1.5
2026-02-03 14:51:00+00:00,2026-02-03 14:56:00+00:00,short,77739.06,77383.11,TP,6.8243,348.0409,1.5
2026-02-03 15:15:00+00:00,2026-02-03 15:17:00+00:00,short,77179.67,77437.52,SL,-3.4804,344.5605,1.5
2026-02-03 15:40:00+00:00,2026-02-03 15:48:00+00:00,short,77739.59,77920.0,SL,-3.4456,341.1149,1.5
2026-02-03 16:02:00+00:00,2026-02-03 16:09:00+00:00,short,77950.4,77620.0,TP,6.8223,347.9372,1.5
2026-02-03 17:00:00+00:00,2026-02-03 17:07:00+00:00,short,76464.84,76122.31,TP,6.9587,354.896,1.5
2026-02-03 17:37:00+00:00,2026-02-03 17:41:00+00:00,short,75630.78,75310.0,TP,7.0979,361.9939,1.5
2026-02-03 18:13:00+00:00,2026-02-03 18:23:00+00:00,short,74706.57,74392.36,TP,7.2399,369.2338,1.5
2026-02-03 18:44:00+00:00,2026-02-03 18:46:00+00:00,short,73726.8,73415.97,TP,7.3847,376.6184,1.5
2026-02-03 19:26:00+00:00,2026-02-03 19:29:00+00:00,short,74745.0,74933.99,SL,-3.7662,372.8523,1.5
2026-02-03 20:04:00+00:00,2026-02-03 20:17:00+00:00,short,74703.29,74952.65,SL,-3.7285,369.1237,1.5
2026-02-03 21:03:00+00:00,2026-02-03 21:16:00+00:00,long,76801.53,76537.96,SL,-3.6912,365.4325,1.5
2026-02-03 21:31:00+00:00,2026-02-03 21:37:00+00:00,long,76594.57,76391.06,SL,-3.6543,361.7782,1.5
2026-02-03 21:45:00+00:00,2026-02-03 21:46:00+00:00,long,76470.58,76240.29,SL,-3.6178,358.1604,1.5
2026-02-03 21:56:00+00:00,2026-02-03 22:05:00+00:00,long,76280.56,76100.0,SL,-3.5816,354.5788,1.5
2026-02-03 22:20:00+00:00,2026-02-03 22:23:00+00:00,long,76000.0,75793.34,SL,-3.5458,351.033,1.5
2026-02-03 22:42:00+00:00,2026-02-03 22:48:00+00:00,short,75862.94,75489.16,TP,7.0207,358.0537,1.5
2026-02-03 23:04:00+00:00,2026-02-03 23:10:00+00:00,short,75494.17,75645.34,SL,-3.5805,354.4731,1.5
2026-02-03 23:31:00+00:00,2026-02-03 23:37:00+00:00,short,75774.76,75954.99,SL,-3.5447,350.9284,1.5
2026-02-04 01:03:00+00:00,2026-02-04 01:07:00+00:00,long,76405.06,76242.15,SL,-3.5093,347.4191,1.5
2026-02-04 01:32:00+00:00,2026-02-04 01:48:00+00:00,long,76648.89,76411.52,SL,-3.4742,343.9449,1.5
2026-02-04 02:05:00+00:00,2026-02-04 02:27:00+00:00,long,76444.91,76239.2,SL,-3.4394,340.5055,1.5
2026-02-04 02:52:00+00:00,2026-02-04 02:57:00+00:00,short,75766.22,75975.2,SL,-3.4051,337.1004,1.5
2026-02-04 03:37:00+00:00,2026-02-04 03:44:00+00:00,long,76848.02,76682.88,SL,-3.371,333.7294,1.5
2026-02-04 04:07:00+00:00,2026-02-04 04:16:00+00:00,long,76807.59,76630.55,SL,-3.3373,330.3921,1.5
2026-02-04 04:31:00+00:00,2026-02-04 04:45:00+00:00,long,76721.57,76552.49,SL,-3.3039,327.0882,1.5
2026-02-04 05:01:00+00:00,2026-02-04 05:40:00+00:00,long,76485.65,76313.91,SL,-3.2709,323.8173,1.5
2026-02-04 05:52:00+00:00,2026-02-04 06:03:00+00:00,short,76199.99,76383.64,SL,-3.2382,320.5791,1.5
2026-02-04 06:35:00+00:00,2026-02-04 07:06:00+00:00,long,76551.22,76375.24,SL,-3.2058,317.3733,1.5
2026-02-04 07:13:00+00:00,2026-02-04 07:23:00+00:00,long,76583.89,76428.4,SL,-3.1737,314.1996,1.5
2026-02-04 07:36:00+00:00,2026-02-04 07:40:00+00:00,short,76380.97,76593.12,SL,-3.142,311.0576,1.5
2026-02-04 08:24:00+00:00,2026-02-04 08:45:00+00:00,short,76248.02,76409.99,SL,-3.1106,307.947,1.5
2026-02-04 09:31:00+00:00,2026-02-04 10:39:00+00:00,short,76109.89,76285.5,SL,-3.0795,304.8676,1.5
2026-02-04 10:48:00+00:00,2026-02-04 11:05:00+00:00,short,76249.46,75906.25,TP,6.0974,310.9649,1.5
2026-02-04 11:54:00+00:00,2026-02-04 13:22:00+00:00,short,76096.05,75765.31,TP,6.2193,317.1842,1.5
2026-02-04 13:35:00+00:00,2026-02-04 13:44:00+00:00,short,75678.51,75358.07,TP,6.3437,323.5279,1.5
2026-02-04 13:58:00+00:00,2026-02-04 14:03:00+00:00,short,74867.0,75050.91,SL,-3.2353,320.2926,1.5
2026-02-04 14:27:00+00:00,2026-02-04 14:31:00+00:00,short,75321.53,75012.73,TP,6.4059,326.6985,1.5
2026-02-04 14:45:00+00:00,2026-02-04 14:46:00+00:00,short,75099.9,75281.17,SL,-3.267,323.4315,1.5
2026-02-04 14:47:00+00:00,2026-02-04 14:48:00+00:00,short,75159.29,75444.52,SL,-3.2343,320.1972,1.5
2026-02-04 14:51:00+00:00,2026-02-04 14:57:00+00:00,short,75030.81,74508.01,TP,6.4039,326.6011,1.5
2026-02-04 15:19:00+00:00,2026-02-04 15:21:00+00:00,short,74552.11,74880.0,SL,-3.266,323.3351,1.5
2026-02-04 15:32:00+00:00,2026-02-04 15:34:00+00:00,short,74684.81,74165.1,TP,6.4667,329.8018,1.5
2026-02-04 15:47:00+00:00,2026-02-04 16:08:00+00:00,short,74110.0,73772.01,TP,6.596,336.3978,1.5
2026-02-04 16:17:00+00:00,2026-02-04 16:18:00+00:00,short,73617.32,73772.14,SL,-3.364,333.0339,1.5
2026-02-04 16:34:00+00:00,2026-02-04 16:38:00+00:00,short,73574.54,73275.37,TP,6.6607,339.6945,1.5
2026-02-04 17:05:00+00:00,2026-02-04 17:10:00+00:00,short,73422.07,72838.71,TP,6.7939,346.4884,1.5
2026-02-04 17:19:00+00:00,2026-02-04 17:23:00+00:00,short,73193.53,72854.34,TP,6.9298,353.4182,1.5
2026-02-04 17:38:00+00:00,2026-02-04 17:41:00+00:00,short,72352.14,72617.25,SL,-3.5342,349.884,1.5
2026-02-04 17:53:00+00:00,2026-02-04 17:55:00+00:00,short,72298.26,72572.39,SL,-3.4988,346.3852,1.5
2026-02-04 18:17:00+00:00,2026-02-04 18:18:00+00:00,short,72767.26,72982.0,SL,-3.4639,342.9213,1.5
2026-02-04 18:23:00+00:00,2026-02-04 18:25:00+00:00,short,72801.36,73024.5,SL,-3.4292,339.4921,1.5
2026-02-04 19:04:00+00:00,2026-02-04 19:06:00+00:00,long,73801.55,73642.64,SL,-3.3949,336.0972,1.5
2026-02-04 20:03:00+00:00,2026-02-04 20:06:00+00:00,long,74124.56,73944.03,SL,-3.361,332.7362,1.5
2026-02-04 20:21:00+00:00,2026-02-04 20:26:00+00:00,long,73828.0,73620.69,SL,-3.3274,329.4089,1.5
2026-02-04 20:38:00+00:00,2026-02-04 21:02:00+00:00,long,73654.04,73504.04,SL,-3.2941,326.1148,1.5
2026-02-04 21:17:00+00:00,2026-02-04 21:43:00+00:00,short,73345.0,72876.76,TP,6.5223,332.6371,1.5
2026-02-04 22:05:00+00:00,2026-02-04 22:14:00+00:00,short,72093.76,72331.65,SL,-3.3264,329.3107,1.5
2026-02-05 00:33:00+00:00,2026-02-05 00:39:00+00:00,short,72931.0,73116.23,SL,-3.2931,326.0176,1.5
2026-02-05 00:40:00+00:00,2026-02-05 00:52:00+00:00,long,73139.9,72950.0,SL,-3.2602,322.7574,1.5
2026-02-05 01:16:00+00:00,2026-02-05 01:18:00+00:00,short,72873.07,72554.43,TP,6.4551,329.2126,1.5
2026-02-05 01:40:00+00:00,2026-02-05 01:43:00+00:00,short,72365.5,72586.91,SL,-3.2921,325.9204,1.5
2026-02-05 01:54:00+00:00,2026-02-05 02:03:00+00:00,short,72554.15,72139.91,TP,6.5184,332.4388,1.5
2026-02-05 02:13:00+00:00,2026-02-05 02:21:00+00:00,short,72104.0,72264.34,SL,-3.3244,329.1145,1.5
2026-02-05 02:45:00+00:00,2026-02-05 02:48:00+00:00,short,72441.99,71907.32,TP,6.5823,335.6967,1.5
2026-02-05 03:16:00+00:00,2026-02-05 03:18:00+00:00,short,71301.3,71486.12,SL,-3.357,332.3398,1.5
2026-02-05 03:33:00+00:00,2026-02-05 03:41:00+00:00,short,71405.6,71550.81,SL,-3.3234,329.0164,1.5
2026-02-05 03:51:00+00:00,2026-02-05 04:06:00+00:00,short,71325.84,70873.02,TP,6.5803,335.5967,1.5
2026-02-05 04:28:00+00:00,2026-02-05 04:41:00+00:00,short,71004.34,71293.8,SL,-3.356,332.2407,1.5
2026-02-05 04:53:00+00:00,2026-02-05 04:57:00+00:00,short,71053.53,70744.02,TP,6.6448,338.8856,1.5
2026-02-05 05:19:00+00:00,2026-02-05 05:22:00+00:00,short,70646.6,70223.68,TP,6.7777,345.6633,1.5
2026-02-05 05:48:00+00:00,2026-02-05 06:35:00+00:00,short,70719.9,70868.5,SL,-3.4566,342.2066,1.5
2026-02-05 06:47:00+00:00,2026-02-05 06:50:00+00:00,short,70650.35,70802.3,SL,-3.4221,338.7846,1.5
2026-02-05 07:21:00+00:00,2026-02-05 07:38:00+00:00,long,71360.49,71214.39,SL,-3.3878,335.3967,1.5
2026-02-05 09:02:00+00:00,2026-02-05 09:08:00+00:00,long,71228.72,71696.78,TP,6.7079,342.1047,1.5
2026-02-05 09:50:00+00:00,2026-02-05 10:03:00+00:00,long,71609.19,71442.21,SL,-3.421,338.6836,1.5
2026-02-05 10:13:00+00:00,2026-02-05 10:47:00+00:00,long,71449.99,71301.34,SL,-3.3868,335.2968,1.5
2026-02-05 11:16:00+00:00,2026-02-05 11:17:00+00:00,short,70714.55,70919.53,SL,-3.353,331.9438,1.5
2026-02-05 11:20:00+00:00,2026-02-05 11:22:00+00:00,short,70686.38,70324.09,TP,6.6389,338.5827,1.5
2026-02-05 11:52:00+00:00,2026-02-05 12:01:00+00:00,short,70356.0,70507.06,SL,-3.3858,335.1969,1.5
2026-02-05 12:09:00+00:00,2026-02-05 12:14:00+00:00,short,70215.35,69918.01,TP,6.7039,341.9008,1.5
2026-02-05 12:43:00+00:00,2026-02-05 12:48:00+00:00,short,69298.82,69458.04,SL,-3.419,338.4818,1.5
2026-02-05 13:14:00+00:00,2026-02-05 13:52:00+00:00,short,69488.08,69638.13,SL,-3.3848,335.097,1.5
2026-02-05 14:09:00+00:00,2026-02-05 14:15:00+00:00,short,69893.37,69553.62,TP,6.7019,341.7989,1.5
2026-02-05 15:21:00+00:00,2026-02-05 15:23:00+00:00,short,67673.82,67151.48,TP,6.836,348.6349,1.5
2026-02-05 15:59:00+00:00,2026-02-05 16:07:00+00:00,short,67489.07,67156.58,TP,6.9727,355.6076,1.5
2026-02-05 16:37:00+00:00,2026-02-05 16:45:00+00:00,short,68033.29,67690.98,TP,7.1122,362.7197,1.5
2026-02-05 17:00:00+00:00,2026-02-05 17:04:00+00:00,short,68102.04,67780.51,TP,7.2544,369.9741,1.5
2026-02-05 17:32:00+00:00,2026-02-05 17:36:00+00:00,short,66798.83,66932.92,SL,-3.6997,366.2744,1.5
2026-02-05 17:50:00+00:00,2026-02-05 17:55:00+00:00,short,66830.97,66526.78,TP,7.3255,373.5999,1.5
2026-02-05 18:18:00+00:00,2026-02-05 18:22:00+00:00,short,65860.61,65529.99,TP,7.472,381.0719,1.5
2026-02-05 18:48:00+00:00,2026-02-05 18:49:00+00:00,short,65428.96,65560.87,SL,-3.8107,377.2612,1.5
2026-02-05 18:52:00+00:00,2026-02-05 18:53:00+00:00,short,65497.78,65805.86,SL,-3.7726,373.4885,1.5
2026-02-05 19:09:00+00:00,2026-02-05 19:11:00+00:00,short,66142.54,66357.57,SL,-3.7349,369.7537,1.5
2026-02-05 19:18:00+00:00,2026-02-05 19:19:00+00:00,short,66279.91,66416.02,SL,-3.6975,366.0561,1.5
2026-02-05 19:43:00+00:00,2026-02-05 19:48:00+00:00,short,65787.59,65493.91,TP,7.3211,373.3772,1.5
2026-02-05 20:14:00+00:00,2026-02-05 20:15:00+00:00,short,65051.38,64554.21,TP,7.4675,380.8448,1.5
2026-02-05 20:30:00+00:00,2026-02-05 20:33:00+00:00,short,63719.59,63851.37,SL,-3.8084,377.0363,1.5
2026-02-05 20:49:00+00:00,2026-02-05 20:52:00+00:00,short,63300.0,62759.62,TP,7.5407,384.5771,1.5
2026-02-05 21:11:00+00:00,2026-02-05 21:17:00+00:00,short,63609.7,63228.34,TP,7.6915,392.2686,1.5
2026-02-05 21:35:00+00:00,2026-02-05 21:38:00+00:00,short,63524.24,63757.52,SL,-3.9227,388.3459,1.5
2026-02-05 21:49:00+00:00,2026-02-05 21:52:00+00:00,short,63661.87,63180.03,TP,7.7669,396.1128,1.5
2026-02-05 22:17:00+00:00,2026-02-05 22:24:00+00:00,short,62896.59,63085.36,SL,-3.9611,392.1517,1.5
2026-02-05 22:46:00+00:00,2026-02-05 22:49:00+00:00,short,63849.44,64034.1,SL,-3.9215,388.2302,1.5
2026-02-05 22:52:00+00:00,2026-02-05 22:55:00+00:00,long,64286.55,64140.55,SL,-3.8823,384.3479,1.5
2026-02-05 22:57:00+00:00,2026-02-05 23:03:00+00:00,short,64094.55,64387.7,SL,-3.8435,380.5044,1.5
2026-02-05 23:04:00+00:00,2026-02-05 23:05:00+00:00,long,64747.35,64523.66,SL,-3.805,376.6994,1.5
2026-02-06 00:01:00+00:00,2026-02-06 00:02:00+00:00,short,62753.15,62418.79,TP,7.534,384.2334,1.5
2026-02-06 00:48:00+00:00,2026-02-06 00:49:00+00:00,short,62572.44,62873.33,SL,-3.8423,380.391,1.5
2026-02-06 00:53:00+00:00,2026-02-06 00:55:00+00:00,long,63725.52,63500.01,SL,-3.8039,376.5871,1.5
2026-02-06 01:04:00+00:00,2026-02-06 01:05:00+00:00,long,64273.02,64119.31,SL,-3.7659,372.8212,1.5
2026-02-06 01:35:00+00:00,2026-02-06 01:37:00+00:00,long,64616.34,64340.44,SL,-3.7282,369.093,1.5
2026-02-06 01:43:00+00:00,2026-02-06 01:46:00+00:00,long,64638.0,64984.48,TP,7.3819,376.4749,1.5
2026-02-06 02:30:00+00:00,2026-02-06 02:33:00+00:00,long,64608.66,64940.81,TP,7.5295,384.0044,1.5
2026-02-06 02:50:00+00:00,2026-02-06 02:51:00+00:00,long,65181.25,65007.37,SL,-3.84,380.1643,1.5
2026-02-06 03:03:00+00:00,2026-02-06 03:04:00+00:00,long,65100.11,64945.5,SL,-3.8016,376.3627,1.5
2026-02-06 03:19:00+00:00,2026-02-06 03:23:00+00:00,long,64680.0,64531.45,SL,-3.7636,372.5991,1.5
2026-02-06 04:47:00+00:00,2026-02-06 05:04:00+00:00,long,64859.35,65249.04,TP,7.452,380.0511,1.5
2026-02-06 05:19:00+00:00,2026-02-06 05:25:00+00:00,long,65540.76,65392.43,SL,-3.8005,376.2505,1.5
2026-02-06 05:33:00+00:00,2026-02-06 05:50:00+00:00,long,65761.08,66295.06,TP,7.525,383.7756,1.5
2026-02-06 06:01:00+00:00,2026-02-06 06:08:00+00:00,long,66663.72,66409.14,SL,-3.8378,379.9378,1.5
2026-02-06 07:01:00+00:00,2026-02-06 07:05:00+00:00,short,64703.66,64936.68,SL,-3.7994,376.1384,1.5
2026-02-06 07:27:00+00:00,2026-02-06 07:28:00+00:00,short,64842.75,65005.76,SL,-3.7614,372.377,1.5
2026-02-06 07:45:00+00:00,2026-02-06 07:49:00+00:00,short,65212.18,64760.0,TP,7.4475,379.8246,1.5
2026-02-06 08:18:00+00:00,2026-02-06 08:20:00+00:00,short,64906.15,65133.72,SL,-3.7982,376.0263,1.5
2026-02-06 08:24:00+00:00,2026-02-06 08:25:00+00:00,short,64900.33,65075.61,SL,-3.7603,372.2661,1.5
2026-02-06 08:28:00+00:00,2026-02-06 08:33:00+00:00,short,64819.91,64549.41,TP,7.4453,379.7114,1.5
2026-02-06 08:58:00+00:00,2026-02-06 09:01:00+00:00,short,64837.78,64970.89,SL,-3.7971,375.9143,1.5
2026-02-06 09:53:00+00:00,2026-02-06 09:55:00+00:00,long,66130.69,65984.71,SL,-3.7591,372.1551,1.5
2026-02-06 10:16:00+00:00,2026-02-06 10:18:00+00:00,long,66094.01,65925.82,SL,-3.7216,368.4336,1.5
2026-02-06 10:57:00+00:00,2026-02-06 11:01:00+00:00,long,65978.54,65772.18,SL,-3.6843,364.7492,1.5
2026-02-06 11:12:00+00:00,2026-02-06 11:36:00+00:00,long,65967.73,66244.44,TP,7.295,372.0442,1.5
2026-02-06 11:50:00+00:00,2026-02-06 12:07:00+00:00,long,66492.08,66331.39,SL,-3.7204,368.3238,1.5
2026-02-06 12:23:00+00:00,2026-02-06 12:31:00+00:00,long,66392.83,66226.0,SL,-3.6832,364.6406,1.5
2026-02-06 12:41:00+00:00,2026-02-06 12:56:00+00:00,long,66293.25,66586.94,TP,7.2928,371.9334,1.5
2026-02-06 13:40:00+00:00,2026-02-06 13:49:00+00:00,long,67207.46,67575.24,TP,7.4387,379.372,1.5
2026-02-06 14:14:00+00:00,2026-02-06 14:17:00+00:00,long,67187.02,67014.34,SL,-3.7937,375.5783,1.5
2026-02-06 14:27:00+00:00,2026-02-06 14:30:00+00:00,long,67007.87,67307.99,TP,7.5116,383.0899,1.5
2026-02-06 15:10:00+00:00,2026-02-06 15:12:00+00:00,long,68528.75,68327.84,SL,-3.8309,379.259,1.5
2026-02-06 15:21:00+00:00,2026-02-06 15:23:00+00:00,long,68474.76,68314.79,SL,-3.7926,375.4664,1.5
2026-02-06 15:34:00+00:00,2026-02-06 15:43:00+00:00,long,68447.27,68823.99,TP,7.5093,382.9757,1.5
2026-02-06 16:03:00+00:00,2026-02-06 16:07:00+00:00,long,68828.33,69122.2,TP,7.6595,390.6352,1.5
2026-02-06 16:45:00+00:00,2026-02-06 16:54:00+00:00,long,69874.55,70203.0,TP,7.8127,398.4479,1.5
2026-02-06 17:09:00+00:00,2026-02-06 17:17:00+00:00,long,70186.49,70516.95,TP,7.969,406.4169,1.5
2026-02-06 18:18:00+00:00,2026-02-06 18:21:00+00:00,long,69913.17,69743.22,SL,-4.0642,402.3527,1.5
2026-02-06 18:22:00+00:00,2026-02-06 18:34:00+00:00,short,69573.44,69855.4,SL,-4.0235,398.3292,1.5
2026-02-06 19:04:00+00:00,2026-02-06 19:10:00+00:00,long,70046.52,69782.74,SL,-3.9833,394.3459,1.5
2026-02-06 19:20:00+00:00,2026-02-06 19:25:00+00:00,long,70122.08,70411.24,TP,7.8869,402.2328,1.5
2026-02-06 19:47:00+00:00,2026-02-06 19:53:00+00:00,long,70536.66,70848.72,TP,8.0447,410.2775,1.5
2026-02-06 20:22:00+00:00,2026-02-06 20:35:00+00:00,long,70515.54,70995.82,TP,8.2056,418.483,1.5
2026-02-06 20:50:00+00:00,2026-02-06 20:55:00+00:00,long,70531.46,70266.04,SL,-4.1848,414.2982,1.5
2026-02-06 20:56:00+00:00,2026-02-06 21:19:00+00:00,short,70063.94,70235.61,SL,-4.143,410.1552,1.5
2026-02-06 21:43:00+00:00,2026-02-06 22:06:00+00:00,long,70333.04,70694.83,TP,8.2031,418.3583,1.5
2026-02-06 22:24:00+00:00,2026-02-06 22:34:00+00:00,long,70661.47,70999.28,TP,8.3672,426.7255,1.5
2026-02-06 22:50:00+00:00,2026-02-06 23:11:00+00:00,long,71405.99,71227.38,SL,-4.2673,422.4582,1.5
2026-02-06 23:31:00+00:00,2026-02-06 23:42:00+00:00,long,70846.51,70664.47,SL,-4.2246,418.2337,1.5
2026-02-06 23:53:00+00:00,2026-02-07 00:01:00+00:00,short,70542.03,70205.76,TP,8.3647,426.5983,1.5
2026-02-07 00:30:00+00:00,2026-02-07 00:35:00+00:00,short,70129.09,69802.0,TP,8.532,435.1303,1.5
2026-02-07 01:00:00+00:00,2026-02-07 01:25:00+00:00,short,69918.15,70098.15,SL,-4.3513,430.779,1.5
2026-02-07 02:24:00+00:00,2026-02-07 02:46:00+00:00,long,70463.99,70217.3,SL,-4.3078,426.4712,1.5
2026-02-07 03:26:00+00:00,2026-02-07 03:41:00+00:00,long,70832.0,70639.99,SL,-4.2647,422.2065,1.5
2026-02-07 03:52:00+00:00,2026-02-07 04:04:00+00:00,long,70776.9,71097.79,TP,8.4441,430.6506,1.5
2026-02-07 04:52:00+00:00,2026-02-07 05:21:00+00:00,long,70758.54,71138.01,TP,8.613,439.2636,1.5
2026-02-07 05:26:00+00:00,2026-02-07 05:28:00+00:00,short,70729.14,70424.49,TP,8.7853,448.0489,1.5
2026-02-07 06:15:00+00:00,2026-02-07 06:25:00+00:00,short,70031.14,70177.02,SL,-4.4805,443.5684,1.5
2026-02-07 06:43:00+00:00,2026-02-07 06:50:00+00:00,short,70059.06,69769.53,TP,8.8714,452.4398,1.5
2026-02-07 07:54:00+00:00,2026-02-07 08:02:00+00:00,short,68195.71,67800.0,TP,9.0488,461.4886,1.5
2026-02-07 08:09:00+00:00,2026-02-07 08:11:00+00:00,short,68005.94,68378.71,SL,-4.6149,456.8737,1.5
2026-02-07 08:18:00+00:00,2026-02-07 08:19:00+00:00,short,68110.07,68309.75,SL,-4.5687,452.305,1.5
2026-02-07 08:36:00+00:00,2026-02-07 08:53:00+00:00,short,68569.05,68710.99,SL,-4.523,447.7819,1.5
2026-02-07 08:57:00+00:00,2026-02-07 09:12:00+00:00,short,68555.88,68726.6,SL,-4.4778,443.3041,1.5
2026-02-07 09:17:00+00:00,2026-02-07 09:24:00+00:00,short,68548.94,68710.82,SL,-4.433,438.871,1.5
2026-02-07 09:27:00+00:00,2026-02-07 09:32:00+00:00,short,68596.4,68136.07,TP,8.7774,447.6485,1.5
2026-02-07 09:46:00+00:00,2026-02-07 10:03:00+00:00,short,68032.2,68234.6,SL,-4.4765,443.172,1.5
2026-02-07 10:10:00+00:00,2026-02-07 10:39:00+00:00,short,67985.72,67630.0,TP,8.8634,452.0354,1.5
2026-02-07 11:12:00+00:00,2026-02-07 12:00:00+00:00,short,67988.6,68210.87,SL,-4.5204,447.5151,1.5
2026-02-07 13:01:00+00:00,2026-02-07 13:02:00+00:00,long,69196.71,68947.46,SL,-4.4752,443.0399,1.5
2026-02-07 13:18:00+00:00,2026-02-07 13:39:00+00:00,long,69029.33,68837.08,SL,-4.4304,438.6095,1.5
2026-02-07 13:49:00+00:00,2026-02-07 14:16:00+00:00,long,69004.01,68860.9,SL,-4.3861,434.2234,1.5
2026-02-07 14:22:00+00:00,2026-02-07 14:35:00+00:00,long,69035.74,68875.06,SL,-4.3422,429.8812,1.5
2026-02-07 15:32:00+00:00,2026-02-07 15:42:00+00:00,long,69482.95,69303.39,SL,-4.2988,425.5824,1.5
2026-02-07 16:04:00+00:00,2026-02-07 16:05:00+00:00,long,69193.44,69630.8,TP,8.5116,434.094,1.5
2026-02-07 17:07:00+00:00,2026-02-07 17:25:00+00:00,short,68800.33,68979.99,SL,-4.3409,429.7531,1.5
2026-02-07 18:06:00+00:00,2026-02-07 18:08:00+00:00,long,69235.54,69082.81,SL,-4.2975,425.4555,1.5
2026-02-07 18:17:00+00:00,2026-02-07 18:34:00+00:00,long,69230.0,69533.41,TP,8.5091,433.9647,1.5
2026-02-07 18:49:00+00:00,2026-02-07 18:55:00+00:00,long,69642.84,69452.47,SL,-4.3396,429.625,1.5
2026-02-07 19:07:00+00:00,2026-02-07 19:09:00+00:00,long,69555.4,69379.96,SL,-4.2962,425.3288,1.5
2026-02-07 19:22:00+00:00,2026-02-07 19:56:00+00:00,long,69452.78,69295.25,SL,-4.2533,421.0755,1.5
2026-02-07 20:03:00+00:00,2026-02-07 20:11:00+00:00,long,69404.0,69256.18,SL,-4.2108,416.8647,1.5
2026-02-07 20:13:00+00:00,2026-02-07 20:51:00+00:00,long,69364.3,69650.0,TP,8.3373,425.202,1.5
2026-02-07 20:52:00+00:00,2026-02-07 20:56:00+00:00,long,69718.84,69543.98,SL,-4.252,420.95,1.5
2026-02-07 21:22:00+00:00,2026-02-07 21:45:00+00:00,long,69534.0,69370.72,SL,-4.2095,416.7405,1.5
2026-02-07 21:59:00+00:00,2026-02-07 23:01:00+00:00,long,69497.99,69347.31,SL,-4.1674,412.5731,1.5
2026-02-07 23:20:00+00:00,2026-02-07 23:26:00+00:00,short,68883.72,69028.13,SL,-4.1257,408.4474,1.5
2026-02-07 23:55:00+00:00,2026-02-08 00:34:00+00:00,short,69297.68,69012.62,TP,8.1689,416.6163,1.5
2026-02-08 00:41:00+00:00,2026-02-08 00:49:00+00:00,short,68918.85,69095.22,SL,-4.1662,412.4501,1.5
2026-02-08 01:51:00+00:00,2026-02-08 02:00:00+00:00,long,69477.64,69267.95,SL,-4.1245,408.3256,1.5
2026-02-08 02:09:00+00:00,2026-02-08 02:53:00+00:00,long,69424.45,69269.31,SL,-4.0833,404.2424,1.5
2026-02-08 02:54:00+00:00,2026-02-08 02:59:00+00:00,short,69197.99,69370.7,SL,-4.0424,400.2,1.5
2026-02-08 03:06:00+00:00,2026-02-08 05:15:00+00:00,short,69265.19,69406.0,SL,-4.002,396.198,1.5
2026-02-08 05:42:00+00:00,2026-02-08 06:14:00+00:00,short,69182.4,69344.71,SL,-3.962,392.236,1.5
2026-02-08 06:46:00+00:00,2026-02-08 07:55:00+00:00,long,69368.0,69660.29,TP,7.8447,400.0807,1.5
2026-02-08 08:03:00+00:00,2026-02-08 08:17:00+00:00,long,69725.03,69557.25,SL,-4.0008,396.0799,1.5
2026-02-08 08:22:00+00:00,2026-02-08 08:32:00+00:00,long,70068.38,70446.0,TP,7.9216,404.0015,1.5
2026-02-08 09:25:00+00:00,2026-02-08 09:35:00+00:00,long,70429.59,70254.39,SL,-4.04,399.9615,1.5
2026-02-08 09:52:00+00:00,2026-02-08 10:22:00+00:00,long,70163.94,70022.2,SL,-3.9996,395.9619,1.5
2026-02-08 10:34:00+00:00,2026-02-08 11:02:00+00:00,long,70094.91,70376.9,TP,7.9192,403.8811,1.5
2026-02-08 11:32:00+00:00,2026-02-08 11:51:00+00:00,long,70833.84,71181.45,TP,8.0776,411.9587,1.5
2026-02-08 12:28:00+00:00,2026-02-08 12:42:00+00:00,long,70939.09,70738.69,SL,-4.1196,407.8391,1.5
2026-02-08 12:47:00+00:00,2026-02-08 13:19:00+00:00,long,71028.06,71430.01,TP,8.1568,415.9959,1.5
2026-02-08 13:51:00+00:00,2026-02-08 14:20:00+00:00,long,71393.07,71189.33,SL,-4.16,411.836,1.5
2026-02-08 14:31:00+00:00,2026-02-08 14:42:00+00:00,long,71273.99,71108.17,SL,-4.1184,407.7176,1.5
2026-02-08 14:50:00+00:00,2026-02-08 15:25:00+00:00,long,71221.41,71061.2,SL,-4.0772,403.6404,1.5
2026-02-08 15:34:00+00:00,2026-02-08 15:48:00+00:00,long,71178.84,71016.0,SL,-4.0364,399.604,1.5
2026-02-08 16:08:00+00:00,2026-02-08 16:42:00+00:00,short,71091.42,70803.72,TP,7.9921,407.5961,1.5
2026-02-08 17:23:00+00:00,2026-02-08 17:43:00+00:00,short,70647.02,70815.68,SL,-4.076,403.5201,1.5
2026-02-08 17:53:00+00:00,2026-02-08 18:04:00+00:00,short,70724.24,70931.03,SL,-4.0352,399.4849,1.5
2026-02-08 18:28:00+00:00,2026-02-08 18:35:00+00:00,long,70985.47,71343.48,TP,7.9897,407.4746,1.5
2026-02-08 19:07:00+00:00,2026-02-08 19:33:00+00:00,long,71312.03,71156.48,SL,-4.0747,403.3999,1.5
2026-02-08 19:38:00+00:00,2026-02-08 20:02:00+00:00,long,71281.28,71129.67,SL,-4.034,399.3659,1.5
2026-02-08 20:16:00+00:00,2026-02-08 20:27:00+00:00,long,71150.42,70998.83,SL,-3.9937,395.3722,1.5
2026-02-08 20:47:00+00:00,2026-02-08 21:22:00+00:00,short,70941.28,71102.67,SL,-3.9537,391.4185,1.5
2026-02-08 21:26:00+00:00,2026-02-08 21:38:00+00:00,short,70974.02,70661.56,TP,7.8284,399.2469,1.5
2026-02-08 21:51:00+00:00,2026-02-08 21:58:00+00:00,short,70548.75,70712.78,SL,-3.9925,395.2544,1.5
2026-02-08 22:28:00+00:00,2026-02-08 22:47:00+00:00,short,70847.48,70989.91,SL,-3.9525,391.3019,1.5
2026-02-08 22:53:00+00:00,2026-02-08 22:58:00+00:00,short,70864.76,71061.68,SL,-3.913,387.3888,1.5
2026-02-08 23:58:00+00:00,2026-02-09 00:02:00+00:00,short,70298.81,70441.6,SL,-3.8739,383.515,1.5
2026-02-09 00:28:00+00:00,2026-02-09 00:40:00+00:00,short,70500.66,70193.94,TP,7.6703,391.1853,1.5
2026-02-09 01:05:00+00:00,2026-02-09 01:17:00+00:00,short,70333.12,70531.19,SL,-3.9119,387.2734,1.5
2026-02-09 03:05:00+00:00,2026-02-09 03:39:00+00:00,long,70757.38,71093.68,TP,7.7455,395.0189,1.5
2026-02-09 03:48:00+00:00,2026-02-09 04:13:00+00:00,long,71197.48,71036.5,SL,-3.9502,391.0687,1.5
2026-02-09 04:19:00+00:00,2026-02-09 04:36:00+00:00,long,71217.73,71041.78,SL,-3.9107,387.158,1.5
2026-02-09 04:46:00+00:00,2026-02-09 04:54:00+00:00,long,71109.44,70959.51,SL,-3.8716,383.2864,1.5
2026-02-09 04:57:00+00:00,2026-02-09 05:01:00+00:00,long,71061.08,70908.39,SL,-3.8329,379.4536,1.5
2026-02-09 05:13:00+00:00,2026-02-09 05:25:00+00:00,short,70850.0,71027.7,SL,-3.7945,375.659,1.5
2026-02-09 05:53:00+00:00,2026-02-09 06:00:00+00:00,long,71022.29,70845.29,SL,-3.7566,371.9024,1.5
2026-02-09 06:16:00+00:00,2026-02-09 06:20:00+00:00,short,70783.83,70444.59,TP,7.438,379.3405,1.5
2026-02-09 07:01:00+00:00,2026-02-09 07:06:00+00:00,short,70531.22,70678.37,SL,-3.7934,375.5471,1.5
2026-02-09 07:23:00+00:00,2026-02-09 07:38:00+00:00,short,70731.18,70436.24,TP,7.5109,383.058,1.5
2026-02-09 08:02:00+00:00,2026-02-09 08:03:00+00:00,short,70333.64,70488.6,SL,-3.8306,379.2274,1.5
2026-02-09 08:17:00+00:00,2026-02-09 08:27:00+00:00,short,70412.08,70129.99,TP,7.5845,386.812,1.5
2026-02-09 09:14:00+00:00,2026-02-09 09:41:00+00:00,short,69866.85,69576.42,TP,7.7362,394.5482,1.5
2026-02-09 09:53:00+00:00,2026-02-09 10:15:00+00:00,short,69609.0,69322.55,TP,7.891,402.4392,1.5
2026-02-09 11:11:00+00:00,2026-02-09 11:26:00+00:00,short,68731.53,68921.59,SL,-4.0244,398.4148,1.5
2026-02-09 11:34:00+00:00,2026-02-09 11:41:00+00:00,short,68809.53,68970.96,SL,-3.9841,394.4306,1.5
2026-02-09 11:47:00+00:00,2026-02-09 12:03:00+00:00,short,68859.84,69013.32,SL,-3.9443,390.4863,1.5
2026-02-09 12:17:00+00:00,2026-02-09 12:41:00+00:00,short,69084.96,69223.99,SL,-3.9049,386.5815,1.5
2026-02-09 12:49:00+00:00,2026-02-09 13:11:00+00:00,short,69088.66,69237.18,SL,-3.8658,382.7157,1.5
2026-02-09 13:18:00+00:00,2026-02-09 13:24:00+00:00,short,69078.26,69246.92,SL,-3.8272,378.8885,1.5
2026-02-09 13:31:00+00:00,2026-02-09 13:51:00+00:00,short,69168.68,68808.01,TP,7.5778,386.4663,1.5
2026-02-09 14:05:00+00:00,2026-02-09 14:23:00+00:00,short,68590.0,68732.04,SL,-3.8647,382.6016,1.5
2026-02-09 14:35:00+00:00,2026-02-09 14:37:00+00:00,short,68747.34,69341.11,SL,-3.826,378.7756,1.5
2026-02-09 14:51:00+00:00,2026-02-09 14:55:00+00:00,long,69376.98,69213.77,SL,-3.7878,374.9878,1.5
2026-02-09 15:02:00+00:00,2026-02-09 15:05:00+00:00,long,69498.7,69781.48,TP,7.4998,382.4876,1.5
2026-02-09 15:35:00+00:00,2026-02-09 15:38:00+00:00,long,69212.49,69501.88,TP,7.6498,390.1373,1.5
2026-02-09 15:55:00+00:00,2026-02-09 16:06:00+00:00,long,69528.58,69360.66,SL,-3.9014,386.236,1.5
2026-02-09 16:18:00+00:00,2026-02-09 16:30:00+00:00,long,69340.35,69648.64,TP,7.7247,393.9607,1.5
2026-02-09 16:41:00+00:00,2026-02-09 16:45:00+00:00,long,69740.94,70208.89,TP,7.8792,401.8399,1.5
2026-02-09 17:31:00+00:00,2026-02-09 17:35:00+00:00,long,70058.52,70489.28,TP,8.0368,409.8767,1.5
2026-02-09 18:31:00+00:00,2026-02-09 19:16:00+00:00,long,70284.94,70620.15,TP,8.1975,418.0742,1.5
2026-02-09 19:24:00+00:00,2026-02-09 19:39:00+00:00,long,70627.0,70922.29,TP,8.3615,426.4357,1.5
2026-02-09 20:08:00+00:00,2026-02-09 20:15:00+00:00,long,71107.44,70731.86,SL,-4.2644,422.1714,1.5
2026-02-09 20:32:00+00:00,2026-02-09 21:07:00+00:00,long,70681.11,70538.01,SL,-4.2217,417.9497,1.5
2026-02-09 21:31:00+00:00,2026-02-09 21:36:00+00:00,short,70263.94,69913.21,TP,8.359,426.3086,1.5
2026-02-09 22:07:00+00:00,2026-02-09 22:10:00+00:00,short,70318.6,70473.99,SL,-4.2631,422.0456,1.5
2026-02-09 22:43:00+00:00,2026-02-09 22:52:00+00:00,long,70546.61,70388.13,SL,-4.2205,417.8251,1.5
2026-02-09 23:04:00+00:00,2026-02-09 23:25:00+00:00,long,70439.07,70273.76,SL,-4.1783,413.6469,1.5
2026-02-09 23:47:00+00:00,2026-02-10 00:21:00+00:00,short,70251.83,69899.99,TP,8.2729,421.9198,1.5
2026-02-10 00:41:00+00:00,2026-02-10 01:02:00+00:00,short,69822.69,69985.78,SL,-4.2192,417.7006,1.5
2026-02-10 01:34:00+00:00,2026-02-10 02:18:00+00:00,long,70425.41,70248.63,SL,-4.177,413.5236,1.5
2026-02-10 02:24:00+00:00,2026-02-10 02:35:00+00:00,long,70362.3,70176.0,SL,-4.1352,409.3884,1.5
2026-02-10 03:04:00+00:00,2026-02-10 03:18:00+00:00,short,70000.02,69638.01,TP,8.1878,417.5761,1.5
2026-02-10 03:27:00+00:00,2026-02-10 04:06:00+00:00,short,69532.32,69703.5,SL,-4.1758,413.4004,1.5
2026-02-10 04:18:00+00:00,2026-02-10 04:29:00+00:00,short,69662.7,69823.66,SL,-4.134,409.2664,1.5
2026-02-10 04:31:00+00:00,2026-02-10 04:56:00+00:00,short,69739.99,69900.4,SL,-4.0927,405.1737,1.5
2026-02-10 05:02:00+00:00,2026-02-10 05:32:00+00:00,short,69722.56,69420.57,TP,8.1035,413.2772,1.5
2026-02-10 05:42:00+00:00,2026-02-10 06:40:00+00:00,short,69385.99,69105.8,TP,8.2655,421.5427,1.5
2026-02-10 07:16:00+00:00,2026-02-10 08:16:00+00:00,short,69022.8,68744.13,TP,8.4309,429.9736,1.5
2026-02-10 08:36:00+00:00,2026-02-10 08:41:00+00:00,short,68947.0,69123.2,SL,-4.2997,425.6738,1.5
2026-02-10 08:56:00+00:00,2026-02-10 09:03:00+00:00,short,69135.99,69308.89,SL,-4.2567,421.4171,1.5
2026-02-10 09:19:00+00:00,2026-02-10 09:31:00+00:00,long,69365.64,69204.1,SL,-4.2142,417.2029,1.5
2026-02-10 09:45:00+00:00,2026-02-10 09:48:00+00:00,long,69209.38,69024.46,SL,-4.172,413.0309,1.5
2026-02-10 10:15:00+00:00,2026-02-10 10:25:00+00:00,short,69087.55,69243.11,SL,-4.1303,408.9006,1.5
2026-02-10 10:33:00+00:00,2026-02-10 11:42:00+00:00,short,69062.55,68786.11,TP,8.178,417.0786,1.5
2026-02-10 12:14:00+00:00,2026-02-10 12:30:00+00:00,short,68636.48,68786.3,SL,-4.1708,412.9078,1.5
2026-02-10 12:35:00+00:00,2026-02-10 13:32:00+00:00,short,68675.91,68924.75,SL,-4.1291,408.7787,1.5
2026-02-10 13:44:00+00:00,2026-02-10 14:04:00+00:00,long,69029.99,68880.46,SL,-4.0878,404.6909,1.5
2026-02-10 14:09:00+00:00,2026-02-10 14:16:00+00:00,long,69099.61,69472.03,TP,8.0938,412.7848,1.5
2026-02-10 15:15:00+00:00,2026-02-10 15:18:00+00:00,short,68561.34,68913.31,SL,-4.1278,408.6569,1.5
2026-02-10 15:19:00+00:00,2026-02-10 15:26:00+00:00,long,68899.99,69277.67,TP,8.1731,416.83,1.5
2026-02-10 16:12:00+00:00,2026-02-10 16:14:00+00:00,long,69339.99,69679.8,TP,8.3366,425.1666,1.5
2026-02-10 16:38:00+00:00,2026-02-10 16:43:00+00:00,long,69621.98,69439.86,SL,-4.2517,420.915,1.5
2026-02-10 16:57:00+00:00,2026-02-10 17:00:00+00:00,long,69577.85,69432.0,SL,-4.2092,416.7058,1.5
2026-02-10 17:12:00+00:00,2026-02-10 17:21:00+00:00,long,69413.27,69710.32,TP,8.3341,425.0399,1.5
2026-02-10 17:32:00+00:00,2026-02-10 18:05:00+00:00,long,69845.42,69605.75,SL,-4.2504,420.7895,1.5
2026-02-10 18:47:00+00:00,2026-02-10 18:52:00+00:00,short,68663.23,68813.12,SL,-4.2079,416.5817,1.5
2026-02-10 19:23:00+00:00,2026-02-10 19:30:00+00:00,short,68822.0,68963.82,SL,-4.1658,412.4158,1.5
2026-02-10 20:26:00+00:00,2026-02-10 20:44:00+00:00,short,68732.0,68901.61,SL,-4.1242,408.2917,1.5
2026-02-10 20:52:00+00:00,2026-02-10 21:05:00+00:00,short,68801.66,68945.94,SL,-4.0829,404.2088,1.5
2026-02-10 21:12:00+00:00,2026-02-10 21:31:00+00:00,short,68884.01,68426.66,TP,8.0842,412.2929,1.5
2026-02-10 22:08:00+00:00,2026-02-10 22:33:00+00:00,short,68604.53,68755.5,SL,-4.1229,408.17,1.5
2026-02-10 22:43:00+00:00,2026-02-10 23:49:00+00:00,short,68705.41,68848.29,SL,-4.0817,404.0883,1.5
2026-02-11 00:05:00+00:00,2026-02-11 00:27:00+00:00,long,68913.27,69242.42,TP,8.0818,412.1701,1.5
2026-02-11 00:53:00+00:00,2026-02-11 01:24:00+00:00,long,69169.86,68996.91,SL,-4.1217,408.0484,1.5
2026-02-11 01:37:00+00:00,2026-02-11 02:45:00+00:00,long,68983.62,68755.23,SL,-4.0805,403.9679,1.5
2026-02-11 03:15:00+00:00,2026-02-11 03:18:00+00:00,short,68520.0,68180.01,TP,8.0794,412.0472,1.5
2026-02-11 03:51:00+00:00,2026-02-11 04:11:00+00:00,short,68371.99,68094.89,TP,8.2409,420.2882,1.5
2026-02-11 04:23:00+00:00,2026-02-11 04:39:00+00:00,short,67775.69,67483.22,TP,8.4058,428.694,1.5
2026-02-11 05:18:00+00:00,2026-02-11 05:59:00+00:00,short,67682.2,67404.28,TP,8.5739,437.2678,1.5
2026-02-11 06:41:00+00:00,2026-02-11 06:52:00+00:00,short,66955.65,66630.84,TP,8.7454,446.0132,1.5
2026-02-11 07:11:00+00:00,2026-02-11 07:19:00+00:00,short,66672.33,66846.39,SL,-4.4601,441.5531,1.5
2026-02-11 07:41:00+00:00,2026-02-11 07:44:00+00:00,short,67024.56,67168.14,SL,-4.4155,437.1375,1.5
2026-02-11 07:55:00+00:00,2026-02-11 08:30:00+00:00,short,67134.71,66826.14,TP,8.7427,445.8803,1.5
2026-02-11 08:54:00+00:00,2026-02-11 09:03:00+00:00,short,66949.32,67098.75,SL,-4.4588,441.4215,1.5
2026-02-11 09:06:00+00:00,2026-02-11 10:35:00+00:00,short,66886.18,66574.01,TP,8.8284,450.2499,1.5
2026-02-11 10:48:00+00:00,2026-02-11 11:18:00+00:00,short,66630.38,66806.79,SL,-4.5025,445.7474,1.5
2026-02-11 11:51:00+00:00,2026-02-11 12:21:00+00:00,long,67035.95,67328.88,TP,8.9149,454.6624,1.5
2026-02-11 12:54:00+00:00,2026-02-11 13:08:00+00:00,long,67141.36,66962.68,SL,-4.5466,450.1157,1.5
2026-02-11 13:57:00+00:00,2026-02-11 14:02:00+00:00,long,67351.48,67630.21,TP,9.0023,459.118,1.5
2026-02-11 14:56:00+00:00,2026-02-11 15:00:00+00:00,short,66696.35,66368.27,TP,9.1824,468.3004,1.5
2026-02-11 15:04:00+00:00,2026-02-11 15:07:00+00:00,short,66428.98,66128.85,TP,9.366,477.6664,1.5
2026-02-11 15:49:00+00:00,2026-02-11 15:51:00+00:00,short,66185.0,66317.97,SL,-4.7767,472.8897,1.5
2026-02-11 16:00:00+00:00,2026-02-11 16:05:00+00:00,short,66449.39,66592.05,SL,-4.7289,468.1609,1.5
2026-02-11 17:02:00+00:00,2026-02-11 17:05:00+00:00,short,65907.81,66053.14,SL,-4.6816,463.4792,1.5
2026-02-11 18:38:00+00:00,2026-02-11 19:04:00+00:00,long,67089.91,67368.67,TP,9.2696,472.7488,1.5
2026-02-11 19:07:00+00:00,2026-02-11 19:10:00+00:00,long,67575.98,67427.18,SL,-4.7275,468.0213,1.5
2026-02-11 19:37:00+00:00,2026-02-11 20:06:00+00:00,long,67644.48,67449.8,SL,-4.6802,463.3411,1.5
2026-02-11 20:13:00+00:00,2026-02-11 20:24:00+00:00,long,67620.0,67456.55,SL,-4.6334,458.7077,1.5
2026-02-11 20:36:00+00:00,2026-02-11 20:48:00+00:00,long,67365.71,67637.34,TP,9.1742,467.8819,1.5
2026-02-11 21:07:00+00:00,2026-02-11 21:24:00+00:00,long,67582.09,67961.92,TP,9.3576,477.2395,1.5
2026-02-11 22:08:00+00:00,2026-02-11 22:10:00+00:00,long,67868.35,67700.01,SL,-4.7724,472.4671,1.5
2026-02-11 22:18:00+00:00,2026-02-11 22:25:00+00:00,long,67699.11,67524.61,SL,-4.7247,467.7424,1.5
2026-02-11 22:30:00+00:00,2026-02-11 22:59:00+00:00,long,67583.45,67433.14,SL,-4.6774,463.065,1.5
2026-02-11 23:10:00+00:00,2026-02-11 23:20:00+00:00,short,67317.77,67031.02,TP,9.2613,472.3263,1.5
2026-02-11 23:35:00+00:00,2026-02-11 23:38:00+00:00,short,66844.88,66979.63,SL,-4.7233,467.6031,1.5
2026-02-12 00:35:00+00:00,2026-02-12 01:30:00+00:00,long,67592.93,67864.64,TP,9.3521,476.9551,1.5
2026-02-12 01:36:00+00:00,2026-02-12 01:47:00+00:00,long,67928.63,67764.59,SL,-4.7696,472.1856,1.5
2026-02-12 02:07:00+00:00,2026-02-12 02:11:00+00:00,long,67751.86,67601.53,SL,-4.7219,467.4637,1.5
2026-02-12 02:13:00+00:00,2026-02-12 02:33:00+00:00,short,67550.01,67696.26,SL,-4.6746,462.7891,1.5
2026-02-12 03:19:00+00:00,2026-02-12 03:56:00+00:00,short,67390.92,67548.34,SL,-4.6279,458.1612,1.5
2026-02-12 04:05:00+00:00,2026-02-12 04:28:00+00:00,short,67508.01,67215.99,TP,9.1632,467.3244,1.5
2026-02-12 04:52:00+00:00,2026-02-12 05:13:00+00:00,short,67112.18,66780.0,TP,9.3465,476.6709,1.5
2026-02-12 05:49:00+00:00,2026-02-12 06:02:00+00:00,short,67018.16,67155.26,SL,-4.7667,471.9042,1.5
2026-02-12 06:04:00+00:00,2026-02-12 06:12:00+00:00,short,67028.21,67222.98,SL,-4.719,467.1851,1.5
2026-02-12 06:20:00+00:00,2026-02-12 06:25:00+00:00,short,67108.26,67284.63,SL,-4.6719,462.5133,1.5
2026-02-12 06:33:00+00:00,2026-02-12 07:11:00+00:00,short,67215.56,66935.64,TP,9.2503,471.7636,1.5
2026-02-12 07:53:00+00:00,2026-02-12 08:22:00+00:00,long,67198.34,67043.23,SL,-4.7176,467.0459,1.5
2026-02-12 09:03:00+00:00,2026-02-12 09:12:00+00:00,short,67068.38,67204.2,SL,-4.6705,462.3755,1.5
2026-02-12 09:33:00+00:00,2026-02-12 10:31:00+00:00,long,67434.54,67724.76,TP,9.2475,471.623,1.5
2026-02-12 10:49:00+00:00,2026-02-12 11:28:00+00:00,long,67838.54,68199.99,TP,9.4325,481.0554,1.5
2026-02-12 11:55:00+00:00,2026-02-12 12:02:00+00:00,long,68164.27,68024.75,SL,-4.8106,476.2449,1.5
2026-02-12 12:14:00+00:00,2026-02-12 12:23:00+00:00,long,68022.23,67859.95,SL,-4.7624,471.4824,1.5
2026-02-12 12:28:00+00:00,2026-02-12 12:36:00+00:00,long,68000.01,67861.99,SL,-4.7148,466.7676,1.5
2026-02-12 12:39:00+00:00,2026-02-12 12:56:00+00:00,long,67902.79,67740.1,SL,-4.6677,462.0999,1.5
2026-02-12 13:00:00+00:00,2026-02-12 13:05:00+00:00,long,67865.29,67724.61,SL,-4.621,457.4789,1.5
2026-02-12 13:25:00+00:00,2026-02-12 13:30:00+00:00,short,67778.74,67958.82,SL,-4.5748,452.9041,1.5
2026-02-12 13:34:00+00:00,2026-02-12 13:57:00+00:00,long,67962.45,68267.83,TP,9.0581,461.9622,1.5
2026-02-12 14:22:00+00:00,2026-02-12 14:36:00+00:00,long,68037.51,67801.0,SL,-4.6196,457.3426,1.5
2026-02-12 14:59:00+00:00,2026-02-12 15:01:00+00:00,short,67577.02,67739.99,SL,-4.5734,452.7692,1.5
2026-02-12 15:34:00+00:00,2026-02-12 15:38:00+00:00,short,67648.76,67346.81,TP,9.0554,461.8246,1.5
2026-02-12 15:53:00+00:00,2026-02-12 16:05:00+00:00,short,67281.63,66942.0,TP,9.2365,471.0611,1.5
2026-02-12 16:20:00+00:00,2026-02-12 16:28:00+00:00,short,66407.1,66043.67,TP,9.4212,480.4823,1.5
2026-02-12 16:48:00+00:00,2026-02-12 16:53:00+00:00,short,66104.0,65622.74,TP,9.6096,490.0919,1.5
2026-02-12 17:34:00+00:00,2026-02-12 17:53:00+00:00,short,65954.5,65603.7,TP,9.8018,499.8938,1.5
2026-02-12 18:18:00+00:00,2026-02-12 18:46:00+00:00,short,65398.13,65567.35,SL,-4.9989,494.8948,1.5
2026-02-12 18:59:00+00:00,2026-02-12 19:11:00+00:00,short,65590.95,65299.99,TP,9.8979,504.7927,1.5
2026-02-12 20:06:00+00:00,2026-02-12 20:10:00+00:00,long,65951.5,65667.78,SL,-5.0479,499.7448,2.0
2026-02-12 20:47:00+00:00,2026-02-12 21:02:00+00:00,short,65386.0,65554.73,SL,-4.9974,494.7473,1.5
2026-02-12 21:22:00+00:00,2026-02-12 21:33:00+00:00,short,65526.47,65705.48,SL,-4.9475,489.7999,1.5
2026-02-12 21:51:00+00:00,2026-02-12 22:17:00+00:00,long,65872.0,65690.67,SL,-4.898,484.9019,1.5
2026-02-12 22:24:00+00:00,2026-02-12 22:43:00+00:00,long,65839.7,66133.31,TP,9.698,494.5999,1.5
2026-02-12 23:06:00+00:00,2026-02-12 23:10:00+00:00,long,66457.51,66316.01,SL,-4.946,489.6539,1.5
2026-02-12 23:24:00+00:00,2026-02-12 23:36:00+00:00,long,66443.64,66308.35,SL,-4.8965,484.7574,1.5
2026-02-12 23:53:00+00:00,2026-02-13 00:22:00+00:00,long,66256.91,66099.99,SL,-4.8476,479.9098,1.5
2026-02-13 00:47:00+00:00,2026-02-13 01:05:00+00:00,short,65942.16,66082.95,SL,-4.7991,475.1107,1.5
2026-02-13 01:31:00+00:00,2026-02-13 01:45:00+00:00,long,66302.86,66600.61,TP,9.5022,484.6129,1.5
2026-02-13 02:09:00+00:00,2026-02-13 04:32:00+00:00,long,66551.79,66393.81,SL,-4.8461,479.7668,1.5
2026-02-13 04:40:00+00:00,2026-02-13 06:23:00+00:00,short,66396.52,66071.99,TP,9.5953,489.3621,1.5
2026-02-13 07:11:00+00:00,2026-02-13 07:32:00+00:00,long,66499.99,66360.01,SL,-4.8936,484.4685,1.5
2026-02-13 08:14:00+00:00,2026-02-13 08:21:00+00:00,short,66260.28,66399.98,SL,-4.8447,479.6238,1.5
2026-02-13 08:45:00+00:00,2026-02-13 09:32:00+00:00,long,66579.98,66847.94,TP,9.5925,489.2163,1.5
2026-02-13 09:46:00+00:00,2026-02-13 10:05:00+00:00,long,66972.96,66832.01,SL,-4.8922,484.3241,1.5
2026-02-13 10:15:00+00:00,2026-02-13 11:32:00+00:00,long,66946.72,66801.83,SL,-4.8432,479.4809,1.5
2026-02-13 11:38:00+00:00,2026-02-13 13:25:00+00:00,long,66977.43,67280.6,TP,9.5896,489.0705,1.5
2026-02-13 13:53:00+00:00,2026-02-13 14:03:00+00:00,long,67384.0,67230.32,SL,-4.8907,484.1798,1.5
2026-02-13 14:11:00+00:00,2026-02-13 14:35:00+00:00,long,67283.44,67584.89,TP,9.6836,493.8634,1.5
2026-02-13 14:40:00+00:00,2026-02-13 14:44:00+00:00,short,67135.03,67331.47,SL,-4.9386,488.9248,1.5
2026-02-13 14:45:00+00:00,2026-02-13 15:09:00+00:00,long,67768.77,68258.08,TP,9.7785,498.7033,1.5
2026-02-13 15:26:00+00:00,2026-02-13 15:32:00+00:00,long,68729.54,69123.32,TP,9.9741,508.6773,1.5
2026-02-13 16:01:00+00:00,2026-02-13 16:02:00+00:00,long,68740.62,68589.11,SL,-5.0868,503.5905,2.0
2026-02-13 16:03:00+00:00,2026-02-13 16:07:00+00:00,long,68695.52,69012.77,TP,10.0718,513.6624,2.0
2026-02-13 16:28:00+00:00,2026-02-13 16:32:00+00:00,long,69077.17,69358.17,TP,10.2732,523.9356,2.0
2026-02-13 17:14:00+00:00,2026-02-13 18:39:00+00:00,long,68977.68,69257.91,TP,10.4787,534.4143,2.0
2026-02-13 19:10:00+00:00,2026-02-13 19:41:00+00:00,long,69136.96,68968.19,SL,-5.3441,529.0702,2.0
2026-02-13 19:49:00+00:00,2026-02-13 20:13:00+00:00,long,69008.45,68845.1,SL,-5.2907,523.7795,2.0
2026-02-13 20:38:00+00:00,2026-02-13 21:05:00+00:00,short,68790.67,69015.25,SL,-5.2378,518.5417,2.0
2026-02-13 21:47:00+00:00,2026-02-13 22:10:00+00:00,short,68818.87,68964.6,SL,-5.1854,513.3563,2.0
2026-02-13 22:14:00+00:00,2026-02-13 22:29:00+00:00,short,68737.24,68879.6,SL,-5.1336,508.2227,2.0
2026-02-13 22:37:00+00:00,2026-02-13 22:52:00+00:00,short,68830.01,68980.91,SL,-5.0822,503.1405,2.0
2026-02-13 22:57:00+00:00,2026-02-13 22:59:00+00:00,short,68850.11,68995.28,SL,-5.0314,498.1091,2.0
2026-02-13 23:05:00+00:00,2026-02-14 00:44:00+00:00,short,68883.86,69026.69,SL,-4.9811,493.128,1.5
2026-02-14 01:15:00+00:00,2026-02-14 02:01:00+00:00,long,69057.78,68916.01,SL,-4.9313,488.1967,1.5
2026-02-14 02:04:00+00:00,2026-02-14 04:45:00+00:00,long,68979.18,68829.21,SL,-4.882,483.3147,1.5
2026-02-14 05:27:00+00:00,2026-02-14 07:42:00+00:00,short,68879.22,69063.32,SL,-4.8331,478.4816,1.5
2026-02-14 08:02:00+00:00,2026-02-14 08:45:00+00:00,long,69457.52,69759.56,TP,9.5696,488.0512,1.5
2026-02-14 08:53:00+00:00,2026-02-14 09:15:00+00:00,long,69817.97,69675.3,SL,-4.8805,483.1707,1.5
2026-02-14 09:33:00+00:00,2026-02-14 11:12:00+00:00,long,69631.99,69963.55,TP,9.6634,492.8341,1.5
2026-02-14 11:45:00+00:00,2026-02-14 12:36:00+00:00,long,70314.89,70153.87,SL,-4.9283,487.9058,1.5
2026-02-14 12:58:00+00:00,2026-02-14 13:23:00+00:00,short,69641.24,69330.55,TP,9.7581,497.6639,1.5
2026-02-14 13:52:00+00:00,2026-02-14 13:59:00+00:00,short,69308.61,69460.0,SL,-4.9766,492.6873,1.5
2026-02-14 14:08:00+00:00,2026-02-14 14:15:00+00:00,short,69362.97,69517.51,SL,-4.9269,487.7604,1.5
2026-02-14 14:24:00+00:00,2026-02-14 14:31:00+00:00,short,69401.63,69576.42,SL,-4.8776,482.8828,1.5
2026-02-14 14:47:00+00:00,2026-02-14 14:52:00+00:00,short,69601.88,69777.2,SL,-4.8288,478.0539,1.5
2026-02-14 15:19:00+00:00,2026-02-14 16:09:00+00:00,long,69805.97,69661.0,SL,-4.7805,473.2734,1.5
2026-02-14 16:31:00+00:00,2026-02-14 16:33:00+00:00,short,69289.43,69465.02,SL,-4.7327,468.5407,1.5
2026-02-14 17:13:00+00:00,2026-02-14 19:16:00+00:00,long,69798.3,69652.64,SL,-4.6854,463.8553,1.5
2026-02-14 19:21:00+00:00,2026-02-14 21:00:00+00:00,long,69798.3,70118.0,TP,9.2771,473.1324,1.5
2026-02-14 22:09:00+00:00,2026-02-14 22:12:00+00:00,short,69862.73,70006.49,SL,-4.7313,468.401,1.5
2026-02-14 22:28:00+00:00,2026-02-14 23:23:00+00:00,long,69935.66,69765.7,SL,-4.684,463.717,1.5
2026-02-14 23:53:00+00:00,2026-02-15 01:28:00+00:00,short,69788.0,69500.0,TP,9.2743,472.9914,1.5
2026-02-15 01:44:00+00:00,2026-02-15 01:50:00+00:00,short,69407.22,69548.5,SL,-4.7299,468.2615,1.5
2026-02-15 02:08:00+00:00,2026-02-15 03:46:00+00:00,short,69519.71,69782.38,SL,-4.6826,463.5788,1.5
2026-02-15 04:07:00+00:00,2026-02-15 04:22:00+00:00,long,70350.11,70193.4,SL,-4.6358,458.9431,1.5
2026-02-15 04:49:00+00:00,2026-02-15 04:55:00+00:00,long,70310.76,70116.49,SL,-4.5894,454.3536,1.5
2026-02-15 05:05:00+00:00,2026-02-15 06:35:00+00:00,long,70241.99,70523.08,TP,9.0871,463.4407,1.5
2026-02-15 06:57:00+00:00,2026-02-15 07:18:00+00:00,long,70406.37,70772.89,TP,9.2688,472.7095,1.5
2026-02-15 07:34:00+00:00,2026-02-15 08:28:00+00:00,long,70781.7,70626.29,SL,-4.7271,467.9824,1.5
2026-02-15 09:27:00+00:00,2026-02-15 09:40:00+00:00,long,70595.88,70451.32,SL,-4.6798,463.3026,1.5
2026-02-15 10:05:00+00:00,2026-02-15 10:26:00+00:00,short,70300.38,70442.64,SL,-4.633,458.6696,1.5
2026-02-15 10:35:00+00:00,2026-02-15 10:49:00+00:00,short,70360.45,70507.8,SL,-4.5867,454.0829,1.5
2026-02-15 10:57:00+00:00,2026-02-15 12:16:00+00:00,short,70447.21,70140.39,TP,9.0817,463.1645,1.5
2026-02-15 12:36:00+00:00,2026-02-15 12:49:00+00:00,short,70298.0,69988.3,TP,9.2633,472.4278,1.5
2026-02-15 13:28:00+00:00,2026-02-15 13:30:00+00:00,short,69283.3,68962.18,TP,9.4486,481.8764,1.5
2026-02-15 14:14:00+00:00,2026-02-15 14:30:00+00:00,short,68957.98,69100.01,SL,-4.8188,477.0576,1.5
2026-02-15 14:34:00+00:00,2026-02-15 14:40:00+00:00,short,69023.99,69185.15,SL,-4.7706,472.287,1.5
2026-02-15 14:49:00+00:00,2026-02-15 16:07:00+00:00,short,69110.29,68827.29,TP,9.4457,481.7328,1.5
2026-02-15 16:23:00+00:00,2026-02-15 16:29:00+00:00,short,68899.5,69065.49,SL,-4.8173,476.9155,1.5
2026-02-15 16:36:00+00:00,2026-02-15 17:45:00+00:00,short,68956.6,68591.0,TP,9.5383,486.4538,1.5
2026-02-15 18:27:00+00:00,2026-02-15 18:35:00+00:00,short,68680.38,68386.71,TP,9.7291,496.1828,1.5
2026-02-15 18:46:00+00:00,2026-02-15 19:05:00+00:00,short,68495.84,68143.81,TP,9.9237,506.1065,1.5
2026-02-15 19:13:00+00:00,2026-02-15 19:21:00+00:00,short,68138.19,68305.41,SL,-5.0611,501.0454,2.0
2026-02-15 19:36:00+00:00,2026-02-15 19:50:00+00:00,short,68285.72,68423.75,SL,-5.0105,496.035,2.0
2026-02-15 19:54:00+00:00,2026-02-15 20:15:00+00:00,short,68319.6,68464.0,SL,-4.9604,491.0746,1.5
2026-02-15 20:19:00+00:00,2026-02-15 20:29:00+00:00,short,68336.0,68484.94,SL,-4.9107,486.1639,1.5
2026-02-15 20:41:00+00:00,2026-02-15 21:04:00+00:00,short,68480.43,68658.04,SL,-4.8616,481.3022,1.5
2026-02-15 21:31:00+00:00,2026-02-15 21:38:00+00:00,long,68898.84,68752.2,SL,-4.813,476.4892,1.5
2026-02-15 21:53:00+00:00,2026-02-15 23:02:00+00:00,long,68873.99,68671.84,SL,-4.7649,471.7243,1.5
2026-02-15 23:39:00+00:00,2026-02-15 23:45:00+00:00,short,68548.03,68717.34,SL,-4.7172,467.0071,1.5
2026-02-16 00:08:00+00:00,2026-02-16 00:44:00+00:00,long,68912.0,68754.01,SL,-4.6701,462.337,1.5
2026-02-16 00:51:00+00:00,2026-02-16 01:23:00+00:00,long,68911.73,68736.7,SL,-4.6234,457.7136,1.5
2026-02-16 02:10:00+00:00,2026-02-16 03:26:00+00:00,short,68497.49,68182.76,TP,9.1543,466.8679,1.5
2026-02-16 04:51:00+00:00,2026-02-16 05:03:00+00:00,long,68862.51,68711.4,SL,-4.6687,462.1992,1.5
2026-02-16 05:38:00+00:00,2026-02-16 06:31:00+00:00,short,68332.76,68509.54,SL,-4.622,457.5772,1.5
2026-02-16 06:44:00+00:00,2026-02-16 07:13:00+00:00,short,68474.59,68620.68,SL,-4.5758,453.0015,1.5
2026-02-16 07:25:00+00:00,2026-02-16 07:30:00+00:00,long,68672.58,68517.12,SL,-4.53,448.4715,1.5
2026-02-16 07:36:00+00:00,2026-02-16 07:39:00+00:00,long,68645.99,68490.01,SL,-4.4847,443.9867,1.5
2026-02-16 07:49:00+00:00,2026-02-16 09:04:00+00:00,long,68581.62,68957.04,TP,8.8797,452.8665,1.5
2026-02-16 09:26:00+00:00,2026-02-16 10:22:00+00:00,long,68916.12,68773.44,SL,-4.5287,448.3378,1.5
2026-02-16 10:31:00+00:00,2026-02-16 11:10:00+00:00,long,68818.16,68554.07,SL,-4.4834,443.8544,1.5
2026-02-16 11:42:00+00:00,2026-02-16 11:52:00+00:00,short,68561.09,68740.73,SL,-4.4385,439.4159,1.5
2026-02-16 12:26:00+00:00,2026-02-16 12:51:00+00:00,long,69394.23,69759.14,TP,8.7883,448.2042,1.5
2026-02-16 13:01:00+00:00,2026-02-16 13:10:00+00:00,long,69863.34,69700.0,SL,-4.482,443.7222,1.5
2026-02-16 14:27:00+00:00,2026-02-16 14:32:00+00:00,short,68374.01,68527.71,SL,-4.4372,439.2849,1.5
2026-02-16 14:44:00+00:00,2026-02-16 15:30:00+00:00,short,68504.81,68124.69,TP,8.7857,448.0706,1.5
2026-02-16 16:18:00+00:00,2026-02-16 16:28:00+00:00,short,67641.1,67798.38,SL,-4.4807,443.5899,1.5
2026-02-16 16:34:00+00:00,2026-02-16 16:42:00+00:00,short,67669.99,67815.35,SL,-4.4359,439.154,1.5
2026-02-16 16:54:00+00:00,2026-02-16 17:31:00+00:00,short,67859.81,68017.63,SL,-4.3915,434.7625,1.5
2026-02-16 17:43:00+00:00,2026-02-16 18:21:00+00:00,short,68012.11,68208.71,SL,-4.3476,430.4149,1.5
2026-02-16 18:56:00+00:00,2026-02-16 19:38:00+00:00,short,67922.7,68082.63,SL,-4.3041,426.1107,1.5
2026-02-16 20:10:00+00:00,2026-02-16 20:16:00+00:00,short,67885.7,68032.35,SL,-4.2611,421.8496,1.5
2026-02-16 20:44:00+00:00,2026-02-16 20:59:00+00:00,long,68237.99,68530.0,TP,8.437,430.2866,1.5
2026-02-16 21:16:00+00:00,2026-02-16 21:36:00+00:00,long,68614.0,68472.59,SL,-4.3029,425.9837,1.5
2026-02-16 21:44:00+00:00,2026-02-16 21:58:00+00:00,long,68546.2,68900.38,TP,8.5197,434.5034,1.5
2026-02-16 22:35:00+00:00,2026-02-16 22:45:00+00:00,long,68724.16,68568.25,SL,-4.345,430.1584,1.5
2026-02-16 22:49:00+00:00,2026-02-16 23:51:00+00:00,long,68651.52,68951.2,TP,8.6032,438.7615,1.5
2026-02-17 00:15:00+00:00,2026-02-17 00:18:00+00:00,long,68861.07,68705.81,SL,-4.3876,434.3739,1.5
2026-02-17 00:27:00+00:00,2026-02-17 01:52:00+00:00,long,68881.68,68719.92,SL,-4.3437,430.0302,1.5
2026-02-17 02:51:00+00:00,2026-02-17 02:59:00+00:00,long,69026.0,68838.48,SL,-4.3003,425.7299,1.5
2026-02-17 03:31:00+00:00,2026-02-17 04:32:00+00:00,short,68578.58,68288.01,TP,8.5146,434.2445,1.5
2026-02-17 04:55:00+00:00,2026-02-17 05:23:00+00:00,short,68390.0,67964.78,TP,8.6849,442.9294,1.5
2026-02-17 06:16:00+00:00,2026-02-17 09:10:00+00:00,short,68393.38,68088.01,TP,8.8586,451.788,1.5
2026-02-17 10:02:00+00:00,2026-02-17 10:19:00+00:00,short,68127.73,67846.18,TP,9.0358,460.8237,1.5
2026-02-17 10:35:00+00:00,2026-02-17 12:05:00+00:00,short,67803.67,67939.7,SL,-4.6082,456.2155,1.5
2026-02-17 12:35:00+00:00,2026-02-17 12:46:00+00:00,long,68254.45,68107.81,SL,-4.5622,451.6533,1.5
2026-02-17 13:49:00+00:00,2026-02-17 14:06:00+00:00,long,68028.83,68323.55,TP,9.0331,460.6864,1.5
2026-02-17 14:31:00+00:00,2026-02-17 14:32:00+00:00,long,68189.72,67936.58,SL,-4.6069,456.0795,1.5
2026-02-17 15:25:00+00:00,2026-02-17 15:42:00+00:00,short,66789.15,66924.47,SL,-4.5608,451.5187,1.5
2026-02-17 16:35:00+00:00,2026-02-17 16:43:00+00:00,long,67920.0,67704.2,SL,-4.5152,447.0036,1.5
2026-02-17 16:56:00+00:00,2026-02-17 16:57:00+00:00,long,67762.72,67590.6,SL,-4.47,442.5335,1.5
2026-02-17 17:06:00+00:00,2026-02-17 17:10:00+00:00,long,67612.44,67264.65,SL,-4.4253,438.1082,1.5
2026-02-17 17:34:00+00:00,2026-02-17 18:13:00+00:00,short,67161.69,67373.79,SL,-4.3811,433.7271,1.5
2026-02-17 18:40:00+00:00,2026-02-17 18:48:00+00:00,long,68018.0,67875.99,SL,-4.3373,429.3898,1.5
2026-02-17 18:56:00+00:00,2026-02-17 19:01:00+00:00,long,68142.0,67997.14,SL,-4.2939,425.0959,1.5
2026-02-17 19:15:00+00:00,2026-02-17 19:16:00+00:00,long,68164.61,68005.02,SL,-4.251,420.845,1.5
2026-02-17 19:41:00+00:00,2026-02-17 20:03:00+00:00,long,67876.0,67689.09,SL,-4.2085,416.6365,1.5
2026-02-17 20:38:00+00:00,2026-02-17 20:40:00+00:00,short,67599.6,67839.9,SL,-4.1664,412.4702,1.5
2026-02-17 21:13:00+00:00,2026-02-17 21:21:00+00:00,long,67858.63,67650.5,SL,-4.1247,408.3455,1.5
2026-02-17 22:06:00+00:00,2026-02-17 22:29:00+00:00,short,67540.5,67699.99,SL,-4.0835,404.262,1.5
2026-02-17 23:08:00+00:00,2026-02-17 23:17:00+00:00,short,67418.87,67562.48,SL,-4.0426,400.2194,1.5
2026-02-17 23:28:00+00:00,2026-02-18 00:05:00+00:00,short,67449.15,67599.7,SL,-4.0022,396.2172,1.5
2026-02-18 00:16:00+00:00,2026-02-18 01:02:00+00:00,short,67566.65,67293.01,TP,7.9243,404.1415,1.5
2026-02-18 01:04:00+00:00,2026-02-18 02:08:00+00:00,short,67150.34,67292.24,SL,-4.0414,400.1001,1.5
2026-02-18 02:15:00+00:00,2026-02-18 03:04:00+00:00,short,67313.95,67465.47,SL,-4.001,396.0991,1.5
2026-02-18 03:16:00+00:00,2026-02-18 04:50:00+00:00,long,67469.99,67755.53,TP,7.922,404.0211,1.5
2026-02-18 05:13:00+00:00,2026-02-18 05:29:00+00:00,long,67888.0,67723.62,SL,-4.0402,399.9809,1.5
2026-02-18 05:48:00+00:00,2026-02-18 07:43:00+00:00,long,67730.0,68085.34,TP,7.9996,407.9805,1.5
2026-02-18 08:12:00+00:00,2026-02-18 08:53:00+00:00,long,68234.86,68097.97,SL,-4.0798,403.9007,1.5
2026-02-18 08:59:00+00:00,2026-02-18 10:25:00+00:00,long,68132.82,67989.26,SL,-4.039,399.8617,1.5
2026-02-18 10:51:00+00:00,2026-02-18 11:08:00+00:00,short,67778.95,67300.57,TP,7.9972,407.8589,1.5
2026-02-18 11:51:00+00:00,2026-02-18 12:06:00+00:00,short,67496.5,67650.21,SL,-4.0786,403.7803,1.5
2026-02-18 12:19:00+00:00,2026-02-18 13:40:00+00:00,short,67586.73,67310.66,TP,8.0756,411.8559,1.5
2026-02-18 14:16:00+00:00,2026-02-18 14:48:00+00:00,short,67238.0,66828.5,TP,8.2371,420.0931,1.5
2026-02-18 15:11:00+00:00,2026-02-18 15:18:00+00:00,short,67318.0,67479.6,SL,-4.2009,415.8921,1.5
2026-02-18 15:35:00+00:00,2026-02-18 15:37:00+00:00,long,67588.84,67917.04,TP,8.3178,424.21,1.5
2026-02-18 16:36:00+00:00,2026-02-18 16:41:00+00:00,short,67110.78,67265.43,SL,-4.2421,419.9679,1.5
2026-02-18 16:51:00+00:00,2026-02-18 17:05:00+00:00,short,67123.3,67315.84,SL,-4.1997,415.7682,1.5
2026-02-18 17:12:00+00:00,2026-02-18 18:01:00+00:00,short,67071.11,67218.82,SL,-4.1577,411.6105,1.5
2026-02-18 18:05:00+00:00,2026-02-18 18:20:00+00:00,short,67144.36,66844.56,TP,8.2322,419.8427,1.5
2026-02-18 18:42:00+00:00,2026-02-18 19:25:00+00:00,short,66504.13,66235.99,TP,8.3969,428.2396,1.5
2026-02-18 19:57:00+00:00,2026-02-18 20:01:00+00:00,short,66069.18,66262.01,SL,-4.2824,423.9572,1.5
2026-02-18 20:16:00+00:00,2026-02-18 20:25:00+00:00,short,66179.39,66352.86,SL,-4.2396,419.7176,1.5
2026-02-18 20:41:00+00:00,2026-02-18 21:03:00+00:00,short,66408.46,66132.09,TP,8.3944,428.112,1.5
2026-02-18 21:37:00+00:00,2026-02-19 00:07:00+00:00,short,66388.01,66559.47,SL,-4.2811,423.8308,1.5
2026-02-19 00:13:00+00:00,2026-02-19 00:41:00+00:00,short,66407.49,66541.54,SL,-4.2383,419.5925,1.5
2026-02-19 00:49:00+00:00,2026-02-19 01:01:00+00:00,short,66419.14,66575.94,SL,-4.1959,415.3966,1.5
2026-02-19 01:25:00+00:00,2026-02-19 04:00:00+00:00,long,66722.52,66992.01,TP,8.3079,423.7045,1.5
2026-02-19 04:32:00+00:00,2026-02-19 04:48:00+00:00,long,66915.68,66767.51,SL,-4.237,419.4675,1.5
2026-02-19 04:55:00+00:00,2026-02-19 05:08:00+00:00,long,66825.83,66689.45,SL,-4.1947,415.2728,1.5
2026-02-19 05:23:00+00:00,2026-02-19 05:54:00+00:00,short,66721.46,66859.12,SL,-4.1527,411.1201,1.5
2026-02-19 06:18:00+00:00,2026-02-19 07:37:00+00:00,long,67029.11,67301.0,TP,8.2224,419.3425,1.5
2026-02-19 07:54:00+00:00,2026-02-19 08:05:00+00:00,long,67217.5,67074.41,SL,-4.1934,415.1491,1.5
2026-02-19 08:18:00+00:00,2026-02-19 08:23:00+00:00,long,67100.0,66958.31,SL,-4.1515,410.9976,1.5
2026-02-19 09:06:00+00:00,2026-02-19 09:22:00+00:00,short,66903.08,67091.34,SL,-4.11,406.8876,1.5
2026-02-19 10:04:00+00:00,2026-02-19 10:11:00+00:00,short,66760.35,66902.67,SL,-4.0689,402.8187,1.5
2026-02-19 10:29:00+00:00,2026-02-19 11:50:00+00:00,short,66871.21,66530.47,TP,8.0564,410.8751,1.5
2026-02-19 12:04:00+00:00,2026-02-19 12:18:00+00:00,short,66435.95,66583.98,SL,-4.1088,406.7663,1.5
2026-02-19 12:36:00+00:00,2026-02-19 13:05:00+00:00,short,66631.31,66324.32,TP,8.1353,414.9017,1.5
2026-02-19 13:18:00+00:00,2026-02-19 13:41:00+00:00,short,66285.06,66018.2,TP,8.298,423.1997,1.5
2026-02-19 14:21:00+00:00,2026-02-19 14:39:00+00:00,short,65938.96,66105.0,SL,-4.232,418.9677,1.5
2026-02-19 15:03:00+00:00,2026-02-19 15:05:00+00:00,long,66683.93,66543.21,SL,-4.1897,414.778,1.5
2026-02-19 16:26:00+00:00,2026-02-19 16:32:00+00:00,short,66163.1,66429.1,SL,-4.1478,410.6303,1.5
2026-02-19 17:04:00+00:00,2026-02-19 17:16:00+00:00,long,66396.35,66667.99,TP,8.2126,418.8429,1.5
2026-02-19 17:43:00+00:00,2026-02-19 17:49:00+00:00,long,66658.72,66445.59,SL,-4.1884,414.6544,1.5
2026-02-19 18:04:00+00:00,2026-02-19 18:07:00+00:00,short,66269.93,66449.35,SL,-4.1465,410.5079,1.5
2026-02-19 18:43:00+00:00,2026-02-19 19:31:00+00:00,long,67011.99,66875.3,SL,-4.1051,406.4028,1.5
2026-02-19 19:44:00+00:00,2026-02-19 20:46:00+00:00,long,66876.78,67155.07,TP,8.1281,414.5309,1.5
2026-02-19 20:59:00+00:00,2026-02-19 21:17:00+00:00,long,67149.11,67000.01,SL,-4.1453,410.3856,1.5
2026-02-19 21:29:00+00:00,2026-02-19 21:55:00+00:00,long,67040.99,66903.36,SL,-4.1039,406.2817,1.5
2026-02-19 22:26:00+00:00,2026-02-19 22:54:00+00:00,short,66788.38,66922.63,SL,-4.0628,402.2189,1.5
2026-02-19 23:04:00+00:00,2026-02-19 23:46:00+00:00,short,66880.71,67022.9,SL,-4.0222,398.1967,1.5
2026-02-19 23:58:00+00:00,2026-02-20 00:26:00+00:00,long,66997.74,67394.1,TP,7.9639,406.1606,1.5
2026-02-20 01:04:00+00:00,2026-02-20 05:32:00+00:00,long,67262.34,67703.9,TP,8.1232,414.2838,1.5
2026-02-20 06:12:00+00:00,2026-02-20 06:24:00+00:00,long,67859.06,67708.7,SL,-4.1428,410.141,1.5
2026-02-20 06:33:00+00:00,2026-02-20 09:02:00+00:00,long,67832.72,68129.7,TP,8.2028,418.3438,1.5
2026-02-20 09:54:00+00:00,2026-02-20 10:47:00+00:00,long,68186.31,68035.54,SL,-4.1834,414.1604,1.5
2026-02-20 11:11:00+00:00,2026-02-20 11:44:00+00:00,short,67810.12,67443.55,TP,8.2832,422.4436,1.5
2026-02-20 11:56:00+00:00,2026-02-20 13:03:00+00:00,short,67450.7,67160.35,TP,8.4489,430.8925,1.5
2026-02-20 13:23:00+00:00,2026-02-20 13:29:00+00:00,short,67051.73,67202.01,SL,-4.3089,426.5835,1.5
2026-02-20 13:32:00+00:00,2026-02-20 13:39:00+00:00,short,66911.02,66511.58,TP,8.5317,435.1152,1.5
2026-02-20 14:15:00+00:00,2026-02-20 14:25:00+00:00,short,66880.0,67059.82,SL,-4.3512,430.7641,1.5
2026-02-20 14:40:00+00:00,2026-02-20 14:42:00+00:00,short,67068.75,67210.07,SL,-4.3076,426.4564,1.5
2026-02-20 14:43:00+00:00,2026-02-20 15:00:00+00:00,short,67047.23,67219.28,SL,-4.2646,422.1919,1.5
2026-02-20 15:07:00+00:00,2026-02-20 15:08:00+00:00,short,67200.01,67451.61,SL,-4.2219,417.9699,1.5
2026-02-20 15:10:00+00:00,2026-02-20 15:11:00+00:00,long,67409.12,67132.67,SL,-4.1797,413.7902,1.5
2026-02-20 15:21:00+00:00,2026-02-20 15:32:00+00:00,long,67317.02,67161.88,SL,-4.1379,409.6523,1.5
2026-02-20 15:44:00+00:00,2026-02-20 15:55:00+00:00,long,67229.99,67601.3,TP,8.193,417.8454,1.5
2026-02-20 16:24:00+00:00,2026-02-20 16:27:00+00:00,long,67833.57,67551.31,SL,-4.1785,413.6669,1.5
2026-02-20 16:39:00+00:00,2026-02-20 16:58:00+00:00,long,67518.22,67811.99,TP,8.2733,421.9403,1.5
2026-02-20 18:05:00+00:00,2026-02-20 18:09:00+00:00,long,67730.01,67590.85,SL,-4.2194,417.7209,1.5
2026-02-20 18:29:00+00:00,2026-02-20 18:57:00+00:00,long,67664.75,67964.03,TP,8.3544,426.0753,1.5
2026-02-20 19:32:00+00:00,2026-02-20 19:43:00+00:00,long,67750.48,67556.71,SL,-4.2608,421.8145,1.5
2026-02-20 19:52:00+00:00,2026-02-20 22:24:00+00:00,long,67701.93,67976.01,TP,8.4363,430.2508,1.5
2026-02-20 22:51:00+00:00,2026-02-20 23:39:00+00:00,long,68071.99,67914.01,SL,-4.3025,425.9483,1.5
2026-02-20 23:45:00+00:00,2026-02-21 00:37:00+00:00,long,68009.01,67872.49,SL,-4.2595,421.6888,1.5
2026-02-21 01:18:00+00:00,2026-02-21 02:21:00+00:00,short,67882.62,68023.99,SL,-4.2169,417.4719,1.5
2026-02-21 02:56:00+00:00,2026-02-21 03:01:00+00:00,long,68028.54,67783.25,SL,-4.1747,413.2972,1.5
2026-02-21 03:39:00+00:00,2026-02-21 06:13:00+00:00,short,67768.32,67924.38,SL,-4.133,409.1642,1.5
2026-02-21 06:49:00+00:00,2026-02-21 08:09:00+00:00,short,67750.98,67893.8,SL,-4.0916,405.0726,1.5
2026-02-21 08:44:00+00:00,2026-02-21 09:24:00+00:00,long,68000.02,68272.31,TP,8.1015,413.1741,1.5
2026-02-21 10:02:00+00:00,2026-02-21 12:06:00+00:00,long,68213.41,68023.16,SL,-4.1317,409.0423,1.5
2026-02-21 12:31:00+00:00,2026-02-21 12:46:00+00:00,short,67934.8,68072.38,SL,-4.0904,404.9519,1.5
2026-02-21 13:22:00+00:00,2026-02-21 14:21:00+00:00,long,68198.4,68568.44,TP,8.099,413.0509,1.5
2026-02-21 14:31:00+00:00,2026-02-21 16:06:00+00:00,long,68520.09,68369.83,SL,-4.1305,408.9204,1.5
2026-02-21 16:56:00+00:00,2026-02-21 18:19:00+00:00,short,68327.8,68497.89,SL,-4.0892,404.8312,1.5
2026-02-21 18:33:00+00:00,2026-02-21 20:40:00+00:00,long,68526.37,68349.1,SL,-4.0483,400.7829,1.5
2026-02-21 20:59:00+00:00,2026-02-21 21:20:00+00:00,short,68211.19,68352.51,SL,-4.0078,396.7751,1.5
2026-02-21 21:35:00+00:00,2026-02-21 22:43:00+00:00,short,68346.06,68034.77,TP,7.9355,404.7106,1.5
2026-02-21 22:56:00+00:00,2026-02-22 02:09:00+00:00,short,68064.95,68201.89,SL,-4.0471,400.6635,1.5
2026-02-22 02:34:00+00:00,2026-02-22 02:49:00+00:00,long,68112.95,67967.89,SL,-4.0066,396.6568,1.5
2026-02-22 02:57:00+00:00,2026-02-22 03:11:00+00:00,short,67872.77,68022.97,SL,-3.9666,392.6903,1.5
2026-02-22 03:18:00+00:00,2026-02-22 04:06:00+00:00,short,67939.39,68076.46,SL,-3.9269,388.7634,1.5
2026-02-22 04:33:00+00:00,2026-02-22 05:11:00+00:00,long,68039.98,67881.9,SL,-3.8876,384.8757,1.5
2026-02-22 05:47:00+00:00,2026-02-22 06:07:00+00:00,short,67904.16,68043.91,SL,-3.8488,381.027,1.5
2026-02-22 06:27:00+00:00,2026-02-22 07:00:00+00:00,long,68143.95,67990.5,SL,-3.8103,377.2167,1.5
2026-02-22 07:10:00+00:00,2026-02-22 12:44:00+00:00,long,68034.25,67892.4,SL,-3.7722,373.4445,1.5
2026-02-22 13:12:00+00:00,2026-02-22 13:38:00+00:00,short,67955.91,67674.98,TP,7.4689,380.9134,1.5
2026-02-22 14:05:00+00:00,2026-02-22 14:13:00+00:00,short,67489.0,67651.18,SL,-3.8091,377.1043,1.5
2026-02-22 14:36:00+00:00,2026-02-22 15:07:00+00:00,short,67608.06,67322.83,TP,7.5421,384.6464,1.5
2026-02-22 16:24:00+00:00,2026-02-22 17:35:00+00:00,short,67541.54,67264.05,TP,7.6929,392.3393,1.5
2026-02-22 18:21:00+00:00,2026-02-22 21:35:00+00:00,short,67391.27,67541.1,SL,-3.9234,388.4159,1.5
2026-02-22 22:20:00+00:00,2026-02-23 00:31:00+00:00,long,67548.88,67385.12,SL,-3.8842,384.5318,1.5
2026-02-23 00:58:00+00:00,2026-02-23 01:01:00+00:00,short,66818.42,66289.29,TP,7.6906,392.2224,1.5
2026-02-23 01:46:00+00:00,2026-02-23 01:47:00+00:00,short,64720.01,64887.84,SL,-3.9222,388.3002,1.5
2026-02-23 01:59:00+00:00,2026-02-23 02:03:00+00:00,short,64427.65,64560.76,SL,-3.883,384.4172,1.5
2026-02-23 02:24:00+00:00,2026-02-23 02:28:00+00:00,short,64533.73,64705.8,SL,-3.8442,380.573,1.5
2026-02-23 02:40:00+00:00,2026-02-23 03:05:00+00:00,short,64783.88,64939.02,SL,-3.8057,376.7673,1.5
2026-02-23 03:15:00+00:00,2026-02-23 05:10:00+00:00,short,64899.6,65147.44,SL,-3.7677,372.9996,1.5
2026-02-23 05:35:00+00:00,2026-02-23 05:55:00+00:00,long,65124.0,64990.83,SL,-3.73,369.2696,1.5
2026-02-23 06:36:00+00:00,2026-02-23 06:54:00+00:00,long,65511.45,65797.12,TP,7.3854,376.655,1.5
2026-02-23 07:06:00+00:00,2026-02-23 07:08:00+00:00,long,65882.38,65747.89,SL,-3.7666,372.8884,1.5
2026-02-23 07:35:00+00:00,2026-02-23 08:24:00+00:00,long,65788.48,65649.89,SL,-3.7289,369.1595,1.5
2026-02-23 08:30:00+00:00,2026-02-23 08:38:00+00:00,long,65714.12,65580.4,SL,-3.6916,365.468,1.5
2026-02-23 08:44:00+00:00,2026-02-23 09:30:00+00:00,long,65618.09,65909.93,TP,7.3094,372.7773,1.5
2026-02-23 10:20:00+00:00,2026-02-23 10:32:00+00:00,long,66484.53,66285.65,SL,-3.7278,369.0495,1.5
2026-02-23 10:42:00+00:00,2026-02-23 11:37:00+00:00,long,66357.13,66178.14,SL,-3.6905,365.359,1.5
2026-02-23 12:20:00+00:00,2026-02-23 12:37:00+00:00,short,66130.21,66278.55,SL,-3.6536,361.7055,1.5
2026-02-23 13:08:00+00:00,2026-02-23 13:13:00+00:00,long,66387.11,66228.02,SL,-3.6171,358.0884,1.5
2026-02-23 13:28:00+00:00,2026-02-23 14:22:00+00:00,long,66224.02,66091.21,SL,-3.5809,354.5075,1.5
2026-02-23 14:34:00+00:00,2026-02-23 14:41:00+00:00,short,65938.15,65595.31,TP,7.0902,361.5977,1.5
2026-02-23 14:49:00+00:00,2026-02-23 14:50:00+00:00,short,65649.99,65973.77,SL,-3.616,357.9817,1.5
2026-02-23 15:03:00+00:00,2026-02-23 15:06:00+00:00,short,65757.07,65900.6,SL,-3.5798,354.4019,1.5
2026-02-23 15:22:00+00:00,2026-02-23 15:52:00+00:00,short,65898.78,65600.73,TP,7.088,361.4899,1.5
2026-02-23 16:45:00+00:00,2026-02-23 17:14:00+00:00,short,65550.84,65081.03,TP,7.2298,368.7197,1.5
2026-02-23 17:36:00+00:00,2026-02-23 17:41:00+00:00,short,64448.77,64626.82,SL,-3.6872,365.0325,1.5
2026-02-23 18:16:00+00:00,2026-02-23 18:23:00+00:00,short,64704.56,64848.7,SL,-3.6503,361.3822,1.5
2026-02-23 18:30:00+00:00,2026-02-23 18:34:00+00:00,short,64770.23,64979.98,SL,-3.6138,357.7684,1.5
2026-02-23 18:43:00+00:00,2026-02-23 18:56:00+00:00,short,64939.99,64653.43,TP,7.1554,364.9237,1.5
2026-02-23 19:16:00+00:00,2026-02-23 19:34:00+00:00,short,64600.76,64331.3,TP,7.2985,372.2222,1.5
2026-02-23 20:09:00+00:00,2026-02-23 20:36:00+00:00,short,64187.78,64322.69,SL,-3.7222,368.5,1.5
2026-02-23 21:41:00+00:00,2026-02-23 22:12:00+00:00,long,64685.03,64979.92,TP,7.37,375.87,1.5
2026-02-23 22:52:00+00:00,2026-02-23 22:54:00+00:00,long,64835.59,64697.61,SL,-3.7587,372.1113,1.5
2026-02-23 23:04:00+00:00,2026-02-23 23:44:00+00:00,long,64766.63,64621.91,SL,-3.7211,368.3902,1.5
2026-02-24 00:37:00+00:00,2026-02-24 01:01:00+00:00,long,64958.29,64811.25,SL,-3.6839,364.7063,1.5
2026-02-24 01:39:00+00:00,2026-02-24 01:41:00+00:00,short,64146.78,64316.5,SL,-3.6471,361.0592,1.5
2026-02-24 02:04:00+00:00,2026-02-24 02:10:00+00:00,short,64024.89,64237.6,SL,-3.6106,357.4486,1.5
2026-02-24 02:18:00+00:00,2026-02-24 02:25:00+00:00,short,64093.26,64264.45,SL,-3.5745,353.8741,1.5
2026-02-24 02:37:00+00:00,2026-02-24 03:01:00+00:00,short,64216.81,63948.9,TP,7.0775,360.9516,1.5
2026-02-24 03:47:00+00:00,2026-02-24 04:09:00+00:00,short,63573.16,63311.33,TP,7.219,368.1706,1.5
2026-02-24 04:52:00+00:00,2026-02-24 05:05:00+00:00,short,63282.17,63495.42,SL,-3.6817,364.4889,1.5
2026-02-24 05:15:00+00:00,2026-02-24 05:22:00+00:00,short,63424.15,63008.93,TP,7.2898,371.7787,1.5
2026-02-24 06:04:00+00:00,2026-02-24 06:08:00+00:00,short,62910.2,63073.54,SL,-3.7178,368.0609,1.5
2026-02-24 06:26:00+00:00,2026-02-24 06:33:00+00:00,short,63173.05,63309.76,SL,-3.6806,364.3803,1.5
2026-02-24 06:36:00+00:00,2026-02-24 07:09:00+00:00,short,63186.72,63318.59,SL,-3.6438,360.7365,1.5
2026-02-24 07:19:00+00:00,2026-02-24 08:32:00+00:00,short,63210.21,63403.8,SL,-3.6074,357.1292,1.5
2026-02-24 08:45:00+00:00,2026-02-24 09:06:00+00:00,long,63421.32,63286.53,SL,-3.5713,353.5579,1.5
2026-02-24 09:35:00+00:00,2026-02-24 09:38:00+00:00,short,62944.55,63099.99,SL,-3.5356,350.0223,1.5
2026-02-24 10:02:00+00:00,2026-02-24 10:50:00+00:00,short,63189.95,63346.93,SL,-3.5002,346.5221,1.5
2026-02-24 11:31:00+00:00,2026-02-24 12:12:00+00:00,short,63155.7,63283.38,SL,-3.4652,343.0568,1.5
2026-02-24 12:24:00+00:00,2026-02-24 12:39:00+00:00,long,63282.8,63093.67,SL,-3.4306,339.6263,1.5
2026-02-24 12:57:00+00:00,2026-02-24 13:32:00+00:00,short,62996.72,62560.52,TP,6.7925,346.4188,1.5
2026-02-24 13:59:00+00:00,2026-02-24 14:30:00+00:00,short,62900.0,63042.07,SL,-3.4642,342.9546,1.5
2026-02-24 14:32:00+00:00,2026-02-24 14:38:00+00:00,short,62906.23,63238.31,SL,-3.4295,339.5251,1.5
2026-02-24 15:15:00+00:00,2026-02-24 15:23:00+00:00,long,63601.65,63868.81,TP,6.7905,346.3156,1.5
2026-02-24 15:53:00+00:00,2026-02-24 16:02:00+00:00,long,63872.53,64362.59,TP,6.9263,353.2419,1.5
2026-02-24 16:38:00+00:00,2026-02-24 16:58:00+00:00,long,63954.0,64219.99,TP,7.0648,360.3067,1.5
2026-02-24 17:39:00+00:00,2026-02-24 17:44:00+00:00,long,64232.99,64099.75,SL,-3.6031,356.7036,1.5
2026-02-24 17:48:00+00:00,2026-02-24 18:13:00+00:00,long,64192.58,64049.17,SL,-3.567,353.1366,1.5
2026-02-24 18:19:00+00:00,2026-02-24 18:50:00+00:00,long,64231.99,64496.52,TP,7.0627,360.1993,1.5
2026-02-24 19:01:00+00:00,2026-02-24 19:12:00+00:00,long,64587.95,64417.92,SL,-3.602,356.5973,1.5
2026-02-24 19:25:00+00:00,2026-02-24 21:02:00+00:00,long,64357.37,64208.42,SL,-3.566,353.0314,1.5
2026-02-24 21:16:00+00:00,2026-02-24 23:07:00+00:00,short,64133.39,63859.2,TP,7.0606,360.092,1.5
2026-02-24 23:36:00+00:00,2026-02-24 23:49:00+00:00,long,64219.98,64087.53,SL,-3.6009,356.4911,1.5
2026-02-25 00:09:00+00:00,2026-02-25 00:37:00+00:00,short,64000.01,64143.29,SL,-3.5649,352.9262,1.5
2026-02-25 01:06:00+00:00,2026-02-25 01:10:00+00:00,long,64357.2,64866.99,TP,7.0585,359.9847,1.5
2026-02-25 02:06:00+00:00,2026-02-25 02:09:00+00:00,long,66225.45,66088.65,SL,-3.5998,356.3848,1.5
2026-02-25 02:48:00+00:00,2026-02-25 03:02:00+00:00,long,65972.51,65834.37,SL,-3.5638,352.821,1.5
2026-02-25 03:05:00+00:00,2026-02-25 03:16:00+00:00,long,65944.98,65634.01,SL,-3.5282,349.2928,1.5
2026-02-25 03:28:00+00:00,2026-02-25 03:36:00+00:00,long,65606.41,65418.57,SL,-3.4929,345.7999,1.5
2026-02-25 03:38:00+00:00,2026-02-25 03:59:00+00:00,long,65524.01,65391.73,SL,-3.458,342.3419,1.5
2026-02-25 04:01:00+00:00,2026-02-25 04:11:00+00:00,short,65315.17,65508.98,SL,-3.4234,338.9184,1.5
2026-02-25 05:05:00+00:00,2026-02-25 05:13:00+00:00,long,65501.65,65365.21,SL,-3.3892,335.5293,1.5
2026-02-25 06:18:00+00:00,2026-02-25 06:21:00+00:00,short,64926.92,65112.61,SL,-3.3553,332.174,1.5
2026-02-25 06:30:00+00:00,2026-02-25 07:16:00+00:00,short,64994.15,65167.62,SL,-3.3217,328.8522,1.5
2026-02-25 07:25:00+00:00,2026-02-25 08:22:00+00:00,short,65057.85,65223.22,SL,-3.2885,325.5637,1.5
2026-02-25 08:54:00+00:00,2026-02-25 09:38:00+00:00,long,65586.87,65449.39,SL,-3.2556,322.3081,1.5
2026-02-25 09:47:00+00:00,2026-02-25 10:33:00+00:00,long,65484.48,65351.85,SL,-3.2231,319.085,1.5
2026-02-25 10:35:00+00:00,2026-02-25 11:05:00+00:00,long,65401.0,65232.95,SL,-3.1909,315.8941,1.5
2026-02-25 11:14:00+00:00,2026-02-25 11:28:00+00:00,short,65244.63,65379.99,SL,-3.1589,312.7352,1.5
2026-02-25 12:02:00+00:00,2026-02-25 12:20:00+00:00,long,65462.76,65791.44,TP,6.2547,318.9899,1.5
2026-02-25 12:49:00+00:00,2026-02-25 13:37:00+00:00,long,66014.24,66298.83,TP,6.3798,325.3697,1.5
2026-02-25 14:06:00+00:00,2026-02-25 14:39:00+00:00,long,66426.47,66244.72,SL,-3.2537,322.116,1.5
2026-02-25 14:46:00+00:00,2026-02-25 14:57:00+00:00,long,66574.59,66888.25,TP,6.4423,328.5583,1.5
2026-02-25 15:27:00+00:00,2026-02-25 15:33:00+00:00,long,67012.92,67399.0,TP,6.5712,335.1295,1.5
2026-02-25 16:06:00+00:00,2026-02-25 16:20:00+00:00,long,67582.62,67886.93,TP,6.7026,341.8321,1.5
2026-02-25 16:48:00+00:00,2026-02-25 17:01:00+00:00,long,68078.87,68471.49,TP,6.8366,348.6687,1.5
2026-02-25 17:10:00+00:00,2026-02-25 17:18:00+00:00,long,68525.59,68283.52,SL,-3.4867,345.182,1.5
2026-02-25 17:23:00+00:00,2026-02-25 17:32:00+00:00,long,68608.87,68448.11,SL,-3.4518,341.7302,1.5
2026-02-25 17:42:00+00:00,2026-02-25 18:02:00+00:00,long,68720.68,68461.2,SL,-3.4173,338.3129,1.5
2026-02-25 18:09:00+00:00,2026-02-25 18:23:00+00:00,long,68750.0,69045.1,TP,6.7663,345.0792,1.5
2026-02-25 19:20:00+00:00,2026-02-25 19:32:00+00:00,long,68977.39,68833.94,SL,-3.4508,341.6284,1.5
2026-02-25 19:38:00+00:00,2026-02-25 20:12:00+00:00,long,68901.22,68727.46,SL,-3.4163,338.2121,1.5
2026-02-25 20:21:00+00:00,2026-02-25 20:32:00+00:00,long,68786.17,69145.64,TP,6.7642,344.9763,1.5
2026-02-25 21:33:00+00:00,2026-02-25 21:35:00+00:00,long,69112.85,69473.99,TP,6.8995,351.8759,1.5
2026-02-25 22:01:00+00:00,2026-02-25 22:17:00+00:00,long,69059.67,68866.44,SL,-3.5188,348.3571,1.5
2026-02-25 23:18:00+00:00,2026-02-25 23:32:00+00:00,short,68412.78,68105.45,TP,6.9671,355.3242,1.5
2026-02-26 00:29:00+00:00,2026-02-26 00:32:00+00:00,short,68280.8,68481.07,SL,-3.5532,351.771,1.5
2026-02-26 00:36:00+00:00,2026-02-26 00:40:00+00:00,short,68387.31,68045.57,TP,7.0354,358.8064,1.5
2026-02-26 01:40:00+00:00,2026-02-26 01:45:00+00:00,long,68451.53,68284.66,SL,-3.5881,355.2184,1.5
2026-02-26 03:03:00+00:00,2026-02-26 03:06:00+00:00,long,68346.09,68168.45,SL,-3.5522,351.6662,1.5
2026-02-26 04:05:00+00:00,2026-02-26 04:12:00+00:00,long,68287.4,68570.22,TP,7.0333,358.6995,1.5
2026-02-26 04:32:00+00:00,2026-02-26 04:51:00+00:00,long,68795.8,68640.71,SL,-3.587,355.1125,1.5
2026-02-26 06:07:00+00:00,2026-02-26 06:18:00+00:00,long,68508.19,68308.16,SL,-3.5511,351.5614,1.5
2026-02-26 06:41:00+00:00,2026-02-26 07:51:00+00:00,short,68164.95,67837.6,TP,7.0312,358.5926,1.5
2026-02-26 08:28:00+00:00,2026-02-26 09:10:00+00:00,short,68006.8,68156.99,SL,-3.5859,355.0067,1.5
2026-02-26 09:33:00+00:00,2026-02-26 09:52:00+00:00,long,68294.49,68624.82,TP,7.1001,362.1068,1.5
2026-02-26 10:36:00+00:00,2026-02-26 10:53:00+00:00,long,68427.23,68288.26,SL,-3.6211,358.4857,1.5
2026-02-26 11:01:00+00:00,2026-02-26 11:22:00+00:00,long,68344.4,68202.4,SL,-3.5849,354.9009,1.5
2026-02-26 11:43:00+00:00,2026-02-26 12:09:00+00:00,short,68072.93,68237.27,SL,-3.549,351.3519,1.5
2026-02-26 12:26:00+00:00,2026-02-26 13:55:00+00:00,short,68208.65,67914.0,TP,7.027,358.3789,1.5
2026-02-26 14:31:00+00:00,2026-02-26 14:35:00+00:00,short,68012.13,68219.17,SL,-3.5838,354.7951,1.5
2026-02-26 14:37:00+00:00,2026-02-26 14:45:00+00:00,short,67995.23,67420.52,TP,7.0959,361.891,1.5
2026-02-26 15:09:00+00:00,2026-02-26 15:10:00+00:00,short,67350.4,67554.13,SL,-3.6189,358.2721,1.5
2026-02-26 15:12:00+00:00,2026-02-26 15:17:00+00:00,short,67253.84,66983.75,TP,7.1654,365.4376,1.5
2026-02-26 15:54:00+00:00,2026-02-26 16:28:00+00:00,short,67339.64,67475.45,SL,-3.6544,361.7832,1.5
2026-02-26 16:33:00+00:00,2026-02-26 16:45:00+00:00,short,67181.31,66874.01,TP,7.2357,369.0189,1.5
2026-02-26 17:21:00+00:00,2026-02-26 18:08:00+00:00,short,66876.45,66587.92,TP,7.3804,376.3992,1.5
2026-02-26 18:27:00+00:00,2026-02-26 18:32:00+00:00,short,66853.64,67007.2,SL,-3.764,372.6352,1.5
2026-02-26 19:00:00+00:00,2026-02-26 19:04:00+00:00,long,67409.24,67755.11,TP,7.4527,380.0879,1.5
2026-02-26 19:23:00+00:00,2026-02-26 19:28:00+00:00,long,67745.25,67596.84,SL,-3.8009,376.2871,1.5
2026-02-26 19:53:00+00:00,2026-02-26 20:37:00+00:00,long,67540.18,67379.99,SL,-3.7629,372.5242,1.5
2026-02-26 20:44:00+00:00,2026-02-26 20:51:00+00:00,long,67470.59,67299.54,SL,-3.7252,368.7989,1.5
2026-02-26 21:07:00+00:00,2026-02-26 21:27:00+00:00,short,67259.49,67432.41,SL,-3.688,365.111,1.5
2026-02-26 21:37:00+00:00,2026-02-26 21:48:00+00:00,short,67374.24,67545.84,SL,-3.6511,361.4599,1.5
2026-02-26 22:11:00+00:00,2026-02-26 22:23:00+00:00,long,67505.99,67315.99,SL,-3.6146,357.8453,1.5
2026-02-26 23:12:00+00:00,2026-02-27 00:11:00+00:00,long,67499.98,67336.25,SL,-3.5785,354.2668,1.5
2026-02-27 00:38:00+00:00,2026-02-27 00:50:00+00:00,short,67077.3,67243.74,SL,-3.5427,350.7241,1.5
2026-02-27 01:03:00+00:00,2026-02-27 01:36:00+00:00,short,67104.15,67250.98,SL,-3.5072,347.2169,1.5
2026-02-27 01:44:00+00:00,2026-02-27 01:48:00+00:00,short,67152.24,67299.35,SL,-3.4722,343.7447,1.5
2026-02-27 01:55:00+00:00,2026-02-27 02:01:00+00:00,short,67250.97,67457.94,SL,-3.4374,340.3073,1.5
2026-02-27 02:20:00+00:00,2026-02-27 02:55:00+00:00,long,67447.5,67303.2,SL,-3.4031,336.9042,1.5
2026-02-27 03:26:00+00:00,2026-02-27 03:34:00+00:00,short,67113.31,67258.37,SL,-3.369,333.5352,1.5
2026-02-27 04:10:00+00:00,2026-02-27 04:16:00+00:00,long,67860.09,68201.96,TP,6.6707,340.2059,1.5
2026-02-27 04:50:00+00:00,2026-02-27 06:19:00+00:00,long,67799.4,67641.61,SL,-3.4021,336.8038,1.5
2026-02-27 06:30:00+00:00,2026-02-27 07:28:00+00:00,long,67683.4,67536.55,SL,-3.368,333.4358,1.5
2026-02-27 07:40:00+00:00,2026-02-27 07:47:00+00:00,short,67484.95,67630.83,SL,-3.3344,330.1014,1.5
2026-02-27 08:44:00+00:00,2026-02-27 09:38:00+00:00,long,67924.38,67788.01,SL,-3.301,326.8004,1.5
2026-02-27 10:11:00+00:00,2026-02-27 10:42:00+00:00,short,66983.06,66710.7,TP,6.536,333.3364,1.5
2026-02-27 10:52:00+00:00,2026-02-27 11:08:00+00:00,short,66637.33,66778.65,SL,-3.3334,330.003,1.5
2026-02-27 11:17:00+00:00,2026-02-27 11:36:00+00:00,short,66570.09,66233.16,TP,6.6001,336.6031,1.5
2026-02-27 12:13:00+00:00,2026-02-27 13:04:00+00:00,short,65988.23,66159.83,SL,-3.366,333.2371,1.5
2026-02-27 13:22:00+00:00,2026-02-27 13:36:00+00:00,short,66000.01,65666.01,TP,6.6647,339.9018,1.5
2026-02-27 14:02:00+00:00,2026-02-27 14:42:00+00:00,short,66221.71,65854.48,TP,6.798,346.6998,1.5
2026-02-27 15:17:00+00:00,2026-02-27 15:46:00+00:00,short,66035.8,66193.34,SL,-3.467,343.2328,1.5
2026-02-27 15:57:00+00:00,2026-02-27 16:05:00+00:00,short,66130.4,65807.82,TP,6.8647,350.0975,1.5
2026-02-27 16:36:00+00:00,2026-02-27 16:47:00+00:00,short,65951.09,65608.41,TP,7.0019,357.0995,1.5
2026-02-27 17:14:00+00:00,2026-02-27 17:31:00+00:00,short,65460.09,65179.88,TP,7.142,364.2414,1.5
2026-02-27 18:08:00+00:00,2026-02-27 18:50:00+00:00,short,65638.7,65360.36,TP,7.2848,371.5263,1.5
2026-02-27 19:09:00+00:00,2026-02-27 19:27:00+00:00,short,65239.4,65414.78,SL,-3.7153,367.811,1.5
2026-02-27 19:42:00+00:00,2026-02-27 20:02:00+00:00,short,65356.17,65528.87,SL,-3.6781,364.1329,1.5
2026-02-27 20:40:00+00:00,2026-02-27 21:54:00+00:00,long,65646.0,65449.97,SL,-3.6413,360.4916,1.5
2026-02-27 22:08:00+00:00,2026-02-27 22:15:00+00:00,short,65463.96,65609.99,SL,-3.6049,356.8867,1.5
2026-02-27 22:22:00+00:00,2026-02-27 22:34:00+00:00,short,65460.31,64986.0,TP,7.1377,364.0244,1.5
2026-02-27 22:58:00+00:00,2026-02-27 23:20:00+00:00,long,65608.0,65894.29,TP,7.2805,371.3049,1.5
2026-02-28 00:06:00+00:00,2026-02-28 00:27:00+00:00,long,65902.14,65767.14,SL,-3.713,367.5918,1.5
2026-02-28 00:35:00+00:00,2026-02-28 04:16:00+00:00,long,65844.83,65698.34,SL,-3.6759,363.9159,1.5
2026-02-28 04:29:00+00:00,2026-02-28 06:15:00+00:00,short,65673.05,65393.88,TP,7.2783,371.1942,1.5
2026-02-28 06:55:00+00:00,2026-02-28 07:01:00+00:00,short,63263.5,63424.59,SL,-3.7119,367.4823,1.5
2026-02-28 07:22:00+00:00,2026-02-28 07:32:00+00:00,short,63466.28,63627.64,SL,-3.6748,363.8075,1.5
2026-02-28 07:47:00+00:00,2026-02-28 08:00:00+00:00,short,64039.54,63746.03,TP,7.2762,371.0836,1.5
2026-02-28 08:20:00+00:00,2026-02-28 08:25:00+00:00,short,63458.01,63633.12,SL,-3.7108,367.3728,1.5
2026-02-28 08:50:00+00:00,2026-02-28 09:14:00+00:00,short,63574.45,63708.79,SL,-3.6737,363.699,1.5
2026-02-28 09:33:00+00:00,2026-02-28 10:04:00+00:00,short,63742.03,63473.66,TP,7.274,370.973,1.5
2026-02-28 10:59:00+00:00,2026-02-28 11:28:00+00:00,long,64010.39,64293.48,TP,7.4195,378.3925,1.5
2026-02-28 12:30:00+00:00,2026-02-28 12:51:00+00:00,long,64038.19,63895.08,SL,-3.7839,374.6086,1.5
2026-02-28 12:57:00+00:00,2026-02-28 13:48:00+00:00,long,64014.74,64460.5,TP,7.4922,382.1007,1.5
2026-02-28 14:35:00+00:00,2026-02-28 14:48:00+00:00,long,64945.73,64758.84,SL,-3.821,378.2797,1.5
2026-02-28 15:04:00+00:00,2026-02-28 15:08:00+00:00,long,64547.81,64406.85,SL,-3.7828,374.4969,1.5
2026-02-28 15:11:00+00:00,2026-02-28 15:20:00+00:00,short,64302.69,64440.3,SL,-3.745,370.752,1.5
2026-02-28 16:10:00+00:00,2026-02-28 16:44:00+00:00,long,64888.0,65162.62,TP,7.415,378.167,1.5
2026-02-28 16:56:00+00:00,2026-02-28 17:03:00+00:00,long,65163.61,65017.09,SL,-3.7817,374.3853,1.5
2026-02-28 17:23:00+00:00,2026-02-28 17:58:00+00:00,long,64997.8,65458.15,TP,7.4877,381.873,1.5
2026-02-28 18:31:00+00:00,2026-02-28 18:37:00+00:00,long,65365.85,65780.0,TP,7.6375,389.5105,1.5
2026-02-28 18:53:00+00:00,2026-02-28 19:05:00+00:00,long,65880.51,65731.82,SL,-3.8951,385.6154,1.5
2026-02-28 19:29:00+00:00,2026-02-28 19:31:00+00:00,long,65736.01,66107.14,TP,7.7123,393.3277,1.5
2026-02-28 19:50:00+00:00,2026-02-28 19:53:00+00:00,long,66638.27,66499.9,SL,-3.9333,389.3944,1.5
2026-02-28 20:11:00+00:00,2026-02-28 20:20:00+00:00,long,66438.9,66883.04,TP,7.7879,397.1823,1.5
2026-02-28 20:46:00+00:00,2026-02-28 21:01:00+00:00,long,66940.01,66755.54,SL,-3.9718,393.2105,1.5
2026-02-28 21:22:00+00:00,2026-02-28 21:38:00+00:00,long,66525.13,66859.1,TP,7.8642,401.0747,1.5
2026-02-28 22:00:00+00:00,2026-02-28 22:01:00+00:00,long,66799.08,66617.85,SL,-4.0107,397.064,1.5
2026-02-28 22:03:00+00:00,2026-02-28 22:32:00+00:00,long,66855.65,67128.78,TP,7.9413,405.0052,1.5
2026-02-28 22:33:00+00:00,2026-02-28 22:35:00+00:00,long,67183.01,67477.93,TP,8.1001,413.1053,1.5
2026-02-28 23:10:00+00:00,2026-02-28 23:13:00+00:00,long,67187.45,67012.13,SL,-4.1311,408.9743,1.5
2026-02-28 23:22:00+00:00,2026-02-28 23:38:00+00:00,long,67013.99,66810.88,SL,-4.0897,404.8845,1.5
2026-02-28 23:43:00+00:00,2026-03-01 00:27:00+00:00,long,66914.97,66779.64,SL,-4.0488,400.8357,1.5
2026-03-01 00:39:00+00:00,2026-03-01 01:09:00+00:00,short,66738.92,66460.51,TP,8.0167,408.8524,1.5
2026-03-01 02:00:00+00:00,2026-03-01 02:02:00+00:00,long,67672.4,67958.62,TP,8.177,417.0295,1.5
2026-03-01 02:35:00+00:00,2026-03-01 02:49:00+00:00,long,67913.81,67755.41,SL,-4.1703,412.8592,1.5
2026-03-01 03:09:00+00:00,2026-03-01 03:21:00+00:00,long,67767.88,67582.38,SL,-4.1286,408.7306,1.5
2026-03-01 03:34:00+00:00,2026-03-01 04:11:00+00:00,long,67498.59,67361.22,SL,-4.0873,404.6433,1.5
2026-03-01 04:50:00+00:00,2026-03-01 05:20:00+00:00,short,67327.51,67520.21,SL,-4.0464,400.5968,1.5
2026-03-01 05:30:00+00:00,2026-03-01 05:46:00+00:00,long,67506.01,67368.75,SL,-4.006,396.5909,1.5
2026-03-01 06:33:00+00:00,2026-03-01 07:11:00+00:00,short,66903.32,67039.99,SL,-3.9659,392.625,1.5
2026-03-01 07:26:00+00:00,2026-03-01 07:35:00+00:00,short,66983.69,67169.58,SL,-3.9263,388.6987,1.5
2026-03-01 07:44:00+00:00,2026-03-01 08:11:00+00:00,short,67102.17,67252.47,SL,-3.887,384.8117,1.5
2026-03-01 08:23:00+00:00,2026-03-01 08:45:00+00:00,long,67264.54,67125.01,SL,-3.8481,380.9636,1.5
2026-03-01 09:27:00+00:00,2026-03-01 10:06:00+00:00,short,66544.27,66250.6,TP,7.6193,388.5829,1.5
2026-03-01 10:33:00+00:00,2026-03-01 10:35:00+00:00,short,66544.62,66717.83,SL,-3.8858,384.697,1.5
2026-03-01 10:39:00+00:00,2026-03-01 11:21:00+00:00,short,66486.03,66621.51,SL,-3.847,380.8501,1.5
2026-03-01 11:24:00+00:00,2026-03-01 12:37:00+00:00,short,66548.84,66249.78,TP,7.617,388.4671,1.5
2026-03-01 12:50:00+00:00,2026-03-01 13:51:00+00:00,short,66321.58,66870.35,SL,-3.8847,384.5824,1.5
2026-03-01 14:06:00+00:00,2026-03-01 14:08:00+00:00,long,67294.23,67084.19,SL,-3.8458,380.7366,1.5
2026-03-01 14:34:00+00:00,2026-03-01 14:42:00+00:00,long,66999.71,66760.64,SL,-3.8074,376.9292,1.5
2026-03-01 14:48:00+00:00,2026-03-01 15:16:00+00:00,long,66914.26,67202.79,TP,7.5386,384.4678,1.5
2026-03-01 15:35:00+00:00,2026-03-01 15:56:00+00:00,long,67186.09,66952.18,SL,-3.8447,380.6231,1.5
2026-03-01 16:09:00+00:00,2026-03-01 16:21:00+00:00,long,66966.47,66827.81,SL,-3.8062,376.8169,1.5
2026-03-01 16:22:00+00:00,2026-03-01 16:25:00+00:00,short,66852.62,67000.41,SL,-3.7682,373.0487,1.5
2026-03-01 17:17:00+00:00,2026-03-01 17:23:00+00:00,short,65787.22,65921.59,SL,-3.7305,369.3182,1.5
2026-03-01 17:46:00+00:00,2026-03-01 18:03:00+00:00,short,66007.17,66359.22,SL,-3.6932,365.625,1.5
2026-03-01 18:19:00+00:00,2026-03-01 19:14:00+00:00,short,66387.37,66079.47,TP,7.3125,372.9375,1.5
2026-03-01 19:43:00+00:00,2026-03-01 20:09:00+00:00,short,65893.12,65587.59,TP,7.4588,380.3963,1.5
2026-03-01 20:30:00+00:00,2026-03-01 21:11:00+00:00,short,65280.79,65463.03,SL,-3.804,376.5923,1.5
2026-03-01 21:26:00+00:00,2026-03-01 21:33:00+00:00,short,65498.91,65632.55,SL,-3.7659,372.8264,1.5
2026-03-01 21:41:00+00:00,2026-03-01 22:13:00+00:00,short,65626.88,66270.59,SL,-3.7283,369.0981,1.5
2026-03-01 23:38:00+00:00,2026-03-02 00:10:00+00:00,long,65814.5,66122.01,TP,7.382,376.4801,1.5
2026-03-02 00:25:00+00:00,2026-03-02 00:27:00+00:00,long,66045.65,65905.73,SL,-3.7648,372.7153,1.5
2026-03-02 00:32:00+00:00,2026-03-02 00:44:00+00:00,long,66075.38,66640.32,TP,7.4543,380.1696,1.5
2026-03-02 01:09:00+00:00,2026-03-02 01:24:00+00:00,long,66747.17,66592.91,SL,-3.8017,376.3679,1.5
2026-03-02 01:40:00+00:00,2026-03-02 01:48:00+00:00,long,66686.14,66473.59,SL,-3.7637,372.6042,1.5
2026-03-02 01:53:00+00:00,2026-03-02 02:06:00+00:00,long,66643.28,66150.0,SL,-3.726,368.8782,1.5
2026-03-02 02:48:00+00:00,2026-03-02 02:49:00+00:00,long,66375.61,66236.27,SL,-3.6888,365.1894,1.5
2026-03-02 02:57:00+00:00,2026-03-02 03:01:00+00:00,long,66339.73,66189.18,SL,-3.6519,361.5375,1.5
2026-03-02 03:08:00+00:00,2026-03-02 03:19:00+00:00,long,66330.28,66632.44,TP,7.2307,368.7683,1.5
2026-03-02 03:37:00+00:00,2026-03-02 03:56:00+00:00,long,67001.93,66835.83,SL,-3.6877,365.0806,1.5
2026-03-02 04:17:00+00:00,2026-03-02 05:05:00+00:00,long,66773.5,66626.93,SL,-3.6508,361.4298,1.5
2026-03-02 05:12:00+00:00,2026-03-02 06:03:00+00:00,long,66716.27,66551.72,SL,-3.6143,357.8155,1.5
2026-03-02 06:17:00+00:00,2026-03-02 06:23:00+00:00,short,66392.55,66121.1,TP,7.1563,364.9718,1.5
2026-03-02 06:49:00+00:00,2026-03-02 07:08:00+00:00,short,66161.96,65808.51,TP,7.2994,372.2712,1.5
2026-03-02 07:54:00+00:00,2026-03-02 08:50:00+00:00,short,65926.64,66306.0,SL,-3.7227,368.5485,1.5
2026-03-02 09:10:00+00:00,2026-03-02 09:22:00+00:00,long,66430.59,66718.83,TP,7.371,375.9195,1.5
2026-03-02 10:02:00+00:00,2026-03-02 10:11:00+00:00,long,66336.0,66200.0,SL,-3.7592,372.1603,1.5
2026-03-02 10:12:00+00:00,2026-03-02 10:29:00+00:00,short,66109.01,66259.7,SL,-3.7216,368.4387,1.5
2026-03-02 10:45:00+00:00,2026-03-02 11:45:00+00:00,short,66228.42,66380.99,SL,-3.6844,364.7543,1.5
2026-03-02 12:35:00+00:00,2026-03-02 13:30:00+00:00,short,66029.45,65763.57,TP,7.2951,372.0494,1.5
2026-03-02 14:22:00+00:00,2026-03-02 14:28:00+00:00,short,65486.22,65644.03,SL,-3.7205,368.3289,1.5
2026-03-02 15:08:00+00:00,2026-03-02 15:12:00+00:00,long,67805.62,68265.06,TP,7.3666,375.6955,1.5
2026-03-02 15:37:00+00:00,2026-03-02 15:39:00+00:00,long,69149.15,69451.48,TP,7.5139,383.2094,1.5
2026-03-02 16:06:00+00:00,2026-03-02 16:09:00+00:00,long,69432.04,69738.01,TP,7.6642,390.8736,1.5
2026-03-02 16:42:00+00:00,2026-03-02 16:44:00+00:00,long,69496.99,69861.03,TP,7.8175,398.691,1.5
2026-03-02 17:15:00+00:00,2026-03-02 17:16:00+00:00,long,69506.2,69351.76,SL,-3.9869,394.7041,1.5
2026-03-02 17:21:00+00:00,2026-03-02 17:37:00+00:00,long,69439.99,69188.0,SL,-3.947,390.7571,1.5
2026-03-02 17:51:00+00:00,2026-03-02 18:02:00+00:00,long,69069.23,68895.95,SL,-3.9076,386.8495,1.5
2026-03-02 18:06:00+00:00,2026-03-02 18:58:00+00:00,long,69043.63,68881.35,SL,-3.8685,382.981,1.5
2026-03-02 19:31:00+00:00,2026-03-02 19:33:00+00:00,short,68768.82,68922.63,SL,-3.8298,379.1512,1.5
2026-03-02 19:41:00+00:00,2026-03-02 20:01:00+00:00,short,68832.69,68994.0,SL,-3.7915,375.3597,1.5
2026-03-02 20:18:00+00:00,2026-03-02 20:44:00+00:00,long,68945.29,69229.75,TP,7.5072,382.8669,1.5
2026-03-02 21:14:00+00:00,2026-03-02 23:23:00+00:00,long,69281.63,69022.0,SL,-3.8287,379.0382,1.5
2026-03-03 00:13:00+00:00,2026-03-03 00:33:00+00:00,short,68783.8,68962.35,SL,-3.7904,375.2478,1.5
2026-03-03 00:47:00+00:00,2026-03-03 01:11:00+00:00,short,69003.99,69161.68,SL,-3.7525,371.4954,1.5
2026-03-03 01:15:00+00:00,2026-03-03 02:00:00+00:00,short,69001.03,68683.26,TP,7.4299,378.9253,1.5
2026-03-03 02:20:00+00:00,2026-03-03 02:46:00+00:00,short,68404.04,68599.99,SL,-3.7893,375.136,1.5
2026-03-03 02:57:00+00:00,2026-03-03 04:40:00+00:00,short,68502.91,68207.65,TP,7.5027,382.6387,1.5
2026-03-03 05:23:00+00:00,2026-03-03 05:47:00+00:00,short,68325.67,67989.02,TP,7.6528,390.2915,1.5
2026-03-03 06:31:00+00:00,2026-03-03 06:54:00+00:00,short,67878.75,68016.1,SL,-3.9029,386.3886,1.5
2026-03-03 07:03:00+00:00,2026-03-03 07:04:00+00:00,short,67954.92,68127.26,SL,-3.8639,382.5247,1.5
2026-03-03 07:06:00+00:00,2026-03-03 07:15:00+00:00,short,68042.94,68234.3,SL,-3.8252,378.6995,1.5
2026-03-03 07:29:00+00:00,2026-03-03 07:35:00+00:00,long,68245.3,68085.69,SL,-3.787,374.9125,1.5
2026-03-03 07:44:00+00:00,2026-03-03 08:14:00+00:00,long,68218.18,68010.75,SL,-3.7491,371.1634,1.5
2026-03-03 09:25:00+00:00,2026-03-03 09:27:00+00:00,short,66944.86,66670.01,TP,7.4233,378.5866,1.5
2026-03-03 10:10:00+00:00,2026-03-03 10:21:00+00:00,short,66480.07,66618.01,SL,-3.7859,374.8008,1.5
2026-03-03 10:28:00+00:00,2026-03-03 10:42:00+00:00,short,66506.71,66673.36,SL,-3.748,371.0527,1.5
2026-03-03 10:55:00+00:00,2026-03-03 11:02:00+00:00,short,66744.45,66949.94,SL,-3.7105,367.3422,1.5
2026-03-03 11:08:00+00:00,2026-03-03 11:09:00+00:00,short,66834.17,66980.28,SL,-3.6734,363.6688,1.5
2026-03-03 11:13:00+00:00,2026-03-03 11:45:00+00:00,short,66955.07,67090.38,SL,-3.6367,360.0321,1.5
2026-03-03 12:01:00+00:00,2026-03-03 12:06:00+00:00,long,67114.33,67384.26,TP,7.2006,367.2328,1.5
2026-03-03 12:54:00+00:00,2026-03-03 13:02:00+00:00,long,67396.49,67191.57,SL,-3.6723,363.5604,1.5
2026-03-03 13:31:00+00:00,2026-03-03 14:04:00+00:00,short,66950.85,67210.45,SL,-3.6356,359.9248,1.5
2026-03-03 14:16:00+00:00,2026-03-03 14:22:00+00:00,short,67071.86,67294.28,SL,-3.5992,356.3256,1.5
2026-03-03 14:31:00+00:00,2026-03-03 14:33:00+00:00,long,67242.92,66905.22,SL,-3.5633,352.7623,1.5
2026-03-03 15:19:00+00:00,2026-03-03 15:23:00+00:00,short,66562.03,66724.75,SL,-3.5276,349.2347,1.5
2026-03-03 16:05:00+00:00,2026-03-03 16:09:00+00:00,long,68173.77,68567.41,TP,6.9847,356.2194,1.5
2026-03-03 16:24:00+00:00,2026-03-03 16:30:00+00:00,long,68888.64,68735.58,SL,-3.5622,352.6572,1.5
2026-03-03 16:48:00+00:00,2026-03-03 16:56:00+00:00,long,68155.99,68445.09,TP,7.0531,359.7103,1.5
2026-03-03 17:17:00+00:00,2026-03-03 17:29:00+00:00,long,67955.99,68234.65,TP,7.1942,366.9045,1.5
2026-03-03 17:42:00+00:00,2026-03-03 17:52:00+00:00,long,68060.26,68379.88,TP,7.3381,374.2426,1.5
2026-03-03 18:17:00+00:00,2026-03-03 18:32:00+00:00,long,68376.59,68725.64,TP,7.4849,381.7275,1.5
2026-03-03 19:14:00+00:00,2026-03-03 19:35:00+00:00,long,68620.96,68382.02,SL,-3.8173,377.9102,1.5
2026-03-03 19:40:00+00:00,2026-03-03 19:53:00+00:00,long,68673.21,68489.0,SL,-3.7791,374.1311,1.5
2026-03-03 21:27:00+00:00,2026-03-03 21:36:00+00:00,short,67871.52,68016.69,SL,-3.7413,370.3898,1.5
2026-03-03 22:37:00+00:00,2026-03-03 22:58:00+00:00,long,68380.59,68218.61,SL,-3.7039,366.6859,1.5
2026-03-03 23:04:00+00:00,2026-03-03 23:11:00+00:00,long,68346.63,68636.47,TP,7.3337,374.0196,1.5
2026-03-04 00:08:00+00:00,2026-03-04 00:19:00+00:00,short,68183.0,68334.9,SL,-3.7402,370.2794,1.5
2026-03-04 00:31:00+00:00,2026-03-04 00:38:00+00:00,short,68231.36,67933.63,TP,7.4056,377.685,1.5
2026-03-04 01:08:00+00:00,2026-03-04 01:09:00+00:00,short,68074.72,68246.45,SL,-3.7769,373.9082,1.5
2026-03-04 01:14:00+00:00,2026-03-04 01:30:00+00:00,short,68124.0,68269.16,SL,-3.7391,370.1691,1.5
2026-03-04 02:12:00+00:00,2026-03-04 02:15:00+00:00,long,68353.01,68155.88,SL,-3.7017,366.4674,1.5
2026-03-04 02:25:00+00:00,2026-03-04 02:48:00+00:00,short,68112.11,68272.75,SL,-3.6647,362.8027,1.5
2026-03-04 03:13:00+00:00,2026-03-04 03:25:00+00:00,long,68288.81,68086.66,SL,-3.628,359.1747,1.5
2026-03-04 04:17:00+00:00,2026-03-04 04:56:00+00:00,short,67646.68,67825.49,SL,-3.5917,355.5829,1.5
2026-03-04 05:03:00+00:00,2026-03-04 05:14:00+00:00,short,67752.52,67914.25,SL,-3.5558,352.0271,1.5
2026-03-04 05:15:00+00:00,2026-03-04 05:41:00+00:00,short,67844.9,68132.73,SL,-3.5203,348.5068,1.5
2026-03-04 06:30:00+00:00,2026-03-04 06:34:00+00:00,long,68165.8,68492.49,TP,6.9701,355.477,1.5
2026-03-04 07:21:00+00:00,2026-03-04 07:29:00+00:00,long,68486.76,68766.45,TP,7.1095,362.5865,1.5
2026-03-04 08:31:00+00:00,2026-03-04 08:40:00+00:00,long,69407.13,69700.61,TP,7.2517,369.8382,1.5
2026-03-04 09:35:00+00:00,2026-03-04 09:55:00+00:00,long,71604.64,71353.34,SL,-3.6984,366.1399,1.5
2026-03-04 10:07:00+00:00,2026-03-04 10:19:00+00:00,long,71670.9,71490.98,SL,-3.6614,362.4785,1.5
2026-03-04 10:30:00+00:00,2026-03-04 10:33:00+00:00,long,71531.13,71368.0,SL,-3.6248,358.8537,1.5
2026-03-04 10:50:00+00:00,2026-03-04 10:54:00+00:00,long,71427.07,71277.79,SL,-3.5885,355.2651,1.5
2026-03-04 10:59:00+00:00,2026-03-04 11:34:00+00:00,long,71348.92,71163.14,SL,-3.5527,351.7125,1.5
2026-03-04 11:43:00+00:00,2026-03-04 12:07:00+00:00,long,71100.0,70870.88,SL,-3.5171,348.1954,1.5
2026-03-04 12:29:00+00:00,2026-03-04 12:34:00+00:00,short,70628.57,70801.34,SL,-3.482,344.7134,1.5
2026-03-04 13:38:00+00:00,2026-03-04 14:14:00+00:00,long,71421.76,71807.12,TP,6.8943,351.6077,1.5
2026-03-04 14:30:00+00:00,2026-03-04 14:36:00+00:00,long,72148.06,71807.51,SL,-3.5161,348.0916,1.5
2026-03-04 14:53:00+00:00,2026-03-04 14:55:00+00:00,long,71729.78,71569.16,SL,-3.4809,344.6107,1.5
2026-03-04 15:00:00+00:00,2026-03-04 15:03:00+00:00,long,71942.72,71748.64,SL,-3.4461,341.1646,1.5
2026-03-04 15:51:00+00:00,2026-03-04 15:58:00+00:00,long,73066.48,73467.08,TP,6.8233,347.9879,1.5
2026-03-04 16:27:00+00:00,2026-03-04 16:58:00+00:00,long,73008.35,73385.37,TP,6.9598,354.9476,1.5
2026-03-04 17:02:00+00:00,2026-03-04 17:05:00+00:00,long,73459.68,73285.33,SL,-3.5495,351.3982,1.5
2026-03-04 17:10:00+00:00,2026-03-04 17:19:00+00:00,long,73500.76,73285.05,SL,-3.514,347.8842,1.5
2026-03-04 17:32:00+00:00,2026-03-04 18:10:00+00:00,long,73167.35,72993.4,SL,-3.4788,344.4053,1.5
2026-03-04 18:19:00+00:00,2026-03-04 18:35:00+00:00,long,73341.06,73151.44,SL,-3.4441,340.9613,1.5
2026-03-04 18:41:00+00:00,2026-03-04 19:06:00+00:00,long,73417.75,73726.77,TP,6.8192,347.7805,1.5
2026-03-04 19:07:00+00:00,2026-03-04 19:20:00+00:00,long,73724.35,74032.91,TP,6.9556,354.7361,1.5
2026-03-04 19:37:00+00:00,2026-03-04 20:05:00+00:00,long,73719.57,73550.35,SL,-3.5474,351.1888,1.5
2026-03-04 20:16:00+00:00,2026-03-04 20:19:00+00:00,long,73584.09,73390.68,SL,-3.5119,347.6769,1.5
2026-03-04 20:21:00+00:00,2026-03-04 20:26:00+00:00,short,73294.11,73468.98,SL,-3.4768,344.2001,1.5
2026-03-04 20:33:00+00:00,2026-03-04 20:34:00+00:00,short,73323.62,73492.74,SL,-3.442,340.7581,1.5
2026-03-04 20:50:00+00:00,2026-03-04 20:59:00+00:00,short,73337.67,73019.68,TP,6.8152,347.5733,1.5
2026-03-04 21:49:00+00:00,2026-03-04 22:01:00+00:00,short,73216.11,73439.91,SL,-3.4757,344.0975,1.5
2026-03-04 22:25:00+00:00,2026-03-04 22:35:00+00:00,long,73306.38,73115.05,SL,-3.441,340.6565,1.5
2026-03-04 23:21:00+00:00,2026-03-04 23:43:00+00:00,short,72566.73,72748.77,SL,-3.4066,337.25,1.5
2026-03-04 23:52:00+00:00,2026-03-05 00:01:00+00:00,short,72633.06,72810.0,SL,-3.3725,333.8775,1.5
2026-03-05 00:06:00+00:00,2026-03-05 00:16:00+00:00,short,72717.65,72881.95,SL,-3.3388,330.5387,1.5
2026-03-05 00:27:00+00:00,2026-03-05 00:41:00+00:00,short,72761.89,72984.57,SL,-3.3054,327.2333,1.5
2026-03-05 00:50:00+00:00,2026-03-05 01:09:00+00:00,short,72891.98,73070.04,SL,-3.2723,323.961,1.5
2026-03-05 02:24:00+00:00,2026-03-05 02:33:00+00:00,short,72763.79,72441.62,TP,6.4792,330.4402,1.5
2026-03-05 03:13:00+00:00,2026-03-05 04:22:00+00:00,short,72553.66,72781.26,SL,-3.3044,327.1358,1.5
2026-03-05 04:41:00+00:00,2026-03-05 05:20:00+00:00,long,72798.17,72646.97,SL,-3.2714,323.8644,1.5
2026-03-05 05:39:00+00:00,2026-03-05 06:10:00+00:00,short,72393.25,72050.0,TP,6.4773,330.3417,1.5
2026-03-05 06:33:00+00:00,2026-03-05 06:39:00+00:00,short,72356.27,72526.99,SL,-3.3034,327.0383,1.5
2026-03-05 06:45:00+00:00,2026-03-05 06:50:00+00:00,short,72424.3,72594.8,SL,-3.2704,323.7679,1.5
2026-03-05 07:12:00+00:00,2026-03-05 07:33:00+00:00,long,72612.89,72387.47,SL,-3.2377,320.5303,1.5
2026-03-05 08:26:00+00:00,2026-03-05 08:31:00+00:00,short,71805.4,71998.77,SL,-3.2053,317.325,1.5
2026-03-05 08:43:00+00:00,2026-03-05 08:44:00+00:00,short,72021.82,72178.73,SL,-3.1732,314.1517,1.5
2026-03-05 09:35:00+00:00,2026-03-05 09:38:00+00:00,long,72739.73,72565.13,SL,-3.1415,311.0102,1.5
2026-03-05 09:56:00+00:00,2026-03-05 10:23:00+00:00,long,72562.38,72985.96,TP,6.2202,317.2304,1.5
2026-03-05 10:55:00+00:00,2026-03-05 11:00:00+00:00,long,73524.27,73365.81,SL,-3.1723,314.0581,1.5
2026-03-05 11:28:00+00:00,2026-03-05 11:37:00+00:00,long,73094.39,72932.16,SL,-3.1406,310.9175,1.5
2026-03-05 11:46:00+00:00,2026-03-05 12:02:00+00:00,long,72880.45,72699.71,SL,-3.1092,307.8083,1.5
2026-03-05 12:17:00+00:00,2026-03-05 12:20:00+00:00,short,72753.54,72912.25,SL,-3.0781,304.7302,1.5
2026-03-05 12:21:00+00:00,2026-03-05 12:37:00+00:00,long,72884.06,72717.33,SL,-3.0473,301.6829,1.5
2026-03-05 13:18:00+00:00,2026-03-05 13:31:00+00:00,short,72583.76,72233.1,TP,6.0337,307.7166,1.5
2026-03-05 13:58:00+00:00,2026-03-05 14:05:00+00:00,short,72422.33,72581.8,SL,-3.0772,304.6394,1.5
2026-03-05 14:08:00+00:00,2026-03-05 14:10:00+00:00,short,72372.91,72535.15,SL,-3.0464,301.593,1.5
2026-03-05 14:17:00+00:00,2026-03-05 14:25:00+00:00,short,72441.15,72591.55,SL,-3.0159,298.5771,1.5
2026-03-05 14:31:00+00:00,2026-03-05 14:33:00+00:00,short,72379.16,72762.0,SL,-2.9858,295.5913,1.5
2026-03-05 14:39:00+00:00,2026-03-05 14:51:00+00:00,short,72212.75,72492.41,SL,-2.9559,292.6354,1.5
2026-03-05 15:04:00+00:00,2026-03-05 15:08:00+00:00,short,72271.04,71855.4,TP,5.8527,298.4881,1.5
2026-03-05 16:02:00+00:00,2026-03-05 16:06:00+00:00,short,71413.55,71093.56,TP,5.9698,304.4579,1.5
2026-03-05 16:19:00+00:00,2026-03-05 16:22:00+00:00,short,70883.9,71087.01,SL,-3.0446,301.4133,1.5
2026-03-05 16:48:00+00:00,2026-03-05 17:03:00+00:00,short,71345.18,71555.46,SL,-3.0141,298.3992,1.5
2026-03-05 17:07:00+00:00,2026-03-05 17:21:00+00:00,short,71240.21,70900.8,TP,5.968,304.3672,1.5
2026-03-05 17:30:00+00:00,2026-03-05 17:50:00+00:00,short,70952.06,70655.02,TP,6.0873,310.4545,1.5
2026-03-05 17:59:00+00:00,2026-03-05 18:03:00+00:00,short,70704.41,70854.37,SL,-3.1045,307.35,1.5
2026-03-05 18:19:00+00:00,2026-03-05 18:42:00+00:00,short,70895.63,71045.25,SL,-3.0735,304.2765,1.5
2026-03-05 18:45:00+00:00,2026-03-05 19:00:00+00:00,short,70927.84,71072.88,SL,-3.0428,301.2337,1.5
2026-03-05 19:53:00+00:00,2026-03-05 20:17:00+00:00,short,70981.63,71165.05,SL,-3.0123,298.2214,1.5
2026-03-05 20:35:00+00:00,2026-03-05 20:43:00+00:00,long,71318.66,71148.14,SL,-2.9822,295.2392,1.5
2026-03-05 20:55:00+00:00,2026-03-05 21:20:00+00:00,long,71196.35,71494.59,TP,5.9048,301.1439,1.5
2026-03-05 21:28:00+00:00,2026-03-05 21:35:00+00:00,long,71515.96,71292.05,SL,-3.0114,298.1325,1.5
2026-03-05 21:48:00+00:00,2026-03-05 21:52:00+00:00,long,71263.97,71075.45,SL,-2.9813,295.1512,1.5
2026-03-05 22:26:00+00:00,2026-03-05 22:41:00+00:00,short,71100.69,71276.19,SL,-2.9515,292.1997,1.5
2026-03-05 22:51:00+00:00,2026-03-05 23:30:00+00:00,long,71290.02,71093.72,SL,-2.922,289.2777,1.5
2026-03-05 23:57:00+00:00,2026-03-06 00:06:00+00:00,short,70780.06,70930.85,SL,-2.8928,286.3849,1.5
2026-03-06 00:26:00+00:00,2026-03-06 01:26:00+00:00,short,70894.47,70559.16,TP,5.7277,292.1126,1.5
2026-03-06 02:14:00+00:00,2026-03-06 02:18:00+00:00,long,71330.3,71172.41,SL,-2.9211,289.1915,1.5
2026-03-06 02:28:00+00:00,2026-03-06 03:12:00+00:00,long,71285.18,71083.16,SL,-2.8919,286.2995,1.5
2026-03-06 03:22:00+00:00,2026-03-06 04:00:00+00:00,long,71145.26,70985.05,SL,-2.863,283.4365,1.5
2026-03-06 04:09:00+00:00,2026-03-06 04:40:00+00:00,short,70977.25,70410.25,TP,5.6687,289.1053,1.5
2026-03-06 05:09:00+00:00,2026-03-06 05:42:00+00:00,short,70503.64,70197.58,TP,5.7821,294.8874,1.5
2026-03-06 06:09:00+00:00,2026-03-06 06:20:00+00:00,short,70341.0,70481.91,SL,-2.9489,291.9385,1.5
2026-03-06 06:31:00+00:00,2026-03-06 06:41:00+00:00,short,70440.37,70585.85,SL,-2.9194,289.0191,1.5
2026-03-06 06:53:00+00:00,2026-03-06 07:03:00+00:00,short,70606.52,70795.95,SL,-2.8902,286.1289,1.5
2026-03-06 07:20:00+00:00,2026-03-06 07:42:00+00:00,long,70746.71,71039.8,TP,5.7226,291.8515,1.5
2026-03-06 08:19:00+00:00,2026-03-06 08:51:00+00:00,long,70979.19,70828.18,SL,-2.9185,288.933,1.5
2026-03-06 09:09:00+00:00,2026-03-06 09:28:00+00:00,short,70673.9,70390.97,TP,5.7787,294.7117,1.5
2026-03-06 10:12:00+00:00,2026-03-06 10:26:00+00:00,short,70639.62,70799.87,SL,-2.9471,291.7645,1.5
2026-03-06 10:30:00+00:00,2026-03-06 11:43:00+00:00,short,70661.94,70371.3,TP,5.8353,297.5998,1.5
2026-03-06 12:06:00+00:00,2026-03-06 12:10:00+00:00,short,70105.23,69809.05,TP,5.952,303.5518,1.5
2026-03-06 12:31:00+00:00,2026-03-06 13:25:00+00:00,short,69951.93,70092.04,SL,-3.0355,300.5163,1.5
2026-03-06 13:30:00+00:00,2026-03-06 13:34:00+00:00,short,69943.19,70183.94,SL,-3.0052,297.5111,1.5
2026-03-06 13:40:00+00:00,2026-03-06 13:55:00+00:00,short,69983.26,69449.18,TP,5.9502,303.4614,1.5
2026-03-06 14:35:00+00:00,2026-03-06 14:54:00+00:00,short,68666.4,68352.79,TP,6.0692,309.5306,1.5
2026-03-06 15:33:00+00:00,2026-03-06 15:37:00+00:00,short,68871.61,69033.33,SL,-3.0953,306.4353,1.5
2026-03-06 15:39:00+00:00,2026-03-06 15:45:00+00:00,short,68933.52,68645.75,TP,6.1287,312.564,1.5
2026-03-06 16:10:00+00:00,2026-03-06 16:27:00+00:00,short,68336.01,68525.59,SL,-3.1256,309.4384,1.5
2026-03-06 16:49:00+00:00,2026-03-06 17:25:00+00:00,short,68592.15,68234.24,TP,6.1888,315.6271,1.5
2026-03-06 18:22:00+00:00,2026-03-06 18:31:00+00:00,short,68297.25,68440.51,SL,-3.1563,312.4709,1.5
2026-03-06 19:22:00+00:00,2026-03-06 20:26:00+00:00,short,68241.56,67804.81,TP,6.2494,318.7203,1.5
2026-03-06 21:03:00+00:00,2026-03-06 21:48:00+00:00,short,68131.81,68271.87,SL,-3.1872,315.5331,1.5
2026-03-06 22:21:00+00:00,2026-03-06 23:42:00+00:00,long,68349.99,68190.01,SL,-3.1553,312.3777,1.5
2026-03-06 23:51:00+00:00,2026-03-07 00:32:00+00:00,short,68184.08,68332.62,SL,-3.1238,309.254,1.5
2026-03-07 00:51:00+00:00,2026-03-07 01:23:00+00:00,long,68348.08,68187.33,SL,-3.0925,306.1614,1.5
2026-03-07 02:11:00+00:00,2026-03-07 02:23:00+00:00,long,68284.4,68120.36,SL,-3.0616,303.0998,1.5
2026-03-07 02:38:00+00:00,2026-03-07 02:43:00+00:00,short,68060.61,68197.52,SL,-3.031,300.0688,1.5
2026-03-07 03:13:00+00:00,2026-03-07 03:17:00+00:00,long,68499.99,68321.11,SL,-3.0007,297.0681,1.5
2026-03-07 03:39:00+00:00,2026-03-07 04:03:00+00:00,short,68191.12,67870.34,TP,5.9414,303.0095,1.5
2026-03-07 04:48:00+00:00,2026-03-07 06:50:00+00:00,short,68092.0,67786.0,TP,6.0602,309.0697,1.5
2026-03-07 07:38:00+00:00,2026-03-07 07:45:00+00:00,short,67671.42,67813.4,SL,-3.0907,305.979,1.5
2026-03-07 08:00:00+00:00,2026-03-07 08:18:00+00:00,short,67822.06,67959.45,SL,-3.0598,302.9192,1.5
2026-03-07 09:38:00+00:00,2026-03-07 10:57:00+00:00,long,68019.59,67871.1,SL,-3.0292,299.89,1.5
2026-03-07 12:04:00+00:00,2026-03-07 12:43:00+00:00,long,68076.81,67920.95,SL,-2.9989,296.8911,1.5
2026-03-07 13:07:00+00:00,2026-03-07 14:11:00+00:00,short,67951.67,67650.0,TP,5.9378,302.8289,1.5
2026-03-07 15:29:00+00:00,2026-03-07 15:39:00+00:00,long,67962.07,67822.86,SL,-3.0283,299.8006,1.5
2026-03-07 16:04:00+00:00,2026-03-07 18:02:00+00:00,short,67841.27,67527.75,TP,5.996,305.7966,1.5
2026-03-07 18:33:00+00:00,2026-03-07 18:49:00+00:00,short,67532.08,67671.0,SL,-3.058,302.7387,1.5
2026-03-07 18:55:00+00:00,2026-03-07 19:24:00+00:00,short,67586.73,67316.28,TP,6.0548,308.7934,1.5
2026-03-07 19:49:00+00:00,2026-03-07 20:35:00+00:00,short,67177.0,67313.41,SL,-3.0879,305.7055,1.5
2026-03-07 20:48:00+00:00,2026-03-08 01:32:00+00:00,short,67388.54,67106.23,TP,6.1141,311.8196,1.5
2026-03-08 02:15:00+00:00,2026-03-08 02:30:00+00:00,long,67325.72,67171.35,SL,-3.1182,308.7014,1.5
2026-03-08 02:49:00+00:00,2026-03-08 04:53:00+00:00,short,67078.65,66762.17,TP,6.174,314.8755,1.5
2026-03-08 06:23:00+00:00,2026-03-08 08:40:00+00:00,long,67147.35,67432.43,TP,6.2975,321.173,1.5
2026-03-08 08:54:00+00:00,2026-03-08 09:16:00+00:00,long,67532.11,67846.26,TP,6.4235,327.5964,1.5
2026-03-08 10:01:00+00:00,2026-03-08 10:23:00+00:00,long,67751.59,68067.93,TP,6.5519,334.1484,1.5
2026-03-08 11:35:00+00:00,2026-03-08 12:09:00+00:00,short,67573.23,67301.98,TP,6.683,340.8313,1.5
2026-03-08 12:46:00+00:00,2026-03-08 13:13:00+00:00,short,67316.4,67041.32,TP,6.8166,347.6479,1.5
2026-03-08 13:24:00+00:00,2026-03-08 13:27:00+00:00,short,67014.18,67148.62,SL,-3.4765,344.1715,1.5
2026-03-08 13:41:00+00:00,2026-03-08 13:45:00+00:00,short,66928.27,67094.26,SL,-3.4417,340.7298,1.5
2026-03-08 14:11:00+00:00,2026-03-08 16:32:00+00:00,short,67301.69,66986.91,TP,6.8146,347.5443,1.5
2026-03-08 17:00:00+00:00,2026-03-08 17:03:00+00:00,short,66822.05,67035.94,SL,-3.4754,344.0689,1.5
2026-03-08 17:21:00+00:00,2026-03-08 18:18:00+00:00,short,67114.28,66805.01,TP,6.8814,350.9503,1.5
2026-03-08 18:37:00+00:00,2026-03-08 19:13:00+00:00,short,66868.28,67030.6,SL,-3.5095,347.4408,1.5
2026-03-08 20:19:00+00:00,2026-03-08 20:29:00+00:00,long,67184.62,67031.79,SL,-3.4744,343.9664,1.5
2026-03-08 20:30:00+00:00,2026-03-08 20:37:00+00:00,long,67194.0,67468.69,TP,6.8793,350.8457,1.5
2026-03-08 21:50:00+00:00,2026-03-08 22:02:00+00:00,short,66930.29,66659.74,TP,7.0169,357.8626,1.5
2026-03-08 22:23:00+00:00,2026-03-08 22:27:00+00:00,short,65682.85,65832.48,SL,-3.5786,354.284,1.5
2026-03-08 23:08:00+00:00,2026-03-08 23:17:00+00:00,short,66239.18,66382.27,SL,-3.5428,350.7411,1.5
2026-03-08 23:19:00+00:00,2026-03-08 23:22:00+00:00,short,66264.9,66409.11,SL,-3.5074,347.2337,1.5
2026-03-08 23:32:00+00:00,2026-03-08 23:44:00+00:00,short,66448.74,66121.73,TP,6.9447,354.1784,1.5
2026-03-09 00:19:00+00:00,2026-03-09 00:25:00+00:00,short,66238.39,65894.56,TP,7.0836,361.262,1.5
2026-03-09 02:16:00+00:00,2026-03-09 02:34:00+00:00,short,66064.89,66266.79,SL,-3.6126,357.6494,1.5
2026-03-09 03:02:00+00:00,2026-03-09 03:08:00+00:00,long,66784.04,67092.82,TP,7.153,364.8023,1.5
2026-03-09 03:52:00+00:00,2026-03-09 03:53:00+00:00,long,67228.96,67077.22,SL,-3.648,361.1543,1.5
2026-03-09 03:56:00+00:00,2026-03-09 04:25:00+00:00,long,67154.98,67449.69,TP,7.2231,368.3774,1.5
2026-03-09 05:09:00+00:00,2026-03-09 05:31:00+00:00,long,67197.37,67562.37,TP,7.3675,375.745,1.5
2026-03-09 07:03:00+00:00,2026-03-09 07:11:00+00:00,short,67150.01,67294.07,SL,-3.7574,371.9875,1.5
2026-03-09 07:18:00+00:00,2026-03-09 07:20:00+00:00,short,66916.73,67051.92,SL,-3.7199,368.2676,1.5
2026-03-09 07:54:00+00:00,2026-03-09 08:26:00+00:00,long,67517.55,67810.37,TP,7.3654,375.633,1.5
2026-03-09 08:52:00+00:00,2026-03-09 09:05:00+00:00,long,67887.25,67734.18,SL,-3.7563,371.8767,1.5
2026-03-09 09:14:00+00:00,2026-03-09 09:32:00+00:00,long,67833.03,68128.0,TP,7.4375,379.3142,1.5
2026-03-09 10:21:00+00:00,2026-03-09 10:30:00+00:00,long,67934.09,67779.55,SL,-3.7931,375.521,1.5
2026-03-09 10:35:00+00:00,2026-03-09 10:38:00+00:00,long,67825.44,67663.32,SL,-3.7552,371.7658,1.5
2026-03-09 11:16:00+00:00,2026-03-09 11:54:00+00:00,short,67629.41,67789.15,SL,-3.7177,368.0482,1.5
2026-03-09 12:16:00+00:00,2026-03-09 12:37:00+00:00,long,67906.4,68258.0,TP,7.361,375.4091,1.5
2026-03-09 12:38:00+00:00,2026-03-09 12:47:00+00:00,long,68256.66,68119.74,SL,-3.7541,371.6551,1.5
2026-03-09 13:01:00+00:00,2026-03-09 13:11:00+00:00,long,68189.22,68504.94,TP,7.4331,379.0882,1.5
2026-03-09 13:26:00+00:00,2026-03-09 13:34:00+00:00,long,68685.23,69015.42,TP,7.5818,386.6699,1.5
2026-03-09 13:43:00+00:00,2026-03-09 13:45:00+00:00,long,69183.58,69044.58,SL,-3.8667,382.8032,1.5
2026-03-09 14:16:00+00:00,2026-03-09 14:19:00+00:00,long,69212.4,69058.17,SL,-3.828,378.9752,1.5
2026-03-09 14:35:00+00:00,2026-03-09 14:57:00+00:00,long,69261.54,69110.19,SL,-3.7898,375.1854,1.5
2026-03-09 15:15:00+00:00,2026-03-09 15:19:00+00:00,long,69217.62,68999.39,SL,-3.7519,371.4336,1.5
2026-03-09 15:24:00+00:00,2026-03-09 15:33:00+00:00,long,69091.9,68920.02,SL,-3.7143,367.7192,1.5
2026-03-09 15:46:00+00:00,2026-03-09 16:33:00+00:00,long,68857.33,68714.77,SL,-3.6772,364.0421,1.5
2026-03-09 16:38:00+00:00,2026-03-09 16:52:00+00:00,long,68916.76,69219.28,TP,7.2808,371.3229,1.5
2026-03-09 17:09:00+00:00,2026-03-09 17:20:00+00:00,long,69037.98,68898.79,SL,-3.7132,367.6097,1.5
2026-03-09 18:04:00+00:00,2026-03-09 18:18:00+00:00,short,68410.73,68600.0,SL,-3.6761,363.9336,1.5
2026-03-09 18:37:00+00:00,2026-03-09 19:19:00+00:00,short,68547.19,68847.48,SL,-3.6393,360.2942,1.5
2026-03-09 19:57:00+00:00,2026-03-09 20:34:00+00:00,long,69021.84,68869.49,SL,-3.6029,356.6913,1.5
2026-03-09 20:42:00+00:00,2026-03-09 21:40:00+00:00,long,68920.14,68759.14,SL,-3.5669,353.1244,1.5
2026-03-09 21:42:00+00:00,2026-03-09 22:04:00+00:00,long,68964.0,68796.53,SL,-3.5312,349.5931,1.5
2026-03-09 22:36:00+00:00,2026-03-09 23:55:00+00:00,short,68717.17,68385.84,TP,6.9919,356.585,1.5
2026-03-10 01:29:00+00:00,2026-03-10 01:38:00+00:00,long,68975.69,68834.24,SL,-3.5659,353.0191,1.5
2026-03-10 01:44:00+00:00,2026-03-10 01:55:00+00:00,long,68982.86,69324.72,TP,7.0604,360.0795,1.5
2026-03-10 02:20:00+00:00,2026-03-10 02:30:00+00:00,long,69272.92,69679.71,TP,7.2016,367.2811,1.5
2026-03-10 03:22:00+00:00,2026-03-10 03:36:00+00:00,long,70198.44,70048.81,SL,-3.6728,363.6083,1.5
2026-03-10 04:56:00+00:00,2026-03-10 05:40:00+00:00,long,70081.86,69923.53,SL,-3.6361,359.9722,1.5
2026-03-10 05:50:00+00:00,2026-03-10 06:17:00+00:00,long,69946.34,69786.57,SL,-3.5997,356.3725,1.5
2026-03-10 06:24:00+00:00,2026-03-10 06:28:00+00:00,long,69860.01,70166.65,TP,7.1274,363.5,1.5
2026-03-10 07:05:00+00:00,2026-03-10 07:10:00+00:00,long,69988.34,70386.28,TP,7.27,370.77,1.5
2026-03-10 07:50:00+00:00,2026-03-10 07:56:00+00:00,long,70504.38,70321.44,SL,-3.7077,367.0623,1.5
2026-03-10 08:00:00+00:00,2026-03-10 08:07:00+00:00,long,70471.58,70757.0,TP,7.3412,374.4035,1.5
2026-03-10 08:42:00+00:00,2026-03-10 08:45:00+00:00,long,71052.33,70831.46,SL,-3.744,370.6595,1.5
2026-03-10 09:03:00+00:00,2026-03-10 09:23:00+00:00,long,70727.73,71041.26,TP,7.4132,378.0727,1.5
2026-03-10 10:28:00+00:00,2026-03-10 11:02:00+00:00,long,70794.35,70641.99,SL,-3.7807,374.2919,1.5
2026-03-10 11:05:00+00:00,2026-03-10 11:13:00+00:00,long,70845.55,70654.84,SL,-3.7429,370.549,1.5
2026-03-10 11:28:00+00:00,2026-03-10 12:30:00+00:00,short,70605.35,70311.14,TP,7.411,377.96,1.5
2026-03-10 12:57:00+00:00,2026-03-10 13:05:00+00:00,short,70484.6,70644.49,SL,-3.7796,374.1804,1.5
2026-03-10 13:25:00+00:00,2026-03-10 13:33:00+00:00,long,70835.5,70430.01,SL,-3.7418,370.4386,1.5
2026-03-10 13:59:00+00:00,2026-03-10 14:01:00+00:00,short,69921.12,69630.0,TP,7.4088,377.8474,1.5
2026-03-10 14:07:00+00:00,2026-03-10 14:15:00+00:00,short,69707.65,69357.25,TP,7.5569,385.4043,1.5
2026-03-10 15:30:00+00:00,2026-03-10 15:34:00+00:00,long,71423.2,71269.24,SL,-3.854,381.5503,1.5
2026-03-10 15:57:00+00:00,2026-03-10 16:05:00+00:00,long,71304.78,70984.64,SL,-3.8155,377.7348,1.5
2026-03-10 16:15:00+00:00,2026-03-10 16:24:00+00:00,long,71236.38,71531.39,TP,7.5547,385.2895,1.5
2026-03-10 16:52:00+00:00,2026-03-10 16:56:00+00:00,long,71357.12,71192.65,SL,-3.8529,381.4366,1.5
2026-03-10 17:02:00+00:00,2026-03-10 17:26:00+00:00,long,71292.84,71042.41,SL,-3.8144,377.6222,1.5
2026-03-10 18:07:00+00:00,2026-03-10 18:14:00+00:00,short,70766.03,70373.64,TP,7.5524,385.1746,1.5
2026-03-10 18:39:00+00:00,2026-03-10 19:18:00+00:00,short,70111.98,70258.73,SL,-3.8517,381.3229,1.5
2026-03-10 19:25:00+00:00,2026-03-10 20:04:00+00:00,short,70029.77,70174.99,SL,-3.8132,377.5097,1.5
2026-03-10 20:11:00+00:00,2026-03-10 20:22:00+00:00,short,70059.13,70221.01,SL,-3.7751,373.7346,1.5
2026-03-10 20:36:00+00:00,2026-03-10 21:06:00+00:00,short,70243.94,70385.42,SL,-3.7373,369.9972,1.5
2026-03-10 21:10:00+00:00,2026-03-10 21:29:00+00:00,short,70233.51,69941.48,TP,7.3999,377.3972,1.5
2026-03-10 21:37:00+00:00,2026-03-10 22:11:00+00:00,short,69812.42,69460.74,TP,7.5479,384.9451,1.5
2026-03-10 22:35:00+00:00,2026-03-10 22:49:00+00:00,short,69556.68,69730.09,SL,-3.8495,381.0957,1.5
2026-03-10 23:07:00+00:00,2026-03-10 23:32:00+00:00,short,69739.16,69894.53,SL,-3.811,377.2847,1.5
2026-03-11 00:09:00+00:00,2026-03-11 00:43:00+00:00,long,69973.75,69831.47,SL,-3.7728,373.5119,1.5
2026-03-11 00:46:00+00:00,2026-03-11 02:33:00+00:00,long,69980.48,69790.52,SL,-3.7351,369.7767,1.5
2026-03-11 03:07:00+00:00,2026-03-11 04:25:00+00:00,short,69710.9,69870.42,SL,-3.6978,366.079,1.5
2026-03-11 04:52:00+00:00,2026-03-11 05:09:00+00:00,long,70146.72,70000.11,SL,-3.6608,362.4182,1.5
2026-03-11 05:34:00+00:00,2026-03-11 05:39:00+00:00,long,69947.92,69769.23,SL,-3.6242,358.794,1.5
2026-03-11 06:30:00+00:00,2026-03-11 07:34:00+00:00,long,69831.19,69658.92,SL,-3.5879,355.2061,1.5
2026-03-11 08:09:00+00:00,2026-03-11 11:51:00+00:00,short,69641.62,69315.84,TP,7.1041,362.3102,1.5
2026-03-11 12:34:00+00:00,2026-03-11 13:05:00+00:00,short,69277.24,69440.4,SL,-3.6231,358.6871,1.5
2026-03-11 13:31:00+00:00,2026-03-11 13:38:00+00:00,long,70510.15,70925.69,TP,7.1737,365.8608,1.5
2026-03-11 14:00:00+00:00,2026-03-11 14:01:00+00:00,long,70466.36,70236.28,SL,-3.6586,362.2022,1.5
2026-03-11 14:17:00+00:00,2026-03-11 14:29:00+00:00,long,70364.34,70664.16,TP,7.244,369.4463,1.5
2026-03-11 15:20:00+00:00,2026-03-11 15:30:00+00:00,long,70284.49,69953.02,SL,-3.6945,365.7518,1.5
2026-03-11 15:38:00+00:00,2026-03-11 15:48:00+00:00,long,70171.6,69925.43,SL,-3.6575,362.0943,1.5
2026-03-11 16:18:00+00:00,2026-03-11 16:46:00+00:00,long,70469.9,70789.73,TP,7.2419,369.3362,1.5
2026-03-11 17:03:00+00:00,2026-03-11 17:25:00+00:00,long,70908.0,71268.24,TP,7.3867,376.7229,1.5
2026-03-11 17:48:00+00:00,2026-03-11 17:55:00+00:00,long,70843.84,70694.3,SL,-3.7672,372.9557,1.5
2026-03-11 18:00:00+00:00,2026-03-11 18:10:00+00:00,long,70841.51,70697.24,SL,-3.7296,369.2261,1.5
2026-03-11 18:15:00+00:00,2026-03-11 18:39:00+00:00,long,70777.16,70461.69,SL,-3.6923,365.5338,1.5
2026-03-11 18:49:00+00:00,2026-03-11 19:05:00+00:00,long,70653.34,70493.79,SL,-3.6553,361.8785,1.5
2026-03-11 19:46:00+00:00,2026-03-11 20:01:00+00:00,long,70677.17,70524.72,SL,-3.6188,358.2597,1.5
2026-03-11 20:27:00+00:00,2026-03-11 20:42:00+00:00,short,70400.01,70560.03,SL,-3.5826,354.6771,1.5
2026-03-11 20:52:00+00:00,2026-03-11 20:58:00+00:00,short,70506.39,70685.25,SL,-3.5468,351.1303,1.5
2026-03-11 21:30:00+00:00,2026-03-11 22:33:00+00:00,long,70589.03,70433.07,SL,-3.5113,347.619,1.5
2026-03-11 22:56:00+00:00,2026-03-11 23:00:00+00:00,short,70292.86,70445.6,SL,-3.4762,344.1428,1.5
2026-03-11 23:15:00+00:00,2026-03-12 01:02:00+00:00,short,70400.27,70075.01,TP,6.8829,351.0257,1.5
2026-03-12 01:33:00+00:00,2026-03-12 01:42:00+00:00,short,69818.53,69962.59,SL,-3.5103,347.5154,1.5
2026-03-12 01:50:00+00:00,2026-03-12 02:20:00+00:00,short,69863.98,69558.86,TP,6.9503,354.4658,1.5
2026-03-12 02:33:00+00:00,2026-03-12 04:07:00+00:00,short,69501.0,69641.65,SL,-3.5447,350.9211,1.5
2026-03-12 04:15:00+00:00,2026-03-12 05:21:00+00:00,short,69572.29,69272.19,TP,7.0184,357.9395,1.5
2026-03-12 05:50:00+00:00,2026-03-12 07:22:00+00:00,short,69439.31,69600.7,SL,-3.5794,354.3601,1.5
2026-03-12 07:48:00+00:00,2026-03-12 09:16:00+00:00,long,69811.54,69633.49,SL,-3.5436,350.8165,1.5
2026-03-12 09:25:00+00:00,2026-03-12 09:42:00+00:00,long,69720.46,70018.02,TP,7.0163,357.8329,1.5
2026-03-12 10:18:00+00:00,2026-03-12 10:36:00+00:00,long,70043.41,70325.9,TP,7.1567,364.9895,1.5
2026-03-12 11:18:00+00:00,2026-03-12 12:02:00+00:00,long,70514.09,70366.89,SL,-3.6499,361.3396,1.5
2026-03-12 12:12:00+00:00,2026-03-12 13:20:00+00:00,long,70332.72,70140.01,SL,-3.6134,357.7262,1.5
2026-03-12 13:44:00+00:00,2026-03-12 13:47:00+00:00,short,70079.52,69770.79,TP,7.1545,364.8807,1.5
2026-03-12 14:18:00+00:00,2026-03-12 14:31:00+00:00,short,70139.54,69792.76,TP,7.2976,372.1784,1.5
2026-03-12 15:39:00+00:00,2026-03-12 15:40:00+00:00,long,70549.31,70361.59,SL,-3.7218,368.4566,1.5
2026-03-12 15:42:00+00:00,2026-03-12 15:47:00+00:00,long,70444.11,70301.15,SL,-3.6846,364.772,1.5
2026-03-12 16:16:00+00:00,2026-03-12 16:21:00+00:00,long,70218.11,70536.2,TP,7.2954,372.0674,1.5
2026-03-12 16:34:00+00:00,2026-03-12 17:06:00+00:00,long,70252.94,70546.8,TP,7.4413,379.5088,1.5
2026-03-12 17:24:00+00:00,2026-03-12 17:46:00+00:00,long,70429.09,70220.0,SL,-3.7951,375.7137,1.5
2026-03-12 17:51:00+00:00,2026-03-12 17:55:00+00:00,long,70388.67,70137.96,SL,-3.7571,371.9566,1.5
2026-03-12 18:19:00+00:00,2026-03-12 18:57:00+00:00,short,70116.36,69824.35,TP,7.4391,379.3957,1.5
2026-03-12 18:59:00+00:00,2026-03-12 19:15:00+00:00,short,69819.64,69967.0,SL,-3.794,375.6017,1.5
2026-03-12 19:50:00+00:00,2026-03-12 20:30:00+00:00,long,70424.99,70234.82,SL,-3.756,371.8457,1.5
2026-03-12 21:42:00+00:00,2026-03-12 22:16:00+00:00,long,70267.68,70122.04,SL,-3.7185,368.1273,1.5
2026-03-12 22:34:00+00:00,2026-03-12 23:03:00+00:00,short,70097.12,70321.0,SL,-3.6813,364.446,1.5
2026-03-12 23:43:00+00:00,2026-03-12 23:55:00+00:00,long,70653.9,70483.24,SL,-3.6445,360.8015,1.5
2026-03-13 00:06:00+00:00,2026-03-13 00:12:00+00:00,long,70543.07,70931.86,TP,7.216,368.0176,1.5
2026-03-13 00:31:00+00:00,2026-03-13 00:37:00+00:00,long,71904.33,71759.59,SL,-3.6802,364.3374,1.5
2026-03-13 01:00:00+00:00,2026-03-13 01:25:00+00:00,long,71630.04,71473.17,SL,-3.6434,360.694,1.5
2026-03-13 01:42:00+00:00,2026-03-13 02:17:00+00:00,long,71643.66,71485.55,SL,-3.6069,357.0871,1.5
2026-03-13 02:53:00+00:00,2026-03-13 03:08:00+00:00,short,71082.09,71225.61,SL,-3.5709,353.5162,1.5
2026-03-13 03:27:00+00:00,2026-03-13 03:53:00+00:00,short,71150.0,71333.82,SL,-3.5352,349.981,1.5
2026-03-13 04:10:00+00:00,2026-03-13 04:15:00+00:00,long,71487.48,71324.36,SL,-3.4998,346.4812,1.5
2026-03-13 04:32:00+00:00,2026-03-13 05:43:00+00:00,long,71330.88,71616.82,TP,6.9296,353.4109,1.5
2026-03-13 07:18:00+00:00,2026-03-13 08:35:00+00:00,long,71477.11,71817.08,TP,7.0682,360.4791,1.5
2026-03-13 09:02:00+00:00,2026-03-13 09:13:00+00:00,long,71937.81,71774.96,SL,-3.6048,356.8743,1.5
2026-03-13 09:26:00+00:00,2026-03-13 09:51:00+00:00,long,71796.84,72100.37,TP,7.1375,364.0118,1.5
2026-03-13 10:01:00+00:00,2026-03-13 10:18:00+00:00,long,72156.33,72458.81,TP,7.2802,371.292,1.5
2026-03-13 10:35:00+00:00,2026-03-13 11:09:00+00:00,long,72483.0,72311.77,SL,-3.7129,367.5791,1.5
2026-03-13 11:17:00+00:00,2026-03-13 11:34:00+00:00,long,72438.4,72283.82,SL,-3.6758,363.9033,1.5
2026-03-13 11:37:00+00:00,2026-03-13 12:46:00+00:00,long,72335.83,72666.46,TP,7.2781,371.1814,1.5
2026-03-13 13:17:00+00:00,2026-03-13 13:36:00+00:00,long,73025.36,72776.65,SL,-3.7118,367.4696,1.5
2026-03-13 13:44:00+00:00,2026-03-13 13:55:00+00:00,long,73270.78,73567.3,TP,7.3494,374.8189,1.5
2026-03-13 14:01:00+00:00,2026-03-13 14:02:00+00:00,long,73538.78,73346.25,SL,-3.7482,371.0708,1.5
2026-03-13 14:20:00+00:00,2026-03-13 14:35:00+00:00,long,73684.78,73514.74,SL,-3.7107,367.36,1.5
2026-03-13 15:02:00+00:00,2026-03-13 15:04:00+00:00,short,72216.83,72365.88,SL,-3.6736,363.6864,1.5
2026-03-13 15:26:00+00:00,2026-03-13 15:41:00+00:00,short,72546.91,72250.49,TP,7.2737,370.9602,1.5
2026-03-13 15:54:00+00:00,2026-03-13 16:05:00+00:00,short,71986.67,71648.05,TP,7.4192,378.3794,1.5
2026-03-13 16:17:00+00:00,2026-03-13 16:26:00+00:00,short,71497.62,71166.23,TP,7.5676,385.947,1.5
2026-03-13 16:57:00+00:00,2026-03-13 17:12:00+00:00,short,71960.86,72117.53,SL,-3.8595,382.0875,1.5
2026-03-13 17:18:00+00:00,2026-03-13 17:27:00+00:00,short,71997.66,71620.47,TP,7.6418,389.7292,1.5
2026-03-13 18:22:00+00:00,2026-03-13 18:28:00+00:00,short,70945.59,71108.48,SL,-3.8973,385.832,1.5
2026-03-13 18:45:00+00:00,2026-03-13 20:14:00+00:00,short,71207.47,71353.0,SL,-3.8583,381.9736,1.5
2026-03-13 20:26:00+00:00,2026-03-13 21:04:00+00:00,short,71321.87,71466.58,SL,-3.8197,378.1539,1.5
2026-03-13 21:38:00+00:00,2026-03-13 22:02:00+00:00,short,71137.03,70776.5,TP,7.5631,385.717,1.5
2026-03-13 22:15:00+00:00,2026-03-13 23:18:00+00:00,short,70723.1,70910.68,SL,-3.8572,381.8598,1.5
2026-03-13 23:31:00+00:00,2026-03-14 00:44:00+00:00,short,70875.76,70568.75,TP,7.6372,389.497,1.5
2026-03-14 01:33:00+00:00,2026-03-14 01:48:00+00:00,short,70715.05,70880.82,SL,-3.895,385.602,1.5
2026-03-14 02:06:00+00:00,2026-03-14 03:42:00+00:00,long,70882.47,71168.31,TP,7.712,393.3141,1.5
2026-03-14 04:04:00+00:00,2026-03-14 05:33:00+00:00,long,71136.2,70964.37,SL,-3.9331,389.3809,1.5
2026-03-14 06:01:00+00:00,2026-03-14 06:34:00+00:00,short,70950.59,70653.14,TP,7.7876,397.1685,1.5
2026-03-14 07:19:00+00:00,2026-03-14 12:02:00+00:00,short,70673.67,70822.53,SL,-3.9717,393.1969,1.5
2026-03-14 12:23:00+00:00,2026-03-14 14:44:00+00:00,long,70765.8,70603.08,SL,-3.932,389.2649,1.5
2026-03-14 14:59:00+00:00,2026-03-14 20:19:00+00:00,short,70599.22,70742.17,SL,-3.8926,385.3722,1.5
2026-03-14 20:32:00+00:00,2026-03-14 23:06:00+00:00,long,70748.94,71056.8,TP,7.7074,393.0797,1.5
2026-03-14 23:28:00+00:00,2026-03-15 01:10:00+00:00,long,71057.96,70901.64,SL,-3.9308,389.1489,1.5
2026-03-15 01:16:00+00:00,2026-03-15 02:07:00+00:00,long,70983.46,71280.49,TP,7.783,396.9319,1.5
2026-03-15 02:41:00+00:00,2026-03-15 02:49:00+00:00,long,71286.36,71624.08,TP,7.9386,404.8705,1.5
2026-03-15 03:34:00+00:00,2026-03-15 05:17:00+00:00,long,71391.4,71761.12,TP,8.0974,412.9679,1.5
2026-03-15 05:41:00+00:00,2026-03-15 05:52:00+00:00,long,71700.4,71521.19,SL,-4.1297,408.8382,1.5
2026-03-15 06:03:00+00:00,2026-03-15 06:33:00+00:00,long,71588.0,71400.0,SL,-4.0884,404.7499,1.5
2026-03-15 08:45:00+00:00,2026-03-15 09:24:00+00:00,long,71642.55,71930.5,TP,8.095,412.8449,1.5
2026-03-15 09:53:00+00:00,2026-03-15 12:41:00+00:00,long,71790.21,71600.0,SL,-4.1284,408.7164,1.5
2026-03-15 12:52:00+00:00,2026-03-15 13:18:00+00:00,short,71592.79,71302.06,TP,8.1743,416.8907,1.5
2026-03-15 13:38:00+00:00,2026-03-15 13:54:00+00:00,short,71359.29,71522.68,SL,-4.1689,412.7218,1.5
2026-03-15 14:12:00+00:00,2026-03-15 17:52:00+00:00,short,71558.18,71805.52,SL,-4.1272,408.5946,1.5
2026-03-15 18:30:00+00:00,2026-03-15 18:46:00+00:00,long,71811.65,71588.01,SL,-4.0859,404.5087,1.5
2026-03-15 19:37:00+00:00,2026-03-15 20:30:00+00:00,short,71518.64,71707.86,SL,-4.0451,400.4636,1.5
2026-03-15 21:16:00+00:00,2026-03-15 21:37:00+00:00,long,71700.27,72119.99,TP,8.0093,408.4728,1.5
2026-03-15 22:03:00+00:00,2026-03-15 22:06:00+00:00,long,72265.52,72010.89,SL,-4.0847,404.3881,1.5
2026-03-15 22:21:00+00:00,2026-03-15 22:38:00+00:00,long,71916.55,72220.0,TP,8.0878,412.4759,1.5
2026-03-15 23:04:00+00:00,2026-03-15 23:21:00+00:00,long,72942.32,72757.45,SL,-4.1248,408.3511,1.5
2026-03-15 23:40:00+00:00,2026-03-16 00:00:00+00:00,long,72644.23,72952.44,TP,8.167,416.5181,1.5
2026-03-16 00:33:00+00:00,2026-03-16 01:04:00+00:00,long,72562.28,72376.93,SL,-4.1652,412.353,1.5
2026-03-16 01:19:00+00:00,2026-03-16 01:53:00+00:00,long,72469.99,72763.73,TP,8.2471,420.6,1.5
2026-03-16 02:04:00+00:00,2026-03-16 02:13:00+00:00,long,72852.27,72695.14,SL,-4.206,416.394,1.5
2026-03-16 03:02:00+00:00,2026-03-16 03:21:00+00:00,short,72506.71,72705.87,SL,-4.1639,412.2301,1.5
2026-03-16 04:16:00+00:00,2026-03-16 04:25:00+00:00,long,73809.98,73659.6,SL,-4.1223,408.1078,1.5
2026-03-16 04:36:00+00:00,2026-03-16 04:54:00+00:00,long,73761.8,74345.52,TP,8.1622,416.2699,1.5
2026-03-16 05:10:00+00:00,2026-03-16 05:15:00+00:00,long,73978.9,73800.0,SL,-4.1627,412.1072,1.5
2026-03-16 05:25:00+00:00,2026-03-16 05:31:00+00:00,long,73953.37,73770.06,SL,-4.1211,407.9862,1.5
2026-03-16 05:38:00+00:00,2026-03-16 05:56:00+00:00,long,73906.36,74225.22,TP,8.1597,416.1459,1.5
2026-03-16 06:19:00+00:00,2026-03-16 07:37:00+00:00,long,73791.07,73622.84,SL,-4.1615,411.9844,1.5
2026-03-16 08:14:00+00:00,2026-03-16 08:39:00+00:00,short,73514.27,73201.17,TP,8.2397,420.2241,1.5
2026-03-16 09:34:00+00:00,2026-03-16 10:01:00+00:00,short,73213.34,73370.78,SL,-4.2022,416.0219,1.5
2026-03-16 10:08:00+00:00,2026-03-16 10:50:00+00:00,short,73336.8,73506.3,SL,-4.1602,411.8617,1.5
2026-03-16 11:39:00+00:00,2026-03-16 12:30:00+00:00,long,73612.07,73929.03,TP,8.2372,420.0989,1.5
2026-03-16 12:57:00+00:00,2026-03-16 13:33:00+00:00,long,73868.29,74195.37,TP,8.402,428.5009,1.5
2026-03-16 14:02:00+00:00,2026-03-16 14:19:00+00:00,long,74306.84,74155.46,SL,-4.285,424.2159,1.5
2026-03-16 15:30:00+00:00,2026-03-16 15:32:00+00:00,long,73992.01,73816.45,SL,-4.2422,419.9737,1.5
2026-03-16 16:37:00+00:00,2026-03-16 16:41:00+00:00,short,73411.05,73597.58,SL,-4.1997,415.774,1.5
2026-03-16 17:01:00+00:00,2026-03-16 17:29:00+00:00,long,73875.09,73683.26,SL,-4.1577,411.6162,1.5
2026-03-16 17:37:00+00:00,2026-03-16 18:08:00+00:00,long,73884.35,74241.43,TP,8.2323,419.8486,1.5
2026-03-16 18:34:00+00:00,2026-03-16 18:37:00+00:00,long,74308.0,74093.42,SL,-4.1985,415.6501,1.5
2026-03-16 19:07:00+00:00,2026-03-16 21:04:00+00:00,long,74009.99,74458.16,TP,8.313,423.9631,1.5
2026-03-16 21:34:00+00:00,2026-03-16 22:06:00+00:00,long,74467.09,74768.69,TP,8.4793,432.4423,1.5
2026-03-16 22:38:00+00:00,2026-03-16 23:02:00+00:00,long,74760.47,74596.0,SL,-4.3244,428.1179,1.5
2026-03-16 23:15:00+00:00,2026-03-16 23:43:00+00:00,long,74535.97,74886.73,TP,8.5624,436.6803,1.5
2026-03-17 00:07:00+00:00,2026-03-17 00:11:00+00:00,long,74948.58,75253.25,TP,8.7336,445.4139,1.5
2026-03-17 00:36:00+00:00,2026-03-17 00:39:00+00:00,long,75200.44,75003.36,SL,-4.4541,440.9597,1.5
2026-03-17 00:55:00+00:00,2026-03-17 00:59:00+00:00,long,75014.58,75318.48,TP,8.8192,449.7789,1.5
2026-03-17 01:58:00+00:00,2026-03-17 02:07:00+00:00,long,75607.71,75286.52,SL,-4.4978,445.2811,1.5
2026-03-17 03:03:00+00:00,2026-03-17 03:10:00+00:00,long,75315.63,75120.7,SL,-4.4528,440.8283,1.5
2026-03-17 03:30:00+00:00,2026-03-17 03:41:00+00:00,short,74754.03,74363.08,TP,8.8166,449.6449,1.5
2026-03-17 04:17:00+00:00,2026-03-17 04:32:00+00:00,short,74458.37,74140.01,TP,8.9929,458.6378,1.5
2026-03-17 04:44:00+00:00,2026-03-17 04:49:00+00:00,short,74051.38,74200.5,SL,-4.5864,454.0514,1.5
2026-03-17 05:02:00+00:00,2026-03-17 05:06:00+00:00,short,74121.26,74295.16,SL,-4.5405,449.5109,1.5
2026-03-17 05:20:00+00:00,2026-03-17 05:31:00+00:00,short,74272.67,74446.84,SL,-4.4951,445.0158,1.5
2026-03-17 05:34:00+00:00,2026-03-17 05:44:00+00:00,short,74335.23,73943.01,TP,8.9003,453.9161,1.5
2026-03-17 06:06:00+00:00,2026-03-17 06:12:00+00:00,short,73877.63,74111.41,SL,-4.5392,449.3769,1.5
2026-03-17 06:32:00+00:00,2026-03-17 07:15:00+00:00,short,74181.36,74353.71,SL,-4.4938,444.8832,1.5
2026-03-17 08:01:00+00:00,2026-03-17 08:10:00+00:00,long,74436.0,74176.66,SL,-4.4488,440.4343,1.5
2026-03-17 08:20:00+00:00,2026-03-17 08:38:00+00:00,long,74374.91,74199.18,SL,-4.4043,436.03,1.5
2026-03-17 08:41:00+00:00,2026-03-17 08:57:00+00:00,long,74428.43,74202.06,SL,-4.3603,431.6697,1.5
2026-03-17 09:35:00+00:00,2026-03-17 09:55:00+00:00,short,74195.08,73860.01,TP,8.6334,440.3031,1.5
2026-03-17 10:51:00+00:00,2026-03-17 11:05:00+00:00,short,73656.88,73866.43,SL,-4.403,435.9001,1.5
2026-03-17 11:25:00+00:00,2026-03-17 12:25:00+00:00,long,74041.99,73845.49,SL,-4.359,431.5411,1.5
2026-03-17 12:49:00+00:00,2026-03-17 13:32:00+00:00,short,73735.51,74056.74,SL,-4.3154,427.2257,1.5
2026-03-17 13:43:00+00:00,2026-03-17 13:52:00+00:00,short,73832.09,73515.81,TP,8.5445,435.7702,1.5
2026-03-17 15:00:00+00:00,2026-03-17 15:09:00+00:00,long,74573.79,74375.94,SL,-4.3577,431.4125,1.5
2026-03-17 15:31:00+00:00,2026-03-17 15:33:00+00:00,long,74148.9,73963.0,SL,-4.3141,427.0983,1.5
2026-03-17 16:45:00+00:00,2026-03-17 17:41:00+00:00,long,74150.42,74450.91,TP,8.542,435.6403,1.5
2026-03-17 17:48:00+00:00,2026-03-17 18:53:00+00:00,long,74449.11,74747.86,TP,8.7128,444.3531,1.5
2026-03-17 19:09:00+00:00,2026-03-17 19:31:00+00:00,long,74736.15,74563.89,SL,-4.4435,439.9096,1.5
2026-03-17 19:37:00+00:00,2026-03-17 19:47:00+00:00,long,74705.66,74526.02,SL,-4.3991,435.5105,1.5
2026-03-17 20:51:00+00:00,2026-03-17 22:28:00+00:00,long,74557.33,74407.6,SL,-4.3551,431.1554,1.5
2026-03-17 23:15:00+00:00,2026-03-17 23:44:00+00:00,short,74291.64,73945.1,TP,8.6231,439.7785,1.5
2026-03-17 23:57:00+00:00,2026-03-18 00:08:00+00:00,short,73903.21,74061.99,SL,-4.3978,435.3807,1.5
2026-03-18 00:17:00+00:00,2026-03-18 00:37:00+00:00,short,73938.06,73627.67,TP,8.7076,444.0883,1.5
2026-03-18 01:11:00+00:00,2026-03-18 01:28:00+00:00,short,73873.17,74041.77,SL,-4.4409,439.6474,1.5
2026-03-18 02:07:00+00:00,2026-03-18 02:45:00+00:00,long,74124.92,74444.97,TP,8.7929,448.4404,1.5
2026-03-18 03:20:00+00:00,2026-03-18 03:26:00+00:00,long,74305.29,74603.37,TP,8.9688,457.4092,1.5
2026-03-18 03:57:00+00:00,2026-03-18 04:17:00+00:00,long,74519.54,74370.24,SL,-4.5741,452.8351,1.5
2026-03-18 05:20:00+00:00,2026-03-18 05:54:00+00:00,short,74196.93,73846.16,TP,9.0567,461.8918,1.5
2026-03-18 06:34:00+00:00,2026-03-18 07:09:00+00:00,short,74166.14,73866.86,TP,9.2378,471.1296,1.5
2026-03-18 07:22:00+00:00,2026-03-18 08:05:00+00:00,short,73848.52,73999.36,SL,-4.7113,466.4183,1.5
2026-03-18 08:11:00+00:00,2026-03-18 08:52:00+00:00,short,73970.0,74118.55,SL,-4.6642,461.7542,1.5
2026-03-18 09:04:00+00:00,2026-03-18 10:42:00+00:00,long,74104.59,73941.15,SL,-4.6175,457.1366,1.5
2026-03-18 11:05:00+00:00,2026-03-18 11:11:00+00:00,short,73825.03,73979.99,SL,-4.5714,452.5652,1.5
2026-03-18 11:24:00+00:00,2026-03-18 11:29:00+00:00,short,73920.0,73602.91,TP,9.0513,461.6166,1.5
2026-03-18 12:09:00+00:00,2026-03-18 12:32:00+00:00,short,72777.0,72416.86,TP,9.2323,470.8489,1.5
2026-03-18 12:42:00+00:00,2026-03-18 13:25:00+00:00,short,72382.56,72546.52,SL,-4.7085,466.1404,1.5
2026-03-18 13:30:00+00:00,2026-03-18 13:55:00+00:00,short,72363.8,72071.93,TP,9.3228,475.4632,1.5
2026-03-18 14:03:00+00:00,2026-03-18 14:28:00+00:00,short,71984.15,71639.48,TP,9.5093,484.9725,1.5
2026-03-18 14:40:00+00:00,2026-03-18 14:58:00+00:00,short,71607.69,71283.39,TP,9.6995,494.6719,1.5
2026-03-18 15:13:00+00:00,2026-03-18 15:17:00+00:00,short,71043.44,71195.39,SL,-4.9467,489.7252,1.5
2026-03-18 15:42:00+00:00,2026-03-18 15:54:00+00:00,short,71280.03,71432.96,SL,-4.8973,484.8279,1.5
2026-03-18 16:03:00+00:00,2026-03-18 16:25:00+00:00,short,71425.0,71136.24,TP,9.6966,494.5245,1.5
2026-03-18 16:34:00+00:00,2026-03-18 16:42:00+00:00,short,71122.2,71278.63,SL,-4.9452,489.5793,1.5
2026-03-18 16:57:00+00:00,2026-03-18 17:22:00+00:00,short,71277.35,71420.73,SL,-4.8958,484.6835,1.5
2026-03-18 17:31:00+00:00,2026-03-18 17:35:00+00:00,short,71348.24,71502.0,SL,-4.8468,479.8366,1.5
2026-03-18 18:01:00+00:00,2026-03-18 18:21:00+00:00,long,71765.48,71597.39,SL,-4.7984,475.0383,1.5
2026-03-18 18:30:00+00:00,2026-03-18 18:33:00+00:00,long,71846.26,71651.17,SL,-4.7504,470.2879,1.5
2026-03-18 18:34:00+00:00,2026-03-18 18:36:00+00:00,short,71486.21,71675.34,SL,-4.7029,465.585,1.5
2026-03-18 18:42:00+00:00,2026-03-18 18:46:00+00:00,long,71659.8,71498.27,SL,-4.6559,460.9292,1.5
2026-03-18 19:24:00+00:00,2026-03-18 19:50:00+00:00,short,71300.01,71008.4,TP,9.2186,470.1477,1.5
2026-03-18 20:02:00+00:00,2026-03-18 20:08:00+00:00,short,70955.37,70635.04,TP,9.403,479.5507,1.5
2026-03-18 20:44:00+00:00,2026-03-18 21:05:00+00:00,short,71168.43,71343.99,SL,-4.7955,474.7552,1.5
2026-03-18 21:38:00+00:00,2026-03-18 22:01:00+00:00,long,71319.97,71130.15,SL,-4.7476,470.0076,1.5
2026-03-18 22:40:00+00:00,2026-03-18 22:55:00+00:00,short,70966.22,71116.42,SL,-4.7001,465.3076,1.5
2026-03-18 23:27:00+00:00,2026-03-19 00:52:00+00:00,long,71180.81,70999.1,SL,-4.6531,460.6545,1.5
2026-03-19 00:56:00+00:00,2026-03-19 01:42:00+00:00,short,71018.01,71160.83,SL,-4.6065,456.0479,1.5
2026-03-19 01:51:00+00:00,2026-03-19 02:29:00+00:00,short,71087.53,71244.99,SL,-4.5605,451.4875,1.5
2026-03-19 02:34:00+00:00,2026-03-19 02:51:00+00:00,long,71245.09,71070.91,SL,-4.5149,446.9726,1.5
2026-03-19 03:53:00+00:00,2026-03-19 04:05:00+00:00,long,71269.88,71092.49,SL,-4.4697,442.5029,1.5
2026-03-19 04:26:00+00:00,2026-03-19 04:55:00+00:00,short,70695.09,70851.01,SL,-4.425,438.0778,1.5
2026-03-19 05:06:00+00:00,2026-03-19 06:17:00+00:00,short,70782.2,70927.61,SL,-4.3808,433.697,1.5
2026-03-19 06:23:00+00:00,2026-03-19 06:57:00+00:00,short,70822.43,70533.37,TP,8.6739,442.371,1.5
2026-03-19 07:49:00+00:00,2026-03-19 07:53:00+00:00,short,70056.71,70258.99,SL,-4.4237,437.9473,1.5
2026-03-19 08:03:00+00:00,2026-03-19 09:21:00+00:00,short,70160.01,70341.75,SL,-4.3795,433.5678,1.5
2026-03-19 09:33:00+00:00,2026-03-19 09:38:00+00:00,short,70176.05,70320.79,SL,-4.3357,429.2321,1.5
2026-03-19 10:22:00+00:00,2026-03-19 10:31:00+00:00,long,70499.96,70354.94,SL,-4.2923,424.9398,1.5
2026-03-19 10:53:00+00:00,2026-03-19 12:04:00+00:00,short,70163.36,69841.08,TP,8.4988,433.4386,1.5
2026-03-19 12:17:00+00:00,2026-03-19 12:51:00+00:00,short,69621.12,69290.43,TP,8.6688,442.1074,1.5
2026-03-19 13:13:00+00:00,2026-03-19 13:18:00+00:00,short,69122.08,69310.58,SL,-4.4211,437.6863,1.5
2026-03-19 13:39:00+00:00,2026-03-19 13:41:00+00:00,short,69306.77,69602.94,SL,-4.3769,433.3094,1.5
2026-03-19 14:00:00+00:00,2026-03-19 14:01:00+00:00,long,70165.52,69913.47,SL,-4.3331,428.9763,1.5
2026-03-19 15:41:00+00:00,2026-03-19 15:49:00+00:00,short,69025.85,69225.96,SL,-4.2898,424.6866,1.5
2026-03-19 16:06:00+00:00,2026-03-19 16:25:00+00:00,short,69348.93,69536.12,SL,-4.2469,420.4397,1.5
2026-03-19 16:32:00+00:00,2026-03-19 16:40:00+00:00,short,69343.18,69591.84,SL,-4.2044,416.2353,1.5
2026-03-19 16:47:00+00:00,2026-03-19 17:09:00+00:00,short,69438.99,69148.98,TP,8.3247,424.56,1.5
2026-03-19 17:49:00+00:00,2026-03-19 19:01:00+00:00,long,69688.05,69987.99,TP,8.4912,433.0512,1.5
2026-03-19 19:42:00+00:00,2026-03-19 19:50:00+00:00,long,70447.39,70191.48,SL,-4.3305,428.7207,1.5
2026-03-19 20:08:00+00:00,2026-03-19 21:08:00+00:00,long,70322.56,70634.0,TP,8.5744,437.2951,1.5
2026-03-19 21:55:00+00:00,2026-03-19 22:03:00+00:00,long,70534.91,70370.63,SL,-4.373,432.9222,1.5
2026-03-19 22:10:00+00:00,2026-03-19 22:33:00+00:00,long,70376.0,70223.08,SL,-4.3292,428.593,1.5
2026-03-19 23:13:00+00:00,2026-03-19 23:37:00+00:00,short,70204.61,69906.53,TP,8.5719,437.1648,1.5
2026-03-20 00:23:00+00:00,2026-03-20 00:29:00+00:00,short,69964.76,70115.19,SL,-4.3716,432.7932,1.5
2026-03-20 00:35:00+00:00,2026-03-20 01:16:00+00:00,long,70150.84,70432.6,TP,8.6559,441.449,1.5
2026-03-20 01:31:00+00:00,2026-03-20 02:00:00+00:00,long,70498.53,70355.43,SL,-4.4145,437.0345,1.5
2026-03-20 02:08:00+00:00,2026-03-20 02:15:00+00:00,long,70423.76,70274.01,SL,-4.3703,432.6642,1.5
2026-03-20 03:20:00+00:00,2026-03-20 04:07:00+00:00,long,70530.29,70935.33,TP,8.6533,441.3175,1.5
2026-03-20 04:47:00+00:00,2026-03-20 06:17:00+00:00,long,70616.08,70466.29,SL,-4.4132,436.9043,1.5
2026-03-20 06:39:00+00:00,2026-03-20 07:33:00+00:00,short,70410.0,70652.89,SL,-4.369,432.5353,1.5
2026-03-20 08:08:00+00:00,2026-03-20 08:12:00+00:00,long,71029.21,71329.34,TP,8.6507,441.186,1.5
2026-03-20 09:47:00+00:00,2026-03-20 10:21:00+00:00,short,70545.21,70257.18,TP,8.8237,450.0097,1.5
2026-03-20 10:55:00+00:00,2026-03-20 11:05:00+00:00,short,70563.39,70716.79,SL,-4.5001,445.5096,1.5
2026-03-20 12:17:00+00:00,2026-03-20 12:41:00+00:00,short,70586.96,70274.08,TP,8.9102,454.4198,1.5
2026-03-20 12:48:00+00:00,2026-03-20 13:07:00+00:00,short,70269.79,70426.17,SL,-4.5442,449.8756,1.5
2026-03-20 13:12:00+00:00,2026-03-20 13:17:00+00:00,short,70254.36,70426.18,SL,-4.4988,445.3768,1.5
2026-03-20 13:30:00+00:00,2026-03-20 13:32:00+00:00,short,70348.81,70043.76,TP,8.9075,454.2844,1.5
2026-03-20 13:51:00+00:00,2026-03-20 14:01:00+00:00,short,70016.4,69730.55,TP,9.0857,463.3701,1.5
2026-03-20 14:16:00+00:00,2026-03-20 14:26:00+00:00,short,69751.83,69901.0,SL,-4.6337,458.7363,1.5
2026-03-20 14:43:00+00:00,2026-03-20 14:52:00+00:00,short,70057.08,69710.14,TP,9.1747,467.9111,1.5
2026-03-20 15:46:00+00:00,2026-03-20 15:52:00+00:00,short,69817.4,69963.28,SL,-4.6791,463.232,1.5
2026-03-20 16:15:00+00:00,2026-03-20 16:19:00+00:00,short,69932.31,70073.46,SL,-4.6323,458.5996,1.5
2026-03-20 16:51:00+00:00,2026-03-20 16:53:00+00:00,short,69612.79,69758.57,SL,-4.586,454.0136,1.5
2026-03-20 17:11:00+00:00,2026-03-20 17:35:00+00:00,short,69824.07,69530.99,TP,9.0803,463.0939,1.5
2026-03-20 18:57:00+00:00,2026-03-20 19:00:00+00:00,short,69710.52,69851.93,SL,-4.6309,458.463,1.5
2026-03-20 19:07:00+00:00,2026-03-20 19:14:00+00:00,short,69731.28,69877.24,SL,-4.5846,453.8784,1.5
2026-03-20 19:24:00+00:00,2026-03-20 19:30:00+00:00,short,69833.19,69976.91,SL,-4.5388,449.3396,1.5
2026-03-20 21:14:00+00:00,2026-03-20 21:18:00+00:00,long,70133.93,70577.02,TP,8.9868,458.3264,1.5
2026-03-20 21:51:00+00:00,2026-03-20 22:07:00+00:00,long,70584.59,70870.85,TP,9.1665,467.4929,1.5
2026-03-20 22:39:00+00:00,2026-03-20 23:06:00+00:00,long,70746.59,70592.2,SL,-4.6749,462.818,1.5
2026-03-20 23:21:00+00:00,2026-03-21 04:25:00+00:00,long,70507.8,70791.09,TP,9.2564,472.0743,1.5
2026-03-21 05:10:00+00:00,2026-03-21 05:22:00+00:00,short,70638.89,70782.79,SL,-4.7207,467.3536,1.5
2026-03-21 06:02:00+00:00,2026-03-21 08:22:00+00:00,long,70727.87,70579.8,SL,-4.6735,462.68,1.5
2026-03-21 08:48:00+00:00,2026-03-21 09:07:00+00:00,short,70570.41,70730.56,SL,-4.6268,458.0532,1.5
2026-03-21 09:17:00+00:00,2026-03-21 14:10:00+00:00,short,70682.62,70847.2,SL,-4.5805,453.4727,1.5
2026-03-21 15:19:00+00:00,2026-03-21 15:27:00+00:00,short,70511.37,70660.56,SL,-4.5347,448.938,1.5
2026-03-21 15:39:00+00:00,2026-03-21 16:55:00+00:00,short,70629.11,70339.44,TP,8.9788,457.9167,1.5
2026-03-21 16:56:00+00:00,2026-03-21 18:23:00+00:00,short,70279.31,70421.34,SL,-4.5792,453.3376,1.5
2026-03-21 18:31:00+00:00,2026-03-21 23:29:00+00:00,short,70406.39,70120.7,TP,9.0668,462.4043,1.5
2026-03-21 23:46:00+00:00,2026-03-21 23:49:00+00:00,short,69928.43,69591.39,TP,9.2481,471.6524,1.5
2026-03-22 00:50:00+00:00,2026-03-22 01:20:00+00:00,short,68941.89,69090.0,SL,-4.7165,466.9359,1.5
2026-03-22 01:29:00+00:00,2026-03-22 02:27:00+00:00,short,69030.27,69189.91,SL,-4.6694,462.2665,1.5
2026-03-22 02:55:00+00:00,2026-03-22 03:02:00+00:00,long,69340.33,69190.37,SL,-4.6227,457.6439,1.5
2026-03-22 03:11:00+00:00,2026-03-22 05:35:00+00:00,long,69310.45,69150.9,SL,-4.5764,453.0674,1.5
2026-03-22 05:52:00+00:00,2026-03-22 08:01:00+00:00,short,69170.6,68834.01,TP,9.0613,462.1288,1.5
2026-03-22 08:19:00+00:00,2026-03-22 11:25:00+00:00,short,68834.01,68444.1,TP,9.2426,471.3713,1.5
2026-03-22 11:41:00+00:00,2026-03-22 12:18:00+00:00,short,68351.09,68509.19,SL,-4.7137,466.6576,1.5
2026-03-22 12:58:00+00:00,2026-03-22 18:34:00+00:00,long,68670.35,68515.42,SL,-4.6666,461.9911,1.5
2026-03-22 19:04:00+00:00,2026-03-22 19:49:00+00:00,short,68467.8,68156.09,TP,9.2398,471.2309,1.5
2026-03-22 20:26:00+00:00,2026-03-22 21:05:00+00:00,short,68294.08,67679.82,TP,9.4246,480.6555,1.5
2026-03-22 21:47:00+00:00,2026-03-22 22:04:00+00:00,short,67789.2,67926.42,SL,-4.8066,475.8489,1.5
2026-03-22 22:15:00+00:00,2026-03-22 22:21:00+00:00,short,67914.0,68105.06,SL,-4.7585,471.0905,1.5
2026-03-22 22:51:00+00:00,2026-03-22 23:29:00+00:00,long,68259.75,68103.9,SL,-4.7109,466.3796,1.5
2026-03-22 23:49:00+00:00,2026-03-23 00:12:00+00:00,short,67943.9,68112.61,SL,-4.6638,461.7158,1.5
2026-03-23 00:17:00+00:00,2026-03-23 00:25:00+00:00,short,67905.6,68088.89,SL,-4.6172,457.0986,1.5
2026-03-23 00:31:00+00:00,2026-03-23 00:38:00+00:00,short,67903.99,67631.66,TP,9.142,466.2406,1.5
2026-03-23 01:00:00+00:00,2026-03-23 01:05:00+00:00,short,67587.42,67735.43,SL,-4.6624,461.5782,1.5
2026-03-23 02:14:00+00:00,2026-03-23 02:20:00+00:00,short,67847.2,67996.61,SL,-4.6158,456.9624,1.5
2026-03-23 02:42:00+00:00,2026-03-23 02:47:00+00:00,long,68354.54,68212.68,SL,-4.5696,452.3928,1.5
2026-03-23 02:59:00+00:00,2026-03-23 03:30:00+00:00,long,68320.72,68180.79,SL,-4.5239,447.8688,1.5
2026-03-23 03:32:00+00:00,2026-03-23 03:54:00+00:00,long,68209.51,68070.18,SL,-4.4787,443.3901,1.5
2026-03-23 04:26:00+00:00,2026-03-23 04:54:00+00:00,long,68201.84,68484.27,TP,8.8678,452.2579,1.5
2026-03-23 05:16:00+00:00,2026-03-23 05:25:00+00:00,long,68845.99,68686.03,SL,-4.5226,447.7354,1.5
2026-03-23 05:37:00+00:00,2026-03-23 05:39:00+00:00,long,68841.77,68694.87,SL,-4.4774,443.258,1.5
2026-03-23 05:52:00+00:00,2026-03-23 06:13:00+00:00,long,68720.88,68580.73,SL,-4.4326,438.8254,1.5
2026-03-23 06:28:00+00:00,2026-03-23 06:32:00+00:00,long,68615.14,68463.19,SL,-4.3883,434.4372,1.5
2026-03-23 07:05:00+00:00,2026-03-23 07:07:00+00:00,short,67535.43,67855.97,SL,-4.3444,430.0928,1.5
2026-03-23 07:22:00+00:00,2026-03-23 07:28:00+00:00,short,67680.2,67828.38,SL,-4.3009,425.7919,1.5
2026-03-23 08:13:00+00:00,2026-03-23 08:49:00+00:00,long,68589.03,68446.23,SL,-4.2579,421.534,1.5
2026-03-23 09:25:00+00:00,2026-03-23 09:59:00+00:00,short,68181.3,68334.01,SL,-4.2153,417.3186,1.5
2026-03-23 10:46:00+00:00,2026-03-23 11:05:00+00:00,long,68416.41,69975.78,TP,8.3464,425.665,1.5
2026-03-23 12:09:00+00:00,2026-03-23 12:21:00+00:00,long,70070.53,70499.99,TP,8.5133,434.1783,1.5
2026-03-23 12:35:00+00:00,2026-03-23 12:42:00+00:00,long,70400.0,70725.88,TP,8.6836,442.8619,1.5
2026-03-23 13:16:00+00:00,2026-03-23 13:39:00+00:00,long,70822.93,71134.72,TP,8.8572,451.7191,1.5
2026-03-23 13:50:00+00:00,2026-03-23 14:01:00+00:00,long,71293.78,71653.22,TP,9.0344,460.7535,1.5
2026-03-23 14:09:00+00:00,2026-03-23 14:14:00+00:00,long,71695.05,71524.82,SL,-4.6075,456.1459,1.5
2026-03-23 14:39:00+00:00,2026-03-23 14:45:00+00:00,long,71510.74,71277.91,SL,-4.5615,451.5845,1.5
2026-03-23 14:56:00+00:00,2026-03-23 15:17:00+00:00,long,71383.87,71185.59,SL,-4.5158,447.0686,1.5
2026-03-23 15:40:00+00:00,2026-03-23 15:53:00+00:00,short,70723.52,70383.32,TP,8.9414,456.01,1.5
2026-03-23 16:20:00+00:00,2026-03-23 16:24:00+00:00,short,70242.82,70420.84,SL,-4.5601,451.4499,1.5
2026-03-23 16:27:00+00:00,2026-03-23 16:34:00+00:00,short,70270.92,70425.59,SL,-4.5145,446.9354,1.5
2026-03-23 16:56:00+00:00,2026-03-23 17:33:00+00:00,short,70579.21,70814.01,SL,-4.4694,442.4661,1.5
2026-03-23 17:54:00+00:00,2026-03-23 18:22:00+00:00,long,71097.1,70926.33,SL,-4.4247,438.0414,1.5
2026-03-23 18:31:00+00:00,2026-03-23 19:16:00+00:00,long,71033.4,70859.93,SL,-4.3804,433.661,1.5
2026-03-23 19:22:00+00:00,2026-03-23 19:50:00+00:00,long,70969.58,70780.25,SL,-4.3366,429.3244,1.5
2026-03-23 21:23:00+00:00,2026-03-23 22:02:00+00:00,long,70915.17,70717.2,SL,-4.2932,425.0311,1.5
2026-03-23 22:31:00+00:00,2026-03-23 22:45:00+00:00,short,70576.4,70771.12,SL,-4.2503,420.7808,1.5
2026-03-23 23:03:00+00:00,2026-03-23 23:20:00+00:00,short,70717.67,70434.68,TP,8.4156,429.1964,1.5
2026-03-24 00:26:00+00:00,2026-03-24 00:31:00+00:00,long,70773.19,70610.89,SL,-4.292,424.9045,1.5
2026-03-24 01:00:00+00:00,2026-03-24 01:27:00+00:00,short,70661.7,70807.18,SL,-4.249,420.6554,1.5
2026-03-24 01:33:00+00:00,2026-03-24 01:41:00+00:00,short,70719.36,70434.19,TP,8.4131,429.0685,1.5
2026-03-24 02:11:00+00:00,2026-03-24 02:22:00+00:00,short,70448.38,70616.14,SL,-4.2907,424.7778,1.5
2026-03-24 02:39:00+00:00,2026-03-24 04:05:00+00:00,short,70466.56,70646.78,SL,-4.2478,420.5301,1.5
2026-03-24 05:02:00+00:00,2026-03-24 06:22:00+00:00,short,70286.42,70436.94,SL,-4.2053,416.3248,1.5
2026-03-24 06:25:00+00:00,2026-03-24 06:57:00+00:00,short,70379.09,70545.75,SL,-4.1632,412.1615,1.5
2026-03-24 07:02:00+00:00,2026-03-24 07:10:00+00:00,long,70532.31,70859.03,TP,8.2432,420.4047,1.5
2026-03-24 07:50:00+00:00,2026-03-24 07:57:00+00:00,long,70959.3,71266.43,TP,8.4081,428.8128,1.5
2026-03-24 08:33:00+00:00,2026-03-24 09:42:00+00:00,long,70924.18,71219.28,TP,8.5763,437.3891,1.5
2026-03-24 09:54:00+00:00,2026-03-24 10:25:00+00:00,long,71326.04,71166.06,SL,-4.3739,433.0152,1.5
2026-03-24 10:37:00+00:00,2026-03-24 11:03:00+00:00,long,71176.0,71000.01,SL,-4.3302,428.6851,1.5
2026-03-24 11:10:00+00:00,2026-03-24 11:16:00+00:00,long,71168.13,71008.78,SL,-4.2869,424.3982,1.5
2026-03-24 11:25:00+00:00,2026-03-24 11:34:00+00:00,short,70996.93,71188.94,SL,-4.244,420.1542,1.5
2026-03-24 12:13:00+00:00,2026-03-24 12:33:00+00:00,long,71098.0,70888.42,SL,-4.2015,415.9527,1.5
2026-03-24 12:44:00+00:00,2026-03-24 13:19:00+00:00,short,70900.0,70613.02,TP,8.3191,424.2717,1.5
2026-03-24 13:28:00+00:00,2026-03-24 13:41:00+00:00,short,70610.01,70318.45,TP,8.4854,432.7572,1.5
2026-03-24 14:12:00+00:00,2026-03-24 14:27:00+00:00,short,69857.15,70062.98,SL,-4.3276,428.4296,1.5
2026-03-24 14:39:00+00:00,2026-03-24 14:50:00+00:00,short,69838.3,69531.18,TP,8.5686,436.9982,1.5
2026-03-24 15:13:00+00:00,2026-03-24 15:21:00+00:00,short,69922.65,70079.61,SL,-4.37,432.6282,1.5
2026-03-24 15:30:00+00:00,2026-03-24 15:51:00+00:00,short,70011.1,70165.49,SL,-4.3263,428.3019,1.5
2026-03-24 15:56:00+00:00,2026-03-24 16:37:00+00:00,short,69917.64,69600.01,TP,8.566,436.868,1.5
2026-03-24 17:03:00+00:00,2026-03-24 17:33:00+00:00,short,69385.65,69082.91,TP,8.7374,445.6053,1.5
2026-03-24 17:44:00+00:00,2026-03-24 17:55:00+00:00,short,68946.27,69150.86,SL,-4.4561,441.1493,1.5
2026-03-24 18:18:00+00:00,2026-03-24 18:22:00+00:00,short,69327.58,69468.88,SL,-4.4115,436.7378,1.5
2026-03-24 18:28:00+00:00,2026-03-24 18:35:00+00:00,short,69401.81,69574.09,SL,-4.3674,432.3704,1.5
2026-03-24 18:42:00+00:00,2026-03-24 19:19:00+00:00,short,69521.49,69668.13,SL,-4.3237,428.0467,1.5
2026-03-24 19:45:00+00:00,2026-03-24 20:19:00+00:00,short,69380.66,69528.92,SL,-4.2805,423.7662,1.5
2026-03-24 21:04:00+00:00,2026-03-24 21:08:00+00:00,long,70177.59,70005.84,SL,-4.2377,419.5286,1.5
2026-03-24 21:25:00+00:00,2026-03-24 21:42:00+00:00,long,70074.58,70389.75,TP,8.3906,427.9191,1.5
2026-03-24 22:06:00+00:00,2026-03-24 22:29:00+00:00,long,70387.99,70238.88,SL,-4.2792,423.6399,1.5
2026-03-24 22:42:00+00:00,2026-03-24 23:16:00+00:00,long,70280.0,70579.99,TP,8.4728,432.1127,1.5
2026-03-24 23:25:00+00:00,2026-03-25 00:40:00+00:00,long,70636.83,70931.07,TP,8.6423,440.755,1.5
2026-03-25 01:11:00+00:00,2026-03-25 01:14:00+00:00,long,70976.85,70803.63,SL,-4.4075,436.3474,1.5
2026-03-25 01:30:00+00:00,2026-03-25 02:00:00+00:00,long,70775.81,70616.68,SL,-4.3635,431.984,1.5
2026-03-25 02:49:00+00:00,2026-03-25 03:36:00+00:00,short,70628.75,70780.0,SL,-4.3198,427.6641,1.5
2026-03-25 04:07:00+00:00,2026-03-25 05:07:00+00:00,long,70829.48,71191.65,TP,8.5533,436.2174,1.5
2026-03-25 05:43:00+00:00,2026-03-25 05:56:00+00:00,long,71226.47,71077.97,SL,-4.3622,431.8552,1.5
2026-03-25 06:02:00+00:00,2026-03-25 06:58:00+00:00,long,71149.29,71002.98,SL,-4.3186,427.5367,1.5
2026-03-25 07:09:00+00:00,2026-03-25 08:09:00+00:00,long,71028.4,70845.03,SL,-4.2754,423.2613,1.5
2026-03-25 09:08:00+00:00,2026-03-25 09:47:00+00:00,long,71318.65,71128.11,SL,-4.2326,419.0287,1.5
2026-03-25 09:54:00+00:00,2026-03-25 10:47:00+00:00,long,71222.19,71573.38,TP,8.3806,427.4093,1.5
2026-03-25 11:13:00+00:00,2026-03-25 11:30:00+00:00,long,71604.46,71909.64,TP,8.5482,435.9575,1.5
2026-03-25 11:59:00+00:00,2026-03-25 12:16:00+00:00,long,71678.97,71495.9,SL,-4.3596,431.5979,1.5
2026-03-25 13:30:00+00:00,2026-03-25 13:50:00+00:00,long,71782.08,71603.91,SL,-4.316,427.2819,1.5
2026-03-25 14:24:00+00:00,2026-03-25 14:27:00+00:00,short,71285.66,71429.99,SL,-4.2728,423.0091,1.5
2026-03-25 14:28:00+00:00,2026-03-25 14:31:00+00:00,short,71293.89,71477.6,SL,-4.2301,418.779,1.5
2026-03-25 14:39:00+00:00,2026-03-25 15:07:00+00:00,short,71346.64,71034.56,TP,8.3756,427.1546,1.5
2026-03-25 15:38:00+00:00,2026-03-25 16:24:00+00:00,short,70842.01,71075.13,SL,-4.2715,422.883,1.5
2026-03-25 16:39:00+00:00,2026-03-25 16:42:00+00:00,long,71635.8,71468.61,SL,-4.2288,418.6542,1.5
2026-03-25 17:33:00+00:00,2026-03-25 20:09:00+00:00,short,70996.01,70710.18,TP,8.3731,427.0273,1.5
2026-03-25 20:25:00+00:00,2026-03-25 20:37:00+00:00,short,70656.77,70818.59,SL,-4.2703,422.757,1.5
2026-03-25 21:11:00+00:00,2026-03-25 22:41:00+00:00,long,71083.99,71529.87,TP,8.4551,431.2122,1.5
2026-03-25 23:24:00+00:00,2026-03-25 23:42:00+00:00,long,71377.93,71228.18,SL,-4.3121,426.9,1.5
2026-03-25 23:51:00+00:00,2026-03-26 02:11:00+00:00,long,71266.79,71124.25,SL,-4.269,422.631,1.5
2026-03-26 02:30:00+00:00,2026-03-26 05:06:00+00:00,short,70859.99,70521.79,TP,8.4526,431.0837,1.5
2026-03-26 05:42:00+00:00,2026-03-26 05:51:00+00:00,short,70510.0,70165.03,TP,8.6217,439.7053,1.5
2026-03-26 06:25:00+00:00,2026-03-26 06:29:00+00:00,short,69905.62,70059.5,SL,-4.3971,435.3083,1.5
2026-03-26 06:42:00+00:00,2026-03-26 06:55:00+00:00,short,69989.01,70145.56,SL,-4.3531,430.9552,1.5
2026-03-26 07:01:00+00:00,2026-03-26 09:31:00+00:00,short,70031.55,69698.38,TP,8.6191,439.5743,1.5
2026-03-26 10:30:00+00:00,2026-03-26 11:25:00+00:00,short,69623.31,69287.58,TP,8.7915,448.3658,1.5
2026-03-26 11:51:00+00:00,2026-03-26 13:07:00+00:00,short,69353.45,69500.0,SL,-4.4837,443.8821,1.5
2026-03-26 13:11:00+00:00,2026-03-26 13:45:00+00:00,short,69458.11,69770.11,SL,-4.4388,439.4433,1.5
2026-03-26 14:26:00+00:00,2026-03-26 14:46:00+00:00,long,69639.78,69434.99,SL,-4.3944,435.0489,1.5
2026-03-26 14:58:00+00:00,2026-03-26 15:01:00+00:00,long,69545.58,69400.42,SL,-4.3505,430.6984,1.5
2026-03-26 15:04:00+00:00,2026-03-26 15:14:00+00:00,short,69350.0,68950.99,TP,8.614,439.3124,1.5
2026-03-26 15:59:00+00:00,2026-03-26 17:49:00+00:00,short,69082.64,68714.46,TP,8.7862,448.0986,1.5
2026-03-26 18:20:00+00:00,2026-03-26 18:47:00+00:00,short,68255.89,68396.48,SL,-4.481,443.6176,1.5
2026-03-26 19:03:00+00:00,2026-03-26 19:22:00+00:00,short,68410.67,68559.99,SL,-4.4362,439.1814,1.5
2026-03-26 19:25:00+00:00,2026-03-26 19:39:00+00:00,short,68459.49,68611.79,SL,-4.3918,434.7896,1.5
2026-03-26 19:51:00+00:00,2026-03-26 20:11:00+00:00,short,68616.59,69342.45,SL,-4.3479,430.4417,1.5
2026-03-26 21:12:00+00:00,2026-03-26 22:24:00+00:00,long,68922.24,68763.52,SL,-4.3044,426.1373,1.5
2026-03-26 23:08:00+00:00,2026-03-27 00:37:00+00:00,short,68863.31,68549.17,TP,8.5227,434.6601,1.5
2026-03-27 00:47:00+00:00,2026-03-27 00:55:00+00:00,short,68614.0,68766.91,SL,-4.3466,430.3135,1.5
2026-03-27 01:07:00+00:00,2026-03-27 01:13:00+00:00,short,68722.75,68866.23,SL,-4.3031,426.0103,1.5
2026-03-27 01:22:00+00:00,2026-03-27 03:07:00+00:00,long,68894.01,68743.56,SL,-4.2601,421.7502,1.5
2026-03-27 03:45:00+00:00,2026-03-27 04:02:00+00:00,short,68839.69,68548.05,TP,8.435,430.1852,1.5
2026-03-27 04:51:00+00:00,2026-03-27 05:10:00+00:00,short,68607.37,68753.37,SL,-4.3019,425.8834,1.5
2026-03-27 05:21:00+00:00,2026-03-27 07:12:00+00:00,short,68712.18,68857.95,SL,-4.2588,421.6245,1.5
2026-03-27 07:56:00+00:00,2026-03-27 08:35:00+00:00,short,68500.0,67942.51,TP,8.4325,430.057,1.5
2026-03-27 09:05:00+00:00,2026-03-27 09:25:00+00:00,short,67773.31,67923.37,SL,-4.3006,425.7565,1.5
2026-03-27 09:34:00+00:00,2026-03-27 10:37:00+00:00,short,67788.76,67416.78,TP,8.5151,434.2716,1.5
2026-03-27 10:54:00+00:00,2026-03-27 11:46:00+00:00,short,66639.68,66800.0,SL,-4.3427,429.9289,1.5
2026-03-27 11:51:00+00:00,2026-03-27 13:31:00+00:00,short,66715.59,66436.89,TP,8.5986,438.5274,1.5
2026-03-27 13:50:00+00:00,2026-03-27 14:21:00+00:00,short,66306.34,66024.27,TP,8.7705,447.298,1.5
2026-03-27 15:07:00+00:00,2026-03-27 15:23:00+00:00,short,66149.92,66437.93,SL,-4.473,442.825,1.5
2026-03-27 15:41:00+00:00,2026-03-27 16:00:00+00:00,short,66359.46,66029.35,TP,8.8565,451.6815,1.5
2026-03-27 16:37:00+00:00,2026-03-27 16:43:00+00:00,short,65832.41,65970.12,SL,-4.5168,447.1647,1.5
2026-03-27 16:52:00+00:00,2026-03-27 17:00:00+00:00,short,65853.73,65992.93,SL,-4.4716,442.6931,1.5
2026-03-27 17:18:00+00:00,2026-03-27 17:32:00+00:00,short,66127.17,65836.79,TP,8.8539,451.5469,1.5
2026-03-27 17:42:00+00:00,2026-03-27 18:50:00+00:00,short,65785.03,65920.89,SL,-4.5155,447.0314,1.5
2026-03-27 18:53:00+00:00,2026-03-27 19:31:00+00:00,short,65839.88,66000.6,SL,-4.4703,442.5611,1.5
2026-03-27 19:40:00+00:00,2026-03-27 19:55:00+00:00,short,65900.13,66060.53,SL,-4.4256,438.1355,1.5
2026-03-27 20:39:00+00:00,2026-03-27 23:24:00+00:00,long,65940.43,66221.75,TP,8.7627,446.8982,1.5
2026-03-27 23:39:00+00:00,2026-03-28 00:36:00+00:00,long,66239.28,66505.23,TP,8.938,455.8362,1.5
2026-03-28 01:19:00+00:00,2026-03-28 01:36:00+00:00,long,66255.49,66087.27,SL,-4.5584,451.2778,1.5
2026-03-28 02:16:00+00:00,2026-03-28 05:24:00+00:00,short,66184.8,66362.13,SL,-4.5128,446.7651,1.5
2026-03-28 05:51:00+00:00,2026-03-28 10:26:00+00:00,long,66357.48,66204.5,SL,-4.4677,442.2974,1.5
2026-03-28 10:37:00+00:00,2026-03-28 11:26:00+00:00,short,66158.88,66298.01,SL,-4.423,437.8744,1.5
2026-03-28 11:51:00+00:00,2026-03-28 13:32:00+00:00,long,66346.76,66639.84,TP,8.7575,446.6319,1.5
2026-03-28 14:20:00+00:00,2026-03-28 14:54:00+00:00,long,66846.24,66709.24,SL,-4.4663,442.1656,1.5
2026-03-28 15:06:00+00:00,2026-03-28 15:18:00+00:00,long,66790.61,67058.7,TP,8.8433,451.0089,1.5
2026-03-28 16:00:00+00:00,2026-03-28 16:49:00+00:00,long,67026.36,66879.9,SL,-4.5101,446.4988,1.5
2026-03-28 16:55:00+00:00,2026-03-28 17:32:00+00:00,long,66888.2,66728.95,SL,-4.465,442.0338,1.5
2026-03-28 17:46:00+00:00,2026-03-28 18:03:00+00:00,short,66776.08,66922.18,SL,-4.4203,437.6135,1.5
2026-03-28 18:41:00+00:00,2026-03-28 21:12:00+00:00,long,66929.0,66789.58,SL,-4.3761,433.2374,1.5
2026-03-28 21:46:00+00:00,2026-03-28 23:10:00+00:00,short,66799.18,66460.63,TP,8.6647,441.9021,1.5
2026-03-28 23:46:00+00:00,2026-03-29 01:04:00+00:00,short,66385.63,66529.4,SL,-4.419,437.4831,1.5
2026-03-29 01:11:00+00:00,2026-03-29 02:14:00+00:00,short,66499.31,66643.31,SL,-4.3748,433.1083,1.5
2026-03-29 02:23:00+00:00,2026-03-29 03:16:00+00:00,long,66684.75,67075.63,TP,8.6622,441.7704,1.5
2026-03-29 03:54:00+00:00,2026-03-29 04:20:00+00:00,long,66935.5,66799.42,SL,-4.4177,437.3527,1.5
2026-03-29 04:35:00+00:00,2026-03-29 05:07:00+00:00,long,66834.69,66700.01,SL,-4.3735,432.9792,1.5
2026-03-29 05:15:00+00:00,2026-03-29 05:53:00+00:00,short,66653.19,66800.0,SL,-4.3298,428.6494,1.5
2026-03-29 07:01:00+00:00,2026-03-29 11:06:00+00:00,short,66626.4,66818.0,SL,-4.2865,424.3629,1.5
2026-03-29 11:20:00+00:00,2026-03-29 13:07:00+00:00,long,66835.9,66701.19,SL,-4.2436,420.1193,1.5
2026-03-29 13:48:00+00:00,2026-03-29 17:19:00+00:00,short,66615.77,66349.14,TP,8.4024,428.5217,1.5
2026-03-29 17:58:00+00:00,2026-03-29 20:18:00+00:00,short,66385.84,66562.25,SL,-4.2852,424.2364,1.5
2026-03-29 20:59:00+00:00,2026-03-29 22:01:00+00:00,long,66614.05,66462.09,SL,-4.2424,419.9941,1.5
2026-03-29 22:36:00+00:00,2026-03-29 22:41:00+00:00,short,66278.09,65831.19,TP,8.3999,428.394,1.5
2026-03-29 23:24:00+00:00,2026-03-30 00:16:00+00:00,short,66080.24,65800.6,TP,8.5679,436.9618,1.5
2026-03-30 00:58:00+00:00,2026-03-30 01:27:00+00:00,long,66290.84,66560.01,TP,8.7392,445.7011,1.5
2026-03-30 01:46:00+00:00,2026-03-30 02:44:00+00:00,long,66728.31,67038.75,TP,8.914,454.6151,1.5
2026-03-30 03:19:00+00:00,2026-03-30 04:08:00+00:00,long,67102.01,67419.99,TP,9.0923,463.7074,1.5
2026-03-30 04:28:00+00:00,2026-03-30 04:29:00+00:00,long,67602.21,67449.19,SL,-4.6371,459.0703,1.5
2026-03-30 04:31:00+00:00,2026-03-30 04:43:00+00:00,long,67532.34,67394.68,SL,-4.5907,454.4796,1.5
2026-03-30 04:48:00+00:00,2026-03-30 06:17:00+00:00,long,67518.37,67375.27,SL,-4.5448,449.9348,1.5
2026-03-30 06:55:00+00:00,2026-03-30 07:51:00+00:00,short,67338.59,67561.26,SL,-4.4993,445.4355,1.5
2026-03-30 08:14:00+00:00,2026-03-30 08:18:00+00:00,long,67893.92,67755.19,SL,-4.4544,440.9811,1.5
2026-03-30 08:51:00+00:00,2026-03-30 08:58:00+00:00,long,67808.79,67665.27,SL,-4.4098,436.5713,1.5
2026-03-30 09:11:00+00:00,2026-03-30 09:23:00+00:00,long,67677.79,67532.5,SL,-4.3657,432.2056,1.5
2026-03-30 09:56:00+00:00,2026-03-30 11:26:00+00:00,short,67505.0,67678.59,SL,-4.3221,427.8836,1.5
2026-03-30 11:47:00+00:00,2026-03-30 12:21:00+00:00,long,67649.78,67929.97,TP,8.5577,436.4412,1.5
2026-03-30 12:56:00+00:00,2026-03-30 13:41:00+00:00,long,67921.59,67753.47,SL,-4.3644,432.0768,1.5
2026-03-30 14:19:00+00:00,2026-03-30 14:36:00+00:00,short,67421.87,67147.04,TP,8.6415,440.7183,1.5
2026-03-30 14:43:00+00:00,2026-03-30 14:52:00+00:00,short,67163.6,67374.04,SL,-4.4072,436.3112,1.5
2026-03-30 15:07:00+00:00,2026-03-30 15:34:00+00:00,short,67616.57,67763.67,SL,-4.3631,431.9481,1.5
2026-03-30 16:21:00+00:00,2026-03-30 16:36:00+00:00,short,67302.36,67456.56,SL,-4.3195,427.6286,1.5
2026-03-30 16:50:00+00:00,2026-03-30 17:21:00+00:00,short,67338.84,67017.18,TP,8.5526,436.1811,1.5
2026-03-30 17:54:00+00:00,2026-03-30 18:50:00+00:00,short,66801.24,66523.66,TP,8.7236,444.9048,1.5
2026-03-30 19:05:00+00:00,2026-03-30 19:24:00+00:00,short,66520.38,66246.72,TP,8.8981,453.8029,1.5
2026-03-30 20:13:00+00:00,2026-03-30 21:10:00+00:00,short,66598.07,66757.54,SL,-4.538,449.2648,1.5
2026-03-30 21:43:00+00:00,2026-03-30 21:58:00+00:00,long,66936.48,66800.5,SL,-4.4926,444.7722,1.5
2026-03-30 22:03:00+00:00,2026-03-30 22:07:00+00:00,long,66949.64,66763.31,SL,-4.4477,440.3245,1.5
2026-03-30 22:18:00+00:00,2026-03-30 23:01:00+00:00,long,66798.56,66651.61,SL,-4.4032,435.9212,1.5
2026-03-30 23:40:00+00:00,2026-03-31 00:04:00+00:00,short,66673.55,66817.9,SL,-4.3592,431.562,1.5
2026-03-31 00:44:00+00:00,2026-03-31 00:49:00+00:00,long,66942.98,67263.09,TP,8.6312,440.1932,1.5
2026-03-31 01:00:00+00:00,2026-03-31 01:07:00+00:00,long,67234.57,67082.8,SL,-4.4019,435.7913,1.5
2026-03-31 01:15:00+00:00,2026-03-31 01:23:00+00:00,long,67360.13,67691.6,TP,8.7158,444.5071,1.5
2026-03-31 02:15:00+00:00,2026-03-31 03:01:00+00:00,long,67988.75,67845.91,SL,-4.4451,440.0621,1.5
2026-03-31 03:07:00+00:00,2026-03-31 03:19:00+00:00,long,67999.86,67857.4,SL,-4.4006,435.6614,1.5
2026-03-31 03:33:00+00:00,2026-03-31 03:38:00+00:00,long,67854.73,67700.01,SL,-4.3566,431.3048,1.5
2026-03-31 03:51:00+00:00,2026-03-31 04:13:00+00:00,long,67732.0,67585.11,SL,-4.313,426.9918,1.5
2026-03-31 04:15:00+00:00,2026-03-31 04:27:00+00:00,long,67687.76,67550.65,SL,-4.2699,422.7219,1.5
2026-03-31 04:55:00+00:00,2026-03-31 05:46:00+00:00,short,67574.41,67733.81,SL,-4.2272,418.4946,1.5
2026-03-31 06:26:00+00:00,2026-03-31 06:51:00+00:00,short,67363.87,67521.73,SL,-4.1849,414.3097,1.5
2026-03-31 07:01:00+00:00,2026-03-31 07:17:00+00:00,short,67469.0,67159.16,TP,8.2862,422.5959,1.5
2026-03-31 07:52:00+00:00,2026-03-31 08:03:00+00:00,short,67305.48,67444.72,SL,-4.226,418.3699,1.5
2026-03-31 08:12:00+00:00,2026-03-31 08:39:00+00:00,short,67350.23,67044.12,TP,8.3674,426.7373,1.5
2026-03-31 09:11:00+00:00,2026-03-31 09:51:00+00:00,short,66658.53,66376.88,TP,8.5347,435.2721,1.5
2026-03-31 09:55:00+00:00,2026-03-31 10:06:00+00:00,short,66130.01,66300.48,SL,-4.3527,430.9194,1.5
2026-03-31 10:28:00+00:00,2026-03-31 11:13:00+00:00,short,66367.21,66502.51,SL,-4.3092,426.6102,1.5
2026-03-31 11:35:00+00:00,2026-03-31 11:46:00+00:00,long,66774.76,66634.0,SL,-4.2661,422.3441,1.5
2026-03-31 11:59:00+00:00,2026-03-31 12:17:00+00:00,long,66685.69,66536.0,SL,-4.2234,418.1206,1.5
2026-03-31 12:19:00+00:00,2026-03-31 13:40:00+00:00,long,66749.97,67048.64,TP,8.3624,426.483,1.5
2026-03-31 14:00:00+00:00,2026-03-31 14:03:00+00:00,long,67494.23,67310.01,SL,-4.2648,422.2182,1.5
2026-03-31 14:15:00+00:00,2026-03-31 14:18:00+00:00,long,67456.13,67758.69,TP,8.4444,430.6626,1.5
2026-03-31 15:51:00+00:00,2026-03-31 15:56:00+00:00,long,67037.02,66844.0,SL,-4.3066,426.3559,1.5
2026-03-31 16:38:00+00:00,2026-03-31 16:40:00+00:00,long,67317.16,67682.99,TP,8.5271,434.8831,1.5
2026-03-31 17:11:00+00:00,2026-03-31 17:14:00+00:00,long,68048.0,68454.01,TP,8.6977,443.5807,1.5
2026-03-31 18:00:00+00:00,2026-03-31 18:15:00+00:00,long,67553.67,67874.25,TP,8.8716,452.4523,1.5
2026-03-31 18:36:00+00:00,2026-03-31 20:07:00+00:00,long,67771.62,68071.06,TP,9.049,461.5014,1.5
2026-03-31 20:36:00+00:00,2026-03-31 21:21:00+00:00,long,68072.84,67900.88,SL,-4.615,456.8864,1.5
2026-03-31 21:25:00+00:00,2026-03-31 21:52:00+00:00,long,68017.48,68365.36,TP,9.1377,466.0241,1.5
2026-03-31 22:15:00+00:00,2026-03-31 22:27:00+00:00,long,68255.01,68096.01,SL,-4.6602,461.3639,1.5
2026-03-31 22:40:00+00:00,2026-04-01 00:25:00+00:00,long,68108.41,67955.77,SL,-4.6136,456.7502,1.5
2026-04-01 01:47:00+00:00,2026-04-01 03:09:00+00:00,short,67864.89,68070.01,SL,-4.5675,452.1827,1.5
2026-04-01 03:43:00+00:00,2026-04-01 04:50:00+00:00,long,68032.35,68306.92,TP,9.0437,461.2264,1.5
2026-04-01 05:13:00+00:00,2026-04-01 05:25:00+00:00,long,68324.03,68680.15,TP,9.2245,470.4509,1.5
2026-04-01 06:03:00+00:00,2026-04-01 06:20:00+00:00,long,68513.19,68788.35,TP,9.409,479.8599,1.5
2026-04-01 06:34:00+00:00,2026-04-01 07:09:00+00:00,long,68950.01,69228.71,TP,9.5972,489.4571,1.5
2026-04-01 07:33:00+00:00,2026-04-01 07:47:00+00:00,long,68962.64,68804.81,SL,-4.8946,484.5625,1.5
2026-04-01 08:07:00+00:00,2026-04-01 08:27:00+00:00,short,68593.47,68741.42,SL,-4.8456,479.7169,1.5
2026-04-01 09:04:00+00:00,2026-04-01 09:08:00+00:00,long,68707.59,68497.99,SL,-4.7972,474.9197,1.5
2026-04-01 09:39:00+00:00,2026-04-01 09:49:00+00:00,short,68448.8,68590.29,SL,-4.7492,470.1706,1.5
2026-04-01 10:01:00+00:00,2026-04-01 12:36:00+00:00,short,68600.0,68314.0,TP,9.4034,479.574,1.5
2026-04-01 12:44:00+00:00,2026-04-01 12:46:00+00:00,long,68665.68,68473.77,SL,-4.7957,474.7782,1.5
2026-04-01 12:56:00+00:00,2026-04-01 13:26:00+00:00,short,68379.51,68521.4,SL,-4.7478,470.0304,1.5
2026-04-01 13:31:00+00:00,2026-04-01 13:38:00+00:00,short,68453.23,68616.77,SL,-4.7003,465.3301,1.5
2026-04-01 14:33:00+00:00,2026-04-01 14:49:00+00:00,short,68374.89,68564.74,SL,-4.6533,460.6768,1.5
2026-04-01 15:20:00+00:00,2026-04-01 15:53:00+00:00,long,68609.99,68954.39,TP,9.2135,469.8904,1.5
2026-04-01 16:21:00+00:00,2026-04-01 17:03:00+00:00,long,68758.72,69086.86,TP,9.3978,479.2882,1.5
2026-04-01 17:50:00+00:00,2026-04-01 18:03:00+00:00,short,68262.61,67984.45,TP,9.5858,488.8739,1.5
2026-04-01 18:47:00+00:00,2026-04-01 19:48:00+00:00,short,68138.45,68277.07,SL,-4.8887,483.9852,1.5
2026-04-01 19:51:00+00:00,2026-04-01 21:06:00+00:00,short,68141.79,68281.31,SL,-4.8399,479.1454,1.5
2026-04-01 21:19:00+00:00,2026-04-01 22:05:00+00:00,long,68349.68,68211.74,SL,-4.7915,474.3539,1.5
2026-04-01 22:49:00+00:00,2026-04-02 00:39:00+00:00,short,68169.74,68375.0,SL,-4.7435,469.6104,1.5
2026-04-02 00:53:00+00:00,2026-04-02 01:00:00+00:00,long,68611.0,68395.61,SL,-4.6961,464.9143,1.5
2026-04-02 01:32:00+00:00,2026-04-02 02:13:00+00:00,short,67270.03,66929.01,TP,9.2983,474.2125,1.5
2026-04-02 02:44:00+00:00,2026-04-02 02:52:00+00:00,short,66705.79,66858.75,SL,-4.7421,469.4704,1.5
2026-04-02 03:11:00+00:00,2026-04-02 03:42:00+00:00,short,66805.28,66500.0,TP,9.3894,478.8598,1.5
2026-04-02 04:14:00+00:00,2026-04-02 04:41:00+00:00,short,66533.43,66254.01,TP,9.5772,488.437,1.5
2026-04-02 05:10:00+00:00,2026-04-02 05:23:00+00:00,short,66324.5,66480.56,SL,-4.8844,483.5527,1.5
2026-04-02 05:35:00+00:00,2026-04-02 05:42:00+00:00,short,66430.04,66606.34,SL,-4.8355,478.7171,1.5
2026-04-02 05:48:00+00:00,2026-04-02 06:15:00+00:00,short,66493.45,66679.14,SL,-4.7872,473.93,1.5
2026-04-02 07:17:00+00:00,2026-04-02 08:37:00+00:00,long,66709.9,66560.45,SL,-4.7393,469.1907,1.5
2026-04-02 08:58:00+00:00,2026-04-02 12:01:00+00:00,short,66447.24,66134.18,TP,9.3838,478.5745,1.5
2026-04-02 12:08:00+00:00,2026-04-02 13:35:00+00:00,short,66119.73,65769.69,TP,9.5715,488.146,1.5
2026-04-02 14:33:00+00:00,2026-04-02 14:37:00+00:00,long,66597.17,66924.68,TP,9.7629,497.9089,1.5
2026-04-02 15:11:00+00:00,2026-04-02 15:20:00+00:00,long,66921.03,66703.76,SL,-4.9791,492.9298,1.5
2026-04-02 15:28:00+00:00,2026-04-02 16:37:00+00:00,long,66841.32,67126.93,TP,9.8586,502.7884,1.5
2026-04-02 17:12:00+00:00,2026-04-02 17:16:00+00:00,long,67079.99,67355.12,TP,10.0558,512.8442,2.0
2026-04-02 18:27:00+00:00,2026-04-02 18:47:00+00:00,short,66700.34,66865.39,SL,-5.1284,507.7157,2.0
2026-04-02 19:40:00+00:00,2026-04-02 20:00:00+00:00,long,67057.4,66883.72,SL,-5.0772,502.6386,2.0
2026-04-02 20:26:00+00:00,2026-04-02 20:29:00+00:00,short,66903.11,67052.99,SL,-5.0264,497.6122,2.0
2026-04-02 21:01:00+00:00,2026-04-02 21:11:00+00:00,long,66989.42,66765.7,SL,-4.9761,492.636,1.5
2026-04-02 21:41:00+00:00,2026-04-02 22:01:00+00:00,short,66813.02,66951.33,SL,-4.9264,487.7097,1.5
2026-04-02 22:18:00+00:00,2026-04-03 00:08:00+00:00,long,66978.0,66840.73,SL,-4.8771,482.8326,1.5
2026-04-03 00:27:00+00:00,2026-04-03 01:39:00+00:00,short,66827.54,66514.17,TP,9.6567,492.4892,1.5
2026-04-03 02:07:00+00:00,2026-04-03 02:17:00+00:00,short,66502.4,66720.38,SL,-4.9249,487.5643,1.5
2026-04-03 02:27:00+00:00,2026-04-03 03:17:00+00:00,short,66533.9,66681.22,SL,-4.8756,482.6887,1.5
2026-04-03 03:55:00+00:00,2026-04-03 05:31:00+00:00,short,66579.98,66720.37,SL,-4.8269,477.8618,1.5
2026-04-03 06:03:00+00:00,2026-04-03 07:28:00+00:00,long,66629.99,66898.37,TP,9.5572,487.4191,1.5
2026-04-03 08:06:00+00:00,2026-04-03 08:38:00+00:00,long,67181.21,67033.03,SL,-4.8742,482.5449,1.5
2026-04-03 08:49:00+00:00,2026-04-03 09:20:00+00:00,long,66989.15,66786.06,SL,-4.8254,477.7194,1.5
2026-04-03 09:49:00+00:00,2026-04-03 11:32:00+00:00,short,66846.85,66989.68,SL,-4.7772,472.9422,1.5
2026-04-03 11:46:00+00:00,2026-04-03 12:35:00+00:00,long,67038.62,66849.68,SL,-4.7294,468.2128,1.5
2026-04-03 12:47:00+00:00,2026-04-03 13:48:00+00:00,short,66821.85,66539.58,TP,9.3643,477.5771,1.5
2026-04-03 14:17:00+00:00,2026-04-03 14:25:00+00:00,short,66755.87,66897.23,SL,-4.7758,472.8013,1.5
2026-04-03 14:52:00+00:00,2026-04-03 17:18:00+00:00,long,66933.9,66795.59,SL,-4.728,468.0733,1.5
2026-04-03 17:47:00+00:00,2026-04-03 21:59:00+00:00,short,66820.02,66964.21,SL,-4.6807,463.3925,1.5
2026-04-03 22:57:00+00:00,2026-04-04 11:00:00+00:00,long,66905.9,67207.09,TP,9.2678,472.6604,1.5
2026-04-04 11:42:00+00:00,2026-04-04 15:17:00+00:00,long,67136.62,67410.12,TP,9.4532,482.1136,1.5
2026-04-04 15:54:00+00:00,2026-04-05 00:57:00+00:00,long,67326.83,67172.4,SL,-4.8211,477.2925,1.5
2026-04-05 01:04:00+00:00,2026-04-05 06:05:00+00:00,short,67165.66,66882.14,TP,9.5458,486.8383,1.5
2026-04-05 06:56:00+00:00,2026-04-05 09:02:00+00:00,short,66830.01,66969.38,SL,-4.8684,481.9699,1.5
2026-04-05 09:20:00+00:00,2026-04-05 12:32:00+00:00,long,66961.35,66800.64,SL,-4.8197,477.1502,1.5
2026-04-05 13:14:00+00:00,2026-04-05 13:50:00+00:00,short,66760.42,66912.72,SL,-4.7715,472.3787,1.5
2026-04-05 14:01:00+00:00,2026-04-05 15:26:00+00:00,long,66930.0,67367.79,TP,9.4476,481.8263,1.5
2026-04-05 16:18:00+00:00,2026-04-05 16:54:00+00:00,long,67347.0,67194.25,SL,-4.8183,477.008,1.5
2026-04-05 17:00:00+00:00,2026-04-05 19:19:00+00:00,long,67240.89,67519.99,TP,9.5402,486.5482,1.5
2026-04-05 20:36:00+00:00,2026-04-05 22:26:00+00:00,long,67493.69,67350.01,SL,-4.8655,481.6827,1.5
2026-04-05 22:31:00+00:00,2026-04-05 22:44:00+00:00,long,67529.94,67964.31,TP,9.6337,491.3164,1.5
2026-04-05 23:15:00+00:00,2026-04-06 00:00:00+00:00,long,68811.37,69133.29,TP,9.8263,501.1427,1.5
2026-04-06 00:31:00+00:00,2026-04-06 00:34:00+00:00,long,69290.15,69117.25,SL,-5.0114,496.1313,2.0
2026-04-06 00:40:00+00:00,2026-04-06 00:53:00+00:00,long,69326.23,69181.9,SL,-4.9613,491.17,1.5
2026-04-06 01:19:00+00:00,2026-04-06 02:11:00+00:00,long,68867.56,69168.58,TP,9.8234,500.9934,1.5
2026-04-06 02:32:00+00:00,2026-04-06 02:40:00+00:00,long,69386.74,69218.02,SL,-5.0099,495.9834,2.0
2026-04-06 03:24:00+00:00,2026-04-06 04:10:00+00:00,long,69163.98,69010.26,SL,-4.9598,491.0236,1.5
2026-04-06 05:09:00+00:00,2026-04-06 06:22:00+00:00,long,69182.32,69019.0,SL,-4.9102,486.1134,1.5
2026-04-06 07:00:00+00:00,2026-04-06 07:52:00+00:00,short,68987.7,69196.99,SL,-4.8611,481.2522,1.5
2026-04-06 08:11:00+00:00,2026-04-06 09:12:00+00:00,long,69199.99,69545.45,TP,9.625,490.8773,1.5
2026-04-06 10:03:00+00:00,2026-04-06 11:22:00+00:00,long,69795.76,69618.47,SL,-4.9088,485.9685,1.5
2026-04-06 11:32:00+00:00,2026-04-06 12:09:00+00:00,long,69661.02,69515.42,SL,-4.8597,481.1088,1.5
2026-04-06 12:31:00+00:00,2026-04-06 14:21:00+00:00,short,69445.59,69593.15,SL,-4.8111,476.2977,1.5
2026-04-06 14:38:00+00:00,2026-04-06 14:53:00+00:00,short,69417.42,69607.99,SL,-4.763,471.5347,1.5
2026-04-06 15:09:00+00:00,2026-04-06 15:59:00+00:00,long,69676.78,69968.87,TP,9.4307,480.9654,1.5
2026-04-06 16:11:00+00:00,2026-04-06 16:29:00+00:00,long,70067.59,69907.24,SL,-4.8097,476.1558,1.5
2026-04-06 16:35:00+00:00,2026-04-06 16:55:00+00:00,long,70050.0,69905.4,SL,-4.7616,471.3942,1.5
2026-04-06 17:42:00+00:00,2026-04-06 18:11:00+00:00,short,69462.73,69744.01,SL,-4.7139,466.6803,1.5
2026-04-06 18:27:00+00:00,2026-04-06 18:40:00+00:00,long,69910.25,69756.66,SL,-4.6668,462.0135,1.5
2026-04-06 18:53:00+00:00,2026-04-06 19:05:00+00:00,long,69865.3,69715.17,SL,-4.6201,457.3933,1.5
2026-04-06 19:15:00+00:00,2026-04-06 21:36:00+00:00,long,69752.0,69588.41,SL,-4.5739,452.8194,1.5
2026-04-06 22:02:00+00:00,2026-04-06 22:51:00+00:00,short,69448.28,69145.04,TP,9.0564,461.8758,1.5
2026-04-06 23:59:00+00:00,2026-04-07 00:05:00+00:00,short,68853.66,69056.59,SL,-4.6188,457.257,1.5
2026-04-07 00:10:00+00:00,2026-04-07 01:06:00+00:00,short,68934.7,68592.8,TP,9.1451,466.4022,1.5
2026-04-07 01:37:00+00:00,2026-04-07 01:52:00+00:00,short,68688.22,68354.79,TP,9.328,475.7302,1.5
2026-04-07 02:34:00+00:00,2026-04-07 02:38:00+00:00,short,68528.0,68679.16,SL,-4.7573,470.9729,1.5
2026-04-07 02:44:00+00:00,2026-04-07 03:22:00+00:00,short,68624.4,68780.28,SL,-4.7097,466.2632,1.5
2026-04-07 04:01:00+00:00,2026-04-07 04:18:00+00:00,long,68778.79,68591.86,SL,-4.6626,461.6006,1.5
2026-04-07 05:44:00+00:00,2026-04-07 08:20:00+00:00,short,68650.01,68790.66,SL,-4.616,456.9846,1.5
2026-04-07 08:32:00+00:00,2026-04-07 09:09:00+00:00,long,68844.0,69201.42,TP,9.1397,466.1242,1.5
2026-04-07 09:32:00+00:00,2026-04-07 10:09:00+00:00,long,69134.66,68942.16,SL,-4.6612,461.463,1.5
2026-04-07 10:20:00+00:00,2026-04-07 10:25:00+00:00,long,68984.63,68820.5,SL,-4.6146,456.8484,1.5
2026-04-07 11:01:00+00:00,2026-04-07 11:05:00+00:00,short,68090.54,68230.82,SL,-4.5685,452.2799,1.5
2026-04-07 11:33:00+00:00,2026-04-07 11:37:00+00:00,short,68293.55,68455.95,SL,-4.5228,447.7571,1.5
2026-04-07 11:47:00+00:00,2026-04-07 12:08:00+00:00,short,68400.58,68099.34,TP,8.9551,456.7122,1.5
2026-04-07 12:34:00+00:00,2026-04-07 12:55:00+00:00,short,68358.0,68530.38,SL,-4.5671,452.1451,1.5
2026-04-07 13:58:00+00:00,2026-04-07 14:06:00+00:00,short,68262.32,67916.07,TP,9.0429,461.188,1.5
2026-04-07 14:18:00+00:00,2026-04-07 14:20:00+00:00,short,67787.13,67925.59,SL,-4.6119,456.5761,1.5
2026-04-07 14:40:00+00:00,2026-04-07 15:29:00+00:00,short,68041.38,68189.16,SL,-4.5658,452.0104,1.5
2026-04-07 15:38:00+00:00,2026-04-07 16:02:00+00:00,short,68168.54,68373.22,SL,-4.5201,447.4903,1.5
2026-04-07 16:24:00+00:00,2026-04-07 17:36:00+00:00,long,68310.25,68978.0,TP,8.9498,456.4401,1.5
2026-04-07 18:29:00+00:00,2026-04-07 18:45:00+00:00,long,68644.66,68487.93,SL,-4.5644,451.8757,1.5
2026-04-07 19:45:00+00:00,2026-04-07 20:00:00+00:00,long,68835.59,69114.15,TP,9.0375,460.9132,1.5
2026-04-07 20:57:00+00:00,2026-04-07 21:05:00+00:00,long,69284.94,69620.82,TP,9.2183,470.1314,1.5
2026-04-07 21:38:00+00:00,2026-04-07 21:46:00+00:00,long,69764.03,70047.04,TP,9.4026,479.5341,1.5
2026-04-07 22:00:00+00:00,2026-04-07 22:06:00+00:00,long,70087.42,70418.3,TP,9.5907,489.1248,1.5
2026-04-07 22:26:00+00:00,2026-04-07 22:32:00+00:00,long,70400.0,70687.32,TP,9.7825,498.9073,1.5
2026-04-07 22:51:00+00:00,2026-04-07 22:58:00+00:00,long,71120.27,71453.36,TP,9.9781,508.8854,1.5
2026-04-07 23:20:00+00:00,2026-04-07 23:26:00+00:00,long,71890.0,72183.98,TP,10.1777,519.0631,2.0
2026-04-08 00:13:00+00:00,2026-04-08 00:31:00+00:00,long,72024.62,71842.61,SL,-5.1906,513.8725,2.0
2026-04-08 00:39:00+00:00,2026-04-08 00:46:00+00:00,long,71942.62,71721.15,SL,-5.1387,508.7338,2.0
2026-04-08 00:58:00+00:00,2026-04-08 01:18:00+00:00,long,71699.99,71523.42,SL,-5.0873,503.6464,2.0
2026-04-08 01:34:00+00:00,2026-04-08 02:33:00+00:00,long,71507.03,71338.35,SL,-5.0365,498.61,2.0
2026-04-08 03:11:00+00:00,2026-04-08 04:05:00+00:00,short,71354.52,71528.0,SL,-4.9861,493.6239,1.5
2026-04-08 04:38:00+00:00,2026-04-08 09:06:00+00:00,long,71634.01,71938.01,TP,9.8725,503.4963,1.5
2026-04-08 10:10:00+00:00,2026-04-08 12:12:00+00:00,short,71632.0,71792.77,SL,-5.035,498.4614,2.0
2026-04-08 12:31:00+00:00,2026-04-08 12:57:00+00:00,long,71784.0,72103.29,TP,9.9692,508.4306,1.5
2026-04-08 13:48:00+00:00,2026-04-08 13:51:00+00:00,long,71924.29,71696.87,SL,-5.0843,503.3463,2.0
2026-04-08 13:53:00+00:00,2026-04-08 14:31:00+00:00,short,71605.1,71279.36,TP,10.0669,513.4132,2.0
2026-04-08 14:52:00+00:00,2026-04-08 15:07:00+00:00,short,70893.28,71090.67,SL,-5.1341,508.2791,2.0
2026-04-08 15:30:00+00:00,2026-04-08 15:56:00+00:00,short,71162.05,71336.0,SL,-5.0828,503.1963,2.0
2026-04-08 16:01:00+00:00,2026-04-08 16:23:00+00:00,short,71310.04,71460.05,SL,-5.032,498.1643,2.0
2026-04-08 16:30:00+00:00,2026-04-08 16:42:00+00:00,short,71300.0,71450.24,SL,-4.9816,493.1827,1.5
2026-04-08 17:11:00+00:00,2026-04-08 17:23:00+00:00,long,71770.0,71605.18,SL,-4.9318,488.2509,1.5
2026-04-08 17:32:00+00:00,2026-04-08 18:19:00+00:00,long,71671.91,71403.63,SL,-4.8825,483.3683,1.5
2026-04-08 18:43:00+00:00,2026-04-08 20:07:00+00:00,short,71284.99,71436.93,SL,-4.8337,478.5347,1.5
2026-04-08 20:15:00+00:00,2026-04-08 20:37:00+00:00,long,71456.66,71302.87,SL,-4.7853,473.7493,1.5
2026-04-08 22:08:00+00:00,2026-04-08 22:20:00+00:00,long,71506.8,71329.97,SL,-4.7375,469.0118,1.5
2026-04-08 22:53:00+00:00,2026-04-09 00:30:00+00:00,short,71167.95,70841.75,TP,9.3802,478.3921,1.5
2026-04-09 00:39:00+00:00,2026-04-09 01:54:00+00:00,short,70767.94,70945.2,SL,-4.7839,473.6081,1.5
2026-04-09 02:03:00+00:00,2026-04-09 02:32:00+00:00,short,70925.46,71072.99,SL,-4.7361,468.8721,1.5
2026-04-09 02:47:00+00:00,2026-04-09 03:10:00+00:00,long,71118.39,70963.42,SL,-4.6887,464.1833,1.5
2026-04-09 03:23:00+00:00,2026-04-09 04:25:00+00:00,long,70986.62,70831.3,SL,-4.6418,459.5415,1.5
2026-04-09 04:48:00+00:00,2026-04-09 05:26:00+00:00,short,70822.94,70991.33,SL,-4.5954,454.9461,1.5
2026-04-09 06:00:00+00:00,2026-04-09 06:24:00+00:00,long,71039.0,70881.58,SL,-4.5495,450.3966,1.5
2026-04-09 07:34:00+00:00,2026-04-09 08:44:00+00:00,long,71029.81,71330.01,TP,9.0079,459.4046,1.5
2026-04-09 09:11:00+00:00,2026-04-09 11:25:00+00:00,long,71288.25,71108.32,SL,-4.594,454.8105,1.5
2026-04-09 11:56:00+00:00,2026-04-09 12:27:00+00:00,short,71137.75,71289.72,SL,-4.5481,450.2624,1.5
2026-04-09 12:38:00+00:00,2026-04-09 13:38:00+00:00,short,71150.31,70862.4,TP,9.0052,459.2677,1.5
2026-04-09 14:18:00+00:00,2026-04-09 14:39:00+00:00,short,70647.62,70806.52,SL,-4.5927,454.675,1.5
2026-04-09 15:14:00+00:00,2026-04-09 15:32:00+00:00,long,71338.59,71686.5,TP,9.0935,463.7685,1.5
2026-04-09 15:33:00+00:00,2026-04-09 15:34:00+00:00,long,71870.43,72201.28,TP,9.2754,473.0439,1.5
2026-04-09 16:19:00+00:00,2026-04-09 16:23:00+00:00,long,72327.65,72132.91,SL,-4.7304,468.3134,1.5
2026-04-09 16:44:00+00:00,2026-04-09 16:47:00+00:00,long,71972.11,71800.01,SL,-4.6831,463.6303,1.5
2026-04-09 16:51:00+00:00,2026-04-09 17:00:00+00:00,long,71874.43,72175.92,TP,9.2726,472.9029,1.5
2026-04-09 17:38:00+00:00,2026-04-09 17:50:00+00:00,long,72479.28,72323.97,SL,-4.729,468.1739,1.5
2026-04-09 18:22:00+00:00,2026-04-09 18:28:00+00:00,short,71781.83,71937.76,SL,-4.6817,463.4921,1.5
2026-04-09 20:13:00+00:00,2026-04-09 21:03:00+00:00,long,72171.95,72467.32,TP,9.2698,472.762,1.5
2026-04-09 21:26:00+00:00,2026-04-09 22:15:00+00:00,long,72286.91,72666.72,TP,9.4552,482.2172,1.5
2026-04-09 22:50:00+00:00,2026-04-09 22:52:00+00:00,long,72358.0,72173.09,SL,-4.8222,477.395,1.5
2026-04-09 23:14:00+00:00,2026-04-10 00:35:00+00:00,short,71803.44,71947.18,SL,-4.774,472.6211,1.5
2026-04-10 00:46:00+00:00,2026-04-10 01:12:00+00:00,short,71894.0,72066.15,SL,-4.7262,467.8949,1.5
2026-04-10 01:20:00+00:00,2026-04-10 01:33:00+00:00,short,71962.52,72132.77,SL,-4.6789,463.2159,1.5
2026-04-10 02:09:00+00:00,2026-04-10 02:46:00+00:00,long,72248.32,72082.85,SL,-4.6322,458.5838,1.5
2026-04-10 03:13:00+00:00,2026-04-10 04:52:00+00:00,short,71884.98,72121.39,SL,-4.5858,453.9979,1.5
2026-04-10 05:04:00+00:00,2026-04-10 06:20:00+00:00,long,72130.05,71978.0,SL,-4.54,449.4579,1.5
2026-04-10 06:37:00+00:00,2026-04-10 07:51:00+00:00,short,71898.92,71536.78,TP,8.9892,458.4471,1.5
2026-04-10 08:33:00+00:00,2026-04-10 09:19:00+00:00,short,71641.6,71821.32,SL,-4.5845,453.8626,1.5
2026-04-10 09:37:00+00:00,2026-04-10 11:15:00+00:00,long,71851.48,72150.0,TP,9.0773,462.9399,1.5
2026-04-10 12:05:00+00:00,2026-04-10 13:35:00+00:00,long,72171.52,71981.02,SL,-4.6294,458.3105,1.5
2026-04-10 13:45:00+00:00,2026-04-10 14:03:00+00:00,long,72122.96,72444.0,TP,9.1662,467.4767,1.5
2026-04-10 15:00:00+00:00,2026-04-10 15:24:00+00:00,long,72907.69,73262.92,TP,9.3495,476.8262,1.5
2026-04-10 15:44:00+00:00,2026-04-10 15:48:00+00:00,long,72745.81,72551.2,SL,-4.7683,472.058,1.5
2026-04-10 15:49:00+00:00,2026-04-10 16:16:00+00:00,short,72569.87,72734.91,SL,-4.7206,467.3374,1.5
2026-04-10 16:34:00+00:00,2026-04-10 17:50:00+00:00,long,72782.59,73133.66,TP,9.3467,476.6841,1.5
2026-04-10 18:13:00+00:00,2026-04-10 18:26:00+00:00,long,73052.24,72903.99,SL,-4.7668,471.9173,1.5
2026-04-10 18:38:00+00:00,2026-04-10 20:05:00+00:00,long,72973.0,73265.25,TP,9.4383,481.3556,1.5
2026-04-10 20:30:00+00:00,2026-04-10 20:32:00+00:00,long,73412.25,73204.74,SL,-4.8136,476.5421,1.5
2026-04-10 20:44:00+00:00,2026-04-10 21:13:00+00:00,long,73240.68,73029.03,SL,-4.7654,471.7767,1.5
2026-04-10 21:23:00+00:00,2026-04-10 21:41:00+00:00,long,73138.43,72990.68,SL,-4.7178,467.0589,1.5
2026-04-10 22:04:00+00:00,2026-04-10 22:19:00+00:00,long,73214.4,73042.45,SL,-4.6706,462.3883,1.5
2026-04-10 23:02:00+00:00,2026-04-10 23:56:00+00:00,short,72800.0,72965.75,SL,-4.6239,457.7644,1.5
2026-04-11 00:01:00+00:00,2026-04-11 02:30:00+00:00,short,72905.27,73088.0,SL,-4.5776,453.1868,1.5
2026-04-11 02:59:00+00:00,2026-04-11 04:15:00+00:00,long,72966.57,72748.0,SL,-4.5319,448.6549,1.5
2026-04-11 05:04:00+00:00,2026-04-11 12:07:00+00:00,short,72790.05,72935.99,SL,-4.4865,444.1684,1.5
2026-04-11 12:34:00+00:00,2026-04-11 13:10:00+00:00,long,72897.26,72574.07,SL,-4.4417,439.7267,1.5
2026-04-11 13:33:00+00:00,2026-04-11 14:20:00+00:00,short,72598.0,72745.67,SL,-4.3973,435.3294,1.5
2026-04-11 14:27:00+00:00,2026-04-11 16:12:00+00:00,short,72724.19,72869.75,SL,-4.3533,430.9761,1.5
2026-04-11 16:13:00+00:00,2026-04-11 16:48:00+00:00,long,72872.54,73164.67,TP,8.6195,439.5956,1.5
2026-04-11 17:22:00+00:00,2026-04-11 18:35:00+00:00,long,73029.73,73420.08,TP,8.7919,448.3875,1.5
2026-04-11 19:06:00+00:00,2026-04-11 19:20:00+00:00,long,73661.23,73493.49,SL,-4.4839,443.9037,1.5
2026-04-11 19:28:00+00:00,2026-04-11 20:12:00+00:00,long,73644.34,73492.64,SL,-4.439,439.4646,1.5
2026-04-11 20:27:00+00:00,2026-04-11 20:32:00+00:00,long,73417.92,73252.62,SL,-4.3946,435.07,1.5
2026-04-11 20:57:00+00:00,2026-04-11 21:36:00+00:00,short,73290.18,73445.37,SL,-4.3507,430.7193,1.5
2026-04-11 22:06:00+00:00,2026-04-11 22:31:00+00:00,long,73500.35,73324.58,SL,-4.3072,426.4121,1.5
2026-04-11 22:54:00+00:00,2026-04-11 23:10:00+00:00,short,73262.43,72959.94,TP,8.5282,434.9403,1.5
2026-04-11 23:33:00+00:00,2026-04-12 01:33:00+00:00,short,73094.81,72759.26,TP,8.6988,443.6391,1.5
2026-04-12 02:25:00+00:00,2026-04-12 02:31:00+00:00,short,71700.0,71871.24,SL,-4.4364,439.2028,1.5
2026-04-12 02:45:00+00:00,2026-04-12 03:59:00+00:00,short,71884.8,71593.19,TP,8.7841,447.9868,1.5
2026-04-12 04:09:00+00:00,2026-04-12 05:49:00+00:00,short,71575.06,71743.56,SL,-4.4799,443.5069,1.5
2026-04-12 05:57:00+00:00,2026-04-12 10:53:00+00:00,short,71731.2,71404.3,TP,8.8701,452.3771,1.5
2026-04-12 11:27:00+00:00,2026-04-12 12:52:00+00:00,short,71503.66,71124.16,TP,9.0475,461.4246,1.5
2026-04-12 13:32:00+00:00,2026-04-12 14:54:00+00:00,short,71013.43,70725.87,TP,9.2285,470.6531,1.5
2026-04-12 15:23:00+00:00,2026-04-12 15:43:00+00:00,short,70745.1,70887.42,SL,-4.7065,465.9466,1.5
2026-04-12 15:56:00+00:00,2026-04-12 17:50:00+00:00,short,70881.73,71042.0,SL,-4.6595,461.2871,1.5
2026-04-12 18:15:00+00:00,2026-04-12 20:07:00+00:00,long,71199.1,71044.19,SL,-4.6129,456.6742,1.5
2026-04-12 21:01:00+00:00,2026-04-12 21:11:00+00:00,long,71425.2,71231.76,SL,-4.5667,452.1075,1.5
2026-04-12 21:24:00+00:00,2026-04-12 22:00:00+00:00,long,71316.38,70922.0,SL,-4.5211,447.5864,1.5
2026-04-12 22:19:00+00:00,2026-04-12 22:38:00+00:00,short,70723.36,70877.56,SL,-4.4759,443.1106,1.5
2026-04-12 23:00:00+00:00,2026-04-13 00:24:00+00:00,short,70783.18,70925.27,SL,-4.4311,438.6795,1.5
2026-04-13 00:25:00+00:00,2026-04-13 02:30:00+00:00,long,70958.18,71256.68,TP,8.7736,447.453,1.5
2026-04-13 02:55:00+00:00,2026-04-13 04:07:00+00:00,long,71073.13,70924.86,SL,-4.4745,442.9785,1.5
2026-04-13 05:34:00+00:00,2026-04-13 06:03:00+00:00,short,70792.13,70947.79,SL,-4.4298,438.5487,1.5
2026-04-13 06:20:00+00:00,2026-04-13 07:13:00+00:00,long,71043.33,70893.67,SL,-4.3855,434.1632,1.5
2026-04-13 08:07:00+00:00,2026-04-13 11:45:00+00:00,short,70798.0,70956.96,SL,-4.3416,429.8216,1.5
2026-04-13 12:08:00+00:00,2026-04-13 12:31:00+00:00,long,71002.75,70845.1,SL,-4.2982,425.5234,1.5
2026-04-13 13:25:00+00:00,2026-04-13 13:33:00+00:00,long,71246.39,71076.99,SL,-4.2552,421.2682,1.5
2026-04-13 13:46:00+00:00,2026-04-13 13:48:00+00:00,long,71030.06,71331.0,TP,8.4254,429.6935,1.5
2026-04-13 14:16:00+00:00,2026-04-13 14:17:00+00:00,long,71714.84,71490.0,SL,-4.2969,425.3966,1.5
2026-04-13 14:27:00+00:00,2026-04-13 14:44:00+00:00,long,71650.99,71989.14,TP,8.5079,433.9045,1.5
2026-04-13 14:55:00+00:00,2026-04-13 14:58:00+00:00,long,72076.51,72381.62,TP,8.6781,442.5826,1.5
2026-04-13 15:27:00+00:00,2026-04-13 15:30:00+00:00,long,72004.96,71760.49,SL,-4.4258,438.1568,1.5
2026-04-13 15:41:00+00:00,2026-04-13 16:23:00+00:00,long,71826.61,72160.28,TP,8.7631,446.9199,1.5
2026-04-13 16:47:00+00:00,2026-04-13 16:52:00+00:00,long,72398.71,72235.38,SL,-4.4692,442.4507,1.5
2026-04-13 17:04:00+00:00,2026-04-13 17:32:00+00:00,long,72257.76,72565.26,TP,8.849,451.2997,1.5
2026-04-13 18:06:00+00:00,2026-04-13 18:55:00+00:00,long,72119.99,72451.16,TP,9.026,460.3257,1.5
2026-04-13 19:16:00+00:00,2026-04-13 19:26:00+00:00,long,72569.34,72878.41,TP,9.2065,469.5322,1.5
2026-04-13 19:50:00+00:00,2026-04-13 20:14:00+00:00,long,73288.61,73060.0,SL,-4.6953,464.8369,1.5
2026-04-13 20:29:00+00:00,2026-04-13 22:06:00+00:00,long,73097.0,73511.33,TP,9.2967,474.1337,1.5
2026-04-13 22:51:00+00:00,2026-04-13 22:55:00+00:00,long,74352.26,74656.01,TP,9.4827,483.6163,1.5
2026-04-13 23:36:00+00:00,2026-04-13 23:40:00+00:00,long,74800.89,74645.19,SL,-4.8362,478.7802,1.5
2026-04-13 23:56:00+00:00,2026-04-14 00:05:00+00:00,long,74560.8,74383.92,SL,-4.7878,473.9924,1.5
2026-04-14 00:15:00+00:00,2026-04-14 00:33:00+00:00,long,74352.67,74189.8,SL,-4.7399,469.2525,1.5
2026-04-14 00:35:00+00:00,2026-04-14 01:00:00+00:00,long,74282.0,74097.9,SL,-4.6925,464.5599,1.5
2026-04-14 01:05:00+00:00,2026-04-14 02:16:00+00:00,long,74196.99,74494.6,TP,9.2912,473.8511,1.5
2026-04-14 02:40:00+00:00,2026-04-14 03:18:00+00:00,long,74438.05,74286.87,SL,-4.7385,469.1126,1.5
2026-04-14 03:31:00+00:00,2026-04-14 05:56:00+00:00,long,74352.6,74162.11,SL,-4.6911,464.4215,1.5
2026-04-14 06:50:00+00:00,2026-04-14 07:09:00+00:00,long,74446.2,74917.65,TP,9.2884,473.7099,1.5
2026-04-14 07:52:00+00:00,2026-04-14 08:34:00+00:00,long,74497.35,74806.67,TP,9.4742,483.1841,1.5
2026-04-14 08:52:00+00:00,2026-04-14 09:05:00+00:00,long,74804.12,74654.03,SL,-4.8318,478.3523,1.5
2026-04-14 09:11:00+00:00,2026-04-14 09:26:00+00:00,long,74788.17,74631.47,SL,-4.7835,473.5688,1.5
2026-04-14 09:39:00+00:00,2026-04-14 09:44:00+00:00,long,74667.35,74510.87,SL,-4.7357,468.8331,1.5
2026-04-14 10:33:00+00:00,2026-04-14 13:23:00+00:00,short,74537.12,74721.64,SL,-4.6883,464.1447,1.5
2026-04-14 13:33:00+00:00,2026-04-14 13:42:00+00:00,long,74848.06,75241.3,TP,9.2829,473.4276,1.5
2026-04-14 14:23:00+00:00,2026-04-14 14:37:00+00:00,long,75724.93,75498.45,SL,-4.7343,468.6933,1.5
2026-04-14 15:50:00+00:00,2026-04-14 16:08:00+00:00,long,75359.56,75662.69,TP,9.3739,478.0672,1.5
2026-04-14 16:38:00+00:00,2026-04-14 16:49:00+00:00,long,75281.44,75102.24,SL,-4.7807,473.2865,1.5
2026-04-14 17:27:00+00:00,2026-04-14 17:34:00+00:00,short,74726.06,74354.87,TP,9.4657,482.7523,1.5
2026-04-14 18:08:00+00:00,2026-04-14 18:34:00+00:00,short,74739.0,74419.41,TP,9.655,492.4073,1.5
2026-04-14 18:46:00+00:00,2026-04-14 19:05:00+00:00,short,74112.06,74268.06,SL,-4.9241,487.4832,1.5
2026-04-14 19:22:00+00:00,2026-04-14 19:25:00+00:00,short,74265.67,73918.77,TP,9.7497,497.2329,1.5
2026-04-14 19:35:00+00:00,2026-04-14 19:41:00+00:00,short,74060.84,74255.69,SL,-4.9723,492.2606,1.5
2026-04-14 20:17:00+00:00,2026-04-14 21:40:00+00:00,short,74312.9,74010.01,TP,9.8452,502.1058,1.5
2026-04-14 22:04:00+00:00,2026-04-14 22:09:00+00:00,short,74162.01,74312.87,SL,-5.0211,497.0847,2.0
2026-04-14 22:37:00+00:00,2026-04-14 22:47:00+00:00,short,73909.43,74085.56,SL,-4.9708,492.1139,1.5
2026-04-14 23:10:00+00:00,2026-04-14 23:18:00+00:00,short,74043.77,74192.89,SL,-4.9211,487.1927,1.5
2026-04-14 23:24:00+00:00,2026-04-15 00:01:00+00:00,short,74109.93,74312.78,SL,-4.8719,482.3208,1.5
2026-04-15 00:58:00+00:00,2026-04-15 02:26:00+00:00,long,74556.5,74390.55,SL,-4.8232,477.4976,1.5
2026-04-15 03:05:00+00:00,2026-04-15 04:01:00+00:00,short,74227.78,74383.1,SL,-4.775,472.7226,1.5
2026-04-15 04:08:00+00:00,2026-04-15 05:27:00+00:00,short,74350.01,74024.71,TP,9.4545,482.1771,1.5
2026-04-15 06:06:00+00:00,2026-04-15 07:17:00+00:00,short,73954.96,73636.0,TP,9.6435,491.8206,1.5
2026-04-15 07:34:00+00:00,2026-04-15 07:51:00+00:00,short,73618.73,73769.56,SL,-4.9182,486.9024,1.5
2026-04-15 08:55:00+00:00,2026-04-15 09:09:00+00:00,long,74171.81,74014.11,SL,-4.869,482.0334,1.5
2026-04-15 09:18:00+00:00,2026-04-15 10:27:00+00:00,long,74050.53,73900.01,SL,-4.8203,477.2131,1.5
2026-04-15 11:09:00+00:00,2026-04-15 12:36:00+00:00,long,73985.24,74301.99,TP,9.5443,486.7573,1.5
2026-04-15 13:09:00+00:00,2026-04-15 13:31:00+00:00,long,74338.61,74137.69,SL,-4.8676,481.8898,1.5
2026-04-15 14:08:00+00:00,2026-04-15 14:14:00+00:00,short,73896.01,74154.48,SL,-4.8189,477.0709,1.5
2026-04-15 14:50:00+00:00,2026-04-15 15:07:00+00:00,long,74197.15,74000.0,SL,-4.7707,472.3002,1.5
2026-04-15 15:14:00+00:00,2026-04-15 15:20:00+00:00,long,74275.11,74110.43,SL,-4.723,467.5771,1.5
2026-04-15 15:23:00+00:00,2026-04-15 15:30:00+00:00,short,74056.41,73708.9,TP,9.3515,476.9287,1.5
2026-04-15 15:56:00+00:00,2026-04-15 16:03:00+00:00,short,73811.19,73965.65,SL,-4.7693,472.1594,1.5
2026-04-15 17:17:00+00:00,2026-04-15 17:27:00+00:00,short,74019.85,74183.98,SL,-4.7216,467.4378,1.5
2026-04-15 17:52:00+00:00,2026-04-15 18:51:00+00:00,long,74072.93,74369.34,TP,9.3488,476.7866,1.5
2026-04-15 19:30:00+00:00,2026-04-15 19:36:00+00:00,long,74804.23,75223.93,TP,9.5357,486.3223,1.5
2026-04-15 20:22:00+00:00,2026-04-15 22:03:00+00:00,long,74636.73,74983.5,TP,9.7264,496.0487,1.5
2026-04-15 22:39:00+00:00,2026-04-15 22:42:00+00:00,long,75285.0,75119.99,SL,-4.9605,491.0883,1.5
2026-04-15 23:39:00+00:00,2026-04-15 23:51:00+00:00,short,74649.87,74858.86,SL,-4.9109,486.1774,1.5
2026-04-16 00:03:00+00:00,2026-04-16 02:29:00+00:00,short,74734.79,74896.51,SL,-4.8618,481.3156,1.5
2026-04-16 03:05:00+00:00,2026-04-16 03:58:00+00:00,long,75025.16,74870.58,SL,-4.8132,476.5024,1.5
2026-04-16 04:06:00+00:00,2026-04-16 07:45:00+00:00,long,74948.87,74753.16,SL,-4.765,471.7374,1.5
2026-04-16 08:04:00+00:00,2026-04-16 09:15:00+00:00,short,74613.82,74788.62,SL,-4.7174,467.02,1.5
2026-04-16 10:04:00+00:00,2026-04-16 12:02:00+00:00,short,74574.0,74732.78,SL,-4.6702,462.3498,1.5
2026-04-16 12:10:00+00:00,2026-04-16 12:40:00+00:00,long,74781.81,74619.89,SL,-4.6235,457.7263,1.5
2026-04-16 12:55:00+00:00,2026-04-16 13:27:00+00:00,long,74652.96,74983.93,TP,9.1545,466.8809,1.5
2026-04-16 14:19:00+00:00,2026-04-16 14:28:00+00:00,short,73583.47,73760.84,SL,-4.6688,462.2121,1.5
2026-04-16 14:54:00+00:00,2026-04-16 15:07:00+00:00,short,74007.2,74161.45,SL,-4.6221,457.5899,1.5
2026-04-16 15:21:00+00:00,2026-04-16 15:29:00+00:00,long,74374.51,74189.61,SL,-4.5759,453.014,1.5
2026-04-16 15:37:00+00:00,2026-04-16 15:39:00+00:00,long,74864.82,74657.26,SL,-4.5301,448.4839,1.5
2026-04-16 15:56:00+00:00,2026-04-16 16:23:00+00:00,long,74783.17,74627.82,SL,-4.4848,443.9991,1.5
2026-04-16 16:52:00+00:00,2026-04-16 17:32:00+00:00,short,74130.44,74294.66,SL,-4.44,439.5591,1.5
2026-04-16 17:36:00+00:00,2026-04-16 17:40:00+00:00,short,74143.13,74294.64,SL,-4.3956,435.1635,1.5
2026-04-16 18:02:00+00:00,2026-04-16 18:09:00+00:00,long,74478.02,74244.86,SL,-4.3516,430.8118,1.5
2026-04-16 18:14:00+00:00,2026-04-16 18:46:00+00:00,long,74410.89,74723.2,TP,8.6162,439.4281,1.5
2026-04-16 19:21:00+00:00,2026-04-16 19:42:00+00:00,long,74935.41,75244.75,TP,8.7886,448.2166,1.5
2026-04-16 19:56:00+00:00,2026-04-16 20:20:00+00:00,long,75379.38,75146.21,SL,-4.4822,443.7345,1.5
2026-04-16 20:42:00+00:00,2026-04-16 21:21:00+00:00,long,75058.7,74810.82,SL,-4.4373,439.2971,1.5
2026-04-16 21:57:00+00:00,2026-04-16 22:01:00+00:00,short,74923.05,75091.93,SL,-4.393,434.9042,1.5
2026-04-16 22:27:00+00:00,2026-04-17 01:21:00+00:00,long,74984.33,74818.5,SL,-4.349,430.5551,1.5
2026-04-17 01:48:00+00:00,2026-04-17 03:37:00+00:00,short,74667.61,74832.97,SL,-4.3056,426.2496,1.5
2026-04-17 03:40:00+00:00,2026-04-17 06:50:00+00:00,short,74724.43,74916.0,SL,-4.2625,421.9871,1.5
2026-04-17 06:59:00+00:00,2026-04-17 08:33:00+00:00,long,74938.52,75344.13,TP,8.4397,430.4268,1.5
2026-04-17 08:47:00+00:00,2026-04-17 08:55:00+00:00,long,75480.81,75798.01,TP,8.6085,439.0354,1.5
2026-04-17 09:14:00+00:00,2026-04-17 09:28:00+00:00,long,75902.82,76307.56,TP,8.7807,447.8161,1.5
2026-04-17 09:48:00+00:00,2026-04-17 10:28:00+00:00,long,75747.61,75363.68,SL,-4.4782,443.3379,1.5
2026-04-17 11:51:00+00:00,2026-04-17 12:25:00+00:00,long,75527.58,75944.57,TP,8.8668,452.2047,1.5
2026-04-17 12:30:00+00:00,2026-04-17 12:36:00+00:00,long,75894.0,75697.37,SL,-4.522,447.6826,1.5
2026-04-17 12:46:00+00:00,2026-04-17 13:06:00+00:00,long,75972.36,76414.91,TP,8.9537,456.6363,1.5
2026-04-17 13:07:00+00:00,2026-04-17 13:10:00+00:00,long,76341.92,76665.99,TP,9.1327,465.769,1.5
2026-04-17 13:42:00+00:00,2026-04-17 13:51:00+00:00,long,76889.0,77218.79,TP,9.3154,475.0844,1.5
2026-04-17 14:21:00+00:00,2026-04-17 14:27:00+00:00,long,77398.99,77722.26,TP,9.5017,484.5861,1.5
2026-04-17 15:11:00+00:00,2026-04-17 15:26:00+00:00,long,77901.04,77738.97,SL,-4.8459,479.7402,1.5
2026-04-17 15:38:00+00:00,2026-04-17 15:42:00+00:00,long,77780.54,77468.19,SL,-4.7974,474.9428,1.5
2026-04-17 15:51:00+00:00,2026-04-17 16:07:00+00:00,long,77663.53,78015.22,TP,9.4989,484.4417,1.5
2026-04-17 16:20:00+00:00,2026-04-17 16:42:00+00:00,long,78176.17,77984.49,SL,-4.8444,479.5972,1.5
2026-04-17 17:03:00+00:00,2026-04-17 17:07:00+00:00,long,77887.44,77730.01,SL,-4.796,474.8013,1.5
2026-04-17 17:20:00+00:00,2026-04-17 17:45:00+00:00,short,77349.67,77573.98,SL,-4.748,470.0532,1.5
2026-04-17 17:56:00+00:00,2026-04-17 18:10:00+00:00,short,77503.45,77115.45,TP,9.4011,479.4543,1.5
2026-04-17 18:49:00+00:00,2026-04-17 19:58:00+00:00,short,77264.31,77461.99,SL,-4.7945,474.6598,1.5
2026-04-17 21:15:00+00:00,2026-04-17 22:12:00+00:00,short,77352.85,77509.99,SL,-4.7466,469.9132,1.5
2026-04-17 22:27:00+00:00,2026-04-17 23:00:00+00:00,long,77429.6,77255.17,SL,-4.6991,465.214,1.5
2026-04-17 23:59:00+00:00,2026-04-18 00:30:00+00:00,short,77072.0,77237.43,SL,-4.6521,460.5619,1.5
2026-04-18 00:33:00+00:00,2026-04-18 01:14:00+00:00,short,77162.09,77319.12,SL,-4.6056,455.9563,1.5
2026-04-18 01:47:00+00:00,2026-04-18 03:53:00+00:00,long,77280.78,77048.49,SL,-4.5596,451.3967,1.5
2026-04-18 04:20:00+00:00,2026-04-18 05:01:00+00:00,short,77007.01,77164.32,SL,-4.514,446.8828,1.5
2026-04-18 05:48:00+00:00,2026-04-18 08:14:00+00:00,short,77132.51,76803.51,TP,8.9377,455.8204,1.5
2026-04-18 08:35:00+00:00,2026-04-18 08:54:00+00:00,short,76588.75,76742.66,SL,-4.5582,451.2622,1.5
2026-04-18 09:02:00+00:00,2026-04-18 10:08:00+00:00,short,76638.19,76265.03,TP,9.0252,460.2874,1.5
2026-04-18 10:32:00+00:00,2026-04-18 11:39:00+00:00,short,76250.01,75826.46,TP,9.2057,469.4932,1.5
2026-04-18 12:12:00+00:00,2026-04-18 13:40:00+00:00,short,76138.98,75820.29,TP,9.3899,478.8831,1.5
2026-04-18 14:05:00+00:00,2026-04-18 14:35:00+00:00,short,76081.67,76240.41,SL,-4.7888,474.0942,1.5
2026-04-18 14:56:00+00:00,2026-04-18 15:51:00+00:00,long,76239.69,76086.81,SL,-4.7409,469.3533,1.5
2026-04-18 16:00:00+00:00,2026-04-18 16:12:00+00:00,short,76032.8,76198.83,SL,-4.6935,464.6598,1.5
2026-04-18 16:17:00+00:00,2026-04-18 16:20:00+00:00,short,75860.35,76032.8,SL,-4.6466,460.0132,1.5
2026-04-18 16:33:00+00:00,2026-04-18 18:18:00+00:00,short,75996.49,75676.98,TP,9.2003,469.2134,1.5
2026-04-18 18:32:00+00:00,2026-04-18 19:08:00+00:00,short,75565.01,75764.27,SL,-4.6921,464.5213,1.5
2026-04-18 19:19:00+00:00,2026-04-19 02:25:00+00:00,short,75750.01,75426.5,TP,9.2904,473.8117,1.5
2026-04-19 02:51:00+00:00,2026-04-19 04:12:00+00:00,short,75571.31,75724.97,SL,-4.7381,469.0736,1.5
2026-04-19 05:02:00+00:00,2026-04-19 07:09:00+00:00,short,75536.41,75230.31,TP,9.3815,478.4551,1.5
2026-04-19 08:01:00+00:00,2026-04-19 11:09:00+00:00,short,75203.15,75439.1,SL,-4.7846,473.6705,1.5
2026-04-19 11:38:00+00:00,2026-04-19 13:09:00+00:00,long,75466.75,75770.0,TP,9.4734,483.1439,1.5
2026-04-19 14:01:00+00:00,2026-04-19 14:02:00+00:00,long,75996.41,75844.34,SL,-4.8314,478.3125,1.5
2026-04-19 14:13:00+00:00,2026-04-19 14:47:00+00:00,long,75803.99,76146.84,TP,9.5663,487.8787,1.5
2026-04-19 15:12:00+00:00,2026-04-19 15:33:00+00:00,long,76030.0,75771.94,SL,-4.8788,482.9999,1.5
2026-04-19 16:02:00+00:00,2026-04-19 16:54:00+00:00,short,75730.96,75409.35,TP,9.66,492.6599,1.5
2026-04-19 17:34:00+00:00,2026-04-19 17:52:00+00:00,short,75145.94,74664.86,TP,9.8532,502.5131,1.5
2026-04-19 18:24:00+00:00,2026-04-19 18:27:00+00:00,short,74655.71,74842.08,SL,-5.0251,497.488,2.0
2026-04-19 18:35:00+00:00,2026-04-19 19:00:00+00:00,short,74728.38,74900.0,SL,-4.9749,492.5131,1.5
2026-04-19 19:15:00+00:00,2026-04-19 20:44:00+00:00,short,74933.21,74537.0,TP,9.8503,502.3634,1.5
2026-04-19 21:12:00+00:00,2026-04-19 21:30:00+00:00,short,74623.09,74780.0,SL,-5.0236,497.3398,2.0
2026-04-19 21:42:00+00:00,2026-04-19 21:52:00+00:00,short,74770.9,74429.13,TP,9.9468,507.2866,1.5
2026-04-19 22:23:00+00:00,2026-04-19 22:24:00+00:00,short,73770.36,73942.62,SL,-5.0729,502.2137,2.0
2026-04-19 22:48:00+00:00,2026-04-20 00:23:00+00:00,short,74050.66,74223.65,SL,-5.0221,497.1916,2.0
2026-04-20 00:50:00+00:00,2026-04-20 01:38:00+00:00,long,74310.79,74625.72,TP,9.9438,507.1354,1.5
2026-04-20 02:24:00+00:00,2026-04-20 05:10:00+00:00,long,74446.08,74279.98,SL,-5.0714,502.064,2.0
2026-04-20 06:11:00+00:00,2026-04-20 06:31:00+00:00,short,74282.24,74439.34,SL,-5.0206,497.0434,2.0
2026-04-20 07:19:00+00:00,2026-04-20 07:21:00+00:00,long,74911.91,75235.61,TP,9.9409,506.9843,1.5
2026-04-20 08:08:00+00:00,2026-04-20 09:06:00+00:00,long,74709.26,75033.26,TP,10.1397,517.1239,2.0
2026-04-20 09:38:00+00:00,2026-04-20 11:01:00+00:00,long,75145.14,74977.27,SL,-5.1712,511.9527,2.0
2026-04-20 11:04:00+00:00,2026-04-20 12:10:00+00:00,long,75043.86,75393.54,TP,10.2391,522.1918,2.0
2026-04-20 12:49:00+00:00,2026-04-20 13:16:00+00:00,long,75312.73,75130.34,SL,-5.2219,516.9698,2.0
2026-04-20 13:31:00+00:00,2026-04-20 13:32:00+00:00,short,74937.91,75125.06,SL,-5.1697,511.8001,2.0
2026-04-20 13:48:00+00:00,2026-04-20 14:06:00+00:00,short,75125.55,75284.75,SL,-5.118,506.6821,2.0
2026-04-20 14:08:00+00:00,2026-04-20 14:18:00+00:00,short,75079.74,75247.25,SL,-5.0668,501.6153,2.0
2026-04-20 16:21:00+00:00,2026-04-20 17:18:00+00:00,long,75433.72,75800.59,TP,10.0323,511.6476,2.0
2026-04-20 17:40:00+00:00,2026-04-20 18:03:00+00:00,long,75814.37,76132.06,TP,10.233,521.8806,2.0
2026-04-20 18:41:00+00:00,2026-04-20 20:21:00+00:00,long,76210.82,76516.12,TP,10.4376,532.3182,2.0
2026-04-20 20:47:00+00:00,2026-04-20 21:10:00+00:00,long,76287.32,76098.68,SL,-5.3232,526.995,2.0
2026-04-20 21:31:00+00:00,2026-04-20 21:53:00+00:00,short,75800.01,75964.47,SL,-5.2699,521.7251,2.0
2026-04-20 22:13:00+00:00,2026-04-20 23:05:00+00:00,short,76047.37,75734.4,TP,10.4345,532.1596,2.0
2026-04-20 23:29:00+00:00,2026-04-20 23:48:00+00:00,short,75658.0,75822.2,SL,-5.3216,526.838,2.0
2026-04-21 00:00:00+00:00,2026-04-21 00:47:00+00:00,short,75829.44,76015.93,SL,-5.2684,521.5696,2.0
2026-04-21 00:55:00+00:00,2026-04-21 02:01:00+00:00,long,76015.65,75803.6,SL,-5.2157,516.3539,2.0
2026-04-21 02:12:00+00:00,2026-04-21 05:06:00+00:00,short,75705.51,75868.88,SL,-5.1635,511.1904,2.0
2026-04-21 05:24:00+00:00,2026-04-21 05:46:00+00:00,long,75970.13,75804.91,SL,-5.1119,506.0784,2.0
2026-04-21 05:55:00+00:00,2026-04-21 07:24:00+00:00,long,75829.76,76138.08,TP,10.1216,516.2,2.0
2026-04-21 07:37:00+00:00,2026-04-21 08:47:00+00:00,long,76184.23,76779.54,TP,10.324,526.524,2.0
2026-04-21 09:14:00+00:00,2026-04-21 09:27:00+00:00,long,76476.68,76316.17,SL,-5.2652,521.2588,2.0
2026-04-21 09:40:00+00:00,2026-04-21 10:45:00+00:00,long,76291.1,76597.25,TP,10.4252,531.684,2.0
2026-04-21 11:20:00+00:00,2026-04-21 12:10:00+00:00,long,76536.01,76374.13,SL,-5.3168,526.3671,2.0
2026-04-21 12:39:00+00:00,2026-04-21 12:48:00+00:00,short,76128.79,75823.66,TP,10.5273,536.8945,2.0
2026-04-21 13:30:00+00:00,2026-04-21 13:43:00+00:00,short,75940.58,76172.09,SL,-5.3689,531.5255,2.0
2026-04-21 13:49:00+00:00,2026-04-21 14:16:00+00:00,short,75876.9,76087.26,SL,-5.3153,526.2103,2.0
2026-04-21 14:29:00+00:00,2026-04-21 14:35:00+00:00,short,76117.39,76293.68,SL,-5.2621,520.9482,2.0
2026-04-21 15:26:00+00:00,2026-04-21 15:59:00+00:00,short,75662.0,75834.65,SL,-5.2095,515.7387,2.0
2026-04-21 16:15:00+00:00,2026-04-21 16:34:00+00:00,short,75893.02,76087.33,SL,-5.1574,510.5813,2.0
2026-04-21 17:54:00+00:00,2026-04-21 18:53:00+00:00,short,75617.57,75312.81,TP,10.2116,520.7929,2.0
2026-04-21 19:14:00+00:00,2026-04-21 19:23:00+00:00,short,75607.58,75800.0,SL,-5.2079,515.585,2.0
2026-04-21 20:32:00+00:00,2026-04-21 20:46:00+00:00,long,75785.53,75583.31,SL,-5.1559,510.4291,2.0
2026-04-21 20:58:00+00:00,2026-04-21 21:10:00+00:00,long,75756.64,75593.99,SL,-5.1043,505.3248,2.0
2026-04-21 21:20:00+00:00,2026-04-21 21:43:00+00:00,long,75651.99,75485.09,SL,-5.0532,500.2716,2.0
2026-04-21 22:07:00+00:00,2026-04-21 22:59:00+00:00,short,75495.56,75650.04,SL,-5.0027,495.2689,2.0
2026-04-21 23:36:00+00:00,2026-04-21 23:45:00+00:00,long,75870.8,76242.63,TP,9.9054,505.1743,1.5
2026-04-22 00:39:00+00:00,2026-04-22 01:19:00+00:00,long,76338.33,76184.44,SL,-5.0517,500.1225,2.0
2026-04-22 01:33:00+00:00,2026-04-22 02:10:00+00:00,long,76201.34,76575.99,TP,10.0024,510.125,2.0
2026-04-22 02:54:00+00:00,2026-04-22 05:16:00+00:00,long,77478.97,77874.17,TP,10.2025,520.3275,2.0
2026-04-22 06:13:00+00:00,2026-04-22 07:22:00+00:00,long,78011.79,77825.95,SL,-5.2033,515.1242,2.0
2026-04-22 07:33:00+00:00,2026-04-22 08:21:00+00:00,long,77880.78,78211.13,TP,10.3025,525.4267,2.0
2026-04-22 08:41:00+00:00,2026-04-22 11:28:00+00:00,long,77980.13,78296.27,TP,10.5085,535.9352,2.0
2026-04-22 11:49:00+00:00,2026-04-22 12:30:00+00:00,long,78308.98,78149.83,SL,-5.3594,530.5759,2.0
2026-04-22 12:37:00+00:00,2026-04-22 13:31:00+00:00,long,78247.97,78617.37,TP,10.6115,541.1874,2.0
2026-04-22 13:33:00+00:00,2026-04-22 13:35:00+00:00,long,78518.43,78318.83,SL,-5.4119,535.7755,2.0
2026-04-22 13:41:00+00:00,2026-04-22 14:01:00+00:00,long,78566.43,78886.05,TP,10.7155,546.491,2.0
2026-04-22 14:11:00+00:00,2026-04-22 14:19:00+00:00,long,78969.06,78804.8,SL,-5.4649,541.0261,2.0
2026-04-22 14:23:00+00:00,2026-04-22 14:30:00+00:00,long,79040.09,78823.52,SL,-5.4103,535.6158,2.0
2026-04-22 14:41:00+00:00,2026-04-22 14:43:00+00:00,long,78912.89,78725.15,SL,-5.3562,530.2597,2.0
2026-04-22 14:48:00+00:00,2026-04-22 15:30:00+00:00,long,78820.01,79249.71,TP,10.6052,540.8649,2.0
2026-04-22 15:54:00+00:00,2026-04-22 16:10:00+00:00,long,79399.99,79237.21,SL,-5.4086,535.4562,2.0
2026-04-22 16:34:00+00:00,2026-04-22 16:43:00+00:00,long,78980.01,78777.01,SL,-5.3546,530.1017,2.0
2026-04-22 16:54:00+00:00,2026-04-22 17:01:00+00:00,short,78705.89,78903.57,SL,-5.301,524.8006,2.0
2026-04-22 17:17:00+00:00,2026-04-22 17:54:00+00:00,short,78822.43,78994.4,SL,-5.248,519.5526,2.0
2026-04-22 18:13:00+00:00,2026-04-22 19:03:00+00:00,long,78977.83,78789.57,SL,-5.1955,514.3571,2.0
2026-04-22 19:52:00+00:00,2026-04-22 19:57:00+00:00,short,78782.69,78946.64,SL,-5.1436,509.2135,2.0
2026-04-22 20:06:00+00:00,2026-04-22 20:44:00+00:00,short,78836.7,78513.37,TP,10.1843,519.3978,2.0
2026-04-22 20:54:00+00:00,2026-04-22 21:11:00+00:00,short,78440.79,78599.99,SL,-5.194,514.2038,2.0
2026-04-22 21:21:00+00:00,2026-04-22 21:39:00+00:00,short,78568.45,78749.32,SL,-5.142,509.0618,2.0
2026-04-22 22:09:00+00:00,2026-04-22 22:19:00+00:00,long,78819.3,78635.99,SL,-5.0906,503.9712,2.0
2026-04-22 23:03:00+00:00,2026-04-23 00:09:00+00:00,short,78474.96,78150.01,TP,10.0794,514.0506,2.0
2026-04-23 00:43:00+00:00,2026-04-23 01:24:00+00:00,short,78393.48,78068.08,TP,10.281,524.3316,2.0
2026-04-23 01:57:00+00:00,2026-04-23 02:30:00+00:00,short,78323.85,77969.99,TP,10.4866,534.8182,2.0
2026-04-23 02:37:00+00:00,2026-04-23 03:38:00+00:00,short,77925.99,77597.81,TP,10.6964,545.5146,2.0
2026-04-23 03:40:00+00:00,2026-04-23 03:46:00+00:00,short,77522.63,77692.48,SL,-5.4551,540.0595,2.0
2026-04-23 04:23:00+00:00,2026-04-23 05:02:00+00:00,short,77831.23,77990.26,SL,-5.4006,534.6589,2.0
2026-04-23 06:26:00+00:00,2026-04-23 06:45:00+00:00,long,78323.39,78160.24,SL,-5.3466,529.3123,2.0
2026-04-23 06:53:00+00:00,2026-04-23 07:47:00+00:00,long,78214.62,78034.54,SL,-5.2931,524.0192,2.0
2026-04-23 07:50:00+00:00,2026-04-23 08:31:00+00:00,long,78107.67,77913.45,SL,-5.2402,518.779,2.0
2026-04-23 09:03:00+00:00,2026-04-23 10:05:00+00:00,short,77748.47,77378.99,TP,10.3756,529.1545,2.0
2026-04-23 10:48:00+00:00,2026-04-23 11:41:00+00:00,short,77389.06,77548.24,SL,-5.2915,523.863,2.0
2026-04-23 12:26:00+00:00,2026-04-23 13:27:00+00:00,long,77756.0,77587.99,SL,-5.2386,518.6244,2.0
2026-04-23 13:33:00+00:00,2026-04-23 14:26:00+00:00,short,77606.22,77837.48,SL,-5.1862,513.4381,2.0
2026-04-23 14:46:00+00:00,2026-04-23 15:17:00+00:00,long,77964.17,78408.32,TP,10.2688,523.7069,2.0
2026-04-23 16:00:00+00:00,2026-04-23 16:53:00+00:00,long,78380.54,78169.44,SL,-5.2371,518.4698,2.0
2026-04-23 17:17:00+00:00,2026-04-23 17:39:00+00:00,short,77672.76,77262.5,TP,10.3694,528.8392,2.0
2026-04-23 18:36:00+00:00,2026-04-23 18:49:00+00:00,long,78070.0,77868.71,SL,-5.2884,523.5508,2.0
2026-04-23 19:33:00+00:00,2026-04-23 20:08:00+00:00,short,77711.3,77881.35,SL,-5.2355,518.3153,2.0
2026-04-23 20:14:00+00:00,2026-04-23 20:39:00+00:00,short,77797.33,77981.86,SL,-5.1832,513.1322,2.0
2026-04-23 21:12:00+00:00,2026-04-23 22:19:00+00:00,long,77877.93,78230.11,TP,10.2626,523.3948,2.0
2026-04-23 22:36:00+00:00,2026-04-23 23:12:00+00:00,long,78262.4,78088.54,SL,-5.2339,518.1609,2.0
2026-04-23 23:22:00+00:00,2026-04-24 00:22:00+00:00,long,78118.98,78433.41,TP,10.3632,528.5241,2.0
2026-04-24 02:34:00+00:00,2026-04-24 02:52:00+00:00,long,78306.16,78085.6,SL,-5.2852,523.2388,2.0
2026-04-24 03:17:00+00:00,2026-04-24 03:24:00+00:00,short,78054.48,77709.39,TP,10.4648,533.7036,2.0
2026-04-24 04:27:00+00:00,2026-04-24 05:50:00+00:00,short,77670.79,77862.45,SL,-5.337,528.3666,2.0
2026-04-24 06:40:00+00:00,2026-04-24 07:21:00+00:00,long,77850.46,77689.95,SL,-5.2837,523.0829,2.0
2026-04-24 07:34:00+00:00,2026-04-24 08:15:00+00:00,short,77655.31,77832.23,SL,-5.2308,517.8521,2.0
2026-04-24 08:49:00+00:00,2026-04-24 09:03:00+00:00,long,77846.39,77680.67,SL,-5.1785,512.6736,2.0
2026-04-24 09:50:00+00:00,2026-04-24 10:25:00+00:00,short,77504.88,77727.99,SL,-5.1267,507.5468,2.0
2026-04-24 10:48:00+00:00,2026-04-24 11:05:00+00:00,long,77706.62,78072.29,TP,10.1509,517.6978,2.0
2026-04-24 12:02:00+00:00,2026-04-24 12:49:00+00:00,long,78310.14,78130.64,SL,-5.177,512.5208,2.0
2026-04-24 12:58:00+00:00,2026-04-24 13:53:00+00:00,long,78196.14,78024.1,SL,-5.1252,507.3956,2.0
2026-04-24 14:00:00+00:00,2026-04-24 15:06:00+00:00,short,77950.0,77633.4,TP,10.1479,517.5435,2.0
2026-04-24 15:37:00+00:00,2026-04-24 15:44:00+00:00,short,77802.26,77983.7,SL,-5.1754,512.368,2.0
2026-04-24 16:40:00+00:00,2026-04-24 22:39:00+00:00,short,77673.02,77303.31,TP,10.2474,522.6154,2.0
2026-04-24 23:20:00+00:00,2026-04-25 01:14:00+00:00,short,77350.01,77514.19,SL,-5.2262,517.3893,2.0
2026-04-25 01:34:00+00:00,2026-04-25 10:31:00+00:00,long,77543.72,77856.99,TP,10.3478,527.737,2.0
2026-04-25 11:16:00+00:00,2026-04-25 12:30:00+00:00,long,77755.76,77575.61,SL,-5.2774,522.4597,2.0
2026-04-25 13:26:00+00:00,2026-04-25 16:37:00+00:00,short,77628.84,77307.13,TP,10.4492,532.9089,2.0
