entry_time,exit_time,direction,entry,exit,result,pnl,capital,month
2024-04-25 20:00:00+00:00,2024-04-25 20:05:00+00:00,LONG,65012.03,64882.01,SL,-1.0,99.0,2024-04
2024-04-25 22:00:00+00:00,2024-04-25 22:25:00+00:00,SHORT,64593.01,64722.2,SL,-0.99,98.01,2024-04
2024-04-26 01:40:00+00:00,2024-04-26 03:00:00+00:00,LONG,64473.76,64344.81,SL,-0.9801,97.0299,2024-04
2024-04-26 04:05:00+00:00,2024-04-26 04:25:00+00:00,SHORT,64215.35,64343.78,SL,-0.9703,96.0596,2024-04
2024-04-26 05:45:00+00:00,2024-04-26 07:10:00+00:00,LONG,64438.25,64309.38,SL,-0.9606,95.099,2024-04
2024-04-26 07:35:00+00:00,2024-04-26 08:05:00+00:00,SHORT,64242.17,64370.66,SL,-0.951,94.148,2024-04
2024-04-26 09:25:00+00:00,2024-04-26 09:45:00+00:00,LONG,64531.52,64402.46,SL,-0.9415,93.2065,2024-04
2024-04-26 10:40:00+00:00,2024-04-26 12:35:00+00:00,SHORT,64252.75,64381.25,SL,-0.9321,92.2745,2024-04
2024-04-26 12:35:00+00:00,2024-04-26 12:45:00+00:00,LONG,64466.56,64337.62,SL,-0.9227,91.3517,2024-04
2024-04-26 12:50:00+00:00,2024-04-26 12:55:00+00:00,SHORT,63954.42,64082.33,SL,-0.9135,90.4382,2024-04
2024-04-26 13:45:00+00:00,2024-04-26 14:10:00+00:00,LONG,64395.57,64717.55,TP,2.261,92.6992,2024-04
2024-04-26 14:35:00+00:00,2024-04-26 15:20:00+00:00,SHORT,64000.39,63680.39,TP,2.3175,95.0166,2024-04
2024-04-26 17:30:00+00:00,2024-04-26 17:40:00+00:00,LONG,64004.03,63876.02,SL,-0.9502,94.0665,2024-04
2024-04-26 19:55:00+00:00,2024-04-26 20:00:00+00:00,SHORT,63716.55,63843.99,SL,-0.9407,93.1258,2024-04
2024-04-26 21:50:00+00:00,2024-04-26 22:25:00+00:00,LONG,64065.5,63937.36,SL,-0.9313,92.1946,2024-04
2024-04-26 22:25:00+00:00,2024-04-27 00:35:00+00:00,SHORT,63796.43,63477.45,TP,2.3049,94.4994,2024-04
2024-04-27 02:25:00+00:00,2024-04-27 02:35:00+00:00,LONG,63192.97,63066.58,SL,-0.945,93.5544,2024-04
2024-04-27 05:05:00+00:00,2024-04-27 05:20:00+00:00,SHORT,62850.75,62976.45,SL,-0.9355,92.6189,2024-04
2024-04-27 12:05:00+00:00,2024-04-27 12:25:00+00:00,LONG,63148.36,63022.06,SL,-0.9262,91.6927,2024-04
2024-04-27 15:30:00+00:00,2024-04-27 17:40:00+00:00,SHORT,62978.66,63104.62,SL,-0.9169,90.7758,2024-04
2024-04-27 17:40:00+00:00,2024-04-27 18:15:00+00:00,LONG,63303.32,63176.71,SL,-0.9078,89.868,2024-04
2024-04-27 20:25:00+00:00,2024-04-27 20:40:00+00:00,SHORT,63145.84,63272.13,SL,-0.8987,88.9693,2024-04
2024-04-27 22:00:00+00:00,2024-04-28 00:25:00+00:00,LONG,63369.33,63686.17,TP,2.2242,91.1936,2024-04
2024-04-28 04:50:00+00:00,2024-04-28 05:55:00+00:00,SHORT,63814.72,63942.35,SL,-0.9119,90.2816,2024-04
2024-04-28 06:50:00+00:00,2024-04-28 07:40:00+00:00,LONG,64030.94,63902.88,SL,-0.9028,89.3788,2024-04
2024-04-28 08:40:00+00:00,2024-04-28 09:05:00+00:00,SHORT,63642.72,63770.01,SL,-0.8938,88.485,2024-04
2024-04-28 13:10:00+00:00,2024-04-28 14:35:00+00:00,LONG,63725.49,63598.04,SL,-0.8849,87.6002,2024-04
2024-04-28 14:40:00+00:00,2024-04-28 15:05:00+00:00,SHORT,63521.43,63648.47,SL,-0.876,86.7242,2024-04
2024-04-28 16:20:00+00:00,2024-04-28 16:45:00+00:00,LONG,63737.48,63610.01,SL,-0.8672,85.8569,2024-04
2024-04-28 20:00:00+00:00,2024-04-28 22:30:00+00:00,SHORT,63680.53,63362.12,TP,2.1464,88.0033,2024-04
2024-04-29 09:50:00+00:00,2024-04-29 10:40:00+00:00,LONG,62604.89,62479.68,SL,-0.88,87.1233,2024-04
2024-04-29 11:35:00+00:00,2024-04-29 12:35:00+00:00,SHORT,62253.1,62377.6,SL,-0.8712,86.2521,2024-04
2024-04-29 12:35:00+00:00,2024-04-29 13:35:00+00:00,LONG,62513.02,62387.99,SL,-0.8625,85.3896,2024-04
2024-04-29 13:35:00+00:00,2024-04-29 13:45:00+00:00,SHORT,62178.92,61868.02,TP,2.1347,87.5243,2024-04
2024-04-29 14:20:00+00:00,2024-04-29 14:30:00+00:00,LONG,62586.22,62899.16,TP,2.1881,89.7124,2024-04
2024-04-29 19:00:00+00:00,2024-04-29 19:30:00+00:00,SHORT,62604.96,62730.17,SL,-0.8971,88.8153,2024-04
2024-04-29 19:55:00+00:00,2024-04-29 21:10:00+00:00,LONG,63012.56,62886.54,SL,-0.8882,87.9271,2024-04
2024-04-30 01:50:00+00:00,2024-04-30 02:00:00+00:00,SHORT,63900.42,63580.92,TP,2.1982,90.1253,2024-04
2024-04-30 14:45:00+00:00,2024-04-30 14:55:00+00:00,LONG,61425.19,61302.34,SL,-0.9013,89.2241,2024-04
2024-04-30 15:40:00+00:00,2024-04-30 16:00:00+00:00,SHORT,60675.71,60797.06,SL,-0.8922,88.3318,2024-04
2024-04-30 22:10:00+00:00,2024-04-30 22:25:00+00:00,LONG,60450.51,60752.76,TP,2.2083,90.5401,2024-04
2024-05-01 00:30:00+00:00,2024-05-01 01:05:00+00:00,SHORT,60301.87,60000.36,TP,2.2635,92.8036,2024-05
2024-05-01 04:00:00+00:00,2024-05-01 04:25:00+00:00,LONG,60344.27,60223.58,SL,-0.928,91.8756,2024-05
2024-05-01 05:20:00+00:00,2024-05-01 06:25:00+00:00,SHORT,60073.4,59773.03,TP,2.2969,94.1725,2024-05
2024-05-01 10:25:00+00:00,2024-05-01 10:55:00+00:00,LONG,57461.79,57749.09,TP,2.3543,96.5268,2024-05
2024-05-01 13:30:00+00:00,2024-05-01 13:35:00+00:00,SHORT,57356.04,57470.75,SL,-0.9653,95.5615,2024-05
2024-05-01 17:50:00+00:00,2024-05-01 17:55:00+00:00,LONG,57617.37,57502.13,SL,-0.9556,94.6059,2024-05
2024-05-01 19:30:00+00:00,2024-05-01 19:40:00+00:00,SHORT,57184.5,57298.87,SL,-0.9461,93.6598,2024-05
2024-05-01 21:25:00+00:00,2024-05-01 21:30:00+00:00,LONG,58181.26,58064.9,SL,-0.9366,92.7232,2024-05
2024-05-02 00:30:00+00:00,2024-05-02 01:25:00+00:00,SHORT,57966.81,57676.98,TP,2.3181,95.0413,2024-05
2024-05-02 06:25:00+00:00,2024-05-02 06:30:00+00:00,LONG,57741.64,57626.15,SL,-0.9504,94.0909,2024-05
2024-05-02 13:45:00+00:00,2024-05-02 13:55:00+00:00,SHORT,58316.38,58433.02,SL,-0.9409,93.15,2024-05
2024-05-02 14:35:00+00:00,2024-05-02 16:45:00+00:00,LONG,59102.63,58984.43,SL,-0.9315,92.2185,2024-05
2024-05-02 20:35:00+00:00,2024-05-02 20:40:00+00:00,SHORT,58792.25,58909.84,SL,-0.9222,91.2963,2024-05
2024-05-02 21:35:00+00:00,2024-05-02 21:40:00+00:00,LONG,59570.64,59451.5,SL,-0.913,90.3833,2024-05
2024-05-03 00:15:00+00:00,2024-05-03 01:00:00+00:00,SHORT,58981.19,59099.15,SL,-0.9038,89.4795,2024-05
2024-05-03 01:05:00+00:00,2024-05-03 02:10:00+00:00,LONG,59369.73,59666.58,TP,2.237,91.7165,2024-05
2024-05-03 05:05:00+00:00,2024-05-03 07:45:00+00:00,SHORT,59483.04,59185.62,TP,2.2929,94.0094,2024-05
2024-05-03 09:40:00+00:00,2024-05-03 10:10:00+00:00,LONG,59496.41,59377.42,SL,-0.9401,93.0693,2024-05
2024-05-03 10:30:00+00:00,2024-05-03 11:50:00+00:00,SHORT,59197.02,59315.42,SL,-0.9307,92.1386,2024-05
2024-05-03 11:50:00+00:00,2024-05-03 12:00:00+00:00,LONG,59377.75,59259.0,SL,-0.9214,91.2172,2024-05
2024-05-03 19:15:00+00:00,2024-05-03 19:25:00+00:00,SHORT,61580.01,61703.17,SL,-0.9122,90.3051,2024-05
2024-05-03 19:55:00+00:00,2024-05-03 20:20:00+00:00,LONG,62092.15,62402.61,TP,2.2576,92.5627,2024-05
2024-05-03 21:30:00+00:00,2024-05-03 21:40:00+00:00,SHORT,62402.89,62527.69,SL,-0.9256,91.6371,2024-05
2024-05-03 22:25:00+00:00,2024-05-03 22:50:00+00:00,LONG,62971.75,62845.81,SL,-0.9164,90.7207,2024-05
2024-05-04 02:00:00+00:00,2024-05-04 04:40:00+00:00,SHORT,62712.95,62838.38,SL,-0.9072,89.8135,2024-05
2024-05-04 04:45:00+00:00,2024-05-04 05:55:00+00:00,LONG,63005.21,63320.24,TP,2.2453,92.0588,2024-05
2024-05-04 07:05:00+00:00,2024-05-04 07:25:00+00:00,SHORT,62896.85,63022.64,SL,-0.9206,91.1382,2024-05
2024-05-04 08:45:00+00:00,2024-05-04 09:40:00+00:00,LONG,63239.05,63112.57,SL,-0.9114,90.2269,2024-05
2024-05-04 13:30:00+00:00,2024-05-04 14:30:00+00:00,SHORT,63611.0,63738.22,SL,-0.9023,89.3246,2024-05
2024-05-04 19:45:00+00:00,2024-05-04 20:05:00+00:00,LONG,63782.97,64101.89,TP,2.2331,91.5577,2024-05
2024-05-04 21:30:00+00:00,2024-05-04 21:40:00+00:00,SHORT,63524.59,63651.64,SL,-0.9156,90.6421,2024-05
2024-05-04 23:15:00+00:00,2024-05-05 00:30:00+00:00,LONG,63923.99,63796.14,SL,-0.9064,89.7357,2024-05
2024-05-05 00:30:00+00:00,2024-05-05 01:10:00+00:00,SHORT,63720.41,63401.81,TP,2.2434,91.9791,2024-05
2024-05-05 04:15:00+00:00,2024-05-05 05:50:00+00:00,LONG,63349.34,63222.64,SL,-0.9198,91.0593,2024-05
2024-05-05 07:05:00+00:00,2024-05-05 07:35:00+00:00,LONG,63491.39,63808.84,TP,2.2765,93.3358,2024-05
2024-05-05 18:10:00+00:00,2024-05-05 20:25:00+00:00,SHORT,64024.8,63704.68,TP,2.3334,95.6692,2024-05
2024-05-05 21:55:00+00:00,2024-05-05 22:10:00+00:00,LONG,63893.96,63766.17,SL,-0.9567,94.7125,2024-05
2024-05-06 02:00:00+00:00,2024-05-06 02:05:00+00:00,SHORT,64010.9,64138.92,SL,-0.9471,93.7654,2024-05
2024-05-06 04:40:00+00:00,2024-05-06 06:10:00+00:00,LONG,64048.54,64368.78,TP,2.3441,96.1095,2024-05
2024-05-06 10:20:00+00:00,2024-05-06 10:35:00+00:00,SHORT,64870.04,64545.69,TP,2.4027,98.5122,2024-05
2024-05-06 14:05:00+00:00,2024-05-06 14:30:00+00:00,LONG,64059.62,63931.5,SL,-0.9851,97.5271,2024-05
2024-05-06 14:55:00+00:00,2024-05-06 15:25:00+00:00,SHORT,63246.66,63373.15,SL,-0.9753,96.5518,2024-05
2024-05-06 21:05:00+00:00,2024-05-06 23:05:00+00:00,LONG,63511.78,63384.76,SL,-0.9655,95.5863,2024-05
2024-05-06 23:10:00+00:00,2024-05-07 00:35:00+00:00,SHORT,63284.37,63410.93,SL,-0.9559,94.6305,2024-05
2024-05-07 00:35:00+00:00,2024-05-07 01:45:00+00:00,LONG,63477.38,63794.77,TP,2.3658,96.9962,2024-05
2024-05-07 03:20:00+00:00,2024-05-07 03:25:00+00:00,SHORT,63448.61,63131.37,TP,2.4249,99.4211,2024-05
2024-05-07 05:40:00+00:00,2024-05-07 06:05:00+00:00,LONG,63631.46,63504.2,SL,-0.9942,98.4269,2024-05
2024-05-07 10:10:00+00:00,2024-05-07 10:40:00+00:00,SHORT,63864.91,63992.64,SL,-0.9843,97.4427,2024-05
2024-05-07 14:55:00+00:00,2024-05-07 15:10:00+00:00,LONG,64050.08,63921.98,SL,-0.9744,96.4682,2024-05
2024-05-07 17:05:00+00:00,2024-05-07 18:35:00+00:00,SHORT,63399.5,63082.5,TP,2.4117,98.8799,2024-05
2024-05-08 02:00:00+00:00,2024-05-08 04:40:00+00:00,LONG,62710.7,62585.28,SL,-0.9888,97.8911,2024-05
2024-05-08 13:55:00+00:00,2024-05-08 14:05:00+00:00,LONG,62472.59,62347.64,SL,-0.9789,96.9122,2024-05
2024-05-08 15:15:00+00:00,2024-05-08 15:30:00+00:00,SHORT,62015.24,62139.27,SL,-0.9691,95.9431,2024-05
2024-05-08 17:00:00+00:00,2024-05-08 17:20:00+00:00,LONG,62625.45,62500.2,SL,-0.9594,94.9837,2024-05
2024-05-08 19:05:00+00:00,2024-05-08 19:20:00+00:00,SHORT,62445.02,62132.8,TP,2.3746,97.3583,2024-05
2024-05-09 00:25:00+00:00,2024-05-09 03:00:00+00:00,LONG,61401.66,61708.67,TP,2.434,99.7922,2024-05
2024-05-09 03:10:00+00:00,2024-05-09 03:40:00+00:00,SHORT,61525.33,61648.38,SL,-0.9979,98.7943,2024-05
2024-05-09 06:05:00+00:00,2024-05-09 06:40:00+00:00,LONG,61770.29,61646.75,SL,-0.9879,97.8063,2024-05
2024-05-09 07:20:00+00:00,2024-05-09 07:50:00+00:00,SHORT,61506.11,61198.58,TP,2.4452,100.2515,2024-05
2024-05-09 12:30:00+00:00,2024-05-09 13:30:00+00:00,LONG,61434.09,61311.23,SL,-1.0025,99.249,2024-05
2024-05-09 13:35:00+00:00,2024-05-09 14:00:00+00:00,SHORT,61098.04,61220.24,SL,-0.9925,98.2565,2024-05
2024-05-09 14:45:00+00:00,2024-05-09 15:05:00+00:00,LONG,61479.72,61787.12,TP,2.4564,100.7129,2024-05
2024-05-09 16:55:00+00:00,2024-05-09 17:05:00+00:00,SHORT,61835.07,61958.74,SL,-1.0071,99.7058,2024-05
2024-05-09 19:35:00+00:00,2024-05-09 21:00:00+00:00,LONG,62372.52,62684.38,TP,2.4926,102.1984,2024-05
2024-05-10 00:45:00+00:00,2024-05-10 01:00:00+00:00,SHORT,62740.09,62865.57,SL,-1.022,101.1764,2024-05
2024-05-10 06:40:00+00:00,2024-05-10 07:15:00+00:00,LONG,62975.17,63290.05,TP,2.5294,103.7059,2024-05
2024-05-10 09:05:00+00:00,2024-05-10 09:40:00+00:00,SHORT,62878.84,63004.6,SL,-1.0371,102.6688,2024-05
2024-05-10 09:40:00+00:00,2024-05-10 10:00:00+00:00,LONG,63206.74,63080.33,SL,-1.0267,101.6421,2024-05
2024-05-10 12:45:00+00:00,2024-05-10 14:10:00+00:00,SHORT,62972.32,62657.46,TP,2.5411,104.1832,2024-05
2024-05-10 20:05:00+00:00,2024-05-10 20:15:00+00:00,LONG,60960.76,60838.84,SL,-1.0418,103.1413,2024-05
2024-05-10 23:55:00+00:00,2024-05-11 00:20:00+00:00,SHORT,60775.67,60897.22,SL,-1.0314,102.1099,2024-05
2024-05-11 01:10:00+00:00,2024-05-11 01:25:00+00:00,LONG,61076.42,60954.27,SL,-1.0211,101.0888,2024-05
2024-05-11 03:35:00+00:00,2024-05-11 05:10:00+00:00,SHORT,60735.7,60857.17,SL,-1.0109,100.0779,2024-05
2024-05-11 05:55:00+00:00,2024-05-11 08:40:00+00:00,LONG,60946.37,60824.48,SL,-1.0008,99.0772,2024-05
2024-05-11 12:35:00+00:00,2024-05-11 12:45:00+00:00,LONG,60814.31,60692.68,SL,-0.9908,98.0864,2024-05
2024-05-11 19:40:00+00:00,2024-05-12 07:30:00+00:00,SHORT,61045.57,60740.34,TP,2.4522,100.5385,2024-05
2024-05-12 08:30:00+00:00,2024-05-12 15:40:00+00:00,LONG,61061.52,61366.83,TP,2.5135,103.052,2024-05
2024-05-12 16:55:00+00:00,2024-05-12 17:10:00+00:00,SHORT,61322.23,61444.88,SL,-1.0305,102.0215,2024-05
2024-05-12 22:05:00+00:00,2024-05-13 00:25:00+00:00,LONG,61363.27,61670.08,TP,2.5505,104.572,2024-05
2024-05-13 01:10:00+00:00,2024-05-13 02:30:00+00:00,SHORT,61411.01,61103.95,TP,2.6143,107.1863,2024-05
2024-05-13 06:10:00+00:00,2024-05-13 06:55:00+00:00,LONG,61176.47,61482.35,TP,2.6797,109.866,2024-05
2024-05-13 10:25:00+00:00,2024-05-13 12:00:00+00:00,SHORT,62626.24,62751.49,SL,-1.0987,108.7673,2024-05
2024-05-13 13:00:00+00:00,2024-05-13 13:30:00+00:00,LONG,62938.46,62812.58,SL,-1.0877,107.6796,2024-05
2024-05-13 17:05:00+00:00,2024-05-13 17:10:00+00:00,SHORT,62719.16,62844.6,SL,-1.0768,106.6028,2024-05
2024-05-13 19:15:00+00:00,2024-05-13 21:40:00+00:00,LONG,63055.7,62929.59,SL,-1.066,105.5368,2024-05
2024-05-13 21:50:00+00:00,2024-05-13 22:05:00+00:00,SHORT,62814.87,62940.5,SL,-1.0554,104.4815,2024-05
2024-05-14 00:25:00+00:00,2024-05-14 00:45:00+00:00,LONG,62990.73,62864.74,SL,-1.0448,103.4366,2024-05
2024-05-14 00:45:00+00:00,2024-05-14 01:10:00+00:00,SHORT,62787.62,62913.2,SL,-1.0344,102.4023,2024-05
2024-05-14 05:35:00+00:00,2024-05-14 06:00:00+00:00,LONG,62733.68,62608.22,SL,-1.024,101.3782,2024-05
2024-05-14 06:05:00+00:00,2024-05-14 06:10:00+00:00,SHORT,62250.6,61939.35,TP,2.5345,103.9127,2024-05
2024-05-14 11:25:00+00:00,2024-05-14 12:30:00+00:00,LONG,61894.76,61770.97,SL,-1.0391,102.8736,2024-05
2024-05-14 12:30:00+00:00,2024-05-14 12:40:00+00:00,SHORT,61543.47,61666.56,SL,-1.0287,101.8448,2024-05
2024-05-14 14:25:00+00:00,2024-05-14 14:35:00+00:00,LONG,62013.27,61889.24,SL,-1.0184,100.8264,2024-05
2024-05-14 16:40:00+00:00,2024-05-14 19:20:00+00:00,SHORT,61378.96,61501.72,SL,-1.0083,99.8181,2024-05
2024-05-14 19:25:00+00:00,2024-05-14 21:20:00+00:00,LONG,61654.85,61531.54,SL,-0.9982,98.8199,2024-05
2024-05-14 21:20:00+00:00,2024-05-14 21:35:00+00:00,SHORT,61483.05,61606.01,SL,-0.9882,97.8317,2024-05
2024-05-14 21:35:00+00:00,2024-05-14 22:25:00+00:00,LONG,61764.35,61640.82,SL,-0.9783,96.8534,2024-05
2024-05-14 23:15:00+00:00,2024-05-15 00:20:00+00:00,SHORT,61530.73,61653.79,SL,-0.9685,95.8849,2024-05
2024-05-15 00:25:00+00:00,2024-05-15 00:35:00+00:00,LONG,61757.76,61634.25,SL,-0.9588,94.926,2024-05
2024-05-15 00:35:00+00:00,2024-05-15 01:15:00+00:00,SHORT,61516.92,61639.96,SL,-0.9493,93.9768,2024-05
2024-05-15 01:20:00+00:00,2024-05-15 05:10:00+00:00,LONG,61722.88,62031.49,TP,2.3494,96.3262,2024-05
2024-05-15 11:35:00+00:00,2024-05-15 11:40:00+00:00,SHORT,62284.85,62409.42,SL,-0.9633,95.3629,2024-05
2024-05-15 12:30:00+00:00,2024-05-15 12:35:00+00:00,LONG,63789.15,63661.57,SL,-0.9536,94.4093,2024-05
2024-05-16 01:30:00+00:00,2024-05-16 02:10:00+00:00,SHORT,65967.95,66099.89,SL,-0.9441,93.4652,2024-05
2024-05-16 06:20:00+00:00,2024-05-16 09:00:00+00:00,LONG,65990.4,66320.35,TP,2.3366,95.8019,2024-05
2024-05-16 10:30:00+00:00,2024-05-16 11:45:00+00:00,SHORT,66092.35,66224.54,SL,-0.958,94.8438,2024-05
2024-05-16 11:55:00+00:00,2024-05-16 12:00:00+00:00,LONG,66530.4,66397.34,SL,-0.9484,93.8954,2024-05
2024-05-16 12:35:00+00:00,2024-05-16 12:45:00+00:00,SHORT,66039.56,66171.64,SL,-0.939,92.9564,2024-05
2024-05-16 19:05:00+00:00,2024-05-16 19:55:00+00:00,LONG,65340.58,65209.89,SL,-0.9296,92.0269,2024-05
2024-05-16 20:05:00+00:00,2024-05-16 20:35:00+00:00,SHORT,65075.97,65206.12,SL,-0.9203,91.1066,2024-05
2024-05-16 21:05:00+00:00,2024-05-16 21:20:00+00:00,LONG,65421.89,65291.04,SL,-0.9111,90.1955,2024-05
2024-05-16 22:10:00+00:00,2024-05-16 22:30:00+00:00,SHORT,65115.46,65245.69,SL,-0.902,89.2936,2024-05
2024-05-17 00:15:00+00:00,2024-05-17 00:35:00+00:00,LONG,65460.16,65329.24,SL,-0.8929,88.4007,2024-05
2024-05-17 01:15:00+00:00,2024-05-17 01:35:00+00:00,SHORT,65185.18,65315.55,SL,-0.884,87.5166,2024-05
2024-05-17 02:40:00+00:00,2024-05-17 03:40:00+00:00,LONG,65476.24,65803.62,TP,2.1879,89.7046,2024-05
2024-05-17 11:10:00+00:00,2024-05-17 12:30:00+00:00,SHORT,66212.64,66345.07,SL,-0.897,88.8075,2024-05
2024-05-17 12:45:00+00:00,2024-05-17 13:00:00+00:00,LONG,66502.03,66369.03,SL,-0.8881,87.9194,2024-05
2024-05-17 13:35:00+00:00,2024-05-17 14:20:00+00:00,SHORT,66047.59,66179.69,SL,-0.8792,87.0402,2024-05
2024-05-17 14:55:00+00:00,2024-05-17 15:00:00+00:00,LONG,66833.38,66699.72,SL,-0.8704,86.1698,2024-05
2024-05-17 17:40:00+00:00,2024-05-17 18:05:00+00:00,SHORT,66745.39,66411.66,TP,2.1542,88.3241,2024-05
2024-05-17 19:25:00+00:00,2024-05-17 20:40:00+00:00,LONG,66924.74,66790.89,SL,-0.8832,87.4408,2024-05
2024-05-17 22:20:00+00:00,2024-05-17 23:15:00+00:00,SHORT,66671.31,66804.65,SL,-0.8744,86.5664,2024-05
2024-05-17 23:25:00+00:00,2024-05-18 00:25:00+00:00,LONG,66947.89,66813.99,SL,-0.8657,85.7008,2024-05
2024-05-18 00:25:00+00:00,2024-05-18 01:35:00+00:00,SHORT,66779.9,66913.46,SL,-0.857,84.8438,2024-05
2024-05-18 01:55:00+00:00,2024-05-18 02:30:00+00:00,LONG,67006.79,66872.78,SL,-0.8484,83.9953,2024-05
2024-05-18 05:45:00+00:00,2024-05-18 07:15:00+00:00,SHORT,66803.27,66936.87,SL,-0.84,83.1554,2024-05
2024-05-18 10:45:00+00:00,2024-05-18 10:50:00+00:00,SHORT,67007.18,67141.19,SL,-0.8316,82.3238,2024-05
2024-05-18 11:00:00+00:00,2024-05-18 11:30:00+00:00,LONG,67368.53,67233.79,SL,-0.8232,81.5006,2024-05
2024-05-18 12:55:00+00:00,2024-05-18 13:20:00+00:00,SHORT,66921.22,67055.06,SL,-0.815,80.6856,2024-05
2024-05-18 19:50:00+00:00,2024-05-19 02:50:00+00:00,LONG,66895.16,67229.63,TP,2.0171,82.7027,2024-05
2024-05-19 04:20:00+00:00,2024-05-19 04:50:00+00:00,SHORT,66967.76,67101.7,SL,-0.827,81.8757,2024-05
2024-05-19 07:20:00+00:00,2024-05-19 09:20:00+00:00,LONG,67176.85,67042.5,SL,-0.8188,81.0569,2024-05
2024-05-19 09:20:00+00:00,2024-05-19 09:55:00+00:00,SHORT,67007.55,67141.56,SL,-0.8106,80.2464,2024-05
2024-05-19 10:00:00+00:00,2024-05-19 10:35:00+00:00,LONG,67234.88,67571.06,TP,2.0062,82.2525,2024-05
2024-05-19 11:00:00+00:00,2024-05-19 11:40:00+00:00,SHORT,67066.35,67200.49,SL,-0.8225,81.43,2024-05
2024-05-19 13:50:00+00:00,2024-05-19 14:25:00+00:00,LONG,67136.85,67002.58,SL,-0.8143,80.6157,2024-05
2024-05-19 15:10:00+00:00,2024-05-19 15:25:00+00:00,SHORT,66757.31,66890.82,SL,-0.8062,79.8095,2024-05
2024-05-19 21:50:00+00:00,2024-05-19 23:25:00+00:00,LONG,66380.54,66247.78,SL,-0.7981,79.0114,2024-05
2024-05-19 23:25:00+00:00,2024-05-19 23:50:00+00:00,SHORT,66189.5,66321.88,SL,-0.7901,78.2213,2024-05
2024-05-20 00:35:00+00:00,2024-05-20 00:45:00+00:00,LONG,66459.5,66326.58,SL,-0.7822,77.4391,2024-05
2024-05-20 01:30:00+00:00,2024-05-20 01:35:00+00:00,SHORT,66118.95,66251.19,SL,-0.7744,76.6647,2024-05
2024-05-20 02:00:00+00:00,2024-05-20 04:35:00+00:00,LONG,66594.13,66927.1,TP,1.9166,78.5813,2024-05
2024-05-20 06:45:00+00:00,2024-05-20 06:50:00+00:00,SHORT,66853.26,66518.99,TP,1.9645,80.5459,2024-05
2024-05-20 08:00:00+00:00,2024-05-20 08:15:00+00:00,LONG,67043.0,66908.91,SL,-0.8055,79.7404,2024-05
2024-05-20 12:20:00+00:00,2024-05-20 13:10:00+00:00,SHORT,66903.24,67037.04,SL,-0.7974,78.943,2024-05
2024-05-20 15:15:00+00:00,2024-05-20 16:00:00+00:00,LONG,67208.06,67544.1,TP,1.9736,80.9166,2024-05
2024-05-20 21:10:00+00:00,2024-05-20 21:25:00+00:00,SHORT,69011.21,69149.24,SL,-0.8092,80.1074,2024-05
2024-05-20 22:20:00+00:00,2024-05-20 22:35:00+00:00,LONG,69794.91,69655.32,SL,-0.8011,79.3064,2024-05
2024-05-21 04:40:00+00:00,2024-05-21 05:45:00+00:00,SHORT,70951.61,71093.51,SL,-0.7931,78.5133,2024-05
2024-05-21 05:50:00+00:00,2024-05-21 07:10:00+00:00,LONG,71250.4,71107.9,SL,-0.7851,77.7282,2024-05
2024-05-21 07:10:00+00:00,2024-05-21 10:10:00+00:00,SHORT,71001.1,71143.1,SL,-0.7773,76.9509,2024-05
2024-05-21 10:10:00+00:00,2024-05-21 10:20:00+00:00,LONG,71296.92,71154.32,SL,-0.7695,76.1814,2024-05
2024-05-21 13:15:00+00:00,2024-05-21 13:40:00+00:00,SHORT,70941.83,71083.72,SL,-0.7618,75.4196,2024-05
2024-05-21 22:00:00+00:00,2024-05-21 22:55:00+00:00,LONG,69847.93,70197.17,TP,1.8855,77.305,2024-05
2024-05-22 01:00:00+00:00,2024-05-22 01:10:00+00:00,SHORT,70005.33,70145.34,SL,-0.7731,76.532,2024-05
2024-05-22 05:15:00+00:00,2024-05-22 08:35:00+00:00,LONG,69760.93,70109.74,TP,1.9133,78.4453,2024-05
2024-05-22 11:50:00+00:00,2024-05-22 12:10:00+00:00,SHORT,69834.74,69974.41,SL,-0.7845,77.6608,2024-05
2024-05-22 14:45:00+00:00,2024-05-22 15:40:00+00:00,LONG,69997.99,70347.98,TP,1.9415,79.6024,2024-05
2024-05-22 17:35:00+00:00,2024-05-22 18:15:00+00:00,SHORT,69964.01,69614.19,TP,1.9901,81.5924,2024-05
2024-05-23 00:15:00+00:00,2024-05-23 07:35:00+00:00,LONG,69435.61,69782.79,TP,2.0398,83.6322,2024-05
2024-05-23 10:55:00+00:00,2024-05-23 11:05:00+00:00,SHORT,69509.4,69648.41,SL,-0.8363,82.7959,2024-05
2024-05-23 11:20:00+00:00,2024-05-23 12:50:00+00:00,LONG,69918.65,69778.81,SL,-0.828,81.9679,2024-05
2024-05-23 12:50:00+00:00,2024-05-23 13:15:00+00:00,SHORT,69622.14,69274.03,TP,2.0492,84.0171,2024-05
2024-05-23 20:45:00+00:00,2024-05-23 21:05:00+00:00,LONG,67707.07,68045.61,TP,2.1004,86.1176,2024-05
2024-05-24 04:35:00+00:00,2024-05-24 05:35:00+00:00,SHORT,67644.46,67306.24,TP,2.1529,88.2705,2024-05
2024-05-24 08:55:00+00:00,2024-05-24 13:50:00+00:00,LONG,67217.03,67082.59,SL,-0.8827,87.3878,2024-05
2024-05-24 14:20:00+00:00,2024-05-24 15:00:00+00:00,LONG,67636.2,67974.38,TP,2.1847,89.5725,2024-05
2024-05-24 22:15:00+00:00,2024-05-25 03:00:00+00:00,SHORT,68744.49,68881.98,SL,-0.8957,88.6768,2024-05
2024-05-25 03:20:00+00:00,2024-05-25 08:10:00+00:00,SHORT,68669.37,68806.71,SL,-0.8868,87.79,2024-05
2024-05-25 11:50:00+00:00,2024-05-25 23:20:00+00:00,SHORT,69209.94,69348.36,SL,-0.8779,86.9121,2024-05
2024-05-26 00:35:00+00:00,2024-05-26 07:30:00+00:00,SHORT,69132.94,69271.2,SL,-0.8691,86.043,2024-05
2024-05-26 08:45:00+00:00,2024-05-26 09:00:00+00:00,SHORT,69048.63,69186.73,SL,-0.8604,85.1826,2024-05
2024-05-26 10:50:00+00:00,2024-05-26 11:35:00+00:00,LONG,69250.09,69111.59,SL,-0.8518,84.3307,2024-05
2024-05-26 13:55:00+00:00,2024-05-26 15:45:00+00:00,LONG,69163.79,69025.47,SL,-0.8433,83.4874,2024-05
2024-05-26 19:05:00+00:00,2024-05-26 20:30:00+00:00,LONG,68916.37,68778.53,SL,-0.8349,82.6526,2024-05
2024-05-26 22:30:00+00:00,2024-05-26 22:55:00+00:00,LONG,68727.48,68590.03,SL,-0.8265,81.826,2024-05
2024-05-26 23:10:00+00:00,2024-05-27 00:15:00+00:00,SHORT,68472.6,68609.55,SL,-0.8183,81.0078,2024-05
2024-05-27 03:50:00+00:00,2024-05-27 05:25:00+00:00,SHORT,68804.67,68460.64,TP,2.0252,83.033,2024-05
2024-05-27 07:40:00+00:00,2024-05-27 08:45:00+00:00,LONG,68734.48,68597.01,SL,-0.8303,82.2026,2024-05
2024-05-27 08:45:00+00:00,2024-05-27 13:05:00+00:00,SHORT,68532.79,68669.85,SL,-0.822,81.3806,2024-05
2024-05-27 17:20:00+00:00,2024-05-27 17:30:00+00:00,SHORT,70043.31,70183.4,SL,-0.8138,80.5668,2024-05
2024-05-28 01:05:00+00:00,2024-05-28 01:40:00+00:00,LONG,69471.2,69332.25,SL,-0.8057,79.7611,2024-05
2024-05-28 01:45:00+00:00,2024-05-28 03:25:00+00:00,SHORT,68672.52,68329.16,TP,1.994,81.7552,2024-05
2024-05-28 08:10:00+00:00,2024-05-28 09:40:00+00:00,LONG,67951.16,68290.92,TP,2.0439,83.799,2024-05
2024-05-28 11:30:00+00:00,2024-05-28 12:30:00+00:00,SHORT,68345.38,68482.07,SL,-0.838,82.961,2024-05
2024-05-28 12:30:00+00:00,2024-05-28 12:40:00+00:00,LONG,68587.41,68450.24,SL,-0.8296,82.1314,2024-05
2024-05-28 12:55:00+00:00,2024-05-28 13:20:00+00:00,SHORT,68181.35,68317.71,SL,-0.8213,81.3101,2024-05
2024-05-28 15:50:00+00:00,2024-05-28 16:15:00+00:00,LONG,68441.7,68304.81,SL,-0.8131,80.497,2024-05
2024-05-28 16:25:00+00:00,2024-05-28 17:10:00+00:00,SHORT,67844.53,67980.22,SL,-0.805,79.6921,2024-05
2024-05-28 19:00:00+00:00,2024-05-28 19:40:00+00:00,LONG,68016.35,68356.43,TP,1.9923,81.6844,2024-05
2024-05-28 23:05:00+00:00,2024-05-29 00:40:00+00:00,SHORT,68406.63,68543.44,SL,-0.8168,80.8675,2024-05
2024-05-29 05:10:00+00:00,2024-05-29 05:25:00+00:00,SHORT,68568.36,68705.5,SL,-0.8087,80.0588,2024-05
2024-05-29 13:10:00+00:00,2024-05-29 13:15:00+00:00,LONG,68223.28,68086.83,SL,-0.8006,79.2582,2024-05
2024-05-29 14:55:00+00:00,2024-05-29 15:20:00+00:00,SHORT,67607.96,67743.17,SL,-0.7926,78.4657,2024-05
2024-05-29 19:25:00+00:00,2024-05-29 19:35:00+00:00,LONG,67737.09,67601.62,SL,-0.7847,77.681,2024-05
2024-05-29 19:50:00+00:00,2024-05-29 20:55:00+00:00,SHORT,67303.08,67437.68,SL,-0.7768,76.9042,2024-05
2024-05-29 21:35:00+00:00,2024-05-30 02:15:00+00:00,LONG,67615.25,67953.32,TP,1.9226,78.8268,2024-05
2024-05-30 05:10:00+00:00,2024-05-30 07:50:00+00:00,SHORT,68018.94,67678.85,TP,1.9707,80.7975,2024-05
2024-05-30 08:55:00+00:00,2024-05-30 09:25:00+00:00,LONG,67716.04,67580.6,SL,-0.808,79.9895,2024-05
2024-05-30 19:25:00+00:00,2024-05-30 19:45:00+00:00,SHORT,68931.68,68587.02,TP,1.9997,81.9892,2024-05
2024-05-30 23:20:00+00:00,2024-05-30 23:40:00+00:00,LONG,68508.42,68371.41,SL,-0.8199,81.1693,2024-05
2024-05-31 04:30:00+00:00,2024-05-31 07:50:00+00:00,SHORT,68458.62,68116.32,TP,2.0292,83.1986,2024-05
2024-05-31 10:05:00+00:00,2024-05-31 12:25:00+00:00,LONG,68218.24,68559.33,TP,2.08,85.2785,2024-05
2024-05-31 13:30:00+00:00,2024-05-31 13:35:00+00:00,SHORT,68173.72,68310.07,SL,-0.8528,84.4258,2024-05
2024-05-31 17:20:00+00:00,2024-05-31 18:30:00+00:00,LONG,67421.96,67287.11,SL,-0.8443,83.5815,2024-05
2024-05-31 18:30:00+00:00,2024-05-31 18:35:00+00:00,SHORT,67153.12,67287.42,SL,-0.8358,82.7457,2024-05
2024-05-31 19:25:00+00:00,2024-05-31 19:50:00+00:00,LONG,67561.18,67898.99,TP,2.0686,84.8143,2024-05
2024-05-31 23:05:00+00:00,2024-05-31 23:50:00+00:00,SHORT,67404.3,67539.11,SL,-0.8481,83.9662,2024-05
2024-05-31 23:50:00+00:00,2024-06-01 01:35:00+00:00,LONG,67603.24,67468.03,SL,-0.8397,83.1265,2024-06
2024-06-01 01:35:00+00:00,2024-06-01 02:00:00+00:00,SHORT,67440.82,67575.7,SL,-0.8313,82.2953,2024-06
2024-06-01 02:30:00+00:00,2024-06-02 09:35:00+00:00,LONG,67705.1,67569.69,SL,-0.823,81.4723,2024-06
2024-06-02 11:25:00+00:00,2024-06-02 11:45:00+00:00,LONG,67647.04,67985.27,TP,2.0368,83.5091,2024-06
2024-06-02 13:00:00+00:00,2024-06-02 13:10:00+00:00,SHORT,67799.31,67934.91,SL,-0.8351,82.674,2024-06
2024-06-02 13:50:00+00:00,2024-06-02 15:15:00+00:00,LONG,68218.25,68081.81,SL,-0.8267,81.8473,2024-06
2024-06-02 17:15:00+00:00,2024-06-02 18:20:00+00:00,SHORT,67899.21,67559.71,TP,2.0462,83.8935,2024-06
2024-06-02 21:00:00+00:00,2024-06-03 00:00:00+00:00,LONG,67865.74,67730.0,SL,-0.8389,83.0545,2024-06
2024-06-03 01:00:00+00:00,2024-06-03 01:30:00+00:00,LONG,67920.01,68259.61,TP,2.0764,85.1309,2024-06
2024-06-03 03:00:00+00:00,2024-06-03 03:30:00+00:00,SHORT,68196.69,68333.08,SL,-0.8513,84.2796,2024-06
2024-06-03 04:50:00+00:00,2024-06-03 05:05:00+00:00,LONG,68603.24,68466.03,SL,-0.8428,83.4368,2024-06
2024-06-03 09:15:00+00:00,2024-06-03 09:50:00+00:00,SHORT,68948.32,69086.22,SL,-0.8344,82.6024,2024-06
2024-06-03 11:15:00+00:00,2024-06-03 12:35:00+00:00,LONG,69167.25,69513.08,TP,2.0651,84.6675,2024-06
2024-06-03 14:30:00+00:00,2024-06-03 14:45:00+00:00,SHORT,69402.23,69055.22,TP,2.1167,86.7842,2024-06
2024-06-03 15:55:00+00:00,2024-06-03 16:00:00+00:00,LONG,69643.13,69503.84,SL,-0.8678,85.9163,2024-06
2024-06-03 16:50:00+00:00,2024-06-03 17:15:00+00:00,SHORT,68947.82,69085.72,SL,-0.8592,85.0572,2024-06
2024-06-03 18:45:00+00:00,2024-06-03 18:50:00+00:00,LONG,69471.13,69332.19,SL,-0.8506,84.2066,2024-06
2024-06-03 19:15:00+00:00,2024-06-03 20:00:00+00:00,SHORT,69074.64,69212.79,SL,-0.8421,83.3645,2024-06
2024-06-03 20:10:00+00:00,2024-06-03 20:35:00+00:00,LONG,69464.79,69325.87,SL,-0.8336,82.5309,2024-06
2024-06-03 20:55:00+00:00,2024-06-04 00:15:00+00:00,SHORT,69073.64,68728.27,TP,2.0633,84.5941,2024-06
2024-06-04 00:35:00+00:00,2024-06-04 06:00:00+00:00,LONG,69024.21,68886.16,SL,-0.8459,83.7482,2024-06
2024-06-04 07:10:00+00:00,2024-06-04 08:00:00+00:00,LONG,69079.82,68941.66,SL,-0.8375,82.9107,2024-06
2024-06-04 08:55:00+00:00,2024-06-04 10:45:00+00:00,SHORT,68809.01,68946.62,SL,-0.8291,82.0816,2024-06
2024-06-04 17:35:00+00:00,2024-06-04 17:45:00+00:00,SHORT,70341.85,70482.54,SL,-0.8208,81.2608,2024-06
2024-06-04 18:10:00+00:00,2024-06-04 19:00:00+00:00,LONG,70788.29,70646.72,SL,-0.8126,80.4482,2024-06
2024-06-04 19:25:00+00:00,2024-06-04 21:55:00+00:00,SHORT,70443.81,70584.7,SL,-0.8045,79.6437,2024-06
2024-06-04 21:55:00+00:00,2024-06-04 23:25:00+00:00,LONG,70648.25,70506.95,SL,-0.7964,78.8473,2024-06
2024-06-04 23:25:00+00:00,2024-06-04 23:40:00+00:00,SHORT,70386.74,70527.52,SL,-0.7885,78.0588,2024-06
2024-06-05 00:30:00+00:00,2024-06-05 04:35:00+00:00,LONG,70798.3,71152.29,TP,1.9515,80.0103,2024-06
2024-06-05 05:10:00+00:00,2024-06-05 05:20:00+00:00,SHORT,70871.76,71013.5,SL,-0.8001,79.2102,2024-06
2024-06-05 07:00:00+00:00,2024-06-05 08:05:00+00:00,LONG,71206.66,71064.25,SL,-0.7921,78.4181,2024-06
2024-06-05 08:50:00+00:00,2024-06-05 11:45:00+00:00,SHORT,70878.31,71020.06,SL,-0.7842,77.6339,2024-06
2024-06-05 13:35:00+00:00,2024-06-05 14:35:00+00:00,SHORT,70741.71,70883.2,SL,-0.7763,76.8575,2024-06
2024-06-05 14:45:00+00:00,2024-06-05 14:55:00+00:00,LONG,71014.38,70872.36,SL,-0.7686,76.089,2024-06
2024-06-05 18:15:00+00:00,2024-06-05 18:45:00+00:00,SHORT,71270.17,70913.82,TP,1.9022,77.9912,2024-06
2024-06-05 19:50:00+00:00,2024-06-05 20:00:00+00:00,LONG,71338.52,71195.85,SL,-0.7799,77.2113,2024-06
2024-06-05 23:25:00+00:00,2024-06-05 23:35:00+00:00,SHORT,70821.66,70963.3,SL,-0.7721,76.4392,2024-06
2024-06-06 02:05:00+00:00,2024-06-06 03:50:00+00:00,LONG,71191.27,71048.88,SL,-0.7644,75.6748,2024-06
2024-06-06 07:50:00+00:00,2024-06-06 08:10:00+00:00,LONG,71045.22,70903.13,SL,-0.7567,74.918,2024-06
2024-06-06 13:20:00+00:00,2024-06-06 13:25:00+00:00,SHORT,71021.58,71163.62,SL,-0.7492,74.1689,2024-06
2024-06-06 13:40:00+00:00,2024-06-06 13:45:00+00:00,LONG,71521.81,71378.76,SL,-0.7417,73.4272,2024-06
2024-06-06 16:10:00+00:00,2024-06-06 19:40:00+00:00,SHORT,71100.22,70744.72,TP,1.8357,75.2628,2024-06
2024-06-06 21:15:00+00:00,2024-06-06 21:20:00+00:00,LONG,70882.13,70740.37,SL,-0.7526,74.5102,2024-06
2024-06-07 01:20:00+00:00,2024-06-07 01:45:00+00:00,SHORT,70721.27,70862.71,SL,-0.7451,73.7651,2024-06
2024-06-07 01:45:00+00:00,2024-06-07 02:25:00+00:00,LONG,70917.66,70775.82,SL,-0.7377,73.0275,2024-06
2024-06-07 02:35:00+00:00,2024-06-07 02:50:00+00:00,SHORT,70671.73,70813.07,SL,-0.7303,72.2972,2024-06
2024-06-07 02:50:00+00:00,2024-06-07 04:50:00+00:00,LONG,70856.08,71210.36,TP,1.8074,74.1046,2024-06
2024-06-07 07:35:00+00:00,2024-06-07 09:50:00+00:00,SHORT,71105.37,71247.58,SL,-0.741,73.3636,2024-06
2024-06-07 12:30:00+00:00,2024-06-07 12:55:00+00:00,SHORT,70909.6,71051.42,SL,-0.7336,72.6299,2024-06
2024-06-07 22:50:00+00:00,2024-06-07 23:25:00+00:00,LONG,69480.22,69341.26,SL,-0.7263,71.9036,2024-06
2024-06-08 03:55:00+00:00,2024-06-08 07:40:00+00:00,SHORT,69404.23,69543.04,SL,-0.719,71.1846,2024-06
2024-06-08 08:20:00+00:00,2024-06-09 12:45:00+00:00,SHORT,69397.13,69535.92,SL,-0.7118,70.4728,2024-06
2024-06-09 13:20:00+00:00,2024-06-09 16:30:00+00:00,SHORT,69470.03,69608.97,SL,-0.7047,69.768,2024-06
2024-06-09 17:05:00+00:00,2024-06-10 00:10:00+00:00,LONG,69678.49,69539.13,SL,-0.6977,69.0703,2024-06
2024-06-10 00:55:00+00:00,2024-06-10 06:45:00+00:00,LONG,69587.81,69448.64,SL,-0.6907,68.3796,2024-06
2024-06-10 08:20:00+00:00,2024-06-10 09:20:00+00:00,LONG,69503.78,69364.77,SL,-0.6838,67.6958,2024-06
2024-06-10 09:20:00+00:00,2024-06-10 09:55:00+00:00,SHORT,69299.27,69437.87,SL,-0.677,67.0189,2024-06
2024-06-10 11:40:00+00:00,2024-06-10 12:00:00+00:00,LONG,69558.27,69419.16,SL,-0.6702,66.3487,2024-06
2024-06-10 13:00:00+00:00,2024-06-10 13:30:00+00:00,SHORT,69266.26,69404.79,SL,-0.6635,65.6852,2024-06
2024-06-10 13:35:00+00:00,2024-06-10 13:45:00+00:00,LONG,69531.69,69392.63,SL,-0.6569,65.0284,2024-06
2024-06-10 19:00:00+00:00,2024-06-10 20:10:00+00:00,SHORT,69719.19,69370.6,TP,1.6257,66.6541,2024-06
2024-06-11 00:00:00+00:00,2024-06-11 00:35:00+00:00,LONG,69607.86,69468.65,SL,-0.6665,65.9875,2024-06
2024-06-11 01:05:00+00:00,2024-06-11 01:10:00+00:00,SHORT,69347.58,69486.28,SL,-0.6599,65.3277,2024-06
2024-06-11 13:15:00+00:00,2024-06-11 13:30:00+00:00,LONG,67288.66,67154.09,SL,-0.6533,64.6744,2024-06
2024-06-11 13:45:00+00:00,2024-06-11 14:05:00+00:00,SHORT,66805.3,66938.91,SL,-0.6467,64.0276,2024-06
2024-06-11 18:00:00+00:00,2024-06-11 18:05:00+00:00,LONG,66827.31,66693.66,SL,-0.6403,63.3874,2024-06
2024-06-11 22:30:00+00:00,2024-06-11 23:05:00+00:00,SHORT,67321.05,67455.69,SL,-0.6339,62.7535,2024-06
2024-06-11 23:05:00+00:00,2024-06-11 23:15:00+00:00,LONG,67579.02,67443.86,SL,-0.6275,62.1259,2024-06
2024-06-11 23:55:00+00:00,2024-06-12 02:15:00+00:00,SHORT,67287.31,67421.89,SL,-0.6213,61.5047,2024-06
2024-06-12 05:05:00+00:00,2024-06-12 08:10:00+00:00,SHORT,67369.03,67503.77,SL,-0.615,60.8896,2024-06
2024-06-12 11:40:00+00:00,2024-06-12 12:20:00+00:00,SHORT,67715.05,67850.48,SL,-0.6089,60.2807,2024-06
2024-06-12 12:25:00+00:00,2024-06-12 12:30:00+00:00,LONG,68037.2,68377.39,TP,1.507,61.7878,2024-06
2024-06-12 16:25:00+00:00,2024-06-12 16:35:00+00:00,SHORT,69303.37,69441.97,SL,-0.6179,61.1699,2024-06
2024-06-12 17:50:00+00:00,2024-06-12 18:00:00+00:00,LONG,69857.92,69718.21,SL,-0.6117,60.5582,2024-06
2024-06-12 18:00:00+00:00,2024-06-12 18:15:00+00:00,SHORT,69232.28,69370.74,SL,-0.6056,59.9526,2024-06
2024-06-12 21:30:00+00:00,2024-06-12 22:20:00+00:00,LONG,68469.2,68332.26,SL,-0.5995,59.3531,2024-06
2024-06-13 00:05:00+00:00,2024-06-13 00:45:00+00:00,SHORT,68113.79,68250.02,SL,-0.5935,58.7595,2024-06
2024-06-13 00:45:00+00:00,2024-06-13 01:15:00+00:00,LONG,68358.18,68221.47,SL,-0.5876,58.172,2024-06
2024-06-13 01:30:00+00:00,2024-06-13 03:15:00+00:00,SHORT,68019.29,67679.19,TP,1.4543,59.6262,2024-06
2024-06-13 07:20:00+00:00,2024-06-13 08:35:00+00:00,LONG,67706.81,67571.4,SL,-0.5963,59.03,2024-06
2024-06-13 08:35:00+00:00,2024-06-13 09:40:00+00:00,SHORT,67541.05,67203.35,TP,1.4757,60.5057,2024-06
2024-06-13 10:40:00+00:00,2024-06-13 12:30:00+00:00,LONG,67608.11,67946.15,TP,1.5126,62.0184,2024-06
2024-06-13 13:55:00+00:00,2024-06-13 14:35:00+00:00,SHORT,67562.95,67698.08,SL,-0.6202,61.3982,2024-06
2024-06-13 17:00:00+00:00,2024-06-13 17:05:00+00:00,LONG,67084.99,66950.82,SL,-0.614,60.7842,2024-06
2024-06-13 19:55:00+00:00,2024-06-13 20:15:00+00:00,SHORT,66577.37,66710.52,SL,-0.6078,60.1764,2024-06
2024-06-13 21:30:00+00:00,2024-06-13 23:10:00+00:00,LONG,66865.88,66732.14,SL,-0.6018,59.5746,2024-06
2024-06-14 02:50:00+00:00,2024-06-14 03:05:00+00:00,LONG,66944.16,66810.27,SL,-0.5957,58.9789,2024-06
2024-06-14 03:35:00+00:00,2024-06-14 04:05:00+00:00,SHORT,66655.54,66788.85,SL,-0.5898,58.3891,2024-06
2024-06-14 05:30:00+00:00,2024-06-14 13:25:00+00:00,LONG,66946.78,67281.51,TP,1.4597,59.8488,2024-06
2024-06-14 13:25:00+00:00,2024-06-14 13:40:00+00:00,LONG,67358.11,67223.4,SL,-0.5985,59.2503,2024-06
2024-06-14 14:00:00+00:00,2024-06-14 15:45:00+00:00,SHORT,66941.22,66606.52,TP,1.4813,60.7316,2024-06
2024-06-14 19:25:00+00:00,2024-06-14 19:30:00+00:00,LONG,65696.79,65565.39,SL,-0.6073,60.1243,2024-06
2024-06-15 01:35:00+00:00,2024-06-15 02:30:00+00:00,SHORT,66057.06,66189.17,SL,-0.6012,59.523,2024-06
2024-06-15 02:30:00+00:00,2024-06-15 07:35:00+00:00,LONG,66237.1,66104.63,SL,-0.5952,58.9278,2024-06
2024-06-15 08:20:00+00:00,2024-06-15 20:15:00+00:00,LONG,66223.79,66091.34,SL,-0.5893,58.3385,2024-06
2024-06-15 22:45:00+00:00,2024-06-16 10:40:00+00:00,LONG,66176.47,66507.35,TP,1.4585,59.797,2024-06
2024-06-16 11:50:00+00:00,2024-06-16 12:15:00+00:00,SHORT,66417.61,66550.45,SL,-0.598,59.199,2024-06
2024-06-16 13:05:00+00:00,2024-06-16 14:50:00+00:00,LONG,66686.65,66553.28,SL,-0.592,58.607,2024-06
2024-06-16 16:00:00+00:00,2024-06-16 16:15:00+00:00,LONG,66756.7,66623.19,SL,-0.5861,58.0209,2024-06
2024-06-16 17:45:00+00:00,2024-06-16 18:25:00+00:00,SHORT,66517.64,66650.68,SL,-0.5802,57.4407,2024-06
2024-06-16 20:20:00+00:00,2024-06-16 20:50:00+00:00,LONG,66626.64,66493.39,SL,-0.5744,56.8663,2024-06
2024-06-16 20:50:00+00:00,2024-06-16 22:00:00+00:00,SHORT,66458.09,66591.0,SL,-0.5687,56.2977,2024-06
2024-06-16 22:00:00+00:00,2024-06-17 01:15:00+00:00,LONG,66705.38,66571.97,SL,-0.563,55.7347,2024-06
2024-06-17 05:10:00+00:00,2024-06-17 05:45:00+00:00,LONG,66535.37,66402.3,SL,-0.5573,55.1773,2024-06
2024-06-17 05:50:00+00:00,2024-06-17 09:50:00+00:00,SHORT,66278.07,65946.68,TP,1.3794,56.5568,2024-06
2024-06-17 09:50:00+00:00,2024-06-17 13:30:00+00:00,SHORT,65886.27,65556.84,TP,1.4139,57.9707,2024-06
2024-06-17 14:40:00+00:00,2024-06-17 14:50:00+00:00,LONG,65756.29,65624.78,SL,-0.5797,57.391,2024-06
2024-06-17 15:15:00+00:00,2024-06-17 15:35:00+00:00,SHORT,65311.85,65442.48,SL,-0.5739,56.8171,2024-06
2024-06-17 16:25:00+00:00,2024-06-17 17:30:00+00:00,LONG,65855.78,66185.06,TP,1.4204,58.2375,2024-06
2024-06-17 19:45:00+00:00,2024-06-17 20:05:00+00:00,SHORT,66657.73,66324.44,TP,1.4559,59.6934,2024-06
2024-06-18 04:15:00+00:00,2024-06-18 04:55:00+00:00,LONG,65708.27,65576.86,SL,-0.5969,59.0965,2024-06
2024-06-18 06:50:00+00:00,2024-06-18 07:00:00+00:00,SHORT,65395.85,65526.64,SL,-0.591,58.5055,2024-06
2024-06-18 14:35:00+00:00,2024-06-18 14:40:00+00:00,LONG,65400.16,65269.36,SL,-0.5851,57.9205,2024-06
2024-06-18 15:05:00+00:00,2024-06-18 15:20:00+00:00,SHORT,64476.31,64605.26,SL,-0.5792,57.3413,2024-06
2024-06-18 20:50:00+00:00,2024-06-18 21:50:00+00:00,LONG,64897.94,65222.43,TP,1.4335,58.7748,2024-06
2024-06-19 00:15:00+00:00,2024-06-19 00:45:00+00:00,SHORT,64904.36,65034.17,SL,-0.5877,58.1871,2024-06
2024-06-19 01:00:00+00:00,2024-06-19 01:25:00+00:00,LONG,65374.03,65243.28,SL,-0.5819,57.6052,2024-06
2024-06-19 01:40:00+00:00,2024-06-19 02:00:00+00:00,SHORT,64945.0,65074.89,SL,-0.5761,57.0291,2024-06
2024-06-19 02:25:00+00:00,2024-06-19 02:30:00+00:00,LONG,65488.19,65357.22,SL,-0.5703,56.4588,2024-06
2024-06-19 07:20:00+00:00,2024-06-19 10:55:00+00:00,SHORT,65374.83,65505.58,SL,-0.5646,55.8943,2024-06
2024-06-19 11:35:00+00:00,2024-06-19 11:40:00+00:00,SHORT,65019.86,65149.9,SL,-0.5589,55.3353,2024-06
2024-06-19 17:20:00+00:00,2024-06-19 18:35:00+00:00,LONG,65170.04,65039.7,SL,-0.5534,54.782,2024-06
2024-06-19 19:00:00+00:00,2024-06-19 21:30:00+00:00,SHORT,64924.03,65053.88,SL,-0.5478,54.2341,2024-06
2024-06-19 22:45:00+00:00,2024-06-20 00:40:00+00:00,SHORT,64890.89,65020.68,SL,-0.5423,53.6918,2024-06
2024-06-20 02:00:00+00:00,2024-06-20 02:20:00+00:00,SHORT,64947.41,65077.31,SL,-0.5369,53.1549,2024-06
2024-06-20 04:30:00+00:00,2024-06-20 06:35:00+00:00,LONG,65276.36,65602.74,TP,1.3289,54.4838,2024-06
2024-06-20 12:20:00+00:00,2024-06-20 12:25:00+00:00,SHORT,65909.64,66041.45,SL,-0.5448,53.9389,2024-06
2024-06-20 18:15:00+00:00,2024-06-20 19:15:00+00:00,LONG,65119.03,64988.79,SL,-0.5394,53.3995,2024-06
2024-06-20 19:20:00+00:00,2024-06-20 19:25:00+00:00,SHORT,64830.05,64959.71,SL,-0.534,52.8655,2024-06
2024-06-21 01:30:00+00:00,2024-06-21 02:30:00+00:00,LONG,64985.99,64856.02,SL,-0.5287,52.3369,2024-06
2024-06-21 02:35:00+00:00,2024-06-21 07:50:00+00:00,SHORT,64702.11,64378.6,TP,1.3084,53.6453,2024-06
2024-06-21 14:20:00+00:00,2024-06-21 15:25:00+00:00,LONG,64061.68,63933.56,SL,-0.5365,53.1088,2024-06
2024-06-21 15:35:00+00:00,2024-06-21 15:50:00+00:00,SHORT,63552.59,63679.69,SL,-0.5311,52.5778,2024-06
2024-06-21 18:25:00+00:00,2024-06-21 20:00:00+00:00,LONG,64013.38,64333.44,TP,1.3144,53.8922,2024-06
2024-06-21 21:15:00+00:00,2024-06-21 22:00:00+00:00,SHORT,63984.25,64112.21,SL,-0.5389,53.3533,2024-06
2024-06-21 22:20:00+00:00,2024-06-21 23:45:00+00:00,LONG,64218.34,64089.9,SL,-0.5335,52.8197,2024-06
2024-06-21 23:45:00+00:00,2024-06-22 01:45:00+00:00,SHORT,64061.57,64189.69,SL,-0.5282,52.2915,2024-06
2024-06-22 05:10:00+00:00,2024-06-22 05:45:00+00:00,SHORT,64251.63,64380.13,SL,-0.5229,51.7686,2024-06
2024-06-22 07:15:00+00:00,2024-06-22 07:40:00+00:00,SHORT,64325.23,64453.88,SL,-0.5177,51.2509,2024-06
2024-06-22 07:55:00+00:00,2024-06-22 08:05:00+00:00,LONG,64545.81,64416.72,SL,-0.5125,50.7384,2024-06
2024-06-22 08:05:00+00:00,2024-06-23 00:40:00+00:00,SHORT,64354.25,64482.96,SL,-0.5074,50.2311,2024-06
2024-06-23 01:10:00+00:00,2024-06-23 01:50:00+00:00,SHORT,64350.24,64478.94,SL,-0.5023,49.7287,2024-06
2024-06-23 02:55:00+00:00,2024-06-23 04:20:00+00:00,LONG,64532.97,64403.91,SL,-0.4973,49.2315,2024-06
2024-06-23 05:00:00+00:00,2024-06-23 10:05:00+00:00,LONG,64445.75,64316.86,SL,-0.4923,48.7391,2024-06
2024-06-23 10:05:00+00:00,2024-06-23 13:00:00+00:00,SHORT,64290.9,64419.49,SL,-0.4874,48.2517,2024-06
2024-06-23 13:15:00+00:00,2024-06-23 16:55:00+00:00,SHORT,64293.11,63971.65,TP,1.2063,49.458,2024-06
2024-06-23 17:15:00+00:00,2024-06-23 20:20:00+00:00,LONG,64194.08,64065.69,SL,-0.4946,48.9635,2024-06
2024-06-24 01:55:00+00:00,2024-06-24 02:20:00+00:00,LONG,63341.32,63214.63,SL,-0.4896,48.4738,2024-06
2024-06-24 02:45:00+00:00,2024-06-24 04:10:00+00:00,SHORT,63009.6,62694.55,TP,1.2118,49.6857,2024-06
2024-06-24 07:35:00+00:00,2024-06-24 08:05:00+00:00,LONG,62571.02,62445.88,SL,-0.4969,49.1888,2024-06
2024-06-24 09:10:00+00:00,2024-06-24 09:25:00+00:00,SHORT,62464.22,62151.9,TP,1.2297,50.4185,2024-06
2024-06-24 12:10:00+00:00,2024-06-24 12:30:00+00:00,LONG,61414.56,61291.73,SL,-0.5042,49.9144,2024-06
2024-06-24 13:10:00+00:00,2024-06-24 13:20:00+00:00,SHORT,61020.73,61142.77,SL,-0.4991,49.4152,2024-06
2024-06-24 13:30:00+00:00,2024-06-24 13:40:00+00:00,LONG,61475.57,61352.62,SL,-0.4942,48.9211,2024-06
2024-06-24 15:45:00+00:00,2024-06-24 16:35:00+00:00,SHORT,60949.1,60644.36,TP,1.223,50.1441,2024-06
2024-06-24 21:50:00+00:00,2024-06-24 23:40:00+00:00,LONG,60024.0,60324.12,TP,1.2536,51.3977,2024-06
2024-06-25 05:35:00+00:00,2024-06-25 07:00:00+00:00,SHORT,61071.62,61193.76,SL,-0.514,50.8837,2024-06
2024-06-25 09:15:00+00:00,2024-06-25 09:50:00+00:00,LONG,60959.41,61264.21,TP,1.2721,52.1558,2024-06
2024-06-25 11:30:00+00:00,2024-06-25 13:45:00+00:00,SHORT,61160.84,61283.16,SL,-0.5216,51.6342,2024-06
2024-06-25 13:45:00+00:00,2024-06-25 13:50:00+00:00,LONG,61346.53,61223.84,SL,-0.5163,51.1179,2024-06
2024-06-25 16:50:00+00:00,2024-06-25 17:05:00+00:00,SHORT,61391.45,61514.24,SL,-0.5112,50.6067,2024-06
2024-06-25 17:25:00+00:00,2024-06-25 17:30:00+00:00,LONG,61774.1,61650.55,SL,-0.5061,50.1007,2024-06
2024-06-25 22:40:00+00:00,2024-06-26 01:55:00+00:00,SHORT,61950.42,62074.32,SL,-0.501,49.5996,2024-06
2024-06-26 03:00:00+00:00,2024-06-26 05:20:00+00:00,SHORT,61962.8,61652.99,TP,1.24,50.8396,2024-06
2024-06-26 07:15:00+00:00,2024-06-26 07:25:00+00:00,LONG,61764.71,61641.18,SL,-0.5084,50.3312,2024-06
2024-06-26 08:15:00+00:00,2024-06-26 13:30:00+00:00,SHORT,61439.4,61562.28,SL,-0.5033,49.8279,2024-06
2024-06-26 15:05:00+00:00,2024-06-26 17:00:00+00:00,SHORT,61504.76,61197.23,TP,1.2457,51.0736,2024-06
2024-06-26 20:00:00+00:00,2024-06-26 20:05:00+00:00,LONG,61092.12,60969.93,SL,-0.5107,50.5629,2024-06
2024-06-26 22:40:00+00:00,2024-06-27 00:30:00+00:00,SHORT,60818.32,60939.96,SL,-0.5056,50.0573,2024-06
2024-06-27 05:15:00+00:00,2024-06-27 09:35:00+00:00,SHORT,60935.63,61057.5,SL,-0.5006,49.5567,2024-06
2024-06-27 14:50:00+00:00,2024-06-27 17:10:00+00:00,SHORT,61715.81,61839.25,SL,-0.4956,49.0611,2024-06
2024-06-27 17:20:00+00:00,2024-06-27 17:35:00+00:00,LONG,61980.78,61856.82,SL,-0.4906,48.5705,2024-06
2024-06-27 19:00:00+00:00,2024-06-28 01:15:00+00:00,SHORT,61666.33,61789.67,SL,-0.4857,48.0848,2024-06
2024-06-28 01:15:00+00:00,2024-06-28 01:35:00+00:00,LONG,61828.45,62137.59,TP,1.2021,49.2869,2024-06
2024-06-28 02:45:00+00:00,2024-06-28 02:50:00+00:00,SHORT,61575.37,61698.52,SL,-0.4929,48.7941,2024-06
2024-06-28 06:10:00+00:00,2024-06-28 06:45:00+00:00,LONG,61691.34,61567.95,SL,-0.4879,48.3061,2024-06
2024-06-28 07:40:00+00:00,2024-06-28 09:45:00+00:00,SHORT,61385.44,61508.21,SL,-0.4831,47.8231,2024-06
2024-06-28 09:45:00+00:00,2024-06-28 12:50:00+00:00,LONG,61559.63,61436.51,SL,-0.4782,47.3448,2024-06
2024-06-28 22:05:00+00:00,2024-06-28 22:15:00+00:00,LONG,60435.3,60314.43,SL,-0.4734,46.8714,2024-06
2024-06-29 02:50:00+00:00,2024-06-29 06:30:00+00:00,SHORT,60689.71,60811.09,SL,-0.4687,46.4027,2024-06
2024-06-29 09:15:00+00:00,2024-06-29 10:30:00+00:00,SHORT,60885.65,61007.42,SL,-0.464,45.9386,2024-06
2024-06-29 10:30:00+00:00,2024-06-29 22:45:00+00:00,LONG,61041.46,60919.37,SL,-0.4594,45.4792,2024-06
2024-06-30 00:35:00+00:00,2024-06-30 01:50:00+00:00,LONG,61089.44,60967.26,SL,-0.4548,45.0245,2024-06
2024-06-30 01:50:00+00:00,2024-06-30 06:55:00+00:00,SHORT,60906.74,61028.55,SL,-0.4502,44.5742,2024-06
2024-06-30 12:35:00+00:00,2024-06-30 12:45:00+00:00,SHORT,61331.47,61454.13,SL,-0.4457,44.1285,2024-06
2024-06-30 13:25:00+00:00,2024-06-30 18:55:00+00:00,LONG,61659.65,61967.95,TP,1.1032,45.2317,2024-06
2024-06-30 20:45:00+00:00,2024-06-30 22:15:00+00:00,SHORT,62009.5,62133.52,SL,-0.4523,44.7794,2024-06
2024-07-01 00:05:00+00:00,2024-07-01 00:35:00+00:00,SHORT,62623.43,62748.68,SL,-0.4478,44.3316,2024-07
2024-07-01 00:55:00+00:00,2024-07-01 01:05:00+00:00,LONG,62957.16,63271.95,TP,1.1083,45.4399,2024-07
2024-07-01 04:30:00+00:00,2024-07-01 05:20:00+00:00,SHORT,63286.77,63413.34,SL,-0.4544,44.9855,2024-07
2024-07-01 05:35:00+00:00,2024-07-01 06:20:00+00:00,LONG,63458.04,63331.13,SL,-0.4499,44.5356,2024-07
2024-07-01 07:50:00+00:00,2024-07-01 08:40:00+00:00,SHORT,63246.65,62930.42,TP,1.1134,45.649,2024-07
2024-07-01 12:35:00+00:00,2024-07-01 13:20:00+00:00,LONG,62867.86,62742.12,SL,-0.4565,45.1925,2024-07
2024-07-01 13:45:00+00:00,2024-07-01 14:05:00+00:00,SHORT,62644.65,62769.94,SL,-0.4519,44.7406,2024-07
2024-07-01 15:10:00+00:00,2024-07-01 15:20:00+00:00,LONG,63055.97,62929.86,SL,-0.4474,44.2932,2024-07
2024-07-01 19:35:00+00:00,2024-07-01 20:20:00+00:00,SHORT,63250.69,63377.19,SL,-0.4429,43.8502,2024-07
2024-07-02 02:10:00+00:00,2024-07-02 02:35:00+00:00,LONG,63114.36,62988.13,SL,-0.4385,43.4117,2024-07
2024-07-02 04:55:00+00:00,2024-07-02 07:05:00+00:00,SHORT,63012.79,62697.73,TP,1.0853,44.497,2024-07
2024-07-02 11:30:00+00:00,2024-07-02 13:55:00+00:00,LONG,62847.14,62721.44,SL,-0.445,44.0521,2024-07
2024-07-02 13:55:00+00:00,2024-07-02 14:20:00+00:00,SHORT,62601.87,62288.86,TP,1.1013,45.1534,2024-07
2024-07-02 17:55:00+00:00,2024-07-02 19:25:00+00:00,LONG,62172.84,62048.49,SL,-0.4515,44.7018,2024-07
2024-07-02 23:05:00+00:00,2024-07-03 01:00:00+00:00,LONG,62203.21,62078.8,SL,-0.447,44.2548,2024-07
2024-07-03 05:55:00+00:00,2024-07-03 06:45:00+00:00,LONG,61145.97,61023.68,SL,-0.4425,43.8123,2024-07
2024-07-03 06:50:00+00:00,2024-07-03 08:50:00+00:00,SHORT,60972.6,60667.74,TP,1.0953,44.9076,2024-07
2024-07-03 13:35:00+00:00,2024-07-03 14:25:00+00:00,LONG,60542.2,60421.11,SL,-0.4491,44.4585,2024-07
2024-07-03 15:00:00+00:00,2024-07-03 15:10:00+00:00,SHORT,60039.46,60159.54,SL,-0.4446,44.0139,2024-07
2024-07-03 15:20:00+00:00,2024-07-03 15:40:00+00:00,LONG,60450.85,60329.95,SL,-0.4401,43.5738,2024-07
2024-07-03 19:00:00+00:00,2024-07-03 19:55:00+00:00,SHORT,60057.92,59757.63,TP,1.0893,44.6631,2024-07
2024-07-03 21:30:00+00:00,2024-07-03 22:40:00+00:00,LONG,60028.5,60328.64,TP,1.1166,45.7797,2024-07
2024-07-03 23:55:00+00:00,2024-07-04 00:15:00+00:00,SHORT,60184.5,60304.87,SL,-0.4578,45.3219,2024-07
2024-07-04 00:15:00+00:00,2024-07-04 01:05:00+00:00,LONG,60424.17,60303.32,SL,-0.4532,44.8687,2024-07
2024-07-04 01:05:00+00:00,2024-07-04 01:30:00+00:00,SHORT,60245.89,59944.66,TP,1.1217,45.9904,2024-07
2024-07-04 11:05:00+00:00,2024-07-04 11:10:00+00:00,LONG,58074.1,57957.95,SL,-0.4599,45.5305,2024-07
2024-07-04 12:20:00+00:00,2024-07-04 12:30:00+00:00,SHORT,57433.04,57547.9,SL,-0.4553,45.0752,2024-07
2024-07-04 15:10:00+00:00,2024-07-04 15:20:00+00:00,LONG,57616.5,57501.26,SL,-0.4508,44.6244,2024-07
2024-07-04 20:00:00+00:00,2024-07-04 20:50:00+00:00,SHORT,58170.89,58287.23,SL,-0.4462,44.1782,2024-07
2024-07-04 21:10:00+00:00,2024-07-04 21:40:00+00:00,LONG,58501.87,58384.87,SL,-0.4418,43.7364,2024-07
2024-07-04 22:30:00+00:00,2024-07-04 23:15:00+00:00,SHORT,58226.71,57935.58,TP,1.0934,44.8298,2024-07
2024-07-05 09:40:00+00:00,2024-07-05 10:00:00+00:00,LONG,54547.81,54438.71,SL,-0.4483,44.3815,2024-07
2024-07-05 13:00:00+00:00,2024-07-05 13:05:00+00:00,SHORT,54820.06,54929.7,SL,-0.4438,43.9377,2024-07
2024-07-05 13:35:00+00:00,2024-07-05 13:45:00+00:00,LONG,55850.86,55739.16,SL,-0.4394,43.4983,2024-07
2024-07-05 18:00:00+00:00,2024-07-05 18:25:00+00:00,SHORT,56276.48,56389.03,SL,-0.435,43.0633,2024-07
2024-07-05 18:45:00+00:00,2024-07-05 19:00:00+00:00,LONG,56612.63,56499.4,SL,-0.4306,42.6327,2024-07
2024-07-06 00:00:00+00:00,2024-07-06 00:30:00+00:00,SHORT,56493.38,56606.37,SL,-0.4263,42.2064,2024-07
2024-07-06 00:35:00+00:00,2024-07-06 00:45:00+00:00,LONG,56902.75,56788.95,SL,-0.4221,41.7843,2024-07
2024-07-06 01:55:00+00:00,2024-07-06 02:20:00+00:00,SHORT,56197.15,56309.55,SL,-0.4178,41.3665,2024-07
2024-07-06 05:05:00+00:00,2024-07-06 07:05:00+00:00,LONG,56353.81,56635.58,TP,1.0342,42.4006,2024-07
2024-07-06 09:15:00+00:00,2024-07-06 09:50:00+00:00,SHORT,56449.91,56562.81,SL,-0.424,41.9766,2024-07
2024-07-06 23:45:00+00:00,2024-07-06 23:50:00+00:00,SHORT,58114.74,58230.97,SL,-0.4198,41.5569,2024-07
2024-07-07 01:50:00+00:00,2024-07-07 03:10:00+00:00,LONG,58182.74,58066.38,SL,-0.4156,41.1413,2024-07
2024-07-07 03:10:00+00:00,2024-07-07 04:50:00+00:00,SHORT,57940.81,57651.11,TP,1.0285,42.1698,2024-07
2024-07-07 08:30:00+00:00,2024-07-07 10:30:00+00:00,LONG,57551.0,57838.76,TP,1.0542,43.2241,2024-07
2024-07-07 10:45:00+00:00,2024-07-07 13:05:00+00:00,SHORT,57507.6,57220.06,TP,1.0806,44.3047,2024-07
2024-07-07 16:40:00+00:00,2024-07-07 16:50:00+00:00,LONG,57178.87,57064.51,SL,-0.443,43.8616,2024-07
2024-07-07 17:25:00+00:00,2024-07-07 17:35:00+00:00,SHORT,56837.25,56950.92,SL,-0.4386,43.423,2024-07
2024-07-07 17:50:00+00:00,2024-07-07 21:10:00+00:00,LONG,57161.48,57047.15,SL,-0.4342,42.9888,2024-07
2024-07-08 02:20:00+00:00,2024-07-08 03:15:00+00:00,LONG,55246.57,55136.08,SL,-0.4299,42.5589,2024-07
2024-07-08 03:20:00+00:00,2024-07-08 03:30:00+00:00,SHORT,54929.12,55038.98,SL,-0.4256,42.1333,2024-07
2024-07-08 04:30:00+00:00,2024-07-08 05:05:00+00:00,LONG,55428.18,55705.32,TP,1.0533,43.1866,2024-07
2024-07-08 06:05:00+00:00,2024-07-08 06:10:00+00:00,SHORT,55227.9,55338.36,SL,-0.4319,42.7548,2024-07
2024-07-08 06:30:00+00:00,2024-07-08 06:35:00+00:00,LONG,55798.31,55686.71,SL,-0.4275,42.3272,2024-07
2024-07-08 10:50:00+00:00,2024-07-08 11:10:00+00:00,SHORT,57049.18,57163.28,SL,-0.4233,41.904,2024-07
2024-07-08 18:10:00+00:00,2024-07-08 19:10:00+00:00,LONG,56358.53,56245.82,SL,-0.419,41.4849,2024-07
2024-07-09 00:20:00+00:00,2024-07-09 00:35:00+00:00,SHORT,56417.42,56530.26,SL,-0.4148,41.0701,2024-07
2024-07-09 01:05:00+00:00,2024-07-09 01:10:00+00:00,LONG,56792.7,57076.66,TP,1.0268,42.0968,2024-07
2024-07-09 07:50:00+00:00,2024-07-09 08:10:00+00:00,SHORT,57127.15,57241.4,SL,-0.421,41.6759,2024-07
2024-07-09 08:20:00+00:00,2024-07-09 08:40:00+00:00,LONG,57495.0,57782.47,TP,1.0419,42.7177,2024-07
2024-07-09 10:35:00+00:00,2024-07-09 11:25:00+00:00,SHORT,57347.06,57461.76,SL,-0.4272,42.2906,2024-07
2024-07-09 14:10:00+00:00,2024-07-09 14:15:00+00:00,LONG,57874.29,57758.54,SL,-0.4229,41.8677,2024-07
2024-07-10 00:15:00+00:00,2024-07-10 01:00:00+00:00,SHORT,57724.88,57436.26,TP,1.0467,42.9144,2024-07
2024-07-10 01:30:00+00:00,2024-07-10 01:35:00+00:00,LONG,57947.17,57831.28,SL,-0.4291,42.4852,2024-07
2024-07-10 07:40:00+00:00,2024-07-10 09:20:00+00:00,SHORT,58883.83,58589.41,TP,1.0621,43.5473,2024-07
2024-07-10 15:40:00+00:00,2024-07-10 15:50:00+00:00,LONG,58010.68,57894.66,SL,-0.4355,43.1119,2024-07
2024-07-10 17:05:00+00:00,2024-07-10 17:10:00+00:00,SHORT,57555.58,57670.69,SL,-0.4311,42.6808,2024-07
2024-07-10 22:05:00+00:00,2024-07-11 00:30:00+00:00,LONG,57603.88,57488.67,SL,-0.4268,42.2539,2024-07
2024-07-11 01:35:00+00:00,2024-07-11 01:45:00+00:00,LONG,57859.47,58148.77,TP,1.0563,43.3103,2024-07
2024-07-11 03:05:00+00:00,2024-07-11 03:15:00+00:00,SHORT,57617.55,57329.47,TP,1.0828,44.393,2024-07
2024-07-11 05:40:00+00:00,2024-07-11 08:00:00+00:00,LONG,57957.18,58246.97,TP,1.1098,45.5029,2024-07
2024-07-11 13:40:00+00:00,2024-07-11 13:45:00+00:00,SHORT,58402.18,58518.98,SL,-0.455,45.0478,2024-07
2024-07-11 22:25:00+00:00,2024-07-11 22:45:00+00:00,LONG,57541.02,57425.94,SL,-0.4505,44.5974,2024-07
2024-07-11 22:45:00+00:00,2024-07-11 23:50:00+00:00,SHORT,57242.23,57356.72,SL,-0.446,44.1514,2024-07
2024-07-12 00:35:00+00:00,2024-07-12 00:50:00+00:00,LONG,57567.03,57451.89,SL,-0.4415,43.7099,2024-07
2024-07-12 00:55:00+00:00,2024-07-12 01:00:00+00:00,SHORT,57155.13,57269.44,SL,-0.4371,43.2728,2024-07
2024-07-12 02:20:00+00:00,2024-07-12 02:25:00+00:00,LONG,57368.13,57253.39,SL,-0.4327,42.8401,2024-07
2024-07-12 03:15:00+00:00,2024-07-12 03:30:00+00:00,SHORT,56937.23,57051.1,SL,-0.4284,42.4117,2024-07
2024-07-12 05:20:00+00:00,2024-07-12 06:35:00+00:00,LONG,57090.84,57376.29,TP,1.0603,43.4719,2024-07
2024-07-12 07:30:00+00:00,2024-07-12 07:55:00+00:00,SHORT,56960.12,57074.04,SL,-0.4347,43.0372,2024-07
2024-07-12 08:10:00+00:00,2024-07-12 08:20:00+00:00,LONG,57250.89,57136.39,SL,-0.4304,42.6069,2024-07
2024-07-12 09:45:00+00:00,2024-07-12 10:40:00+00:00,SHORT,56987.2,57101.17,SL,-0.4261,42.1808,2024-07
2024-07-12 11:25:00+00:00,2024-07-12 11:50:00+00:00,LONG,57271.43,57156.89,SL,-0.4218,41.759,2024-07
2024-07-12 19:15:00+00:00,2024-07-12 19:35:00+00:00,SHORT,57990.8,57700.85,TP,1.044,42.803,2024-07
2024-07-12 22:15:00+00:00,2024-07-12 22:25:00+00:00,LONG,57816.82,57701.18,SL,-0.428,42.3749,2024-07
2024-07-13 03:55:00+00:00,2024-07-13 05:20:00+00:00,SHORT,57790.87,57906.46,SL,-0.4237,41.9512,2024-07
2024-07-13 08:50:00+00:00,2024-07-13 09:20:00+00:00,SHORT,57992.86,58108.85,SL,-0.4195,41.5317,2024-07
2024-07-13 09:20:00+00:00,2024-07-13 09:55:00+00:00,LONG,58161.78,58452.58,TP,1.0383,42.57,2024-07
2024-07-13 10:40:00+00:00,2024-07-13 11:25:00+00:00,SHORT,58353.3,58470.01,SL,-0.4257,42.1443,2024-07
2024-07-13 12:20:00+00:00,2024-07-13 14:05:00+00:00,LONG,58645.45,58528.16,SL,-0.4214,41.7228,2024-07
2024-07-13 14:05:00+00:00,2024-07-13 14:35:00+00:00,SHORT,58480.61,58597.57,SL,-0.4172,41.3056,2024-07
2024-07-13 14:55:00+00:00,2024-07-13 15:15:00+00:00,LONG,58823.52,58705.87,SL,-0.4131,40.8925,2024-07
2024-07-13 17:25:00+00:00,2024-07-13 17:55:00+00:00,SHORT,58575.56,58692.71,SL,-0.4089,40.4836,2024-07
2024-07-13 18:05:00+00:00,2024-07-13 18:15:00+00:00,LONG,58822.65,58705.0,SL,-0.4048,40.0788,2024-07
2024-07-13 20:30:00+00:00,2024-07-13 21:15:00+00:00,SHORT,58550.12,58667.22,SL,-0.4008,39.678,2024-07
2024-07-13 21:55:00+00:00,2024-07-13 22:20:00+00:00,LONG,58709.47,58592.06,SL,-0.3968,39.2812,2024-07
2024-07-13 22:20:00+00:00,2024-07-13 22:35:00+00:00,SHORT,58440.61,58557.5,SL,-0.3928,38.8884,2024-07
2024-07-13 22:40:00+00:00,2024-07-13 22:50:00+00:00,LONG,58799.51,59093.51,TP,0.9722,39.8606,2024-07
2024-07-14 02:20:00+00:00,2024-07-14 03:05:00+00:00,SHORT,59372.28,59491.03,SL,-0.3986,39.462,2024-07
2024-07-14 04:05:00+00:00,2024-07-14 04:20:00+00:00,LONG,59607.83,59905.87,TP,0.9865,40.4485,2024-07
2024-07-14 06:50:00+00:00,2024-07-14 07:00:00+00:00,SHORT,59810.13,59929.75,SL,-0.4045,40.0441,2024-07
2024-07-14 08:00:00+00:00,2024-07-14 10:35:00+00:00,LONG,60200.0,60079.6,SL,-0.4004,39.6436,2024-07
2024-07-14 10:35:00+00:00,2024-07-14 12:50:00+00:00,SHORT,60008.0,59707.96,TP,0.9911,40.6347,2024-07
2024-07-14 14:45:00+00:00,2024-07-14 21:05:00+00:00,LONG,59929.23,60228.88,TP,1.0159,41.6506,2024-07
2024-07-15 00:05:00+00:00,2024-07-15 00:25:00+00:00,SHORT,60689.71,60811.09,SL,-0.4165,41.2341,2024-07
2024-07-15 00:45:00+00:00,2024-07-15 01:15:00+00:00,LONG,61170.45,61476.3,TP,1.0309,42.2649,2024-07
2024-07-15 09:00:00+00:00,2024-07-15 09:35:00+00:00,SHORT,62654.93,62780.24,SL,-0.4226,41.8423,2024-07
2024-07-15 12:25:00+00:00,2024-07-15 12:45:00+00:00,LONG,62737.09,62611.62,SL,-0.4184,41.4238,2024-07
2024-07-16 04:15:00+00:00,2024-07-16 05:20:00+00:00,SHORT,64536.55,64213.86,TP,1.0356,42.4594,2024-07
2024-07-16 09:40:00+00:00,2024-07-16 09:45:00+00:00,LONG,63273.93,63147.38,SL,-0.4246,42.0348,2024-07
2024-07-16 13:55:00+00:00,2024-07-16 14:15:00+00:00,SHORT,63394.62,63521.41,SL,-0.4203,41.6145,2024-07
2024-07-16 15:00:00+00:00,2024-07-16 15:15:00+00:00,LONG,63925.56,64245.19,TP,1.0404,42.6549,2024-07
2024-07-16 17:10:00+00:00,2024-07-16 17:30:00+00:00,SHORT,64240.17,64368.65,SL,-0.4265,42.2283,2024-07
2024-07-16 19:05:00+00:00,2024-07-16 19:45:00+00:00,LONG,64866.99,64737.25,SL,-0.4223,41.806,2024-07
2024-07-16 21:10:00+00:00,2024-07-16 21:15:00+00:00,SHORT,64540.7,64669.78,SL,-0.4181,41.388,2024-07
2024-07-16 23:10:00+00:00,2024-07-16 23:25:00+00:00,LONG,64896.28,65220.76,TP,1.0347,42.4227,2024-07
2024-07-17 05:55:00+00:00,2024-07-17 06:10:00+00:00,SHORT,65597.76,65728.96,SL,-0.4242,41.9984,2024-07
2024-07-17 09:20:00+00:00,2024-07-17 09:25:00+00:00,LONG,65526.2,65395.15,SL,-0.42,41.5785,2024-07
2024-07-17 11:05:00+00:00,2024-07-17 13:50:00+00:00,SHORT,64966.0,65095.94,SL,-0.4158,41.1627,2024-07
2024-07-17 13:50:00+00:00,2024-07-17 14:00:00+00:00,LONG,65234.59,65104.12,SL,-0.4116,40.751,2024-07
2024-07-17 15:45:00+00:00,2024-07-17 16:10:00+00:00,SHORT,64806.07,64482.04,TP,1.0188,41.7698,2024-07
2024-07-17 19:20:00+00:00,2024-07-17 20:05:00+00:00,LONG,64675.86,64546.51,SL,-0.4177,41.3521,2024-07
2024-07-17 21:00:00+00:00,2024-07-17 21:05:00+00:00,SHORT,64071.09,64199.23,SL,-0.4135,40.9386,2024-07
2024-07-18 00:30:00+00:00,2024-07-18 01:55:00+00:00,LONG,64331.19,64652.85,TP,1.0235,41.9621,2024-07
2024-07-18 02:15:00+00:00,2024-07-18 02:25:00+00:00,SHORT,64380.24,64509.0,SL,-0.4196,41.5424,2024-07
2024-07-18 05:45:00+00:00,2024-07-18 10:15:00+00:00,LONG,64780.94,64651.38,SL,-0.4154,41.127,2024-07
2024-07-18 11:35:00+00:00,2024-07-18 13:40:00+00:00,LONG,64771.82,64642.27,SL,-0.4113,40.7158,2024-07
2024-07-18 20:55:00+00:00,2024-07-19 00:15:00+00:00,LONG,63851.54,63723.84,SL,-0.4072,40.3086,2024-07
2024-07-19 01:45:00+00:00,2024-07-19 03:40:00+00:00,LONG,63835.9,64155.08,TP,1.0077,41.3163,2024-07
2024-07-19 07:00:00+00:00,2024-07-19 07:35:00+00:00,SHORT,64085.15,63764.72,TP,1.0329,42.3492,2024-07
2024-07-19 09:00:00+00:00,2024-07-19 09:35:00+00:00,LONG,63984.09,63856.13,SL,-0.4235,41.9257,2024-07
2024-07-19 21:50:00+00:00,2024-07-20 00:25:00+00:00,SHORT,66896.92,66562.44,TP,1.0481,42.9739,2024-07
2024-07-20 03:05:00+00:00,2024-07-20 03:30:00+00:00,LONG,66766.51,66632.97,SL,-0.4297,42.5441,2024-07
2024-07-20 05:20:00+00:00,2024-07-20 06:35:00+00:00,SHORT,66473.4,66606.35,SL,-0.4254,42.1187,2024-07
2024-07-20 06:40:00+00:00,2024-07-20 08:00:00+00:00,LONG,66692.54,66559.15,SL,-0.4212,41.6975,2024-07
2024-07-20 09:30:00+00:00,2024-07-20 10:10:00+00:00,LONG,66715.21,66581.78,SL,-0.417,41.2805,2024-07
2024-07-20 10:15:00+00:00,2024-07-20 14:35:00+00:00,SHORT,66492.7,66625.69,SL,-0.4128,40.8677,2024-07
2024-07-20 19:35:00+00:00,2024-07-20 20:10:00+00:00,SHORT,67163.27,67297.6,SL,-0.4087,40.459,2024-07
2024-07-21 00:15:00+00:00,2024-07-21 00:25:00+00:00,LONG,67316.99,67182.35,SL,-0.4046,40.0545,2024-07
2024-07-21 00:35:00+00:00,2024-07-21 01:20:00+00:00,SHORT,67017.18,67151.22,SL,-0.4005,39.6539,2024-07
2024-07-21 01:40:00+00:00,2024-07-21 03:55:00+00:00,LONG,67315.3,67180.66,SL,-0.3965,39.2574,2024-07
2024-07-21 09:10:00+00:00,2024-07-21 11:25:00+00:00,LONG,66924.76,66790.91,SL,-0.3926,38.8648,2024-07
2024-07-21 12:00:00+00:00,2024-07-21 13:30:00+00:00,LONG,66979.46,66845.5,SL,-0.3886,38.4761,2024-07
2024-07-21 13:30:00+00:00,2024-07-21 14:10:00+00:00,SHORT,66689.23,66822.61,SL,-0.3848,38.0914,2024-07
2024-07-21 14:10:00+00:00,2024-07-21 14:40:00+00:00,LONG,66976.79,67311.67,TP,0.9523,39.0437,2024-07
2024-07-21 16:30:00+00:00,2024-07-21 16:45:00+00:00,SHORT,66946.23,67080.12,SL,-0.3904,38.6532,2024-07
2024-07-21 16:45:00+00:00,2024-07-21 17:45:00+00:00,LONG,67414.96,67280.13,SL,-0.3865,38.2667,2024-07
2024-07-21 17:50:00+00:00,2024-07-21 18:05:00+00:00,SHORT,66652.33,66319.07,TP,0.9567,39.2234,2024-07
2024-07-21 18:30:00+00:00,2024-07-21 18:35:00+00:00,LONG,67222.89,67088.44,SL,-0.3922,38.8311,2024-07
2024-07-22 01:15:00+00:00,2024-07-22 01:20:00+00:00,SHORT,67862.84,67998.57,SL,-0.3883,38.4428,2024-07
2024-07-22 02:30:00+00:00,2024-07-22 02:55:00+00:00,LONG,68207.27,68070.86,SL,-0.3844,38.0584,2024-07
2024-07-22 03:50:00+00:00,2024-07-22 06:30:00+00:00,SHORT,67830.85,67491.69,TP,0.9515,39.0099,2024-07
2024-07-22 09:55:00+00:00,2024-07-22 11:05:00+00:00,LONG,67454.19,67319.28,SL,-0.3901,38.6198,2024-07
2024-07-22 13:40:00+00:00,2024-07-22 14:20:00+00:00,SHORT,67397.04,67060.06,TP,0.9655,39.5853,2024-07
2024-07-22 17:30:00+00:00,2024-07-22 19:30:00+00:00,LONG,67396.95,67733.93,TP,0.9896,40.5749,2024-07
2024-07-22 21:20:00+00:00,2024-07-22 21:35:00+00:00,SHORT,67686.91,67822.29,SL,-0.4057,40.1691,2024-07
2024-07-23 02:40:00+00:00,2024-07-23 03:40:00+00:00,LONG,67678.57,67543.21,SL,-0.4017,39.7674,2024-07
2024-07-23 04:25:00+00:00,2024-07-23 04:55:00+00:00,SHORT,67325.07,66988.44,TP,0.9942,40.7616,2024-07
2024-07-23 08:30:00+00:00,2024-07-23 08:40:00+00:00,LONG,66937.98,66804.11,SL,-0.4076,40.354,2024-07
2024-07-23 11:00:00+00:00,2024-07-23 13:45:00+00:00,SHORT,66636.01,66302.83,TP,1.0089,41.3629,2024-07
2024-07-23 14:25:00+00:00,2024-07-23 14:35:00+00:00,LONG,66860.73,67195.04,TP,1.0341,42.3969,2024-07
2024-07-23 15:25:00+00:00,2024-07-23 15:40:00+00:00,SHORT,66411.44,66544.27,SL,-0.424,41.973,2024-07
2024-07-23 21:35:00+00:00,2024-07-23 21:50:00+00:00,LONG,66026.41,65894.36,SL,-0.4197,41.5532,2024-07
2024-07-24 00:30:00+00:00,2024-07-24 01:00:00+00:00,SHORT,65809.67,65941.28,SL,-0.4155,41.1377,2024-07
2024-07-24 01:25:00+00:00,2024-07-24 01:40:00+00:00,LONG,66036.39,65904.32,SL,-0.4114,40.7263,2024-07
2024-07-24 01:45:00+00:00,2024-07-24 02:50:00+00:00,SHORT,65612.53,65743.76,SL,-0.4073,40.3191,2024-07
2024-07-24 02:50:00+00:00,2024-07-24 05:20:00+00:00,LONG,65816.26,65684.62,SL,-0.4032,39.9159,2024-07
2024-07-24 06:15:00+00:00,2024-07-24 06:35:00+00:00,LONG,66019.71,65887.67,SL,-0.3992,39.5167,2024-07
2024-07-24 12:45:00+00:00,2024-07-24 13:05:00+00:00,SHORT,66241.87,66374.36,SL,-0.3952,39.1215,2024-07
2024-07-24 13:20:00+00:00,2024-07-24 13:55:00+00:00,LONG,66705.65,66572.24,SL,-0.3912,38.7303,2024-07
2024-07-24 15:20:00+00:00,2024-07-24 15:25:00+00:00,SHORT,66191.26,66323.65,SL,-0.3873,38.343,2024-07
2024-07-25 00:45:00+00:00,2024-07-25 01:00:00+00:00,LONG,65626.24,65494.99,SL,-0.3834,37.9596,2024-07
2024-07-25 01:05:00+00:00,2024-07-25 01:10:00+00:00,SHORT,64348.79,64477.49,SL,-0.3796,37.58,2024-07
2024-07-25 07:35:00+00:00,2024-07-25 07:40:00+00:00,LONG,64411.75,64282.93,SL,-0.3758,37.2042,2024-07
2024-07-25 08:00:00+00:00,2024-07-25 08:35:00+00:00,SHORT,63988.67,64116.65,SL,-0.372,36.8322,2024-07
2024-07-25 08:50:00+00:00,2024-07-25 09:45:00+00:00,LONG,64410.76,64281.94,SL,-0.3683,36.4638,2024-07
2024-07-25 10:15:00+00:00,2024-07-25 10:55:00+00:00,SHORT,64020.39,64148.43,SL,-0.3646,36.0992,2024-07
2024-07-25 12:10:00+00:00,2024-07-25 12:35:00+00:00,LONG,64325.73,64197.08,SL,-0.361,35.7382,2024-07
2024-07-25 12:40:00+00:00,2024-07-25 12:55:00+00:00,SHORT,63932.43,64060.29,SL,-0.3574,35.3808,2024-07
2024-07-25 14:25:00+00:00,2024-07-25 14:35:00+00:00,LONG,64275.7,64597.08,TP,0.8845,36.2653,2024-07
2024-07-25 18:40:00+00:00,2024-07-25 19:15:00+00:00,SHORT,64705.44,64834.85,SL,-0.3627,35.9027,2024-07
2024-07-25 20:55:00+00:00,2024-07-25 21:20:00+00:00,LONG,65324.13,65650.75,TP,0.8976,36.8003,2024-07
2024-07-26 07:55:00+00:00,2024-07-26 08:05:00+00:00,SHORT,66863.8,66997.53,SL,-0.368,36.4323,2024-07
2024-07-26 09:15:00+00:00,2024-07-26 13:35:00+00:00,LONG,67224.87,67560.99,TP,0.9108,37.3431,2024-07
2024-07-26 14:25:00+00:00,2024-07-26 14:55:00+00:00,SHORT,67193.37,67327.76,SL,-0.3734,36.9696,2024-07
2024-07-26 19:05:00+00:00,2024-07-26 19:45:00+00:00,LONG,67683.07,68021.49,TP,0.9242,37.8939,2024-07
2024-07-26 20:40:00+00:00,2024-07-26 20:50:00+00:00,SHORT,67411.01,67545.84,SL,-0.3789,37.5149,2024-07
2024-07-26 21:25:00+00:00,2024-07-27 01:05:00+00:00,LONG,67953.0,67817.09,SL,-0.3751,37.1398,2024-07
2024-07-27 01:05:00+00:00,2024-07-27 02:35:00+00:00,SHORT,67716.9,67852.34,SL,-0.3714,36.7684,2024-07
2024-07-27 03:15:00+00:00,2024-07-27 05:05:00+00:00,SHORT,67780.87,67916.43,SL,-0.3677,36.4007,2024-07
2024-07-27 05:05:00+00:00,2024-07-27 12:00:00+00:00,LONG,67953.18,68292.95,TP,0.91,37.3107,2024-07
2024-07-27 15:05:00+00:00,2024-07-27 15:20:00+00:00,SHORT,68798.48,68936.08,SL,-0.3731,36.9376,2024-07
2024-07-27 18:20:00+00:00,2024-07-27 18:50:00+00:00,LONG,68931.56,68793.7,SL,-0.3694,36.5682,2024-07
2024-07-27 18:55:00+00:00,2024-07-27 19:40:00+00:00,SHORT,68515.34,68172.77,TP,0.9142,37.4824,2024-07
2024-07-27 21:20:00+00:00,2024-07-27 21:45:00+00:00,LONG,68914.41,68776.59,SL,-0.3748,37.1076,2024-07
2024-07-27 23:10:00+00:00,2024-07-28 00:00:00+00:00,SHORT,68209.11,67868.06,TP,0.9277,38.0353,2024-07
2024-07-28 01:05:00+00:00,2024-07-28 01:15:00+00:00,LONG,68137.25,68000.98,SL,-0.3804,37.655,2024-07
2024-07-28 03:55:00+00:00,2024-07-28 04:55:00+00:00,SHORT,67913.77,67574.2,TP,0.9414,38.5963,2024-07
2024-07-28 07:55:00+00:00,2024-07-28 08:20:00+00:00,LONG,67587.88,67452.71,SL,-0.386,38.2104,2024-07
2024-07-28 08:35:00+00:00,2024-07-28 08:55:00+00:00,SHORT,67229.1,67363.56,SL,-0.3821,37.8283,2024-07
2024-07-28 10:10:00+00:00,2024-07-28 12:30:00+00:00,LONG,67602.68,67940.69,TP,0.9457,38.774,2024-07
2024-07-28 14:20:00+00:00,2024-07-28 14:40:00+00:00,SHORT,67728.91,67864.37,SL,-0.3877,38.3862,2024-07
2024-07-28 17:35:00+00:00,2024-07-28 18:25:00+00:00,LONG,67913.15,68252.72,TP,0.9597,39.3459,2024-07
2024-07-28 20:25:00+00:00,2024-07-28 22:25:00+00:00,SHORT,67976.81,68112.76,SL,-0.3935,38.9524,2024-07
2024-07-29 08:40:00+00:00,2024-07-29 09:00:00+00:00,SHORT,69382.25,69521.01,SL,-0.3895,38.5629,2024-07
2024-07-29 10:30:00+00:00,2024-07-29 12:05:00+00:00,LONG,69637.94,69498.67,SL,-0.3856,38.1773,2024-07
2024-07-29 12:05:00+00:00,2024-07-29 12:20:00+00:00,SHORT,69412.23,69551.06,SL,-0.3818,37.7955,2024-07
2024-07-29 12:25:00+00:00,2024-07-29 13:30:00+00:00,LONG,69748.6,69609.1,SL,-0.378,37.4175,2024-07
2024-07-29 13:40:00+00:00,2024-07-29 14:00:00+00:00,SHORT,69323.26,68976.64,TP,0.9354,38.353,2024-07
2024-07-29 21:40:00+00:00,2024-07-29 22:40:00+00:00,LONG,67388.5,67253.73,SL,-0.3835,37.9695,2024-07
2024-07-30 03:10:00+00:00,2024-07-30 05:20:00+00:00,LONG,66636.64,66503.37,SL,-0.3797,37.5898,2024-07
2024-07-30 05:20:00+00:00,2024-07-30 06:10:00+00:00,SHORT,66458.09,66591.0,SL,-0.3759,37.2139,2024-07
2024-07-30 06:45:00+00:00,2024-07-30 09:45:00+00:00,LONG,66752.69,66619.19,SL,-0.3721,36.8417,2024-07
2024-07-30 12:40:00+00:00,2024-07-30 12:55:00+00:00,LONG,66836.72,66703.05,SL,-0.3684,36.4733,2024-07
2024-07-30 13:50:00+00:00,2024-07-30 14:55:00+00:00,SHORT,66318.15,65986.56,TP,0.9118,37.3851,2024-07
2024-07-30 16:35:00+00:00,2024-07-30 16:50:00+00:00,LONG,66438.57,66305.7,SL,-0.3739,37.0113,2024-07
2024-07-30 16:55:00+00:00,2024-07-30 18:00:00+00:00,SHORT,66153.54,65822.77,TP,0.9253,37.9366,2024-07
2024-07-30 21:35:00+00:00,2024-07-31 00:00:00+00:00,LONG,66228.48,66096.02,SL,-0.3794,37.5572,2024-07
2024-07-31 00:00:00+00:00,2024-07-31 00:40:00+00:00,SHORT,66069.44,66201.58,SL,-0.3756,37.1816,2024-07
2024-07-31 00:45:00+00:00,2024-07-31 01:30:00+00:00,LONG,66320.53,66187.89,SL,-0.3718,36.8098,2024-07
2024-07-31 03:20:00+00:00,2024-07-31 04:35:00+00:00,SHORT,66019.58,65689.48,TP,0.9202,37.7301,2024-07
2024-07-31 05:45:00+00:00,2024-07-31 06:05:00+00:00,LONG,66005.03,66335.06,TP,0.9433,38.6733,2024-07
2024-07-31 08:00:00+00:00,2024-07-31 08:35:00+00:00,SHORT,66185.52,66317.89,SL,-0.3867,38.2866,2024-07
2024-07-31 08:50:00+00:00,2024-07-31 09:10:00+00:00,LONG,66380.67,66247.91,SL,-0.3829,37.9037,2024-07
2024-07-31 10:05:00+00:00,2024-07-31 12:45:00+00:00,SHORT,66077.57,66209.72,SL,-0.379,37.5247,2024-07
2024-07-31 14:20:00+00:00,2024-07-31 14:35:00+00:00,SHORT,66295.47,66428.06,SL,-0.3752,37.1494,2024-07
2024-07-31 17:40:00+00:00,2024-07-31 18:00:00+00:00,LONG,66800.72,66667.12,SL,-0.3715,36.7779,2024-07
2024-07-31 18:05:00+00:00,2024-07-31 18:40:00+00:00,SHORT,66361.45,66494.18,SL,-0.3678,36.4102,2024-07
2024-08-01 05:25:00+00:00,2024-08-01 09:05:00+00:00,LONG,64239.69,64560.88,TP,0.9103,37.3204,2024-08
2024-08-01 10:00:00+00:00,2024-08-01 10:25:00+00:00,SHORT,64356.25,64484.96,SL,-0.3732,36.9472,2024-08
2024-08-01 10:55:00+00:00,2024-08-01 14:15:00+00:00,LONG,64610.38,64481.16,SL,-0.3695,36.5777,2024-08
2024-08-01 14:25:00+00:00,2024-08-01 14:35:00+00:00,SHORT,64162.32,64290.65,SL,-0.3658,36.212,2024-08
2024-08-01 17:55:00+00:00,2024-08-01 18:05:00+00:00,LONG,63245.29,63118.8,SL,-0.3621,35.8498,2024-08
2024-08-02 00:45:00+00:00,2024-08-02 01:15:00+00:00,SHORT,65027.97,64702.83,TP,0.8962,36.7461,2024-08
2024-08-02 03:55:00+00:00,2024-08-02 04:25:00+00:00,LONG,64635.02,64505.75,SL,-0.3675,36.3786,2024-08
2024-08-02 05:15:00+00:00,2024-08-02 05:20:00+00:00,SHORT,64240.31,64368.79,SL,-0.3638,36.0148,2024-08
2024-08-02 06:45:00+00:00,2024-08-02 07:45:00+00:00,LONG,64426.0,64297.15,SL,-0.3601,35.6547,2024-08
2024-08-02 12:20:00+00:00,2024-08-02 12:45:00+00:00,SHORT,64515.19,64644.22,SL,-0.3565,35.2981,2024-08
2024-08-02 13:30:00+00:00,2024-08-02 13:40:00+00:00,LONG,65110.04,65435.59,TP,0.8825,36.1806,2024-08
2024-08-02 14:10:00+00:00,2024-08-02 14:15:00+00:00,SHORT,64612.14,64741.37,SL,-0.3618,35.8188,2024-08
2024-08-03 02:10:00+00:00,2024-08-03 02:20:00+00:00,LONG,61490.6,61367.62,SL,-0.3582,35.4606,2024-08
2024-08-03 04:50:00+00:00,2024-08-03 05:00:00+00:00,SHORT,61448.52,61571.42,SL,-0.3546,35.106,2024-08
2024-08-03 06:55:00+00:00,2024-08-03 07:45:00+00:00,LONG,61852.62,61728.92,SL,-0.3511,34.7549,2024-08
2024-08-03 07:45:00+00:00,2024-08-03 10:05:00+00:00,SHORT,61613.31,61736.54,SL,-0.3475,34.4074,2024-08
2024-08-03 13:35:00+00:00,2024-08-03 13:55:00+00:00,SHORT,61849.25,61972.95,SL,-0.3441,34.0633,2024-08
2024-08-03 14:45:00+00:00,2024-08-03 14:50:00+00:00,LONG,62177.86,62053.51,SL,-0.3406,33.7227,2024-08
2024-08-03 15:15:00+00:00,2024-08-03 15:30:00+00:00,SHORT,61767.29,61458.46,TP,0.8431,34.5657,2024-08
2024-08-03 19:45:00+00:00,2024-08-03 19:50:00+00:00,LONG,60581.66,60460.5,SL,-0.3457,34.2201,2024-08
2024-08-03 21:05:00+00:00,2024-08-03 21:10:00+00:00,SHORT,59946.86,60066.76,SL,-0.3422,33.8779,2024-08
2024-08-03 21:35:00+00:00,2024-08-03 22:40:00+00:00,LONG,60681.96,60560.6,SL,-0.3388,33.5391,2024-08
2024-08-04 01:30:00+00:00,2024-08-04 01:45:00+00:00,SHORT,60412.07,60532.89,SL,-0.3354,33.2037,2024-08
2024-08-04 02:05:00+00:00,2024-08-04 02:40:00+00:00,LONG,60964.38,60842.45,SL,-0.332,32.8717,2024-08
2024-08-04 04:05:00+00:00,2024-08-04 04:30:00+00:00,SHORT,60659.77,60781.09,SL,-0.3287,32.543,2024-08
2024-08-04 05:35:00+00:00,2024-08-04 05:50:00+00:00,LONG,60918.49,60796.65,SL,-0.3254,32.2175,2024-08
2024-08-04 07:25:00+00:00,2024-08-04 08:05:00+00:00,SHORT,60571.43,60268.57,TP,0.8054,33.023,2024-08
2024-08-04 09:10:00+00:00,2024-08-04 10:10:00+00:00,LONG,60674.25,60552.9,SL,-0.3302,32.6927,2024-08
2024-08-04 10:10:00+00:00,2024-08-04 10:15:00+00:00,SHORT,60511.78,60632.8,SL,-0.3269,32.3658,2024-08
2024-08-04 10:55:00+00:00,2024-08-04 14:10:00+00:00,LONG,60836.33,60714.66,SL,-0.3237,32.0422,2024-08
2024-08-04 19:10:00+00:00,2024-08-04 19:20:00+00:00,LONG,58966.68,59261.51,TP,0.8011,32.8432,2024-08
2024-08-04 20:35:00+00:00,2024-08-04 20:45:00+00:00,SHORT,58898.43,59016.23,SL,-0.3284,32.5148,2024-08
2024-08-05 08:15:00+00:00,2024-08-05 08:25:00+00:00,LONG,53041.68,52935.59,SL,-0.3251,32.1896,2024-08
2024-08-05 09:45:00+00:00,2024-08-05 09:50:00+00:00,SHORT,51853.51,51957.22,SL,-0.3219,31.8677,2024-08
2024-08-05 13:35:00+00:00,2024-08-05 13:40:00+00:00,LONG,51804.09,51700.49,SL,-0.3187,31.5491,2024-08
2024-08-05 16:55:00+00:00,2024-08-05 17:00:00+00:00,SHORT,54017.49,54125.53,SL,-0.3155,31.2336,2024-08
2024-08-05 20:05:00+00:00,2024-08-05 20:10:00+00:00,LONG,54281.71,54173.15,SL,-0.3123,30.9212,2024-08
2024-08-05 23:45:00+00:00,2024-08-06 00:00:00+00:00,SHORT,54008.39,54116.4,SL,-0.3092,30.612,2024-08
2024-08-06 00:05:00+00:00,2024-08-06 00:10:00+00:00,LONG,54719.87,54993.47,TP,0.7653,31.3773,2024-08
2024-08-06 05:10:00+00:00,2024-08-06 05:15:00+00:00,SHORT,55279.86,55390.42,SL,-0.3138,31.0635,2024-08
2024-08-06 05:45:00+00:00,2024-08-06 06:05:00+00:00,LONG,55990.38,55878.4,SL,-0.3106,30.7529,2024-08
2024-08-06 08:20:00+00:00,2024-08-06 08:30:00+00:00,SHORT,55467.81,55190.47,TP,0.7688,31.5217,2024-08
2024-08-06 14:00:00+00:00,2024-08-06 14:05:00+00:00,LONG,55414.17,55691.24,TP,0.788,32.3098,2024-08
2024-08-06 19:05:00+00:00,2024-08-06 19:20:00+00:00,SHORT,56414.37,56527.19,SL,-0.3231,31.9867,2024-08
2024-08-06 22:15:00+00:00,2024-08-06 22:20:00+00:00,LONG,56922.76,56808.91,SL,-0.3199,31.6668,2024-08
2024-08-06 22:25:00+00:00,2024-08-06 22:35:00+00:00,SHORT,56033.59,56145.65,SL,-0.3167,31.3501,2024-08
2024-08-07 01:35:00+00:00,2024-08-07 01:45:00+00:00,LONG,56453.07,56735.34,TP,0.7838,32.1339,2024-08
2024-08-07 07:10:00+00:00,2024-08-07 07:35:00+00:00,SHORT,56645.33,56758.62,SL,-0.3213,31.8126,2024-08
2024-08-07 08:20:00+00:00,2024-08-07 09:00:00+00:00,LONG,57091.6,57377.06,TP,0.7953,32.6079,2024-08
2024-08-07 11:20:00+00:00,2024-08-07 12:15:00+00:00,SHORT,57128.03,57242.29,SL,-0.3261,32.2818,2024-08
2024-08-07 13:30:00+00:00,2024-08-07 13:40:00+00:00,LONG,57411.69,57296.86,SL,-0.3228,31.959,2024-08
2024-08-07 13:50:00+00:00,2024-08-07 14:15:00+00:00,SHORT,56792.52,56508.56,TP,0.799,32.758,2024-08
2024-08-07 21:40:00+00:00,2024-08-07 21:50:00+00:00,LONG,55525.21,55414.16,SL,-0.3276,32.4304,2024-08
2024-08-07 22:15:00+00:00,2024-08-07 22:30:00+00:00,SHORT,54734.11,54843.58,SL,-0.3243,32.1061,2024-08
2024-08-07 23:15:00+00:00,2024-08-07 23:20:00+00:00,LONG,55418.35,55307.51,SL,-0.3211,31.785,2024-08
2024-08-07 23:35:00+00:00,2024-08-07 23:40:00+00:00,SHORT,54912.03,55021.85,SL,-0.3179,31.4672,2024-08
2024-08-08 01:10:00+00:00,2024-08-08 01:15:00+00:00,LONG,55912.51,55800.68,SL,-0.3147,31.1525,2024-08
2024-08-08 04:00:00+00:00,2024-08-08 04:10:00+00:00,SHORT,57010.53,57124.55,SL,-0.3115,30.841,2024-08
2024-08-08 06:25:00+00:00,2024-08-08 09:05:00+00:00,LONG,57177.31,57062.96,SL,-0.3084,30.5326,2024-08
2024-08-08 09:05:00+00:00,2024-08-08 09:10:00+00:00,SHORT,56963.63,57077.55,SL,-0.3053,30.2272,2024-08
2024-08-08 10:20:00+00:00,2024-08-08 11:05:00+00:00,LONG,57475.48,57360.53,SL,-0.3023,29.925,2024-08
2024-08-08 12:20:00+00:00,2024-08-08 12:30:00+00:00,SHORT,57092.8,57206.99,SL,-0.2992,29.6257,2024-08
2024-08-08 12:30:00+00:00,2024-08-08 12:35:00+00:00,LONG,58405.36,58288.55,SL,-0.2963,29.3294,2024-08
2024-08-08 13:45:00+00:00,2024-08-08 13:55:00+00:00,SHORT,56975.48,57089.43,SL,-0.2933,29.0362,2024-08
2024-08-08 14:25:00+00:00,2024-08-08 14:45:00+00:00,LONG,58201.91,58492.92,TP,0.7259,29.7621,2024-08
2024-08-08 20:05:00+00:00,2024-08-08 20:15:00+00:00,SHORT,59358.81,59477.52,SL,-0.2976,29.4644,2024-08
2024-08-08 21:40:00+00:00,2024-08-08 21:55:00+00:00,LONG,60534.25,60836.93,TP,0.7366,30.201,2024-08
2024-08-09 00:55:00+00:00,2024-08-09 01:00:00+00:00,SHORT,61189.51,60883.57,TP,0.755,30.9561,2024-08
2024-08-09 06:40:00+00:00,2024-08-09 06:45:00+00:00,LONG,61116.61,60994.37,SL,-0.3096,30.6465,2024-08
2024-08-09 08:05:00+00:00,2024-08-09 08:20:00+00:00,SHORT,60715.7,60837.14,SL,-0.3065,30.34,2024-08
2024-08-09 08:55:00+00:00,2024-08-09 09:10:00+00:00,LONG,61120.17,60997.93,SL,-0.3034,30.0366,2024-08
2024-08-09 09:35:00+00:00,2024-08-09 10:20:00+00:00,SHORT,60781.68,60477.77,TP,0.7509,30.7876,2024-08
2024-08-09 14:00:00+00:00,2024-08-09 14:05:00+00:00,LONG,61110.39,60988.17,SL,-0.3079,30.4797,2024-08
2024-08-09 14:30:00+00:00,2024-08-09 14:45:00+00:00,SHORT,59731.72,59851.18,SL,-0.3048,30.1749,2024-08
2024-08-09 16:55:00+00:00,2024-08-09 17:50:00+00:00,LONG,60456.82,60335.91,SL,-0.3017,29.8731,2024-08
2024-08-09 18:10:00+00:00,2024-08-09 18:35:00+00:00,SHORT,60050.26,60170.36,SL,-0.2987,29.5744,2024-08
2024-08-09 19:15:00+00:00,2024-08-09 21:05:00+00:00,LONG,60544.23,60423.14,SL,-0.2957,29.2787,2024-08
2024-08-09 21:05:00+00:00,2024-08-09 21:35:00+00:00,SHORT,60100.87,60221.07,SL,-0.2928,28.9859,2024-08
2024-08-09 21:55:00+00:00,2024-08-09 22:00:00+00:00,LONG,60756.3,60634.79,SL,-0.2899,28.696,2024-08
2024-08-10 00:50:00+00:00,2024-08-10 01:05:00+00:00,SHORT,60555.3,60676.41,SL,-0.287,28.4091,2024-08
2024-08-10 07:10:00+00:00,2024-08-10 09:30:00+00:00,LONG,60646.27,60949.5,TP,0.7102,29.1193,2024-08
2024-08-10 10:20:00+00:00,2024-08-10 11:05:00+00:00,SHORT,60733.68,60855.14,SL,-0.2912,28.8281,2024-08
2024-08-10 15:10:00+00:00,2024-08-10 15:55:00+00:00,LONG,60723.58,60602.13,SL,-0.2883,28.5398,2024-08
2024-08-10 22:10:00+00:00,2024-08-11 00:05:00+00:00,SHORT,60929.42,61051.28,SL,-0.2854,28.2544,2024-08
2024-08-11 04:10:00+00:00,2024-08-11 04:25:00+00:00,SHORT,60924.9,61046.75,SL,-0.2825,27.9719,2024-08
2024-08-11 06:35:00+00:00,2024-08-11 09:20:00+00:00,LONG,61172.46,61478.32,TP,0.6993,28.6712,2024-08
2024-08-11 09:40:00+00:00,2024-08-11 11:00:00+00:00,SHORT,61114.6,60809.03,TP,0.7168,29.3879,2024-08
2024-08-11 22:00:00+00:00,2024-08-11 22:05:00+00:00,LONG,59212.68,59094.25,SL,-0.2939,29.0941,2024-08
2024-08-12 00:30:00+00:00,2024-08-12 00:45:00+00:00,SHORT,58401.76,58518.56,SL,-0.2909,28.8031,2024-08
2024-08-12 02:55:00+00:00,2024-08-12 03:05:00+00:00,LONG,58740.74,58623.26,SL,-0.288,28.5151,2024-08
2024-08-12 06:15:00+00:00,2024-08-12 06:25:00+00:00,SHORT,58378.04,58494.8,SL,-0.2852,28.2299,2024-08
2024-08-12 07:30:00+00:00,2024-08-12 08:45:00+00:00,LONG,58697.35,58579.95,SL,-0.2823,27.9476,2024-08
2024-08-12 10:00:00+00:00,2024-08-12 10:05:00+00:00,SHORT,58154.37,58270.68,SL,-0.2795,27.6682,2024-08
2024-08-12 10:30:00+00:00,2024-08-12 11:00:00+00:00,LONG,58705.82,58999.35,TP,0.6917,28.3599,2024-08
2024-08-12 13:35:00+00:00,2024-08-12 13:40:00+00:00,SHORT,59156.32,58860.54,TP,0.709,29.0689,2024-08
2024-08-12 14:10:00+00:00,2024-08-12 14:30:00+00:00,LONG,59364.68,59661.5,TP,0.7267,29.7956,2024-08
2024-08-12 18:15:00+00:00,2024-08-12 18:45:00+00:00,SHORT,59247.03,58950.8,TP,0.7449,30.5405,2024-08
2024-08-12 19:15:00+00:00,2024-08-12 19:40:00+00:00,LONG,59251.7,59133.2,SL,-0.3054,30.2351,2024-08
2024-08-12 21:00:00+00:00,2024-08-12 21:10:00+00:00,SHORT,58628.59,58745.85,SL,-0.3024,29.9327,2024-08
2024-08-12 23:10:00+00:00,2024-08-12 23:15:00+00:00,LONG,59366.66,59663.49,TP,0.7483,30.681,2024-08
2024-08-13 02:15:00+00:00,2024-08-13 02:25:00+00:00,SHORT,59367.5,59486.24,SL,-0.3068,30.3742,2024-08
2024-08-13 06:45:00+00:00,2024-08-13 07:20:00+00:00,LONG,59419.34,59300.5,SL,-0.3037,30.0705,2024-08
2024-08-13 07:25:00+00:00,2024-08-13 07:35:00+00:00,SHORT,59084.36,59202.53,SL,-0.3007,29.7698,2024-08
2024-08-13 12:35:00+00:00,2024-08-13 12:40:00+00:00,LONG,59097.89,58979.69,SL,-0.2977,29.4721,2024-08
2024-08-13 18:55:00+00:00,2024-08-13 19:20:00+00:00,SHORT,60771.09,60467.24,TP,0.7368,30.2089,2024-08
2024-08-13 19:45:00+00:00,2024-08-13 19:50:00+00:00,LONG,60993.74,60871.75,SL,-0.3021,29.9068,2024-08
2024-08-13 22:15:00+00:00,2024-08-13 22:30:00+00:00,SHORT,60523.77,60644.82,SL,-0.2991,29.6077,2024-08
2024-08-14 00:35:00+00:00,2024-08-14 01:20:00+00:00,LONG,60736.28,60614.81,SL,-0.2961,29.3117,2024-08
2024-08-14 05:45:00+00:00,2024-08-14 10:00:00+00:00,SHORT,60849.65,60971.35,SL,-0.2931,29.0185,2024-08
2024-08-14 10:00:00+00:00,2024-08-14 10:40:00+00:00,LONG,60996.39,61301.37,TP,0.7255,29.744,2024-08
2024-08-14 11:05:00+00:00,2024-08-14 11:25:00+00:00,SHORT,60888.76,61010.54,SL,-0.2974,29.4466,2024-08
2024-08-14 11:35:00+00:00,2024-08-14 12:25:00+00:00,LONG,61317.52,61624.1,TP,0.7362,30.1827,2024-08
2024-08-14 13:05:00+00:00,2024-08-14 13:35:00+00:00,SHORT,60881.87,60577.46,TP,0.7546,30.9373,2024-08
2024-08-15 00:35:00+00:00,2024-08-15 01:10:00+00:00,LONG,59017.59,58899.55,SL,-0.3094,30.6279,2024-08
2024-08-15 01:55:00+00:00,2024-08-15 02:00:00+00:00,SHORT,58181.65,58298.01,SL,-0.3063,30.3216,2024-08
2024-08-15 04:50:00+00:00,2024-08-15 05:15:00+00:00,LONG,58427.35,58310.5,SL,-0.3032,30.0184,2024-08
2024-08-15 06:15:00+00:00,2024-08-15 07:25:00+00:00,SHORT,58170.38,57879.53,TP,0.7505,30.7689,2024-08
2024-08-15 08:35:00+00:00,2024-08-15 11:25:00+00:00,LONG,58323.32,58614.94,TP,0.7692,31.5381,2024-08
2024-08-15 17:05:00+00:00,2024-08-15 17:35:00+00:00,SHORT,59285.62,59404.19,SL,-0.3154,31.2227,2024-08
2024-08-15 21:35:00+00:00,2024-08-15 21:40:00+00:00,LONG,57354.25,57239.54,SL,-0.3122,30.9105,2024-08
2024-08-16 00:25:00+00:00,2024-08-16 00:45:00+00:00,SHORT,57379.27,57494.03,SL,-0.3091,30.6014,2024-08
2024-08-16 02:25:00+00:00,2024-08-16 02:30:00+00:00,LONG,57796.14,58085.12,TP,0.765,31.3664,2024-08
2024-08-16 10:10:00+00:00,2024-08-16 11:20:00+00:00,SHORT,58364.65,58481.38,SL,-0.3137,31.0528,2024-08
2024-08-16 11:20:00+00:00,2024-08-16 11:25:00+00:00,LONG,58627.44,58510.19,SL,-0.3105,30.7422,2024-08
2024-08-16 12:15:00+00:00,2024-08-16 12:30:00+00:00,SHORT,58133.08,57842.41,TP,0.7686,31.5108,2024-08
2024-08-16 13:15:00+00:00,2024-08-16 13:20:00+00:00,LONG,58677.1,58559.75,SL,-0.3151,31.1957,2024-08
2024-08-16 20:40:00+00:00,2024-08-16 20:50:00+00:00,SHORT,59203.46,59321.87,SL,-0.312,30.8837,2024-08
2024-08-17 00:45:00+00:00,2024-08-17 03:25:00+00:00,LONG,59151.67,59033.37,SL,-0.3088,30.5749,2024-08
2024-08-17 03:25:00+00:00,2024-08-17 03:55:00+00:00,SHORT,59007.13,59125.14,SL,-0.3057,30.2691,2024-08
2024-08-17 04:20:00+00:00,2024-08-17 07:05:00+00:00,LONG,59228.3,59109.85,SL,-0.3027,29.9665,2024-08
2024-08-17 07:05:00+00:00,2024-08-17 07:30:00+00:00,SHORT,59072.66,59190.81,SL,-0.2997,29.6668,2024-08
2024-08-17 07:30:00+00:00,2024-08-17 10:55:00+00:00,LONG,59268.06,59149.52,SL,-0.2967,29.3701,2024-08
2024-08-17 12:30:00+00:00,2024-08-17 16:35:00+00:00,LONG,59277.8,59574.19,TP,0.7343,30.1044,2024-08
2024-08-17 17:55:00+00:00,2024-08-18 00:20:00+00:00,SHORT,59404.8,59523.61,SL,-0.301,29.8033,2024-08
2024-08-18 01:25:00+00:00,2024-08-18 02:40:00+00:00,SHORT,59459.95,59578.87,SL,-0.298,29.5053,2024-08
2024-08-18 02:40:00+00:00,2024-08-18 02:55:00+00:00,LONG,59691.55,59990.0,TP,0.7376,30.2429,2024-08
2024-08-18 03:45:00+00:00,2024-08-18 05:05:00+00:00,SHORT,59476.63,59595.58,SL,-0.3024,29.9405,2024-08
2024-08-18 05:05:00+00:00,2024-08-18 05:20:00+00:00,LONG,59665.26,59545.93,SL,-0.2994,29.6411,2024-08
2024-08-18 08:00:00+00:00,2024-08-18 08:30:00+00:00,SHORT,59464.59,59583.52,SL,-0.2964,29.3447,2024-08
2024-08-18 08:45:00+00:00,2024-08-18 10:15:00+00:00,LONG,59706.17,60004.7,TP,0.7336,30.0783,2024-08
2024-08-18 13:55:00+00:00,2024-08-18 14:15:00+00:00,SHORT,59804.07,59923.68,SL,-0.3008,29.7775,2024-08
2024-08-18 19:15:00+00:00,2024-08-18 21:35:00+00:00,LONG,59716.45,59597.01,SL,-0.2978,29.4797,2024-08
2024-08-19 06:45:00+00:00,2024-08-19 07:25:00+00:00,LONG,58678.89,58561.53,SL,-0.2948,29.1849,2024-08
2024-08-19 09:45:00+00:00,2024-08-19 11:55:00+00:00,SHORT,58173.47,58289.82,SL,-0.2918,28.8931,2024-08
2024-08-19 13:50:00+00:00,2024-08-19 14:05:00+00:00,SHORT,58220.71,58337.15,SL,-0.2889,28.6042,2024-08
2024-08-19 17:20:00+00:00,2024-08-19 17:30:00+00:00,LONG,58829.51,59123.66,TP,0.7151,29.3193,2024-08
2024-08-20 08:10:00+00:00,2024-08-20 09:10:00+00:00,SHORT,60770.41,60891.95,SL,-0.2932,29.0261,2024-08
2024-08-20 13:40:00+00:00,2024-08-20 14:05:00+00:00,LONG,60799.29,60677.69,SL,-0.2903,28.7358,2024-08
2024-08-20 14:10:00+00:00,2024-08-20 14:20:00+00:00,SHORT,60363.85,60062.04,TP,0.7184,29.4542,2024-08
2024-08-20 18:00:00+00:00,2024-08-20 18:40:00+00:00,LONG,59143.65,59439.37,TP,0.7364,30.1906,2024-08
2024-08-20 21:00:00+00:00,2024-08-20 22:00:00+00:00,SHORT,59217.54,59335.98,SL,-0.3019,29.8887,2024-08
2024-08-21 00:15:00+00:00,2024-08-21 00:30:00+00:00,LONG,59275.69,59157.14,SL,-0.2989,29.5898,2024-08
2024-08-21 01:20:00+00:00,2024-08-21 01:35:00+00:00,SHORT,58904.07,59021.88,SL,-0.2959,29.2939,2024-08
2024-08-21 02:10:00+00:00,2024-08-21 03:35:00+00:00,LONG,59360.9,59242.18,SL,-0.2929,29.0009,2024-08
2024-08-21 08:10:00+00:00,2024-08-21 08:40:00+00:00,SHORT,59427.75,59546.6,SL,-0.29,28.7109,2024-08
2024-08-21 10:55:00+00:00,2024-08-21 11:20:00+00:00,LONG,59492.19,59373.2,SL,-0.2871,28.4238,2024-08
2024-08-21 13:30:00+00:00,2024-08-21 13:55:00+00:00,SHORT,59142.67,59260.96,SL,-0.2842,28.1396,2024-08
2024-08-21 13:55:00+00:00,2024-08-21 14:10:00+00:00,LONG,59951.97,59832.07,SL,-0.2814,27.8582,2024-08
2024-08-21 20:45:00+00:00,2024-08-21 20:55:00+00:00,SHORT,60934.31,61056.18,SL,-0.2786,27.5796,2024-08
2024-08-22 04:40:00+00:00,2024-08-22 05:45:00+00:00,LONG,60748.0,60626.5,SL,-0.2758,27.3038,2024-08
2024-08-22 12:30:00+00:00,2024-08-22 13:45:00+00:00,SHORT,60869.63,60565.28,TP,0.6826,27.9864,2024-08
2024-08-22 18:15:00+00:00,2024-08-22 18:50:00+00:00,LONG,60522.2,60401.15,SL,-0.2799,27.7065,2024-08
2024-08-22 19:20:00+00:00,2024-08-22 19:35:00+00:00,SHORT,60187.92,60308.29,SL,-0.2771,27.4295,2024-08
2024-08-22 20:00:00+00:00,2024-08-22 20:05:00+00:00,LONG,60528.71,60407.65,SL,-0.2743,27.1552,2024-08
2024-08-22 23:05:00+00:00,2024-08-22 23:25:00+00:00,SHORT,60289.0,60409.58,SL,-0.2716,26.8836,2024-08
2024-08-23 00:05:00+00:00,2024-08-23 00:35:00+00:00,LONG,60530.22,60832.87,TP,0.6721,27.5557,2024-08
2024-08-23 03:35:00+00:00,2024-08-23 04:20:00+00:00,SHORT,60559.35,60680.47,SL,-0.2756,27.2802,2024-08
2024-08-23 04:25:00+00:00,2024-08-23 06:45:00+00:00,LONG,60741.0,61044.7,TP,0.682,27.9622,2024-08
2024-08-23 09:45:00+00:00,2024-08-23 11:05:00+00:00,SHORT,61064.95,60759.63,TP,0.6991,28.6612,2024-08
2024-08-23 12:40:00+00:00,2024-08-23 14:00:00+00:00,LONG,60980.38,61285.28,TP,0.7165,29.3777,2024-08
2024-08-23 14:45:00+00:00,2024-08-23 14:50:00+00:00,SHORT,60784.69,60906.26,SL,-0.2938,29.084,2024-08
2024-08-23 17:35:00+00:00,2024-08-23 17:45:00+00:00,LONG,61998.79,62308.78,TP,0.7271,29.8111,2024-08
2024-08-23 22:55:00+00:00,2024-08-23 23:15:00+00:00,SHORT,64059.33,64187.44,SL,-0.2981,29.513,2024-08
2024-08-24 02:15:00+00:00,2024-08-24 02:20:00+00:00,LONG,64025.6,63897.55,SL,-0.2951,29.2178,2024-08
2024-08-24 10:55:00+00:00,2024-08-24 13:55:00+00:00,SHORT,64092.11,64220.3,SL,-0.2922,28.9256,2024-08
2024-08-24 15:25:00+00:00,2024-08-24 16:20:00+00:00,SHORT,63969.41,64097.35,SL,-0.2893,28.6364,2024-08
2024-08-24 16:25:00+00:00,2024-08-24 17:20:00+00:00,LONG,64310.71,64182.09,SL,-0.2864,28.35,2024-08
2024-08-24 18:10:00+00:00,2024-08-24 18:20:00+00:00,SHORT,63920.42,64048.26,SL,-0.2835,28.0665,2024-08
2024-08-24 18:20:00+00:00,2024-08-24 18:40:00+00:00,LONG,64343.07,64214.38,SL,-0.2807,27.7859,2024-08
2024-08-24 20:55:00+00:00,2024-08-24 21:55:00+00:00,SHORT,64105.35,63784.82,TP,0.6946,28.4805,2024-08
2024-08-24 23:50:00+00:00,2024-08-25 03:40:00+00:00,LONG,64134.88,64006.61,SL,-0.2848,28.1957,2024-08
2024-08-25 04:35:00+00:00,2024-08-25 06:40:00+00:00,LONG,64160.65,64032.33,SL,-0.282,27.9137,2024-08
2024-08-25 11:00:00+00:00,2024-08-25 12:15:00+00:00,LONG,63997.6,63869.6,SL,-0.2791,27.6346,2024-08
2024-08-25 12:15:00+00:00,2024-08-25 13:20:00+00:00,SHORT,63814.32,63941.95,SL,-0.2763,27.3583,2024-08
2024-08-25 13:20:00+00:00,2024-08-25 21:15:00+00:00,LONG,64054.79,64375.07,TP,0.684,28.0422,2024-08
2024-08-25 23:45:00+00:00,2024-08-26 00:05:00+00:00,SHORT,64224.29,64352.74,SL,-0.2804,27.7618,2024-08
2024-08-26 04:00:00+00:00,2024-08-26 04:40:00+00:00,LONG,64186.66,64058.29,SL,-0.2776,27.4842,2024-08
2024-08-26 05:10:00+00:00,2024-08-26 07:05:00+00:00,SHORT,63952.31,63632.55,TP,0.6871,28.1713,2024-08
2024-08-26 09:55:00+00:00,2024-08-26 12:30:00+00:00,LONG,63882.53,63754.77,SL,-0.2817,27.8896,2024-08
2024-08-26 12:30:00+00:00,2024-08-26 13:15:00+00:00,SHORT,63657.53,63784.84,SL,-0.2789,27.6107,2024-08
2024-08-26 14:00:00+00:00,2024-08-26 14:05:00+00:00,LONG,63874.54,63746.79,SL,-0.2761,27.3346,2024-08
2024-08-26 14:15:00+00:00,2024-08-26 14:20:00+00:00,SHORT,63290.19,63416.77,SL,-0.2733,27.0612,2024-08
2024-08-26 16:35:00+00:00,2024-08-26 17:35:00+00:00,LONG,63749.54,63622.04,SL,-0.2706,26.7906,2024-08
2024-08-26 17:45:00+00:00,2024-08-26 18:20:00+00:00,SHORT,63293.16,63419.75,SL,-0.2679,26.5227,2024-08
2024-08-27 01:15:00+00:00,2024-08-27 01:55:00+00:00,LONG,63124.23,62997.98,SL,-0.2652,26.2575,2024-08
2024-08-27 02:45:00+00:00,2024-08-27 04:35:00+00:00,SHORT,62884.51,63010.28,SL,-0.2626,25.9949,2024-08
2024-08-27 04:35:00+00:00,2024-08-27 06:30:00+00:00,LONG,63057.07,62930.96,SL,-0.2599,25.735,2024-08
2024-08-27 08:00:00+00:00,2024-08-27 08:10:00+00:00,LONG,63021.21,62895.17,SL,-0.2573,25.4776,2024-08
2024-08-27 08:25:00+00:00,2024-08-27 08:55:00+00:00,SHORT,62682.13,62807.49,SL,-0.2548,25.2228,2024-08
2024-08-27 09:15:00+00:00,2024-08-27 09:35:00+00:00,LONG,62956.26,62830.35,SL,-0.2522,24.9706,2024-08
2024-08-27 09:40:00+00:00,2024-08-27 10:20:00+00:00,SHORT,62605.94,62292.91,TP,0.6243,25.5949,2024-08
2024-08-27 18:10:00+00:00,2024-08-27 20:55:00+00:00,LONG,61984.78,61860.81,SL,-0.2559,25.3389,2024-08
2024-08-27 20:55:00+00:00,2024-08-27 21:15:00+00:00,SHORT,61834.26,61525.09,TP,0.6335,25.9724,2024-08
2024-08-28 03:15:00+00:00,2024-08-28 04:50:00+00:00,LONG,59518.45,59399.41,SL,-0.2597,25.7127,2024-08
2024-08-28 04:50:00+00:00,2024-08-28 05:35:00+00:00,SHORT,59342.33,59461.02,SL,-0.2571,25.4555,2024-08
2024-08-28 08:25:00+00:00,2024-08-28 09:30:00+00:00,LONG,59129.64,59425.29,TP,0.6364,26.0919,2024-08
2024-08-28 13:05:00+00:00,2024-08-28 13:15:00+00:00,SHORT,59800.06,59919.66,SL,-0.2609,25.831,2024-08
2024-08-28 16:50:00+00:00,2024-08-28 17:20:00+00:00,LONG,59001.59,58883.59,SL,-0.2583,25.5727,2024-08
2024-08-28 19:55:00+00:00,2024-08-28 20:00:00+00:00,SHORT,58875.29,58993.04,SL,-0.2557,25.317,2024-08
2024-08-29 01:05:00+00:00,2024-08-29 01:10:00+00:00,LONG,59330.71,59212.05,SL,-0.2532,25.0638,2024-08
2024-08-29 08:20:00+00:00,2024-08-29 08:35:00+00:00,SHORT,59376.22,59494.97,SL,-0.2506,24.8132,2024-08
2024-08-29 09:25:00+00:00,2024-08-29 09:50:00+00:00,LONG,59773.89,59654.34,SL,-0.2481,24.565,2024-08
2024-08-29 16:25:00+00:00,2024-08-29 16:45:00+00:00,SHORT,60581.76,60278.85,TP,0.6141,25.1792,2024-08
2024-08-30 00:30:00+00:00,2024-08-30 00:40:00+00:00,LONG,59474.78,59355.83,SL,-0.2518,24.9274,2024-08
2024-08-30 01:15:00+00:00,2024-08-30 01:50:00+00:00,SHORT,59137.45,59255.72,SL,-0.2493,24.6781,2024-08
2024-08-30 06:35:00+00:00,2024-08-30 07:15:00+00:00,LONG,59143.66,59439.38,TP,0.617,25.295,2024-08
2024-08-30 11:40:00+00:00,2024-08-30 12:10:00+00:00,SHORT,59357.98,59476.69,SL,-0.253,25.0421,2024-08
2024-08-30 12:40:00+00:00,2024-08-30 12:55:00+00:00,LONG,59711.88,59592.45,SL,-0.2504,24.7917,2024-08
2024-08-30 13:45:00+00:00,2024-08-30 13:50:00+00:00,SHORT,59178.32,59296.68,SL,-0.2479,24.5438,2024-08
2024-08-30 17:50:00+00:00,2024-08-30 17:55:00+00:00,LONG,58769.5,58651.96,SL,-0.2454,24.2983,2024-08
2024-08-30 19:40:00+00:00,2024-08-30 20:00:00+00:00,SHORT,58720.5,58837.94,SL,-0.243,24.0553,2024-08
2024-08-30 22:05:00+00:00,2024-08-30 22:30:00+00:00,LONG,59244.69,59126.2,SL,-0.2406,23.8148,2024-08
2024-08-31 02:40:00+00:00,2024-08-31 03:40:00+00:00,SHORT,59128.84,59247.1,SL,-0.2381,23.5766,2024-08
2024-08-31 03:40:00+00:00,2024-08-31 06:55:00+00:00,LONG,59277.7,59159.15,SL,-0.2358,23.3409,2024-08
2024-08-31 10:45:00+00:00,2024-08-31 13:55:00+00:00,LONG,59131.59,59013.33,SL,-0.2334,23.1075,2024-08
2024-08-31 18:00:00+00:00,2024-08-31 18:45:00+00:00,LONG,59060.76,58942.64,SL,-0.2311,22.8764,2024-08
2024-08-31 19:05:00+00:00,2024-08-31 20:45:00+00:00,SHORT,58828.47,58946.13,SL,-0.2288,22.6476,2024-08
2024-08-31 23:00:00+00:00,2024-09-01 02:05:00+00:00,SHORT,58960.4,58665.59,TP,0.5662,23.2138,2024-09
2024-09-01 07:45:00+00:00,2024-09-01 08:15:00+00:00,LONG,58457.37,58340.46,SL,-0.2321,22.9817,2024-09
2024-09-01 09:00:00+00:00,2024-09-01 09:15:00+00:00,SHORT,58147.74,58264.04,SL,-0.2298,22.7519,2024-09
2024-09-01 09:30:00+00:00,2024-09-01 09:45:00+00:00,LONG,58370.07,58253.33,SL,-0.2275,22.5243,2024-09
2024-09-01 10:05:00+00:00,2024-09-01 11:55:00+00:00,SHORT,58065.76,58181.9,SL,-0.2252,22.2991,2024-09
2024-09-01 11:55:00+00:00,2024-09-01 12:20:00+00:00,LONG,58263.82,58147.29,SL,-0.223,22.0761,2024-09
2024-09-01 12:40:00+00:00,2024-09-01 13:00:00+00:00,SHORT,57948.82,58064.72,SL,-0.2208,21.8553,2024-09
2024-09-01 13:55:00+00:00,2024-09-01 14:00:00+00:00,LONG,58198.28,58081.88,SL,-0.2186,21.6368,2024-09
2024-09-01 14:10:00+00:00,2024-09-01 14:15:00+00:00,SHORT,57496.73,57611.73,SL,-0.2164,21.4204,2024-09
2024-09-01 15:45:00+00:00,2024-09-01 15:50:00+00:00,LONG,58347.33,58230.63,SL,-0.2142,21.2062,2024-09
2024-09-01 17:20:00+00:00,2024-09-01 17:40:00+00:00,SHORT,57877.84,57993.6,SL,-0.2121,20.9942,2024-09
2024-09-01 18:00:00+00:00,2024-09-01 18:45:00+00:00,LONG,58244.38,58535.6,TP,0.5249,21.519,2024-09
2024-09-01 21:10:00+00:00,2024-09-01 22:15:00+00:00,SHORT,58281.69,57990.28,TP,0.538,22.057,2024-09
2024-09-02 03:35:00+00:00,2024-09-02 03:40:00+00:00,LONG,57733.08,57617.62,SL,-0.2206,21.8364,2024-09
2024-09-02 07:20:00+00:00,2024-09-02 08:10:00+00:00,SHORT,57524.98,57640.03,SL,-0.2184,21.6181,2024-09
2024-09-02 08:10:00+00:00,2024-09-02 08:25:00+00:00,LONG,57856.14,58145.42,TP,0.5405,22.1585,2024-09
2024-09-02 12:10:00+00:00,2024-09-02 12:50:00+00:00,SHORT,58293.67,58410.26,SL,-0.2216,21.9369,2024-09
2024-09-02 14:30:00+00:00,2024-09-02 15:25:00+00:00,LONG,58687.46,58570.08,SL,-0.2194,21.7175,2024-09
2024-09-02 16:50:00+00:00,2024-09-02 17:00:00+00:00,SHORT,58283.68,58400.24,SL,-0.2172,21.5004,2024-09
2024-09-02 18:10:00+00:00,2024-09-02 18:15:00+00:00,LONG,58610.42,58493.2,SL,-0.215,21.2854,2024-09
2024-09-03 02:55:00+00:00,2024-09-03 06:10:00+00:00,SHORT,59287.29,58990.85,TP,0.5321,21.8175,2024-09
2024-09-03 07:40:00+00:00,2024-09-03 08:30:00+00:00,LONG,59124.64,59006.39,SL,-0.2182,21.5993,2024-09
2024-09-03 08:30:00+00:00,2024-09-03 10:20:00+00:00,SHORT,58903.44,59021.25,SL,-0.216,21.3833,2024-09
2024-09-03 10:20:00+00:00,2024-09-03 13:30:00+00:00,LONG,59053.61,58935.5,SL,-0.2138,21.1695,2024-09
2024-09-03 13:30:00+00:00,2024-09-03 13:45:00+00:00,SHORT,58838.45,58544.25,TP,0.5292,21.6987,2024-09
2024-09-03 19:10:00+00:00,2024-09-03 19:25:00+00:00,LONG,58164.37,58048.04,SL,-0.217,21.4818,2024-09
2024-09-03 22:25:00+00:00,2024-09-03 23:45:00+00:00,SHORT,57941.82,57652.11,TP,0.537,22.0188,2024-09
2024-09-04 00:15:00+00:00,2024-09-04 00:25:00+00:00,LONG,57944.27,57828.38,SL,-0.2202,21.7986,2024-09
2024-09-04 00:55:00+00:00,2024-09-04 01:00:00+00:00,SHORT,57117.16,56831.58,TP,0.545,22.3436,2024-09
2024-09-04 07:15:00+00:00,2024-09-04 10:15:00+00:00,LONG,56602.64,56489.44,SL,-0.2234,22.1201,2024-09
2024-09-04 12:40:00+00:00,2024-09-04 12:55:00+00:00,LONG,56755.47,56641.96,SL,-0.2212,21.8989,2024-09
2024-09-04 13:35:00+00:00,2024-09-04 13:45:00+00:00,SHORT,56360.44,56473.16,SL,-0.219,21.6799,2024-09
2024-09-04 14:40:00+00:00,2024-09-04 14:50:00+00:00,LONG,57112.71,57398.27,TP,0.542,22.2219,2024-09
2024-09-04 17:55:00+00:00,2024-09-04 19:40:00+00:00,SHORT,57854.85,57970.56,SL,-0.2222,21.9997,2024-09
2024-09-04 19:55:00+00:00,2024-09-04 20:15:00+00:00,LONG,58081.23,57965.07,SL,-0.22,21.7797,2024-09
2024-09-04 23:40:00+00:00,2024-09-05 00:15:00+00:00,SHORT,57976.81,58092.76,SL,-0.2178,21.5619,2024-09
2024-09-05 00:25:00+00:00,2024-09-05 00:35:00+00:00,LONG,58273.3,58156.75,SL,-0.2156,21.3463,2024-09
2024-09-05 02:05:00+00:00,2024-09-05 03:05:00+00:00,SHORT,57841.85,57552.64,TP,0.5337,21.88,2024-09
2024-09-05 13:35:00+00:00,2024-09-05 13:40:00+00:00,LONG,57088.83,56974.65,SL,-0.2188,21.6612,2024-09
2024-09-05 15:00:00+00:00,2024-09-05 15:05:00+00:00,SHORT,56276.44,56388.99,SL,-0.2166,21.4446,2024-09
2024-09-05 17:55:00+00:00,2024-09-05 18:10:00+00:00,LONG,56625.63,56512.38,SL,-0.2144,21.2301,2024-09
2024-09-05 19:15:00+00:00,2024-09-05 19:40:00+00:00,SHORT,56249.49,55968.24,TP,0.5308,21.7609,2024-09
2024-09-06 00:10:00+00:00,2024-09-06 00:30:00+00:00,LONG,56322.21,56209.57,SL,-0.2176,21.5433,2024-09
2024-09-06 00:35:00+00:00,2024-09-06 00:55:00+00:00,SHORT,55998.59,56110.59,SL,-0.2154,21.3278,2024-09
2024-09-06 01:35:00+00:00,2024-09-06 02:05:00+00:00,LONG,56484.59,56767.02,TP,0.5332,21.861,2024-09
2024-09-06 03:50:00+00:00,2024-09-06 04:00:00+00:00,SHORT,56549.37,56662.47,SL,-0.2186,21.6424,2024-09
2024-09-06 10:00:00+00:00,2024-09-06 12:15:00+00:00,LONG,55969.4,55857.46,SL,-0.2164,21.426,2024-09
2024-09-06 12:30:00+00:00,2024-09-06 12:35:00+00:00,LONG,56436.57,56718.75,TP,0.5356,21.9616,2024-09
2024-09-06 13:35:00+00:00,2024-09-06 13:55:00+00:00,SHORT,56249.61,55968.36,TP,0.549,22.5107,2024-09
2024-09-06 21:55:00+00:00,2024-09-06 22:50:00+00:00,LONG,53788.08,53680.5,SL,-0.2251,22.2856,2024-09
2024-09-07 01:35:00+00:00,2024-09-07 02:20:00+00:00,SHORT,53780.49,53888.05,SL,-0.2229,22.0627,2024-09
2024-09-07 04:40:00+00:00,2024-09-07 05:05:00+00:00,LONG,53981.47,54251.38,TP,0.5516,22.6143,2024-09
2024-09-07 16:35:00+00:00,2024-09-07 17:50:00+00:00,SHORT,54507.19,54234.65,TP,0.5654,23.1796,2024-09
2024-09-07 19:40:00+00:00,2024-09-07 20:10:00+00:00,LONG,54424.76,54315.91,SL,-0.2318,22.9478,2024-09
2024-09-07 20:20:00+00:00,2024-09-07 21:55:00+00:00,SHORT,54238.01,53966.82,TP,0.5737,23.5215,2024-09
2024-09-07 23:25:00+00:00,2024-09-08 02:05:00+00:00,LONG,54073.62,54343.99,TP,0.588,24.1096,2024-09
2024-09-08 03:30:00+00:00,2024-09-08 03:50:00+00:00,SHORT,54245.29,54353.78,SL,-0.2411,23.8685,2024-09
2024-09-08 04:05:00+00:00,2024-09-08 06:35:00+00:00,LONG,54445.66,54336.77,SL,-0.2387,23.6298,2024-09
2024-09-08 06:35:00+00:00,2024-09-08 07:05:00+00:00,SHORT,54276.28,54384.83,SL,-0.2363,23.3935,2024-09
2024-09-08 07:10:00+00:00,2024-09-08 08:05:00+00:00,LONG,54506.8,54397.79,SL,-0.2339,23.1596,2024-09
2024-09-08 11:35:00+00:00,2024-09-08 12:45:00+00:00,SHORT,54513.73,54241.16,TP,0.579,23.7386,2024-09
2024-09-08 17:15:00+00:00,2024-09-08 21:05:00+00:00,LONG,54260.69,54531.99,TP,0.5935,24.332,2024-09
2024-09-08 22:55:00+00:00,2024-09-08 23:00:00+00:00,SHORT,54508.19,54617.2,SL,-0.2433,24.0887,2024-09
2024-09-09 01:00:00+00:00,2024-09-09 01:05:00+00:00,LONG,55332.11,55221.45,SL,-0.2409,23.8478,2024-09
2024-09-09 04:55:00+00:00,2024-09-09 07:35:00+00:00,SHORT,54827.71,54937.37,SL,-0.2385,23.6093,2024-09
2024-09-09 07:35:00+00:00,2024-09-09 09:00:00+00:00,LONG,55032.87,55308.04,TP,0.5902,24.1996,2024-09
2024-09-09 09:50:00+00:00,2024-09-09 10:05:00+00:00,SHORT,55094.48,55204.67,SL,-0.242,23.9576,2024-09
2024-09-09 10:25:00+00:00,2024-09-09 10:40:00+00:00,LONG,55462.18,55351.25,SL,-0.2396,23.718,2024-09
2024-09-09 12:20:00+00:00,2024-09-09 12:40:00+00:00,SHORT,55088.73,55198.9,SL,-0.2372,23.4808,2024-09
2024-09-09 12:50:00+00:00,2024-09-09 13:50:00+00:00,LONG,55360.14,55636.94,TP,0.587,24.0678,2024-09
2024-09-09 14:25:00+00:00,2024-09-09 15:05:00+00:00,SHORT,55114.99,55225.22,SL,-0.2407,23.8272,2024-09
2024-09-09 16:05:00+00:00,2024-09-09 16:10:00+00:00,LONG,55562.22,55840.03,TP,0.5957,24.4228,2024-09
2024-09-09 23:00:00+00:00,2024-09-09 23:15:00+00:00,SHORT,57031.22,57145.28,SL,-0.2442,24.1786,2024-09
2024-09-10 01:05:00+00:00,2024-09-10 01:15:00+00:00,LONG,57052.79,56938.69,SL,-0.2418,23.9368,2024-09
2024-09-10 01:45:00+00:00,2024-09-10 01:55:00+00:00,SHORT,56707.31,56820.72,SL,-0.2394,23.6975,2024-09
2024-09-10 04:20:00+00:00,2024-09-10 04:30:00+00:00,LONG,56740.69,56627.21,SL,-0.237,23.4605,2024-09
2024-09-10 04:35:00+00:00,2024-09-10 04:45:00+00:00,SHORT,56476.4,56589.35,SL,-0.2346,23.2259,2024-09
2024-09-10 05:20:00+00:00,2024-09-10 07:30:00+00:00,LONG,56847.9,57132.14,TP,0.5806,23.8065,2024-09
2024-09-10 09:00:00+00:00,2024-09-10 09:20:00+00:00,SHORT,56916.75,57030.59,SL,-0.2381,23.5685,2024-09
2024-09-10 11:50:00+00:00,2024-09-10 13:00:00+00:00,LONG,57279.02,57164.46,SL,-0.2357,23.3328,2024-09
2024-09-10 13:00:00+00:00,2024-09-10 13:30:00+00:00,SHORT,57071.44,56786.09,TP,0.5833,23.9161,2024-09
2024-09-10 17:10:00+00:00,2024-09-10 17:25:00+00:00,LONG,57320.92,57206.28,SL,-0.2392,23.6769,2024-09
2024-09-10 21:45:00+00:00,2024-09-10 22:10:00+00:00,SHORT,57492.99,57607.98,SL,-0.2368,23.4402,2024-09
2024-09-10 23:20:00+00:00,2024-09-10 23:30:00+00:00,LONG,57829.14,57713.48,SL,-0.2344,23.2058,2024-09
2024-09-11 01:20:00+00:00,2024-09-11 01:30:00+00:00,SHORT,57423.01,57135.9,TP,0.5801,23.7859,2024-09
2024-09-11 07:05:00+00:00,2024-09-11 08:35:00+00:00,LONG,56596.83,56483.64,SL,-0.2379,23.548,2024-09
2024-09-11 08:40:00+00:00,2024-09-11 09:00:00+00:00,SHORT,56333.93,56446.6,SL,-0.2355,23.3126,2024-09
2024-09-11 09:30:00+00:00,2024-09-11 10:05:00+00:00,LONG,56670.66,56557.32,SL,-0.2331,23.0794,2024-09
2024-09-11 12:40:00+00:00,2024-09-11 12:50:00+00:00,SHORT,56475.4,56588.35,SL,-0.2308,22.8486,2024-09
2024-09-11 13:15:00+00:00,2024-09-11 13:25:00+00:00,LONG,57133.95,57019.69,SL,-0.2285,22.6202,2024-09
2024-09-11 13:30:00+00:00,2024-09-11 13:50:00+00:00,SHORT,56397.44,56115.45,TP,0.5655,23.1857,2024-09
2024-09-11 15:15:00+00:00,2024-09-11 15:35:00+00:00,LONG,56306.51,56588.05,TP,0.5796,23.7653,2024-09
2024-09-11 18:50:00+00:00,2024-09-11 19:15:00+00:00,SHORT,57409.04,57523.86,SL,-0.2377,23.5276,2024-09
2024-09-12 00:20:00+00:00,2024-09-12 01:55:00+00:00,LONG,57687.2,57975.63,TP,0.5882,24.1158,2024-09
2024-09-12 05:00:00+00:00,2024-09-12 08:05:00+00:00,SHORT,58120.75,58236.99,SL,-0.2412,23.8747,2024-09
2024-09-12 09:45:00+00:00,2024-09-12 12:50:00+00:00,SHORT,58034.78,57744.6,TP,0.5969,24.4715,2024-09
2024-09-12 14:15:00+00:00,2024-09-12 14:30:00+00:00,LONG,58197.72,58488.71,TP,0.6118,25.0833,2024-09
2024-09-12 14:55:00+00:00,2024-09-12 15:00:00+00:00,SHORT,57518.27,57633.31,SL,-0.2508,24.8325,2024-09
2024-09-12 16:50:00+00:00,2024-09-12 17:50:00+00:00,LONG,58033.46,58323.63,TP,0.6208,25.4533,2024-09
2024-09-12 18:50:00+00:00,2024-09-12 18:55:00+00:00,SHORT,58064.76,58180.89,SL,-0.2545,25.1988,2024-09
2024-09-12 22:40:00+00:00,2024-09-12 22:50:00+00:00,LONG,58250.85,58134.35,SL,-0.252,24.9468,2024-09
2024-09-13 00:55:00+00:00,2024-09-13 01:55:00+00:00,SHORT,58007.93,58123.94,SL,-0.2495,24.6973,2024-09
2024-09-13 05:35:00+00:00,2024-09-13 06:05:00+00:00,LONG,57999.18,57883.18,SL,-0.247,24.4504,2024-09
2024-09-13 06:35:00+00:00,2024-09-13 07:05:00+00:00,SHORT,57765.8,57881.34,SL,-0.2445,24.2058,2024-09
2024-09-13 07:15:00+00:00,2024-09-13 10:40:00+00:00,LONG,57953.32,58243.09,TP,0.6051,24.811,2024-09
2024-09-13 11:30:00+00:00,2024-09-13 12:05:00+00:00,SHORT,58134.75,57844.07,TP,0.6203,25.4313,2024-09
2024-09-13 13:40:00+00:00,2024-09-13 14:30:00+00:00,LONG,58123.24,58006.99,SL,-0.2543,25.177,2024-09
2024-09-14 02:45:00+00:00,2024-09-14 05:55:00+00:00,SHORT,60299.87,59998.37,TP,0.6294,25.8064,2024-09
2024-09-14 07:25:00+00:00,2024-09-14 08:25:00+00:00,LONG,60118.04,59997.8,SL,-0.2581,25.5483,2024-09
2024-09-14 09:55:00+00:00,2024-09-14 10:15:00+00:00,LONG,60094.23,59974.04,SL,-0.2555,25.2928,2024-09
2024-09-14 10:45:00+00:00,2024-09-14 14:25:00+00:00,SHORT,59800.06,59919.66,SL,-0.2529,25.0399,2024-09
2024-09-14 18:00:00+00:00,2024-09-14 20:25:00+00:00,SHORT,59810.08,59929.7,SL,-0.2504,24.7895,2024-09
2024-09-15 00:55:00+00:00,2024-09-15 01:15:00+00:00,SHORT,60001.94,60121.94,SL,-0.2479,24.5416,2024-09
2024-09-15 01:15:00+00:00,2024-09-15 04:20:00+00:00,LONG,60235.19,60114.72,SL,-0.2454,24.2962,2024-09
2024-09-15 07:20:00+00:00,2024-09-15 08:20:00+00:00,LONG,60224.07,60103.62,SL,-0.243,24.0532,2024-09
2024-09-15 08:20:00+00:00,2024-09-15 13:00:00+00:00,SHORT,60063.96,60184.09,SL,-0.2405,23.8127,2024-09
2024-09-15 14:10:00+00:00,2024-09-15 14:30:00+00:00,SHORT,60005.98,60125.99,SL,-0.2381,23.5746,2024-09
2024-09-15 14:55:00+00:00,2024-09-15 16:10:00+00:00,LONG,60303.63,60183.02,SL,-0.2357,23.3388,2024-09
2024-09-15 16:20:00+00:00,2024-09-15 20:25:00+00:00,SHORT,60063.61,59763.3,TP,0.5835,23.9223,2024-09
2024-09-15 20:25:00+00:00,2024-09-15 20:50:00+00:00,SHORT,59707.87,59827.28,SL,-0.2392,23.6831,2024-09
2024-09-16 05:05:00+00:00,2024-09-16 05:35:00+00:00,LONG,58549.4,58432.3,SL,-0.2368,23.4462,2024-09
2024-09-16 09:20:00+00:00,2024-09-16 13:30:00+00:00,SHORT,58798.45,58504.46,TP,0.5862,24.0324,2024-09
2024-09-16 17:45:00+00:00,2024-09-16 18:10:00+00:00,LONG,58009.8,57893.79,SL,-0.2403,23.7921,2024-09
2024-09-16 20:30:00+00:00,2024-09-16 21:20:00+00:00,SHORT,57750.9,57866.4,SL,-0.2379,23.5542,2024-09
2024-09-16 21:55:00+00:00,2024-09-16 22:10:00+00:00,LONG,58018.7,57902.66,SL,-0.2355,23.3186,2024-09
2024-09-17 00:40:00+00:00,2024-09-17 00:50:00+00:00,SHORT,58054.72,57764.45,TP,0.583,23.9016,2024-09
2024-09-17 02:40:00+00:00,2024-09-17 05:30:00+00:00,LONG,58133.24,58423.91,TP,0.5975,24.4991,2024-09
2024-09-17 13:35:00+00:00,2024-09-17 14:05:00+00:00,SHORT,59081.24,59199.4,SL,-0.245,24.2541,2024-09
2024-09-17 14:10:00+00:00,2024-09-17 14:20:00+00:00,LONG,59763.22,60062.03,TP,0.6064,24.8605,2024-09
2024-09-17 18:50:00+00:00,2024-09-17 19:05:00+00:00,SHORT,60500.9,60621.9,SL,-0.2486,24.6119,2024-09
2024-09-17 23:55:00+00:00,2024-09-18 00:05:00+00:00,LONG,60338.12,60217.44,SL,-0.2461,24.3658,2024-09
2024-09-18 00:15:00+00:00,2024-09-18 00:45:00+00:00,SHORT,60055.97,60176.08,SL,-0.2437,24.1221,2024-09
2024-09-18 00:50:00+00:00,2024-09-18 01:00:00+00:00,LONG,60296.12,60175.53,SL,-0.2412,23.8809,2024-09
2024-09-18 04:45:00+00:00,2024-09-18 07:05:00+00:00,SHORT,60375.32,60496.07,SL,-0.2388,23.6421,2024-09
2024-09-18 08:05:00+00:00,2024-09-18 09:30:00+00:00,SHORT,60222.2,59921.09,TP,0.5911,24.2331,2024-09
2024-09-18 11:15:00+00:00,2024-09-18 11:55:00+00:00,LONG,59973.97,59854.02,SL,-0.2423,23.9908,2024-09
2024-09-18 12:10:00+00:00,2024-09-18 12:20:00+00:00,SHORT,59727.45,59846.9,SL,-0.2399,23.7509,2024-09
2024-09-18 12:50:00+00:00,2024-09-18 13:30:00+00:00,LONG,60003.99,59883.98,SL,-0.2375,23.5134,2024-09
2024-09-18 13:35:00+00:00,2024-09-18 16:00:00+00:00,SHORT,59670.62,59372.27,TP,0.5878,24.1012,2024-09
2024-09-18 16:35:00+00:00,2024-09-18 16:45:00+00:00,LONG,59925.96,59806.11,SL,-0.241,23.8602,2024-09
2024-09-19 01:25:00+00:00,2024-09-19 01:35:00+00:00,SHORT,61723.11,61846.56,SL,-0.2386,23.6216,2024-09
2024-09-19 06:30:00+00:00,2024-09-19 06:50:00+00:00,LONG,62144.85,62020.56,SL,-0.2362,23.3854,2024-09
2024-09-19 11:00:00+00:00,2024-09-19 11:10:00+00:00,SHORT,62231.11,62355.57,SL,-0.2339,23.1515,2024-09
2024-09-19 11:45:00+00:00,2024-09-19 12:05:00+00:00,LONG,62609.03,62922.08,TP,0.5788,23.7303,2024-09
2024-09-19 19:30:00+00:00,2024-09-19 19:35:00+00:00,SHORT,63266.69,63393.23,SL,-0.2373,23.493,2024-09
2024-09-19 23:20:00+00:00,2024-09-20 00:00:00+00:00,LONG,63072.15,62946.0,SL,-0.2349,23.2581,2024-09
2024-09-20 00:25:00+00:00,2024-09-20 00:45:00+00:00,SHORT,62761.39,62886.91,SL,-0.2326,23.0255,2024-09
2024-09-20 01:45:00+00:00,2024-09-20 02:20:00+00:00,LONG,63011.19,62885.17,SL,-0.2303,22.7952,2024-09
2024-09-20 07:15:00+00:00,2024-09-20 08:30:00+00:00,SHORT,63520.16,63202.56,TP,0.5699,23.3651,2024-09
2024-09-20 10:35:00+00:00,2024-09-20 11:25:00+00:00,LONG,63619.43,63492.19,SL,-0.2337,23.1315,2024-09
2024-09-20 11:30:00+00:00,2024-09-20 12:05:00+00:00,SHORT,63406.37,63533.18,SL,-0.2313,22.9002,2024-09
2024-09-20 14:25:00+00:00,2024-09-20 14:50:00+00:00,LONG,63251.28,63124.78,SL,-0.229,22.6712,2024-09
2024-09-20 17:25:00+00:00,2024-09-20 18:05:00+00:00,SHORT,62712.48,62398.92,TP,0.5668,23.2379,2024-09
2024-09-20 19:15:00+00:00,2024-09-20 19:55:00+00:00,LONG,62973.18,62847.23,SL,-0.2324,23.0056,2024-09
2024-09-20 23:05:00+00:00,2024-09-20 23:30:00+00:00,SHORT,63058.78,63184.89,SL,-0.2301,22.7755,2024-09
2024-09-21 00:20:00+00:00,2024-09-21 00:25:00+00:00,LONG,63309.3,63182.68,SL,-0.2278,22.5477,2024-09
2024-09-21 01:10:00+00:00,2024-09-21 12:55:00+00:00,SHORT,63008.88,63134.89,SL,-0.2255,22.3223,2024-09
2024-09-21 15:05:00+00:00,2024-09-21 17:10:00+00:00,SHORT,63140.73,63267.02,SL,-0.2232,22.099,2024-09
2024-09-21 17:10:00+00:00,2024-09-21 19:20:00+00:00,LONG,63347.33,63220.63,SL,-0.221,21.8781,2024-09
2024-09-21 19:20:00+00:00,2024-09-21 23:30:00+00:00,SHORT,63168.73,63295.07,SL,-0.2188,21.6593,2024-09
2024-09-22 00:25:00+00:00,2024-09-22 09:25:00+00:00,SHORT,63129.43,62813.78,TP,0.5415,22.2008,2024-09
2024-09-22 11:30:00+00:00,2024-09-22 13:30:00+00:00,LONG,62787.11,62661.54,SL,-0.222,21.9787,2024-09
2024-09-22 15:15:00+00:00,2024-09-22 16:05:00+00:00,LONG,62749.08,62623.58,SL,-0.2198,21.759,2024-09
2024-09-22 16:05:00+00:00,2024-09-22 16:30:00+00:00,SHORT,62572.8,62697.95,SL,-0.2176,21.5414,2024-09
2024-09-22 16:30:00+00:00,2024-09-22 17:45:00+00:00,LONG,62755.47,63069.25,TP,0.5385,22.0799,2024-09
2024-09-22 19:15:00+00:00,2024-09-22 19:50:00+00:00,SHORT,62849.21,62974.91,SL,-0.2208,21.8591,2024-09
2024-09-22 19:50:00+00:00,2024-09-22 21:55:00+00:00,LONG,63107.34,62981.13,SL,-0.2186,21.6405,2024-09
2024-09-22 22:30:00+00:00,2024-09-22 22:40:00+00:00,LONG,63039.19,63354.38,TP,0.541,22.1815,2024-09
2024-09-23 00:10:00+00:00,2024-09-23 00:25:00+00:00,SHORT,63019.16,63145.2,SL,-0.2218,21.9597,2024-09
2024-09-23 00:50:00+00:00,2024-09-23 00:55:00+00:00,LONG,63705.37,63577.96,SL,-0.2196,21.7401,2024-09
2024-09-23 04:20:00+00:00,2024-09-23 06:10:00+00:00,SHORT,63997.49,63677.5,TP,0.5435,22.2836,2024-09
2024-09-23 09:25:00+00:00,2024-09-23 10:05:00+00:00,LONG,63707.33,63579.92,SL,-0.2228,22.0608,2024-09
2024-09-23 11:10:00+00:00,2024-09-23 11:40:00+00:00,SHORT,63373.83,63500.58,SL,-0.2206,21.8402,2024-09
2024-09-23 14:15:00+00:00,2024-09-23 14:30:00+00:00,LONG,63707.69,63580.28,SL,-0.2184,21.6218,2024-09
2024-09-23 16:35:00+00:00,2024-09-23 17:30:00+00:00,SHORT,63194.61,63321.0,SL,-0.2162,21.4056,2024-09
2024-09-23 18:40:00+00:00,2024-09-23 18:50:00+00:00,LONG,63573.43,63446.28,SL,-0.2141,21.1915,2024-09
2024-09-23 19:35:00+00:00,2024-09-23 19:45:00+00:00,SHORT,63259.32,63385.83,SL,-0.2119,20.9796,2024-09
2024-09-24 03:45:00+00:00,2024-09-24 04:05:00+00:00,LONG,63205.28,63078.87,SL,-0.2098,20.7698,2024-09
2024-09-24 09:10:00+00:00,2024-09-24 14:00:00+00:00,SHORT,63623.04,63304.93,TP,0.5192,21.289,2024-09
2024-09-24 14:00:00+00:00,2024-09-24 14:05:00+00:00,SHORT,63179.09,63305.45,SL,-0.2129,21.0761,2024-09
2024-09-24 17:20:00+00:00,2024-09-24 17:50:00+00:00,LONG,63519.39,63836.98,TP,0.5269,21.603,2024-09
2024-09-25 00:15:00+00:00,2024-09-25 00:30:00+00:00,SHORT,64094.18,64222.37,SL,-0.216,21.387,2024-09
2024-09-25 00:35:00+00:00,2024-09-25 00:50:00+00:00,LONG,64399.74,64270.94,SL,-0.2139,21.1731,2024-09
2024-09-25 00:50:00+00:00,2024-09-25 00:55:00+00:00,SHORT,63990.96,64118.95,SL,-0.2117,20.9614,2024-09
2024-09-25 01:35:00+00:00,2024-09-25 01:40:00+00:00,LONG,64793.9,64664.31,SL,-0.2096,20.7518,2024-09
2024-09-25 03:05:00+00:00,2024-09-25 03:35:00+00:00,SHORT,64228.3,64356.75,SL,-0.2075,20.5443,2024-09
2024-09-25 11:35:00+00:00,2024-09-25 12:45:00+00:00,LONG,63768.75,63641.21,SL,-0.2054,20.3388,2024-09
2024-09-25 12:55:00+00:00,2024-09-25 13:55:00+00:00,SHORT,63574.57,63701.72,SL,-0.2034,20.1355,2024-09
2024-09-25 14:05:00+00:00,2024-09-25 14:25:00+00:00,LONG,63861.6,63733.88,SL,-0.2014,19.9341,2024-09
2024-09-25 15:50:00+00:00,2024-09-25 17:25:00+00:00,SHORT,63586.62,63268.68,TP,0.4984,20.4325,2024-09
2024-09-25 19:00:00+00:00,2024-09-25 19:15:00+00:00,LONG,63433.36,63306.5,SL,-0.2043,20.2281,2024-09
2024-09-25 19:55:00+00:00,2024-09-25 20:00:00+00:00,SHORT,63156.23,63282.54,SL,-0.2023,20.0258,2024-09
2024-09-25 21:30:00+00:00,2024-09-25 22:10:00+00:00,LONG,63540.58,63413.49,SL,-0.2003,19.8256,2024-09
2024-09-25 22:10:00+00:00,2024-09-25 22:30:00+00:00,SHORT,63276.68,63403.23,SL,-0.1983,19.6273,2024-09
2024-09-26 02:20:00+00:00,2024-09-26 05:30:00+00:00,LONG,63241.27,63557.47,TP,0.4907,20.118,2024-09
2024-09-26 08:55:00+00:00,2024-09-26 09:25:00+00:00,SHORT,63684.02,63811.38,SL,-0.2012,19.9168,2024-09
2024-09-26 09:25:00+00:00,2024-09-26 09:45:00+00:00,LONG,63919.55,63791.71,SL,-0.1992,19.7177,2024-09
2024-09-26 13:35:00+00:00,2024-09-26 13:40:00+00:00,SHORT,64154.32,64282.63,SL,-0.1972,19.5205,2024-09
2024-09-26 14:05:00+00:00,2024-09-26 14:55:00+00:00,LONG,64785.89,64656.32,SL,-0.1952,19.3253,2024-09
2024-09-26 14:55:00+00:00,2024-09-26 15:00:00+00:00,SHORT,64400.87,64529.67,SL,-0.1933,19.132,2024-09
2024-09-26 15:30:00+00:00,2024-09-26 15:50:00+00:00,LONG,65425.67,65294.82,SL,-0.1913,18.9407,2024-09
2024-09-26 17:55:00+00:00,2024-09-26 18:10:00+00:00,SHORT,65106.49,65236.7,SL,-0.1894,18.7513,2024-09
2024-09-26 21:45:00+00:00,2024-09-26 23:15:00+00:00,LONG,65023.7,64893.65,SL,-0.1875,18.5638,2024-09
2024-09-26 23:15:00+00:00,2024-09-26 23:20:00+00:00,SHORT,64794.08,64923.67,SL,-0.1856,18.3782,2024-09
2024-09-26 23:45:00+00:00,2024-09-27 02:20:00+00:00,LONG,65177.23,65046.88,SL,-0.1838,18.1944,2024-09
2024-09-27 02:25:00+00:00,2024-09-27 03:30:00+00:00,SHORT,64894.04,65023.83,SL,-0.1819,18.0124,2024-09
2024-09-27 03:30:00+00:00,2024-09-27 06:10:00+00:00,LONG,65128.05,65453.69,TP,0.4503,18.4627,2024-09
2024-09-27 10:15:00+00:00,2024-09-27 12:35:00+00:00,SHORT,65501.63,65632.63,SL,-0.1846,18.2781,2024-09
2024-09-27 13:35:00+00:00,2024-09-27 13:50:00+00:00,SHORT,65373.7,65504.45,SL,-0.1828,18.0953,2024-09
2024-09-27 14:00:00+00:00,2024-09-27 14:20:00+00:00,LONG,65868.33,66197.67,TP,0.4524,18.5477,2024-09
2024-09-27 16:20:00+00:00,2024-09-27 16:25:00+00:00,SHORT,65905.62,66037.43,SL,-0.1855,18.3622,2024-09
2024-09-27 16:55:00+00:00,2024-09-27 17:05:00+00:00,LONG,66329.55,66196.89,SL,-0.1836,18.1786,2024-09
2024-09-27 17:15:00+00:00,2024-09-28 02:25:00+00:00,SHORT,65923.63,66055.48,SL,-0.1818,17.9968,2024-09
2024-09-28 03:40:00+00:00,2024-09-28 09:00:00+00:00,SHORT,65958.58,65628.78,TP,0.4499,18.4467,2024-09
2024-09-28 10:30:00+00:00,2024-09-28 12:30:00+00:00,LONG,65752.99,65621.48,SL,-0.1845,18.2623,2024-09
2024-09-28 14:05:00+00:00,2024-09-28 16:40:00+00:00,LONG,65675.28,65543.93,SL,-0.1826,18.0797,2024-09
2024-09-28 16:40:00+00:00,2024-09-28 17:25:00+00:00,SHORT,65499.01,65630.01,SL,-0.1808,17.8989,2024-09
2024-09-28 17:25:00+00:00,2024-09-28 21:10:00+00:00,LONG,65712.09,65580.67,SL,-0.179,17.7199,2024-09
2024-09-28 21:40:00+00:00,2024-09-29 05:40:00+00:00,LONG,65708.27,65576.86,SL,-0.1772,17.5427,2024-09
2024-09-29 08:35:00+00:00,2024-09-29 10:25:00+00:00,LONG,65615.71,65484.47,SL,-0.1754,17.3672,2024-09
2024-09-29 10:55:00+00:00,2024-09-29 19:45:00+00:00,LONG,65598.22,65926.21,TP,0.4342,17.8014,2024-09
2024-09-29 20:40:00+00:00,2024-09-30 00:15:00+00:00,SHORT,65821.66,65492.55,TP,0.445,18.2465,2024-09
2024-09-30 06:00:00+00:00,2024-09-30 06:25:00+00:00,LONG,64654.89,64525.58,SL,-0.1825,18.064,2024-09
2024-09-30 06:35:00+00:00,2024-09-30 07:10:00+00:00,SHORT,64434.23,64563.09,SL,-0.1806,17.8834,2024-09
2024-09-30 07:10:00+00:00,2024-09-30 08:00:00+00:00,LONG,64639.84,64510.56,SL,-0.1788,17.7045,2024-09
2024-09-30 08:15:00+00:00,2024-09-30 09:15:00+00:00,SHORT,64362.22,64040.41,TP,0.4426,18.1471,2024-09
2024-09-30 12:20:00+00:00,2024-09-30 14:05:00+00:00,LONG,63894.78,63766.99,SL,-0.1815,17.9657,2024-09
2024-09-30 20:05:00+00:00,2024-09-30 22:50:00+00:00,LONG,63711.53,63584.11,SL,-0.1797,17.786,2024-09
2024-10-01 00:50:00+00:00,2024-10-01 02:00:00+00:00,LONG,63541.41,63414.32,SL,-0.1779,17.6082,2024-10
2024-10-01 02:10:00+00:00,2024-10-01 02:20:00+00:00,SHORT,63200.54,63326.94,SL,-0.1761,17.4321,2024-10
2024-10-01 03:05:00+00:00,2024-10-01 06:15:00+00:00,LONG,63585.41,63903.34,TP,0.4358,17.8679,2024-10
2024-10-01 09:55:00+00:00,2024-10-01 13:15:00+00:00,SHORT,63838.91,63519.72,TP,0.4467,18.3146,2024-10
2024-10-01 18:05:00+00:00,2024-10-01 18:15:00+00:00,LONG,62374.94,62250.19,SL,-0.1831,18.1314,2024-10
2024-10-01 19:10:00+00:00,2024-10-01 19:20:00+00:00,SHORT,61757.29,61880.8,SL,-0.1813,17.9501,2024-10
2024-10-02 00:30:00+00:00,2024-10-02 01:25:00+00:00,LONG,61072.42,61377.78,TP,0.4488,18.3989,2024-10
2024-10-02 04:20:00+00:00,2024-10-02 04:25:00+00:00,SHORT,61493.39,61616.38,SL,-0.184,18.2149,2024-10
2024-10-02 06:30:00+00:00,2024-10-02 09:20:00+00:00,LONG,61690.67,61567.29,SL,-0.1821,18.0327,2024-10
2024-10-02 09:20:00+00:00,2024-10-02 09:45:00+00:00,SHORT,61509.39,61201.84,TP,0.4508,18.4835,2024-10
2024-10-02 13:50:00+00:00,2024-10-02 14:15:00+00:00,LONG,61312.62,61619.18,TP,0.4621,18.9456,2024-10
2024-10-02 17:00:00+00:00,2024-10-02 17:05:00+00:00,SHORT,61557.37,61680.48,SL,-0.1895,18.7562,2024-10
2024-10-03 00:30:00+00:00,2024-10-03 03:30:00+00:00,LONG,60978.38,61283.27,TP,0.4689,19.2251,2024-10
2024-10-03 05:15:00+00:00,2024-10-03 06:30:00+00:00,SHORT,61177.69,61300.04,SL,-0.1923,19.0328,2024-10
2024-10-03 06:40:00+00:00,2024-10-03 07:05:00+00:00,LONG,61434.61,61311.74,SL,-0.1903,18.8425,2024-10
2024-10-03 07:40:00+00:00,2024-10-03 08:05:00+00:00,SHORT,61071.39,60766.03,TP,0.4711,19.3136,2024-10
2024-10-03 10:20:00+00:00,2024-10-03 11:30:00+00:00,LONG,60787.96,60666.38,SL,-0.1931,19.1204,2024-10
2024-10-03 14:05:00+00:00,2024-10-03 14:10:00+00:00,LONG,60700.06,60578.66,SL,-0.1912,18.9292,2024-10
2024-10-03 21:00:00+00:00,2024-10-03 21:05:00+00:00,SHORT,60614.12,60735.35,SL,-0.1893,18.7399,2024-10
2024-10-04 01:20:00+00:00,2024-10-04 06:20:00+00:00,LONG,60993.46,61298.42,TP,0.4685,19.2084,2024-10
2024-10-04 09:50:00+00:00,2024-10-04 10:35:00+00:00,SHORT,61281.45,61404.01,SL,-0.1921,19.0163,2024-10
2024-10-04 11:45:00+00:00,2024-10-04 12:30:00+00:00,LONG,61490.09,61367.11,SL,-0.1902,18.8262,2024-10
2024-10-04 14:05:00+00:00,2024-10-04 14:15:00+00:00,SHORT,61243.5,61365.99,SL,-0.1883,18.6379,2024-10
2024-10-04 15:05:00+00:00,2024-10-04 15:25:00+00:00,LONG,61729.68,61606.22,SL,-0.1864,18.4515,2024-10
2024-10-04 22:05:00+00:00,2024-10-05 02:45:00+00:00,SHORT,62236.75,61925.56,TP,0.4613,18.9128,2024-10
2024-10-05 03:25:00+00:00,2024-10-05 04:10:00+00:00,LONG,61966.78,61842.84,SL,-0.1891,18.7237,2024-10
2024-10-05 07:45:00+00:00,2024-10-05 09:05:00+00:00,SHORT,62061.67,62185.79,SL,-0.1872,18.5365,2024-10
2024-10-05 13:30:00+00:00,2024-10-05 18:45:00+00:00,SHORT,62193.12,61882.16,TP,0.4634,18.9999,2024-10
2024-10-05 21:10:00+00:00,2024-10-06 12:55:00+00:00,LONG,61885.77,62195.2,TP,0.475,19.4749,2024-10
2024-10-06 16:55:00+00:00,2024-10-06 17:15:00+00:00,SHORT,62576.96,62702.11,SL,-0.1947,19.2801,2024-10
2024-10-06 19:00:00+00:00,2024-10-06 19:45:00+00:00,LONG,62832.87,62707.21,SL,-0.1928,19.0873,2024-10
2024-10-06 19:45:00+00:00,2024-10-06 21:45:00+00:00,SHORT,62673.45,62360.08,TP,0.4772,19.5645,2024-10
2024-10-06 22:55:00+00:00,2024-10-07 00:35:00+00:00,LONG,62643.9,62957.12,TP,0.4891,20.0536,2024-10
2024-10-07 02:40:00+00:00,2024-10-07 03:05:00+00:00,SHORT,63604.54,63731.75,SL,-0.2005,19.8531,2024-10
2024-10-07 06:20:00+00:00,2024-10-07 07:40:00+00:00,LONG,63592.09,63464.9,SL,-0.1985,19.6545,2024-10
2024-10-07 11:55:00+00:00,2024-10-07 12:00:00+00:00,LONG,63160.69,63034.37,SL,-0.1965,19.458,2024-10
2024-10-07 16:10:00+00:00,2024-10-07 16:15:00+00:00,SHORT,63526.58,63653.63,SL,-0.1946,19.2634,2024-10
2024-10-07 21:25:00+00:00,2024-10-07 22:30:00+00:00,LONG,63287.3,63160.73,SL,-0.1926,19.0708,2024-10
2024-10-07 22:30:00+00:00,2024-10-07 22:55:00+00:00,SHORT,63044.22,62729.0,TP,0.4768,19.5476,2024-10
2024-10-08 01:40:00+00:00,2024-10-08 02:15:00+00:00,LONG,62672.06,62546.71,SL,-0.1955,19.3521,2024-10
2024-10-08 04:40:00+00:00,2024-10-08 06:20:00+00:00,SHORT,62576.97,62264.08,TP,0.4838,19.8359,2024-10
2024-10-08 06:55:00+00:00,2024-10-08 07:05:00+00:00,LONG,62534.42,62409.35,SL,-0.1984,19.6375,2024-10
2024-10-08 07:15:00+00:00,2024-10-08 07:30:00+00:00,SHORT,62068.63,62192.77,SL,-0.1964,19.4412,2024-10
2024-10-08 09:50:00+00:00,2024-10-08 13:10:00+00:00,LONG,62538.52,62413.44,SL,-0.1944,19.2467,2024-10
2024-10-08 13:30:00+00:00,2024-10-08 14:00:00+00:00,LONG,62783.19,63097.11,TP,0.4812,19.7279,2024-10
2024-10-08 14:15:00+00:00,2024-10-08 14:45:00+00:00,SHORT,62546.87,62671.96,SL,-0.1973,19.5306,2024-10
2024-10-08 19:35:00+00:00,2024-10-08 20:00:00+00:00,LONG,62352.92,62228.22,SL,-0.1953,19.3353,2024-10
2024-10-08 22:25:00+00:00,2024-10-09 01:25:00+00:00,SHORT,62199.11,62323.51,SL,-0.1934,19.142,2024-10
2024-10-09 01:25:00+00:00,2024-10-09 02:30:00+00:00,LONG,62396.94,62272.14,SL,-0.1914,18.9506,2024-10
2024-10-09 07:00:00+00:00,2024-10-09 12:35:00+00:00,SHORT,62311.76,62000.2,TP,0.4738,19.4243,2024-10
2024-10-09 15:10:00+00:00,2024-10-09 16:15:00+00:00,LONG,62174.87,62050.52,SL,-0.1942,19.2301,2024-10
2024-10-09 16:15:00+00:00,2024-10-09 18:10:00+00:00,SHORT,61871.24,61561.89,TP,0.4808,19.7108,2024-10
2024-10-10 01:30:00+00:00,2024-10-10 06:25:00+00:00,LONG,60744.29,61048.01,TP,0.4928,20.2036,2024-10
2024-10-10 07:35:00+00:00,2024-10-10 10:15:00+00:00,SHORT,60945.7,61067.59,SL,-0.202,20.0016,2024-10
2024-10-10 12:30:00+00:00,2024-10-10 13:15:00+00:00,SHORT,60957.61,61079.52,SL,-0.2,19.8015,2024-10
2024-10-10 16:00:00+00:00,2024-10-10 16:05:00+00:00,LONG,60964.37,60842.44,SL,-0.198,19.6035,2024-10
2024-10-10 16:45:00+00:00,2024-10-10 17:05:00+00:00,SHORT,60444.16,60141.94,TP,0.4901,20.0936,2024-10
2024-10-10 19:35:00+00:00,2024-10-10 20:30:00+00:00,LONG,59719.86,59600.42,SL,-0.2009,19.8927,2024-10
2024-10-11 01:05:00+00:00,2024-10-11 01:45:00+00:00,SHORT,60107.4,60227.61,SL,-0.1989,19.6938,2024-10
2024-10-11 01:50:00+00:00,2024-10-11 02:10:00+00:00,LONG,60520.21,60399.17,SL,-0.1969,19.4968,2024-10
2024-10-11 07:45:00+00:00,2024-10-11 08:15:00+00:00,SHORT,60661.75,60783.07,SL,-0.195,19.3018,2024-10
2024-10-11 09:10:00+00:00,2024-10-11 11:50:00+00:00,LONG,60934.88,61239.56,TP,0.4825,19.7844,2024-10
2024-10-11 19:30:00+00:00,2024-10-11 19:35:00+00:00,SHORT,62794.34,62919.93,SL,-0.1978,19.5865,2024-10
2024-10-12 00:10:00+00:00,2024-10-12 02:30:00+00:00,LONG,62767.09,62641.55,SL,-0.1959,19.3907,2024-10
2024-10-12 02:30:00+00:00,2024-10-12 05:45:00+00:00,SHORT,62570.96,62696.1,SL,-0.1939,19.1968,2024-10
2024-10-12 07:00:00+00:00,2024-10-12 07:40:00+00:00,SHORT,62626.95,62752.2,SL,-0.192,19.0048,2024-10
2024-10-12 09:10:00+00:00,2024-10-12 09:50:00+00:00,SHORT,62660.93,62786.25,SL,-0.19,18.8148,2024-10
2024-10-12 11:35:00+00:00,2024-10-12 12:55:00+00:00,SHORT,62920.82,63046.66,SL,-0.1881,18.6266,2024-10
2024-10-12 12:55:00+00:00,2024-10-12 15:10:00+00:00,LONG,63081.48,63396.89,TP,0.4657,19.0923,2024-10
2024-10-12 15:40:00+00:00,2024-10-12 16:00:00+00:00,SHORT,63031.79,63157.85,SL,-0.1909,18.9014,2024-10
2024-10-12 21:10:00+00:00,2024-10-13 01:10:00+00:00,LONG,63178.81,63052.45,SL,-0.189,18.7123,2024-10
2024-10-13 04:25:00+00:00,2024-10-13 07:45:00+00:00,LONG,62875.13,62749.38,SL,-0.1871,18.5252,2024-10
2024-10-13 08:05:00+00:00,2024-10-13 09:10:00+00:00,LONG,62925.15,62799.3,SL,-0.1853,18.34,2024-10
2024-10-13 09:10:00+00:00,2024-10-13 14:45:00+00:00,SHORT,62771.73,62457.87,TP,0.4585,18.7985,2024-10
2024-10-13 16:15:00+00:00,2024-10-13 17:10:00+00:00,LONG,62475.24,62787.62,TP,0.47,19.2684,2024-10
2024-10-13 17:40:00+00:00,2024-10-13 17:50:00+00:00,SHORT,62423.02,62547.87,SL,-0.1927,19.0757,2024-10
2024-10-13 19:35:00+00:00,2024-10-13 22:00:00+00:00,LONG,62715.09,63028.66,TP,0.4769,19.5526,2024-10
2024-10-13 23:15:00+00:00,2024-10-13 23:30:00+00:00,SHORT,62617.92,62743.16,SL,-0.1955,19.3571,2024-10
2024-10-14 03:15:00+00:00,2024-10-14 03:25:00+00:00,LONG,62881.77,63196.18,TP,0.4839,19.841,2024-10
2024-10-14 05:35:00+00:00,2024-10-14 05:40:00+00:00,SHORT,63794.37,63921.96,SL,-0.1984,19.6426,2024-10
2024-10-14 06:25:00+00:00,2024-10-14 06:30:00+00:00,LONG,64155.52,64027.21,SL,-0.1964,19.4462,2024-10
2024-10-14 13:30:00+00:00,2024-10-14 13:40:00+00:00,SHORT,64654.06,64783.37,SL,-0.1945,19.2517,2024-10
2024-10-14 13:45:00+00:00,2024-10-14 13:50:00+00:00,LONG,65248.1,65117.6,SL,-0.1925,19.0592,2024-10
2024-10-15 01:15:00+00:00,2024-10-15 03:30:00+00:00,SHORT,65852.02,65522.76,TP,0.4765,19.5357,2024-10
2024-10-15 04:35:00+00:00,2024-10-15 05:00:00+00:00,LONG,65688.27,65556.9,SL,-0.1954,19.3403,2024-10
2024-10-15 05:10:00+00:00,2024-10-15 06:50:00+00:00,SHORT,65400.32,65531.12,SL,-0.1934,19.1469,2024-10
2024-10-15 06:50:00+00:00,2024-10-15 11:15:00+00:00,LONG,65564.22,65433.09,SL,-0.1915,18.9555,2024-10
2024-10-15 12:30:00+00:00,2024-10-15 13:40:00+00:00,LONG,65836.86,66166.05,TP,0.4739,19.4294,2024-10
2024-10-15 14:30:00+00:00,2024-10-15 14:35:00+00:00,SHORT,66573.35,66240.48,TP,0.4857,19.9151,2024-10
2024-10-15 16:15:00+00:00,2024-10-15 16:35:00+00:00,LONG,66620.75,66953.85,TP,0.4979,20.413,2024-10
2024-10-15 20:30:00+00:00,2024-10-15 22:15:00+00:00,SHORT,66553.37,66686.47,SL,-0.2041,20.2088,2024-10
2024-10-15 22:20:00+00:00,2024-10-15 23:10:00+00:00,LONG,66846.59,66712.89,SL,-0.2021,20.0068,2024-10
2024-10-16 04:20:00+00:00,2024-10-16 05:25:00+00:00,SHORT,67045.17,67179.26,SL,-0.2001,19.8067,2024-10
2024-10-16 05:35:00+00:00,2024-10-16 06:25:00+00:00,LONG,67269.54,67135.0,SL,-0.1981,19.6086,2024-10
2024-10-16 06:25:00+00:00,2024-10-16 06:35:00+00:00,SHORT,66988.99,67122.97,SL,-0.1961,19.4125,2024-10
2024-10-16 08:25:00+00:00,2024-10-16 10:10:00+00:00,LONG,67192.1,67528.06,TP,0.4853,19.8978,2024-10
2024-10-16 13:15:00+00:00,2024-10-16 13:30:00+00:00,SHORT,67736.67,67872.15,SL,-0.199,19.6989,2024-10
2024-10-16 14:15:00+00:00,2024-10-16 14:25:00+00:00,LONG,68118.47,67982.23,SL,-0.197,19.5019,2024-10
2024-10-16 20:55:00+00:00,2024-10-16 22:30:00+00:00,SHORT,67602.96,67738.16,SL,-0.195,19.3069,2024-10
2024-10-16 22:30:00+00:00,2024-10-16 23:45:00+00:00,LONG,67780.09,67644.53,SL,-0.1931,19.1138,2024-10
2024-10-16 23:45:00+00:00,2024-10-17 00:00:00+00:00,SHORT,67597.34,67732.53,SL,-0.1911,18.9227,2024-10
2024-10-17 00:30:00+00:00,2024-10-17 00:50:00+00:00,LONG,67937.15,67801.28,SL,-0.1892,18.7334,2024-10
2024-10-17 01:20:00+00:00,2024-10-17 01:45:00+00:00,SHORT,67605.37,67740.58,SL,-0.1873,18.5461,2024-10
2024-10-17 01:55:00+00:00,2024-10-17 02:10:00+00:00,LONG,67921.14,67785.3,SL,-0.1855,18.3606,2024-10
2024-10-17 02:50:00+00:00,2024-10-17 03:20:00+00:00,SHORT,67440.86,67575.74,SL,-0.1836,18.177,2024-10
2024-10-17 09:00:00+00:00,2024-10-17 09:05:00+00:00,LONG,67526.9,67391.85,SL,-0.1818,17.9953,2024-10
2024-10-17 09:45:00+00:00,2024-10-17 10:30:00+00:00,SHORT,67233.69,66897.52,TP,0.4499,18.4451,2024-10
2024-10-17 13:40:00+00:00,2024-10-17 13:55:00+00:00,LONG,67238.88,67104.41,SL,-0.1845,18.2607,2024-10
2024-10-17 14:05:00+00:00,2024-10-17 14:10:00+00:00,SHORT,66795.27,66928.86,SL,-0.1826,18.0781,2024-10
2024-10-17 15:30:00+00:00,2024-10-17 16:30:00+00:00,LONG,67433.16,67298.3,SL,-0.1808,17.8973,2024-10
2024-10-17 18:05:00+00:00,2024-10-17 20:20:00+00:00,SHORT,66897.22,67031.01,SL,-0.179,17.7183,2024-10
2024-10-17 20:25:00+00:00,2024-10-17 20:50:00+00:00,LONG,67146.21,67011.92,SL,-0.1772,17.5411,2024-10
2024-10-18 00:45:00+00:00,2024-10-18 01:00:00+00:00,SHORT,67174.94,67309.29,SL,-0.1754,17.3657,2024-10
2024-10-18 01:05:00+00:00,2024-10-18 01:45:00+00:00,LONG,67581.03,67918.94,TP,0.4341,17.7999,2024-10
2024-10-18 03:40:00+00:00,2024-10-18 05:30:00+00:00,SHORT,67723.06,67858.51,SL,-0.178,17.6219,2024-10
2024-10-18 05:30:00+00:00,2024-10-18 11:50:00+00:00,LONG,67897.15,67761.35,SL,-0.1762,17.4457,2024-10
2024-10-18 13:05:00+00:00,2024-10-18 14:00:00+00:00,LONG,67864.49,68203.82,TP,0.4361,17.8818,2024-10
2024-10-18 19:45:00+00:00,2024-10-18 22:45:00+00:00,SHORT,68578.85,68235.95,TP,0.447,18.3288,2024-10
2024-10-18 23:25:00+00:00,2024-10-19 10:25:00+00:00,LONG,68427.36,68290.51,SL,-0.1833,18.1456,2024-10
2024-10-19 14:10:00+00:00,2024-10-19 16:50:00+00:00,LONG,68226.71,68090.26,SL,-0.1815,17.9641,2024-10
2024-10-19 18:25:00+00:00,2024-10-20 14:05:00+00:00,LONG,68207.35,68548.39,TP,0.4491,18.4132,2024-10
2024-10-20 15:15:00+00:00,2024-10-20 15:30:00+00:00,SHORT,68409.95,68546.76,SL,-0.1841,18.2291,2024-10
2024-10-20 17:50:00+00:00,2024-10-20 22:00:00+00:00,LONG,68611.43,68954.49,TP,0.4557,18.6848,2024-10
2024-10-21 02:40:00+00:00,2024-10-21 05:20:00+00:00,SHORT,68948.64,69086.54,SL,-0.1868,18.4979,2024-10
2024-10-21 06:55:00+00:00,2024-10-21 08:55:00+00:00,SHORT,68671.88,68328.52,TP,0.4624,18.9604,2024-10
2024-10-21 17:05:00+00:00,2024-10-21 17:10:00+00:00,LONG,67615.03,67479.8,SL,-0.1896,18.7708,2024-10
2024-10-21 18:15:00+00:00,2024-10-21 19:00:00+00:00,SHORT,67211.1,67345.53,SL,-0.1877,18.5831,2024-10
2024-10-21 19:10:00+00:00,2024-10-21 23:45:00+00:00,LONG,67593.84,67458.65,SL,-0.1858,18.3973,2024-10
2024-10-22 00:45:00+00:00,2024-10-22 00:55:00+00:00,LONG,67332.9,67198.24,SL,-0.184,18.2133,2024-10
2024-10-22 02:50:00+00:00,2024-10-22 03:10:00+00:00,SHORT,67302.56,67437.16,SL,-0.1821,18.0311,2024-10
2024-10-22 04:25:00+00:00,2024-10-22 08:00:00+00:00,LONG,67489.67,67354.69,SL,-0.1803,17.8508,2024-10
2024-10-22 11:05:00+00:00,2024-10-22 12:20:00+00:00,LONG,67356.8,67222.09,SL,-0.1785,17.6723,2024-10
2024-10-22 12:20:00+00:00,2024-10-22 14:05:00+00:00,SHORT,67055.16,67189.27,SL,-0.1767,17.4956,2024-10
2024-10-22 14:10:00+00:00,2024-10-22 14:20:00+00:00,LONG,67467.41,67332.47,SL,-0.175,17.3206,2024-10
2024-10-22 16:25:00+00:00,2024-10-22 16:30:00+00:00,SHORT,66977.61,67111.56,SL,-0.1732,17.1474,2024-10
2024-10-22 17:20:00+00:00,2024-10-22 22:05:00+00:00,LONG,67368.77,67705.61,TP,0.4287,17.5761,2024-10
2024-10-22 23:15:00+00:00,2024-10-23 00:50:00+00:00,SHORT,67521.98,67184.37,TP,0.4394,18.0155,2024-10
2024-10-23 04:35:00+00:00,2024-10-23 05:20:00+00:00,LONG,67254.89,67120.38,SL,-0.1802,17.8354,2024-10
2024-10-23 06:50:00+00:00,2024-10-23 08:55:00+00:00,SHORT,66932.41,66597.74,TP,0.4459,18.2813,2024-10
2024-10-23 13:40:00+00:00,2024-10-23 14:05:00+00:00,LONG,66672.06,66538.71,SL,-0.1828,18.0984,2024-10
2024-10-23 15:05:00+00:00,2024-10-23 16:20:00+00:00,SHORT,66313.47,65981.91,TP,0.4525,18.5509,2024-10
2024-10-23 18:55:00+00:00,2024-10-23 19:10:00+00:00,LONG,66084.21,65952.04,SL,-0.1855,18.3654,2024-10
2024-10-23 21:40:00+00:00,2024-10-23 22:05:00+00:00,SHORT,66403.42,66536.22,SL,-0.1837,18.1817,2024-10
2024-10-23 23:05:00+00:00,2024-10-24 00:20:00+00:00,LONG,66686.65,66553.28,SL,-0.1818,17.9999,2024-10
2024-10-24 06:45:00+00:00,2024-10-24 08:55:00+00:00,SHORT,67209.11,66873.06,TP,0.45,18.4499,2024-10
2024-10-24 11:25:00+00:00,2024-10-24 12:50:00+00:00,LONG,67185.44,67521.37,TP,0.4612,18.9112,2024-10
2024-10-24 16:10:00+00:00,2024-10-24 16:20:00+00:00,SHORT,67367.04,67501.78,SL,-0.1891,18.7221,2024-10
2024-10-24 18:10:00+00:00,2024-10-24 18:35:00+00:00,LONG,67912.19,67776.37,SL,-0.1872,18.5348,2024-10
2024-10-24 22:30:00+00:00,2024-10-25 01:00:00+00:00,SHORT,68270.53,67929.18,TP,0.4634,18.9982,2024-10
2024-10-25 03:00:00+00:00,2024-10-25 03:50:00+00:00,LONG,68151.8,68015.5,SL,-0.19,18.8082,2024-10
2024-10-25 08:40:00+00:00,2024-10-25 09:30:00+00:00,LONG,67757.1,67621.59,SL,-0.1881,18.6201,2024-10
2024-10-25 13:30:00+00:00,2024-10-25 13:50:00+00:00,SHORT,67872.85,68008.6,SL,-0.1862,18.4339,2024-10
2024-10-25 13:50:00+00:00,2024-10-25 14:20:00+00:00,LONG,68207.26,68548.3,TP,0.4608,18.8948,2024-10
2024-10-25 15:40:00+00:00,2024-10-25 15:50:00+00:00,SHORT,68050.93,67710.67,TP,0.4724,19.3672,2024-10
2024-10-25 18:35:00+00:00,2024-10-25 18:40:00+00:00,LONG,67498.99,67363.99,SL,-0.1937,19.1735,2024-10
2024-10-25 22:50:00+00:00,2024-10-25 23:05:00+00:00,SHORT,66779.38,66445.48,TP,0.4793,19.6528,2024-10
2024-10-26 00:20:00+00:00,2024-10-26 01:05:00+00:00,LONG,66774.71,66641.16,SL,-0.1965,19.4563,2024-10
2024-10-26 07:15:00+00:00,2024-10-26 09:15:00+00:00,SHORT,67043.17,67177.26,SL,-0.1946,19.2617,2024-10
2024-10-26 09:15:00+00:00,2024-10-26 09:55:00+00:00,LONG,67207.56,67073.15,SL,-0.1926,19.0691,2024-10
2024-10-26 09:55:00+00:00,2024-10-26 10:20:00+00:00,SHORT,67027.93,67161.98,SL,-0.1907,18.8784,2024-10
2024-10-26 11:50:00+00:00,2024-10-26 12:15:00+00:00,LONG,67187.37,67053.0,SL,-0.1888,18.6896,2024-10
2024-10-26 13:05:00+00:00,2024-10-26 17:35:00+00:00,SHORT,66966.23,67100.17,SL,-0.1869,18.5027,2024-10
2024-10-26 21:35:00+00:00,2024-10-27 03:55:00+00:00,SHORT,67150.9,67285.2,SL,-0.185,18.3177,2024-10
2024-10-27 06:15:00+00:00,2024-10-27 08:10:00+00:00,SHORT,67114.77,67249.0,SL,-0.1832,18.1345,2024-10
2024-10-27 08:35:00+00:00,2024-10-27 12:20:00+00:00,SHORT,67147.96,67282.26,SL,-0.1813,17.9532,2024-10
2024-10-27 18:00:00+00:00,2024-10-27 19:55:00+00:00,SHORT,67693.33,67828.72,SL,-0.1795,17.7737,2024-10
2024-10-27 21:05:00+00:00,2024-10-27 21:20:00+00:00,SHORT,67724.93,67860.38,SL,-0.1777,17.5959,2024-10
2024-10-27 21:25:00+00:00,2024-10-28 01:15:00+00:00,LONG,67981.16,67845.2,SL,-0.176,17.42,2024-10
2024-10-28 03:00:00+00:00,2024-10-28 03:45:00+00:00,LONG,67936.25,67800.38,SL,-0.1742,17.2458,2024-10
2024-10-28 03:45:00+00:00,2024-10-28 05:50:00+00:00,SHORT,67712.9,67848.33,SL,-0.1725,17.0733,2024-10
2024-10-28 09:30:00+00:00,2024-10-28 09:45:00+00:00,SHORT,68212.7,68349.13,SL,-0.1707,16.9026,2024-10
2024-10-28 09:50:00+00:00,2024-10-28 12:25:00+00:00,LONG,68573.49,68916.36,TP,0.4226,17.3251,2024-10
2024-10-28 15:05:00+00:00,2024-10-28 16:10:00+00:00,SHORT,68628.52,68765.77,SL,-0.1733,17.1519,2024-10
2024-10-28 17:30:00+00:00,2024-10-28 17:55:00+00:00,LONG,69137.64,68999.37,SL,-0.1715,16.9804,2024-10
2024-10-29 07:10:00+00:00,2024-10-29 08:25:00+00:00,SHORT,70926.48,71068.33,SL,-0.1698,16.8106,2024-10
2024-10-29 08:40:00+00:00,2024-10-29 13:30:00+00:00,LONG,71248.2,71105.7,SL,-0.1681,16.6425,2024-10
2024-10-29 13:40:00+00:00,2024-10-29 14:50:00+00:00,LONG,71545.22,71902.94,TP,0.4161,17.0585,2024-10
2024-10-29 19:25:00+00:00,2024-10-29 20:00:00+00:00,SHORT,72830.77,72466.61,TP,0.4265,17.485,2024-10
2024-10-29 22:30:00+00:00,2024-10-30 00:15:00+00:00,LONG,72617.57,72472.33,SL,-0.1748,17.3101,2024-10
2024-10-30 00:15:00+00:00,2024-10-30 01:05:00+00:00,SHORT,72443.02,72080.81,TP,0.4328,17.7429,2024-10
2024-10-30 02:00:00+00:00,2024-10-30 02:20:00+00:00,LONG,72595.03,72449.84,SL,-0.1774,17.5655,2024-10
2024-10-30 06:40:00+00:00,2024-10-30 08:10:00+00:00,SHORT,72316.55,72461.18,SL,-0.1757,17.3898,2024-10
2024-10-30 08:55:00+00:00,2024-10-30 09:10:00+00:00,SHORT,72212.45,72356.88,SL,-0.1739,17.2159,2024-10
2024-10-30 09:20:00+00:00,2024-10-30 11:00:00+00:00,LONG,72513.98,72368.96,SL,-0.1722,17.0438,2024-10
2024-10-30 11:00:00+00:00,2024-10-30 12:00:00+00:00,SHORT,72283.09,71921.67,TP,0.4261,17.4698,2024-10
2024-10-30 14:00:00+00:00,2024-10-30 14:35:00+00:00,LONG,72052.81,72413.07,TP,0.4367,17.9066,2024-10
2024-10-30 15:10:00+00:00,2024-10-30 15:15:00+00:00,SHORT,71839.28,71982.96,SL,-0.1791,17.7275,2024-10
2024-10-30 18:40:00+00:00,2024-10-30 18:45:00+00:00,LONG,72170.85,72026.51,SL,-0.1773,17.5503,2024-10
2024-10-30 19:15:00+00:00,2024-10-30 19:30:00+00:00,SHORT,71797.44,71941.03,SL,-0.1755,17.3747,2024-10
2024-10-30 20:00:00+00:00,2024-10-30 20:05:00+00:00,LONG,72398.94,72254.14,SL,-0.1737,17.201,2024-10
2024-10-30 23:55:00+00:00,2024-10-31 02:55:00+00:00,SHORT,72315.8,72460.43,SL,-0.172,17.029,2024-10
2024-10-31 04:15:00+00:00,2024-10-31 07:30:00+00:00,SHORT,72253.1,72397.6,SL,-0.1703,16.8587,2024-10
2024-10-31 07:30:00+00:00,2024-10-31 08:10:00+00:00,LONG,72479.72,72334.76,SL,-0.1686,16.6901,2024-10
2024-10-31 08:20:00+00:00,2024-10-31 09:25:00+00:00,SHORT,72217.11,72361.55,SL,-0.1669,16.5232,2024-10
2024-10-31 10:40:00+00:00,2024-10-31 11:10:00+00:00,LONG,72553.01,72407.9,SL,-0.1652,16.358,2024-10
2024-10-31 11:35:00+00:00,2024-10-31 13:30:00+00:00,SHORT,72259.08,71897.79,TP,0.4089,16.7669,2024-10
2024-10-31 17:10:00+00:00,2024-10-31 17:15:00+00:00,LONG,70828.32,70686.66,SL,-0.1677,16.5993,2024-10
2024-10-31 18:30:00+00:00,2024-10-31 18:35:00+00:00,SHORT,70157.92,70298.23,SL,-0.166,16.4333,2024-10
2024-10-31 21:45:00+00:00,2024-10-31 22:10:00+00:00,LONG,70479.02,70338.06,SL,-0.1643,16.2689,2024-10
2024-10-31 23:55:00+00:00,2024-11-01 00:10:00+00:00,SHORT,70263.89,70404.42,SL,-0.1627,16.1062,2024-11
2024-11-01 05:35:00+00:00,2024-11-01 06:05:00+00:00,LONG,69663.25,69523.93,SL,-0.1611,15.9452,2024-11
2024-11-01 06:10:00+00:00,2024-11-01 09:35:00+00:00,SHORT,69372.25,69510.99,SL,-0.1595,15.7857,2024-11
2024-11-01 15:30:00+00:00,2024-11-01 15:35:00+00:00,SHORT,70599.75,70246.75,TP,0.3946,16.1804,2024-11
2024-11-01 22:05:00+00:00,2024-11-01 22:20:00+00:00,LONG,69399.76,69260.96,SL,-0.1618,16.0186,2024-11
2024-11-02 02:55:00+00:00,2024-11-02 03:05:00+00:00,SHORT,69634.1,69773.36,SL,-0.1602,15.8584,2024-11
2024-11-02 05:35:00+00:00,2024-11-02 10:00:00+00:00,LONG,69675.87,69536.52,SL,-0.1586,15.6998,2024-11
2024-11-02 11:45:00+00:00,2024-11-02 12:25:00+00:00,LONG,69695.81,69556.42,SL,-0.157,15.5428,2024-11
2024-11-02 12:25:00+00:00,2024-11-02 13:25:00+00:00,SHORT,69501.51,69640.51,SL,-0.1554,15.3874,2024-11
2024-11-02 16:20:00+00:00,2024-11-02 18:05:00+00:00,LONG,69465.98,69327.04,SL,-0.1539,15.2335,2024-11
2024-11-02 19:30:00+00:00,2024-11-02 23:00:00+00:00,LONG,69527.79,69388.73,SL,-0.1523,15.0812,2024-11
2024-11-02 23:00:00+00:00,2024-11-02 23:45:00+00:00,SHORT,69172.32,69310.66,SL,-0.1508,14.9304,2024-11
2024-11-03 04:30:00+00:00,2024-11-03 05:20:00+00:00,LONG,68653.45,68516.14,SL,-0.1493,14.7811,2024-11
2024-11-03 06:10:00+00:00,2024-11-03 06:40:00+00:00,SHORT,68391.28,68528.07,SL,-0.1478,14.6332,2024-11
2024-11-03 06:45:00+00:00,2024-11-03 06:50:00+00:00,LONG,68759.7,68622.18,SL,-0.1463,14.4869,2024-11
2024-11-03 07:30:00+00:00,2024-11-03 08:50:00+00:00,SHORT,68389.37,68526.15,SL,-0.1449,14.342,2024-11
2024-11-03 09:35:00+00:00,2024-11-03 10:10:00+00:00,SHORT,68221.97,68358.41,SL,-0.1434,14.1986,2024-11
2024-11-03 10:15:00+00:00,2024-11-03 11:50:00+00:00,LONG,68465.38,68328.44,SL,-0.142,14.0566,2024-11
2024-11-03 11:50:00+00:00,2024-11-03 12:25:00+00:00,SHORT,68300.91,68437.51,SL,-0.1406,13.9161,2024-11
2024-11-03 15:50:00+00:00,2024-11-03 18:35:00+00:00,LONG,68222.73,68086.28,SL,-0.1392,13.7769,2024-11
2024-11-03 18:35:00+00:00,2024-11-03 19:00:00+00:00,SHORT,67930.82,68066.68,SL,-0.1378,13.6391,2024-11
2024-11-03 19:05:00+00:00,2024-11-03 19:55:00+00:00,LONG,68334.42,68676.09,TP,0.341,13.9801,2024-11
2024-11-03 22:40:00+00:00,2024-11-04 00:30:00+00:00,SHORT,68855.97,68511.69,TP,0.3495,14.3296,2024-11
2024-11-04 01:15:00+00:00,2024-11-04 02:35:00+00:00,LONG,68851.53,69195.79,TP,0.3582,14.6879,2024-11
2024-11-04 05:25:00+00:00,2024-11-04 06:25:00+00:00,SHORT,68946.41,69084.3,SL,-0.1469,14.541,2024-11
2024-11-04 06:25:00+00:00,2024-11-04 06:35:00+00:00,LONG,69124.02,68985.77,SL,-0.1454,14.3956,2024-11
2024-11-04 07:30:00+00:00,2024-11-04 10:40:00+00:00,SHORT,68742.49,68879.98,SL,-0.144,14.2516,2024-11
2024-11-04 10:40:00+00:00,2024-11-04 10:45:00+00:00,LONG,68927.57,68789.71,SL,-0.1425,14.1091,2024-11
2024-11-04 13:40:00+00:00,2024-11-04 14:30:00+00:00,SHORT,68862.44,68518.13,TP,0.3527,14.4618,2024-11
2024-11-04 22:15:00+00:00,2024-11-05 01:25:00+00:00,LONG,67781.09,67645.53,SL,-0.1446,14.3172,2024-11
2024-11-05 01:25:00+00:00,2024-11-05 01:40:00+00:00,SHORT,67608.95,67744.16,SL,-0.1432,14.174,2024-11
2024-11-05 03:10:00+00:00,2024-11-05 04:40:00+00:00,LONG,68084.04,68424.46,TP,0.3544,14.5284,2024-11
2024-11-05 07:25:00+00:00,2024-11-05 07:30:00+00:00,SHORT,68556.57,68693.68,SL,-0.1453,14.3831,2024-11
2024-11-05 07:40:00+00:00,2024-11-05 08:40:00+00:00,LONG,68945.57,68807.68,SL,-0.1438,14.2393,2024-11
2024-11-05 10:00:00+00:00,2024-11-05 10:25:00+00:00,SHORT,68669.68,68807.02,SL,-0.1424,14.0969,2024-11
2024-11-05 11:35:00+00:00,2024-11-05 11:40:00+00:00,LONG,68948.51,68810.61,SL,-0.141,13.9559,2024-11
2024-11-05 19:45:00+00:00,2024-11-05 19:55:00+00:00,SHORT,69676.11,69327.73,TP,0.3489,14.3048,2024-11
2024-11-05 22:55:00+00:00,2024-11-05 23:40:00+00:00,LONG,69621.84,69482.59,SL,-0.143,14.1618,2024-11
2024-11-06 07:25:00+00:00,2024-11-06 07:40:00+00:00,SHORT,74128.33,73757.69,TP,0.354,14.5158,2024-11
2024-11-06 11:15:00+00:00,2024-11-06 12:05:00+00:00,LONG,74144.11,74514.83,TP,0.3629,14.8787,2024-11
2024-11-06 13:05:00+00:00,2024-11-06 14:25:00+00:00,SHORT,73978.13,74126.08,SL,-0.1488,14.7299,2024-11
2024-11-06 14:35:00+00:00,2024-11-06 14:40:00+00:00,LONG,74701.89,74552.49,SL,-0.1473,14.5826,2024-11
2024-11-07 00:05:00+00:00,2024-11-07 01:25:00+00:00,SHORT,75343.7,75494.39,SL,-0.1458,14.4368,2024-11
2024-11-07 01:25:00+00:00,2024-11-07 01:40:00+00:00,LONG,75566.21,75415.08,SL,-0.1444,14.2924,2024-11
2024-11-07 02:25:00+00:00,2024-11-07 03:25:00+00:00,SHORT,75188.65,75339.03,SL,-0.1429,14.1495,2024-11
2024-11-07 07:05:00+00:00,2024-11-07 08:00:00+00:00,LONG,74886.97,74737.2,SL,-0.1415,14.008,2024-11
2024-11-07 10:00:00+00:00,2024-11-07 10:10:00+00:00,SHORT,74768.07,74917.61,SL,-0.1401,13.8679,2024-11
2024-11-07 12:40:00+00:00,2024-11-07 12:45:00+00:00,LONG,75095.05,74944.86,SL,-0.1387,13.7292,2024-11
2024-11-07 13:35:00+00:00,2024-11-07 14:05:00+00:00,SHORT,74640.14,74789.42,SL,-0.1373,13.5919,2024-11
2024-11-07 15:05:00+00:00,2024-11-07 15:35:00+00:00,LONG,75126.03,75501.66,TP,0.3398,13.9317,2024-11
2024-11-07 19:15:00+00:00,2024-11-07 19:20:00+00:00,SHORT,75932.45,76084.32,SL,-0.1393,13.7924,2024-11
2024-11-07 20:15:00+00:00,2024-11-07 20:20:00+00:00,LONG,76757.96,76604.44,SL,-0.1379,13.6545,2024-11
2024-11-07 21:40:00+00:00,2024-11-07 22:15:00+00:00,SHORT,76025.29,75645.16,TP,0.3414,13.9959,2024-11
2024-11-08 00:05:00+00:00,2024-11-08 02:00:00+00:00,LONG,76084.79,75932.62,SL,-0.14,13.8559,2024-11
2024-11-08 02:05:00+00:00,2024-11-08 04:15:00+00:00,SHORT,75775.77,75927.32,SL,-0.1386,13.7174,2024-11
2024-11-08 04:15:00+00:00,2024-11-08 04:45:00+00:00,LONG,76003.84,75851.83,SL,-0.1372,13.5802,2024-11
2024-11-08 07:05:00+00:00,2024-11-08 07:25:00+00:00,SHORT,75718.45,75869.89,SL,-0.1358,13.4444,2024-11
2024-11-08 07:25:00+00:00,2024-11-08 08:10:00+00:00,LONG,76028.0,75875.94,SL,-0.1344,13.3099,2024-11
2024-11-08 08:10:00+00:00,2024-11-08 09:15:00+00:00,SHORT,75814.08,75965.71,SL,-0.1331,13.1768,2024-11
2024-11-08 10:40:00+00:00,2024-11-08 11:55:00+00:00,LONG,76125.27,75973.02,SL,-0.1318,13.0451,2024-11
2024-11-08 11:55:00+00:00,2024-11-08 12:30:00+00:00,SHORT,75904.09,76055.89,SL,-0.1305,12.9146,2024-11
2024-11-08 13:50:00+00:00,2024-11-08 14:10:00+00:00,LONG,76204.72,76052.31,SL,-0.1291,12.7855,2024-11
2024-11-08 14:40:00+00:00,2024-11-08 14:50:00+00:00,SHORT,75674.12,75825.47,SL,-0.1279,12.6576,2024-11
2024-11-08 15:20:00+00:00,2024-11-08 15:45:00+00:00,LONG,76378.54,76225.78,SL,-0.1266,12.531,2024-11
2024-11-08 20:20:00+00:00,2024-11-08 21:05:00+00:00,SHORT,76484.54,76637.51,SL,-0.1253,12.4057,2024-11
2024-11-09 00:10:00+00:00,2024-11-09 00:30:00+00:00,LONG,76624.5,76471.25,SL,-0.1241,12.2817,2024-11
2024-11-09 01:25:00+00:00,2024-11-09 05:40:00+00:00,SHORT,76301.7,76454.3,SL,-0.1228,12.1589,2024-11
2024-11-09 07:20:00+00:00,2024-11-09 07:55:00+00:00,SHORT,76357.44,76510.16,SL,-0.1216,12.0373,2024-11
2024-11-09 08:20:00+00:00,2024-11-09 10:30:00+00:00,LONG,76621.63,76468.38,SL,-0.1204,11.9169,2024-11
2024-11-09 10:30:00+00:00,2024-11-09 17:00:00+00:00,SHORT,76427.06,76044.92,TP,0.2979,12.2148,2024-11
2024-11-09 17:45:00+00:00,2024-11-09 19:00:00+00:00,LONG,76124.81,76505.43,TP,0.3054,12.5202,2024-11
2024-11-09 19:35:00+00:00,2024-11-09 20:20:00+00:00,SHORT,76151.34,76303.64,SL,-0.1252,12.395,2024-11
2024-11-09 21:25:00+00:00,2024-11-09 23:35:00+00:00,LONG,76478.58,76860.97,TP,0.3099,12.7049,2024-11
2024-11-10 00:00:00+00:00,2024-11-10 00:10:00+00:00,SHORT,76512.26,76665.29,SL,-0.127,12.5778,2024-11
2024-11-10 02:15:00+00:00,2024-11-10 02:55:00+00:00,LONG,77191.57,77037.19,SL,-0.1258,12.452,2024-11
2024-11-10 06:45:00+00:00,2024-11-10 06:50:00+00:00,SHORT,78616.64,78773.87,SL,-0.1245,12.3275,2024-11
2024-11-10 09:00:00+00:00,2024-11-10 11:00:00+00:00,LONG,79229.77,79625.92,TP,0.3082,12.6357,2024-11
2024-11-10 12:10:00+00:00,2024-11-10 12:50:00+00:00,SHORT,79393.56,79552.35,SL,-0.1264,12.5093,2024-11
2024-11-10 17:30:00+00:00,2024-11-10 17:45:00+00:00,LONG,79889.94,80289.39,TP,0.3127,12.8221,2024-11
2024-11-10 19:35:00+00:00,2024-11-10 20:05:00+00:00,SHORT,80059.96,79659.66,TP,0.3206,13.1426,2024-11
2024-11-10 21:30:00+00:00,2024-11-10 22:05:00+00:00,LONG,79623.83,80021.95,TP,0.3286,13.4712,2024-11
2024-11-11 05:25:00+00:00,2024-11-11 05:50:00+00:00,SHORT,80959.6,80554.81,TP,0.3368,13.808,2024-11
2024-11-11 09:05:00+00:00,2024-11-11 10:00:00+00:00,LONG,81392.35,81799.32,TP,0.3452,14.1532,2024-11
2024-11-11 12:20:00+00:00,2024-11-11 12:25:00+00:00,SHORT,81743.29,81906.78,SL,-0.1415,14.0116,2024-11
2024-11-11 14:30:00+00:00,2024-11-11 14:40:00+00:00,LONG,82275.78,82111.23,SL,-0.1401,13.8715,2024-11
2024-11-11 22:20:00+00:00,2024-11-11 22:45:00+00:00,SHORT,86907.75,87081.57,SL,-0.1387,13.7328,2024-11
2024-11-11 23:00:00+00:00,2024-11-11 23:05:00+00:00,LONG,88904.29,88726.48,SL,-0.1373,13.5955,2024-11
2024-11-12 00:10:00+00:00,2024-11-12 00:15:00+00:00,SHORT,87610.36,87172.31,TP,0.3399,13.9354,2024-11
2024-11-12 01:00:00+00:00,2024-11-12 01:20:00+00:00,LONG,89285.69,89107.12,SL,-0.1394,13.796,2024-11
2024-11-12 02:30:00+00:00,2024-11-12 02:45:00+00:00,SHORT,87782.89,87343.98,TP,0.3449,14.1409,2024-11
2024-11-12 04:20:00+00:00,2024-11-12 04:55:00+00:00,LONG,88621.22,88443.98,SL,-0.1414,13.9995,2024-11
2024-11-12 09:05:00+00:00,2024-11-12 09:45:00+00:00,SHORT,88510.67,88068.12,TP,0.35,14.3495,2024-11
2024-11-12 14:50:00+00:00,2024-11-12 15:15:00+00:00,LONG,87048.32,86874.22,SL,-0.1435,14.206,2024-11
2024-11-12 16:10:00+00:00,2024-11-12 16:15:00+00:00,SHORT,85721.71,85893.15,SL,-0.1421,14.0639,2024-11
2024-11-12 16:50:00+00:00,2024-11-12 16:55:00+00:00,LONG,87549.0,87373.9,SL,-0.1406,13.9233,2024-11
2024-11-12 21:10:00+00:00,2024-11-12 21:50:00+00:00,SHORT,88796.47,88352.48,TP,0.3481,14.2714,2024-11
2024-11-13 07:15:00+00:00,2024-11-13 07:20:00+00:00,LONG,87168.87,86994.54,SL,-0.1427,14.1287,2024-11
2024-11-13 19:05:00+00:00,2024-11-13 19:10:00+00:00,SHORT,91543.35,91085.63,TP,0.3532,14.4819,2024-11
2024-11-13 23:25:00+00:00,2024-11-14 00:25:00+00:00,LONG,90242.48,90062.0,SL,-0.1448,14.3371,2024-11
2024-11-14 04:30:00+00:00,2024-11-14 04:40:00+00:00,SHORT,89512.18,89691.21,SL,-0.1434,14.1937,2024-11
2024-11-14 04:50:00+00:00,2024-11-14 05:00:00+00:00,LONG,90215.18,90034.75,SL,-0.1419,14.0518,2024-11
2024-11-14 06:50:00+00:00,2024-11-14 07:35:00+00:00,SHORT,89592.16,89771.34,SL,-0.1405,13.9112,2024-11
2024-11-14 07:40:00+00:00,2024-11-14 07:50:00+00:00,LONG,90136.03,90586.71,TP,0.3478,14.259,2024-11
2024-11-14 13:50:00+00:00,2024-11-14 14:10:00+00:00,SHORT,90639.6,90820.88,SL,-0.1426,14.1164,2024-11
2024-11-14 14:30:00+00:00,2024-11-14 14:35:00+00:00,LONG,91736.67,91553.2,SL,-0.1412,13.9753,2024-11
2024-11-14 14:35:00+00:00,2024-11-14 14:40:00+00:00,SHORT,90371.84,89919.98,TP,0.3494,14.3246,2024-11
2024-11-14 18:05:00+00:00,2024-11-14 18:15:00+00:00,LONG,89675.12,89495.77,SL,-0.1432,14.1814,2024-11
2024-11-14 20:05:00+00:00,2024-11-14 20:35:00+00:00,SHORT,88452.61,88010.35,TP,0.3545,14.5359,2024-11
2024-11-15 00:15:00+00:00,2024-11-15 00:20:00+00:00,LONG,88307.3,88130.68,SL,-0.1454,14.3906,2024-11
2024-11-15 04:20:00+00:00,2024-11-15 04:25:00+00:00,SHORT,87536.14,87711.21,SL,-0.1439,14.2467,2024-11
2024-11-15 06:15:00+00:00,2024-11-15 06:30:00+00:00,LONG,88035.08,87859.01,SL,-0.1425,14.1042,2024-11
2024-11-15 07:50:00+00:00,2024-11-15 08:35:00+00:00,SHORT,87724.46,87899.91,SL,-0.141,13.9632,2024-11
2024-11-15 08:40:00+00:00,2024-11-15 09:10:00+00:00,LONG,88122.51,88563.13,TP,0.3491,14.3122,2024-11
2024-11-15 14:25:00+00:00,2024-11-15 14:35:00+00:00,SHORT,89288.94,88842.5,TP,0.3578,14.67,2024-11
2024-11-15 16:25:00+00:00,2024-11-15 16:35:00+00:00,LONG,89668.84,89489.51,SL,-0.1467,14.5233,2024-11
2024-11-15 23:45:00+00:00,2024-11-16 00:00:00+00:00,SHORT,90855.64,91037.35,SL,-0.1452,14.3781,2024-11
2024-11-16 02:10:00+00:00,2024-11-16 03:30:00+00:00,LONG,91424.56,91241.71,SL,-0.1438,14.2343,2024-11
2024-11-16 04:10:00+00:00,2024-11-16 04:35:00+00:00,SHORT,91067.55,91249.68,SL,-0.1423,14.092,2024-11
2024-11-16 05:15:00+00:00,2024-11-16 05:40:00+00:00,LONG,91582.77,91399.6,SL,-0.1409,13.9511,2024-11
2024-11-16 07:40:00+00:00,2024-11-16 08:30:00+00:00,SHORT,91067.57,91249.7,SL,-0.1395,13.8116,2024-11
2024-11-16 08:55:00+00:00,2024-11-16 09:25:00+00:00,LONG,91462.55,91279.63,SL,-0.1381,13.6734,2024-11
2024-11-16 11:00:00+00:00,2024-11-16 12:10:00+00:00,SHORT,91239.5,90783.3,TP,0.3418,14.0153,2024-11
2024-11-16 17:50:00+00:00,2024-11-16 20:20:00+00:00,LONG,90999.28,90817.28,SL,-0.1402,13.8751,2024-11
2024-11-17 00:35:00+00:00,2024-11-17 01:25:00+00:00,LONG,90865.86,90684.13,SL,-0.1388,13.7364,2024-11
2024-11-17 01:30:00+00:00,2024-11-17 02:00:00+00:00,SHORT,90433.28,89981.12,TP,0.3434,14.0798,2024-11
2024-11-17 04:15:00+00:00,2024-11-17 04:30:00+00:00,LONG,90476.18,90295.22,SL,-0.1408,13.939,2024-11
2024-11-17 11:00:00+00:00,2024-11-17 12:45:00+00:00,SHORT,90828.9,91010.56,SL,-0.1394,13.7996,2024-11
2024-11-17 12:45:00+00:00,2024-11-17 13:05:00+00:00,LONG,91195.99,91013.6,SL,-0.138,13.6616,2024-11
2024-11-17 13:20:00+00:00,2024-11-17 14:25:00+00:00,SHORT,90660.95,90207.65,TP,0.3415,14.0031,2024-11
2024-11-17 17:30:00+00:00,2024-11-17 18:05:00+00:00,LONG,90636.99,90455.72,SL,-0.14,13.8631,2024-11
2024-11-17 18:20:00+00:00,2024-11-17 20:25:00+00:00,SHORT,90143.93,89693.21,TP,0.3466,14.2097,2024-11
2024-11-17 22:20:00+00:00,2024-11-17 22:30:00+00:00,LONG,89663.49,89484.16,SL,-0.1421,14.0676,2024-11
2024-11-18 11:05:00+00:00,2024-11-18 11:35:00+00:00,SHORT,91406.13,90949.1,TP,0.3517,14.4193,2024-11
2024-11-18 14:15:00+00:00,2024-11-18 14:50:00+00:00,LONG,90336.12,90155.45,SL,-0.1442,14.2751,2024-11
2024-11-18 17:45:00+00:00,2024-11-18 17:50:00+00:00,SHORT,90917.44,91099.27,SL,-0.1428,14.1323,2024-11
2024-11-18 20:00:00+00:00,2024-11-18 20:20:00+00:00,LONG,90756.29,91210.07,TP,0.3533,14.4856,2024-11
2024-11-18 23:05:00+00:00,2024-11-18 23:25:00+00:00,SHORT,90811.66,90357.6,TP,0.3621,14.8478,2024-11
2024-11-19 00:50:00+00:00,2024-11-19 00:55:00+00:00,LONG,91226.98,91044.52,SL,-0.1485,14.6993,2024-11
2024-11-19 07:15:00+00:00,2024-11-19 07:20:00+00:00,SHORT,91575.35,91758.5,SL,-0.147,14.5523,2024-11
2024-11-19 09:00:00+00:00,2024-11-19 09:15:00+00:00,LONG,91986.78,91802.81,SL,-0.1455,14.4068,2024-11
2024-11-19 09:20:00+00:00,2024-11-19 09:55:00+00:00,SHORT,91453.87,91636.78,SL,-0.1441,14.2627,2024-11
2024-11-19 10:50:00+00:00,2024-11-19 11:15:00+00:00,LONG,91842.75,91659.07,SL,-0.1426,14.1201,2024-11
2024-11-19 13:30:00+00:00,2024-11-19 13:50:00+00:00,SHORT,91747.27,91288.53,TP,0.353,14.4731,2024-11
2024-11-19 15:45:00+00:00,2024-11-19 15:50:00+00:00,LONG,92435.95,92251.08,SL,-0.1447,14.3284,2024-11
2024-11-19 20:45:00+00:00,2024-11-19 21:10:00+00:00,SHORT,92661.94,92198.63,TP,0.3582,14.6866,2024-11
2024-11-20 00:05:00+00:00,2024-11-20 00:10:00+00:00,LONG,92416.62,92231.79,SL,-0.1469,14.5397,2024-11
2024-11-20 02:05:00+00:00,2024-11-20 02:20:00+00:00,SHORT,91683.31,91866.68,SL,-0.1454,14.3943,2024-11
2024-11-20 04:15:00+00:00,2024-11-20 07:15:00+00:00,LONG,92155.48,92616.25,TP,0.3599,14.7542,2024-11
2024-11-20 09:50:00+00:00,2024-11-20 10:05:00+00:00,SHORT,92938.84,93124.72,SL,-0.1475,14.6066,2024-11
2024-11-20 10:40:00+00:00,2024-11-20 10:55:00+00:00,LONG,93537.39,93350.32,SL,-0.1461,14.4606,2024-11
2024-11-20 11:10:00+00:00,2024-11-20 11:15:00+00:00,SHORT,92775.06,92960.61,SL,-0.1446,14.316,2024-11
2024-11-20 11:50:00+00:00,2024-11-20 13:15:00+00:00,LONG,93571.53,94039.39,TP,0.3579,14.6739,2024-11
2024-11-20 16:20:00+00:00,2024-11-20 16:50:00+00:00,SHORT,93734.49,93921.96,SL,-0.1467,14.5271,2024-11
2024-11-20 20:30:00+00:00,2024-11-20 21:05:00+00:00,LONG,94341.71,94153.03,SL,-0.1453,14.3818,2024-11
2024-11-20 23:15:00+00:00,2024-11-20 23:35:00+00:00,SHORT,93859.36,94047.08,SL,-0.1438,14.238,2024-11
2024-11-21 00:10:00+00:00,2024-11-21 02:25:00+00:00,LONG,94429.76,94240.9,SL,-0.1424,14.0956,2024-11
2024-11-21 02:25:00+00:00,2024-11-21 02:45:00+00:00,SHORT,94154.31,94342.62,SL,-0.141,13.9547,2024-11
2024-11-21 03:05:00+00:00,2024-11-21 03:25:00+00:00,LONG,94890.04,95364.49,TP,0.3489,14.3036,2024-11
2024-11-21 08:35:00+00:00,2024-11-21 08:45:00+00:00,SHORT,96719.29,96912.73,SL,-0.143,14.1605,2024-11
2024-11-21 09:05:00+00:00,2024-11-21 11:00:00+00:00,LONG,97457.96,97945.25,TP,0.354,14.5145,2024-11
2024-11-21 12:55:00+00:00,2024-11-21 13:00:00+00:00,SHORT,97279.0,97473.56,SL,-0.1451,14.3694,2024-11
2024-11-21 17:15:00+00:00,2024-11-21 17:55:00+00:00,LONG,97529.72,98017.36,TP,0.3592,14.7286,2024-11
2024-11-21 21:45:00+00:00,2024-11-21 21:50:00+00:00,SHORT,97600.95,97796.16,SL,-0.1473,14.5813,2024-11
2024-11-21 23:00:00+00:00,2024-11-21 23:25:00+00:00,LONG,98623.6,98426.36,SL,-0.1458,14.4355,2024-11
2024-11-22 00:45:00+00:00,2024-11-22 01:10:00+00:00,SHORT,97892.81,98088.59,SL,-0.1444,14.2912,2024-11
2024-11-22 02:35:00+00:00,2024-11-22 03:15:00+00:00,LONG,98594.41,99087.38,TP,0.3573,14.6484,2024-11
2024-11-22 08:40:00+00:00,2024-11-22 13:15:00+00:00,SHORT,98745.98,98252.25,TP,0.3662,15.0147,2024-11
2024-11-22 15:35:00+00:00,2024-11-22 16:00:00+00:00,LONG,98561.42,98364.3,SL,-0.1501,14.8645,2024-11
2024-11-22 22:35:00+00:00,2024-11-22 23:45:00+00:00,SHORT,98620.54,98817.78,SL,-0.1486,14.7159,2024-11
2024-11-23 03:15:00+00:00,2024-11-23 04:15:00+00:00,LONG,98748.94,98551.45,SL,-0.1472,14.5687,2024-11
2024-11-23 04:40:00+00:00,2024-11-23 05:00:00+00:00,SHORT,98380.39,98577.15,SL,-0.1457,14.423,2024-11
2024-11-23 05:45:00+00:00,2024-11-23 07:30:00+00:00,LONG,98785.99,98588.42,SL,-0.1442,14.2788,2024-11
2024-11-23 07:30:00+00:00,2024-11-23 13:00:00+00:00,SHORT,98426.32,98623.18,SL,-0.1428,14.136,2024-11
2024-11-23 13:55:00+00:00,2024-11-23 14:20:00+00:00,SHORT,98492.67,98689.65,SL,-0.1414,13.9946,2024-11
2024-11-23 14:40:00+00:00,2024-11-23 15:35:00+00:00,LONG,98771.5,98573.96,SL,-0.1399,13.8547,2024-11
2024-11-23 15:45:00+00:00,2024-11-23 16:25:00+00:00,SHORT,98375.63,97883.76,TP,0.3464,14.2011,2024-11
2024-11-23 20:40:00+00:00,2024-11-23 23:20:00+00:00,LONG,97730.62,97535.16,SL,-0.142,14.0591,2024-11
2024-11-24 00:10:00+00:00,2024-11-24 02:05:00+00:00,LONG,97856.87,98346.15,TP,0.3515,14.4105,2024-11
2024-11-24 03:35:00+00:00,2024-11-24 06:45:00+00:00,SHORT,98142.53,98338.81,SL,-0.1441,14.2664,2024-11
2024-11-24 07:30:00+00:00,2024-11-24 07:35:00+00:00,SHORT,98156.18,98352.49,SL,-0.1427,14.1238,2024-11
2024-11-24 07:55:00+00:00,2024-11-24 08:25:00+00:00,LONG,98470.42,98273.48,SL,-0.1412,13.9825,2024-11
2024-11-24 08:35:00+00:00,2024-11-24 10:40:00+00:00,SHORT,98098.06,97607.56,TP,0.3496,14.3321,2024-11
2024-11-24 13:25:00+00:00,2024-11-24 13:35:00+00:00,LONG,97547.81,97352.72,SL,-0.1433,14.1888,2024-11
2024-11-24 14:10:00+00:00,2024-11-24 14:35:00+00:00,SHORT,96668.75,96862.08,SL,-0.1419,14.0469,2024-11
2024-11-24 18:35:00+00:00,2024-11-24 21:40:00+00:00,LONG,96376.06,96857.94,TP,0.3512,14.3981,2024-11
2024-11-25 01:15:00+00:00,2024-11-25 02:05:00+00:00,SHORT,97246.56,97441.05,SL,-0.144,14.2541,2024-11
2024-11-25 03:55:00+00:00,2024-11-25 04:20:00+00:00,LONG,97937.96,97742.08,SL,-0.1425,14.1115,2024-11
2024-11-25 07:40:00+00:00,2024-11-25 07:50:00+00:00,SHORT,97804.47,98000.08,SL,-0.1411,13.9704,2024-11
2024-11-25 08:10:00+00:00,2024-11-25 09:15:00+00:00,LONG,98247.28,98738.52,TP,0.3493,14.3197,2024-11
2024-11-25 11:40:00+00:00,2024-11-25 13:05:00+00:00,SHORT,98068.76,97578.41,TP,0.358,14.6777,2024-11
2024-11-25 22:55:00+00:00,2024-11-25 23:00:00+00:00,LONG,94442.25,94253.37,SL,-0.1468,14.5309,2024-11
2024-11-25 23:45:00+00:00,2024-11-25 23:50:00+00:00,SHORT,92845.93,93031.62,SL,-0.1453,14.3856,2024-11
2024-11-26 00:25:00+00:00,2024-11-26 00:50:00+00:00,LONG,94281.72,94093.15,SL,-0.1439,14.2417,2024-11
2024-11-26 04:05:00+00:00,2024-11-26 04:15:00+00:00,SHORT,94038.37,94226.45,SL,-0.1424,14.0993,2024-11
2024-11-26 06:15:00+00:00,2024-11-26 06:50:00+00:00,LONG,94827.39,94637.73,SL,-0.141,13.9583,2024-11
2024-11-26 06:50:00+00:00,2024-11-26 07:10:00+00:00,SHORT,94473.01,94000.64,TP,0.349,14.3073,2024-11
2024-11-26 09:10:00+00:00,2024-11-26 09:30:00+00:00,LONG,93605.43,93418.22,SL,-0.1431,14.1642,2024-11
2024-11-26 10:35:00+00:00,2024-11-26 11:15:00+00:00,SHORT,92692.85,92229.38,TP,0.3541,14.5183,2024-11
2024-11-26 13:15:00+00:00,2024-11-26 13:20:00+00:00,LONG,92805.13,92619.52,SL,-0.1452,14.3731,2024-11
2024-11-26 18:00:00+00:00,2024-11-26 18:15:00+00:00,SHORT,93230.68,92764.53,TP,0.3593,14.7325,2024-11
2024-11-26 22:05:00+00:00,2024-11-26 22:15:00+00:00,LONG,92236.89,92052.42,SL,-0.1473,14.5851,2024-11
2024-11-27 05:00:00+00:00,2024-11-27 05:20:00+00:00,SHORT,92423.01,92607.85,SL,-0.1459,14.4393,2024-11
2024-11-27 06:10:00+00:00,2024-11-27 07:45:00+00:00,LONG,93161.3,93627.11,TP,0.361,14.8003,2024-11
2024-11-27 09:05:00+00:00,2024-11-27 09:45:00+00:00,SHORT,93182.71,93369.08,SL,-0.148,14.6523,2024-11
2024-11-27 10:30:00+00:00,2024-11-27 11:20:00+00:00,LONG,93726.82,93539.36,SL,-0.1465,14.5057,2024-11
2024-11-27 11:35:00+00:00,2024-11-27 12:25:00+00:00,SHORT,93370.67,92903.81,TP,0.3626,14.8684,2024-11
2024-11-27 12:55:00+00:00,2024-11-27 13:55:00+00:00,LONG,93537.39,94005.08,TP,0.3717,15.2401,2024-11
2024-11-27 20:45:00+00:00,2024-11-27 23:10:00+00:00,SHORT,96508.01,96025.47,TP,0.381,15.6211,2024-11
2024-11-28 00:50:00+00:00,2024-11-28 01:05:00+00:00,LONG,96406.15,96213.33,SL,-0.1562,15.4649,2024-11
2024-11-28 02:50:00+00:00,2024-11-28 03:20:00+00:00,SHORT,95797.7,95318.71,TP,0.3866,15.8515,2024-11
2024-11-28 04:20:00+00:00,2024-11-28 05:35:00+00:00,LONG,95719.93,95528.49,SL,-0.1585,15.693,2024-11
2024-11-28 05:45:00+00:00,2024-11-28 06:35:00+00:00,SHORT,95371.16,95561.9,SL,-0.1569,15.5361,2024-11
2024-11-28 06:35:00+00:00,2024-11-28 07:40:00+00:00,LONG,95614.24,95423.01,SL,-0.1554,15.3807,2024-11
2024-11-28 07:50:00+00:00,2024-11-28 08:25:00+00:00,SHORT,95227.85,95418.31,SL,-0.1538,15.2269,2024-11
2024-11-28 11:45:00+00:00,2024-11-28 11:55:00+00:00,LONG,95770.31,95578.77,SL,-0.1523,15.0746,2024-11
2024-11-28 15:05:00+00:00,2024-11-28 15:25:00+00:00,SHORT,95201.92,95392.33,SL,-0.1507,14.9239,2024-11
2024-11-28 18:40:00+00:00,2024-11-28 19:10:00+00:00,LONG,95338.11,95147.43,SL,-0.1492,14.7746,2024-11
2024-11-28 19:30:00+00:00,2024-11-28 19:45:00+00:00,SHORT,94990.35,95180.33,SL,-0.1477,14.6269,2024-11
2024-11-28 21:00:00+00:00,2024-11-28 21:30:00+00:00,LONG,95102.04,94911.83,SL,-0.1463,14.4806,2024-11
2024-11-29 00:50:00+00:00,2024-11-29 01:05:00+00:00,SHORT,95373.83,95564.57,SL,-0.1448,14.3358,2024-11
2024-11-29 01:55:00+00:00,2024-11-29 02:10:00+00:00,LONG,95958.37,96438.16,TP,0.3584,14.6942,2024-11
2024-11-29 04:35:00+00:00,2024-11-29 05:20:00+00:00,SHORT,96247.13,96439.62,SL,-0.1469,14.5473,2024-11
2024-11-29 09:15:00+00:00,2024-11-29 10:10:00+00:00,LONG,96143.97,96624.69,TP,0.3637,14.9109,2024-11
2024-11-29 12:40:00+00:00,2024-11-29 13:50:00+00:00,SHORT,96933.21,97127.08,SL,-0.1491,14.7618,2024-11
2024-11-29 13:55:00+00:00,2024-11-29 14:05:00+00:00,LONG,97262.25,97067.72,SL,-0.1476,14.6142,2024-11
2024-11-29 17:05:00+00:00,2024-11-29 20:35:00+00:00,SHORT,97297.09,97491.68,SL,-0.1461,14.4681,2024-11
2024-11-29 21:15:00+00:00,2024-11-29 21:55:00+00:00,SHORT,97171.12,97365.46,SL,-0.1447,14.3234,2024-11
2024-11-29 22:45:00+00:00,2024-11-29 22:50:00+00:00,LONG,97507.44,97312.42,SL,-0.1432,14.1802,2024-11
2024-11-29 23:00:00+00:00,2024-11-29 23:15:00+00:00,SHORT,97124.36,97318.61,SL,-0.1418,14.0384,2024-11
2024-11-30 05:15:00+00:00,2024-11-30 06:50:00+00:00,LONG,96882.74,96688.97,SL,-0.1404,13.898,2024-11
2024-11-30 06:50:00+00:00,2024-11-30 07:15:00+00:00,SHORT,96578.59,96771.75,SL,-0.139,13.759,2024-11
2024-11-30 08:15:00+00:00,2024-11-30 09:00:00+00:00,LONG,97006.0,96811.98,SL,-0.1376,13.6214,2024-11
2024-11-30 09:15:00+00:00,2024-11-30 10:55:00+00:00,SHORT,96711.29,96227.73,TP,0.3405,13.9619,2024-11
2024-11-30 12:15:00+00:00,2024-11-30 19:35:00+00:00,LONG,96511.98,96994.54,TP,0.349,14.311,2024-11
2024-11-30 20:40:00+00:00,2024-11-30 23:25:00+00:00,SHORT,96816.74,96332.65,TP,0.3578,14.6688,2024-11
2024-12-01 00:25:00+00:00,2024-12-01 00:40:00+00:00,LONG,96640.05,96446.77,SL,-0.1467,14.5221,2024-12
2024-12-01 00:40:00+00:00,2024-12-01 00:50:00+00:00,SHORT,96233.76,96426.23,SL,-0.1452,14.3769,2024-12
2024-12-01 03:45:00+00:00,2024-12-01 04:15:00+00:00,LONG,96424.16,96231.32,SL,-0.1438,14.2331,2024-12
2024-12-01 10:30:00+00:00,2024-12-01 11:00:00+00:00,SHORT,96623.29,96816.53,SL,-0.1423,14.0908,2024-12
2024-12-01 11:10:00+00:00,2024-12-01 12:55:00+00:00,LONG,97012.16,96818.14,SL,-0.1409,13.9498,2024-12
2024-12-01 13:05:00+00:00,2024-12-01 18:10:00+00:00,LONG,97017.06,97502.15,TP,0.3487,14.2986,2024-12
2024-12-01 18:50:00+00:00,2024-12-01 21:10:00+00:00,SHORT,97057.22,97251.34,SL,-0.143,14.1556,2024-12
2024-12-01 21:10:00+00:00,2024-12-02 00:05:00+00:00,LONG,97301.91,97107.3,SL,-0.1416,14.0141,2024-12
2024-12-02 01:20:00+00:00,2024-12-02 01:40:00+00:00,LONG,97935.15,97739.28,SL,-0.1401,13.8739,2024-12
2024-12-02 03:05:00+00:00,2024-12-02 03:10:00+00:00,SHORT,97370.71,97565.45,SL,-0.1387,13.7352,2024-12
2024-12-02 12:25:00+00:00,2024-12-02 12:40:00+00:00,LONG,95424.3,95233.46,SL,-0.1374,13.5978,2024-12
2024-12-02 16:35:00+00:00,2024-12-02 17:00:00+00:00,SHORT,96223.78,96416.22,SL,-0.136,13.4618,2024-12
2024-12-02 20:00:00+00:00,2024-12-02 20:35:00+00:00,LONG,96055.37,95863.26,SL,-0.1346,13.3272,2024-12
2024-12-02 20:45:00+00:00,2024-12-02 23:50:00+00:00,SHORT,95578.67,95769.83,SL,-0.1333,13.194,2024-12
2024-12-02 23:50:00+00:00,2024-12-03 01:20:00+00:00,LONG,95851.47,95659.76,SL,-0.1319,13.062,2024-12
2024-12-03 01:55:00+00:00,2024-12-03 02:15:00+00:00,SHORT,95485.87,95676.84,SL,-0.1306,12.9314,2024-12
2024-12-03 02:35:00+00:00,2024-12-03 03:20:00+00:00,LONG,96138.44,95946.16,SL,-0.1293,12.8021,2024-12
2024-12-03 06:50:00+00:00,2024-12-03 07:35:00+00:00,SHORT,95886.36,95406.93,TP,0.3201,13.1221,2024-12
2024-12-03 14:45:00+00:00,2024-12-03 15:00:00+00:00,LONG,95047.05,95522.29,TP,0.3281,13.4502,2024-12
2024-12-03 17:20:00+00:00,2024-12-03 17:25:00+00:00,SHORT,94904.06,95093.87,SL,-0.1345,13.3157,2024-12
2024-12-03 20:05:00+00:00,2024-12-03 20:20:00+00:00,LONG,95592.23,95401.05,SL,-0.1332,13.1825,2024-12
2024-12-04 00:35:00+00:00,2024-12-04 01:30:00+00:00,SHORT,95574.74,95765.89,SL,-0.1318,13.0507,2024-12
2024-12-04 01:30:00+00:00,2024-12-04 02:00:00+00:00,LONG,96390.54,96197.76,SL,-0.1305,12.9202,2024-12
2024-12-04 02:05:00+00:00,2024-12-04 04:55:00+00:00,SHORT,95716.37,95907.8,SL,-0.1292,12.791,2024-12
2024-12-04 04:55:00+00:00,2024-12-04 06:25:00+00:00,LONG,96063.21,96543.53,TP,0.3198,13.1108,2024-12
2024-12-04 10:45:00+00:00,2024-12-04 12:15:00+00:00,SHORT,96478.57,95996.18,TP,0.3278,13.4385,2024-12
2024-12-04 14:30:00+00:00,2024-12-04 14:55:00+00:00,LONG,96282.65,96090.08,SL,-0.1344,13.3041,2024-12
2024-12-04 16:00:00+00:00,2024-12-04 16:20:00+00:00,SHORT,95525.73,95048.11,TP,0.3326,13.6368,2024-12
2024-12-04 18:10:00+00:00,2024-12-04 18:15:00+00:00,LONG,95962.74,95770.81,SL,-0.1364,13.5004,2024-12
2024-12-04 21:40:00+00:00,2024-12-04 22:05:00+00:00,SHORT,97782.88,97978.45,SL,-0.135,13.3654,2024-12
2024-12-04 23:05:00+00:00,2024-12-05 00:05:00+00:00,LONG,98695.44,98498.05,SL,-0.1337,13.2317,2024-12
2024-12-05 00:05:00+00:00,2024-12-05 00:10:00+00:00,SHORT,98349.74,98546.44,SL,-0.1323,13.0994,2024-12
2024-12-05 02:25:00+00:00,2024-12-05 02:35:00+00:00,LONG,99249.0,99745.25,TP,0.3275,13.4269,2024-12
2024-12-05 05:40:00+00:00,2024-12-05 05:45:00+00:00,SHORT,102059.16,102263.28,SL,-0.1343,13.2926,2024-12
2024-12-05 07:30:00+00:00,2024-12-05 09:10:00+00:00,LONG,102364.92,102876.74,TP,0.3323,13.6249,2024-12
2024-12-05 10:45:00+00:00,2024-12-05 11:40:00+00:00,SHORT,102308.81,102513.43,SL,-0.1362,13.4887,2024-12
2024-12-05 12:05:00+00:00,2024-12-05 12:50:00+00:00,LONG,102887.29,102681.51,SL,-0.1349,13.3538,2024-12
2024-12-05 14:20:00+00:00,2024-12-05 14:25:00+00:00,SHORT,102369.68,102574.42,SL,-0.1335,13.2203,2024-12
2024-12-05 14:30:00+00:00,2024-12-05 14:35:00+00:00,LONG,103240.27,103033.79,SL,-0.1322,13.0881,2024-12
2024-12-05 15:20:00+00:00,2024-12-05 15:35:00+00:00,SHORT,102151.49,101640.74,TP,0.3272,13.4153,2024-12
2024-12-06 01:30:00+00:00,2024-12-06 01:45:00+00:00,LONG,98057.73,98548.02,TP,0.3354,13.7506,2024-12
2024-12-06 03:00:00+00:00,2024-12-06 03:40:00+00:00,SHORT,97400.21,97595.01,SL,-0.1375,13.6131,2024-12
2024-12-06 05:10:00+00:00,2024-12-06 05:35:00+00:00,LONG,98107.81,97911.59,SL,-0.1361,13.477,2024-12
2024-12-06 09:05:00+00:00,2024-12-06 09:30:00+00:00,SHORT,98050.84,98246.95,SL,-0.1348,13.3422,2024-12
2024-12-06 12:00:00+00:00,2024-12-06 12:20:00+00:00,LONG,98346.08,98149.39,SL,-0.1334,13.2088,2024-12
2024-12-06 12:45:00+00:00,2024-12-06 13:25:00+00:00,SHORT,97812.85,98008.47,SL,-0.1321,13.0767,2024-12
2024-12-06 13:30:00+00:00,2024-12-06 14:25:00+00:00,LONG,98538.7,99031.39,TP,0.3269,13.4036,2024-12
2024-12-06 21:05:00+00:00,2024-12-06 21:45:00+00:00,SHORT,101108.7,100603.16,TP,0.3351,13.7387,2024-12
2024-12-07 09:15:00+00:00,2024-12-07 10:15:00+00:00,LONG,99707.86,99508.44,SL,-0.1374,13.6014,2024-12
2024-12-07 13:05:00+00:00,2024-12-07 14:40:00+00:00,SHORT,99322.52,99521.16,SL,-0.136,13.4653,2024-12
2024-12-07 14:40:00+00:00,2024-12-07 15:20:00+00:00,LONG,99619.27,99420.03,SL,-0.1347,13.3307,2024-12
2024-12-07 21:25:00+00:00,2024-12-08 02:25:00+00:00,SHORT,99969.55,100169.49,SL,-0.1333,13.1974,2024-12
2024-12-08 02:25:00+00:00,2024-12-08 03:15:00+00:00,LONG,100221.94,100021.5,SL,-0.132,13.0654,2024-12
2024-12-08 04:20:00+00:00,2024-12-08 08:35:00+00:00,SHORT,99806.48,99307.45,TP,0.3266,13.392,2024-12
2024-12-08 10:10:00+00:00,2024-12-08 10:20:00+00:00,LONG,99447.34,99248.45,SL,-0.1339,13.2581,2024-12
2024-12-08 14:50:00+00:00,2024-12-08 16:15:00+00:00,SHORT,99772.09,99971.63,SL,-0.1326,13.1255,2024-12
2024-12-08 16:15:00+00:00,2024-12-08 16:20:00+00:00,LONG,100115.37,99915.14,SL,-0.1313,12.9943,2024-12
2024-12-08 19:10:00+00:00,2024-12-08 19:30:00+00:00,SHORT,99493.01,99691.99,SL,-0.1299,12.8643,2024-12
2024-12-08 19:35:00+00:00,2024-12-08 23:10:00+00:00,LONG,99862.95,100362.26,TP,0.3216,13.1859,2024-12
2024-12-09 00:15:00+00:00,2024-12-09 00:30:00+00:00,SHORT,100436.27,99934.09,TP,0.3296,13.5156,2024-12
2024-12-09 04:00:00+00:00,2024-12-09 04:20:00+00:00,LONG,99319.16,99120.52,SL,-0.1352,13.3804,2024-12
2024-12-09 06:15:00+00:00,2024-12-09 07:10:00+00:00,SHORT,99164.32,98668.5,TP,0.3345,13.715,2024-12
2024-12-09 07:40:00+00:00,2024-12-09 08:30:00+00:00,LONG,99479.78,99280.82,SL,-0.1371,13.5778,2024-12
2024-12-09 08:50:00+00:00,2024-12-09 10:20:00+00:00,SHORT,98896.43,98401.94,TP,0.3394,13.9172,2024-12
2024-12-09 13:15:00+00:00,2024-12-09 14:35:00+00:00,LONG,98836.84,99331.02,TP,0.3479,14.2652,2024-12
2024-12-09 15:15:00+00:00,2024-12-09 15:35:00+00:00,SHORT,98577.81,98084.92,TP,0.3566,14.6218,2024-12
2024-12-09 21:35:00+00:00,2024-12-09 21:40:00+00:00,LONG,97493.02,97298.04,SL,-0.1462,14.4756,2024-12
2024-12-10 02:50:00+00:00,2024-12-10 02:55:00+00:00,SHORT,97185.48,96699.55,TP,0.3619,14.8375,2024-12
2024-12-10 06:25:00+00:00,2024-12-10 07:20:00+00:00,LONG,97279.31,97084.75,SL,-0.1484,14.6891,2024-12
2024-12-10 12:25:00+00:00,2024-12-10 13:05:00+00:00,SHORT,97217.0,97411.43,SL,-0.1469,14.5422,2024-12
2024-12-10 13:45:00+00:00,2024-12-10 14:35:00+00:00,LONG,97886.29,97690.52,SL,-0.1454,14.3968,2024-12
2024-12-10 14:35:00+00:00,2024-12-10 14:40:00+00:00,SHORT,97269.08,97463.61,SL,-0.144,14.2528,2024-12
2024-12-10 16:55:00+00:00,2024-12-10 17:00:00+00:00,LONG,96358.3,96165.58,SL,-0.1425,14.1103,2024-12
2024-12-11 00:25:00+00:00,2024-12-11 01:15:00+00:00,SHORT,96258.49,96451.01,SL,-0.1411,13.9692,2024-12
2024-12-11 02:30:00+00:00,2024-12-11 03:05:00+00:00,LONG,96862.7,97347.01,TP,0.3492,14.3184,2024-12
2024-12-11 07:40:00+00:00,2024-12-11 08:00:00+00:00,SHORT,97390.83,97585.61,SL,-0.1432,14.1752,2024-12
2024-12-11 08:05:00+00:00,2024-12-11 08:40:00+00:00,LONG,97793.63,98282.6,TP,0.3544,14.5296,2024-12
2024-12-11 17:55:00+00:00,2024-12-11 18:05:00+00:00,SHORT,99741.99,99941.47,SL,-0.1453,14.3843,2024-12
2024-12-11 18:35:00+00:00,2024-12-11 18:50:00+00:00,LONG,100760.28,100558.76,SL,-0.1438,14.2405,2024-12
2024-12-11 23:50:00+00:00,2024-12-12 01:30:00+00:00,SHORT,101030.5,100525.35,TP,0.356,14.5965,2024-12
2024-12-12 02:45:00+00:00,2024-12-12 02:55:00+00:00,LONG,100958.11,101462.9,TP,0.3649,14.9614,2024-12
2024-12-12 05:00:00+00:00,2024-12-12 05:20:00+00:00,SHORT,100611.74,100812.96,SL,-0.1496,14.8118,2024-12
2024-12-12 08:20:00+00:00,2024-12-12 10:05:00+00:00,LONG,100792.83,100591.25,SL,-0.1481,14.6637,2024-12
2024-12-12 12:20:00+00:00,2024-12-12 13:15:00+00:00,LONG,100784.29,101288.21,TP,0.3666,15.0303,2024-12
2024-12-12 16:55:00+00:00,2024-12-12 18:55:00+00:00,SHORT,101421.91,100914.8,TP,0.3758,15.406,2024-12
2024-12-12 22:30:00+00:00,2024-12-12 23:20:00+00:00,LONG,100174.68,99974.33,SL,-0.1541,15.252,2024-12
2024-12-13 01:15:00+00:00,2024-12-13 04:45:00+00:00,SHORT,99768.09,99967.62,SL,-0.1525,15.0994,2024-12
2024-12-13 06:35:00+00:00,2024-12-13 07:40:00+00:00,SHORT,99788.56,99988.14,SL,-0.151,14.9484,2024-12
2024-12-13 07:40:00+00:00,2024-12-13 14:35:00+00:00,LONG,100118.72,100619.32,TP,0.3737,15.3222,2024-12
2024-12-13 15:45:00+00:00,2024-12-13 15:55:00+00:00,SHORT,100498.45,99995.96,TP,0.3831,15.7052,2024-12
2024-12-13 16:45:00+00:00,2024-12-13 17:00:00+00:00,LONG,101175.77,100973.42,SL,-0.1571,15.5482,2024-12
2024-12-13 21:20:00+00:00,2024-12-14 01:00:00+00:00,SHORT,101278.68,101481.24,SL,-0.1555,15.3927,2024-12
2024-12-14 01:00:00+00:00,2024-12-14 01:25:00+00:00,LONG,102058.69,102568.98,TP,0.3848,15.7775,2024-12
2024-12-14 04:05:00+00:00,2024-12-14 10:05:00+00:00,SHORT,101874.15,101364.78,TP,0.3944,16.1719,2024-12
2024-12-14 11:20:00+00:00,2024-12-14 12:05:00+00:00,LONG,101663.59,101460.26,SL,-0.1617,16.0102,2024-12
2024-12-14 12:05:00+00:00,2024-12-14 13:20:00+00:00,SHORT,101414.0,100906.93,TP,0.4003,16.4105,2024-12
2024-12-14 15:10:00+00:00,2024-12-14 17:15:00+00:00,LONG,101632.44,101429.17,SL,-0.1641,16.2464,2024-12
2024-12-14 17:15:00+00:00,2024-12-14 20:45:00+00:00,SHORT,101368.54,100861.69,TP,0.4062,16.6525,2024-12
2024-12-14 21:20:00+00:00,2024-12-14 22:10:00+00:00,LONG,101177.5,100975.15,SL,-0.1665,16.486,2024-12
2024-12-15 06:10:00+00:00,2024-12-15 09:45:00+00:00,SHORT,101990.49,102194.47,SL,-0.1649,16.3211,2024-12
2024-12-15 21:00:00+00:00,2024-12-15 22:20:00+00:00,SHORT,102983.79,103189.76,SL,-0.1632,16.1579,2024-12
2024-12-15 22:20:00+00:00,2024-12-15 22:25:00+00:00,LONG,103397.33,103190.54,SL,-0.1616,15.9963,2024-12
2024-12-16 02:20:00+00:00,2024-12-16 02:30:00+00:00,SHORT,104549.23,104758.33,SL,-0.16,15.8364,2024-12
2024-12-16 05:45:00+00:00,2024-12-16 08:05:00+00:00,LONG,105077.46,104867.31,SL,-0.1584,15.678,2024-12
2024-12-16 09:30:00+00:00,2024-12-16 09:55:00+00:00,LONG,104945.14,104735.25,SL,-0.1568,15.5212,2024-12
2024-12-16 10:10:00+00:00,2024-12-16 10:40:00+00:00,SHORT,104410.86,104619.68,SL,-0.1552,15.366,2024-12
2024-12-16 14:10:00+00:00,2024-12-16 14:35:00+00:00,LONG,104240.53,104761.73,TP,0.3842,15.7502,2024-12
2024-12-16 19:00:00+00:00,2024-12-16 19:05:00+00:00,SHORT,106353.44,106566.15,SL,-0.1575,15.5927,2024-12
2024-12-16 23:55:00+00:00,2024-12-17 00:55:00+00:00,LONG,106101.08,105888.88,SL,-0.1559,15.4367,2024-12
2024-12-17 06:25:00+00:00,2024-12-17 07:05:00+00:00,SHORT,106430.41,106643.27,SL,-0.1544,15.2824,2024-12
2024-12-17 07:05:00+00:00,2024-12-17 08:50:00+00:00,LONG,106943.05,107477.77,TP,0.3821,15.6644,2024-12
2024-12-17 10:15:00+00:00,2024-12-17 10:55:00+00:00,SHORT,106963.06,107176.98,SL,-0.1566,15.5078,2024-12
2024-12-17 12:45:00+00:00,2024-12-17 14:20:00+00:00,LONG,107084.7,107620.12,TP,0.3877,15.8955,2024-12
2024-12-17 15:10:00+00:00,2024-12-17 15:15:00+00:00,SHORT,106911.5,106376.94,TP,0.3974,16.2929,2024-12
2024-12-17 18:05:00+00:00,2024-12-17 18:15:00+00:00,LONG,107625.66,107410.41,SL,-0.1629,16.13,2024-12
2024-12-17 18:25:00+00:00,2024-12-17 18:35:00+00:00,SHORT,106955.38,107169.29,SL,-0.1613,15.9687,2024-12
2024-12-17 20:50:00+00:00,2024-12-17 21:00:00+00:00,LONG,106930.69,106716.82,SL,-0.1597,15.809,2024-12
2024-12-17 21:45:00+00:00,2024-12-17 22:40:00+00:00,SHORT,106230.27,105699.12,TP,0.3952,16.2042,2024-12
2024-12-18 00:10:00+00:00,2024-12-18 00:15:00+00:00,LONG,106486.59,106273.61,SL,-0.162,16.0421,2024-12
2024-12-18 00:35:00+00:00,2024-12-18 00:40:00+00:00,SHORT,105601.64,105812.85,SL,-0.1604,15.8817,2024-12
2024-12-18 07:05:00+00:00,2024-12-18 07:30:00+00:00,LONG,104237.68,104029.2,SL,-0.1588,15.7229,2024-12
2024-12-18 08:40:00+00:00,2024-12-18 09:05:00+00:00,SHORT,103786.48,103994.05,SL,-0.1572,15.5657,2024-12
2024-12-18 09:10:00+00:00,2024-12-18 09:50:00+00:00,LONG,104325.22,104116.57,SL,-0.1557,15.41,2024-12
2024-12-18 12:35:00+00:00,2024-12-18 12:40:00+00:00,SHORT,104719.47,104928.9,SL,-0.1541,15.2559,2024-12
2024-12-18 17:30:00+00:00,2024-12-18 18:40:00+00:00,LONG,104590.77,104381.59,SL,-0.1526,15.1034,2024-12
2024-12-18 18:40:00+00:00,2024-12-18 18:50:00+00:00,SHORT,104148.39,104356.69,SL,-0.151,14.9523,2024-12
2024-12-19 02:55:00+00:00,2024-12-19 03:10:00+00:00,LONG,100574.77,101077.65,TP,0.3738,15.3261,2024-12
2024-12-19 12:35:00+00:00,2024-12-19 14:05:00+00:00,SHORT,102059.16,102263.28,SL,-0.1533,15.1729,2024-12
2024-12-19 14:05:00+00:00,2024-12-19 14:40:00+00:00,LONG,102364.93,102160.2,SL,-0.1517,15.0211,2024-12
2024-12-19 14:40:00+00:00,2024-12-19 14:45:00+00:00,SHORT,101679.66,101171.26,TP,0.3755,15.3967,2024-12
2024-12-19 21:20:00+00:00,2024-12-19 21:25:00+00:00,LONG,98011.12,97815.1,SL,-0.154,15.2427,2024-12
2024-12-20 00:15:00+00:00,2024-12-20 00:35:00+00:00,SHORT,97175.57,97369.93,SL,-0.1524,15.0903,2024-12
2024-12-20 02:55:00+00:00,2024-12-20 03:05:00+00:00,LONG,97671.64,97476.3,SL,-0.1509,14.9394,2024-12
2024-12-20 05:15:00+00:00,2024-12-20 05:20:00+00:00,SHORT,96991.49,97185.47,SL,-0.1494,14.79,2024-12
2024-12-20 07:00:00+00:00,2024-12-20 08:00:00+00:00,LONG,97794.2,97598.61,SL,-0.1479,14.6421,2024-12
2024-12-20 08:05:00+00:00,2024-12-20 08:25:00+00:00,SHORT,97189.15,96703.2,TP,0.3661,15.0081,2024-12
2024-12-20 13:00:00+00:00,2024-12-20 13:05:00+00:00,LONG,94271.49,94082.95,SL,-0.1501,14.8581,2024-12
2024-12-20 20:30:00+00:00,2024-12-20 20:35:00+00:00,SHORT,96608.38,96801.6,SL,-0.1486,14.7095,2024-12
2024-12-20 22:15:00+00:00,2024-12-20 23:10:00+00:00,LONG,97090.83,97576.28,TP,0.3677,15.0772,2024-12
2024-12-21 00:25:00+00:00,2024-12-21 00:35:00+00:00,SHORT,97201.11,97395.52,SL,-0.1508,14.9264,2024-12
2024-12-21 05:10:00+00:00,2024-12-21 05:50:00+00:00,LONG,97791.1,98280.06,TP,0.3732,15.2996,2024-12
2024-12-21 08:00:00+00:00,2024-12-21 08:10:00+00:00,SHORT,98726.09,98923.55,SL,-0.153,15.1466,2024-12
2024-12-21 14:00:00+00:00,2024-12-21 14:35:00+00:00,LONG,97604.33,97409.12,SL,-0.1515,14.9951,2024-12
2024-12-21 16:05:00+00:00,2024-12-21 16:10:00+00:00,SHORT,96915.07,97108.9,SL,-0.15,14.8452,2024-12
2024-12-21 20:05:00+00:00,2024-12-21 20:50:00+00:00,LONG,97652.38,97457.07,SL,-0.1485,14.6967,2024-12
2024-12-21 21:35:00+00:00,2024-12-21 22:20:00+00:00,SHORT,96825.24,97018.89,SL,-0.147,14.5498,2024-12
2024-12-22 03:20:00+00:00,2024-12-22 03:40:00+00:00,LONG,97287.46,97092.88,SL,-0.1455,14.4043,2024-12
2024-12-22 04:35:00+00:00,2024-12-22 04:55:00+00:00,SHORT,96567.56,96084.72,TP,0.3601,14.7644,2024-12
2024-12-22 06:40:00+00:00,2024-12-22 07:30:00+00:00,LONG,96656.34,96463.02,SL,-0.1476,14.6167,2024-12
2024-12-22 07:30:00+00:00,2024-12-22 08:15:00+00:00,SHORT,96381.43,96574.19,SL,-0.1462,14.4706,2024-12
2024-12-22 08:15:00+00:00,2024-12-22 09:00:00+00:00,LONG,96646.63,96453.34,SL,-0.1447,14.3259,2024-12
2024-12-22 14:00:00+00:00,2024-12-22 14:20:00+00:00,SHORT,96853.92,96369.65,TP,0.3581,14.684,2024-12
2024-12-22 18:25:00+00:00,2024-12-22 18:45:00+00:00,LONG,96223.4,96030.96,SL,-0.1468,14.5372,2024-12
2024-12-22 19:35:00+00:00,2024-12-22 19:50:00+00:00,SHORT,95461.8,94984.49,TP,0.3634,14.9006,2024-12
2024-12-22 20:45:00+00:00,2024-12-22 21:45:00+00:00,LONG,95483.2,95292.23,SL,-0.149,14.7516,2024-12
2024-12-22 22:00:00+00:00,2024-12-22 22:05:00+00:00,SHORT,94784.45,94310.53,TP,0.3688,15.1204,2024-12
2024-12-22 22:55:00+00:00,2024-12-22 23:10:00+00:00,LONG,95585.63,95394.46,SL,-0.1512,14.9692,2024-12
2024-12-23 00:15:00+00:00,2024-12-23 00:20:00+00:00,SHORT,94746.99,94936.48,SL,-0.1497,14.8195,2024-12
2024-12-23 01:35:00+00:00,2024-12-23 01:45:00+00:00,LONG,95066.56,94876.43,SL,-0.1482,14.6713,2024-12
2024-12-23 05:10:00+00:00,2024-12-23 05:20:00+00:00,SHORT,95505.86,95696.87,SL,-0.1467,14.5246,2024-12
2024-12-23 09:00:00+00:00,2024-12-23 13:20:00+00:00,LONG,95990.85,95798.87,SL,-0.1452,14.3793,2024-12
2024-12-23 13:20:00+00:00,2024-12-23 13:35:00+00:00,SHORT,95752.69,95273.93,TP,0.3595,14.7388,2024-12
2024-12-23 16:50:00+00:00,2024-12-23 16:55:00+00:00,LONG,94278.16,94089.6,SL,-0.1474,14.5914,2024-12
2024-12-23 18:50:00+00:00,2024-12-23 19:05:00+00:00,SHORT,92673.02,92858.36,SL,-0.1459,14.4455,2024-12
2024-12-23 19:15:00+00:00,2024-12-23 19:30:00+00:00,LONG,93555.52,93368.41,SL,-0.1445,14.3011,2024-12
2024-12-23 20:05:00+00:00,2024-12-23 20:25:00+00:00,SHORT,92712.91,92898.34,SL,-0.143,14.158,2024-12
2024-12-23 21:00:00+00:00,2024-12-23 22:15:00+00:00,LONG,93691.06,94159.52,TP,0.354,14.512,2024-12
2024-12-24 00:05:00+00:00,2024-12-24 02:10:00+00:00,SHORT,94573.98,94101.11,TP,0.3628,14.8748,2024-12
2024-12-24 03:40:00+00:00,2024-12-24 04:35:00+00:00,LONG,94362.75,94174.02,SL,-0.1487,14.726,2024-12
2024-12-24 06:15:00+00:00,2024-12-24 08:05:00+00:00,SHORT,94267.74,94456.27,SL,-0.1473,14.5788,2024-12
2024-12-24 09:10:00+00:00,2024-12-24 09:30:00+00:00,SHORT,94039.3,94227.38,SL,-0.1458,14.433,2024-12
2024-12-24 11:25:00+00:00,2024-12-24 12:15:00+00:00,LONG,94401.37,94212.56,SL,-0.1443,14.2887,2024-12
2024-12-24 19:25:00+00:00,2024-12-24 19:55:00+00:00,SHORT,98164.31,97673.49,TP,0.3572,14.6459,2024-12
2024-12-24 21:15:00+00:00,2024-12-24 22:10:00+00:00,LONG,98169.62,98660.47,TP,0.3661,15.012,2024-12
2024-12-25 01:10:00+00:00,2024-12-25 06:15:00+00:00,SHORT,98301.01,98497.62,SL,-0.1501,14.8619,2024-12
2024-12-25 06:25:00+00:00,2024-12-25 07:10:00+00:00,SHORT,97945.47,98141.36,SL,-0.1486,14.7133,2024-12
2024-12-25 10:05:00+00:00,2024-12-25 10:15:00+00:00,LONG,98529.56,99022.2,TP,0.3678,15.0811,2024-12
2024-12-25 10:50:00+00:00,2024-12-25 10:55:00+00:00,SHORT,98169.67,98366.01,SL,-0.1508,14.9303,2024-12
2024-12-25 14:30:00+00:00,2024-12-25 15:05:00+00:00,LONG,98772.82,98575.28,SL,-0.1493,14.781,2024-12
2024-12-25 16:15:00+00:00,2024-12-25 16:50:00+00:00,SHORT,98235.06,98431.53,SL,-0.1478,14.6332,2024-12
2024-12-25 18:00:00+00:00,2024-12-25 19:45:00+00:00,LONG,98722.6,99216.22,TP,0.3658,14.999,2024-12
2024-12-25 21:15:00+00:00,2024-12-25 22:30:00+00:00,SHORT,98656.53,98853.84,SL,-0.15,14.849,2024-12
2024-12-25 23:00:00+00:00,2024-12-26 00:00:00+00:00,LONG,99189.96,99685.91,TP,0.3712,15.2203,2024-12
2024-12-26 00:35:00+00:00,2024-12-26 04:20:00+00:00,SHORT,99042.25,98547.04,TP,0.3805,15.6008,2024-12
2024-12-26 11:15:00+00:00,2024-12-26 11:40:00+00:00,LONG,95924.56,95732.72,SL,-0.156,15.4448,2024-12
2024-12-26 13:05:00+00:00,2024-12-26 13:50:00+00:00,SHORT,95443.73,95634.61,SL,-0.1544,15.2903,2024-12
2024-12-26 14:10:00+00:00,2024-12-26 14:15:00+00:00,LONG,96318.51,96125.87,SL,-0.1529,15.1374,2024-12
2024-12-26 14:50:00+00:00,2024-12-26 15:10:00+00:00,SHORT,95267.21,95457.74,SL,-0.1514,14.986,2024-12
2024-12-26 16:15:00+00:00,2024-12-26 16:20:00+00:00,LONG,96533.47,96340.4,SL,-0.1499,14.8362,2024-12
2024-12-26 17:30:00+00:00,2024-12-26 17:35:00+00:00,SHORT,95774.92,95966.47,SL,-0.1484,14.6878,2024-12
2024-12-26 19:55:00+00:00,2024-12-26 20:05:00+00:00,LONG,96140.69,95948.41,SL,-0.1469,14.5409,2024-12
2024-12-26 20:20:00+00:00,2024-12-26 21:20:00+00:00,SHORT,95409.81,95600.63,SL,-0.1454,14.3955,2024-12
2024-12-27 01:35:00+00:00,2024-12-27 02:45:00+00:00,LONG,96068.6,95876.46,SL,-0.144,14.2516,2024-12
2024-12-27 02:45:00+00:00,2024-12-27 02:55:00+00:00,SHORT,95738.71,95930.19,SL,-0.1425,14.1091,2024-12
2024-12-27 04:05:00+00:00,2024-12-27 04:30:00+00:00,LONG,96550.6,96357.5,SL,-0.1411,13.968,2024-12
2024-12-27 05:20:00+00:00,2024-12-27 05:40:00+00:00,SHORT,95971.38,96163.32,SL,-0.1397,13.8283,2024-12
2024-12-27 06:40:00+00:00,2024-12-27 07:05:00+00:00,LONG,96514.5,96321.47,SL,-0.1383,13.69,2024-12
2024-12-27 07:10:00+00:00,2024-12-27 07:25:00+00:00,SHORT,96077.59,95597.21,TP,0.3423,14.0323,2024-12
2024-12-27 08:10:00+00:00,2024-12-27 08:45:00+00:00,LONG,96058.9,95866.78,SL,-0.1403,13.8919,2024-12
2024-12-27 13:05:00+00:00,2024-12-27 14:35:00+00:00,SHORT,96368.21,95886.37,TP,0.3473,14.2392,2024-12
2024-12-27 18:15:00+00:00,2024-12-27 19:00:00+00:00,LONG,94649.84,94460.55,SL,-0.1424,14.0968,2024-12
2024-12-27 22:05:00+00:00,2024-12-27 22:10:00+00:00,SHORT,94222.7,94411.14,SL,-0.141,13.9559,2024-12
2024-12-28 01:55:00+00:00,2024-12-28 02:45:00+00:00,LONG,94594.75,94405.56,SL,-0.1396,13.8163,2024-12
2024-12-28 06:30:00+00:00,2024-12-28 09:30:00+00:00,SHORT,94463.21,94652.14,SL,-0.1382,13.6782,2024-12
2024-12-28 13:00:00+00:00,2024-12-28 13:05:00+00:00,SHORT,94511.38,94700.4,SL,-0.1368,13.5414,2024-12
2024-12-28 14:10:00+00:00,2024-12-28 14:35:00+00:00,LONG,94919.69,94729.85,SL,-0.1354,13.406,2024-12
2024-12-28 14:35:00+00:00,2024-12-28 16:45:00+00:00,SHORT,94612.15,94801.37,SL,-0.1341,13.2719,2024-12
2024-12-28 16:45:00+00:00,2024-12-28 22:50:00+00:00,LONG,94909.94,95384.49,TP,0.3318,13.6037,2024-12
2024-12-29 01:20:00+00:00,2024-12-29 02:25:00+00:00,SHORT,94916.27,95106.1,SL,-0.136,13.4677,2024-12
2024-12-29 02:30:00+00:00,2024-12-29 03:00:00+00:00,LONG,95227.44,95036.98,SL,-0.1347,13.333,2024-12
2024-12-29 06:05:00+00:00,2024-12-29 06:25:00+00:00,SHORT,94949.78,95139.68,SL,-0.1333,13.1997,2024-12
2024-12-29 06:25:00+00:00,2024-12-29 12:25:00+00:00,LONG,95203.24,95012.83,SL,-0.132,13.0677,2024-12
2024-12-29 14:00:00+00:00,2024-12-29 14:10:00+00:00,LONG,95224.01,95033.57,SL,-0.1307,12.937,2024-12
2024-12-29 14:15:00+00:00,2024-12-29 16:15:00+00:00,SHORT,94681.84,94208.43,TP,0.3234,13.2604,2024-12
2024-12-29 20:50:00+00:00,2024-12-29 21:45:00+00:00,LONG,93847.99,93660.3,SL,-0.1326,13.1278,2024-12
2024-12-29 21:45:00+00:00,2024-12-29 22:40:00+00:00,SHORT,93411.4,93598.22,SL,-0.1313,12.9965,2024-12
2024-12-29 22:40:00+00:00,2024-12-29 22:50:00+00:00,LONG,93693.0,93505.62,SL,-0.13,12.8666,2024-12
2024-12-30 04:25:00+00:00,2024-12-30 06:15:00+00:00,SHORT,93518.56,93705.59,SL,-0.1287,12.7379,2024-12
2024-12-30 07:30:00+00:00,2024-12-30 07:35:00+00:00,SHORT,93323.4,93510.04,SL,-0.1274,12.6105,2024-12
2024-12-30 08:35:00+00:00,2024-12-30 09:05:00+00:00,LONG,93972.18,93784.24,SL,-0.1261,12.4844,2024-12
2024-12-30 11:00:00+00:00,2024-12-30 11:25:00+00:00,SHORT,93594.41,93781.6,SL,-0.1248,12.3596,2024-12
2024-12-30 11:25:00+00:00,2024-12-30 13:00:00+00:00,LONG,93918.53,93730.7,SL,-0.1236,12.236,2024-12
2024-12-30 17:30:00+00:00,2024-12-30 17:40:00+00:00,LONG,92986.43,93451.36,TP,0.3059,12.5419,2024-12
2024-12-30 21:00:00+00:00,2024-12-30 21:35:00+00:00,SHORT,94174.51,93703.63,TP,0.3135,12.8554,2024-12
2024-12-31 06:05:00+00:00,2024-12-31 06:35:00+00:00,LONG,92936.15,92750.28,SL,-0.1286,12.7269,2024-12
2024-12-31 15:05:00+00:00,2024-12-31 15:10:00+00:00,SHORT,94958.96,95148.88,SL,-0.1273,12.5996,2024-12
2025-01-01 00:30:00+00:00,2025-01-01 00:55:00+00:00,LONG,93920.47,94390.08,TP,0.315,12.9146,2025-01
2025-01-01 01:50:00+00:00,2025-01-01 02:10:00+00:00,SHORT,93588.65,93775.83,SL,-0.1291,12.7854,2025-01
2025-01-01 02:50:00+00:00,2025-01-01 03:15:00+00:00,LONG,94077.63,93889.47,SL,-0.1279,12.6576,2025-01
2025-01-01 03:45:00+00:00,2025-01-01 09:15:00+00:00,SHORT,93748.68,93279.93,TP,0.3164,12.974,2025-01
2025-01-01 10:00:00+00:00,2025-01-01 10:50:00+00:00,LONG,93529.97,93342.91,SL,-0.1297,12.8443,2025-01
2025-01-01 17:05:00+00:00,2025-01-01 17:50:00+00:00,SHORT,93920.6,94108.44,SL,-0.1284,12.7158,2025-01
2025-01-01 18:25:00+00:00,2025-01-01 19:45:00+00:00,LONG,94246.11,94717.34,TP,0.3179,13.0337,2025-01
2025-01-01 23:35:00+00:00,2025-01-02 00:20:00+00:00,SHORT,94586.14,94775.31,SL,-0.1303,12.9034,2025-01
2025-01-02 00:20:00+00:00,2025-01-02 01:05:00+00:00,LONG,94890.01,95364.46,TP,0.3226,13.226,2025-01
2025-01-02 13:50:00+00:00,2025-01-02 14:30:00+00:00,SHORT,96403.86,96596.67,SL,-0.1323,13.0937,2025-01
2025-01-02 14:40:00+00:00,2025-01-02 14:50:00+00:00,LONG,96851.16,97335.42,TP,0.3273,13.4211,2025-01
2025-01-02 17:35:00+00:00,2025-01-02 17:40:00+00:00,SHORT,96327.89,96520.55,SL,-0.1342,13.2869,2025-01
2025-01-02 19:05:00+00:00,2025-01-02 19:30:00+00:00,LONG,97600.63,97405.43,SL,-0.1329,13.154,2025-01
2025-01-02 21:05:00+00:00,2025-01-03 05:05:00+00:00,SHORT,97164.66,96678.84,TP,0.3288,13.4828,2025-01
2025-01-03 09:15:00+00:00,2025-01-03 14:20:00+00:00,LONG,96492.07,96974.53,TP,0.3371,13.8199,2025-01
2025-01-03 21:00:00+00:00,2025-01-03 22:15:00+00:00,SHORT,98244.69,98441.18,SL,-0.1382,13.6817,2025-01
2025-01-04 02:35:00+00:00,2025-01-04 04:00:00+00:00,LONG,98179.97,97983.61,SL,-0.1368,13.5449,2025-01
2025-01-04 04:00:00+00:00,2025-01-04 05:20:00+00:00,SHORT,97917.85,98113.68,SL,-0.1354,13.4094,2025-01
2025-01-04 05:20:00+00:00,2025-01-04 08:50:00+00:00,LONG,98167.82,97971.49,SL,-0.1341,13.2753,2025-01
2025-01-04 11:50:00+00:00,2025-01-04 15:30:00+00:00,LONG,97956.18,97760.26,SL,-0.1328,13.1426,2025-01
2025-01-04 17:55:00+00:00,2025-01-04 20:45:00+00:00,LONG,98055.47,98545.74,TP,0.3286,13.4712,2025-01
2025-01-04 21:40:00+00:00,2025-01-05 08:15:00+00:00,SHORT,98345.17,97853.44,TP,0.3368,13.8079,2025-01
2025-01-05 12:15:00+00:00,2025-01-05 13:55:00+00:00,LONG,97890.97,97695.19,SL,-0.1381,13.6699,2025-01
2025-01-05 14:45:00+00:00,2025-01-05 17:45:00+00:00,LONG,97921.44,97725.6,SL,-0.1367,13.5332,2025-01
2025-01-05 17:45:00+00:00,2025-01-05 18:35:00+00:00,SHORT,97634.5,97829.77,SL,-0.1353,13.3978,2025-01
2025-01-05 19:05:00+00:00,2025-01-05 20:15:00+00:00,LONG,98039.2,98529.4,TP,0.3349,13.7328,2025-01
2025-01-05 23:30:00+00:00,2025-01-06 00:20:00+00:00,SHORT,98381.35,98578.11,SL,-0.1373,13.5954,2025-01
2025-01-06 01:50:00+00:00,2025-01-06 04:15:00+00:00,LONG,98850.52,99344.78,TP,0.3399,13.9353,2025-01
2025-01-06 07:00:00+00:00,2025-01-06 08:00:00+00:00,SHORT,99260.37,99458.89,SL,-0.1394,13.796,2025-01
2025-01-06 11:20:00+00:00,2025-01-06 13:15:00+00:00,LONG,99236.44,99037.97,SL,-0.138,13.658,2025-01
2025-01-06 13:50:00+00:00,2025-01-06 14:10:00+00:00,LONG,99502.66,99303.65,SL,-0.1366,13.5214,2025-01
2025-01-06 14:15:00+00:00,2025-01-06 14:25:00+00:00,SHORT,98710.52,98907.94,SL,-0.1352,13.3862,2025-01
2025-01-06 14:45:00+00:00,2025-01-06 15:05:00+00:00,LONG,100530.19,101032.84,TP,0.3347,13.7209,2025-01
2025-01-06 17:35:00+00:00,2025-01-06 17:50:00+00:00,SHORT,101485.81,101688.78,SL,-0.1372,13.5837,2025-01
2025-01-06 20:20:00+00:00,2025-01-06 20:25:00+00:00,LONG,102359.42,102154.7,SL,-0.1358,13.4478,2025-01
2025-01-06 21:35:00+00:00,2025-01-06 22:35:00+00:00,SHORT,101767.81,101971.34,SL,-0.1345,13.3134,2025-01
2025-01-06 23:05:00+00:00,2025-01-07 01:00:00+00:00,LONG,102135.14,101930.87,SL,-0.1331,13.1802,2025-01
2025-01-07 01:00:00+00:00,2025-01-07 11:20:00+00:00,SHORT,101857.22,101347.93,TP,0.3295,13.5097,2025-01
2025-01-07 22:35:00+00:00,2025-01-07 23:00:00+00:00,LONG,97167.7,96973.37,SL,-0.1351,13.3746,2025-01
2025-01-08 01:45:00+00:00,2025-01-08 01:55:00+00:00,SHORT,96673.16,96866.5,SL,-0.1337,13.2409,2025-01
2025-01-08 08:35:00+00:00,2025-01-08 09:30:00+00:00,LONG,96044.92,95852.83,SL,-0.1324,13.1085,2025-01
2025-01-08 09:50:00+00:00,2025-01-08 10:25:00+00:00,SHORT,95639.18,95830.46,SL,-0.1311,12.9774,2025-01
2025-01-08 11:00:00+00:00,2025-01-08 11:10:00+00:00,LONG,96053.91,95861.8,SL,-0.1298,12.8476,2025-01
2025-01-08 11:25:00+00:00,2025-01-08 11:30:00+00:00,SHORT,95517.08,95039.49,TP,0.3212,13.1688,2025-01
2025-01-08 14:30:00+00:00,2025-01-08 14:35:00+00:00,LONG,95778.14,95586.58,SL,-0.1317,13.0371,2025-01
2025-01-08 15:25:00+00:00,2025-01-08 15:35:00+00:00,SHORT,94759.45,94948.97,SL,-0.1304,12.9067,2025-01
2025-01-08 18:15:00+00:00,2025-01-08 18:40:00+00:00,LONG,94641.83,94452.55,SL,-0.1291,12.7777,2025-01
2025-01-09 02:05:00+00:00,2025-01-09 02:10:00+00:00,SHORT,93873.8,94061.54,SL,-0.1278,12.6499,2025-01
2025-01-09 04:35:00+00:00,2025-01-09 06:45:00+00:00,LONG,94412.87,94224.04,SL,-0.1265,12.5234,2025-01
2025-01-09 06:45:00+00:00,2025-01-09 07:30:00+00:00,SHORT,94153.56,93682.8,TP,0.3131,12.8365,2025-01
2025-01-09 09:35:00+00:00,2025-01-09 09:50:00+00:00,LONG,93683.46,93496.09,SL,-0.1284,12.7081,2025-01
2025-01-09 10:30:00+00:00,2025-01-09 10:35:00+00:00,SHORT,93026.95,93213.01,SL,-0.1271,12.581,2025-01
2025-01-09 11:15:00+00:00,2025-01-09 11:35:00+00:00,LONG,93738.03,93550.55,SL,-0.1258,12.4552,2025-01
2025-01-09 13:05:00+00:00,2025-01-09 13:30:00+00:00,SHORT,93222.71,92756.59,TP,0.3114,12.7666,2025-01
2025-01-09 15:15:00+00:00,2025-01-09 15:30:00+00:00,LONG,93225.48,93691.6,TP,0.3192,13.0858,2025-01
2025-01-09 17:35:00+00:00,2025-01-09 17:45:00+00:00,SHORT,93499.97,93032.47,TP,0.3271,13.4129,2025-01
2025-01-09 22:35:00+00:00,2025-01-09 22:45:00+00:00,LONG,92637.12,92451.85,SL,-0.1341,13.2788,2025-01
2025-01-10 11:30:00+00:00,2025-01-10 11:40:00+00:00,SHORT,94598.51,94787.7,SL,-0.1328,13.146,2025-01
2025-01-10 17:45:00+00:00,2025-01-10 17:55:00+00:00,LONG,94872.8,95347.17,TP,0.3287,13.4747,2025-01
2025-01-10 21:55:00+00:00,2025-01-10 22:25:00+00:00,SHORT,94575.41,94764.57,SL,-0.1347,13.3399,2025-01
2025-01-11 05:10:00+00:00,2025-01-11 11:35:00+00:00,LONG,94237.68,94708.87,TP,0.3335,13.6734,2025-01
2025-01-11 13:05:00+00:00,2025-01-11 14:55:00+00:00,SHORT,94426.21,94615.07,SL,-0.1367,13.5367,2025-01
2025-01-11 17:00:00+00:00,2025-01-11 20:25:00+00:00,SHORT,94286.28,94474.85,SL,-0.1354,13.4013,2025-01
2025-01-11 22:50:00+00:00,2025-01-11 23:35:00+00:00,SHORT,94523.19,94712.23,SL,-0.134,13.2673,2025-01
2025-01-12 01:55:00+00:00,2025-01-12 06:40:00+00:00,LONG,94617.83,94428.6,SL,-0.1327,13.1346,2025-01
2025-01-12 11:10:00+00:00,2025-01-12 13:45:00+00:00,LONG,94192.66,94663.63,TP,0.3284,13.463,2025-01
2025-01-12 18:40:00+00:00,2025-01-12 21:45:00+00:00,SHORT,94895.57,94421.09,TP,0.3366,13.7996,2025-01
2025-01-12 23:30:00+00:00,2025-01-13 00:25:00+00:00,LONG,94425.88,94898.0,TP,0.345,14.1445,2025-01
2025-01-13 01:40:00+00:00,2025-01-13 01:45:00+00:00,SHORT,94672.55,94199.18,TP,0.3536,14.4982,2025-01
2025-01-13 04:15:00+00:00,2025-01-13 04:45:00+00:00,LONG,94690.93,94501.55,SL,-0.145,14.3532,2025-01
2025-01-13 05:05:00+00:00,2025-01-13 06:45:00+00:00,SHORT,94298.74,93827.24,TP,0.3588,14.712,2025-01
2025-01-13 13:15:00+00:00,2025-01-13 13:25:00+00:00,LONG,91787.56,91603.99,SL,-0.1471,14.5649,2025-01
2025-01-13 14:30:00+00:00,2025-01-13 14:35:00+00:00,SHORT,89932.01,90111.88,SL,-0.1456,14.4192,2025-01
2025-01-13 14:45:00+00:00,2025-01-13 15:05:00+00:00,LONG,91620.62,92078.73,TP,0.3605,14.7797,2025-01
2025-01-14 05:40:00+00:00,2025-01-14 08:10:00+00:00,SHORT,95063.58,95253.71,SL,-0.1478,14.6319,2025-01
2025-01-14 12:05:00+00:00,2025-01-14 13:30:00+00:00,SHORT,96292.28,96484.86,SL,-0.1463,14.4856,2025-01
2025-01-14 13:30:00+00:00,2025-01-14 13:35:00+00:00,LONG,96857.42,96663.7,SL,-0.1449,14.3407,2025-01
2025-01-14 16:00:00+00:00,2025-01-14 16:05:00+00:00,SHORT,95709.96,95901.38,SL,-0.1434,14.1973,2025-01
2025-01-14 17:55:00+00:00,2025-01-14 18:10:00+00:00,LONG,96566.57,96373.44,SL,-0.142,14.0554,2025-01
2025-01-14 20:00:00+00:00,2025-01-14 20:05:00+00:00,SHORT,96205.07,96397.48,SL,-0.1406,13.9148,2025-01
2025-01-14 23:00:00+00:00,2025-01-14 23:10:00+00:00,LONG,96803.91,96610.3,SL,-0.1391,13.7757,2025-01
2025-01-15 05:10:00+00:00,2025-01-15 05:45:00+00:00,SHORT,96823.03,97016.67,SL,-0.1378,13.6379,2025-01
2025-01-15 07:00:00+00:00,2025-01-15 09:25:00+00:00,LONG,97194.3,96999.91,SL,-0.1364,13.5015,2025-01
2025-01-15 09:25:00+00:00,2025-01-15 09:40:00+00:00,SHORT,96850.39,97044.1,SL,-0.135,13.3665,2025-01
2025-01-15 12:35:00+00:00,2025-01-15 13:30:00+00:00,LONG,96949.6,97434.35,TP,0.3342,13.7007,2025-01
2025-01-15 17:55:00+00:00,2025-01-15 18:00:00+00:00,SHORT,98606.19,98803.4,SL,-0.137,13.5637,2025-01
2025-01-15 18:50:00+00:00,2025-01-15 20:05:00+00:00,LONG,99394.5,99891.47,TP,0.3391,13.9028,2025-01
2025-01-15 20:45:00+00:00,2025-01-15 21:05:00+00:00,SHORT,99506.72,99705.73,SL,-0.139,13.7637,2025-01
2025-01-15 23:25:00+00:00,2025-01-16 00:35:00+00:00,LONG,100178.32,99977.96,SL,-0.1376,13.6261,2025-01
2025-01-16 00:35:00+00:00,2025-01-16 01:00:00+00:00,SHORT,99715.18,99914.61,SL,-0.1363,13.4898,2025-01
2025-01-16 06:25:00+00:00,2025-01-16 08:20:00+00:00,LONG,99720.33,99520.89,SL,-0.1349,13.3549,2025-01
2025-01-16 08:20:00+00:00,2025-01-16 08:45:00+00:00,SHORT,99379.4,98882.51,TP,0.3339,13.6888,2025-01
2025-01-16 10:25:00+00:00,2025-01-16 11:00:00+00:00,LONG,99385.36,99186.59,SL,-0.1369,13.5519,2025-01
2025-01-16 11:15:00+00:00,2025-01-16 11:25:00+00:00,SHORT,98702.47,98899.88,SL,-0.1355,13.4164,2025-01
2025-01-16 12:35:00+00:00,2025-01-16 13:00:00+00:00,LONG,99475.44,99276.49,SL,-0.1342,13.2822,2025-01
2025-01-16 13:10:00+00:00,2025-01-16 13:20:00+00:00,SHORT,98867.7,99065.43,SL,-0.1328,13.1494,2025-01
2025-01-16 15:55:00+00:00,2025-01-16 17:25:00+00:00,LONG,99335.89,99832.57,TP,0.3287,13.4782,2025-01
2025-01-16 21:20:00+00:00,2025-01-16 21:30:00+00:00,SHORT,99742.09,99941.57,SL,-0.1348,13.3434,2025-01
2025-01-16 23:15:00+00:00,2025-01-16 23:20:00+00:00,LONG,100078.3,99878.14,SL,-0.1334,13.2099,2025-01
2025-01-17 02:45:00+00:00,2025-01-17 03:05:00+00:00,SHORT,100984.01,101185.98,SL,-0.1321,13.0778,2025-01
2025-01-17 04:55:00+00:00,2025-01-17 08:30:00+00:00,LONG,101521.88,102029.49,TP,0.3269,13.4048,2025-01
2025-01-17 17:40:00+00:00,2025-01-17 18:15:00+00:00,SHORT,104215.82,104424.25,SL,-0.134,13.2707,2025-01
2025-01-17 19:10:00+00:00,2025-01-17 19:45:00+00:00,LONG,105170.97,105696.83,TP,0.3318,13.6025,2025-01
2025-01-17 20:40:00+00:00,2025-01-17 22:10:00+00:00,SHORT,104991.62,104466.66,TP,0.3401,13.9426,2025-01
2025-01-18 00:35:00+00:00,2025-01-18 01:40:00+00:00,LONG,104508.76,104299.74,SL,-0.1394,13.8031,2025-01
2025-01-18 01:40:00+00:00,2025-01-18 03:05:00+00:00,SHORT,104240.3,104448.78,SL,-0.138,13.6651,2025-01
2025-01-18 08:35:00+00:00,2025-01-18 10:10:00+00:00,LONG,103147.55,102941.26,SL,-0.1367,13.5285,2025-01
2025-01-18 12:35:00+00:00,2025-01-18 13:30:00+00:00,SHORT,103373.51,103580.26,SL,-0.1353,13.3932,2025-01
2025-01-18 13:35:00+00:00,2025-01-18 13:55:00+00:00,LONG,103825.05,104344.18,TP,0.3348,13.728,2025-01
2025-01-18 16:15:00+00:00,2025-01-18 16:40:00+00:00,SHORT,103927.61,103407.97,TP,0.3432,14.0712,2025-01
2025-01-18 18:40:00+00:00,2025-01-18 20:25:00+00:00,LONG,104267.19,104058.66,SL,-0.1407,13.9305,2025-01
2025-01-18 20:25:00+00:00,2025-01-18 21:00:00+00:00,SHORT,103879.49,104087.25,SL,-0.1393,13.7912,2025-01
2025-01-18 22:50:00+00:00,2025-01-19 00:55:00+00:00,LONG,104327.0,104118.35,SL,-0.1379,13.6533,2025-01
2025-01-19 01:30:00+00:00,2025-01-19 02:25:00+00:00,LONG,104597.11,105120.1,TP,0.3413,13.9946,2025-01
2025-01-19 03:10:00+00:00,2025-01-19 03:30:00+00:00,SHORT,104624.07,104833.32,SL,-0.1399,13.8547,2025-01
2025-01-19 05:55:00+00:00,2025-01-19 08:00:00+00:00,LONG,105158.57,104948.25,SL,-0.1385,13.7161,2025-01
2025-01-19 09:45:00+00:00,2025-01-19 10:25:00+00:00,LONG,104852.35,104642.65,SL,-0.1372,13.579,2025-01
2025-01-19 11:35:00+00:00,2025-01-19 11:45:00+00:00,SHORT,104409.82,104618.64,SL,-0.1358,13.4432,2025-01
2025-01-19 13:00:00+00:00,2025-01-19 13:30:00+00:00,LONG,105158.04,104947.72,SL,-0.1344,13.3087,2025-01
2025-01-19 17:10:00+00:00,2025-01-19 17:45:00+00:00,SHORT,104558.16,104767.28,SL,-0.1331,13.1756,2025-01
2025-01-19 17:45:00+00:00,2025-01-19 19:45:00+00:00,LONG,105029.78,105554.92,TP,0.3294,13.505,2025-01
2025-01-19 21:20:00+00:00,2025-01-19 21:25:00+00:00,SHORT,105284.16,104757.74,TP,0.3376,13.8427,2025-01
2025-01-20 02:30:00+00:00,2025-01-20 02:35:00+00:00,LONG,102237.03,102032.55,SL,-0.1384,13.7042,2025-01
2025-01-20 09:35:00+00:00,2025-01-20 09:40:00+00:00,SHORT,107567.88,107783.01,SL,-0.137,13.5672,2025-01
2025-01-20 22:50:00+00:00,2025-01-20 23:05:00+00:00,LONG,103680.68,103473.31,SL,-0.1357,13.4315,2025-01
2025-01-20 23:45:00+00:00,2025-01-20 23:55:00+00:00,SHORT,102050.04,102254.14,SL,-0.1343,13.2972,2025-01
2025-01-21 03:20:00+00:00,2025-01-21 04:00:00+00:00,LONG,103028.5,102822.45,SL,-0.133,13.1642,2025-01
2025-01-21 04:30:00+00:00,2025-01-21 04:40:00+00:00,SHORT,102055.16,102259.27,SL,-0.1316,13.0326,2025-01
2025-01-21 07:05:00+00:00,2025-01-21 07:45:00+00:00,LONG,102342.29,102137.61,SL,-0.1303,12.9023,2025-01
2025-01-21 14:30:00+00:00,2025-01-21 14:35:00+00:00,SHORT,104204.65,103683.63,TP,0.3226,13.2248,2025-01
2025-01-21 16:05:00+00:00,2025-01-21 16:10:00+00:00,LONG,105134.03,105659.7,TP,0.3306,13.5554,2025-01
2025-01-21 20:35:00+00:00,2025-01-21 21:30:00+00:00,SHORT,106205.94,106418.35,SL,-0.1356,13.4199,2025-01
2025-01-22 06:05:00+00:00,2025-01-22 06:25:00+00:00,LONG,105932.67,105720.8,SL,-0.1342,13.2857,2025-01
2025-01-22 06:25:00+00:00,2025-01-22 08:20:00+00:00,SHORT,105473.15,104945.79,TP,0.3321,13.6178,2025-01
2025-01-22 08:50:00+00:00,2025-01-22 09:00:00+00:00,LONG,105381.62,105170.85,SL,-0.1362,13.4817,2025-01
2025-01-22 11:25:00+00:00,2025-01-22 11:35:00+00:00,SHORT,104753.42,104962.93,SL,-0.1348,13.3468,2025-01
2025-01-22 11:50:00+00:00,2025-01-22 11:55:00+00:00,LONG,105421.22,105210.38,SL,-0.1335,13.2134,2025-01
2025-01-22 13:10:00+00:00,2025-01-22 13:45:00+00:00,SHORT,104905.19,104380.67,TP,0.3303,13.5437,2025-01
2025-01-22 15:10:00+00:00,2025-01-22 15:25:00+00:00,LONG,104991.97,104781.99,SL,-0.1354,13.4083,2025-01
2025-01-22 16:10:00+00:00,2025-01-22 16:15:00+00:00,SHORT,103768.03,103975.56,SL,-0.1341,13.2742,2025-01
2025-01-22 19:30:00+00:00,2025-01-22 19:40:00+00:00,LONG,104754.94,104545.43,SL,-0.1327,13.1414,2025-01
2025-01-22 21:10:00+00:00,2025-01-22 21:50:00+00:00,SHORT,103850.2,104057.9,SL,-0.1314,13.01,2025-01
2025-01-22 22:30:00+00:00,2025-01-22 22:55:00+00:00,LONG,104353.71,104145.01,SL,-0.1301,12.8799,2025-01
2025-01-22 23:05:00+00:00,2025-01-23 00:40:00+00:00,SHORT,103772.47,103253.61,TP,0.322,13.2019,2025-01
2025-01-23 05:40:00+00:00,2025-01-23 06:50:00+00:00,LONG,102528.56,102323.5,SL,-0.132,13.0699,2025-01
2025-01-23 06:50:00+00:00,2025-01-23 07:15:00+00:00,SHORT,102240.09,102444.57,SL,-0.1307,12.9392,2025-01
2025-01-23 07:45:00+00:00,2025-01-23 08:05:00+00:00,LONG,102685.55,102480.18,SL,-0.1294,12.8098,2025-01
2025-01-23 08:50:00+00:00,2025-01-23 09:00:00+00:00,SHORT,102136.21,102340.48,SL,-0.1281,12.6817,2025-01
2025-01-23 11:30:00+00:00,2025-01-23 11:35:00+00:00,LONG,102223.28,102018.84,SL,-0.1268,12.5549,2025-01
2025-01-23 12:20:00+00:00,2025-01-23 12:25:00+00:00,SHORT,101383.06,101585.83,SL,-0.1255,12.4294,2025-01
2025-01-23 13:35:00+00:00,2025-01-23 14:30:00+00:00,LONG,102113.65,102624.22,TP,0.3107,12.7401,2025-01
2025-01-23 15:15:00+00:00,2025-01-23 15:20:00+00:00,SHORT,102990.87,103196.85,SL,-0.1274,12.6127,2025-01
2025-01-23 16:10:00+00:00,2025-01-23 16:15:00+00:00,LONG,106542.6,106329.51,SL,-0.1261,12.4866,2025-01
2025-01-23 19:10:00+00:00,2025-01-23 19:45:00+00:00,SHORT,104933.42,104408.75,TP,0.3122,12.7987,2025-01
2025-01-23 20:20:00+00:00,2025-01-23 20:30:00+00:00,LONG,105922.35,105710.51,SL,-0.128,12.6707,2025-01
2025-01-23 21:15:00+00:00,2025-01-23 21:20:00+00:00,SHORT,102517.56,102722.59,SL,-0.1267,12.544,2025-01
2025-01-24 03:30:00+00:00,2025-01-24 04:45:00+00:00,LONG,103931.57,104451.22,TP,0.3136,12.8576,2025-01
2025-01-24 09:45:00+00:00,2025-01-24 10:30:00+00:00,SHORT,105109.36,105319.58,SL,-0.1286,12.7291,2025-01
2025-01-24 12:55:00+00:00,2025-01-24 13:05:00+00:00,LONG,105568.79,105357.65,SL,-0.1273,12.6018,2025-01
2025-01-24 13:15:00+00:00,2025-01-24 14:35:00+00:00,SHORT,105080.45,105290.61,SL,-0.126,12.4757,2025-01
2025-01-24 14:40:00+00:00,2025-01-24 14:45:00+00:00,LONG,106264.49,106051.96,SL,-0.1248,12.351,2025-01
2025-01-24 19:05:00+00:00,2025-01-24 19:20:00+00:00,SHORT,106033.82,106245.89,SL,-0.1235,12.2275,2025-01
2025-01-25 03:30:00+00:00,2025-01-25 04:55:00+00:00,LONG,104941.96,104732.08,SL,-0.1223,12.1052,2025-01
2025-01-25 04:55:00+00:00,2025-01-25 13:00:00+00:00,SHORT,104606.14,104815.35,SL,-0.1211,11.9841,2025-01
2025-01-25 14:35:00+00:00,2025-01-25 15:00:00+00:00,SHORT,104431.38,104640.24,SL,-0.1198,11.8643,2025-01
2025-01-25 15:10:00+00:00,2025-01-25 16:20:00+00:00,LONG,104965.08,104755.15,SL,-0.1186,11.7457,2025-01
2025-01-25 17:00:00+00:00,2025-01-25 17:45:00+00:00,SHORT,104573.12,104782.27,SL,-0.1175,11.6282,2025-01
2025-01-25 17:55:00+00:00,2025-01-26 00:20:00+00:00,LONG,104941.67,104731.79,SL,-0.1163,11.5119,2025-01
2025-01-26 03:00:00+00:00,2025-01-26 04:25:00+00:00,LONG,104835.53,105359.71,TP,0.2878,11.7997,2025-01
2025-01-26 07:00:00+00:00,2025-01-26 08:05:00+00:00,SHORT,104927.34,105137.2,SL,-0.118,11.6817,2025-01
2025-01-26 08:05:00+00:00,2025-01-26 08:30:00+00:00,LONG,105192.18,104981.8,SL,-0.1168,11.5649,2025-01
2025-01-26 09:25:00+00:00,2025-01-26 15:15:00+00:00,SHORT,104814.14,105023.77,SL,-0.1156,11.4493,2025-01
2025-01-26 20:00:00+00:00,2025-01-26 20:20:00+00:00,SHORT,104940.57,105150.45,SL,-0.1145,11.3348,2025-01
2025-01-26 20:20:00+00:00,2025-01-26 20:50:00+00:00,LONG,105242.08,105031.6,SL,-0.1133,11.2214,2025-01
2025-01-26 20:50:00+00:00,2025-01-26 22:10:00+00:00,SHORT,104968.41,104443.56,TP,0.2805,11.502,2025-01
2025-01-27 03:25:00+00:00,2025-01-27 03:30:00+00:00,LONG,101857.52,101653.8,SL,-0.115,11.3869,2025-01
2025-01-27 04:15:00+00:00,2025-01-27 04:20:00+00:00,SHORT,100751.68,100953.19,SL,-0.1139,11.2731,2025-01
2025-01-27 12:40:00+00:00,2025-01-27 12:50:00+00:00,LONG,99801.89,100300.9,TP,0.2818,11.5549,2025-01
2025-01-27 16:30:00+00:00,2025-01-27 16:35:00+00:00,SHORT,100331.84,99830.18,TP,0.2889,11.8438,2025-01
2025-01-27 20:20:00+00:00,2025-01-27 20:40:00+00:00,LONG,100404.21,100906.23,TP,0.2961,12.1399,2025-01
2025-01-28 01:05:00+00:00,2025-01-28 02:25:00+00:00,SHORT,101687.87,101891.24,SL,-0.1214,12.0185,2025-01
2025-01-28 02:35:00+00:00,2025-01-28 03:45:00+00:00,LONG,102114.82,102625.39,TP,0.3005,12.3189,2025-01
2025-01-28 06:35:00+00:00,2025-01-28 07:05:00+00:00,SHORT,102695.97,102901.36,SL,-0.1232,12.1957,2025-01
2025-01-28 07:15:00+00:00,2025-01-28 07:40:00+00:00,LONG,103154.79,102948.48,SL,-0.122,12.0738,2025-01
2025-01-28 07:45:00+00:00,2025-01-28 08:15:00+00:00,SHORT,102713.91,102919.34,SL,-0.1207,11.953,2025-01
2025-01-28 10:15:00+00:00,2025-01-28 10:30:00+00:00,LONG,103158.85,102952.53,SL,-0.1195,11.8335,2025-01
2025-01-28 10:45:00+00:00,2025-01-28 11:05:00+00:00,SHORT,102574.96,102780.11,SL,-0.1183,11.7152,2025-01
2025-01-28 14:30:00+00:00,2025-01-28 14:40:00+00:00,LONG,102693.11,102487.72,SL,-0.1172,11.598,2025-01
2025-01-28 16:15:00+00:00,2025-01-28 16:45:00+00:00,SHORT,102186.82,102391.19,SL,-0.116,11.482,2025-01
2025-01-28 19:45:00+00:00,2025-01-28 19:55:00+00:00,LONG,102666.91,102461.58,SL,-0.1148,11.3672,2025-01
2025-01-28 20:25:00+00:00,2025-01-28 20:55:00+00:00,SHORT,101931.3,101421.64,TP,0.2842,11.6514,2025-01
2025-01-28 23:05:00+00:00,2025-01-28 23:15:00+00:00,LONG,101428.07,101225.21,SL,-0.1165,11.5349,2025-01
2025-01-29 09:20:00+00:00,2025-01-29 10:20:00+00:00,SHORT,102440.87,102645.75,SL,-0.1153,11.4195,2025-01
2025-01-29 10:35:00+00:00,2025-01-29 10:50:00+00:00,LONG,102708.82,102503.4,SL,-0.1142,11.3053,2025-01
2025-01-29 12:25:00+00:00,2025-01-29 13:15:00+00:00,SHORT,102379.03,101867.14,TP,0.2826,11.588,2025-01
2025-01-29 17:15:00+00:00,2025-01-29 18:00:00+00:00,LONG,102408.23,102203.41,SL,-0.1159,11.4721,2025-01
2025-01-29 18:00:00+00:00,2025-01-29 18:05:00+00:00,SHORT,102031.98,102236.04,SL,-0.1147,11.3574,2025-01
2025-01-29 18:30:00+00:00,2025-01-29 19:00:00+00:00,LONG,102866.12,102660.39,SL,-0.1136,11.2438,2025-01
2025-01-29 19:00:00+00:00,2025-01-29 19:15:00+00:00,SHORT,102135.62,101624.94,TP,0.2811,11.5249,2025-01
2025-01-29 19:35:00+00:00,2025-01-29 19:40:00+00:00,LONG,102911.65,103426.21,TP,0.2881,11.813,2025-01
2025-01-30 00:30:00+00:00,2025-01-30 00:35:00+00:00,SHORT,103379.84,103586.6,SL,-0.1181,11.6949,2025-01
2025-01-30 00:50:00+00:00,2025-01-30 02:55:00+00:00,LONG,104089.64,104610.09,TP,0.2924,11.9873,2025-01
2025-01-30 07:10:00+00:00,2025-01-30 07:55:00+00:00,SHORT,104853.75,105063.46,SL,-0.1199,11.8674,2025-01
2025-01-30 08:00:00+00:00,2025-01-30 08:10:00+00:00,LONG,105308.09,105097.47,SL,-0.1187,11.7487,2025-01
2025-01-30 11:05:00+00:00,2025-01-30 11:35:00+00:00,SHORT,105076.7,105286.86,SL,-0.1175,11.6312,2025-01
2025-01-30 13:15:00+00:00,2025-01-30 13:30:00+00:00,LONG,105332.94,105122.27,SL,-0.1163,11.5149,2025-01
2025-01-30 14:00:00+00:00,2025-01-30 14:05:00+00:00,SHORT,104732.12,104941.58,SL,-0.1151,11.3998,2025-01
2025-01-30 14:45:00+00:00,2025-01-30 15:25:00+00:00,LONG,105822.81,105611.17,SL,-0.114,11.2858,2025-01
2025-01-30 17:25:00+00:00,2025-01-30 17:55:00+00:00,SHORT,105089.72,105299.9,SL,-0.1129,11.1729,2025-01
2025-01-30 18:55:00+00:00,2025-01-30 19:15:00+00:00,LONG,105621.18,105409.94,SL,-0.1117,11.0612,2025-01
2025-01-30 20:35:00+00:00,2025-01-30 22:40:00+00:00,SHORT,105051.08,105261.18,SL,-0.1106,10.9506,2025-01
2025-01-31 00:45:00+00:00,2025-01-31 01:05:00+00:00,LONG,105013.99,104803.96,SL,-0.1095,10.8411,2025-01
2025-01-31 01:20:00+00:00,2025-01-31 01:50:00+00:00,SHORT,104476.36,104685.32,SL,-0.1084,10.7327,2025-01
2025-01-31 04:25:00+00:00,2025-01-31 04:35:00+00:00,LONG,104542.16,104333.08,SL,-0.1073,10.6253,2025-01
2025-01-31 04:50:00+00:00,2025-01-31 05:00:00+00:00,SHORT,103950.84,104158.74,SL,-0.1063,10.5191,2025-01
2025-01-31 05:15:00+00:00,2025-01-31 05:45:00+00:00,LONG,104493.37,104284.38,SL,-0.1052,10.4139,2025-01
2025-01-31 07:35:00+00:00,2025-01-31 11:10:00+00:00,SHORT,104329.76,104538.42,SL,-0.1041,10.3097,2025-01
2025-01-31 14:20:00+00:00,2025-01-31 15:10:00+00:00,SHORT,104516.16,104725.19,SL,-0.1031,10.2066,2025-01
2025-01-31 15:20:00+00:00,2025-01-31 15:35:00+00:00,LONG,105023.96,105549.08,TP,0.2552,10.4618,2025-01
2025-01-31 16:25:00+00:00,2025-01-31 16:40:00+00:00,SHORT,104762.09,104971.61,SL,-0.1046,10.3572,2025-01
2025-01-31 22:25:00+00:00,2025-01-31 22:50:00+00:00,LONG,102407.01,102202.19,SL,-0.1036,10.2536,2025-01
2025-02-01 02:55:00+00:00,2025-02-01 09:00:00+00:00,SHORT,102426.78,101914.65,TP,0.2563,10.51,2025-02
2025-02-01 10:20:00+00:00,2025-02-01 10:45:00+00:00,LONG,101968.07,101764.13,SL,-0.1051,10.4049,2025-02
2025-02-01 13:45:00+00:00,2025-02-01 17:20:00+00:00,SHORT,102022.71,102226.76,SL,-0.104,10.3008,2025-02
2025-02-01 18:45:00+00:00,2025-02-01 20:05:00+00:00,SHORT,101984.48,101474.56,TP,0.2575,10.5583,2025-02
2025-02-02 00:25:00+00:00,2025-02-02 02:05:00+00:00,LONG,101190.93,100988.55,SL,-0.1056,10.4528,2025-02
2025-02-02 02:05:00+00:00,2025-02-02 03:05:00+00:00,SHORT,100903.07,100398.56,TP,0.2613,10.7141,2025-02
2025-02-02 05:35:00+00:00,2025-02-02 07:15:00+00:00,LONG,100270.85,100070.31,SL,-0.1071,10.6069,2025-02
2025-02-02 07:25:00+00:00,2025-02-02 10:10:00+00:00,SHORT,99846.5,99347.26,TP,0.2652,10.8721,2025-02
2025-02-02 14:05:00+00:00,2025-02-02 15:25:00+00:00,LONG,99104.11,98905.9,SL,-0.1087,10.7634,2025-02
2025-02-02 16:35:00+00:00,2025-02-02 17:15:00+00:00,SHORT,98684.32,98190.9,TP,0.2691,11.0325,2025-02
2025-02-02 19:45:00+00:00,2025-02-02 19:50:00+00:00,LONG,98551.96,98354.85,SL,-0.1103,10.9221,2025-02
2025-02-02 21:10:00+00:00,2025-02-02 21:25:00+00:00,SHORT,97520.84,97033.23,TP,0.2731,11.1952,2025-02
2025-02-02 22:55:00+00:00,2025-02-02 23:00:00+00:00,LONG,98033.66,97837.59,SL,-0.112,11.0832,2025-02
2025-02-03 00:15:00+00:00,2025-02-03 00:25:00+00:00,SHORT,96544.04,96737.13,SL,-0.1108,10.9724,2025-02
2025-02-03 05:55:00+00:00,2025-02-03 06:00:00+00:00,LONG,94253.69,94065.18,SL,-0.1097,10.8627,2025-02
2025-02-03 12:50:00+00:00,2025-02-03 13:25:00+00:00,SHORT,94884.93,94410.51,TP,0.2716,11.1343,2025-02
2025-02-03 14:30:00+00:00,2025-02-03 14:50:00+00:00,LONG,96128.21,95935.95,SL,-0.1113,11.0229,2025-02
2025-02-04 00:50:00+00:00,2025-02-04 01:25:00+00:00,SHORT,101039.58,101241.66,SL,-0.1102,10.9127,2025-02
2025-02-04 01:40:00+00:00,2025-02-04 02:00:00+00:00,LONG,101581.6,101378.43,SL,-0.1091,10.8036,2025-02
2025-02-04 02:50:00+00:00,2025-02-04 04:05:00+00:00,SHORT,100889.17,100384.72,TP,0.2701,11.0736,2025-02
2025-02-04 11:00:00+00:00,2025-02-04 11:55:00+00:00,LONG,99230.88,99032.41,SL,-0.1107,10.9629,2025-02
2025-02-04 14:10:00+00:00,2025-02-04 14:15:00+00:00,SHORT,98643.93,98841.21,SL,-0.1096,10.8533,2025-02
2025-02-04 14:30:00+00:00,2025-02-04 14:45:00+00:00,LONG,100089.95,99889.77,SL,-0.1085,10.7447,2025-02
2025-02-04 19:45:00+00:00,2025-02-04 19:50:00+00:00,SHORT,99546.42,99048.68,TP,0.2686,11.0134,2025-02
2025-02-04 22:45:00+00:00,2025-02-04 23:25:00+00:00,LONG,97759.04,97563.52,SL,-0.1101,10.9032,2025-02
2025-02-05 01:50:00+00:00,2025-02-05 02:20:00+00:00,SHORT,97820.86,97331.75,TP,0.2726,11.1758,2025-02
2025-02-05 04:40:00+00:00,2025-02-05 04:55:00+00:00,LONG,98287.3,98090.72,SL,-0.1118,11.0641,2025-02
2025-02-05 05:35:00+00:00,2025-02-05 05:45:00+00:00,SHORT,97735.81,97931.28,SL,-0.1106,10.9534,2025-02
2025-02-05 05:50:00+00:00,2025-02-05 06:05:00+00:00,LONG,98289.3,98092.72,SL,-0.1095,10.8439,2025-02
2025-02-05 07:00:00+00:00,2025-02-05 07:25:00+00:00,SHORT,97397.84,97592.63,SL,-0.1084,10.7354,2025-02
2025-02-05 07:50:00+00:00,2025-02-05 08:35:00+00:00,LONG,97982.84,97786.87,SL,-0.1074,10.6281,2025-02
2025-02-05 09:30:00+00:00,2025-02-05 10:15:00+00:00,SHORT,97381.41,97576.17,SL,-0.1063,10.5218,2025-02
2025-02-05 10:20:00+00:00,2025-02-05 12:15:00+00:00,LONG,97870.84,98360.2,TP,0.263,10.7849,2025-02
2025-02-05 15:00:00+00:00,2025-02-05 15:10:00+00:00,SHORT,97875.07,98070.82,SL,-0.1078,10.677,2025-02
2025-02-05 20:00:00+00:00,2025-02-05 20:40:00+00:00,LONG,97564.04,97368.91,SL,-0.1068,10.5702,2025-02
2025-02-05 20:40:00+00:00,2025-02-05 20:45:00+00:00,SHORT,96864.94,97058.67,SL,-0.1057,10.4645,2025-02
2025-02-06 01:05:00+00:00,2025-02-06 04:20:00+00:00,LONG,97147.43,97633.17,TP,0.2616,10.7261,2025-02
2025-02-06 11:30:00+00:00,2025-02-06 11:35:00+00:00,SHORT,98381.84,98578.61,SL,-0.1073,10.6189,2025-02
2025-02-06 11:45:00+00:00,2025-02-06 11:55:00+00:00,LONG,99155.41,98957.1,SL,-0.1062,10.5127,2025-02
2025-02-06 12:30:00+00:00,2025-02-06 12:40:00+00:00,SHORT,98316.96,98513.59,SL,-0.1051,10.4076,2025-02
2025-02-06 13:35:00+00:00,2025-02-06 13:40:00+00:00,LONG,98778.64,98581.08,SL,-0.1041,10.3035,2025-02
2025-02-06 14:50:00+00:00,2025-02-06 15:30:00+00:00,SHORT,97886.83,97397.4,TP,0.2576,10.5611,2025-02
2025-02-06 20:35:00+00:00,2025-02-06 21:15:00+00:00,LONG,96742.7,96549.22,SL,-0.1056,10.4555,2025-02
2025-02-06 22:10:00+00:00,2025-02-06 22:20:00+00:00,SHORT,96154.59,96346.9,SL,-0.1046,10.3509,2025-02
2025-02-07 01:50:00+00:00,2025-02-07 01:55:00+00:00,LONG,97785.04,97589.47,SL,-0.1035,10.2474,2025-02
2025-02-07 05:05:00+00:00,2025-02-07 06:25:00+00:00,SHORT,97335.78,96849.1,TP,0.2562,10.5036,2025-02
2025-02-07 09:00:00+00:00,2025-02-07 11:55:00+00:00,LONG,97229.06,97715.2,TP,0.2626,10.7662,2025-02
2025-02-07 13:30:00+00:00,2025-02-07 13:35:00+00:00,SHORT,97526.98,97722.04,SL,-0.1077,10.6585,2025-02
2025-02-07 13:35:00+00:00,2025-02-07 13:55:00+00:00,LONG,98147.29,98638.03,TP,0.2665,10.925,2025-02
2025-02-07 15:00:00+00:00,2025-02-07 15:05:00+00:00,SHORT,98835.45,99033.12,SL,-0.1092,10.8157,2025-02
2025-02-07 23:30:00+00:00,2025-02-08 05:05:00+00:00,LONG,96380.21,96187.45,SL,-0.1082,10.7076,2025-02
2025-02-08 07:35:00+00:00,2025-02-08 08:35:00+00:00,LONG,96258.35,96065.83,SL,-0.1071,10.6005,2025-02
2025-02-08 08:50:00+00:00,2025-02-08 09:00:00+00:00,SHORT,95841.34,96033.02,SL,-0.106,10.4945,2025-02
2025-02-08 10:20:00+00:00,2025-02-08 10:50:00+00:00,LONG,96280.5,96087.94,SL,-0.1049,10.3895,2025-02
2025-02-08 11:15:00+00:00,2025-02-08 12:00:00+00:00,SHORT,95979.44,96171.4,SL,-0.1039,10.2857,2025-02
2025-02-08 12:00:00+00:00,2025-02-08 12:20:00+00:00,LONG,96223.21,96030.77,SL,-0.1029,10.1828,2025-02
2025-02-08 14:15:00+00:00,2025-02-08 15:05:00+00:00,SHORT,95981.48,96173.45,SL,-0.1018,10.081,2025-02
2025-02-08 16:55:00+00:00,2025-02-08 19:30:00+00:00,LONG,96170.52,96651.38,TP,0.252,10.333,2025-02
2025-02-08 20:10:00+00:00,2025-02-08 22:00:00+00:00,SHORT,96381.42,96574.18,SL,-0.1033,10.2297,2025-02
2025-02-08 23:55:00+00:00,2025-02-09 01:10:00+00:00,SHORT,96406.16,96598.97,SL,-0.1023,10.1274,2025-02
2025-02-09 01:10:00+00:00,2025-02-09 03:45:00+00:00,LONG,96746.69,97230.43,TP,0.2532,10.3805,2025-02
2025-02-09 06:00:00+00:00,2025-02-09 07:30:00+00:00,SHORT,96868.51,97062.24,SL,-0.1038,10.2767,2025-02
2025-02-09 07:30:00+00:00,2025-02-09 09:15:00+00:00,LONG,97152.14,96957.83,SL,-0.1028,10.174,2025-02
2025-02-09 15:15:00+00:00,2025-02-09 17:15:00+00:00,LONG,96409.1,96216.28,SL,-0.1017,10.0722,2025-02
2025-02-09 17:15:00+00:00,2025-02-09 20:25:00+00:00,SHORT,96171.92,96364.26,SL,-0.1007,9.9715,2025-02
2025-02-09 20:25:00+00:00,2025-02-09 20:50:00+00:00,LONG,96544.22,96351.13,SL,-0.0997,9.8718,2025-02
2025-02-09 21:15:00+00:00,2025-02-09 21:35:00+00:00,SHORT,96006.43,95526.4,TP,0.2468,10.1186,2025-02
2025-02-09 22:25:00+00:00,2025-02-09 22:40:00+00:00,LONG,95766.06,96244.89,TP,0.253,10.3716,2025-02
2025-02-10 01:15:00+00:00,2025-02-10 01:40:00+00:00,SHORT,96232.97,95751.81,TP,0.2593,10.6308,2025-02
2025-02-10 03:25:00+00:00,2025-02-10 03:35:00+00:00,LONG,96420.69,96902.8,TP,0.2658,10.8966,2025-02
2025-02-10 06:10:00+00:00,2025-02-10 06:20:00+00:00,SHORT,96797.0,96990.59,SL,-0.109,10.7877,2025-02
2025-02-10 08:05:00+00:00,2025-02-10 08:20:00+00:00,LONG,97815.1,97619.47,SL,-0.1079,10.6798,2025-02
2025-02-10 12:30:00+00:00,2025-02-10 13:10:00+00:00,SHORT,97369.02,97563.75,SL,-0.1068,10.573,2025-02
2025-02-10 13:40:00+00:00,2025-02-10 14:35:00+00:00,LONG,97795.11,97599.52,SL,-0.1057,10.4672,2025-02
2025-02-10 14:35:00+00:00,2025-02-10 15:35:00+00:00,SHORT,97395.03,96908.05,TP,0.2617,10.7289,2025-02
2025-02-10 17:50:00+00:00,2025-02-10 18:15:00+00:00,LONG,97471.37,97276.43,SL,-0.1073,10.6216,2025-02
2025-02-10 19:45:00+00:00,2025-02-10 20:10:00+00:00,SHORT,97227.0,97421.46,SL,-0.1062,10.5154,2025-02
2025-02-10 22:25:00+00:00,2025-02-10 22:35:00+00:00,LONG,97529.7,97334.64,SL,-0.1052,10.4103,2025-02
2025-02-11 02:25:00+00:00,2025-02-11 04:35:00+00:00,SHORT,97595.46,97790.65,SL,-0.1041,10.3062,2025-02
2025-02-11 04:35:00+00:00,2025-02-11 05:55:00+00:00,LONG,97872.52,98361.89,TP,0.2577,10.5638,2025-02
2025-02-11 08:20:00+00:00,2025-02-11 13:25:00+00:00,SHORT,98112.9,97622.33,TP,0.2641,10.8279,2025-02
2025-02-11 21:15:00+00:00,2025-02-11 21:35:00+00:00,LONG,95663.79,96142.11,TP,0.2707,11.0986,2025-02
2025-02-11 22:50:00+00:00,2025-02-11 23:25:00+00:00,SHORT,95717.03,95908.46,SL,-0.111,10.9876,2025-02
2025-02-12 01:00:00+00:00,2025-02-12 01:10:00+00:00,LONG,96178.46,95986.1,SL,-0.1099,10.8778,2025-02
2025-02-12 02:45:00+00:00,2025-02-12 03:05:00+00:00,SHORT,95784.1,95305.18,TP,0.2719,11.1497,2025-02
2025-02-12 05:10:00+00:00,2025-02-12 08:40:00+00:00,LONG,95811.89,96290.95,TP,0.2787,11.4284,2025-02
2025-02-12 09:20:00+00:00,2025-02-12 11:35:00+00:00,SHORT,96047.07,96239.16,SL,-0.1143,11.3142,2025-02
2025-02-12 12:55:00+00:00,2025-02-12 13:15:00+00:00,SHORT,95944.58,96136.47,SL,-0.1131,11.201,2025-02
2025-02-12 13:15:00+00:00,2025-02-12 13:30:00+00:00,LONG,96338.52,96145.84,SL,-0.112,11.089,2025-02
2025-02-12 13:30:00+00:00,2025-02-12 13:35:00+00:00,SHORT,94853.34,94379.08,TP,0.2772,11.3662,2025-02
2025-02-12 15:20:00+00:00,2025-02-12 15:25:00+00:00,LONG,95912.35,95720.52,SL,-0.1137,11.2526,2025-02
2025-02-12 21:00:00+00:00,2025-02-12 21:05:00+00:00,SHORT,96851.11,97044.82,SL,-0.1125,11.14,2025-02
2025-02-12 21:15:00+00:00,2025-02-13 04:25:00+00:00,LONG,97572.59,97377.45,SL,-0.1114,11.0286,2025-02
2025-02-13 15:15:00+00:00,2025-02-13 15:25:00+00:00,LONG,96234.56,96042.09,SL,-0.1103,10.9184,2025-02
2025-02-13 16:25:00+00:00,2025-02-13 17:05:00+00:00,SHORT,95421.29,95612.13,SL,-0.1092,10.8092,2025-02
2025-02-13 19:00:00+00:00,2025-02-13 19:20:00+00:00,LONG,96275.52,96082.97,SL,-0.1081,10.7011,2025-02
2025-02-13 19:35:00+00:00,2025-02-13 20:00:00+00:00,SHORT,95630.73,95821.99,SL,-0.107,10.5941,2025-02
2025-02-13 20:15:00+00:00,2025-02-13 21:35:00+00:00,LONG,96235.19,96716.36,TP,0.2649,10.8589,2025-02
2025-02-14 01:30:00+00:00,2025-02-14 02:05:00+00:00,SHORT,96440.86,96633.74,SL,-0.1086,10.7503,2025-02
2025-02-14 03:45:00+00:00,2025-02-14 04:10:00+00:00,LONG,97121.82,96927.58,SL,-0.1075,10.6428,2025-02
2025-02-14 04:55:00+00:00,2025-02-14 07:05:00+00:00,SHORT,96711.3,96904.72,SL,-0.1064,10.5364,2025-02
2025-02-14 07:05:00+00:00,2025-02-14 12:00:00+00:00,LONG,96956.23,96762.31,SL,-0.1054,10.431,2025-02
2025-02-14 13:30:00+00:00,2025-02-14 13:40:00+00:00,LONG,96987.68,96793.7,SL,-0.1043,10.3267,2025-02
2025-02-14 15:10:00+00:00,2025-02-14 15:50:00+00:00,SHORT,96613.71,96806.94,SL,-0.1033,10.2235,2025-02
2025-02-14 16:55:00+00:00,2025-02-14 17:00:00+00:00,LONG,97697.76,97502.37,SL,-0.1022,10.1212,2025-02
2025-02-14 19:30:00+00:00,2025-02-14 19:35:00+00:00,SHORT,97787.61,97983.18,SL,-0.1012,10.02,2025-02
2025-02-15 01:00:00+00:00,2025-02-15 07:15:00+00:00,LONG,97608.42,97413.2,SL,-0.1002,9.9198,2025-02
2025-02-15 08:30:00+00:00,2025-02-15 17:35:00+00:00,LONG,97572.35,97377.21,SL,-0.0992,9.8206,2025-02
2025-02-15 18:45:00+00:00,2025-02-16 07:05:00+00:00,LONG,97601.7,97406.49,SL,-0.0982,9.7224,2025-02
2025-02-16 09:40:00+00:00,2025-02-16 12:45:00+00:00,LONG,97341.55,97146.87,SL,-0.0972,9.6252,2025-02
2025-02-16 17:10:00+00:00,2025-02-16 17:50:00+00:00,LONG,97177.74,96983.38,SL,-0.0963,9.5289,2025-02
2025-02-16 18:00:00+00:00,2025-02-16 19:30:00+00:00,SHORT,96877.14,97070.9,SL,-0.0953,9.4336,2025-02
2025-02-16 19:30:00+00:00,2025-02-16 20:45:00+00:00,LONG,97128.84,96934.58,SL,-0.0943,9.3393,2025-02
2025-02-16 20:45:00+00:00,2025-02-16 21:30:00+00:00,SHORT,96858.79,97052.51,SL,-0.0934,9.2459,2025-02
2025-02-16 21:35:00+00:00,2025-02-16 22:20:00+00:00,LONG,97237.51,97043.03,SL,-0.0925,9.1535,2025-02
2025-02-16 22:25:00+00:00,2025-02-16 23:10:00+00:00,SHORT,96844.99,96360.76,TP,0.2288,9.3823,2025-02
2025-02-17 02:00:00+00:00,2025-02-17 02:10:00+00:00,LONG,96618.69,96425.45,SL,-0.0938,9.2885,2025-02
2025-02-17 02:50:00+00:00,2025-02-17 06:05:00+00:00,SHORT,96150.34,96342.65,SL,-0.0929,9.1956,2025-02
2025-02-17 07:20:00+00:00,2025-02-17 08:45:00+00:00,SHORT,96064.18,96256.31,SL,-0.092,9.1036,2025-02
2025-02-17 08:45:00+00:00,2025-02-17 09:00:00+00:00,LONG,96325.91,96133.26,SL,-0.091,9.0126,2025-02
2025-02-17 10:50:00+00:00,2025-02-17 11:05:00+00:00,SHORT,96045.33,96237.42,SL,-0.0901,8.9225,2025-02
2025-02-17 12:15:00+00:00,2025-02-17 14:10:00+00:00,LONG,96354.55,96836.32,TP,0.2231,9.1455,2025-02
2025-02-17 15:30:00+00:00,2025-02-17 15:55:00+00:00,SHORT,96205.88,95724.85,TP,0.2286,9.3742,2025-02
2025-02-17 20:05:00+00:00,2025-02-17 21:50:00+00:00,LONG,95744.23,96222.95,TP,0.2344,9.6085,2025-02
2025-02-17 22:50:00+00:00,2025-02-18 01:15:00+00:00,SHORT,95803.85,95995.46,SL,-0.0961,9.5124,2025-02
2025-02-18 04:50:00+00:00,2025-02-18 06:05:00+00:00,SHORT,95949.1,95469.35,TP,0.2378,9.7502,2025-02
2025-02-18 09:20:00+00:00,2025-02-18 13:00:00+00:00,LONG,95736.39,96215.07,TP,0.2438,9.994,2025-02
2025-02-18 14:40:00+00:00,2025-02-18 15:15:00+00:00,SHORT,95902.94,95423.43,TP,0.2498,10.2438,2025-02
2025-02-18 19:45:00+00:00,2025-02-18 19:55:00+00:00,LONG,94404.2,94215.39,SL,-0.1024,10.1414,2025-02
2025-02-19 01:10:00+00:00,2025-02-19 01:55:00+00:00,SHORT,95176.92,95367.28,SL,-0.1014,10.04,2025-02
2025-02-19 02:00:00+00:00,2025-02-19 04:55:00+00:00,LONG,95563.11,95371.98,SL,-0.1004,9.9396,2025-02
2025-02-19 06:45:00+00:00,2025-02-19 10:00:00+00:00,LONG,95546.13,96023.86,TP,0.2485,10.1881,2025-02
2025-02-19 12:50:00+00:00,2025-02-19 13:35:00+00:00,SHORT,96187.76,96380.14,SL,-0.1019,10.0862,2025-02
2025-02-19 14:30:00+00:00,2025-02-19 14:35:00+00:00,LONG,96680.12,96486.76,SL,-0.1009,9.9853,2025-02
2025-02-19 14:40:00+00:00,2025-02-19 15:30:00+00:00,SHORT,95967.07,96159.0,SL,-0.0999,9.8855,2025-02
2025-02-19 19:20:00+00:00,2025-02-19 23:00:00+00:00,LONG,96093.4,96573.87,TP,0.2471,10.1326,2025-02
2025-02-20 05:50:00+00:00,2025-02-20 08:50:00+00:00,SHORT,96867.28,97061.01,SL,-0.1013,10.0313,2025-02
2025-02-20 11:35:00+00:00,2025-02-20 12:05:00+00:00,SHORT,97131.68,97325.95,SL,-0.1003,9.931,2025-02
2025-02-20 12:05:00+00:00,2025-02-20 13:35:00+00:00,LONG,97492.71,97297.73,SL,-0.0993,9.8317,2025-02
2025-02-20 13:35:00+00:00,2025-02-20 13:50:00+00:00,SHORT,97251.97,97446.48,SL,-0.0983,9.7334,2025-02
2025-02-20 13:55:00+00:00,2025-02-20 14:45:00+00:00,LONG,97601.21,97406.01,SL,-0.0973,9.636,2025-02
2025-02-20 14:45:00+00:00,2025-02-20 16:20:00+00:00,SHORT,97347.05,97541.74,SL,-0.0964,9.5397,2025-02
2025-02-20 16:20:00+00:00,2025-02-20 18:00:00+00:00,LONG,97695.05,98183.53,TP,0.2385,9.7782,2025-02
2025-02-20 21:20:00+00:00,2025-02-20 23:30:00+00:00,SHORT,98182.94,98379.31,SL,-0.0978,9.6804,2025-02
2025-02-20 23:30:00+00:00,2025-02-21 00:40:00+00:00,LONG,98468.29,98271.35,SL,-0.0968,9.5836,2025-02
2025-02-21 00:40:00+00:00,2025-02-21 01:45:00+00:00,SHORT,98099.7,98295.9,SL,-0.0958,9.4877,2025-02
2025-02-21 05:30:00+00:00,2025-02-21 07:55:00+00:00,LONG,98382.79,98186.02,SL,-0.0949,9.3929,2025-02
2025-02-21 09:15:00+00:00,2025-02-21 09:20:00+00:00,LONG,98913.52,98715.69,SL,-0.0939,9.2989,2025-02
2025-02-21 09:40:00+00:00,2025-02-21 10:05:00+00:00,SHORT,98175.43,98371.78,SL,-0.093,9.2059,2025-02
2025-02-21 11:20:00+00:00,2025-02-21 12:05:00+00:00,LONG,98818.72,98621.08,SL,-0.0921,9.1139,2025-02
2025-02-21 14:30:00+00:00,2025-02-21 15:00:00+00:00,SHORT,98722.49,98919.93,SL,-0.0911,9.0227,2025-02
2025-02-21 22:25:00+00:00,2025-02-22 01:20:00+00:00,LONG,95815.32,96294.4,TP,0.2256,9.2483,2025-02
2025-02-22 02:05:00+00:00,2025-02-22 02:35:00+00:00,SHORT,96140.76,96333.04,SL,-0.0925,9.1558,2025-02
2025-02-22 02:35:00+00:00,2025-02-22 03:05:00+00:00,LONG,96443.22,96250.34,SL,-0.0916,9.0643,2025-02
2025-02-22 06:35:00+00:00,2025-02-22 10:05:00+00:00,SHORT,96324.87,96517.52,SL,-0.0906,8.9736,2025-02
2025-02-22 13:55:00+00:00,2025-02-22 16:10:00+00:00,SHORT,96527.4,96720.46,SL,-0.0897,8.8839,2025-02
2025-02-22 18:50:00+00:00,2025-02-22 19:25:00+00:00,SHORT,96392.11,96584.89,SL,-0.0888,8.7951,2025-02
2025-02-22 22:00:00+00:00,2025-02-23 00:10:00+00:00,LONG,96710.42,96517.0,SL,-0.088,8.7071,2025-02
2025-02-23 00:55:00+00:00,2025-02-23 01:30:00+00:00,LONG,96682.12,96488.75,SL,-0.0871,8.62,2025-02
2025-02-23 01:30:00+00:00,2025-02-23 12:15:00+00:00,SHORT,96398.4,95916.4,TP,0.2155,8.8355,2025-02
2025-02-23 13:55:00+00:00,2025-02-23 14:35:00+00:00,LONG,96016.35,95824.32,SL,-0.0884,8.7472,2025-02
2025-02-23 14:45:00+00:00,2025-02-23 17:25:00+00:00,SHORT,95745.6,95266.87,TP,0.2187,8.9659,2025-02
2025-02-23 17:35:00+00:00,2025-02-23 23:10:00+00:00,LONG,95598.72,96076.72,TP,0.2241,9.19,2025-02
2025-02-24 01:30:00+00:00,2025-02-24 02:05:00+00:00,SHORT,95928.02,96119.88,SL,-0.0919,9.0981,2025-02
2025-02-24 05:30:00+00:00,2025-02-24 08:25:00+00:00,LONG,95688.26,95496.88,SL,-0.091,9.0071,2025-02
2025-02-24 09:20:00+00:00,2025-02-24 09:45:00+00:00,LONG,95850.1,95658.4,SL,-0.0901,8.917,2025-02
2025-02-24 09:45:00+00:00,2025-02-24 09:55:00+00:00,SHORT,95531.36,95722.42,SL,-0.0892,8.8279,2025-02
2025-02-24 11:50:00+00:00,2025-02-24 12:00:00+00:00,LONG,95888.35,95696.57,SL,-0.0883,8.7396,2025-02
2025-02-24 13:00:00+00:00,2025-02-24 13:10:00+00:00,SHORT,95400.49,95591.3,SL,-0.0874,8.6522,2025-02
2025-02-24 17:15:00+00:00,2025-02-24 17:50:00+00:00,LONG,94978.31,94788.35,SL,-0.0865,8.5657,2025-02
2025-02-24 18:40:00+00:00,2025-02-24 19:40:00+00:00,SHORT,94321.79,93850.18,TP,0.2141,8.7798,2025-02
2025-02-25 02:45:00+00:00,2025-02-25 03:05:00+00:00,LONG,92507.0,92321.98,SL,-0.0878,8.692,2025-02
2025-02-25 06:05:00+00:00,2025-02-25 06:50:00+00:00,SHORT,91751.86,91293.11,TP,0.2173,8.9093,2025-02
2025-02-25 11:40:00+00:00,2025-02-25 12:20:00+00:00,LONG,88884.4,89328.82,TP,0.2227,9.1321,2025-02
2025-02-25 14:35:00+00:00,2025-02-25 14:45:00+00:00,SHORT,88448.53,88006.28,TP,0.2283,9.3604,2025-02
2025-02-25 19:55:00+00:00,2025-02-25 20:00:00+00:00,LONG,87982.43,87806.46,SL,-0.0936,9.2668,2025-02
2025-02-26 00:05:00+00:00,2025-02-26 01:50:00+00:00,SHORT,88482.6,88659.57,SL,-0.0927,9.1741,2025-02
2025-02-26 04:55:00+00:00,2025-02-26 06:45:00+00:00,SHORT,88658.47,88835.79,SL,-0.0917,9.0823,2025-02
2025-02-26 07:10:00+00:00,2025-02-26 07:30:00+00:00,LONG,89134.38,88956.11,SL,-0.0908,8.9915,2025-02
2025-02-26 07:35:00+00:00,2025-02-26 07:50:00+00:00,SHORT,88553.14,88730.25,SL,-0.0899,8.9016,2025-02
2025-02-26 09:20:00+00:00,2025-02-26 11:30:00+00:00,LONG,89000.16,88822.16,SL,-0.089,8.8126,2025-02
2025-02-26 11:30:00+00:00,2025-02-26 12:15:00+00:00,SHORT,88764.48,88320.66,TP,0.2203,9.0329,2025-02
2025-02-26 14:45:00+00:00,2025-02-26 15:05:00+00:00,LONG,87338.32,87775.01,TP,0.2258,9.2587,2025-02
2025-02-26 16:15:00+00:00,2025-02-26 16:25:00+00:00,SHORT,86550.75,86723.85,SL,-0.0926,9.1661,2025-02
2025-02-26 21:20:00+00:00,2025-02-26 21:25:00+00:00,LONG,84976.07,84806.11,SL,-0.0917,9.0745,2025-02
2025-02-27 02:55:00+00:00,2025-02-27 03:00:00+00:00,SHORT,84261.48,84430.0,SL,-0.0907,8.9837,2025-02
2025-02-27 03:45:00+00:00,2025-02-27 04:10:00+00:00,LONG,85234.08,85063.61,SL,-0.0898,8.8939,2025-02
2025-02-27 12:15:00+00:00,2025-02-27 12:25:00+00:00,SHORT,86258.19,86430.71,SL,-0.0889,8.805,2025-02
2025-02-27 21:15:00+00:00,2025-02-27 21:20:00+00:00,LONG,84207.37,84038.95,SL,-0.088,8.7169,2025-02
2025-02-28 00:55:00+00:00,2025-02-28 01:00:00+00:00,SHORT,84224.95,84393.4,SL,-0.0872,8.6297,2025-02
2025-02-28 09:20:00+00:00,2025-02-28 09:25:00+00:00,LONG,79792.84,80191.81,TP,0.2157,8.8455,2025-02
2025-02-28 18:15:00+00:00,2025-02-28 18:25:00+00:00,SHORT,83348.25,83514.94,SL,-0.0885,8.757,2025-02
2025-02-28 18:35:00+00:00,2025-02-28 18:40:00+00:00,LONG,84599.51,84430.31,SL,-0.0876,8.6695,2025-02
2025-02-28 20:20:00+00:00,2025-02-28 20:25:00+00:00,SHORT,83710.75,83878.17,SL,-0.0867,8.5828,2025-02
2025-02-28 23:45:00+00:00,2025-02-28 23:55:00+00:00,LONG,84539.16,84370.08,SL,-0.0858,8.4969,2025-02
2025-03-01 00:45:00+00:00,2025-03-01 01:40:00+00:00,SHORT,84015.91,84183.94,SL,-0.085,8.412,2025-03
2025-03-01 01:40:00+00:00,2025-03-01 02:25:00+00:00,LONG,84552.67,84975.43,TP,0.2103,8.6223,2025-03
2025-03-01 05:45:00+00:00,2025-03-01 06:30:00+00:00,SHORT,85644.98,85216.75,TP,0.2156,8.8378,2025-03
2025-03-01 08:15:00+00:00,2025-03-01 10:35:00+00:00,LONG,85245.54,85075.05,SL,-0.0884,8.7494,2025-03
2025-03-01 10:35:00+00:00,2025-03-01 11:10:00+00:00,SHORT,85017.85,84592.76,TP,0.2187,8.9682,2025-03
2025-03-01 13:00:00+00:00,2025-03-01 13:05:00+00:00,LONG,84967.85,84797.92,SL,-0.0897,8.8785,2025-03
2025-03-01 13:45:00+00:00,2025-03-01 14:00:00+00:00,SHORT,84373.44,84542.18,SL,-0.0888,8.7897,2025-03
2025-03-01 16:10:00+00:00,2025-03-01 19:30:00+00:00,LONG,84985.44,85410.37,TP,0.2197,9.0095,2025-03
2025-03-02 02:30:00+00:00,2025-03-02 03:00:00+00:00,SHORT,85772.67,85944.21,SL,-0.0901,8.9194,2025-03
2025-03-02 05:20:00+00:00,2025-03-02 06:45:00+00:00,LONG,86004.98,86435.0,TP,0.223,9.1423,2025-03
2025-03-02 08:05:00+00:00,2025-03-02 09:30:00+00:00,SHORT,85833.65,86005.32,SL,-0.0914,9.0509,2025-03
2025-03-02 11:30:00+00:00,2025-03-02 12:00:00+00:00,LONG,86254.71,86082.2,SL,-0.0905,8.9604,2025-03
2025-03-02 12:10:00+00:00,2025-03-02 12:45:00+00:00,SHORT,85781.25,85952.82,SL,-0.0896,8.8708,2025-03
2025-03-02 15:25:00+00:00,2025-03-02 15:30:00+00:00,LONG,86465.64,86897.97,TP,0.2218,9.0926,2025-03
2025-03-03 00:05:00+00:00,2025-03-03 01:00:00+00:00,SHORT,93748.51,93279.76,TP,0.2273,9.3199,2025-03
2025-03-03 05:35:00+00:00,2025-03-03 06:05:00+00:00,LONG,93247.27,93060.78,SL,-0.0932,9.2267,2025-03
2025-03-03 06:20:00+00:00,2025-03-03 06:40:00+00:00,SHORT,92754.73,92290.96,TP,0.2307,9.4574,2025-03
2025-03-03 10:35:00+00:00,2025-03-03 12:00:00+00:00,LONG,92452.48,92914.74,TP,0.2364,9.6938,2025-03
2025-03-03 14:35:00+00:00,2025-03-03 14:45:00+00:00,SHORT,91614.86,91156.79,TP,0.2423,9.9361,2025-03
2025-03-03 22:50:00+00:00,2025-03-03 22:55:00+00:00,LONG,87050.42,86876.32,SL,-0.0994,9.8368,2025-03
2025-03-04 01:00:00+00:00,2025-03-04 01:35:00+00:00,SHORT,85674.14,85245.77,TP,0.2459,10.0827,2025-03
2025-03-04 09:10:00+00:00,2025-03-04 09:20:00+00:00,LONG,84076.03,83907.87,SL,-0.1008,9.9819,2025-03
2025-03-04 12:20:00+00:00,2025-03-04 12:30:00+00:00,SHORT,83331.22,83497.89,SL,-0.0998,9.8821,2025-03
2025-03-04 14:35:00+00:00,2025-03-04 14:40:00+00:00,LONG,84636.7,84467.43,SL,-0.0988,9.7832,2025-03
2025-03-04 15:20:00+00:00,2025-03-04 15:25:00+00:00,SHORT,81922.11,82085.95,SL,-0.0978,9.6854,2025-03
2025-03-04 17:10:00+00:00,2025-03-04 17:15:00+00:00,LONG,83902.03,84321.54,TP,0.2421,9.9275,2025-03
2025-03-04 20:55:00+00:00,2025-03-04 21:10:00+00:00,SHORT,86790.54,86964.12,SL,-0.0993,9.8283,2025-03
2025-03-04 21:25:00+00:00,2025-03-04 21:30:00+00:00,LONG,88815.26,88637.63,SL,-0.0983,9.73,2025-03
2025-03-05 00:00:00+00:00,2025-03-05 00:40:00+00:00,SHORT,87053.95,86618.68,TP,0.2432,9.9732,2025-03
2025-03-05 01:35:00+00:00,2025-03-05 02:15:00+00:00,LONG,87454.44,87279.53,SL,-0.0997,9.8735,2025-03
2025-03-05 03:55:00+00:00,2025-03-05 04:00:00+00:00,SHORT,86808.66,86982.28,SL,-0.0987,9.7748,2025-03
2025-03-05 06:50:00+00:00,2025-03-05 09:05:00+00:00,LONG,87517.29,87954.88,TP,0.2444,10.0191,2025-03
2025-03-05 13:15:00+00:00,2025-03-05 13:25:00+00:00,SHORT,89560.62,89739.74,SL,-0.1002,9.9189,2025-03
2025-03-05 17:15:00+00:00,2025-03-05 17:25:00+00:00,LONG,89405.75,89852.78,TP,0.248,10.1669,2025-03
2025-03-06 00:30:00+00:00,2025-03-06 01:10:00+00:00,SHORT,90173.92,90354.26,SL,-0.1017,10.0652,2025-03
2025-03-06 01:40:00+00:00,2025-03-06 01:45:00+00:00,LONG,90714.26,91167.83,TP,0.2516,10.3169,2025-03
2025-03-06 06:20:00+00:00,2025-03-06 07:40:00+00:00,SHORT,92051.72,91591.47,TP,0.2579,10.5748,2025-03
2025-03-06 10:20:00+00:00,2025-03-06 11:00:00+00:00,LONG,91363.35,91180.62,SL,-0.1057,10.469,2025-03
2025-03-06 12:15:00+00:00,2025-03-06 12:35:00+00:00,SHORT,90790.44,90336.49,TP,0.2617,10.7308,2025-03
2025-03-06 15:05:00+00:00,2025-03-06 15:10:00+00:00,LONG,90832.33,90650.66,SL,-0.1073,10.6235,2025-03
2025-03-06 16:55:00+00:00,2025-03-06 17:00:00+00:00,SHORT,89280.29,88833.89,TP,0.2656,10.8891,2025-03
2025-03-06 19:45:00+00:00,2025-03-06 19:55:00+00:00,LONG,89210.32,89031.9,SL,-0.1089,10.7802,2025-03
2025-03-07 00:15:00+00:00,2025-03-07 00:20:00+00:00,SHORT,88214.93,87773.86,TP,0.2695,11.0497,2025-03
2025-03-07 01:40:00+00:00,2025-03-07 01:45:00+00:00,LONG,88750.85,88573.34,SL,-0.1105,10.9392,2025-03
2025-03-07 12:40:00+00:00,2025-03-07 12:45:00+00:00,SHORT,88420.61,88597.45,SL,-0.1094,10.8298,2025-03
2025-03-07 13:10:00+00:00,2025-03-07 13:35:00+00:00,LONG,89484.44,89931.86,TP,0.2707,11.1005,2025-03
2025-03-07 15:30:00+00:00,2025-03-07 15:45:00+00:00,SHORT,88526.82,88703.87,SL,-0.111,10.9895,2025-03
2025-03-07 17:50:00+00:00,2025-03-07 17:55:00+00:00,LONG,88579.81,88402.65,SL,-0.1099,10.8796,2025-03
2025-03-07 20:35:00+00:00,2025-03-07 20:40:00+00:00,SHORT,86973.42,87147.36,SL,-0.1088,10.7708,2025-03
2025-03-08 04:30:00+00:00,2025-03-08 05:30:00+00:00,LONG,86367.84,86195.11,SL,-0.1077,10.6631,2025-03
2025-03-08 07:50:00+00:00,2025-03-08 08:00:00+00:00,SHORT,86134.2,86306.47,SL,-0.1066,10.5565,2025-03
2025-03-08 09:30:00+00:00,2025-03-08 09:40:00+00:00,LONG,86444.29,86271.41,SL,-0.1056,10.4509,2025-03
2025-03-08 09:45:00+00:00,2025-03-08 10:25:00+00:00,SHORT,85983.13,86155.1,SL,-0.1045,10.3464,2025-03
2025-03-08 12:30:00+00:00,2025-03-08 16:20:00+00:00,LONG,86259.55,86087.03,SL,-0.1035,10.243,2025-03
2025-03-08 19:25:00+00:00,2025-03-08 22:10:00+00:00,LONG,86364.54,86191.81,SL,-0.1024,10.1405,2025-03
2025-03-08 22:55:00+00:00,2025-03-08 23:35:00+00:00,LONG,86384.54,86211.77,SL,-0.1014,10.0391,2025-03
2025-03-09 01:35:00+00:00,2025-03-09 09:50:00+00:00,SHORT,86119.39,85688.79,TP,0.251,10.2901,2025-03
2025-03-09 18:30:00+00:00,2025-03-09 18:35:00+00:00,LONG,83281.3,83114.74,SL,-0.1029,10.1872,2025-03
2025-03-09 21:15:00+00:00,2025-03-09 21:20:00+00:00,SHORT,82503.35,82090.83,TP,0.2547,10.4419,2025-03
2025-03-10 01:00:00+00:00,2025-03-10 01:05:00+00:00,LONG,81878.16,81714.4,SL,-0.1044,10.3375,2025-03
2025-03-10 05:45:00+00:00,2025-03-10 05:50:00+00:00,SHORT,82136.27,82300.54,SL,-0.1034,10.2341,2025-03
2025-03-10 07:00:00+00:00,2025-03-10 07:05:00+00:00,LONG,82683.06,82517.69,SL,-0.1023,10.1317,2025-03
2025-03-10 08:20:00+00:00,2025-03-10 08:25:00+00:00,SHORT,81817.4,81981.03,SL,-0.1013,10.0304,2025-03
2025-03-10 09:15:00+00:00,2025-03-10 09:20:00+00:00,LONG,83138.71,83554.41,TP,0.2508,10.2812,2025-03
2025-03-10 13:30:00+00:00,2025-03-10 13:40:00+00:00,SHORT,82235.36,82399.83,SL,-0.1028,10.1784,2025-03
2025-03-10 19:30:00+00:00,2025-03-10 19:35:00+00:00,LONG,79491.79,79332.81,SL,-0.1018,10.0766,2025-03
2025-03-10 23:50:00+00:00,2025-03-11 00:00:00+00:00,SHORT,78758.35,78915.87,SL,-0.1008,9.9758,2025-03
2025-03-11 01:40:00+00:00,2025-03-11 01:45:00+00:00,LONG,78978.6,78820.64,SL,-0.0998,9.8761,2025-03
2025-03-11 12:10:00+00:00,2025-03-11 12:15:00+00:00,SHORT,81303.98,81466.58,SL,-0.0988,9.7773,2025-03
2025-03-11 15:10:00+00:00,2025-03-11 15:20:00+00:00,LONG,81258.17,81095.65,SL,-0.0978,9.6795,2025-03
2025-03-11 23:15:00+00:00,2025-03-11 23:55:00+00:00,SHORT,82725.38,82890.83,SL,-0.0968,9.5827,2025-03
2025-03-12 01:35:00+00:00,2025-03-12 01:50:00+00:00,LONG,83284.3,83700.72,TP,0.2396,9.8223,2025-03
2025-03-12 02:20:00+00:00,2025-03-12 03:20:00+00:00,SHORT,82755.59,82341.82,TP,0.2456,10.0679,2025-03
2025-03-12 07:45:00+00:00,2025-03-12 08:10:00+00:00,LONG,82289.57,82701.02,TP,0.2517,10.3196,2025-03
2025-03-12 13:50:00+00:00,2025-03-12 14:30:00+00:00,SHORT,82684.7,82271.28,TP,0.258,10.5775,2025-03
2025-03-12 16:10:00+00:00,2025-03-12 16:20:00+00:00,LONG,82216.94,82052.51,SL,-0.1058,10.4718,2025-03
2025-03-12 17:55:00+00:00,2025-03-12 18:05:00+00:00,SHORT,81811.67,81975.3,SL,-0.1047,10.3671,2025-03
2025-03-12 18:45:00+00:00,2025-03-12 18:50:00+00:00,LONG,82823.01,82657.36,SL,-0.1037,10.2634,2025-03
2025-03-12 21:50:00+00:00,2025-03-12 21:55:00+00:00,SHORT,82849.84,83015.54,SL,-0.1026,10.1607,2025-03
2025-03-12 22:10:00+00:00,2025-03-12 23:50:00+00:00,LONG,83439.07,83856.27,TP,0.254,10.4148,2025-03
2025-03-13 01:00:00+00:00,2025-03-13 01:05:00+00:00,SHORT,83344.15,83510.84,SL,-0.1041,10.3106,2025-03
2025-03-13 01:50:00+00:00,2025-03-13 01:55:00+00:00,LONG,84142.83,83974.55,SL,-0.1031,10.2075,2025-03
2025-03-13 03:40:00+00:00,2025-03-13 05:40:00+00:00,SHORT,83570.13,83152.28,TP,0.2552,10.4627,2025-03
2025-03-13 07:20:00+00:00,2025-03-13 07:35:00+00:00,LONG,83471.29,83304.34,SL,-0.1046,10.3581,2025-03
2025-03-13 08:20:00+00:00,2025-03-13 08:55:00+00:00,SHORT,82754.52,82920.03,SL,-0.1036,10.2545,2025-03
2025-03-13 09:10:00+00:00,2025-03-13 11:10:00+00:00,LONG,83198.83,83032.43,SL,-0.1025,10.1519,2025-03
2025-03-13 11:15:00+00:00,2025-03-13 12:20:00+00:00,SHORT,82861.22,83026.94,SL,-0.1015,10.0504,2025-03
2025-03-13 18:20:00+00:00,2025-03-13 19:20:00+00:00,LONG,80874.76,80713.01,SL,-0.1005,9.9499,2025-03
2025-03-14 00:00:00+00:00,2025-03-14 00:25:00+00:00,SHORT,80949.62,81111.52,SL,-0.0995,9.8504,2025-03
2025-03-14 00:30:00+00:00,2025-03-14 01:40:00+00:00,LONG,81376.54,81783.42,TP,0.2463,10.0967,2025-03
2025-03-14 06:25:00+00:00,2025-03-14 06:50:00+00:00,SHORT,81817.26,81980.89,SL,-0.101,9.9957,2025-03
2025-03-14 07:40:00+00:00,2025-03-14 07:55:00+00:00,LONG,82405.0,82240.19,SL,-0.1,9.8958,2025-03
2025-03-14 14:05:00+00:00,2025-03-14 14:35:00+00:00,SHORT,82989.63,83155.61,SL,-0.099,9.7968,2025-03
2025-03-14 15:05:00+00:00,2025-03-14 15:15:00+00:00,LONG,84151.38,84572.13,TP,0.2449,10.0417,2025-03
2025-03-14 16:30:00+00:00,2025-03-14 16:35:00+00:00,SHORT,84092.85,84261.04,SL,-0.1004,9.9413,2025-03
2025-03-14 19:10:00+00:00,2025-03-14 19:20:00+00:00,LONG,84923.3,84753.45,SL,-0.0994,9.8419,2025-03
2025-03-14 20:10:00+00:00,2025-03-14 20:20:00+00:00,SHORT,84249.42,83828.17,TP,0.246,10.0879,2025-03
2025-03-14 22:15:00+00:00,2025-03-14 23:10:00+00:00,LONG,84438.19,84269.32,SL,-0.1009,9.9871,2025-03
2025-03-14 23:20:00+00:00,2025-03-15 01:05:00+00:00,SHORT,84168.88,84337.22,SL,-0.0999,9.8872,2025-03
2025-03-15 01:30:00+00:00,2025-03-15 02:10:00+00:00,SHORT,84203.45,84371.85,SL,-0.0989,9.7883,2025-03
2025-03-15 02:45:00+00:00,2025-03-15 04:05:00+00:00,LONG,84579.83,84410.67,SL,-0.0979,9.6904,2025-03
2025-03-15 04:10:00+00:00,2025-03-15 04:40:00+00:00,SHORT,84338.79,84507.47,SL,-0.0969,9.5935,2025-03
2025-03-15 05:55:00+00:00,2025-03-15 07:30:00+00:00,SHORT,84232.55,83811.39,TP,0.2398,9.8334,2025-03
2025-03-15 11:25:00+00:00,2025-03-15 17:25:00+00:00,LONG,84041.76,84461.97,TP,0.2458,10.0792,2025-03
2025-03-15 18:35:00+00:00,2025-03-15 20:00:00+00:00,SHORT,84229.49,84397.95,SL,-0.1008,9.9784,2025-03
2025-03-15 20:00:00+00:00,2025-03-15 21:20:00+00:00,LONG,84438.86,84269.98,SL,-0.0998,9.8786,2025-03
2025-03-15 21:30:00+00:00,2025-03-16 00:25:00+00:00,LONG,84451.98,84283.07,SL,-0.0988,9.7798,2025-03
2025-03-16 00:25:00+00:00,2025-03-16 02:05:00+00:00,SHORT,84239.29,83818.09,TP,0.2445,10.0243,2025-03
2025-03-16 03:30:00+00:00,2025-03-16 07:05:00+00:00,LONG,84203.56,84035.15,SL,-0.1002,9.9241,2025-03
2025-03-16 07:35:00+00:00,2025-03-16 09:15:00+00:00,LONG,84348.54,84179.84,SL,-0.0992,9.8249,2025-03
2025-03-16 09:20:00+00:00,2025-03-16 11:00:00+00:00,SHORT,84059.96,83639.66,TP,0.2456,10.0705,2025-03
2025-03-16 13:05:00+00:00,2025-03-16 13:15:00+00:00,LONG,83118.77,82952.54,SL,-0.1007,9.9698,2025-03
2025-03-16 19:10:00+00:00,2025-03-16 21:45:00+00:00,SHORT,83176.17,82760.29,TP,0.2492,10.219,2025-03
2025-03-16 23:40:00+00:00,2025-03-17 01:00:00+00:00,LONG,82655.55,83068.83,TP,0.2555,10.4745,2025-03
2025-03-17 05:00:00+00:00,2025-03-17 06:25:00+00:00,SHORT,83409.35,82992.31,TP,0.2619,10.7364,2025-03
2025-03-17 06:50:00+00:00,2025-03-17 09:25:00+00:00,LONG,83299.65,83716.14,TP,0.2684,11.0048,2025-03
2025-03-17 10:10:00+00:00,2025-03-17 11:20:00+00:00,SHORT,83353.33,83520.03,SL,-0.11,10.8947,2025-03
2025-03-17 11:20:00+00:00,2025-03-17 12:00:00+00:00,LONG,83614.28,83447.05,SL,-0.1089,10.7858,2025-03
2025-03-17 12:15:00+00:00,2025-03-17 12:30:00+00:00,SHORT,83152.74,83319.04,SL,-0.1079,10.6779,2025-03
2025-03-17 13:35:00+00:00,2025-03-17 13:40:00+00:00,LONG,83709.07,83541.65,SL,-0.1068,10.5711,2025-03
2025-03-17 20:20:00+00:00,2025-03-17 22:30:00+00:00,SHORT,84072.16,84240.3,SL,-0.1057,10.4654,2025-03
2025-03-17 23:40:00+00:00,2025-03-18 00:00:00+00:00,LONG,84146.04,83977.75,SL,-0.1047,10.3608,2025-03
2025-03-18 00:25:00+00:00,2025-03-18 01:20:00+00:00,SHORT,83721.85,83303.24,TP,0.259,10.6198,2025-03
2025-03-18 07:00:00+00:00,2025-03-18 08:30:00+00:00,LONG,82895.14,83309.62,TP,0.2655,10.8853,2025-03
2025-03-18 09:50:00+00:00,2025-03-18 12:30:00+00:00,SHORT,82900.92,82486.41,TP,0.2721,11.1574,2025-03
2025-03-18 15:35:00+00:00,2025-03-18 15:40:00+00:00,LONG,82178.21,82013.85,SL,-0.1116,11.0458,2025-03
2025-03-18 18:00:00+00:00,2025-03-18 18:15:00+00:00,SHORT,81343.63,81506.32,SL,-0.1105,10.9354,2025-03
2025-03-18 19:15:00+00:00,2025-03-18 22:50:00+00:00,LONG,82035.4,82445.58,TP,0.2734,11.2088,2025-03
2025-03-19 01:55:00+00:00,2025-03-19 02:10:00+00:00,SHORT,82565.66,82730.79,SL,-0.1121,11.0967,2025-03
2025-03-19 05:30:00+00:00,2025-03-19 10:00:00+00:00,LONG,83132.86,83548.52,TP,0.2774,11.3741,2025-03
2025-03-19 17:35:00+00:00,2025-03-19 18:10:00+00:00,SHORT,84092.63,84260.81,SL,-0.1137,11.2603,2025-03
2025-03-19 18:45:00+00:00,2025-03-19 18:50:00+00:00,LONG,84694.69,85118.17,TP,0.2815,11.5419,2025-03
2025-03-20 00:35:00+00:00,2025-03-20 01:40:00+00:00,SHORT,86350.23,85918.47,TP,0.2885,11.8304,2025-03
2025-03-20 05:55:00+00:00,2025-03-20 10:10:00+00:00,LONG,85861.61,85689.89,SL,-0.1183,11.7121,2025-03
2025-03-20 13:35:00+00:00,2025-03-20 14:05:00+00:00,LONG,85574.49,86002.36,TP,0.2928,12.0049,2025-03
2025-03-20 15:30:00+00:00,2025-03-20 15:50:00+00:00,SHORT,85320.35,84893.75,TP,0.3001,12.305,2025-03
2025-03-20 20:20:00+00:00,2025-03-20 21:15:00+00:00,LONG,84493.91,84324.93,SL,-0.1231,12.182,2025-03
2025-03-20 21:15:00+00:00,2025-03-20 21:30:00+00:00,SHORT,84259.86,84428.38,SL,-0.1218,12.0602,2025-03
2025-03-20 23:45:00+00:00,2025-03-21 01:50:00+00:00,LONG,84313.72,84735.29,TP,0.3015,12.3617,2025-03
2025-03-21 03:05:00+00:00,2025-03-21 04:20:00+00:00,SHORT,84445.59,84614.48,SL,-0.1236,12.238,2025-03
2025-03-21 04:30:00+00:00,2025-03-21 05:00:00+00:00,LONG,84793.89,84624.31,SL,-0.1224,12.1157,2025-03
2025-03-21 05:05:00+00:00,2025-03-21 07:15:00+00:00,SHORT,84471.19,84048.83,TP,0.3029,12.4186,2025-03
2025-03-21 09:30:00+00:00,2025-03-21 10:20:00+00:00,LONG,84240.63,84072.15,SL,-0.1242,12.2944,2025-03
2025-03-21 12:35:00+00:00,2025-03-21 13:30:00+00:00,SHORT,83856.69,83437.41,TP,0.3074,12.6017,2025-03
2025-03-21 14:20:00+00:00,2025-03-21 14:35:00+00:00,LONG,84198.23,84029.83,SL,-0.126,12.4757,2025-03
2025-03-21 16:00:00+00:00,2025-03-21 16:05:00+00:00,SHORT,83462.12,83629.05,SL,-0.1248,12.351,2025-03
2025-03-21 16:20:00+00:00,2025-03-21 16:35:00+00:00,LONG,84058.19,83890.07,SL,-0.1235,12.2274,2025-03
2025-03-21 19:35:00+00:00,2025-03-21 20:20:00+00:00,SHORT,83822.46,83990.1,SL,-0.1223,12.1052,2025-03
2025-03-21 20:50:00+00:00,2025-03-21 23:50:00+00:00,LONG,84221.11,84052.67,SL,-0.1211,11.9841,2025-03
2025-03-22 00:20:00+00:00,2025-03-22 01:35:00+00:00,LONG,84228.96,84060.5,SL,-0.1198,11.8643,2025-03
2025-03-22 03:15:00+00:00,2025-03-22 13:25:00+00:00,LONG,84279.11,84110.55,SL,-0.1186,11.7456,2025-03
2025-03-22 16:20:00+00:00,2025-03-22 20:55:00+00:00,LONG,84173.33,84004.98,SL,-0.1175,11.6282,2025-03
2025-03-23 00:20:00+00:00,2025-03-23 10:40:00+00:00,LONG,84044.85,84465.08,TP,0.2907,11.9189,2025-03
2025-03-23 17:40:00+00:00,2025-03-23 20:00:00+00:00,SHORT,84917.4,85087.23,SL,-0.1192,11.7997,2025-03
2025-03-23 20:00:00+00:00,2025-03-23 21:05:00+00:00,LONG,85198.77,85028.37,SL,-0.118,11.6817,2025-03
2025-03-23 21:50:00+00:00,2025-03-23 22:15:00+00:00,LONG,85178.81,85604.7,TP,0.292,11.9737,2025-03
2025-03-24 01:00:00+00:00,2025-03-24 03:00:00+00:00,SHORT,85765.69,85937.22,SL,-0.1197,11.854,2025-03
2025-03-24 03:00:00+00:00,2025-03-24 03:55:00+00:00,LONG,86054.41,86484.68,TP,0.2963,12.1503,2025-03
2025-03-24 07:30:00+00:00,2025-03-24 07:45:00+00:00,SHORT,86742.19,86915.67,SL,-0.1215,12.0288,2025-03
2025-03-24 08:15:00+00:00,2025-03-24 10:35:00+00:00,LONG,87288.51,87724.95,TP,0.3007,12.3296,2025-03
2025-03-24 12:00:00+00:00,2025-03-24 12:10:00+00:00,SHORT,87440.24,87615.12,SL,-0.1233,12.2063,2025-03
2025-03-24 13:55:00+00:00,2025-03-24 14:05:00+00:00,LONG,87739.54,88178.24,TP,0.3052,12.5114,2025-03
2025-03-24 16:25:00+00:00,2025-03-24 16:35:00+00:00,SHORT,87821.03,87996.67,SL,-0.1251,12.3863,2025-03
2025-03-24 17:25:00+00:00,2025-03-24 17:40:00+00:00,LONG,88459.68,88282.76,SL,-0.1239,12.2625,2025-03
2025-03-24 19:40:00+00:00,2025-03-24 19:45:00+00:00,SHORT,87989.31,88165.29,SL,-0.1226,12.1398,2025-03
2025-03-25 00:35:00+00:00,2025-03-25 01:05:00+00:00,LONG,87661.04,87485.72,SL,-0.1214,12.0184,2025-03
2025-03-25 01:15:00+00:00,2025-03-25 03:15:00+00:00,SHORT,87215.11,86779.03,TP,0.3005,12.3189,2025-03
2025-03-25 06:10:00+00:00,2025-03-25 06:40:00+00:00,LONG,86806.71,86633.1,SL,-0.1232,12.1957,2025-03
2025-03-25 07:30:00+00:00,2025-03-25 08:00:00+00:00,SHORT,86375.3,86548.05,SL,-0.122,12.0737,2025-03
2025-03-25 08:35:00+00:00,2025-03-25 09:45:00+00:00,LONG,86754.74,87188.51,TP,0.3018,12.3756,2025-03
2025-03-25 12:50:00+00:00,2025-03-25 13:00:00+00:00,SHORT,87041.25,87215.33,SL,-0.1238,12.2518,2025-03
2025-03-25 13:15:00+00:00,2025-03-25 13:40:00+00:00,LONG,87686.82,87511.45,SL,-0.1225,12.1293,2025-03
2025-03-25 13:45:00+00:00,2025-03-25 13:50:00+00:00,SHORT,87093.79,87267.98,SL,-0.1213,12.008,2025-03
2025-03-25 14:40:00+00:00,2025-03-25 14:50:00+00:00,LONG,88187.73,88011.36,SL,-0.1201,11.8879,2025-03
2025-03-25 18:35:00+00:00,2025-03-25 19:00:00+00:00,SHORT,87655.15,87830.46,SL,-0.1189,11.7691,2025-03
2025-03-25 19:05:00+00:00,2025-03-25 19:25:00+00:00,LONG,88100.17,87923.97,SL,-0.1177,11.6514,2025-03
2025-03-25 21:55:00+00:00,2025-03-25 23:00:00+00:00,SHORT,87710.9,87272.35,TP,0.2913,11.9427,2025-03
2025-03-26 00:40:00+00:00,2025-03-26 01:05:00+00:00,LONG,87788.74,87613.16,SL,-0.1194,11.8232,2025-03
2025-03-26 02:10:00+00:00,2025-03-26 06:40:00+00:00,SHORT,87510.84,87685.86,SL,-0.1182,11.705,2025-03
2025-03-26 11:50:00+00:00,2025-03-26 13:30:00+00:00,SHORT,87924.82,87485.19,TP,0.2926,11.9976,2025-03
2025-03-26 13:40:00+00:00,2025-03-26 13:50:00+00:00,LONG,87835.12,87659.45,SL,-0.12,11.8776,2025-03
2025-03-26 13:55:00+00:00,2025-03-26 14:00:00+00:00,SHORT,86806.57,86980.19,SL,-0.1188,11.7589,2025-03
2025-03-26 19:40:00+00:00,2025-03-26 20:15:00+00:00,LONG,86523.74,86956.35,TP,0.294,12.0528,2025-03
2025-03-26 22:25:00+00:00,2025-03-26 22:30:00+00:00,SHORT,86773.27,86946.81,SL,-0.1205,11.9323,2025-03
2025-03-26 23:50:00+00:00,2025-03-27 00:20:00+00:00,LONG,86980.24,86806.28,SL,-0.1193,11.813,2025-03
2025-03-27 04:35:00+00:00,2025-03-27 08:35:00+00:00,SHORT,87412.22,87587.05,SL,-0.1181,11.6949,2025-03
2025-03-27 08:35:00+00:00,2025-03-27 08:45:00+00:00,LONG,87628.36,87453.1,SL,-0.1169,11.5779,2025-03
2025-03-27 10:45:00+00:00,2025-03-27 13:10:00+00:00,SHORT,87130.01,86694.36,TP,0.2894,11.8674,2025-03
2025-03-27 14:15:00+00:00,2025-03-27 14:20:00+00:00,LONG,86654.73,86481.42,SL,-0.1187,11.7487,2025-03
2025-03-27 20:05:00+00:00,2025-03-27 20:20:00+00:00,SHORT,86927.29,87101.14,SL,-0.1175,11.6312,2025-03
2025-03-27 20:40:00+00:00,2025-03-27 23:40:00+00:00,LONG,87350.36,87175.66,SL,-0.1163,11.5149,2025-03
2025-03-28 00:45:00+00:00,2025-03-28 01:10:00+00:00,LONG,87353.72,87179.01,SL,-0.1151,11.3997,2025-03
2025-03-28 02:40:00+00:00,2025-03-28 04:30:00+00:00,SHORT,87055.34,86620.07,TP,0.285,11.6847,2025-03
2025-03-28 11:50:00+00:00,2025-03-28 12:30:00+00:00,LONG,85258.69,85088.17,SL,-0.1168,11.5679,2025-03
2025-03-28 12:35:00+00:00,2025-03-28 12:40:00+00:00,SHORT,84885.34,85055.11,SL,-0.1157,11.4522,2025-03
2025-03-28 13:15:00+00:00,2025-03-28 13:25:00+00:00,LONG,85549.2,85378.1,SL,-0.1145,11.3377,2025-03
2025-03-28 14:00:00+00:00,2025-03-28 14:25:00+00:00,SHORT,84811.61,84387.55,TP,0.2834,11.6211,2025-03
2025-03-28 20:40:00+00:00,2025-03-28 20:45:00+00:00,LONG,84099.67,83931.47,SL,-0.1162,11.5049,2025-03
2025-03-28 23:20:00+00:00,2025-03-28 23:35:00+00:00,SHORT,84194.32,84362.71,SL,-0.115,11.3899,2025-03
2025-03-29 00:25:00+00:00,2025-03-29 00:55:00+00:00,LONG,84571.55,84402.4,SL,-0.1139,11.276,2025-03
2025-03-29 01:15:00+00:00,2025-03-29 03:05:00+00:00,SHORT,84271.62,83850.26,TP,0.2819,11.5579,2025-03
2025-03-29 03:45:00+00:00,2025-03-29 04:15:00+00:00,LONG,84271.06,84102.52,SL,-0.1156,11.4423,2025-03
2025-03-29 05:25:00+00:00,2025-03-29 09:50:00+00:00,SHORT,83897.13,83477.64,TP,0.2861,11.7283,2025-03
2025-03-29 13:20:00+00:00,2025-03-29 13:35:00+00:00,LONG,82755.43,82589.92,SL,-0.1173,11.6111,2025-03
2025-03-29 14:55:00+00:00,2025-03-29 16:10:00+00:00,SHORT,82471.01,82635.95,SL,-0.1161,11.4949,2025-03
2025-03-29 16:10:00+00:00,2025-03-29 16:20:00+00:00,LONG,82699.08,82533.68,SL,-0.1149,11.38,2025-03
2025-03-29 16:40:00+00:00,2025-03-29 17:15:00+00:00,SHORT,82302.07,81890.56,TP,0.2845,11.6645,2025-03
2025-03-29 17:30:00+00:00,2025-03-29 17:35:00+00:00,LONG,82576.67,82411.51,SL,-0.1166,11.5479,2025-03
2025-03-29 22:40:00+00:00,2025-03-29 23:20:00+00:00,SHORT,82327.61,82492.26,SL,-0.1155,11.4324,2025-03
2025-03-29 23:45:00+00:00,2025-03-30 01:05:00+00:00,LONG,82568.64,82981.49,TP,0.2858,11.7182,2025-03
2025-03-30 03:35:00+00:00,2025-03-30 04:45:00+00:00,SHORT,83117.3,83283.53,SL,-0.1172,11.601,2025-03
2025-03-30 06:40:00+00:00,2025-03-30 11:35:00+00:00,LONG,83197.13,83030.73,SL,-0.116,11.485,2025-03
2025-03-30 18:05:00+00:00,2025-03-30 19:50:00+00:00,LONG,82731.08,82565.62,SL,-0.1148,11.3701,2025-03
2025-03-30 20:00:00+00:00,2025-03-30 20:15:00+00:00,SHORT,82425.54,82590.39,SL,-0.1137,11.2564,2025-03
2025-03-30 22:35:00+00:00,2025-03-30 22:50:00+00:00,LONG,82657.06,82491.75,SL,-0.1126,11.1439,2025-03
2025-03-31 00:30:00+00:00,2025-03-31 01:20:00+00:00,SHORT,81757.26,81920.78,SL,-0.1114,11.0324,2025-03
2025-03-31 01:25:00+00:00,2025-03-31 01:30:00+00:00,LONG,82205.23,82040.82,SL,-0.1103,10.9221,2025-03
2025-03-31 04:20:00+00:00,2025-03-31 04:35:00+00:00,SHORT,81403.16,81565.96,SL,-0.1092,10.8129,2025-03
2025-03-31 05:00:00+00:00,2025-03-31 07:35:00+00:00,LONG,82045.86,81881.76,SL,-0.1081,10.7048,2025-03
2025-03-31 07:35:00+00:00,2025-03-31 07:55:00+00:00,SHORT,81762.51,81926.04,SL,-0.107,10.5977,2025-03
2025-03-31 10:35:00+00:00,2025-03-31 12:40:00+00:00,LONG,81878.66,82288.05,TP,0.2649,10.8627,2025-03
2025-03-31 13:30:00+00:00,2025-03-31 13:35:00+00:00,SHORT,81896.3,82060.09,SL,-0.1086,10.754,2025-03
2025-03-31 14:00:00+00:00,2025-03-31 14:10:00+00:00,LONG,82848.25,83262.49,TP,0.2689,11.0229,2025-03
2025-03-31 17:40:00+00:00,2025-03-31 18:05:00+00:00,SHORT,82774.19,82939.74,SL,-0.1102,10.9127,2025-03
2025-03-31 18:25:00+00:00,2025-03-31 19:20:00+00:00,LONG,83383.34,83216.57,SL,-0.1091,10.8035,2025-03
2025-03-31 19:25:00+00:00,2025-03-31 19:55:00+00:00,SHORT,82904.68,82490.16,TP,0.2701,11.0736,2025-03
2025-04-01 00:00:00+00:00,2025-04-01 00:10:00+00:00,LONG,82650.2,82484.9,SL,-0.1107,10.9629,2025-04
2025-04-01 04:05:00+00:00,2025-04-01 04:25:00+00:00,SHORT,82875.08,83040.83,SL,-0.1096,10.8532,2025-04
2025-04-01 04:30:00+00:00,2025-04-01 05:55:00+00:00,LONG,83196.74,83030.34,SL,-0.1085,10.7447,2025-04
2025-04-01 06:35:00+00:00,2025-04-01 08:15:00+00:00,LONG,83314.15,83730.72,TP,0.2686,11.0133,2025-04
2025-04-01 11:30:00+00:00,2025-04-01 12:10:00+00:00,SHORT,83924.42,84092.27,SL,-0.1101,10.9032,2025-04
2025-04-01 14:50:00+00:00,2025-04-01 15:10:00+00:00,LONG,84339.72,84761.42,TP,0.2726,11.1758,2025-04
2025-04-01 18:00:00+00:00,2025-04-01 18:30:00+00:00,SHORT,84796.06,84965.65,SL,-0.1118,11.064,2025-04
2025-04-01 21:05:00+00:00,2025-04-01 22:55:00+00:00,LONG,85352.7,85181.99,SL,-0.1106,10.9534,2025-04
2025-04-01 23:00:00+00:00,2025-04-01 23:15:00+00:00,SHORT,84987.6,85157.58,SL,-0.1095,10.8439,2025-04
2025-04-01 23:25:00+00:00,2025-04-01 23:45:00+00:00,LONG,85377.81,85207.05,SL,-0.1084,10.7354,2025-04
2025-04-02 00:25:00+00:00,2025-04-02 03:35:00+00:00,SHORT,85029.18,84604.04,TP,0.2684,11.0038,2025-04
2025-04-02 06:40:00+00:00,2025-04-02 06:45:00+00:00,LONG,84353.36,84184.65,SL,-0.11,10.8938,2025-04
2025-04-02 10:50:00+00:00,2025-04-02 12:50:00+00:00,SHORT,84823.09,84992.73,SL,-0.1089,10.7848,2025-04
2025-04-02 17:45:00+00:00,2025-04-02 17:55:00+00:00,SHORT,86413.7,86586.53,SL,-0.1078,10.677,2025-04
2025-04-02 19:55:00+00:00,2025-04-02 20:00:00+00:00,LONG,86934.78,86760.91,SL,-0.1068,10.5702,2025-04
2025-04-02 20:25:00+00:00,2025-04-02 20:40:00+00:00,SHORT,85858.28,85428.99,TP,0.2643,10.8345,2025-04
2025-04-03 00:20:00+00:00,2025-04-03 00:25:00+00:00,LONG,83265.99,83099.46,SL,-0.1083,10.7261,2025-04
2025-04-03 06:15:00+00:00,2025-04-03 07:55:00+00:00,SHORT,83238.9,83405.38,SL,-0.1073,10.6189,2025-04
2025-04-03 08:00:00+00:00,2025-04-03 09:55:00+00:00,LONG,83651.42,83484.11,SL,-0.1062,10.5127,2025-04
2025-04-03 10:20:00+00:00,2025-04-03 12:00:00+00:00,SHORT,83414.02,82996.95,TP,0.2628,10.7755,2025-04
2025-04-03 13:30:00+00:00,2025-04-03 13:40:00+00:00,LONG,82661.03,82495.71,SL,-0.1078,10.6677,2025-04
2025-04-03 15:05:00+00:00,2025-04-03 15:10:00+00:00,SHORT,81324.44,81487.09,SL,-0.1067,10.561,2025-04
2025-04-03 16:00:00+00:00,2025-04-03 16:05:00+00:00,LONG,82364.91,82200.18,SL,-0.1056,10.4554,2025-04
2025-04-04 01:50:00+00:00,2025-04-04 02:05:00+00:00,SHORT,82827.45,82993.1,SL,-0.1046,10.3509,2025-04
2025-04-04 05:20:00+00:00,2025-04-04 07:10:00+00:00,LONG,83033.19,83448.36,TP,0.2588,10.6097,2025-04
2025-04-04 10:05:00+00:00,2025-04-04 10:20:00+00:00,SHORT,83882.44,83463.03,TP,0.2652,10.8749,2025-04
2025-04-04 12:30:00+00:00,2025-04-04 12:35:00+00:00,LONG,82976.57,82810.61,SL,-0.1087,10.7661,2025-04
2025-04-04 14:45:00+00:00,2025-04-04 14:50:00+00:00,SHORT,81879.08,82042.83,SL,-0.1077,10.6585,2025-04
2025-04-04 15:00:00+00:00,2025-04-04 15:05:00+00:00,LONG,83375.18,83208.43,SL,-0.1066,10.5519,2025-04
2025-04-04 23:05:00+00:00,2025-04-05 01:15:00+00:00,SHORT,83832.54,84000.21,SL,-0.1055,10.4464,2025-04
2025-04-05 02:25:00+00:00,2025-04-05 02:35:00+00:00,SHORT,83803.15,83970.75,SL,-0.1045,10.3419,2025-04
2025-04-05 08:05:00+00:00,2025-04-05 08:20:00+00:00,LONG,83653.42,83486.11,SL,-0.1034,10.2385,2025-04
2025-04-05 10:20:00+00:00,2025-04-05 12:40:00+00:00,SHORT,83661.66,83243.35,TP,0.256,10.4945,2025-04
2025-04-05 17:25:00+00:00,2025-04-05 23:50:00+00:00,LONG,82932.45,83347.11,TP,0.2624,10.7568,2025-04
2025-04-06 01:45:00+00:00,2025-04-06 08:00:00+00:00,SHORT,83391.75,82974.79,TP,0.2689,11.0257,2025-04
2025-04-06 08:50:00+00:00,2025-04-06 10:05:00+00:00,LONG,83075.87,82909.72,SL,-0.1103,10.9155,2025-04
2025-04-06 10:05:00+00:00,2025-04-06 13:50:00+00:00,SHORT,82828.81,82414.66,TP,0.2729,11.1884,2025-04
2025-04-06 14:45:00+00:00,2025-04-06 15:05:00+00:00,LONG,82750.98,82585.48,SL,-0.1119,11.0765,2025-04
2025-04-06 16:40:00+00:00,2025-04-06 17:10:00+00:00,SHORT,82106.27,81695.74,TP,0.2769,11.3534,2025-04
2025-04-07 01:10:00+00:00,2025-04-07 01:40:00+00:00,LONG,78891.54,78733.76,SL,-0.1135,11.2399,2025-04
2025-04-07 03:05:00+00:00,2025-04-07 03:35:00+00:00,SHORT,78243.1,77851.88,TP,0.281,11.5209,2025-04
2025-04-07 08:20:00+00:00,2025-04-07 08:25:00+00:00,LONG,76495.6,76342.6,SL,-0.1152,11.4057,2025-04
2025-04-07 13:40:00+00:00,2025-04-07 13:45:00+00:00,SHORT,76029.56,76181.62,SL,-0.1141,11.2916,2025-04
2025-04-07 13:50:00+00:00,2025-04-07 13:55:00+00:00,LONG,77803.42,78192.44,TP,0.2823,11.5739,2025-04
2025-04-07 23:35:00+00:00,2025-04-08 01:25:00+00:00,SHORT,79385.33,79544.1,SL,-0.1157,11.4582,2025-04
2025-04-08 01:25:00+00:00,2025-04-08 01:35:00+00:00,LONG,79751.9,80150.66,TP,0.2865,11.7446,2025-04
2025-04-08 03:15:00+00:00,2025-04-08 03:20:00+00:00,SHORT,79798.08,79957.67,SL,-0.1174,11.6272,2025-04
2025-04-08 04:35:00+00:00,2025-04-08 05:00:00+00:00,LONG,80382.77,80222.0,SL,-0.1163,11.5109,2025-04
2025-04-08 05:05:00+00:00,2025-04-08 06:20:00+00:00,SHORT,79831.16,79432.01,TP,0.2878,11.7987,2025-04
2025-04-08 11:20:00+00:00,2025-04-08 11:45:00+00:00,LONG,79311.71,79708.27,TP,0.295,12.0936,2025-04
2025-04-08 14:25:00+00:00,2025-04-08 14:50:00+00:00,SHORT,79412.23,79015.17,TP,0.3023,12.396,2025-04
2025-04-08 18:20:00+00:00,2025-04-08 18:25:00+00:00,LONG,77730.44,77574.98,SL,-0.124,12.272,2025-04
2025-04-08 19:40:00+00:00,2025-04-08 19:50:00+00:00,SHORT,76450.69,76603.59,SL,-0.1227,12.1493,2025-04
2025-04-09 01:45:00+00:00,2025-04-09 02:25:00+00:00,LONG,76166.45,76014.12,SL,-0.1215,12.0278,2025-04
2025-04-09 03:40:00+00:00,2025-04-09 04:00:00+00:00,SHORT,75250.98,75401.48,SL,-0.1203,11.9075,2025-04
2025-04-09 04:10:00+00:00,2025-04-09 04:35:00+00:00,LONG,75849.87,76229.12,TP,0.2977,12.2052,2025-04
2025-04-09 10:30:00+00:00,2025-04-09 10:45:00+00:00,SHORT,76949.21,77103.11,SL,-0.1221,12.0832,2025-04
2025-04-09 13:15:00+00:00,2025-04-09 13:20:00+00:00,LONG,77071.25,76917.1,SL,-0.1208,11.9623,2025-04
2025-04-09 23:45:00+00:00,2025-04-10 00:40:00+00:00,SHORT,82616.94,82203.86,TP,0.2991,12.2614,2025-04
2025-04-10 05:05:00+00:00,2025-04-10 06:40:00+00:00,LONG,82125.5,81961.25,SL,-0.1226,12.1388,2025-04
2025-04-10 06:40:00+00:00,2025-04-10 06:55:00+00:00,SHORT,81870.29,82034.03,SL,-0.1214,12.0174,2025-04
2025-04-10 09:30:00+00:00,2025-04-10 10:25:00+00:00,LONG,81974.03,81810.08,SL,-0.1202,11.8972,2025-04
2025-04-10 10:40:00+00:00,2025-04-10 10:55:00+00:00,SHORT,81573.54,81736.68,SL,-0.119,11.7782,2025-04
2025-04-10 12:25:00+00:00,2025-04-10 12:40:00+00:00,LONG,82040.74,81876.66,SL,-0.1178,11.6604,2025-04
2025-04-10 13:30:00+00:00,2025-04-10 13:40:00+00:00,SHORT,81461.43,81054.13,TP,0.2915,11.952,2025-04
2025-04-10 20:05:00+00:00,2025-04-10 20:15:00+00:00,LONG,79935.95,79776.08,SL,-0.1195,11.8324,2025-04
2025-04-10 23:10:00+00:00,2025-04-10 23:35:00+00:00,SHORT,79458.2,79617.12,SL,-0.1183,11.7141,2025-04
2025-04-11 01:30:00+00:00,2025-04-11 01:50:00+00:00,LONG,79789.93,80188.88,TP,0.2929,12.007,2025-04
2025-04-11 05:05:00+00:00,2025-04-11 05:25:00+00:00,SHORT,80512.4,80673.43,SL,-0.1201,11.8869,2025-04
2025-04-11 06:05:00+00:00,2025-04-11 06:20:00+00:00,LONG,81161.0,80998.68,SL,-0.1189,11.768,2025-04
2025-04-11 11:35:00+00:00,2025-04-11 12:30:00+00:00,SHORT,82155.11,82319.43,SL,-0.1177,11.6504,2025-04
2025-04-11 13:30:00+00:00,2025-04-11 13:35:00+00:00,LONG,82483.48,82895.9,TP,0.2913,11.9416,2025-04
2025-04-11 14:20:00+00:00,2025-04-11 14:35:00+00:00,SHORT,81721.46,81884.9,SL,-0.1194,11.8222,2025-04
2025-04-11 16:40:00+00:00,2025-04-11 16:55:00+00:00,LONG,82992.35,82826.37,SL,-0.1182,11.704,2025-04
2025-04-11 21:35:00+00:00,2025-04-11 23:10:00+00:00,SHORT,83701.69,83283.18,TP,0.2926,11.9966,2025-04
2025-04-11 23:50:00+00:00,2025-04-11 23:55:00+00:00,LONG,83591.29,83424.11,SL,-0.12,11.8766,2025-04
2025-04-12 01:20:00+00:00,2025-04-12 01:40:00+00:00,SHORT,83138.71,83304.99,SL,-0.1188,11.7578,2025-04
2025-04-12 04:25:00+00:00,2025-04-12 04:30:00+00:00,LONG,83244.41,83077.93,SL,-0.1176,11.6403,2025-04
2025-04-12 08:25:00+00:00,2025-04-12 09:00:00+00:00,SHORT,83550.05,83717.15,SL,-0.1164,11.5239,2025-04
2025-04-12 11:15:00+00:00,2025-04-12 11:35:00+00:00,LONG,83681.39,83514.03,SL,-0.1152,11.4086,2025-04
2025-04-12 16:45:00+00:00,2025-04-12 17:35:00+00:00,SHORT,84592.15,84761.33,SL,-0.1141,11.2945,2025-04
2025-04-12 18:20:00+00:00,2025-04-12 20:30:00+00:00,LONG,84977.37,85402.25,TP,0.2824,11.5769,2025-04
2025-04-13 00:25:00+00:00,2025-04-13 00:45:00+00:00,SHORT,85145.18,85315.47,SL,-0.1158,11.4611,2025-04
2025-04-13 00:50:00+00:00,2025-04-13 01:50:00+00:00,LONG,85544.03,85372.95,SL,-0.1146,11.3465,2025-04
2025-04-13 01:50:00+00:00,2025-04-13 03:10:00+00:00,SHORT,85175.09,85345.44,SL,-0.1135,11.2331,2025-04
2025-04-13 03:35:00+00:00,2025-04-13 04:00:00+00:00,LONG,85554.99,85383.88,SL,-0.1123,11.1207,2025-04
2025-04-13 04:05:00+00:00,2025-04-13 04:50:00+00:00,SHORT,85114.01,84688.44,TP,0.278,11.3987,2025-04
2025-04-13 08:25:00+00:00,2025-04-13 11:15:00+00:00,LONG,84573.83,84404.68,SL,-0.114,11.2848,2025-04
2025-04-13 16:00:00+00:00,2025-04-13 17:15:00+00:00,LONG,84247.7,84668.93,TP,0.2821,11.5669,2025-04
2025-04-13 19:05:00+00:00,2025-04-13 19:10:00+00:00,SHORT,84346.72,84515.41,SL,-0.1157,11.4512,2025-04
2025-04-14 00:05:00+00:00,2025-04-14 00:15:00+00:00,LONG,83977.58,84397.47,TP,0.2863,11.7375,2025-04
2025-04-14 05:30:00+00:00,2025-04-14 07:05:00+00:00,SHORT,84531.42,84700.49,SL,-0.1174,11.6201,2025-04
2025-04-14 08:40:00+00:00,2025-04-14 09:20:00+00:00,LONG,84855.07,84685.36,SL,-0.1162,11.5039,2025-04
2025-04-14 09:35:00+00:00,2025-04-14 10:05:00+00:00,SHORT,84316.27,84484.9,SL,-0.115,11.3889,2025-04
2025-04-14 10:40:00+00:00,2025-04-14 10:55:00+00:00,LONG,84826.6,84656.94,SL,-0.1139,11.275,2025-04
2025-04-14 13:30:00+00:00,2025-04-14 14:25:00+00:00,SHORT,84679.76,84849.12,SL,-0.1127,11.1622,2025-04
2025-04-14 14:35:00+00:00,2025-04-14 14:55:00+00:00,LONG,85626.72,85455.46,SL,-0.1116,11.0506,2025-04
2025-04-14 15:00:00+00:00,2025-04-14 15:35:00+00:00,SHORT,84767.96,84344.12,TP,0.2763,11.3269,2025-04
2025-04-14 18:00:00+00:00,2025-04-14 20:05:00+00:00,LONG,85038.01,84867.94,SL,-0.1133,11.2136,2025-04
2025-04-14 20:25:00+00:00,2025-04-14 20:45:00+00:00,SHORT,84616.13,84785.36,SL,-0.1121,11.1015,2025-04
2025-04-15 00:35:00+00:00,2025-04-15 01:05:00+00:00,LONG,84871.37,84701.63,SL,-0.111,10.9905,2025-04
2025-04-15 06:50:00+00:00,2025-04-15 07:00:00+00:00,SHORT,85326.22,85496.87,SL,-0.1099,10.8805,2025-04
2025-04-15 07:20:00+00:00,2025-04-15 10:35:00+00:00,LONG,85793.59,85622.01,SL,-0.1088,10.7717,2025-04
2025-04-15 10:35:00+00:00,2025-04-15 12:00:00+00:00,SHORT,85499.43,85670.43,SL,-0.1077,10.664,2025-04
2025-04-15 12:55:00+00:00,2025-04-15 13:20:00+00:00,LONG,85854.07,85682.36,SL,-0.1066,10.5574,2025-04
2025-04-15 14:15:00+00:00,2025-04-15 15:15:00+00:00,SHORT,85095.05,85265.24,SL,-0.1056,10.4518,2025-04
2025-04-16 01:45:00+00:00,2025-04-16 04:40:00+00:00,LONG,83657.47,83490.15,SL,-0.1045,10.3473,2025-04
2025-04-16 06:45:00+00:00,2025-04-16 07:05:00+00:00,LONG,83742.32,83574.84,SL,-0.1035,10.2438,2025-04
2025-04-16 08:00:00+00:00,2025-04-16 08:25:00+00:00,SHORT,83201.75,83368.15,SL,-0.1024,10.1414,2025-04
2025-04-16 08:25:00+00:00,2025-04-16 11:15:00+00:00,LONG,83622.56,84040.67,TP,0.2535,10.3949,2025-04
2025-04-16 12:45:00+00:00,2025-04-16 13:35:00+00:00,SHORT,83779.81,83947.37,SL,-0.1039,10.291,2025-04
2025-04-16 13:35:00+00:00,2025-04-16 13:50:00+00:00,LONG,84057.61,83889.49,SL,-0.1029,10.1881,2025-04
2025-04-16 17:35:00+00:00,2025-04-16 17:40:00+00:00,SHORT,84818.06,84393.97,TP,0.2547,10.4428,2025-04
2025-04-16 20:25:00+00:00,2025-04-16 20:30:00+00:00,LONG,84627.83,84458.57,SL,-0.1044,10.3383,2025-04
2025-04-16 23:30:00+00:00,2025-04-17 01:10:00+00:00,SHORT,84120.5,84288.74,SL,-0.1034,10.2349,2025-04
2025-04-17 01:10:00+00:00,2025-04-17 02:10:00+00:00,LONG,84329.45,84160.79,SL,-0.1023,10.1326,2025-04
2025-04-17 02:15:00+00:00,2025-04-17 02:55:00+00:00,SHORT,84046.85,84214.94,SL,-0.1013,10.0313,2025-04
2025-04-17 04:50:00+00:00,2025-04-17 06:25:00+00:00,LONG,84170.0,84590.85,TP,0.2508,10.2821,2025-04
2025-04-17 08:25:00+00:00,2025-04-17 11:45:00+00:00,SHORT,84542.72,84711.8,SL,-0.1028,10.1792,2025-04
2025-04-17 13:30:00+00:00,2025-04-17 14:30:00+00:00,SHORT,84412.22,83990.16,TP,0.2545,10.4337,2025-04
2025-04-17 15:05:00+00:00,2025-04-17 16:20:00+00:00,LONG,84421.62,84843.72,TP,0.2608,10.6946,2025-04
2025-04-17 18:55:00+00:00,2025-04-17 19:05:00+00:00,SHORT,84865.75,85035.48,SL,-0.1069,10.5876,2025-04
2025-04-17 23:25:00+00:00,2025-04-18 00:40:00+00:00,LONG,85014.53,84844.5,SL,-0.1059,10.4817,2025-04
2025-04-18 00:45:00+00:00,2025-04-18 01:00:00+00:00,SHORT,84731.09,84900.56,SL,-0.1048,10.3769,2025-04
2025-04-18 01:05:00+00:00,2025-04-18 02:10:00+00:00,LONG,84994.37,84824.39,SL,-0.1038,10.2731,2025-04
2025-04-18 02:10:00+00:00,2025-04-18 02:25:00+00:00,SHORT,84785.4,84954.97,SL,-0.1027,10.1704,2025-04
2025-04-18 05:55:00+00:00,2025-04-18 06:35:00+00:00,LONG,84768.86,84599.33,SL,-0.1017,10.0687,2025-04
2025-04-18 07:15:00+00:00,2025-04-18 08:05:00+00:00,SHORT,84511.63,84680.66,SL,-0.1007,9.968,2025-04
2025-04-18 08:10:00+00:00,2025-04-18 09:00:00+00:00,LONG,84788.62,84619.04,SL,-0.0997,9.8683,2025-04
2025-04-18 09:05:00+00:00,2025-04-18 12:35:00+00:00,SHORT,84554.55,84723.66,SL,-0.0987,9.7697,2025-04
2025-04-18 13:05:00+00:00,2025-04-19 02:20:00+00:00,SHORT,84519.44,84688.48,SL,-0.0977,9.672,2025-04
2025-04-19 06:30:00+00:00,2025-04-19 07:20:00+00:00,SHORT,84915.96,85085.79,SL,-0.0967,9.5752,2025-04
2025-04-19 07:20:00+00:00,2025-04-19 16:45:00+00:00,LONG,85123.56,84953.31,SL,-0.0958,9.4795,2025-04
2025-04-19 17:55:00+00:00,2025-04-19 19:35:00+00:00,LONG,85274.02,85103.47,SL,-0.0948,9.3847,2025-04
2025-04-19 19:50:00+00:00,2025-04-19 20:25:00+00:00,SHORT,85016.19,85186.22,SL,-0.0938,9.2909,2025-04
2025-04-19 20:25:00+00:00,2025-04-20 00:00:00+00:00,LONG,85243.82,85073.34,SL,-0.0929,9.1979,2025-04
2025-04-20 00:10:00+00:00,2025-04-20 06:40:00+00:00,LONG,85234.08,85063.61,SL,-0.092,9.106,2025-04
2025-04-20 12:10:00+00:00,2025-04-20 20:05:00+00:00,LONG,84346.93,84768.66,TP,0.2276,9.3336,2025-04
2025-04-20 22:20:00+00:00,2025-04-20 22:50:00+00:00,SHORT,84643.29,84812.58,SL,-0.0933,9.2403,2025-04
2025-04-20 23:00:00+00:00,2025-04-21 00:20:00+00:00,LONG,85055.95,85481.23,TP,0.231,9.4713,2025-04
2025-04-21 09:15:00+00:00,2025-04-21 11:15:00+00:00,SHORT,87388.01,86951.07,TP,0.2368,9.7081,2025-04
2025-04-21 12:05:00+00:00,2025-04-21 12:50:00+00:00,LONG,87295.23,87120.64,SL,-0.0971,9.611,2025-04
2025-04-21 13:05:00+00:00,2025-04-21 13:15:00+00:00,SHORT,86767.17,86940.7,SL,-0.0961,9.5149,2025-04
2025-04-21 13:30:00+00:00,2025-04-21 13:55:00+00:00,LONG,87384.48,87209.71,SL,-0.0951,9.4197,2025-04
2025-04-21 16:40:00+00:00,2025-04-21 17:00:00+00:00,SHORT,87554.35,87116.58,TP,0.2355,9.6552,2025-04
2025-04-21 19:20:00+00:00,2025-04-21 22:00:00+00:00,LONG,87269.99,87095.45,SL,-0.0966,9.5587,2025-04
2025-04-21 22:05:00+00:00,2025-04-21 23:10:00+00:00,SHORT,87003.18,87177.19,SL,-0.0956,9.4631,2025-04
2025-04-21 23:15:00+00:00,2025-04-22 01:15:00+00:00,LONG,87366.92,87803.76,TP,0.2366,9.6997,2025-04
2025-04-22 02:40:00+00:00,2025-04-22 02:45:00+00:00,SHORT,87908.4,88084.22,SL,-0.097,9.6027,2025-04
2025-04-22 05:50:00+00:00,2025-04-22 06:10:00+00:00,LONG,88430.35,88253.49,SL,-0.096,9.5066,2025-04
2025-04-22 06:25:00+00:00,2025-04-22 06:55:00+00:00,SHORT,88057.74,88233.86,SL,-0.0951,9.4116,2025-04
2025-04-22 07:30:00+00:00,2025-04-22 12:55:00+00:00,LONG,88481.49,88923.9,TP,0.2353,9.6469,2025-04
2025-04-22 15:40:00+00:00,2025-04-22 15:45:00+00:00,SHORT,90408.58,90589.4,SL,-0.0965,9.5504,2025-04
2025-04-22 17:30:00+00:00,2025-04-22 19:00:00+00:00,LONG,91170.47,91626.33,TP,0.2388,9.7891,2025-04
2025-04-22 19:35:00+00:00,2025-04-22 19:45:00+00:00,SHORT,91048.2,91230.29,SL,-0.0979,9.6913,2025-04
2025-04-22 21:15:00+00:00,2025-04-22 21:30:00+00:00,LONG,91556.02,91372.91,SL,-0.0969,9.5943,2025-04
2025-04-23 00:55:00+00:00,2025-04-23 01:00:00+00:00,SHORT,92859.83,93045.55,SL,-0.0959,9.4984,2025-04
2025-04-23 03:50:00+00:00,2025-04-23 04:55:00+00:00,LONG,93157.24,93623.02,TP,0.2375,9.7359,2025-04
2025-04-23 09:55:00+00:00,2025-04-23 13:15:00+00:00,SHORT,93850.96,94038.67,SL,-0.0974,9.6385,2025-04
2025-04-23 13:35:00+00:00,2025-04-23 13:45:00+00:00,SHORT,93498.6,93685.59,SL,-0.0964,9.5421,2025-04
2025-04-23 15:55:00+00:00,2025-04-23 16:20:00+00:00,LONG,93232.56,93046.09,SL,-0.0954,9.4467,2025-04
2025-04-23 18:50:00+00:00,2025-04-23 19:25:00+00:00,SHORT,93621.92,93153.81,TP,0.2362,9.6829,2025-04
2025-04-23 20:05:00+00:00,2025-04-23 22:00:00+00:00,LONG,93631.72,93444.45,SL,-0.0968,9.586,2025-04
2025-04-23 22:45:00+00:00,2025-04-23 23:40:00+00:00,LONG,93785.62,93598.05,SL,-0.0959,9.4902,2025-04
2025-04-24 00:05:00+00:00,2025-04-24 03:35:00+00:00,SHORT,93488.23,93020.79,TP,0.2373,9.7274,2025-04
2025-04-24 09:20:00+00:00,2025-04-24 09:50:00+00:00,LONG,92494.43,92309.44,SL,-0.0973,9.6302,2025-04
2025-04-24 17:05:00+00:00,2025-04-24 18:10:00+00:00,SHORT,93114.39,93300.62,SL,-0.0963,9.5339,2025-04
2025-04-24 18:15:00+00:00,2025-04-24 21:25:00+00:00,LONG,93379.89,93193.13,SL,-0.0953,9.4385,2025-04
2025-04-24 23:25:00+00:00,2025-04-25 01:05:00+00:00,LONG,93720.71,94189.32,TP,0.236,9.6745,2025-04
2025-04-25 01:20:00+00:00,2025-04-25 02:30:00+00:00,SHORT,93734.69,93266.02,TP,0.2419,9.9163,2025-04
2025-04-25 04:10:00+00:00,2025-04-25 04:25:00+00:00,LONG,93515.58,93328.55,SL,-0.0992,9.8172,2025-04
2025-04-25 04:30:00+00:00,2025-04-25 05:10:00+00:00,SHORT,93101.0,93287.21,SL,-0.0982,9.719,2025-04
2025-04-25 05:10:00+00:00,2025-04-25 10:15:00+00:00,LONG,93374.16,93841.04,TP,0.243,9.962,2025-04
2025-04-25 13:25:00+00:00,2025-04-25 13:35:00+00:00,SHORT,94164.27,94352.6,SL,-0.0996,9.8624,2025-04
2025-04-25 14:10:00+00:00,2025-04-25 14:20:00+00:00,LONG,95337.63,95146.95,SL,-0.0986,9.7637,2025-04
2025-04-25 17:35:00+00:00,2025-04-25 18:35:00+00:00,SHORT,94782.83,94972.4,SL,-0.0976,9.6661,2025-04
2025-04-25 18:40:00+00:00,2025-04-25 18:50:00+00:00,LONG,95233.03,95042.56,SL,-0.0967,9.5694,2025-04
2025-04-25 20:40:00+00:00,2025-04-25 21:00:00+00:00,SHORT,94739.1,94928.58,SL,-0.0957,9.4737,2025-04
2025-04-25 23:05:00+00:00,2025-04-25 23:15:00+00:00,LONG,94994.5,94804.51,SL,-0.0947,9.379,2025-04
2025-04-25 23:20:00+00:00,2025-04-26 00:45:00+00:00,SHORT,94647.11,94836.4,SL,-0.0938,9.2852,2025-04
2025-04-26 00:50:00+00:00,2025-04-26 02:10:00+00:00,LONG,94966.54,94776.61,SL,-0.0929,9.1924,2025-04
2025-04-26 02:10:00+00:00,2025-04-26 02:35:00+00:00,SHORT,94734.73,94924.2,SL,-0.0919,9.1004,2025-04
2025-04-26 02:40:00+00:00,2025-04-26 03:15:00+00:00,LONG,95124.98,94934.73,SL,-0.091,9.0094,2025-04
2025-04-26 03:30:00+00:00,2025-04-26 09:00:00+00:00,SHORT,94719.26,94245.66,TP,0.2252,9.2347,2025-04
2025-04-26 12:25:00+00:00,2025-04-26 13:25:00+00:00,LONG,94338.23,94149.55,SL,-0.0923,9.1423,2025-04
2025-04-26 13:30:00+00:00,2025-04-26 14:40:00+00:00,SHORT,93993.39,94181.37,SL,-0.0914,9.0509,2025-04
2025-04-26 15:00:00+00:00,2025-04-26 16:40:00+00:00,LONG,94372.82,94184.08,SL,-0.0905,8.9604,2025-04
2025-04-26 16:40:00+00:00,2025-04-26 16:45:00+00:00,SHORT,94103.55,94291.76,SL,-0.0896,8.8708,2025-04
2025-04-26 18:05:00+00:00,2025-04-26 18:50:00+00:00,LONG,94408.82,94220.0,SL,-0.0887,8.7821,2025-04
2025-04-26 18:50:00+00:00,2025-04-26 20:00:00+00:00,SHORT,94119.34,94307.58,SL,-0.0878,8.6943,2025-04
2025-04-26 20:50:00+00:00,2025-04-26 21:20:00+00:00,SHORT,94095.94,94284.13,SL,-0.0869,8.6073,2025-04
2025-04-26 21:35:00+00:00,2025-04-27 00:15:00+00:00,LONG,94380.51,94852.41,TP,0.2152,8.8225,2025-04
2025-04-27 01:30:00+00:00,2025-04-27 01:35:00+00:00,SHORT,94233.78,94422.25,SL,-0.0882,8.7343,2025-04
2025-04-27 08:10:00+00:00,2025-04-27 10:35:00+00:00,LONG,94197.17,94008.78,SL,-0.0873,8.6469,2025-04
2025-04-27 13:35:00+00:00,2025-04-27 15:25:00+00:00,LONG,94033.6,93845.53,SL,-0.0865,8.5605,2025-04
2025-04-27 16:30:00+00:00,2025-04-27 17:05:00+00:00,SHORT,93732.06,93919.53,SL,-0.0856,8.4749,2025-04
2025-04-27 17:10:00+00:00,2025-04-27 22:10:00+00:00,LONG,94135.86,93947.59,SL,-0.0847,8.3901,2025-04
2025-04-28 02:30:00+00:00,2025-04-28 04:15:00+00:00,LONG,93533.65,94001.32,TP,0.2098,8.5999,2025-04
2025-04-28 10:20:00+00:00,2025-04-28 10:25:00+00:00,SHORT,94364.59,94553.32,SL,-0.086,8.5139,2025-04
2025-04-28 10:35:00+00:00,2025-04-28 13:30:00+00:00,LONG,95178.06,94987.7,SL,-0.0851,8.4287,2025-04
2025-04-28 16:40:00+00:00,2025-04-28 16:50:00+00:00,LONG,94055.94,93867.83,SL,-0.0843,8.3444,2025-04
2025-04-28 20:40:00+00:00,2025-04-28 22:05:00+00:00,SHORT,94424.73,94613.58,SL,-0.0834,8.261,2025-04
2025-04-29 01:55:00+00:00,2025-04-29 05:00:00+00:00,SHORT,94819.55,94345.45,TP,0.2065,8.4675,2025-04
2025-04-29 06:15:00+00:00,2025-04-29 11:10:00+00:00,LONG,94678.12,95151.51,TP,0.2117,8.6792,2025-04
2025-04-29 11:10:00+00:00,2025-04-29 11:40:00+00:00,LONG,95238.08,95047.6,SL,-0.0868,8.5924,2025-04
2025-04-29 12:50:00+00:00,2025-04-29 14:05:00+00:00,SHORT,94766.62,94956.15,SL,-0.0859,8.5065,2025-04
2025-04-29 14:35:00+00:00,2025-04-29 14:50:00+00:00,LONG,95163.2,94972.87,SL,-0.0851,8.4214,2025-04
2025-04-29 17:00:00+00:00,2025-04-29 17:10:00+00:00,SHORT,94783.67,94973.24,SL,-0.0842,8.3372,2025-04
2025-04-29 23:50:00+00:00,2025-04-30 03:45:00+00:00,LONG,94332.25,94803.91,TP,0.2084,8.5456,2025-04
2025-04-30 06:40:00+00:00,2025-04-30 09:40:00+00:00,SHORT,94735.92,94925.39,SL,-0.0855,8.4602,2025-04
2025-04-30 12:25:00+00:00,2025-04-30 13:05:00+00:00,SHORT,94890.67,94416.22,TP,0.2115,8.6717,2025-04
2025-04-30 14:30:00+00:00,2025-04-30 14:35:00+00:00,LONG,94325.73,94137.07,SL,-0.0867,8.585,2025-04
2025-04-30 19:25:00+00:00,2025-04-30 19:45:00+00:00,SHORT,93760.38,93947.9,SL,-0.0858,8.4991,2025-04
2025-04-30 20:00:00+00:00,2025-04-30 22:45:00+00:00,LONG,94325.85,94137.19,SL,-0.085,8.4141,2025-04
2025-05-01 01:00:00+00:00,2025-05-01 05:35:00+00:00,LONG,94531.25,95003.9,TP,0.2104,8.6245,2025-05
2025-05-01 06:45:00+00:00,2025-05-01 07:10:00+00:00,SHORT,94791.56,94981.14,SL,-0.0862,8.5382,2025-05
2025-05-01 08:15:00+00:00,2025-05-01 09:50:00+00:00,LONG,95174.37,95650.25,TP,0.2135,8.7517,2025-05
2025-05-01 13:35:00+00:00,2025-05-01 14:20:00+00:00,SHORT,96147.53,96339.82,SL,-0.0875,8.6642,2025-05
2025-05-01 14:55:00+00:00,2025-05-01 15:10:00+00:00,LONG,96866.72,97351.05,TP,0.2166,8.8808,2025-05
2025-05-01 17:35:00+00:00,2025-05-01 18:45:00+00:00,SHORT,96705.3,96898.71,SL,-0.0888,8.792,2025-05
2025-05-02 00:00:00+00:00,2025-05-02 01:15:00+00:00,LONG,96611.53,97094.59,TP,0.2198,9.0118,2025-05
2025-05-02 05:15:00+00:00,2025-05-02 11:15:00+00:00,SHORT,96813.32,97006.95,SL,-0.0901,8.9217,2025-05
2025-05-02 12:10:00+00:00,2025-05-02 12:35:00+00:00,SHORT,96753.74,96947.25,SL,-0.0892,8.8324,2025-05
2025-05-02 12:50:00+00:00,2025-05-02 13:05:00+00:00,LONG,97146.83,96952.54,SL,-0.0883,8.7441,2025-05
2025-05-02 13:10:00+00:00,2025-05-02 13:25:00+00:00,SHORT,96731.14,96924.6,SL,-0.0874,8.6567,2025-05
2025-05-02 14:30:00+00:00,2025-05-02 19:00:00+00:00,LONG,97303.48,97108.87,SL,-0.0866,8.5701,2025-05
2025-05-02 23:55:00+00:00,2025-05-03 00:40:00+00:00,LONG,96925.89,96732.04,SL,-0.0857,8.4844,2025-05
2025-05-03 00:40:00+00:00,2025-05-03 10:30:00+00:00,SHORT,96630.87,96147.72,TP,0.2121,8.6965,2025-05
2025-05-03 12:35:00+00:00,2025-05-03 17:15:00+00:00,LONG,96164.24,95971.91,SL,-0.087,8.6096,2025-05
2025-05-03 19:25:00+00:00,2025-05-03 23:20:00+00:00,LONG,96298.97,96106.38,SL,-0.0861,8.5235,2025-05
2025-05-04 01:55:00+00:00,2025-05-04 02:40:00+00:00,LONG,96138.38,95946.1,SL,-0.0852,8.4382,2025-05
2025-05-04 02:45:00+00:00,2025-05-04 05:45:00+00:00,SHORT,95812.49,96004.11,SL,-0.0844,8.3538,2025-05
2025-05-04 05:45:00+00:00,2025-05-04 07:00:00+00:00,LONG,96078.42,95886.26,SL,-0.0835,8.2703,2025-05
2025-05-04 07:35:00+00:00,2025-05-04 13:40:00+00:00,SHORT,95771.31,95292.45,TP,0.2068,8.4771,2025-05
2025-05-04 14:25:00+00:00,2025-05-04 16:15:00+00:00,LONG,95600.89,95409.68,SL,-0.0848,8.3923,2025-05
2025-05-04 18:20:00+00:00,2025-05-04 22:00:00+00:00,LONG,95530.16,95339.1,SL,-0.0839,8.3084,2025-05
2025-05-05 04:40:00+00:00,2025-05-05 10:35:00+00:00,LONG,94461.61,94272.69,SL,-0.0831,8.2253,2025-05
2025-05-05 12:10:00+00:00,2025-05-05 13:35:00+00:00,LONG,94235.32,94046.85,SL,-0.0823,8.143,2025-05
2025-05-05 13:35:00+00:00,2025-05-05 13:55:00+00:00,SHORT,93835.78,94023.45,SL,-0.0814,8.0616,2025-05
2025-05-05 16:15:00+00:00,2025-05-05 18:10:00+00:00,LONG,94188.51,94659.45,TP,0.2015,8.2631,2025-05
2025-05-05 19:35:00+00:00,2025-05-05 20:30:00+00:00,SHORT,94473.0,94000.63,TP,0.2066,8.4697,2025-05
2025-05-05 21:00:00+00:00,2025-05-05 22:15:00+00:00,LONG,94479.74,94952.14,TP,0.2117,8.6815,2025-05
2025-05-05 23:50:00+00:00,2025-05-06 02:15:00+00:00,SHORT,94694.55,94221.07,TP,0.217,8.8985,2025-05
2025-05-06 03:30:00+00:00,2025-05-06 08:10:00+00:00,LONG,94488.57,94299.59,SL,-0.089,8.8095,2025-05
2025-05-06 08:55:00+00:00,2025-05-06 09:10:00+00:00,LONG,94413.65,94224.82,SL,-0.0881,8.7214,2025-05
2025-05-06 10:40:00+00:00,2025-05-06 13:50:00+00:00,SHORT,94031.48,93561.32,TP,0.218,8.9395,2025-05
2025-05-06 14:05:00+00:00,2025-05-06 15:30:00+00:00,LONG,94113.87,94584.44,TP,0.2235,9.1629,2025-05
2025-05-06 20:25:00+00:00,2025-05-06 22:00:00+00:00,SHORT,94730.35,94919.81,SL,-0.0916,9.0713,2025-05
2025-05-06 22:00:00+00:00,2025-05-06 22:40:00+00:00,LONG,95298.11,95774.6,TP,0.2268,9.2981,2025-05
2025-05-07 02:05:00+00:00,2025-05-07 03:15:00+00:00,SHORT,96844.99,96360.76,TP,0.2325,9.5305,2025-05
2025-05-07 06:05:00+00:00,2025-05-07 13:40:00+00:00,LONG,96656.15,97139.43,TP,0.2383,9.7688,2025-05
2025-05-07 14:50:00+00:00,2025-05-07 15:35:00+00:00,SHORT,96840.49,97034.17,SL,-0.0977,9.6711,2025-05
2025-05-07 16:50:00+00:00,2025-05-07 17:05:00+00:00,LONG,96960.78,96766.86,SL,-0.0967,9.5744,2025-05
2025-05-07 17:50:00+00:00,2025-05-07 18:00:00+00:00,SHORT,96330.4,96523.06,SL,-0.0957,9.4787,2025-05
2025-05-07 20:50:00+00:00,2025-05-07 21:40:00+00:00,LONG,96666.51,97149.84,TP,0.237,9.7156,2025-05
2025-05-07 23:40:00+00:00,2025-05-08 00:55:00+00:00,SHORT,96995.74,97189.73,SL,-0.0972,9.6185,2025-05
2025-05-08 00:55:00+00:00,2025-05-08 02:20:00+00:00,LONG,97809.12,98298.16,TP,0.2405,9.8589,2025-05
2025-05-08 05:15:00+00:00,2025-05-08 06:55:00+00:00,SHORT,98804.98,99002.59,SL,-0.0986,9.7603,2025-05
2025-05-08 06:55:00+00:00,2025-05-08 08:15:00+00:00,LONG,99079.61,99575.0,TP,0.244,10.0044,2025-05
2025-05-08 11:20:00+00:00,2025-05-08 14:30:00+00:00,SHORT,99501.59,99700.6,SL,-0.1,9.9043,2025-05
2025-05-08 14:30:00+00:00,2025-05-08 14:35:00+00:00,LONG,99802.16,99602.56,SL,-0.099,9.8053,2025-05
2025-05-08 17:45:00+00:00,2025-05-08 18:00:00+00:00,SHORT,100832.67,101034.34,SL,-0.0981,9.7072,2025-05
2025-05-08 20:00:00+00:00,2025-05-08 20:35:00+00:00,LONG,101526.58,102034.22,TP,0.2427,9.9499,2025-05
2025-05-09 01:20:00+00:00,2025-05-09 01:40:00+00:00,SHORT,102563.84,102768.97,SL,-0.0995,9.8504,2025-05
2025-05-09 04:50:00+00:00,2025-05-09 05:20:00+00:00,LONG,102841.12,102635.44,SL,-0.0985,9.7519,2025-05
2025-05-09 08:35:00+00:00,2025-05-09 09:10:00+00:00,SHORT,103244.41,102728.18,TP,0.2438,9.9957,2025-05
2025-05-09 13:45:00+00:00,2025-05-09 14:00:00+00:00,LONG,103751.48,103543.98,SL,-0.1,9.8957,2025-05
2025-05-09 14:20:00+00:00,2025-05-09 17:45:00+00:00,SHORT,102957.33,103163.25,SL,-0.099,9.7968,2025-05
2025-05-09 21:10:00+00:00,2025-05-10 02:35:00+00:00,SHORT,102966.35,103172.28,SL,-0.098,9.6988,2025-05
2025-05-10 09:00:00+00:00,2025-05-10 09:30:00+00:00,SHORT,103391.14,103597.92,SL,-0.097,9.6018,2025-05
2025-05-10 12:25:00+00:00,2025-05-10 13:20:00+00:00,LONG,103775.42,103567.87,SL,-0.096,9.5058,2025-05
2025-05-10 14:15:00+00:00,2025-05-10 21:55:00+00:00,SHORT,103425.74,103632.59,SL,-0.0951,9.4107,2025-05
2025-05-11 00:25:00+00:00,2025-05-11 00:30:00+00:00,SHORT,103884.9,104092.67,SL,-0.0941,9.3166,2025-05
2025-05-11 04:10:00+00:00,2025-05-11 04:35:00+00:00,LONG,104376.1,104167.35,SL,-0.0932,9.2235,2025-05
2025-05-11 05:25:00+00:00,2025-05-11 09:10:00+00:00,SHORT,103827.95,104035.61,SL,-0.0922,9.1312,2025-05
2025-05-11 13:25:00+00:00,2025-05-11 13:35:00+00:00,SHORT,104288.21,104496.78,SL,-0.0913,9.0399,2025-05
2025-05-11 15:10:00+00:00,2025-05-11 15:35:00+00:00,LONG,104539.49,104330.41,SL,-0.0904,8.9495,2025-05
2025-05-11 15:50:00+00:00,2025-05-11 15:55:00+00:00,SHORT,103887.56,104095.33,SL,-0.0895,8.86,2025-05
2025-05-11 18:35:00+00:00,2025-05-11 21:05:00+00:00,LONG,104434.07,104225.2,SL,-0.0886,8.7714,2025-05
2025-05-11 21:05:00+00:00,2025-05-11 21:50:00+00:00,SHORT,104025.08,104233.13,SL,-0.0877,8.6837,2025-05
2025-05-11 21:50:00+00:00,2025-05-11 22:00:00+00:00,LONG,104385.69,104176.92,SL,-0.0868,8.5969,2025-05
2025-05-11 22:20:00+00:00,2025-05-12 00:00:00+00:00,SHORT,103911.62,104119.44,SL,-0.086,8.5109,2025-05
2025-05-12 00:10:00+00:00,2025-05-12 01:05:00+00:00,LONG,104369.77,104891.62,TP,0.2128,8.7237,2025-05
2025-05-12 01:30:00+00:00,2025-05-12 06:30:00+00:00,SHORT,104019.92,104227.96,SL,-0.0872,8.6364,2025-05
2025-05-12 07:45:00+00:00,2025-05-12 08:50:00+00:00,SHORT,104443.23,104652.11,SL,-0.0864,8.5501,2025-05
2025-05-12 13:50:00+00:00,2025-05-12 14:05:00+00:00,LONG,104429.99,104221.13,SL,-0.0855,8.4646,2025-05
2025-05-12 14:25:00+00:00,2025-05-12 14:30:00+00:00,SHORT,102912.56,103118.38,SL,-0.0846,8.3799,2025-05
2025-05-12 20:25:00+00:00,2025-05-12 20:50:00+00:00,LONG,102290.89,102802.34,TP,0.2095,8.5894,2025-05
2025-05-12 23:55:00+00:00,2025-05-13 02:10:00+00:00,SHORT,102750.2,102236.45,TP,0.2147,8.8042,2025-05
2025-05-13 04:20:00+00:00,2025-05-13 07:15:00+00:00,LONG,102288.47,102799.91,TP,0.2201,9.0243,2025-05
2025-05-13 12:20:00+00:00,2025-05-13 12:30:00+00:00,SHORT,103449.57,103656.47,SL,-0.0902,8.934,2025-05
2025-05-13 16:05:00+00:00,2025-05-13 18:10:00+00:00,LONG,103889.5,104408.95,TP,0.2234,9.1574,2025-05
2025-05-13 21:10:00+00:00,2025-05-13 21:25:00+00:00,SHORT,104238.62,104447.1,SL,-0.0916,9.0658,2025-05
2025-05-14 04:35:00+00:00,2025-05-14 07:15:00+00:00,LONG,103807.86,103600.24,SL,-0.0907,8.9751,2025-05
2025-05-14 10:10:00+00:00,2025-05-14 13:30:00+00:00,LONG,103692.53,104210.99,TP,0.2244,9.1995,2025-05
2025-05-14 13:40:00+00:00,2025-05-14 13:55:00+00:00,SHORT,103671.3,103878.65,SL,-0.092,9.1075,2025-05
2025-05-14 18:15:00+00:00,2025-05-15 01:45:00+00:00,LONG,103450.15,103243.25,SL,-0.0911,9.0165,2025-05
2025-05-15 08:30:00+00:00,2025-05-15 09:05:00+00:00,LONG,102300.91,102096.31,SL,-0.0902,8.9263,2025-05
2025-05-15 09:30:00+00:00,2025-05-15 11:05:00+00:00,SHORT,101774.86,101978.41,SL,-0.0893,8.837,2025-05
2025-05-15 11:05:00+00:00,2025-05-15 12:30:00+00:00,LONG,102163.31,102674.13,TP,0.2209,9.058,2025-05
2025-05-15 13:35:00+00:00,2025-05-15 14:00:00+00:00,SHORT,102131.13,102335.39,SL,-0.0906,8.9674,2025-05
2025-05-15 15:25:00+00:00,2025-05-15 15:45:00+00:00,LONG,102533.84,103046.51,TP,0.2242,9.1916,2025-05
2025-05-15 18:20:00+00:00,2025-05-15 18:55:00+00:00,SHORT,103470.29,102952.93,TP,0.2298,9.4213,2025-05
2025-05-15 22:00:00+00:00,2025-05-15 23:15:00+00:00,LONG,103523.7,103316.66,SL,-0.0942,9.3271,2025-05
2025-05-15 23:15:00+00:00,2025-05-15 23:20:00+00:00,SHORT,103209.49,103415.91,SL,-0.0933,9.2339,2025-05
2025-05-15 23:35:00+00:00,2025-05-16 01:00:00+00:00,LONG,103879.7,103671.94,SL,-0.0923,9.1415,2025-05
2025-05-16 01:15:00+00:00,2025-05-16 01:25:00+00:00,SHORT,103427.05,103633.91,SL,-0.0914,9.0501,2025-05
2025-05-16 01:35:00+00:00,2025-05-16 04:30:00+00:00,LONG,104114.15,103905.92,SL,-0.0905,8.9596,2025-05
2025-05-16 04:30:00+00:00,2025-05-16 05:20:00+00:00,SHORT,103851.84,104059.55,SL,-0.0896,8.87,2025-05
2025-05-16 05:20:00+00:00,2025-05-16 05:35:00+00:00,LONG,104150.0,103941.7,SL,-0.0887,8.7813,2025-05
2025-05-16 07:35:00+00:00,2025-05-16 08:20:00+00:00,SHORT,103812.11,103293.05,TP,0.2195,9.0008,2025-05
2025-05-16 09:20:00+00:00,2025-05-16 12:55:00+00:00,LONG,103739.9,103532.42,SL,-0.09,8.9108,2025-05
2025-05-16 13:35:00+00:00,2025-05-16 14:05:00+00:00,LONG,103921.54,103713.7,SL,-0.0891,8.8217,2025-05
2025-05-16 14:40:00+00:00,2025-05-16 14:45:00+00:00,SHORT,103303.3,103509.91,SL,-0.0882,8.7335,2025-05
2025-05-16 15:10:00+00:00,2025-05-16 15:20:00+00:00,LONG,104141.53,103933.25,SL,-0.0873,8.6462,2025-05
2025-05-16 17:50:00+00:00,2025-05-16 18:05:00+00:00,SHORT,103755.43,103962.94,SL,-0.0865,8.5597,2025-05
2025-05-16 19:55:00+00:00,2025-05-16 20:00:00+00:00,LONG,104074.21,103866.06,SL,-0.0856,8.4741,2025-05
2025-05-16 20:40:00+00:00,2025-05-17 01:05:00+00:00,SHORT,103559.88,103042.08,TP,0.2119,8.686,2025-05
2025-05-17 02:30:00+00:00,2025-05-17 09:15:00+00:00,LONG,103296.39,103089.8,SL,-0.0869,8.5991,2025-05
2025-05-17 11:35:00+00:00,2025-05-17 13:05:00+00:00,LONG,103048.57,102842.48,SL,-0.086,8.5131,2025-05
2025-05-17 13:05:00+00:00,2025-05-17 13:10:00+00:00,SHORT,102796.85,103002.45,SL,-0.0851,8.428,2025-05
2025-05-17 14:25:00+00:00,2025-05-17 16:35:00+00:00,LONG,103068.62,102862.48,SL,-0.0843,8.3437,2025-05
2025-05-17 17:20:00+00:00,2025-05-17 19:00:00+00:00,LONG,103189.27,102982.89,SL,-0.0834,8.2603,2025-05
2025-05-17 22:05:00+00:00,2025-05-17 23:30:00+00:00,SHORT,102958.8,103164.72,SL,-0.0826,8.1777,2025-05
2025-05-18 00:15:00+00:00,2025-05-18 07:50:00+00:00,LONG,103287.96,103804.4,TP,0.2044,8.3821,2025-05
2025-05-18 11:45:00+00:00,2025-05-18 13:35:00+00:00,SHORT,103784.56,103992.13,SL,-0.0838,8.2983,2025-05
2025-05-18 17:50:00+00:00,2025-05-18 18:00:00+00:00,SHORT,104989.77,104464.82,TP,0.2075,8.5057,2025-05
2025-05-18 21:40:00+00:00,2025-05-18 21:50:00+00:00,LONG,104510.37,104301.35,SL,-0.0851,8.4207,2025-05
2025-05-19 00:40:00+00:00,2025-05-19 01:15:00+00:00,SHORT,105479.52,104952.12,TP,0.2105,8.6312,2025-05
2025-05-19 07:40:00+00:00,2025-05-19 08:40:00+00:00,LONG,103206.17,102999.75,SL,-0.0863,8.5449,2025-05
2025-05-19 11:05:00+00:00,2025-05-19 11:15:00+00:00,SHORT,102767.67,102973.2,SL,-0.0854,8.4594,2025-05
2025-05-19 13:35:00+00:00,2025-05-19 14:05:00+00:00,LONG,103019.7,103534.8,TP,0.2115,8.6709,2025-05
2025-05-19 18:30:00+00:00,2025-05-19 19:15:00+00:00,SHORT,104784.15,104993.72,SL,-0.0867,8.5842,2025-05
2025-05-19 19:35:00+00:00,2025-05-19 21:25:00+00:00,LONG,105464.22,105253.29,SL,-0.0858,8.4984,2025-05
2025-05-19 21:25:00+00:00,2025-05-19 21:40:00+00:00,SHORT,104986.8,105196.77,SL,-0.085,8.4134,2025-05
2025-05-19 22:45:00+00:00,2025-05-20 00:15:00+00:00,LONG,105665.13,106193.45,TP,0.2103,8.6237,2025-05
2025-05-20 00:25:00+00:00,2025-05-20 00:35:00+00:00,SHORT,105601.73,105812.94,SL,-0.0862,8.5375,2025-05
2025-05-20 01:50:00+00:00,2025-05-20 02:35:00+00:00,LONG,106661.36,106448.03,SL,-0.0854,8.4521,2025-05
2025-05-20 03:05:00+00:00,2025-05-20 04:55:00+00:00,SHORT,105976.49,106188.45,SL,-0.0845,8.3676,2025-05
2025-05-20 06:05:00+00:00,2025-05-20 07:35:00+00:00,SHORT,105889.0,105359.55,TP,0.2092,8.5768,2025-05
2025-05-20 11:30:00+00:00,2025-05-20 12:00:00+00:00,LONG,105308.46,105097.84,SL,-0.0858,8.491,2025-05
2025-05-20 12:15:00+00:00,2025-05-20 13:40:00+00:00,SHORT,104930.12,104405.47,TP,0.2123,8.7033,2025-05
2025-05-20 14:20:00+00:00,2025-05-20 14:25:00+00:00,LONG,104946.72,104736.83,SL,-0.087,8.6163,2025-05
2025-05-20 18:25:00+00:00,2025-05-20 18:35:00+00:00,SHORT,105730.42,105941.88,SL,-0.0862,8.5301,2025-05
2025-05-20 19:20:00+00:00,2025-05-20 19:50:00+00:00,LONG,106303.92,106835.44,TP,0.2133,8.7434,2025-05
2025-05-20 21:25:00+00:00,2025-05-20 21:45:00+00:00,SHORT,106275.65,106488.2,SL,-0.0874,8.6559,2025-05
2025-05-20 22:50:00+00:00,2025-05-21 00:35:00+00:00,LONG,106789.43,106575.85,SL,-0.0866,8.5694,2025-05
2025-05-21 01:55:00+00:00,2025-05-21 02:30:00+00:00,SHORT,106457.4,106670.31,SL,-0.0857,8.4837,2025-05
2025-05-21 02:35:00+00:00,2025-05-21 04:35:00+00:00,LONG,106852.24,107386.51,TP,0.2121,8.6958,2025-05
2025-05-21 07:15:00+00:00,2025-05-21 07:35:00+00:00,SHORT,107160.6,106624.8,TP,0.2174,8.9132,2025-05
2025-05-21 11:15:00+00:00,2025-05-21 11:45:00+00:00,LONG,106754.75,106541.25,SL,-0.0891,8.824,2025-05
2025-05-21 13:05:00+00:00,2025-05-21 13:35:00+00:00,SHORT,106411.36,106624.18,SL,-0.0882,8.7358,2025-05
2025-05-21 13:40:00+00:00,2025-05-21 14:40:00+00:00,LONG,107183.04,107718.95,TP,0.2184,8.9542,2025-05
2025-05-21 17:15:00+00:00,2025-05-21 17:25:00+00:00,SHORT,108519.52,107976.93,TP,0.2239,9.178,2025-05
2025-05-21 19:35:00+00:00,2025-05-21 19:40:00+00:00,LONG,108389.35,108172.57,SL,-0.0918,9.0862,2025-05
2025-05-22 05:55:00+00:00,2025-05-22 06:00:00+00:00,SHORT,110835.64,111057.31,SL,-0.0909,8.9954,2025-05
2025-05-22 10:25:00+00:00,2025-05-22 11:00:00+00:00,LONG,110946.19,110724.3,SL,-0.09,8.9054,2025-05
2025-05-22 11:25:00+00:00,2025-05-22 11:45:00+00:00,SHORT,110458.25,110679.17,SL,-0.0891,8.8164,2025-05
2025-05-22 11:50:00+00:00,2025-05-22 12:10:00+00:00,LONG,111146.48,110924.19,SL,-0.0882,8.7282,2025-05
2025-05-22 13:55:00+00:00,2025-05-22 14:25:00+00:00,SHORT,110870.12,111091.86,SL,-0.0873,8.6409,2025-05
2025-05-22 17:20:00+00:00,2025-05-22 17:25:00+00:00,LONG,111956.78,111732.87,SL,-0.0864,8.5545,2025-05
2025-05-22 19:45:00+00:00,2025-05-22 23:30:00+00:00,SHORT,111091.92,111314.1,SL,-0.0855,8.469,2025-05
2025-05-23 01:15:00+00:00,2025-05-23 02:10:00+00:00,SHORT,111247.94,111470.44,SL,-0.0847,8.3843,2025-05
2025-05-23 08:25:00+00:00,2025-05-23 11:40:00+00:00,LONG,110939.77,110717.89,SL,-0.0838,8.3004,2025-05
2025-05-23 13:30:00+00:00,2025-05-23 13:35:00+00:00,LONG,109483.89,109264.92,SL,-0.083,8.2174,2025-05
2025-05-23 15:55:00+00:00,2025-05-23 16:15:00+00:00,SHORT,108896.42,108351.94,TP,0.2054,8.4229,2025-05
2025-05-23 17:10:00+00:00,2025-05-23 18:00:00+00:00,LONG,109543.79,109324.7,SL,-0.0842,8.3386,2025-05
2025-05-23 18:45:00+00:00,2025-05-23 19:10:00+00:00,SHORT,108827.65,109045.31,SL,-0.0834,8.2553,2025-05
2025-05-24 02:35:00+00:00,2025-05-24 04:15:00+00:00,LONG,107920.14,108459.74,TP,0.2064,8.4616,2025-05
2025-05-24 05:20:00+00:00,2025-05-24 07:55:00+00:00,SHORT,108247.53,107706.3,TP,0.2115,8.6732,2025-05
2025-05-24 08:50:00+00:00,2025-05-24 10:40:00+00:00,LONG,108300.2,108841.7,TP,0.2168,8.89,2025-05
2025-05-24 12:15:00+00:00,2025-05-24 14:45:00+00:00,SHORT,108683.9,108901.27,SL,-0.0889,8.8011,2025-05
2025-05-24 20:55:00+00:00,2025-05-24 22:40:00+00:00,SHORT,108820.08,108275.98,TP,0.22,9.0211,2025-05
2025-05-25 03:00:00+00:00,2025-05-25 04:10:00+00:00,LONG,108239.01,108022.53,SL,-0.0902,8.9309,2025-05
2025-05-25 04:20:00+00:00,2025-05-25 04:35:00+00:00,SHORT,107900.31,108116.11,SL,-0.0893,8.8416,2025-05
2025-05-25 12:15:00+00:00,2025-05-25 14:40:00+00:00,LONG,107518.42,107303.38,SL,-0.0884,8.7532,2025-05
2025-05-25 14:40:00+00:00,2025-05-25 18:10:00+00:00,SHORT,107160.38,107374.7,SL,-0.0875,8.6657,2025-05
2025-05-25 20:10:00+00:00,2025-05-25 20:40:00+00:00,SHORT,107484.27,107699.24,SL,-0.0867,8.579,2025-05
2025-05-25 21:05:00+00:00,2025-05-25 21:20:00+00:00,LONG,107860.04,107644.32,SL,-0.0858,8.4932,2025-05
2025-05-25 21:20:00+00:00,2025-05-25 22:05:00+00:00,SHORT,107490.54,107705.52,SL,-0.0849,8.4083,2025-05
2025-05-25 22:05:00+00:00,2025-05-25 22:50:00+00:00,LONG,108223.26,108764.38,TP,0.2102,8.6185,2025-05
2025-05-26 08:50:00+00:00,2025-05-26 09:10:00+00:00,SHORT,109575.05,109794.2,SL,-0.0862,8.5323,2025-05
2025-05-26 12:50:00+00:00,2025-05-26 12:55:00+00:00,LONG,110054.42,109834.32,SL,-0.0853,8.447,2025-05
2025-05-26 16:20:00+00:00,2025-05-27 01:10:00+00:00,SHORT,109465.8,108918.47,TP,0.2112,8.6582,2025-05
2025-05-27 03:10:00+00:00,2025-05-27 05:15:00+00:00,LONG,108980.61,108762.65,SL,-0.0866,8.5716,2025-05
2025-05-27 05:15:00+00:00,2025-05-27 05:45:00+00:00,SHORT,108579.02,108796.18,SL,-0.0857,8.4859,2025-05
2025-05-27 06:10:00+00:00,2025-05-27 06:50:00+00:00,LONG,109171.89,108953.55,SL,-0.0849,8.401,2025-05
2025-05-27 11:15:00+00:00,2025-05-27 12:05:00+00:00,SHORT,109452.99,109671.9,SL,-0.084,8.317,2025-05
2025-05-27 12:05:00+00:00,2025-05-27 12:40:00+00:00,LONG,109820.11,109600.47,SL,-0.0832,8.2338,2025-05
2025-05-27 14:25:00+00:00,2025-05-27 15:30:00+00:00,SHORT,109491.4,109710.38,SL,-0.0823,8.1515,2025-05
2025-05-27 16:00:00+00:00,2025-05-27 16:05:00+00:00,LONG,110373.22,110152.48,SL,-0.0815,8.07,2025-05
2025-05-27 18:55:00+00:00,2025-05-27 21:20:00+00:00,SHORT,109846.66,109297.43,TP,0.2017,8.2717,2025-05
2025-05-28 00:55:00+00:00,2025-05-28 01:05:00+00:00,LONG,109249.07,109030.57,SL,-0.0827,8.189,2025-05
2025-05-28 01:55:00+00:00,2025-05-28 03:45:00+00:00,SHORT,108624.52,108841.77,SL,-0.0819,8.1071,2025-05
2025-05-28 04:35:00+00:00,2025-05-28 06:05:00+00:00,LONG,109054.59,108836.49,SL,-0.0811,8.026,2025-05
2025-05-28 06:05:00+00:00,2025-05-28 07:05:00+00:00,SHORT,108727.37,108944.83,SL,-0.0803,7.9458,2025-05
2025-05-28 07:50:00+00:00,2025-05-28 08:10:00+00:00,LONG,109028.63,108810.58,SL,-0.0795,7.8663,2025-05
2025-05-28 08:10:00+00:00,2025-05-28 08:35:00+00:00,SHORT,108694.49,108911.88,SL,-0.0787,7.7877,2025-05
2025-05-28 08:35:00+00:00,2025-05-28 09:10:00+00:00,LONG,109079.62,108861.47,SL,-0.0779,7.7098,2025-05
2025-05-28 09:25:00+00:00,2025-05-28 09:35:00+00:00,SHORT,108551.66,108768.77,SL,-0.0771,7.6327,2025-05
2025-05-28 12:25:00+00:00,2025-05-28 12:50:00+00:00,LONG,109056.95,108838.83,SL,-0.0763,7.5564,2025-05
2025-05-28 12:50:00+00:00,2025-05-28 13:55:00+00:00,SHORT,108773.91,108230.04,TP,0.1889,7.7453,2025-05
2025-05-28 17:00:00+00:00,2025-05-28 17:35:00+00:00,LONG,107704.59,107489.19,SL,-0.0775,7.6678,2025-05
2025-05-28 19:35:00+00:00,2025-05-28 21:40:00+00:00,SHORT,107270.13,107484.68,SL,-0.0767,7.5911,2025-05
2025-05-28 22:15:00+00:00,2025-05-28 23:00:00+00:00,SHORT,107259.92,107474.44,SL,-0.0759,7.5152,2025-05
2025-05-28 23:00:00+00:00,2025-05-29 00:55:00+00:00,LONG,107633.88,108172.05,TP,0.1879,7.7031,2025-05
2025-05-29 03:35:00+00:00,2025-05-29 04:40:00+00:00,SHORT,107956.8,107417.02,TP,0.1926,7.8957,2025-05
2025-05-29 06:20:00+00:00,2025-05-29 08:50:00+00:00,LONG,107922.66,108462.28,TP,0.1974,8.0931,2025-05
2025-05-29 12:40:00+00:00,2025-05-29 13:40:00+00:00,SHORT,108385.8,107843.87,TP,0.2023,8.2954,2025-05
2025-05-29 21:10:00+00:00,2025-05-29 21:25:00+00:00,LONG,106385.71,106172.94,SL,-0.083,8.2125,2025-05
2025-05-29 22:40:00+00:00,2025-05-29 23:45:00+00:00,SHORT,106034.01,105503.84,TP,0.2053,8.4178,2025-05
2025-05-30 02:40:00+00:00,2025-05-30 03:00:00+00:00,LONG,106185.8,105973.43,SL,-0.0842,8.3336,2025-05
2025-05-30 06:00:00+00:00,2025-05-30 07:30:00+00:00,SHORT,105989.46,105459.51,TP,0.2083,8.5419,2025-05
2025-05-30 09:55:00+00:00,2025-05-30 10:05:00+00:00,LONG,105665.29,105453.96,SL,-0.0854,8.4565,2025-05
2025-05-30 12:10:00+00:00,2025-05-30 12:25:00+00:00,SHORT,105300.16,105510.76,SL,-0.0846,8.3719,2025-05
2025-05-30 18:20:00+00:00,2025-05-30 20:00:00+00:00,LONG,104786.39,104576.82,SL,-0.0837,8.2882,2025-05
2025-05-30 20:05:00+00:00,2025-05-30 20:20:00+00:00,SHORT,104362.53,104571.25,SL,-0.0829,8.2053,2025-05
2025-05-30 21:15:00+00:00,2025-05-30 21:35:00+00:00,LONG,104867.0,104657.27,SL,-0.0821,8.1233,2025-05
2025-05-30 22:15:00+00:00,2025-05-30 22:55:00+00:00,SHORT,104494.78,103972.3,TP,0.2031,8.3264,2025-05
2025-05-31 04:25:00+00:00,2025-05-31 05:50:00+00:00,LONG,103817.67,103610.04,SL,-0.0833,8.2431,2025-05
2025-05-31 05:55:00+00:00,2025-05-31 06:25:00+00:00,SHORT,103497.52,103704.52,SL,-0.0824,8.1607,2025-05
2025-05-31 06:35:00+00:00,2025-05-31 07:45:00+00:00,LONG,103883.26,103675.49,SL,-0.0816,8.0791,2025-05
2025-05-31 12:05:00+00:00,2025-05-31 14:00:00+00:00,LONG,103760.57,104279.37,TP,0.202,8.281,2025-05
2025-05-31 15:45:00+00:00,2025-05-31 15:50:00+00:00,SHORT,104419.93,104628.77,SL,-0.0828,8.1982,2025-05
2025-05-31 19:05:00+00:00,2025-05-31 23:00:00+00:00,LONG,104736.48,104527.0,SL,-0.082,8.1163,2025-05
2025-06-01 03:45:00+00:00,2025-06-01 06:20:00+00:00,LONG,104481.78,104272.81,SL,-0.0812,8.0351,2025-06
2025-06-01 08:55:00+00:00,2025-06-01 09:05:00+00:00,LONG,104428.35,104219.5,SL,-0.0804,7.9547,2025-06
2025-06-01 09:05:00+00:00,2025-06-01 13:15:00+00:00,SHORT,104136.37,104344.64,SL,-0.0795,7.8752,2025-06
2025-06-01 18:20:00+00:00,2025-06-01 19:20:00+00:00,SHORT,104758.16,104967.68,SL,-0.0788,7.7964,2025-06
2025-06-01 20:55:00+00:00,2025-06-01 21:20:00+00:00,SHORT,104906.93,105116.74,SL,-0.078,7.7185,2025-06
2025-06-01 21:35:00+00:00,2025-06-02 02:15:00+00:00,LONG,105408.01,105197.19,SL,-0.0772,7.6413,2025-06
2025-06-02 06:40:00+00:00,2025-06-02 08:25:00+00:00,LONG,105193.45,105719.42,TP,0.191,7.8323,2025-06
2025-06-02 08:50:00+00:00,2025-06-02 09:40:00+00:00,SHORT,105234.7,104708.53,TP,0.1958,8.0281,2025-06
2025-06-02 13:30:00+00:00,2025-06-02 13:45:00+00:00,LONG,104317.15,104108.52,SL,-0.0803,7.9479,2025-06
2025-06-02 18:45:00+00:00,2025-06-02 19:00:00+00:00,SHORT,104186.96,104395.33,SL,-0.0795,7.8684,2025-06
2025-06-02 20:05:00+00:00,2025-06-02 22:15:00+00:00,LONG,104768.31,105292.15,TP,0.1967,8.0651,2025-06
2025-06-03 02:15:00+00:00,2025-06-03 03:05:00+00:00,SHORT,106047.24,105517.01,TP,0.2016,8.2667,2025-06
2025-06-03 05:35:00+00:00,2025-06-03 06:25:00+00:00,LONG,105468.44,105257.5,SL,-0.0827,8.184,2025-06
2025-06-03 07:20:00+00:00,2025-06-03 13:00:00+00:00,SHORT,105196.0,105406.4,SL,-0.0818,8.1022,2025-06
2025-06-03 13:30:00+00:00,2025-06-03 13:40:00+00:00,SHORT,105133.19,105343.46,SL,-0.081,8.0212,2025-06
2025-06-03 13:40:00+00:00,2025-06-03 14:00:00+00:00,LONG,105622.17,105410.93,SL,-0.0802,7.941,2025-06
2025-06-03 16:40:00+00:00,2025-06-03 19:25:00+00:00,SHORT,106127.05,106339.31,SL,-0.0794,7.8616,2025-06
2025-06-03 20:10:00+00:00,2025-06-03 21:55:00+00:00,SHORT,105957.6,105427.81,TP,0.1965,8.0581,2025-06
2025-06-03 22:30:00+00:00,2025-06-03 23:05:00+00:00,LONG,105892.1,105680.32,SL,-0.0806,7.9775,2025-06
2025-06-03 23:15:00+00:00,2025-06-04 02:05:00+00:00,SHORT,105539.39,105750.47,SL,-0.0798,7.8977,2025-06
2025-06-04 04:30:00+00:00,2025-06-04 09:40:00+00:00,SHORT,105405.96,105616.77,SL,-0.079,7.8188,2025-06
2025-06-04 11:15:00+00:00,2025-06-04 12:20:00+00:00,SHORT,105514.39,104986.82,TP,0.1955,8.0142,2025-06
2025-06-04 13:35:00+00:00,2025-06-04 13:40:00+00:00,LONG,105275.9,105065.35,SL,-0.0801,7.9341,2025-06
2025-06-04 13:50:00+00:00,2025-06-04 14:55:00+00:00,SHORT,104725.65,104935.1,SL,-0.0793,7.8547,2025-06
2025-06-04 14:55:00+00:00,2025-06-04 20:00:00+00:00,LONG,105075.31,104865.16,SL,-0.0785,7.7762,2025-06
2025-06-04 21:35:00+00:00,2025-06-04 23:00:00+00:00,LONG,104945.09,104735.2,SL,-0.0778,7.6984,2025-06
2025-06-04 23:25:00+00:00,2025-06-05 00:30:00+00:00,SHORT,104622.13,104831.38,SL,-0.077,7.6215,2025-06
2025-06-05 00:35:00+00:00,2025-06-05 01:50:00+00:00,LONG,104986.71,104776.73,SL,-0.0762,7.5452,2025-06
2025-06-05 02:30:00+00:00,2025-06-05 03:20:00+00:00,LONG,105122.28,104912.04,SL,-0.0755,7.4698,2025-06
2025-06-05 05:20:00+00:00,2025-06-05 06:40:00+00:00,SHORT,104961.92,104437.11,TP,0.1867,7.6565,2025-06
2025-06-05 09:00:00+00:00,2025-06-05 12:15:00+00:00,LONG,104762.16,105285.97,TP,0.1914,7.8479,2025-06
2025-06-05 13:35:00+00:00,2025-06-05 13:50:00+00:00,SHORT,105327.58,104800.94,TP,0.1962,8.0441,2025-06
2025-06-05 15:25:00+00:00,2025-06-05 15:45:00+00:00,LONG,104885.92,104676.15,SL,-0.0804,7.9637,2025-06
2025-06-05 16:15:00+00:00,2025-06-05 16:50:00+00:00,SHORT,104050.4,103530.15,TP,0.1991,8.1628,2025-06
2025-06-06 00:40:00+00:00,2025-06-06 02:15:00+00:00,LONG,101805.95,101602.33,SL,-0.0816,8.0812,2025-06
2025-06-06 02:15:00+00:00,2025-06-06 02:35:00+00:00,SHORT,101524.05,101727.1,SL,-0.0808,8.0004,2025-06
2025-06-06 02:50:00+00:00,2025-06-06 04:15:00+00:00,LONG,102039.21,102549.41,TP,0.2,8.2004,2025-06
2025-06-06 07:35:00+00:00,2025-06-06 08:00:00+00:00,SHORT,103019.25,103225.28,SL,-0.082,8.1184,2025-06
2025-06-06 08:15:00+00:00,2025-06-06 13:35:00+00:00,LONG,103529.78,104047.42,TP,0.203,8.3213,2025-06
2025-06-06 13:35:00+00:00,2025-06-06 14:45:00+00:00,LONG,104291.91,104813.37,TP,0.208,8.5294,2025-06
2025-06-06 17:05:00+00:00,2025-06-06 17:50:00+00:00,SHORT,104500.03,104709.03,SL,-0.0853,8.4441,2025-06
2025-06-06 20:40:00+00:00,2025-06-06 21:00:00+00:00,LONG,104620.58,104411.34,SL,-0.0844,8.3596,2025-06
2025-06-06 23:05:00+00:00,2025-06-07 00:50:00+00:00,SHORT,104163.49,104371.81,SL,-0.0836,8.276,2025-06
2025-06-07 06:25:00+00:00,2025-06-07 06:45:00+00:00,SHORT,104746.4,104955.9,SL,-0.0828,8.1933,2025-06
2025-06-07 06:45:00+00:00,2025-06-07 07:05:00+00:00,LONG,105242.07,105031.59,SL,-0.0819,8.1113,2025-06
2025-06-07 07:15:00+00:00,2025-06-07 10:20:00+00:00,SHORT,104848.43,105058.13,SL,-0.0811,8.0302,2025-06
2025-06-07 16:30:00+00:00,2025-06-07 18:00:00+00:00,SHORT,105373.43,105584.18,SL,-0.0803,7.9499,2025-06
2025-06-07 22:00:00+00:00,2025-06-08 09:45:00+00:00,SHORT,105706.2,105177.67,TP,0.1987,8.1487,2025-06
2025-06-08 10:35:00+00:00,2025-06-08 13:40:00+00:00,LONG,105332.68,105859.34,TP,0.2037,8.3524,2025-06
2025-06-08 13:55:00+00:00,2025-06-08 14:15:00+00:00,SHORT,105585.65,105796.82,SL,-0.0835,8.2689,2025-06
2025-06-08 15:05:00+00:00,2025-06-08 22:35:00+00:00,LONG,106047.76,105835.67,SL,-0.0827,8.1862,2025-06
2025-06-09 00:30:00+00:00,2025-06-09 00:35:00+00:00,LONG,105984.13,105772.16,SL,-0.0819,8.1043,2025-06
2025-06-09 03:05:00+00:00,2025-06-09 03:45:00+00:00,SHORT,105377.34,105588.1,SL,-0.081,8.0233,2025-06
2025-06-09 03:50:00+00:00,2025-06-09 04:45:00+00:00,LONG,105729.53,105518.08,SL,-0.0802,7.943,2025-06
2025-06-09 04:45:00+00:00,2025-06-09 06:50:00+00:00,SHORT,105467.82,105678.75,SL,-0.0794,7.8636,2025-06
2025-06-09 07:15:00+00:00,2025-06-09 08:35:00+00:00,SHORT,105490.6,105701.58,SL,-0.0786,7.785,2025-06
2025-06-09 08:35:00+00:00,2025-06-09 09:35:00+00:00,LONG,105754.82,106283.59,TP,0.1946,7.9796,2025-06
2025-06-09 13:25:00+00:00,2025-06-09 13:30:00+00:00,SHORT,107446.8,107661.7,SL,-0.0798,7.8998,2025-06
2025-06-09 14:20:00+00:00,2025-06-09 17:10:00+00:00,LONG,107698.19,108236.68,TP,0.1975,8.0973,2025-06
2025-06-10 01:10:00+00:00,2025-06-10 07:40:00+00:00,SHORT,109720.35,109171.75,TP,0.2024,8.2997,2025-06
2025-06-10 09:30:00+00:00,2025-06-10 13:40:00+00:00,LONG,109455.08,109236.17,SL,-0.083,8.2167,2025-06
2025-06-10 18:45:00+00:00,2025-06-10 19:20:00+00:00,LONG,109222.37,109768.48,TP,0.2054,8.4221,2025-06
2025-06-10 19:50:00+00:00,2025-06-10 20:35:00+00:00,SHORT,109447.09,109665.99,SL,-0.0842,8.3379,2025-06
2025-06-10 20:55:00+00:00,2025-06-10 21:10:00+00:00,LONG,110003.98,109783.98,SL,-0.0834,8.2545,2025-06
2025-06-10 23:05:00+00:00,2025-06-10 23:30:00+00:00,SHORT,109576.15,109795.3,SL,-0.0825,8.172,2025-06
2025-06-10 23:35:00+00:00,2025-06-11 00:20:00+00:00,LONG,110114.16,109893.93,SL,-0.0817,8.0903,2025-06
2025-06-11 00:20:00+00:00,2025-06-11 00:45:00+00:00,SHORT,109795.32,110014.91,SL,-0.0809,8.0094,2025-06
2025-06-11 03:20:00+00:00,2025-06-11 03:40:00+00:00,LONG,109886.64,109666.86,SL,-0.0801,7.9293,2025-06
2025-06-11 04:10:00+00:00,2025-06-11 12:40:00+00:00,SHORT,109549.11,109768.21,SL,-0.0793,7.85,2025-06
2025-06-11 16:05:00+00:00,2025-06-11 17:20:00+00:00,SHORT,109464.18,109683.11,SL,-0.0785,7.7715,2025-06
2025-06-11 21:10:00+00:00,2025-06-11 21:25:00+00:00,LONG,109261.86,109043.33,SL,-0.0777,7.6938,2025-06
2025-06-11 21:30:00+00:00,2025-06-12 03:20:00+00:00,SHORT,108617.86,108074.77,TP,0.1923,7.8861,2025-06
2025-06-12 06:40:00+00:00,2025-06-12 07:25:00+00:00,LONG,108009.97,107793.95,SL,-0.0789,7.8073,2025-06
2025-06-12 07:25:00+00:00,2025-06-12 11:25:00+00:00,SHORT,107620.01,107081.91,TP,0.1952,8.0024,2025-06
2025-06-12 12:35:00+00:00,2025-06-12 12:50:00+00:00,LONG,107312.11,107097.48,SL,-0.08,7.9224,2025-06
2025-06-12 13:25:00+00:00,2025-06-12 13:35:00+00:00,SHORT,106790.55,107004.13,SL,-0.0792,7.8432,2025-06
2025-06-12 14:05:00+00:00,2025-06-12 15:50:00+00:00,LONG,107344.67,107129.98,SL,-0.0784,7.7648,2025-06
2025-06-12 16:25:00+00:00,2025-06-12 16:35:00+00:00,LONG,107766.16,107550.63,SL,-0.0776,7.6871,2025-06
2025-06-12 18:15:00+00:00,2025-06-12 18:45:00+00:00,SHORT,107894.39,107354.92,TP,0.1922,7.8793,2025-06
2025-06-13 03:30:00+00:00,2025-06-13 03:45:00+00:00,LONG,104299.6,104091.0,SL,-0.0788,7.8005,2025-06
2025-06-13 06:25:00+00:00,2025-06-13 06:45:00+00:00,SHORT,103807.09,104014.7,SL,-0.078,7.7225,2025-06
2025-06-13 06:50:00+00:00,2025-06-13 08:05:00+00:00,LONG,104488.86,105011.3,TP,0.1931,7.9155,2025-06
2025-06-13 08:50:00+00:00,2025-06-13 11:00:00+00:00,SHORT,104710.55,104919.97,SL,-0.0792,7.8364,2025-06
2025-06-13 12:05:00+00:00,2025-06-13 12:40:00+00:00,LONG,105124.93,104914.68,SL,-0.0784,7.758,2025-06
2025-06-13 14:00:00+00:00,2025-06-13 14:55:00+00:00,SHORT,104554.42,104763.53,SL,-0.0776,7.6804,2025-06
2025-06-13 15:05:00+00:00,2025-06-13 16:15:00+00:00,LONG,105402.13,105929.14,TP,0.192,7.8725,2025-06
2025-06-13 17:15:00+00:00,2025-06-13 17:55:00+00:00,SHORT,105156.85,105367.16,SL,-0.0787,7.7937,2025-06
2025-06-13 20:40:00+00:00,2025-06-13 20:45:00+00:00,LONG,105547.23,105336.14,SL,-0.0779,7.7158,2025-06
2025-06-14 00:25:00+00:00,2025-06-14 00:45:00+00:00,SHORT,105757.67,105969.19,SL,-0.0772,7.6386,2025-06
2025-06-14 07:35:00+00:00,2025-06-14 08:05:00+00:00,LONG,105150.75,104940.45,SL,-0.0764,7.5623,2025-06
2025-06-14 08:10:00+00:00,2025-06-14 08:40:00+00:00,SHORT,104854.78,105064.49,SL,-0.0756,7.4866,2025-06
2025-06-14 08:45:00+00:00,2025-06-14 09:45:00+00:00,LONG,105153.37,104943.07,SL,-0.0749,7.4118,2025-06
2025-06-14 09:45:00+00:00,2025-06-14 10:30:00+00:00,SHORT,104856.03,105065.74,SL,-0.0741,7.3376,2025-06
2025-06-14 10:30:00+00:00,2025-06-14 12:15:00+00:00,LONG,105159.11,104948.79,SL,-0.0734,7.2643,2025-06
2025-06-14 12:25:00+00:00,2025-06-14 13:00:00+00:00,SHORT,104868.04,105077.77,SL,-0.0726,7.1916,2025-06
2025-06-14 18:05:00+00:00,2025-06-14 18:20:00+00:00,LONG,104913.03,104703.2,SL,-0.0719,7.1197,2025-06
2025-06-14 18:30:00+00:00,2025-06-14 18:50:00+00:00,SHORT,104437.11,104645.98,SL,-0.0712,7.0485,2025-06
2025-06-14 18:55:00+00:00,2025-06-14 19:55:00+00:00,LONG,104934.77,104724.9,SL,-0.0705,6.978,2025-06
2025-06-14 19:55:00+00:00,2025-06-14 20:35:00+00:00,SHORT,104603.81,104813.02,SL,-0.0698,6.9082,2025-06
2025-06-14 20:35:00+00:00,2025-06-15 00:50:00+00:00,LONG,104997.32,105522.31,TP,0.1727,7.081,2025-06
2025-06-15 06:20:00+00:00,2025-06-15 09:00:00+00:00,SHORT,105634.89,105106.71,TP,0.177,7.258,2025-06
2025-06-15 10:10:00+00:00,2025-06-15 11:30:00+00:00,LONG,105173.12,104962.78,SL,-0.0726,7.1854,2025-06
2025-06-15 16:15:00+00:00,2025-06-15 17:35:00+00:00,SHORT,105399.0,105609.8,SL,-0.0719,7.1135,2025-06
2025-06-15 17:35:00+00:00,2025-06-15 18:05:00+00:00,LONG,105737.14,105525.66,SL,-0.0711,7.0424,2025-06
2025-06-15 18:15:00+00:00,2025-06-15 20:35:00+00:00,SHORT,105441.17,104913.96,TP,0.1761,7.2185,2025-06
2025-06-15 22:00:00+00:00,2025-06-16 01:50:00+00:00,LONG,105102.6,105628.12,TP,0.1805,7.3989,2025-06
2025-06-16 09:50:00+00:00,2025-06-16 10:05:00+00:00,SHORT,106860.96,107074.68,SL,-0.074,7.3249,2025-06
2025-06-16 11:40:00+00:00,2025-06-16 12:10:00+00:00,LONG,106997.78,106783.79,SL,-0.0732,7.2517,2025-06
2025-06-16 12:30:00+00:00,2025-06-16 13:55:00+00:00,SHORT,106622.76,106836.01,SL,-0.0725,7.1792,2025-06
2025-06-16 13:55:00+00:00,2025-06-16 14:05:00+00:00,LONG,107202.92,106988.52,SL,-0.0718,7.1074,2025-06
2025-06-16 22:35:00+00:00,2025-06-16 23:30:00+00:00,SHORT,107949.5,107409.76,TP,0.1777,7.2851,2025-06
2025-06-17 01:50:00+00:00,2025-06-17 02:10:00+00:00,LONG,107307.6,107092.98,SL,-0.0729,7.2122,2025-06
2025-06-17 02:30:00+00:00,2025-06-17 02:35:00+00:00,SHORT,106535.0,106748.07,SL,-0.0721,7.1401,2025-06
2025-06-17 02:50:00+00:00,2025-06-17 05:20:00+00:00,LONG,107350.92,107136.22,SL,-0.0714,7.0687,2025-06
2025-06-17 05:20:00+00:00,2025-06-17 05:35:00+00:00,SHORT,107058.51,107272.63,SL,-0.0707,6.998,2025-06
2025-06-17 18:55:00+00:00,2025-06-17 19:15:00+00:00,LONG,104456.61,104978.89,TP,0.175,7.173,2025-06
2025-06-17 20:15:00+00:00,2025-06-17 20:20:00+00:00,SHORT,104287.34,104495.91,SL,-0.0717,7.1012,2025-06
2025-06-17 23:35:00+00:00,2025-06-18 00:25:00+00:00,LONG,104741.87,104532.39,SL,-0.071,7.0302,2025-06
2025-06-18 00:25:00+00:00,2025-06-18 00:35:00+00:00,SHORT,104375.76,104584.51,SL,-0.0703,6.9599,2025-06
2025-06-18 00:55:00+00:00,2025-06-18 04:45:00+00:00,LONG,104884.72,105409.14,TP,0.174,7.1339,2025-06
2025-06-18 06:35:00+00:00,2025-06-18 10:00:00+00:00,SHORT,105169.68,104643.83,TP,0.1783,7.3123,2025-06
2025-06-18 11:45:00+00:00,2025-06-18 12:40:00+00:00,LONG,104710.15,104500.73,SL,-0.0731,7.2391,2025-06
2025-06-18 13:00:00+00:00,2025-06-18 14:00:00+00:00,SHORT,104293.55,104502.13,SL,-0.0724,7.1667,2025-06
2025-06-18 17:00:00+00:00,2025-06-18 17:50:00+00:00,SHORT,104137.7,104345.97,SL,-0.0717,7.0951,2025-06
2025-06-18 20:35:00+00:00,2025-06-18 21:55:00+00:00,LONG,104551.79,105074.55,TP,0.1774,7.2725,2025-06
2025-06-18 23:40:00+00:00,2025-06-18 23:55:00+00:00,SHORT,104607.23,104816.44,SL,-0.0727,7.1997,2025-06
2025-06-19 00:20:00+00:00,2025-06-19 01:00:00+00:00,LONG,104996.3,104786.31,SL,-0.072,7.1277,2025-06
2025-06-19 01:00:00+00:00,2025-06-19 01:20:00+00:00,SHORT,104542.09,104751.17,SL,-0.0713,7.0565,2025-06
2025-06-19 02:35:00+00:00,2025-06-19 02:55:00+00:00,LONG,105018.54,104808.5,SL,-0.0706,6.9859,2025-06
2025-06-19 06:10:00+00:00,2025-06-19 08:40:00+00:00,SHORT,104701.62,104911.03,SL,-0.0699,6.916,2025-06
2025-06-19 08:55:00+00:00,2025-06-19 09:15:00+00:00,SHORT,104704.22,104913.63,SL,-0.0692,6.8469,2025-06
2025-06-19 09:15:00+00:00,2025-06-19 11:05:00+00:00,LONG,105041.99,104831.91,SL,-0.0685,6.7784,2025-06
2025-06-19 11:05:00+00:00,2025-06-19 14:50:00+00:00,SHORT,104764.16,104240.34,TP,0.1695,6.9479,2025-06
2025-06-19 17:30:00+00:00,2025-06-19 20:40:00+00:00,LONG,104387.45,104178.67,SL,-0.0695,6.8784,2025-06
2025-06-19 22:00:00+00:00,2025-06-20 04:45:00+00:00,LONG,104527.72,104318.67,SL,-0.0688,6.8096,2025-06
2025-06-20 05:35:00+00:00,2025-06-20 07:20:00+00:00,LONG,104508.44,105030.98,TP,0.1702,6.9798,2025-06
2025-06-20 08:40:00+00:00,2025-06-20 08:45:00+00:00,SHORT,105877.7,106089.46,SL,-0.0698,6.91,2025-06
2025-06-20 13:00:00+00:00,2025-06-20 13:30:00+00:00,LONG,106191.62,105979.24,SL,-0.0691,6.8409,2025-06
2025-06-20 13:45:00+00:00,2025-06-20 14:00:00+00:00,SHORT,105534.38,105745.45,SL,-0.0684,6.7725,2025-06
2025-06-20 20:00:00+00:00,2025-06-20 22:05:00+00:00,LONG,103519.39,103312.35,SL,-0.0677,6.7048,2025-06
2025-06-20 22:05:00+00:00,2025-06-21 01:50:00+00:00,SHORT,103248.04,103454.54,SL,-0.067,6.6378,2025-06
2025-06-21 03:55:00+00:00,2025-06-21 08:50:00+00:00,SHORT,103454.47,103661.38,SL,-0.0664,6.5714,2025-06
2025-06-21 11:00:00+00:00,2025-06-21 11:50:00+00:00,SHORT,103712.5,103919.92,SL,-0.0657,6.5057,2025-06
2025-06-21 20:50:00+00:00,2025-06-21 21:05:00+00:00,LONG,102878.74,102672.98,SL,-0.0651,6.4406,2025-06
2025-06-21 21:20:00+00:00,2025-06-21 21:25:00+00:00,SHORT,101540.57,101743.65,SL,-0.0644,6.3762,2025-06
2025-06-21 23:55:00+00:00,2025-06-22 00:30:00+00:00,LONG,102160.86,102671.66,TP,0.1594,6.5356,2025-06
2025-06-22 02:30:00+00:00,2025-06-22 02:40:00+00:00,SHORT,101992.05,102196.03,SL,-0.0654,6.4703,2025-06
2025-06-22 04:05:00+00:00,2025-06-22 04:20:00+00:00,LONG,102758.15,102552.63,SL,-0.0647,6.4056,2025-06
2025-06-22 07:30:00+00:00,2025-06-22 08:40:00+00:00,SHORT,102397.46,102602.26,SL,-0.0641,6.3415,2025-06
2025-06-22 08:55:00+00:00,2025-06-22 09:05:00+00:00,LONG,102753.42,102547.92,SL,-0.0634,6.2781,2025-06
2025-06-22 09:20:00+00:00,2025-06-22 11:05:00+00:00,SHORT,102328.16,102532.82,SL,-0.0628,6.2153,2025-06
2025-06-22 11:15:00+00:00,2025-06-22 13:10:00+00:00,LONG,102747.84,102542.35,SL,-0.0622,6.1531,2025-06
2025-06-22 13:10:00+00:00,2025-06-22 13:25:00+00:00,SHORT,102240.92,101729.71,TP,0.1538,6.307,2025-06
2025-06-22 16:55:00+00:00,2025-06-22 17:45:00+00:00,LONG,99707.04,99507.62,SL,-0.0631,6.2439,2025-06
2025-06-22 19:10:00+00:00,2025-06-22 20:05:00+00:00,SHORT,99146.57,98650.83,TP,0.1561,6.4,2025-06
2025-06-22 20:40:00+00:00,2025-06-22 22:00:00+00:00,LONG,99238.53,99734.72,TP,0.16,6.56,2025-06
2025-06-23 09:05:00+00:00,2025-06-23 13:30:00+00:00,SHORT,101606.21,101098.18,TP,0.164,6.724,2025-06
2025-06-23 13:35:00+00:00,2025-06-23 13:55:00+00:00,LONG,101723.27,102231.89,TP,0.1681,6.8921,2025-06
2025-06-23 16:05:00+00:00,2025-06-23 16:20:00+00:00,SHORT,101193.51,100687.54,TP,0.1723,7.0644,2025-06
2025-06-23 17:05:00+00:00,2025-06-23 17:25:00+00:00,LONG,101310.05,101816.6,TP,0.1766,7.241,2025-06
2025-06-24 02:05:00+00:00,2025-06-24 05:25:00+00:00,SHORT,104920.68,105130.53,SL,-0.0724,7.1686,2025-06
2025-06-24 07:30:00+00:00,2025-06-24 14:15:00+00:00,SHORT,105237.89,105448.36,SL,-0.0717,7.0969,2025-06
2025-06-24 14:15:00+00:00,2025-06-24 15:40:00+00:00,LONG,105512.21,105301.18,SL,-0.071,7.026,2025-06
2025-06-24 18:55:00+00:00,2025-06-24 20:25:00+00:00,SHORT,105491.52,105702.5,SL,-0.0703,6.9557,2025-06
2025-06-24 20:25:00+00:00,2025-06-25 00:10:00+00:00,LONG,105856.19,106385.47,TP,0.1739,7.1296,2025-06
2025-06-25 04:10:00+00:00,2025-06-25 05:45:00+00:00,SHORT,106135.61,106347.88,SL,-0.0713,7.0583,2025-06
2025-06-25 05:45:00+00:00,2025-06-25 06:00:00+00:00,LONG,106393.18,106180.39,SL,-0.0706,6.9877,2025-06
2025-06-25 08:30:00+00:00,2025-06-25 08:55:00+00:00,SHORT,106322.16,106534.81,SL,-0.0699,6.9178,2025-06
2025-06-25 08:55:00+00:00,2025-06-25 12:55:00+00:00,LONG,106678.41,107211.81,TP,0.1729,7.0908,2025-06
2025-06-25 15:15:00+00:00,2025-06-25 16:00:00+00:00,SHORT,107009.99,107224.01,SL,-0.0709,7.0199,2025-06
2025-06-25 19:05:00+00:00,2025-06-25 21:40:00+00:00,LONG,107707.08,107491.66,SL,-0.0702,6.9497,2025-06
2025-06-25 21:40:00+00:00,2025-06-26 01:30:00+00:00,SHORT,107432.05,107646.91,SL,-0.0695,6.8802,2025-06
2025-06-26 05:35:00+00:00,2025-06-26 06:10:00+00:00,SHORT,107505.36,107720.37,SL,-0.0688,6.8114,2025-06
2025-06-26 07:00:00+00:00,2025-06-26 09:05:00+00:00,LONG,107858.03,107642.31,SL,-0.0681,6.7433,2025-06
2025-06-26 09:05:00+00:00,2025-06-26 14:30:00+00:00,SHORT,107410.76,107625.58,SL,-0.0674,6.6758,2025-06
2025-06-26 14:30:00+00:00,2025-06-26 14:55:00+00:00,LONG,107669.26,107453.92,SL,-0.0668,6.6091,2025-06
2025-06-26 15:25:00+00:00,2025-06-26 15:50:00+00:00,SHORT,106882.64,107096.41,SL,-0.0661,6.543,2025-06
2025-06-26 18:10:00+00:00,2025-06-26 18:20:00+00:00,LONG,107605.13,107389.92,SL,-0.0654,6.4775,2025-06
2025-06-26 21:10:00+00:00,2025-06-27 00:50:00+00:00,SHORT,107363.75,106826.93,TP,0.1619,6.6395,2025-06
2025-06-27 01:25:00+00:00,2025-06-27 07:15:00+00:00,LONG,107055.82,107591.09,TP,0.166,6.8055,2025-06
2025-06-27 07:30:00+00:00,2025-06-27 13:45:00+00:00,SHORT,107193.76,106657.79,TP,0.1701,6.9756,2025-06
2025-06-27 14:00:00+00:00,2025-06-27 14:10:00+00:00,LONG,107086.63,106872.45,SL,-0.0698,6.9059,2025-06
2025-06-27 14:20:00+00:00,2025-06-27 15:15:00+00:00,SHORT,106427.35,106640.21,SL,-0.0691,6.8368,2025-06
2025-06-27 15:40:00+00:00,2025-06-27 17:25:00+00:00,LONG,107229.89,107015.44,SL,-0.0684,6.7684,2025-06
2025-06-27 17:25:00+00:00,2025-06-27 21:05:00+00:00,SHORT,106939.06,107152.94,SL,-0.0677,6.7007,2025-06
2025-06-27 23:20:00+00:00,2025-06-28 02:25:00+00:00,SHORT,106955.37,107169.28,SL,-0.067,6.6337,2025-06
2025-06-28 04:15:00+00:00,2025-06-28 06:10:00+00:00,SHORT,107155.58,107369.89,SL,-0.0663,6.5674,2025-06
2025-06-28 08:05:00+00:00,2025-06-29 08:30:00+00:00,SHORT,107363.19,107577.91,SL,-0.0657,6.5017,2025-06
2025-06-29 12:10:00+00:00,2025-06-29 16:20:00+00:00,SHORT,108133.16,107592.49,TP,0.1625,6.6643,2025-06
2025-06-29 18:20:00+00:00,2025-06-29 19:40:00+00:00,LONG,107641.18,107425.9,SL,-0.0666,6.5976,2025-06
2025-06-29 21:15:00+00:00,2025-06-29 22:35:00+00:00,LONG,107542.18,108079.89,TP,0.1649,6.7626,2025-06
2025-06-30 01:55:00+00:00,2025-06-30 06:35:00+00:00,SHORT,108450.53,107908.28,TP,0.1691,6.9316,2025-06
2025-06-30 10:35:00+00:00,2025-06-30 14:05:00+00:00,LONG,107631.64,107416.37,SL,-0.0693,6.8623,2025-06
2025-06-30 15:40:00+00:00,2025-06-30 21:50:00+00:00,LONG,107392.81,107178.02,SL,-0.0686,6.7937,2025-06
2025-07-01 00:10:00+00:00,2025-07-01 00:30:00+00:00,LONG,107378.01,107163.26,SL,-0.0679,6.7258,2025-07
2025-07-01 01:50:00+00:00,2025-07-01 02:30:00+00:00,SHORT,107158.09,107372.41,SL,-0.0673,6.6585,2025-07
2025-07-01 05:50:00+00:00,2025-07-01 07:15:00+00:00,LONG,106966.85,106752.92,SL,-0.0666,6.5919,2025-07
2025-07-01 07:15:00+00:00,2025-07-01 07:25:00+00:00,SHORT,106639.73,106853.01,SL,-0.0659,6.526,2025-07
2025-07-01 07:30:00+00:00,2025-07-01 08:35:00+00:00,LONG,107041.82,106827.74,SL,-0.0653,6.4607,2025-07
2025-07-01 08:35:00+00:00,2025-07-01 14:05:00+00:00,SHORT,106740.69,106954.17,SL,-0.0646,6.3961,2025-07
2025-07-01 14:30:00+00:00,2025-07-01 14:45:00+00:00,SHORT,106389.92,105857.97,TP,0.1599,6.556,2025-07
2025-07-01 20:45:00+00:00,2025-07-01 22:55:00+00:00,LONG,105855.47,105643.75,SL,-0.0656,6.4905,2025-07
2025-07-01 22:55:00+00:00,2025-07-02 02:45:00+00:00,SHORT,105570.97,105782.12,SL,-0.0649,6.4256,2025-07
2025-07-02 11:30:00+00:00,2025-07-02 13:45:00+00:00,SHORT,107581.34,107796.5,SL,-0.0643,6.3613,2025-07
2025-07-02 17:35:00+00:00,2025-07-02 18:00:00+00:00,SHORT,108956.4,109174.31,SL,-0.0636,6.2977,2025-07
2025-07-02 19:55:00+00:00,2025-07-02 20:00:00+00:00,LONG,109720.01,109500.57,SL,-0.063,6.2347,2025-07
2025-07-02 20:55:00+00:00,2025-07-02 21:15:00+00:00,SHORT,109092.65,109310.83,SL,-0.0623,6.1724,2025-07
2025-07-02 21:50:00+00:00,2025-07-02 22:05:00+00:00,LONG,109543.8,109324.71,SL,-0.0617,6.1106,2025-07
2025-07-02 22:40:00+00:00,2025-07-03 02:40:00+00:00,SHORT,109132.36,108586.7,TP,0.1528,6.2634,2025-07
2025-07-03 04:15:00+00:00,2025-07-03 06:45:00+00:00,LONG,108961.57,109506.38,TP,0.1566,6.42,2025-07
2025-07-03 07:10:00+00:00,2025-07-03 07:35:00+00:00,SHORT,109169.59,109387.93,SL,-0.0642,6.3558,2025-07
2025-07-03 08:15:00+00:00,2025-07-03 09:40:00+00:00,LONG,109505.78,110053.31,TP,0.1589,6.5147,2025-07
2025-07-03 12:00:00+00:00,2025-07-03 12:35:00+00:00,SHORT,109504.63,108957.11,TP,0.1629,6.6776,2025-07
2025-07-03 13:30:00+00:00,2025-07-03 14:50:00+00:00,LONG,109855.64,109635.93,SL,-0.0668,6.6108,2025-07
2025-07-03 15:05:00+00:00,2025-07-03 16:45:00+00:00,SHORT,109384.56,109603.33,SL,-0.0661,6.5447,2025-07
2025-07-03 16:45:00+00:00,2025-07-03 16:50:00+00:00,LONG,109713.1,109493.67,SL,-0.0654,6.4792,2025-07
2025-07-03 21:10:00+00:00,2025-07-04 02:30:00+00:00,SHORT,109736.73,109188.04,TP,0.162,6.6412,2025-07
2025-07-04 05:30:00+00:00,2025-07-04 06:00:00+00:00,LONG,109223.67,109005.22,SL,-0.0664,6.5748,2025-07
2025-07-04 06:05:00+00:00,2025-07-04 07:00:00+00:00,SHORT,108864.13,109081.86,SL,-0.0657,6.509,2025-07
2025-07-04 07:00:00+00:00,2025-07-04 07:05:00+00:00,LONG,109187.98,108969.6,SL,-0.0651,6.444,2025-07
2025-07-04 07:15:00+00:00,2025-07-04 09:20:00+00:00,SHORT,108737.26,108954.73,SL,-0.0644,6.3795,2025-07
2025-07-04 12:15:00+00:00,2025-07-04 13:45:00+00:00,SHORT,108790.02,108246.07,TP,0.1595,6.539,2025-07
2025-07-04 20:20:00+00:00,2025-07-05 04:25:00+00:00,LONG,107753.99,108292.76,TP,0.1635,6.7025,2025-07
2025-07-05 04:25:00+00:00,2025-07-05 04:45:00+00:00,LONG,108424.0,108207.15,SL,-0.067,6.6355,2025-07
2025-07-05 05:05:00+00:00,2025-07-05 06:25:00+00:00,SHORT,107994.15,108210.13,SL,-0.0664,6.5691,2025-07
2025-07-05 07:15:00+00:00,2025-07-06 13:20:00+00:00,SHORT,108060.61,108276.73,SL,-0.0657,6.5034,2025-07
2025-07-06 18:20:00+00:00,2025-07-06 21:10:00+00:00,SHORT,108684.1,108901.47,SL,-0.065,6.4384,2025-07
2025-07-07 00:35:00+00:00,2025-07-07 02:00:00+00:00,SHORT,108897.27,109115.07,SL,-0.0644,6.374,2025-07
2025-07-07 04:15:00+00:00,2025-07-07 10:55:00+00:00,SHORT,109244.2,108697.98,TP,0.1593,6.5333,2025-07
2025-07-07 13:55:00+00:00,2025-07-07 14:10:00+00:00,LONG,108580.25,108363.09,SL,-0.0653,6.468,2025-07
2025-07-07 16:20:00+00:00,2025-07-07 16:30:00+00:00,SHORT,108047.57,108263.67,SL,-0.0647,6.4033,2025-07
2025-07-07 18:55:00+00:00,2025-07-07 21:20:00+00:00,LONG,108067.74,107851.6,SL,-0.064,6.3393,2025-07
2025-07-07 21:35:00+00:00,2025-07-08 01:40:00+00:00,LONG,108120.16,107903.92,SL,-0.0634,6.2759,2025-07
2025-07-08 04:30:00+00:00,2025-07-08 10:20:00+00:00,LONG,108013.19,108553.25,TP,0.1569,6.4328,2025-07
2025-07-08 12:15:00+00:00,2025-07-08 12:50:00+00:00,SHORT,108658.19,108875.51,SL,-0.0643,6.3685,2025-07
2025-07-08 12:50:00+00:00,2025-07-08 13:35:00+00:00,LONG,108925.48,108707.63,SL,-0.0637,6.3048,2025-07
2025-07-08 13:40:00+00:00,2025-07-08 14:05:00+00:00,LONG,109076.61,108858.46,SL,-0.063,6.2417,2025-07
2025-07-08 14:10:00+00:00,2025-07-08 17:20:00+00:00,SHORT,108584.36,108801.53,SL,-0.0624,6.1793,2025-07
2025-07-08 19:30:00+00:00,2025-07-09 01:00:00+00:00,SHORT,108782.46,109000.02,SL,-0.0618,6.1175,2025-07
2025-07-09 01:20:00+00:00,2025-07-09 11:15:00+00:00,SHORT,108817.56,109035.19,SL,-0.0612,6.0564,2025-07
2025-07-09 13:50:00+00:00,2025-07-09 14:35:00+00:00,SHORT,109303.45,108756.93,TP,0.1514,6.2078,2025-07
2025-07-09 16:30:00+00:00,2025-07-09 17:25:00+00:00,LONG,109356.62,109137.9,SL,-0.0621,6.1457,2025-07
2025-07-09 17:25:00+00:00,2025-07-09 18:05:00+00:00,SHORT,109080.05,109298.21,SL,-0.0615,6.0842,2025-07
2025-07-09 18:05:00+00:00,2025-07-09 19:20:00+00:00,LONG,109494.5,110041.97,TP,0.1521,6.2363,2025-07
2025-07-09 20:50:00+00:00,2025-07-09 21:00:00+00:00,SHORT,110575.75,110796.9,SL,-0.0624,6.174,2025-07
2025-07-09 22:45:00+00:00,2025-07-10 00:20:00+00:00,LONG,111444.55,111221.66,SL,-0.0617,6.1122,2025-07
2025-07-10 00:30:00+00:00,2025-07-10 01:50:00+00:00,SHORT,111066.56,111288.69,SL,-0.0611,6.0511,2025-07
2025-07-10 03:10:00+00:00,2025-07-10 07:05:00+00:00,SHORT,111086.85,111309.02,SL,-0.0605,5.9906,2025-07
2025-07-10 09:20:00+00:00,2025-07-10 15:15:00+00:00,SHORT,111070.97,111293.12,SL,-0.0599,5.9307,2025-07
2025-07-10 18:40:00+00:00,2025-07-10 18:50:00+00:00,SHORT,113014.11,113240.13,SL,-0.0593,5.8714,2025-07
2025-07-10 21:10:00+00:00,2025-07-10 21:15:00+00:00,LONG,113712.86,114281.42,TP,0.1468,6.0182,2025-07
2025-07-11 00:15:00+00:00,2025-07-11 00:35:00+00:00,SHORT,115443.37,115674.26,SL,-0.0602,5.958,2025-07
2025-07-11 01:45:00+00:00,2025-07-11 02:00:00+00:00,LONG,116103.82,115871.62,SL,-0.0596,5.8984,2025-07
2025-07-11 10:55:00+00:00,2025-07-11 12:10:00+00:00,SHORT,117936.59,118172.46,SL,-0.059,5.8394,2025-07
2025-07-11 12:10:00+00:00,2025-07-11 12:20:00+00:00,LONG,118282.3,118045.74,SL,-0.0584,5.781,2025-07
2025-07-11 13:25:00+00:00,2025-07-11 13:55:00+00:00,SHORT,117604.28,117839.49,SL,-0.0578,5.7232,2025-07
2025-07-11 17:05:00+00:00,2025-07-11 17:10:00+00:00,LONG,117735.09,117499.62,SL,-0.0572,5.666,2025-07
2025-07-11 21:35:00+00:00,2025-07-12 02:20:00+00:00,SHORT,117496.77,117731.77,SL,-0.0567,5.6093,2025-07
2025-07-12 02:50:00+00:00,2025-07-12 03:10:00+00:00,SHORT,117510.11,117745.13,SL,-0.0561,5.5532,2025-07
2025-07-12 03:10:00+00:00,2025-07-12 05:05:00+00:00,LONG,117843.55,117607.86,SL,-0.0555,5.4977,2025-07
2025-07-12 05:05:00+00:00,2025-07-12 06:15:00+00:00,SHORT,117500.32,117735.32,SL,-0.055,5.4427,2025-07
2025-07-12 06:20:00+00:00,2025-07-12 12:30:00+00:00,LONG,117868.76,117633.02,SL,-0.0544,5.3883,2025-07
2025-07-12 17:25:00+00:00,2025-07-12 20:50:00+00:00,LONG,117492.53,117257.54,SL,-0.0539,5.3344,2025-07
2025-07-12 21:30:00+00:00,2025-07-13 07:20:00+00:00,LONG,117393.28,117980.24,TP,0.1334,5.4678,2025-07
2025-07-13 08:15:00+00:00,2025-07-13 11:25:00+00:00,SHORT,117796.28,118031.88,SL,-0.0547,5.4131,2025-07
2025-07-13 20:00:00+00:00,2025-07-13 20:15:00+00:00,SHORT,118788.47,119026.04,SL,-0.0541,5.359,2025-07
2025-07-13 23:45:00+00:00,2025-07-14 02:20:00+00:00,LONG,118958.41,119553.21,TP,0.134,5.4929,2025-07
2025-07-14 09:15:00+00:00,2025-07-14 11:20:00+00:00,SHORT,122097.73,121487.24,TP,0.1373,5.6303,2025-07
2025-07-14 13:50:00+00:00,2025-07-14 13:55:00+00:00,LONG,122123.83,121879.58,SL,-0.0563,5.574,2025-07
2025-07-14 14:30:00+00:00,2025-07-14 15:30:00+00:00,SHORT,120931.78,120327.12,TP,0.1393,5.7133,2025-07
2025-07-14 16:50:00+00:00,2025-07-14 17:35:00+00:00,LONG,120274.09,120033.54,SL,-0.0571,5.6562,2025-07
2025-07-14 17:50:00+00:00,2025-07-14 18:20:00+00:00,SHORT,119792.15,120031.74,SL,-0.0566,5.5996,2025-07
2025-07-14 20:30:00+00:00,2025-07-14 21:10:00+00:00,LONG,120152.59,119912.29,SL,-0.056,5.5436,2025-07
2025-07-14 23:20:00+00:00,2025-07-15 01:15:00+00:00,SHORT,119737.08,119138.39,TP,0.1386,5.6822,2025-07
2025-07-15 10:40:00+00:00,2025-07-15 11:05:00+00:00,LONG,117196.85,116962.46,SL,-0.0568,5.6254,2025-07
2025-07-15 11:10:00+00:00,2025-07-15 11:50:00+00:00,SHORT,116733.29,116966.75,SL,-0.0563,5.5691,2025-07
2025-07-15 11:50:00+00:00,2025-07-15 12:40:00+00:00,LONG,117041.32,116807.24,SL,-0.0557,5.5134,2025-07
2025-07-15 12:40:00+00:00,2025-07-15 12:45:00+00:00,SHORT,116486.94,116719.91,SL,-0.0551,5.4583,2025-07
2025-07-15 13:05:00+00:00,2025-07-15 13:20:00+00:00,LONG,117900.54,117664.74,SL,-0.0546,5.4037,2025-07
2025-07-15 14:35:00+00:00,2025-07-15 14:50:00+00:00,SHORT,116993.18,116408.22,TP,0.1351,5.5388,2025-07
2025-07-15 16:35:00+00:00,2025-07-15 18:10:00+00:00,LONG,117361.73,117127.0,SL,-0.0554,5.4834,2025-07
2025-07-15 18:25:00+00:00,2025-07-15 19:05:00+00:00,SHORT,116739.28,116972.75,SL,-0.0548,5.4286,2025-07
2025-07-15 21:15:00+00:00,2025-07-15 22:40:00+00:00,LONG,117066.17,117651.5,TP,0.1357,5.5643,2025-07
2025-07-15 23:30:00+00:00,2025-07-15 23:40:00+00:00,SHORT,117453.0,117687.91,SL,-0.0556,5.5087,2025-07
2025-07-16 00:40:00+00:00,2025-07-16 01:20:00+00:00,LONG,117967.17,117731.23,SL,-0.0551,5.4536,2025-07
2025-07-16 01:20:00+00:00,2025-07-16 05:05:00+00:00,SHORT,117652.93,117888.24,SL,-0.0545,5.399,2025-07
2025-07-16 10:40:00+00:00,2025-07-16 14:45:00+00:00,SHORT,118773.11,119010.66,SL,-0.054,5.3451,2025-07
2025-07-16 14:45:00+00:00,2025-07-16 15:05:00+00:00,LONG,119061.1,119656.4,TP,0.1336,5.4787,2025-07
2025-07-16 17:50:00+00:00,2025-07-16 18:05:00+00:00,SHORT,119033.73,119271.79,SL,-0.0548,5.4239,2025-07
2025-07-16 18:40:00+00:00,2025-07-16 18:55:00+00:00,LONG,119757.94,119518.43,SL,-0.0542,5.3697,2025-07
2025-07-16 19:30:00+00:00,2025-07-16 19:45:00+00:00,SHORT,118858.08,119095.79,SL,-0.0537,5.316,2025-07
2025-07-16 20:25:00+00:00,2025-07-16 21:40:00+00:00,LONG,119645.63,119406.34,SL,-0.0532,5.2628,2025-07
2025-07-16 21:55:00+00:00,2025-07-16 22:45:00+00:00,SHORT,119249.92,118653.67,TP,0.1316,5.3944,2025-07
2025-07-17 00:20:00+00:00,2025-07-17 01:20:00+00:00,LONG,119009.59,118771.58,SL,-0.0539,5.3404,2025-07
2025-07-17 01:20:00+00:00,2025-07-17 01:45:00+00:00,SHORT,118584.58,117991.65,TP,0.1335,5.4739,2025-07
2025-07-17 04:35:00+00:00,2025-07-17 07:00:00+00:00,LONG,118483.95,118246.99,SL,-0.0547,5.4192,2025-07
2025-07-17 07:00:00+00:00,2025-07-17 07:40:00+00:00,SHORT,118128.66,118364.92,SL,-0.0542,5.365,2025-07
2025-07-17 07:40:00+00:00,2025-07-17 07:50:00+00:00,LONG,118595.88,118358.69,SL,-0.0537,5.3114,2025-07
2025-07-17 10:40:00+00:00,2025-07-17 12:20:00+00:00,SHORT,118252.16,117660.9,TP,0.1328,5.4441,2025-07
2025-07-17 12:45:00+00:00,2025-07-17 12:55:00+00:00,LONG,118224.88,117988.43,SL,-0.0544,5.3897,2025-07
2025-07-17 19:45:00+00:00,2025-07-17 20:05:00+00:00,SHORT,119236.26,118640.08,TP,0.1347,5.5244,2025-07
2025-07-17 20:35:00+00:00,2025-07-17 21:10:00+00:00,LONG,119393.45,119990.42,TP,0.1381,5.6625,2025-07
2025-07-17 22:50:00+00:00,2025-07-18 01:05:00+00:00,SHORT,119572.09,119811.24,SL,-0.0566,5.6059,2025-07
2025-07-18 06:25:00+00:00,2025-07-18 06:45:00+00:00,SHORT,120103.91,120344.12,SL,-0.0561,5.5499,2025-07
2025-07-18 10:45:00+00:00,2025-07-18 11:20:00+00:00,LONG,119141.65,118903.36,SL,-0.0555,5.4944,2025-07
2025-07-18 13:00:00+00:00,2025-07-18 14:15:00+00:00,SHORT,118981.49,118386.58,TP,0.1374,5.6317,2025-07
2025-07-18 21:00:00+00:00,2025-07-19 02:45:00+00:00,LONG,117593.29,118181.25,TP,0.1408,5.7725,2025-07
2025-07-19 05:05:00+00:00,2025-07-19 07:20:00+00:00,SHORT,118049.63,118285.73,SL,-0.0577,5.7148,2025-07
2025-07-19 07:55:00+00:00,2025-07-19 10:40:00+00:00,SHORT,118115.79,118352.03,SL,-0.0571,5.6576,2025-07
2025-07-19 12:10:00+00:00,2025-07-19 21:15:00+00:00,SHORT,118161.94,117571.13,TP,0.1414,5.7991,2025-07
2025-07-20 00:50:00+00:00,2025-07-20 14:05:00+00:00,LONG,117980.73,118570.64,TP,0.145,5.9441,2025-07
2025-07-20 17:00:00+00:00,2025-07-20 19:10:00+00:00,SHORT,118269.27,118505.81,SL,-0.0594,5.8846,2025-07
2025-07-20 19:55:00+00:00,2025-07-20 22:05:00+00:00,SHORT,118107.75,117517.21,TP,0.1471,6.0317,2025-07
2025-07-21 00:55:00+00:00,2025-07-21 01:10:00+00:00,LONG,117399.0,117164.2,SL,-0.0603,5.9714,2025-07
2025-07-21 05:20:00+00:00,2025-07-21 05:55:00+00:00,SHORT,118146.12,118382.41,SL,-0.0597,5.9117,2025-07
2025-07-21 06:15:00+00:00,2025-07-21 06:30:00+00:00,LONG,118607.43,119200.47,TP,0.1478,6.0595,2025-07
2025-07-21 08:35:00+00:00,2025-07-21 11:40:00+00:00,SHORT,118990.17,118395.22,TP,0.1515,6.211,2025-07
2025-07-21 12:20:00+00:00,2025-07-21 12:30:00+00:00,LONG,118610.33,118373.1,SL,-0.0621,6.1489,2025-07
2025-07-21 15:55:00+00:00,2025-07-21 16:20:00+00:00,SHORT,118265.83,117674.51,TP,0.1537,6.3026,2025-07
2025-07-21 21:40:00+00:00,2025-07-21 23:15:00+00:00,LONG,117418.93,117184.09,SL,-0.063,6.2396,2025-07
2025-07-22 01:40:00+00:00,2025-07-22 02:15:00+00:00,LONG,117694.42,117459.03,SL,-0.0624,6.1772,2025-07
2025-07-22 02:55:00+00:00,2025-07-22 04:05:00+00:00,SHORT,116981.0,117214.96,SL,-0.0618,6.1154,2025-07
2025-07-22 06:00:00+00:00,2025-07-22 07:05:00+00:00,LONG,117521.66,118109.27,TP,0.1529,6.2683,2025-07
2025-07-22 07:55:00+00:00,2025-07-22 08:50:00+00:00,SHORT,117936.49,118172.36,SL,-0.0627,6.2056,2025-07
2025-07-22 08:50:00+00:00,2025-07-22 09:05:00+00:00,LONG,118345.78,118109.09,SL,-0.0621,6.1436,2025-07
2025-07-22 13:30:00+00:00,2025-07-22 13:35:00+00:00,SHORT,118932.4,119170.26,SL,-0.0614,6.0821,2025-07
2025-07-22 13:40:00+00:00,2025-07-22 13:45:00+00:00,LONG,119511.79,119272.76,SL,-0.0608,6.0213,2025-07
2025-07-22 13:50:00+00:00,2025-07-22 14:30:00+00:00,SHORT,118252.69,118489.2,SL,-0.0602,5.9611,2025-07
2025-07-22 15:00:00+00:00,2025-07-22 15:20:00+00:00,LONG,119179.18,118940.82,SL,-0.0596,5.9015,2025-07
2025-07-22 16:55:00+00:00,2025-07-22 17:35:00+00:00,SHORT,118633.79,118871.06,SL,-0.059,5.8425,2025-07
2025-07-22 17:35:00+00:00,2025-07-22 18:50:00+00:00,LONG,119235.5,119831.67,TP,0.1461,5.9885,2025-07
2025-07-23 00:10:00+00:00,2025-07-23 00:20:00+00:00,SHORT,119720.11,119959.55,SL,-0.0599,5.9286,2025-07
2025-07-23 04:55:00+00:00,2025-07-23 05:00:00+00:00,LONG,119043.6,118805.51,SL,-0.0593,5.8693,2025-07
2025-07-23 06:05:00+00:00,2025-07-23 10:10:00+00:00,SHORT,118539.76,117947.06,TP,0.1467,6.0161,2025-07
2025-07-23 10:40:00+00:00,2025-07-23 12:50:00+00:00,LONG,118327.31,118090.66,SL,-0.0602,5.9559,2025-07
2025-07-23 15:50:00+00:00,2025-07-23 16:10:00+00:00,LONG,118435.55,118198.67,SL,-0.0596,5.8964,2025-07
2025-07-23 16:15:00+00:00,2025-07-23 17:55:00+00:00,SHORT,117772.7,118008.25,SL,-0.059,5.8374,2025-07
2025-07-23 17:55:00+00:00,2025-07-23 20:30:00+00:00,LONG,118179.24,117942.88,SL,-0.0584,5.779,2025-07
2025-07-23 20:30:00+00:00,2025-07-23 20:40:00+00:00,SHORT,117624.94,117860.19,SL,-0.0578,5.7212,2025-07
2025-07-23 21:55:00+00:00,2025-07-24 00:15:00+00:00,LONG,118228.63,118819.78,TP,0.143,5.8643,2025-07
2025-07-24 03:45:00+00:00,2025-07-24 04:40:00+00:00,SHORT,118633.51,118040.34,TP,0.1466,6.0109,2025-07
2025-07-24 07:10:00+00:00,2025-07-24 08:10:00+00:00,LONG,118056.12,118646.4,TP,0.1503,6.1611,2025-07
2025-07-24 09:35:00+00:00,2025-07-24 10:00:00+00:00,SHORT,118383.06,118619.82,SL,-0.0616,6.0995,2025-07
2025-07-24 11:10:00+00:00,2025-07-24 12:15:00+00:00,LONG,118722.7,118485.25,SL,-0.061,6.0385,2025-07
2025-07-24 12:15:00+00:00,2025-07-24 13:05:00+00:00,SHORT,118374.62,118611.37,SL,-0.0604,5.9781,2025-07
2025-07-24 14:45:00+00:00,2025-07-24 16:35:00+00:00,LONG,118857.18,118619.47,SL,-0.0598,5.9184,2025-07
2025-07-24 16:35:00+00:00,2025-07-24 17:00:00+00:00,SHORT,118425.93,118662.78,SL,-0.0592,5.8592,2025-07
2025-07-24 17:20:00+00:00,2025-07-24 20:00:00+00:00,LONG,119162.28,118923.95,SL,-0.0586,5.8006,2025-07
2025-07-24 20:00:00+00:00,2025-07-25 00:05:00+00:00,SHORT,118776.05,118182.17,TP,0.145,5.9456,2025-07
2025-07-25 04:45:00+00:00,2025-07-25 05:05:00+00:00,LONG,116138.44,115906.16,SL,-0.0595,5.8862,2025-07
2025-07-25 07:00:00+00:00,2025-07-25 07:10:00+00:00,SHORT,115063.98,115294.1,SL,-0.0589,5.8273,2025-07
2025-07-25 07:10:00+00:00,2025-07-25 07:30:00+00:00,LONG,115555.7,115324.59,SL,-0.0583,5.769,2025-07
2025-07-25 07:50:00+00:00,2025-07-25 07:55:00+00:00,SHORT,114720.08,114949.52,SL,-0.0577,5.7113,2025-07
2025-07-25 08:20:00+00:00,2025-07-25 08:30:00+00:00,LONG,115846.32,115614.63,SL,-0.0571,5.6542,2025-07
2025-07-25 12:20:00+00:00,2025-07-25 12:45:00+00:00,SHORT,116217.43,116449.87,SL,-0.0565,5.5977,2025-07
2025-07-25 16:40:00+00:00,2025-07-25 19:05:00+00:00,LONG,115960.11,116539.91,TP,0.1399,5.7376,2025-07
2025-07-26 01:35:00+00:00,2025-07-26 02:25:00+00:00,SHORT,117284.3,117518.87,SL,-0.0574,5.6802,2025-07
2025-07-26 06:05:00+00:00,2025-07-26 08:50:00+00:00,SHORT,117334.15,117568.82,SL,-0.0568,5.6234,2025-07
2025-07-26 09:30:00+00:00,2025-07-26 10:20:00+00:00,SHORT,117412.87,117647.69,SL,-0.0562,5.5672,2025-07
2025-07-26 15:10:00+00:00,2025-07-26 15:50:00+00:00,SHORT,117872.11,118107.86,SL,-0.0557,5.5115,2025-07
2025-07-26 15:50:00+00:00,2025-07-26 20:25:00+00:00,LONG,118185.93,117949.55,SL,-0.0551,5.4564,2025-07
2025-07-26 22:05:00+00:00,2025-07-26 23:30:00+00:00,LONG,118156.04,117919.73,SL,-0.0546,5.4018,2025-07
2025-07-27 01:05:00+00:00,2025-07-27 09:30:00+00:00,LONG,118102.1,117865.9,SL,-0.054,5.3478,2025-07
2025-07-27 10:00:00+00:00,2025-07-27 16:00:00+00:00,LONG,118106.8,118697.34,TP,0.1337,5.4815,2025-07
2025-07-27 17:15:00+00:00,2025-07-27 17:25:00+00:00,SHORT,118869.13,119106.87,SL,-0.0548,5.4267,2025-07
2025-07-27 21:25:00+00:00,2025-07-27 22:05:00+00:00,LONG,119091.35,119686.8,TP,0.1357,5.5624,2025-07
2025-07-27 23:05:00+00:00,2025-07-28 00:20:00+00:00,SHORT,119385.59,119624.36,SL,-0.0556,5.5068,2025-07
2025-07-28 00:20:00+00:00,2025-07-28 00:35:00+00:00,LONG,119689.71,119450.33,SL,-0.0551,5.4517,2025-07
2025-07-28 00:40:00+00:00,2025-07-28 02:25:00+00:00,SHORT,119205.0,119443.41,SL,-0.0545,5.3972,2025-07
2025-07-28 04:15:00+00:00,2025-07-28 05:15:00+00:00,SHORT,119130.41,119368.67,SL,-0.054,5.3432,2025-07
2025-07-28 05:15:00+00:00,2025-07-28 07:05:00+00:00,LONG,119467.77,119228.83,SL,-0.0534,5.2898,2025-07
2025-07-28 11:45:00+00:00,2025-07-28 13:20:00+00:00,LONG,118842.39,118604.7,SL,-0.0529,5.2369,2025-07
2025-07-28 19:00:00+00:00,2025-07-28 19:35:00+00:00,LONG,118131.82,117895.56,SL,-0.0524,5.1845,2025-07
2025-07-28 19:40:00+00:00,2025-07-28 19:50:00+00:00,SHORT,117638.32,117873.59,SL,-0.0518,5.1327,2025-07
2025-07-28 19:55:00+00:00,2025-07-28 20:05:00+00:00,LONG,118115.96,117879.73,SL,-0.0513,5.0813,2025-07
2025-07-28 22:40:00+00:00,2025-07-28 23:20:00+00:00,SHORT,117824.24,118059.89,SL,-0.0508,5.0305,2025-07
2025-07-29 00:10:00+00:00,2025-07-29 00:30:00+00:00,LONG,118332.31,118095.65,SL,-0.0503,4.9802,2025-07
2025-07-29 00:30:00+00:00,2025-07-29 01:00:00+00:00,SHORT,117772.88,118008.43,SL,-0.0498,4.9304,2025-07
2025-07-29 03:00:00+00:00,2025-07-29 06:15:00+00:00,LONG,118285.05,118876.47,TP,0.1233,5.0537,2025-07
2025-07-29 10:05:00+00:00,2025-07-29 12:25:00+00:00,SHORT,118521.04,118758.08,SL,-0.0505,5.0031,2025-07
2025-07-29 14:00:00+00:00,2025-07-29 15:05:00+00:00,SHORT,118326.04,117734.41,TP,0.1251,5.1282,2025-07
2025-07-29 16:45:00+00:00,2025-07-29 18:05:00+00:00,LONG,117782.56,117547.0,SL,-0.0513,5.0769,2025-07
2025-07-29 19:25:00+00:00,2025-07-29 20:15:00+00:00,SHORT,117415.95,117650.79,SL,-0.0508,5.0262,2025-07
2025-07-29 20:15:00+00:00,2025-07-29 20:30:00+00:00,LONG,117732.52,117497.06,SL,-0.0503,4.9759,2025-07
2025-07-29 23:40:00+00:00,2025-07-30 02:10:00+00:00,SHORT,117725.48,117960.93,SL,-0.0498,4.9261,2025-07
2025-07-30 04:45:00+00:00,2025-07-30 06:15:00+00:00,SHORT,117941.03,118176.92,SL,-0.0493,4.8769,2025-07
2025-07-30 06:15:00+00:00,2025-07-30 11:15:00+00:00,LONG,118236.16,117999.68,SL,-0.0488,4.8281,2025-07
2025-07-30 14:35:00+00:00,2025-07-30 14:55:00+00:00,LONG,118111.68,118702.23,TP,0.1207,4.9488,2025-07
2025-07-30 16:00:00+00:00,2025-07-30 18:45:00+00:00,SHORT,117795.9,117206.92,TP,0.1237,5.0725,2025-07
2025-07-30 19:50:00+00:00,2025-07-30 23:30:00+00:00,LONG,117087.24,117672.67,TP,0.1268,5.1993,2025-07
2025-07-31 01:50:00+00:00,2025-07-31 02:05:00+00:00,SHORT,117953.25,118189.16,SL,-0.052,5.1474,2025-07
2025-07-31 02:40:00+00:00,2025-07-31 13:20:00+00:00,LONG,118483.37,118246.41,SL,-0.0515,5.0959,2025-07
2025-07-31 13:50:00+00:00,2025-07-31 14:00:00+00:00,LONG,118695.93,118458.54,SL,-0.051,5.0449,2025-07
2025-07-31 17:15:00+00:00,2025-07-31 19:10:00+00:00,SHORT,118067.9,117477.56,TP,0.1261,5.171,2025-07
2025-08-01 02:35:00+00:00,2025-08-01 03:50:00+00:00,LONG,116005.74,115773.73,SL,-0.0517,5.1193,2025-08
2025-08-01 04:00:00+00:00,2025-08-01 05:00:00+00:00,SHORT,115482.67,115713.63,SL,-0.0512,5.0681,2025-08
2025-08-01 05:00:00+00:00,2025-08-01 05:15:00+00:00,LONG,115861.34,115629.61,SL,-0.0507,5.0175,2025-08
2025-08-01 05:15:00+00:00,2025-08-01 07:25:00+00:00,SHORT,115434.95,114857.77,TP,0.1254,5.1429,2025-08
2025-08-01 09:00:00+00:00,2025-08-01 10:35:00+00:00,LONG,115146.03,114915.74,SL,-0.0514,5.0915,2025-08
2025-08-01 10:50:00+00:00,2025-08-01 11:10:00+00:00,SHORT,114668.11,114897.45,SL,-0.0509,5.0405,2025-08
2025-08-01 11:25:00+00:00,2025-08-01 12:40:00+00:00,LONG,115131.76,115707.42,TP,0.126,5.1666,2025-08
2025-08-01 13:40:00+00:00,2025-08-01 13:50:00+00:00,SHORT,114939.02,114364.32,TP,0.1292,5.2957,2025-08
2025-08-01 14:15:00+00:00,2025-08-01 15:15:00+00:00,LONG,115248.88,115018.38,SL,-0.053,5.2428,2025-08
2025-08-01 15:20:00+00:00,2025-08-01 15:35:00+00:00,SHORT,114673.9,114903.25,SL,-0.0524,5.1903,2025-08
2025-08-01 16:05:00+00:00,2025-08-01 16:30:00+00:00,LONG,115724.23,115492.78,SL,-0.0519,5.1384,2025-08
2025-08-01 16:50:00+00:00,2025-08-01 17:55:00+00:00,SHORT,115020.67,114445.57,TP,0.1285,5.2669,2025-08
2025-08-02 00:50:00+00:00,2025-08-02 01:15:00+00:00,LONG,113883.9,113656.13,SL,-0.0527,5.2142,2025-08
2025-08-02 05:10:00+00:00,2025-08-02 14:15:00+00:00,SHORT,113840.82,113271.61,TP,0.1304,5.3446,2025-08
2025-08-02 17:00:00+00:00,2025-08-02 17:40:00+00:00,LONG,113373.3,113146.55,SL,-0.0534,5.2911,2025-08
2025-08-02 17:50:00+00:00,2025-08-02 19:30:00+00:00,SHORT,112598.34,112823.54,SL,-0.0529,5.2382,2025-08
2025-08-02 19:30:00+00:00,2025-08-02 19:35:00+00:00,LONG,112932.41,112706.55,SL,-0.0524,5.1858,2025-08
2025-08-02 22:20:00+00:00,2025-08-02 22:40:00+00:00,SHORT,112552.06,112777.17,SL,-0.0519,5.134,2025-08
2025-08-03 00:50:00+00:00,2025-08-03 03:20:00+00:00,LONG,112973.16,113538.03,TP,0.1283,5.2623,2025-08
2025-08-03 04:00:00+00:00,2025-08-03 07:00:00+00:00,SHORT,113432.61,113659.47,SL,-0.0526,5.2097,2025-08
2025-08-03 08:25:00+00:00,2025-08-03 10:45:00+00:00,SHORT,113635.15,113862.42,SL,-0.0521,5.1576,2025-08
2025-08-03 11:55:00+00:00,2025-08-03 12:50:00+00:00,SHORT,113816.64,114044.27,SL,-0.0516,5.106,2025-08
2025-08-03 14:20:00+00:00,2025-08-03 15:40:00+00:00,SHORT,113674.5,113901.85,SL,-0.0511,5.055,2025-08
2025-08-03 17:00:00+00:00,2025-08-03 19:35:00+00:00,LONG,114069.4,114639.75,TP,0.1264,5.1814,2025-08
2025-08-03 19:50:00+00:00,2025-08-03 21:10:00+00:00,SHORT,114271.18,114499.73,SL,-0.0518,5.1295,2025-08
2025-08-03 22:05:00+00:00,2025-08-03 23:15:00+00:00,SHORT,114180.5,114408.86,SL,-0.0513,5.0782,2025-08
2025-08-03 23:15:00+00:00,2025-08-03 23:25:00+00:00,LONG,114543.16,114314.07,SL,-0.0508,5.0275,2025-08
2025-08-04 00:05:00+00:00,2025-08-04 00:25:00+00:00,SHORT,114090.35,114318.53,SL,-0.0503,4.9772,2025-08
2025-08-04 00:25:00+00:00,2025-08-04 06:20:00+00:00,LONG,114396.21,114167.42,SL,-0.0498,4.9274,2025-08
2025-08-04 07:00:00+00:00,2025-08-04 10:55:00+00:00,LONG,114509.78,114280.76,SL,-0.0493,4.8781,2025-08
2025-08-04 12:05:00+00:00,2025-08-04 13:20:00+00:00,LONG,114551.36,114322.26,SL,-0.0488,4.8294,2025-08
2025-08-04 13:20:00+00:00,2025-08-04 13:35:00+00:00,SHORT,114232.88,114461.34,SL,-0.0483,4.7811,2025-08
2025-08-04 13:40:00+00:00,2025-08-04 14:25:00+00:00,LONG,114834.02,115408.19,TP,0.1195,4.9006,2025-08
2025-08-04 14:50:00+00:00,2025-08-04 15:05:00+00:00,SHORT,114719.99,114949.43,SL,-0.049,4.8516,2025-08
2025-08-04 16:45:00+00:00,2025-08-04 18:10:00+00:00,LONG,115385.13,115154.36,SL,-0.0485,4.8031,2025-08
2025-08-04 18:50:00+00:00,2025-08-04 21:40:00+00:00,SHORT,114965.79,115195.72,SL,-0.048,4.755,2025-08
2025-08-04 23:45:00+00:00,2025-08-05 03:10:00+00:00,SHORT,115059.91,114484.61,TP,0.1189,4.8739,2025-08
2025-08-05 05:00:00+00:00,2025-08-05 05:40:00+00:00,LONG,114505.08,114276.07,SL,-0.0487,4.8252,2025-08
2025-08-05 06:35:00+00:00,2025-08-05 09:20:00+00:00,SHORT,114278.25,114506.81,SL,-0.0483,4.7769,2025-08
2025-08-05 12:20:00+00:00,2025-08-05 12:35:00+00:00,SHORT,114448.49,113876.25,TP,0.1194,4.8964,2025-08
2025-08-05 17:30:00+00:00,2025-08-05 23:00:00+00:00,LONG,113482.58,114050.0,TP,0.1224,5.0188,2025-08
2025-08-06 00:25:00+00:00,2025-08-06 05:35:00+00:00,SHORT,113902.96,114130.77,SL,-0.0502,4.9686,2025-08
2025-08-06 08:30:00+00:00,2025-08-06 09:10:00+00:00,SHORT,113908.66,114136.48,SL,-0.0497,4.9189,2025-08
2025-08-06 09:10:00+00:00,2025-08-06 09:35:00+00:00,LONG,114214.24,113985.81,SL,-0.0492,4.8697,2025-08
2025-08-06 12:10:00+00:00,2025-08-06 12:20:00+00:00,SHORT,113910.37,114138.19,SL,-0.0487,4.821,2025-08
2025-08-06 13:40:00+00:00,2025-08-06 14:20:00+00:00,LONG,114216.67,113988.24,SL,-0.0482,4.7728,2025-08
2025-08-06 18:40:00+00:00,2025-08-07 02:00:00+00:00,SHORT,115281.63,114705.22,TP,0.1193,4.8921,2025-08
2025-08-07 05:35:00+00:00,2025-08-07 08:25:00+00:00,LONG,114556.31,115129.1,TP,0.1223,5.0144,2025-08
2025-08-07 12:10:00+00:00,2025-08-07 13:30:00+00:00,SHORT,116236.59,116469.06,SL,-0.0501,4.9643,2025-08
2025-08-07 13:35:00+00:00,2025-08-07 14:00:00+00:00,LONG,116770.26,116536.72,SL,-0.0496,4.9146,2025-08
2025-08-07 16:40:00+00:00,2025-08-07 17:10:00+00:00,SHORT,116053.57,116285.68,SL,-0.0491,4.8655,2025-08
2025-08-07 19:00:00+00:00,2025-08-07 19:45:00+00:00,LONG,116674.16,117257.53,TP,0.1216,4.9871,2025-08
2025-08-08 00:05:00+00:00,2025-08-08 00:35:00+00:00,SHORT,117253.09,117487.6,SL,-0.0499,4.9372,2025-08
2025-08-08 00:35:00+00:00,2025-08-08 00:55:00+00:00,LONG,117579.74,117344.58,SL,-0.0494,4.8879,2025-08
2025-08-08 01:15:00+00:00,2025-08-08 14:00:00+00:00,SHORT,116786.33,117019.9,SL,-0.0489,4.839,2025-08
2025-08-08 14:35:00+00:00,2025-08-08 17:55:00+00:00,SHORT,116447.54,116680.44,SL,-0.0484,4.7906,2025-08
2025-08-08 18:35:00+00:00,2025-08-08 19:10:00+00:00,SHORT,116385.46,116618.23,SL,-0.0479,4.7427,2025-08
2025-08-08 20:40:00+00:00,2025-08-09 00:55:00+00:00,LONG,116821.91,116588.27,SL,-0.0474,4.6953,2025-08
2025-08-09 04:10:00+00:00,2025-08-09 09:05:00+00:00,LONG,116595.28,117178.26,TP,0.1174,4.8127,2025-08
2025-08-09 11:00:00+00:00,2025-08-09 16:20:00+00:00,SHORT,117333.74,116747.07,TP,0.1203,4.933,2025-08
2025-08-09 19:05:00+00:00,2025-08-09 21:25:00+00:00,LONG,116743.63,116510.14,SL,-0.0493,4.8836,2025-08
2025-08-10 00:15:00+00:00,2025-08-10 02:55:00+00:00,LONG,116652.28,117235.54,TP,0.1221,5.0057,2025-08
2025-08-10 05:15:00+00:00,2025-08-10 08:50:00+00:00,SHORT,118094.09,118330.28,SL,-0.0501,4.9557,2025-08
2025-08-10 10:30:00+00:00,2025-08-10 11:25:00+00:00,SHORT,118012.64,118248.66,SL,-0.0496,4.9061,2025-08
2025-08-10 11:25:00+00:00,2025-08-10 15:05:00+00:00,LONG,118334.85,118926.52,TP,0.1227,5.0288,2025-08
2025-08-10 17:20:00+00:00,2025-08-10 19:35:00+00:00,SHORT,118417.92,118654.76,SL,-0.0503,4.9785,2025-08
2025-08-10 20:10:00+00:00,2025-08-10 20:35:00+00:00,SHORT,118265.12,118501.65,SL,-0.0498,4.9287,2025-08
2025-08-10 20:40:00+00:00,2025-08-10 20:55:00+00:00,LONG,118735.62,118498.14,SL,-0.0493,4.8794,2025-08
2025-08-10 21:00:00+00:00,2025-08-10 21:05:00+00:00,SHORT,118052.76,118288.87,SL,-0.0488,4.8306,2025-08
2025-08-10 21:55:00+00:00,2025-08-11 00:20:00+00:00,LONG,118764.39,119358.21,TP,0.1208,4.9514,2025-08
2025-08-11 01:15:00+00:00,2025-08-11 01:25:00+00:00,SHORT,118934.4,119172.27,SL,-0.0495,4.9019,2025-08
2025-08-11 01:30:00+00:00,2025-08-11 02:00:00+00:00,LONG,119812.16,120411.22,TP,0.1225,5.0244,2025-08
2025-08-11 07:25:00+00:00,2025-08-11 09:35:00+00:00,SHORT,121852.15,121242.89,TP,0.1256,5.15,2025-08
2025-08-11 13:40:00+00:00,2025-08-11 13:50:00+00:00,LONG,120240.17,119999.69,SL,-0.0515,5.0985,2025-08
2025-08-11 16:40:00+00:00,2025-08-11 18:00:00+00:00,SHORT,119906.02,119306.49,TP,0.1275,5.226,2025-08
2025-08-11 18:35:00+00:00,2025-08-11 18:40:00+00:00,LONG,119917.95,119678.11,SL,-0.0523,5.1737,2025-08
2025-08-11 19:35:00+00:00,2025-08-11 21:45:00+00:00,SHORT,119208.64,118612.59,TP,0.1293,5.3031,2025-08
2025-08-12 01:05:00+00:00,2025-08-12 01:10:00+00:00,LONG,119142.25,118903.96,SL,-0.053,5.25,2025-08
2025-08-12 03:40:00+00:00,2025-08-12 04:30:00+00:00,SHORT,118825.24,119062.89,SL,-0.0525,5.1975,2025-08
2025-08-12 06:00:00+00:00,2025-08-12 09:05:00+00:00,LONG,118895.79,118658.0,SL,-0.052,5.1456,2025-08
2025-08-12 09:05:00+00:00,2025-08-12 12:30:00+00:00,SHORT,118599.37,118836.57,SL,-0.0515,5.0941,2025-08
2025-08-12 13:40:00+00:00,2025-08-12 13:50:00+00:00,SHORT,118695.02,118932.41,SL,-0.0509,5.0432,2025-08
2025-08-12 15:20:00+00:00,2025-08-12 17:25:00+00:00,LONG,119747.89,119508.39,SL,-0.0504,4.9927,2025-08
2025-08-12 17:25:00+00:00,2025-08-12 18:10:00+00:00,SHORT,119364.69,119603.41,SL,-0.0499,4.9428,2025-08
2025-08-12 18:10:00+00:00,2025-08-12 18:35:00+00:00,LONG,119832.22,119592.56,SL,-0.0494,4.8934,2025-08
2025-08-12 22:15:00+00:00,2025-08-12 22:30:00+00:00,SHORT,119602.15,119841.35,SL,-0.0489,4.8444,2025-08
2025-08-12 23:10:00+00:00,2025-08-13 00:30:00+00:00,LONG,120158.91,119918.6,SL,-0.0484,4.796,2025-08
2025-08-13 02:35:00+00:00,2025-08-13 03:05:00+00:00,LONG,119628.25,119389.0,SL,-0.048,4.748,2025-08
2025-08-13 05:40:00+00:00,2025-08-13 06:55:00+00:00,SHORT,119132.33,119370.59,SL,-0.0475,4.7006,2025-08
2025-08-13 07:50:00+00:00,2025-08-13 09:10:00+00:00,LONG,119519.3,120116.9,TP,0.1175,4.8181,2025-08
2025-08-13 12:50:00+00:00,2025-08-13 13:05:00+00:00,SHORT,120206.07,120446.48,SL,-0.0482,4.7699,2025-08
2025-08-13 13:30:00+00:00,2025-08-13 13:35:00+00:00,LONG,120754.9,120513.39,SL,-0.0477,4.7222,2025-08
2025-08-13 14:50:00+00:00,2025-08-13 15:00:00+00:00,SHORT,120839.64,121081.32,SL,-0.0472,4.675,2025-08
2025-08-13 16:15:00+00:00,2025-08-13 16:40:00+00:00,LONG,121670.95,121427.61,SL,-0.0467,4.6282,2025-08
2025-08-13 21:40:00+00:00,2025-08-13 22:00:00+00:00,SHORT,122416.17,122661.01,SL,-0.0463,4.5819,2025-08
2025-08-13 22:35:00+00:00,2025-08-14 00:05:00+00:00,LONG,123081.73,123697.14,TP,0.1145,4.6965,2025-08
2025-08-14 01:55:00+00:00,2025-08-14 02:05:00+00:00,SHORT,123288.33,123534.91,SL,-0.047,4.6495,2025-08
2025-08-14 03:00:00+00:00,2025-08-14 03:25:00+00:00,LONG,123849.53,123601.83,SL,-0.0465,4.603,2025-08
2025-08-14 04:10:00+00:00,2025-08-14 04:15:00+00:00,SHORT,123077.13,123323.28,SL,-0.046,4.557,2025-08
2025-08-14 18:45:00+00:00,2025-08-14 20:05:00+00:00,LONG,118143.59,117907.3,SL,-0.0456,4.5114,2025-08
2025-08-14 20:05:00+00:00,2025-08-14 20:20:00+00:00,SHORT,117739.59,117975.06,SL,-0.0451,4.4663,2025-08
2025-08-14 22:20:00+00:00,2025-08-15 03:05:00+00:00,LONG,118251.66,118842.92,TP,0.1117,4.578,2025-08
2025-08-15 04:45:00+00:00,2025-08-15 06:00:00+00:00,SHORT,118888.42,119126.19,SL,-0.0458,4.5322,2025-08
2025-08-15 07:10:00+00:00,2025-08-15 08:25:00+00:00,SHORT,118827.27,119064.92,SL,-0.0453,4.4869,2025-08
2025-08-15 08:30:00+00:00,2025-08-15 08:55:00+00:00,LONG,119181.71,118943.35,SL,-0.0449,4.442,2025-08
2025-08-15 09:20:00+00:00,2025-08-15 11:00:00+00:00,SHORT,118744.02,118981.51,SL,-0.0444,4.3976,2025-08
2025-08-15 11:00:00+00:00,2025-08-15 12:20:00+00:00,LONG,119053.59,118815.49,SL,-0.044,4.3536,2025-08
2025-08-15 12:20:00+00:00,2025-08-15 13:40:00+00:00,SHORT,118749.21,118155.47,TP,0.1088,4.4624,2025-08
2025-08-15 17:40:00+00:00,2025-08-15 17:50:00+00:00,LONG,117787.13,117551.55,SL,-0.0446,4.4178,2025-08
2025-08-15 19:00:00+00:00,2025-08-15 19:10:00+00:00,SHORT,116993.2,117227.19,SL,-0.0442,4.3736,2025-08
2025-08-15 20:50:00+00:00,2025-08-15 21:10:00+00:00,LONG,117322.38,117087.74,SL,-0.0437,4.3299,2025-08
2025-08-15 23:05:00+00:00,2025-08-16 00:30:00+00:00,SHORT,117327.12,117561.77,SL,-0.0433,4.2866,2025-08
2025-08-16 02:20:00+00:00,2025-08-16 04:25:00+00:00,SHORT,117560.05,117795.17,SL,-0.0429,4.2437,2025-08
2025-08-16 05:25:00+00:00,2025-08-16 14:55:00+00:00,SHORT,117535.14,117770.21,SL,-0.0424,4.2013,2025-08
2025-08-16 17:40:00+00:00,2025-08-17 04:50:00+00:00,SHORT,117613.59,117848.81,SL,-0.042,4.1593,2025-08
2025-08-17 06:30:00+00:00,2025-08-17 08:45:00+00:00,SHORT,117894.26,118130.05,SL,-0.0416,4.1177,2025-08
2025-08-17 12:50:00+00:00,2025-08-17 13:50:00+00:00,SHORT,118160.72,118397.04,SL,-0.0412,4.0765,2025-08
2025-08-17 14:20:00+00:00,2025-08-17 18:55:00+00:00,SHORT,118137.28,117546.59,TP,0.1019,4.1784,2025-08
2025-08-17 22:00:00+00:00,2025-08-17 23:25:00+00:00,LONG,117822.91,117587.26,SL,-0.0418,4.1367,2025-08
2025-08-18 05:05:00+00:00,2025-08-18 05:30:00+00:00,LONG,115729.38,115497.92,SL,-0.0414,4.0953,2025-08
2025-08-18 05:35:00+00:00,2025-08-18 05:50:00+00:00,SHORT,115167.51,115397.85,SL,-0.041,4.0543,2025-08
2025-08-18 05:55:00+00:00,2025-08-18 06:10:00+00:00,LONG,115734.27,115502.8,SL,-0.0405,4.0138,2025-08
2025-08-18 06:40:00+00:00,2025-08-18 06:55:00+00:00,SHORT,114996.65,115226.65,SL,-0.0401,3.9737,2025-08
2025-08-18 09:50:00+00:00,2025-08-18 13:55:00+00:00,LONG,115146.44,114916.15,SL,-0.0397,3.9339,2025-08
2025-08-18 15:35:00+00:00,2025-08-18 17:25:00+00:00,LONG,115866.34,116445.67,TP,0.0983,4.0323,2025-08
2025-08-18 20:35:00+00:00,2025-08-18 20:55:00+00:00,SHORT,116151.45,116383.75,SL,-0.0403,3.9919,2025-08
2025-08-18 21:10:00+00:00,2025-08-18 23:15:00+00:00,LONG,116629.92,116396.66,SL,-0.0399,3.952,2025-08
2025-08-19 00:55:00+00:00,2025-08-19 01:15:00+00:00,LONG,116609.76,116376.54,SL,-0.0395,3.9125,2025-08
2025-08-19 01:30:00+00:00,2025-08-19 03:25:00+00:00,SHORT,115962.65,115382.83,TP,0.0978,4.0103,2025-08
2025-08-19 04:40:00+00:00,2025-08-19 05:45:00+00:00,LONG,115284.02,115053.45,SL,-0.0401,3.9702,2025-08
2025-08-19 07:15:00+00:00,2025-08-19 08:10:00+00:00,SHORT,114769.06,114998.6,SL,-0.0397,3.9305,2025-08
2025-08-19 08:20:00+00:00,2025-08-19 08:30:00+00:00,LONG,115104.89,114874.68,SL,-0.0393,3.8912,2025-08
2025-08-19 12:45:00+00:00,2025-08-19 12:55:00+00:00,SHORT,115264.65,115495.17,SL,-0.0389,3.8523,2025-08
2025-08-19 13:20:00+00:00,2025-08-19 13:30:00+00:00,LONG,115752.73,115521.23,SL,-0.0385,3.8138,2025-08
2025-08-19 13:35:00+00:00,2025-08-19 14:15:00+00:00,SHORT,115259.49,114683.19,TP,0.0953,3.9091,2025-08
2025-08-19 19:20:00+00:00,2025-08-19 19:55:00+00:00,LONG,113368.47,113141.73,SL,-0.0391,3.87,2025-08
2025-08-19 20:10:00+00:00,2025-08-19 20:25:00+00:00,SHORT,112930.81,113156.67,SL,-0.0387,3.8313,2025-08
2025-08-19 20:55:00+00:00,2025-08-19 22:00:00+00:00,LONG,113615.87,113388.64,SL,-0.0383,3.793,2025-08
2025-08-19 22:00:00+00:00,2025-08-20 01:35:00+00:00,SHORT,113256.69,112690.41,TP,0.0948,3.8878,2025-08
2025-08-20 02:10:00+00:00,2025-08-20 08:30:00+00:00,LONG,113317.61,113884.2,TP,0.0972,3.985,2025-08
2025-08-20 09:50:00+00:00,2025-08-20 10:50:00+00:00,SHORT,113590.55,113817.73,SL,-0.0399,3.9452,2025-08
2025-08-20 11:55:00+00:00,2025-08-20 13:05:00+00:00,LONG,113712.15,113484.72,SL,-0.0395,3.9057,2025-08
2025-08-20 13:10:00+00:00,2025-08-20 13:50:00+00:00,SHORT,113285.87,112719.44,TP,0.0976,4.0034,2025-08
2025-08-20 14:30:00+00:00,2025-08-20 14:55:00+00:00,LONG,113719.47,113492.03,SL,-0.04,3.9633,2025-08
2025-08-20 15:55:00+00:00,2025-08-20 16:10:00+00:00,SHORT,113308.6,113535.22,SL,-0.0396,3.9237,2025-08
2025-08-20 16:25:00+00:00,2025-08-20 16:30:00+00:00,LONG,114312.98,114084.35,SL,-0.0392,3.8845,2025-08
2025-08-20 18:15:00+00:00,2025-08-20 19:10:00+00:00,SHORT,113554.55,113781.66,SL,-0.0388,3.8456,2025-08
2025-08-20 19:20:00+00:00,2025-08-20 19:25:00+00:00,LONG,114309.54,114080.92,SL,-0.0385,3.8072,2025-08
2025-08-20 21:15:00+00:00,2025-08-20 21:40:00+00:00,SHORT,113998.96,114226.96,SL,-0.0381,3.7691,2025-08
2025-08-20 21:45:00+00:00,2025-08-21 00:00:00+00:00,LONG,114431.89,114203.03,SL,-0.0377,3.7314,2025-08
2025-08-21 00:35:00+00:00,2025-08-21 01:15:00+00:00,LONG,114339.72,114111.04,SL,-0.0373,3.6941,2025-08
2025-08-21 01:15:00+00:00,2025-08-21 01:20:00+00:00,SHORT,113920.86,114148.71,SL,-0.0369,3.6571,2025-08
2025-08-21 01:50:00+00:00,2025-08-21 02:10:00+00:00,LONG,114537.81,114308.73,SL,-0.0366,3.6206,2025-08
2025-08-21 02:15:00+00:00,2025-08-21 03:05:00+00:00,SHORT,113993.94,114221.93,SL,-0.0362,3.5844,2025-08
2025-08-21 03:05:00+00:00,2025-08-21 03:15:00+00:00,LONG,114525.15,114296.1,SL,-0.0358,3.5485,2025-08
2025-08-21 03:55:00+00:00,2025-08-21 10:00:00+00:00,SHORT,113909.04,113339.49,TP,0.0887,3.6372,2025-08
2025-08-21 13:35:00+00:00,2025-08-21 14:40:00+00:00,LONG,113488.37,113261.39,SL,-0.0364,3.6009,2025-08
2025-08-21 14:40:00+00:00,2025-08-21 14:50:00+00:00,SHORT,113145.68,113371.97,SL,-0.036,3.5649,2025-08
2025-08-21 20:50:00+00:00,2025-08-21 20:55:00+00:00,LONG,112771.08,112545.54,SL,-0.0356,3.5292,2025-08
2025-08-21 23:10:00+00:00,2025-08-22 00:00:00+00:00,SHORT,112279.07,112503.63,SL,-0.0353,3.4939,2025-08
2025-08-22 01:05:00+00:00,2025-08-22 01:15:00+00:00,SHORT,112323.45,112548.1,SL,-0.0349,3.459,2025-08
2025-08-22 01:20:00+00:00,2025-08-22 02:20:00+00:00,LONG,112782.43,113346.35,TP,0.0865,3.5455,2025-08
2025-08-22 03:50:00+00:00,2025-08-22 04:15:00+00:00,SHORT,112925.32,113151.17,SL,-0.0355,3.51,2025-08
2025-08-22 05:45:00+00:00,2025-08-22 06:30:00+00:00,LONG,113301.33,113074.73,SL,-0.0351,3.4749,2025-08
2025-08-22 06:35:00+00:00,2025-08-22 07:05:00+00:00,SHORT,112881.5,113107.26,SL,-0.0347,3.4401,2025-08
2025-08-22 12:45:00+00:00,2025-08-22 12:50:00+00:00,LONG,112714.08,112488.65,SL,-0.0344,3.4057,2025-08
2025-08-22 16:55:00+00:00,2025-08-22 17:00:00+00:00,SHORT,116100.01,116332.21,SL,-0.0341,3.3717,2025-08
2025-08-22 17:10:00+00:00,2025-08-22 18:10:00+00:00,LONG,116793.95,117377.92,TP,0.0843,3.456,2025-08
2025-08-22 18:50:00+00:00,2025-08-22 20:25:00+00:00,SHORT,116755.84,116989.35,SL,-0.0346,3.4214,2025-08
2025-08-22 22:10:00+00:00,2025-08-23 00:30:00+00:00,SHORT,116737.41,116970.88,SL,-0.0342,3.3872,2025-08
2025-08-23 01:15:00+00:00,2025-08-23 02:25:00+00:00,SHORT,116623.83,116040.71,TP,0.0847,3.4719,2025-08
2025-08-23 04:35:00+00:00,2025-08-23 06:25:00+00:00,LONG,116007.04,115775.03,SL,-0.0347,3.4372,2025-08
2025-08-23 06:25:00+00:00,2025-08-23 13:15:00+00:00,SHORT,115716.15,115137.56,TP,0.0859,3.5231,2025-08
2025-08-23 16:50:00+00:00,2025-08-24 08:00:00+00:00,LONG,115074.77,114844.62,SL,-0.0352,3.4879,2025-08
2025-08-24 08:00:00+00:00,2025-08-24 09:40:00+00:00,SHORT,114768.18,114997.72,SL,-0.0349,3.453,2025-08
2025-08-24 10:20:00+00:00,2025-08-24 10:50:00+00:00,SHORT,114692.29,114921.68,SL,-0.0345,3.4185,2025-08
2025-08-24 10:50:00+00:00,2025-08-24 11:15:00+00:00,LONG,115002.63,114772.63,SL,-0.0342,3.3843,2025-08
2025-08-24 12:35:00+00:00,2025-08-24 13:15:00+00:00,SHORT,114570.7,114799.84,SL,-0.0338,3.3504,2025-08
2025-08-24 15:05:00+00:00,2025-08-24 15:20:00+00:00,LONG,114818.38,114588.74,SL,-0.0335,3.3169,2025-08
2025-08-24 16:55:00+00:00,2025-08-24 17:10:00+00:00,SHORT,114229.29,114457.75,SL,-0.0332,3.2838,2025-08
2025-08-24 18:10:00+00:00,2025-08-24 19:00:00+00:00,LONG,114784.88,114555.31,SL,-0.0328,3.2509,2025-08
2025-08-24 19:30:00+00:00,2025-08-24 19:35:00+00:00,SHORT,113818.53,113249.44,TP,0.0813,3.3322,2025-08
2025-08-24 22:50:00+00:00,2025-08-25 00:20:00+00:00,LONG,113473.55,113246.6,SL,-0.0333,3.2989,2025-08
2025-08-25 00:25:00+00:00,2025-08-25 00:40:00+00:00,SHORT,113017.72,112452.64,TP,0.0825,3.3813,2025-08
2025-08-25 02:00:00+00:00,2025-08-25 03:55:00+00:00,LONG,113329.55,113102.89,SL,-0.0338,3.3475,2025-08
2025-08-25 03:55:00+00:00,2025-08-25 06:05:00+00:00,SHORT,112871.67,112307.31,TP,0.0837,3.4312,2025-08
2025-08-25 12:20:00+00:00,2025-08-25 13:30:00+00:00,LONG,111535.66,111312.59,SL,-0.0343,3.3969,2025-08
2025-08-25 13:40:00+00:00,2025-08-25 13:45:00+00:00,SHORT,110787.66,111009.23,SL,-0.034,3.3629,2025-08
2025-08-25 14:05:00+00:00,2025-08-25 16:10:00+00:00,LONG,111963.09,112522.9,TP,0.0841,3.447,2025-08
2025-08-25 19:10:00+00:00,2025-08-25 19:35:00+00:00,SHORT,112105.15,111544.62,TP,0.0862,3.5332,2025-08
2025-08-26 05:05:00+00:00,2025-08-26 06:25:00+00:00,LONG,110279.08,110058.53,SL,-0.0353,3.4979,2025-08
2025-08-26 06:25:00+00:00,2025-08-26 07:30:00+00:00,SHORT,109977.59,110197.55,SL,-0.035,3.4629,2025-08
2025-08-26 07:30:00+00:00,2025-08-26 08:00:00+00:00,LONG,110482.74,110261.77,SL,-0.0346,3.4282,2025-08
2025-08-26 11:10:00+00:00,2025-08-26 12:35:00+00:00,SHORT,109990.74,110210.72,SL,-0.0343,3.394,2025-08
2025-08-26 12:50:00+00:00,2025-08-26 12:55:00+00:00,SHORT,109806.43,110026.04,SL,-0.0339,3.36,2025-08
2025-08-26 16:55:00+00:00,2025-08-26 17:05:00+00:00,LONG,110197.9,109977.51,SL,-0.0336,3.3264,2025-08
2025-08-26 23:35:00+00:00,2025-08-27 01:35:00+00:00,SHORT,111761.63,111202.82,TP,0.0832,3.4096,2025-08
2025-08-27 03:45:00+00:00,2025-08-27 03:55:00+00:00,LONG,111648.39,111425.09,SL,-0.0341,3.3755,2025-08
2025-08-27 06:15:00+00:00,2025-08-27 08:30:00+00:00,SHORT,111124.06,110568.44,TP,0.0844,3.4599,2025-08
2025-08-27 09:00:00+00:00,2025-08-27 13:40:00+00:00,LONG,110892.55,111447.01,TP,0.0865,3.5464,2025-08
2025-08-27 13:40:00+00:00,2025-08-27 14:00:00+00:00,LONG,111614.49,111391.26,SL,-0.0355,3.5109,2025-08
2025-08-27 18:45:00+00:00,2025-08-27 20:45:00+00:00,SHORT,112108.24,112332.46,SL,-0.0351,3.4758,2025-08
2025-08-27 21:45:00+00:00,2025-08-28 00:20:00+00:00,SHORT,111579.0,111021.11,TP,0.0869,3.5627,2025-08
2025-08-28 01:15:00+00:00,2025-08-28 04:15:00+00:00,LONG,111629.04,112187.19,TP,0.0891,3.6518,2025-08
2025-08-28 09:30:00+00:00,2025-08-28 10:55:00+00:00,SHORT,112872.88,113098.63,SL,-0.0365,3.6152,2025-08
2025-08-28 11:35:00+00:00,2025-08-28 12:30:00+00:00,SHORT,112822.85,113048.5,SL,-0.0362,3.5791,2025-08
2025-08-28 12:30:00+00:00,2025-08-28 13:45:00+00:00,LONG,113113.27,112887.04,SL,-0.0358,3.5433,2025-08
2025-08-28 16:15:00+00:00,2025-08-28 16:20:00+00:00,LONG,113148.24,112921.94,SL,-0.0354,3.5079,2025-08
2025-08-28 16:55:00+00:00,2025-08-28 17:25:00+00:00,SHORT,112284.51,112509.08,SL,-0.0351,3.4728,2025-08
2025-08-28 18:25:00+00:00,2025-08-28 18:45:00+00:00,LONG,112691.07,112465.69,SL,-0.0347,3.4381,2025-08
2025-08-28 19:15:00+00:00,2025-08-28 22:30:00+00:00,SHORT,112195.96,112420.36,SL,-0.0344,3.4037,2025-08
2025-08-29 00:40:00+00:00,2025-08-29 01:20:00+00:00,SHORT,112191.57,111630.61,TP,0.0851,3.4888,2025-08
2025-08-29 03:35:00+00:00,2025-08-29 04:30:00+00:00,LONG,111842.93,111619.24,SL,-0.0349,3.4539,2025-08
2025-08-29 04:50:00+00:00,2025-08-29 07:10:00+00:00,SHORT,111454.48,110897.21,TP,0.0863,3.5402,2025-08
2025-08-29 11:10:00+00:00,2025-08-29 11:35:00+00:00,LONG,110170.06,109949.72,SL,-0.0354,3.5048,2025-08
2025-08-29 13:35:00+00:00,2025-08-29 13:55:00+00:00,SHORT,109744.06,109195.34,TP,0.0876,3.5925,2025-08
2025-08-29 19:15:00+00:00,2025-08-29 19:50:00+00:00,LONG,108663.31,108445.98,SL,-0.0359,3.5565,2025-08
2025-08-29 20:00:00+00:00,2025-08-29 21:35:00+00:00,SHORT,108039.33,108255.41,SL,-0.0356,3.521,2025-08
2025-08-29 21:35:00+00:00,2025-08-30 00:40:00+00:00,LONG,108389.07,108172.29,SL,-0.0352,3.4858,2025-08
2025-08-30 03:15:00+00:00,2025-08-30 08:20:00+00:00,LONG,108126.05,108666.68,TP,0.0871,3.5729,2025-08
2025-08-30 09:40:00+00:00,2025-08-30 10:15:00+00:00,SHORT,108436.62,108653.49,SL,-0.0357,3.5372,2025-08
2025-08-30 10:15:00+00:00,2025-08-30 10:45:00+00:00,LONG,108702.0,108484.6,SL,-0.0354,3.5018,2025-08
2025-08-30 11:45:00+00:00,2025-08-30 12:00:00+00:00,LONG,108729.47,108512.02,SL,-0.035,3.4668,2025-08
2025-08-30 12:00:00+00:00,2025-08-30 14:45:00+00:00,SHORT,108430.68,108647.54,SL,-0.0347,3.4321,2025-08
2025-08-30 14:45:00+00:00,2025-08-30 21:30:00+00:00,LONG,108754.08,108536.58,SL,-0.0343,3.3978,2025-08
2025-08-30 23:25:00+00:00,2025-08-31 00:55:00+00:00,LONG,108743.49,109287.21,TP,0.0849,3.4827,2025-08
2025-08-31 04:00:00+00:00,2025-08-31 09:55:00+00:00,SHORT,109062.75,108517.43,TP,0.0871,3.5698,2025-08
2025-08-31 15:00:00+00:00,2025-08-31 23:25:00+00:00,LONG,108681.79,108464.42,SL,-0.0357,3.5341,2025-08
2025-09-01 00:50:00+00:00,2025-09-01 01:05:00+00:00,LONG,108370.19,108153.45,SL,-0.0353,3.4988,2025-09
2025-09-01 02:25:00+00:00,2025-09-01 05:35:00+00:00,SHORT,107645.11,107860.4,SL,-0.035,3.4638,2025-09
2025-09-01 05:35:00+00:00,2025-09-01 06:00:00+00:00,LONG,108008.68,107792.66,SL,-0.0346,3.4291,2025-09
2025-09-01 10:00:00+00:00,2025-09-01 10:30:00+00:00,SHORT,109313.25,108766.68,TP,0.0857,3.5149,2025-09
2025-09-01 12:30:00+00:00,2025-09-01 15:20:00+00:00,LONG,109057.61,108839.49,SL,-0.0351,3.4797,2025-09
2025-09-01 18:10:00+00:00,2025-09-01 20:35:00+00:00,LONG,109117.05,108898.82,SL,-0.0348,3.4449,2025-09
2025-09-01 20:35:00+00:00,2025-09-01 20:55:00+00:00,SHORT,108659.63,108876.95,SL,-0.0344,3.4105,2025-09
2025-09-01 22:50:00+00:00,2025-09-01 23:40:00+00:00,LONG,108415.11,108957.18,TP,0.0853,3.4957,2025-09
2025-09-02 07:10:00+00:00,2025-09-02 08:40:00+00:00,SHORT,110132.84,110353.1,SL,-0.035,3.4608,2025-09
2025-09-02 08:40:00+00:00,2025-09-02 09:25:00+00:00,LONG,110554.65,110333.54,SL,-0.0346,3.4262,2025-09
2025-09-02 11:10:00+00:00,2025-09-02 12:10:00+00:00,SHORT,110035.98,109485.8,TP,0.0857,3.5118,2025-09
2025-09-02 13:30:00+00:00,2025-09-02 13:35:00+00:00,LONG,109471.84,110019.2,TP,0.0878,3.5996,2025-09
2025-09-02 16:25:00+00:00,2025-09-02 16:55:00+00:00,SHORT,110446.4,110667.3,SL,-0.036,3.5636,2025-09
2025-09-02 20:05:00+00:00,2025-09-03 05:15:00+00:00,LONG,111099.41,110877.21,SL,-0.0356,3.528,2025-09
2025-09-03 07:35:00+00:00,2025-09-03 11:00:00+00:00,LONG,110967.96,111522.8,TP,0.0882,3.6162,2025-09
2025-09-03 12:40:00+00:00,2025-09-03 13:15:00+00:00,SHORT,111211.48,111433.9,SL,-0.0362,3.58,2025-09
2025-09-03 13:40:00+00:00,2025-09-03 13:55:00+00:00,LONG,111718.11,111494.67,SL,-0.0358,3.5442,2025-09
2025-09-03 16:40:00+00:00,2025-09-03 17:00:00+00:00,SHORT,111688.95,111912.32,SL,-0.0354,3.5088,2025-09
2025-09-03 17:10:00+00:00,2025-09-03 18:20:00+00:00,LONG,112425.28,112200.43,SL,-0.0351,3.4737,2025-09
2025-09-03 18:35:00+00:00,2025-09-03 19:50:00+00:00,SHORT,111824.76,112048.41,SL,-0.0347,3.439,2025-09
2025-09-03 19:55:00+00:00,2025-09-03 21:30:00+00:00,LONG,112238.62,112014.14,SL,-0.0344,3.4046,2025-09
2025-09-03 22:05:00+00:00,2025-09-03 22:35:00+00:00,LONG,112142.6,111918.31,SL,-0.034,3.3705,2025-09
2025-09-03 22:35:00+00:00,2025-09-04 00:30:00+00:00,SHORT,111851.25,112074.95,SL,-0.0337,3.3368,2025-09
2025-09-04 01:10:00+00:00,2025-09-04 01:30:00+00:00,SHORT,111660.13,111883.45,SL,-0.0334,3.3034,2025-09
2025-09-04 08:05:00+00:00,2025-09-04 13:45:00+00:00,LONG,110756.26,110534.75,SL,-0.033,3.2704,2025-09
2025-09-04 17:50:00+00:00,2025-09-04 21:05:00+00:00,LONG,109900.95,110450.46,TP,0.0818,3.3522,2025-09
2025-09-04 23:35:00+00:00,2025-09-05 01:50:00+00:00,SHORT,110830.0,111051.66,SL,-0.0335,3.3187,2025-09
2025-09-05 09:15:00+00:00,2025-09-05 12:15:00+00:00,SHORT,112308.81,112533.43,SL,-0.0332,3.2855,2025-09
2025-09-05 14:10:00+00:00,2025-09-05 14:15:00+00:00,SHORT,112190.67,111629.71,TP,0.0821,3.3676,2025-09
2025-09-05 18:15:00+00:00,2025-09-05 19:55:00+00:00,LONG,110910.36,111464.91,TP,0.0842,3.4518,2025-09
2025-09-05 21:15:00+00:00,2025-09-05 22:00:00+00:00,SHORT,111099.88,110544.38,TP,0.0863,3.5381,2025-09
2025-09-06 00:40:00+00:00,2025-09-06 15:40:00+00:00,LONG,110837.32,110615.64,SL,-0.0354,3.5027,2025-09
2025-09-06 21:05:00+00:00,2025-09-07 07:35:00+00:00,LONG,110226.77,110777.91,TP,0.0876,3.5903,2025-09
2025-09-07 09:35:00+00:00,2025-09-07 10:10:00+00:00,SHORT,110945.39,111167.28,SL,-0.0359,3.5544,2025-09
2025-09-07 10:55:00+00:00,2025-09-07 17:15:00+00:00,LONG,111269.51,111046.97,SL,-0.0355,3.5188,2025-09
2025-09-07 19:00:00+00:00,2025-09-08 00:45:00+00:00,LONG,111227.74,111005.29,SL,-0.0352,3.4836,2025-09
2025-09-08 02:30:00+00:00,2025-09-08 08:30:00+00:00,LONG,111102.01,111657.52,TP,0.0871,3.5707,2025-09
2025-09-08 11:25:00+00:00,2025-09-08 11:50:00+00:00,SHORT,111781.29,112004.85,SL,-0.0357,3.535,2025-09
2025-09-08 13:00:00+00:00,2025-09-08 13:50:00+00:00,LONG,112241.33,112016.85,SL,-0.0354,3.4997,2025-09
2025-09-08 13:55:00+00:00,2025-09-08 14:00:00+00:00,SHORT,111861.79,112085.51,SL,-0.035,3.4647,2025-09
2025-09-08 14:30:00+00:00,2025-09-08 14:50:00+00:00,LONG,112703.66,112478.26,SL,-0.0346,3.43,2025-09
2025-09-08 16:35:00+00:00,2025-09-08 17:20:00+00:00,SHORT,112287.06,112511.63,SL,-0.0343,3.3957,2025-09
2025-09-08 21:10:00+00:00,2025-09-09 00:15:00+00:00,LONG,112187.09,111962.71,SL,-0.034,3.3618,2025-09
2025-09-09 03:40:00+00:00,2025-09-09 06:00:00+00:00,LONG,111672.34,112230.7,TP,0.084,3.4458,2025-09
2025-09-09 10:25:00+00:00,2025-09-09 14:30:00+00:00,SHORT,112653.64,112090.37,TP,0.0861,3.532,2025-09
2025-09-09 19:30:00+00:00,2025-09-10 00:50:00+00:00,LONG,111322.18,111099.54,SL,-0.0353,3.4966,2025-09
2025-09-10 02:20:00+00:00,2025-09-10 07:25:00+00:00,LONG,111463.74,112021.06,TP,0.0874,3.5841,2025-09
2025-09-10 09:05:00+00:00,2025-09-10 09:30:00+00:00,SHORT,112115.66,112339.89,SL,-0.0358,3.5482,2025-09
2025-09-10 12:15:00+00:00,2025-09-10 12:30:00+00:00,LONG,112701.33,113264.84,TP,0.0887,3.6369,2025-09
2025-09-10 16:35:00+00:00,2025-09-10 17:00:00+00:00,SHORT,113562.95,113790.07,SL,-0.0364,3.6006,2025-09
2025-09-10 17:10:00+00:00,2025-09-10 17:20:00+00:00,LONG,114031.59,113803.53,SL,-0.036,3.5645,2025-09
2025-09-10 17:25:00+00:00,2025-09-10 17:45:00+00:00,SHORT,113436.62,113663.49,SL,-0.0356,3.5289,2025-09
2025-09-10 19:55:00+00:00,2025-09-11 03:40:00+00:00,LONG,113619.95,114188.05,TP,0.0882,3.6171,2025-09
2025-09-11 05:20:00+00:00,2025-09-11 05:30:00+00:00,SHORT,113946.41,114174.31,SL,-0.0362,3.581,2025-09
2025-09-11 06:30:00+00:00,2025-09-11 07:00:00+00:00,LONG,114370.67,114141.93,SL,-0.0358,3.5451,2025-09
2025-09-11 07:00:00+00:00,2025-09-11 12:05:00+00:00,SHORT,114028.52,114256.58,SL,-0.0355,3.5097,2025-09
2025-09-11 12:30:00+00:00,2025-09-11 12:45:00+00:00,SHORT,113716.73,113944.16,SL,-0.0351,3.4746,2025-09
2025-09-11 13:55:00+00:00,2025-09-11 14:00:00+00:00,LONG,114673.93,114444.58,SL,-0.0347,3.4398,2025-09
2025-09-11 15:45:00+00:00,2025-09-11 16:00:00+00:00,SHORT,114069.01,114297.15,SL,-0.0344,3.4054,2025-09
2025-09-11 17:55:00+00:00,2025-09-11 18:10:00+00:00,LONG,114635.68,114406.4,SL,-0.0341,3.3714,2025-09
2025-09-11 18:15:00+00:00,2025-09-11 19:30:00+00:00,SHORT,114124.59,114352.84,SL,-0.0337,3.3377,2025-09
2025-09-11 19:35:00+00:00,2025-09-11 22:30:00+00:00,LONG,114487.94,115060.38,TP,0.0834,3.4211,2025-09
2025-09-12 01:30:00+00:00,2025-09-12 09:20:00+00:00,SHORT,115513.77,114936.2,TP,0.0855,3.5067,2025-09
2025-09-12 09:30:00+00:00,2025-09-12 11:25:00+00:00,SHORT,114872.64,115102.39,SL,-0.0351,3.4716,2025-09
2025-09-12 12:25:00+00:00,2025-09-12 12:35:00+00:00,LONG,115172.71,114942.37,SL,-0.0347,3.4369,2025-09
2025-09-12 20:10:00+00:00,2025-09-13 16:20:00+00:00,SHORT,116195.45,115614.48,TP,0.0859,3.5228,2025-09
2025-09-13 19:30:00+00:00,2025-09-14 04:15:00+00:00,LONG,115750.28,115518.78,SL,-0.0352,3.4876,2025-09
2025-09-14 04:40:00+00:00,2025-09-14 13:20:00+00:00,LONG,115814.31,115582.68,SL,-0.0349,3.4527,2025-09
2025-09-14 14:10:00+00:00,2025-09-14 14:15:00+00:00,LONG,115624.13,115392.88,SL,-0.0345,3.4182,2025-09
2025-09-14 18:15:00+00:00,2025-09-14 20:00:00+00:00,SHORT,115414.16,115644.98,SL,-0.0342,3.384,2025-09
2025-09-14 21:05:00+00:00,2025-09-14 21:20:00+00:00,SHORT,115663.97,115895.29,SL,-0.0338,3.3501,2025-09
2025-09-14 21:35:00+00:00,2025-09-14 22:20:00+00:00,LONG,116068.94,115836.8,SL,-0.0335,3.3166,2025-09
2025-09-14 22:20:00+00:00,2025-09-14 22:40:00+00:00,SHORT,115772.56,116004.11,SL,-0.0332,3.2835,2025-09
2025-09-15 01:30:00+00:00,2025-09-15 04:20:00+00:00,LONG,115272.97,115849.34,TP,0.0821,3.3656,2025-09
2025-09-15 06:30:00+00:00,2025-09-15 08:00:00+00:00,SHORT,116203.51,115622.49,TP,0.0841,3.4497,2025-09
2025-09-15 11:10:00+00:00,2025-09-15 12:25:00+00:00,LONG,115113.51,114883.28,SL,-0.0345,3.4152,2025-09
2025-09-15 12:45:00+00:00,2025-09-15 13:15:00+00:00,SHORT,114654.12,114883.43,SL,-0.0342,3.381,2025-09
2025-09-15 13:25:00+00:00,2025-09-15 13:35:00+00:00,LONG,115088.46,114858.28,SL,-0.0338,3.3472,2025-09
2025-09-15 13:40:00+00:00,2025-09-15 13:50:00+00:00,SHORT,114423.2,114652.05,SL,-0.0335,3.3138,2025-09
2025-09-15 17:55:00+00:00,2025-09-15 18:35:00+00:00,LONG,115166.08,114935.75,SL,-0.0331,3.2806,2025-09
2025-09-15 22:05:00+00:00,2025-09-16 05:05:00+00:00,SHORT,115341.07,115571.75,SL,-0.0328,3.2478,2025-09
2025-09-16 06:30:00+00:00,2025-09-16 07:00:00+00:00,SHORT,115591.1,115822.28,SL,-0.0325,3.2153,2025-09
2025-09-16 13:20:00+00:00,2025-09-16 13:30:00+00:00,LONG,115584.9,115353.73,SL,-0.0322,3.1832,2025-09
2025-09-16 13:35:00+00:00,2025-09-16 15:40:00+00:00,SHORT,115119.14,115349.38,SL,-0.0318,3.1514,2025-09
2025-09-16 15:45:00+00:00,2025-09-16 17:00:00+00:00,LONG,115512.01,116089.57,TP,0.0788,3.2301,2025-09
2025-09-16 18:35:00+00:00,2025-09-16 19:00:00+00:00,SHORT,116274.28,116506.83,SL,-0.0323,3.1978,2025-09
2025-09-16 19:45:00+00:00,2025-09-17 00:55:00+00:00,LONG,116806.7,116573.09,SL,-0.032,3.1659,2025-09
2025-09-17 02:25:00+00:00,2025-09-17 03:25:00+00:00,LONG,116816.31,116582.68,SL,-0.0317,3.1342,2025-09
2025-09-17 05:00:00+00:00,2025-09-17 06:00:00+00:00,LONG,116539.21,117121.9,TP,0.0784,3.2126,2025-09
2025-09-17 08:10:00+00:00,2025-09-17 10:50:00+00:00,SHORT,116953.2,116368.43,TP,0.0803,3.2929,2025-09
2025-09-17 12:30:00+00:00,2025-09-17 12:35:00+00:00,LONG,116524.37,116291.32,SL,-0.0329,3.2599,2025-09
2025-09-17 13:00:00+00:00,2025-09-17 16:35:00+00:00,SHORT,116123.57,115542.95,TP,0.0815,3.3414,2025-09
2025-09-17 17:00:00+00:00,2025-09-17 17:55:00+00:00,LONG,115838.08,115606.4,SL,-0.0334,3.308,2025-09
2025-09-17 17:55:00+00:00,2025-09-17 18:00:00+00:00,SHORT,115458.28,115689.19,SL,-0.0331,3.2749,2025-09
2025-09-17 21:35:00+00:00,2025-09-17 22:50:00+00:00,LONG,115915.94,116495.52,TP,0.0819,3.3568,2025-09
2025-09-18 00:10:00+00:00,2025-09-18 01:05:00+00:00,SHORT,116234.61,116467.08,SL,-0.0336,3.3233,2025-09
2025-09-18 01:10:00+00:00,2025-09-18 03:05:00+00:00,LONG,116646.13,117229.36,TP,0.0831,3.4063,2025-09
2025-09-18 05:25:00+00:00,2025-09-18 13:25:00+00:00,SHORT,117207.64,117442.05,SL,-0.0341,3.3723,2025-09
2025-09-18 13:40:00+00:00,2025-09-18 13:55:00+00:00,SHORT,117124.2,117358.45,SL,-0.0337,3.3385,2025-09
2025-09-18 14:15:00+00:00,2025-09-18 15:10:00+00:00,LONG,117766.2,117530.67,SL,-0.0334,3.3052,2025-09
2025-09-18 19:20:00+00:00,2025-09-18 23:00:00+00:00,SHORT,117533.54,116945.87,TP,0.0826,3.3878,2025-09
2025-09-18 23:50:00+00:00,2025-09-19 04:00:00+00:00,LONG,117149.26,116914.96,SL,-0.0339,3.3539,2025-09
2025-09-19 07:35:00+00:00,2025-09-19 09:40:00+00:00,LONG,117009.44,116775.42,SL,-0.0335,3.3204,2025-09
2025-09-19 12:15:00+00:00,2025-09-19 12:25:00+00:00,LONG,116556.49,116323.38,SL,-0.0332,3.2872,2025-09
2025-09-19 12:25:00+00:00,2025-09-19 13:45:00+00:00,SHORT,116184.98,116417.35,SL,-0.0329,3.2543,2025-09
2025-09-19 13:45:00+00:00,2025-09-19 14:15:00+00:00,LONG,116473.48,116240.53,SL,-0.0325,3.2218,2025-09
2025-09-19 14:45:00+00:00,2025-09-19 16:45:00+00:00,SHORT,115843.63,116075.32,SL,-0.0322,3.1895,2025-09
2025-09-19 16:45:00+00:00,2025-09-19 17:05:00+00:00,LONG,116156.73,115924.42,SL,-0.0319,3.1576,2025-09
2025-09-19 17:10:00+00:00,2025-09-19 19:45:00+00:00,SHORT,115763.79,115184.97,TP,0.0789,3.2366,2025-09
2025-09-19 20:25:00+00:00,2025-09-20 14:50:00+00:00,LONG,115434.6,116011.77,TP,0.0809,3.3175,2025-09
2025-09-20 15:45:00+00:00,2025-09-21 16:40:00+00:00,SHORT,115909.96,115330.41,TP,0.0829,3.4004,2025-09
2025-09-21 17:20:00+00:00,2025-09-21 21:25:00+00:00,LONG,115488.67,115257.69,SL,-0.034,3.3664,2025-09
2025-09-21 21:35:00+00:00,2025-09-22 00:20:00+00:00,LONG,115425.97,115195.12,SL,-0.0337,3.3328,2025-09
2025-09-22 10:20:00+00:00,2025-09-22 10:30:00+00:00,LONG,112736.51,112511.03,SL,-0.0333,3.2994,2025-09
2025-09-22 12:20:00+00:00,2025-09-22 13:05:00+00:00,SHORT,112543.03,112768.12,SL,-0.033,3.2664,2025-09
2025-09-22 13:10:00+00:00,2025-09-22 13:35:00+00:00,LONG,112995.16,112769.17,SL,-0.0327,3.2338,2025-09
2025-09-22 13:35:00+00:00,2025-09-22 13:50:00+00:00,SHORT,112516.25,112741.28,SL,-0.0323,3.2014,2025-09
2025-09-22 13:55:00+00:00,2025-09-22 14:35:00+00:00,LONG,113175.88,112949.53,SL,-0.032,3.1694,2025-09
2025-09-22 15:20:00+00:00,2025-09-22 15:45:00+00:00,SHORT,112594.94,112820.13,SL,-0.0317,3.1377,2025-09
2025-09-22 18:20:00+00:00,2025-09-22 18:50:00+00:00,LONG,112752.19,112526.69,SL,-0.0314,3.1064,2025-09
2025-09-22 18:50:00+00:00,2025-09-22 20:40:00+00:00,SHORT,112392.05,112616.83,SL,-0.0311,3.0753,2025-09
2025-09-22 22:25:00+00:00,2025-09-23 02:25:00+00:00,SHORT,112608.84,112045.79,TP,0.0769,3.1522,2025-09
2025-09-23 03:20:00+00:00,2025-09-23 05:25:00+00:00,LONG,112200.87,112761.88,TP,0.0788,3.231,2025-09
2025-09-23 09:25:00+00:00,2025-09-23 14:05:00+00:00,SHORT,112962.47,113188.39,SL,-0.0323,3.1987,2025-09
2025-09-23 14:30:00+00:00,2025-09-23 15:10:00+00:00,SHORT,112634.92,112860.19,SL,-0.032,3.1667,2025-09
2025-09-23 20:55:00+00:00,2025-09-24 03:25:00+00:00,LONG,112030.56,111806.5,SL,-0.0317,3.135,2025-09
2025-09-24 04:25:00+00:00,2025-09-24 05:50:00+00:00,LONG,112066.21,112626.54,TP,0.0784,3.2134,2025-09
2025-09-24 07:30:00+00:00,2025-09-24 09:30:00+00:00,SHORT,112430.39,112655.25,SL,-0.0321,3.1813,2025-09
2025-09-24 09:35:00+00:00,2025-09-24 14:45:00+00:00,LONG,112849.54,113413.79,TP,0.0795,3.2608,2025-09
2025-09-24 18:10:00+00:00,2025-09-25 01:30:00+00:00,SHORT,113578.44,113010.55,TP,0.0815,3.3423,2025-09
2025-09-25 02:30:00+00:00,2025-09-25 02:35:00+00:00,LONG,113138.55,112912.27,SL,-0.0334,3.3089,2025-09
2025-09-25 03:25:00+00:00,2025-09-25 03:55:00+00:00,SHORT,112319.79,112544.43,SL,-0.0331,3.2758,2025-09
2025-09-25 07:15:00+00:00,2025-09-25 09:55:00+00:00,LONG,111855.07,111631.36,SL,-0.0328,3.243,2025-09
2025-09-25 14:20:00+00:00,2025-09-25 14:25:00+00:00,LONG,111760.29,111536.77,SL,-0.0324,3.2106,2025-09
2025-09-25 15:20:00+00:00,2025-09-25 15:30:00+00:00,SHORT,110911.63,111133.45,SL,-0.0321,3.1785,2025-09
2025-09-25 15:55:00+00:00,2025-09-25 16:15:00+00:00,LONG,111625.4,111402.15,SL,-0.0318,3.1467,2025-09
2025-09-25 16:45:00+00:00,2025-09-25 17:10:00+00:00,SHORT,110937.55,110382.86,TP,0.0787,3.2254,2025-09
2025-09-25 18:55:00+00:00,2025-09-25 19:40:00+00:00,LONG,109804.1,109584.5,SL,-0.0323,3.1931,2025-09
2025-09-25 19:55:00+00:00,2025-09-25 21:05:00+00:00,SHORT,109316.26,109534.89,SL,-0.0319,3.1612,2025-09
2025-09-25 21:05:00+00:00,2025-09-25 21:25:00+00:00,LONG,109674.04,109454.69,SL,-0.0316,3.1296,2025-09
2025-09-25 23:30:00+00:00,2025-09-26 00:50:00+00:00,SHORT,109089.34,109307.52,SL,-0.0313,3.0983,2025-09
2025-09-26 00:50:00+00:00,2025-09-26 04:30:00+00:00,LONG,109526.4,109307.35,SL,-0.031,3.0673,2025-09
2025-09-26 05:15:00+00:00,2025-09-26 05:35:00+00:00,LONG,109595.32,109376.13,SL,-0.0307,3.0366,2025-09
2025-09-26 05:45:00+00:00,2025-09-26 06:15:00+00:00,SHORT,109078.58,109296.74,SL,-0.0304,3.0063,2025-09
2025-09-26 06:15:00+00:00,2025-09-26 07:25:00+00:00,LONG,109539.34,109320.26,SL,-0.0301,2.9762,2025-09
2025-09-26 07:30:00+00:00,2025-09-26 07:55:00+00:00,SHORT,108947.02,109164.92,SL,-0.0298,2.9464,2025-09
2025-09-26 08:15:00+00:00,2025-09-26 10:05:00+00:00,LONG,109544.5,109325.41,SL,-0.0295,2.917,2025-09
2025-09-26 11:45:00+00:00,2025-09-26 12:10:00+00:00,LONG,109175.66,108957.31,SL,-0.0292,2.8878,2025-09
2025-09-26 14:30:00+00:00,2025-09-26 14:35:00+00:00,SHORT,108806.47,109024.08,SL,-0.0289,2.8589,2025-09
2025-09-26 16:15:00+00:00,2025-09-26 16:30:00+00:00,LONG,109567.44,109348.3,SL,-0.0286,2.8303,2025-09
2025-09-26 18:55:00+00:00,2025-09-26 19:30:00+00:00,SHORT,109684.1,109135.68,TP,0.0708,2.9011,2025-09
2025-09-26 21:10:00+00:00,2025-09-27 08:05:00+00:00,LONG,109501.91,109282.91,SL,-0.029,2.8721,2025-09
2025-09-27 09:35:00+00:00,2025-09-28 15:00:00+00:00,LONG,109313.71,109860.28,TP,0.0718,2.9439,2025-09
2025-09-28 19:10:00+00:00,2025-09-28 19:20:00+00:00,SHORT,110075.67,110295.82,SL,-0.0294,2.9145,2025-09
2025-09-28 19:25:00+00:00,2025-09-28 20:35:00+00:00,LONG,110382.15,110934.06,TP,0.0729,2.9873,2025-09
2025-09-28 21:35:00+00:00,2025-09-28 21:55:00+00:00,SHORT,110605.72,110826.93,SL,-0.0299,2.9574,2025-09
2025-09-28 22:00:00+00:00,2025-09-28 22:15:00+00:00,LONG,110957.1,111511.88,TP,0.0739,3.0314,2025-09
2025-09-29 01:45:00+00:00,2025-09-29 08:05:00+00:00,SHORT,111795.01,112018.6,SL,-0.0303,3.0011,2025-09
2025-09-29 11:05:00+00:00,2025-09-29 12:10:00+00:00,SHORT,111918.32,112142.16,SL,-0.03,2.9711,2025-09
2025-09-29 12:15:00+00:00,2025-09-29 12:50:00+00:00,LONG,112287.59,112063.01,SL,-0.0297,2.9413,2025-09
2025-09-29 12:50:00+00:00,2025-09-29 13:20:00+00:00,SHORT,111986.29,112210.26,SL,-0.0294,2.9119,2025-09
2025-09-29 13:35:00+00:00,2025-09-29 13:40:00+00:00,LONG,112451.47,113013.73,TP,0.0728,2.9847,2025-09
2025-09-29 16:55:00+00:00,2025-09-29 17:20:00+00:00,SHORT,113580.7,113807.86,SL,-0.0298,2.9549,2025-09
2025-09-29 17:50:00+00:00,2025-09-29 18:20:00+00:00,LONG,114166.65,113938.32,SL,-0.0295,2.9253,2025-09
2025-09-29 22:35:00+00:00,2025-09-29 23:00:00+00:00,SHORT,113974.39,114202.34,SL,-0.0293,2.8961,2025-09
2025-09-30 00:20:00+00:00,2025-09-30 00:35:00+00:00,SHORT,114043.97,114272.06,SL,-0.029,2.8671,2025-09
2025-09-30 00:45:00+00:00,2025-09-30 01:50:00+00:00,LONG,114545.8,114316.71,SL,-0.0287,2.8384,2025-09
2025-09-30 04:25:00+00:00,2025-09-30 08:20:00+00:00,SHORT,114139.65,113568.95,TP,0.071,2.9094,2025-09
2025-09-30 12:35:00+00:00,2025-09-30 12:55:00+00:00,LONG,113288.84,113062.26,SL,-0.0291,2.8803,2025-09
2025-09-30 13:00:00+00:00,2025-09-30 13:15:00+00:00,SHORT,112871.74,113097.49,SL,-0.0288,2.8515,2025-09
2025-09-30 13:25:00+00:00,2025-09-30 14:05:00+00:00,LONG,113365.32,113138.59,SL,-0.0285,2.823,2025-09
2025-09-30 16:30:00+00:00,2025-09-30 17:15:00+00:00,SHORT,112910.46,113136.28,SL,-0.0282,2.7948,2025-09
2025-09-30 17:15:00+00:00,2025-09-30 19:00:00+00:00,LONG,113268.84,113835.18,TP,0.0699,2.8646,2025-09
2025-09-30 21:25:00+00:00,2025-10-01 01:50:00+00:00,SHORT,114246.46,114474.96,SL,-0.0286,2.836,2025-10
2025-10-01 03:45:00+00:00,2025-10-01 04:05:00+00:00,SHORT,114097.64,114325.84,SL,-0.0284,2.8076,2025-10
2025-10-01 04:25:00+00:00,2025-10-01 04:50:00+00:00,LONG,114633.33,114404.07,SL,-0.0281,2.7796,2025-10
2025-10-01 06:50:00+00:00,2025-10-01 07:15:00+00:00,SHORT,114206.66,114435.07,SL,-0.0278,2.7518,2025-10
2025-10-01 08:15:00+00:00,2025-10-01 08:35:00+00:00,LONG,114774.98,115348.86,TP,0.0688,2.8206,2025-10
2025-10-01 12:50:00+00:00,2025-10-01 13:00:00+00:00,SHORT,116316.84,116549.48,SL,-0.0282,2.7923,2025-10
2025-10-01 13:55:00+00:00,2025-10-01 15:25:00+00:00,LONG,116853.68,117437.95,TP,0.0698,2.8622,2025-10
2025-10-01 17:05:00+00:00,2025-10-01 22:00:00+00:00,SHORT,117353.03,117587.74,SL,-0.0286,2.8335,2025-10
2025-10-01 22:00:00+00:00,2025-10-01 23:45:00+00:00,LONG,117788.44,118377.38,TP,0.0708,2.9044,2025-10
2025-10-02 04:25:00+00:00,2025-10-02 09:45:00+00:00,SHORT,118520.75,118757.79,SL,-0.029,2.8753,2025-10
2025-10-02 13:15:00+00:00,2025-10-02 13:20:00+00:00,SHORT,118984.31,119222.28,SL,-0.0288,2.8466,2025-10
2025-10-02 13:40:00+00:00,2025-10-02 14:40:00+00:00,LONG,119589.96,119350.78,SL,-0.0285,2.8181,2025-10
2025-10-02 14:40:00+00:00,2025-10-02 15:20:00+00:00,SHORT,118952.39,119190.29,SL,-0.0282,2.7899,2025-10
2025-10-02 15:40:00+00:00,2025-10-02 17:20:00+00:00,LONG,119674.02,119434.67,SL,-0.0279,2.762,2025-10
2025-10-02 17:20:00+00:00,2025-10-02 17:45:00+00:00,SHORT,119373.27,119612.02,SL,-0.0276,2.7344,2025-10
2025-10-02 18:00:00+00:00,2025-10-02 19:05:00+00:00,LONG,120164.14,120764.96,TP,0.0684,2.8028,2025-10
2025-10-02 21:30:00+00:00,2025-10-02 23:10:00+00:00,SHORT,120202.92,120443.33,SL,-0.028,2.7747,2025-10
2025-10-03 00:10:00+00:00,2025-10-03 03:00:00+00:00,SHORT,120108.47,120348.68,SL,-0.0277,2.747,2025-10
2025-10-03 03:00:00+00:00,2025-10-03 04:30:00+00:00,LONG,120401.22,120160.42,SL,-0.0275,2.7195,2025-10
2025-10-03 04:35:00+00:00,2025-10-03 08:15:00+00:00,SHORT,119969.97,119370.12,TP,0.068,2.7875,2025-10
2025-10-03 08:35:00+00:00,2025-10-03 13:25:00+00:00,LONG,119893.23,120492.69,TP,0.0697,2.8572,2025-10
2025-10-03 13:25:00+00:00,2025-10-03 13:40:00+00:00,LONG,120577.91,120336.76,SL,-0.0286,2.8286,2025-10
2025-10-03 14:15:00+00:00,2025-10-03 14:20:00+00:00,SHORT,119935.22,120175.09,SL,-0.0283,2.8003,2025-10
2025-10-03 14:45:00+00:00,2025-10-03 15:30:00+00:00,LONG,120883.99,121488.41,TP,0.07,2.8703,2025-10
2025-10-03 16:55:00+00:00,2025-10-03 17:10:00+00:00,SHORT,122504.28,122749.29,SL,-0.0287,2.8416,2025-10
2025-10-03 22:15:00+00:00,2025-10-03 23:10:00+00:00,LONG,122549.23,122304.13,SL,-0.0284,2.8132,2025-10
2025-10-04 03:30:00+00:00,2025-10-04 05:20:00+00:00,LONG,122122.46,122733.07,TP,0.0703,2.8836,2025-10
2025-10-04 05:40:00+00:00,2025-10-04 15:20:00+00:00,SHORT,122423.64,121811.52,TP,0.0721,2.9556,2025-10
2025-10-04 19:10:00+00:00,2025-10-05 02:25:00+00:00,LONG,121849.7,122458.95,TP,0.0739,3.0295,2025-10
2025-10-05 08:55:00+00:00,2025-10-05 09:30:00+00:00,SHORT,124546.15,123923.42,TP,0.0757,3.1053,2025-10
2025-10-05 16:05:00+00:00,2025-10-05 16:45:00+00:00,LONG,123161.24,122914.92,SL,-0.0311,3.0742,2025-10
2025-10-05 16:45:00+00:00,2025-10-05 16:50:00+00:00,SHORT,122659.91,122905.23,SL,-0.0307,3.0435,2025-10
2025-10-05 16:55:00+00:00,2025-10-05 17:30:00+00:00,LONG,123314.85,123068.22,SL,-0.0304,3.013,2025-10
2025-10-05 19:15:00+00:00,2025-10-05 19:20:00+00:00,SHORT,122658.12,122903.43,SL,-0.0301,2.9829,2025-10
2025-10-05 20:35:00+00:00,2025-10-05 20:55:00+00:00,LONG,123076.35,122830.2,SL,-0.0298,2.9531,2025-10
2025-10-06 00:50:00+00:00,2025-10-06 01:00:00+00:00,SHORT,123122.72,123368.97,SL,-0.0295,2.9236,2025-10
2025-10-06 06:10:00+00:00,2025-10-06 07:35:00+00:00,LONG,123876.97,123629.22,SL,-0.0292,2.8943,2025-10
2025-10-06 07:40:00+00:00,2025-10-06 08:20:00+00:00,SHORT,123390.62,123637.41,SL,-0.0289,2.8654,2025-10
2025-10-06 08:30:00+00:00,2025-10-06 12:15:00+00:00,LONG,123899.51,124519.01,TP,0.0716,2.937,2025-10
2025-10-06 19:40:00+00:00,2025-10-06 21:30:00+00:00,SHORT,125341.24,124714.54,TP,0.0734,3.0104,2025-10
2025-10-06 22:00:00+00:00,2025-10-06 22:30:00+00:00,LONG,125293.03,125042.44,SL,-0.0301,2.9803,2025-10
2025-10-06 23:20:00+00:00,2025-10-07 01:00:00+00:00,SHORT,124686.12,124935.49,SL,-0.0298,2.9505,2025-10
2025-10-07 01:05:00+00:00,2025-10-07 01:15:00+00:00,LONG,125039.42,124789.34,SL,-0.0295,2.921,2025-10
2025-10-07 01:15:00+00:00,2025-10-07 06:25:00+00:00,SHORT,124557.61,123934.82,TP,0.073,2.9941,2025-10
2025-10-07 08:50:00+00:00,2025-10-07 12:45:00+00:00,LONG,124020.04,124640.14,TP,0.0749,3.0689,2025-10
2025-10-07 13:35:00+00:00,2025-10-07 13:50:00+00:00,SHORT,124259.78,123638.48,TP,0.0767,3.1456,2025-10
2025-10-07 19:05:00+00:00,2025-10-07 19:25:00+00:00,LONG,121572.62,121329.47,SL,-0.0315,3.1142,2025-10
2025-10-07 23:10:00+00:00,2025-10-08 01:15:00+00:00,SHORT,121752.69,121996.19,SL,-0.0311,3.083,2025-10
2025-10-08 03:05:00+00:00,2025-10-08 08:30:00+00:00,SHORT,121739.5,121982.98,SL,-0.0308,3.0522,2025-10
2025-10-08 12:30:00+00:00,2025-10-08 13:40:00+00:00,SHORT,122635.7,122022.52,TP,0.0763,3.1285,2025-10
2025-10-08 14:00:00+00:00,2025-10-08 14:10:00+00:00,LONG,123130.75,122884.49,SL,-0.0313,3.0972,2025-10
2025-10-08 19:05:00+00:00,2025-10-08 19:25:00+00:00,SHORT,123297.47,123544.07,SL,-0.031,3.0662,2025-10
2025-10-08 23:20:00+00:00,2025-10-09 00:00:00+00:00,LONG,123480.82,123233.86,SL,-0.0307,3.0356,2025-10
2025-10-09 00:05:00+00:00,2025-10-09 00:15:00+00:00,SHORT,122995.39,123241.38,SL,-0.0304,3.0052,2025-10
2025-10-09 04:20:00+00:00,2025-10-09 04:40:00+00:00,LONG,122305.21,122060.6,SL,-0.0301,2.9752,2025-10
2025-10-09 07:25:00+00:00,2025-10-09 08:25:00+00:00,SHORT,121827.64,121218.5,TP,0.0744,3.0496,2025-10
2025-10-09 10:30:00+00:00,2025-10-09 11:20:00+00:00,LONG,122070.58,122680.93,TP,0.0762,3.1258,2025-10
2025-10-09 13:40:00+00:00,2025-10-09 13:45:00+00:00,SHORT,122706.9,122952.31,SL,-0.0313,3.0945,2025-10
2025-10-09 20:50:00+00:00,2025-10-10 00:25:00+00:00,LONG,121185.84,121791.77,TP,0.0774,3.1719,2025-10
2025-10-10 02:00:00+00:00,2025-10-10 06:00:00+00:00,SHORT,121390.33,121633.12,SL,-0.0317,3.1402,2025-10
2025-10-10 06:55:00+00:00,2025-10-10 08:55:00+00:00,SHORT,121329.63,121572.29,SL,-0.0314,3.1088,2025-10
2025-10-10 09:45:00+00:00,2025-10-10 11:00:00+00:00,SHORT,121348.44,121591.14,SL,-0.0311,3.0777,2025-10
2025-10-10 11:00:00+00:00,2025-10-10 13:35:00+00:00,LONG,121644.73,122252.95,TP,0.0769,3.1546,2025-10
2025-10-10 13:50:00+00:00,2025-10-10 13:55:00+00:00,SHORT,121379.44,121622.2,SL,-0.0315,3.1231,2025-10
2025-10-11 02:35:00+00:00,2025-10-11 02:45:00+00:00,LONG,112652.17,113215.43,TP,0.0781,3.2012,2025-10
2025-10-11 03:20:00+00:00,2025-10-11 03:55:00+00:00,SHORT,112027.34,112251.4,SL,-0.032,3.1692,2025-10
2025-10-11 04:50:00+00:00,2025-10-11 05:15:00+00:00,LONG,112801.73,112576.13,SL,-0.0317,3.1375,2025-10
2025-10-11 07:00:00+00:00,2025-10-11 07:25:00+00:00,SHORT,111377.44,110820.55,TP,0.0784,3.2159,2025-10
2025-10-11 08:40:00+00:00,2025-10-11 10:10:00+00:00,LONG,111286.76,111843.19,TP,0.0804,3.2963,2025-10
2025-10-11 14:50:00+00:00,2025-10-11 15:05:00+00:00,SHORT,111845.54,112069.23,SL,-0.033,3.2633,2025-10
2025-10-11 17:10:00+00:00,2025-10-11 18:20:00+00:00,LONG,112101.76,111877.56,SL,-0.0326,3.2307,2025-10
2025-10-11 19:10:00+00:00,2025-10-11 19:50:00+00:00,SHORT,111525.87,110968.24,TP,0.0808,3.3115,2025-10
2025-10-11 22:05:00+00:00,2025-10-11 22:15:00+00:00,LONG,111073.08,110850.94,SL,-0.0331,3.2784,2025-10
2025-10-12 00:00:00+00:00,2025-10-12 00:40:00+00:00,SHORT,110439.11,109886.91,TP,0.082,3.3603,2025-10
2025-10-12 02:30:00+00:00,2025-10-12 02:35:00+00:00,LONG,110534.26,110313.19,SL,-0.0336,3.3267,2025-10
2025-10-12 08:55:00+00:00,2025-10-12 09:35:00+00:00,SHORT,111266.38,111488.91,SL,-0.0333,3.2934,2025-10
2025-10-12 09:50:00+00:00,2025-10-12 13:45:00+00:00,LONG,111758.32,111534.8,SL,-0.0329,3.2605,2025-10
2025-10-12 13:45:00+00:00,2025-10-12 14:45:00+00:00,SHORT,111366.84,111589.57,SL,-0.0326,3.2279,2025-10
2025-10-12 14:45:00+00:00,2025-10-12 14:50:00+00:00,LONG,112144.82,112705.54,TP,0.0807,3.3086,2025-10
2025-10-13 02:15:00+00:00,2025-10-13 02:30:00+00:00,SHORT,115033.98,115264.05,SL,-0.0331,3.2755,2025-10
2025-10-13 06:15:00+00:00,2025-10-13 09:10:00+00:00,LONG,115081.03,114850.87,SL,-0.0328,3.2428,2025-10
2025-10-13 09:10:00+00:00,2025-10-13 09:30:00+00:00,SHORT,114755.42,114984.93,SL,-0.0324,3.2103,2025-10
2025-10-13 13:30:00+00:00,2025-10-13 13:35:00+00:00,LONG,115181.75,114951.39,SL,-0.0321,3.1782,2025-10
2025-10-13 14:50:00+00:00,2025-10-13 15:00:00+00:00,SHORT,113923.61,114151.46,SL,-0.0318,3.1464,2025-10
2025-10-13 17:55:00+00:00,2025-10-13 18:10:00+00:00,LONG,115086.57,114856.39,SL,-0.0315,3.115,2025-10
2025-10-13 22:45:00+00:00,2025-10-14 01:00:00+00:00,SHORT,115472.45,114895.09,TP,0.0779,3.1929,2025-10
2025-10-14 11:05:00+00:00,2025-10-14 12:35:00+00:00,LONG,111250.02,111027.52,SL,-0.0319,3.1609,2025-10
2025-10-14 13:05:00+00:00,2025-10-14 13:45:00+00:00,SHORT,110664.64,110885.97,SL,-0.0316,3.1293,2025-10
2025-10-14 14:00:00+00:00,2025-10-14 14:15:00+00:00,LONG,111228.49,111784.64,TP,0.0782,3.2075,2025-10
2025-10-14 19:35:00+00:00,2025-10-14 20:50:00+00:00,SHORT,112657.12,112882.43,SL,-0.0321,3.1755,2025-10
2025-10-14 22:00:00+00:00,2025-10-14 22:25:00+00:00,LONG,113473.16,113246.21,SL,-0.0318,3.1437,2025-10
2025-10-14 22:45:00+00:00,2025-10-14 22:50:00+00:00,SHORT,112828.84,113054.5,SL,-0.0314,3.1123,2025-10
2025-10-14 23:05:00+00:00,2025-10-14 23:40:00+00:00,LONG,113536.76,113309.68,SL,-0.0311,3.0812,2025-10
2025-10-15 00:00:00+00:00,2025-10-15 02:20:00+00:00,SHORT,112896.74,113122.54,SL,-0.0308,3.0503,2025-10
2025-10-15 02:20:00+00:00,2025-10-15 02:55:00+00:00,LONG,113178.23,112951.88,SL,-0.0305,3.0198,2025-10
2025-10-15 03:00:00+00:00,2025-10-15 04:00:00+00:00,SHORT,112574.04,112011.17,TP,0.0755,3.0953,2025-10
2025-10-15 05:10:00+00:00,2025-10-15 06:05:00+00:00,LONG,112532.09,112307.03,SL,-0.031,3.0644,2025-10
2025-10-15 06:15:00+00:00,2025-10-15 06:40:00+00:00,SHORT,111973.14,112197.09,SL,-0.0306,3.0337,2025-10
2025-10-15 06:55:00+00:00,2025-10-15 08:25:00+00:00,LONG,112505.45,113067.98,TP,0.0758,3.1096,2025-10
2025-10-15 09:20:00+00:00,2025-10-15 11:15:00+00:00,SHORT,112575.08,112012.21,TP,0.0777,3.1873,2025-10
2025-10-15 14:05:00+00:00,2025-10-15 14:30:00+00:00,LONG,112076.58,111852.43,SL,-0.0319,3.1555,2025-10
2025-10-15 15:10:00+00:00,2025-10-15 15:25:00+00:00,SHORT,110794.27,111015.86,SL,-0.0316,3.1239,2025-10
2025-10-15 17:50:00+00:00,2025-10-15 18:00:00+00:00,LONG,111139.99,110917.71,SL,-0.0312,3.0927,2025-10
2025-10-15 20:25:00+00:00,2025-10-15 20:40:00+00:00,SHORT,111016.12,111238.15,SL,-0.0309,3.0617,2025-10
2025-10-16 01:10:00+00:00,2025-10-16 01:20:00+00:00,LONG,111049.42,110827.32,SL,-0.0306,3.0311,2025-10
2025-10-16 04:40:00+00:00,2025-10-16 05:30:00+00:00,SHORT,110953.94,111175.85,SL,-0.0303,3.0008,2025-10
2025-10-16 06:30:00+00:00,2025-10-16 07:15:00+00:00,LONG,111505.23,111282.22,SL,-0.03,2.9708,2025-10
2025-10-16 07:20:00+00:00,2025-10-16 09:30:00+00:00,SHORT,110753.93,110200.16,TP,0.0743,3.0451,2025-10
2025-10-16 09:40:00+00:00,2025-10-16 12:00:00+00:00,LONG,111274.49,111830.86,TP,0.0761,3.1212,2025-10
2025-10-16 13:50:00+00:00,2025-10-16 14:10:00+00:00,SHORT,110868.29,110313.95,TP,0.078,3.1992,2025-10
2025-10-16 14:40:00+00:00,2025-10-16 14:45:00+00:00,LONG,111396.55,111173.76,SL,-0.032,3.1672,2025-10
2025-10-16 15:35:00+00:00,2025-10-16 15:40:00+00:00,SHORT,109886.21,109336.78,TP,0.0792,3.2464,2025-10
2025-10-16 23:20:00+00:00,2025-10-16 23:35:00+00:00,LONG,108443.38,108226.49,SL,-0.0325,3.2139,2025-10
2025-10-17 01:50:00+00:00,2025-10-17 01:55:00+00:00,SHORT,108467.94,108684.87,SL,-0.0321,3.1818,2025-10
2025-10-17 02:55:00+00:00,2025-10-17 04:55:00+00:00,LONG,109016.56,108798.53,SL,-0.0318,3.15,2025-10
2025-10-17 11:10:00+00:00,2025-10-17 12:25:00+00:00,LONG,105858.33,105646.61,SL,-0.0315,3.1185,2025-10
2025-10-17 13:10:00+00:00,2025-10-17 13:15:00+00:00,SHORT,104874.85,105084.6,SL,-0.0312,3.0873,2025-10
2025-10-17 15:25:00+00:00,2025-10-17 15:55:00+00:00,LONG,106133.75,106664.42,TP,0.0772,3.1645,2025-10
2025-10-17 22:20:00+00:00,2025-10-18 00:00:00+00:00,SHORT,106957.88,106423.09,TP,0.0791,3.2436,2025-10
2025-10-18 00:25:00+00:00,2025-10-18 04:05:00+00:00,LONG,106786.74,106573.16,SL,-0.0324,3.2112,2025-10
2025-10-18 05:55:00+00:00,2025-10-18 16:30:00+00:00,LONG,106855.25,106641.53,SL,-0.0321,3.1791,2025-10
2025-10-18 19:15:00+00:00,2025-10-19 00:45:00+00:00,LONG,107008.34,106794.32,SL,-0.0318,3.1473,2025-10
2025-10-19 03:15:00+00:00,2025-10-19 05:45:00+00:00,LONG,107163.31,106948.98,SL,-0.0315,3.1158,2025-10
2025-10-19 07:15:00+00:00,2025-10-19 08:20:00+00:00,LONG,106923.36,106709.52,SL,-0.0312,3.0846,2025-10
2025-10-19 08:20:00+00:00,2025-10-19 09:40:00+00:00,SHORT,106584.35,106797.52,SL,-0.0308,3.0538,2025-10
2025-10-19 09:40:00+00:00,2025-10-19 09:45:00+00:00,LONG,106996.22,107531.2,TP,0.0763,3.1301,2025-10
2025-10-19 13:05:00+00:00,2025-10-19 13:30:00+00:00,SHORT,107374.31,107589.06,SL,-0.0313,3.0988,2025-10
2025-10-19 13:40:00+00:00,2025-10-19 14:15:00+00:00,LONG,107865.37,108404.7,TP,0.0775,3.1763,2025-10
2025-10-19 19:05:00+00:00,2025-10-19 22:30:00+00:00,SHORT,109002.59,109220.6,SL,-0.0318,3.1445,2025-10
2025-10-19 23:05:00+00:00,2025-10-20 00:10:00+00:00,SHORT,108814.38,108270.3,TP,0.0786,3.2231,2025-10
2025-10-20 02:15:00+00:00,2025-10-20 03:40:00+00:00,LONG,108377.26,108919.15,TP,0.0806,3.3037,2025-10
2025-10-20 09:15:00+00:00,2025-10-20 10:25:00+00:00,SHORT,110749.67,110971.17,SL,-0.033,3.2707,2025-10
2025-10-20 12:25:00+00:00,2025-10-20 12:50:00+00:00,LONG,111107.53,110885.31,SL,-0.0327,3.238,2025-10
2025-10-20 13:10:00+00:00,2025-10-20 13:35:00+00:00,SHORT,110568.74,110789.88,SL,-0.0324,3.2056,2025-10
2025-10-20 13:45:00+00:00,2025-10-20 14:15:00+00:00,LONG,111097.66,110875.47,SL,-0.0321,3.1735,2025-10
2025-10-20 16:00:00+00:00,2025-10-20 16:05:00+00:00,SHORT,110808.75,111030.37,SL,-0.0317,3.1418,2025-10
2025-10-20 18:35:00+00:00,2025-10-20 21:45:00+00:00,LONG,110789.33,110567.75,SL,-0.0314,3.1104,2025-10
2025-10-21 07:45:00+00:00,2025-10-21 08:00:00+00:00,LONG,108208.41,107991.99,SL,-0.0311,3.0793,2025-10
2025-10-21 08:30:00+00:00,2025-10-21 10:35:00+00:00,SHORT,107698.07,107913.47,SL,-0.0308,3.0485,2025-10
2025-10-21 10:35:00+00:00,2025-10-21 10:45:00+00:00,LONG,108048.02,108588.26,TP,0.0762,3.1247,2025-10
2025-10-21 13:05:00+00:00,2025-10-21 13:10:00+00:00,SHORT,108272.68,108489.23,SL,-0.0312,3.0935,2025-10
2025-10-21 14:10:00+00:00,2025-10-21 14:45:00+00:00,LONG,109788.8,110337.74,TP,0.0773,3.1708,2025-10
2025-10-21 16:55:00+00:00,2025-10-21 17:05:00+00:00,SHORT,112520.85,112745.9,SL,-0.0317,3.1391,2025-10
2025-10-22 04:05:00+00:00,2025-10-22 05:15:00+00:00,LONG,108505.82,108288.81,SL,-0.0314,3.1077,2025-10
2025-10-22 05:20:00+00:00,2025-10-22 07:55:00+00:00,SHORT,108052.93,108269.04,SL,-0.0311,3.0766,2025-10
2025-10-22 09:15:00+00:00,2025-10-22 09:25:00+00:00,SHORT,107841.0,108056.68,SL,-0.0308,3.0459,2025-10
2025-10-22 11:15:00+00:00,2025-10-22 11:25:00+00:00,LONG,108123.55,107907.31,SL,-0.0305,3.0154,2025-10
2025-10-22 17:50:00+00:00,2025-10-22 18:00:00+00:00,SHORT,107624.81,107840.06,SL,-0.0302,2.9852,2025-10
2025-10-22 23:25:00+00:00,2025-10-22 23:50:00+00:00,LONG,107839.21,107623.53,SL,-0.0299,2.9554,2025-10
2025-10-23 03:45:00+00:00,2025-10-23 04:20:00+00:00,SHORT,108328.6,108545.26,SL,-0.0296,2.9258,2025-10
2025-10-23 04:35:00+00:00,2025-10-23 06:15:00+00:00,LONG,108735.45,109279.12,TP,0.0731,2.999,2025-10
2025-10-23 07:35:00+00:00,2025-10-23 08:00:00+00:00,SHORT,109243.43,109461.91,SL,-0.03,2.969,2025-10
2025-10-23 10:15:00+00:00,2025-10-23 10:40:00+00:00,LONG,109720.93,109501.49,SL,-0.0297,2.9393,2025-10
2025-10-23 11:30:00+00:00,2025-10-23 13:35:00+00:00,SHORT,109197.38,109415.78,SL,-0.0294,2.9099,2025-10
2025-10-23 13:35:00+00:00,2025-10-23 13:40:00+00:00,LONG,109623.83,109404.58,SL,-0.0291,2.8808,2025-10
2025-10-23 18:45:00+00:00,2025-10-23 18:50:00+00:00,SHORT,110296.41,110517.01,SL,-0.0288,2.852,2025-10
2025-10-23 22:05:00+00:00,2025-10-24 00:50:00+00:00,LONG,109955.62,110505.4,TP,0.0713,2.9233,2025-10
2025-10-24 07:10:00+00:00,2025-10-24 09:10:00+00:00,SHORT,111096.23,111318.43,SL,-0.0292,2.8941,2025-10
2025-10-24 09:10:00+00:00,2025-10-24 10:20:00+00:00,LONG,111381.2,111158.44,SL,-0.0289,2.8651,2025-10
2025-10-24 11:30:00+00:00,2025-10-24 11:50:00+00:00,SHORT,110808.15,111029.77,SL,-0.0287,2.8365,2025-10
2025-10-24 12:30:00+00:00,2025-10-24 12:45:00+00:00,LONG,111601.13,111377.93,SL,-0.0284,2.8081,2025-10
2025-10-24 13:35:00+00:00,2025-10-24 13:55:00+00:00,SHORT,110699.93,110921.33,SL,-0.0281,2.78,2025-10
2025-10-24 18:40:00+00:00,2025-10-25 04:10:00+00:00,LONG,110631.05,111184.21,TP,0.0695,2.8495,2025-10
2025-10-25 10:05:00+00:00,2025-10-25 10:35:00+00:00,SHORT,111400.16,111622.96,SL,-0.0285,2.821,2025-10
2025-10-25 12:45:00+00:00,2025-10-25 13:40:00+00:00,LONG,111871.7,111647.96,SL,-0.0282,2.7928,2025-10
2025-10-25 13:40:00+00:00,2025-10-26 00:30:00+00:00,SHORT,111523.61,111746.66,SL,-0.0279,2.7649,2025-10
2025-10-26 02:00:00+00:00,2025-10-26 07:05:00+00:00,SHORT,111450.79,111673.69,SL,-0.0276,2.7373,2025-10
2025-10-26 09:10:00+00:00,2025-10-26 09:20:00+00:00,SHORT,111663.95,111887.27,SL,-0.0274,2.7099,2025-10
2025-10-26 09:20:00+00:00,2025-10-26 11:40:00+00:00,LONG,112397.32,112959.31,TP,0.0677,2.7776,2025-10
2025-10-26 16:15:00+00:00,2025-10-26 16:40:00+00:00,SHORT,113324.65,113551.3,SL,-0.0278,2.7498,2025-10
2025-10-26 16:45:00+00:00,2025-10-26 16:55:00+00:00,LONG,113776.11,113548.56,SL,-0.0275,2.7223,2025-10
2025-10-26 20:20:00+00:00,2025-10-26 22:00:00+00:00,SHORT,113368.82,113595.56,SL,-0.0272,2.6951,2025-10
2025-10-27 02:25:00+00:00,2025-10-27 04:10:00+00:00,SHORT,114920.15,115149.99,SL,-0.027,2.6682,2025-10
2025-10-27 05:00:00+00:00,2025-10-27 06:55:00+00:00,LONG,115431.12,116008.28,TP,0.0667,2.7349,2025-10
2025-10-27 08:10:00+00:00,2025-10-27 13:35:00+00:00,SHORT,115402.84,114825.83,TP,0.0684,2.8033,2025-10
2025-10-27 13:50:00+00:00,2025-10-27 14:00:00+00:00,LONG,115395.03,115164.24,SL,-0.028,2.7752,2025-10
2025-10-27 14:15:00+00:00,2025-10-27 14:20:00+00:00,SHORT,114545.56,114774.65,SL,-0.0278,2.7475,2025-10
2025-10-27 16:30:00+00:00,2025-10-27 19:00:00+00:00,LONG,115517.37,115286.33,SL,-0.0275,2.72,2025-10
2025-10-28 01:40:00+00:00,2025-10-28 02:10:00+00:00,LONG,114512.95,114283.92,SL,-0.0272,2.6928,2025-10
2025-10-28 02:20:00+00:00,2025-10-28 06:50:00+00:00,SHORT,113934.42,114162.29,SL,-0.0269,2.6659,2025-10
2025-10-28 11:45:00+00:00,2025-10-28 13:00:00+00:00,SHORT,114369.18,114597.92,SL,-0.0267,2.6392,2025-10
2025-10-28 14:40:00+00:00,2025-10-28 14:50:00+00:00,SHORT,114727.52,114956.98,SL,-0.0264,2.6128,2025-10
2025-10-28 16:45:00+00:00,2025-10-28 18:20:00+00:00,LONG,115344.12,115113.43,SL,-0.0261,2.5867,2025-10
2025-10-28 18:25:00+00:00,2025-10-28 19:15:00+00:00,SHORT,114855.07,114280.79,TP,0.0647,2.6514,2025-10
2025-10-29 01:35:00+00:00,2025-10-29 01:45:00+00:00,LONG,112674.04,112448.69,SL,-0.0265,2.6248,2025-10
2025-10-29 08:35:00+00:00,2025-10-29 11:30:00+00:00,SHORT,113012.29,113238.31,SL,-0.0262,2.5986,2025-10
2025-10-29 11:30:00+00:00,2025-10-29 11:40:00+00:00,LONG,113283.75,113057.18,SL,-0.026,2.5726,2025-10
2025-10-29 13:35:00+00:00,2025-10-29 14:25:00+00:00,SHORT,112951.97,112387.21,TP,0.0643,2.6369,2025-10
2025-10-29 17:35:00+00:00,2025-10-29 18:05:00+00:00,LONG,111805.94,111582.33,SL,-0.0264,2.6106,2025-10
2025-10-29 18:10:00+00:00,2025-10-29 18:15:00+00:00,SHORT,111169.51,111391.85,SL,-0.0261,2.5844,2025-10
2025-10-29 20:50:00+00:00,2025-10-29 22:25:00+00:00,LONG,111563.44,111340.31,SL,-0.0258,2.5586,2025-10
2025-10-29 22:25:00+00:00,2025-10-29 23:10:00+00:00,SHORT,111175.69,110619.81,TP,0.064,2.6226,2025-10
2025-10-30 00:45:00+00:00,2025-10-30 01:00:00+00:00,LONG,110573.56,110352.41,SL,-0.0262,2.5963,2025-10
2025-10-30 03:50:00+00:00,2025-10-30 04:15:00+00:00,SHORT,110546.44,109993.71,TP,0.0649,2.6612,2025-10
2025-10-30 05:40:00+00:00,2025-10-30 06:40:00+00:00,LONG,109961.2,110511.0,TP,0.0665,2.7278,2025-10
2025-10-30 08:10:00+00:00,2025-10-30 09:15:00+00:00,SHORT,110806.71,110252.68,TP,0.0682,2.796,2025-10
2025-10-30 21:05:00+00:00,2025-10-30 21:35:00+00:00,LONG,107702.89,107487.49,SL,-0.028,2.768,2025-10
2025-10-31 02:10:00+00:00,2025-10-31 02:15:00+00:00,SHORT,109013.17,109231.19,SL,-0.0277,2.7403,2025-10
2025-10-31 04:05:00+00:00,2025-10-31 04:15:00+00:00,LONG,109518.4,109299.36,SL,-0.0274,2.7129,2025-10
2025-10-31 07:05:00+00:00,2025-10-31 07:10:00+00:00,SHORT,109436.2,109655.07,SL,-0.0271,2.6858,2025-10
2025-10-31 08:25:00+00:00,2025-10-31 11:10:00+00:00,LONG,109874.76,109655.01,SL,-0.0269,2.6589,2025-10
2025-10-31 11:45:00+00:00,2025-10-31 12:35:00+00:00,LONG,110122.24,109902.0,SL,-0.0266,2.6324,2025-10
2025-10-31 16:40:00+00:00,2025-10-31 16:55:00+00:00,SHORT,109672.19,109123.83,TP,0.0658,2.6982,2025-10
2025-10-31 18:40:00+00:00,2025-10-31 18:45:00+00:00,LONG,109794.39,109574.8,SL,-0.027,2.6712,2025-10
2025-10-31 21:10:00+00:00,2025-10-31 21:15:00+00:00,SHORT,109295.22,109513.81,SL,-0.0267,2.6445,2025-10
2025-11-01 00:45:00+00:00,2025-11-01 02:05:00+00:00,LONG,109778.76,109559.21,SL,-0.0264,2.618,2025-11
2025-11-01 02:05:00+00:00,2025-11-01 02:15:00+00:00,SHORT,109490.35,109709.33,SL,-0.0262,2.5918,2025-11
2025-11-01 02:50:00+00:00,2025-11-01 16:50:00+00:00,LONG,109911.53,110461.08,TP,0.0648,2.6566,2025-11
2025-11-01 21:10:00+00:00,2025-11-02 04:40:00+00:00,SHORT,110170.33,110390.67,SL,-0.0266,2.6301,2025-11
2025-11-02 09:35:00+00:00,2025-11-02 11:45:00+00:00,SHORT,110709.26,110930.68,SL,-0.0263,2.6038,2025-11
2025-11-02 12:45:00+00:00,2025-11-02 15:55:00+00:00,SHORT,110726.0,110172.37,TP,0.0651,2.6689,2025-11
2025-11-02 17:20:00+00:00,2025-11-02 17:30:00+00:00,LONG,110305.77,110085.16,SL,-0.0267,2.6422,2025-11
2025-11-02 19:25:00+00:00,2025-11-02 19:55:00+00:00,SHORT,109916.97,110136.8,SL,-0.0264,2.6158,2025-11
2025-11-02 23:00:00+00:00,2025-11-03 00:05:00+00:00,LONG,110198.28,110749.27,TP,0.0654,2.6812,2025-11
2025-11-03 00:45:00+00:00,2025-11-03 01:00:00+00:00,SHORT,110139.39,109588.69,TP,0.067,2.7482,2025-11
2025-11-03 09:00:00+00:00,2025-11-03 09:20:00+00:00,LONG,107779.6,107564.05,SL,-0.0275,2.7207,2025-11
2025-11-03 09:50:00+00:00,2025-11-03 10:00:00+00:00,SHORT,107091.31,107305.49,SL,-0.0272,2.6935,2025-11
2025-11-03 11:15:00+00:00,2025-11-03 11:20:00+00:00,LONG,107746.92,107531.43,SL,-0.0269,2.6666,2025-11
2025-11-03 14:25:00+00:00,2025-11-03 14:35:00+00:00,SHORT,107503.19,107718.2,SL,-0.0267,2.6399,2025-11
2025-11-03 17:15:00+00:00,2025-11-03 19:00:00+00:00,LONG,107066.1,106851.97,SL,-0.0264,2.6135,2025-11
2025-11-03 19:05:00+00:00,2025-11-03 19:15:00+00:00,SHORT,106614.02,106827.25,SL,-0.0261,2.5874,2025-11
2025-11-04 00:35:00+00:00,2025-11-04 00:50:00+00:00,LONG,106730.28,106516.81,SL,-0.0259,2.5615,2025-11
2025-11-04 02:55:00+00:00,2025-11-04 03:10:00+00:00,SHORT,106440.01,106652.89,SL,-0.0256,2.5359,2025-11
2025-11-04 03:30:00+00:00,2025-11-04 04:35:00+00:00,LONG,107131.43,106917.16,SL,-0.0254,2.5105,2025-11
2025-11-04 05:00:00+00:00,2025-11-04 05:20:00+00:00,SHORT,106468.58,105936.23,TP,0.0628,2.5733,2025-11
2025-11-04 11:20:00+00:00,2025-11-04 12:15:00+00:00,LONG,104424.6,104215.75,SL,-0.0257,2.5475,2025-11
2025-11-04 12:20:00+00:00,2025-11-04 13:40:00+00:00,SHORT,103916.63,104124.46,SL,-0.0255,2.5221,2025-11
2025-11-04 14:50:00+00:00,2025-11-04 15:05:00+00:00,LONG,104609.74,104400.52,SL,-0.0252,2.4968,2025-11
2025-11-04 15:55:00+00:00,2025-11-04 16:20:00+00:00,SHORT,103155.73,102639.95,TP,0.0624,2.5593,2025-11
2025-11-04 22:00:00+00:00,2025-11-04 22:15:00+00:00,LONG,100666.49,101169.82,TP,0.064,2.6232,2025-11
2025-11-05 00:35:00+00:00,2025-11-05 01:05:00+00:00,SHORT,100706.59,100203.06,TP,0.0656,2.6888,2025-11
2025-11-05 01:50:00+00:00,2025-11-05 02:00:00+00:00,LONG,100690.69,101194.14,TP,0.0672,2.756,2025-11
2025-11-05 08:15:00+00:00,2025-11-05 08:50:00+00:00,SHORT,101479.64,101682.6,SL,-0.0276,2.7285,2025-11
2025-11-05 09:05:00+00:00,2025-11-05 09:10:00+00:00,LONG,102199.12,101994.73,SL,-0.0273,2.7012,2025-11
2025-11-05 10:50:00+00:00,2025-11-05 11:00:00+00:00,SHORT,101268.53,101471.06,SL,-0.027,2.6742,2025-11
2025-11-05 11:50:00+00:00,2025-11-05 12:40:00+00:00,LONG,102040.8,102551.0,TP,0.0669,2.741,2025-11
2025-11-05 14:30:00+00:00,2025-11-05 14:35:00+00:00,SHORT,102227.91,102432.37,SL,-0.0274,2.7136,2025-11
2025-11-05 15:05:00+00:00,2025-11-05 15:10:00+00:00,LONG,103432.46,103225.59,SL,-0.0271,2.6865,2025-11
2025-11-05 20:45:00+00:00,2025-11-05 23:40:00+00:00,SHORT,103801.45,104009.06,SL,-0.0269,2.6596,2025-11
2025-11-06 00:00:00+00:00,2025-11-06 01:15:00+00:00,SHORT,103568.92,103051.07,TP,0.0665,2.7261,2025-11
2025-11-06 02:45:00+00:00,2025-11-06 02:55:00+00:00,LONG,103566.41,103359.28,SL,-0.0273,2.6989,2025-11
2025-11-06 05:10:00+00:00,2025-11-06 07:15:00+00:00,SHORT,103473.17,102955.81,TP,0.0675,2.7663,2025-11
2025-11-06 10:30:00+00:00,2025-11-06 10:45:00+00:00,LONG,103306.38,103099.76,SL,-0.0277,2.7387,2025-11
2025-11-06 12:25:00+00:00,2025-11-06 13:15:00+00:00,SHORT,102761.58,102967.1,SL,-0.0274,2.7113,2025-11
2025-11-06 13:15:00+00:00,2025-11-06 14:05:00+00:00,LONG,103196.77,102990.38,SL,-0.0271,2.6842,2025-11
2025-11-06 14:05:00+00:00,2025-11-06 14:10:00+00:00,SHORT,102733.09,102938.56,SL,-0.0268,2.6573,2025-11
2025-11-06 18:45:00+00:00,2025-11-06 18:50:00+00:00,LONG,102329.75,102125.09,SL,-0.0266,2.6308,2025-11
2025-11-06 20:25:00+00:00,2025-11-06 22:00:00+00:00,SHORT,101041.81,101243.89,SL,-0.0263,2.6044,2025-11
2025-11-06 22:00:00+00:00,2025-11-06 22:10:00+00:00,LONG,101354.71,101152.0,SL,-0.026,2.5784,2025-11
2025-11-07 00:15:00+00:00,2025-11-07 00:30:00+00:00,SHORT,101001.88,101203.89,SL,-0.0258,2.5526,2025-11
2025-11-07 01:15:00+00:00,2025-11-07 01:30:00+00:00,LONG,101621.21,101417.97,SL,-0.0255,2.5271,2025-11
2025-11-07 04:05:00+00:00,2025-11-07 04:15:00+00:00,SHORT,101571.73,101774.87,SL,-0.0253,2.5018,2025-11
2025-11-07 05:00:00+00:00,2025-11-07 06:45:00+00:00,LONG,102240.86,102036.38,SL,-0.025,2.4768,2025-11
2025-11-07 06:45:00+00:00,2025-11-07 09:00:00+00:00,SHORT,101989.81,101479.86,TP,0.0619,2.5387,2025-11
2025-11-07 13:15:00+00:00,2025-11-07 14:35:00+00:00,LONG,100270.85,100070.31,SL,-0.0254,2.5133,2025-11
2025-11-07 14:35:00+00:00,2025-11-07 14:40:00+00:00,SHORT,99550.17,99749.27,SL,-0.0251,2.4882,2025-11
2025-11-07 14:40:00+00:00,2025-11-07 14:45:00+00:00,LONG,100833.65,100631.98,SL,-0.0249,2.4633,2025-11
2025-11-07 23:55:00+00:00,2025-11-08 00:35:00+00:00,SHORT,103297.74,102781.26,TP,0.0616,2.5249,2025-11
2025-11-08 08:35:00+00:00,2025-11-08 09:00:00+00:00,LONG,102630.96,102425.69,SL,-0.0252,2.4997,2025-11
2025-11-08 11:30:00+00:00,2025-11-08 12:10:00+00:00,SHORT,102307.23,101795.69,TP,0.0625,2.5621,2025-11
2025-11-08 18:35:00+00:00,2025-11-08 19:15:00+00:00,LONG,102168.88,101964.54,SL,-0.0256,2.5365,2025-11
2025-11-08 19:15:00+00:00,2025-11-08 19:35:00+00:00,SHORT,101739.05,101942.53,SL,-0.0254,2.5112,2025-11
2025-11-08 21:30:00+00:00,2025-11-09 00:15:00+00:00,LONG,102196.64,101992.25,SL,-0.0251,2.4861,2025-11
2025-11-09 04:15:00+00:00,2025-11-09 04:45:00+00:00,LONG,102083.14,101878.97,SL,-0.0249,2.4612,2025-11
2025-11-09 09:45:00+00:00,2025-11-09 11:00:00+00:00,SHORT,101759.2,101962.72,SL,-0.0246,2.4366,2025-11
2025-11-09 11:00:00+00:00,2025-11-09 13:30:00+00:00,LONG,102109.11,102619.65,TP,0.0609,2.4975,2025-11
2025-11-09 21:10:00+00:00,2025-11-09 21:20:00+00:00,SHORT,104340.97,104549.65,SL,-0.025,2.4725,2025-11
2025-11-09 23:00:00+00:00,2025-11-09 23:10:00+00:00,LONG,105205.04,104994.63,SL,-0.0247,2.4478,2025-11
2025-11-10 08:30:00+00:00,2025-11-10 09:20:00+00:00,SHORT,106007.58,106219.6,SL,-0.0245,2.4233,2025-11
2025-11-10 09:25:00+00:00,2025-11-10 10:25:00+00:00,LONG,106464.57,106251.64,SL,-0.0242,2.3991,2025-11
2025-11-10 10:35:00+00:00,2025-11-10 11:40:00+00:00,SHORT,106007.58,106219.6,SL,-0.024,2.3751,2025-11
2025-11-10 13:05:00+00:00,2025-11-10 13:10:00+00:00,LONG,106584.27,106371.1,SL,-0.0238,2.3513,2025-11
2025-11-10 14:30:00+00:00,2025-11-10 14:45:00+00:00,SHORT,105882.5,105353.09,TP,0.0588,2.4101,2025-11
2025-11-10 17:45:00+00:00,2025-11-10 18:55:00+00:00,LONG,105926.34,105714.49,SL,-0.0241,2.386,2025-11
2025-11-10 21:00:00+00:00,2025-11-10 22:50:00+00:00,SHORT,105690.77,105902.15,SL,-0.0239,2.3622,2025-11
2025-11-10 22:50:00+00:00,2025-11-11 00:25:00+00:00,LONG,105992.39,105780.41,SL,-0.0236,2.3385,2025-11
2025-11-11 00:25:00+00:00,2025-11-11 00:55:00+00:00,SHORT,105679.44,105890.8,SL,-0.0234,2.3152,2025-11
2025-11-11 01:10:00+00:00,2025-11-11 01:15:00+00:00,LONG,106292.48,106823.94,TP,0.0579,2.373,2025-11
2025-11-11 02:00:00+00:00,2025-11-11 02:10:00+00:00,SHORT,105882.77,106094.54,SL,-0.0237,2.3493,2025-11
2025-11-11 02:35:00+00:00,2025-11-11 02:45:00+00:00,LONG,106915.52,106701.69,SL,-0.0235,2.3258,2025-11
2025-11-11 04:10:00+00:00,2025-11-11 05:00:00+00:00,SHORT,106126.14,105595.51,TP,0.0581,2.384,2025-11
2025-11-11 09:05:00+00:00,2025-11-11 09:10:00+00:00,LONG,105442.56,105231.68,SL,-0.0238,2.3601,2025-11
2025-11-11 09:55:00+00:00,2025-11-11 10:05:00+00:00,SHORT,104929.64,105139.5,SL,-0.0236,2.3365,2025-11
2025-11-11 11:40:00+00:00,2025-11-11 11:45:00+00:00,LONG,105524.31,105313.26,SL,-0.0234,2.3131,2025-11
2025-11-11 12:15:00+00:00,2025-11-11 12:45:00+00:00,SHORT,105014.88,104489.8,TP,0.0578,2.371,2025-11
2025-11-11 14:55:00+00:00,2025-11-11 15:00:00+00:00,LONG,104601.98,104392.78,SL,-0.0237,2.3473,2025-11
2025-11-11 15:45:00+00:00,2025-11-11 16:15:00+00:00,SHORT,103329.02,103535.68,SL,-0.0235,2.3238,2025-11
2025-11-11 22:20:00+00:00,2025-11-12 01:00:00+00:00,LONG,103028.17,102822.12,SL,-0.0232,2.3006,2025-11
2025-11-12 04:40:00+00:00,2025-11-12 04:55:00+00:00,SHORT,103030.6,103236.66,SL,-0.023,2.2776,2025-11
2025-11-12 06:00:00+00:00,2025-11-12 07:50:00+00:00,LONG,103500.45,103293.45,SL,-0.0228,2.2548,2025-11
2025-11-12 07:55:00+00:00,2025-11-12 08:05:00+00:00,SHORT,103071.41,103277.56,SL,-0.0225,2.2322,2025-11
2025-11-12 08:20:00+00:00,2025-11-12 09:05:00+00:00,LONG,103742.93,104261.65,TP,0.0558,2.288,2025-11
2025-11-12 13:15:00+00:00,2025-11-12 13:25:00+00:00,SHORT,104648.72,104858.02,SL,-0.0229,2.2652,2025-11
2025-11-12 20:30:00+00:00,2025-11-12 20:55:00+00:00,LONG,101774.52,101570.97,SL,-0.0227,2.2425,2025-11
2025-11-12 22:10:00+00:00,2025-11-12 22:20:00+00:00,SHORT,101428.51,101631.37,SL,-0.0224,2.2201,2025-11
2025-11-13 01:05:00+00:00,2025-11-13 03:05:00+00:00,LONG,102084.81,101880.64,SL,-0.0222,2.1979,2025-11
2025-11-13 03:10:00+00:00,2025-11-13 03:15:00+00:00,SHORT,101306.27,101508.88,SL,-0.022,2.1759,2025-11
2025-11-13 03:35:00+00:00,2025-11-13 03:55:00+00:00,LONG,102449.32,102244.42,SL,-0.0218,2.1541,2025-11
2025-11-13 08:00:00+00:00,2025-11-13 08:25:00+00:00,SHORT,103399.25,103606.05,SL,-0.0215,2.1326,2025-11
2025-11-13 22:10:00+00:00,2025-11-13 22:50:00+00:00,LONG,99341.33,99838.04,TP,0.0533,2.1859,2025-11
2025-11-13 23:50:00+00:00,2025-11-14 00:05:00+00:00,SHORT,99755.37,99256.6,TP,0.0546,2.2406,2025-11
2025-11-14 06:55:00+00:00,2025-11-14 07:00:00+00:00,LONG,97608.16,97412.94,SL,-0.0224,2.2182,2025-11
2025-11-14 11:15:00+00:00,2025-11-14 11:20:00+00:00,SHORT,96427.25,96620.11,SL,-0.0222,2.196,2025-11
2025-11-14 14:05:00+00:00,2025-11-14 14:10:00+00:00,LONG,95774.23,95582.69,SL,-0.022,2.174,2025-11
2025-11-14 17:45:00+00:00,2025-11-14 18:10:00+00:00,SHORT,95910.9,96102.72,SL,-0.0217,2.1523,2025-11
2025-11-14 22:00:00+00:00,2025-11-14 22:10:00+00:00,LONG,95346.3,95155.61,SL,-0.0215,2.1308,2025-11
2025-11-14 23:00:00+00:00,2025-11-14 23:10:00+00:00,SHORT,94439.42,94628.3,SL,-0.0213,2.1094,2025-11
2025-11-15 01:40:00+00:00,2025-11-15 02:40:00+00:00,LONG,95468.36,95945.7,TP,0.0527,2.1622,2025-11
2025-11-15 04:30:00+00:00,2025-11-15 05:45:00+00:00,SHORT,96010.8,96202.82,SL,-0.0216,2.1406,2025-11
2025-11-15 06:15:00+00:00,2025-11-15 06:40:00+00:00,LONG,96498.81,96305.82,SL,-0.0214,2.1192,2025-11
2025-11-15 06:40:00+00:00,2025-11-15 06:50:00+00:00,SHORT,96071.15,96263.29,SL,-0.0212,2.098,2025-11
2025-11-15 13:15:00+00:00,2025-11-15 16:15:00+00:00,LONG,96034.21,95842.14,SL,-0.021,2.077,2025-11
2025-11-15 23:30:00+00:00,2025-11-16 00:05:00+00:00,LONG,95718.26,95526.83,SL,-0.0208,2.0562,2025-11
2025-11-16 00:10:00+00:00,2025-11-16 00:50:00+00:00,SHORT,95339.67,95530.35,SL,-0.0206,2.0356,2025-11
2025-11-16 00:50:00+00:00,2025-11-16 00:55:00+00:00,LONG,95583.28,95392.11,SL,-0.0204,2.0153,2025-11
2025-11-16 01:00:00+00:00,2025-11-16 01:05:00+00:00,SHORT,95163.31,95353.64,SL,-0.0202,1.9951,2025-11
2025-11-16 02:25:00+00:00,2025-11-16 09:40:00+00:00,LONG,95698.71,96177.21,TP,0.0499,2.045,2025-11
2025-11-16 11:10:00+00:00,2025-11-16 13:25:00+00:00,SHORT,95893.02,95413.55,TP,0.0511,2.0961,2025-11
2025-11-16 18:05:00+00:00,2025-11-16 18:35:00+00:00,LONG,94852.54,94662.83,SL,-0.021,2.0752,2025-11
2025-11-16 18:45:00+00:00,2025-11-16 18:50:00+00:00,SHORT,93870.24,94057.98,SL,-0.0208,2.0544,2025-11
2025-11-16 22:35:00+00:00,2025-11-16 22:40:00+00:00,LONG,93868.89,93681.15,SL,-0.0205,2.0339,2025-11
2025-11-16 23:00:00+00:00,2025-11-16 23:05:00+00:00,SHORT,93029.37,93215.43,SL,-0.0203,2.0135,2025-11
2025-11-16 23:50:00+00:00,2025-11-16 23:55:00+00:00,LONG,94552.56,94363.45,SL,-0.0201,1.9934,2025-11
2025-11-17 04:15:00+00:00,2025-11-17 04:20:00+00:00,SHORT,94910.77,95100.59,SL,-0.0199,1.9735,2025-11
2025-11-17 07:05:00+00:00,2025-11-17 08:20:00+00:00,LONG,95471.54,95948.9,TP,0.0493,2.0228,2025-11
2025-11-17 09:00:00+00:00,2025-11-17 09:15:00+00:00,SHORT,95371.0,95561.74,SL,-0.0202,2.0026,2025-11
2025-11-17 11:30:00+00:00,2025-11-17 11:40:00+00:00,LONG,95921.13,95729.29,SL,-0.02,1.9826,2025-11
2025-11-17 11:45:00+00:00,2025-11-17 13:25:00+00:00,SHORT,95381.83,94904.92,TP,0.0496,2.0321,2025-11
2025-11-17 14:30:00+00:00,2025-11-17 14:35:00+00:00,LONG,94911.4,95385.96,TP,0.0508,2.0829,2025-11
2025-11-17 16:00:00+00:00,2025-11-17 16:15:00+00:00,SHORT,93634.17,93166.0,TP,0.0521,2.135,2025-11
2025-11-17 16:50:00+00:00,2025-11-17 17:00:00+00:00,LONG,94370.49,94181.75,SL,-0.0214,2.1137,2025-11
2025-11-17 17:40:00+00:00,2025-11-17 19:10:00+00:00,SHORT,92815.25,92351.17,TP,0.0528,2.1665,2025-11
2025-11-18 07:30:00+00:00,2025-11-18 08:10:00+00:00,LONG,90306.11,90757.64,TP,0.0542,2.2207,2025-11
2025-11-18 12:10:00+00:00,2025-11-18 12:15:00+00:00,SHORT,91080.86,91263.02,SL,-0.0222,2.1984,2025-11
2025-11-18 12:40:00+00:00,2025-11-18 12:50:00+00:00,LONG,91844.67,91660.98,SL,-0.022,2.1765,2025-11
2025-11-18 20:30:00+00:00,2025-11-18 22:10:00+00:00,SHORT,92821.94,93007.58,SL,-0.0218,2.1547,2025-11
2025-11-18 22:10:00+00:00,2025-11-18 23:05:00+00:00,LONG,93112.04,92925.82,SL,-0.0215,2.1332,2025-11
2025-11-18 23:20:00+00:00,2025-11-18 23:35:00+00:00,SHORT,92734.89,92920.36,SL,-0.0213,2.1118,2025-11
2025-11-19 02:35:00+00:00,2025-11-19 02:40:00+00:00,LONG,92880.91,92695.15,SL,-0.0211,2.0907,2025-11
2025-11-19 03:30:00+00:00,2025-11-19 04:30:00+00:00,SHORT,92064.17,91603.85,TP,0.0523,2.143,2025-11
2025-11-19 06:30:00+00:00,2025-11-19 07:30:00+00:00,LONG,91046.15,91501.38,TP,0.0536,2.1965,2025-11
2025-11-19 09:00:00+00:00,2025-11-19 09:10:00+00:00,SHORT,91154.33,91336.64,SL,-0.022,2.1746,2025-11
2025-11-19 12:55:00+00:00,2025-11-19 13:10:00+00:00,LONG,91816.71,91633.08,SL,-0.0217,2.1528,2025-11
2025-11-19 14:00:00+00:00,2025-11-19 14:10:00+00:00,SHORT,91223.75,91406.19,SL,-0.0215,2.1313,2025-11
2025-11-19 14:40:00+00:00,2025-11-19 14:50:00+00:00,LONG,91820.75,91637.11,SL,-0.0213,2.11,2025-11
2025-11-19 15:30:00+00:00,2025-11-19 15:50:00+00:00,SHORT,90687.19,90233.75,TP,0.0527,2.1627,2025-11
2025-11-19 20:25:00+00:00,2025-11-19 20:40:00+00:00,LONG,89431.99,89253.12,SL,-0.0216,2.1411,2025-11
2025-11-20 04:15:00+00:00,2025-11-20 04:25:00+00:00,SHORT,92102.43,92286.64,SL,-0.0214,2.1197,2025-11
2025-11-20 04:55:00+00:00,2025-11-20 05:20:00+00:00,LONG,93000.02,92814.02,SL,-0.0212,2.0985,2025-11
2025-11-20 06:20:00+00:00,2025-11-20 06:40:00+00:00,SHORT,92362.81,91901.0,TP,0.0525,2.151,2025-11
2025-11-20 11:50:00+00:00,2025-11-20 12:10:00+00:00,LONG,92038.68,91854.6,SL,-0.0215,2.1295,2025-11
2025-11-20 13:55:00+00:00,2025-11-20 14:05:00+00:00,SHORT,91492.75,91035.28,TP,0.0532,2.1827,2025-11
2025-11-20 21:15:00+00:00,2025-11-20 22:10:00+00:00,LONG,87231.57,87667.73,TP,0.0546,2.2373,2025-11
2025-11-20 23:25:00+00:00,2025-11-20 23:50:00+00:00,SHORT,87230.6,86794.45,TP,0.0559,2.2932,2025-11
2025-11-21 05:20:00+00:00,2025-11-21 05:35:00+00:00,LONG,86346.52,86173.83,SL,-0.0229,2.2703,2025-11
2025-11-21 06:25:00+00:00,2025-11-21 07:30:00+00:00,SHORT,85599.15,85171.15,TP,0.0568,2.327,2025-11
2025-11-21 11:05:00+00:00,2025-11-21 11:10:00+00:00,LONG,83268.56,83102.03,SL,-0.0233,2.3037,2025-11
2025-11-21 12:15:00+00:00,2025-11-21 12:20:00+00:00,SHORT,81947.47,81537.73,TP,0.0576,2.3613,2025-11
2025-11-21 12:35:00+00:00,2025-11-21 12:50:00+00:00,LONG,83006.36,83421.39,TP,0.059,2.4204,2025-11
2025-11-21 15:30:00+00:00,2025-11-21 16:00:00+00:00,SHORT,83342.75,82926.04,TP,0.0605,2.4809,2025-11
2025-11-21 16:50:00+00:00,2025-11-21 16:55:00+00:00,LONG,84429.91,84852.06,TP,0.062,2.5429,2025-11
2025-11-21 18:10:00+00:00,2025-11-21 18:25:00+00:00,SHORT,83640.56,83807.84,SL,-0.0254,2.5175,2025-11
2025-11-21 19:20:00+00:00,2025-11-21 19:30:00+00:00,LONG,84936.27,84766.4,SL,-0.0252,2.4923,2025-11
2025-11-21 20:05:00+00:00,2025-11-21 20:10:00+00:00,SHORT,83892.93,84060.72,SL,-0.0249,2.4674,2025-11
2025-11-21 20:45:00+00:00,2025-11-21 21:35:00+00:00,LONG,84595.23,85018.21,TP,0.0617,2.5291,2025-11
2025-11-21 22:30:00+00:00,2025-11-21 22:40:00+00:00,SHORT,84412.16,84580.99,SL,-0.0253,2.5038,2025-11
2025-11-21 23:40:00+00:00,2025-11-21 23:50:00+00:00,LONG,85287.03,85116.46,SL,-0.025,2.4787,2025-11
2025-11-22 00:50:00+00:00,2025-11-22 01:00:00+00:00,SHORT,84605.62,84774.84,SL,-0.0248,2.4539,2025-11
2025-11-22 06:20:00+00:00,2025-11-22 08:15:00+00:00,LONG,84493.83,84324.85,SL,-0.0245,2.4294,2025-11
2025-11-22 08:30:00+00:00,2025-11-22 09:10:00+00:00,SHORT,84034.45,84202.52,SL,-0.0243,2.4051,2025-11
2025-11-22 11:25:00+00:00,2025-11-22 12:00:00+00:00,LONG,84260.95,84092.43,SL,-0.0241,2.3811,2025-11
2025-11-22 12:10:00+00:00,2025-11-22 12:15:00+00:00,SHORT,83660.74,83828.06,SL,-0.0238,2.3573,2025-11
2025-11-22 14:00:00+00:00,2025-11-22 16:40:00+00:00,LONG,84224.97,84646.09,TP,0.0589,2.4162,2025-11
2025-11-22 20:40:00+00:00,2025-11-22 22:10:00+00:00,SHORT,84389.24,84558.02,SL,-0.0242,2.392,2025-11
2025-11-22 22:10:00+00:00,2025-11-22 22:50:00+00:00,LONG,84629.45,85052.6,TP,0.0598,2.4518,2025-11
2025-11-23 05:35:00+00:00,2025-11-23 05:45:00+00:00,SHORT,86075.55,86247.7,SL,-0.0245,2.4273,2025-11
2025-11-23 08:15:00+00:00,2025-11-23 08:40:00+00:00,LONG,86094.6,85922.41,SL,-0.0243,2.403,2025-11
2025-11-23 11:00:00+00:00,2025-11-23 11:25:00+00:00,SHORT,85871.0,86042.74,SL,-0.024,2.379,2025-11
2025-11-23 11:45:00+00:00,2025-11-23 13:45:00+00:00,LONG,86389.48,86821.43,TP,0.0595,2.4385,2025-11
2025-11-23 16:55:00+00:00,2025-11-23 17:25:00+00:00,SHORT,86650.93,86824.23,SL,-0.0244,2.4141,2025-11
2025-11-23 18:40:00+00:00,2025-11-23 18:45:00+00:00,LONG,87233.82,87059.35,SL,-0.0241,2.39,2025-11
2025-11-23 23:10:00+00:00,2025-11-23 23:35:00+00:00,SHORT,87297.07,86860.58,TP,0.0597,2.4497,2025-11
2025-11-24 00:35:00+00:00,2025-11-24 01:00:00+00:00,LONG,86905.98,86732.17,SL,-0.0245,2.4252,2025-11
2025-11-24 04:15:00+00:00,2025-11-24 05:05:00+00:00,SHORT,86745.26,86918.75,SL,-0.0243,2.401,2025-11
2025-11-24 05:05:00+00:00,2025-11-24 06:00:00+00:00,LONG,87496.55,87321.56,SL,-0.024,2.3769,2025-11
2025-11-24 06:10:00+00:00,2025-11-24 06:15:00+00:00,SHORT,86902.01,87075.81,SL,-0.0238,2.3532,2025-11
2025-11-24 11:40:00+00:00,2025-11-24 11:50:00+00:00,LONG,86434.53,86261.66,SL,-0.0235,2.3296,2025-11
2025-11-24 14:05:00+00:00,2025-11-24 14:30:00+00:00,SHORT,85978.69,86150.65,SL,-0.0233,2.3063,2025-11
2025-11-24 14:30:00+00:00,2025-11-24 14:35:00+00:00,LONG,86517.02,86343.99,SL,-0.0231,2.2833,2025-11
2025-11-24 14:40:00+00:00,2025-11-24 14:50:00+00:00,SHORT,85539.7,85710.78,SL,-0.0228,2.2604,2025-11
2025-11-24 16:00:00+00:00,2025-11-24 16:10:00+00:00,LONG,87125.35,86951.1,SL,-0.0226,2.2378,2025-11
2025-11-24 19:50:00+00:00,2025-11-24 19:55:00+00:00,SHORT,88127.32,88303.58,SL,-0.0224,2.2155,2025-11
2025-11-24 20:25:00+00:00,2025-11-24 22:50:00+00:00,LONG,88920.16,88742.32,SL,-0.0222,2.1933,2025-11
2025-11-24 23:05:00+00:00,2025-11-25 00:10:00+00:00,SHORT,88484.6,88042.18,TP,0.0548,2.2481,2025-11
2025-11-25 04:05:00+00:00,2025-11-25 06:40:00+00:00,LONG,88066.88,87890.75,SL,-0.0225,2.2257,2025-11
2025-11-25 09:55:00+00:00,2025-11-25 10:00:00+00:00,LONG,87266.65,87092.12,SL,-0.0223,2.2034,2025-11
2025-11-25 13:35:00+00:00,2025-11-25 14:40:00+00:00,SHORT,87159.61,86723.81,TP,0.0551,2.2585,2025-11
2025-11-25 17:10:00+00:00,2025-11-25 17:15:00+00:00,LONG,87501.81,87326.8,SL,-0.0226,2.2359,2025-11
2025-11-25 18:55:00+00:00,2025-11-25 19:15:00+00:00,SHORT,87204.39,86768.37,TP,0.0559,2.2918,2025-11
2025-11-25 20:10:00+00:00,2025-11-25 20:20:00+00:00,LONG,87138.58,86964.3,SL,-0.0229,2.2689,2025-11
2025-11-25 22:00:00+00:00,2025-11-25 22:05:00+00:00,SHORT,86701.29,86874.69,SL,-0.0227,2.2462,2025-11
2025-11-25 22:35:00+00:00,2025-11-25 22:40:00+00:00,LONG,87566.11,87390.98,SL,-0.0225,2.2237,2025-11
2025-11-26 03:30:00+00:00,2025-11-26 04:05:00+00:00,SHORT,87449.74,87012.49,TP,0.0556,2.2793,2025-11
2025-11-26 05:15:00+00:00,2025-11-26 09:05:00+00:00,LONG,87574.8,87399.65,SL,-0.0228,2.2565,2025-11
2025-11-26 13:35:00+00:00,2025-11-26 14:45:00+00:00,LONG,86997.79,87432.77,TP,0.0564,2.3129,2025-11
2025-11-26 15:45:00+00:00,2025-11-26 15:55:00+00:00,SHORT,86790.87,86964.45,SL,-0.0231,2.2898,2025-11
2025-11-26 16:10:00+00:00,2025-11-26 17:25:00+00:00,LONG,87599.1,88037.09,TP,0.0572,2.3471,2025-11
2025-11-27 00:10:00+00:00,2025-11-27 00:40:00+00:00,SHORT,90142.94,90323.22,SL,-0.0235,2.3236,2025-11
2025-11-27 01:00:00+00:00,2025-11-27 02:25:00+00:00,LONG,90700.66,91154.16,TP,0.0581,2.3817,2025-11
2025-11-27 05:40:00+00:00,2025-11-27 06:05:00+00:00,SHORT,90930.07,91111.93,SL,-0.0238,2.3579,2025-11
2025-11-27 07:25:00+00:00,2025-11-27 08:10:00+00:00,LONG,91479.53,91296.57,SL,-0.0236,2.3343,2025-11
2025-11-27 10:30:00+00:00,2025-11-27 10:40:00+00:00,SHORT,91352.03,91534.74,SL,-0.0233,2.3109,2025-11
2025-11-27 16:10:00+00:00,2025-11-27 18:40:00+00:00,LONG,91268.88,91725.23,TP,0.0578,2.3687,2025-11
2025-11-27 20:00:00+00:00,2025-11-28 01:10:00+00:00,SHORT,91424.96,90967.83,TP,0.0592,2.4279,2025-11
2025-11-28 03:15:00+00:00,2025-11-28 05:50:00+00:00,LONG,91175.0,91630.87,TP,0.0607,2.4886,2025-11
2025-11-28 06:15:00+00:00,2025-11-28 08:55:00+00:00,SHORT,91331.45,91514.12,SL,-0.0249,2.4637,2025-11
2025-11-28 11:10:00+00:00,2025-11-28 12:05:00+00:00,SHORT,91336.2,91518.87,SL,-0.0246,2.4391,2025-11
2025-11-28 13:35:00+00:00,2025-11-28 13:45:00+00:00,LONG,91850.48,92309.73,TP,0.061,2.5001,2025-11
2025-11-28 16:10:00+00:00,2025-11-28 16:20:00+00:00,SHORT,91846.54,91387.3,TP,0.0625,2.5626,2025-11
2025-11-28 19:20:00+00:00,2025-11-28 20:00:00+00:00,LONG,91191.88,91009.5,SL,-0.0256,2.537,2025-11
2025-11-28 21:55:00+00:00,2025-11-28 22:45:00+00:00,SHORT,90851.65,91033.36,SL,-0.0254,2.5116,2025-11
2025-11-29 04:35:00+00:00,2025-11-29 06:20:00+00:00,LONG,90808.39,90626.77,SL,-0.0251,2.4865,2025-11
2025-11-29 08:20:00+00:00,2025-11-29 08:50:00+00:00,LONG,90745.35,90563.86,SL,-0.0249,2.4616,2025-11
2025-11-29 12:25:00+00:00,2025-11-29 13:25:00+00:00,SHORT,90521.03,90702.07,SL,-0.0246,2.437,2025-11
2025-11-29 13:45:00+00:00,2025-11-29 14:55:00+00:00,LONG,90809.29,90627.67,SL,-0.0244,2.4126,2025-11
2025-11-29 17:10:00+00:00,2025-11-29 20:45:00+00:00,SHORT,90663.54,90844.87,SL,-0.0241,2.3885,2025-11
2025-11-29 22:10:00+00:00,2025-11-30 00:05:00+00:00,SHORT,90708.34,90889.76,SL,-0.0239,2.3646,2025-11
2025-11-30 01:00:00+00:00,2025-11-30 02:50:00+00:00,LONG,90987.54,90805.57,SL,-0.0236,2.341,2025-11
2025-11-30 02:50:00+00:00,2025-11-30 04:00:00+00:00,SHORT,90753.75,90935.26,SL,-0.0234,2.3176,2025-11
2025-11-30 05:20:00+00:00,2025-11-30 06:20:00+00:00,SHORT,90656.83,90838.15,SL,-0.0232,2.2944,2025-11
2025-11-30 06:25:00+00:00,2025-11-30 09:10:00+00:00,LONG,90945.31,91400.04,TP,0.0574,2.3517,2025-11
2025-11-30 11:50:00+00:00,2025-11-30 12:15:00+00:00,SHORT,91065.45,91247.58,SL,-0.0235,2.3282,2025-11
2025-11-30 12:20:00+00:00,2025-11-30 13:20:00+00:00,LONG,91366.65,91823.49,TP,0.0582,2.3864,2025-11
2025-11-30 14:35:00+00:00,2025-11-30 14:45:00+00:00,SHORT,91262.48,91445.01,SL,-0.0239,2.3626,2025-11
2025-11-30 16:20:00+00:00,2025-11-30 17:05:00+00:00,LONG,91744.6,91561.11,SL,-0.0236,2.3389,2025-11
2025-11-30 17:05:00+00:00,2025-11-30 21:20:00+00:00,SHORT,91493.39,91035.92,TP,0.0585,2.3974,2025-11
2025-12-01 06:10:00+00:00,2025-12-01 06:15:00+00:00,LONG,86314.51,86141.88,SL,-0.024,2.3734,2025-12
2025-12-01 11:15:00+00:00,2025-12-01 12:10:00+00:00,SHORT,86420.7,85988.59,TP,0.0593,2.4328,2025-12
2025-12-01 13:05:00+00:00,2025-12-01 13:20:00+00:00,LONG,86114.57,85942.34,SL,-0.0243,2.4085,2025-12
2025-12-01 15:10:00+00:00,2025-12-01 15:25:00+00:00,SHORT,85560.25,85132.45,TP,0.0602,2.4687,2025-12
2025-12-01 16:35:00+00:00,2025-12-01 16:40:00+00:00,LONG,85427.26,85256.4,SL,-0.0247,2.444,2025-12
2025-12-02 03:30:00+00:00,2025-12-02 03:35:00+00:00,SHORT,86205.51,86377.93,SL,-0.0244,2.4195,2025-12
2025-12-02 03:40:00+00:00,2025-12-02 03:45:00+00:00,LONG,87008.79,86834.77,SL,-0.0242,2.3953,2025-12
2025-12-02 08:10:00+00:00,2025-12-02 10:05:00+00:00,SHORT,86731.03,86904.5,SL,-0.024,2.3714,2025-12
2025-12-02 10:40:00+00:00,2025-12-02 13:45:00+00:00,LONG,87098.25,87533.74,TP,0.0593,2.4307,2025-12
2025-12-02 20:10:00+00:00,2025-12-02 20:25:00+00:00,SHORT,91520.71,91063.1,TP,0.0608,2.4914,2025-12
2025-12-02 22:00:00+00:00,2025-12-02 22:05:00+00:00,LONG,91888.44,91704.66,SL,-0.0249,2.4665,2025-12
2025-12-02 23:30:00+00:00,2025-12-03 00:45:00+00:00,SHORT,91440.22,91623.1,SL,-0.0247,2.4419,2025-12
2025-12-03 00:55:00+00:00,2025-12-03 01:00:00+00:00,LONG,91696.78,91513.39,SL,-0.0244,2.4174,2025-12
2025-12-03 06:40:00+00:00,2025-12-03 08:45:00+00:00,SHORT,93272.06,92805.7,TP,0.0604,2.4779,2025-12
2025-12-03 09:55:00+00:00,2025-12-03 10:35:00+00:00,LONG,93215.73,93029.3,SL,-0.0248,2.4531,2025-12
2025-12-03 11:10:00+00:00,2025-12-03 11:20:00+00:00,SHORT,92714.18,92899.61,SL,-0.0245,2.4286,2025-12
2025-12-03 13:40:00+00:00,2025-12-03 14:00:00+00:00,LONG,93246.66,93060.17,SL,-0.0243,2.4043,2025-12
2025-12-03 14:00:00+00:00,2025-12-03 14:05:00+00:00,SHORT,91717.85,91901.28,SL,-0.024,2.3802,2025-12
2025-12-03 14:40:00+00:00,2025-12-03 14:45:00+00:00,LONG,93540.16,93353.08,SL,-0.0238,2.3564,2025-12
2025-12-03 18:50:00+00:00,2025-12-03 19:00:00+00:00,SHORT,92492.67,92677.65,SL,-0.0236,2.3329,2025-12
2025-12-03 21:25:00+00:00,2025-12-03 22:55:00+00:00,LONG,93313.51,93780.08,TP,0.0583,2.3912,2025-12
2025-12-04 00:10:00+00:00,2025-12-04 01:00:00+00:00,SHORT,92915.81,93101.64,SL,-0.0239,2.3673,2025-12
2025-12-04 01:10:00+00:00,2025-12-04 01:15:00+00:00,LONG,93729.3,93541.84,SL,-0.0237,2.3436,2025-12
2025-12-04 04:00:00+00:00,2025-12-04 05:50:00+00:00,SHORT,93352.28,92885.52,TP,0.0586,2.4022,2025-12
2025-12-04 06:30:00+00:00,2025-12-04 06:40:00+00:00,LONG,93380.89,93194.13,SL,-0.024,2.3782,2025-12
2025-12-04 11:25:00+00:00,2025-12-04 13:45:00+00:00,SHORT,92969.51,92504.66,TP,0.0595,2.4376,2025-12
2025-12-04 15:35:00+00:00,2025-12-04 15:40:00+00:00,LONG,93266.3,93079.77,SL,-0.0244,2.4133,2025-12
2025-12-04 17:15:00+00:00,2025-12-04 17:50:00+00:00,SHORT,92053.59,92237.7,SL,-0.0241,2.3891,2025-12
2025-12-04 19:45:00+00:00,2025-12-04 21:05:00+00:00,LONG,92128.06,92588.7,TP,0.0597,2.4488,2025-12
2025-12-04 23:55:00+00:00,2025-12-05 00:20:00+00:00,SHORT,92041.23,92225.31,SL,-0.0245,2.4244,2025-12
2025-12-05 00:20:00+00:00,2025-12-05 00:50:00+00:00,LONG,92479.73,92294.77,SL,-0.0242,2.4001,2025-12
2025-12-05 03:45:00+00:00,2025-12-05 09:15:00+00:00,SHORT,92264.3,91802.98,TP,0.06,2.4601,2025-12
2025-12-05 15:00:00+00:00,2025-12-05 15:05:00+00:00,LONG,91222.91,91040.47,SL,-0.0246,2.4355,2025-12
2025-12-05 16:00:00+00:00,2025-12-05 16:05:00+00:00,SHORT,90116.35,89665.77,TP,0.0609,2.4964,2025-12
2025-12-05 19:50:00+00:00,2025-12-05 20:05:00+00:00,LONG,89638.81,89459.53,SL,-0.025,2.4714,2025-12
2025-12-05 22:00:00+00:00,2025-12-05 22:25:00+00:00,SHORT,89027.33,89205.39,SL,-0.0247,2.4467,2025-12
2025-12-06 00:30:00+00:00,2025-12-06 02:35:00+00:00,LONG,89408.94,89230.12,SL,-0.0245,2.4223,2025-12
2025-12-06 08:10:00+00:00,2025-12-06 11:45:00+00:00,SHORT,89507.73,89686.75,SL,-0.0242,2.398,2025-12
2025-12-06 15:15:00+00:00,2025-12-06 15:35:00+00:00,SHORT,89507.76,89686.78,SL,-0.024,2.3741,2025-12
2025-12-07 00:25:00+00:00,2025-12-07 09:20:00+00:00,LONG,89387.39,89208.62,SL,-0.0237,2.3503,2025-12
2025-12-07 10:45:00+00:00,2025-12-07 11:00:00+00:00,LONG,89394.78,89215.99,SL,-0.0235,2.3268,2025-12
2025-12-07 13:20:00+00:00,2025-12-07 14:20:00+00:00,SHORT,88882.34,88437.93,TP,0.0582,2.385,2025-12
2025-12-07 15:05:00+00:00,2025-12-07 15:15:00+00:00,LONG,88929.32,88751.46,SL,-0.0238,2.3611,2025-12
2025-12-07 21:20:00+00:00,2025-12-07 21:45:00+00:00,SHORT,90950.18,90495.42,TP,0.059,2.4202,2025-12
2025-12-08 00:30:00+00:00,2025-12-08 01:25:00+00:00,LONG,90483.7,90936.12,TP,0.0605,2.4807,2025-12
2025-12-08 12:00:00+00:00,2025-12-08 14:20:00+00:00,SHORT,91801.57,91342.57,TP,0.062,2.5427,2025-12
2025-12-08 20:15:00+00:00,2025-12-08 21:25:00+00:00,LONG,90543.51,90996.23,TP,0.0636,2.6063,2025-12
2025-12-08 22:35:00+00:00,2025-12-09 01:00:00+00:00,SHORT,90796.74,90342.75,TP,0.0652,2.6714,2025-12
2025-12-09 03:40:00+00:00,2025-12-09 04:30:00+00:00,LONG,90391.34,90210.56,SL,-0.0267,2.6447,2025-12
2025-12-09 04:30:00+00:00,2025-12-09 07:20:00+00:00,SHORT,90098.38,90278.57,SL,-0.0264,2.6182,2025-12
2025-12-09 09:15:00+00:00,2025-12-09 12:15:00+00:00,SHORT,90301.61,90482.22,SL,-0.0262,2.5921,2025-12
2025-12-09 13:40:00+00:00,2025-12-09 13:50:00+00:00,SHORT,90166.62,90346.95,SL,-0.0259,2.5661,2025-12
2025-12-09 15:00:00+00:00,2025-12-09 15:05:00+00:00,LONG,90929.38,90747.52,SL,-0.0257,2.5405,2025-12
2025-12-09 17:30:00+00:00,2025-12-09 17:40:00+00:00,SHORT,93519.58,93706.62,SL,-0.0254,2.5151,2025-12
2025-12-10 02:20:00+00:00,2025-12-10 02:45:00+00:00,LONG,92553.69,92368.58,SL,-0.0252,2.4899,2025-12
2025-12-10 09:20:00+00:00,2025-12-10 09:45:00+00:00,SHORT,92430.2,92615.06,SL,-0.0249,2.465,2025-12
2025-12-10 09:45:00+00:00,2025-12-10 10:25:00+00:00,LONG,92860.7,92674.98,SL,-0.0247,2.4404,2025-12
2025-12-10 10:25:00+00:00,2025-12-10 12:35:00+00:00,SHORT,92413.18,91951.11,TP,0.061,2.5014,2025-12
2025-12-10 16:10:00+00:00,2025-12-10 18:20:00+00:00,LONG,92275.99,92091.43,SL,-0.025,2.4764,2025-12
2025-12-10 21:00:00+00:00,2025-12-10 21:20:00+00:00,SHORT,92197.98,92382.37,SL,-0.0248,2.4516,2025-12
2025-12-11 04:50:00+00:00,2025-12-11 05:10:00+00:00,LONG,90388.91,90208.13,SL,-0.0245,2.4271,2025-12
2025-12-11 08:15:00+00:00,2025-12-11 08:55:00+00:00,SHORT,89998.99,90178.98,SL,-0.0243,2.4028,2025-12
2025-12-11 09:15:00+00:00,2025-12-11 09:50:00+00:00,LONG,90439.29,90258.41,SL,-0.024,2.3788,2025-12
2025-12-11 12:50:00+00:00,2025-12-11 14:35:00+00:00,SHORT,90096.07,90276.26,SL,-0.0238,2.355,2025-12
2025-12-11 14:35:00+00:00,2025-12-11 14:45:00+00:00,LONG,90413.77,90232.94,SL,-0.0236,2.3315,2025-12
2025-12-11 14:45:00+00:00,2025-12-11 15:05:00+00:00,SHORT,89803.86,89983.47,SL,-0.0233,2.3081,2025-12
2025-12-11 15:20:00+00:00,2025-12-11 15:25:00+00:00,LONG,90629.89,90448.63,SL,-0.0231,2.2851,2025-12
2025-12-11 22:45:00+00:00,2025-12-11 23:05:00+00:00,SHORT,92227.71,92412.17,SL,-0.0229,2.2622,2025-12
2025-12-12 02:45:00+00:00,2025-12-12 03:10:00+00:00,LONG,92690.99,92505.61,SL,-0.0226,2.2396,2025-12
2025-12-12 03:20:00+00:00,2025-12-12 03:35:00+00:00,SHORT,92141.5,92325.78,SL,-0.0224,2.2172,2025-12
2025-12-12 05:00:00+00:00,2025-12-12 05:10:00+00:00,LONG,92511.53,92326.51,SL,-0.0222,2.195,2025-12
2025-12-12 05:20:00+00:00,2025-12-12 05:35:00+00:00,SHORT,92112.62,92296.85,SL,-0.022,2.1731,2025-12
2025-12-12 06:00:00+00:00,2025-12-12 07:25:00+00:00,LONG,92608.35,92423.13,SL,-0.0217,2.1513,2025-12
2025-12-12 07:35:00+00:00,2025-12-12 07:40:00+00:00,SHORT,92235.56,92420.03,SL,-0.0215,2.1298,2025-12
2025-12-12 09:55:00+00:00,2025-12-12 11:15:00+00:00,LONG,92557.57,92372.45,SL,-0.0213,2.1085,2025-12
2025-12-12 11:15:00+00:00,2025-12-12 13:15:00+00:00,SHORT,92238.95,92423.43,SL,-0.0211,2.0874,2025-12
2025-12-12 15:05:00+00:00,2025-12-12 15:25:00+00:00,SHORT,91944.21,91484.49,TP,0.0522,2.1396,2025-12
2025-12-12 22:20:00+00:00,2025-12-13 01:35:00+00:00,LONG,90404.88,90224.07,SL,-0.0214,2.1182,2025-12
2025-12-13 01:35:00+00:00,2025-12-13 03:35:00+00:00,SHORT,90181.38,90361.75,SL,-0.0212,2.097,2025-12
2025-12-13 05:40:00+00:00,2025-12-13 08:15:00+00:00,SHORT,90238.58,90419.06,SL,-0.021,2.0761,2025-12
2025-12-13 11:20:00+00:00,2025-12-13 14:25:00+00:00,SHORT,90433.8,89981.63,TP,0.0519,2.128,2025-12
2025-12-13 16:00:00+00:00,2025-12-13 16:20:00+00:00,LONG,90281.7,90101.13,SL,-0.0213,2.1067,2025-12
2025-12-13 20:55:00+00:00,2025-12-13 23:35:00+00:00,SHORT,90052.27,90232.38,SL,-0.0211,2.0856,2025-12
2025-12-14 01:40:00+00:00,2025-12-14 02:30:00+00:00,SHORT,90189.92,90370.3,SL,-0.0209,2.0648,2025-12
2025-12-14 04:30:00+00:00,2025-12-14 04:40:00+00:00,LONG,90361.44,90180.72,SL,-0.0206,2.0441,2025-12
2025-12-14 04:40:00+00:00,2025-12-14 11:00:00+00:00,SHORT,90128.71,89678.07,TP,0.0511,2.0952,2025-12
2025-12-14 11:00:00+00:00,2025-12-14 11:40:00+00:00,SHORT,89608.15,89160.11,TP,0.0524,2.1476,2025-12
2025-12-15 00:20:00+00:00,2025-12-15 00:35:00+00:00,LONG,88583.8,88406.63,SL,-0.0215,2.1261,2025-12
2025-12-15 11:40:00+00:00,2025-12-15 12:40:00+00:00,SHORT,89549.72,89728.82,SL,-0.0213,2.1049,2025-12
2025-12-15 12:40:00+00:00,2025-12-15 13:00:00+00:00,LONG,89784.51,89604.94,SL,-0.021,2.0838,2025-12
2025-12-15 13:20:00+00:00,2025-12-15 13:45:00+00:00,SHORT,89349.2,89527.89,SL,-0.0208,2.063,2025-12
2025-12-15 14:15:00+00:00,2025-12-15 14:20:00+00:00,LONG,89670.58,89491.24,SL,-0.0206,2.0424,2025-12
2025-12-15 14:30:00+00:00,2025-12-15 14:35:00+00:00,SHORT,89033.35,89211.42,SL,-0.0204,2.0219,2025-12
2025-12-15 18:55:00+00:00,2025-12-15 19:10:00+00:00,LONG,86219.86,86047.42,SL,-0.0202,2.0017,2025-12
2025-12-16 00:45:00+00:00,2025-12-16 04:30:00+00:00,SHORT,86052.46,85622.19,TP,0.05,2.0518,2025-12
2025-12-16 05:00:00+00:00,2025-12-16 06:20:00+00:00,LONG,85934.35,86364.02,TP,0.0513,2.1031,2025-12
2025-12-16 07:15:00+00:00,2025-12-16 10:00:00+00:00,SHORT,86196.06,86368.45,SL,-0.021,2.082,2025-12
2025-12-16 10:10:00+00:00,2025-12-16 10:40:00+00:00,LONG,86495.56,86928.04,TP,0.0521,2.1341,2025-12
2025-12-16 13:30:00+00:00,2025-12-16 13:35:00+00:00,SHORT,86832.5,87006.17,SL,-0.0213,2.1127,2025-12
2025-12-16 15:45:00+00:00,2025-12-16 17:20:00+00:00,LONG,87658.13,87482.81,SL,-0.0211,2.0916,2025-12
2025-12-16 17:55:00+00:00,2025-12-16 18:00:00+00:00,SHORT,87097.14,87271.33,SL,-0.0209,2.0707,2025-12
2025-12-16 18:30:00+00:00,2025-12-16 19:00:00+00:00,LONG,87752.98,87577.47,SL,-0.0207,2.05,2025-12
2025-12-16 19:10:00+00:00,2025-12-16 19:30:00+00:00,SHORT,87298.19,87472.78,SL,-0.0205,2.0295,2025-12
2025-12-16 21:35:00+00:00,2025-12-16 22:10:00+00:00,LONG,87885.04,87709.27,SL,-0.0203,2.0092,2025-12
2025-12-17 00:10:00+00:00,2025-12-17 01:15:00+00:00,SHORT,87505.55,87680.56,SL,-0.0201,1.9891,2025-12
2025-12-17 01:15:00+00:00,2025-12-17 01:30:00+00:00,LONG,87910.64,87734.82,SL,-0.0199,1.9692,2025-12
2025-12-17 02:05:00+00:00,2025-12-17 03:00:00+00:00,SHORT,87358.53,87533.25,SL,-0.0197,1.9495,2025-12
2025-12-17 06:05:00+00:00,2025-12-17 07:10:00+00:00,LONG,86914.75,86740.92,SL,-0.0195,1.93,2025-12
2025-12-17 08:20:00+00:00,2025-12-17 11:10:00+00:00,SHORT,86651.32,86824.62,SL,-0.0193,1.9107,2025-12
2025-12-17 15:45:00+00:00,2025-12-17 15:50:00+00:00,SHORT,88278.05,87836.66,TP,0.0478,1.9585,2025-12
2025-12-17 22:25:00+00:00,2025-12-17 23:10:00+00:00,LONG,86286.13,86113.56,SL,-0.0196,1.9389,2025-12
2025-12-18 01:05:00+00:00,2025-12-18 01:40:00+00:00,SHORT,85865.65,86037.38,SL,-0.0194,1.9195,2025-12
2025-12-18 02:10:00+00:00,2025-12-18 03:25:00+00:00,LONG,86527.58,86354.52,SL,-0.0192,1.9003,2025-12
2025-12-18 05:20:00+00:00,2025-12-18 07:10:00+00:00,SHORT,86540.99,86714.07,SL,-0.019,1.8813,2025-12
2025-12-18 07:10:00+00:00,2025-12-18 09:40:00+00:00,LONG,86826.61,87260.74,TP,0.047,1.9283,2025-12
2025-12-18 11:15:00+00:00,2025-12-18 11:55:00+00:00,SHORT,87088.29,87262.47,SL,-0.0193,1.9091,2025-12
2025-12-18 12:35:00+00:00,2025-12-18 12:50:00+00:00,LONG,87413.37,87238.54,SL,-0.0191,1.89,2025-12
2025-12-18 14:40:00+00:00,2025-12-18 14:45:00+00:00,SHORT,87791.65,87967.23,SL,-0.0189,1.8711,2025-12
2025-12-18 21:30:00+00:00,2025-12-18 21:35:00+00:00,LONG,85803.18,85631.57,SL,-0.0187,1.8524,2025-12
2025-12-19 01:25:00+00:00,2025-12-19 01:35:00+00:00,SHORT,85133.27,85303.54,SL,-0.0185,1.8338,2025-12
2025-12-19 02:45:00+00:00,2025-12-19 03:10:00+00:00,LONG,85808.31,86237.35,TP,0.0458,1.8797,2025-12
2025-12-19 12:50:00+00:00,2025-12-19 13:35:00+00:00,SHORT,87883.13,88058.9,SL,-0.0188,1.8609,2025-12
2025-12-19 14:40:00+00:00,2025-12-19 14:45:00+00:00,LONG,88537.18,88360.11,SL,-0.0186,1.8423,2025-12
2025-12-19 17:25:00+00:00,2025-12-19 17:30:00+00:00,SHORT,87574.82,87136.94,TP,0.0461,1.8883,2025-12
2025-12-19 19:20:00+00:00,2025-12-19 20:20:00+00:00,LONG,87688.31,88126.75,TP,0.0472,1.9355,2025-12
2025-12-20 00:00:00+00:00,2025-12-20 02:40:00+00:00,SHORT,88054.75,88230.86,SL,-0.0194,1.9162,2025-12
2025-12-20 04:05:00+00:00,2025-12-20 04:30:00+00:00,SHORT,88095.0,88271.19,SL,-0.0192,1.897,2025-12
2025-12-20 04:30:00+00:00,2025-12-20 10:20:00+00:00,LONG,88333.79,88157.12,SL,-0.019,1.8781,2025-12
2025-12-20 11:20:00+00:00,2025-12-20 13:05:00+00:00,LONG,88310.8,88134.18,SL,-0.0188,1.8593,2025-12
2025-12-20 13:05:00+00:00,2025-12-20 13:55:00+00:00,SHORT,88084.62,88260.79,SL,-0.0186,1.8407,2025-12
2025-12-20 17:25:00+00:00,2025-12-21 01:40:00+00:00,LONG,88280.6,88104.04,SL,-0.0184,1.8223,2025-12
2025-12-21 05:20:00+00:00,2025-12-21 09:00:00+00:00,LONG,88165.67,88606.5,TP,0.0456,1.8678,2025-12
2025-12-21 12:40:00+00:00,2025-12-21 13:30:00+00:00,SHORT,88537.17,88094.49,TP,0.0467,1.9145,2025-12
2025-12-21 15:50:00+00:00,2025-12-21 15:55:00+00:00,LONG,88247.64,88071.15,SL,-0.0191,1.8954,2025-12
2025-12-21 18:00:00+00:00,2025-12-21 18:55:00+00:00,SHORT,88177.58,88353.94,SL,-0.019,1.8764,2025-12
2025-12-21 21:45:00+00:00,2025-12-21 22:10:00+00:00,SHORT,88114.76,88290.99,SL,-0.0188,1.8577,2025-12
2025-12-21 22:10:00+00:00,2025-12-22 00:05:00+00:00,LONG,88405.94,88847.97,TP,0.0464,1.9041,2025-12
2025-12-22 01:50:00+00:00,2025-12-22 03:20:00+00:00,SHORT,88561.42,88738.54,SL,-0.019,1.8851,2025-12
2025-12-22 04:15:00+00:00,2025-12-22 06:10:00+00:00,LONG,88973.43,88795.48,SL,-0.0189,1.8662,2025-12
2025-12-22 13:40:00+00:00,2025-12-22 13:45:00+00:00,SHORT,89732.81,89912.28,SL,-0.0187,1.8476,2025-12
2025-12-22 21:35:00+00:00,2025-12-22 21:45:00+00:00,LONG,88597.78,88420.59,SL,-0.0185,1.8291,2025-12
2025-12-22 22:00:00+00:00,2025-12-22 22:15:00+00:00,SHORT,88226.69,88403.14,SL,-0.0183,1.8108,2025-12
2025-12-22 22:50:00+00:00,2025-12-22 23:15:00+00:00,LONG,88743.96,88566.48,SL,-0.0181,1.7927,2025-12
2025-12-23 01:35:00+00:00,2025-12-23 02:05:00+00:00,SHORT,88420.96,88597.8,SL,-0.0179,1.7748,2025-12
2025-12-23 02:20:00+00:00,2025-12-23 02:35:00+00:00,LONG,88785.62,88608.05,SL,-0.0177,1.757,2025-12
2025-12-23 02:35:00+00:00,2025-12-23 05:10:00+00:00,SHORT,88351.04,87909.28,TP,0.0439,1.8009,2025-12
2025-12-23 11:05:00+00:00,2025-12-23 14:35:00+00:00,LONG,87728.94,87553.48,SL,-0.018,1.7829,2025-12
2025-12-23 16:00:00+00:00,2025-12-23 16:05:00+00:00,LONG,88121.37,87945.13,SL,-0.0178,1.7651,2025-12
2025-12-23 17:50:00+00:00,2025-12-23 18:15:00+00:00,SHORT,87418.12,87592.95,SL,-0.0177,1.7474,2025-12
2025-12-23 18:35:00+00:00,2025-12-23 18:50:00+00:00,LONG,88120.84,87944.6,SL,-0.0175,1.73,2025-12
2025-12-23 21:05:00+00:00,2025-12-23 21:15:00+00:00,SHORT,87536.88,87711.95,SL,-0.0173,1.7127,2025-12
2025-12-24 00:55:00+00:00,2025-12-24 02:00:00+00:00,LONG,87695.53,87520.14,SL,-0.0171,1.6955,2025-12
2025-12-24 02:05:00+00:00,2025-12-24 03:00:00+00:00,SHORT,87347.55,86910.81,TP,0.0424,1.7379,2025-12
2025-12-24 04:05:00+00:00,2025-12-24 04:25:00+00:00,LONG,87489.21,87314.23,SL,-0.0174,1.7205,2025-12
2025-12-24 04:50:00+00:00,2025-12-24 11:15:00+00:00,SHORT,87137.33,87311.61,SL,-0.0172,1.7033,2025-12
2025-12-24 13:30:00+00:00,2025-12-24 13:50:00+00:00,SHORT,87080.6,87254.77,SL,-0.017,1.6863,2025-12
2025-12-24 16:30:00+00:00,2025-12-24 16:50:00+00:00,LONG,87512.95,87337.93,SL,-0.0169,1.6694,2025-12
2025-12-24 23:20:00+00:00,2025-12-25 02:40:00+00:00,SHORT,87642.11,87817.39,SL,-0.0167,1.6528,2025-12
2025-12-25 02:40:00+00:00,2025-12-25 04:00:00+00:00,LONG,87938.74,87762.86,SL,-0.0165,1.6362,2025-12
2025-12-25 05:00:00+00:00,2025-12-25 08:05:00+00:00,SHORT,87668.42,87843.76,SL,-0.0164,1.6199,2025-12
2025-12-25 08:15:00+00:00,2025-12-25 15:10:00+00:00,SHORT,87583.02,87758.19,SL,-0.0162,1.6037,2025-12
2025-12-25 20:15:00+00:00,2025-12-25 22:45:00+00:00,SHORT,88022.78,87582.66,TP,0.0401,1.6438,2025-12
2025-12-26 02:00:00+00:00,2025-12-26 02:10:00+00:00,LONG,87541.27,87978.98,TP,0.0411,1.6848,2025-12
2025-12-26 07:35:00+00:00,2025-12-26 13:45:00+00:00,SHORT,88842.91,89020.59,SL,-0.0168,1.668,2025-12
2025-12-26 14:35:00+00:00,2025-12-26 14:45:00+00:00,SHORT,88528.57,88085.93,TP,0.0417,1.7097,2025-12
2025-12-26 19:40:00+00:00,2025-12-27 00:10:00+00:00,LONG,87516.26,87341.23,SL,-0.0171,1.6926,2025-12
2025-12-27 01:55:00+00:00,2025-12-28 10:20:00+00:00,LONG,87510.02,87947.57,TP,0.0423,1.7349,2025-12
2025-12-28 15:50:00+00:00,2025-12-29 00:25:00+00:00,SHORT,87803.05,87978.66,SL,-0.0173,1.7176,2025-12
2025-12-29 06:50:00+00:00,2025-12-29 09:30:00+00:00,SHORT,89749.56,89300.81,TP,0.0429,1.7605,2025-12
2025-12-29 13:00:00+00:00,2025-12-29 13:10:00+00:00,LONG,87541.2,87366.12,SL,-0.0176,1.7429,2025-12
2025-12-29 15:00:00+00:00,2025-12-29 15:10:00+00:00,SHORT,87279.07,87453.63,SL,-0.0174,1.7255,2025-12
2025-12-29 18:00:00+00:00,2025-12-29 18:05:00+00:00,LONG,87977.72,87801.76,SL,-0.0173,1.7082,2025-12
2025-12-29 18:55:00+00:00,2025-12-29 19:05:00+00:00,SHORT,87429.78,87604.64,SL,-0.0171,1.6911,2025-12
2025-12-29 22:40:00+00:00,2025-12-29 23:25:00+00:00,LONG,87414.05,87239.22,SL,-0.0169,1.6742,2025-12
2025-12-30 00:30:00+00:00,2025-12-30 01:50:00+00:00,SHORT,87142.13,87316.41,SL,-0.0167,1.6575,2025-12
2025-12-30 03:25:00+00:00,2025-12-30 08:05:00+00:00,LONG,87316.9,87753.49,TP,0.0414,1.6989,2025-12
2025-12-30 11:50:00+00:00,2025-12-30 12:00:00+00:00,SHORT,87738.89,87914.37,SL,-0.017,1.6819,2025-12
2025-12-30 13:25:00+00:00,2025-12-30 14:00:00+00:00,LONG,88131.23,87954.97,SL,-0.0168,1.6651,2025-12
2025-12-30 14:00:00+00:00,2025-12-30 14:10:00+00:00,SHORT,87824.87,88000.52,SL,-0.0167,1.6485,2025-12
2025-12-30 14:45:00+00:00,2025-12-30 14:50:00+00:00,LONG,88363.89,88805.71,TP,0.0412,1.6897,2025-12
2025-12-30 17:45:00+00:00,2025-12-30 17:50:00+00:00,SHORT,88220.21,88396.65,SL,-0.0169,1.6728,2025-12
2025-12-30 21:30:00+00:00,2025-12-31 01:30:00+00:00,LONG,88294.56,88736.04,TP,0.0418,1.7146,2025-12
2025-12-31 03:30:00+00:00,2025-12-31 08:00:00+00:00,SHORT,88446.61,88623.5,SL,-0.0171,1.6974,2025-12
2025-12-31 08:35:00+00:00,2025-12-31 09:35:00+00:00,SHORT,88426.17,88603.02,SL,-0.017,1.6805,2025-12
2025-12-31 09:35:00+00:00,2025-12-31 14:45:00+00:00,LONG,88700.24,88522.84,SL,-0.0168,1.6637,2025-12
2025-12-31 20:55:00+00:00,2026-01-01 17:20:00+00:00,LONG,87697.07,88135.56,TP,0.0416,1.7053,2026-01
2026-01-01 20:40:00+00:00,2026-01-01 21:10:00+00:00,SHORT,88206.43,88382.85,SL,-0.0171,1.6882,2026-01
2026-01-01 21:10:00+00:00,2026-01-01 23:40:00+00:00,LONG,88422.67,88864.79,TP,0.0422,1.7304,2026-01
2026-01-02 02:05:00+00:00,2026-01-02 02:55:00+00:00,SHORT,88436.5,88613.37,SL,-0.0173,1.7131,2026-01
2026-01-02 03:05:00+00:00,2026-01-02 05:25:00+00:00,LONG,88790.2,88612.62,SL,-0.0171,1.696,2026-01
2026-01-02 06:15:00+00:00,2026-01-02 09:45:00+00:00,LONG,88877.15,89321.53,TP,0.0424,1.7384,2026-01
2026-01-02 11:25:00+00:00,2026-01-02 11:40:00+00:00,SHORT,89330.82,89509.49,SL,-0.0174,1.721,2026-01
2026-01-02 13:15:00+00:00,2026-01-02 13:30:00+00:00,LONG,89655.85,89476.54,SL,-0.0172,1.7038,2026-01
2026-01-02 14:05:00+00:00,2026-01-02 14:20:00+00:00,SHORT,89272.06,88825.7,TP,0.0426,1.7464,2026-01
2026-01-02 14:40:00+00:00,2026-01-02 15:10:00+00:00,LONG,89423.41,89244.56,SL,-0.0175,1.7289,2026-01
2026-01-02 18:50:00+00:00,2026-01-02 19:05:00+00:00,SHORT,89672.51,89851.85,SL,-0.0173,1.7116,2026-01
2026-01-02 21:50:00+00:00,2026-01-02 23:20:00+00:00,LONG,90139.47,89959.19,SL,-0.0171,1.6945,2026-01
2026-01-02 23:20:00+00:00,2026-01-03 00:45:00+00:00,SHORT,89914.89,90094.72,SL,-0.0169,1.6776,2026-01
2026-01-03 00:50:00+00:00,2026-01-03 05:20:00+00:00,LONG,90228.08,90047.62,SL,-0.0168,1.6608,2026-01
2026-01-03 06:05:00+00:00,2026-01-03 06:35:00+00:00,LONG,90150.67,89970.36,SL,-0.0166,1.6442,2026-01
2026-01-03 06:40:00+00:00,2026-01-03 12:55:00+00:00,SHORT,89852.04,90031.75,SL,-0.0164,1.6277,2026-01
2026-01-03 15:15:00+00:00,2026-01-03 16:30:00+00:00,SHORT,89944.38,90124.27,SL,-0.0163,1.6115,2026-01
2026-01-03 16:30:00+00:00,2026-01-03 21:35:00+00:00,LONG,90174.38,90625.25,TP,0.0403,1.6517,2026-01
2026-01-04 06:40:00+00:00,2026-01-04 07:40:00+00:00,SHORT,91249.72,91432.21,SL,-0.0165,1.6352,2026-01
2026-01-04 07:55:00+00:00,2026-01-04 08:00:00+00:00,LONG,91568.61,91385.48,SL,-0.0164,1.6189,2026-01
2026-01-04 08:25:00+00:00,2026-01-04 08:40:00+00:00,SHORT,91197.87,91380.26,SL,-0.0162,1.6027,2026-01
2026-01-04 10:10:00+00:00,2026-01-04 11:10:00+00:00,LONG,91581.34,91398.18,SL,-0.016,1.5867,2026-01
2026-01-04 11:10:00+00:00,2026-01-04 23:55:00+00:00,SHORT,91323.56,91506.2,SL,-0.0159,1.5708,2026-01
2026-01-05 04:20:00+00:00,2026-01-05 10:10:00+00:00,SHORT,92603.66,92788.87,SL,-0.0157,1.5551,2026-01
2026-01-05 12:35:00+00:00,2026-01-05 14:40:00+00:00,SHORT,92812.56,92998.19,SL,-0.0156,1.5395,2026-01
2026-01-05 14:40:00+00:00,2026-01-05 15:40:00+00:00,LONG,93320.59,93787.2,TP,0.0385,1.578,2026-01
2026-01-05 21:10:00+00:00,2026-01-05 21:45:00+00:00,SHORT,93955.18,94143.09,SL,-0.0158,1.5622,2026-01
2026-01-05 22:20:00+00:00,2026-01-05 22:45:00+00:00,LONG,94429.71,94240.85,SL,-0.0156,1.5466,2026-01
2026-01-05 23:15:00+00:00,2026-01-06 07:20:00+00:00,SHORT,93960.41,93490.61,TP,0.0387,1.5853,2026-01
2026-01-06 09:15:00+00:00,2026-01-06 14:10:00+00:00,LONG,93543.41,94011.13,TP,0.0396,1.6249,2026-01
2026-01-06 14:50:00+00:00,2026-01-06 15:05:00+00:00,SHORT,93695.29,93882.68,SL,-0.0162,1.6087,2026-01
2026-01-06 20:15:00+00:00,2026-01-06 21:15:00+00:00,LONG,92536.96,92999.64,TP,0.0402,1.6489,2026-01
2026-01-07 00:25:00+00:00,2026-01-07 00:55:00+00:00,SHORT,93312.69,92846.13,TP,0.0412,1.6901,2026-01
2026-01-07 02:35:00+00:00,2026-01-07 04:15:00+00:00,LONG,92956.67,92770.75,SL,-0.0169,1.6732,2026-01
2026-01-07 04:15:00+00:00,2026-01-07 07:55:00+00:00,SHORT,92682.77,92868.14,SL,-0.0167,1.6565,2026-01
2026-01-07 08:45:00+00:00,2026-01-07 09:15:00+00:00,SHORT,92666.04,92202.71,TP,0.0414,1.6979,2026-01
2026-01-07 11:05:00+00:00,2026-01-07 12:55:00+00:00,LONG,92184.19,91999.82,SL,-0.017,1.6809,2026-01
2026-01-07 12:55:00+00:00,2026-01-07 13:25:00+00:00,SHORT,91961.06,92144.98,SL,-0.0168,1.6641,2026-01
2026-01-07 13:25:00+00:00,2026-01-07 13:50:00+00:00,LONG,92265.0,92080.47,SL,-0.0166,1.6475,2026-01
2026-01-07 14:00:00+00:00,2026-01-07 15:15:00+00:00,SHORT,91779.27,91320.38,TP,0.0412,1.6886,2026-01
2026-01-07 23:15:00+00:00,2026-01-07 23:35:00+00:00,LONG,91437.21,91254.34,SL,-0.0169,1.6718,2026-01
2026-01-08 02:20:00+00:00,2026-01-08 06:05:00+00:00,SHORT,91082.02,90626.61,TP,0.0418,1.7136,2026-01
2026-01-08 07:45:00+00:00,2026-01-08 08:45:00+00:00,LONG,90510.69,90329.67,SL,-0.0171,1.6964,2026-01
2026-01-08 08:45:00+00:00,2026-01-08 11:00:00+00:00,SHORT,90246.48,90426.97,SL,-0.017,1.6795,2026-01
2026-01-08 11:35:00+00:00,2026-01-08 11:55:00+00:00,SHORT,90038.11,90218.19,SL,-0.0168,1.6627,2026-01
2026-01-08 15:05:00+00:00,2026-01-08 16:45:00+00:00,LONG,90361.61,90813.42,TP,0.0416,1.7042,2026-01
2026-01-08 19:55:00+00:00,2026-01-08 21:10:00+00:00,SHORT,90901.04,91082.84,SL,-0.017,1.6872,2026-01
2026-01-08 22:35:00+00:00,2026-01-08 22:55:00+00:00,SHORT,91028.57,91210.63,SL,-0.0169,1.6703,2026-01
2026-01-09 00:45:00+00:00,2026-01-09 01:20:00+00:00,LONG,91327.9,91145.24,SL,-0.0167,1.6536,2026-01
2026-01-09 01:35:00+00:00,2026-01-09 02:00:00+00:00,SHORT,90934.85,91116.72,SL,-0.0165,1.6371,2026-01
2026-01-09 10:20:00+00:00,2026-01-09 12:15:00+00:00,LONG,90548.53,90367.44,SL,-0.0164,1.6207,2026-01
2026-01-09 12:15:00+00:00,2026-01-09 12:30:00+00:00,SHORT,90256.39,90436.91,SL,-0.0162,1.6045,2026-01
2026-01-09 13:10:00+00:00,2026-01-09 14:05:00+00:00,LONG,90667.56,90486.23,SL,-0.016,1.5885,2026-01
2026-01-09 14:05:00+00:00,2026-01-09 14:25:00+00:00,SHORT,90296.13,90476.72,SL,-0.0159,1.5726,2026-01
2026-01-09 15:20:00+00:00,2026-01-09 15:25:00+00:00,LONG,90943.75,91398.47,TP,0.0393,1.6119,2026-01
2026-01-09 17:15:00+00:00,2026-01-09 17:20:00+00:00,SHORT,90998.17,91180.16,SL,-0.0161,1.5958,2026-01
2026-01-09 23:10:00+00:00,2026-01-10 00:15:00+00:00,LONG,90744.33,90562.84,SL,-0.016,1.5798,2026-01
2026-01-10 00:15:00+00:00,2026-01-10 01:40:00+00:00,SHORT,90508.79,90689.81,SL,-0.0158,1.564,2026-01
2026-01-10 01:40:00+00:00,2026-01-10 03:05:00+00:00,LONG,90760.84,90579.32,SL,-0.0156,1.5484,2026-01
2026-01-10 05:35:00+00:00,2026-01-10 22:05:00+00:00,LONG,90627.41,90446.15,SL,-0.0155,1.5329,2026-01
2026-01-10 22:30:00+00:00,2026-01-11 14:45:00+00:00,LONG,90589.21,91042.16,TP,0.0383,1.5712,2026-01
2026-01-11 15:10:00+00:00,2026-01-11 16:30:00+00:00,SHORT,90870.67,91052.41,SL,-0.0157,1.5555,2026-01
2026-01-11 16:30:00+00:00,2026-01-11 16:45:00+00:00,LONG,91226.26,91043.8,SL,-0.0156,1.5399,2026-01
2026-01-11 18:35:00+00:00,2026-01-11 23:15:00+00:00,SHORT,90791.36,90972.94,SL,-0.0154,1.5245,2026-01
2026-01-11 23:15:00+00:00,2026-01-11 23:20:00+00:00,LONG,91073.2,90891.06,SL,-0.0152,1.5093,2026-01
2026-01-12 03:45:00+00:00,2026-01-12 04:10:00+00:00,SHORT,91893.25,92077.03,SL,-0.0151,1.4942,2026-01
2026-01-12 11:20:00+00:00,2026-01-12 14:15:00+00:00,LONG,90726.45,90544.99,SL,-0.0149,1.4793,2026-01
2026-01-12 14:35:00+00:00,2026-01-12 14:40:00+00:00,LONG,91006.38,90824.37,SL,-0.0148,1.4645,2026-01
2026-01-12 17:30:00+00:00,2026-01-12 17:35:00+00:00,SHORT,91090.72,91272.9,SL,-0.0146,1.4498,2026-01
2026-01-12 22:10:00+00:00,2026-01-12 22:50:00+00:00,LONG,91450.62,91267.71,SL,-0.0145,1.4353,2026-01
2026-01-13 01:35:00+00:00,2026-01-13 02:00:00+00:00,SHORT,91075.75,91257.9,SL,-0.0144,1.421,2026-01
2026-01-13 03:20:00+00:00,2026-01-13 05:15:00+00:00,LONG,91462.38,91919.69,TP,0.0355,1.4565,2026-01
2026-01-13 09:40:00+00:00,2026-01-13 10:05:00+00:00,SHORT,92111.8,92296.02,SL,-0.0146,1.4419,2026-01
2026-01-13 13:30:00+00:00,2026-01-13 13:35:00+00:00,LONG,92320.91,92136.27,SL,-0.0144,1.4275,2026-01
2026-01-13 14:00:00+00:00,2026-01-13 14:15:00+00:00,SHORT,91872.11,92055.85,SL,-0.0143,1.4132,2026-01
2026-01-13 14:30:00+00:00,2026-01-13 15:00:00+00:00,LONG,92489.27,92304.29,SL,-0.0141,1.3991,2026-01
2026-01-14 01:45:00+00:00,2026-01-14 02:05:00+00:00,SHORT,95094.21,95284.4,SL,-0.014,1.3851,2026-01
2026-01-14 03:50:00+00:00,2026-01-14 04:05:00+00:00,LONG,95681.68,95490.31,SL,-0.0139,1.3713,2026-01
2026-01-14 04:05:00+00:00,2026-01-14 06:05:00+00:00,SHORT,95343.86,94867.14,TP,0.0343,1.4055,2026-01
2026-01-14 07:05:00+00:00,2026-01-14 07:35:00+00:00,LONG,95122.02,94931.78,SL,-0.0141,1.3915,2026-01
2026-01-14 08:45:00+00:00,2026-01-14 09:10:00+00:00,SHORT,94885.1,95074.87,SL,-0.0139,1.3776,2026-01
2026-01-14 09:15:00+00:00,2026-01-14 10:20:00+00:00,LONG,95172.2,94981.86,SL,-0.0138,1.3638,2026-01
2026-01-14 10:20:00+00:00,2026-01-14 10:35:00+00:00,SHORT,94917.73,95107.56,SL,-0.0136,1.3502,2026-01
2026-01-14 12:20:00+00:00,2026-01-14 13:50:00+00:00,LONG,95126.62,94936.36,SL,-0.0135,1.3367,2026-01
2026-01-14 17:35:00+00:00,2026-01-14 17:40:00+00:00,SHORT,96906.6,97100.42,SL,-0.0134,1.3233,2026-01
2026-01-14 19:20:00+00:00,2026-01-14 22:35:00+00:00,LONG,97367.84,97173.11,SL,-0.0132,1.3101,2026-01
2026-01-15 05:45:00+00:00,2026-01-15 06:35:00+00:00,LONG,96539.75,96346.67,SL,-0.0131,1.297,2026-01
2026-01-15 06:40:00+00:00,2026-01-15 07:20:00+00:00,SHORT,96163.0,96355.33,SL,-0.013,1.284,2026-01
2026-01-15 07:40:00+00:00,2026-01-15 08:25:00+00:00,LONG,96633.9,96440.63,SL,-0.0128,1.2711,2026-01
2026-01-15 11:35:00+00:00,2026-01-15 12:50:00+00:00,SHORT,96647.63,96840.92,SL,-0.0127,1.2584,2026-01
2026-01-15 12:50:00+00:00,2026-01-15 13:30:00+00:00,LONG,96978.84,96784.88,SL,-0.0126,1.2459,2026-01
2026-01-15 13:30:00+00:00,2026-01-15 13:45:00+00:00,SHORT,96605.0,96798.21,SL,-0.0125,1.2334,2026-01
2026-01-15 14:05:00+00:00,2026-01-15 14:20:00+00:00,LONG,97138.84,96944.56,SL,-0.0123,1.2211,2026-01
2026-01-15 14:30:00+00:00,2026-01-15 14:40:00+00:00,SHORT,96512.4,96029.84,TP,0.0305,1.2516,2026-01
2026-01-15 15:55:00+00:00,2026-01-15 16:05:00+00:00,LONG,96775.73,96582.18,SL,-0.0125,1.2391,2026-01
2026-01-15 18:10:00+00:00,2026-01-15 19:00:00+00:00,SHORT,96219.86,95738.76,TP,0.031,1.27,2026-01
2026-01-15 22:05:00+00:00,2026-01-15 23:00:00+00:00,LONG,95752.26,95560.75,SL,-0.0127,1.2573,2026-01
2026-01-16 01:05:00+00:00,2026-01-16 01:30:00+00:00,SHORT,95461.88,95652.8,SL,-0.0126,1.2448,2026-01
2026-01-16 01:30:00+00:00,2026-01-16 02:00:00+00:00,LONG,95805.84,95614.23,SL,-0.0124,1.2323,2026-01
2026-01-16 03:45:00+00:00,2026-01-16 05:40:00+00:00,SHORT,95384.35,95575.12,SL,-0.0123,1.22,2026-01
2026-01-16 07:30:00+00:00,2026-01-16 08:10:00+00:00,SHORT,95517.6,95708.63,SL,-0.0122,1.2078,2026-01
2026-01-16 08:10:00+00:00,2026-01-16 10:05:00+00:00,LONG,95750.53,95559.03,SL,-0.0121,1.1957,2026-01
2026-01-16 10:05:00+00:00,2026-01-16 14:25:00+00:00,SHORT,95508.49,95699.51,SL,-0.012,1.1838,2026-01
2026-01-16 14:25:00+00:00,2026-01-16 14:35:00+00:00,LONG,95752.39,95560.88,SL,-0.0118,1.1719,2026-01
2026-01-16 14:40:00+00:00,2026-01-16 15:05:00+00:00,SHORT,95194.51,95384.9,SL,-0.0117,1.1602,2026-01
2026-01-16 18:05:00+00:00,2026-01-16 19:05:00+00:00,LONG,95185.69,94995.32,SL,-0.0116,1.1486,2026-01
2026-01-16 20:05:00+00:00,2026-01-16 20:10:00+00:00,SHORT,94685.28,94874.65,SL,-0.0115,1.1371,2026-01
2026-01-16 20:25:00+00:00,2026-01-18 01:05:00+00:00,LONG,95156.18,94965.86,SL,-0.0114,1.1257,2026-01
2026-01-18 03:25:00+00:00,2026-01-18 13:20:00+00:00,LONG,95173.59,94983.25,SL,-0.0113,1.1145,2026-01
2026-01-18 13:40:00+00:00,2026-01-18 14:55:00+00:00,LONG,95204.36,95013.95,SL,-0.0111,1.1033,2026-01
2026-01-18 16:40:00+00:00,2026-01-18 23:20:00+00:00,LONG,95221.61,95031.17,SL,-0.011,1.0923,2026-01
2026-01-19 07:50:00+00:00,2026-01-19 16:50:00+00:00,LONG,92852.6,93316.86,TP,0.0273,1.1196,2026-01
2026-01-19 18:25:00+00:00,2026-01-19 19:40:00+00:00,SHORT,92944.27,93130.16,SL,-0.0112,1.1084,2026-01
2026-01-19 20:15:00+00:00,2026-01-19 21:15:00+00:00,LONG,93248.02,93061.53,SL,-0.0111,1.0973,2026-01
2026-01-19 21:15:00+00:00,2026-01-19 23:00:00+00:00,SHORT,93020.95,92555.84,TP,0.0274,1.1248,2026-01
2026-01-20 01:25:00+00:00,2026-01-20 01:35:00+00:00,LONG,92894.32,92708.53,SL,-0.0112,1.1135,2026-01
2026-01-20 02:05:00+00:00,2026-01-20 05:00:00+00:00,SHORT,92461.74,91999.43,TP,0.0278,1.1414,2026-01
2026-01-20 10:25:00+00:00,2026-01-20 12:15:00+00:00,LONG,91319.3,91136.66,SL,-0.0114,1.13,2026-01
2026-01-20 12:15:00+00:00,2026-01-20 12:55:00+00:00,SHORT,91065.52,91247.65,SL,-0.0113,1.1187,2026-01
2026-01-20 14:35:00+00:00,2026-01-20 14:40:00+00:00,LONG,91305.26,91122.65,SL,-0.0112,1.1075,2026-01
2026-01-20 15:00:00+00:00,2026-01-20 15:20:00+00:00,SHORT,90284.87,90465.44,SL,-0.0111,1.0964,2026-01
2026-01-21 00:35:00+00:00,2026-01-21 03:40:00+00:00,LONG,88939.9,89384.6,TP,0.0274,1.1238,2026-01
2026-01-21 06:40:00+00:00,2026-01-21 07:50:00+00:00,SHORT,89580.93,89133.03,TP,0.0281,1.1519,2026-01
2026-01-21 09:30:00+00:00,2026-01-21 09:45:00+00:00,LONG,89504.43,89325.42,SL,-0.0115,1.1404,2026-01
2026-01-21 09:50:00+00:00,2026-01-21 10:00:00+00:00,SHORT,89141.04,89319.32,SL,-0.0114,1.129,2026-01
2026-01-21 13:30:00+00:00,2026-01-21 13:35:00+00:00,LONG,89033.13,88855.06,SL,-0.0113,1.1177,2026-01
2026-01-21 16:20:00+00:00,2026-01-21 16:35:00+00:00,SHORT,89422.02,88974.91,TP,0.0279,1.1456,2026-01
2026-01-21 19:25:00+00:00,2026-01-21 19:45:00+00:00,LONG,89682.52,90130.93,TP,0.0286,1.1743,2026-01
2026-01-21 22:35:00+00:00,2026-01-21 23:10:00+00:00,SHORT,89885.88,90065.65,SL,-0.0117,1.1625,2026-01
2026-01-22 00:40:00+00:00,2026-01-22 03:30:00+00:00,LONG,89975.97,89796.01,SL,-0.0116,1.1509,2026-01
2026-01-22 06:40:00+00:00,2026-01-22 07:15:00+00:00,LONG,90194.05,90013.67,SL,-0.0115,1.1394,2026-01
2026-01-22 07:20:00+00:00,2026-01-22 09:40:00+00:00,SHORT,89915.82,90095.65,SL,-0.0114,1.128,2026-01
2026-01-22 11:50:00+00:00,2026-01-22 13:15:00+00:00,SHORT,89883.69,90063.46,SL,-0.0113,1.1167,2026-01
2026-01-22 13:25:00+00:00,2026-01-22 13:30:00+00:00,LONG,90233.24,90052.77,SL,-0.0112,1.1055,2026-01
2026-01-22 13:30:00+00:00,2026-01-22 14:20:00+00:00,SHORT,89939.01,89489.31,TP,0.0276,1.1332,2026-01
2026-01-22 17:55:00+00:00,2026-01-22 18:00:00+00:00,LONG,89585.83,89406.66,SL,-0.0113,1.1219,2026-01
2026-01-22 19:00:00+00:00,2026-01-22 19:05:00+00:00,SHORT,89174.32,89352.66,SL,-0.0112,1.1106,2026-01
2026-01-22 19:35:00+00:00,2026-01-22 19:45:00+00:00,LONG,89877.95,89698.19,SL,-0.0111,1.0995,2026-01
2026-01-22 20:55:00+00:00,2026-01-22 21:05:00+00:00,SHORT,89373.96,89552.7,SL,-0.011,1.0885,2026-01
2026-01-22 23:30:00+00:00,2026-01-23 04:10:00+00:00,LONG,89615.64,90063.72,TP,0.0272,1.1157,2026-01
2026-01-23 05:20:00+00:00,2026-01-23 09:15:00+00:00,SHORT,89607.66,89159.62,TP,0.0279,1.1436,2026-01
2026-01-23 11:30:00+00:00,2026-01-23 12:15:00+00:00,LONG,89332.51,89153.84,SL,-0.0114,1.1322,2026-01
2026-01-23 14:30:00+00:00,2026-01-23 15:45:00+00:00,SHORT,89109.94,89288.16,SL,-0.0113,1.1209,2026-01
2026-01-23 15:45:00+00:00,2026-01-23 15:50:00+00:00,LONG,89876.15,89696.39,SL,-0.0112,1.1097,2026-01
2026-01-23 19:15:00+00:00,2026-01-23 20:30:00+00:00,SHORT,89940.08,89490.38,TP,0.0277,1.1374,2026-01
2026-01-23 22:15:00+00:00,2026-01-24 00:10:00+00:00,LONG,89691.03,89511.65,SL,-0.0114,1.126,2026-01
2026-01-24 06:05:00+00:00,2026-01-24 16:10:00+00:00,SHORT,89699.18,89250.68,TP,0.0282,1.1542,2026-01
2026-01-24 17:10:00+00:00,2026-01-24 23:55:00+00:00,LONG,89407.63,89228.81,SL,-0.0115,1.1427,2026-01
2026-01-25 10:20:00+00:00,2026-01-25 12:00:00+00:00,LONG,88646.25,88468.96,SL,-0.0114,1.1312,2026-01
2026-01-25 12:00:00+00:00,2026-01-25 12:10:00+00:00,SHORT,88428.35,88605.21,SL,-0.0113,1.1199,2026-01
2026-01-25 12:20:00+00:00,2026-01-25 15:50:00+00:00,LONG,88761.48,88583.96,SL,-0.0112,1.1087,2026-01
2026-01-25 21:00:00+00:00,2026-01-25 21:30:00+00:00,LONG,86854.87,86681.16,SL,-0.0111,1.0976,2026-01
2026-01-25 21:35:00+00:00,2026-01-25 21:40:00+00:00,SHORT,86365.99,86538.72,SL,-0.011,1.0866,2026-01
2026-01-26 00:05:00+00:00,2026-01-26 00:25:00+00:00,LONG,87043.55,86869.47,SL,-0.0109,1.0758,2026-01
2026-01-26 03:30:00+00:00,2026-01-26 04:15:00+00:00,SHORT,87319.8,87494.44,SL,-0.0108,1.065,2026-01
2026-01-26 04:15:00+00:00,2026-01-26 08:00:00+00:00,LONG,87625.5,88063.62,TP,0.0266,1.0917,2026-01
2026-01-26 09:15:00+00:00,2026-01-26 10:25:00+00:00,SHORT,87731.77,87907.24,SL,-0.0109,1.0807,2026-01
2026-01-26 10:30:00+00:00,2026-01-26 11:25:00+00:00,LONG,87975.93,87799.97,SL,-0.0108,1.0699,2026-01
2026-01-26 11:25:00+00:00,2026-01-26 12:00:00+00:00,SHORT,87759.56,87935.08,SL,-0.0107,1.0592,2026-01
2026-01-26 13:30:00+00:00,2026-01-26 14:05:00+00:00,LONG,88058.25,87882.13,SL,-0.0106,1.0486,2026-01
2026-01-26 14:10:00+00:00,2026-01-26 14:30:00+00:00,SHORT,87652.94,87828.25,SL,-0.0105,1.0381,2026-01
2026-01-26 14:35:00+00:00,2026-01-26 14:50:00+00:00,LONG,88152.07,87975.76,SL,-0.0104,1.0278,2026-01
2026-01-26 15:40:00+00:00,2026-01-26 15:55:00+00:00,SHORT,87441.61,87616.49,SL,-0.0103,1.0175,2026-01
2026-01-26 18:25:00+00:00,2026-01-26 20:10:00+00:00,LONG,88118.07,87941.84,SL,-0.0102,1.0073,2026-01
2026-01-26 20:20:00+00:00,2026-01-26 21:40:00+00:00,SHORT,87839.02,88014.7,SL,-0.0101,0.9972,2026-01
2026-01-27 00:05:00+00:00,2026-01-27 00:20:00+00:00,SHORT,88174.8,88351.15,SL,-0.01,0.9873,2026-01
2026-01-27 01:30:00+00:00,2026-01-27 05:15:00+00:00,LONG,88630.34,88453.08,SL,-0.0099,0.9774,2026-01
2026-01-27 07:10:00+00:00,2026-01-27 07:50:00+00:00,LONG,88532.81,88355.74,SL,-0.0098,0.9676,2026-01
2026-01-27 07:50:00+00:00,2026-01-27 10:35:00+00:00,SHORT,88312.47,87870.91,TP,0.0242,0.9918,2026-01
2026-01-27 11:30:00+00:00,2026-01-27 13:15:00+00:00,LONG,88031.36,87855.3,SL,-0.0099,0.9819,2026-01
2026-01-27 13:40:00+00:00,2026-01-27 13:45:00+00:00,LONG,88086.87,87910.7,SL,-0.0098,0.9721,2026-01
2026-01-27 14:35:00+00:00,2026-01-27 15:10:00+00:00,SHORT,87800.24,87975.84,SL,-0.0097,0.9624,2026-01
2026-01-27 16:05:00+00:00,2026-01-27 17:05:00+00:00,LONG,88497.26,88320.27,SL,-0.0096,0.9527,2026-01
2026-01-27 17:10:00+00:00,2026-01-27 17:40:00+00:00,SHORT,87981.04,87541.14,TP,0.0238,0.9766,2026-01
2026-01-27 18:55:00+00:00,2026-01-27 20:15:00+00:00,LONG,88320.36,88761.97,TP,0.0244,1.001,2026-01
2026-01-28 00:00:00+00:00,2026-01-28 00:50:00+00:00,SHORT,89143.64,89321.93,SL,-0.01,0.991,2026-01
2026-01-28 00:55:00+00:00,2026-01-28 01:30:00+00:00,LONG,89503.51,89324.5,SL,-0.0099,0.981,2026-01
2026-01-28 02:40:00+00:00,2026-01-28 06:30:00+00:00,SHORT,89118.19,89296.42,SL,-0.0098,0.9712,2026-01
2026-01-28 08:25:00+00:00,2026-01-28 09:35:00+00:00,SHORT,88991.09,89169.07,SL,-0.0097,0.9615,2026-01
2026-01-28 09:35:00+00:00,2026-01-28 11:45:00+00:00,LONG,89371.65,89818.51,TP,0.024,0.9856,2026-01
2026-01-28 14:35:00+00:00,2026-01-28 15:10:00+00:00,SHORT,89774.08,89325.21,TP,0.0246,1.0102,2026-01
2026-01-28 17:50:00+00:00,2026-01-28 17:55:00+00:00,LONG,90505.34,90324.33,SL,-0.0101,1.0001,2026-01
2026-01-28 19:05:00+00:00,2026-01-28 19:50:00+00:00,SHORT,89345.46,89524.15,SL,-0.01,0.9901,2026-01
2026-01-29 04:50:00+00:00,2026-01-29 08:05:00+00:00,LONG,88321.11,88144.47,SL,-0.0099,0.9802,2026-01
2026-01-29 08:05:00+00:00,2026-01-29 08:25:00+00:00,SHORT,87961.05,88136.97,SL,-0.0098,0.9704,2026-01
2026-01-29 08:25:00+00:00,2026-01-29 08:30:00+00:00,LONG,88487.78,88310.81,SL,-0.0097,0.9607,2026-01
2026-01-29 10:00:00+00:00,2026-01-29 10:50:00+00:00,SHORT,87814.87,87990.5,SL,-0.0096,0.9511,2026-01
2026-01-29 12:05:00+00:00,2026-01-29 12:35:00+00:00,LONG,88086.39,87910.22,SL,-0.0095,0.9416,2026-01
2026-01-29 14:25:00+00:00,2026-01-29 14:55:00+00:00,SHORT,87792.35,87353.39,TP,0.0235,0.9651,2026-01
2026-01-29 17:15:00+00:00,2026-01-29 17:20:00+00:00,LONG,85573.35,85402.2,SL,-0.0097,0.9555,2026-01
2026-01-29 17:50:00+00:00,2026-01-29 18:00:00+00:00,SHORT,84268.65,84437.19,SL,-0.0096,0.9459,2026-01
2026-01-29 21:05:00+00:00,2026-01-29 21:20:00+00:00,LONG,84479.49,84310.53,SL,-0.0095,0.9364,2026-01
2026-01-30 00:20:00+00:00,2026-01-30 01:20:00+00:00,SHORT,84406.23,83984.2,TP,0.0234,0.9599,2026-01
2026-01-30 04:00:00+00:00,2026-01-30 05:25:00+00:00,LONG,82838.38,83252.57,TP,0.024,0.9839,2026-01
2026-01-30 06:10:00+00:00,2026-01-30 06:40:00+00:00,SHORT,82759.78,82345.98,TP,0.0246,1.0085,2026-01
2026-01-30 07:05:00+00:00,2026-01-30 07:35:00+00:00,LONG,82825.79,82660.14,SL,-0.0101,0.9984,2026-01
2026-01-30 09:45:00+00:00,2026-01-30 10:20:00+00:00,SHORT,82257.09,82421.61,SL,-0.01,0.9884,2026-01
2026-01-30 10:50:00+00:00,2026-01-30 11:45:00+00:00,LONG,82865.72,82699.99,SL,-0.0099,0.9785,2026-01
2026-01-30 15:25:00+00:00,2026-01-30 15:30:00+00:00,SHORT,82587.23,82752.41,SL,-0.0098,0.9687,2026-01
2026-01-30 18:40:00+00:00,2026-01-30 18:50:00+00:00,LONG,83168.03,83583.87,TP,0.0242,0.9929,2026-01
2026-01-31 01:30:00+00:00,2026-01-31 02:50:00+00:00,SHORT,83975.97,84143.92,SL,-0.0099,0.983,2026-01
2026-01-31 02:50:00+00:00,2026-01-31 04:45:00+00:00,LONG,84185.52,84017.15,SL,-0.0098,0.9732,2026-01
2026-01-31 21:55:00+00:00,2026-01-31 22:15:00+00:00,LONG,78323.32,78166.67,SL,-0.0097,0.9634,2026-01
2026-02-01 01:15:00+00:00,2026-02-01 01:20:00+00:00,SHORT,78368.73,78525.47,SL,-0.0096,0.9538,2026-02
2026-02-01 04:15:00+00:00,2026-02-01 04:25:00+00:00,LONG,79131.64,78973.38,SL,-0.0095,0.9443,2026-02
2026-02-01 05:35:00+00:00,2026-02-01 07:00:00+00:00,SHORT,78682.42,78289.01,TP,0.0236,0.9679,2026-02
2026-02-01 08:35:00+00:00,2026-02-01 08:50:00+00:00,LONG,78805.27,78647.66,SL,-0.0097,0.9582,2026-02
2026-02-01 10:35:00+00:00,2026-02-01 11:35:00+00:00,SHORT,78489.03,78646.01,SL,-0.0096,0.9486,2026-02
2026-02-01 14:50:00+00:00,2026-02-01 15:00:00+00:00,LONG,78269.32,78112.78,SL,-0.0095,0.9391,2026-02
2026-02-01 15:25:00+00:00,2026-02-01 15:35:00+00:00,SHORT,76953.21,77107.11,SL,-0.0094,0.9297,2026-02
2026-02-01 18:05:00+00:00,2026-02-01 18:40:00+00:00,LONG,78191.26,78034.88,SL,-0.0093,0.9204,2026-02
2026-02-01 19:45:00+00:00,2026-02-01 20:25:00+00:00,SHORT,77250.93,76864.67,TP,0.023,0.9434,2026-02
2026-02-01 22:10:00+00:00,2026-02-01 22:15:00+00:00,LONG,77522.44,77367.39,SL,-0.0094,0.934,2026-02
2026-02-01 23:05:00+00:00,2026-02-01 23:10:00+00:00,SHORT,75977.67,76129.62,SL,-0.0093,0.9247,2026-02
2026-02-02 00:20:00+00:00,2026-02-02 00:45:00+00:00,LONG,77985.53,77829.56,SL,-0.0092,0.9154,2026-02
2026-02-02 01:10:00+00:00,2026-02-02 01:15:00+00:00,SHORT,76793.27,76946.86,SL,-0.0092,0.9063,2026-02
2026-02-02 03:50:00+00:00,2026-02-02 04:00:00+00:00,LONG,76034.42,75882.35,SL,-0.0091,0.8972,2026-02
2026-02-02 05:25:00+00:00,2026-02-02 05:40:00+00:00,SHORT,75057.96,75208.08,SL,-0.009,0.8882,2026-02
2026-02-02 06:40:00+00:00,2026-02-02 06:45:00+00:00,LONG,76538.43,76385.36,SL,-0.0089,0.8794,2026-02
2026-02-02 14:15:00+00:00,2026-02-02 14:20:00+00:00,SHORT,77615.94,77771.17,SL,-0.0088,0.8706,2026-02
2026-02-02 14:30:00+00:00,2026-02-02 14:55:00+00:00,LONG,78399.59,78242.79,SL,-0.0087,0.8619,2026-02
2026-02-02 18:25:00+00:00,2026-02-02 18:30:00+00:00,SHORT,78398.99,78555.79,SL,-0.0086,0.8532,2026-02
2026-02-02 22:00:00+00:00,2026-02-03 00:05:00+00:00,LONG,78665.29,78507.96,SL,-0.0085,0.8447,2026-02
2026-02-03 00:05:00+00:00,2026-02-03 00:15:00+00:00,SHORT,78423.37,78580.21,SL,-0.0084,0.8363,2026-02
2026-02-03 00:55:00+00:00,2026-02-03 01:05:00+00:00,LONG,79096.87,78938.67,SL,-0.0084,0.8279,2026-02
2026-02-03 02:10:00+00:00,2026-02-03 02:15:00+00:00,SHORT,78496.37,78653.36,SL,-0.0083,0.8196,2026-02
2026-02-03 03:40:00+00:00,2026-02-03 05:15:00+00:00,LONG,78591.43,78434.25,SL,-0.0082,0.8114,2026-02
2026-02-03 05:15:00+00:00,2026-02-03 05:30:00+00:00,SHORT,78292.66,78449.25,SL,-0.0081,0.8033,2026-02
2026-02-03 06:25:00+00:00,2026-02-03 08:40:00+00:00,LONG,78598.4,78991.39,TP,0.0201,0.8234,2026-02
2026-02-03 09:10:00+00:00,2026-02-03 09:15:00+00:00,SHORT,78149.53,78305.83,SL,-0.0082,0.8152,2026-02
2026-02-03 19:10:00+00:00,2026-02-03 19:15:00+00:00,LONG,74612.13,74985.19,TP,0.0204,0.8355,2026-02
2026-02-03 22:20:00+00:00,2026-02-03 22:25:00+00:00,SHORT,75722.37,75873.81,SL,-0.0084,0.8272,2026-02
2026-02-04 00:30:00+00:00,2026-02-04 00:50:00+00:00,LONG,76150.45,75998.15,SL,-0.0083,0.8189,2026-02
2026-02-04 02:30:00+00:00,2026-02-04 03:05:00+00:00,SHORT,76016.65,76168.68,SL,-0.0082,0.8107,2026-02
2026-02-04 03:10:00+00:00,2026-02-04 03:15:00+00:00,LONG,76668.66,76515.32,SL,-0.0081,0.8026,2026-02
2026-02-04 05:40:00+00:00,2026-02-04 06:00:00+00:00,SHORT,76214.8,76367.23,SL,-0.008,0.7946,2026-02
2026-02-04 06:10:00+00:00,2026-02-04 07:05:00+00:00,LONG,76581.24,76428.08,SL,-0.0079,0.7866,2026-02
2026-02-04 08:00:00+00:00,2026-02-04 08:10:00+00:00,SHORT,76196.21,76348.6,SL,-0.0079,0.7788,2026-02
2026-02-04 18:35:00+00:00,2026-02-04 18:45:00+00:00,LONG,73920.5,73772.66,SL,-0.0078,0.771,2026-02
2026-02-04 21:40:00+00:00,2026-02-04 21:45:00+00:00,SHORT,72610.91,72247.86,TP,0.0193,0.7903,2026-02
2026-02-04 22:20:00+00:00,2026-02-04 22:35:00+00:00,LONG,73315.95,73169.32,SL,-0.0079,0.7824,2026-02
2026-02-05 01:15:00+00:00,2026-02-05 01:25:00+00:00,SHORT,72463.76,72608.69,SL,-0.0078,0.7745,2026-02
2026-02-05 07:00:00+00:00,2026-02-05 07:05:00+00:00,LONG,71566.48,71423.34,SL,-0.0077,0.7668,2026-02
2026-02-05 10:45:00+00:00,2026-02-05 11:15:00+00:00,SHORT,71090.26,70734.81,TP,0.0192,0.786,2026-02
2026-02-05 14:30:00+00:00,2026-02-05 14:50:00+00:00,LONG,70428.16,70287.3,SL,-0.0079,0.7781,2026-02
2026-02-05 15:00:00+00:00,2026-02-05 15:10:00+00:00,SHORT,68953.76,68608.99,TP,0.0195,0.7976,2026-02
2026-02-05 23:00:00+00:00,2026-02-05 23:05:00+00:00,LONG,64773.25,64643.7,SL,-0.008,0.7896,2026-02
2026-02-05 23:50:00+00:00,2026-02-06 00:00:00+00:00,SHORT,62987.25,62672.31,TP,0.0197,0.8093,2026-02
2026-02-06 00:50:00+00:00,2026-02-06 00:55:00+00:00,LONG,63869.13,63741.39,SL,-0.0081,0.8012,2026-02
2026-02-06 03:50:00+00:00,2026-02-06 03:55:00+00:00,SHORT,63926.23,64054.08,SL,-0.008,0.7932,2026-02
2026-02-06 05:10:00+00:00,2026-02-06 05:40:00+00:00,LONG,65552.27,65880.03,TP,0.0198,0.813,2026-02
2026-02-06 06:35:00+00:00,2026-02-06 07:00:00+00:00,SHORT,65256.55,64930.26,TP,0.0203,0.8334,2026-02
2026-02-06 09:30:00+00:00,2026-02-06 09:35:00+00:00,LONG,65985.61,65853.64,SL,-0.0083,0.825,2026-02
2026-02-06 18:05:00+00:00,2026-02-06 18:10:00+00:00,SHORT,69675.78,69815.13,SL,-0.0083,0.8168,2026-02
2026-02-06 19:50:00+00:00,2026-02-06 20:05:00+00:00,LONG,70802.66,70661.05,SL,-0.0082,0.8086,2026-02
2026-02-06 23:20:00+00:00,2026-02-06 23:30:00+00:00,SHORT,70562.52,70703.65,SL,-0.0081,0.8005,2026-02
2026-02-07 03:10:00+00:00,2026-02-07 04:10:00+00:00,LONG,70769.37,71123.21,TP,0.02,0.8205,2026-02
2026-02-07 04:40:00+00:00,2026-02-07 05:05:00+00:00,SHORT,70677.24,70818.59,SL,-0.0082,0.8123,2026-02
2026-02-07 12:00:00+00:00,2026-02-07 12:05:00+00:00,LONG,68434.17,68776.34,TP,0.0203,0.8326,2026-02
2026-02-07 14:45:00+00:00,2026-02-07 14:55:00+00:00,SHORT,68430.62,68567.48,SL,-0.0083,0.8243,2026-02
2026-02-07 15:30:00+00:00,2026-02-07 15:40:00+00:00,LONG,69532.44,69393.38,SL,-0.0082,0.8161,2026-02
2026-02-07 23:00:00+00:00,2026-02-07 23:45:00+00:00,SHORT,69131.41,69269.67,SL,-0.0082,0.8079,2026-02
2026-02-08 01:50:00+00:00,2026-02-08 02:00:00+00:00,LONG,69472.67,69333.72,SL,-0.0081,0.7998,2026-02
2026-02-08 03:55:00+00:00,2026-02-08 04:20:00+00:00,SHORT,69072.35,69210.49,SL,-0.008,0.7918,2026-02
2026-02-08 07:15:00+00:00,2026-02-08 08:00:00+00:00,LONG,69473.47,69820.84,TP,0.0198,0.8116,2026-02
2026-02-08 15:25:00+00:00,2026-02-08 15:30:00+00:00,SHORT,70877.94,71019.69,SL,-0.0081,0.8035,2026-02
2026-02-08 18:30:00+00:00,2026-02-08 20:00:00+00:00,LONG,71270.8,71128.26,SL,-0.008,0.7955,2026-02
2026-02-08 20:25:00+00:00,2026-02-08 23:00:00+00:00,SHORT,70997.28,71139.27,SL,-0.008,0.7875,2026-02
2026-02-08 23:00:00+00:00,2026-02-08 23:05:00+00:00,LONG,71433.16,71790.33,TP,0.0197,0.8072,2026-02
2026-02-08 23:20:00+00:00,2026-02-08 23:25:00+00:00,SHORT,70333.94,70474.6,SL,-0.0081,0.7991,2026-02
2026-02-09 03:35:00+00:00,2026-02-09 04:35:00+00:00,LONG,71122.12,70979.87,SL,-0.008,0.7912,2026-02
2026-02-09 06:15:00+00:00,2026-02-09 06:50:00+00:00,SHORT,70474.06,70615.01,SL,-0.0079,0.7832,2026-02
2026-02-09 14:35:00+00:00,2026-02-09 14:40:00+00:00,LONG,69377.73,69238.97,SL,-0.0078,0.7754,2026-02
2026-02-09 21:10:00+00:00,2026-02-09 21:30:00+00:00,SHORT,70383.86,70031.94,TP,0.0194,0.7948,2026-02
2026-02-09 22:10:00+00:00,2026-02-09 22:15:00+00:00,LONG,70673.54,70532.19,SL,-0.0079,0.7868,2026-02
2026-02-10 00:05:00+00:00,2026-02-10 00:10:00+00:00,SHORT,69977.94,70117.89,SL,-0.0079,0.779,2026-02
2026-02-10 01:25:00+00:00,2026-02-10 02:25:00+00:00,LONG,70394.16,70253.37,SL,-0.0078,0.7712,2026-02
2026-02-10 03:05:00+00:00,2026-02-10 03:30:00+00:00,SHORT,69780.89,69431.98,TP,0.0193,0.7905,2026-02
2026-02-10 08:45:00+00:00,2026-02-10 09:45:00+00:00,LONG,69200.99,69062.59,SL,-0.0079,0.7826,2026-02
2026-02-10 11:00:00+00:00,2026-02-10 11:30:00+00:00,SHORT,68862.15,68999.88,SL,-0.0078,0.7747,2026-02
2026-02-10 13:30:00+00:00,2026-02-10 14:00:00+00:00,LONG,69060.23,68922.11,SL,-0.0077,0.767,2026-02
2026-02-10 14:35:00+00:00,2026-02-10 14:45:00+00:00,SHORT,68553.43,68210.66,TP,0.0192,0.7862,2026-02
2026-02-10 15:45:00+00:00,2026-02-10 15:55:00+00:00,LONG,69435.51,69296.64,SL,-0.0079,0.7783,2026-02
2026-02-10 18:25:00+00:00,2026-02-10 19:35:00+00:00,SHORT,68876.18,69013.93,SL,-0.0078,0.7705,2026-02
2026-02-11 00:05:00+00:00,2026-02-11 00:10:00+00:00,LONG,68942.79,68804.9,SL,-0.0077,0.7628,2026-02
2026-02-11 02:40:00+00:00,2026-02-11 03:15:00+00:00,SHORT,68842.27,68498.06,TP,0.0191,0.7819,2026-02
2026-02-11 11:50:00+00:00,2026-02-11 13:10:00+00:00,LONG,67071.67,66937.52,SL,-0.0078,0.7741,2026-02
2026-02-11 14:45:00+00:00,2026-02-11 15:00:00+00:00,SHORT,66882.26,66547.85,TP,0.0194,0.7934,2026-02
2026-02-11 18:20:00+00:00,2026-02-11 19:00:00+00:00,LONG,66960.43,67295.24,TP,0.0198,0.8133,2026-02
2026-02-11 22:55:00+00:00,2026-02-11 23:20:00+00:00,SHORT,67406.17,67069.14,TP,0.0203,0.8336,2026-02
2026-02-12 00:40:00+00:00,2026-02-12 00:55:00+00:00,LONG,67611.03,67475.81,SL,-0.0083,0.8252,2026-02
2026-02-12 03:15:00+00:00,2026-02-12 03:50:00+00:00,SHORT,67363.96,67498.69,SL,-0.0083,0.817,2026-02
2026-02-12 09:30:00+00:00,2026-02-12 10:45:00+00:00,LONG,67491.07,67828.52,TP,0.0204,0.8374,2026-02
2026-02-12 14:40:00+00:00,2026-02-12 14:50:00+00:00,SHORT,67597.96,67733.16,SL,-0.0084,0.829,2026-02
2026-02-12 22:25:00+00:00,2026-02-12 22:45:00+00:00,LONG,65986.19,66316.12,TP,0.0207,0.8498,2026-02
2026-02-13 00:30:00+00:00,2026-02-13 00:35:00+00:00,SHORT,65946.33,66078.22,SL,-0.0085,0.8413,2026-02
2026-02-13 01:35:00+00:00,2026-02-13 04:45:00+00:00,LONG,66483.17,66350.21,SL,-0.0084,0.8329,2026-02
2026-02-13 04:45:00+00:00,2026-02-13 05:40:00+00:00,SHORT,66316.42,66449.06,SL,-0.0083,0.8245,2026-02
2026-02-13 07:00:00+00:00,2026-02-13 07:30:00+00:00,LONG,66482.59,66349.63,SL,-0.0082,0.8163,2026-02
2026-02-13 20:10:00+00:00,2026-02-13 21:05:00+00:00,SHORT,68778.28,68915.83,SL,-0.0082,0.8081,2026-02
2026-02-14 00:50:00+00:00,2026-02-14 01:35:00+00:00,LONG,69150.3,69012.0,SL,-0.0081,0.8,2026-02
2026-02-14 04:50:00+00:00,2026-02-14 06:35:00+00:00,SHORT,68770.28,68907.82,SL,-0.008,0.792,2026-02
2026-02-14 06:50:00+00:00,2026-02-14 07:50:00+00:00,LONG,68941.49,69286.19,TP,0.0198,0.8118,2026-02
2026-02-14 12:45:00+00:00,2026-02-14 13:00:00+00:00,SHORT,69812.38,69463.32,TP,0.0203,0.8321,2026-02
2026-02-14 15:20:00+00:00,2026-02-14 15:45:00+00:00,LONG,69986.71,69846.74,SL,-0.0083,0.8238,2026-02
2026-02-14 16:20:00+00:00,2026-02-14 16:30:00+00:00,SHORT,69310.98,69449.61,SL,-0.0082,0.8156,2026-02
2026-02-14 17:10:00+00:00,2026-02-14 17:45:00+00:00,LONG,69888.92,69749.15,SL,-0.0082,0.8074,2026-02
2026-02-14 21:35:00+00:00,2026-02-14 21:50:00+00:00,SHORT,69721.79,69861.23,SL,-0.0081,0.7993,2026-02
2026-02-15 01:10:00+00:00,2026-02-15 01:20:00+00:00,LONG,69930.65,69790.79,SL,-0.008,0.7914,2026-02
2026-02-15 01:20:00+00:00,2026-02-15 01:55:00+00:00,SHORT,69544.17,69683.26,SL,-0.0079,0.7834,2026-02
2026-02-15 03:45:00+00:00,2026-02-15 04:10:00+00:00,LONG,69930.25,70279.9,TP,0.0196,0.803,2026-02
2026-02-15 08:30:00+00:00,2026-02-15 08:45:00+00:00,SHORT,70250.02,70390.52,SL,-0.008,0.795,2026-02
2026-02-15 21:05:00+00:00,2026-02-15 23:05:00+00:00,LONG,68731.49,68594.03,SL,-0.0079,0.787,2026-02
2026-02-16 04:00:00+00:00,2026-02-16 05:20:00+00:00,LONG,68544.13,68407.04,SL,-0.0079,0.7792,2026-02
2026-02-16 07:05:00+00:00,2026-02-16 09:00:00+00:00,LONG,68567.86,68910.7,TP,0.0195,0.7987,2026-02
2026-02-16 11:05:00+00:00,2026-02-16 11:50:00+00:00,SHORT,68670.5,68807.84,SL,-0.008,0.7907,2026-02
2026-02-16 12:00:00+00:00,2026-02-16 12:25:00+00:00,LONG,68958.23,69303.02,TP,0.0198,0.8104,2026-02
2026-02-16 13:25:00+00:00,2026-02-16 15:30:00+00:00,SHORT,68583.56,68240.64,TP,0.0203,0.8307,2026-02
2026-02-16 18:20:00+00:00,2026-02-16 18:35:00+00:00,LONG,68205.36,68068.95,SL,-0.0083,0.8224,2026-02
2026-02-16 18:55:00+00:00,2026-02-16 19:10:00+00:00,SHORT,67832.99,67968.65,SL,-0.0082,0.8142,2026-02
2026-02-16 20:25:00+00:00,2026-02-16 20:35:00+00:00,LONG,68255.02,68118.51,SL,-0.0081,0.806,2026-02
2026-02-17 01:50:00+00:00,2026-02-17 02:05:00+00:00,SHORT,68607.65,68744.86,SL,-0.0081,0.798,2026-02
2026-02-17 02:10:00+00:00,2026-02-17 02:15:00+00:00,LONG,69152.39,69014.09,SL,-0.008,0.79,2026-02
2026-02-17 03:20:00+00:00,2026-02-17 05:15:00+00:00,SHORT,68579.03,68236.13,TP,0.0197,0.8097,2026-02
2026-02-17 06:30:00+00:00,2026-02-17 07:05:00+00:00,LONG,68464.42,68327.5,SL,-0.0081,0.8016,2026-02
2026-02-17 07:25:00+00:00,2026-02-17 07:35:00+00:00,SHORT,68184.21,68320.57,SL,-0.008,0.7936,2026-02
2026-02-17 07:35:00+00:00,2026-02-17 08:15:00+00:00,LONG,68492.25,68355.26,SL,-0.0079,0.7857,2026-02
2026-02-17 08:35:00+00:00,2026-02-17 09:00:00+00:00,SHORT,68148.29,68284.59,SL,-0.0079,0.7778,2026-02
2026-02-17 12:05:00+00:00,2026-02-17 12:55:00+00:00,LONG,68140.43,68004.14,SL,-0.0078,0.7701,2026-02
2026-02-17 13:00:00+00:00,2026-02-17 13:05:00+00:00,SHORT,67749.76,67885.26,SL,-0.0077,0.7624,2026-02
2026-02-17 13:20:00+00:00,2026-02-17 13:25:00+00:00,LONG,68369.04,68232.3,SL,-0.0076,0.7547,2026-02
2026-02-17 14:35:00+00:00,2026-02-17 14:40:00+00:00,SHORT,67581.49,67243.58,TP,0.0189,0.7736,2026-02
2026-02-17 16:00:00+00:00,2026-02-17 16:25:00+00:00,LONG,67781.87,67646.31,SL,-0.0077,0.7659,2026-02
2026-02-17 17:40:00+00:00,2026-02-17 17:50:00+00:00,SHORT,66979.19,67113.15,SL,-0.0077,0.7582,2026-02
2026-02-17 18:35:00+00:00,2026-02-17 20:05:00+00:00,LONG,67862.03,67726.31,SL,-0.0076,0.7506,2026-02
2026-02-17 20:05:00+00:00,2026-02-17 20:25:00+00:00,SHORT,67536.22,67671.3,SL,-0.0075,0.7431,2026-02
2026-02-18 02:05:00+00:00,2026-02-18 02:15:00+00:00,LONG,67399.64,67264.84,SL,-0.0074,0.7357,2026-02
2026-02-18 07:20:00+00:00,2026-02-18 07:35:00+00:00,SHORT,67675.63,67810.98,SL,-0.0074,0.7283,2026-02
2026-02-18 07:35:00+00:00,2026-02-18 08:15:00+00:00,LONG,67986.62,68326.56,TP,0.0182,0.7465,2026-02
2026-02-18 10:30:00+00:00,2026-02-18 11:05:00+00:00,SHORT,67894.22,67554.75,TP,0.0187,0.7652,2026-02
2026-02-18 15:35:00+00:00,2026-02-18 15:45:00+00:00,LONG,68137.2,68000.93,SL,-0.0077,0.7575,2026-02
2026-02-18 16:05:00+00:00,2026-02-18 16:25:00+00:00,SHORT,67111.21,67245.44,SL,-0.0076,0.75,2026-02
2026-02-19 00:05:00+00:00,2026-02-19 00:10:00+00:00,LONG,66577.46,66444.31,SL,-0.0075,0.7425,2026-02
2026-02-19 02:40:00+00:00,2026-02-19 02:55:00+00:00,SHORT,66636.05,66769.33,SL,-0.0074,0.735,2026-02
2026-02-19 03:55:00+00:00,2026-02-19 04:20:00+00:00,LONG,67007.7,66873.69,SL,-0.0074,0.7277,2026-02
2026-02-19 05:05:00+00:00,2026-02-19 05:15:00+00:00,SHORT,66717.43,66850.87,SL,-0.0073,0.7204,2026-02
2026-02-19 06:10:00+00:00,2026-02-19 08:30:00+00:00,LONG,67020.51,66886.47,SL,-0.0072,0.7132,2026-02
2026-02-19 14:50:00+00:00,2026-02-19 15:10:00+00:00,LONG,66484.22,66351.25,SL,-0.0071,0.7061,2026-02
2026-02-19 22:00:00+00:00,2026-02-19 22:10:00+00:00,SHORT,66745.01,66878.5,SL,-0.0071,0.699,2026-02
2026-02-19 23:15:00+00:00,2026-02-20 00:25:00+00:00,LONG,66951.97,67286.73,TP,0.0175,0.7165,2026-02
2026-02-20 04:15:00+00:00,2026-02-20 04:35:00+00:00,SHORT,67146.4,67280.69,SL,-0.0072,0.7093,2026-02
2026-02-20 05:30:00+00:00,2026-02-20 06:00:00+00:00,LONG,67925.13,67789.28,SL,-0.0071,0.7022,2026-02
2026-02-20 10:50:00+00:00,2026-02-20 11:40:00+00:00,SHORT,67952.8,67613.03,TP,0.0176,0.7198,2026-02
2026-02-20 15:00:00+00:00,2026-02-20 15:10:00+00:00,LONG,67463.73,67328.81,SL,-0.0072,0.7126,2026-02
2026-02-20 17:10:00+00:00,2026-02-20 17:35:00+00:00,SHORT,67040.2,67174.28,SL,-0.0071,0.7055,2026-02
2026-02-20 18:30:00+00:00,2026-02-20 18:35:00+00:00,LONG,67901.16,67765.36,SL,-0.0071,0.6984,2026-02
2026-02-21 03:00:00+00:00,2026-02-21 06:10:00+00:00,SHORT,67769.05,67904.59,SL,-0.007,0.6914,2026-02
2026-02-21 06:35:00+00:00,2026-02-21 07:35:00+00:00,SHORT,67732.48,67867.94,SL,-0.0069,0.6845,2026-02
2026-02-21 08:10:00+00:00,2026-02-21 14:20:00+00:00,LONG,67937.65,68277.34,TP,0.0171,0.7016,2026-02
2026-02-21 16:10:00+00:00,2026-02-21 18:15:00+00:00,SHORT,68329.44,68466.1,SL,-0.007,0.6946,2026-02
2026-02-21 18:15:00+00:00,2026-02-21 20:40:00+00:00,LONG,68525.29,68388.24,SL,-0.0069,0.6877,2026-02
2026-02-22 01:05:00+00:00,2026-02-22 02:55:00+00:00,LONG,68072.56,67936.41,SL,-0.0069,0.6808,2026-02
2026-02-22 06:00:00+00:00,2026-02-22 12:35:00+00:00,LONG,68061.98,67925.86,SL,-0.0068,0.674,2026-02
2026-02-22 15:35:00+00:00,2026-02-22 15:55:00+00:00,LONG,67834.52,67698.85,SL,-0.0067,0.6672,2026-02
2026-02-22 17:30:00+00:00,2026-02-22 18:05:00+00:00,SHORT,67272.94,67407.49,SL,-0.0067,0.6606,2026-02
2026-02-22 21:35:00+00:00,2026-02-22 22:05:00+00:00,LONG,67644.29,67509.0,SL,-0.0066,0.654,2026-02
2026-02-22 23:10:00+00:00,2026-02-22 23:25:00+00:00,SHORT,67470.03,67604.97,SL,-0.0065,0.6474,2026-02
2026-02-23 05:05:00+00:00,2026-02-23 06:10:00+00:00,LONG,64994.32,65319.29,TP,0.0162,0.6636,2026-02
2026-02-23 08:20:00+00:00,2026-02-23 09:00:00+00:00,SHORT,65623.63,65754.88,SL,-0.0066,0.657,2026-02
2026-02-23 09:30:00+00:00,2026-02-23 12:30:00+00:00,LONG,66176.7,66044.35,SL,-0.0066,0.6504,2026-02
2026-02-23 12:40:00+00:00,2026-02-23 12:55:00+00:00,LONG,66445.9,66313.01,SL,-0.0065,0.6439,2026-02
2026-02-23 14:30:00+00:00,2026-02-23 16:00:00+00:00,SHORT,65911.77,65582.22,TP,0.0161,0.66,2026-02
2026-02-23 21:00:00+00:00,2026-02-23 21:05:00+00:00,LONG,64670.94,64541.6,SL,-0.0066,0.6534,2026-02
2026-02-23 23:50:00+00:00,2026-02-24 00:00:00+00:00,SHORT,64548.33,64677.43,SL,-0.0065,0.6469,2026-02
2026-02-24 00:10:00+00:00,2026-02-24 01:00:00+00:00,LONG,64920.98,64791.14,SL,-0.0065,0.6404,2026-02
2026-02-24 01:05:00+00:00,2026-02-24 01:15:00+00:00,SHORT,64599.28,64276.28,TP,0.016,0.6564,2026-02
2026-02-24 14:40:00+00:00,2026-02-24 15:15:00+00:00,LONG,63361.74,63678.55,TP,0.0164,0.6728,2026-02
2026-02-24 21:00:00+00:00,2026-02-25 00:50:00+00:00,SHORT,64138.33,64266.61,SL,-0.0067,0.6661,2026-02
2026-02-25 03:35:00+00:00,2026-02-25 04:25:00+00:00,SHORT,65455.33,65586.24,SL,-0.0067,0.6594,2026-02
2026-02-25 08:20:00+00:00,2026-02-25 08:50:00+00:00,LONG,65256.04,65582.32,TP,0.0165,0.6759,2026-02
2026-02-25 11:05:00+00:00,2026-02-25 11:35:00+00:00,SHORT,65265.34,65395.87,SL,-0.0068,0.6692,2026-02
2026-02-25 12:15:00+00:00,2026-02-25 12:50:00+00:00,LONG,65742.72,66071.43,TP,0.0167,0.6859,2026-02
2026-02-25 20:10:00+00:00,2026-02-25 20:15:00+00:00,SHORT,68617.23,68754.47,SL,-0.0069,0.679,2026-02
2026-02-25 20:45:00+00:00,2026-02-25 21:00:00+00:00,LONG,69279.7,69141.14,SL,-0.0068,0.6722,2026-02
2026-02-25 22:35:00+00:00,2026-02-25 22:50:00+00:00,SHORT,68638.97,68295.78,TP,0.0168,0.689,2026-02
2026-02-26 00:30:00+00:00,2026-02-26 00:35:00+00:00,LONG,68510.35,68373.33,SL,-0.0069,0.6821,2026-02
2026-02-26 02:10:00+00:00,2026-02-26 02:15:00+00:00,SHORT,67836.07,67971.75,SL,-0.0068,0.6753,2026-02
2026-02-26 04:05:00+00:00,2026-02-26 05:10:00+00:00,LONG,68474.84,68337.89,SL,-0.0068,0.6686,2026-02
2026-02-26 05:15:00+00:00,2026-02-26 05:30:00+00:00,SHORT,68238.99,68375.47,SL,-0.0067,0.6619,2026-02
2026-02-26 09:10:00+00:00,2026-02-26 09:15:00+00:00,LONG,68353.16,68216.45,SL,-0.0066,0.6553,2026-02
2026-02-26 11:05:00+00:00,2026-02-26 14:00:00+00:00,SHORT,68238.0,67896.81,TP,0.0164,0.6716,2026-02
2026-02-26 18:30:00+00:00,2026-02-26 19:00:00+00:00,LONG,67298.31,67634.8,TP,0.0168,0.6884,2026-02
2026-02-26 21:05:00+00:00,2026-02-26 21:10:00+00:00,SHORT,67173.12,67307.47,SL,-0.0069,0.6816,2026-02
2026-02-27 02:15:00+00:00,2026-02-27 02:20:00+00:00,LONG,67546.66,67411.56,SL,-0.0068,0.6747,2026-02
2026-02-27 07:25:00+00:00,2026-02-27 07:30:00+00:00,SHORT,67479.39,67614.35,SL,-0.0067,0.668,2026-02
2026-02-27 08:05:00+00:00,2026-02-27 08:10:00+00:00,LONG,68027.2,67891.15,SL,-0.0067,0.6613,2026-02
2026-02-27 09:40:00+00:00,2026-02-27 10:10:00+00:00,SHORT,67582.67,67244.75,TP,0.0165,0.6778,2026-02
2026-02-27 13:55:00+00:00,2026-02-27 14:15:00+00:00,LONG,66297.06,66164.46,SL,-0.0068,0.6711,2026-02
2026-02-27 16:40:00+00:00,2026-02-27 17:15:00+00:00,SHORT,65703.28,65374.76,TP,0.0168,0.6878,2026-02
2026-02-27 21:15:00+00:00,2026-02-27 21:45:00+00:00,LONG,65704.94,65573.53,SL,-0.0069,0.681,2026-02
2026-02-27 21:50:00+00:00,2026-02-27 22:15:00+00:00,SHORT,65423.79,65554.64,SL,-0.0068,0.6742,2026-02
2026-02-27 23:05:00+00:00,2026-02-28 04:25:00+00:00,LONG,65849.32,65717.62,SL,-0.0067,0.6674,2026-02
2026-02-28 10:30:00+00:00,2026-02-28 11:55:00+00:00,LONG,64039.35,63911.27,SL,-0.0067,0.6607,2026-02
2026-03-01 00:30:00+00:00,2026-03-01 00:50:00+00:00,SHORT,66695.91,66829.3,SL,-0.0066,0.6541,2026-03
2026-03-01 01:45:00+00:00,2026-03-01 02:00:00+00:00,LONG,67367.1,67703.93,TP,0.0164,0.6705,2026-03
2026-03-01 06:05:00+00:00,2026-03-01 08:10:00+00:00,SHORT,67081.42,67215.58,SL,-0.0067,0.6638,2026-03
2026-03-01 08:10:00+00:00,2026-03-01 08:40:00+00:00,LONG,67296.65,67162.05,SL,-0.0066,0.6571,2026-03
2026-03-01 08:50:00+00:00,2026-03-01 09:00:00+00:00,SHORT,66467.66,66600.6,SL,-0.0066,0.6506,2026-03
2026-03-01 13:50:00+00:00,2026-03-01 13:55:00+00:00,LONG,67171.86,67037.51,SL,-0.0065,0.6441,2026-03
2026-03-01 16:45:00+00:00,2026-03-01 18:00:00+00:00,SHORT,66065.64,66197.77,SL,-0.0064,0.6376,2026-03
2026-03-01 22:10:00+00:00,2026-03-01 22:25:00+00:00,LONG,66035.3,65903.23,SL,-0.0064,0.6312,2026-03
2026-03-01 22:30:00+00:00,2026-03-01 23:00:00+00:00,SHORT,65275.31,65405.86,SL,-0.0063,0.6249,2026-03
2026-03-02 00:40:00+00:00,2026-03-02 00:55:00+00:00,LONG,66666.98,66533.64,SL,-0.0062,0.6187,2026-03
2026-03-02 02:15:00+00:00,2026-03-02 02:20:00+00:00,SHORT,66059.57,66191.68,SL,-0.0062,0.6125,2026-03
2026-03-02 03:20:00+00:00,2026-03-02 05:05:00+00:00,LONG,66790.15,66656.57,SL,-0.0061,0.6064,2026-03
2026-03-02 06:15:00+00:00,2026-03-02 07:05:00+00:00,SHORT,66203.55,65872.53,TP,0.0152,0.6215,2026-03
2026-03-02 08:55:00+00:00,2026-03-02 09:55:00+00:00,LONG,66308.51,66175.9,SL,-0.0062,0.6153,2026-03
2026-03-02 12:40:00+00:00,2026-03-02 13:40:00+00:00,SHORT,65959.0,65629.2,TP,0.0154,0.6307,2026-03
2026-03-02 14:30:00+00:00,2026-03-02 14:40:00+00:00,LONG,66288.75,66620.2,TP,0.0158,0.6465,2026-03
2026-03-02 20:10:00+00:00,2026-03-02 20:15:00+00:00,SHORT,68710.51,68847.94,SL,-0.0065,0.64,2026-03
2026-03-02 20:45:00+00:00,2026-03-02 20:55:00+00:00,LONG,69425.48,69286.63,SL,-0.0064,0.6336,2026-03
2026-03-02 23:20:00+00:00,2026-03-03 02:00:00+00:00,SHORT,69040.88,68695.68,TP,0.0158,0.6494,2026-03
2026-03-03 05:15:00+00:00,2026-03-03 05:30:00+00:00,LONG,68545.41,68408.32,SL,-0.0065,0.643,2026-03
2026-03-03 05:45:00+00:00,2026-03-03 06:40:00+00:00,SHORT,67842.88,67978.57,SL,-0.0064,0.6365,2026-03
2026-03-03 07:20:00+00:00,2026-03-03 07:30:00+00:00,LONG,68279.39,68142.83,SL,-0.0064,0.6302,2026-03
2026-03-03 08:25:00+00:00,2026-03-03 08:40:00+00:00,SHORT,67720.68,67382.08,TP,0.0158,0.6459,2026-03
2026-03-03 10:45:00+00:00,2026-03-03 10:50:00+00:00,LONG,67005.47,66871.46,SL,-0.0065,0.6395,2026-03
2026-03-03 13:40:00+00:00,2026-03-03 14:00:00+00:00,SHORT,66834.39,66968.05,SL,-0.0064,0.6331,2026-03
2026-03-03 15:35:00+00:00,2026-03-03 16:00:00+00:00,LONG,67586.5,67924.44,TP,0.0158,0.6489,2026-03
2026-03-03 16:40:00+00:00,2026-03-03 16:45:00+00:00,SHORT,67699.2,67834.6,SL,-0.0065,0.6424,2026-03
2026-03-03 23:05:00+00:00,2026-03-03 23:50:00+00:00,LONG,68477.56,68340.6,SL,-0.0064,0.636,2026-03
2026-03-04 00:30:00+00:00,2026-03-04 00:45:00+00:00,SHORT,67976.12,68112.07,SL,-0.0064,0.6296,2026-03
2026-03-04 01:30:00+00:00,2026-03-04 01:50:00+00:00,LONG,68542.49,68405.4,SL,-0.0063,0.6233,2026-03
2026-03-04 03:25:00+00:00,2026-03-04 03:30:00+00:00,SHORT,67949.06,67609.31,TP,0.0156,0.6389,2026-03
2026-03-04 05:40:00+00:00,2026-03-04 06:40:00+00:00,LONG,68233.64,68574.81,TP,0.016,0.6549,2026-03
2026-03-04 12:05:00+00:00,2026-03-04 12:45:00+00:00,SHORT,70839.44,70981.12,SL,-0.0065,0.6483,2026-03
2026-03-04 12:55:00+00:00,2026-03-04 14:10:00+00:00,LONG,71368.25,71725.09,TP,0.0162,0.6645,2026-03
2026-03-04 20:55:00+00:00,2026-03-04 21:20:00+00:00,SHORT,72990.47,73136.45,SL,-0.0066,0.6579,2026-03
2026-03-05 01:05:00+00:00,2026-03-05 01:20:00+00:00,LONG,73099.27,72953.07,SL,-0.0066,0.6513,2026-03
2026-03-05 02:35:00+00:00,2026-03-05 02:45:00+00:00,SHORT,72359.02,72503.74,SL,-0.0065,0.6448,2026-03
2026-03-05 04:25:00+00:00,2026-03-05 04:30:00+00:00,LONG,72822.78,72677.13,SL,-0.0064,0.6383,2026-03
2026-03-05 05:35:00+00:00,2026-03-05 06:35:00+00:00,SHORT,72364.29,72509.02,SL,-0.0064,0.632,2026-03
2026-03-05 09:00:00+00:00,2026-03-05 10:20:00+00:00,LONG,72509.93,72872.48,TP,0.0158,0.6478,2026-03
2026-03-05 11:35:00+00:00,2026-03-05 12:05:00+00:00,SHORT,72770.89,72916.43,SL,-0.0065,0.6413,2026-03
2026-03-05 21:15:00+00:00,2026-03-05 21:35:00+00:00,LONG,71499.24,71356.24,SL,-0.0064,0.6349,2026-03
2026-03-05 21:50:00+00:00,2026-03-05 21:55:00+00:00,SHORT,70998.84,71140.84,SL,-0.0063,0.6285,2026-03
2026-03-06 01:50:00+00:00,2026-03-06 03:10:00+00:00,LONG,71220.9,71078.46,SL,-0.0063,0.6222,2026-03
2026-03-06 04:25:00+00:00,2026-03-06 05:20:00+00:00,SHORT,70843.54,70489.32,TP,0.0156,0.6378,2026-03
2026-03-06 06:45:00+00:00,2026-03-06 06:50:00+00:00,LONG,70770.1,70628.56,SL,-0.0064,0.6314,2026-03
2026-03-06 09:05:00+00:00,2026-03-06 11:50:00+00:00,SHORT,70645.63,70292.4,TP,0.0158,0.6472,2026-03
2026-03-06 19:15:00+00:00,2026-03-06 19:20:00+00:00,LONG,68505.05,68368.04,SL,-0.0065,0.6407,2026-03
2026-03-06 20:25:00+00:00,2026-03-06 20:40:00+00:00,SHORT,67805.61,67941.22,SL,-0.0064,0.6343,2026-03
2026-03-06 22:00:00+00:00,2026-03-06 23:35:00+00:00,LONG,68375.92,68239.17,SL,-0.0063,0.628,2026-03
2026-03-06 23:50:00+00:00,2026-03-07 00:30:00+00:00,SHORT,68106.02,68242.23,SL,-0.0063,0.6217,2026-03
2026-03-07 00:50:00+00:00,2026-03-07 01:10:00+00:00,LONG,68385.67,68248.9,SL,-0.0062,0.6155,2026-03
2026-03-07 02:25:00+00:00,2026-03-07 02:50:00+00:00,SHORT,68079.78,68215.94,SL,-0.0062,0.6093,2026-03
2026-03-07 02:55:00+00:00,2026-03-07 03:25:00+00:00,LONG,68377.38,68240.63,SL,-0.0061,0.6032,2026-03
2026-03-07 03:50:00+00:00,2026-03-07 06:50:00+00:00,SHORT,68095.35,67754.87,TP,0.0151,0.6183,2026-03
2026-03-07 08:20:00+00:00,2026-03-07 08:55:00+00:00,LONG,67999.38,67863.38,SL,-0.0062,0.6121,2026-03
2026-03-07 10:55:00+00:00,2026-03-07 11:10:00+00:00,SHORT,67853.16,67988.86,SL,-0.0061,0.606,2026-03
2026-03-07 11:10:00+00:00,2026-03-07 11:45:00+00:00,LONG,68214.2,68077.78,SL,-0.0061,0.5999,2026-03
2026-03-07 14:00:00+00:00,2026-03-07 14:35:00+00:00,SHORT,67822.24,67957.88,SL,-0.006,0.5939,2026-03
2026-03-07 14:35:00+00:00,2026-03-07 15:10:00+00:00,LONG,68088.53,67952.36,SL,-0.0059,0.588,2026-03
2026-03-07 16:15:00+00:00,2026-03-07 17:20:00+00:00,SHORT,67752.18,67887.68,SL,-0.0059,0.5821,2026-03
2026-03-08 05:15:00+00:00,2026-03-08 07:10:00+00:00,LONG,67047.54,67382.78,TP,0.0146,0.5967,2026-03
2026-03-08 11:00:00+00:00,2026-03-08 12:05:00+00:00,SHORT,67723.87,67385.25,TP,0.0149,0.6116,2026-03
2026-03-08 19:15:00+00:00,2026-03-08 20:25:00+00:00,LONG,67180.86,67046.5,SL,-0.0061,0.6055,2026-03
2026-03-08 20:25:00+00:00,2026-03-08 20:30:00+00:00,SHORT,67004.98,67138.99,SL,-0.0061,0.5994,2026-03
2026-03-09 01:30:00+00:00,2026-03-09 01:45:00+00:00,LONG,66646.66,66513.36,SL,-0.006,0.5934,2026-03
2026-03-09 06:55:00+00:00,2026-03-09 07:35:00+00:00,SHORT,67240.27,67374.75,SL,-0.0059,0.5875,2026-03
2026-03-09 08:05:00+00:00,2026-03-09 08:15:00+00:00,LONG,67645.24,67509.95,SL,-0.0059,0.5816,2026-03
2026-03-09 10:40:00+00:00,2026-03-09 11:50:00+00:00,SHORT,67651.19,67786.49,SL,-0.0058,0.5758,2026-03
2026-03-09 12:15:00+00:00,2026-03-09 13:10:00+00:00,LONG,68018.95,68359.04,TP,0.0144,0.5902,2026-03
2026-03-09 17:35:00+00:00,2026-03-09 17:50:00+00:00,SHORT,68395.63,68532.42,SL,-0.0059,0.5843,2026-03
2026-03-09 19:15:00+00:00,2026-03-09 19:25:00+00:00,LONG,68875.02,69219.39,TP,0.0146,0.5989,2026-03
2026-03-09 22:35:00+00:00,2026-03-09 22:45:00+00:00,SHORT,68616.12,68753.35,SL,-0.006,0.5929,2026-03
2026-03-10 00:15:00+00:00,2026-03-10 00:30:00+00:00,LONG,68706.12,69049.65,TP,0.0148,0.6077,2026-03
2026-03-10 03:45:00+00:00,2026-03-10 04:10:00+00:00,SHORT,69552.18,69691.28,SL,-0.0061,0.6017,2026-03
2026-03-10 04:55:00+00:00,2026-03-10 05:40:00+00:00,LONG,70100.97,69960.77,SL,-0.006,0.5956,2026-03
2026-03-10 11:10:00+00:00,2026-03-10 11:20:00+00:00,SHORT,70589.83,70731.01,SL,-0.006,0.5897,2026-03
2026-03-10 13:05:00+00:00,2026-03-10 13:30:00+00:00,LONG,70765.55,70624.02,SL,-0.0059,0.5838,2026-03
2026-03-10 13:30:00+00:00,2026-03-10 13:35:00+00:00,SHORT,70233.89,69882.72,TP,0.0146,0.5984,2026-03
2026-03-10 14:45:00+00:00,2026-03-10 14:50:00+00:00,LONG,70671.96,71025.32,TP,0.015,0.6134,2026-03
2026-03-10 17:35:00+00:00,2026-03-10 17:45:00+00:00,SHORT,70641.3,70782.58,SL,-0.0061,0.6072,2026-03
2026-03-11 00:10:00+00:00,2026-03-11 00:30:00+00:00,LONG,70078.1,69937.94,SL,-0.0061,0.6011,2026-03
2026-03-11 02:35:00+00:00,2026-03-11 04:25:00+00:00,SHORT,69671.99,69811.33,SL,-0.006,0.5951,2026-03
2026-03-11 05:35:00+00:00,2026-03-11 06:30:00+00:00,SHORT,69741.32,69880.8,SL,-0.006,0.5892,2026-03
2026-03-11 06:50:00+00:00,2026-03-11 07:25:00+00:00,LONG,69971.58,69831.63,SL,-0.0059,0.5833,2026-03
2026-03-11 07:35:00+00:00,2026-03-11 08:00:00+00:00,SHORT,69513.76,69652.79,SL,-0.0058,0.5775,2026-03
2026-03-11 13:10:00+00:00,2026-03-11 13:20:00+00:00,LONG,69888.58,70238.03,TP,0.0144,0.5919,2026-03
2026-03-11 18:35:00+00:00,2026-03-11 18:45:00+00:00,SHORT,70433.51,70574.37,SL,-0.0059,0.586,2026-03
2026-03-11 21:00:00+00:00,2026-03-11 21:10:00+00:00,LONG,70766.8,70625.26,SL,-0.0059,0.5801,2026-03
2026-03-11 22:30:00+00:00,2026-03-12 01:00:00+00:00,SHORT,70351.0,69999.24,TP,0.0145,0.5946,2026-03
2026-03-12 07:25:00+00:00,2026-03-12 08:15:00+00:00,LONG,69634.24,69982.41,TP,0.0149,0.6095,2026-03
2026-03-12 13:15:00+00:00,2026-03-12 13:30:00+00:00,SHORT,70194.6,70334.99,SL,-0.0061,0.6034,2026-03
2026-03-12 15:35:00+00:00,2026-03-12 15:40:00+00:00,LONG,70577.53,70436.37,SL,-0.006,0.5974,2026-03
2026-03-12 18:45:00+00:00,2026-03-12 19:15:00+00:00,SHORT,69808.82,69948.43,SL,-0.006,0.5914,2026-03
2026-03-12 19:30:00+00:00,2026-03-12 20:35:00+00:00,LONG,70356.01,70215.3,SL,-0.0059,0.5855,2026-03
2026-03-12 20:40:00+00:00,2026-03-12 21:00:00+00:00,SHORT,70102.29,70242.49,SL,-0.0059,0.5796,2026-03
2026-03-12 23:00:00+00:00,2026-03-13 00:10:00+00:00,LONG,70441.44,70793.64,TP,0.0145,0.5941,2026-03
2026-03-13 02:40:00+00:00,2026-03-13 03:50:00+00:00,SHORT,71146.53,71288.82,SL,-0.0059,0.5882,2026-03
2026-03-13 05:30:00+00:00,2026-03-13 06:25:00+00:00,LONG,71590.69,71447.51,SL,-0.0059,0.5823,2026-03
2026-03-13 14:40:00+00:00,2026-03-13 14:55:00+00:00,SHORT,72917.52,72552.93,TP,0.0146,0.5968,2026-03
2026-03-14 03:05:00+00:00,2026-03-14 06:15:00+00:00,LONG,71027.4,70885.34,SL,-0.006,0.5909,2026-03
2026-03-14 11:05:00+00:00,2026-03-14 15:35:00+00:00,LONG,70706.08,70564.67,SL,-0.0059,0.585,2026-03
2026-03-14 19:10:00+00:00,2026-03-14 23:30:00+00:00,LONG,70715.99,71069.57,TP,0.0146,0.5996,2026-03
2026-03-15 01:10:00+00:00,2026-03-15 02:00:00+00:00,SHORT,70921.34,71063.18,SL,-0.006,0.5936,2026-03
2026-03-15 02:00:00+00:00,2026-03-15 02:45:00+00:00,LONG,71217.52,71573.6,TP,0.0148,0.6084,2026-03
2026-03-15 12:40:00+00:00,2026-03-15 17:50:00+00:00,SHORT,71538.65,71681.73,SL,-0.0061,0.6023,2026-03
2026-03-15 17:50:00+00:00,2026-03-15 17:55:00+00:00,LONG,71993.63,71849.64,SL,-0.006,0.5963,2026-03
2026-03-15 18:45:00+00:00,2026-03-15 19:55:00+00:00,SHORT,71399.55,71542.35,SL,-0.006,0.5904,2026-03
2026-03-15 20:30:00+00:00,2026-03-15 21:35:00+00:00,LONG,71676.14,72034.52,TP,0.0148,0.6051,2026-03
2026-03-16 01:00:00+00:00,2026-03-16 01:20:00+00:00,SHORT,72347.98,72492.68,SL,-0.0061,0.5991,2026-03
2026-03-16 01:50:00+00:00,2026-03-16 02:10:00+00:00,LONG,72856.3,72710.59,SL,-0.006,0.5931,2026-03
2026-03-16 02:30:00+00:00,2026-03-16 02:50:00+00:00,SHORT,72365.04,72509.77,SL,-0.0059,0.5871,2026-03
2026-03-16 03:20:00+00:00,2026-03-16 03:30:00+00:00,LONG,72872.12,73236.48,TP,0.0147,0.6018,2026-03
2026-03-16 07:35:00+00:00,2026-03-16 08:00:00+00:00,SHORT,73443.79,73590.68,SL,-0.006,0.5958,2026-03
2026-03-16 10:50:00+00:00,2026-03-16 13:10:00+00:00,LONG,73596.25,73964.23,TP,0.0149,0.6107,2026-03
2026-03-16 14:25:00+00:00,2026-03-16 14:35:00+00:00,SHORT,73589.04,73221.1,TP,0.0153,0.626,2026-03
2026-03-16 17:35:00+00:00,2026-03-16 21:00:00+00:00,LONG,73975.94,74345.82,TP,0.0156,0.6416,2026-03
2026-03-16 23:05:00+00:00,2026-03-16 23:15:00+00:00,SHORT,74317.81,74466.45,SL,-0.0064,0.6352,2026-03
2026-03-17 00:05:00+00:00,2026-03-17 01:10:00+00:00,LONG,75051.95,75427.21,TP,0.0159,0.6511,2026-03
2026-03-17 03:10:00+00:00,2026-03-17 03:40:00+00:00,SHORT,74913.81,74539.24,TP,0.0163,0.6674,2026-03
2026-03-17 07:20:00+00:00,2026-03-17 07:50:00+00:00,LONG,74453.49,74304.58,SL,-0.0067,0.6607,2026-03
2026-03-17 09:10:00+00:00,2026-03-17 09:15:00+00:00,SHORT,74018.02,74166.06,SL,-0.0066,0.6541,2026-03
2026-03-17 11:35:00+00:00,2026-03-17 12:20:00+00:00,LONG,74141.07,73992.79,SL,-0.0065,0.6475,2026-03
2026-03-17 12:25:00+00:00,2026-03-17 13:35:00+00:00,SHORT,73764.38,73911.91,SL,-0.0065,0.6411,2026-03
2026-03-17 13:35:00+00:00,2026-03-17 13:40:00+00:00,LONG,74065.77,73917.64,SL,-0.0064,0.6346,2026-03
2026-03-17 15:35:00+00:00,2026-03-17 15:50:00+00:00,SHORT,73829.97,73977.63,SL,-0.0063,0.6283,2026-03
2026-03-17 17:45:00+00:00,2026-03-17 20:10:00+00:00,LONG,74555.54,74406.43,SL,-0.0063,0.622,2026-03
2026-03-17 20:10:00+00:00,2026-03-17 20:20:00+00:00,SHORT,74330.26,74478.92,SL,-0.0062,0.6158,2026-03
2026-03-17 21:35:00+00:00,2026-03-17 22:10:00+00:00,LONG,74783.3,74633.73,SL,-0.0062,0.6096,2026-03
2026-03-17 22:25:00+00:00,2026-03-17 23:40:00+00:00,SHORT,74340.25,73968.55,TP,0.0152,0.6249,2026-03
2026-03-18 01:30:00+00:00,2026-03-18 01:50:00+00:00,LONG,74192.02,74043.64,SL,-0.0062,0.6186,2026-03
2026-03-18 04:45:00+00:00,2026-03-18 07:30:00+00:00,SHORT,74146.73,73776.0,TP,0.0155,0.6341,2026-03
2026-03-18 08:35:00+00:00,2026-03-18 10:40:00+00:00,LONG,74139.28,73991.01,SL,-0.0063,0.6278,2026-03
2026-03-18 17:35:00+00:00,2026-03-18 18:30:00+00:00,LONG,71728.71,71585.25,SL,-0.0063,0.6215,2026-03
2026-03-18 18:50:00+00:00,2026-03-18 19:00:00+00:00,SHORT,71062.05,71204.18,SL,-0.0062,0.6153,2026-03
2026-03-18 20:45:00+00:00,2026-03-18 22:00:00+00:00,LONG,71316.53,71173.89,SL,-0.0062,0.6091,2026-03
2026-03-18 22:05:00+00:00,2026-03-18 22:55:00+00:00,SHORT,70994.72,71136.71,SL,-0.0061,0.603,2026-03
2026-03-18 23:30:00+00:00,2026-03-19 00:10:00+00:00,LONG,71350.26,71207.56,SL,-0.006,0.597,2026-03
2026-03-19 00:45:00+00:00,2026-03-19 01:45:00+00:00,SHORT,71016.6,71158.64,SL,-0.006,0.591,2026-03
2026-03-19 03:15:00+00:00,2026-03-19 03:30:00+00:00,LONG,71596.49,71453.29,SL,-0.0059,0.5851,2026-03
2026-03-19 04:05:00+00:00,2026-03-19 07:00:00+00:00,SHORT,70811.67,70457.62,TP,0.0146,0.5997,2026-03
2026-03-19 09:35:00+00:00,2026-03-19 10:35:00+00:00,LONG,70377.99,70237.23,SL,-0.006,0.5937,2026-03
2026-03-19 11:35:00+00:00,2026-03-19 12:15:00+00:00,SHORT,69999.16,69649.16,TP,0.0148,0.6086,2026-03
2026-03-19 13:45:00+00:00,2026-03-19 14:05:00+00:00,LONG,69898.65,69758.85,SL,-0.0061,0.6025,2026-03
2026-03-19 14:25:00+00:00,2026-03-19 14:30:00+00:00,SHORT,69138.08,69276.36,SL,-0.006,0.5965,2026-03
2026-03-19 17:50:00+00:00,2026-03-19 18:25:00+00:00,LONG,69881.94,69742.18,SL,-0.006,0.5905,2026-03
2026-03-19 22:30:00+00:00,2026-03-19 23:35:00+00:00,SHORT,70194.41,69843.44,TP,0.0148,0.6053,2026-03
2026-03-20 00:35:00+00:00,2026-03-20 02:30:00+00:00,LONG,70269.18,70128.64,SL,-0.0061,0.5992,2026-03
2026-03-20 02:50:00+00:00,2026-03-20 04:05:00+00:00,LONG,70540.19,70892.9,TP,0.015,0.6142,2026-03
2026-03-20 04:40:00+00:00,2026-03-20 04:45:00+00:00,SHORT,70573.93,70715.08,SL,-0.0061,0.6081,2026-03
2026-03-20 07:35:00+00:00,2026-03-20 08:05:00+00:00,LONG,70769.2,71123.04,TP,0.0152,0.6233,2026-03
2026-03-20 09:10:00+00:00,2026-03-20 09:20:00+00:00,SHORT,70820.93,70466.83,TP,0.0156,0.6388,2026-03
2026-03-20 11:05:00+00:00,2026-03-20 11:35:00+00:00,LONG,70759.43,70617.91,SL,-0.0064,0.6325,2026-03
2026-03-20 11:35:00+00:00,2026-03-20 11:55:00+00:00,SHORT,70310.55,70451.18,SL,-0.0063,0.6261,2026-03
2026-03-20 19:50:00+00:00,2026-03-20 20:15:00+00:00,LONG,70179.09,70038.73,SL,-0.0063,0.6199,2026-03
2026-03-20 23:25:00+00:00,2026-03-21 00:10:00+00:00,SHORT,70452.44,70593.34,SL,-0.0062,0.6137,2026-03
2026-03-21 02:40:00+00:00,2026-03-21 08:20:00+00:00,LONG,70736.41,70594.94,SL,-0.0061,0.6075,2026-03
2026-03-21 12:00:00+00:00,2026-03-21 15:05:00+00:00,LONG,70755.79,70614.28,SL,-0.0061,0.6015,2026-03
2026-03-21 20:30:00+00:00,2026-03-21 21:30:00+00:00,LONG,70493.23,70352.24,SL,-0.006,0.5954,2026-03
2026-03-21 21:30:00+00:00,2026-03-21 23:45:00+00:00,SHORT,70316.1,69964.52,TP,0.0149,0.6103,2026-03
2026-03-22 02:25:00+00:00,2026-03-22 02:35:00+00:00,LONG,69384.81,69246.04,SL,-0.0061,0.6042,2026-03
2026-03-22 05:55:00+00:00,2026-03-22 08:25:00+00:00,SHORT,69125.75,68780.12,TP,0.0151,0.6193,2026-03
2026-03-22 12:25:00+00:00,2026-03-22 18:30:00+00:00,LONG,68689.98,68552.6,SL,-0.0062,0.6131,2026-03
2026-03-22 22:25:00+00:00,2026-03-22 22:40:00+00:00,LONG,68283.3,68146.74,SL,-0.0061,0.607,2026-03
2026-03-23 00:30:00+00:00,2026-03-23 01:15:00+00:00,SHORT,67801.6,67937.2,SL,-0.0061,0.6009,2026-03
2026-03-23 02:25:00+00:00,2026-03-23 03:50:00+00:00,LONG,68290.96,68154.37,SL,-0.006,0.5949,2026-03
2026-03-23 06:35:00+00:00,2026-03-23 07:00:00+00:00,SHORT,68089.31,67748.87,TP,0.0149,0.6098,2026-03
2026-03-23 07:50:00+00:00,2026-03-23 09:00:00+00:00,LONG,68465.47,68328.53,SL,-0.0061,0.6037,2026-03
2026-03-23 09:30:00+00:00,2026-03-23 09:40:00+00:00,SHORT,68004.78,68140.79,SL,-0.006,0.5977,2026-03
2026-03-23 10:05:00+00:00,2026-03-23 10:20:00+00:00,LONG,68656.51,68519.2,SL,-0.006,0.5917,2026-03
2026-03-23 15:30:00+00:00,2026-03-23 15:50:00+00:00,SHORT,70761.05,70407.25,TP,0.0148,0.6065,2026-03
2026-03-23 17:35:00+00:00,2026-03-23 17:40:00+00:00,LONG,71047.32,70905.22,SL,-0.0061,0.6004,2026-03
2026-03-23 20:00:00+00:00,2026-03-23 20:10:00+00:00,SHORT,70617.05,70758.29,SL,-0.006,0.5944,2026-03
2026-03-23 23:50:00+00:00,2026-03-24 00:25:00+00:00,LONG,70881.07,70739.31,SL,-0.0059,0.5885,2026-03
2026-03-24 00:35:00+00:00,2026-03-24 00:45:00+00:00,SHORT,70534.29,70675.36,SL,-0.0059,0.5826,2026-03
2026-03-24 06:55:00+00:00,2026-03-24 07:20:00+00:00,LONG,70569.6,70922.44,TP,0.0146,0.5971,2026-03
2026-03-24 12:30:00+00:00,2026-03-24 13:35:00+00:00,SHORT,70884.96,70530.54,TP,0.0149,0.6121,2026-03
2026-03-24 18:35:00+00:00,2026-03-24 18:40:00+00:00,LONG,69769.7,69630.16,SL,-0.0061,0.606,2026-03
2026-03-25 03:05:00+00:00,2026-03-25 03:30:00+00:00,SHORT,70475.88,70616.83,SL,-0.0061,0.5999,2026-03
2026-03-25 03:35:00+00:00,2026-03-25 05:05:00+00:00,LONG,70796.05,71150.03,TP,0.015,0.6149,2026-03
2026-03-25 07:45:00+00:00,2026-03-25 08:15:00+00:00,SHORT,70945.72,71087.61,SL,-0.0061,0.6087,2026-03
2026-03-25 08:25:00+00:00,2026-03-25 10:50:00+00:00,LONG,71220.67,71576.77,TP,0.0152,0.624,2026-03
2026-03-25 12:15:00+00:00,2026-03-25 12:55:00+00:00,SHORT,71395.09,71537.88,SL,-0.0062,0.6177,2026-03
2026-03-25 13:35:00+00:00,2026-03-25 13:45:00+00:00,LONG,71856.55,71712.84,SL,-0.0062,0.6115,2026-03
2026-03-25 14:20:00+00:00,2026-03-25 14:30:00+00:00,SHORT,71257.15,71399.66,SL,-0.0061,0.6054,2026-03
2026-03-25 16:25:00+00:00,2026-03-25 16:45:00+00:00,LONG,71535.23,71392.16,SL,-0.0061,0.5994,2026-03
2026-03-25 17:50:00+00:00,2026-03-25 18:10:00+00:00,SHORT,70765.94,70907.47,SL,-0.006,0.5934,2026-03
2026-03-25 20:50:00+00:00,2026-03-26 02:20:00+00:00,LONG,71078.95,70936.79,SL,-0.0059,0.5874,2026-03
2026-03-26 13:45:00+00:00,2026-03-26 14:15:00+00:00,LONG,69675.56,69536.21,SL,-0.0059,0.5816,2026-03
2026-03-26 15:05:00+00:00,2026-03-26 17:45:00+00:00,SHORT,69146.4,68800.67,TP,0.0145,0.5961,2026-03
2026-03-26 20:10:00+00:00,2026-03-26 20:50:00+00:00,LONG,69229.67,69091.21,SL,-0.006,0.5902,2026-03
2026-03-27 00:35:00+00:00,2026-03-27 00:40:00+00:00,SHORT,68575.52,68712.67,SL,-0.0059,0.5843,2026-03
2026-03-27 01:55:00+00:00,2026-03-27 02:35:00+00:00,LONG,69078.89,68940.73,SL,-0.0058,0.5784,2026-03
2026-03-27 03:05:00+00:00,2026-03-27 03:25:00+00:00,SHORT,68688.05,68825.43,SL,-0.0058,0.5726,2026-03
2026-03-27 05:10:00+00:00,2026-03-27 05:20:00+00:00,LONG,68841.96,68704.27,SL,-0.0057,0.5669,2026-03
2026-03-27 07:40:00+00:00,2026-03-27 08:35:00+00:00,SHORT,68575.0,68232.12,TP,0.0142,0.5811,2026-03
2026-03-27 15:30:00+00:00,2026-03-27 15:40:00+00:00,LONG,66551.84,66418.74,SL,-0.0058,0.5753,2026-03
2026-03-27 16:05:00+00:00,2026-03-27 16:10:00+00:00,SHORT,65810.48,65942.1,SL,-0.0058,0.5695,2026-03
2026-03-27 21:10:00+00:00,2026-03-27 22:00:00+00:00,LONG,66177.79,66045.43,SL,-0.0057,0.5638,2026-03
2026-03-27 22:35:00+00:00,2026-03-27 22:40:00+00:00,SHORT,65902.07,66033.87,SL,-0.0056,0.5582,2026-03
2026-03-27 23:20:00+00:00,2026-03-28 01:35:00+00:00,LONG,66248.24,66115.74,SL,-0.0056,0.5526,2026-03
2026-03-28 03:45:00+00:00,2026-03-28 04:05:00+00:00,LONG,66268.31,66135.77,SL,-0.0055,0.5471,2026-03
2026-03-28 08:40:00+00:00,2026-03-28 13:30:00+00:00,SHORT,66395.04,66527.83,SL,-0.0055,0.5416,2026-03
2026-03-28 17:20:00+00:00,2026-03-28 18:10:00+00:00,SHORT,66799.5,66933.1,SL,-0.0054,0.5362,2026-03
2026-03-28 20:00:00+00:00,2026-03-28 21:05:00+00:00,LONG,67006.06,66872.05,SL,-0.0054,0.5308,2026-03
2026-03-28 21:05:00+00:00,2026-03-28 23:10:00+00:00,SHORT,66797.36,66463.37,TP,0.0133,0.5441,2026-03
2026-03-29 02:10:00+00:00,2026-03-29 03:15:00+00:00,LONG,66669.97,67003.32,TP,0.0136,0.5577,2026-03
2026-03-29 05:05:00+00:00,2026-03-29 06:00:00+00:00,SHORT,66673.32,66806.67,SL,-0.0056,0.5521,2026-03
2026-03-29 06:00:00+00:00,2026-03-29 06:20:00+00:00,LONG,66879.15,66745.39,SL,-0.0055,0.5466,2026-03
2026-03-29 07:00:00+00:00,2026-03-29 07:50:00+00:00,SHORT,66580.12,66713.28,SL,-0.0055,0.5411,2026-03
2026-03-29 11:00:00+00:00,2026-03-29 13:05:00+00:00,LONG,66708.67,66575.26,SL,-0.0054,0.5357,2026-03
2026-03-29 13:05:00+00:00,2026-03-29 13:35:00+00:00,SHORT,66516.26,66649.3,SL,-0.0054,0.5304,2026-03
2026-03-29 20:15:00+00:00,2026-03-29 22:00:00+00:00,LONG,66580.62,66447.46,SL,-0.0053,0.5251,2026-03
2026-03-29 22:00:00+00:00,2026-03-29 22:40:00+00:00,SHORT,66370.5,66038.65,TP,0.0131,0.5382,2026-03
2026-03-30 00:15:00+00:00,2026-03-30 00:20:00+00:00,LONG,66935.29,66801.42,SL,-0.0054,0.5328,2026-03
2026-03-30 06:15:00+00:00,2026-03-30 07:45:00+00:00,SHORT,67301.08,67435.68,SL,-0.0053,0.5275,2026-03
2026-03-30 07:55:00+00:00,2026-03-30 09:30:00+00:00,LONG,67651.44,67516.14,SL,-0.0053,0.5222,2026-03
2026-03-30 10:10:00+00:00,2026-03-30 11:05:00+00:00,SHORT,67413.53,67548.36,SL,-0.0052,0.517,2026-03
2026-03-30 11:05:00+00:00,2026-03-30 13:15:00+00:00,LONG,67589.82,67927.76,TP,0.0129,0.5299,2026-03
2026-03-30 13:45:00+00:00,2026-03-30 14:40:00+00:00,SHORT,67600.38,67262.38,TP,0.0132,0.5431,2026-03
2026-03-30 21:05:00+00:00,2026-03-30 23:00:00+00:00,LONG,66743.49,66610.0,SL,-0.0054,0.5377,2026-03
2026-03-30 23:00:00+00:00,2026-03-30 23:20:00+00:00,SHORT,66465.59,66598.52,SL,-0.0054,0.5323,2026-03
2026-03-31 00:35:00+00:00,2026-03-31 01:15:00+00:00,LONG,66949.78,67284.53,TP,0.0133,0.5456,2026-03
2026-03-31 04:25:00+00:00,2026-03-31 05:45:00+00:00,SHORT,67572.79,67707.94,SL,-0.0055,0.5402,2026-03
2026-03-31 11:15:00+00:00,2026-03-31 13:45:00+00:00,LONG,66704.24,67037.76,TP,0.0135,0.5537,2026-03
2026-03-31 14:45:00+00:00,2026-03-31 15:10:00+00:00,SHORT,66881.78,67015.54,SL,-0.0055,0.5482,2026-03
2026-03-31 16:35:00+00:00,2026-03-31 17:10:00+00:00,LONG,67533.83,67871.5,TP,0.0137,0.5619,2026-03
2026-04-01 00:10:00+00:00,2026-04-01 00:50:00+00:00,SHORT,68018.78,68154.82,SL,-0.0056,0.5562,2026-04
2026-04-01 03:05:00+00:00,2026-04-01 05:15:00+00:00,LONG,68097.24,68437.72,TP,0.0139,0.5701,2026-04
2026-04-01 07:45:00+00:00,2026-04-01 12:35:00+00:00,SHORT,68732.5,68388.83,TP,0.0143,0.5844,2026-04
2026-04-01 15:20:00+00:00,2026-04-01 16:10:00+00:00,LONG,68827.52,68689.86,SL,-0.0058,0.5786,2026-04
2026-04-01 17:30:00+00:00,2026-04-01 18:20:00+00:00,SHORT,68381.4,68039.49,TP,0.0145,0.593,2026-04
2026-04-01 21:05:00+00:00,2026-04-01 22:05:00+00:00,LONG,68370.18,68233.44,SL,-0.0059,0.5871,2026-04
2026-04-01 22:15:00+00:00,2026-04-01 22:20:00+00:00,SHORT,68053.72,68189.83,SL,-0.0059,0.5812,2026-04
2026-04-02 00:35:00+00:00,2026-04-02 01:00:00+00:00,LONG,68402.35,68265.55,SL,-0.0058,0.5754,2026-04
2026-04-02 01:00:00+00:00,2026-04-02 01:15:00+00:00,SHORT,68077.39,67737.0,TP,0.0144,0.5898,2026-04
2026-04-02 06:15:00+00:00,2026-04-02 06:25:00+00:00,LONG,66826.73,66693.08,SL,-0.0059,0.5839,2026-04
2026-04-02 08:15:00+00:00,2026-04-02 09:05:00+00:00,SHORT,66658.08,66324.79,TP,0.0146,0.5985,2026-04
2026-04-02 14:05:00+00:00,2026-04-02 14:35:00+00:00,LONG,66391.64,66723.59,TP,0.015,0.6135,2026-04
2026-04-02 17:45:00+00:00,2026-04-02 18:50:00+00:00,SHORT,66789.25,66922.83,SL,-0.0061,0.6073,2026-04
2026-04-02 19:10:00+00:00,2026-04-02 19:45:00+00:00,LONG,67082.1,66947.94,SL,-0.0061,0.6012,2026-04
2026-04-03 00:45:00+00:00,2026-04-03 01:25:00+00:00,SHORT,66705.48,66838.89,SL,-0.006,0.5952,2026-04
2026-04-03 05:40:00+00:00,2026-04-03 05:50:00+00:00,LONG,66804.25,66670.64,SL,-0.006,0.5893,2026-04
2026-04-03 09:05:00+00:00,2026-04-03 11:35:00+00:00,SHORT,66856.26,66989.97,SL,-0.0059,0.5834,2026-04
2026-04-03 12:35:00+00:00,2026-04-03 14:50:00+00:00,SHORT,66808.0,66941.61,SL,-0.0058,0.5776,2026-04
2026-04-03 17:15:00+00:00,2026-04-03 18:20:00+00:00,SHORT,66779.44,66913.0,SL,-0.0058,0.5718,2026-04
2026-04-03 20:10:00+00:00,2026-04-04 15:05:00+00:00,LONG,66926.75,67261.38,TP,0.0143,0.5861,2026-04
2026-04-04 18:30:00+00:00,2026-04-04 19:05:00+00:00,SHORT,67267.09,67401.63,SL,-0.0059,0.5802,2026-04
2026-04-04 19:05:00+00:00,2026-04-04 19:55:00+00:00,LONG,67429.4,67294.54,SL,-0.0058,0.5744,2026-04
2026-04-04 20:00:00+00:00,2026-04-04 21:35:00+00:00,SHORT,67167.37,67301.71,SL,-0.0057,0.5687,2026-04
2026-04-04 21:45:00+00:00,2026-04-05 00:20:00+00:00,LONG,67384.91,67250.14,SL,-0.0057,0.563,2026-04
2026-04-05 02:30:00+00:00,2026-04-05 05:50:00+00:00,LONG,67176.23,67041.88,SL,-0.0056,0.5574,2026-04
2026-04-05 08:55:00+00:00,2026-04-05 12:30:00+00:00,LONG,66959.95,66826.03,SL,-0.0056,0.5518,2026-04
2026-04-05 14:00:00+00:00,2026-04-05 15:25:00+00:00,LONG,66981.49,67316.4,TP,0.0138,0.5656,2026-04
2026-04-05 19:35:00+00:00,2026-04-05 20:20:00+00:00,SHORT,67299.43,67434.03,SL,-0.0057,0.5599,2026-04
2026-04-05 20:35:00+00:00,2026-04-05 20:40:00+00:00,LONG,67715.68,67580.24,SL,-0.0056,0.5543,2026-04
2026-04-06 06:20:00+00:00,2026-04-06 07:50:00+00:00,SHORT,69008.1,69146.11,SL,-0.0055,0.5488,2026-04
2026-04-06 07:50:00+00:00,2026-04-06 09:10:00+00:00,LONG,69218.75,69564.84,TP,0.0137,0.5625,2026-04
2026-04-06 12:00:00+00:00,2026-04-06 14:00:00+00:00,SHORT,69553.21,69205.44,TP,0.0141,0.5766,2026-04
2026-04-06 14:30:00+00:00,2026-04-06 14:35:00+00:00,LONG,69670.2,69530.86,SL,-0.0058,0.5708,2026-04
2026-04-06 17:00:00+00:00,2026-04-06 18:10:00+00:00,SHORT,69560.15,69699.28,SL,-0.0057,0.5651,2026-04
2026-04-06 18:25:00+00:00,2026-04-06 19:05:00+00:00,LONG,69881.95,69742.19,SL,-0.0057,0.5594,2026-04
2026-04-06 21:05:00+00:00,2026-04-06 22:20:00+00:00,SHORT,69677.62,69329.23,TP,0.014,0.5734,2026-04
2026-04-07 03:20:00+00:00,2026-04-07 04:05:00+00:00,LONG,68804.02,68666.41,SL,-0.0057,0.5677,2026-04
2026-04-07 04:15:00+00:00,2026-04-07 04:30:00+00:00,SHORT,68574.7,68711.85,SL,-0.0057,0.562,2026-04
2026-04-07 04:30:00+00:00,2026-04-07 05:25:00+00:00,LONG,68845.58,68707.89,SL,-0.0056,0.5564,2026-04
2026-04-07 06:00:00+00:00,2026-04-07 08:15:00+00:00,SHORT,68604.11,68741.32,SL,-0.0056,0.5508,2026-04
2026-04-07 10:10:00+00:00,2026-04-07 10:40:00+00:00,SHORT,68887.95,68543.51,TP,0.0138,0.5646,2026-04
2026-04-07 13:10:00+00:00,2026-04-07 13:20:00+00:00,LONG,68644.22,68506.93,SL,-0.0056,0.5589,2026-04
2026-04-07 14:00:00+00:00,2026-04-07 16:00:00+00:00,SHORT,68087.76,68223.94,SL,-0.0056,0.5534,2026-04
2026-04-07 16:00:00+00:00,2026-04-07 16:05:00+00:00,LONG,68307.1,68170.49,SL,-0.0055,0.5478,2026-04
2026-04-08 02:35:00+00:00,2026-04-08 03:00:00+00:00,SHORT,71274.33,71416.88,SL,-0.0055,0.5423,2026-04
2026-04-08 04:10:00+00:00,2026-04-08 12:35:00+00:00,LONG,71549.88,71907.63,TP,0.0136,0.5559,2026-04
2026-04-08 13:35:00+00:00,2026-04-08 13:45:00+00:00,SHORT,71748.58,71892.08,SL,-0.0056,0.5503,2026-04
2026-04-08 16:45:00+00:00,2026-04-08 18:15:00+00:00,LONG,71598.09,71454.89,SL,-0.0055,0.5448,2026-04
2026-04-08 18:15:00+00:00,2026-04-08 18:30:00+00:00,SHORT,71375.07,71517.82,SL,-0.0054,0.5394,2026-04
2026-04-08 21:10:00+00:00,2026-04-08 22:15:00+00:00,LONG,71546.65,71403.55,SL,-0.0054,0.534,2026-04
2026-04-08 22:15:00+00:00,2026-04-08 23:00:00+00:00,SHORT,71339.62,70982.92,TP,0.0134,0.5474,2026-04
2026-04-09 02:25:00+00:00,2026-04-09 03:25:00+00:00,LONG,71057.29,70915.18,SL,-0.0055,0.5419,2026-04
2026-04-09 04:45:00+00:00,2026-04-09 05:15:00+00:00,SHORT,70730.3,70871.76,SL,-0.0054,0.5365,2026-04
2026-04-09 05:25:00+00:00,2026-04-09 06:25:00+00:00,LONG,71013.91,70871.89,SL,-0.0054,0.5311,2026-04
2026-04-09 11:10:00+00:00,2026-04-09 13:50:00+00:00,SHORT,71165.4,70809.58,TP,0.0133,0.5444,2026-04
2026-04-09 14:50:00+00:00,2026-04-09 15:05:00+00:00,LONG,71190.46,71048.08,SL,-0.0054,0.5389,2026-04
2026-04-09 18:10:00+00:00,2026-04-09 19:05:00+00:00,SHORT,71865.37,72009.1,SL,-0.0054,0.5335,2026-04
2026-04-09 19:45:00+00:00,2026-04-09 19:55:00+00:00,LONG,72268.56,72124.02,SL,-0.0053,0.5282,2026-04
2026-04-09 22:55:00+00:00,2026-04-10 01:30:00+00:00,SHORT,71917.23,72061.07,SL,-0.0053,0.5229,2026-04
2026-04-10 01:30:00+00:00,2026-04-10 02:45:00+00:00,LONG,72202.35,72057.94,SL,-0.0052,0.5177,2026-04
2026-04-10 03:10:00+00:00,2026-04-10 04:50:00+00:00,SHORT,71834.99,71978.66,SL,-0.0052,0.5125,2026-04
2026-04-10 04:50:00+00:00,2026-04-10 06:20:00+00:00,LONG,72136.71,71992.44,SL,-0.0051,0.5074,2026-04
2026-04-10 06:25:00+00:00,2026-04-10 07:50:00+00:00,SHORT,71935.22,71575.55,TP,0.0127,0.5201,2026-04
2026-04-10 08:35:00+00:00,2026-04-10 08:45:00+00:00,LONG,71781.09,71637.53,SL,-0.0052,0.5149,2026-04
2026-04-10 13:35:00+00:00,2026-04-10 13:40:00+00:00,SHORT,71915.08,72058.91,SL,-0.0051,0.5097,2026-04
2026-04-10 14:00:00+00:00,2026-04-10 14:20:00+00:00,LONG,72461.83,72824.14,TP,0.0127,0.5225,2026-04
2026-04-10 15:50:00+00:00,2026-04-10 16:10:00+00:00,SHORT,72468.69,72613.63,SL,-0.0052,0.5172,2026-04
2026-04-10 16:55:00+00:00,2026-04-10 17:10:00+00:00,LONG,73021.53,72875.48,SL,-0.0052,0.5121,2026-04
2026-04-10 22:35:00+00:00,2026-04-11 02:15:00+00:00,SHORT,72866.25,73011.98,SL,-0.0051,0.5069,2026-04
2026-04-11 03:55:00+00:00,2026-04-11 16:40:00+00:00,SHORT,72837.48,72983.16,SL,-0.0051,0.5019,2026-04
2026-04-11 20:30:00+00:00,2026-04-11 20:45:00+00:00,SHORT,73227.21,73373.66,SL,-0.005,0.4969,2026-04
2026-04-12 05:45:00+00:00,2026-04-12 07:00:00+00:00,LONG,71772.26,71628.71,SL,-0.005,0.4919,2026-04
2026-04-12 08:50:00+00:00,2026-04-12 12:50:00+00:00,SHORT,71578.27,71220.38,TP,0.0123,0.5042,2026-04
2026-04-12 17:40:00+00:00,2026-04-12 21:00:00+00:00,LONG,71043.16,71398.37,TP,0.0126,0.5168,2026-04
2026-04-12 22:00:00+00:00,2026-04-12 22:05:00+00:00,SHORT,70724.3,70865.75,SL,-0.0052,0.5116,2026-04
2026-04-13 00:30:00+00:00,2026-04-13 03:35:00+00:00,LONG,71113.2,70970.98,SL,-0.0051,0.5065,2026-04
2026-04-13 04:50:00+00:00,2026-04-13 06:15:00+00:00,SHORT,70884.16,71025.93,SL,-0.0051,0.5014,2026-04
2026-04-13 07:10:00+00:00,2026-04-13 12:05:00+00:00,SHORT,70867.77,71009.51,SL,-0.005,0.4964,2026-04
2026-04-13 13:35:00+00:00,2026-04-13 13:40:00+00:00,SHORT,70816.92,70958.56,SL,-0.005,0.4915,2026-04
2026-04-13 13:45:00+00:00,2026-04-13 13:50:00+00:00,LONG,71645.1,71501.81,SL,-0.0049,0.4866,2026-04
2026-04-14 05:45:00+00:00,2026-04-14 06:15:00+00:00,SHORT,74240.3,74388.78,SL,-0.0049,0.4817,2026-04
2026-04-14 06:15:00+00:00,2026-04-14 07:05:00+00:00,LONG,74429.75,74801.9,TP,0.012,0.4937,2026-04
2026-04-14 09:45:00+00:00,2026-04-14 10:20:00+00:00,SHORT,74418.38,74567.22,SL,-0.0049,0.4888,2026-04
2026-04-14 13:00:00+00:00,2026-04-14 13:40:00+00:00,LONG,74627.63,75000.77,TP,0.0122,0.501,2026-04
2026-04-14 14:55:00+00:00,2026-04-14 15:35:00+00:00,SHORT,74983.61,75133.58,SL,-0.005,0.496,2026-04
2026-04-14 16:05:00+00:00,2026-04-14 16:10:00+00:00,LONG,75683.45,75532.08,SL,-0.005,0.491,2026-04
2026-04-14 16:50:00+00:00,2026-04-14 17:30:00+00:00,SHORT,74753.49,74379.72,TP,0.0123,0.5033,2026-04
2026-04-14 21:55:00+00:00,2026-04-14 22:15:00+00:00,LONG,74306.86,74158.25,SL,-0.005,0.4983,2026-04
2026-04-14 22:25:00+00:00,2026-04-14 22:50:00+00:00,SHORT,73882.26,74030.02,SL,-0.005,0.4933,2026-04
2026-04-15 00:00:00+00:00,2026-04-15 00:15:00+00:00,LONG,74574.27,74425.12,SL,-0.0049,0.4884,2026-04
2026-04-15 02:25:00+00:00,2026-04-15 05:35:00+00:00,SHORT,74318.83,73947.24,TP,0.0122,0.5006,2026-04
2026-04-15 08:25:00+00:00,2026-04-15 10:30:00+00:00,LONG,74020.11,73872.07,SL,-0.005,0.4956,2026-04
2026-04-15 10:30:00+00:00,2026-04-15 10:40:00+00:00,SHORT,73807.66,73955.27,SL,-0.005,0.4906,2026-04
2026-04-15 11:50:00+00:00,2026-04-15 13:40:00+00:00,LONG,74252.44,74103.93,SL,-0.0049,0.4857,2026-04
2026-04-15 13:40:00+00:00,2026-04-15 13:55:00+00:00,SHORT,73849.63,73997.33,SL,-0.0049,0.4809,2026-04
2026-04-15 14:20:00+00:00,2026-04-15 14:30:00+00:00,LONG,74456.06,74307.15,SL,-0.0048,0.476,2026-04
2026-04-15 15:30:00+00:00,2026-04-15 15:40:00+00:00,SHORT,73624.23,73771.48,SL,-0.0048,0.4713,2026-04
2026-04-15 18:15:00+00:00,2026-04-15 19:25:00+00:00,LONG,74340.6,74712.31,TP,0.0118,0.4831,2026-04
2026-04-15 21:30:00+00:00,2026-04-15 21:35:00+00:00,SHORT,74524.17,74673.22,SL,-0.0048,0.4782,2026-04
2026-04-15 22:00:00+00:00,2026-04-15 23:00:00+00:00,LONG,75029.24,74879.18,SL,-0.0048,0.4735,2026-04
2026-04-16 00:10:00+00:00,2026-04-16 00:30:00+00:00,SHORT,74577.7,74726.85,SL,-0.0047,0.4687,2026-04
2026-04-16 00:30:00+00:00,2026-04-16 00:45:00+00:00,LONG,74879.93,74730.17,SL,-0.0047,0.464,2026-04
2026-04-16 07:45:00+00:00,2026-04-16 10:15:00+00:00,SHORT,74731.24,74357.58,TP,0.0116,0.4756,2026-04
2026-04-16 11:50:00+00:00,2026-04-16 13:25:00+00:00,LONG,74577.25,74950.14,TP,0.0119,0.4875,2026-04
2026-04-16 13:35:00+00:00,2026-04-16 13:50:00+00:00,SHORT,74585.9,74212.97,TP,0.0122,0.4997,2026-04
2026-04-16 15:35:00+00:00,2026-04-16 15:45:00+00:00,LONG,74687.12,74537.75,SL,-0.005,0.4947,2026-04
2026-04-16 16:50:00+00:00,2026-04-16 17:40:00+00:00,SHORT,74123.37,74271.62,SL,-0.0049,0.4898,2026-04
2026-04-16 18:45:00+00:00,2026-04-16 19:35:00+00:00,LONG,74710.0,75083.55,TP,0.0122,0.502,2026-04
2026-04-16 21:20:00+00:00,2026-04-16 21:45:00+00:00,SHORT,74848.05,74997.74,SL,-0.005,0.497,2026-04
2026-04-16 23:35:00+00:00,2026-04-17 00:05:00+00:00,LONG,75175.93,75025.58,SL,-0.005,0.492,2026-04
2026-04-17 01:20:00+00:00,2026-04-17 04:30:00+00:00,SHORT,74653.84,74803.14,SL,-0.0049,0.4871,2026-04
2026-04-17 06:40:00+00:00,2026-04-17 08:30:00+00:00,LONG,74886.81,75261.25,TP,0.0122,0.4993,2026-04
2026-04-17 10:25:00+00:00,2026-04-17 11:05:00+00:00,SHORT,75194.63,75345.02,SL,-0.005,0.4943,2026-04
2026-04-17 12:20:00+00:00,2026-04-17 12:35:00+00:00,LONG,75818.39,75666.75,SL,-0.0049,0.4893,2026-04
2026-04-17 17:10:00+00:00,2026-04-17 23:15:00+00:00,SHORT,77468.63,77081.29,TP,0.0122,0.5016,2026-04
2026-04-18 02:15:00+00:00,2026-04-18 03:25:00+00:00,LONG,77387.92,77233.15,SL,-0.005,0.4966,2026-04
2026-04-18 03:50:00+00:00,2026-04-18 05:00:00+00:00,SHORT,76979.17,77133.12,SL,-0.005,0.4916,2026-04
2026-04-18 05:00:00+00:00,2026-04-18 07:15:00+00:00,LONG,77217.87,77063.44,SL,-0.0049,0.4867,2026-04
2026-04-18 07:45:00+00:00,2026-04-18 09:05:00+00:00,SHORT,76929.13,76544.48,TP,0.0122,0.4988,2026-04
2026-04-18 12:00:00+00:00,2026-04-18 12:35:00+00:00,LONG,76256.37,76103.86,SL,-0.005,0.4939,2026-04
2026-04-18 13:35:00+00:00,2026-04-18 13:45:00+00:00,SHORT,75836.76,75988.44,SL,-0.0049,0.4889,2026-04
2026-04-18 14:35:00+00:00,2026-04-18 15:40:00+00:00,LONG,76286.76,76134.19,SL,-0.0049,0.484,2026-04
2026-04-18 16:15:00+00:00,2026-04-18 18:35:00+00:00,SHORT,75949.12,75569.37,TP,0.0121,0.4961,2026-04
2026-04-18 20:50:00+00:00,2026-04-18 21:15:00+00:00,LONG,75850.04,75698.34,SL,-0.005,0.4912,2026-04
2026-04-18 21:15:00+00:00,2026-04-18 21:45:00+00:00,SHORT,75593.9,75745.09,SL,-0.0049,0.4863,2026-04
2026-04-18 23:00:00+00:00,2026-04-18 23:35:00+00:00,LONG,75889.35,75737.57,SL,-0.0049,0.4814,2026-04
2026-04-19 00:20:00+00:00,2026-04-19 01:00:00+00:00,SHORT,75574.92,75726.07,SL,-0.0048,0.4766,2026-04
2026-04-19 04:10:00+00:00,2026-04-19 04:40:00+00:00,LONG,75732.2,75580.74,SL,-0.0048,0.4718,2026-04
2026-04-19 06:00:00+00:00,2026-04-19 07:20:00+00:00,SHORT,75430.82,75053.66,TP,0.0118,0.4836,2026-04
2026-04-19 11:05:00+00:00,2026-04-19 13:15:00+00:00,LONG,75469.28,75846.62,TP,0.0121,0.4957,2026-04
2026-04-19 15:35:00+00:00,2026-04-19 15:45:00+00:00,SHORT,75617.26,75768.5,SL,-0.005,0.4907,2026-04
2026-04-20 00:20:00+00:00,2026-04-20 01:40:00+00:00,LONG,74277.7,74649.09,TP,0.0123,0.503,2026-04
2026-04-20 02:15:00+00:00,2026-04-20 02:35:00+00:00,SHORT,74342.26,74490.95,SL,-0.005,0.498,2026-04
2026-04-20 03:50:00+00:00,2026-04-20 04:10:00+00:00,LONG,74666.14,74516.81,SL,-0.005,0.493,2026-04
2026-04-20 05:05:00+00:00,2026-04-20 06:30:00+00:00,SHORT,74321.74,74470.38,SL,-0.0049,0.4881,2026-04
2026-04-20 06:30:00+00:00,2026-04-20 07:20:00+00:00,LONG,74542.82,74915.53,TP,0.0122,0.5003,2026-04
2026-04-20 10:55:00+00:00,2026-04-20 11:05:00+00:00,SHORT,74997.25,75147.24,SL,-0.005,0.4953,2026-04
2026-04-20 12:05:00+00:00,2026-04-20 13:15:00+00:00,LONG,75333.8,75183.13,SL,-0.005,0.4903,2026-04
2026-04-20 13:15:00+00:00,2026-04-20 13:30:00+00:00,SHORT,75081.94,75232.1,SL,-0.0049,0.4854,2026-04
2026-04-20 14:20:00+00:00,2026-04-20 14:40:00+00:00,LONG,75554.32,75403.21,SL,-0.0049,0.4806,2026-04
2026-04-20 15:00:00+00:00,2026-04-20 15:10:00+00:00,SHORT,74769.61,74919.15,SL,-0.0048,0.4758,2026-04
2026-04-20 15:25:00+00:00,2026-04-20 15:30:00+00:00,LONG,75784.7,75633.13,SL,-0.0048,0.471,2026-04
2026-04-20 21:10:00+00:00,2026-04-21 01:05:00+00:00,SHORT,75974.39,76126.34,SL,-0.0047,0.4663,2026-04
2026-04-21 02:00:00+00:00,2026-04-21 05:05:00+00:00,SHORT,75756.39,75907.9,SL,-0.0047,0.4616,2026-04
2026-04-21 11:10:00+00:00,2026-04-21 11:20:00+00:00,SHORT,76374.81,76527.56,SL,-0.0046,0.457,2026-04
2026-04-21 14:35:00+00:00,2026-04-21 14:50:00+00:00,LONG,76345.3,76192.61,SL,-0.0046,0.4524,2026-04
2026-04-21 14:55:00+00:00,2026-04-21 15:15:00+00:00,SHORT,75644.78,75796.07,SL,-0.0045,0.4479,2026-04
2026-04-21 20:20:00+00:00,2026-04-21 21:40:00+00:00,LONG,75658.57,75507.25,SL,-0.0045,0.4434,2026-04
2026-04-21 22:15:00+00:00,2026-04-21 22:40:00+00:00,SHORT,75291.37,75441.95,SL,-0.0044,0.439,2026-04
2026-04-21 22:55:00+00:00,2026-04-21 23:40:00+00:00,LONG,75680.3,76058.7,TP,0.011,0.45,2026-04
2026-04-22 16:40:00+00:00,2026-04-22 17:10:00+00:00,SHORT,78782.37,78939.94,SL,-0.0045,0.4455,2026-04
2026-04-22 21:30:00+00:00,2026-04-22 22:25:00+00:00,LONG,78731.48,78574.02,SL,-0.0045,0.441,2026-04
2026-04-22 22:25:00+00:00,2026-04-23 00:10:00+00:00,SHORT,78510.17,78117.62,TP,0.011,0.452,2026-04
2026-04-23 05:00:00+00:00,2026-04-23 05:30:00+00:00,LONG,78045.22,77889.13,SL,-0.0045,0.4475,2026-04
2026-04-23 07:50:00+00:00,2026-04-23 09:05:00+00:00,SHORT,77960.97,77571.17,TP,0.0112,0.4587,2026-04
2026-04-23 11:50:00+00:00,2026-04-23 13:40:00+00:00,LONG,77731.07,77575.61,SL,-0.0046,0.4541,2026-04
2026-04-23 13:40:00+00:00,2026-04-23 14:20:00+00:00,SHORT,77510.27,77665.29,SL,-0.0045,0.4496,2026-04
2026-04-23 14:50:00+00:00,2026-04-23 15:20:00+00:00,LONG,78080.19,78470.59,TP,0.0112,0.4608,2026-04
2026-04-23 17:00:00+00:00,2026-04-23 17:35:00+00:00,SHORT,77886.04,77496.61,TP,0.0115,0.4723,2026-04
2026-04-23 18:05:00+00:00,2026-04-23 18:55:00+00:00,LONG,77993.12,77837.14,SL,-0.0047,0.4676,2026-04
2026-04-24 01:05:00+00:00,2026-04-24 01:45:00+00:00,SHORT,78110.31,78266.53,SL,-0.0047,0.4629,2026-04
2026-04-24 01:50:00+00:00,2026-04-24 02:20:00+00:00,LONG,78427.51,78270.65,SL,-0.0046,0.4583,2026-04
2026-04-24 03:15:00+00:00,2026-04-24 03:30:00+00:00,SHORT,78021.53,77631.42,TP,0.0115,0.4698,2026-04
2026-04-24 05:45:00+00:00,2026-04-24 07:20:00+00:00,LONG,77827.66,77672.0,SL,-0.0047,0.4651,2026-04
2026-04-24 08:15:00+00:00,2026-04-24 09:00:00+00:00,LONG,77872.69,77716.94,SL,-0.0047,0.4604,2026-04
2026-04-24 09:05:00+00:00,2026-04-24 09:40:00+00:00,SHORT,77410.99,77565.82,SL,-0.0046,0.4558,2026-04
2026-04-24 10:55:00+00:00,2026-04-24 11:10:00+00:00,LONG,77783.46,78172.38,TP,0.0114,0.4672,2026-04
2026-04-24 13:50:00+00:00,2026-04-24 17:30:00+00:00,SHORT,77973.75,77583.88,TP,0.0117,0.4789,2026-04
2026-04-25 01:10:00+00:00,2026-04-25 15:50:00+00:00,LONG,77545.2,77390.11,SL,-0.0048,0.4741,2026-04
