entry_time,exit_time,direction,entry,exit,result,pnl,capital,year
2023-04-26 19:05:00+00:00,2023-04-26 19:15:00+00:00,short,29578.48,29346.93,TP,2.0,102.0,2023
2023-04-26 22:45:00+00:00,2023-04-26 23:10:00+00:00,short,28330.0,28450.16,SL,-1.02,100.98,2023
2023-04-26 23:35:00+00:00,2023-04-26 23:50:00+00:00,short,28314.36,28382.23,SL,-1.0098,99.9702,2023
2023-04-27 01:15:00+00:00,2023-04-27 01:20:00+00:00,short,29068.1,28651.41,TP,1.9994,101.9696,2023
2023-04-27 02:30:00+00:00,2023-04-27 02:40:00+00:00,long,29050.0,28972.31,SL,-1.0197,100.9499,2023
2023-04-27 03:00:00+00:00,2023-04-27 03:45:00+00:00,short,28936.9,29023.83,SL,-1.0095,99.9404,2023
2023-04-27 03:55:00+00:00,2023-04-27 04:10:00+00:00,short,28885.79,28963.63,SL,-0.9994,98.941,2023
2023-04-27 04:40:00+00:00,2023-04-27 05:20:00+00:00,long,29038.68,29186.07,TP,1.9788,100.9198,2023
2023-04-27 09:20:00+00:00,2023-04-27 09:30:00+00:00,short,28874.96,28941.3,SL,-1.0092,99.9106,2023
2023-04-27 09:35:00+00:00,2023-04-27 09:55:00+00:00,long,29006.86,28931.71,SL,-0.9991,98.9115,2023
2023-04-27 10:15:00+00:00,2023-04-27 11:35:00+00:00,long,28999.99,28929.92,SL,-0.9891,97.9224,2023
2023-04-27 12:15:00+00:00,2023-04-27 12:20:00+00:00,long,29050.76,28978.86,SL,-0.9792,96.9432,2023
2023-04-27 12:30:00+00:00,2023-04-27 12:35:00+00:00,short,28855.43,28734.69,TP,1.9389,98.882,2023
2023-04-27 15:15:00+00:00,2023-04-27 15:20:00+00:00,long,29052.73,29407.79,TP,1.9776,100.8597,2023
2023-04-27 17:10:00+00:00,2023-04-27 17:30:00+00:00,long,29174.04,29302.73,TP,2.0172,102.8769,2023
2023-04-27 21:10:00+00:00,2023-04-27 21:30:00+00:00,long,29752.72,29661.72,SL,-1.0288,101.8481,2023
2023-04-27 23:30:00+00:00,2023-04-28 00:20:00+00:00,long,29474.85,29397.59,SL,-1.0185,100.8296,2023
2023-04-28 00:30:00+00:00,2023-04-28 03:05:00+00:00,long,29444.67,29378.94,SL,-1.0083,99.8213,2023
2023-04-28 03:40:00+00:00,2023-04-28 05:35:00+00:00,long,29407.68,29531.48,TP,1.9964,101.8178,2023
2023-04-28 07:10:00+00:00,2023-04-28 08:05:00+00:00,long,29499.33,29433.81,SL,-1.0182,100.7996,2023
2023-04-28 11:45:00+00:00,2023-04-28 12:20:00+00:00,short,29240.5,29337.33,SL,-1.008,99.7916,2023
2023-04-28 12:55:00+00:00,2023-04-28 13:15:00+00:00,short,29229.29,29309.09,SL,-0.9979,98.7937,2023
2023-04-28 13:40:00+00:00,2023-04-28 13:55:00+00:00,short,28950.09,29029.48,SL,-0.9879,97.8057,2023
2023-04-28 15:00:00+00:00,2023-04-28 15:25:00+00:00,short,29005.13,29073.44,SL,-0.9781,96.8277,2023
2023-04-28 17:30:00+00:00,2023-04-28 19:00:00+00:00,short,29204.98,29398.89,SL,-0.9683,95.8594,2023
2023-04-28 20:05:00+00:00,2023-04-28 20:30:00+00:00,long,29380.48,29307.42,SL,-0.9586,94.9008,2023
2023-04-28 22:10:00+00:00,2023-04-28 23:20:00+00:00,long,29380.73,29310.3,SL,-0.949,93.9518,2023
2023-04-29 04:20:00+00:00,2023-04-29 06:25:00+00:00,long,29402.66,29318.11,SL,-0.9395,93.0123,2023
2023-04-29 07:05:00+00:00,2023-04-29 08:20:00+00:00,long,29354.69,29281.5,SL,-0.9301,92.0822,2023
2023-04-29 09:00:00+00:00,2023-04-29 13:25:00+00:00,short,29288.36,29347.42,SL,-0.9208,91.1613,2023
2023-04-29 17:25:00+00:00,2023-04-29 17:35:00+00:00,short,29241.04,29102.09,TP,1.8232,92.9846,2023
2023-04-29 20:40:00+00:00,2023-04-30 01:55:00+00:00,short,29228.93,29096.99,TP,1.8597,94.8443,2023
2023-04-30 07:15:00+00:00,2023-04-30 10:40:00+00:00,long,29289.41,29222.15,SL,-0.9484,93.8958,2023
2023-04-30 14:35:00+00:00,2023-04-30 15:00:00+00:00,long,29373.01,29583.5,TP,1.8779,95.7737,2023
2023-04-30 16:00:00+00:00,2023-04-30 16:10:00+00:00,long,29830.32,29729.36,SL,-0.9577,94.816,2023
2023-04-30 22:40:00+00:00,2023-04-30 23:55:00+00:00,short,29398.33,29233.21,TP,1.8963,96.7123,2023
2023-05-01 01:10:00+00:00,2023-05-01 01:35:00+00:00,short,29257.46,28780.04,TP,1.9342,98.6466,2023
2023-05-01 05:40:00+00:00,2023-05-01 05:55:00+00:00,short,28421.52,28483.68,SL,-0.9865,97.6601,2023
2023-05-01 08:00:00+00:00,2023-05-01 10:35:00+00:00,short,28619.74,28500.6,TP,1.9532,99.6133,2023
2023-05-01 12:00:00+00:00,2023-05-01 12:25:00+00:00,short,28481.04,28573.95,SL,-0.9961,98.6172,2023
2023-05-01 13:35:00+00:00,2023-05-01 14:00:00+00:00,short,28566.33,28447.13,TP,1.9723,100.5895,2023
2023-05-01 18:15:00+00:00,2023-05-01 19:10:00+00:00,short,28195.84,28035.42,TP,2.0118,102.6013,2023
2023-05-01 20:55:00+00:00,2023-05-01 21:00:00+00:00,short,27678.09,27828.15,SL,-1.026,101.5753,2023
2023-05-01 23:50:00+00:00,2023-05-02 01:50:00+00:00,short,28084.44,27950.0,TP,2.0315,103.6068,2023
2023-05-02 03:20:00+00:00,2023-05-02 03:35:00+00:00,short,27952.99,28016.64,SL,-1.0361,102.5707,2023
2023-05-02 04:25:00+00:00,2023-05-02 06:10:00+00:00,short,27976.16,28035.01,SL,-1.0257,101.545,2023
2023-05-02 06:35:00+00:00,2023-05-02 07:10:00+00:00,short,27985.39,28077.61,SL,-1.0154,100.5296,2023
2023-05-02 07:45:00+00:00,2023-05-02 08:00:00+00:00,short,28021.95,28078.59,SL,-1.0053,99.5243,2023
2023-05-02 08:30:00+00:00,2023-05-02 12:40:00+00:00,short,28069.42,28214.11,SL,-0.9952,98.529,2023
2023-05-02 13:10:00+00:00,2023-05-02 14:15:00+00:00,short,28063.5,28135.03,SL,-0.9853,97.5437,2023
2023-05-02 17:55:00+00:00,2023-05-02 18:45:00+00:00,long,28583.52,28744.82,TP,1.9509,99.4946,2023
2023-05-02 22:00:00+00:00,2023-05-03 00:10:00+00:00,long,28681.66,28598.42,SL,-0.9949,98.4997,2023
2023-05-03 01:35:00+00:00,2023-05-03 02:00:00+00:00,long,28557.22,28482.02,SL,-0.985,97.5147,2023
2023-05-03 02:05:00+00:00,2023-05-03 02:30:00+00:00,short,28414.21,28487.76,SL,-0.9751,96.5395,2023
2023-05-03 02:35:00+00:00,2023-05-03 06:50:00+00:00,long,28495.69,28626.01,TP,1.9308,98.4703,2023
2023-05-03 08:30:00+00:00,2023-05-03 09:00:00+00:00,long,28741.32,28673.71,SL,-0.9847,97.4856,2023
2023-05-03 11:30:00+00:00,2023-05-03 11:55:00+00:00,long,28632.2,28543.74,SL,-0.9749,96.5107,2023
2023-05-03 14:35:00+00:00,2023-05-03 14:40:00+00:00,short,28185.89,28247.75,SL,-0.9651,95.5456,2023
2023-05-03 20:40:00+00:00,2023-05-03 20:45:00+00:00,short,28323.73,28382.19,SL,-0.9555,94.5902,2023
2023-05-04 01:55:00+00:00,2023-05-04 02:00:00+00:00,long,29070.67,29190.04,TP,1.8918,96.482,2023
2023-05-04 03:10:00+00:00,2023-05-04 03:35:00+00:00,long,29091.14,29026.81,SL,-0.9648,95.5172,2023
2023-05-04 03:55:00+00:00,2023-05-04 08:10:00+00:00,long,29096.86,28994.65,SL,-0.9552,94.562,2023
2023-05-04 08:30:00+00:00,2023-05-04 10:30:00+00:00,long,29095.82,29222.67,TP,1.8912,96.4532,2023
2023-05-04 17:25:00+00:00,2023-05-04 18:20:00+00:00,short,28868.63,28742.82,TP,1.9291,98.3823,2023
2023-05-04 20:45:00+00:00,2023-05-05 00:30:00+00:00,short,28831.08,28904.84,SL,-0.9838,97.3985,2023
2023-05-05 01:30:00+00:00,2023-05-05 01:40:00+00:00,long,29163.53,29318.61,TP,1.948,99.3464,2023
2023-05-05 08:15:00+00:00,2023-05-05 12:30:00+00:00,long,29096.84,28918.73,SL,-0.9935,98.353,2023
2023-05-05 15:55:00+00:00,2023-05-05 16:00:00+00:00,long,29356.45,29554.85,TP,1.9671,100.32,2023
2023-05-05 17:00:00+00:00,2023-05-05 17:10:00+00:00,long,29637.3,29563.94,SL,-1.0032,99.3168,2023
2023-05-05 19:35:00+00:00,2023-05-05 22:45:00+00:00,long,29453.3,29643.43,TP,1.9863,101.3032,2023
2023-05-06 00:20:00+00:00,2023-05-06 00:35:00+00:00,long,29581.88,29780.02,TP,2.0261,103.3292,2023
2023-05-06 06:30:00+00:00,2023-05-06 06:45:00+00:00,short,29305.75,29369.51,SL,-1.0333,102.2959,2023
2023-05-06 07:55:00+00:00,2023-05-06 08:00:00+00:00,short,29363.35,29172.54,TP,2.0459,104.3419,2023
2023-05-06 09:25:00+00:00,2023-05-06 12:35:00+00:00,short,29295.02,29111.78,TP,2.0868,106.4287,2023
2023-05-06 19:15:00+00:00,2023-05-06 21:35:00+00:00,short,28865.17,28692.89,TP,2.1286,108.5573,2023
2023-05-06 23:35:00+00:00,2023-05-07 00:45:00+00:00,short,28818.91,28907.73,SL,-1.0856,107.4717,2023
2023-05-07 01:50:00+00:00,2023-05-07 03:35:00+00:00,short,28883.61,28763.45,TP,2.1494,109.6211,2023
2023-05-07 07:20:00+00:00,2023-05-07 08:30:00+00:00,long,28941.49,28868.46,SL,-1.0962,108.5249,2023
2023-05-07 11:15:00+00:00,2023-05-07 11:35:00+00:00,short,28779.19,28878.96,SL,-1.0852,107.4397,2023
2023-05-07 14:30:00+00:00,2023-05-07 15:20:00+00:00,long,29014.97,28937.86,SL,-1.0744,106.3653,2023
2023-05-07 17:00:00+00:00,2023-05-07 17:25:00+00:00,long,28999.99,28926.11,SL,-1.0637,105.3016,2023
2023-05-07 18:30:00+00:00,2023-05-07 18:55:00+00:00,long,28933.42,28857.62,SL,-1.053,104.2486,2023
2023-05-07 20:50:00+00:00,2023-05-07 22:05:00+00:00,short,28885.09,28758.34,TP,2.085,106.3336,2023
2023-05-07 23:40:00+00:00,2023-05-07 23:50:00+00:00,short,28666.92,28454.22,TP,2.1267,108.4603,2023
2023-05-08 01:25:00+00:00,2023-05-08 01:30:00+00:00,short,28458.88,28553.25,SL,-1.0846,107.3757,2023
2023-05-08 01:40:00+00:00,2023-05-08 01:45:00+00:00,short,28102.61,28159.16,SL,-1.0738,106.3019,2023
2023-05-08 03:40:00+00:00,2023-05-08 03:45:00+00:00,short,28090.79,28165.59,SL,-1.063,105.2389,2023
2023-05-08 05:10:00+00:00,2023-05-08 05:15:00+00:00,short,28100.45,28161.47,SL,-1.0524,104.1865,2023
2023-05-08 06:40:00+00:00,2023-05-08 07:45:00+00:00,short,28161.96,27905.76,TP,2.0837,106.2702,2023
2023-05-08 12:00:00+00:00,2023-05-08 12:50:00+00:00,short,27915.42,27788.23,TP,2.1254,108.3956,2023
2023-05-08 14:05:00+00:00,2023-05-08 14:40:00+00:00,short,27778.86,27846.69,SL,-1.084,107.3117,2023
2023-05-08 15:40:00+00:00,2023-05-08 17:55:00+00:00,short,27868.26,27530.0,TP,2.1462,109.4579,2023
2023-05-08 23:05:00+00:00,2023-05-08 23:20:00+00:00,short,27603.8,27676.69,SL,-1.0946,108.3633,2023
2023-05-08 23:35:00+00:00,2023-05-09 01:30:00+00:00,short,27648.99,27729.79,SL,-1.0836,107.2797,2023
2023-05-09 02:15:00+00:00,2023-05-09 02:55:00+00:00,short,27579.02,27641.55,SL,-1.0728,106.2069,2023
2023-05-09 04:40:00+00:00,2023-05-09 06:10:00+00:00,short,27598.03,27480.87,TP,2.1241,108.331,2023
2023-05-09 08:30:00+00:00,2023-05-09 10:40:00+00:00,short,27576.8,27633.4,SL,-1.0833,107.2477,2023
2023-05-09 11:05:00+00:00,2023-05-09 11:30:00+00:00,short,27555.96,27620.85,SL,-1.0725,106.1752,2023
2023-05-09 15:50:00+00:00,2023-05-09 16:45:00+00:00,short,27428.18,27556.34,SL,-1.0618,105.1135,2023
2023-05-09 18:40:00+00:00,2023-05-09 18:50:00+00:00,long,27661.96,27531.87,SL,-1.0511,104.0624,2023
2023-05-09 19:50:00+00:00,2023-05-09 21:15:00+00:00,long,27665.57,27607.27,SL,-1.0406,103.0217,2023
2023-05-10 01:20:00+00:00,2023-05-10 01:30:00+00:00,long,27800.34,27723.73,SL,-1.0302,101.9915,2023
2023-05-10 03:40:00+00:00,2023-05-10 06:00:00+00:00,long,27701.97,27606.57,SL,-1.0199,100.9716,2023
2023-05-10 07:00:00+00:00,2023-05-10 11:45:00+00:00,short,27592.39,27654.04,SL,-1.0097,99.9619,2023
2023-05-10 16:15:00+00:00,2023-05-10 16:35:00+00:00,long,28269.11,28208.16,SL,-0.9996,98.9623,2023
2023-05-11 00:00:00+00:00,2023-05-11 00:40:00+00:00,short,27590.77,27473.78,TP,1.9792,100.9415,2023
2023-05-11 02:45:00+00:00,2023-05-11 04:20:00+00:00,short,27519.99,27402.12,TP,2.0188,102.9603,2023
2023-05-11 06:35:00+00:00,2023-05-11 07:05:00+00:00,short,27467.89,27534.35,SL,-1.0296,101.9307,2023
2023-05-11 07:50:00+00:00,2023-05-11 09:00:00+00:00,short,27490.68,27379.23,TP,2.0386,103.9694,2023
2023-05-11 11:15:00+00:00,2023-05-11 12:05:00+00:00,short,27410.42,27520.93,SL,-1.0397,102.9297,2023
2023-05-11 12:40:00+00:00,2023-05-11 12:45:00+00:00,short,27355.87,27420.23,SL,-1.0293,101.9004,2023
2023-05-11 13:45:00+00:00,2023-05-11 13:55:00+00:00,short,27340.08,27206.61,TP,2.038,103.9384,2023
2023-05-11 17:00:00+00:00,2023-05-11 17:20:00+00:00,short,27091.23,26856.13,TP,2.0788,106.0171,2023
2023-05-11 19:35:00+00:00,2023-05-11 19:45:00+00:00,short,26794.94,26857.44,SL,-1.0602,104.957,2023
2023-05-11 21:55:00+00:00,2023-05-11 23:05:00+00:00,short,26977.99,26820.01,TP,2.0991,107.0561,2023
2023-05-12 00:35:00+00:00,2023-05-12 00:40:00+00:00,short,26953.63,27026.25,SL,-1.0706,105.9855,2023
2023-05-12 01:20:00+00:00,2023-05-12 02:30:00+00:00,short,26935.01,26750.0,TP,2.1197,108.1053,2023
2023-05-12 05:40:00+00:00,2023-05-12 05:50:00+00:00,short,26575.4,26250.06,TP,2.1621,110.2674,2023
2023-05-12 10:30:00+00:00,2023-05-12 12:30:00+00:00,short,26345.27,26454.57,SL,-1.1027,109.1647,2023
2023-05-12 13:10:00+00:00,2023-05-12 13:30:00+00:00,short,26400.0,26473.3,SL,-1.0916,108.073,2023
2023-05-12 14:35:00+00:00,2023-05-12 14:50:00+00:00,short,26461.42,26334.48,TP,2.1615,110.2345,2023
2023-05-12 16:50:00+00:00,2023-05-12 17:10:00+00:00,short,26267.63,26335.78,SL,-1.1023,109.1322,2023
2023-05-12 18:50:00+00:00,2023-05-12 19:20:00+00:00,short,26309.19,26196.39,TP,2.1826,111.3148,2023
2023-05-12 19:55:00+00:00,2023-05-12 20:10:00+00:00,long,26459.62,26398.99,SL,-1.1131,110.2017,2023
2023-05-12 23:55:00+00:00,2023-05-13 00:15:00+00:00,long,26795.01,26735.77,SL,-1.102,109.0996,2023
2023-05-13 00:55:00+00:00,2023-05-13 01:20:00+00:00,long,26838.99,26975.83,TP,2.182,111.2816,2023
2023-05-13 03:35:00+00:00,2023-05-13 04:50:00+00:00,long,26811.45,26755.62,SL,-1.1128,110.1688,2023
2023-05-13 05:15:00+00:00,2023-05-13 05:30:00+00:00,long,26821.85,26756.97,SL,-1.1017,109.0671,2023
2023-05-13 07:00:00+00:00,2023-05-13 09:55:00+00:00,long,26730.0,26842.05,TP,2.1813,111.2485,2023
2023-05-13 10:55:00+00:00,2023-05-13 14:25:00+00:00,long,26830.69,26768.07,SL,-1.1125,110.136,2023
2023-05-13 15:30:00+00:00,2023-05-13 18:45:00+00:00,long,26806.86,27006.92,TP,2.2027,112.3387,2023
2023-05-13 19:15:00+00:00,2023-05-13 19:35:00+00:00,long,26917.25,26827.18,SL,-1.1234,111.2153,2023
2023-05-13 20:30:00+00:00,2023-05-13 23:40:00+00:00,long,26881.87,26773.7,SL,-1.1122,110.1032,2023
2023-05-14 06:15:00+00:00,2023-05-14 12:00:00+00:00,long,26842.2,26774.38,SL,-1.101,109.0021,2023
2023-05-14 14:50:00+00:00,2023-05-14 15:05:00+00:00,long,26916.27,27133.09,TP,2.18,111.1822,2023
2023-05-14 18:40:00+00:00,2023-05-14 19:00:00+00:00,long,26935.0,26878.25,SL,-1.1118,110.0703,2023
2023-05-14 19:05:00+00:00,2023-05-14 19:20:00+00:00,long,26937.88,26881.51,SL,-1.1007,108.9696,2023
2023-05-14 22:20:00+00:00,2023-05-14 23:05:00+00:00,long,26928.39,26873.61,SL,-1.0897,107.8799,2023
2023-05-14 23:30:00+00:00,2023-05-15 00:15:00+00:00,long,26925.38,26804.48,SL,-1.0788,106.8011,2023
2023-05-15 04:55:00+00:00,2023-05-15 06:15:00+00:00,long,27289.04,27409.01,TP,2.136,108.9372,2023
2023-05-15 09:00:00+00:00,2023-05-15 09:15:00+00:00,long,27452.47,27393.26,SL,-1.0894,107.8478,2023
2023-05-15 10:40:00+00:00,2023-05-15 11:45:00+00:00,long,27398.9,27330.48,SL,-1.0785,106.7693,2023
2023-05-15 12:35:00+00:00,2023-05-15 14:05:00+00:00,long,27369.99,27280.48,SL,-1.0677,105.7016,2023
2023-05-15 14:45:00+00:00,2023-05-15 17:00:00+00:00,long,27410.38,27525.13,TP,2.114,107.8157,2023
2023-05-15 19:50:00+00:00,2023-05-15 20:15:00+00:00,long,27417.92,27347.96,SL,-1.0782,106.7375,2023
2023-05-15 21:25:00+00:00,2023-05-15 22:40:00+00:00,long,27351.33,27292.84,SL,-1.0674,105.6701,2023
2023-05-16 01:15:00+00:00,2023-05-16 01:20:00+00:00,short,27130.57,27003.7,TP,2.1134,107.7835,2023
2023-05-16 04:55:00+00:00,2023-05-16 07:15:00+00:00,short,27114.73,27211.59,SL,-1.0778,106.7057,2023
2023-05-16 08:30:00+00:00,2023-05-16 10:05:00+00:00,short,27193.93,27071.97,TP,2.1341,108.8398,2023
2023-05-16 12:35:00+00:00,2023-05-16 12:40:00+00:00,short,27003.35,27127.77,SL,-1.0884,107.7514,2023
2023-05-16 13:00:00+00:00,2023-05-16 13:40:00+00:00,short,27031.46,27085.65,SL,-1.0775,106.6739,2023
2023-05-16 13:50:00+00:00,2023-05-16 15:25:00+00:00,short,26996.25,27079.2,SL,-1.0667,105.6072,2023
2023-05-16 16:25:00+00:00,2023-05-16 16:50:00+00:00,short,27016.12,27077.09,SL,-1.0561,104.5511,2023
2023-05-16 17:05:00+00:00,2023-05-16 17:45:00+00:00,short,27016.94,27083.38,SL,-1.0455,103.5056,2023
2023-05-16 18:20:00+00:00,2023-05-16 19:50:00+00:00,short,27025.41,26914.35,TP,2.0701,105.5757,2023
2023-05-16 21:05:00+00:00,2023-05-16 21:25:00+00:00,short,26942.67,27023.24,SL,-1.0558,104.5199,2023
2023-05-16 22:35:00+00:00,2023-05-17 00:10:00+00:00,short,26994.94,27052.0,SL,-1.0452,103.4747,2023
2023-05-17 00:20:00+00:00,2023-05-17 00:35:00+00:00,short,26992.3,27098.73,SL,-1.0347,102.44,2023
2023-05-17 03:40:00+00:00,2023-05-17 03:55:00+00:00,long,27117.29,27060.04,SL,-1.0244,101.4156,2023
2023-05-17 04:40:00+00:00,2023-05-17 05:10:00+00:00,long,27084.21,27026.3,SL,-1.0142,100.4014,2023
2023-05-17 07:40:00+00:00,2023-05-17 07:45:00+00:00,short,26950.2,26834.44,TP,2.008,102.4095,2023
2023-05-17 11:05:00+00:00,2023-05-17 11:35:00+00:00,short,26828.62,26704.12,TP,2.0482,104.4576,2023
2023-05-17 13:50:00+00:00,2023-05-17 14:15:00+00:00,short,26605.61,26672.01,SL,-1.0446,103.4131,2023
2023-05-17 14:30:00+00:00,2023-05-17 14:40:00+00:00,short,26630.06,26765.28,SL,-1.0341,102.3789,2023
2023-05-17 16:10:00+00:00,2023-05-17 16:35:00+00:00,short,26763.42,26856.35,SL,-1.0238,101.3552,2023
2023-05-17 19:10:00+00:00,2023-05-17 19:50:00+00:00,long,27301.39,27410.79,TP,2.0271,103.3823,2023
2023-05-17 23:05:00+00:00,2023-05-18 01:40:00+00:00,long,27387.99,27317.85,SL,-1.0338,102.3484,2023
2023-05-18 02:35:00+00:00,2023-05-18 05:25:00+00:00,long,27336.6,27267.17,SL,-1.0235,101.3249,2023
2023-05-18 06:40:00+00:00,2023-05-18 07:45:00+00:00,long,27247.75,27425.16,TP,2.0265,103.3514,2023
2023-05-18 10:05:00+00:00,2023-05-18 10:20:00+00:00,long,27418.08,27360.69,SL,-1.0335,102.3179,2023
2023-05-18 11:40:00+00:00,2023-05-18 12:05:00+00:00,long,27386.26,27330.44,SL,-1.0232,101.2948,2023
2023-05-18 12:10:00+00:00,2023-05-18 12:25:00+00:00,long,27440.57,27327.7,SL,-1.0129,100.2818,2023
2023-05-18 14:50:00+00:00,2023-05-18 15:55:00+00:00,short,27223.42,27086.77,TP,2.0056,102.2874,2023
2023-05-18 17:35:00+00:00,2023-05-18 17:45:00+00:00,short,26811.03,26633.96,TP,2.0457,104.3332,2023
2023-05-18 22:20:00+00:00,2023-05-19 01:40:00+00:00,short,26885.99,26778.26,TP,2.0867,106.4199,2023
2023-05-19 02:35:00+00:00,2023-05-19 03:20:00+00:00,short,26788.57,26848.24,SL,-1.0642,105.3557,2023
2023-05-19 04:15:00+00:00,2023-05-19 04:50:00+00:00,short,26812.04,26870.0,SL,-1.0536,104.3021,2023
2023-05-19 05:15:00+00:00,2023-05-19 05:45:00+00:00,short,26831.85,26886.97,SL,-1.043,103.2591,2023
2023-05-19 06:55:00+00:00,2023-05-19 14:10:00+00:00,short,26902.72,26785.29,TP,2.0652,105.3243,2023
2023-05-19 15:05:00+00:00,2023-05-19 15:10:00+00:00,short,26772.47,26905.1,SL,-1.0532,104.271,2023
2023-05-19 15:35:00+00:00,2023-05-19 15:40:00+00:00,short,26802.69,26951.03,SL,-1.0427,103.2283,2023
2023-05-19 16:30:00+00:00,2023-05-19 16:40:00+00:00,short,26810.09,26883.64,SL,-1.0323,102.196,2023
2023-05-19 17:20:00+00:00,2023-05-19 19:05:00+00:00,long,26931.76,26865.37,SL,-1.022,101.1741,2023
2023-05-19 23:30:00+00:00,2023-05-20 00:40:00+00:00,long,26892.7,26833.16,SL,-1.0117,100.1623,2023
2023-05-20 02:30:00+00:00,2023-05-20 08:50:00+00:00,short,26845.25,26915.0,SL,-1.0016,99.1607,2023
2023-05-20 12:05:00+00:00,2023-05-20 17:40:00+00:00,long,26910.05,27029.17,TP,1.9832,101.1439,2023
2023-05-20 21:30:00+00:00,2023-05-21 00:45:00+00:00,long,27041.77,27241.58,TP,2.0229,103.1668,2023
2023-05-21 03:40:00+00:00,2023-05-21 05:10:00+00:00,long,27180.0,27119.24,SL,-1.0317,102.1351,2023
2023-05-21 06:45:00+00:00,2023-05-21 08:05:00+00:00,long,27093.3,27028.37,SL,-1.0214,101.1138,2023
2023-05-21 08:10:00+00:00,2023-05-21 10:40:00+00:00,long,27068.93,26999.59,SL,-1.0111,100.1026,2023
2023-05-21 14:55:00+00:00,2023-05-21 15:00:00+00:00,short,26898.32,26972.35,SL,-1.001,99.1016,2023
2023-05-21 15:10:00+00:00,2023-05-21 15:40:00+00:00,short,26936.8,26812.94,TP,1.982,101.0836,2023
2023-05-21 17:45:00+00:00,2023-05-21 19:35:00+00:00,short,26844.82,26902.97,SL,-1.0108,100.0728,2023
2023-05-21 20:30:00+00:00,2023-05-21 21:05:00+00:00,short,26885.67,26765.4,TP,2.0015,102.0743,2023
2023-05-21 23:55:00+00:00,2023-05-22 00:30:00+00:00,short,26747.78,26603.11,TP,2.0415,104.1157,2023
2023-05-22 01:55:00+00:00,2023-05-22 02:15:00+00:00,short,26584.17,26644.25,SL,-1.0412,103.0746,2023
2023-05-22 11:45:00+00:00,2023-05-22 12:50:00+00:00,long,26814.58,26741.05,SL,-1.0307,102.0438,2023
2023-05-22 16:10:00+00:00,2023-05-22 16:20:00+00:00,long,26905.75,26840.68,SL,-1.0204,101.0234,2023
2023-05-22 17:45:00+00:00,2023-05-23 01:25:00+00:00,long,26855.76,26976.93,TP,2.0205,103.0439,2023
2023-05-23 02:55:00+00:00,2023-05-23 03:15:00+00:00,long,27128.42,27258.73,TP,2.0609,105.1048,2023
2023-05-23 07:55:00+00:00,2023-05-23 13:40:00+00:00,long,27304.4,27227.59,SL,-1.051,104.0537,2023
2023-05-23 14:05:00+00:00,2023-05-23 16:45:00+00:00,long,27285.65,27206.52,SL,-1.0405,103.0132,2023
2023-05-23 17:20:00+00:00,2023-05-23 17:25:00+00:00,long,27254.69,27197.52,SL,-1.0301,101.983,2023
2023-05-23 20:30:00+00:00,2023-05-23 20:45:00+00:00,short,27153.97,27214.97,SL,-1.0198,100.9632,2023
2023-05-23 21:35:00+00:00,2023-05-23 23:25:00+00:00,short,27194.78,27249.37,SL,-1.0096,99.9536,2023
2023-05-24 00:00:00+00:00,2023-05-24 03:05:00+00:00,short,27207.04,27095.41,TP,1.9991,101.9526,2023
2023-05-24 06:50:00+00:00,2023-05-24 07:10:00+00:00,short,26692.27,26755.47,SL,-1.0195,100.9331,2023
2023-05-24 09:55:00+00:00,2023-05-24 13:40:00+00:00,short,26750.8,26635.92,TP,2.0187,102.9518,2023
2023-05-24 16:40:00+00:00,2023-05-24 17:20:00+00:00,short,26191.3,26297.93,SL,-1.0295,101.9223,2023
2023-05-24 18:25:00+00:00,2023-05-24 19:15:00+00:00,short,26239.83,26303.94,SL,-1.0192,100.903,2023
2023-05-24 19:55:00+00:00,2023-05-24 20:20:00+00:00,short,26252.33,26358.14,SL,-1.009,99.894,2023
2023-05-24 21:30:00+00:00,2023-05-25 00:25:00+00:00,short,26392.54,26283.36,TP,1.9979,101.8919,2023
2023-05-25 05:40:00+00:00,2023-05-25 06:50:00+00:00,short,26235.22,26288.37,SL,-1.0189,100.873,2023
2023-05-25 06:55:00+00:00,2023-05-25 07:35:00+00:00,short,26261.27,26138.02,TP,2.0175,102.8904,2023
2023-05-25 10:15:00+00:00,2023-05-25 12:00:00+00:00,short,26250.99,26345.12,SL,-1.0289,101.8615,2023
2023-05-25 14:35:00+00:00,2023-05-25 14:50:00+00:00,long,26418.23,26348.26,SL,-1.0186,100.8429,2023
2023-05-25 19:05:00+00:00,2023-05-26 05:15:00+00:00,long,26441.06,26381.3,SL,-1.0084,99.8345,2023
2023-05-26 10:35:00+00:00,2023-05-26 12:30:00+00:00,long,26472.56,26403.43,SL,-0.9983,98.8361,2023
2023-05-26 13:00:00+00:00,2023-05-26 14:05:00+00:00,long,26476.34,26632.68,TP,1.9767,100.8129,2023
2023-05-26 18:40:00+00:00,2023-05-26 22:55:00+00:00,long,26744.53,26686.0,SL,-1.0081,99.8047,2023
2023-05-26 23:40:00+00:00,2023-05-27 00:25:00+00:00,long,26718.43,26658.38,SL,-0.998,98.8067,2023
2023-05-27 01:05:00+00:00,2023-05-27 03:40:00+00:00,long,26655.32,26772.53,TP,1.9761,100.7828,2023
2023-05-27 04:40:00+00:00,2023-05-27 06:20:00+00:00,long,26773.29,26716.29,SL,-1.0078,99.775,2023
2023-05-27 06:45:00+00:00,2023-05-27 08:15:00+00:00,long,26740.78,26686.04,SL,-0.9978,98.7772,2023
2023-05-27 10:30:00+00:00,2023-05-27 13:20:00+00:00,short,26692.54,26761.8,SL,-0.9878,97.7895,2023
2023-05-27 16:30:00+00:00,2023-05-27 17:35:00+00:00,short,26658.56,26728.93,SL,-0.9779,96.8116,2023
2023-05-27 21:00:00+00:00,2023-05-28 00:40:00+00:00,long,26752.01,26996.73,TP,1.9362,98.7478,2023
2023-05-28 03:45:00+00:00,2023-05-28 12:35:00+00:00,long,27178.1,27121.92,SL,-0.9875,97.7603,2023
2023-05-28 13:15:00+00:00,2023-05-28 15:55:00+00:00,long,27153.6,27272.17,TP,1.9552,99.7155,2023
2023-05-28 17:30:00+00:00,2023-05-28 18:15:00+00:00,long,27290.41,27414.23,TP,1.9943,101.7098,2023
2023-05-28 21:25:00+00:00,2023-05-28 21:45:00+00:00,long,27633.32,27866.29,TP,2.0342,103.744,2023
2023-05-29 00:15:00+00:00,2023-05-29 00:30:00+00:00,long,28350.57,28261.83,SL,-1.0374,102.7066,2023
2023-05-29 04:55:00+00:00,2023-05-29 07:30:00+00:00,long,27947.07,27864.99,SL,-1.0271,101.6795,2023
2023-05-29 08:05:00+00:00,2023-05-29 08:25:00+00:00,long,27921.42,27864.83,SL,-1.0168,100.6627,2023
2023-05-29 08:35:00+00:00,2023-05-29 10:45:00+00:00,long,27907.86,27771.11,SL,-1.0066,99.6561,2023
2023-05-29 11:25:00+00:00,2023-05-29 14:40:00+00:00,long,27879.64,27811.79,SL,-0.9966,98.6595,2023
2023-05-29 18:45:00+00:00,2023-05-29 21:10:00+00:00,short,27637.79,27693.32,SL,-0.9866,97.673,2023
2023-05-29 21:35:00+00:00,2023-05-29 23:05:00+00:00,short,27661.18,27729.99,SL,-0.9767,96.6962,2023
2023-05-30 01:05:00+00:00,2023-05-30 03:15:00+00:00,long,27770.0,27922.84,TP,1.9339,98.6301,2023
2023-05-30 08:25:00+00:00,2023-05-30 10:25:00+00:00,long,27796.8,27925.14,TP,1.9726,100.6027,2023
2023-05-30 11:55:00+00:00,2023-05-30 12:20:00+00:00,long,28021.4,27927.38,SL,-1.006,99.5967,2023
2023-05-30 13:15:00+00:00,2023-05-30 13:45:00+00:00,long,27945.33,27861.41,SL,-0.996,98.6008,2023
2023-05-30 23:15:00+00:00,2023-05-31 00:50:00+00:00,short,27681.39,27739.27,SL,-0.986,97.6147,2023
2023-05-31 01:55:00+00:00,2023-05-31 02:05:00+00:00,short,27742.09,27616.42,TP,1.9523,99.567,2023
2023-05-31 04:35:00+00:00,2023-05-31 04:45:00+00:00,short,27616.79,27362.17,TP,1.9913,101.5584,2023
2023-05-31 08:45:00+00:00,2023-05-31 11:05:00+00:00,short,27130.78,27004.7,TP,2.0312,103.5895,2023
2023-05-31 12:35:00+00:00,2023-05-31 13:10:00+00:00,short,27076.9,27166.68,SL,-1.0359,102.5537,2023
2023-05-31 14:00:00+00:00,2023-05-31 14:15:00+00:00,short,27104.91,26910.68,TP,2.0511,104.6047,2023
2023-05-31 15:10:00+00:00,2023-05-31 15:20:00+00:00,short,26925.35,26983.8,SL,-1.046,103.5587,2023
2023-05-31 18:50:00+00:00,2023-05-31 19:45:00+00:00,short,27034.99,27104.21,SL,-1.0356,102.5231,2023
2023-05-31 19:55:00+00:00,2023-05-31 20:20:00+00:00,short,27010.57,27084.5,SL,-1.0252,101.4979,2023
2023-05-31 21:15:00+00:00,2023-05-31 22:35:00+00:00,short,27100.13,27154.85,SL,-1.015,100.4829,2023
2023-06-01 01:40:00+00:00,2023-06-01 02:45:00+00:00,short,27118.33,26821.07,TP,2.0097,102.4925,2023
2023-06-01 06:40:00+00:00,2023-06-01 08:50:00+00:00,short,26834.92,26888.99,SL,-1.0249,101.4676,2023
2023-06-01 09:50:00+00:00,2023-06-01 16:50:00+00:00,short,26919.36,27051.53,SL,-1.0147,100.4529,2023
2023-06-01 18:15:00+00:00,2023-06-01 18:35:00+00:00,long,27028.86,26972.94,SL,-1.0045,99.4484,2023
2023-06-01 22:05:00+00:00,2023-06-02 00:20:00+00:00,short,26883.22,26734.01,TP,1.989,101.4374,2023
2023-06-02 04:20:00+00:00,2023-06-02 05:35:00+00:00,long,27035.26,27157.99,TP,2.0287,103.4661,2023
2023-06-02 08:25:00+00:00,2023-06-02 13:45:00+00:00,long,27104.82,26958.15,SL,-1.0347,102.4315,2023
2023-06-02 18:45:00+00:00,2023-06-02 19:35:00+00:00,long,27143.22,27278.75,TP,2.0486,104.4801,2023
2023-06-02 21:45:00+00:00,2023-06-03 00:40:00+00:00,long,27239.14,27173.68,SL,-1.0448,103.4353,2023
2023-06-03 02:05:00+00:00,2023-06-03 15:55:00+00:00,long,27143.71,27305.26,TP,2.0687,105.504,2023
2023-06-03 18:55:00+00:00,2023-06-03 21:10:00+00:00,short,27147.43,27006.61,TP,2.1101,107.6141,2023
2023-06-03 23:50:00+00:00,2023-06-04 06:40:00+00:00,short,27052.41,27114.13,SL,-1.0761,106.5379,2023
2023-06-04 09:10:00+00:00,2023-06-04 22:15:00+00:00,long,27199.78,27380.0,TP,2.1308,108.6687,2023
2023-06-05 02:50:00+00:00,2023-06-05 03:55:00+00:00,short,26960.01,26843.58,TP,2.1734,110.8421,2023
2023-06-05 06:55:00+00:00,2023-06-05 07:25:00+00:00,short,26765.34,26827.55,SL,-1.1084,109.7337,2023
2023-06-05 08:45:00+00:00,2023-06-05 12:40:00+00:00,short,26820.53,26702.93,TP,2.1947,111.9283,2023
2023-06-05 15:00:00+00:00,2023-06-05 15:20:00+00:00,short,26676.67,26568.84,TP,2.2386,114.1669,2023
2023-06-05 19:25:00+00:00,2023-06-05 19:30:00+00:00,short,25449.25,25556.4,SL,-1.1417,113.0252,2023
2023-06-05 21:20:00+00:00,2023-06-05 21:25:00+00:00,short,25546.63,25599.84,SL,-1.1303,111.895,2023
2023-06-05 23:50:00+00:00,2023-06-06 01:30:00+00:00,short,25738.08,25623.07,TP,2.2379,114.1329,2023
2023-06-06 03:30:00+00:00,2023-06-06 04:50:00+00:00,short,25729.42,25796.57,SL,-1.1413,112.9915,2023
2023-06-06 05:20:00+00:00,2023-06-06 12:10:00+00:00,short,25767.22,25460.2,TP,2.2598,115.2514,2023
2023-06-06 16:00:00+00:00,2023-06-06 16:50:00+00:00,long,26169.6,26279.27,TP,2.305,117.5564,2023
2023-06-06 19:35:00+00:00,2023-06-06 19:50:00+00:00,long,26891.98,27161.82,TP,2.3511,119.9075,2023
2023-06-06 22:35:00+00:00,2023-06-06 23:25:00+00:00,long,27109.42,27288.05,TP,2.3981,122.3057,2023
2023-06-07 00:40:00+00:00,2023-06-07 00:45:00+00:00,long,27311.25,27243.0,SL,-1.2231,121.0826,2023
2023-06-07 03:50:00+00:00,2023-06-07 06:35:00+00:00,long,26877.89,26818.3,SL,-1.2108,119.8718,2023
2023-06-07 07:30:00+00:00,2023-06-07 07:50:00+00:00,long,26893.93,26827.95,SL,-1.1987,118.6731,2023
2023-06-07 08:20:00+00:00,2023-06-07 09:15:00+00:00,long,26820.9,26709.19,SL,-1.1867,117.4863,2023
2023-06-07 12:40:00+00:00,2023-06-07 12:50:00+00:00,long,26862.37,26794.24,SL,-1.1749,116.3115,2023
2023-06-07 15:50:00+00:00,2023-06-07 16:00:00+00:00,short,26323.57,26394.23,SL,-1.1631,115.1484,2023
2023-06-07 18:45:00+00:00,2023-06-07 20:10:00+00:00,short,26470.01,26362.44,TP,2.303,117.4513,2023
2023-06-07 21:50:00+00:00,2023-06-07 21:55:00+00:00,short,26295.8,26156.0,TP,2.349,119.8004,2023
2023-06-08 01:50:00+00:00,2023-06-08 03:20:00+00:00,short,26431.78,26306.75,TP,2.396,122.1964,2023
2023-06-08 05:45:00+00:00,2023-06-08 06:40:00+00:00,short,26378.86,26471.82,SL,-1.222,120.9744,2023
2023-06-08 07:50:00+00:00,2023-06-08 10:55:00+00:00,short,26430.0,26484.77,SL,-1.2097,119.7647,2023
2023-06-08 11:30:00+00:00,2023-06-08 12:35:00+00:00,short,26417.5,26503.96,SL,-1.1976,118.567,2023
2023-06-08 13:00:00+00:00,2023-06-08 13:20:00+00:00,short,26346.61,26404.86,SL,-1.1857,117.3813,2023
2023-06-09 02:15:00+00:00,2023-06-09 02:20:00+00:00,short,26496.32,26334.11,TP,2.3476,119.729,2023
2023-06-09 04:20:00+00:00,2023-06-09 04:50:00+00:00,short,26434.92,26504.23,SL,-1.1973,118.5317,2023
2023-06-09 05:40:00+00:00,2023-06-09 06:15:00+00:00,short,26476.22,26540.47,SL,-1.1853,117.3464,2023
2023-06-09 06:55:00+00:00,2023-06-09 08:15:00+00:00,short,26492.93,26578.51,SL,-1.1735,116.1729,2023
2023-06-09 09:45:00+00:00,2023-06-09 10:25:00+00:00,long,26669.97,26614.65,SL,-1.1617,115.0112,2023
2023-06-09 12:00:00+00:00,2023-06-09 13:15:00+00:00,long,26629.99,26741.34,TP,2.3002,117.3114,2023
2023-06-09 14:25:00+00:00,2023-06-09 14:35:00+00:00,long,26686.21,26596.0,SL,-1.1731,116.1383,2023
2023-06-09 17:10:00+00:00,2023-06-09 17:15:00+00:00,short,26434.0,26498.12,SL,-1.1614,114.9769,2023
2023-06-09 18:30:00+00:00,2023-06-10 01:10:00+00:00,short,26447.92,26503.39,SL,-1.1498,113.8271,2023
2023-06-10 01:20:00+00:00,2023-06-10 02:55:00+00:00,short,26453.66,26326.92,TP,2.2765,116.1037,2023
2023-06-10 04:20:00+00:00,2023-06-10 04:50:00+00:00,short,25889.99,25780.21,TP,2.3221,118.4257,2023
2023-06-10 05:50:00+00:00,2023-06-10 06:00:00+00:00,short,25491.94,25587.52,SL,-1.1843,117.2415,2023
2023-06-10 09:15:00+00:00,2023-06-10 10:50:00+00:00,short,25639.98,25692.22,SL,-1.1724,116.0691,2023
2023-06-10 12:10:00+00:00,2023-06-10 17:00:00+00:00,short,25669.11,25531.09,TP,2.3214,118.3905,2023
2023-06-10 21:05:00+00:00,2023-06-10 21:45:00+00:00,short,25721.0,25783.83,SL,-1.1839,117.2066,2023
2023-06-11 01:30:00+00:00,2023-06-11 02:50:00+00:00,long,25809.18,25757.22,SL,-1.1721,116.0345,2023
2023-06-11 06:30:00+00:00,2023-06-11 11:40:00+00:00,short,25777.62,25833.02,SL,-1.1603,114.8741,2023
2023-06-11 14:30:00+00:00,2023-06-11 16:10:00+00:00,short,25721.73,25779.82,SL,-1.1487,113.7254,2023
2023-06-11 19:20:00+00:00,2023-06-11 21:35:00+00:00,long,26073.29,26018.89,SL,-1.1373,112.5881,2023
2023-06-12 02:00:00+00:00,2023-06-12 02:15:00+00:00,long,25954.6,25896.07,SL,-1.1259,111.4623,2023
2023-06-12 05:45:00+00:00,2023-06-12 06:25:00+00:00,short,25784.01,25867.09,SL,-1.1146,110.3476,2023
2023-06-12 07:20:00+00:00,2023-06-12 08:25:00+00:00,short,25833.7,25915.0,SL,-1.1035,109.2442,2023
2023-06-12 12:00:00+00:00,2023-06-12 12:15:00+00:00,long,25978.51,25923.97,SL,-1.0924,108.1517,2023
2023-06-12 16:55:00+00:00,2023-06-12 17:45:00+00:00,short,25825.41,25929.99,SL,-1.0815,107.0702,2023
2023-06-12 18:10:00+00:00,2023-06-12 18:50:00+00:00,short,25783.64,25856.4,SL,-1.0707,105.9995,2023
2023-06-12 19:20:00+00:00,2023-06-12 20:20:00+00:00,short,25789.95,25855.52,SL,-1.06,104.9395,2023
2023-06-12 21:55:00+00:00,2023-06-13 00:50:00+00:00,long,25930.52,25840.0,SL,-1.0494,103.8901,2023
2023-06-13 01:25:00+00:00,2023-06-13 01:50:00+00:00,long,26003.98,25948.61,SL,-1.0389,102.8512,2023
2023-06-13 05:05:00+00:00,2023-06-13 08:45:00+00:00,long,26063.36,26233.37,TP,2.057,104.9082,2023
2023-06-13 10:35:00+00:00,2023-06-13 11:35:00+00:00,long,26162.04,26106.98,SL,-1.0491,103.8592,2023
2023-06-13 12:00:00+00:00,2023-06-13 12:40:00+00:00,long,26222.99,26093.06,SL,-1.0386,102.8206,2023
2023-06-13 18:45:00+00:00,2023-06-13 19:15:00+00:00,short,25850.04,25915.23,SL,-1.0282,101.7924,2023
2023-06-13 19:35:00+00:00,2023-06-13 23:55:00+00:00,short,25881.08,25934.25,SL,-1.0179,100.7744,2023
2023-06-14 01:50:00+00:00,2023-06-14 03:00:00+00:00,long,26033.08,25976.13,SL,-1.0077,99.7667,2023
2023-06-14 04:20:00+00:00,2023-06-14 05:30:00+00:00,long,25998.65,25925.27,SL,-0.9977,98.769,2023
2023-06-14 11:30:00+00:00,2023-06-14 17:00:00+00:00,long,26007.91,25947.55,SL,-0.9877,97.7813,2023
2023-06-14 17:40:00+00:00,2023-06-14 18:05:00+00:00,long,25968.1,25867.93,SL,-0.9778,96.8035,2023
2023-06-14 18:40:00+00:00,2023-06-14 18:55:00+00:00,long,25975.41,25915.03,SL,-0.968,95.8355,2023
2023-06-14 19:25:00+00:00,2023-06-14 20:00:00+00:00,short,25898.67,25726.32,TP,1.9167,97.7522,2023
2023-06-15 01:25:00+00:00,2023-06-15 04:05:00+00:00,short,25120.0,25019.1,TP,1.955,99.7072,2023
2023-06-15 05:30:00+00:00,2023-06-15 06:10:00+00:00,short,25003.64,25071.1,SL,-0.9971,98.7102,2023
2023-06-15 06:30:00+00:00,2023-06-15 08:10:00+00:00,short,24968.6,25024.8,SL,-0.9871,97.7231,2023
2023-06-15 08:55:00+00:00,2023-06-15 11:45:00+00:00,short,24974.26,25030.2,SL,-0.9772,96.7458,2023
2023-06-15 12:20:00+00:00,2023-06-15 13:05:00+00:00,short,24954.75,25005.38,SL,-0.9675,95.7784,2023
2023-06-15 14:15:00+00:00,2023-06-15 16:00:00+00:00,short,25051.7,24929.0,TP,1.9156,97.6939,2023
2023-06-15 21:00:00+00:00,2023-06-15 21:30:00+00:00,long,25605.21,25718.1,TP,1.9539,99.6478,2023
2023-06-16 01:30:00+00:00,2023-06-16 04:15:00+00:00,long,25494.65,25605.91,TP,1.993,101.6408,2023
2023-06-16 05:55:00+00:00,2023-06-16 11:30:00+00:00,long,25553.04,25491.25,SL,-1.0164,100.6244,2023
2023-06-16 12:15:00+00:00,2023-06-16 14:45:00+00:00,long,25521.95,25346.94,SL,-1.0062,99.6181,2023
2023-06-16 15:00:00+00:00,2023-06-16 15:55:00+00:00,long,25594.0,25840.01,TP,1.9924,101.6105,2023
2023-06-16 22:15:00+00:00,2023-06-17 00:30:00+00:00,long,26383.87,26327.06,SL,-1.0161,100.5944,2023
2023-06-17 02:30:00+00:00,2023-06-17 05:05:00+00:00,long,26254.42,26383.33,TP,2.0119,102.6063,2023
2023-06-17 09:45:00+00:00,2023-06-17 11:25:00+00:00,long,26612.86,26549.99,SL,-1.0261,101.5802,2023
2023-06-17 12:20:00+00:00,2023-06-17 12:50:00+00:00,long,26571.43,26513.61,SL,-1.0158,100.5644,2023
2023-06-17 16:15:00+00:00,2023-06-17 17:50:00+00:00,long,26477.26,26405.95,SL,-1.0056,99.5588,2023
2023-06-17 18:15:00+00:00,2023-06-17 22:10:00+00:00,long,26452.37,26580.54,TP,1.9912,101.5499,2023
2023-06-18 05:15:00+00:00,2023-06-18 08:55:00+00:00,long,26553.09,26499.32,SL,-1.0155,100.5344,2023
2023-06-18 09:35:00+00:00,2023-06-18 12:30:00+00:00,long,26520.27,26465.99,SL,-1.0053,99.5291,2023
2023-06-18 12:40:00+00:00,2023-06-18 13:35:00+00:00,long,26554.0,26499.99,SL,-0.9953,98.5338,2023
2023-06-18 14:25:00+00:00,2023-06-18 19:25:00+00:00,long,26533.43,26641.5,TP,1.9707,100.5045,2023
2023-06-18 21:55:00+00:00,2023-06-19 06:00:00+00:00,short,26415.34,26475.62,SL,-1.005,99.4994,2023
2023-06-19 06:20:00+00:00,2023-06-19 12:20:00+00:00,short,26449.2,26505.11,SL,-0.995,98.5044,2023
2023-06-19 13:30:00+00:00,2023-06-19 14:00:00+00:00,long,26576.01,26507.01,SL,-0.985,97.5194,2023
2023-06-19 15:35:00+00:00,2023-06-19 16:30:00+00:00,long,26452.37,26352.13,SL,-0.9752,96.5442,2023
2023-06-19 16:35:00+00:00,2023-06-19 17:35:00+00:00,long,26515.99,26666.0,TP,1.9309,98.4751,2023
2023-06-19 20:00:00+00:00,2023-06-19 20:50:00+00:00,long,26788.0,26728.0,SL,-0.9848,97.4903,2023
2023-06-19 21:50:00+00:00,2023-06-20 00:20:00+00:00,long,26768.95,26916.46,TP,1.9498,99.4401,2023
2023-06-20 03:10:00+00:00,2023-06-20 03:55:00+00:00,long,26953.25,26896.52,SL,-0.9944,98.4457,2023
2023-06-20 04:15:00+00:00,2023-06-20 05:35:00+00:00,long,26948.75,26861.92,SL,-0.9845,97.4613,2023
2023-06-20 07:05:00+00:00,2023-06-20 09:30:00+00:00,long,26796.04,26725.39,SL,-0.9746,96.4867,2023
2023-06-20 09:35:00+00:00,2023-06-20 11:55:00+00:00,long,26800.3,26907.99,TP,1.9297,98.4164,2023
2023-06-20 13:30:00+00:00,2023-06-20 13:35:00+00:00,long,26926.09,26856.0,SL,-0.9842,97.4322,2023
2023-06-20 17:45:00+00:00,2023-06-20 17:50:00+00:00,long,27841.92,27759.99,SL,-0.9743,96.4579,2023
2023-06-20 18:50:00+00:00,2023-06-20 19:00:00+00:00,long,28083.99,27918.61,SL,-0.9646,95.4933,2023
2023-06-20 20:45:00+00:00,2023-06-20 20:50:00+00:00,long,28206.91,28119.42,SL,-0.9549,94.5384,2023
2023-06-20 23:25:00+00:00,2023-06-20 23:30:00+00:00,long,28332.0,28256.0,SL,-0.9454,93.593,2023
2023-06-21 00:45:00+00:00,2023-06-21 01:00:00+00:00,long,28380.02,28722.63,TP,1.8719,95.4649,2023
2023-06-21 04:55:00+00:00,2023-06-21 05:50:00+00:00,long,28785.53,28905.23,TP,1.9093,97.3742,2023
2023-06-21 07:35:00+00:00,2023-06-21 08:30:00+00:00,long,28893.02,28819.03,SL,-0.9737,96.4004,2023
2023-06-21 09:15:00+00:00,2023-06-21 10:25:00+00:00,long,28896.49,29050.01,TP,1.928,98.3284,2023
2023-06-21 11:35:00+00:00,2023-06-21 12:20:00+00:00,long,28933.35,29072.0,TP,1.9666,100.295,2023
2023-06-21 13:20:00+00:00,2023-06-21 13:45:00+00:00,long,29041.64,29282.58,TP,2.0059,102.3009,2023
2023-06-21 18:20:00+00:00,2023-06-21 18:45:00+00:00,long,30261.68,30109.5,SL,-1.023,101.2779,2023
2023-06-21 20:00:00+00:00,2023-06-21 20:05:00+00:00,long,30113.75,30052.18,SL,-1.0128,100.2651,2023
2023-06-21 20:10:00+00:00,2023-06-21 20:15:00+00:00,long,30110.48,30025.18,SL,-1.0027,99.2625,2023
2023-06-21 21:20:00+00:00,2023-06-21 21:25:00+00:00,long,30009.99,29943.45,SL,-0.9926,98.2698,2023
2023-06-21 22:15:00+00:00,2023-06-21 22:45:00+00:00,long,29943.29,30134.24,TP,1.9654,100.2352,2023
2023-06-22 00:30:00+00:00,2023-06-22 00:50:00+00:00,long,30219.02,30130.77,SL,-1.0024,99.2329,2023
2023-06-22 02:20:00+00:00,2023-06-22 02:30:00+00:00,long,30204.35,30335.0,TP,1.9847,101.2176,2023
2023-06-22 04:55:00+00:00,2023-06-22 05:30:00+00:00,long,30350.0,30284.99,SL,-1.0122,100.2054,2023
2023-06-22 07:05:00+00:00,2023-06-22 07:20:00+00:00,long,30178.45,30111.99,SL,-1.0021,99.2033,2023
2023-06-22 07:50:00+00:00,2023-06-22 10:25:00+00:00,long,30104.73,30236.01,TP,1.9841,101.1874,2023
2023-06-22 12:10:00+00:00,2023-06-22 13:20:00+00:00,long,30074.06,30317.99,TP,2.0237,103.2111,2023
2023-06-22 19:40:00+00:00,2023-06-22 20:25:00+00:00,long,30175.74,30097.42,SL,-1.0321,102.179,2023
2023-06-22 23:55:00+00:00,2023-06-23 00:10:00+00:00,short,29884.92,29996.81,SL,-1.0218,101.1572,2023
2023-06-23 01:45:00+00:00,2023-06-23 02:05:00+00:00,short,29987.01,29853.85,TP,2.0231,103.1804,2023
2023-06-23 04:50:00+00:00,2023-06-23 09:50:00+00:00,short,30011.43,30156.12,SL,-1.0318,102.1486,2023
2023-06-23 11:55:00+00:00,2023-06-23 12:30:00+00:00,long,30140.87,30054.95,SL,-1.0215,101.1271,2023
2023-06-23 13:05:00+00:00,2023-06-23 13:20:00+00:00,long,30154.38,30092.02,SL,-1.0113,100.1158,2023
2023-06-23 14:15:00+00:00,2023-06-23 14:55:00+00:00,long,30158.0,30282.04,TP,2.0023,102.1181,2023
2023-06-23 20:05:00+00:00,2023-06-23 21:30:00+00:00,long,30860.0,30749.85,SL,-1.0212,101.097,2023
2023-06-23 22:45:00+00:00,2023-06-23 23:25:00+00:00,long,30643.67,30578.84,SL,-1.011,100.086,2023
2023-06-24 00:35:00+00:00,2023-06-24 01:55:00+00:00,short,30533.42,30605.3,SL,-1.0009,99.0851,2023
2023-06-24 05:20:00+00:00,2023-06-24 06:05:00+00:00,long,30756.07,30691.62,SL,-0.9909,98.0943,2023
2023-06-24 06:50:00+00:00,2023-06-24 07:30:00+00:00,long,30718.55,30656.65,SL,-0.9809,97.1133,2023
2023-06-24 08:30:00+00:00,2023-06-24 10:15:00+00:00,short,30591.49,30675.19,SL,-0.9711,96.1422,2023
2023-06-24 12:20:00+00:00,2023-06-24 13:05:00+00:00,long,30756.02,30664.95,SL,-0.9614,95.1808,2023
2023-06-24 14:30:00+00:00,2023-06-24 15:10:00+00:00,long,30679.59,30608.11,SL,-0.9518,94.229,2023
2023-06-24 23:45:00+00:00,2023-06-25 00:10:00+00:00,short,30491.93,30582.0,SL,-0.9423,93.2867,2023
2023-06-25 00:25:00+00:00,2023-06-25 01:10:00+00:00,short,30472.5,30566.0,SL,-0.9329,92.3538,2023
2023-06-25 03:10:00+00:00,2023-06-25 04:00:00+00:00,long,30686.48,30840.51,TP,1.8471,94.2009,2023
2023-06-25 06:30:00+00:00,2023-06-25 06:40:00+00:00,long,30915.86,30851.89,SL,-0.942,93.2589,2023
2023-06-25 08:10:00+00:00,2023-06-25 08:40:00+00:00,long,30747.98,30684.95,SL,-0.9326,92.3263,2023
2023-06-25 08:50:00+00:00,2023-06-25 09:20:00+00:00,long,30757.75,30615.01,SL,-0.9233,91.403,2023
2023-06-25 09:45:00+00:00,2023-06-25 10:15:00+00:00,long,30700.75,30614.61,SL,-0.914,90.489,2023
2023-06-25 12:45:00+00:00,2023-06-25 14:00:00+00:00,short,30655.14,30726.29,SL,-0.9049,89.5841,2023
2023-06-25 14:45:00+00:00,2023-06-25 18:00:00+00:00,short,30599.11,30462.56,TP,1.7917,91.3758,2023
2023-06-25 19:35:00+00:00,2023-06-25 19:55:00+00:00,short,30367.69,30429.78,SL,-0.9138,90.462,2023
2023-06-25 20:50:00+00:00,2023-06-25 21:00:00+00:00,short,30319.68,30388.77,SL,-0.9046,89.5574,2023
2023-06-25 23:00:00+00:00,2023-06-26 01:00:00+00:00,short,30489.56,30317.98,TP,1.7911,91.3486,2023
2023-06-26 04:25:00+00:00,2023-06-26 06:25:00+00:00,short,30228.0,30291.48,SL,-0.9135,90.4351,2023
2023-06-26 07:30:00+00:00,2023-06-26 07:50:00+00:00,short,30349.39,30411.17,SL,-0.9044,89.5307,2023
2023-06-26 12:20:00+00:00,2023-06-26 12:40:00+00:00,short,30298.79,30383.01,SL,-0.8953,88.6354,2023
2023-06-26 15:45:00+00:00,2023-06-26 16:20:00+00:00,long,30441.34,30365.99,SL,-0.8864,87.7491,2023
2023-06-26 20:30:00+00:00,2023-06-26 23:45:00+00:00,short,30199.36,30285.8,SL,-0.8775,86.8716,2023
2023-06-27 00:30:00+00:00,2023-06-27 00:35:00+00:00,short,30250.66,30363.97,SL,-0.8687,86.0029,2023
2023-06-27 01:50:00+00:00,2023-06-27 05:00:00+00:00,long,30384.95,30323.69,SL,-0.86,85.1428,2023
2023-06-27 06:20:00+00:00,2023-06-27 06:55:00+00:00,short,30252.62,30320.14,SL,-0.8514,84.2914,2023
2023-06-27 10:00:00+00:00,2023-06-27 10:05:00+00:00,long,30447.37,30571.71,TP,1.6858,85.9772,2023
2023-06-27 11:50:00+00:00,2023-06-27 12:00:00+00:00,long,30726.87,30665.2,SL,-0.8598,85.1174,2023
2023-06-27 14:00:00+00:00,2023-06-27 14:10:00+00:00,long,30849.84,30752.01,SL,-0.8512,84.2663,2023
2023-06-27 16:30:00+00:00,2023-06-27 20:35:00+00:00,long,30637.38,30564.71,SL,-0.8427,83.4236,2023
2023-06-27 21:00:00+00:00,2023-06-28 00:15:00+00:00,long,30633.94,30516.81,SL,-0.8342,82.5894,2023
2023-06-28 00:55:00+00:00,2023-06-28 01:30:00+00:00,long,30614.0,30546.93,SL,-0.8259,81.7635,2023
2023-06-28 02:50:00+00:00,2023-06-28 07:30:00+00:00,short,30422.41,30235.45,TP,1.6353,83.3988,2023
2023-06-28 11:55:00+00:00,2023-06-28 12:35:00+00:00,short,30310.73,30154.02,TP,1.668,85.0667,2023
2023-06-28 19:25:00+00:00,2023-06-28 19:55:00+00:00,short,30028.89,30100.0,SL,-0.8507,84.2161,2023
2023-06-28 22:40:00+00:00,2023-06-29 01:15:00+00:00,short,30114.12,30200.0,SL,-0.8422,83.3739,2023
2023-06-29 02:05:00+00:00,2023-06-29 05:05:00+00:00,short,30166.67,30246.0,SL,-0.8337,82.5402,2023
2023-06-29 06:40:00+00:00,2023-06-29 07:10:00+00:00,long,30234.13,30406.57,TP,1.6508,84.191,2023
2023-06-29 09:50:00+00:00,2023-06-29 10:20:00+00:00,long,30460.01,30601.99,TP,1.6838,85.8748,2023
2023-06-29 13:10:00+00:00,2023-06-29 13:40:00+00:00,long,30741.61,30680.01,SL,-0.8587,85.016,2023
2023-06-29 15:25:00+00:00,2023-06-29 17:00:00+00:00,long,30528.77,30452.67,SL,-0.8502,84.1659,2023
2023-06-29 17:05:00+00:00,2023-06-29 17:10:00+00:00,long,30570.01,30451.99,SL,-0.8417,83.3242,2023
2023-06-29 18:20:00+00:00,2023-06-29 19:15:00+00:00,long,30575.14,30506.62,SL,-0.8332,82.491,2023
2023-06-29 19:55:00+00:00,2023-06-29 20:10:00+00:00,long,30584.99,30494.61,SL,-0.8249,81.6661,2023
2023-06-29 23:00:00+00:00,2023-06-29 23:25:00+00:00,short,30401.99,30482.19,SL,-0.8167,80.8494,2023
2023-06-30 00:10:00+00:00,2023-06-30 00:25:00+00:00,short,30421.54,30485.28,SL,-0.8085,80.0409,2023
2023-06-30 00:50:00+00:00,2023-06-30 02:10:00+00:00,short,30451.99,30539.07,SL,-0.8004,79.2405,2023
2023-06-30 04:35:00+00:00,2023-06-30 04:40:00+00:00,long,30962.05,31164.7,TP,1.5848,80.8253,2023
2023-06-30 07:05:00+00:00,2023-06-30 07:25:00+00:00,long,30740.3,30676.0,SL,-0.8083,80.0171,2023
2023-06-30 10:15:00+00:00,2023-06-30 10:25:00+00:00,long,30864.74,30787.99,SL,-0.8002,79.2169,2023
2023-06-30 10:55:00+00:00,2023-06-30 12:00:00+00:00,long,30811.52,30960.01,TP,1.5843,80.8012,2023
2023-06-30 17:55:00+00:00,2023-06-30 18:40:00+00:00,short,30455.8,30329.82,TP,1.616,82.4172,2023
2023-06-30 19:55:00+00:00,2023-06-30 20:25:00+00:00,short,30372.36,30491.74,SL,-0.8242,81.5931,2023
2023-06-30 20:50:00+00:00,2023-06-30 21:35:00+00:00,short,30398.96,30460.95,SL,-0.8159,80.7771,2023
2023-06-30 22:45:00+00:00,2023-07-01 04:20:00+00:00,short,30481.39,30346.95,TP,1.6155,82.3927,2023
2023-07-01 06:30:00+00:00,2023-07-01 08:00:00+00:00,short,30404.17,30466.22,SL,-0.8239,81.5688,2023
2023-07-01 08:20:00+00:00,2023-07-01 11:40:00+00:00,short,30448.56,30545.25,SL,-0.8157,80.7531,2023
2023-07-01 14:45:00+00:00,2023-07-02 02:15:00+00:00,long,30593.17,30518.73,SL,-0.8075,79.9455,2023
2023-07-02 02:30:00+00:00,2023-07-02 03:00:00+00:00,long,30588.14,30523.24,SL,-0.7995,79.1461,2023
2023-07-02 05:30:00+00:00,2023-07-02 12:00:00+00:00,short,30494.19,30574.74,SL,-0.7915,78.3546,2023
2023-07-02 12:40:00+00:00,2023-07-02 15:20:00+00:00,long,30556.9,30283.5,SL,-0.7835,77.5711,2023
2023-07-02 16:10:00+00:00,2023-07-02 17:55:00+00:00,long,30552.01,30441.2,SL,-0.7757,76.7954,2023
2023-07-02 21:25:00+00:00,2023-07-02 22:30:00+00:00,long,30600.76,30763.34,TP,1.5359,78.3313,2023
2023-07-03 00:00:00+00:00,2023-07-03 02:25:00+00:00,long,30625.23,30754.99,TP,1.5666,79.8979,2023
2023-07-03 06:50:00+00:00,2023-07-03 10:00:00+00:00,long,30650.12,30583.01,SL,-0.799,79.0989,2023
2023-07-03 11:45:00+00:00,2023-07-03 14:30:00+00:00,short,30641.26,30708.01,SL,-0.791,78.3079,2023
2023-07-03 18:40:00+00:00,2023-07-03 19:25:00+00:00,long,31110.0,31326.0,TP,1.5662,79.8741,2023
2023-07-03 22:10:00+00:00,2023-07-04 01:25:00+00:00,long,31070.0,31204.26,TP,1.5975,81.4716,2023
2023-07-04 05:25:00+00:00,2023-07-04 05:55:00+00:00,long,31056.01,30972.7,SL,-0.8147,80.6569,2023
2023-07-04 07:45:00+00:00,2023-07-04 09:10:00+00:00,short,30934.21,31002.5,SL,-0.8066,79.8503,2023
2023-07-04 10:30:00+00:00,2023-07-04 10:40:00+00:00,short,30967.55,31034.0,SL,-0.7985,79.0518,2023
2023-07-04 10:45:00+00:00,2023-07-04 14:00:00+00:00,long,31050.34,30977.99,SL,-0.7905,78.2613,2023
2023-07-04 14:30:00+00:00,2023-07-04 14:40:00+00:00,long,31045.99,30981.78,SL,-0.7826,77.4787,2023
2023-07-04 16:50:00+00:00,2023-07-04 19:10:00+00:00,short,30953.13,30786.01,TP,1.5496,79.0282,2023
2023-07-04 22:30:00+00:00,2023-07-04 23:05:00+00:00,short,30777.53,30843.73,SL,-0.7903,78.2379,2023
2023-07-04 23:45:00+00:00,2023-07-05 02:30:00+00:00,short,30789.81,30860.0,SL,-0.7824,77.4556,2023
2023-07-05 02:55:00+00:00,2023-07-05 08:15:00+00:00,short,30837.99,30703.98,TP,1.5491,79.0047,2023
2023-07-05 09:25:00+00:00,2023-07-05 10:30:00+00:00,short,30737.87,30610.68,TP,1.5801,80.5848,2023
2023-07-05 13:00:00+00:00,2023-07-05 13:40:00+00:00,short,30288.9,30374.34,SL,-0.8058,79.7789,2023
2023-07-05 15:10:00+00:00,2023-07-05 16:15:00+00:00,short,30340.01,30426.85,SL,-0.7978,78.9811,2023
2023-07-05 17:55:00+00:00,2023-07-05 23:00:00+00:00,short,30523.21,30392.01,TP,1.5796,80.5608,2023
2023-07-06 00:10:00+00:00,2023-07-06 00:20:00+00:00,short,30452.92,30523.26,SL,-0.8056,79.7552,2023
2023-07-06 00:30:00+00:00,2023-07-06 02:05:00+00:00,short,30440.45,30518.83,SL,-0.7976,78.9576,2023
2023-07-06 02:55:00+00:00,2023-07-06 05:35:00+00:00,short,30471.65,30573.88,SL,-0.7896,78.168,2023
2023-07-06 08:35:00+00:00,2023-07-06 08:45:00+00:00,long,30941.79,31234.55,TP,1.5634,79.7314,2023
2023-07-06 13:50:00+00:00,2023-07-06 14:05:00+00:00,short,30405.53,30245.96,TP,1.5946,81.326,2023
2023-07-06 16:40:00+00:00,2023-07-06 17:00:00+00:00,short,30257.14,30330.8,SL,-0.8133,80.5128,2023
2023-07-06 18:40:00+00:00,2023-07-06 18:55:00+00:00,short,30223.3,30378.01,SL,-0.8051,79.7076,2023
2023-07-06 19:35:00+00:00,2023-07-06 21:05:00+00:00,short,30268.79,30345.18,SL,-0.7971,78.9105,2023
2023-07-06 21:20:00+00:00,2023-07-06 23:00:00+00:00,short,30215.2,30078.62,TP,1.5782,80.4888,2023
2023-07-07 03:00:00+00:00,2023-07-07 03:20:00+00:00,short,30079.64,30142.7,SL,-0.8049,79.6839,2023
2023-07-07 03:25:00+00:00,2023-07-07 04:00:00+00:00,short,30101.7,30166.4,SL,-0.7968,78.887,2023
2023-07-07 04:15:00+00:00,2023-07-07 05:20:00+00:00,short,30113.75,30218.39,SL,-0.7889,78.0982,2023
2023-07-07 06:15:00+00:00,2023-07-07 07:30:00+00:00,short,30199.96,30074.25,TP,1.562,79.6601,2023
2023-07-07 10:15:00+00:00,2023-07-07 11:25:00+00:00,short,30109.83,30171.49,SL,-0.7966,78.8635,2023
2023-07-07 11:45:00+00:00,2023-07-07 12:30:00+00:00,short,30126.13,30312.17,SL,-0.7886,78.0749,2023
2023-07-07 13:05:00+00:00,2023-07-07 13:10:00+00:00,short,30156.8,30223.86,SL,-0.7807,77.2941,2023
2023-07-07 14:55:00+00:00,2023-07-07 15:05:00+00:00,long,30411.49,30349.5,SL,-0.7729,76.5212,2023
2023-07-07 16:10:00+00:00,2023-07-07 16:20:00+00:00,long,30410.88,30328.62,SL,-0.7652,75.756,2023
2023-07-07 22:15:00+00:00,2023-07-08 01:05:00+00:00,long,30328.82,30260.32,SL,-0.7576,74.9984,2023
2023-07-08 01:45:00+00:00,2023-07-08 05:00:00+00:00,long,30290.7,30222.7,SL,-0.75,74.2484,2023
2023-07-08 06:20:00+00:00,2023-07-08 08:15:00+00:00,short,30167.19,30272.75,SL,-0.7425,73.506,2023
2023-07-08 09:20:00+00:00,2023-07-08 19:20:00+00:00,short,30252.1,30079.99,TP,1.4701,74.9761,2023
2023-07-08 22:25:00+00:00,2023-07-08 23:00:00+00:00,short,30166.02,30244.98,SL,-0.7498,74.2263,2023
2023-07-08 23:50:00+00:00,2023-07-09 01:10:00+00:00,long,30266.68,30388.0,TP,1.4845,75.7108,2023
2023-07-09 03:35:00+00:00,2023-07-09 06:00:00+00:00,long,30315.95,30253.99,SL,-0.7571,74.9537,2023
2023-07-09 06:40:00+00:00,2023-07-09 20:30:00+00:00,long,30262.33,30173.41,SL,-0.7495,74.2042,2023
2023-07-09 21:50:00+00:00,2023-07-10 00:20:00+00:00,short,30142.01,30017.18,TP,1.4841,75.6883,2023
2023-07-10 00:45:00+00:00,2023-07-10 01:30:00+00:00,short,30056.51,30136.53,SL,-0.7569,74.9314,2023
2023-07-10 01:55:00+00:00,2023-07-10 02:35:00+00:00,short,30048.8,30110.68,SL,-0.7493,74.1821,2023
2023-07-10 03:40:00+00:00,2023-07-10 10:45:00+00:00,short,30167.51,30229.98,SL,-0.7418,73.4403,2023
2023-07-10 11:55:00+00:00,2023-07-10 12:40:00+00:00,long,30240.0,30171.64,SL,-0.7344,72.7059,2023
2023-07-10 13:35:00+00:00,2023-07-10 13:55:00+00:00,long,30275.99,30209.7,SL,-0.7271,71.9788,2023
2023-07-10 14:50:00+00:00,2023-07-10 18:40:00+00:00,long,30297.99,30441.68,TP,1.4396,73.4184,2023
2023-07-10 23:00:00+00:00,2023-07-11 01:30:00+00:00,long,30390.62,30513.25,TP,1.4684,74.8867,2023
2023-07-11 04:00:00+00:00,2023-07-11 05:00:00+00:00,long,30497.46,30434.64,SL,-0.7489,74.1379,2023
2023-07-11 05:30:00+00:00,2023-07-11 06:45:00+00:00,long,30454.08,30582.16,TP,1.4828,75.6206,2023
2023-07-11 12:10:00+00:00,2023-07-11 13:30:00+00:00,short,30381.08,30472.79,SL,-0.7562,74.8644,2023
2023-07-11 14:05:00+00:00,2023-07-11 14:20:00+00:00,short,30402.67,30469.79,SL,-0.7486,74.1158,2023
2023-07-11 16:50:00+00:00,2023-07-11 17:00:00+00:00,long,30679.99,30609.59,SL,-0.7412,73.3746,2023
2023-07-11 17:25:00+00:00,2023-07-11 17:50:00+00:00,long,30649.08,30550.01,SL,-0.7337,72.6409,2023
2023-07-11 19:15:00+00:00,2023-07-11 23:25:00+00:00,long,30518.08,30643.77,TP,1.4528,74.0937,2023
2023-07-12 01:45:00+00:00,2023-07-12 06:05:00+00:00,long,30546.27,30680.01,TP,1.4819,75.5756,2023
2023-07-12 06:25:00+00:00,2023-07-12 08:40:00+00:00,long,30741.29,30679.67,SL,-0.7558,74.8198,2023
2023-07-12 09:45:00+00:00,2023-07-12 10:50:00+00:00,long,30730.99,30660.1,SL,-0.7482,74.0716,2023
2023-07-12 11:15:00+00:00,2023-07-12 12:35:00+00:00,long,30699.99,30842.0,TP,1.4814,75.5531,2023
2023-07-12 13:10:00+00:00,2023-07-12 13:25:00+00:00,long,30838.22,30658.0,SL,-0.7555,74.7975,2023
2023-07-12 14:05:00+00:00,2023-07-12 15:15:00+00:00,long,30776.28,30707.49,SL,-0.748,74.0495,2023
2023-07-12 19:20:00+00:00,2023-07-12 23:15:00+00:00,short,30316.79,30379.22,SL,-0.7405,73.3091,2023
2023-07-13 00:30:00+00:00,2023-07-13 09:00:00+00:00,short,30382.0,30459.47,SL,-0.7331,72.576,2023
2023-07-13 10:40:00+00:00,2023-07-13 11:05:00+00:00,long,30632.34,30559.58,SL,-0.7258,71.8502,2023
2023-07-13 13:10:00+00:00,2023-07-13 15:25:00+00:00,long,30561.02,30817.0,TP,1.437,73.2872,2023
2023-07-13 17:35:00+00:00,2023-07-13 18:05:00+00:00,long,31074.6,31278.52,TP,1.4657,74.753,2023
2023-07-13 19:15:00+00:00,2023-07-13 19:25:00+00:00,long,31379.07,31670.0,TP,1.4951,76.248,2023
2023-07-13 22:00:00+00:00,2023-07-13 23:40:00+00:00,long,31279.13,31479.7,TP,1.525,77.773,2023
2023-07-14 00:35:00+00:00,2023-07-14 00:50:00+00:00,long,31492.03,31393.42,SL,-0.7777,76.9952,2023
2023-07-14 02:10:00+00:00,2023-07-14 05:00:00+00:00,long,31451.27,31372.0,SL,-0.77,76.2253,2023
2023-07-14 06:10:00+00:00,2023-07-14 06:45:00+00:00,long,31378.52,31315.61,SL,-0.7623,75.463,2023
2023-07-14 08:10:00+00:00,2023-07-14 09:20:00+00:00,long,31226.45,31160.0,SL,-0.7546,74.7084,2023
2023-07-14 09:30:00+00:00,2023-07-14 09:45:00+00:00,short,31152.39,31215.99,SL,-0.7471,73.9613,2023
2023-07-14 10:10:00+00:00,2023-07-14 11:25:00+00:00,short,31162.82,31225.41,SL,-0.7396,73.2217,2023
2023-07-14 12:30:00+00:00,2023-07-14 13:50:00+00:00,short,31180.54,31268.01,SL,-0.7322,72.4895,2023
2023-07-15 00:10:00+00:00,2023-07-15 00:55:00+00:00,short,30267.63,30328.76,SL,-0.7249,71.7646,2023
2023-07-15 02:00:00+00:00,2023-07-16 02:15:00+00:00,short,30332.28,30190.01,TP,1.4353,73.1999,2023
2023-07-16 03:25:00+00:00,2023-07-16 06:35:00+00:00,short,30198.89,30266.76,SL,-0.732,72.4679,2023
2023-07-16 07:30:00+00:00,2023-07-16 14:20:00+00:00,short,30273.64,30364.0,SL,-0.7247,71.7432,2023
2023-07-16 17:15:00+00:00,2023-07-16 18:25:00+00:00,long,30390.18,30325.99,SL,-0.7174,71.0258,2023
2023-07-17 00:45:00+00:00,2023-07-17 01:30:00+00:00,short,30221.47,30300.0,SL,-0.7103,70.3155,2023
2023-07-17 02:35:00+00:00,2023-07-17 10:15:00+00:00,short,30279.99,30141.47,TP,1.4063,71.7218,2023
2023-07-17 12:00:00+00:00,2023-07-17 13:20:00+00:00,short,30145.99,30246.0,SL,-0.7172,71.0046,2023
2023-07-17 16:10:00+00:00,2023-07-17 16:30:00+00:00,long,30241.03,30129.99,SL,-0.71,70.2946,2023
2023-07-17 17:45:00+00:00,2023-07-17 18:30:00+00:00,short,30032.99,29818.0,TP,1.4059,71.7005,2023
2023-07-18 00:35:00+00:00,2023-07-18 02:35:00+00:00,long,30178.32,30113.75,SL,-0.717,70.9835,2023
2023-07-18 05:35:00+00:00,2023-07-18 08:00:00+00:00,short,30052.89,29924.77,TP,1.4197,72.4031,2023
2023-07-18 09:15:00+00:00,2023-07-18 11:20:00+00:00,short,29980.01,30046.68,SL,-0.724,71.6791,2023
2023-07-18 11:45:00+00:00,2023-07-18 12:10:00+00:00,short,29980.0,29859.99,TP,1.4336,73.1127,2023
2023-07-18 15:15:00+00:00,2023-07-18 16:45:00+00:00,short,29898.0,29704.7,TP,1.4623,74.5749,2023
2023-07-18 19:20:00+00:00,2023-07-18 19:45:00+00:00,short,29854.88,29729.51,TP,1.4915,76.0664,2023
2023-07-18 22:15:00+00:00,2023-07-18 23:25:00+00:00,short,29774.88,29836.34,SL,-0.7607,75.3058,2023
2023-07-19 03:10:00+00:00,2023-07-19 07:40:00+00:00,long,30070.04,29992.7,SL,-0.7531,74.5527,2023
2023-07-19 08:25:00+00:00,2023-07-19 08:45:00+00:00,long,30007.57,29913.69,SL,-0.7455,73.8072,2023
2023-07-19 09:15:00+00:00,2023-07-19 12:35:00+00:00,long,29984.01,29922.0,SL,-0.7381,73.0691,2023
2023-07-19 14:10:00+00:00,2023-07-19 15:50:00+00:00,short,29893.71,29980.01,SL,-0.7307,72.3384,2023
2023-07-19 16:35:00+00:00,2023-07-19 17:10:00+00:00,short,29900.01,29997.66,SL,-0.7234,71.615,2023
2023-07-19 18:25:00+00:00,2023-07-19 21:00:00+00:00,long,30018.69,29921.56,SL,-0.7161,70.8989,2023
2023-07-19 22:35:00+00:00,2023-07-20 00:30:00+00:00,short,29881.98,29950.68,SL,-0.709,70.1899,2023
2023-07-20 01:40:00+00:00,2023-07-20 03:25:00+00:00,long,30017.21,29927.12,SL,-0.7019,69.488,2023
2023-07-20 04:15:00+00:00,2023-07-20 05:35:00+00:00,long,29969.51,30097.08,TP,1.3898,70.8778,2023
2023-07-20 07:25:00+00:00,2023-07-20 09:30:00+00:00,long,30209.1,30334.0,TP,1.4176,72.2953,2023
2023-07-20 10:35:00+00:00,2023-07-20 10:50:00+00:00,long,30402.41,30288.3,SL,-0.723,71.5724,2023
2023-07-20 13:30:00+00:00,2023-07-20 14:05:00+00:00,long,30258.29,30191.96,SL,-0.7157,70.8566,2023
2023-07-20 18:25:00+00:00,2023-07-20 18:30:00+00:00,short,29599.46,29722.35,SL,-0.7086,70.1481,2023
2023-07-20 20:20:00+00:00,2023-07-20 21:00:00+00:00,short,29687.23,29747.99,SL,-0.7015,69.4466,2023
2023-07-20 22:20:00+00:00,2023-07-21 02:10:00+00:00,short,29829.05,29901.99,SL,-0.6945,68.7521,2023
2023-07-21 03:10:00+00:00,2023-07-21 04:15:00+00:00,long,29926.01,29864.99,SL,-0.6875,68.0646,2023
2023-07-21 07:20:00+00:00,2023-07-21 13:05:00+00:00,short,29815.24,29888.94,SL,-0.6806,67.384,2023
2023-07-21 14:45:00+00:00,2023-07-21 18:00:00+00:00,long,29864.98,29990.0,TP,1.3477,68.7316,2023
2023-07-21 20:30:00+00:00,2023-07-22 18:05:00+00:00,long,29879.8,29819.98,SL,-0.6873,68.0443,2023
2023-07-22 19:00:00+00:00,2023-07-22 23:30:00+00:00,short,29805.01,29675.99,TP,1.3609,69.4052,2023
2023-07-23 02:05:00+00:00,2023-07-23 02:25:00+00:00,short,29811.36,29880.04,SL,-0.6941,68.7111,2023
2023-07-23 04:35:00+00:00,2023-07-23 17:50:00+00:00,long,29879.87,30004.66,TP,1.3742,70.0854,2023
2023-07-23 22:20:00+00:00,2023-07-24 01:20:00+00:00,long,30019.91,29942.01,SL,-0.7009,69.3845,2023
2023-07-24 03:05:00+00:00,2023-07-24 04:20:00+00:00,short,29717.28,29783.82,SL,-0.6938,68.6907,2023
2023-07-24 06:10:00+00:00,2023-07-24 07:40:00+00:00,short,29775.99,29846.55,SL,-0.6869,68.0038,2023
2023-07-24 08:15:00+00:00,2023-07-24 09:45:00+00:00,short,29796.89,29615.0,TP,1.3601,69.3638,2023
2023-07-24 14:00:00+00:00,2023-07-24 15:05:00+00:00,short,29130.52,28948.0,TP,1.3873,70.7511,2023
2023-07-24 17:30:00+00:00,2023-07-24 18:45:00+00:00,short,29049.99,29126.92,SL,-0.7075,70.0436,2023
2023-07-24 19:50:00+00:00,2023-07-24 21:20:00+00:00,short,29106.0,29168.0,SL,-0.7004,69.3432,2023
2023-07-24 22:20:00+00:00,2023-07-25 09:35:00+00:00,short,29161.71,29276.0,SL,-0.6934,68.6497,2023
2023-07-25 09:55:00+00:00,2023-07-25 13:30:00+00:00,short,29167.31,29247.82,SL,-0.6865,67.9632,2023
2023-07-25 16:10:00+00:00,2023-07-26 00:20:00+00:00,long,29249.84,29179.22,SL,-0.6796,67.2836,2023
2023-07-26 05:25:00+00:00,2023-07-26 09:40:00+00:00,long,29228.55,29170.0,SL,-0.6728,66.6108,2023
2023-07-26 11:45:00+00:00,2023-07-26 12:25:00+00:00,short,29175.55,29237.68,SL,-0.6661,65.9447,2023
2023-07-26 15:15:00+00:00,2023-07-26 19:05:00+00:00,long,29299.99,29238.28,SL,-0.6594,65.2852,2023
2023-07-26 19:35:00+00:00,2023-07-26 20:15:00+00:00,long,29370.19,29512.46,TP,1.3057,66.5909,2023
2023-07-27 02:40:00+00:00,2023-07-27 09:20:00+00:00,long,29376.05,29517.5,TP,1.3318,67.9227,2023
2023-07-27 11:40:00+00:00,2023-07-27 12:40:00+00:00,long,29524.37,29461.02,SL,-0.6792,67.2435,2023
2023-07-27 13:30:00+00:00,2023-07-27 14:00:00+00:00,long,29502.5,29417.85,SL,-0.6724,66.5711,2023
2023-07-27 17:15:00+00:00,2023-07-27 18:35:00+00:00,short,29240.83,29099.99,TP,1.3314,67.9025,2023
2023-07-27 22:45:00+00:00,2023-07-28 00:45:00+00:00,short,29216.53,29275.24,SL,-0.679,67.2235,2023
2023-07-28 01:40:00+00:00,2023-07-28 07:45:00+00:00,short,29273.21,29140.16,TP,1.3445,68.5679,2023
2023-07-28 09:05:00+00:00,2023-07-28 09:45:00+00:00,short,29126.1,29197.48,SL,-0.6857,67.8823,2023
2023-07-28 11:15:00+00:00,2023-07-28 12:25:00+00:00,short,29214.55,29284.92,SL,-0.6788,67.2034,2023
2023-07-28 14:10:00+00:00,2023-07-28 14:30:00+00:00,long,29353.41,29471.35,TP,1.3441,68.5475,2023
2023-07-28 20:05:00+00:00,2023-07-28 21:10:00+00:00,short,29284.69,29346.0,SL,-0.6855,67.862,2023
2023-07-28 23:15:00+00:00,2023-07-30 15:00:00+00:00,long,29302.01,29442.03,TP,1.3572,69.2193,2023
2023-07-30 17:35:00+00:00,2023-07-30 19:45:00+00:00,long,29396.49,29265.16,SL,-0.6922,68.5271,2023
2023-07-30 22:25:00+00:00,2023-07-30 23:10:00+00:00,short,29160.88,29230.0,SL,-0.6853,67.8418,2023
2023-07-31 05:20:00+00:00,2023-07-31 09:30:00+00:00,long,29408.9,29349.53,SL,-0.6784,67.1634,2023
2023-07-31 09:55:00+00:00,2023-07-31 14:30:00+00:00,long,29383.96,29302.93,SL,-0.6716,66.4918,2023
2023-07-31 15:30:00+00:00,2023-07-31 19:55:00+00:00,short,29292.81,29157.48,TP,1.3298,67.8216,2023
2023-07-31 20:00:00+00:00,2023-07-31 20:05:00+00:00,short,29132.01,29205.65,SL,-0.6782,67.1434,2023
2023-07-31 20:45:00+00:00,2023-07-31 21:20:00+00:00,short,29175.01,29257.98,SL,-0.6714,66.4719,2023
2023-07-31 22:05:00+00:00,2023-08-01 00:45:00+00:00,short,29216.48,29279.0,SL,-0.6647,65.8072,2023
2023-08-01 01:30:00+00:00,2023-08-01 02:05:00+00:00,short,29230.68,29042.0,TP,1.3161,67.1234,2023
2023-08-01 07:00:00+00:00,2023-08-01 08:55:00+00:00,short,28922.6,28994.91,SL,-0.6712,66.4521,2023
2023-08-01 09:20:00+00:00,2023-08-01 12:20:00+00:00,short,28953.89,28832.95,TP,1.329,67.7812,2023
2023-08-01 14:10:00+00:00,2023-08-01 15:40:00+00:00,short,28833.1,28902.44,SL,-0.6778,67.1034,2023
2023-08-01 16:35:00+00:00,2023-08-01 16:50:00+00:00,short,28866.14,28926.65,SL,-0.671,66.4323,2023
2023-08-01 17:05:00+00:00,2023-08-01 18:20:00+00:00,long,28978.99,29120.63,TP,1.3286,67.761,2023
2023-08-01 22:50:00+00:00,2023-08-01 23:05:00+00:00,long,29243.52,29362.65,TP,1.3552,69.1162,2023
2023-08-02 01:05:00+00:00,2023-08-02 02:00:00+00:00,long,29890.1,29797.69,SL,-0.6912,68.425,2023
2023-08-02 04:30:00+00:00,2023-08-02 04:50:00+00:00,long,29713.42,29647.78,SL,-0.6843,67.7408,2023
2023-08-02 07:10:00+00:00,2023-08-02 07:55:00+00:00,long,29641.9,29577.26,SL,-0.6774,67.0634,2023
2023-08-02 08:55:00+00:00,2023-08-02 09:40:00+00:00,long,29489.55,29425.99,SL,-0.6706,66.3927,2023
2023-08-02 16:25:00+00:00,2023-08-02 16:40:00+00:00,short,29262.5,29322.5,SL,-0.6639,65.7288,2023
2023-08-02 16:50:00+00:00,2023-08-02 17:15:00+00:00,short,29076.58,29198.99,SL,-0.6573,65.0715,2023
2023-08-02 18:30:00+00:00,2023-08-02 18:55:00+00:00,short,29084.01,29148.1,SL,-0.6507,64.4208,2023
2023-08-02 20:10:00+00:00,2023-08-02 22:05:00+00:00,short,29143.79,29204.87,SL,-0.6442,63.7766,2023
2023-08-02 22:45:00+00:00,2023-08-03 01:45:00+00:00,short,29188.0,29268.92,SL,-0.6378,63.1388,2023
2023-08-03 02:20:00+00:00,2023-08-03 06:50:00+00:00,short,29206.0,29066.01,TP,1.2628,64.4016,2023
2023-08-03 11:00:00+00:00,2023-08-03 14:00:00+00:00,short,29165.16,29233.32,SL,-0.644,63.7576,2023
2023-08-03 16:40:00+00:00,2023-08-03 17:40:00+00:00,long,29310.0,29250.66,SL,-0.6376,63.12,2023
2023-08-03 18:45:00+00:00,2023-08-03 22:20:00+00:00,long,29245.21,29183.42,SL,-0.6312,62.4888,2023
2023-08-03 22:55:00+00:00,2023-08-04 00:05:00+00:00,long,29235.25,29167.63,SL,-0.6249,61.8639,2023
2023-08-04 02:05:00+00:00,2023-08-04 05:50:00+00:00,short,29176.39,29235.29,SL,-0.6186,61.2453,2023
2023-08-04 07:55:00+00:00,2023-08-04 10:45:00+00:00,long,29212.92,29154.42,SL,-0.6125,60.6328,2023
2023-08-04 14:00:00+00:00,2023-08-04 14:15:00+00:00,short,29171.48,29245.81,SL,-0.6063,60.0265,2023
2023-08-04 14:50:00+00:00,2023-08-04 17:35:00+00:00,long,29285.07,29217.55,SL,-0.6003,59.4263,2023
2023-08-04 20:45:00+00:00,2023-08-04 21:05:00+00:00,short,28938.01,29085.37,SL,-0.5943,58.832,2023
2023-08-04 22:55:00+00:00,2023-08-04 23:40:00+00:00,short,29057.62,29117.71,SL,-0.5883,58.2437,2023
2023-08-05 01:00:00+00:00,2023-08-05 12:40:00+00:00,short,29124.9,28996.42,TP,1.1649,59.4085,2023
2023-08-05 15:15:00+00:00,2023-08-06 05:55:00+00:00,short,29035.71,29103.25,SL,-0.5941,58.8145,2023
2023-08-06 07:10:00+00:00,2023-08-06 13:35:00+00:00,long,29076.64,29018.32,SL,-0.5881,58.2263,2023
2023-08-06 13:55:00+00:00,2023-08-06 16:50:00+00:00,short,29016.01,29081.21,SL,-0.5823,57.6441,2023
2023-08-06 20:50:00+00:00,2023-08-06 21:50:00+00:00,long,29146.01,29079.4,SL,-0.5764,57.0676,2023
2023-08-07 04:25:00+00:00,2023-08-07 05:35:00+00:00,long,29197.82,29139.0,SL,-0.5707,56.4969,2023
2023-08-07 09:05:00+00:00,2023-08-07 10:35:00+00:00,short,29050.27,29110.44,SL,-0.565,55.932,2023
2023-08-07 12:50:00+00:00,2023-08-07 13:05:00+00:00,long,29118.0,29058.31,SL,-0.5593,55.3726,2023
2023-08-07 13:15:00+00:00,2023-08-07 15:15:00+00:00,short,29054.52,28927.97,TP,1.1075,56.4801,2023
2023-08-07 20:00:00+00:00,2023-08-08 05:40:00+00:00,long,29162.01,29291.0,TP,1.1296,57.6097,2023
2023-08-08 08:25:00+00:00,2023-08-08 11:00:00+00:00,long,29204.0,29342.0,TP,1.1522,58.7619,2023
2023-08-08 14:35:00+00:00,2023-08-08 16:10:00+00:00,long,29469.05,29602.29,TP,1.1752,59.9371,2023
2023-08-08 18:10:00+00:00,2023-08-08 18:30:00+00:00,long,29894.47,29834.01,SL,-0.5994,59.3378,2023
2023-08-08 20:20:00+00:00,2023-08-08 21:20:00+00:00,long,29964.35,30144.99,TP,1.1868,60.5245,2023
2023-08-08 23:05:00+00:00,2023-08-09 02:25:00+00:00,long,29808.69,29712.0,SL,-0.6052,59.9193,2023
2023-08-09 03:20:00+00:00,2023-08-09 06:20:00+00:00,long,29738.71,29678.44,SL,-0.5992,59.3201,2023
2023-08-09 06:50:00+00:00,2023-08-09 11:00:00+00:00,long,29724.62,29894.04,TP,1.1864,60.5065,2023
2023-08-09 11:45:00+00:00,2023-08-09 12:45:00+00:00,long,29866.09,29986.36,TP,1.2101,61.7166,2023
2023-08-09 14:45:00+00:00,2023-08-09 14:50:00+00:00,long,29912.49,29792.0,SL,-0.6172,61.0994,2023
2023-08-09 16:35:00+00:00,2023-08-09 16:45:00+00:00,short,29696.09,29547.88,TP,1.222,62.3214,2023
2023-08-09 19:50:00+00:00,2023-08-09 21:25:00+00:00,short,29450.01,29530.0,SL,-0.6232,61.6982,2023
2023-08-09 23:40:00+00:00,2023-08-10 09:30:00+00:00,short,29607.4,29484.91,TP,1.234,62.9322,2023
2023-08-10 11:20:00+00:00,2023-08-10 12:30:00+00:00,short,29528.04,29594.05,SL,-0.6293,62.3029,2023
2023-08-10 13:10:00+00:00,2023-08-10 13:30:00+00:00,short,29536.0,29613.38,SL,-0.623,61.6798,2023
2023-08-10 15:50:00+00:00,2023-08-11 14:20:00+00:00,short,29462.89,29546.62,SL,-0.6168,61.063,2023
2023-08-11 16:40:00+00:00,2023-08-11 16:50:00+00:00,short,29298.0,29368.15,SL,-0.6106,60.4524,2023
2023-08-11 20:40:00+00:00,2023-08-12 16:15:00+00:00,short,29405.81,29465.0,SL,-0.6045,59.8479,2023
2023-08-12 18:40:00+00:00,2023-08-13 05:15:00+00:00,long,29436.25,29376.0,SL,-0.5985,59.2494,2023
2023-08-13 07:50:00+00:00,2023-08-13 19:45:00+00:00,short,29397.38,29466.48,SL,-0.5925,58.6569,2023
2023-08-14 00:40:00+00:00,2023-08-14 02:40:00+00:00,short,29259.0,29353.56,SL,-0.5866,58.0703,2023
2023-08-14 07:40:00+00:00,2023-08-14 12:20:00+00:00,long,29430.4,29365.01,SL,-0.5807,57.4896,2023
2023-08-14 13:05:00+00:00,2023-08-14 14:05:00+00:00,short,29358.29,29422.0,SL,-0.5749,56.9147,2023
2023-08-15 00:20:00+00:00,2023-08-15 01:35:00+00:00,long,29454.23,29385.58,SL,-0.5691,56.3456,2023
2023-08-15 02:55:00+00:00,2023-08-15 08:30:00+00:00,short,29383.98,29443.1,SL,-0.5635,55.7821,2023
2023-08-15 09:25:00+00:00,2023-08-15 11:30:00+00:00,long,29448.01,29370.0,SL,-0.5578,55.2243,2023
2023-08-15 13:55:00+00:00,2023-08-15 14:30:00+00:00,short,29375.44,29445.51,SL,-0.5522,54.6721,2023
2023-08-15 15:15:00+00:00,2023-08-15 19:05:00+00:00,short,29375.45,29115.3,TP,1.0934,55.7655,2023
2023-08-15 22:35:00+00:00,2023-08-16 14:00:00+00:00,short,29200.36,29066.01,TP,1.1153,56.8808,2023
2023-08-16 15:45:00+00:00,2023-08-16 16:10:00+00:00,short,29147.99,29023.9,TP,1.1376,58.0184,2023
2023-08-16 23:05:00+00:00,2023-08-16 23:40:00+00:00,short,28871.3,28753.19,TP,1.1604,59.1788,2023
2023-08-17 04:30:00+00:00,2023-08-17 06:40:00+00:00,short,28632.05,28696.01,SL,-0.5918,58.587,2023
2023-08-17 07:05:00+00:00,2023-08-17 09:05:00+00:00,short,28658.82,28531.99,TP,1.1717,59.7588,2023
2023-08-17 10:40:00+00:00,2023-08-17 13:40:00+00:00,short,28550.99,28426.0,TP,1.1952,60.9539,2023
2023-08-17 15:35:00+00:00,2023-08-17 15:55:00+00:00,short,28067.0,27934.02,TP,1.2191,62.173,2023
2023-08-17 18:35:00+00:00,2023-08-17 19:15:00+00:00,short,27893.63,27971.16,SL,-0.6217,61.5513,2023
2023-08-17 20:10:00+00:00,2023-08-17 20:35:00+00:00,short,27875.77,27752.01,TP,1.231,62.7823,2023
2023-08-17 21:35:00+00:00,2023-08-17 21:40:00+00:00,short,27578.74,25188.01,TP,1.2556,64.038,2023
2023-08-18 01:10:00+00:00,2023-08-18 01:40:00+00:00,short,26590.17,26649.99,SL,-0.6404,63.3976,2023
2023-08-18 02:40:00+00:00,2023-08-18 03:40:00+00:00,short,26518.47,26411.12,TP,1.268,64.6655,2023
2023-08-18 04:15:00+00:00,2023-08-18 04:25:00+00:00,short,26343.95,26207.63,TP,1.2933,65.9588,2023
2023-08-18 06:55:00+00:00,2023-08-18 08:55:00+00:00,short,26502.66,26591.69,SL,-0.6596,65.2992,2023
2023-08-18 09:35:00+00:00,2023-08-18 11:25:00+00:00,short,26511.56,26401.06,TP,1.306,66.6052,2023
2023-08-18 12:10:00+00:00,2023-08-18 13:05:00+00:00,short,26391.58,26284.0,TP,1.3321,67.9373,2023
2023-08-18 14:05:00+00:00,2023-08-18 14:40:00+00:00,short,26202.02,26287.71,SL,-0.6794,67.258,2023
2023-08-18 14:50:00+00:00,2023-08-18 15:00:00+00:00,short,26009.99,26139.15,SL,-0.6726,66.5854,2023
2023-08-18 15:35:00+00:00,2023-08-18 16:55:00+00:00,short,26060.0,25904.91,TP,1.3317,67.9171,2023
2023-08-18 19:15:00+00:00,2023-08-18 20:10:00+00:00,short,26053.99,26133.99,SL,-0.6792,67.2379,2023
2023-08-18 20:55:00+00:00,2023-08-18 21:15:00+00:00,short,26083.78,26153.31,SL,-0.6724,66.5655,2023
2023-08-18 23:10:00+00:00,2023-08-19 00:40:00+00:00,short,26051.91,26139.42,SL,-0.6657,65.8999,2023
2023-08-19 01:20:00+00:00,2023-08-19 03:15:00+00:00,short,26042.73,25938.28,TP,1.318,67.2179,2023
2023-08-19 05:25:00+00:00,2023-08-19 06:55:00+00:00,short,25949.14,25836.28,TP,1.3444,68.5622,2023
2023-08-19 09:00:00+00:00,2023-08-19 13:25:00+00:00,short,25911.89,25966.0,SL,-0.6856,67.8766,2023
2023-08-19 13:55:00+00:00,2023-08-19 14:15:00+00:00,short,25925.24,25988.0,SL,-0.6788,67.1979,2023
2023-08-19 14:55:00+00:00,2023-08-19 15:05:00+00:00,short,25975.0,26041.38,SL,-0.672,66.5259,2023
2023-08-19 16:55:00+00:00,2023-08-19 17:00:00+00:00,long,26253.3,26196.78,SL,-0.6653,65.8606,2023
2023-08-19 18:40:00+00:00,2023-08-19 20:40:00+00:00,long,26128.87,26049.1,SL,-0.6586,65.202,2023
2023-08-19 21:40:00+00:00,2023-08-20 13:00:00+00:00,long,26084.97,26198.99,TP,1.304,66.5061,2023
2023-08-20 15:40:00+00:00,2023-08-20 17:35:00+00:00,short,26055.99,26116.76,SL,-0.6651,65.841,2023
2023-08-20 20:00:00+00:00,2023-08-20 20:40:00+00:00,long,26153.63,26264.42,TP,1.3168,67.1578,2023
2023-08-20 22:25:00+00:00,2023-08-20 23:10:00+00:00,long,26209.27,26152.0,SL,-0.6716,66.4862,2023
2023-08-20 23:55:00+00:00,2023-08-21 00:10:00+00:00,long,26189.99,26133.37,SL,-0.6649,65.8214,2023
2023-08-21 01:00:00+00:00,2023-08-21 02:30:00+00:00,long,26155.0,26086.1,SL,-0.6582,65.1632,2023
2023-08-21 04:00:00+00:00,2023-08-21 05:25:00+00:00,short,26069.94,26137.91,SL,-0.6516,64.5115,2023
2023-08-21 06:30:00+00:00,2023-08-21 10:05:00+00:00,short,26084.0,25973.99,TP,1.2902,65.8018,2023
2023-08-21 12:50:00+00:00,2023-08-21 13:35:00+00:00,short,26018.0,26075.46,SL,-0.658,65.1437,2023
2023-08-21 14:40:00+00:00,2023-08-21 15:05:00+00:00,long,26110.41,26046.58,SL,-0.6514,64.4923,2023
2023-08-21 18:30:00+00:00,2023-08-21 19:40:00+00:00,short,26043.21,26118.0,SL,-0.6449,63.8474,2023
2023-08-21 21:30:00+00:00,2023-08-21 22:55:00+00:00,long,26185.05,26132.0,SL,-0.6385,63.2089,2023
2023-08-22 03:25:00+00:00,2023-08-22 07:05:00+00:00,short,26031.27,26084.17,SL,-0.6321,62.5768,2023
2023-08-22 09:55:00+00:00,2023-08-22 12:40:00+00:00,short,26048.07,26100.22,SL,-0.6258,61.951,2023
2023-08-22 13:00:00+00:00,2023-08-22 15:50:00+00:00,short,26049.28,25940.99,TP,1.239,63.1901,2023
2023-08-22 17:30:00+00:00,2023-08-22 17:40:00+00:00,short,25906.07,25767.42,TP,1.2638,64.4539,2023
2023-08-22 19:35:00+00:00,2023-08-22 21:25:00+00:00,short,25850.02,25635.01,TP,1.2891,65.7429,2023
2023-08-23 04:30:00+00:00,2023-08-23 06:45:00+00:00,long,26024.74,26169.99,TP,1.3149,67.0578,2023
2023-08-23 07:15:00+00:00,2023-08-23 07:30:00+00:00,long,26130.25,26064.01,SL,-0.6706,66.3872,2023
2023-08-23 09:40:00+00:00,2023-08-23 10:25:00+00:00,long,26047.38,25984.06,SL,-0.6639,65.7234,2023
2023-08-23 10:45:00+00:00,2023-08-23 11:00:00+00:00,long,26017.99,25951.59,SL,-0.6572,65.0661,2023
2023-08-23 12:30:00+00:00,2023-08-23 13:50:00+00:00,short,25900.0,25986.02,SL,-0.6507,64.4155,2023
2023-08-23 16:10:00+00:00,2023-08-23 16:15:00+00:00,long,26196.0,26320.0,TP,1.2883,65.7038,2023
2023-08-23 19:40:00+00:00,2023-08-23 19:55:00+00:00,long,26696.03,26632.0,SL,-0.657,65.0467,2023
2023-08-23 20:25:00+00:00,2023-08-23 20:45:00+00:00,long,26657.51,26584.04,SL,-0.6505,64.3963,2023
2023-08-23 22:35:00+00:00,2023-08-24 01:40:00+00:00,long,26456.0,26375.44,SL,-0.644,63.7523,2023
2023-08-24 02:25:00+00:00,2023-08-24 09:00:00+00:00,long,26397.2,26516.72,TP,1.275,65.0273,2023
2023-08-24 10:35:00+00:00,2023-08-24 12:10:00+00:00,long,26454.77,26394.01,SL,-0.6503,64.3771,2023
2023-08-24 15:55:00+00:00,2023-08-24 16:05:00+00:00,short,25996.34,26068.38,SL,-0.6438,63.7333,2023
2023-08-24 17:30:00+00:00,2023-08-24 19:20:00+00:00,short,26024.01,26085.0,SL,-0.6373,63.096,2023
2023-08-24 20:00:00+00:00,2023-08-24 20:10:00+00:00,short,26017.99,26104.67,SL,-0.631,62.465,2023
2023-08-24 20:35:00+00:00,2023-08-24 21:50:00+00:00,short,26033.99,26093.23,SL,-0.6247,61.8404,2023
2023-08-24 23:00:00+00:00,2023-08-24 23:45:00+00:00,short,26107.99,26187.35,SL,-0.6184,61.222,2023
2023-08-25 00:20:00+00:00,2023-08-25 04:55:00+00:00,short,26132.54,26026.08,TP,1.2244,62.4464,2023
2023-08-25 06:30:00+00:00,2023-08-25 08:25:00+00:00,short,26025.4,26106.0,SL,-0.6245,61.8219,2023
2023-08-25 09:45:00+00:00,2023-08-25 13:00:00+00:00,short,26089.77,26149.77,SL,-0.6182,61.2037,2023
2023-08-25 13:50:00+00:00,2023-08-25 14:40:00+00:00,short,26068.01,25921.61,TP,1.2241,62.4278,2023
2023-08-25 16:50:00+00:00,2023-08-25 17:05:00+00:00,short,25905.19,25963.81,SL,-0.6243,61.8035,2023
2023-08-25 17:20:00+00:00,2023-08-25 18:25:00+00:00,short,25914.81,25974.05,SL,-0.618,61.1855,2023
2023-08-25 19:35:00+00:00,2023-08-25 20:15:00+00:00,short,25959.98,26015.99,SL,-0.6119,60.5736,2023
2023-08-25 20:30:00+00:00,2023-08-25 20:50:00+00:00,short,25997.99,26059.53,SL,-0.6057,59.9679,2023
2023-08-25 21:55:00+00:00,2023-08-26 08:30:00+00:00,long,26081.86,26006.72,SL,-0.5997,59.3682,2023
2023-08-26 12:15:00+00:00,2023-08-27 10:30:00+00:00,short,26041.11,26094.42,SL,-0.5937,58.7745,2023
2023-08-27 12:45:00+00:00,2023-08-28 00:50:00+00:00,long,26066.26,26011.97,SL,-0.5877,58.1868,2023
2023-08-28 03:10:00+00:00,2023-08-28 07:25:00+00:00,short,26020.65,25915.97,TP,1.1637,59.3505,2023
2023-08-28 09:15:00+00:00,2023-08-28 11:30:00+00:00,short,25915.25,25969.71,SL,-0.5935,58.757,2023
2023-08-28 15:35:00+00:00,2023-08-28 15:45:00+00:00,long,26178.92,26108.31,SL,-0.5876,58.1694,2023
2023-08-28 16:35:00+00:00,2023-08-28 19:15:00+00:00,long,26146.93,26070.65,SL,-0.5817,57.5877,2023
2023-08-29 01:20:00+00:00,2023-08-29 01:50:00+00:00,long,26153.16,26097.71,SL,-0.5759,57.0119,2023
2023-08-29 03:50:00+00:00,2023-08-29 06:20:00+00:00,long,26087.52,26030.02,SL,-0.5701,56.4417,2023
2023-08-29 07:50:00+00:00,2023-08-29 13:40:00+00:00,short,25996.9,26064.83,SL,-0.5644,55.8773,2023
2023-08-29 16:25:00+00:00,2023-08-29 16:30:00+00:00,long,27908.06,27840.37,SL,-0.5588,55.3186,2023
2023-08-29 21:30:00+00:00,2023-08-29 22:15:00+00:00,long,27688.51,27619.99,SL,-0.5532,54.7654,2023
2023-08-29 22:40:00+00:00,2023-08-30 00:30:00+00:00,long,27624.4,27740.43,TP,1.0953,55.8607,2023
2023-08-30 03:30:00+00:00,2023-08-30 08:35:00+00:00,long,27372.5,27483.94,TP,1.1172,56.9779,2023
2023-08-30 09:55:00+00:00,2023-08-30 11:40:00+00:00,long,27426.8,27341.36,SL,-0.5698,56.4081,2023
2023-08-30 12:20:00+00:00,2023-08-30 12:35:00+00:00,long,27408.96,27337.71,SL,-0.5641,55.844,2023
2023-08-30 12:40:00+00:00,2023-08-30 12:45:00+00:00,short,27296.39,27397.35,SL,-0.5584,55.2856,2023
2023-08-30 12:50:00+00:00,2023-08-30 13:10:00+00:00,short,27357.2,27422.05,SL,-0.5529,54.7327,2023
2023-08-30 13:40:00+00:00,2023-08-30 13:50:00+00:00,short,27297.83,27391.83,SL,-0.5473,54.1854,2023
2023-08-30 14:00:00+00:00,2023-08-30 14:20:00+00:00,long,27415.6,27295.85,SL,-0.5419,53.6436,2023
2023-08-30 16:15:00+00:00,2023-08-30 16:25:00+00:00,short,27111.25,27167.25,SL,-0.5364,53.1071,2023
2023-08-30 16:35:00+00:00,2023-08-30 16:55:00+00:00,short,27095.49,27155.37,SL,-0.5311,52.576,2023
2023-08-30 18:05:00+00:00,2023-08-30 18:35:00+00:00,short,27128.75,27195.41,SL,-0.5258,52.0503,2023
2023-08-30 19:55:00+00:00,2023-08-30 20:10:00+00:00,short,27178.28,27254.53,SL,-0.5205,51.5298,2023
2023-08-30 20:55:00+00:00,2023-08-30 22:00:00+00:00,short,27250.15,27314.21,SL,-0.5153,51.0145,2023
2023-08-30 22:15:00+00:00,2023-08-31 11:35:00+00:00,short,27268.79,27325.68,SL,-0.5101,50.5043,2023
2023-08-31 12:00:00+00:00,2023-08-31 12:10:00+00:00,short,27191.85,27266.0,SL,-0.505,49.9993,2023
2023-08-31 15:35:00+00:00,2023-08-31 15:40:00+00:00,short,27093.41,26915.71,TP,1.0,50.9993,2023
2023-08-31 20:55:00+00:00,2023-08-31 21:05:00+00:00,short,26022.61,25779.76,TP,1.02,52.0193,2023
2023-08-31 23:30:00+00:00,2023-09-01 00:25:00+00:00,short,25973.07,26028.72,SL,-0.5202,51.4991,2023
2023-09-01 01:20:00+00:00,2023-09-01 02:40:00+00:00,short,26008.38,26086.37,SL,-0.515,50.9841,2023
2023-09-01 03:15:00+00:00,2023-09-01 12:15:00+00:00,short,26050.2,26118.3,SL,-0.5098,50.4742,2023
2023-09-01 12:40:00+00:00,2023-09-01 12:55:00+00:00,short,26006.4,26063.27,SL,-0.5047,49.9695,2023
2023-09-01 17:00:00+00:00,2023-09-01 17:10:00+00:00,short,25761.74,25615.82,TP,0.9994,50.9689,2023
2023-09-01 21:25:00+00:00,2023-09-01 22:15:00+00:00,short,25757.68,25809.21,SL,-0.5097,50.4592,2023
2023-09-01 23:55:00+00:00,2023-09-02 14:40:00+00:00,short,25805.05,25869.23,SL,-0.5046,49.9546,2023
2023-09-02 23:10:00+00:00,2023-09-03 12:35:00+00:00,long,25863.32,26015.0,TP,0.9991,50.9537,2023
2023-09-03 14:35:00+00:00,2023-09-03 15:35:00+00:00,long,25934.69,25863.24,SL,-0.5095,50.4442,2023
2023-09-03 16:30:00+00:00,2023-09-03 18:15:00+00:00,short,25864.57,25977.94,SL,-0.5044,49.9397,2023
2023-09-03 19:30:00+00:00,2023-09-04 00:10:00+00:00,long,25992.59,25939.99,SL,-0.4994,49.4403,2023
2023-09-04 06:20:00+00:00,2023-09-04 09:45:00+00:00,long,25977.71,25919.02,SL,-0.4944,48.9459,2023
2023-09-04 11:15:00+00:00,2023-09-04 15:15:00+00:00,short,25890.37,25759.04,TP,0.9789,49.9248,2023
2023-09-04 15:40:00+00:00,2023-09-04 16:05:00+00:00,short,25797.41,25865.89,SL,-0.4992,49.4256,2023
2023-09-04 18:25:00+00:00,2023-09-04 21:10:00+00:00,short,25900.56,25771.64,TP,0.9885,50.4141,2023
2023-09-05 00:20:00+00:00,2023-09-05 02:55:00+00:00,short,25776.26,25670.49,TP,1.0083,51.4224,2023
2023-09-05 06:25:00+00:00,2023-09-05 08:05:00+00:00,short,25710.22,25767.32,SL,-0.5142,50.9082,2023
2023-09-05 08:25:00+00:00,2023-09-05 09:45:00+00:00,short,25703.34,25771.36,SL,-0.5091,50.3991,2023
2023-09-05 10:40:00+00:00,2023-09-05 12:50:00+00:00,short,25757.22,25824.16,SL,-0.504,49.8951,2023
2023-09-05 13:30:00+00:00,2023-09-05 15:10:00+00:00,short,25761.63,25823.2,SL,-0.499,49.3961,2023
2023-09-05 16:50:00+00:00,2023-09-05 23:35:00+00:00,short,25747.98,25801.24,SL,-0.494,48.9022,2023
2023-09-06 00:05:00+00:00,2023-09-06 04:45:00+00:00,long,25818.98,25765.85,SL,-0.489,48.4132,2023
2023-09-06 07:50:00+00:00,2023-09-06 14:00:00+00:00,short,25746.05,25638.48,TP,0.9683,49.3814,2023
2023-09-06 16:10:00+00:00,2023-09-06 16:45:00+00:00,short,25567.41,25619.99,SL,-0.4938,48.8876,2023
2023-09-06 17:05:00+00:00,2023-09-06 17:20:00+00:00,short,25490.0,25598.67,SL,-0.4889,48.3987,2023
2023-09-06 18:25:00+00:00,2023-09-06 21:25:00+00:00,short,25687.04,25747.43,SL,-0.484,47.9147,2023
2023-09-06 23:15:00+00:00,2023-09-07 10:35:00+00:00,long,25782.25,25726.1,SL,-0.4791,47.4356,2023
2023-09-07 11:00:00+00:00,2023-09-07 11:35:00+00:00,long,25754.65,25701.26,SL,-0.4744,46.9612,2023
2023-09-07 12:30:00+00:00,2023-09-07 14:40:00+00:00,short,25685.27,25740.44,SL,-0.4696,46.4916,2023
2023-09-07 16:10:00+00:00,2023-09-07 17:45:00+00:00,long,25803.61,25917.84,TP,0.9298,47.4215,2023
2023-09-07 20:10:00+00:00,2023-09-07 20:55:00+00:00,long,25896.28,26006.25,TP,0.9484,48.3699,2023
2023-09-07 22:35:00+00:00,2023-09-07 23:10:00+00:00,long,26370.09,26238.0,SL,-0.4837,47.8862,2023
2023-09-08 00:25:00+00:00,2023-09-08 00:50:00+00:00,long,26275.01,26383.95,TP,0.9577,48.8439,2023
2023-09-08 03:30:00+00:00,2023-09-08 04:45:00+00:00,long,26254.99,26370.15,TP,0.9769,49.8208,2023
2023-09-08 07:05:00+00:00,2023-09-08 08:35:00+00:00,long,26250.33,26196.93,SL,-0.4982,49.3226,2023
2023-09-08 14:45:00+00:00,2023-09-08 16:35:00+00:00,short,25884.73,25774.78,TP,0.9865,50.309,2023
2023-09-08 18:30:00+00:00,2023-09-08 19:25:00+00:00,short,25781.41,25843.94,SL,-0.5031,49.806,2023
2023-09-08 21:05:00+00:00,2023-09-10 04:25:00+00:00,short,25889.31,25781.28,TP,0.9961,50.8021,2023
2023-09-10 06:55:00+00:00,2023-09-10 15:00:00+00:00,short,25852.01,25738.55,TP,1.016,51.8181,2023
2023-09-10 16:30:00+00:00,2023-09-10 20:05:00+00:00,short,25754.95,25822.6,SL,-0.5182,51.2999,2023
2023-09-10 21:10:00+00:00,2023-09-10 23:25:00+00:00,long,25883.23,25824.83,SL,-0.513,50.7869,2023
2023-09-11 00:10:00+00:00,2023-09-11 00:20:00+00:00,long,25873.66,25813.38,SL,-0.5079,50.2791,2023
2023-09-11 02:00:00+00:00,2023-09-11 02:25:00+00:00,short,25665.26,25722.19,SL,-0.5028,49.7763,2023
2023-09-11 04:05:00+00:00,2023-09-11 05:00:00+00:00,short,25728.48,25785.94,SL,-0.4978,49.2785,2023
2023-09-11 08:50:00+00:00,2023-09-11 09:20:00+00:00,long,25811.37,25689.49,SL,-0.4928,48.7857,2023
2023-09-11 11:25:00+00:00,2023-09-11 12:40:00+00:00,short,25629.72,25684.78,SL,-0.4879,48.2979,2023
2023-09-11 13:45:00+00:00,2023-09-11 14:05:00+00:00,short,25630.95,25504.15,TP,0.966,49.2638,2023
2023-09-11 19:00:00+00:00,2023-09-11 19:40:00+00:00,short,25152.69,25014.99,TP,0.9853,50.2491,2023
2023-09-11 22:00:00+00:00,2023-09-11 22:30:00+00:00,short,25130.51,25184.9,SL,-0.5025,49.7466,2023
2023-09-11 22:45:00+00:00,2023-09-12 00:10:00+00:00,short,25136.25,25191.05,SL,-0.4975,49.2491,2023
2023-09-12 00:30:00+00:00,2023-09-12 00:45:00+00:00,short,25150.0,25211.04,SL,-0.4925,48.7567,2023
2023-09-12 01:10:00+00:00,2023-09-12 02:35:00+00:00,short,25163.09,25217.59,SL,-0.4876,48.2691,2023
2023-09-12 07:40:00+00:00,2023-09-12 10:15:00+00:00,long,25811.69,25918.38,TP,0.9654,49.2345,2023
2023-09-12 13:45:00+00:00,2023-09-12 14:25:00+00:00,long,26225.92,26149.78,SL,-0.4923,48.7421,2023
2023-09-12 15:30:00+00:00,2023-09-12 16:25:00+00:00,long,26193.27,26306.55,TP,0.9748,49.717,2023
2023-09-12 18:25:00+00:00,2023-09-12 19:15:00+00:00,long,25971.94,26177.29,TP,0.9943,50.7113,2023
2023-09-12 21:10:00+00:00,2023-09-12 22:00:00+00:00,long,26129.92,26057.91,SL,-0.5071,50.2042,2023
2023-09-13 02:25:00+00:00,2023-09-13 07:35:00+00:00,short,25936.73,26065.73,SL,-0.502,49.7022,2023
2023-09-13 07:50:00+00:00,2023-09-13 08:20:00+00:00,short,25901.76,25958.27,SL,-0.497,49.2051,2023
2023-09-13 09:20:00+00:00,2023-09-13 09:35:00+00:00,long,25980.98,26093.79,TP,0.9841,50.1892,2023
2023-09-13 11:30:00+00:00,2023-09-13 12:30:00+00:00,long,26187.71,26091.47,SL,-0.5019,49.6873,2023
2023-09-13 13:45:00+00:00,2023-09-13 13:50:00+00:00,long,26198.72,26136.88,SL,-0.4969,49.1905,2023
2023-09-13 14:25:00+00:00,2023-09-13 14:40:00+00:00,long,26169.98,26291.78,TP,0.9838,50.1743,2023
2023-09-13 16:20:00+00:00,2023-09-13 17:00:00+00:00,long,26330.21,26270.46,SL,-0.5017,49.6725,2023
2023-09-13 18:45:00+00:00,2023-09-13 21:30:00+00:00,long,26146.48,26267.42,TP,0.9935,50.666,2023
2023-09-13 22:15:00+00:00,2023-09-13 23:30:00+00:00,long,26261.75,26207.47,SL,-0.5067,50.1593,2023
2023-09-14 00:35:00+00:00,2023-09-14 00:50:00+00:00,long,26267.56,26447.23,TP,1.0032,51.1625,2023
2023-09-14 02:40:00+00:00,2023-09-14 05:20:00+00:00,long,26249.76,26185.26,SL,-0.5116,50.6509,2023
2023-09-14 06:00:00+00:00,2023-09-14 07:40:00+00:00,long,26216.39,26345.42,TP,1.013,51.6639,2023
2023-09-14 10:10:00+00:00,2023-09-14 11:50:00+00:00,long,26314.3,26420.95,TP,1.0333,52.6972,2023
2023-09-14 13:00:00+00:00,2023-09-14 13:20:00+00:00,long,26490.0,26609.1,TP,1.0539,53.7511,2023
2023-09-14 14:45:00+00:00,2023-09-14 15:25:00+00:00,long,26678.0,26598.95,SL,-0.5375,53.2136,2023
2023-09-14 16:00:00+00:00,2023-09-14 16:05:00+00:00,long,26726.37,26661.36,SL,-0.5321,52.6815,2023
2023-09-14 17:40:00+00:00,2023-09-14 20:45:00+00:00,long,26621.63,26560.47,SL,-0.5268,52.1547,2023
2023-09-14 21:15:00+00:00,2023-09-14 21:40:00+00:00,long,26613.3,26558.01,SL,-0.5215,51.6331,2023
2023-09-14 22:15:00+00:00,2023-09-14 23:35:00+00:00,long,26598.06,26539.3,SL,-0.5163,51.1168,2023
2023-09-15 00:40:00+00:00,2023-09-15 00:55:00+00:00,long,26542.84,26481.44,SL,-0.5112,50.6056,2023
2023-09-15 01:00:00+00:00,2023-09-15 02:00:00+00:00,short,26489.23,26569.19,SL,-0.5061,50.0996,2023
2023-09-15 04:00:00+00:00,2023-09-15 06:40:00+00:00,long,26622.86,26567.25,SL,-0.501,49.5986,2023
2023-09-15 07:35:00+00:00,2023-09-15 11:20:00+00:00,long,26578.73,26506.85,SL,-0.496,49.1026,2023
2023-09-15 14:25:00+00:00,2023-09-15 14:55:00+00:00,short,26367.13,26238.14,TP,0.9821,50.0846,2023
2023-09-15 17:25:00+00:00,2023-09-15 19:10:00+00:00,short,26335.84,26404.97,SL,-0.5008,49.5838,2023
2023-09-15 20:00:00+00:00,2023-09-15 21:10:00+00:00,short,26396.25,26479.47,SL,-0.4958,49.0879,2023
2023-09-16 02:00:00+00:00,2023-09-16 04:00:00+00:00,long,26669.03,26590.44,SL,-0.4909,48.5971,2023
2023-09-16 06:00:00+00:00,2023-09-16 09:35:00+00:00,short,26518.08,26575.0,SL,-0.486,48.1111,2023
2023-09-16 09:55:00+00:00,2023-09-16 12:45:00+00:00,short,26501.44,26563.58,SL,-0.4811,47.63,2023
2023-09-16 13:15:00+00:00,2023-09-16 17:40:00+00:00,short,26522.43,26604.54,SL,-0.4763,47.1537,2023
2023-09-16 20:10:00+00:00,2023-09-17 00:50:00+00:00,long,26546.22,26480.99,SL,-0.4715,46.6821,2023
2023-09-17 04:05:00+00:00,2023-09-17 09:50:00+00:00,short,26514.04,26573.88,SL,-0.4668,46.2153,2023
2023-09-17 14:25:00+00:00,2023-09-17 16:15:00+00:00,long,26564.89,26510.75,SL,-0.4622,45.7532,2023
2023-09-17 17:55:00+00:00,2023-09-17 23:50:00+00:00,short,26480.0,26533.0,SL,-0.4575,45.2956,2023
2023-09-18 00:25:00+00:00,2023-09-18 02:20:00+00:00,short,26487.4,26593.27,SL,-0.453,44.8427,2023
2023-09-18 05:20:00+00:00,2023-09-18 09:00:00+00:00,long,26641.54,26752.54,TP,0.8969,45.7395,2023
2023-09-18 12:30:00+00:00,2023-09-18 13:20:00+00:00,long,27339.31,27276.33,SL,-0.4574,45.2821,2023
2023-09-18 15:00:00+00:00,2023-09-18 16:20:00+00:00,long,27276.76,27200.01,SL,-0.4528,44.8293,2023
2023-09-18 23:10:00+00:00,2023-09-19 00:25:00+00:00,short,26798.84,26688.9,TP,0.8966,45.7259,2023
2023-09-19 04:00:00+00:00,2023-09-19 07:30:00+00:00,short,26808.76,26864.37,SL,-0.4573,45.2687,2023
2023-09-19 11:55:00+00:00,2023-09-19 12:35:00+00:00,long,27237.56,27126.04,SL,-0.4527,44.816,2023
2023-09-19 13:35:00+00:00,2023-09-19 13:50:00+00:00,long,27204.16,27095.97,SL,-0.4482,44.3678,2023
2023-09-19 14:25:00+00:00,2023-09-19 14:35:00+00:00,long,27133.57,27077.01,SL,-0.4437,43.9241,2023
2023-09-19 19:00:00+00:00,2023-09-19 21:25:00+00:00,long,27139.4,27028.46,SL,-0.4392,43.4849,2023
2023-09-19 21:50:00+00:00,2023-09-19 22:15:00+00:00,long,27166.36,27094.2,SL,-0.4348,43.05,2023
2023-09-20 00:10:00+00:00,2023-09-20 00:20:00+00:00,long,27246.0,27189.99,SL,-0.4305,42.6195,2023
2023-09-20 01:00:00+00:00,2023-09-20 02:35:00+00:00,long,27252.8,27188.09,SL,-0.4262,42.1933,2023
2023-09-20 05:10:00+00:00,2023-09-20 06:00:00+00:00,short,27061.77,26952.77,TP,0.8439,43.0372,2023
2023-09-20 12:30:00+00:00,2023-09-20 13:45:00+00:00,short,27074.99,27167.04,SL,-0.4304,42.6068,2023
2023-09-20 15:45:00+00:00,2023-09-20 19:05:00+00:00,long,27186.95,27127.27,SL,-0.4261,42.1808,2023
2023-09-20 22:00:00+00:00,2023-09-20 23:30:00+00:00,short,27096.65,27151.92,SL,-0.4218,41.759,2023
2023-09-21 00:00:00+00:00,2023-09-21 01:25:00+00:00,short,27106.2,26982.21,TP,0.8352,42.5941,2023
2023-09-21 02:20:00+00:00,2023-09-21 03:40:00+00:00,short,26957.56,27022.42,SL,-0.4259,42.1682,2023
2023-09-21 05:15:00+00:00,2023-09-21 08:55:00+00:00,short,27052.3,26926.74,TP,0.8434,43.0116,2023
2023-09-21 10:55:00+00:00,2023-09-21 11:00:00+00:00,short,26649.89,26726.47,SL,-0.4301,42.5814,2023
2023-09-21 12:30:00+00:00,2023-09-21 13:30:00+00:00,short,26640.69,26469.18,TP,0.8516,43.4331,2023
2023-09-21 16:10:00+00:00,2023-09-21 17:05:00+00:00,short,26561.0,26633.12,SL,-0.4343,42.9987,2023
2023-09-21 18:15:00+00:00,2023-09-21 20:25:00+00:00,short,26653.27,26541.7,TP,0.86,43.8587,2023
2023-09-21 21:35:00+00:00,2023-09-22 00:30:00+00:00,short,26563.55,26631.24,SL,-0.4386,43.4201,2023
2023-09-22 01:50:00+00:00,2023-09-22 06:00:00+00:00,short,26616.13,26684.72,SL,-0.4342,42.9859,2023
2023-09-22 07:50:00+00:00,2023-09-22 09:20:00+00:00,long,26687.2,26628.39,SL,-0.4299,42.5561,2023
2023-09-22 12:30:00+00:00,2023-09-22 14:05:00+00:00,short,26606.68,26662.6,SL,-0.4256,42.1305,2023
2023-09-22 19:40:00+00:00,2023-09-23 18:05:00+00:00,short,26566.07,26621.98,SL,-0.4213,41.7092,2023
2023-09-23 23:00:00+00:00,2023-09-24 13:00:00+00:00,short,26561.6,26615.49,SL,-0.4171,41.2921,2023
2023-09-24 14:55:00+00:00,2023-09-24 18:00:00+00:00,long,26588.1,26699.99,TP,0.8258,42.118,2023
2023-09-24 18:20:00+00:00,2023-09-24 18:30:00+00:00,short,26538.61,26617.91,SL,-0.4212,41.6968,2023
2023-09-24 23:00:00+00:00,2023-09-24 23:25:00+00:00,short,26467.58,26244.49,TP,0.8339,42.5307,2023
2023-09-25 01:55:00+00:00,2023-09-25 02:15:00+00:00,short,26164.01,26243.78,SL,-0.4253,42.1054,2023
2023-09-25 02:20:00+00:00,2023-09-25 05:45:00+00:00,short,26194.77,26078.64,TP,0.8421,42.9475,2023
2023-09-25 06:05:00+00:00,2023-09-25 06:30:00+00:00,short,26080.01,26153.24,SL,-0.4295,42.518,2023
2023-09-25 07:35:00+00:00,2023-09-25 07:45:00+00:00,short,26122.25,26182.57,SL,-0.4252,42.0929,2023
2023-09-25 08:25:00+00:00,2023-09-25 15:15:00+00:00,short,26137.58,26195.66,SL,-0.4209,41.6719,2023
2023-09-25 18:15:00+00:00,2023-09-25 19:00:00+00:00,long,26358.92,26294.17,SL,-0.4167,41.2552,2023
2023-09-25 19:55:00+00:00,2023-09-25 21:30:00+00:00,long,26331.83,26271.65,SL,-0.4126,40.8427,2023
2023-09-25 22:15:00+00:00,2023-09-26 09:10:00+00:00,long,26288.47,26230.39,SL,-0.4084,40.4342,2023
2023-09-26 10:15:00+00:00,2023-09-26 12:05:00+00:00,short,26233.71,26293.29,SL,-0.4043,40.0299,2023
2023-09-26 12:35:00+00:00,2023-09-26 16:40:00+00:00,short,26211.68,26265.0,SL,-0.4003,39.6296,2023
2023-09-26 17:25:00+00:00,2023-09-26 20:05:00+00:00,short,26211.79,26288.68,SL,-0.3963,39.2333,2023
2023-09-26 20:30:00+00:00,2023-09-27 04:00:00+00:00,short,26227.91,26282.79,SL,-0.3923,38.841,2023
2023-09-27 05:40:00+00:00,2023-09-27 09:50:00+00:00,long,26258.66,26384.99,TP,0.7768,39.6178,2023
2023-09-27 17:35:00+00:00,2023-09-27 17:45:00+00:00,short,26182.0,26254.99,SL,-0.3962,39.2216,2023
2023-09-27 18:10:00+00:00,2023-09-27 18:25:00+00:00,short,26177.65,26232.46,SL,-0.3922,38.8294,2023
2023-09-27 20:00:00+00:00,2023-09-27 22:10:00+00:00,short,26253.65,26313.5,SL,-0.3883,38.4411,2023
2023-09-27 23:15:00+00:00,2023-09-27 23:35:00+00:00,short,26307.0,26365.13,SL,-0.3844,38.0567,2023
2023-09-28 02:00:00+00:00,2023-09-28 02:20:00+00:00,long,26480.05,26398.25,SL,-0.3806,37.6761,2023
2023-09-28 03:50:00+00:00,2023-09-28 05:25:00+00:00,long,26376.28,26483.0,TP,0.7535,38.4296,2023
2023-09-28 06:55:00+00:00,2023-09-28 08:10:00+00:00,long,26477.93,26421.48,SL,-0.3843,38.0453,2023
2023-09-28 09:45:00+00:00,2023-09-28 10:40:00+00:00,long,26440.38,26562.23,TP,0.7609,38.8062,2023
2023-09-28 12:30:00+00:00,2023-09-28 12:45:00+00:00,long,26547.96,26483.53,SL,-0.3881,38.4182,2023
2023-09-28 13:15:00+00:00,2023-09-28 14:30:00+00:00,long,26527.13,26636.4,TP,0.7684,39.1865,2023
2023-09-28 19:25:00+00:00,2023-09-28 21:15:00+00:00,long,27075.79,26985.44,SL,-0.3919,38.7947,2023
2023-09-28 22:20:00+00:00,2023-09-29 02:30:00+00:00,long,27023.89,26950.01,SL,-0.3879,38.4067,2023
2023-09-29 03:35:00+00:00,2023-09-29 06:45:00+00:00,long,26932.61,27046.03,TP,0.7681,39.1749,2023
2023-09-29 10:00:00+00:00,2023-09-29 11:30:00+00:00,long,27034.81,26975.0,SL,-0.3917,38.7831,2023
2023-09-29 12:35:00+00:00,2023-09-29 13:45:00+00:00,long,26998.99,26908.16,SL,-0.3878,38.3953,2023
2023-09-29 14:35:00+00:00,2023-09-29 14:55:00+00:00,long,26988.93,26908.12,SL,-0.384,38.0113,2023
2023-09-29 15:25:00+00:00,2023-09-29 15:55:00+00:00,short,26827.29,26888.57,SL,-0.3801,37.6312,2023
2023-09-29 16:35:00+00:00,2023-09-29 18:50:00+00:00,short,26835.55,26895.0,SL,-0.3763,37.2549,2023
2023-09-29 20:10:00+00:00,2023-09-30 10:40:00+00:00,short,26922.61,26978.04,SL,-0.3725,36.8824,2023
2023-09-30 11:15:00+00:00,2023-09-30 11:40:00+00:00,long,26989.84,26924.2,SL,-0.3688,36.5135,2023
2023-09-30 13:30:00+00:00,2023-09-30 20:20:00+00:00,long,26943.31,27054.44,TP,0.7303,37.2438,2023
2023-10-01 03:30:00+00:00,2023-10-01 09:10:00+00:00,long,27046.61,27159.67,TP,0.7449,37.9887,2023
2023-10-01 11:35:00+00:00,2023-10-01 11:45:00+00:00,long,27237.33,27175.43,SL,-0.3799,37.6088,2023
2023-10-01 12:45:00+00:00,2023-10-01 14:35:00+00:00,long,27199.14,27135.53,SL,-0.3761,37.2327,2023
2023-10-01 15:35:00+00:00,2023-10-01 17:40:00+00:00,long,27144.18,27082.71,SL,-0.3723,36.8604,2023
2023-10-01 20:05:00+00:00,2023-10-01 21:40:00+00:00,short,27087.8,27159.79,SL,-0.3686,36.4918,2023
2023-10-02 02:15:00+00:00,2023-10-02 03:40:00+00:00,long,27963.03,28097.61,TP,0.7298,37.2216,2023
2023-10-02 06:25:00+00:00,2023-10-02 07:20:00+00:00,long,28047.54,28180.87,TP,0.7444,37.966,2023
2023-10-02 11:20:00+00:00,2023-10-02 11:40:00+00:00,long,28347.53,28248.7,SL,-0.3797,37.5864,2023
2023-10-02 12:25:00+00:00,2023-10-02 13:40:00+00:00,long,28299.84,28426.46,TP,0.7517,38.3381,2023
2023-10-02 15:20:00+00:00,2023-10-02 15:40:00+00:00,long,28360.66,28283.31,SL,-0.3834,37.9547,2023
2023-10-02 15:45:00+00:00,2023-10-02 16:00:00+00:00,short,28087.5,27912.37,TP,0.7591,38.7138,2023
2023-10-02 18:35:00+00:00,2023-10-02 18:45:00+00:00,short,27733.53,27814.41,SL,-0.3871,38.3267,2023
2023-10-02 21:30:00+00:00,2023-10-02 21:40:00+00:00,short,27765.49,27595.22,TP,0.7665,39.0932,2023
2023-10-03 00:45:00+00:00,2023-10-03 01:30:00+00:00,short,27445.6,27503.88,SL,-0.3909,38.7023,2023
2023-10-03 03:25:00+00:00,2023-10-03 03:35:00+00:00,short,27567.41,27624.38,SL,-0.387,38.3153,2023
2023-10-03 03:50:00+00:00,2023-10-03 06:45:00+00:00,short,27584.31,27644.75,SL,-0.3832,37.9321,2023
2023-10-03 07:15:00+00:00,2023-10-03 12:05:00+00:00,short,27587.15,27476.09,TP,0.7586,38.6908,2023
2023-10-03 12:50:00+00:00,2023-10-03 13:20:00+00:00,short,27472.14,27530.68,SL,-0.3869,38.3038,2023
2023-10-03 14:00:00+00:00,2023-10-03 15:50:00+00:00,short,27386.64,27259.99,TP,0.7661,39.0699,2023
2023-10-03 18:00:00+00:00,2023-10-03 18:55:00+00:00,short,27417.6,27300.48,TP,0.7814,39.8513,2023
2023-10-03 19:35:00+00:00,2023-10-03 20:20:00+00:00,short,27313.77,27370.87,SL,-0.3985,39.4528,2023
2023-10-03 22:00:00+00:00,2023-10-03 23:00:00+00:00,short,27367.64,27426.43,SL,-0.3945,39.0583,2023
2023-10-04 00:05:00+00:00,2023-10-04 00:35:00+00:00,short,27399.99,27281.55,TP,0.7812,39.8394,2023
2023-10-04 01:30:00+00:00,2023-10-04 02:05:00+00:00,short,27305.59,27424.0,SL,-0.3984,39.4411,2023
2023-10-04 06:15:00+00:00,2023-10-04 07:00:00+00:00,short,27367.18,27425.42,SL,-0.3944,39.0466,2023
2023-10-04 11:30:00+00:00,2023-10-04 13:40:00+00:00,long,27580.9,27487.25,SL,-0.3905,38.6562,2023
2023-10-04 17:45:00+00:00,2023-10-04 19:00:00+00:00,long,27562.4,27703.71,TP,0.7731,39.4293,2023
2023-10-04 20:35:00+00:00,2023-10-04 20:50:00+00:00,long,27712.78,27654.94,SL,-0.3943,39.035,2023
2023-10-04 21:15:00+00:00,2023-10-05 00:45:00+00:00,long,27726.25,27848.92,TP,0.7807,39.8157,2023
2023-10-05 03:10:00+00:00,2023-10-05 06:25:00+00:00,long,27689.22,27626.85,SL,-0.3982,39.4176,2023
2023-10-05 06:45:00+00:00,2023-10-05 07:20:00+00:00,long,27664.32,27596.73,SL,-0.3942,39.0234,2023
2023-10-05 10:45:00+00:00,2023-10-05 13:10:00+00:00,long,27711.74,27851.41,TP,0.7805,39.8038,2023
2023-10-05 19:40:00+00:00,2023-10-06 01:35:00+00:00,short,27454.01,27526.29,SL,-0.398,39.4058,2023
2023-10-06 06:45:00+00:00,2023-10-06 07:20:00+00:00,short,27473.72,27558.54,SL,-0.3941,39.0117,2023
2023-10-06 09:45:00+00:00,2023-10-06 11:00:00+00:00,long,27700.01,27618.49,SL,-0.3901,38.6216,2023
2023-10-06 11:55:00+00:00,2023-10-06 12:20:00+00:00,long,27760.0,27702.42,SL,-0.3862,38.2354,2023
2023-10-06 13:30:00+00:00,2023-10-06 13:35:00+00:00,long,27667.21,27518.69,SL,-0.3824,37.8531,2023
2023-10-06 17:35:00+00:00,2023-10-06 18:05:00+00:00,long,27998.99,27922.05,SL,-0.3785,37.4745,2023
2023-10-06 19:25:00+00:00,2023-10-06 19:40:00+00:00,long,28019.2,27923.7,SL,-0.3747,37.0998,2023
2023-10-06 20:20:00+00:00,2023-10-06 21:10:00+00:00,long,27996.39,27932.72,SL,-0.371,36.7288,2023
2023-10-06 21:35:00+00:00,2023-10-06 21:40:00+00:00,long,28228.06,28105.8,SL,-0.3673,36.3615,2023
2023-10-07 00:35:00+00:00,2023-10-08 02:15:00+00:00,long,27909.19,28048.88,TP,0.7272,37.0887,2023
2023-10-08 03:20:00+00:00,2023-10-08 04:10:00+00:00,long,28075.01,27968.2,SL,-0.3709,36.7178,2023
2023-10-08 06:50:00+00:00,2023-10-08 13:10:00+00:00,short,27896.01,27735.72,TP,0.7344,37.4522,2023
2023-10-08 14:25:00+00:00,2023-10-08 14:40:00+00:00,short,27878.96,27957.05,SL,-0.3745,37.0777,2023
2023-10-08 16:50:00+00:00,2023-10-08 18:15:00+00:00,long,27910.66,27815.03,SL,-0.3708,36.7069,2023
2023-10-08 20:20:00+00:00,2023-10-08 21:10:00+00:00,short,27878.96,27943.46,SL,-0.3671,36.3398,2023
2023-10-08 22:55:00+00:00,2023-10-09 00:15:00+00:00,long,27919.01,27858.8,SL,-0.3634,35.9764,2023
2023-10-09 03:05:00+00:00,2023-10-09 05:20:00+00:00,long,27962.07,27897.62,SL,-0.3598,35.6167,2023
2023-10-09 07:15:00+00:00,2023-10-09 08:30:00+00:00,short,27868.16,27750.8,TP,0.7123,36.329,2023
2023-10-09 09:35:00+00:00,2023-10-09 09:45:00+00:00,short,27699.04,27520.44,TP,0.7266,37.0556,2023
2023-10-09 13:00:00+00:00,2023-10-09 13:20:00+00:00,short,27402.1,27476.13,SL,-0.3706,36.685,2023
2023-10-09 14:45:00+00:00,2023-10-09 16:35:00+00:00,short,27468.74,27340.0,TP,0.7337,37.4187,2023
2023-10-09 18:50:00+00:00,2023-10-09 19:20:00+00:00,short,27585.43,27640.88,SL,-0.3742,37.0445,2023
2023-10-09 22:10:00+00:00,2023-10-10 02:55:00+00:00,short,27596.05,27680.52,SL,-0.3704,36.6741,2023
2023-10-10 08:15:00+00:00,2023-10-10 10:35:00+00:00,long,27695.0,27624.81,SL,-0.3667,36.3074,2023
2023-10-10 12:35:00+00:00,2023-10-10 13:40:00+00:00,short,27492.4,27360.91,TP,0.7261,37.0335,2023
2023-10-10 14:55:00+00:00,2023-10-10 18:45:00+00:00,short,27440.68,27320.3,TP,0.7407,37.7742,2023
2023-10-10 20:20:00+00:00,2023-10-10 21:10:00+00:00,short,27368.19,27425.0,SL,-0.3777,37.3964,2023
2023-10-10 22:15:00+00:00,2023-10-11 02:30:00+00:00,short,27443.4,27037.19,TP,0.7479,38.1444,2023
2023-10-11 06:50:00+00:00,2023-10-11 09:10:00+00:00,short,27069.43,27144.39,SL,-0.3814,37.7629,2023
2023-10-11 14:25:00+00:00,2023-10-11 15:25:00+00:00,short,27050.45,26826.12,TP,0.7553,38.5182,2023
2023-10-11 20:15:00+00:00,2023-10-11 22:25:00+00:00,short,26708.37,26763.49,SL,-0.3852,38.133,2023
2023-10-12 00:15:00+00:00,2023-10-12 02:45:00+00:00,short,26829.4,26899.49,SL,-0.3813,37.7517,2023
2023-10-12 03:20:00+00:00,2023-10-12 06:35:00+00:00,short,26851.63,26906.21,SL,-0.3775,37.3741,2023
2023-10-12 07:00:00+00:00,2023-10-12 09:20:00+00:00,short,26860.01,26752.3,TP,0.7475,38.1216,2023
2023-10-12 13:20:00+00:00,2023-10-12 14:35:00+00:00,short,26788.99,26640.0,TP,0.7624,38.8841,2023
2023-10-12 15:45:00+00:00,2023-10-12 15:50:00+00:00,short,26632.28,26699.15,SL,-0.3888,38.4952,2023
2023-10-12 17:00:00+00:00,2023-10-12 18:25:00+00:00,short,26633.21,26704.67,SL,-0.385,38.1103,2023
2023-10-12 20:55:00+00:00,2023-10-13 00:10:00+00:00,short,26745.0,26802.8,SL,-0.3811,37.7292,2023
2023-10-13 03:00:00+00:00,2023-10-13 09:50:00+00:00,long,26821.8,26765.57,SL,-0.3773,37.3519,2023
2023-10-13 12:00:00+00:00,2023-10-13 12:10:00+00:00,short,26794.53,26853.2,SL,-0.3735,36.9783,2023
2023-10-13 17:20:00+00:00,2023-10-13 20:50:00+00:00,short,26752.88,26951.47,SL,-0.3698,36.6086,2023
2023-10-13 23:55:00+00:00,2023-10-14 21:25:00+00:00,long,26862.0,26807.5,SL,-0.3661,36.2425,2023
2023-10-15 00:00:00+00:00,2023-10-15 01:40:00+00:00,short,26842.32,26896.98,SL,-0.3624,35.8801,2023
2023-10-15 03:20:00+00:00,2023-10-15 12:00:00+00:00,long,26899.85,26844.36,SL,-0.3588,35.5213,2023
2023-10-15 13:55:00+00:00,2023-10-15 16:00:00+00:00,short,26861.13,26915.53,SL,-0.3552,35.166,2023
2023-10-15 16:30:00+00:00,2023-10-15 18:40:00+00:00,long,26907.99,27040.65,TP,0.7033,35.8694,2023
2023-10-15 20:30:00+00:00,2023-10-15 20:45:00+00:00,long,27092.91,27214.99,TP,0.7174,36.5867,2023
2023-10-15 21:20:00+00:00,2023-10-15 22:45:00+00:00,long,27188.9,27120.01,SL,-0.3659,36.2209,2023
2023-10-15 23:50:00+00:00,2023-10-16 01:30:00+00:00,long,27138.45,27277.71,TP,0.7244,36.9453,2023
2023-10-16 02:20:00+00:00,2023-10-16 02:40:00+00:00,long,27253.45,27197.66,SL,-0.3695,36.5758,2023
2023-10-16 03:40:00+00:00,2023-10-16 05:15:00+00:00,long,27227.7,27722.88,TP,0.7315,37.3074,2023
2023-10-16 09:55:00+00:00,2023-10-16 10:25:00+00:00,long,27768.07,27710.59,SL,-0.3731,36.9343,2023
2023-10-16 11:55:00+00:00,2023-10-16 12:55:00+00:00,long,27749.6,27887.99,TP,0.7387,37.673,2023
2023-10-16 16:15:00+00:00,2023-10-16 16:30:00+00:00,long,28152.27,28079.22,SL,-0.3767,37.2962,2023
2023-10-16 17:00:00+00:00,2023-10-16 18:00:00+00:00,long,28149.1,28279.81,TP,0.7459,38.0422,2023
2023-10-16 21:50:00+00:00,2023-10-16 23:10:00+00:00,long,28416.26,28538.24,TP,0.7608,38.803,2023
2023-10-16 23:55:00+00:00,2023-10-17 00:25:00+00:00,long,28500.78,28344.02,SL,-0.388,38.415,2023
2023-10-17 01:30:00+00:00,2023-10-17 02:20:00+00:00,long,28350.92,28291.76,SL,-0.3841,38.0308,2023
2023-10-17 04:35:00+00:00,2023-10-17 04:45:00+00:00,long,28223.31,28155.68,SL,-0.3803,37.6505,2023
2023-10-17 06:10:00+00:00,2023-10-17 06:55:00+00:00,short,28125.56,28229.61,SL,-0.3765,37.274,2023
2023-10-17 10:05:00+00:00,2023-10-17 12:10:00+00:00,long,28470.15,28403.51,SL,-0.3727,36.9013,2023
2023-10-17 16:35:00+00:00,2023-10-17 17:15:00+00:00,long,28537.02,28408.51,SL,-0.369,36.5323,2023
2023-10-17 18:35:00+00:00,2023-10-17 18:50:00+00:00,long,28452.36,28368.74,SL,-0.3653,36.1669,2023
2023-10-17 19:20:00+00:00,2023-10-17 21:25:00+00:00,long,28440.21,28554.1,TP,0.7233,36.8903,2023
2023-10-17 23:20:00+00:00,2023-10-18 00:10:00+00:00,long,28442.9,28374.89,SL,-0.3689,36.5214,2023
2023-10-18 00:15:00+00:00,2023-10-18 00:35:00+00:00,long,28423.94,28350.66,SL,-0.3652,36.1562,2023
2023-10-18 01:25:00+00:00,2023-10-18 02:00:00+00:00,short,28346.3,28404.38,SL,-0.3616,35.7946,2023
2023-10-18 04:45:00+00:00,2023-10-18 04:55:00+00:00,long,28554.99,28730.72,TP,0.7159,36.5105,2023
2023-10-18 08:30:00+00:00,2023-10-18 09:55:00+00:00,long,28532.12,28267.58,SL,-0.3651,36.1454,2023
2023-10-18 11:05:00+00:00,2023-10-18 14:35:00+00:00,short,28342.57,28224.7,TP,0.7229,36.8683,2023
2023-10-18 17:35:00+00:00,2023-10-18 20:35:00+00:00,short,28346.73,28228.64,TP,0.7374,37.6057,2023
2023-10-18 23:20:00+00:00,2023-10-19 00:50:00+00:00,short,28320.73,28392.22,SL,-0.3761,37.2296,2023
2023-10-19 01:35:00+00:00,2023-10-19 01:40:00+00:00,short,28335.0,28130.48,TP,0.7446,37.9742,2023
2023-10-19 05:45:00+00:00,2023-10-19 08:05:00+00:00,short,28296.16,28357.06,SL,-0.3797,37.5945,2023
2023-10-19 09:25:00+00:00,2023-10-19 10:05:00+00:00,long,28360.01,28493.33,TP,0.7519,38.3463,2023
2023-10-19 12:05:00+00:00,2023-10-19 14:45:00+00:00,long,28474.1,28606.27,TP,0.7669,39.1133,2023
2023-10-19 15:45:00+00:00,2023-10-19 16:20:00+00:00,long,28730.0,28866.49,TP,0.7823,39.8955,2023
2023-10-19 18:15:00+00:00,2023-10-19 19:35:00+00:00,long,28624.76,28757.98,TP,0.7979,40.6934,2023
2023-10-19 20:40:00+00:00,2023-10-19 20:55:00+00:00,long,28833.68,28715.38,SL,-0.4069,40.2865,2023
2023-10-19 22:20:00+00:00,2023-10-20 01:00:00+00:00,long,28679.99,28621.32,SL,-0.4029,39.8836,2023
2023-10-20 01:45:00+00:00,2023-10-20 02:20:00+00:00,long,28639.74,28809.87,TP,0.7977,40.6813,2023
2023-10-20 06:45:00+00:00,2023-10-20 08:15:00+00:00,long,29266.87,29438.96,TP,0.8136,41.4949,2023
2023-10-20 10:15:00+00:00,2023-10-20 10:25:00+00:00,long,29962.53,29840.02,SL,-0.4149,41.08,2023
2023-10-20 10:35:00+00:00,2023-10-20 10:45:00+00:00,long,29995.71,29914.43,SL,-0.4108,40.6692,2023
2023-10-20 13:35:00+00:00,2023-10-20 14:10:00+00:00,long,29602.72,29460.01,SL,-0.4067,40.2625,2023
2023-10-20 15:50:00+00:00,2023-10-20 16:10:00+00:00,long,29549.11,29473.59,SL,-0.4026,39.8599,2023
2023-10-20 16:20:00+00:00,2023-10-20 17:00:00+00:00,long,29548.01,29451.2,SL,-0.3986,39.4613,2023
2023-10-20 17:40:00+00:00,2023-10-20 19:20:00+00:00,long,29495.63,29418.89,SL,-0.3946,39.0667,2023
2023-10-20 19:50:00+00:00,2023-10-20 22:55:00+00:00,long,29541.55,29661.67,TP,0.7813,39.848,2023
2023-10-20 23:00:00+00:00,2023-10-21 00:40:00+00:00,long,29683.55,29616.36,SL,-0.3985,39.4495,2023
2023-10-21 06:00:00+00:00,2023-10-21 06:35:00+00:00,long,29594.24,29713.27,TP,0.789,40.2385,2023
2023-10-21 07:25:00+00:00,2023-10-21 08:10:00+00:00,long,29716.24,29656.25,SL,-0.4024,39.8361,2023
2023-10-21 09:40:00+00:00,2023-10-21 14:45:00+00:00,long,29732.02,29886.78,TP,0.7967,40.6329,2023
2023-10-21 15:40:00+00:00,2023-10-21 17:40:00+00:00,long,29875.76,30074.66,TP,0.8127,41.4455,2023
2023-10-21 18:35:00+00:00,2023-10-21 20:20:00+00:00,long,30113.21,29951.68,SL,-0.4145,41.0311,2023
2023-10-21 21:30:00+00:00,2023-10-21 22:25:00+00:00,long,30039.96,29968.19,SL,-0.4103,40.6207,2023
2023-10-21 22:45:00+00:00,2023-10-21 23:05:00+00:00,long,29999.91,29931.12,SL,-0.4062,40.2145,2023
2023-10-22 00:10:00+00:00,2023-10-22 01:10:00+00:00,long,29943.0,30065.6,TP,0.8043,41.0188,2023
2023-10-22 01:30:00+00:00,2023-10-22 04:35:00+00:00,short,29894.14,29968.29,SL,-0.4102,40.6086,2023
2023-10-22 05:50:00+00:00,2023-10-22 07:10:00+00:00,long,30062.65,29979.18,SL,-0.4061,40.2026,2023
2023-10-22 11:00:00+00:00,2023-10-22 12:25:00+00:00,short,29883.15,29951.94,SL,-0.402,39.8005,2023
2023-10-22 12:50:00+00:00,2023-10-22 21:55:00+00:00,short,29903.09,29750.01,TP,0.796,40.5965,2023
2023-10-23 00:45:00+00:00,2023-10-23 01:20:00+00:00,long,30103.11,30250.5,TP,0.8119,41.4085,2023
2023-10-23 03:40:00+00:00,2023-10-23 03:45:00+00:00,long,30496.27,30663.31,TP,0.8282,42.2366,2023
2023-10-23 05:20:00+00:00,2023-10-23 05:55:00+00:00,long,30854.19,30788.62,SL,-0.4224,41.8143,2023
2023-10-23 08:45:00+00:00,2023-10-23 09:25:00+00:00,long,30599.53,30491.01,SL,-0.4181,41.3961,2023
2023-10-23 10:15:00+00:00,2023-10-23 11:15:00+00:00,long,30504.76,30628.26,TP,0.8279,42.224,2023
2023-10-23 14:05:00+00:00,2023-10-23 14:50:00+00:00,long,30657.89,30797.63,TP,0.8445,43.0685,2023
2023-10-23 16:40:00+00:00,2023-10-23 16:50:00+00:00,long,31020.31,31199.29,TP,0.8614,43.9299,2023
2023-10-23 18:55:00+00:00,2023-10-23 19:00:00+00:00,long,31168.3,31340.01,TP,0.8786,44.8085,2023
2023-10-23 22:10:00+00:00,2023-10-23 22:25:00+00:00,long,31886.12,32182.71,TP,0.8962,45.7047,2023
2023-10-24 00:30:00+00:00,2023-10-24 00:35:00+00:00,long,33530.0,33429.99,SL,-0.457,45.2476,2023
2023-10-24 01:55:00+00:00,2023-10-24 02:00:00+00:00,long,34190.94,34439.7,TP,0.905,46.1526,2023
2023-10-24 05:15:00+00:00,2023-10-24 05:40:00+00:00,long,34475.99,34337.91,SL,-0.4615,45.691,2023
2023-10-24 07:15:00+00:00,2023-10-24 07:20:00+00:00,long,33964.13,33886.48,SL,-0.4569,45.2341,2023
2023-10-24 07:40:00+00:00,2023-10-24 08:05:00+00:00,long,33888.78,34057.07,TP,0.9047,46.1388,2023
2023-10-24 10:35:00+00:00,2023-10-24 11:10:00+00:00,long,34445.21,34683.55,TP,0.9228,47.0616,2023
2023-10-24 12:35:00+00:00,2023-10-24 12:45:00+00:00,long,34764.43,34651.83,SL,-0.4706,46.591,2023
2023-10-24 14:45:00+00:00,2023-10-24 15:10:00+00:00,long,34410.06,34313.3,SL,-0.4659,46.1251,2023
2023-10-24 16:10:00+00:00,2023-10-24 16:30:00+00:00,long,33885.54,34275.85,TP,0.9225,47.0476,2023
2023-10-24 20:45:00+00:00,2023-10-24 21:00:00+00:00,short,33748.8,33581.09,TP,0.941,47.9885,2023
2023-10-24 21:50:00+00:00,2023-10-24 22:00:00+00:00,long,34063.29,33972.91,SL,-0.4799,47.5086,2023
2023-10-25 00:45:00+00:00,2023-10-25 01:05:00+00:00,long,33995.94,34201.79,TP,0.9502,48.4588,2023
2023-10-25 04:05:00+00:00,2023-10-25 04:15:00+00:00,long,34030.0,33961.28,SL,-0.4846,47.9742,2023
2023-10-25 04:20:00+00:00,2023-10-25 04:55:00+00:00,long,34035.52,34193.55,TP,0.9595,48.9337,2023
2023-10-25 06:10:00+00:00,2023-10-25 07:20:00+00:00,long,34106.13,34025.36,SL,-0.4893,48.4444,2023
2023-10-25 10:30:00+00:00,2023-10-25 11:05:00+00:00,long,34180.01,34319.99,TP,0.9689,49.4133,2023
2023-10-25 12:10:00+00:00,2023-10-25 12:35:00+00:00,long,34388.85,34293.45,SL,-0.4941,48.9191,2023
2023-10-25 13:05:00+00:00,2023-10-25 13:20:00+00:00,long,34434.04,34589.31,TP,0.9784,49.8975,2023
2023-10-25 14:30:00+00:00,2023-10-25 15:30:00+00:00,long,34671.5,34969.48,TP,0.998,50.8955,2023
2023-10-25 16:05:00+00:00,2023-10-25 16:15:00+00:00,long,34963.94,34870.0,SL,-0.509,50.3865,2023
2023-10-25 17:55:00+00:00,2023-10-25 18:20:00+00:00,long,34660.15,34513.53,SL,-0.5039,49.8826,2023
2023-10-25 18:50:00+00:00,2023-10-25 19:15:00+00:00,long,34660.0,34561.56,SL,-0.4988,49.3838,2023
2023-10-25 22:30:00+00:00,2023-10-25 23:00:00+00:00,long,34622.73,34374.27,SL,-0.4938,48.89,2023
2023-10-25 23:55:00+00:00,2023-10-26 00:55:00+00:00,long,34496.05,34660.0,TP,0.9778,49.8678,2023
2023-10-26 03:00:00+00:00,2023-10-26 04:30:00+00:00,long,34770.97,34696.44,SL,-0.4987,49.3691,2023
2023-10-26 08:10:00+00:00,2023-10-26 09:25:00+00:00,short,34553.87,34410.01,TP,0.9874,50.3565,2023
2023-10-26 10:35:00+00:00,2023-10-26 11:25:00+00:00,short,34340.19,34171.96,TP,1.0071,51.3636,2023
2023-10-26 13:55:00+00:00,2023-10-26 14:00:00+00:00,short,34176.0,34281.95,SL,-0.5136,50.85,2023
2023-10-26 14:20:00+00:00,2023-10-26 14:25:00+00:00,short,34202.28,34285.3,SL,-0.5085,50.3415,2023
2023-10-26 14:30:00+00:00,2023-10-26 14:45:00+00:00,short,34054.69,34182.86,SL,-0.5034,49.8381,2023
2023-10-26 16:40:00+00:00,2023-10-26 18:00:00+00:00,short,33883.82,33998.99,SL,-0.4984,49.3397,2023
2023-10-26 19:20:00+00:00,2023-10-26 19:50:00+00:00,short,33964.0,34036.72,SL,-0.4934,48.8463,2023
2023-10-26 21:15:00+00:00,2023-10-26 22:55:00+00:00,short,34145.9,34227.74,SL,-0.4885,48.3578,2023
2023-10-26 23:30:00+00:00,2023-10-27 00:40:00+00:00,short,34165.55,34027.99,TP,0.9672,49.325,2023
2023-10-27 01:45:00+00:00,2023-10-27 02:10:00+00:00,short,33908.0,33978.31,SL,-0.4933,48.8317,2023
2023-10-27 04:00:00+00:00,2023-10-27 04:45:00+00:00,short,34087.69,34155.99,SL,-0.4883,48.3434,2023
2023-10-27 05:05:00+00:00,2023-10-27 06:10:00+00:00,short,34063.0,34145.91,SL,-0.4834,47.86,2023
2023-10-27 07:20:00+00:00,2023-10-27 07:50:00+00:00,short,34116.91,33954.36,TP,0.9572,48.8172,2023
2023-10-27 12:25:00+00:00,2023-10-27 12:30:00+00:00,short,33949.68,34032.34,SL,-0.4882,48.329,2023
2023-10-27 14:00:00+00:00,2023-10-27 14:25:00+00:00,short,34068.02,33924.18,TP,0.9666,49.2956,2023
2023-10-27 16:35:00+00:00,2023-10-27 17:05:00+00:00,short,33930.84,33647.88,TP,0.9859,50.2815,2023
2023-10-27 21:25:00+00:00,2023-10-27 21:30:00+00:00,short,33775.65,33848.52,SL,-0.5028,49.7787,2023
2023-10-28 00:15:00+00:00,2023-10-28 02:45:00+00:00,short,33862.71,33958.26,SL,-0.4978,49.2809,2023
2023-10-28 05:00:00+00:00,2023-10-28 07:55:00+00:00,long,34118.35,34044.99,SL,-0.4928,48.7881,2023
2023-10-28 08:20:00+00:00,2023-10-28 11:20:00+00:00,long,34079.1,34378.19,TP,0.9758,49.7638,2023
2023-10-28 13:35:00+00:00,2023-10-28 15:50:00+00:00,long,34074.87,34231.51,TP,0.9953,50.7591,2023
2023-10-28 18:35:00+00:00,2023-10-28 23:05:00+00:00,long,34151.63,34082.81,SL,-0.5076,50.2515,2023
2023-10-29 00:00:00+00:00,2023-10-29 08:15:00+00:00,short,34068.74,34140.0,SL,-0.5025,49.749,2023
2023-10-29 11:20:00+00:00,2023-10-29 12:45:00+00:00,long,34257.72,34395.0,TP,0.995,50.744,2023
2023-10-29 14:30:00+00:00,2023-10-29 16:25:00+00:00,long,34461.19,34375.31,SL,-0.5074,50.2365,2023
2023-10-29 17:15:00+00:00,2023-10-29 17:35:00+00:00,long,34432.31,34621.55,TP,1.0047,51.2413,2023
2023-10-29 21:05:00+00:00,2023-10-29 21:55:00+00:00,long,34606.67,34437.44,SL,-0.5124,50.7289,2023
2023-10-29 22:20:00+00:00,2023-10-29 23:45:00+00:00,long,34598.0,34513.28,SL,-0.5073,50.2216,2023
2023-10-30 01:10:00+00:00,2023-10-30 01:50:00+00:00,long,34505.53,34427.18,SL,-0.5022,49.7194,2023
2023-10-30 05:20:00+00:00,2023-10-30 08:40:00+00:00,short,34273.6,34377.63,SL,-0.4972,49.2222,2023
2023-10-30 11:45:00+00:00,2023-10-30 12:25:00+00:00,long,34640.09,34822.67,TP,0.9844,50.2066,2023
2023-10-30 13:35:00+00:00,2023-10-30 14:35:00+00:00,long,34695.85,34622.84,SL,-0.5021,49.7045,2023
2023-10-30 15:15:00+00:00,2023-10-30 15:25:00+00:00,long,34747.05,34645.33,SL,-0.497,49.2075,2023
2023-10-30 20:15:00+00:00,2023-10-30 20:50:00+00:00,short,34350.01,34426.94,SL,-0.4921,48.7154,2023
2023-10-31 00:10:00+00:00,2023-10-31 01:15:00+00:00,long,34516.79,34446.93,SL,-0.4872,48.2283,2023
2023-10-31 06:30:00+00:00,2023-10-31 06:35:00+00:00,short,34202.41,34288.68,SL,-0.4823,47.746,2023
2023-10-31 11:00:00+00:00,2023-10-31 12:25:00+00:00,long,34465.4,34393.12,SL,-0.4775,47.2685,2023
2023-10-31 15:40:00+00:00,2023-10-31 16:05:00+00:00,short,34207.85,34284.76,SL,-0.4727,46.7958,2023
2023-10-31 18:50:00+00:00,2023-10-31 20:10:00+00:00,long,34439.99,34582.92,TP,0.9359,47.7318,2023
2023-10-31 22:35:00+00:00,2023-11-01 00:40:00+00:00,long,34577.77,34508.41,SL,-0.4773,47.2544,2023
2023-11-01 01:30:00+00:00,2023-11-01 02:00:00+00:00,long,34553.08,34472.37,SL,-0.4725,46.7819,2023
2023-11-01 02:35:00+00:00,2023-11-01 03:35:00+00:00,long,34487.93,34413.64,SL,-0.4678,46.3141,2023
2023-11-01 04:00:00+00:00,2023-11-01 07:20:00+00:00,short,34395.98,34482.5,SL,-0.4631,45.8509,2023
2023-11-01 09:30:00+00:00,2023-11-01 10:35:00+00:00,long,34473.56,34397.6,SL,-0.4585,45.3924,2023
2023-11-01 12:25:00+00:00,2023-11-01 12:35:00+00:00,short,34363.55,34462.08,SL,-0.4539,44.9385,2023
2023-11-01 17:30:00+00:00,2023-11-01 17:40:00+00:00,short,34390.6,34517.09,SL,-0.4494,44.4891,2023
2023-11-01 19:00:00+00:00,2023-11-01 19:10:00+00:00,long,34629.55,34513.82,SL,-0.4449,44.0442,2023
2023-11-01 19:25:00+00:00,2023-11-01 19:35:00+00:00,long,34678.38,34572.95,SL,-0.4404,43.6038,2023
2023-11-01 20:10:00+00:00,2023-11-01 20:25:00+00:00,long,34652.08,34793.83,TP,0.8721,44.4759,2023
2023-11-02 00:10:00+00:00,2023-11-02 00:35:00+00:00,long,35540.77,35426.37,SL,-0.4448,44.0311,2023
2023-11-02 01:25:00+00:00,2023-11-02 02:40:00+00:00,long,35559.59,35731.99,TP,0.8806,44.9117,2023
2023-11-02 06:25:00+00:00,2023-11-02 09:30:00+00:00,long,35189.21,35367.49,TP,0.8982,45.81,2023
2023-11-02 12:35:00+00:00,2023-11-02 12:55:00+00:00,long,35425.65,35351.13,SL,-0.4581,45.3519,2023
2023-11-02 15:20:00+00:00,2023-11-02 15:40:00+00:00,short,34668.39,34746.34,SL,-0.4535,44.8983,2023
2023-11-02 16:20:00+00:00,2023-11-02 16:35:00+00:00,short,34505.01,34582.0,SL,-0.449,44.4494,2023
2023-11-02 20:25:00+00:00,2023-11-03 00:30:00+00:00,short,34903.93,34715.6,TP,0.889,45.3383,2023
2023-11-03 04:15:00+00:00,2023-11-03 04:45:00+00:00,short,34630.0,34399.99,TP,0.9068,46.2451,2023
2023-11-03 06:55:00+00:00,2023-11-03 08:05:00+00:00,short,34444.92,34528.68,SL,-0.4625,45.7827,2023
2023-11-03 08:40:00+00:00,2023-11-03 09:50:00+00:00,short,34401.87,34235.68,TP,0.9157,46.6983,2023
2023-11-03 23:00:00+00:00,2023-11-04 06:00:00+00:00,long,34665.61,34843.37,TP,0.934,47.6323,2023
2023-11-04 07:20:00+00:00,2023-11-04 07:50:00+00:00,long,34867.12,34791.17,SL,-0.4763,47.156,2023
2023-11-04 08:45:00+00:00,2023-11-04 09:55:00+00:00,long,34840.01,34757.01,SL,-0.4716,46.6844,2023
2023-11-04 11:20:00+00:00,2023-11-04 13:50:00+00:00,long,34750.0,34680.01,SL,-0.4668,46.2176,2023
2023-11-04 14:15:00+00:00,2023-11-04 22:05:00+00:00,long,34726.98,34884.83,TP,0.9244,47.1419,2023
2023-11-05 01:45:00+00:00,2023-11-05 03:50:00+00:00,long,35024.69,35205.0,TP,0.9428,48.0847,2023
2023-11-05 07:20:00+00:00,2023-11-05 08:45:00+00:00,long,35113.35,35035.18,SL,-0.4808,47.6039,2023
2023-11-05 09:35:00+00:00,2023-11-05 13:50:00+00:00,long,35110.18,35022.24,SL,-0.476,47.1279,2023
2023-11-05 19:15:00+00:00,2023-11-05 19:40:00+00:00,long,35085.3,35009.24,SL,-0.4713,46.6566,2023
2023-11-05 20:25:00+00:00,2023-11-05 20:50:00+00:00,long,35084.5,34984.18,SL,-0.4666,46.19,2023
2023-11-06 01:00:00+00:00,2023-11-06 01:35:00+00:00,long,35067.7,34971.21,SL,-0.4619,45.7281,2023
2023-11-06 03:05:00+00:00,2023-11-06 03:30:00+00:00,short,34854.35,34943.94,SL,-0.4573,45.2708,2023
2023-11-06 04:20:00+00:00,2023-11-06 05:40:00+00:00,short,34883.54,34740.43,TP,0.9054,46.1762,2023
2023-11-06 08:15:00+00:00,2023-11-06 08:55:00+00:00,short,34841.62,34955.34,SL,-0.4618,45.7145,2023
2023-11-06 14:05:00+00:00,2023-11-06 16:15:00+00:00,long,35095.5,35017.89,SL,-0.4571,45.2573,2023
2023-11-06 18:10:00+00:00,2023-11-06 18:45:00+00:00,short,34881.32,34986.89,SL,-0.4526,44.8048,2023
2023-11-06 20:10:00+00:00,2023-11-06 22:00:00+00:00,short,34960.01,35049.99,SL,-0.448,44.3567,2023
2023-11-07 01:20:00+00:00,2023-11-07 01:45:00+00:00,short,34856.11,34930.48,SL,-0.4436,43.9132,2023
2023-11-07 02:25:00+00:00,2023-11-07 04:00:00+00:00,short,34860.0,34938.85,SL,-0.4391,43.474,2023
2023-11-07 04:20:00+00:00,2023-11-07 06:35:00+00:00,short,34857.42,34929.07,SL,-0.4347,43.0393,2023
2023-11-07 07:20:00+00:00,2023-11-07 08:05:00+00:00,short,34890.13,34969.87,SL,-0.4304,42.6089,2023
2023-11-07 08:20:00+00:00,2023-11-07 09:35:00+00:00,short,34911.21,34760.0,TP,0.8522,43.4611,2023
2023-11-07 12:05:00+00:00,2023-11-07 12:15:00+00:00,short,34567.79,34690.25,SL,-0.4346,43.0265,2023
2023-11-07 13:35:00+00:00,2023-11-07 13:45:00+00:00,short,34638.33,34739.09,SL,-0.4303,42.5962,2023
2023-11-07 15:05:00+00:00,2023-11-07 17:00:00+00:00,short,34760.01,34607.97,TP,0.8519,43.4481,2023
2023-11-07 20:45:00+00:00,2023-11-07 20:50:00+00:00,long,35684.03,35848.93,TP,0.869,44.3171,2023
2023-11-07 23:15:00+00:00,2023-11-08 00:20:00+00:00,long,35402.2,35320.6,SL,-0.4432,43.8739,2023
2023-11-08 00:55:00+00:00,2023-11-08 03:10:00+00:00,long,35359.82,35288.65,SL,-0.4387,43.4352,2023
2023-11-08 04:00:00+00:00,2023-11-08 06:00:00+00:00,long,35295.43,35198.42,SL,-0.4344,43.0008,2023
2023-11-08 06:30:00+00:00,2023-11-08 07:55:00+00:00,long,35298.44,35226.4,SL,-0.43,42.5708,2023
2023-11-08 08:15:00+00:00,2023-11-08 11:00:00+00:00,long,35273.49,35420.21,TP,0.8514,43.4222,2023
2023-11-08 12:55:00+00:00,2023-11-08 13:20:00+00:00,long,35391.09,35316.88,SL,-0.4342,42.988,2023
2023-11-08 13:50:00+00:00,2023-11-08 14:35:00+00:00,long,35393.36,35316.78,SL,-0.4299,42.5581,2023
2023-11-08 18:05:00+00:00,2023-11-08 18:45:00+00:00,long,35425.49,35569.58,TP,0.8512,43.4093,2023
2023-11-08 19:40:00+00:00,2023-11-08 20:30:00+00:00,long,35682.08,35582.87,SL,-0.4341,42.9752,2023
2023-11-08 21:05:00+00:00,2023-11-08 21:10:00+00:00,long,35753.6,35598.0,SL,-0.4298,42.5454,2023
2023-11-08 22:00:00+00:00,2023-11-08 23:50:00+00:00,long,35771.28,35681.2,SL,-0.4255,42.12,2023
2023-11-09 00:35:00+00:00,2023-11-09 01:45:00+00:00,long,35841.96,36034.63,TP,0.8424,42.9624,2023
2023-11-09 03:30:00+00:00,2023-11-09 03:45:00+00:00,long,36492.04,36376.77,SL,-0.4296,42.5328,2023
2023-11-09 04:35:00+00:00,2023-11-09 04:50:00+00:00,long,36767.57,36688.6,SL,-0.4253,42.1074,2023
2023-11-09 06:15:00+00:00,2023-11-09 07:05:00+00:00,long,36761.37,36673.76,SL,-0.4211,41.6864,2023
2023-11-09 08:50:00+00:00,2023-11-09 09:05:00+00:00,long,36671.34,36594.42,SL,-0.4169,41.2695,2023
2023-11-09 11:50:00+00:00,2023-11-09 12:15:00+00:00,long,36791.29,36949.27,TP,0.8254,42.0949,2023
2023-11-09 13:45:00+00:00,2023-11-09 14:05:00+00:00,long,37060.87,37304.84,TP,0.8419,42.9368,2023
2023-11-09 19:15:00+00:00,2023-11-09 19:30:00+00:00,short,36218.39,36293.78,SL,-0.4294,42.5074,2023
2023-11-09 20:35:00+00:00,2023-11-09 20:40:00+00:00,short,36172.2,36245.53,SL,-0.4251,42.0823,2023
2023-11-09 21:50:00+00:00,2023-11-09 22:00:00+00:00,short,36491.92,36573.49,SL,-0.4208,41.6615,2023
2023-11-09 22:05:00+00:00,2023-11-09 22:20:00+00:00,long,36637.79,36550.69,SL,-0.4166,41.2449,2023
2023-11-09 23:35:00+00:00,2023-11-10 00:20:00+00:00,long,36683.21,36594.88,SL,-0.4124,40.8325,2023
2023-11-10 01:20:00+00:00,2023-11-10 02:35:00+00:00,long,36640.06,36787.42,TP,0.8166,41.6491,2023
2023-11-10 05:55:00+00:00,2023-11-10 06:15:00+00:00,long,36754.5,36647.07,SL,-0.4165,41.2326,2023
2023-11-10 07:00:00+00:00,2023-11-10 07:05:00+00:00,long,36679.3,36601.1,SL,-0.4123,40.8203,2023
2023-11-10 12:55:00+00:00,2023-11-10 13:20:00+00:00,long,37185.32,37093.46,SL,-0.4082,40.4121,2023
2023-11-10 15:05:00+00:00,2023-11-10 15:25:00+00:00,long,37133.55,37032.24,SL,-0.4041,40.008,2023
2023-11-10 16:00:00+00:00,2023-11-10 16:05:00+00:00,long,37130.0,37356.64,TP,0.8002,40.8081,2023
2023-11-10 18:50:00+00:00,2023-11-10 20:05:00+00:00,long,37256.81,37133.46,SL,-0.4081,40.4,2023
2023-11-10 20:50:00+00:00,2023-11-10 22:40:00+00:00,long,37272.14,37163.69,SL,-0.404,39.996,2023
2023-11-10 22:50:00+00:00,2023-11-10 23:55:00+00:00,long,37382.2,37301.63,SL,-0.4,39.5961,2023
2023-11-11 00:25:00+00:00,2023-11-11 00:30:00+00:00,long,37398.34,37312.35,SL,-0.396,39.2001,2023
2023-11-11 04:20:00+00:00,2023-11-11 04:50:00+00:00,short,36990.15,37067.06,SL,-0.392,38.8081,2023
2023-11-11 06:00:00+00:00,2023-11-11 13:35:00+00:00,short,37058.16,37188.99,SL,-0.3881,38.42,2023
2023-11-11 16:35:00+00:00,2023-11-11 17:10:00+00:00,long,37152.2,37059.93,SL,-0.3842,38.0358,2023
2023-11-11 17:40:00+00:00,2023-11-11 20:30:00+00:00,long,37117.68,37019.99,SL,-0.3804,37.6555,2023
2023-11-11 23:05:00+00:00,2023-11-11 23:35:00+00:00,short,36826.64,36914.0,SL,-0.3766,37.2789,2023
2023-11-12 00:35:00+00:00,2023-11-12 00:45:00+00:00,short,36927.92,36770.18,TP,0.7456,38.0245,2023
2023-11-12 02:20:00+00:00,2023-11-12 03:50:00+00:00,short,36901.11,36978.7,SL,-0.3802,37.6443,2023
2023-11-12 04:35:00+00:00,2023-11-12 04:55:00+00:00,short,36927.41,37006.0,SL,-0.3764,37.2678,2023
2023-11-12 10:25:00+00:00,2023-11-12 12:25:00+00:00,long,37070.23,36991.1,SL,-0.3727,36.8951,2023
2023-11-12 13:15:00+00:00,2023-11-12 23:15:00+00:00,long,37110.78,37024.92,SL,-0.369,36.5262,2023
2023-11-13 05:10:00+00:00,2023-11-13 05:30:00+00:00,short,36828.01,36911.11,SL,-0.3653,36.1609,2023
2023-11-13 06:30:00+00:00,2023-11-13 06:35:00+00:00,short,36821.74,36900.75,SL,-0.3616,35.7993,2023
2023-11-13 07:55:00+00:00,2023-11-13 11:40:00+00:00,short,36960.29,36780.0,TP,0.716,36.5153,2023
2023-11-13 13:45:00+00:00,2023-11-13 14:40:00+00:00,short,36827.07,36675.0,TP,0.7303,37.2456,2023
2023-11-13 16:50:00+00:00,2023-11-13 17:15:00+00:00,short,36838.53,36680.01,TP,0.7449,37.9905,2023
2023-11-13 20:30:00+00:00,2023-11-13 21:10:00+00:00,short,36785.48,36520.61,TP,0.7598,38.7503,2023
2023-11-14 00:00:00+00:00,2023-11-14 00:20:00+00:00,short,36441.4,36258.66,TP,0.775,39.5253,2023
2023-11-14 03:55:00+00:00,2023-11-14 05:05:00+00:00,short,36448.07,36524.99,SL,-0.3953,39.1301,2023
2023-11-14 08:25:00+00:00,2023-11-14 09:15:00+00:00,long,36727.4,36637.65,SL,-0.3913,38.7388,2023
2023-11-14 11:00:00+00:00,2023-11-14 11:55:00+00:00,short,36407.4,36259.18,TP,0.7748,39.5136,2023
2023-11-14 17:15:00+00:00,2023-11-14 17:20:00+00:00,short,36130.72,36277.99,SL,-0.3951,39.1184,2023
2023-11-14 17:45:00+00:00,2023-11-14 18:05:00+00:00,short,36180.56,35960.0,TP,0.7824,39.9008,2023
2023-11-14 23:35:00+00:00,2023-11-15 01:55:00+00:00,short,35587.99,35424.17,TP,0.798,40.6988,2023
2023-11-15 02:40:00+00:00,2023-11-15 02:55:00+00:00,short,35405.65,35480.6,SL,-0.407,40.2918,2023
2023-11-15 03:35:00+00:00,2023-11-15 04:20:00+00:00,short,35407.85,35485.91,SL,-0.4029,39.8889,2023
2023-11-15 06:05:00+00:00,2023-11-15 07:35:00+00:00,short,35559.33,35648.5,SL,-0.3989,39.49,2023
2023-11-15 07:50:00+00:00,2023-11-15 08:00:00+00:00,short,35573.99,35651.15,SL,-0.3949,39.0951,2023
2023-11-15 10:55:00+00:00,2023-11-15 11:20:00+00:00,long,35868.56,36117.41,TP,0.7819,39.877,2023
2023-11-15 12:25:00+00:00,2023-11-15 12:30:00+00:00,long,36324.32,36227.04,SL,-0.3988,39.4782,2023
2023-11-15 14:20:00+00:00,2023-11-15 14:30:00+00:00,long,36202.0,36055.12,SL,-0.3948,39.0835,2023
2023-11-15 15:00:00+00:00,2023-11-15 15:45:00+00:00,long,36197.83,36372.0,TP,0.7817,39.8651,2023
2023-11-15 17:35:00+00:00,2023-11-15 18:10:00+00:00,long,36430.35,37055.62,TP,0.7973,40.6624,2023
2023-11-15 22:40:00+00:00,2023-11-15 23:20:00+00:00,long,37757.78,37648.99,SL,-0.4066,40.2558,2023
2023-11-15 23:35:00+00:00,2023-11-16 00:30:00+00:00,long,37830.0,37740.98,SL,-0.4026,39.8532,2023
2023-11-16 02:40:00+00:00,2023-11-16 04:10:00+00:00,long,37465.93,37363.55,SL,-0.3985,39.4547,2023
2023-11-16 04:25:00+00:00,2023-11-16 05:20:00+00:00,long,37421.99,37346.7,SL,-0.3945,39.0602,2023
2023-11-16 05:35:00+00:00,2023-11-16 07:00:00+00:00,long,37414.13,37620.06,TP,0.7812,39.8414,2023
2023-11-16 09:15:00+00:00,2023-11-16 09:35:00+00:00,long,37413.99,37330.01,SL,-0.3984,39.443,2023
2023-11-16 09:50:00+00:00,2023-11-16 11:25:00+00:00,long,37361.87,37517.28,TP,0.7889,40.2318,2023
2023-11-16 15:45:00+00:00,2023-11-16 15:50:00+00:00,short,36479.28,36329.48,TP,0.8046,41.0365,2023
2023-11-16 17:55:00+00:00,2023-11-16 18:20:00+00:00,short,36313.27,36103.74,TP,0.8207,41.8572,2023
2023-11-16 19:05:00+00:00,2023-11-16 19:15:00+00:00,short,36124.78,35965.21,TP,0.8371,42.6943,2023
2023-11-16 23:05:00+00:00,2023-11-16 23:35:00+00:00,short,36100.0,36180.0,SL,-0.4269,42.2674,2023
2023-11-16 23:55:00+00:00,2023-11-17 00:35:00+00:00,short,36163.51,36300.83,SL,-0.4227,41.8447,2023
2023-11-17 03:55:00+00:00,2023-11-17 04:10:00+00:00,long,36483.99,36401.28,SL,-0.4184,41.4263,2023
2023-11-17 04:35:00+00:00,2023-11-17 04:50:00+00:00,long,36514.0,36440.2,SL,-0.4143,41.012,2023
2023-11-17 05:00:00+00:00,2023-11-17 07:20:00+00:00,short,36406.01,36246.0,TP,0.8202,41.8322,2023
2023-11-17 08:10:00+00:00,2023-11-17 08:15:00+00:00,short,36194.35,36292.02,SL,-0.4183,41.4139,2023
2023-11-17 09:30:00+00:00,2023-11-17 10:55:00+00:00,short,36264.01,36363.94,SL,-0.4141,40.9998,2023
2023-11-17 12:00:00+00:00,2023-11-17 12:55:00+00:00,short,36352.16,36525.69,SL,-0.41,40.5898,2023
2023-11-17 16:45:00+00:00,2023-11-17 17:00:00+00:00,short,35974.82,36418.56,SL,-0.4059,40.1839,2023
2023-11-17 20:15:00+00:00,2023-11-17 20:35:00+00:00,long,36453.37,36339.63,SL,-0.4018,39.782,2023
2023-11-17 20:50:00+00:00,2023-11-17 21:20:00+00:00,long,36468.74,36350.72,SL,-0.3978,39.3842,2023
2023-11-17 22:05:00+00:00,2023-11-17 23:05:00+00:00,long,36449.98,36665.61,TP,0.7877,40.1719,2023
2023-11-18 01:35:00+00:00,2023-11-18 03:25:00+00:00,long,36453.64,36370.34,SL,-0.4017,39.7702,2023
2023-11-18 05:00:00+00:00,2023-11-18 07:00:00+00:00,short,36365.83,36216.01,TP,0.7954,40.5656,2023
2023-11-18 10:50:00+00:00,2023-11-18 15:25:00+00:00,long,36459.62,36619.29,TP,0.8113,41.3769,2023
2023-11-18 18:40:00+00:00,2023-11-18 20:10:00+00:00,long,36672.52,36546.86,SL,-0.4138,40.9631,2023
2023-11-18 22:05:00+00:00,2023-11-18 22:20:00+00:00,long,36555.65,36477.99,SL,-0.4096,40.5535,2023
2023-11-19 00:35:00+00:00,2023-11-19 06:00:00+00:00,short,36519.09,36593.04,SL,-0.4055,40.148,2023
2023-11-19 08:10:00+00:00,2023-11-19 10:05:00+00:00,long,36664.62,36584.77,SL,-0.4015,39.7465,2023
2023-11-19 14:05:00+00:00,2023-11-19 15:20:00+00:00,short,36429.12,36528.86,SL,-0.3975,39.349,2023
2023-11-19 17:30:00+00:00,2023-11-19 18:35:00+00:00,long,36597.6,36749.98,TP,0.787,40.136,2023
2023-11-19 21:20:00+00:00,2023-11-19 23:00:00+00:00,long,36996.0,37246.0,TP,0.8027,40.9387,2023
2023-11-20 02:50:00+00:00,2023-11-20 03:30:00+00:00,long,37313.77,37207.1,SL,-0.4094,40.5293,2023
2023-11-20 04:30:00+00:00,2023-11-20 05:35:00+00:00,long,37161.09,37080.66,SL,-0.4053,40.124,2023
2023-11-20 06:00:00+00:00,2023-11-20 08:40:00+00:00,long,37162.83,37070.0,SL,-0.4012,39.7228,2023
2023-11-20 09:20:00+00:00,2023-11-20 11:00:00+00:00,long,37193.82,37364.98,TP,0.7945,40.5173,2023
2023-11-20 12:55:00+00:00,2023-11-20 14:10:00+00:00,long,37143.1,36873.85,SL,-0.4052,40.1121,2023
2023-11-20 14:35:00+00:00,2023-11-20 14:50:00+00:00,long,37143.98,37310.01,TP,0.8022,40.9143,2023
2023-11-20 17:40:00+00:00,2023-11-20 17:45:00+00:00,long,37387.94,37685.59,TP,0.8183,41.7326,2023
2023-11-20 18:45:00+00:00,2023-11-20 19:10:00+00:00,long,37580.33,37504.58,SL,-0.4173,41.3153,2023
2023-11-20 19:25:00+00:00,2023-11-20 20:10:00+00:00,long,37593.69,37509.08,SL,-0.4132,40.9021,2023
2023-11-20 21:55:00+00:00,2023-11-20 23:10:00+00:00,long,37415.99,37586.48,TP,0.818,41.7202,2023
2023-11-21 00:25:00+00:00,2023-11-21 00:35:00+00:00,long,37513.91,37419.49,SL,-0.4172,41.303,2023
2023-11-21 01:25:00+00:00,2023-11-21 01:55:00+00:00,long,37434.37,37600.61,TP,0.8261,42.129,2023
2023-11-21 02:35:00+00:00,2023-11-21 02:45:00+00:00,long,37579.11,37498.45,SL,-0.4213,41.7077,2023
2023-11-21 07:05:00+00:00,2023-11-21 08:25:00+00:00,short,37298.63,37379.48,SL,-0.4171,41.2907,2023
2023-11-21 09:35:00+00:00,2023-11-21 11:25:00+00:00,short,37359.36,37193.52,TP,0.8258,42.1165,2023
2023-11-21 13:35:00+00:00,2023-11-21 14:05:00+00:00,short,37096.59,36910.4,TP,0.8423,42.9588,2023
2023-11-21 17:35:00+00:00,2023-11-21 17:40:00+00:00,short,37044.02,36828.57,TP,0.8592,43.818,2023
2023-11-21 20:05:00+00:00,2023-11-21 20:15:00+00:00,short,36894.83,36999.86,SL,-0.4382,43.3798,2023
2023-11-21 20:30:00+00:00,2023-11-21 20:35:00+00:00,short,36919.99,37048.0,SL,-0.4338,42.946,2023
2023-11-21 20:55:00+00:00,2023-11-21 21:45:00+00:00,short,36935.9,36757.99,TP,0.8589,43.8049,2023
2023-11-22 04:20:00+00:00,2023-11-22 04:40:00+00:00,short,36373.75,36459.54,SL,-0.438,43.3669,2023
2023-11-22 04:50:00+00:00,2023-11-22 06:30:00+00:00,short,36404.52,36513.32,SL,-0.4337,42.9332,2023
2023-11-22 07:15:00+00:00,2023-11-22 09:35:00+00:00,short,36508.74,36655.75,SL,-0.4293,42.5039,2023
2023-11-22 13:20:00+00:00,2023-11-22 13:30:00+00:00,short,36464.34,36623.17,SL,-0.425,42.0788,2023
2023-11-22 14:25:00+00:00,2023-11-22 14:50:00+00:00,short,36527.61,36318.1,TP,0.8416,42.9204,2023
2023-11-22 16:35:00+00:00,2023-11-22 17:00:00+00:00,short,36403.99,36512.65,SL,-0.4292,42.4912,2023
2023-11-22 20:40:00+00:00,2023-11-22 21:05:00+00:00,long,37470.0,37651.55,TP,0.8498,43.341,2023
2023-11-22 23:50:00+00:00,2023-11-23 00:30:00+00:00,long,37448.8,37358.17,SL,-0.4334,42.9076,2023
2023-11-23 01:15:00+00:00,2023-11-23 03:05:00+00:00,long,37379.91,37264.01,SL,-0.4291,42.4786,2023
2023-11-23 03:30:00+00:00,2023-11-23 08:35:00+00:00,long,37327.06,37487.2,TP,0.8496,43.3281,2023
2023-11-23 09:40:00+00:00,2023-11-23 10:55:00+00:00,long,37541.91,37461.36,SL,-0.4333,42.8948,2023
2023-11-23 12:05:00+00:00,2023-11-23 12:50:00+00:00,long,37394.61,37276.12,SL,-0.4289,42.4659,2023
2023-11-23 13:30:00+00:00,2023-11-23 13:45:00+00:00,long,37347.15,37242.22,SL,-0.4247,42.0412,2023
2023-11-23 15:10:00+00:00,2023-11-23 15:50:00+00:00,short,37146.31,36916.54,TP,0.8408,42.8821,2023
2023-11-23 19:00:00+00:00,2023-11-23 19:45:00+00:00,short,37205.64,37282.23,SL,-0.4288,42.4532,2023
2023-11-23 19:55:00+00:00,2023-11-24 01:10:00+00:00,long,37281.42,37433.5,TP,0.8491,43.3023,2023
2023-11-24 04:35:00+00:00,2023-11-24 07:50:00+00:00,long,37324.58,37480.76,TP,0.866,44.1684,2023
2023-11-24 09:20:00+00:00,2023-11-24 09:40:00+00:00,long,37548.69,37700.01,TP,0.8834,45.0517,2023
2023-11-24 11:30:00+00:00,2023-11-24 11:35:00+00:00,long,37945.26,37816.02,SL,-0.4505,44.6012,2023
2023-11-24 12:15:00+00:00,2023-11-24 12:30:00+00:00,long,37916.44,37809.0,SL,-0.446,44.1552,2023
2023-11-24 14:50:00+00:00,2023-11-24 15:20:00+00:00,long,37771.4,38121.13,TP,0.8831,45.0383,2023
2023-11-24 18:05:00+00:00,2023-11-24 18:20:00+00:00,long,37886.73,37759.87,SL,-0.4504,44.5879,2023
2023-11-24 19:10:00+00:00,2023-11-24 21:00:00+00:00,long,37703.91,37861.1,TP,0.8918,45.4797,2023
2023-11-25 02:40:00+00:00,2023-11-25 09:35:00+00:00,long,37794.23,37712.01,SL,-0.4548,45.0249,2023
2023-11-25 10:05:00+00:00,2023-11-25 17:45:00+00:00,short,37721.1,37796.79,SL,-0.4502,44.5746,2023
2023-11-25 18:35:00+00:00,2023-11-25 22:55:00+00:00,long,37801.46,37725.01,SL,-0.4457,44.1289,2023
2023-11-25 23:05:00+00:00,2023-11-26 01:55:00+00:00,long,37761.47,37680.53,SL,-0.4413,43.6876,2023
2023-11-26 04:05:00+00:00,2023-11-26 07:45:00+00:00,short,37711.59,37790.0,SL,-0.4369,43.2507,2023
2023-11-26 08:15:00+00:00,2023-11-26 10:30:00+00:00,long,37795.72,37718.75,SL,-0.4325,42.8182,2023
2023-11-26 11:45:00+00:00,2023-11-26 12:20:00+00:00,short,37680.92,37505.0,TP,0.8564,43.6746,2023
2023-11-26 13:20:00+00:00,2023-11-26 16:25:00+00:00,short,37489.99,37292.95,TP,0.8735,44.5481,2023
2023-11-26 18:35:00+00:00,2023-11-26 19:05:00+00:00,short,37190.5,37309.89,SL,-0.4455,44.1026,2023
2023-11-26 21:20:00+00:00,2023-11-26 21:45:00+00:00,short,37497.99,37602.94,SL,-0.441,43.6616,2023
2023-11-26 21:50:00+00:00,2023-11-26 23:00:00+00:00,long,37634.01,37542.88,SL,-0.4366,43.2249,2023
2023-11-27 00:25:00+00:00,2023-11-27 02:15:00+00:00,long,37518.0,37406.93,SL,-0.4322,42.7927,2023
2023-11-27 05:45:00+00:00,2023-11-27 07:30:00+00:00,short,37332.68,37161.99,TP,0.8559,43.6485,2023
2023-11-27 09:55:00+00:00,2023-11-27 10:30:00+00:00,short,37371.09,37186.48,TP,0.873,44.5215,2023
2023-11-27 12:30:00+00:00,2023-11-27 12:45:00+00:00,short,36956.49,37051.32,SL,-0.4452,44.0763,2023
2023-11-27 13:30:00+00:00,2023-11-27 15:05:00+00:00,short,36889.0,36987.45,SL,-0.4408,43.6355,2023
2023-11-27 15:50:00+00:00,2023-11-27 16:15:00+00:00,short,36837.87,36935.33,SL,-0.4364,43.1992,2023
2023-11-27 17:45:00+00:00,2023-11-27 19:40:00+00:00,short,37020.0,36864.01,TP,0.864,44.0632,2023
2023-11-27 20:25:00+00:00,2023-11-27 21:15:00+00:00,short,36862.24,36966.47,SL,-0.4406,43.6225,2023
2023-11-28 00:40:00+00:00,2023-11-28 00:55:00+00:00,long,37342.75,37258.13,SL,-0.4362,43.1863,2023
2023-11-28 02:45:00+00:00,2023-11-28 03:45:00+00:00,long,37195.0,37102.47,SL,-0.4319,42.7544,2023
2023-11-28 04:10:00+00:00,2023-11-28 04:40:00+00:00,long,37143.34,37068.34,SL,-0.4275,42.3269,2023
2023-11-28 07:25:00+00:00,2023-11-28 07:45:00+00:00,short,37000.0,37074.95,SL,-0.4233,41.9036,2023
2023-11-28 08:15:00+00:00,2023-11-28 09:35:00+00:00,short,37018.75,37103.83,SL,-0.419,41.4846,2023
2023-11-28 10:20:00+00:00,2023-11-28 11:15:00+00:00,short,37042.58,37145.67,SL,-0.4148,41.0697,2023
2023-11-28 12:30:00+00:00,2023-11-28 13:00:00+00:00,long,37276.89,37165.97,SL,-0.4107,40.6591,2023
2023-11-28 13:30:00+00:00,2023-11-28 15:40:00+00:00,long,37304.87,37484.96,TP,0.8132,41.4722,2023
2023-11-28 15:45:00+00:00,2023-11-28 16:35:00+00:00,long,37526.56,37709.98,TP,0.8294,42.3017,2023
2023-11-28 19:40:00+00:00,2023-11-28 19:45:00+00:00,long,38286.51,38153.01,SL,-0.423,41.8787,2023
2023-11-28 20:55:00+00:00,2023-11-28 21:05:00+00:00,long,38198.4,38120.01,SL,-0.4188,41.4599,2023
2023-11-29 00:25:00+00:00,2023-11-29 00:50:00+00:00,long,37763.05,37916.63,TP,0.8292,42.2891,2023
2023-11-29 03:05:00+00:00,2023-11-29 04:15:00+00:00,long,37969.21,37891.57,SL,-0.4229,41.8662,2023
2023-11-29 04:55:00+00:00,2023-11-29 06:40:00+00:00,long,37931.86,38121.09,TP,0.8373,42.7035,2023
2023-11-29 08:45:00+00:00,2023-11-29 10:20:00+00:00,long,38249.58,38171.32,SL,-0.427,42.2765,2023
2023-11-29 11:20:00+00:00,2023-11-29 12:30:00+00:00,long,38067.07,38255.99,TP,0.8455,43.122,2023
2023-11-29 16:35:00+00:00,2023-11-29 16:40:00+00:00,short,37655.48,37747.17,SL,-0.4312,42.6908,2023
2023-11-29 19:35:00+00:00,2023-11-29 20:35:00+00:00,short,37805.98,37648.14,TP,0.8538,43.5446,2023
2023-11-29 21:45:00+00:00,2023-11-29 22:05:00+00:00,short,37691.11,37782.64,SL,-0.4354,43.1092,2023
2023-11-29 23:05:00+00:00,2023-11-29 23:25:00+00:00,short,37756.01,37845.85,SL,-0.4311,42.6781,2023
2023-11-30 00:05:00+00:00,2023-11-30 02:35:00+00:00,short,37801.64,37884.34,SL,-0.4268,42.2513,2023
2023-11-30 07:05:00+00:00,2023-11-30 07:20:00+00:00,long,37898.77,37802.51,SL,-0.4225,41.8288,2023
2023-11-30 11:00:00+00:00,2023-11-30 11:30:00+00:00,short,37679.63,37766.4,SL,-0.4183,41.4105,2023
2023-11-30 13:40:00+00:00,2023-11-30 13:45:00+00:00,long,37913.34,37821.1,SL,-0.4141,40.9964,2023
2023-11-30 15:40:00+00:00,2023-11-30 16:30:00+00:00,short,37576.97,37670.64,SL,-0.41,40.5864,2023
2023-11-30 18:50:00+00:00,2023-11-30 22:10:00+00:00,short,37723.09,37800.01,SL,-0.4059,40.1805,2023
2023-12-01 00:10:00+00:00,2023-12-01 01:15:00+00:00,short,37633.33,37743.11,SL,-0.4018,39.7787,2023
2023-12-01 02:40:00+00:00,2023-12-01 04:20:00+00:00,long,37966.0,38127.98,TP,0.7956,40.5743,2023
2023-12-01 06:45:00+00:00,2023-12-01 07:15:00+00:00,long,38162.01,38327.91,TP,0.8115,41.3858,2023
2023-12-01 08:15:00+00:00,2023-12-01 08:25:00+00:00,long,38339.99,38238.01,SL,-0.4139,40.9719,2023
2023-12-01 09:00:00+00:00,2023-12-01 09:15:00+00:00,long,38351.63,38570.0,TP,0.8194,41.7914,2023
2023-12-01 13:35:00+00:00,2023-12-01 14:05:00+00:00,long,38387.8,38280.14,SL,-0.4179,41.3735,2023
2023-12-01 14:25:00+00:00,2023-12-01 16:15:00+00:00,long,38350.24,38596.14,TP,0.8275,42.2009,2023
2023-12-01 19:55:00+00:00,2023-12-01 23:30:00+00:00,long,38762.4,38672.89,SL,-0.422,41.7789,2023
2023-12-02 00:05:00+00:00,2023-12-02 13:50:00+00:00,long,38688.3,38856.89,TP,0.8356,42.6145,2023
2023-12-02 14:25:00+00:00,2023-12-02 15:00:00+00:00,long,38821.95,38710.64,SL,-0.4261,42.1884,2023
2023-12-02 15:30:00+00:00,2023-12-02 16:45:00+00:00,long,38804.0,38724.0,SL,-0.4219,41.7665,2023
2023-12-02 17:15:00+00:00,2023-12-02 19:00:00+00:00,long,38765.47,38927.99,TP,0.8353,42.6018,2023
2023-12-02 20:55:00+00:00,2023-12-02 21:05:00+00:00,long,39574.61,39494.36,SL,-0.426,42.1758,2023
2023-12-02 23:30:00+00:00,2023-12-03 02:50:00+00:00,long,39462.58,39374.68,SL,-0.4218,41.754,2023
2023-12-03 03:50:00+00:00,2023-12-03 10:55:00+00:00,long,39373.2,39541.0,TP,0.8351,42.5891,2023
2023-12-03 13:10:00+00:00,2023-12-03 15:45:00+00:00,long,39560.82,39736.38,TP,0.8518,43.4409,2023
2023-12-03 16:45:00+00:00,2023-12-03 16:55:00+00:00,long,39756.93,39666.67,SL,-0.4344,43.0065,2023
2023-12-03 18:15:00+00:00,2023-12-03 19:15:00+00:00,long,39578.18,39490.96,SL,-0.4301,42.5764,2023
2023-12-03 19:30:00+00:00,2023-12-03 21:50:00+00:00,long,39563.05,39752.64,TP,0.8515,43.4279,2023
2023-12-04 00:15:00+00:00,2023-12-04 01:15:00+00:00,long,40134.0,40346.86,TP,0.8686,44.2965,2023
2023-12-04 03:25:00+00:00,2023-12-04 03:30:00+00:00,long,40872.04,40774.33,SL,-0.443,43.8535,2023
2023-12-04 04:50:00+00:00,2023-12-04 05:05:00+00:00,long,40869.97,41152.0,TP,0.8771,44.7306,2023
2023-12-04 08:30:00+00:00,2023-12-04 09:05:00+00:00,long,41601.1,41769.99,TP,0.8946,45.6252,2023
2023-12-04 09:30:00+00:00,2023-12-04 09:50:00+00:00,long,41724.07,41589.18,SL,-0.4563,45.169,2023
2023-12-04 10:25:00+00:00,2023-12-04 10:45:00+00:00,long,41790.0,41958.58,TP,0.9034,46.0723,2023
2023-12-04 12:20:00+00:00,2023-12-04 12:30:00+00:00,long,41821.37,41610.0,SL,-0.4607,45.6116,2023
2023-12-04 16:20:00+00:00,2023-12-04 16:50:00+00:00,long,41357.55,41567.01,TP,0.9122,46.5239,2023
2023-12-04 18:30:00+00:00,2023-12-04 19:15:00+00:00,long,41703.36,41872.32,TP,0.9305,47.4543,2023
2023-12-04 21:45:00+00:00,2023-12-04 22:05:00+00:00,long,41904.74,42099.99,TP,0.9491,48.4034,2023
2023-12-05 00:45:00+00:00,2023-12-05 01:15:00+00:00,long,41877.53,41714.98,SL,-0.484,47.9194,2023
2023-12-05 01:50:00+00:00,2023-12-05 02:05:00+00:00,long,41795.0,41690.02,SL,-0.4792,47.4402,2023
2023-12-05 02:25:00+00:00,2023-12-05 05:35:00+00:00,long,41740.0,41911.81,TP,0.9488,48.389,2023
2023-12-05 08:40:00+00:00,2023-12-05 08:55:00+00:00,short,41465.67,41614.13,SL,-0.4839,47.9051,2023
2023-12-05 11:55:00+00:00,2023-12-05 13:05:00+00:00,long,41726.09,41935.6,TP,0.9581,48.8632,2023
2023-12-05 13:40:00+00:00,2023-12-05 13:50:00+00:00,long,41943.9,41838.23,SL,-0.4886,48.3746,2023
2023-12-05 14:20:00+00:00,2023-12-05 14:55:00+00:00,long,41997.76,42194.0,TP,0.9675,49.3421,2023
2023-12-05 16:30:00+00:00,2023-12-05 16:40:00+00:00,long,42432.45,42704.51,TP,0.9868,50.3289,2023
2023-12-05 18:35:00+00:00,2023-12-05 18:45:00+00:00,long,43877.99,43738.04,SL,-0.5033,49.8256,2023
2023-12-05 21:10:00+00:00,2023-12-05 21:45:00+00:00,long,43782.2,44025.57,TP,0.9965,50.8221,2023
2023-12-06 00:55:00+00:00,2023-12-06 01:05:00+00:00,long,44139.0,44047.66,SL,-0.5082,50.3139,2023
2023-12-06 02:45:00+00:00,2023-12-06 03:30:00+00:00,long,43840.01,43708.65,SL,-0.5031,49.8108,2023
2023-12-06 04:00:00+00:00,2023-12-06 04:20:00+00:00,long,43840.01,43705.23,SL,-0.4981,49.3127,2023
2023-12-06 05:00:00+00:00,2023-12-06 05:35:00+00:00,long,43762.14,43604.94,SL,-0.4931,48.8195,2023
2023-12-06 06:35:00+00:00,2023-12-06 07:10:00+00:00,long,43679.63,43565.27,SL,-0.4882,48.3313,2023
2023-12-06 07:40:00+00:00,2023-12-06 08:30:00+00:00,long,43642.0,43834.02,TP,0.9666,49.298,2023
2023-12-06 09:40:00+00:00,2023-12-06 10:05:00+00:00,long,43850.45,44057.2,TP,0.986,50.2839,2023
2023-12-06 12:05:00+00:00,2023-12-06 14:20:00+00:00,long,43990.01,44181.15,TP,1.0057,51.2896,2023
2023-12-06 14:40:00+00:00,2023-12-06 14:45:00+00:00,long,44220.5,44089.51,SL,-0.5129,50.7767,2023
2023-12-06 16:20:00+00:00,2023-12-06 16:45:00+00:00,long,43950.22,43833.12,SL,-0.5078,50.2689,2023
2023-12-06 19:15:00+00:00,2023-12-06 20:50:00+00:00,long,43973.45,43846.41,SL,-0.5027,49.7663,2023
2023-12-06 22:50:00+00:00,2023-12-06 22:55:00+00:00,short,43664.0,43766.84,SL,-0.4977,49.2686,2023
2023-12-07 01:55:00+00:00,2023-12-07 08:05:00+00:00,long,43926.98,43831.53,SL,-0.4927,48.7759,2023
2023-12-07 10:15:00+00:00,2023-12-07 10:30:00+00:00,short,43130.35,43277.13,SL,-0.4878,48.2881,2023
2023-12-07 12:00:00+00:00,2023-12-07 12:25:00+00:00,short,43059.92,43174.45,SL,-0.4829,47.8053,2023
2023-12-07 13:45:00+00:00,2023-12-07 14:05:00+00:00,short,43221.07,43316.11,SL,-0.4781,47.3272,2023
2023-12-07 14:15:00+00:00,2023-12-07 14:25:00+00:00,short,43261.11,43381.1,SL,-0.4733,46.8539,2023
2023-12-07 22:30:00+00:00,2023-12-08 00:20:00+00:00,short,43282.29,43378.09,SL,-0.4685,46.3854,2023
2023-12-08 01:10:00+00:00,2023-12-08 01:30:00+00:00,short,43318.6,43405.91,SL,-0.4639,45.9215,2023
2023-12-08 04:15:00+00:00,2023-12-08 05:30:00+00:00,long,43494.78,43406.22,SL,-0.4592,45.4623,2023
2023-12-08 06:10:00+00:00,2023-12-08 06:35:00+00:00,long,43483.43,43376.0,SL,-0.4546,45.0077,2023
2023-12-08 09:50:00+00:00,2023-12-08 10:40:00+00:00,short,43139.31,43265.81,SL,-0.4501,44.5576,2023
2023-12-08 12:35:00+00:00,2023-12-08 13:35:00+00:00,long,43729.74,43530.61,SL,-0.4456,44.1121,2023
2023-12-08 14:30:00+00:00,2023-12-08 14:40:00+00:00,long,43739.55,43921.99,TP,0.8822,44.9943,2023
2023-12-08 18:00:00+00:00,2023-12-08 19:55:00+00:00,long,43769.99,43945.11,TP,0.8999,45.8942,2023
2023-12-09 00:25:00+00:00,2023-12-09 01:00:00+00:00,long,44260.0,44141.6,SL,-0.4589,45.4352,2023
2023-12-09 01:45:00+00:00,2023-12-09 05:20:00+00:00,long,44111.87,44319.67,TP,0.9087,46.3439,2023
2023-12-09 06:05:00+00:00,2023-12-09 06:40:00+00:00,long,44330.57,44217.53,SL,-0.4634,45.8805,2023
2023-12-09 11:30:00+00:00,2023-12-09 12:50:00+00:00,short,43797.7,43888.78,SL,-0.4588,45.4217,2023
2023-12-09 14:35:00+00:00,2023-12-09 14:45:00+00:00,short,43967.37,43770.52,TP,0.9084,46.3301,2023
2023-12-09 15:45:00+00:00,2023-12-09 17:05:00+00:00,long,44030.68,43911.59,SL,-0.4633,45.8668,2023
2023-12-09 18:30:00+00:00,2023-12-09 20:05:00+00:00,long,43983.6,43893.2,SL,-0.4587,45.4082,2023
2023-12-09 20:40:00+00:00,2023-12-09 21:10:00+00:00,long,43976.11,43878.36,SL,-0.4541,44.9541,2023
2023-12-10 02:15:00+00:00,2023-12-10 03:55:00+00:00,short,43741.84,43845.32,SL,-0.4495,44.5045,2023
2023-12-10 07:45:00+00:00,2023-12-10 08:20:00+00:00,long,43963.01,43866.0,SL,-0.445,44.0595,2023
2023-12-10 13:25:00+00:00,2023-12-10 13:45:00+00:00,short,43775.23,43895.53,SL,-0.4406,43.6189,2023
2023-12-10 14:05:00+00:00,2023-12-10 14:30:00+00:00,long,43858.3,43755.01,SL,-0.4362,43.1827,2023
2023-12-10 14:50:00+00:00,2023-12-10 17:25:00+00:00,long,43865.77,43777.01,SL,-0.4318,42.7509,2023
2023-12-11 00:40:00+00:00,2023-12-11 01:05:00+00:00,short,43681.03,43370.01,TP,0.855,43.6059,2023
2023-12-11 05:35:00+00:00,2023-12-11 06:35:00+00:00,short,41987.61,41794.01,TP,0.8721,44.478,2023
2023-12-11 08:05:00+00:00,2023-12-11 08:30:00+00:00,short,42046.64,42131.21,SL,-0.4448,44.0332,2023
2023-12-11 10:25:00+00:00,2023-12-11 11:15:00+00:00,short,42356.68,42462.94,SL,-0.4403,43.5929,2023
2023-12-11 15:45:00+00:00,2023-12-11 15:50:00+00:00,short,41773.54,41863.69,SL,-0.4359,43.157,2023
2023-12-11 15:55:00+00:00,2023-12-11 16:10:00+00:00,short,41803.44,41605.42,TP,0.8631,44.0201,2023
2023-12-11 17:30:00+00:00,2023-12-11 17:50:00+00:00,short,41577.97,41309.73,TP,0.8804,44.9005,2023
2023-12-11 19:15:00+00:00,2023-12-11 19:35:00+00:00,short,40591.88,40314.01,TP,0.898,45.7985,2023
2023-12-11 22:55:00+00:00,2023-12-12 00:15:00+00:00,short,41286.28,41378.03,SL,-0.458,45.3406,2023
2023-12-12 00:20:00+00:00,2023-12-12 00:30:00+00:00,long,41672.0,41538.03,SL,-0.4534,44.8871,2023
2023-12-12 02:25:00+00:00,2023-12-12 03:40:00+00:00,long,41885.86,41755.73,SL,-0.4489,44.4383,2023
2023-12-12 06:05:00+00:00,2023-12-12 06:45:00+00:00,short,41462.28,41601.75,SL,-0.4444,43.9939,2023
2023-12-12 08:45:00+00:00,2023-12-12 09:00:00+00:00,long,42014.0,41927.76,SL,-0.4399,43.554,2023
2023-12-12 11:05:00+00:00,2023-12-12 11:35:00+00:00,long,41795.71,41683.86,SL,-0.4355,43.1184,2023
2023-12-12 12:15:00+00:00,2023-12-12 13:05:00+00:00,long,41794.9,41981.1,TP,0.8624,43.9808,2023
2023-12-12 16:05:00+00:00,2023-12-12 16:20:00+00:00,short,41195.11,41294.0,SL,-0.4398,43.541,2023
2023-12-12 17:20:00+00:00,2023-12-12 17:30:00+00:00,short,41026.96,40800.01,TP,0.8708,44.4118,2023
2023-12-12 19:20:00+00:00,2023-12-12 19:30:00+00:00,short,41102.0,41239.57,SL,-0.4441,43.9677,2023
2023-12-12 20:40:00+00:00,2023-12-12 20:45:00+00:00,short,41134.86,41251.82,SL,-0.4397,43.528,2023
2023-12-12 21:40:00+00:00,2023-12-12 23:05:00+00:00,short,41213.65,41303.1,SL,-0.4353,43.0927,2023
2023-12-13 00:05:00+00:00,2023-12-13 00:40:00+00:00,short,41389.36,41476.08,SL,-0.4309,42.6618,2023
2023-12-13 03:50:00+00:00,2023-12-13 04:00:00+00:00,short,40790.78,40876.0,SL,-0.4266,42.2352,2023
2023-12-13 04:10:00+00:00,2023-12-13 04:25:00+00:00,short,40740.8,40831.77,SL,-0.4224,41.8128,2023
2023-12-13 06:40:00+00:00,2023-12-13 07:05:00+00:00,short,40938.43,41121.11,SL,-0.4181,41.3947,2023
2023-12-13 10:10:00+00:00,2023-12-13 10:25:00+00:00,long,41250.0,41153.13,SL,-0.4139,40.9807,2023
2023-12-13 12:15:00+00:00,2023-12-13 13:25:00+00:00,long,41170.87,41371.1,TP,0.8196,41.8004,2023
2023-12-13 15:00:00+00:00,2023-12-13 16:05:00+00:00,long,41785.26,42189.84,TP,0.836,42.6364,2023
2023-12-13 17:45:00+00:00,2023-12-13 19:00:00+00:00,long,42101.09,42367.95,TP,0.8527,43.4891,2023
2023-12-13 21:55:00+00:00,2023-12-13 22:10:00+00:00,long,42988.49,43361.51,TP,0.8698,44.3589,2023
2023-12-14 01:05:00+00:00,2023-12-14 02:30:00+00:00,long,42815.98,42725.12,SL,-0.4436,43.9153,2023
2023-12-14 03:00:00+00:00,2023-12-14 03:20:00+00:00,long,42781.77,42687.43,SL,-0.4392,43.4761,2023
2023-12-14 04:00:00+00:00,2023-12-14 06:15:00+00:00,long,42729.92,42942.01,TP,0.8695,44.3457,2023
2023-12-14 08:10:00+00:00,2023-12-14 08:45:00+00:00,long,42953.93,42817.5,SL,-0.4435,43.9022,2023
2023-12-14 09:40:00+00:00,2023-12-14 11:30:00+00:00,long,42850.24,43032.54,TP,0.878,44.7802,2023
2023-12-14 15:25:00+00:00,2023-12-14 15:45:00+00:00,short,42327.39,42429.62,SL,-0.4478,44.3324,2023
2023-12-14 19:50:00+00:00,2023-12-14 20:15:00+00:00,long,43032.0,42908.87,SL,-0.4433,43.8891,2023
2023-12-14 21:05:00+00:00,2023-12-15 00:55:00+00:00,long,42999.58,42888.99,SL,-0.4389,43.4502,2023
2023-12-15 01:20:00+00:00,2023-12-15 02:10:00+00:00,long,43009.48,42864.12,SL,-0.4345,43.0157,2023
2023-12-15 02:45:00+00:00,2023-12-15 03:10:00+00:00,long,42919.82,42831.05,SL,-0.4302,42.5856,2023
2023-12-15 05:30:00+00:00,2023-12-15 08:35:00+00:00,short,42654.04,42752.11,SL,-0.4259,42.1597,2023
2023-12-15 12:50:00+00:00,2023-12-15 13:20:00+00:00,short,42627.98,42455.02,TP,0.8432,43.0029,2023
2023-12-15 15:30:00+00:00,2023-12-15 16:00:00+00:00,short,41846.03,41970.0,SL,-0.43,42.5729,2023
2023-12-15 19:45:00+00:00,2023-12-15 20:00:00+00:00,short,42013.99,42136.43,SL,-0.4257,42.1471,2023
2023-12-15 20:35:00+00:00,2023-12-15 20:50:00+00:00,short,42128.09,42246.0,SL,-0.4215,41.7257,2023
2023-12-15 21:15:00+00:00,2023-12-15 23:25:00+00:00,short,42169.98,41973.57,TP,0.8345,42.5602,2023
2023-12-16 00:25:00+00:00,2023-12-16 01:00:00+00:00,short,41875.91,41960.86,SL,-0.4256,42.1346,2023
2023-12-16 02:50:00+00:00,2023-12-16 03:30:00+00:00,short,42115.57,42217.54,SL,-0.4213,41.7132,2023
2023-12-16 06:05:00+00:00,2023-12-16 06:20:00+00:00,long,42297.14,42185.2,SL,-0.4171,41.2961,2023
2023-12-16 07:10:00+00:00,2023-12-16 07:20:00+00:00,long,42268.01,42170.97,SL,-0.413,40.8832,2023
2023-12-16 07:30:00+00:00,2023-12-16 09:05:00+00:00,short,42182.92,42278.83,SL,-0.4088,40.4743,2023
2023-12-16 09:45:00+00:00,2023-12-16 11:30:00+00:00,short,42191.39,42283.0,SL,-0.4047,40.0696,2023
2023-12-16 15:00:00+00:00,2023-12-16 15:15:00+00:00,long,42438.01,42328.0,SL,-0.4007,39.6689,2023
2023-12-16 15:30:00+00:00,2023-12-16 16:35:00+00:00,long,42470.57,42668.16,TP,0.7934,40.4623,2023
2023-12-16 19:00:00+00:00,2023-12-16 19:05:00+00:00,long,42513.25,42418.0,SL,-0.4046,40.0576,2023
2023-12-16 19:20:00+00:00,2023-12-16 19:35:00+00:00,long,42447.28,42333.01,SL,-0.4006,39.6571,2023
2023-12-16 20:05:00+00:00,2023-12-16 21:05:00+00:00,long,42388.27,42292.0,SL,-0.3966,39.2605,2023
2023-12-16 22:00:00+00:00,2023-12-17 01:35:00+00:00,short,42271.98,42098.05,TP,0.7852,40.0457,2023
2023-12-17 02:30:00+00:00,2023-12-17 05:50:00+00:00,short,42018.04,41811.09,TP,0.8009,40.8466,2023
2023-12-17 06:30:00+00:00,2023-12-17 06:55:00+00:00,short,41872.02,41997.46,SL,-0.4085,40.4381,2023
2023-12-17 07:50:00+00:00,2023-12-17 08:15:00+00:00,short,41886.25,41701.09,TP,0.8088,41.2469,2023
2023-12-17 09:40:00+00:00,2023-12-17 09:45:00+00:00,short,41837.04,41939.43,SL,-0.4125,40.8344,2023
2023-12-17 10:40:00+00:00,2023-12-17 14:30:00+00:00,short,41910.02,41687.0,TP,0.8167,41.6511,2023
2023-12-17 15:25:00+00:00,2023-12-17 15:35:00+00:00,short,41653.99,41741.13,SL,-0.4165,41.2346,2023
2023-12-17 18:55:00+00:00,2023-12-17 19:30:00+00:00,long,42173.21,42084.7,SL,-0.4123,40.8223,2023
2023-12-17 23:10:00+00:00,2023-12-17 23:30:00+00:00,short,41663.85,41289.97,TP,0.8164,41.6387,2023
2023-12-18 01:30:00+00:00,2023-12-18 02:35:00+00:00,short,41078.02,40852.0,TP,0.8328,42.4715,2023
2023-12-18 05:15:00+00:00,2023-12-18 06:25:00+00:00,short,41111.03,41222.47,SL,-0.4247,42.0468,2023
2023-12-18 07:40:00+00:00,2023-12-18 09:20:00+00:00,short,41174.6,40814.0,TP,0.8409,42.8877,2023
2023-12-18 10:05:00+00:00,2023-12-18 10:25:00+00:00,short,40960.0,40721.1,TP,0.8578,43.7455,2023
2023-12-18 12:40:00+00:00,2023-12-18 13:20:00+00:00,short,41005.68,41121.1,SL,-0.4375,43.308,2023
2023-12-18 16:45:00+00:00,2023-12-18 17:20:00+00:00,long,41394.36,41560.0,TP,0.8662,44.1742,2023
2023-12-18 18:40:00+00:00,2023-12-18 20:00:00+00:00,long,41548.69,41726.94,TP,0.8835,45.0577,2023
2023-12-18 20:30:00+00:00,2023-12-18 20:50:00+00:00,long,41807.1,41975.55,TP,0.9012,45.9588,2023
2023-12-18 22:10:00+00:00,2023-12-18 22:20:00+00:00,long,42670.32,42557.99,SL,-0.4596,45.4992,2023
2023-12-19 01:35:00+00:00,2023-12-19 01:45:00+00:00,long,42810.65,43031.56,TP,0.91,46.4092,2023
2023-12-19 05:25:00+00:00,2023-12-19 06:05:00+00:00,long,42977.78,42889.84,SL,-0.4641,45.9451,2023
2023-12-19 06:30:00+00:00,2023-12-19 08:05:00+00:00,long,42908.79,43114.01,TP,0.9189,46.864,2023
2023-12-19 10:35:00+00:00,2023-12-19 11:55:00+00:00,long,43095.65,42976.11,SL,-0.4686,46.3954,2023
2023-12-19 13:05:00+00:00,2023-12-19 13:55:00+00:00,long,43004.33,42861.75,SL,-0.464,45.9314,2023
2023-12-19 16:40:00+00:00,2023-12-19 17:00:00+00:00,short,42460.28,42282.5,TP,0.9186,46.85,2023
2023-12-19 20:25:00+00:00,2023-12-19 21:20:00+00:00,short,42292.94,42380.98,SL,-0.4685,46.3815,2023
2023-12-19 22:15:00+00:00,2023-12-20 00:35:00+00:00,short,42327.7,42422.15,SL,-0.4638,45.9177,2023
2023-12-20 01:25:00+00:00,2023-12-20 03:05:00+00:00,short,42377.46,42470.57,SL,-0.4592,45.4586,2023
2023-12-20 03:40:00+00:00,2023-12-20 04:15:00+00:00,short,42400.01,42559.75,SL,-0.4546,45.004,2023
2023-12-20 06:15:00+00:00,2023-12-20 06:20:00+00:00,long,42803.34,42982.51,TP,0.9001,45.904,2023
2023-12-20 09:25:00+00:00,2023-12-20 09:35:00+00:00,long,42949.72,42853.99,SL,-0.459,45.445,2023
2023-12-20 10:40:00+00:00,2023-12-20 13:00:00+00:00,long,42832.21,43058.48,TP,0.9089,46.3539,2023
2023-12-20 15:10:00+00:00,2023-12-20 15:15:00+00:00,long,44272.2,44119.59,SL,-0.4635,45.8904,2023
2023-12-20 17:35:00+00:00,2023-12-20 18:05:00+00:00,long,43917.11,44099.83,TP,0.9178,46.8082,2023
2023-12-20 21:10:00+00:00,2023-12-20 21:40:00+00:00,long,43643.41,43530.29,SL,-0.4681,46.3401,2023
2023-12-20 21:50:00+00:00,2023-12-20 22:00:00+00:00,short,43424.23,43514.18,SL,-0.4634,45.8767,2023
2023-12-20 22:10:00+00:00,2023-12-21 00:30:00+00:00,long,43531.1,43717.04,TP,0.9175,46.7942,2023
2023-12-21 02:50:00+00:00,2023-12-21 03:10:00+00:00,short,43378.9,43544.96,SL,-0.4679,46.3263,2023
2023-12-21 06:25:00+00:00,2023-12-21 06:55:00+00:00,long,43628.15,43808.04,TP,0.9265,47.2528,2023
2023-12-21 08:20:00+00:00,2023-12-21 08:50:00+00:00,long,43904.0,43748.32,SL,-0.4725,46.7803,2023
2023-12-21 10:00:00+00:00,2023-12-21 11:05:00+00:00,long,43836.44,44063.04,TP,0.9356,47.7159,2023
2023-12-21 12:15:00+00:00,2023-12-21 13:00:00+00:00,long,44099.0,43940.39,SL,-0.4772,47.2387,2023
2023-12-21 13:45:00+00:00,2023-12-21 14:05:00+00:00,long,44167.56,44050.01,SL,-0.4724,46.7663,2023
2023-12-21 15:25:00+00:00,2023-12-21 15:35:00+00:00,long,43854.79,43748.0,SL,-0.4677,46.2987,2023
2023-12-21 16:35:00+00:00,2023-12-21 17:45:00+00:00,short,43606.47,43400.01,TP,0.926,47.2247,2023
2023-12-21 19:25:00+00:00,2023-12-21 19:50:00+00:00,short,43471.1,43586.85,SL,-0.4722,46.7524,2023
2023-12-22 00:25:00+00:00,2023-12-22 00:55:00+00:00,long,43930.99,43828.94,SL,-0.4675,46.2849,2023
2023-12-22 01:00:00+00:00,2023-12-22 01:35:00+00:00,long,43927.13,44199.81,TP,0.9257,47.2106,2023
2023-12-22 04:20:00+00:00,2023-12-22 06:30:00+00:00,long,44045.24,44390.0,TP,0.9442,48.1548,2023
2023-12-22 09:15:00+00:00,2023-12-22 09:25:00+00:00,short,43506.57,43597.34,SL,-0.4815,47.6732,2023
2023-12-22 11:05:00+00:00,2023-12-22 11:15:00+00:00,short,43647.9,43768.3,SL,-0.4767,47.1965,2023
2023-12-22 12:05:00+00:00,2023-12-22 13:35:00+00:00,short,43648.0,43758.81,SL,-0.472,46.7246,2023
2023-12-22 14:10:00+00:00,2023-12-22 14:50:00+00:00,short,43535.37,43672.01,SL,-0.4672,46.2573,2023
2023-12-22 16:35:00+00:00,2023-12-22 17:40:00+00:00,short,43554.19,43713.31,SL,-0.4626,45.7947,2023
2023-12-22 20:55:00+00:00,2023-12-22 21:30:00+00:00,short,43645.22,43747.93,SL,-0.4579,45.3368,2023
2023-12-22 22:10:00+00:00,2023-12-22 22:35:00+00:00,short,43668.0,43772.41,SL,-0.4534,44.8834,2023
2023-12-23 04:00:00+00:00,2023-12-23 05:15:00+00:00,short,43441.65,43570.25,SL,-0.4488,44.4346,2023
2023-12-23 07:20:00+00:00,2023-12-23 12:45:00+00:00,short,43599.99,43713.08,SL,-0.4443,43.9902,2023
2023-12-23 14:15:00+00:00,2023-12-23 20:15:00+00:00,long,43756.72,43664.71,SL,-0.4399,43.5503,2023
2023-12-23 20:45:00+00:00,2023-12-24 00:15:00+00:00,long,43724.53,43621.22,SL,-0.4355,43.1148,2023
2023-12-24 02:00:00+00:00,2023-12-24 05:20:00+00:00,long,43809.06,43710.57,SL,-0.4311,42.6837,2023
2023-12-24 09:00:00+00:00,2023-12-24 09:45:00+00:00,short,43599.9,43693.62,SL,-0.4268,42.2568,2023
2023-12-24 10:10:00+00:00,2023-12-24 13:25:00+00:00,short,43630.16,43721.93,SL,-0.4226,41.8343,2023
2023-12-24 17:20:00+00:00,2023-12-24 20:45:00+00:00,short,43626.59,43439.72,TP,0.8367,42.671,2023
2023-12-24 22:10:00+00:00,2023-12-24 22:20:00+00:00,short,43043.32,43131.68,SL,-0.4267,42.2443,2023
2023-12-25 00:20:00+00:00,2023-12-25 00:25:00+00:00,short,42824.7,42917.79,SL,-0.4224,41.8218,2023
2023-12-25 02:20:00+00:00,2023-12-25 02:50:00+00:00,short,42948.09,43069.83,SL,-0.4182,41.4036,2023
2023-12-25 04:25:00+00:00,2023-12-25 05:55:00+00:00,short,43151.66,43238.0,SL,-0.414,40.9896,2023
2023-12-25 06:45:00+00:00,2023-12-25 09:35:00+00:00,short,43254.0,43072.21,TP,0.8198,41.8093,2023
2023-12-25 11:10:00+00:00,2023-12-25 11:25:00+00:00,short,43085.01,43223.76,SL,-0.4181,41.3913,2023
2023-12-25 12:00:00+00:00,2023-12-25 12:45:00+00:00,short,43114.58,43330.0,SL,-0.4139,40.9773,2023
2023-12-25 17:20:00+00:00,2023-12-25 17:40:00+00:00,long,43641.85,43554.16,SL,-0.4098,40.5676,2023
2023-12-25 18:05:00+00:00,2023-12-25 18:50:00+00:00,long,43614.77,43463.88,SL,-0.4057,40.1619,2023
2023-12-25 19:50:00+00:00,2023-12-25 20:10:00+00:00,long,43485.49,43396.73,SL,-0.4016,39.7603,2023
2023-12-25 20:25:00+00:00,2023-12-25 21:55:00+00:00,short,43406.54,43523.41,SL,-0.3976,39.3627,2023
2023-12-26 01:20:00+00:00,2023-12-26 01:35:00+00:00,long,43525.84,43435.16,SL,-0.3936,38.969,2023
2023-12-26 01:40:00+00:00,2023-12-26 02:30:00+00:00,long,43508.37,43412.53,SL,-0.3897,38.5794,2023
2023-12-26 02:40:00+00:00,2023-12-26 02:55:00+00:00,long,43531.04,43407.61,SL,-0.3858,38.1936,2023
2023-12-26 03:05:00+00:00,2023-12-26 05:10:00+00:00,short,43445.49,43232.97,TP,0.7639,38.9574,2023
2023-12-26 09:15:00+00:00,2023-12-26 09:45:00+00:00,short,42656.49,42392.0,TP,0.7791,39.7366,2023
2023-12-26 13:25:00+00:00,2023-12-26 14:20:00+00:00,short,42675.25,42785.91,SL,-0.3974,39.3392,2023
2023-12-26 14:40:00+00:00,2023-12-26 15:50:00+00:00,short,42672.94,42418.79,TP,0.7868,40.126,2023
2023-12-26 17:35:00+00:00,2023-12-26 17:40:00+00:00,short,41777.43,41979.25,SL,-0.4013,39.7247,2023
2023-12-26 18:30:00+00:00,2023-12-26 18:40:00+00:00,short,41890.31,41993.02,SL,-0.3972,39.3275,2023
2023-12-26 20:00:00+00:00,2023-12-26 21:05:00+00:00,short,42124.67,42211.13,SL,-0.3933,38.9342,2023
2023-12-26 22:55:00+00:00,2023-12-27 02:40:00+00:00,short,42469.99,42270.0,TP,0.7787,39.7129,2023
2023-12-27 08:25:00+00:00,2023-12-27 10:00:00+00:00,long,42563.01,42735.0,TP,0.7943,40.5072,2023
2023-12-27 10:20:00+00:00,2023-12-27 10:35:00+00:00,long,42878.84,43136.38,TP,0.8101,41.3173,2023
2023-12-27 13:30:00+00:00,2023-12-27 16:25:00+00:00,long,42925.0,43141.1,TP,0.8263,42.1436,2023
2023-12-27 18:05:00+00:00,2023-12-27 18:10:00+00:00,long,43053.36,42960.37,SL,-0.4214,41.7222,2023
2023-12-27 18:40:00+00:00,2023-12-27 20:20:00+00:00,long,43035.07,43258.08,TP,0.8344,42.5567,2023
2023-12-27 22:10:00+00:00,2023-12-27 22:20:00+00:00,long,43624.01,43500.66,SL,-0.4256,42.1311,2023
2023-12-28 00:10:00+00:00,2023-12-28 00:35:00+00:00,long,43438.01,43744.0,TP,0.8426,42.9737,2023
2023-12-28 03:20:00+00:00,2023-12-28 04:25:00+00:00,long,43408.79,43624.74,TP,0.8595,43.8332,2023
2023-12-28 09:05:00+00:00,2023-12-28 09:30:00+00:00,short,42921.44,43014.0,SL,-0.4383,43.3949,2023
2023-12-28 11:05:00+00:00,2023-12-28 12:30:00+00:00,short,43083.94,42908.32,TP,0.8679,44.2628,2023
2023-12-28 14:05:00+00:00,2023-12-28 15:15:00+00:00,short,42689.72,42503.38,TP,0.8853,45.148,2023
2023-12-28 18:05:00+00:00,2023-12-28 18:25:00+00:00,short,42442.3,42578.89,SL,-0.4515,44.6965,2023
2023-12-28 18:35:00+00:00,2023-12-28 19:00:00+00:00,short,42442.28,42538.0,SL,-0.447,44.2496,2023
2023-12-28 20:00:00+00:00,2023-12-28 21:05:00+00:00,short,42493.69,42590.01,SL,-0.4425,43.8071,2023
2023-12-28 21:40:00+00:00,2023-12-28 22:10:00+00:00,short,42454.01,42592.26,SL,-0.4381,43.369,2023
2023-12-28 23:55:00+00:00,2023-12-29 00:10:00+00:00,short,42563.76,42670.0,SL,-0.4337,42.9353,2023
2023-12-29 04:20:00+00:00,2023-12-29 07:30:00+00:00,short,42628.01,42356.91,TP,0.8587,43.794,2023
2023-12-29 11:15:00+00:00,2023-12-29 13:15:00+00:00,long,42850.01,42739.39,SL,-0.4379,43.3561,2023
2023-12-29 13:45:00+00:00,2023-12-29 14:40:00+00:00,long,42847.69,43031.64,TP,0.8671,44.2232,2023
2023-12-29 20:20:00+00:00,2023-12-29 21:10:00+00:00,short,42060.08,42198.31,SL,-0.4422,43.781,2023
2023-12-29 21:20:00+00:00,2023-12-29 22:15:00+00:00,short,41976.61,41758.92,TP,0.8756,44.6566,2023
2023-12-30 01:00:00+00:00,2023-12-30 01:30:00+00:00,short,42084.33,42180.01,SL,-0.4466,44.21,2023
2023-12-30 01:50:00+00:00,2023-12-30 02:40:00+00:00,short,42174.66,41966.66,TP,0.8842,45.0942,2023
2023-12-30 06:20:00+00:00,2023-12-30 08:20:00+00:00,short,42042.04,41849.15,TP,0.9019,45.9961,2023
2023-12-30 12:40:00+00:00,2023-12-30 13:55:00+00:00,short,41941.99,42029.35,SL,-0.46,45.5361,2023
2023-12-30 14:00:00+00:00,2023-12-30 15:50:00+00:00,long,42169.19,42386.01,TP,0.9107,46.4469,2023
2023-12-30 17:35:00+00:00,2023-12-30 17:45:00+00:00,long,42560.0,42462.99,SL,-0.4645,45.9824,2023
2023-12-30 19:30:00+00:00,2023-12-30 20:30:00+00:00,long,42440.75,42291.1,SL,-0.4598,45.5226,2023
2023-12-30 21:25:00+00:00,2023-12-30 22:50:00+00:00,long,42309.96,42184.08,SL,-0.4552,45.0673,2023
2023-12-30 23:15:00+00:00,2023-12-30 23:40:00+00:00,long,42270.43,42179.36,SL,-0.4507,44.6167,2023
2023-12-30 23:55:00+00:00,2023-12-31 00:10:00+00:00,short,42140.28,42257.85,SL,-0.4462,44.1705,2023
2023-12-31 05:45:00+00:00,2023-12-31 07:25:00+00:00,long,42278.01,42533.71,TP,0.8834,45.0539,2023
2023-12-31 09:05:00+00:00,2023-12-31 09:20:00+00:00,long,42543.98,42777.0,TP,0.9011,45.955,2023
2023-12-31 12:30:00+00:00,2023-12-31 12:35:00+00:00,long,42639.89,42542.0,SL,-0.4596,45.4954,2023
2023-12-31 13:20:00+00:00,2023-12-31 14:05:00+00:00,long,42538.87,42434.81,SL,-0.455,45.0405,2023
2023-12-31 14:15:00+00:00,2023-12-31 14:25:00+00:00,short,42409.07,42504.07,SL,-0.4504,44.5901,2023
2023-12-31 15:30:00+00:00,2023-12-31 15:35:00+00:00,short,42405.61,42511.37,SL,-0.4459,44.1442,2023
2023-12-31 16:10:00+00:00,2023-12-31 22:45:00+00:00,long,42556.15,42429.22,SL,-0.4414,43.7027,2023
2024-01-01 05:45:00+00:00,2024-01-01 06:15:00+00:00,short,42237.98,42342.01,SL,-0.437,43.2657,2024
2024-01-01 08:50:00+00:00,2024-01-01 10:45:00+00:00,long,42544.37,42723.79,TP,0.8653,44.131,2024
2024-01-01 11:00:00+00:00,2024-01-01 11:20:00+00:00,long,42754.0,42665.14,SL,-0.4413,43.6897,2024
2024-01-01 12:35:00+00:00,2024-01-01 12:50:00+00:00,long,42777.76,42683.99,SL,-0.4369,43.2528,2024
2024-01-01 13:20:00+00:00,2024-01-01 14:20:00+00:00,long,42720.07,42615.99,SL,-0.4325,42.8203,2024
2024-01-01 15:15:00+00:00,2024-01-01 15:40:00+00:00,long,42644.72,42845.96,TP,0.8564,43.6767,2024
2024-01-01 17:50:00+00:00,2024-01-01 18:05:00+00:00,long,42818.22,43009.94,TP,0.8735,44.5502,2024
2024-01-01 23:00:00+00:00,2024-01-01 23:25:00+00:00,long,43681.55,43989.99,TP,0.891,45.4412,2024
2024-01-02 02:40:00+00:00,2024-01-02 03:00:00+00:00,long,45294.75,45140.0,SL,-0.4544,44.9868,2024
2024-01-02 06:40:00+00:00,2024-01-02 06:55:00+00:00,long,45295.0,45168.75,SL,-0.4499,44.537,2024
2024-01-02 07:05:00+00:00,2024-01-02 07:40:00+00:00,long,45335.81,45526.42,TP,0.8907,45.4277,2024
2024-01-02 12:20:00+00:00,2024-01-02 12:50:00+00:00,long,45425.39,45311.75,SL,-0.4543,44.9734,2024
2024-01-02 13:05:00+00:00,2024-01-02 13:40:00+00:00,long,45429.59,45662.48,TP,0.8995,45.8729,2024
2024-01-02 15:45:00+00:00,2024-01-02 16:05:00+00:00,long,45230.7,45094.08,SL,-0.4587,45.4142,2024
2024-01-02 16:15:00+00:00,2024-01-02 16:25:00+00:00,short,44991.09,45189.19,SL,-0.4541,44.96,2024
2024-01-02 17:30:00+00:00,2024-01-02 18:30:00+00:00,short,45075.12,45237.6,SL,-0.4496,44.5104,2024
2024-01-02 19:20:00+00:00,2024-01-02 20:00:00+00:00,short,44966.88,45071.53,SL,-0.4451,44.0653,2024
2024-01-02 20:30:00+00:00,2024-01-02 21:05:00+00:00,short,44936.65,44682.95,TP,0.8813,44.9466,2024
2024-01-02 22:40:00+00:00,2024-01-02 22:45:00+00:00,short,44927.37,45051.28,SL,-0.4495,44.4972,2024
2024-01-03 02:25:00+00:00,2024-01-03 03:05:00+00:00,long,45322.78,45209.41,SL,-0.445,44.0522,2024
2024-01-03 05:10:00+00:00,2024-01-03 07:45:00+00:00,long,45229.99,45064.73,SL,-0.4405,43.6117,2024
2024-01-03 08:40:00+00:00,2024-01-03 08:55:00+00:00,short,45051.1,45200.0,SL,-0.4361,43.1755,2024
2024-01-03 16:50:00+00:00,2024-01-03 17:15:00+00:00,short,43035.96,42618.01,TP,0.8635,44.039,2024
2024-01-03 18:25:00+00:00,2024-01-03 18:55:00+00:00,short,42749.12,42255.72,TP,0.8808,44.9198,2024
2024-01-03 21:10:00+00:00,2024-01-03 21:15:00+00:00,short,42630.01,42834.18,SL,-0.4492,44.4706,2024
2024-01-03 22:20:00+00:00,2024-01-04 00:05:00+00:00,short,42780.36,42884.98,SL,-0.4447,44.0259,2024
2024-01-04 01:05:00+00:00,2024-01-04 01:20:00+00:00,short,42831.27,42631.99,TP,0.8805,44.9064,2024
2024-01-04 03:30:00+00:00,2024-01-04 03:55:00+00:00,short,43016.1,43102.8,SL,-0.4491,44.4574,2024
2024-01-04 05:35:00+00:00,2024-01-04 05:45:00+00:00,long,43258.01,43151.11,SL,-0.4446,44.0128,2024
2024-01-04 06:00:00+00:00,2024-01-04 06:10:00+00:00,long,43226.73,43111.8,SL,-0.4401,43.5727,2024
2024-01-04 07:00:00+00:00,2024-01-04 07:05:00+00:00,long,43246.3,43134.33,SL,-0.4357,43.137,2024
2024-01-04 10:20:00+00:00,2024-01-04 10:30:00+00:00,short,42776.01,42893.36,SL,-0.4314,42.7056,2024
2024-01-04 13:50:00+00:00,2024-01-04 13:55:00+00:00,long,43474.9,43346.68,SL,-0.4271,42.2785,2024
2024-01-04 14:45:00+00:00,2024-01-04 14:55:00+00:00,long,43460.53,43676.07,TP,0.8456,43.1241,2024
2024-01-04 17:20:00+00:00,2024-01-04 17:25:00+00:00,long,44182.21,44085.6,SL,-0.4312,42.6929,2024
2024-01-04 18:45:00+00:00,2024-01-04 19:15:00+00:00,long,44096.01,44353.97,TP,0.8539,43.5467,2024
2024-01-04 20:35:00+00:00,2024-01-04 20:40:00+00:00,long,44441.09,44328.9,SL,-0.4355,43.1112,2024
2024-01-05 00:55:00+00:00,2024-01-05 01:15:00+00:00,long,44211.1,43977.68,SL,-0.4311,42.6801,2024
2024-01-05 04:15:00+00:00,2024-01-05 04:30:00+00:00,short,43322.01,43420.24,SL,-0.4268,42.2533,2024
2024-01-05 06:25:00+00:00,2024-01-05 06:40:00+00:00,short,43601.68,43709.29,SL,-0.4225,41.8308,2024
2024-01-05 06:45:00+00:00,2024-01-05 09:00:00+00:00,long,43767.34,44123.55,TP,0.8366,42.6674,2024
2024-01-05 12:20:00+00:00,2024-01-05 13:35:00+00:00,long,43954.01,43801.91,SL,-0.4267,42.2407,2024
2024-01-05 13:55:00+00:00,2024-01-05 14:05:00+00:00,long,43986.01,43871.85,SL,-0.4224,41.8183,2024
2024-01-05 15:40:00+00:00,2024-01-05 16:45:00+00:00,short,43532.97,43262.56,TP,0.8364,42.6547,2024
2024-01-05 19:55:00+00:00,2024-01-05 20:25:00+00:00,short,43600.0,43714.03,SL,-0.4265,42.2282,2024
2024-01-05 21:55:00+00:00,2024-01-05 22:35:00+00:00,long,43946.26,43823.06,SL,-0.4223,41.8059,2024
2024-01-05 23:00:00+00:00,2024-01-05 23:45:00+00:00,long,44136.0,44033.9,SL,-0.4181,41.3878,2024
2024-01-06 00:05:00+00:00,2024-01-06 00:15:00+00:00,long,44195.66,44072.75,SL,-0.4139,40.9739,2024
2024-01-06 03:15:00+00:00,2024-01-06 05:10:00+00:00,long,43919.28,43829.02,SL,-0.4097,40.5642,2024
2024-01-06 09:50:00+00:00,2024-01-06 14:00:00+00:00,short,43685.44,43789.95,SL,-0.4056,40.1586,2024
2024-01-06 15:10:00+00:00,2024-01-06 18:45:00+00:00,long,43884.0,44116.25,TP,0.8032,40.9617,2024
2024-01-06 21:15:00+00:00,2024-01-06 23:05:00+00:00,long,43855.62,43752.91,SL,-0.4096,40.5521,2024
2024-01-06 23:30:00+00:00,2024-01-07 00:35:00+00:00,long,43878.62,44161.11,TP,0.811,41.3631,2024
2024-01-07 03:15:00+00:00,2024-01-07 03:30:00+00:00,long,44031.21,43916.24,SL,-0.4136,40.9495,2024
2024-01-07 03:50:00+00:00,2024-01-07 05:55:00+00:00,long,43980.01,43885.47,SL,-0.4095,40.54,2024
2024-01-07 06:15:00+00:00,2024-01-07 09:30:00+00:00,long,44043.51,43925.81,SL,-0.4054,40.1346,2024
2024-01-07 12:15:00+00:00,2024-01-07 13:15:00+00:00,long,44086.0,44307.56,TP,0.8027,40.9373,2024
2024-01-07 16:25:00+00:00,2024-01-07 16:45:00+00:00,long,44168.02,43997.07,SL,-0.4094,40.5279,2024
2024-01-07 19:05:00+00:00,2024-01-07 19:25:00+00:00,short,44046.14,44159.99,SL,-0.4053,40.1227,2024
2024-01-07 21:25:00+00:00,2024-01-07 21:35:00+00:00,long,44243.2,44133.46,SL,-0.4012,39.7214,2024
2024-01-08 00:45:00+00:00,2024-01-08 01:10:00+00:00,short,43701.11,43806.72,SL,-0.3972,39.3242,2024
2024-01-08 02:30:00+00:00,2024-01-08 02:45:00+00:00,short,43645.58,43404.56,TP,0.7865,40.1107,2024
2024-01-08 05:30:00+00:00,2024-01-08 05:45:00+00:00,short,43520.23,43611.11,SL,-0.4011,39.7096,2024
2024-01-08 10:20:00+00:00,2024-01-08 11:05:00+00:00,long,43955.45,44149.99,TP,0.7942,40.5038,2024
2024-01-08 15:45:00+00:00,2024-01-08 17:10:00+00:00,long,44930.87,45131.51,TP,0.8101,41.3139,2024
2024-01-08 21:40:00+00:00,2024-01-08 21:55:00+00:00,long,47178.97,47071.41,SL,-0.4131,40.9007,2024
2024-01-08 23:20:00+00:00,2024-01-08 23:25:00+00:00,long,47060.0,46963.69,SL,-0.409,40.4917,2024
2024-01-09 00:05:00+00:00,2024-01-09 00:25:00+00:00,long,47031.18,46900.0,SL,-0.4049,40.0868,2024
2024-01-09 02:05:00+00:00,2024-01-09 02:35:00+00:00,long,46547.78,46766.79,TP,0.8017,40.8885,2024
2024-01-09 06:05:00+00:00,2024-01-09 08:40:00+00:00,long,46794.62,46678.0,SL,-0.4089,40.4797,2024
2024-01-09 10:05:00+00:00,2024-01-09 10:45:00+00:00,long,46603.83,46454.0,SL,-0.4048,40.0749,2024
2024-01-09 11:10:00+00:00,2024-01-09 12:10:00+00:00,long,46529.99,46723.98,TP,0.8015,40.8764,2024
2024-01-09 12:55:00+00:00,2024-01-09 13:00:00+00:00,short,46166.35,46597.99,SL,-0.4088,40.4676,2024
2024-01-09 13:20:00+00:00,2024-01-09 13:40:00+00:00,long,46710.0,46607.88,SL,-0.4047,40.0629,2024
2024-01-09 15:25:00+00:00,2024-01-09 15:35:00+00:00,long,46717.76,46914.78,TP,0.8013,40.8642,2024
2024-01-09 18:50:00+00:00,2024-01-09 19:35:00+00:00,long,46650.34,46862.16,TP,0.8173,41.6815,2024
2024-01-09 21:10:00+00:00,2024-01-09 21:15:00+00:00,long,47918.36,46522.02,SL,-0.4168,41.2646,2024
2024-01-09 21:20:00+00:00,2024-01-09 21:25:00+00:00,short,46112.0,45887.67,TP,0.8253,42.0899,2024
2024-01-10 00:30:00+00:00,2024-01-10 01:05:00+00:00,short,45918.82,45714.63,TP,0.8418,42.9317,2024
2024-01-10 03:50:00+00:00,2024-01-10 05:20:00+00:00,short,46117.94,45931.46,TP,0.8586,43.7904,2024
2024-01-10 07:10:00+00:00,2024-01-10 08:35:00+00:00,short,45887.49,45643.99,TP,0.8758,44.6662,2024
2024-01-10 10:55:00+00:00,2024-01-10 11:10:00+00:00,short,45532.0,45659.41,SL,-0.4467,44.2195,2024
2024-01-10 11:20:00+00:00,2024-01-10 12:25:00+00:00,short,45520.0,45240.98,TP,0.8844,45.1039,2024
2024-01-10 14:50:00+00:00,2024-01-10 15:00:00+00:00,short,44892.0,44982.0,SL,-0.451,44.6529,2024
2024-01-10 16:55:00+00:00,2024-01-10 17:05:00+00:00,short,45311.1,45407.33,SL,-0.4465,44.2063,2024
2024-01-10 21:05:00+00:00,2024-01-10 21:15:00+00:00,long,46069.48,45701.45,SL,-0.4421,43.7643,2024
2024-01-10 21:20:00+00:00,2024-01-10 21:35:00+00:00,short,45753.55,45280.01,TP,0.8753,44.6396,2024
2024-01-10 21:55:00+00:00,2024-01-10 22:00:00+00:00,long,45946.0,45827.09,SL,-0.4464,44.1932,2024
2024-01-11 01:20:00+00:00,2024-01-11 01:30:00+00:00,long,46688.51,46573.73,SL,-0.4419,43.7512,2024
2024-01-11 02:50:00+00:00,2024-01-11 03:10:00+00:00,long,46600.0,46424.31,SL,-0.4375,43.3137,2024
2024-01-11 03:55:00+00:00,2024-01-11 04:10:00+00:00,long,46502.16,46407.88,SL,-0.4331,42.8806,2024
2024-01-11 04:15:00+00:00,2024-01-11 05:00:00+00:00,long,46459.01,46332.5,SL,-0.4288,42.4518,2024
2024-01-11 10:20:00+00:00,2024-01-11 10:40:00+00:00,long,46472.52,46732.01,TP,0.849,43.3008,2024
2024-01-11 12:00:00+00:00,2024-01-11 12:10:00+00:00,long,47148.35,47016.52,SL,-0.433,42.8678,2024
2024-01-11 12:40:00+00:00,2024-01-11 13:10:00+00:00,long,47287.43,47171.76,SL,-0.4287,42.4391,2024
2024-01-11 14:00:00+00:00,2024-01-11 14:25:00+00:00,long,47639.35,47878.74,TP,0.8488,43.2879,2024
2024-01-11 20:30:00+00:00,2024-01-11 20:35:00+00:00,short,46548.24,46356.75,TP,0.8658,44.1537,2024
2024-01-12 00:00:00+00:00,2024-01-12 00:30:00+00:00,short,46323.56,46131.1,TP,0.8831,45.0367,2024
2024-01-12 01:00:00+00:00,2024-01-12 01:20:00+00:00,short,46208.42,45941.22,TP,0.9007,45.9375,2024
2024-01-12 02:35:00+00:00,2024-01-12 02:40:00+00:00,short,46091.1,46241.0,SL,-0.4594,45.4781,2024
2024-01-12 03:05:00+00:00,2024-01-12 04:50:00+00:00,short,46094.31,45886.58,TP,0.9096,46.3877,2024
2024-01-12 06:50:00+00:00,2024-01-12 07:10:00+00:00,short,46154.0,45910.06,TP,0.9278,47.3154,2024
2024-01-12 09:20:00+00:00,2024-01-12 09:30:00+00:00,short,45665.42,45785.28,SL,-0.4732,46.8423,2024
2024-01-12 11:50:00+00:00,2024-01-12 12:45:00+00:00,short,45995.49,45694.72,TP,0.9368,47.7791,2024
2024-01-12 14:35:00+00:00,2024-01-12 14:50:00+00:00,short,45399.9,45491.31,SL,-0.4778,47.3013,2024
2024-01-12 21:15:00+00:00,2024-01-12 21:30:00+00:00,short,43723.0,43485.61,TP,0.946,48.2473,2024
2024-01-13 01:05:00+00:00,2024-01-13 01:20:00+00:00,short,42722.02,42530.63,TP,0.9649,49.2123,2024
2024-01-13 02:50:00+00:00,2024-01-13 04:10:00+00:00,short,42561.11,42677.47,SL,-0.4921,48.7202,2024
2024-01-13 06:30:00+00:00,2024-01-13 07:05:00+00:00,short,43086.07,43206.01,SL,-0.4872,48.233,2024
2024-01-13 07:25:00+00:00,2024-01-13 09:15:00+00:00,short,43164.42,42965.8,TP,0.9647,49.1976,2024
2024-01-13 11:40:00+00:00,2024-01-13 12:00:00+00:00,short,42556.53,42680.57,SL,-0.492,48.7056,2024
2024-01-13 14:10:00+00:00,2024-01-13 14:30:00+00:00,short,42654.0,42878.0,SL,-0.4871,48.2186,2024
2024-01-13 16:00:00+00:00,2024-01-13 16:50:00+00:00,short,43042.51,42869.68,TP,0.9644,49.183,2024
2024-01-13 19:55:00+00:00,2024-01-13 20:40:00+00:00,short,42786.25,42913.48,SL,-0.4918,48.6911,2024
2024-01-13 21:45:00+00:00,2024-01-13 21:50:00+00:00,short,42830.0,42921.55,SL,-0.4869,48.2042,2024
2024-01-13 22:30:00+00:00,2024-01-14 00:25:00+00:00,short,42928.81,42738.75,TP,0.9641,49.1683,2024
2024-01-14 02:15:00+00:00,2024-01-14 02:45:00+00:00,short,42706.01,42826.0,SL,-0.4917,48.6766,2024
2024-01-14 03:25:00+00:00,2024-01-14 06:10:00+00:00,short,42728.33,42871.78,SL,-0.4868,48.1899,2024
2024-01-14 09:55:00+00:00,2024-01-14 10:15:00+00:00,long,43052.41,42965.54,SL,-0.4819,47.708,2024
2024-01-14 12:55:00+00:00,2024-01-14 13:50:00+00:00,short,42758.0,42917.99,SL,-0.4771,47.2309,2024
2024-01-14 14:50:00+00:00,2024-01-14 14:55:00+00:00,long,42906.0,42811.99,SL,-0.4723,46.7586,2024
2024-01-14 15:30:00+00:00,2024-01-14 19:15:00+00:00,long,42900.01,42793.99,SL,-0.4676,46.291,2024
2024-01-14 20:55:00+00:00,2024-01-14 21:20:00+00:00,short,42507.92,42329.99,TP,0.9258,47.2168,2024
2024-01-14 22:30:00+00:00,2024-01-14 22:35:00+00:00,short,42181.11,42311.49,SL,-0.4722,46.7446,2024
2024-01-15 02:05:00+00:00,2024-01-15 02:10:00+00:00,short,42215.79,42329.98,SL,-0.4674,46.2772,2024
2024-01-15 02:20:00+00:00,2024-01-15 02:55:00+00:00,short,42302.0,42399.72,SL,-0.4628,45.8144,2024
2024-01-15 05:05:00+00:00,2024-01-15 06:40:00+00:00,long,42725.39,42639.34,SL,-0.4581,45.3563,2024
2024-01-15 07:50:00+00:00,2024-01-15 08:05:00+00:00,long,42749.57,42641.11,SL,-0.4536,44.9027,2024
2024-01-15 09:45:00+00:00,2024-01-15 10:20:00+00:00,long,42726.72,42623.09,SL,-0.449,44.4537,2024
2024-01-15 11:45:00+00:00,2024-01-15 13:45:00+00:00,long,42662.93,42876.98,TP,0.8891,45.3428,2024
2024-01-15 14:05:00+00:00,2024-01-15 14:25:00+00:00,short,42621.1,42440.67,TP,0.9069,46.2496,2024
2024-01-15 15:50:00+00:00,2024-01-15 16:00:00+00:00,short,42204.11,42315.0,SL,-0.4625,45.7871,2024
2024-01-15 22:40:00+00:00,2024-01-15 22:45:00+00:00,long,42773.17,42685.01,SL,-0.4579,45.3292,2024
2024-01-15 23:15:00+00:00,2024-01-15 23:45:00+00:00,short,42518.84,42618.24,SL,-0.4533,44.876,2024
2024-01-16 01:35:00+00:00,2024-01-16 02:10:00+00:00,short,42588.91,42681.11,SL,-0.4488,44.4272,2024
2024-01-16 05:30:00+00:00,2024-01-16 05:55:00+00:00,long,42910.0,42773.82,SL,-0.4443,43.9829,2024
2024-01-16 07:35:00+00:00,2024-01-16 08:45:00+00:00,long,42758.48,43007.97,TP,0.8797,44.8626,2024
2024-01-16 11:55:00+00:00,2024-01-16 12:30:00+00:00,long,42900.54,43096.43,TP,0.8973,45.7598,2024
2024-01-16 15:15:00+00:00,2024-01-16 15:30:00+00:00,long,42995.02,43171.99,TP,0.9152,46.675,2024
2024-01-16 19:05:00+00:00,2024-01-16 20:15:00+00:00,long,43097.74,43348.0,TP,0.9335,47.6085,2024
2024-01-16 21:10:00+00:00,2024-01-16 22:55:00+00:00,long,43328.61,43206.0,SL,-0.4761,47.1324,2024
2024-01-17 00:55:00+00:00,2024-01-17 01:50:00+00:00,long,43092.0,42974.01,SL,-0.4713,46.6611,2024
2024-01-17 03:30:00+00:00,2024-01-17 07:40:00+00:00,short,42928.3,42756.0,TP,0.9332,47.5943,2024
2024-01-17 09:55:00+00:00,2024-01-17 10:40:00+00:00,short,42678.57,42829.26,SL,-0.4759,47.1184,2024
2024-01-17 11:25:00+00:00,2024-01-17 12:10:00+00:00,short,42753.68,42572.12,TP,0.9424,48.0608,2024
2024-01-17 13:20:00+00:00,2024-01-17 14:40:00+00:00,short,42612.54,42733.69,SL,-0.4806,47.5802,2024
2024-01-17 15:35:00+00:00,2024-01-17 16:15:00+00:00,short,42614.0,42428.0,TP,0.9516,48.5318,2024
2024-01-17 19:55:00+00:00,2024-01-17 20:25:00+00:00,short,42611.11,42699.76,SL,-0.4853,48.0464,2024
2024-01-17 20:30:00+00:00,2024-01-17 21:00:00+00:00,long,42761.1,42609.98,SL,-0.4805,47.566,2024
2024-01-17 22:55:00+00:00,2024-01-18 01:10:00+00:00,long,42722.14,42600.0,SL,-0.4757,47.0903,2024
2024-01-18 03:10:00+00:00,2024-01-18 05:15:00+00:00,short,42624.92,42734.91,SL,-0.4709,46.6194,2024
2024-01-18 07:05:00+00:00,2024-01-18 08:45:00+00:00,long,42896.25,42766.05,SL,-0.4662,46.1532,2024
2024-01-18 09:35:00+00:00,2024-01-18 10:00:00+00:00,long,42804.01,42715.85,SL,-0.4615,45.6917,2024
2024-01-18 17:50:00+00:00,2024-01-18 17:55:00+00:00,short,41704.03,41816.71,SL,-0.4569,45.2348,2024
2024-01-18 19:55:00+00:00,2024-01-18 20:05:00+00:00,short,41022.32,41136.07,SL,-0.4523,44.7824,2024
2024-01-18 23:15:00+00:00,2024-01-19 00:25:00+00:00,short,41290.31,41119.01,TP,0.8956,45.6781,2024
2024-01-19 01:00:00+00:00,2024-01-19 01:50:00+00:00,short,41231.27,41324.0,SL,-0.4568,45.2213,2024
2024-01-19 02:15:00+00:00,2024-01-19 03:00:00+00:00,short,41228.14,41049.46,TP,0.9044,46.1257,2024
2024-01-19 07:25:00+00:00,2024-01-19 08:05:00+00:00,short,41419.99,41244.01,TP,0.9225,47.0482,2024
2024-01-19 09:35:00+00:00,2024-01-19 09:45:00+00:00,short,41269.02,41365.46,SL,-0.4705,46.5778,2024
2024-01-19 10:40:00+00:00,2024-01-19 10:50:00+00:00,short,41358.28,41441.11,SL,-0.4658,46.112,2024
2024-01-19 10:55:00+00:00,2024-01-19 11:40:00+00:00,long,41486.06,41401.09,SL,-0.4611,45.6509,2024
2024-01-19 13:20:00+00:00,2024-01-19 13:40:00+00:00,long,41428.01,41300.32,SL,-0.4565,45.1943,2024
2024-01-19 13:45:00+00:00,2024-01-19 14:20:00+00:00,short,41311.22,41113.98,TP,0.9039,46.0982,2024
2024-01-19 15:25:00+00:00,2024-01-19 15:35:00+00:00,short,40826.02,40911.1,SL,-0.461,45.6372,2024
2024-01-19 16:15:00+00:00,2024-01-19 16:35:00+00:00,short,40746.12,40453.08,TP,0.9127,46.55,2024
2024-01-19 20:10:00+00:00,2024-01-19 20:20:00+00:00,long,42162.85,41985.99,SL,-0.4655,46.0845,2024
2024-01-19 22:50:00+00:00,2024-01-20 00:05:00+00:00,long,41668.69,41582.19,SL,-0.4608,45.6236,2024
2024-01-20 01:10:00+00:00,2024-01-20 07:35:00+00:00,long,41584.51,41760.86,TP,0.9125,46.5361,2024
2024-01-20 11:05:00+00:00,2024-01-20 11:45:00+00:00,short,41488.94,41592.01,SL,-0.4654,46.0708,2024
2024-01-20 12:35:00+00:00,2024-01-20 12:45:00+00:00,short,41555.28,41653.95,SL,-0.4607,45.61,2024
2024-01-20 15:20:00+00:00,2024-01-20 20:20:00+00:00,long,41587.29,41764.01,TP,0.9122,46.5222,2024
2024-01-20 23:00:00+00:00,2024-01-20 23:15:00+00:00,long,41797.28,41708.17,SL,-0.4652,46.057,2024
2024-01-21 01:10:00+00:00,2024-01-21 06:15:00+00:00,long,41674.0,41576.13,SL,-0.4606,45.5965,2024
2024-01-21 09:05:00+00:00,2024-01-21 16:15:00+00:00,long,41699.08,41606.47,SL,-0.456,45.1405,2024
2024-01-21 19:05:00+00:00,2024-01-21 20:15:00+00:00,short,41664.0,41761.1,SL,-0.4514,44.6891,2024
2024-01-21 21:25:00+00:00,2024-01-21 23:10:00+00:00,long,41714.32,41584.09,SL,-0.4469,44.2422,2024
2024-01-22 00:35:00+00:00,2024-01-22 00:45:00+00:00,short,41476.77,41673.27,SL,-0.4424,43.7998,2024
2024-01-22 01:15:00+00:00,2024-01-22 03:25:00+00:00,short,41348.02,41176.0,TP,0.876,44.6758,2024
2024-01-22 04:10:00+00:00,2024-01-22 04:50:00+00:00,short,41107.46,40896.52,TP,0.8935,45.5693,2024
2024-01-22 07:15:00+00:00,2024-01-22 08:00:00+00:00,short,41139.83,40967.06,TP,0.9114,46.4807,2024
2024-01-22 09:50:00+00:00,2024-01-22 10:25:00+00:00,short,40818.53,40386.79,TP,0.9296,47.4103,2024
2024-01-22 12:15:00+00:00,2024-01-22 12:40:00+00:00,short,40755.45,40860.61,SL,-0.4741,46.9362,2024
2024-01-22 13:40:00+00:00,2024-01-22 14:15:00+00:00,short,40879.59,40621.96,TP,0.9387,47.8749,2024
2024-01-22 16:25:00+00:00,2024-01-22 16:45:00+00:00,short,40465.83,40604.63,SL,-0.4787,47.3962,2024
2024-01-22 18:20:00+00:00,2024-01-22 18:45:00+00:00,short,40622.55,40291.11,TP,0.9479,48.3441,2024
2024-01-22 21:35:00+00:00,2024-01-22 22:40:00+00:00,short,39945.89,39780.01,TP,0.9669,49.311,2024
2024-01-22 23:10:00+00:00,2024-01-22 23:40:00+00:00,short,39763.54,39573.6,TP,0.9862,50.2972,2024
2024-01-23 01:35:00+00:00,2024-01-23 01:50:00+00:00,short,39744.01,39843.77,SL,-0.503,49.7942,2024
2024-01-23 03:25:00+00:00,2024-01-23 04:05:00+00:00,short,40000.0,40100.0,SL,-0.4979,49.2963,2024
2024-01-23 04:45:00+00:00,2024-01-23 07:10:00+00:00,short,40099.99,39938.85,TP,0.9859,50.2822,2024
2024-01-23 09:55:00+00:00,2024-01-23 10:15:00+00:00,short,38961.39,39040.6,SL,-0.5028,49.7794,2024
2024-01-23 11:45:00+00:00,2024-01-23 11:55:00+00:00,short,38699.99,38845.56,SL,-0.4978,49.2816,2024
2024-01-23 13:55:00+00:00,2024-01-23 14:05:00+00:00,short,38864.16,38643.77,TP,0.9856,50.2672,2024
2024-01-23 16:15:00+00:00,2024-01-23 16:20:00+00:00,short,38935.99,39072.11,SL,-0.5027,49.7645,2024
2024-01-23 17:55:00+00:00,2024-01-23 18:05:00+00:00,short,39398.89,39529.44,SL,-0.4976,49.2669,2024
2024-01-23 20:55:00+00:00,2024-01-23 22:00:00+00:00,short,39175.06,39275.0,SL,-0.4927,48.7742,2024
2024-01-24 00:40:00+00:00,2024-01-24 00:50:00+00:00,long,40004.39,40206.46,TP,0.9755,49.7497,2024
2024-01-24 04:15:00+00:00,2024-01-24 06:30:00+00:00,long,39649.99,39842.01,TP,0.995,50.7447,2024
2024-01-24 08:10:00+00:00,2024-01-24 08:15:00+00:00,long,40065.89,39952.0,SL,-0.5074,50.2373,2024
2024-01-24 09:10:00+00:00,2024-01-24 09:20:00+00:00,long,40100.01,39993.36,SL,-0.5024,49.7349,2024
2024-01-24 10:10:00+00:00,2024-01-24 10:40:00+00:00,long,40059.99,40292.01,TP,0.9947,50.7296,2024
2024-01-24 14:30:00+00:00,2024-01-24 14:45:00+00:00,long,40031.99,39946.01,SL,-0.5073,50.2223,2024
2024-01-24 16:25:00+00:00,2024-01-24 16:35:00+00:00,long,40055.21,39959.28,SL,-0.5022,49.7201,2024
2024-01-24 16:45:00+00:00,2024-01-24 18:05:00+00:00,long,40084.54,39999.01,SL,-0.4972,49.2229,2024
2024-01-24 19:40:00+00:00,2024-01-24 19:55:00+00:00,short,39679.89,39803.05,SL,-0.4922,48.7306,2024
2024-01-24 20:45:00+00:00,2024-01-24 21:10:00+00:00,short,39587.97,39691.9,SL,-0.4873,48.2433,2024
2024-01-25 03:15:00+00:00,2024-01-25 04:45:00+00:00,long,40004.36,39912.25,SL,-0.4824,47.7609,2024
2024-01-25 10:45:00+00:00,2024-01-25 11:20:00+00:00,long,40061.09,40239.36,TP,0.9552,48.7161,2024
2024-01-25 15:15:00+00:00,2024-01-25 15:45:00+00:00,short,39935.12,39669.97,TP,0.9743,49.6904,2024
2024-01-25 17:00:00+00:00,2024-01-25 17:30:00+00:00,short,39661.1,39754.24,SL,-0.4969,49.1935,2024
2024-01-25 18:45:00+00:00,2024-01-25 19:25:00+00:00,short,39798.0,39882.22,SL,-0.4919,48.7016,2024
2024-01-25 19:30:00+00:00,2024-01-25 20:40:00+00:00,long,39920.45,39758.58,SL,-0.487,48.2146,2024
2024-01-26 01:35:00+00:00,2024-01-26 02:15:00+00:00,long,39920.81,40102.0,TP,0.9643,49.1789,2024
2024-01-26 04:35:00+00:00,2024-01-26 05:15:00+00:00,long,40198.74,40107.8,SL,-0.4918,48.6871,2024
2024-01-26 10:25:00+00:00,2024-01-26 10:35:00+00:00,long,40288.51,40455.83,TP,0.9737,49.6608,2024
2024-01-26 14:30:00+00:00,2024-01-26 14:50:00+00:00,long,41221.46,41408.0,TP,0.9932,50.654,2024
2024-01-26 16:05:00+00:00,2024-01-26 16:15:00+00:00,long,41551.54,41728.0,TP,1.0131,51.6671,2024
2024-01-26 18:35:00+00:00,2024-01-26 19:00:00+00:00,long,42131.51,42026.0,SL,-0.5167,51.1504,2024
2024-01-26 20:10:00+00:00,2024-01-26 20:15:00+00:00,long,42209.59,42067.44,SL,-0.5115,50.6389,2024
2024-01-26 21:40:00+00:00,2024-01-26 22:10:00+00:00,long,41961.03,41838.93,SL,-0.5064,50.1326,2024
2024-01-26 22:55:00+00:00,2024-01-27 00:00:00+00:00,long,41906.28,41787.35,SL,-0.5013,49.6312,2024
2024-01-27 01:00:00+00:00,2024-01-27 06:50:00+00:00,long,41809.91,41711.77,SL,-0.4963,49.1349,2024
2024-01-27 07:45:00+00:00,2024-01-27 08:05:00+00:00,long,41698.0,41613.09,SL,-0.4913,48.6436,2024
2024-01-27 08:55:00+00:00,2024-01-27 09:15:00+00:00,short,41470.01,41567.3,SL,-0.4864,48.1571,2024
2024-01-27 14:20:00+00:00,2024-01-27 19:35:00+00:00,long,41776.08,41949.98,TP,0.9631,49.1203,2024
2024-01-28 01:05:00+00:00,2024-01-28 04:00:00+00:00,long,42080.01,42305.87,TP,0.9824,50.1027,2024
2024-01-28 07:15:00+00:00,2024-01-28 07:45:00+00:00,long,42504.31,42395.98,SL,-0.501,49.6017,2024
2024-01-28 08:20:00+00:00,2024-01-28 09:10:00+00:00,long,42536.0,42442.71,SL,-0.496,49.1056,2024
2024-01-28 09:25:00+00:00,2024-01-28 11:20:00+00:00,long,42567.73,42472.89,SL,-0.4911,48.6146,2024
2024-01-28 12:55:00+00:00,2024-01-28 13:15:00+00:00,long,42417.04,42312.6,SL,-0.4861,48.1284,2024
2024-01-28 13:30:00+00:00,2024-01-28 13:40:00+00:00,short,42302.0,42401.59,SL,-0.4813,47.6472,2024
2024-01-28 16:10:00+00:00,2024-01-28 16:30:00+00:00,long,42327.59,42161.11,SL,-0.4765,47.1707,2024
2024-01-28 17:05:00+00:00,2024-01-28 18:20:00+00:00,short,42191.21,41958.0,TP,0.9434,48.1141,2024
2024-01-28 19:30:00+00:00,2024-01-28 20:10:00+00:00,short,41926.01,41705.49,TP,0.9623,49.0764,2024
2024-01-28 22:35:00+00:00,2024-01-28 22:45:00+00:00,short,41695.85,41795.32,SL,-0.4908,48.5856,2024
2024-01-29 00:15:00+00:00,2024-01-29 00:25:00+00:00,short,41888.14,41978.43,SL,-0.4859,48.0998,2024
2024-01-29 00:50:00+00:00,2024-01-29 01:05:00+00:00,short,41952.58,42043.57,SL,-0.481,47.6188,2024
2024-01-29 03:15:00+00:00,2024-01-29 03:55:00+00:00,long,42435.98,42331.2,SL,-0.4762,47.1426,2024
2024-01-29 06:15:00+00:00,2024-01-29 07:35:00+00:00,long,42209.9,42119.99,SL,-0.4714,46.6711,2024
2024-01-29 07:40:00+00:00,2024-01-29 09:30:00+00:00,short,42103.79,42200.14,SL,-0.4667,46.2044,2024
2024-01-29 10:35:00+00:00,2024-01-29 11:50:00+00:00,long,42311.51,42214.81,SL,-0.462,45.7424,2024
2024-01-29 14:30:00+00:00,2024-01-29 15:10:00+00:00,short,41903.98,42027.99,SL,-0.4574,45.285,2024
2024-01-29 20:50:00+00:00,2024-01-30 01:10:00+00:00,long,43144.4,43368.0,TP,0.9057,46.1907,2024
2024-01-30 06:15:00+00:00,2024-01-30 06:35:00+00:00,long,43399.99,43283.99,SL,-0.4619,45.7288,2024
2024-01-30 07:00:00+00:00,2024-01-30 08:00:00+00:00,long,43365.29,43261.09,SL,-0.4573,45.2715,2024
2024-01-30 08:15:00+00:00,2024-01-30 12:00:00+00:00,long,43384.37,43570.07,TP,0.9054,46.1769,2024
2024-01-30 14:15:00+00:00,2024-01-30 16:15:00+00:00,long,43363.62,43245.35,SL,-0.4618,45.7151,2024
2024-01-30 16:50:00+00:00,2024-01-30 17:30:00+00:00,long,43469.68,43380.94,SL,-0.4572,45.258,2024
2024-01-30 18:30:00+00:00,2024-01-30 18:45:00+00:00,long,43482.01,43373.99,SL,-0.4526,44.8054,2024
2024-01-30 19:15:00+00:00,2024-01-30 20:25:00+00:00,long,43442.02,43692.01,TP,0.8961,45.7015,2024
2024-01-31 04:30:00+00:00,2024-01-31 05:00:00+00:00,short,42891.6,42986.16,SL,-0.457,45.2445,2024
2024-01-31 05:20:00+00:00,2024-01-31 05:45:00+00:00,short,42938.72,43041.1,SL,-0.4524,44.792,2024
2024-01-31 06:35:00+00:00,2024-01-31 07:55:00+00:00,short,42955.59,43050.01,SL,-0.4479,44.3441,2024
2024-01-31 08:05:00+00:00,2024-01-31 09:25:00+00:00,short,42982.3,42782.01,TP,0.8869,45.231,2024
2024-01-31 10:40:00+00:00,2024-01-31 10:55:00+00:00,short,42648.38,42384.73,TP,0.9046,46.1356,2024
2024-01-31 13:05:00+00:00,2024-01-31 13:30:00+00:00,short,42575.98,42717.77,SL,-0.4614,45.6743,2024
2024-01-31 15:15:00+00:00,2024-01-31 15:20:00+00:00,short,42745.9,42865.99,SL,-0.4567,45.2175,2024
2024-01-31 15:25:00+00:00,2024-01-31 15:30:00+00:00,long,43016.8,43278.0,TP,0.9043,46.1219,2024
2024-02-01 00:15:00+00:00,2024-02-01 00:35:00+00:00,short,42564.42,42308.01,TP,0.9224,47.0443,2024
2024-02-01 04:30:00+00:00,2024-02-01 04:35:00+00:00,short,41949.99,42075.55,SL,-0.4704,46.5739,2024
2024-02-01 07:00:00+00:00,2024-02-01 07:30:00+00:00,short,42167.12,42268.93,SL,-0.4657,46.1081,2024
2024-02-01 07:55:00+00:00,2024-02-01 10:20:00+00:00,short,42190.16,42293.53,SL,-0.4611,45.6471,2024
2024-02-01 11:45:00+00:00,2024-02-01 12:05:00+00:00,short,42147.08,41978.0,TP,0.9129,46.56,2024
2024-02-01 13:00:00+00:00,2024-02-01 13:25:00+00:00,short,42074.4,42172.87,SL,-0.4656,46.0944,2024
2024-02-01 17:00:00+00:00,2024-02-01 17:10:00+00:00,long,42758.16,42932.98,TP,0.9219,47.0163,2024
2024-02-01 19:40:00+00:00,2024-02-01 19:50:00+00:00,long,43000.81,43233.12,TP,0.9403,47.9566,2024
2024-02-01 21:15:00+00:00,2024-02-01 21:30:00+00:00,long,43200.0,43076.59,SL,-0.4796,47.477,2024
2024-02-01 23:30:00+00:00,2024-02-02 00:15:00+00:00,long,43054.81,43313.98,TP,0.9495,48.4266,2024
2024-02-02 04:00:00+00:00,2024-02-02 05:05:00+00:00,long,43046.73,42951.1,SL,-0.4843,47.9423,2024
2024-02-02 05:15:00+00:00,2024-02-02 06:25:00+00:00,long,43001.99,43203.82,TP,0.9588,48.9012,2024
2024-02-02 09:25:00+00:00,2024-02-02 10:00:00+00:00,long,43050.0,42956.62,SL,-0.489,48.4122,2024
2024-02-02 10:05:00+00:00,2024-02-02 10:30:00+00:00,short,42961.1,43118.0,SL,-0.4841,47.928,2024
2024-02-02 12:15:00+00:00,2024-02-02 12:50:00+00:00,long,43199.31,43104.11,SL,-0.4793,47.4488,2024
2024-02-02 20:45:00+00:00,2024-02-02 22:15:00+00:00,short,42992.78,43078.93,SL,-0.4745,46.9743,2024
2024-02-03 00:15:00+00:00,2024-02-03 01:50:00+00:00,long,43307.03,43208.36,SL,-0.4697,46.5045,2024
2024-02-03 03:15:00+00:00,2024-02-03 05:25:00+00:00,long,43203.63,43111.2,SL,-0.465,46.0395,2024
2024-02-03 05:55:00+00:00,2024-02-03 07:05:00+00:00,long,43168.78,43080.7,SL,-0.4604,45.5791,2024
2024-02-03 07:50:00+00:00,2024-02-03 16:10:00+00:00,short,43073.02,43160.0,SL,-0.4558,45.1233,2024
2024-02-03 17:40:00+00:00,2024-02-03 18:35:00+00:00,long,43196.33,43082.26,SL,-0.4512,44.6721,2024
2024-02-03 21:30:00+00:00,2024-02-04 06:25:00+00:00,short,43033.33,42829.45,TP,0.8934,45.5655,2024
2024-02-04 09:00:00+00:00,2024-02-04 09:20:00+00:00,short,42779.75,42869.12,SL,-0.4557,45.1098,2024
2024-02-04 10:20:00+00:00,2024-02-04 11:10:00+00:00,short,42891.1,42999.99,SL,-0.4511,44.6587,2024
2024-02-04 14:30:00+00:00,2024-02-04 14:45:00+00:00,long,43007.51,42911.4,SL,-0.4466,44.2122,2024
2024-02-04 17:20:00+00:00,2024-02-04 19:05:00+00:00,short,42865.98,42644.1,TP,0.8842,45.0964,2024
2024-02-04 21:50:00+00:00,2024-02-04 22:35:00+00:00,short,42775.57,42431.1,TP,0.9019,45.9983,2024
2024-02-05 00:15:00+00:00,2024-02-05 00:20:00+00:00,short,42473.51,42616.51,SL,-0.46,45.5383,2024
2024-02-05 00:35:00+00:00,2024-02-05 03:10:00+00:00,short,42450.0,42536.05,SL,-0.4554,45.083,2024
2024-02-05 05:55:00+00:00,2024-02-05 07:30:00+00:00,long,42777.24,42972.56,TP,0.9017,45.9846,2024
2024-02-05 10:00:00+00:00,2024-02-05 11:15:00+00:00,long,43187.43,43097.95,SL,-0.4598,45.5248,2024
2024-02-05 12:00:00+00:00,2024-02-05 13:20:00+00:00,long,43192.31,43425.58,TP,0.9105,46.4353,2024
2024-02-05 18:20:00+00:00,2024-02-05 18:55:00+00:00,short,42613.95,42730.89,SL,-0.4644,45.9709,2024
2024-02-05 20:00:00+00:00,2024-02-05 20:20:00+00:00,short,42701.01,42368.37,TP,0.9194,46.8903,2024
2024-02-06 00:20:00+00:00,2024-02-06 01:40:00+00:00,short,42629.99,42725.15,SL,-0.4689,46.4214,2024
2024-02-06 02:00:00+00:00,2024-02-06 02:05:00+00:00,short,42650.51,42787.23,SL,-0.4642,45.9572,2024
2024-02-06 11:45:00+00:00,2024-02-06 12:45:00+00:00,long,42841.09,42740.19,SL,-0.4596,45.4977,2024
2024-02-06 12:50:00+00:00,2024-02-06 12:55:00+00:00,short,42672.01,42789.36,SL,-0.455,45.0427,2024
2024-02-06 13:10:00+00:00,2024-02-06 14:35:00+00:00,long,42824.64,43047.99,TP,0.9009,45.9435,2024
2024-02-06 15:15:00+00:00,2024-02-06 16:20:00+00:00,long,43103.81,43357.41,TP,0.9189,46.8624,2024
2024-02-06 19:15:00+00:00,2024-02-06 20:25:00+00:00,long,43208.5,43122.03,SL,-0.4686,46.3938,2024
2024-02-06 21:15:00+00:00,2024-02-06 23:20:00+00:00,long,43161.6,43063.83,SL,-0.4639,45.9298,2024
2024-02-07 00:25:00+00:00,2024-02-07 00:35:00+00:00,long,43175.25,43088.26,SL,-0.4593,45.4705,2024
2024-02-07 01:00:00+00:00,2024-02-07 03:05:00+00:00,long,43109.87,43002.51,SL,-0.4547,45.0158,2024
2024-02-07 06:15:00+00:00,2024-02-07 09:30:00+00:00,short,42945.49,43063.06,SL,-0.4502,44.5657,2024
2024-02-07 14:45:00+00:00,2024-02-07 14:50:00+00:00,long,43275.35,43082.07,SL,-0.4457,44.12,2024
2024-02-07 15:30:00+00:00,2024-02-07 15:45:00+00:00,long,43165.98,43062.65,SL,-0.4412,43.6788,2024
2024-02-07 16:05:00+00:00,2024-02-07 16:20:00+00:00,long,43141.74,43023.98,SL,-0.4368,43.242,2024
2024-02-07 16:45:00+00:00,2024-02-07 17:15:00+00:00,long,43156.92,43390.01,TP,0.8648,44.1069,2024
2024-02-07 20:00:00+00:00,2024-02-07 20:15:00+00:00,long,43737.94,44135.5,TP,0.8821,44.989,2024
2024-02-07 23:50:00+00:00,2024-02-08 00:30:00+00:00,long,44329.99,44547.99,TP,0.8998,45.8888,2024
2024-02-08 03:20:00+00:00,2024-02-08 03:40:00+00:00,long,44685.15,44581.1,SL,-0.4589,45.4299,2024
2024-02-08 05:20:00+00:00,2024-02-08 06:10:00+00:00,long,44594.01,44498.41,SL,-0.4543,44.9756,2024
2024-02-08 07:20:00+00:00,2024-02-08 08:40:00+00:00,long,44499.92,44706.0,TP,0.8995,45.8751,2024
2024-02-08 09:35:00+00:00,2024-02-08 12:35:00+00:00,long,44768.47,44660.2,SL,-0.4588,45.4164,2024
2024-02-08 13:10:00+00:00,2024-02-08 13:55:00+00:00,long,44799.45,44984.0,TP,0.9083,46.3247,2024
2024-02-08 15:20:00+00:00,2024-02-08 16:30:00+00:00,long,45311.46,45200.45,SL,-0.4632,45.8614,2024
2024-02-08 17:35:00+00:00,2024-02-08 17:45:00+00:00,long,45216.13,45073.76,SL,-0.4586,45.4028,2024
2024-02-08 18:10:00+00:00,2024-02-08 18:50:00+00:00,long,45109.91,45292.53,TP,0.9081,46.3109,2024
2024-02-08 20:10:00+00:00,2024-02-08 20:20:00+00:00,long,45484.87,45372.36,SL,-0.4631,45.8478,2024
2024-02-08 23:10:00+00:00,2024-02-08 23:25:00+00:00,long,45361.47,45262.82,SL,-0.4585,45.3893,2024
2024-02-08 23:45:00+00:00,2024-02-09 00:45:00+00:00,long,45345.68,45251.34,SL,-0.4539,44.9354,2024
2024-02-09 01:15:00+00:00,2024-02-09 02:15:00+00:00,long,45366.0,45718.68,TP,0.8987,45.8341,2024
2024-02-09 05:30:00+00:00,2024-02-09 07:35:00+00:00,long,46145.64,46358.11,TP,0.9167,46.7508,2024
2024-02-09 08:15:00+00:00,2024-02-09 08:55:00+00:00,long,46401.07,46639.99,TP,0.935,47.6858,2024
2024-02-09 10:55:00+00:00,2024-02-09 11:40:00+00:00,long,46779.52,47014.18,TP,0.9537,48.6395,2024
2024-02-09 15:30:00+00:00,2024-02-09 17:15:00+00:00,long,47191.89,47477.29,TP,0.9728,49.6123,2024
2024-02-09 20:10:00+00:00,2024-02-09 20:55:00+00:00,long,47649.49,47511.29,SL,-0.4961,49.1162,2024
2024-02-09 21:55:00+00:00,2024-02-09 22:20:00+00:00,long,47507.25,47386.0,SL,-0.4912,48.625,2024
2024-02-10 00:00:00+00:00,2024-02-10 00:35:00+00:00,long,47195.12,47048.87,SL,-0.4863,48.1388,2024
2024-02-10 00:45:00+00:00,2024-02-10 01:20:00+00:00,short,47079.75,47197.89,SL,-0.4814,47.6574,2024
2024-02-10 06:55:00+00:00,2024-02-10 07:45:00+00:00,long,47349.99,47253.73,SL,-0.4766,47.1808,2024
2024-02-10 09:55:00+00:00,2024-02-10 11:50:00+00:00,short,47066.0,47172.0,SL,-0.4718,46.709,2024
2024-02-10 13:15:00+00:00,2024-02-10 13:45:00+00:00,short,47171.13,47332.99,SL,-0.4671,46.2419,2024
2024-02-10 15:55:00+00:00,2024-02-10 16:25:00+00:00,long,47353.48,47254.05,SL,-0.4624,45.7795,2024
2024-02-10 18:00:00+00:00,2024-02-10 19:20:00+00:00,long,47228.59,47478.0,TP,0.9156,46.6951,2024
2024-02-10 20:20:00+00:00,2024-02-10 20:40:00+00:00,long,47618.53,47903.65,TP,0.9339,47.629,2024
2024-02-10 21:25:00+00:00,2024-02-10 21:35:00+00:00,long,48074.0,47862.02,SL,-0.4763,47.1527,2024
2024-02-10 23:15:00+00:00,2024-02-10 23:30:00+00:00,long,47855.5,47703.44,SL,-0.4715,46.6812,2024
2024-02-11 00:35:00+00:00,2024-02-11 01:20:00+00:00,long,47768.99,47654.6,SL,-0.4668,46.2144,2024
2024-02-11 01:40:00+00:00,2024-02-11 03:10:00+00:00,long,47695.32,47936.32,TP,0.9243,47.1387,2024
2024-02-11 07:05:00+00:00,2024-02-11 07:30:00+00:00,long,48324.59,48179.43,SL,-0.4714,46.6673,2024
2024-02-11 08:10:00+00:00,2024-02-11 08:25:00+00:00,long,48255.91,48157.81,SL,-0.4667,46.2006,2024
2024-02-11 09:10:00+00:00,2024-02-11 10:45:00+00:00,long,48168.93,48036.0,SL,-0.462,45.7386,2024
2024-02-11 11:00:00+00:00,2024-02-11 11:55:00+00:00,long,48206.85,48411.71,TP,0.9148,46.6534,2024
2024-02-11 14:35:00+00:00,2024-02-11 17:05:00+00:00,long,48102.98,48309.37,TP,0.9331,47.5864,2024
2024-02-11 18:50:00+00:00,2024-02-11 20:35:00+00:00,long,48310.76,48151.09,SL,-0.4759,47.1106,2024
2024-02-11 23:00:00+00:00,2024-02-11 23:25:00+00:00,short,48082.01,48180.0,SL,-0.4711,46.6395,2024
2024-02-12 03:30:00+00:00,2024-02-12 04:00:00+00:00,long,48216.97,48113.19,SL,-0.4664,46.1731,2024
2024-02-12 04:10:00+00:00,2024-02-12 05:25:00+00:00,short,48059.61,48170.0,SL,-0.4617,45.7113,2024
2024-02-12 06:40:00+00:00,2024-02-12 07:05:00+00:00,short,48068.29,48213.31,SL,-0.4571,45.2542,2024
2024-02-12 11:00:00+00:00,2024-02-12 12:25:00+00:00,short,47842.01,47940.0,SL,-0.4525,44.8017,2024
2024-02-12 13:30:00+00:00,2024-02-12 14:05:00+00:00,short,47906.54,48053.82,SL,-0.448,44.3537,2024
2024-02-12 17:30:00+00:00,2024-02-12 17:35:00+00:00,long,50234.0,49986.73,SL,-0.4435,43.9101,2024
2024-02-12 20:15:00+00:00,2024-02-12 20:45:00+00:00,long,49879.25,50100.01,TP,0.8782,44.7883,2024
2024-02-12 23:45:00+00:00,2024-02-13 01:00:00+00:00,long,49999.8,50199.99,TP,0.8958,45.6841,2024
2024-02-13 04:10:00+00:00,2024-02-13 06:10:00+00:00,long,49871.21,50072.45,TP,0.9137,46.5978,2024
2024-02-13 07:10:00+00:00,2024-02-13 07:35:00+00:00,long,50096.4,49969.23,SL,-0.466,46.1318,2024
2024-02-13 08:20:00+00:00,2024-02-13 10:45:00+00:00,long,50042.51,49914.29,SL,-0.4613,45.6705,2024
2024-02-13 11:40:00+00:00,2024-02-13 12:20:00+00:00,long,49979.36,49873.5,SL,-0.4567,45.2138,2024
2024-02-13 12:50:00+00:00,2024-02-13 13:05:00+00:00,short,49819.04,49919.0,SL,-0.4521,44.7616,2024
2024-02-13 13:25:00+00:00,2024-02-13 13:35:00+00:00,short,49757.12,49499.99,TP,0.8952,45.6569,2024
2024-02-13 17:00:00+00:00,2024-02-13 17:30:00+00:00,short,48499.99,48706.58,SL,-0.4566,45.2003,2024
2024-02-13 19:05:00+00:00,2024-02-13 19:25:00+00:00,short,49008.01,49167.23,SL,-0.452,44.7483,2024
2024-02-13 19:50:00+00:00,2024-02-13 20:05:00+00:00,short,49019.69,49181.51,SL,-0.4475,44.3008,2024
2024-02-13 23:35:00+00:00,2024-02-14 00:35:00+00:00,long,49556.0,49440.89,SL,-0.443,43.8578,2024
2024-02-14 02:05:00+00:00,2024-02-14 04:30:00+00:00,long,49475.98,49319.42,SL,-0.4386,43.4192,2024
2024-02-14 05:10:00+00:00,2024-02-14 07:00:00+00:00,long,49458.85,49689.26,TP,0.8684,44.2876,2024
2024-02-14 08:45:00+00:00,2024-02-14 08:50:00+00:00,long,49914.0,50223.38,TP,0.8858,45.1734,2024
2024-02-14 12:00:00+00:00,2024-02-14 12:05:00+00:00,long,51641.06,51510.58,SL,-0.4517,44.7216,2024
2024-02-14 12:25:00+00:00,2024-02-14 13:10:00+00:00,long,51652.0,51521.11,SL,-0.4472,44.2744,2024
2024-02-14 13:40:00+00:00,2024-02-14 14:00:00+00:00,long,51777.09,51665.22,SL,-0.4427,43.8317,2024
2024-02-14 14:45:00+00:00,2024-02-14 15:05:00+00:00,long,51832.43,51678.0,SL,-0.4383,43.3933,2024
2024-02-14 15:30:00+00:00,2024-02-14 15:40:00+00:00,long,51924.33,51724.85,SL,-0.4339,42.9594,2024
2024-02-14 16:45:00+00:00,2024-02-14 17:05:00+00:00,long,51657.96,51526.01,SL,-0.4296,42.5298,2024
2024-02-14 17:10:00+00:00,2024-02-14 17:30:00+00:00,long,51692.79,51572.46,SL,-0.4253,42.1045,2024
2024-02-14 17:45:00+00:00,2024-02-14 18:10:00+00:00,long,51596.24,51441.1,SL,-0.421,41.6835,2024
2024-02-14 19:35:00+00:00,2024-02-14 19:50:00+00:00,long,51426.24,51651.52,TP,0.8337,42.5171,2024
2024-02-14 21:50:00+00:00,2024-02-14 22:05:00+00:00,long,51754.14,51608.01,SL,-0.4252,42.092,2024
2024-02-15 00:05:00+00:00,2024-02-15 00:20:00+00:00,long,51863.11,52323.79,TP,0.8418,42.9338,2024
2024-02-15 02:15:00+00:00,2024-02-15 02:30:00+00:00,long,52151.11,52041.09,SL,-0.4293,42.5045,2024
2024-02-15 06:35:00+00:00,2024-02-15 07:40:00+00:00,long,51987.61,51727.99,SL,-0.425,42.0794,2024
2024-02-15 08:25:00+00:00,2024-02-15 09:15:00+00:00,long,51942.01,52173.19,TP,0.8416,42.921,2024
2024-02-15 10:40:00+00:00,2024-02-15 12:15:00+00:00,long,52290.26,52182.56,SL,-0.4292,42.4918,2024
2024-02-15 14:20:00+00:00,2024-02-15 14:30:00+00:00,long,52294.79,52763.99,TP,0.8498,43.3416,2024
2024-02-15 16:25:00+00:00,2024-02-15 17:30:00+00:00,long,52271.01,52159.99,SL,-0.4334,42.9082,2024
2024-02-15 17:35:00+00:00,2024-02-15 19:15:00+00:00,short,52054.0,51788.52,TP,0.8582,43.7664,2024
2024-02-15 20:15:00+00:00,2024-02-15 20:35:00+00:00,short,51687.12,51847.76,SL,-0.4377,43.3287,2024
2024-02-15 21:25:00+00:00,2024-02-15 21:55:00+00:00,short,51664.28,51327.27,TP,0.8666,44.1953,2024
2024-02-16 00:25:00+00:00,2024-02-16 00:40:00+00:00,short,51834.01,51966.67,SL,-0.442,43.7534,2024
2024-02-16 00:50:00+00:00,2024-02-16 03:10:00+00:00,long,51963.03,52271.12,TP,0.8751,44.6284,2024
2024-02-16 03:35:00+00:00,2024-02-16 04:45:00+00:00,long,52262.02,52153.99,SL,-0.4463,44.1821,2024
2024-02-16 06:25:00+00:00,2024-02-16 06:40:00+00:00,long,52159.99,52000.0,SL,-0.4418,43.7403,2024
2024-02-16 09:05:00+00:00,2024-02-16 09:15:00+00:00,short,51651.1,51798.29,SL,-0.4374,43.3029,2024
2024-02-16 12:55:00+00:00,2024-02-16 13:30:00+00:00,long,52383.44,52181.08,SL,-0.433,42.8699,2024
2024-02-16 17:05:00+00:00,2024-02-16 19:50:00+00:00,short,51941.11,51689.97,TP,0.8574,43.7273,2024
2024-02-16 22:20:00+00:00,2024-02-16 23:05:00+00:00,short,51912.59,52030.65,SL,-0.4373,43.29,2024
2024-02-17 02:10:00+00:00,2024-02-17 02:35:00+00:00,long,52009.0,51901.09,SL,-0.4329,42.8571,2024
2024-02-17 05:10:00+00:00,2024-02-17 08:45:00+00:00,short,51921.05,51706.11,TP,0.8571,43.7143,2024
2024-02-17 09:55:00+00:00,2024-02-17 13:25:00+00:00,short,51676.4,51381.75,TP,0.8743,44.5885,2024
2024-02-17 14:30:00+00:00,2024-02-17 14:45:00+00:00,short,50953.99,50683.95,TP,0.8918,45.4803,2024
2024-02-17 19:00:00+00:00,2024-02-17 19:15:00+00:00,short,51236.02,51411.09,SL,-0.4548,45.0255,2024
2024-02-17 19:55:00+00:00,2024-02-17 20:50:00+00:00,short,51394.43,51531.35,SL,-0.4503,44.5753,2024
2024-02-18 01:00:00+00:00,2024-02-18 01:40:00+00:00,long,51749.73,51593.38,SL,-0.4458,44.1295,2024
2024-02-18 07:15:00+00:00,2024-02-18 09:00:00+00:00,long,51628.0,51841.93,TP,0.8826,45.0121,2024
2024-02-18 11:55:00+00:00,2024-02-18 12:30:00+00:00,long,51832.01,51680.5,SL,-0.4501,44.562,2024
2024-02-18 16:55:00+00:00,2024-02-18 18:25:00+00:00,long,51835.57,51716.97,SL,-0.4456,44.1163,2024
2024-02-18 19:25:00+00:00,2024-02-18 20:05:00+00:00,long,51821.09,51704.0,SL,-0.4412,43.6752,2024
2024-02-18 20:45:00+00:00,2024-02-18 22:10:00+00:00,long,51758.46,52200.01,TP,0.8735,44.5487,2024
2024-02-19 00:35:00+00:00,2024-02-19 00:40:00+00:00,long,52350.37,52177.99,SL,-0.4455,44.1032,2024
2024-02-19 02:05:00+00:00,2024-02-19 03:35:00+00:00,long,52111.1,51994.03,SL,-0.441,43.6622,2024
2024-02-19 04:20:00+00:00,2024-02-19 05:35:00+00:00,long,52124.11,52000.0,SL,-0.4366,43.2255,2024
2024-02-19 05:55:00+00:00,2024-02-19 06:10:00+00:00,long,52130.42,52342.81,TP,0.8645,44.0901,2024
2024-02-19 09:25:00+00:00,2024-02-19 13:35:00+00:00,long,52302.99,52168.4,SL,-0.4409,43.6492,2024
2024-02-19 14:35:00+00:00,2024-02-19 14:40:00+00:00,long,52182.14,52072.01,SL,-0.4365,43.2127,2024
2024-02-19 15:50:00+00:00,2024-02-19 16:40:00+00:00,short,52085.91,52205.83,SL,-0.4321,42.7805,2024
2024-02-19 16:50:00+00:00,2024-02-19 17:25:00+00:00,short,51889.87,52104.53,SL,-0.4278,42.3527,2024
2024-02-19 18:45:00+00:00,2024-02-19 20:05:00+00:00,short,51997.99,51771.06,TP,0.8471,43.1998,2024
2024-02-19 21:35:00+00:00,2024-02-19 21:55:00+00:00,short,51769.45,51904.42,SL,-0.432,42.7678,2024
2024-02-19 23:00:00+00:00,2024-02-19 23:45:00+00:00,short,51950.17,51740.17,TP,0.8554,43.6231,2024
2024-02-20 03:50:00+00:00,2024-02-20 04:25:00+00:00,short,51625.96,51738.0,SL,-0.4362,43.1869,2024
2024-02-20 09:15:00+00:00,2024-02-20 09:50:00+00:00,short,51598.01,51739.82,SL,-0.4319,42.755,2024
2024-02-20 13:30:00+00:00,2024-02-20 13:35:00+00:00,long,52612.75,52899.99,TP,0.8551,43.6101,2024
2024-02-20 16:55:00+00:00,2024-02-20 17:15:00+00:00,short,51396.33,51164.0,TP,0.8722,44.4823,2024
2024-02-20 22:40:00+00:00,2024-02-21 00:50:00+00:00,long,52257.72,52145.39,SL,-0.4448,44.0375,2024
2024-02-21 02:30:00+00:00,2024-02-21 03:55:00+00:00,long,52117.99,52001.99,SL,-0.4404,43.5971,2024
2024-02-21 05:35:00+00:00,2024-02-21 07:00:00+00:00,short,51866.85,51635.0,TP,0.8719,44.4691,2024
2024-02-21 07:45:00+00:00,2024-02-21 08:25:00+00:00,short,51584.4,51767.87,SL,-0.4447,44.0244,2024
2024-02-21 09:10:00+00:00,2024-02-21 09:40:00+00:00,short,51527.51,51261.37,TP,0.8805,44.9049,2024
2024-02-21 11:30:00+00:00,2024-02-21 12:15:00+00:00,short,51050.01,51193.36,SL,-0.449,44.4558,2024
2024-02-21 13:25:00+00:00,2024-02-21 15:20:00+00:00,short,51096.62,51271.8,SL,-0.4446,44.0113,2024
2024-02-21 16:30:00+00:00,2024-02-21 16:40:00+00:00,short,51123.7,51273.09,SL,-0.4401,43.5712,2024
2024-02-21 17:25:00+00:00,2024-02-21 17:40:00+00:00,short,51203.84,50946.0,TP,0.8714,44.4426,2024
2024-02-21 20:45:00+00:00,2024-02-21 21:00:00+00:00,short,50890.02,50997.6,SL,-0.4444,43.9982,2024
2024-02-22 02:20:00+00:00,2024-02-22 03:45:00+00:00,long,51419.29,51631.73,TP,0.88,44.8781,2024
2024-02-22 05:25:00+00:00,2024-02-22 05:50:00+00:00,long,51620.87,51488.37,SL,-0.4488,44.4293,2024
2024-02-22 06:05:00+00:00,2024-02-22 07:15:00+00:00,long,51579.86,51859.26,TP,0.8886,45.3179,2024
2024-02-22 09:45:00+00:00,2024-02-22 10:30:00+00:00,long,51963.35,51849.99,SL,-0.4532,44.8648,2024
2024-02-22 12:05:00+00:00,2024-02-22 12:35:00+00:00,long,51684.01,51499.99,SL,-0.4486,44.4161,2024
2024-02-22 16:25:00+00:00,2024-02-22 16:30:00+00:00,short,51444.61,51552.07,SL,-0.4442,43.9719,2024
2024-02-22 17:30:00+00:00,2024-02-22 19:35:00+00:00,long,51631.09,51505.85,SL,-0.4397,43.5322,2024
2024-02-22 20:15:00+00:00,2024-02-22 20:25:00+00:00,long,51659.56,51915.19,TP,0.8706,44.4029,2024
2024-02-23 01:50:00+00:00,2024-02-23 02:55:00+00:00,short,51371.13,51096.39,TP,0.8881,45.2909,2024
2024-02-23 05:40:00+00:00,2024-02-23 06:05:00+00:00,short,51157.98,51267.99,SL,-0.4529,44.838,2024
2024-02-23 07:10:00+00:00,2024-02-23 07:45:00+00:00,short,51249.85,50903.0,TP,0.8968,45.7348,2024
2024-02-23 08:30:00+00:00,2024-02-23 10:20:00+00:00,short,50981.1,51119.93,SL,-0.4573,45.2774,2024
2024-02-23 12:00:00+00:00,2024-02-23 14:35:00+00:00,short,51121.09,50891.44,TP,0.9055,46.183,2024
2024-02-23 14:40:00+00:00,2024-02-23 14:50:00+00:00,short,50916.01,51100.61,SL,-0.4618,45.7211,2024
2024-02-23 15:05:00+00:00,2024-02-23 16:10:00+00:00,short,50990.42,50695.15,TP,0.9144,46.6356,2024
2024-02-23 18:10:00+00:00,2024-02-23 18:20:00+00:00,short,51011.09,51131.1,SL,-0.4664,46.1692,2024
2024-02-23 18:25:00+00:00,2024-02-23 19:05:00+00:00,long,51153.95,51039.95,SL,-0.4617,45.7075,2024
2024-02-23 19:35:00+00:00,2024-02-23 20:15:00+00:00,long,51185.02,51075.38,SL,-0.4571,45.2504,2024
2024-02-23 21:55:00+00:00,2024-02-23 23:00:00+00:00,short,50986.12,50719.2,TP,0.905,46.1555,2024
2024-02-24 01:15:00+00:00,2024-02-24 04:10:00+00:00,short,50769.47,50892.1,SL,-0.4616,45.6939,2024
2024-02-24 05:20:00+00:00,2024-02-24 17:00:00+00:00,long,51031.5,51249.99,TP,0.9139,46.6078,2024
2024-02-24 19:50:00+00:00,2024-02-24 20:05:00+00:00,long,51604.15,51499.99,SL,-0.4661,46.1417,2024
2024-02-24 21:50:00+00:00,2024-02-25 00:30:00+00:00,long,51579.35,51456.73,SL,-0.4614,45.6803,2024
2024-02-25 01:00:00+00:00,2024-02-25 02:05:00+00:00,long,51542.52,51824.58,TP,0.9136,46.5939,2024
2024-02-25 03:55:00+00:00,2024-02-25 15:45:00+00:00,long,51624.99,51499.01,SL,-0.4659,46.128,2024
2024-02-25 19:20:00+00:00,2024-02-25 19:25:00+00:00,short,51525.99,51659.58,SL,-0.4613,45.6667,2024
2024-02-25 22:15:00+00:00,2024-02-25 22:55:00+00:00,long,51816.65,51702.01,SL,-0.4567,45.21,2024
2024-02-26 00:30:00+00:00,2024-02-26 01:05:00+00:00,long,51769.4,51665.6,SL,-0.4521,44.7579,2024
2024-02-26 05:25:00+00:00,2024-02-26 05:40:00+00:00,short,51445.36,51570.56,SL,-0.4476,44.3103,2024
2024-02-26 06:15:00+00:00,2024-02-26 07:55:00+00:00,short,51517.17,51293.26,TP,0.8862,45.1965,2024
2024-02-26 08:50:00+00:00,2024-02-26 09:25:00+00:00,short,51280.04,51054.01,TP,0.9039,46.1005,2024
2024-02-26 11:35:00+00:00,2024-02-26 12:45:00+00:00,short,51086.47,51197.01,SL,-0.461,45.6395,2024
2024-02-26 13:50:00+00:00,2024-02-26 14:25:00+00:00,short,51254.59,51362.0,SL,-0.4564,45.1831,2024
2024-02-26 19:15:00+00:00,2024-02-26 19:20:00+00:00,long,54096.0,54382.2,TP,0.9037,46.0867,2024
2024-02-27 00:10:00+00:00,2024-02-27 00:15:00+00:00,long,54606.81,54484.33,SL,-0.4609,45.6259,2024
2024-02-27 00:25:00+00:00,2024-02-27 00:35:00+00:00,long,54592.83,54471.1,SL,-0.4563,45.1696,2024
2024-02-27 01:00:00+00:00,2024-02-27 01:35:00+00:00,long,54571.2,54789.98,TP,0.9034,46.073,2024
2024-02-27 05:40:00+00:00,2024-02-27 06:35:00+00:00,long,56086.01,56384.74,TP,0.9215,46.9944,2024
2024-02-27 08:10:00+00:00,2024-02-27 09:30:00+00:00,long,56308.66,56562.63,TP,0.9399,47.9343,2024
2024-02-27 12:05:00+00:00,2024-02-27 12:20:00+00:00,long,56633.4,56871.78,TP,0.9587,48.893,2024
2024-02-27 13:15:00+00:00,2024-02-27 13:20:00+00:00,long,57174.52,56895.59,SL,-0.4889,48.4041,2024
2024-02-27 14:35:00+00:00,2024-02-27 14:40:00+00:00,long,57304.73,56865.85,SL,-0.484,47.9201,2024
2024-02-27 15:00:00+00:00,2024-02-27 15:05:00+00:00,long,57099.99,56851.1,SL,-0.4792,47.4409,2024
2024-02-27 15:15:00+00:00,2024-02-27 15:40:00+00:00,long,57154.35,56943.99,SL,-0.4744,46.9664,2024
2024-02-27 16:35:00+00:00,2024-02-27 17:35:00+00:00,long,56987.18,56728.72,SL,-0.4697,46.4968,2024
2024-02-27 18:25:00+00:00,2024-02-27 19:30:00+00:00,long,56986.62,57222.13,TP,0.9299,47.4267,2024
2024-02-27 22:15:00+00:00,2024-02-27 23:15:00+00:00,long,56815.55,57064.0,TP,0.9485,48.3752,2024
2024-02-28 02:25:00+00:00,2024-02-28 04:50:00+00:00,long,56918.49,57213.26,TP,0.9675,49.3428,2024
2024-02-28 07:05:00+00:00,2024-02-28 07:30:00+00:00,long,57234.99,57495.0,TP,0.9869,50.3296,2024
2024-02-28 12:30:00+00:00,2024-02-28 13:05:00+00:00,long,59357.99,59792.72,TP,1.0066,51.3362,2024
2024-02-28 14:55:00+00:00,2024-02-28 15:00:00+00:00,long,60971.11,60780.89,SL,-0.5134,50.8228,2024
2024-02-28 16:30:00+00:00,2024-02-28 16:50:00+00:00,long,61723.01,62031.52,TP,1.0165,51.8393,2024
2024-02-28 18:55:00+00:00,2024-02-28 19:00:00+00:00,long,61101.99,61401.95,TP,1.0368,52.8761,2024
2024-02-28 21:15:00+00:00,2024-02-28 22:00:00+00:00,long,60321.41,60743.2,TP,1.0575,53.9336,2024
2024-02-29 02:00:00+00:00,2024-02-29 02:10:00+00:00,long,61472.7,61329.58,SL,-0.5393,53.3943,2024
2024-02-29 02:30:00+00:00,2024-02-29 02:45:00+00:00,long,61358.85,61609.97,TP,1.0679,54.4622,2024
2024-02-29 03:50:00+00:00,2024-02-29 04:20:00+00:00,long,61501.1,61757.99,TP,1.0892,55.5514,2024
2024-02-29 05:50:00+00:00,2024-02-29 06:00:00+00:00,long,62436.23,62879.71,TP,1.111,56.6624,2024
2024-02-29 09:05:00+00:00,2024-02-29 09:10:00+00:00,long,62897.97,62749.99,SL,-0.5666,56.0958,2024
2024-02-29 09:55:00+00:00,2024-02-29 10:00:00+00:00,long,62686.39,62544.34,SL,-0.561,55.5348,2024
2024-02-29 10:40:00+00:00,2024-02-29 11:05:00+00:00,long,62522.4,62891.09,TP,1.1107,56.6455,2024
2024-02-29 13:10:00+00:00,2024-02-29 13:20:00+00:00,long,62770.08,62417.1,SL,-0.5665,56.0791,2024
2024-02-29 13:35:00+00:00,2024-02-29 14:05:00+00:00,long,62786.09,63109.02,TP,1.1216,57.2007,2024
2024-02-29 15:25:00+00:00,2024-02-29 15:40:00+00:00,long,63183.64,62984.23,SL,-0.572,56.6287,2024
2024-02-29 18:30:00+00:00,2024-02-29 19:10:00+00:00,short,60688.35,60844.55,SL,-0.5663,56.0624,2024
2024-02-29 21:00:00+00:00,2024-02-29 21:05:00+00:00,short,61633.54,61115.42,TP,1.1212,57.1836,2024
2024-02-29 22:15:00+00:00,2024-02-29 22:30:00+00:00,short,61097.68,61245.86,SL,-0.5718,56.6118,2024
2024-02-29 22:35:00+00:00,2024-02-29 22:40:00+00:00,short,60989.97,60688.34,TP,1.1322,57.744,2024
2024-03-01 00:00:00+00:00,2024-03-01 00:05:00+00:00,short,61129.92,61297.55,SL,-0.5774,57.1666,2024
2024-03-01 01:05:00+00:00,2024-03-01 01:20:00+00:00,short,61311.09,61526.21,SL,-0.5717,56.5949,2024
2024-03-01 03:25:00+00:00,2024-03-01 03:40:00+00:00,short,60791.76,61003.64,SL,-0.5659,56.029,2024
2024-03-01 05:30:00+00:00,2024-03-01 06:15:00+00:00,short,61412.31,61740.0,SL,-0.5603,55.4687,2024
2024-03-01 07:05:00+00:00,2024-03-01 07:25:00+00:00,long,61662.01,61486.08,SL,-0.5547,54.914,2024
2024-03-01 08:15:00+00:00,2024-03-01 08:35:00+00:00,long,61809.95,62106.82,TP,1.0983,56.0123,2024
2024-03-01 12:10:00+00:00,2024-03-01 12:35:00+00:00,long,62010.2,62354.68,TP,1.1202,57.1325,2024
2024-03-01 20:20:00+00:00,2024-03-01 20:50:00+00:00,long,62384.37,62771.75,TP,1.1426,58.2752,2024
2024-03-01 21:10:00+00:00,2024-03-01 21:15:00+00:00,long,62721.76,62582.94,SL,-0.5828,57.6924,2024
2024-03-01 21:20:00+00:00,2024-03-01 21:50:00+00:00,long,62707.3,62580.63,SL,-0.5769,57.1155,2024
2024-03-01 23:10:00+00:00,2024-03-01 23:35:00+00:00,long,62661.08,62413.47,SL,-0.5712,56.5443,2024
2024-03-02 01:40:00+00:00,2024-03-02 02:00:00+00:00,long,62136.69,61987.91,SL,-0.5654,55.9789,2024
2024-03-02 06:55:00+00:00,2024-03-02 08:40:00+00:00,short,61946.0,62073.46,SL,-0.5598,55.4191,2024
2024-03-02 09:15:00+00:00,2024-03-02 10:15:00+00:00,short,61844.32,61995.91,SL,-0.5542,54.8649,2024
2024-03-02 10:50:00+00:00,2024-03-02 11:00:00+00:00,short,61847.99,62017.96,SL,-0.5486,54.3163,2024
2024-03-02 11:20:00+00:00,2024-03-02 12:25:00+00:00,short,61867.15,62011.48,SL,-0.5432,53.7731,2024
2024-03-02 13:10:00+00:00,2024-03-02 14:00:00+00:00,short,61953.5,61635.45,TP,1.0755,54.8486,2024
2024-03-02 15:50:00+00:00,2024-03-02 17:30:00+00:00,short,61748.52,61911.75,SL,-0.5485,54.3001,2024
2024-03-02 17:55:00+00:00,2024-03-02 18:15:00+00:00,short,61761.11,61924.47,SL,-0.543,53.7571,2024
2024-03-02 21:15:00+00:00,2024-03-02 21:50:00+00:00,long,61978.29,61848.01,SL,-0.5376,53.2195,2024
2024-03-02 22:20:00+00:00,2024-03-02 23:15:00+00:00,short,61821.1,62010.0,SL,-0.5322,52.6873,2024
2024-03-03 00:05:00+00:00,2024-03-03 04:05:00+00:00,short,61876.45,62011.09,SL,-0.5269,52.1604,2024
2024-03-03 06:25:00+00:00,2024-03-03 06:50:00+00:00,long,62006.01,61865.01,SL,-0.5216,51.6388,2024
2024-03-03 10:00:00+00:00,2024-03-03 10:35:00+00:00,short,61652.19,61790.0,SL,-0.5164,51.1224,2024
2024-03-03 10:50:00+00:00,2024-03-03 11:50:00+00:00,short,61690.0,61816.9,SL,-0.5112,50.6112,2024
2024-03-03 16:10:00+00:00,2024-03-03 16:35:00+00:00,long,62282.47,62538.6,TP,1.0122,51.6234,2024
2024-03-03 18:55:00+00:00,2024-03-03 19:50:00+00:00,long,62811.1,62677.63,SL,-0.5162,51.1072,2024
2024-03-03 20:30:00+00:00,2024-03-03 21:10:00+00:00,long,62835.76,62652.03,SL,-0.5111,50.5961,2024
2024-03-03 21:40:00+00:00,2024-03-03 22:20:00+00:00,long,62778.01,63165.98,TP,1.0119,51.6081,2024
2024-03-03 23:50:00+00:00,2024-03-04 00:15:00+00:00,long,63072.22,63432.97,TP,1.0322,52.6402,2024
2024-03-04 00:45:00+00:00,2024-03-04 00:50:00+00:00,short,62404.92,63260.01,SL,-0.5264,52.1138,2024
2024-03-04 01:25:00+00:00,2024-03-04 01:45:00+00:00,long,63816.79,63548.83,SL,-0.5211,51.5927,2024
2024-03-04 02:35:00+00:00,2024-03-04 02:50:00+00:00,long,63866.13,63737.33,SL,-0.5159,51.0768,2024
2024-03-04 04:30:00+00:00,2024-03-04 04:45:00+00:00,long,63734.8,63565.77,SL,-0.5108,50.566,2024
2024-03-04 06:10:00+00:00,2024-03-04 07:30:00+00:00,long,63500.0,63774.99,TP,1.0113,51.5773,2024
2024-03-04 11:55:00+00:00,2024-03-04 12:05:00+00:00,long,65230.0,65080.0,SL,-0.5158,51.0615,2024
2024-03-04 12:55:00+00:00,2024-03-04 13:30:00+00:00,long,65123.7,65412.84,TP,1.0212,52.0828,2024
2024-03-04 14:30:00+00:00,2024-03-04 14:35:00+00:00,long,65564.75,65901.1,TP,1.0417,53.1244,2024
2024-03-04 15:55:00+00:00,2024-03-04 16:10:00+00:00,long,66451.65,66758.65,TP,1.0625,54.1869,2024
2024-03-04 17:20:00+00:00,2024-03-04 17:25:00+00:00,long,66874.22,67314.43,TP,1.0837,55.2706,2024
2024-03-04 19:20:00+00:00,2024-03-04 19:30:00+00:00,long,66804.21,67127.01,TP,1.1054,56.3761,2024
2024-03-04 22:00:00+00:00,2024-03-04 22:20:00+00:00,long,67619.1,67317.72,SL,-0.5638,55.8123,2024
2024-03-04 22:35:00+00:00,2024-03-04 22:55:00+00:00,long,67529.26,67929.11,TP,1.1162,56.9285,2024
2024-03-05 00:00:00+00:00,2024-03-05 00:20:00+00:00,long,68272.85,68096.16,SL,-0.5693,56.3593,2024
2024-03-05 01:10:00+00:00,2024-03-05 01:50:00+00:00,long,68337.4,68656.28,TP,1.1272,57.4864,2024
2024-03-05 03:40:00+00:00,2024-03-05 04:10:00+00:00,long,68179.26,67793.52,SL,-0.5749,56.9116,2024
2024-03-05 07:25:00+00:00,2024-03-05 07:35:00+00:00,short,66861.19,66572.6,TP,1.1382,58.0498,2024
2024-03-05 09:40:00+00:00,2024-03-05 10:00:00+00:00,short,66368.07,66554.62,SL,-0.5805,57.4693,2024
2024-03-05 11:10:00+00:00,2024-03-05 12:10:00+00:00,short,66708.71,67029.7,SL,-0.5747,56.8946,2024
2024-03-05 14:40:00+00:00,2024-03-05 14:50:00+00:00,long,68360.96,68731.0,TP,1.1379,58.0325,2024
2024-03-05 18:50:00+00:00,2024-03-05 18:55:00+00:00,short,63720.31,63988.37,SL,-0.5803,57.4522,2024
2024-03-05 22:20:00+00:00,2024-03-05 22:25:00+00:00,short,62496.2,63155.69,SL,-0.5745,56.8777,2024
2024-03-06 00:05:00+00:00,2024-03-06 00:15:00+00:00,short,63660.56,63903.38,SL,-0.5688,56.3089,2024
2024-03-06 00:35:00+00:00,2024-03-06 00:45:00+00:00,short,63895.72,63621.99,TP,1.1262,57.4351,2024
2024-03-06 02:25:00+00:00,2024-03-06 02:35:00+00:00,short,63152.3,63328.69,SL,-0.5744,56.8607,2024
2024-03-06 02:50:00+00:00,2024-03-06 03:15:00+00:00,short,62942.01,63137.99,SL,-0.5686,56.2921,2024
2024-03-06 08:00:00+00:00,2024-03-06 08:10:00+00:00,long,66735.21,67301.3,TP,1.1258,57.4179,2024
2024-03-06 10:55:00+00:00,2024-03-06 11:20:00+00:00,long,66660.36,67051.47,TP,1.1484,58.5663,2024
2024-03-06 13:35:00+00:00,2024-03-06 13:40:00+00:00,long,66243.74,65902.96,SL,-0.5857,57.9806,2024
2024-03-06 13:45:00+00:00,2024-03-06 13:50:00+00:00,long,66200.0,66616.79,TP,1.1596,59.1403,2024
2024-03-06 15:30:00+00:00,2024-03-06 15:45:00+00:00,long,66627.28,66268.6,SL,-0.5914,58.5489,2024
2024-03-06 16:50:00+00:00,2024-03-06 16:55:00+00:00,long,66774.31,67086.0,TP,1.171,59.7198,2024
2024-03-06 17:45:00+00:00,2024-03-06 17:55:00+00:00,long,67053.5,67324.84,TP,1.1944,60.9142,2024
2024-03-06 18:20:00+00:00,2024-03-06 18:30:00+00:00,long,67199.99,66783.15,SL,-0.6091,60.3051,2024
2024-03-06 19:25:00+00:00,2024-03-06 19:30:00+00:00,long,67175.0,66918.87,SL,-0.6031,59.702,2024
2024-03-06 20:10:00+00:00,2024-03-06 20:25:00+00:00,long,67150.18,66916.84,SL,-0.597,59.105,2024
2024-03-06 20:50:00+00:00,2024-03-06 20:55:00+00:00,long,67152.58,66888.24,SL,-0.591,58.514,2024
2024-03-07 01:05:00+00:00,2024-03-07 01:10:00+00:00,short,65633.41,65796.02,SL,-0.5851,57.9288,2024
2024-03-07 02:30:00+00:00,2024-03-07 03:05:00+00:00,short,66030.0,66196.58,SL,-0.5793,57.3495,2024
2024-03-07 03:35:00+00:00,2024-03-07 04:25:00+00:00,short,65940.0,66138.37,SL,-0.5735,56.776,2024
2024-03-07 04:50:00+00:00,2024-03-07 05:10:00+00:00,short,65867.6,66038.35,SL,-0.5678,56.2083,2024
2024-03-07 05:40:00+00:00,2024-03-07 06:00:00+00:00,short,65737.99,65902.0,SL,-0.5621,55.6462,2024
2024-03-07 06:55:00+00:00,2024-03-07 07:15:00+00:00,short,65871.97,66009.99,SL,-0.5565,55.0897,2024
2024-03-07 11:00:00+00:00,2024-03-07 11:15:00+00:00,long,67036.16,66644.78,SL,-0.5509,54.5388,2024
2024-03-07 12:00:00+00:00,2024-03-07 12:20:00+00:00,long,67050.0,66873.27,SL,-0.5454,53.9935,2024
2024-03-07 13:30:00+00:00,2024-03-07 14:25:00+00:00,long,66887.99,67249.59,TP,1.0799,55.0733,2024
2024-03-07 15:45:00+00:00,2024-03-07 16:10:00+00:00,long,67380.0,67091.99,SL,-0.5507,54.5226,2024
2024-03-07 16:20:00+00:00,2024-03-07 16:35:00+00:00,long,67361.68,67110.0,SL,-0.5452,53.9774,2024
2024-03-07 17:00:00+00:00,2024-03-07 17:05:00+00:00,long,67393.66,67664.65,TP,1.0795,55.0569,2024
2024-03-07 20:05:00+00:00,2024-03-07 21:00:00+00:00,long,67577.88,67382.27,SL,-0.5506,54.5063,2024
2024-03-07 22:05:00+00:00,2024-03-07 22:35:00+00:00,long,67419.99,67236.85,SL,-0.5451,53.9613,2024
2024-03-07 22:40:00+00:00,2024-03-07 22:45:00+00:00,short,67056.49,67209.44,SL,-0.5396,53.4217,2024
2024-03-08 02:00:00+00:00,2024-03-08 02:50:00+00:00,short,66907.6,67073.46,SL,-0.5342,52.8874,2024
2024-03-08 10:15:00+00:00,2024-03-08 11:40:00+00:00,long,67245.67,67525.18,TP,1.0577,53.9452,2024
2024-03-08 13:40:00+00:00,2024-03-08 14:15:00+00:00,long,67652.97,67951.02,TP,1.0789,55.0241,2024
2024-03-08 16:50:00+00:00,2024-03-08 17:25:00+00:00,long,67794.0,68253.62,TP,1.1005,56.1246,2024
2024-03-08 19:55:00+00:00,2024-03-08 20:00:00+00:00,long,68863.99,69334.8,TP,1.1225,57.2471,2024
2024-03-08 23:10:00+00:00,2024-03-08 23:35:00+00:00,long,68238.0,68078.15,SL,-0.5725,56.6746,2024
2024-03-09 01:10:00+00:00,2024-03-09 01:25:00+00:00,short,67921.1,68100.0,SL,-0.5667,56.1079,2024
2024-03-09 01:55:00+00:00,2024-03-09 02:25:00+00:00,short,67910.95,68074.34,SL,-0.5611,55.5468,2024
2024-03-09 04:35:00+00:00,2024-03-09 10:20:00+00:00,long,68285.17,68100.01,SL,-0.5555,54.9913,2024
2024-03-09 10:50:00+00:00,2024-03-09 12:55:00+00:00,long,68197.92,68475.18,TP,1.0998,56.0911,2024
2024-03-09 15:25:00+00:00,2024-03-09 16:25:00+00:00,long,68272.72,68133.51,SL,-0.5609,55.5302,2024
2024-03-09 17:10:00+00:00,2024-03-09 17:35:00+00:00,short,68031.91,68181.38,SL,-0.5553,54.9749,2024
2024-03-09 20:05:00+00:00,2024-03-10 01:00:00+00:00,long,68307.91,68606.01,TP,1.0995,56.0744,2024
2024-03-10 03:55:00+00:00,2024-03-10 04:10:00+00:00,long,69136.79,69479.08,TP,1.1215,57.1959,2024
2024-03-10 07:00:00+00:00,2024-03-10 09:40:00+00:00,long,69361.4,69735.33,TP,1.1439,58.3398,2024
2024-03-10 09:45:00+00:00,2024-03-10 11:30:00+00:00,long,69739.99,69435.06,SL,-0.5834,57.7564,2024
2024-03-10 12:20:00+00:00,2024-03-10 12:35:00+00:00,long,69759.99,69558.32,SL,-0.5776,57.1789,2024
2024-03-10 12:45:00+00:00,2024-03-10 13:25:00+00:00,long,69761.09,69578.19,SL,-0.5718,56.6071,2024
2024-03-10 15:00:00+00:00,2024-03-10 15:10:00+00:00,long,69378.78,69098.92,SL,-0.5661,56.041,2024
2024-03-10 19:25:00+00:00,2024-03-10 21:25:00+00:00,long,69325.06,69128.65,SL,-0.5604,55.4806,2024
2024-03-11 00:25:00+00:00,2024-03-11 00:40:00+00:00,short,68560.74,68218.02,TP,1.1096,56.5902,2024
2024-03-11 04:35:00+00:00,2024-03-11 05:00:00+00:00,short,68561.1,68726.7,SL,-0.5659,56.0243,2024
2024-03-11 05:25:00+00:00,2024-03-11 06:50:00+00:00,short,68657.04,69007.98,SL,-0.5602,55.4641,2024
2024-03-11 11:45:00+00:00,2024-03-11 11:50:00+00:00,long,72192.2,71500.0,SL,-0.5546,54.9094,2024
2024-03-11 12:30:00+00:00,2024-03-11 12:45:00+00:00,long,72014.25,71841.1,SL,-0.5491,54.3603,2024
2024-03-11 13:15:00+00:00,2024-03-11 13:40:00+00:00,long,72090.01,71856.0,SL,-0.5436,53.8167,2024
2024-03-11 14:15:00+00:00,2024-03-11 14:20:00+00:00,long,72246.2,72029.4,SL,-0.5382,53.2786,2024
2024-03-11 14:55:00+00:00,2024-03-11 15:10:00+00:00,long,72170.68,72464.58,TP,1.0656,54.3441,2024
2024-03-11 16:25:00+00:00,2024-03-11 17:05:00+00:00,long,72454.63,72276.21,SL,-0.5434,53.8007,2024
2024-03-11 19:00:00+00:00,2024-03-11 19:30:00+00:00,long,72554.78,72364.0,SL,-0.538,53.2627,2024
2024-03-11 20:35:00+00:00,2024-03-11 21:55:00+00:00,long,72166.45,72517.32,TP,1.0653,54.3279,2024
2024-03-12 00:30:00+00:00,2024-03-12 00:50:00+00:00,long,72265.66,72071.93,SL,-0.5433,53.7847,2024
2024-03-12 01:10:00+00:00,2024-03-12 03:05:00+00:00,long,72252.0,72050.59,SL,-0.5378,53.2468,2024
2024-03-12 04:15:00+00:00,2024-03-12 04:55:00+00:00,long,71958.36,71809.3,SL,-0.5325,52.7143,2024
2024-03-12 06:10:00+00:00,2024-03-12 06:50:00+00:00,short,71762.14,72175.95,SL,-0.5271,52.1872,2024
2024-03-12 09:10:00+00:00,2024-03-12 10:20:00+00:00,long,71886.73,71680.92,SL,-0.5219,51.6653,2024
2024-03-12 10:45:00+00:00,2024-03-12 11:20:00+00:00,long,71972.41,72341.1,TP,1.0333,52.6986,2024
2024-03-12 12:50:00+00:00,2024-03-12 13:35:00+00:00,long,72066.53,71825.1,SL,-0.527,52.1716,2024
2024-03-12 13:55:00+00:00,2024-03-12 14:05:00+00:00,long,72293.8,72063.98,SL,-0.5217,51.6499,2024
2024-03-12 14:10:00+00:00,2024-03-12 14:20:00+00:00,short,71765.92,72029.0,SL,-0.5165,51.1334,2024
2024-03-12 15:20:00+00:00,2024-03-12 15:40:00+00:00,long,72063.34,71896.0,SL,-0.5113,50.6221,2024
2024-03-12 15:55:00+00:00,2024-03-12 16:15:00+00:00,short,71703.41,71274.75,TP,1.0124,51.6345,2024
2024-03-12 19:50:00+00:00,2024-03-12 20:25:00+00:00,short,71331.95,70918.3,TP,1.0327,52.6672,2024
2024-03-13 00:15:00+00:00,2024-03-13 00:45:00+00:00,short,71373.72,71648.01,SL,-0.5267,52.1406,2024
2024-03-13 01:25:00+00:00,2024-03-13 03:15:00+00:00,long,71804.61,72095.69,TP,1.0428,53.1834,2024
2024-03-13 04:40:00+00:00,2024-03-13 06:30:00+00:00,long,72185.58,72507.72,TP,1.0637,54.247,2024
2024-03-13 08:10:00+00:00,2024-03-13 08:25:00+00:00,long,73190.02,73487.71,TP,1.0849,55.332,2024
2024-03-13 09:10:00+00:00,2024-03-13 09:15:00+00:00,long,73607.8,73440.11,SL,-0.5533,54.7787,2024
2024-03-13 11:10:00+00:00,2024-03-13 11:20:00+00:00,long,73459.66,73295.49,SL,-0.5478,54.2309,2024
2024-03-13 13:10:00+00:00,2024-03-13 13:20:00+00:00,long,72913.98,72763.87,SL,-0.5423,53.6886,2024
2024-03-13 14:10:00+00:00,2024-03-13 14:30:00+00:00,long,72673.6,72416.62,SL,-0.5369,53.1517,2024
2024-03-13 16:05:00+00:00,2024-03-13 16:20:00+00:00,short,72430.92,72639.92,SL,-0.5315,52.6202,2024
2024-03-13 16:25:00+00:00,2024-03-13 17:00:00+00:00,long,72721.11,73040.01,TP,1.0524,53.6726,2024
2024-03-13 18:30:00+00:00,2024-03-13 19:20:00+00:00,long,73136.13,72908.34,SL,-0.5367,53.1358,2024
2024-03-13 19:55:00+00:00,2024-03-13 20:00:00+00:00,long,73349.24,73154.74,SL,-0.5314,52.6045,2024
2024-03-13 21:55:00+00:00,2024-03-13 22:25:00+00:00,long,73240.2,73035.06,SL,-0.526,52.0784,2024
2024-03-13 23:10:00+00:00,2024-03-13 23:25:00+00:00,long,73108.66,72956.0,SL,-0.5208,51.5576,2024
2024-03-13 23:35:00+00:00,2024-03-14 00:45:00+00:00,long,73008.15,72841.11,SL,-0.5156,51.0421,2024
2024-03-14 01:50:00+00:00,2024-03-14 03:20:00+00:00,long,72870.0,73228.25,TP,1.0208,52.0629,2024
2024-03-14 05:45:00+00:00,2024-03-14 06:15:00+00:00,long,73113.36,73420.0,TP,1.0413,53.1042,2024
2024-03-14 08:20:00+00:00,2024-03-14 08:55:00+00:00,long,73472.25,73321.11,SL,-0.531,52.5731,2024
2024-03-14 09:10:00+00:00,2024-03-14 09:35:00+00:00,long,73456.89,73265.48,SL,-0.5257,52.0474,2024
2024-03-14 12:30:00+00:00,2024-03-14 12:55:00+00:00,short,72667.97,72829.93,SL,-0.5205,51.5269,2024
2024-03-14 13:15:00+00:00,2024-03-14 13:30:00+00:00,short,72621.12,72264.75,TP,1.0305,52.5575,2024
2024-03-14 14:40:00+00:00,2024-03-14 14:45:00+00:00,short,71794.47,71480.74,TP,1.0512,53.6086,2024
2024-03-14 15:20:00+00:00,2024-03-14 15:25:00+00:00,short,71346.25,70843.78,TP,1.0722,54.6808,2024
2024-03-14 18:05:00+00:00,2024-03-14 18:15:00+00:00,short,70647.82,70321.11,TP,1.0936,55.7744,2024
2024-03-14 23:00:00+00:00,2024-03-14 23:10:00+00:00,short,71466.16,71700.01,SL,-0.5577,55.2167,2024
2024-03-15 00:25:00+00:00,2024-03-15 00:30:00+00:00,long,72089.0,72404.0,TP,1.1043,56.321,2024
2024-03-15 04:40:00+00:00,2024-03-15 04:45:00+00:00,short,66995.92,67508.0,SL,-0.5632,55.7578,2024
2024-03-15 08:05:00+00:00,2024-03-15 08:20:00+00:00,short,68401.0,67898.85,TP,1.1152,56.8729,2024
2024-03-15 10:55:00+00:00,2024-03-15 11:05:00+00:00,short,67250.78,66887.27,TP,1.1375,58.0104,2024
2024-03-15 13:20:00+00:00,2024-03-15 13:35:00+00:00,short,67749.99,68229.4,SL,-0.5801,57.4303,2024
2024-03-15 14:10:00+00:00,2024-03-15 14:20:00+00:00,short,67967.99,68278.32,SL,-0.5743,56.856,2024
2024-03-15 15:20:00+00:00,2024-03-15 16:00:00+00:00,short,68309.19,67989.18,TP,1.1371,57.9931,2024
2024-03-15 17:00:00+00:00,2024-03-15 17:05:00+00:00,short,67692.08,67839.83,SL,-0.5799,57.4132,2024
2024-03-16 03:10:00+00:00,2024-03-16 04:00:00+00:00,long,69312.97,69056.72,SL,-0.5741,56.839,2024
2024-03-16 04:20:00+00:00,2024-03-16 04:30:00+00:00,long,69295.15,68941.28,SL,-0.5684,56.2707,2024
2024-03-16 05:35:00+00:00,2024-03-16 07:20:00+00:00,long,68992.0,69321.1,TP,1.1254,57.3961,2024
2024-03-16 12:50:00+00:00,2024-03-16 13:00:00+00:00,short,67900.22,68121.19,SL,-0.574,56.8221,2024
2024-03-16 13:55:00+00:00,2024-03-16 14:10:00+00:00,short,67704.31,67958.22,SL,-0.5682,56.2539,2024
2024-03-16 16:35:00+00:00,2024-03-16 17:25:00+00:00,short,68299.99,67810.0,TP,1.1251,57.379,2024
2024-03-16 19:55:00+00:00,2024-03-16 20:25:00+00:00,short,66911.52,67075.5,SL,-0.5738,56.8052,2024
2024-03-16 21:05:00+00:00,2024-03-16 21:10:00+00:00,short,66702.33,66981.1,SL,-0.5681,56.2371,2024
2024-03-16 23:05:00+00:00,2024-03-16 23:10:00+00:00,short,65959.58,65340.01,TP,1.1247,57.3619,2024
2024-03-17 00:55:00+00:00,2024-03-17 01:00:00+00:00,short,65220.55,65513.99,SL,-0.5736,56.7882,2024
2024-03-17 03:15:00+00:00,2024-03-17 03:35:00+00:00,short,66267.98,66432.0,SL,-0.5679,56.2204,2024
2024-03-17 04:05:00+00:00,2024-03-17 05:35:00+00:00,short,66400.0,66095.13,TP,1.1244,57.3448,2024
2024-03-17 09:45:00+00:00,2024-03-17 10:05:00+00:00,short,66419.98,66600.75,SL,-0.5734,56.7713,2024
2024-03-17 10:15:00+00:00,2024-03-17 10:40:00+00:00,long,67039.96,66879.99,SL,-0.5677,56.2036,2024
2024-03-17 13:15:00+00:00,2024-03-17 13:20:00+00:00,long,67275.99,66969.98,SL,-0.562,55.6416,2024
2024-03-17 14:10:00+00:00,2024-03-17 14:35:00+00:00,long,67091.89,67375.54,TP,1.1128,56.7544,2024
2024-03-17 15:30:00+00:00,2024-03-17 15:45:00+00:00,long,67599.99,68061.57,TP,1.1351,57.8895,2024
2024-03-17 17:50:00+00:00,2024-03-17 18:00:00+00:00,long,68627.74,68320.7,SL,-0.5789,57.3106,2024
2024-03-17 19:45:00+00:00,2024-03-17 20:50:00+00:00,long,68442.12,68284.66,SL,-0.5731,56.7375,2024
2024-03-17 22:05:00+00:00,2024-03-17 22:35:00+00:00,long,68480.0,68871.0,TP,1.1347,57.8722,2024
2024-03-17 23:50:00+00:00,2024-03-17 23:55:00+00:00,long,68616.01,68393.48,SL,-0.5787,57.2935,2024
2024-03-18 04:30:00+00:00,2024-03-18 04:45:00+00:00,long,68129.74,68471.92,TP,1.1459,58.4394,2024
2024-03-18 08:55:00+00:00,2024-03-18 09:05:00+00:00,long,68035.46,67698.86,SL,-0.5844,57.855,2024
2024-03-18 10:10:00+00:00,2024-03-18 10:15:00+00:00,short,67751.61,67900.05,SL,-0.5786,57.2764,2024
2024-03-18 10:30:00+00:00,2024-03-18 11:20:00+00:00,long,68015.99,68309.69,TP,1.1455,58.422,2024
2024-03-18 12:35:00+00:00,2024-03-18 13:00:00+00:00,long,68428.39,68279.38,SL,-0.5842,57.8378,2024
2024-03-18 16:50:00+00:00,2024-03-18 17:05:00+00:00,short,67063.85,66732.35,TP,1.1568,58.9945,2024
2024-03-18 18:35:00+00:00,2024-03-18 18:45:00+00:00,short,66993.79,67130.0,SL,-0.5899,58.4046,2024
2024-03-18 19:50:00+00:00,2024-03-18 20:05:00+00:00,short,66999.2,67179.99,SL,-0.584,57.8205,2024
2024-03-18 22:00:00+00:00,2024-03-18 22:55:00+00:00,short,67548.0,67692.0,SL,-0.5782,57.2423,2024
2024-03-18 23:00:00+00:00,2024-03-18 23:55:00+00:00,long,67801.43,67609.99,SL,-0.5724,56.6699,2024
2024-03-19 00:15:00+00:00,2024-03-19 00:20:00+00:00,long,68117.19,67745.2,SL,-0.5667,56.1032,2024
2024-03-19 03:30:00+00:00,2024-03-19 03:45:00+00:00,short,65221.99,65616.1,SL,-0.561,55.5422,2024
2024-03-19 05:15:00+00:00,2024-03-19 05:25:00+00:00,short,65151.17,64774.04,TP,1.1108,56.653,2024
2024-03-19 06:35:00+00:00,2024-03-19 06:55:00+00:00,short,64722.23,64927.99,SL,-0.5665,56.0865,2024
2024-03-19 08:20:00+00:00,2024-03-19 08:35:00+00:00,short,63930.0,64057.91,SL,-0.5609,55.5256,2024
2024-03-19 10:20:00+00:00,2024-03-19 10:45:00+00:00,short,63159.46,63368.0,SL,-0.5553,54.9704,2024
2024-03-19 13:40:00+00:00,2024-03-19 13:55:00+00:00,short,63166.47,63564.01,SL,-0.5497,54.4207,2024
2024-03-19 19:20:00+00:00,2024-03-19 19:25:00+00:00,long,65219.94,64846.76,SL,-0.5442,53.8764,2024
2024-03-19 22:15:00+00:00,2024-03-19 22:35:00+00:00,short,63239.99,62890.0,TP,1.0775,54.954,2024
2024-03-20 01:20:00+00:00,2024-03-20 01:25:00+00:00,short,62025.4,62381.1,SL,-0.5495,54.4044,2024
2024-03-20 03:40:00+00:00,2024-03-20 03:45:00+00:00,short,62676.94,62390.01,TP,1.0881,55.4925,2024
2024-03-20 08:35:00+00:00,2024-03-20 09:20:00+00:00,short,62830.72,63174.85,SL,-0.5549,54.9376,2024
2024-03-20 11:20:00+00:00,2024-03-20 11:25:00+00:00,long,63397.33,63831.66,TP,1.0988,56.0363,2024
2024-03-20 12:05:00+00:00,2024-03-20 12:15:00+00:00,long,63661.11,63949.23,TP,1.1207,57.1571,2024
2024-03-20 14:10:00+00:00,2024-03-20 14:25:00+00:00,long,63812.02,64147.37,TP,1.1431,58.3002,2024
2024-03-20 17:10:00+00:00,2024-03-20 17:15:00+00:00,long,63655.95,64508.35,TP,1.166,59.4662,2024
2024-03-20 18:40:00+00:00,2024-03-20 18:45:00+00:00,long,64439.99,64734.63,TP,1.1893,60.6555,2024
2024-03-21 04:30:00+00:00,2024-03-21 04:35:00+00:00,long,66892.0,66517.85,SL,-0.6066,60.049,2024
2024-03-21 04:45:00+00:00,2024-03-21 05:05:00+00:00,long,66733.17,66522.84,SL,-0.6005,59.4485,2024
2024-03-21 05:30:00+00:00,2024-03-21 05:35:00+00:00,long,66655.89,66445.95,SL,-0.5945,58.854,2024
2024-03-21 08:10:00+00:00,2024-03-21 08:30:00+00:00,long,67413.83,67269.06,SL,-0.5885,58.2655,2024
2024-03-21 08:50:00+00:00,2024-03-21 08:55:00+00:00,long,67488.44,67283.55,SL,-0.5827,57.6828,2024
2024-03-21 10:50:00+00:00,2024-03-21 11:20:00+00:00,long,67007.48,66828.0,SL,-0.5768,57.106,2024
2024-03-21 12:50:00+00:00,2024-03-21 13:25:00+00:00,long,67270.13,67588.01,TP,1.1421,58.2481,2024
2024-03-21 14:25:00+00:00,2024-03-21 14:30:00+00:00,long,67180.78,66990.98,SL,-0.5825,57.6656,2024
2024-03-21 17:25:00+00:00,2024-03-21 17:45:00+00:00,short,66204.56,65842.0,TP,1.1533,58.8189,2024
2024-03-21 20:05:00+00:00,2024-03-21 20:10:00+00:00,short,64780.0,65481.1,SL,-0.5882,58.2308,2024
2024-03-21 22:30:00+00:00,2024-03-21 22:35:00+00:00,short,65475.99,65610.0,SL,-0.5823,57.6484,2024
2024-03-21 22:45:00+00:00,2024-03-22 00:05:00+00:00,short,65541.29,65787.29,SL,-0.5765,57.072,2024
2024-03-22 00:35:00+00:00,2024-03-22 00:40:00+00:00,short,65418.0,65651.61,SL,-0.5707,56.5012,2024
2024-03-22 01:30:00+00:00,2024-03-22 01:55:00+00:00,short,65678.69,65243.99,TP,1.13,57.6313,2024
2024-03-22 04:20:00+00:00,2024-03-22 04:50:00+00:00,short,65857.16,66259.88,SL,-0.5763,57.055,2024
2024-03-22 05:25:00+00:00,2024-03-22 06:05:00+00:00,long,66201.45,66614.82,TP,1.1411,58.1961,2024
2024-03-22 11:50:00+00:00,2024-03-22 12:05:00+00:00,short,64206.36,64556.33,SL,-0.582,57.6141,2024
2024-03-22 13:30:00+00:00,2024-03-22 13:45:00+00:00,short,63837.99,63394.0,TP,1.1523,58.7664,2024
2024-03-22 16:20:00+00:00,2024-03-22 16:25:00+00:00,short,63350.0,63500.22,SL,-0.5877,58.1787,2024
2024-03-22 19:10:00+00:00,2024-03-22 19:30:00+00:00,short,63529.23,63738.95,SL,-0.5818,57.5969,2024
2024-03-22 20:05:00+00:00,2024-03-22 21:00:00+00:00,short,63648.52,63366.18,TP,1.1519,58.7489,2024
2024-03-23 00:35:00+00:00,2024-03-23 01:00:00+00:00,short,63585.44,63726.75,SL,-0.5875,58.1614,2024
2024-03-23 04:05:00+00:00,2024-03-23 04:10:00+00:00,long,63922.61,63774.18,SL,-0.5816,57.5798,2024
2024-03-23 07:05:00+00:00,2024-03-23 07:15:00+00:00,long,64538.01,64810.01,TP,1.1516,58.7314,2024
2024-03-23 08:00:00+00:00,2024-03-23 08:10:00+00:00,long,64748.0,64552.87,SL,-0.5873,58.144,2024
2024-03-23 10:00:00+00:00,2024-03-23 10:10:00+00:00,long,64594.82,64435.22,SL,-0.5814,57.5626,2024
2024-03-23 11:25:00+00:00,2024-03-23 12:50:00+00:00,long,64580.44,64850.0,TP,1.1513,58.7139,2024
2024-03-23 14:20:00+00:00,2024-03-23 14:30:00+00:00,long,64608.79,65289.79,TP,1.1743,59.8881,2024
2024-03-23 16:15:00+00:00,2024-03-23 16:30:00+00:00,long,65129.99,65482.4,TP,1.1978,61.0859,2024
2024-03-23 17:30:00+00:00,2024-03-23 17:35:00+00:00,long,65958.01,65810.0,SL,-0.6109,60.475,2024
2024-03-23 20:25:00+00:00,2024-03-23 21:25:00+00:00,long,65007.12,64872.34,SL,-0.6048,59.8703,2024
2024-03-23 22:50:00+00:00,2024-03-23 23:25:00+00:00,short,64824.99,64414.0,TP,1.1974,61.0677,2024
2024-03-24 02:15:00+00:00,2024-03-24 03:05:00+00:00,short,64368.0,63984.0,TP,1.2214,62.289,2024
2024-03-24 04:25:00+00:00,2024-03-24 04:50:00+00:00,short,63923.99,64113.99,SL,-0.6229,61.6662,2024
2024-03-24 06:30:00+00:00,2024-03-24 07:40:00+00:00,short,64219.99,64395.2,SL,-0.6167,61.0495,2024
2024-03-24 10:45:00+00:00,2024-03-24 11:00:00+00:00,long,65199.92,65042.0,SL,-0.6105,60.439,2024
2024-03-24 11:50:00+00:00,2024-03-24 12:20:00+00:00,long,65268.59,65539.99,TP,1.2088,61.6478,2024
2024-03-24 14:20:00+00:00,2024-03-24 14:30:00+00:00,long,65895.88,65702.61,SL,-0.6165,61.0313,2024
2024-03-24 15:50:00+00:00,2024-03-24 16:20:00+00:00,long,65718.62,65515.61,SL,-0.6103,60.421,2024
2024-03-24 17:40:00+00:00,2024-03-24 18:05:00+00:00,long,65404.64,65722.27,TP,1.2084,61.6294,2024
2024-03-24 19:45:00+00:00,2024-03-24 20:00:00+00:00,long,65950.0,65798.35,SL,-0.6163,61.0131,2024
2024-03-24 20:10:00+00:00,2024-03-24 21:55:00+00:00,long,66215.88,66530.01,TP,1.2203,62.2334,2024
2024-03-24 22:00:00+00:00,2024-03-24 23:00:00+00:00,long,66774.2,67176.0,TP,1.2447,63.478,2024
2024-03-25 02:20:00+00:00,2024-03-25 03:05:00+00:00,long,66609.4,66880.0,TP,1.2696,64.7476,2024
2024-03-25 05:25:00+00:00,2024-03-25 05:45:00+00:00,long,67559.17,67313.4,SL,-0.6475,64.1001,2024
2024-03-25 08:10:00+00:00,2024-03-25 08:45:00+00:00,long,67065.59,66874.0,SL,-0.641,63.4591,2024
2024-03-25 09:40:00+00:00,2024-03-25 10:05:00+00:00,long,66932.55,67287.99,TP,1.2692,64.7283,2024
2024-03-25 12:00:00+00:00,2024-03-25 13:50:00+00:00,long,66952.01,67522.62,TP,1.2946,66.0229,2024
2024-03-25 17:05:00+00:00,2024-03-25 17:35:00+00:00,long,70530.02,70353.99,SL,-0.6602,65.3626,2024
2024-03-25 19:55:00+00:00,2024-03-25 20:10:00+00:00,long,70960.89,70779.59,SL,-0.6536,64.709,2024
2024-03-25 22:10:00+00:00,2024-03-25 23:25:00+00:00,long,70381.1,70161.09,SL,-0.6471,64.0619,2024
2024-03-26 00:30:00+00:00,2024-03-26 00:45:00+00:00,long,70172.18,70020.0,SL,-0.6406,63.4213,2024
2024-03-26 04:00:00+00:00,2024-03-26 05:00:00+00:00,long,70665.8,70523.09,SL,-0.6342,62.7871,2024
2024-03-26 06:30:00+00:00,2024-03-26 06:40:00+00:00,long,70558.01,70398.0,SL,-0.6279,62.1592,2024
2024-03-26 09:15:00+00:00,2024-03-26 09:45:00+00:00,long,70880.0,71199.99,TP,1.2432,63.4024,2024
2024-03-26 12:15:00+00:00,2024-03-26 13:35:00+00:00,long,70840.01,70296.13,SL,-0.634,62.7684,2024
2024-03-26 16:20:00+00:00,2024-03-26 17:25:00+00:00,short,69800.0,70057.99,SL,-0.6277,62.1407,2024
2024-03-26 18:55:00+00:00,2024-03-26 19:55:00+00:00,short,69932.0,69477.67,TP,1.2428,63.3835,2024
2024-03-26 22:05:00+00:00,2024-03-26 22:40:00+00:00,short,69880.0,70037.38,SL,-0.6338,62.7497,2024
2024-03-26 23:30:00+00:00,2024-03-27 00:30:00+00:00,short,70071.6,70243.85,SL,-0.6275,62.1222,2024
2024-03-27 02:50:00+00:00,2024-03-27 03:40:00+00:00,long,70515.99,70366.44,SL,-0.6212,61.501,2024
2024-03-27 05:15:00+00:00,2024-03-27 06:45:00+00:00,long,70384.0,70185.53,SL,-0.615,60.8859,2024
2024-03-27 08:50:00+00:00,2024-03-27 09:20:00+00:00,short,69632.92,69818.58,SL,-0.6089,60.2771,2024
2024-03-27 13:00:00+00:00,2024-03-27 13:10:00+00:00,long,70833.22,71238.79,TP,1.2055,61.4826,2024
2024-03-27 15:10:00+00:00,2024-03-27 15:40:00+00:00,short,69431.4,69140.97,TP,1.2297,62.7123,2024
2024-03-27 17:55:00+00:00,2024-03-27 19:10:00+00:00,short,68680.01,68930.02,SL,-0.6271,62.0852,2024
2024-03-27 21:55:00+00:00,2024-03-27 22:20:00+00:00,short,68941.99,69174.8,SL,-0.6209,61.4643,2024
2024-03-27 23:15:00+00:00,2024-03-27 23:50:00+00:00,short,69288.94,69559.99,SL,-0.6146,60.8497,2024
2024-03-27 23:55:00+00:00,2024-03-28 00:15:00+00:00,long,69469.99,69838.0,TP,1.217,62.0667,2024
2024-03-28 03:40:00+00:00,2024-03-28 03:50:00+00:00,short,69090.0,69281.02,SL,-0.6207,61.446,2024
2024-03-28 06:10:00+00:00,2024-03-28 06:40:00+00:00,long,69987.31,70356.98,TP,1.2289,62.6749,2024
2024-03-28 08:35:00+00:00,2024-03-28 10:15:00+00:00,long,70636.61,70490.0,SL,-0.6267,62.0482,2024
2024-03-28 10:55:00+00:00,2024-03-28 11:40:00+00:00,long,70800.0,70565.2,SL,-0.6205,61.4277,2024
2024-03-28 12:55:00+00:00,2024-03-28 13:15:00+00:00,long,70839.16,70656.0,SL,-0.6143,60.8134,2024
2024-03-28 14:25:00+00:00,2024-03-28 14:30:00+00:00,long,71042.0,71370.01,TP,1.2163,62.0297,2024
2024-03-28 17:35:00+00:00,2024-03-28 18:45:00+00:00,long,70758.99,70514.01,SL,-0.6203,61.4094,2024
2024-03-28 19:15:00+00:00,2024-03-28 22:05:00+00:00,long,70758.61,70606.0,SL,-0.6141,60.7953,2024
2024-03-28 22:30:00+00:00,2024-03-29 00:30:00+00:00,long,70832.41,70686.8,SL,-0.608,60.1873,2024
2024-03-29 01:10:00+00:00,2024-03-29 02:25:00+00:00,long,70817.77,70661.1,SL,-0.6019,59.5855,2024
2024-03-29 05:20:00+00:00,2024-03-29 06:30:00+00:00,short,70222.01,70433.99,SL,-0.5959,58.9896,2024
2024-03-29 07:20:00+00:00,2024-03-29 07:35:00+00:00,short,70276.0,69932.0,TP,1.1798,60.1694,2024
2024-03-29 09:30:00+00:00,2024-03-29 10:10:00+00:00,short,69689.24,69882.32,SL,-0.6017,59.5677,2024
2024-03-29 12:05:00+00:00,2024-03-29 12:30:00+00:00,short,70008.0,70163.46,SL,-0.5957,58.972,2024
2024-03-29 20:45:00+00:00,2024-03-29 22:30:00+00:00,short,69576.01,69763.02,SL,-0.5897,58.3823,2024
2024-03-30 00:55:00+00:00,2024-03-30 03:50:00+00:00,long,69932.9,69763.53,SL,-0.5838,57.7985,2024
2024-03-30 04:25:00+00:00,2024-03-30 05:00:00+00:00,long,69855.65,70245.99,TP,1.156,58.9544,2024
2024-03-30 08:20:00+00:00,2024-03-30 13:05:00+00:00,long,69955.99,70241.59,TP,1.1791,60.1335,2024
2024-03-30 16:25:00+00:00,2024-03-30 19:00:00+00:00,long,70010.36,69826.65,SL,-0.6013,59.5322,2024
2024-03-30 21:05:00+00:00,2024-03-31 00:30:00+00:00,short,69764.72,69910.16,SL,-0.5953,58.9369,2024
2024-03-31 02:15:00+00:00,2024-03-31 03:05:00+00:00,long,70079.47,69927.0,SL,-0.5894,58.3475,2024
2024-03-31 04:25:00+00:00,2024-03-31 05:45:00+00:00,long,69967.99,70443.47,TP,1.1669,59.5145,2024
2024-03-31 08:00:00+00:00,2024-03-31 13:10:00+00:00,long,70322.03,70682.92,TP,1.1903,60.7048,2024
2024-03-31 16:05:00+00:00,2024-03-31 18:35:00+00:00,long,70514.11,70969.0,TP,1.2141,61.9188,2024
2024-03-31 22:00:00+00:00,2024-03-31 23:35:00+00:00,long,71008.16,71319.62,TP,1.2384,63.1572,2024
2024-04-01 02:40:00+00:00,2024-04-01 03:10:00+00:00,long,70849.98,70705.89,SL,-0.6316,62.5257,2024
2024-04-01 04:20:00+00:00,2024-04-01 05:35:00+00:00,short,70533.0,70218.0,TP,1.2505,63.7762,2024
2024-04-01 08:20:00+00:00,2024-04-01 08:40:00+00:00,short,69348.01,69519.79,SL,-0.6378,63.1384,2024
2024-04-01 10:20:00+00:00,2024-04-01 10:45:00+00:00,short,69341.9,69547.05,SL,-0.6314,62.507,2024
2024-04-01 11:35:00+00:00,2024-04-01 12:15:00+00:00,short,69470.0,69700.62,SL,-0.6251,61.8819,2024
2024-04-01 13:20:00+00:00,2024-04-01 13:25:00+00:00,short,69721.99,70015.99,SL,-0.6188,61.2631,2024
2024-04-01 13:55:00+00:00,2024-04-01 14:20:00+00:00,short,69880.0,69559.99,TP,1.2253,62.4884,2024
2024-04-01 20:20:00+00:00,2024-04-01 20:35:00+00:00,short,69350.01,69550.58,SL,-0.6249,61.8635,2024
2024-04-02 02:05:00+00:00,2024-04-02 02:25:00+00:00,short,69220.0,68447.76,TP,1.2373,63.1008,2024
2024-04-02 07:15:00+00:00,2024-04-02 07:45:00+00:00,short,66822.66,66551.98,TP,1.262,64.3628,2024
2024-04-02 08:50:00+00:00,2024-04-02 09:00:00+00:00,short,66265.05,65815.03,TP,1.2873,65.65,2024
2024-04-02 09:30:00+00:00,2024-04-02 09:45:00+00:00,short,66049.57,66264.0,SL,-0.6565,64.9935,2024
2024-04-02 10:00:00+00:00,2024-04-02 10:15:00+00:00,short,65992.67,66189.76,SL,-0.6499,64.3436,2024
2024-04-02 10:45:00+00:00,2024-04-02 10:55:00+00:00,short,65724.3,65984.0,SL,-0.6434,63.7002,2024
2024-04-02 12:50:00+00:00,2024-04-02 13:20:00+00:00,short,65275.99,64905.92,TP,1.274,64.9742,2024
2024-04-02 15:30:00+00:00,2024-04-02 15:35:00+00:00,short,65676.0,65336.02,TP,1.2995,66.2737,2024
2024-04-02 16:40:00+00:00,2024-04-02 16:45:00+00:00,short,65183.99,65640.01,SL,-0.6627,65.6109,2024
2024-04-02 17:45:00+00:00,2024-04-02 17:55:00+00:00,short,65340.0,65608.01,SL,-0.6561,64.9548,2024
2024-04-02 19:55:00+00:00,2024-04-02 20:10:00+00:00,short,65914.9,66093.04,SL,-0.6495,64.3053,2024
2024-04-02 23:20:00+00:00,2024-04-03 00:10:00+00:00,short,65639.99,65343.99,TP,1.2861,65.5914,2024
2024-04-03 03:00:00+00:00,2024-04-03 03:15:00+00:00,short,65792.69,66016.4,SL,-0.6559,64.9355,2024
2024-04-03 03:20:00+00:00,2024-04-03 03:40:00+00:00,short,65874.18,66060.1,SL,-0.6494,64.2861,2024
2024-04-03 06:20:00+00:00,2024-04-03 07:00:00+00:00,long,66316.14,66172.5,SL,-0.6429,63.6432,2024
2024-04-03 07:10:00+00:00,2024-04-03 07:25:00+00:00,long,66432.01,66285.78,SL,-0.6364,63.0068,2024
2024-04-03 08:35:00+00:00,2024-04-03 10:05:00+00:00,long,66527.48,66365.26,SL,-0.6301,62.3767,2024
2024-04-03 12:35:00+00:00,2024-04-03 13:05:00+00:00,short,65819.41,65982.88,SL,-0.6238,61.753,2024
2024-04-03 13:20:00+00:00,2024-04-03 13:30:00+00:00,short,65671.95,65876.92,SL,-0.6175,61.1355,2024
2024-04-03 16:20:00+00:00,2024-04-03 17:25:00+00:00,long,66244.56,66068.0,SL,-0.6114,60.5241,2024
2024-04-03 20:00:00+00:00,2024-04-03 21:30:00+00:00,short,65696.01,65831.79,SL,-0.6052,59.9189,2024
2024-04-04 00:40:00+00:00,2024-04-04 01:35:00+00:00,long,66256.0,66082.99,SL,-0.5992,59.3197,2024
2024-04-04 04:10:00+00:00,2024-04-04 04:20:00+00:00,short,65475.25,65139.97,TP,1.1864,60.5061,2024
2024-04-04 10:25:00+00:00,2024-04-04 11:10:00+00:00,long,66364.14,66142.47,SL,-0.6051,59.901,2024
2024-04-04 11:40:00+00:00,2024-04-04 12:40:00+00:00,long,66411.8,66721.74,TP,1.198,61.099,2024
2024-04-04 14:05:00+00:00,2024-04-04 14:40:00+00:00,long,67592.0,67892.0,TP,1.222,62.321,2024
2024-04-04 16:20:00+00:00,2024-04-04 16:35:00+00:00,long,68023.44,67857.16,SL,-0.6232,61.6978,2024
2024-04-04 17:35:00+00:00,2024-04-04 17:50:00+00:00,long,68123.53,68766.24,TP,1.234,62.9317,2024
2024-04-04 21:00:00+00:00,2024-04-04 21:05:00+00:00,long,68114.16,67916.0,SL,-0.6293,62.3024,2024
2024-04-04 21:50:00+00:00,2024-04-04 22:00:00+00:00,long,67866.65,67730.57,SL,-0.623,61.6794,2024
2024-04-05 00:55:00+00:00,2024-04-05 01:10:00+00:00,long,68606.0,68448.01,SL,-0.6168,61.0626,2024
2024-04-05 03:10:00+00:00,2024-04-05 04:30:00+00:00,long,67853.89,67708.71,SL,-0.6106,60.452,2024
2024-04-05 04:35:00+00:00,2024-04-05 05:15:00+00:00,short,67678.0,66851.58,TP,1.209,61.661,2024
2024-04-05 08:55:00+00:00,2024-04-05 09:05:00+00:00,short,67151.21,66853.99,TP,1.2332,62.8942,2024
2024-04-05 11:25:00+00:00,2024-04-05 11:50:00+00:00,short,66803.36,66509.94,TP,1.2579,64.1521,2024
2024-04-05 12:30:00+00:00,2024-04-05 12:45:00+00:00,short,66279.86,66523.41,SL,-0.6415,63.5106,2024
2024-04-05 16:00:00+00:00,2024-04-05 16:05:00+00:00,long,68352.6,68128.56,SL,-0.6351,62.8755,2024
2024-04-05 18:35:00+00:00,2024-04-05 19:30:00+00:00,long,67633.04,67988.57,TP,1.2575,64.133,2024
2024-04-05 20:35:00+00:00,2024-04-05 21:55:00+00:00,long,67710.13,67515.45,SL,-0.6413,63.4917,2024
2024-04-05 22:35:00+00:00,2024-04-05 22:55:00+00:00,long,67771.63,67628.53,SL,-0.6349,62.8568,2024
2024-04-06 00:35:00+00:00,2024-04-06 01:05:00+00:00,long,68028.11,67869.06,SL,-0.6286,62.2282,2024
2024-04-06 03:05:00+00:00,2024-04-06 05:25:00+00:00,long,67697.1,67999.99,TP,1.2446,63.4728,2024
2024-04-06 06:40:00+00:00,2024-04-06 07:25:00+00:00,long,68106.74,67967.53,SL,-0.6347,62.838,2024
2024-04-06 08:55:00+00:00,2024-04-06 09:30:00+00:00,long,68012.14,67870.0,SL,-0.6284,62.2097,2024
2024-04-06 10:50:00+00:00,2024-04-06 11:30:00+00:00,long,67833.05,67681.79,SL,-0.6221,61.5876,2024
2024-04-06 13:25:00+00:00,2024-04-06 14:00:00+00:00,short,67580.0,67802.9,SL,-0.6159,60.9717,2024
2024-04-06 17:15:00+00:00,2024-04-06 22:05:00+00:00,long,68188.75,68506.01,TP,1.2194,62.1911,2024
2024-04-07 01:10:00+00:00,2024-04-07 01:25:00+00:00,long,69212.02,69499.99,TP,1.2438,63.4349,2024
2024-04-07 02:25:00+00:00,2024-04-07 02:35:00+00:00,long,69643.43,69414.36,SL,-0.6343,62.8006,2024
2024-04-07 05:00:00+00:00,2024-04-07 06:35:00+00:00,long,69339.55,69196.0,SL,-0.628,62.1726,2024
2024-04-07 07:05:00+00:00,2024-04-07 14:50:00+00:00,long,69325.97,69608.66,TP,1.2435,63.416,2024
2024-04-07 16:10:00+00:00,2024-04-07 16:30:00+00:00,long,69900.0,70185.99,TP,1.2683,64.6844,2024
2024-04-07 19:20:00+00:00,2024-04-07 19:30:00+00:00,long,69497.99,69268.0,SL,-0.6468,64.0375,2024
2024-04-07 19:50:00+00:00,2024-04-07 20:00:00+00:00,short,68970.74,69187.27,SL,-0.6404,63.3971,2024
2024-04-07 21:35:00+00:00,2024-04-07 22:35:00+00:00,short,69116.06,69323.99,SL,-0.634,62.7632,2024
2024-04-08 00:00:00+00:00,2024-04-08 01:10:00+00:00,short,69268.56,69526.02,SL,-0.6276,62.1355,2024
2024-04-08 04:30:00+00:00,2024-04-08 05:05:00+00:00,short,69324.71,69490.2,SL,-0.6214,61.5142,2024
2024-04-08 07:00:00+00:00,2024-04-08 07:30:00+00:00,long,69942.0,70378.99,TP,1.2303,62.7445,2024
2024-04-08 12:10:00+00:00,2024-04-08 12:15:00+00:00,long,72719.99,72568.68,SL,-0.6274,62.117,2024
2024-04-08 15:00:00+00:00,2024-04-08 15:25:00+00:00,long,71840.09,71654.0,SL,-0.6212,61.4958,2024
2024-04-08 17:55:00+00:00,2024-04-08 18:40:00+00:00,long,71699.23,72064.14,TP,1.2299,62.7258,2024
2024-04-08 20:55:00+00:00,2024-04-09 00:20:00+00:00,long,71711.99,71540.01,SL,-0.6273,62.0985,2024
2024-04-09 03:35:00+00:00,2024-04-09 04:15:00+00:00,short,71352.28,71010.99,TP,1.242,63.3405,2024
2024-04-09 05:10:00+00:00,2024-04-09 05:20:00+00:00,short,71069.24,71222.21,SL,-0.6334,62.7071,2024
2024-04-09 05:35:00+00:00,2024-04-09 06:30:00+00:00,short,71024.0,71244.02,SL,-0.6271,62.08,2024
2024-04-09 06:35:00+00:00,2024-04-09 07:10:00+00:00,short,70738.71,70896.64,SL,-0.6208,61.4592,2024
2024-04-09 09:55:00+00:00,2024-04-09 10:45:00+00:00,short,70392.18,70590.59,SL,-0.6146,60.8446,2024
2024-04-09 11:50:00+00:00,2024-04-09 12:00:00+00:00,short,70712.02,70898.0,SL,-0.6084,60.2362,2024
2024-04-09 12:05:00+00:00,2024-04-09 12:45:00+00:00,short,70672.84,70931.98,SL,-0.6024,59.6338,2024
2024-04-09 12:55:00+00:00,2024-04-09 13:45:00+00:00,short,70690.0,70347.63,TP,1.1927,60.8265,2024
2024-04-09 16:55:00+00:00,2024-04-09 17:25:00+00:00,short,68601.24,68790.77,SL,-0.6083,60.2182,2024
2024-04-09 19:10:00+00:00,2024-04-09 19:20:00+00:00,short,68721.13,68925.1,SL,-0.6022,59.616,2024
2024-04-09 21:05:00+00:00,2024-04-09 21:15:00+00:00,short,68943.33,69106.77,SL,-0.5962,59.0199,2024
2024-04-09 23:00:00+00:00,2024-04-09 23:25:00+00:00,short,69291.41,68986.34,TP,1.1804,60.2003,2024
2024-04-10 00:35:00+00:00,2024-04-10 01:20:00+00:00,short,69058.72,68701.29,TP,1.204,61.4043,2024
2024-04-10 02:40:00+00:00,2024-04-10 03:15:00+00:00,short,68748.02,68975.67,SL,-0.614,60.7902,2024
2024-04-10 06:00:00+00:00,2024-04-10 06:25:00+00:00,short,69274.02,69457.42,SL,-0.6079,60.1823,2024
2024-04-10 10:15:00+00:00,2024-04-10 10:50:00+00:00,short,68781.56,68960.02,SL,-0.6018,59.5805,2024
2024-04-10 12:20:00+00:00,2024-04-10 12:30:00+00:00,short,68896.3,68260.0,TP,1.1916,60.7721,2024
2024-04-10 15:15:00+00:00,2024-04-10 15:25:00+00:00,short,68412.99,68632.25,SL,-0.6077,60.1644,2024
2024-04-10 15:40:00+00:00,2024-04-10 15:50:00+00:00,short,68500.0,68697.64,SL,-0.6016,59.5627,2024
2024-04-10 19:25:00+00:00,2024-04-10 19:45:00+00:00,long,69519.85,69868.33,TP,1.1913,60.754,2024
2024-04-10 21:55:00+00:00,2024-04-10 22:00:00+00:00,long,70017.0,70390.0,TP,1.2151,61.9691,2024
2024-04-11 01:05:00+00:00,2024-04-11 02:05:00+00:00,long,70582.53,70888.05,TP,1.2394,63.2085,2024
2024-04-11 03:20:00+00:00,2024-04-11 03:30:00+00:00,long,70983.57,70815.98,SL,-0.6321,62.5764,2024
2024-04-11 05:05:00+00:00,2024-04-11 07:05:00+00:00,long,70619.99,70963.16,TP,1.2515,63.8279,2024
2024-04-11 08:35:00+00:00,2024-04-11 09:20:00+00:00,long,70990.99,70804.2,SL,-0.6383,63.1896,2024
2024-04-11 11:25:00+00:00,2024-04-11 11:35:00+00:00,long,70553.14,70268.17,SL,-0.6319,62.5577,2024
2024-04-11 12:30:00+00:00,2024-04-11 13:35:00+00:00,long,70710.01,70276.89,SL,-0.6256,61.9322,2024
2024-04-11 16:35:00+00:00,2024-04-11 16:45:00+00:00,short,69592.48,69864.0,SL,-0.6193,61.3128,2024
2024-04-11 18:15:00+00:00,2024-04-11 19:25:00+00:00,short,70155.58,70313.8,SL,-0.6131,60.6997,2024
2024-04-11 22:35:00+00:00,2024-04-12 00:10:00+00:00,short,70075.03,70242.73,SL,-0.607,60.0927,2024
2024-04-12 01:15:00+00:00,2024-04-12 02:05:00+00:00,short,70214.61,70416.0,SL,-0.6009,59.4918,2024
2024-04-12 04:45:00+00:00,2024-04-12 05:15:00+00:00,long,71154.2,70990.29,SL,-0.5949,58.8969,2024
2024-04-12 08:05:00+00:00,2024-04-12 08:30:00+00:00,long,70839.99,70627.99,SL,-0.589,58.3079,2024
2024-04-12 10:10:00+00:00,2024-04-12 12:35:00+00:00,long,70720.0,70490.57,SL,-0.5831,57.7248,2024
2024-04-12 14:25:00+00:00,2024-04-12 14:50:00+00:00,short,69737.71,69400.0,TP,1.1545,58.8793,2024
2024-04-12 16:15:00+00:00,2024-04-12 17:05:00+00:00,short,68883.99,68572.0,TP,1.1776,60.0569,2024
2024-04-12 18:25:00+00:00,2024-04-12 18:30:00+00:00,short,67624.44,66560.0,TP,1.2011,61.258,2024
2024-04-12 21:05:00+00:00,2024-04-12 22:05:00+00:00,short,66839.68,67029.04,SL,-0.6126,60.6455,2024
2024-04-12 23:05:00+00:00,2024-04-12 23:25:00+00:00,short,66822.18,66974.23,SL,-0.6065,60.039,2024
2024-04-13 00:15:00+00:00,2024-04-13 01:10:00+00:00,short,66910.89,66501.82,TP,1.2008,61.2398,2024
2024-04-13 05:20:00+00:00,2024-04-13 05:55:00+00:00,short,67685.29,67345.48,TP,1.2248,62.4646,2024
2024-04-13 07:50:00+00:00,2024-04-13 11:05:00+00:00,short,67351.65,67772.0,SL,-0.6246,61.8399,2024
2024-04-13 11:40:00+00:00,2024-04-13 12:05:00+00:00,short,67508.89,67236.0,TP,1.2368,63.0767,2024
2024-04-13 13:40:00+00:00,2024-04-13 14:10:00+00:00,short,67512.65,67658.48,SL,-0.6308,62.446,2024
2024-04-13 14:20:00+00:00,2024-04-13 14:35:00+00:00,long,67651.17,67403.62,SL,-0.6245,61.8215,2024
2024-04-13 15:20:00+00:00,2024-04-13 16:10:00+00:00,long,67680.0,67489.01,SL,-0.6182,61.2033,2024
2024-04-13 19:45:00+00:00,2024-04-13 19:50:00+00:00,short,66019.97,64665.0,TP,1.2241,62.4274,2024
2024-04-13 23:45:00+00:00,2024-04-13 23:55:00+00:00,short,64426.63,63924.51,TP,1.2485,63.6759,2024
2024-04-14 02:10:00+00:00,2024-04-14 02:30:00+00:00,short,63657.0,63358.27,TP,1.2735,64.9494,2024
2024-04-14 06:00:00+00:00,2024-04-14 06:20:00+00:00,short,64217.0,64546.64,SL,-0.6495,64.2999,2024
2024-04-14 07:00:00+00:00,2024-04-14 07:15:00+00:00,short,64656.99,64794.87,SL,-0.643,63.6569,2024
2024-04-14 08:30:00+00:00,2024-04-14 08:45:00+00:00,long,64759.14,64512.18,SL,-0.6366,63.0204,2024
2024-04-14 11:10:00+00:00,2024-04-14 11:40:00+00:00,short,64239.16,63870.0,TP,1.2604,64.2808,2024
2024-04-14 13:35:00+00:00,2024-04-14 14:00:00+00:00,short,64478.02,64024.89,TP,1.2856,65.5664,2024
2024-04-14 17:10:00+00:00,2024-04-14 17:20:00+00:00,short,63757.0,62751.46,TP,1.3113,66.8777,2024
2024-04-14 19:10:00+00:00,2024-04-14 19:40:00+00:00,short,64097.15,64263.42,SL,-0.6688,66.2089,2024
2024-04-14 20:10:00+00:00,2024-04-14 20:30:00+00:00,short,64036.73,64190.3,SL,-0.6621,65.5468,2024
2024-04-15 03:05:00+00:00,2024-04-15 03:50:00+00:00,long,65287.38,65145.0,SL,-0.6555,64.8914,2024
2024-04-15 05:00:00+00:00,2024-04-15 05:45:00+00:00,long,65019.79,65290.27,TP,1.2978,66.1892,2024
2024-04-15 09:20:00+00:00,2024-04-15 10:15:00+00:00,long,66610.03,66464.82,SL,-0.6619,65.5273,2024
2024-04-15 12:35:00+00:00,2024-04-15 13:35:00+00:00,long,66089.72,65957.47,SL,-0.6553,64.872,2024
2024-04-15 16:35:00+00:00,2024-04-15 16:45:00+00:00,short,64014.15,64182.42,SL,-0.6487,64.2233,2024
2024-04-15 17:35:00+00:00,2024-04-15 17:45:00+00:00,short,63922.01,63463.05,TP,1.2845,65.5078,2024
2024-04-15 18:15:00+00:00,2024-04-15 18:40:00+00:00,short,63540.56,63853.35,SL,-0.6551,64.8527,2024
2024-04-15 18:55:00+00:00,2024-04-15 19:00:00+00:00,short,63170.87,62748.03,TP,1.2971,66.1498,2024
2024-04-15 20:55:00+00:00,2024-04-15 21:00:00+00:00,short,63112.96,63240.0,SL,-0.6615,65.4883,2024
2024-04-15 21:20:00+00:00,2024-04-15 21:25:00+00:00,short,62862.79,63028.63,SL,-0.6549,64.8334,2024
2024-04-15 22:20:00+00:00,2024-04-15 22:25:00+00:00,short,62847.21,63048.0,SL,-0.6483,64.185,2024
2024-04-16 00:05:00+00:00,2024-04-16 00:10:00+00:00,short,63328.0,63581.83,SL,-0.6419,63.5432,2024
2024-04-16 00:25:00+00:00,2024-04-16 01:05:00+00:00,short,63268.0,63471.7,SL,-0.6354,62.9078,2024
2024-04-16 01:50:00+00:00,2024-04-16 02:25:00+00:00,short,63172.9,62795.53,TP,1.2582,64.1659,2024
2024-04-16 03:30:00+00:00,2024-04-16 03:50:00+00:00,short,63067.41,62799.99,TP,1.2833,65.4492,2024
2024-04-16 08:10:00+00:00,2024-04-16 10:15:00+00:00,short,63369.99,62638.12,TP,1.309,66.7582,2024
2024-04-16 13:10:00+00:00,2024-04-16 13:25:00+00:00,short,62979.9,63175.78,SL,-0.6676,66.0906,2024
2024-04-16 13:30:00+00:00,2024-04-16 13:40:00+00:00,short,63066.11,62551.3,TP,1.3218,67.4124,2024
2024-04-16 14:25:00+00:00,2024-04-16 14:55:00+00:00,short,62424.17,62092.13,TP,1.3482,68.7607,2024
2024-04-16 17:50:00+00:00,2024-04-16 18:00:00+00:00,short,62434.64,62609.43,SL,-0.6876,68.0731,2024
2024-04-16 18:55:00+00:00,2024-04-16 19:10:00+00:00,long,63003.92,62873.44,SL,-0.6807,67.3924,2024
2024-04-16 19:30:00+00:00,2024-04-16 20:05:00+00:00,short,62856.27,62589.23,TP,1.3478,68.7402,2024
2024-04-17 00:45:00+00:00,2024-04-17 01:00:00+00:00,long,64119.65,63971.59,SL,-0.6874,68.0528,2024
2024-04-17 01:50:00+00:00,2024-04-17 02:20:00+00:00,long,64023.98,63781.74,SL,-0.6805,67.3723,2024
2024-04-17 03:15:00+00:00,2024-04-17 03:45:00+00:00,long,63993.61,63763.28,SL,-0.6737,66.6986,2024
2024-04-17 04:35:00+00:00,2024-04-17 05:15:00+00:00,long,64127.03,64424.38,TP,1.334,68.0325,2024
2024-04-17 08:55:00+00:00,2024-04-17 09:15:00+00:00,short,63325.75,63475.9,SL,-0.6803,67.3522,2024
2024-04-17 10:00:00+00:00,2024-04-17 10:10:00+00:00,short,63180.0,62898.6,TP,1.347,68.6992,2024
2024-04-17 11:50:00+00:00,2024-04-17 12:25:00+00:00,short,62686.54,62428.16,TP,1.374,70.0732,2024
2024-04-17 14:10:00+00:00,2024-04-17 14:15:00+00:00,short,62115.23,61510.06,TP,1.4015,71.4747,2024
2024-04-17 18:55:00+00:00,2024-04-17 19:00:00+00:00,short,61445.57,61193.39,TP,1.4295,72.9042,2024
2024-04-17 20:45:00+00:00,2024-04-17 21:05:00+00:00,short,61000.01,61225.13,SL,-0.729,72.1751,2024
2024-04-17 21:45:00+00:00,2024-04-17 22:30:00+00:00,short,61261.67,61519.7,SL,-0.7218,71.4534,2024
2024-04-17 23:20:00+00:00,2024-04-18 00:10:00+00:00,short,61389.76,61118.0,TP,1.4291,72.8825,2024
2024-04-18 02:20:00+00:00,2024-04-18 02:50:00+00:00,short,61509.0,61632.32,SL,-0.7288,72.1536,2024
2024-04-18 03:00:00+00:00,2024-04-18 03:05:00+00:00,long,61807.99,62081.47,TP,1.4431,73.5967,2024
2024-04-18 08:15:00+00:00,2024-04-18 08:25:00+00:00,short,60912.0,61138.8,SL,-0.736,72.8607,2024
2024-04-18 10:20:00+00:00,2024-04-18 10:35:00+00:00,short,61542.76,61729.14,SL,-0.7286,72.1321,2024
2024-04-18 13:30:00+00:00,2024-04-18 13:35:00+00:00,long,62394.07,61987.14,SL,-0.7213,71.4108,2024
2024-04-18 13:45:00+00:00,2024-04-18 13:50:00+00:00,long,62604.52,62453.78,SL,-0.7141,70.6967,2024
2024-04-18 18:40:00+00:00,2024-04-18 18:50:00+00:00,long,63181.8,63028.08,SL,-0.707,69.9897,2024
2024-04-18 22:40:00+00:00,2024-04-18 23:35:00+00:00,long,63535.99,63402.19,SL,-0.6999,69.2898,2024
2024-04-19 05:05:00+00:00,2024-04-19 05:45:00+00:00,short,62125.24,62326.21,SL,-0.6929,68.5969,2024
2024-04-19 06:35:00+00:00,2024-04-19 06:40:00+00:00,long,62911.77,63630.76,TP,1.3719,69.9689,2024
2024-04-19 11:35:00+00:00,2024-04-19 11:45:00+00:00,long,65332.03,64966.2,SL,-0.6997,69.2692,2024
2024-04-19 12:15:00+00:00,2024-04-19 12:35:00+00:00,long,65308.15,65157.76,SL,-0.6927,68.5765,2024
2024-04-19 14:55:00+00:00,2024-04-19 16:05:00+00:00,long,64452.12,64266.06,SL,-0.6858,67.8907,2024
2024-04-19 16:50:00+00:00,2024-04-19 17:40:00+00:00,long,64070.12,64517.07,TP,1.3578,69.2485,2024
2024-04-19 19:20:00+00:00,2024-04-19 19:35:00+00:00,long,64348.38,64206.71,SL,-0.6925,68.5561,2024
2024-04-19 21:05:00+00:00,2024-04-19 22:05:00+00:00,long,64164.25,64426.01,TP,1.3711,69.9272,2024
2024-04-19 22:30:00+00:00,2024-04-19 22:35:00+00:00,short,64019.89,64165.99,SL,-0.6993,69.2279,2024
2024-04-20 00:50:00+00:00,2024-04-20 01:45:00+00:00,short,63564.29,63761.98,SL,-0.6923,68.5356,2024
2024-04-20 03:45:00+00:00,2024-04-20 04:35:00+00:00,short,63857.14,64122.88,SL,-0.6854,67.8503,2024
2024-04-20 05:30:00+00:00,2024-04-20 06:00:00+00:00,long,64205.49,64067.53,SL,-0.6785,67.1718,2024
2024-04-20 12:20:00+00:00,2024-04-20 12:40:00+00:00,short,63652.02,63816.61,SL,-0.6717,66.5001,2024
2024-04-20 12:45:00+00:00,2024-04-20 14:20:00+00:00,long,63913.08,63775.89,SL,-0.665,65.8351,2024
2024-04-20 14:50:00+00:00,2024-04-20 15:05:00+00:00,long,63977.02,63812.95,SL,-0.6584,65.1767,2024
2024-04-20 15:25:00+00:00,2024-04-20 15:35:00+00:00,long,63955.2,64369.23,TP,1.3035,66.4802,2024
2024-04-20 17:05:00+00:00,2024-04-20 18:35:00+00:00,long,65096.14,64960.23,SL,-0.6648,65.8154,2024
2024-04-20 20:05:00+00:00,2024-04-20 20:15:00+00:00,long,64968.74,64835.91,SL,-0.6582,65.1573,2024
2024-04-20 21:10:00+00:00,2024-04-20 21:35:00+00:00,long,64790.75,64641.43,SL,-0.6516,64.5057,2024
2024-04-20 21:40:00+00:00,2024-04-20 22:00:00+00:00,long,64802.09,64630.36,SL,-0.6451,63.8607,2024
2024-04-20 22:20:00+00:00,2024-04-21 01:20:00+00:00,long,64711.78,64987.94,TP,1.2772,65.1379,2024
2024-04-21 05:05:00+00:00,2024-04-21 07:25:00+00:00,long,65100.01,64944.75,SL,-0.6514,64.4865,2024
2024-04-21 07:50:00+00:00,2024-04-21 08:20:00+00:00,long,65152.0,65012.12,SL,-0.6449,63.8416,2024
2024-04-21 09:55:00+00:00,2024-04-21 11:10:00+00:00,long,64900.32,65183.99,TP,1.2768,65.1185,2024
2024-04-21 15:05:00+00:00,2024-04-21 16:00:00+00:00,long,64948.01,64740.0,SL,-0.6512,64.4673,2024
2024-04-21 19:10:00+00:00,2024-04-21 21:05:00+00:00,short,64714.0,65122.62,SL,-0.6447,63.8226,2024
2024-04-21 21:45:00+00:00,2024-04-21 22:05:00+00:00,short,64746.01,64978.0,SL,-0.6382,63.1844,2024
2024-04-21 22:10:00+00:00,2024-04-22 00:30:00+00:00,long,65020.01,64813.99,SL,-0.6318,62.5525,2024
2024-04-22 01:15:00+00:00,2024-04-22 01:20:00+00:00,long,65222.71,65587.98,TP,1.251,63.8036,2024
2024-04-22 01:35:00+00:00,2024-04-22 03:00:00+00:00,short,64740.0,64918.0,SL,-0.638,63.1655,2024
2024-04-22 05:45:00+00:00,2024-04-22 05:55:00+00:00,long,66103.29,66377.99,TP,1.2633,64.4289,2024
2024-04-22 08:30:00+00:00,2024-04-22 08:40:00+00:00,long,66187.78,66049.8,SL,-0.6443,63.7846,2024
2024-04-22 10:05:00+00:00,2024-04-22 11:30:00+00:00,long,66016.0,65862.0,SL,-0.6378,63.1467,2024
2024-04-22 12:25:00+00:00,2024-04-22 13:05:00+00:00,long,65927.35,66213.2,TP,1.2629,64.4097,2024
2024-04-22 13:50:00+00:00,2024-04-22 14:25:00+00:00,long,66080.0,66455.03,TP,1.2882,65.6978,2024
2024-04-22 15:55:00+00:00,2024-04-22 16:15:00+00:00,long,65994.38,66324.0,TP,1.314,67.0118,2024
2024-04-22 16:55:00+00:00,2024-04-22 17:25:00+00:00,long,66154.73,66734.0,TP,1.3402,68.352,2024
2024-04-22 19:50:00+00:00,2024-04-22 22:10:00+00:00,long,66436.58,66767.46,TP,1.367,69.7191,2024
2024-04-23 00:50:00+00:00,2024-04-23 01:45:00+00:00,long,67023.54,66884.02,SL,-0.6972,69.0219,2024
2024-04-23 06:50:00+00:00,2024-04-23 08:05:00+00:00,short,66353.95,66084.24,TP,1.3804,70.4023,2024
2024-04-23 09:50:00+00:00,2024-04-23 10:30:00+00:00,short,66057.99,66254.45,SL,-0.704,69.6983,2024
2024-04-23 11:05:00+00:00,2024-04-23 13:35:00+00:00,short,66066.4,66378.24,SL,-0.697,69.0013,2024
2024-04-23 16:45:00+00:00,2024-04-23 19:15:00+00:00,long,66743.01,66577.69,SL,-0.69,68.3113,2024
2024-04-23 23:00:00+00:00,2024-04-23 23:15:00+00:00,short,66176.0,66324.68,SL,-0.6831,67.6282,2024
2024-04-24 03:40:00+00:00,2024-04-24 04:45:00+00:00,long,66656.69,66971.56,TP,1.3526,68.9808,2024
2024-04-24 06:45:00+00:00,2024-04-24 07:45:00+00:00,long,66774.7,66597.01,SL,-0.6898,68.2909,2024
2024-04-24 10:05:00+00:00,2024-04-24 10:30:00+00:00,short,66248.01,66435.11,SL,-0.6829,67.608,2024
2024-04-24 12:40:00+00:00,2024-04-24 13:00:00+00:00,short,66469.94,66139.13,TP,1.3522,68.9602,2024
2024-04-24 14:20:00+00:00,2024-04-24 14:25:00+00:00,short,65866.01,65456.01,TP,1.3792,70.3394,2024
2024-04-24 15:40:00+00:00,2024-04-24 15:45:00+00:00,short,64569.99,64745.7,SL,-0.7034,69.636,2024
2024-04-24 18:15:00+00:00,2024-04-24 18:45:00+00:00,short,64740.0,64413.82,TP,1.3927,71.0287,2024
2024-04-24 19:55:00+00:00,2024-04-24 20:00:00+00:00,short,63976.06,64224.01,SL,-0.7103,70.3184,2024
2024-04-24 22:20:00+00:00,2024-04-24 23:00:00+00:00,short,64170.73,63878.86,TP,1.4064,71.7248,2024
2024-04-25 01:10:00+00:00,2024-04-25 01:50:00+00:00,short,64456.98,64159.41,TP,1.4345,73.1593,2024
2024-04-25 04:05:00+00:00,2024-04-25 04:30:00+00:00,short,64108.81,64297.57,SL,-0.7316,72.4277,2024
2024-04-25 05:10:00+00:00,2024-04-25 06:30:00+00:00,short,64188.7,64391.98,SL,-0.7243,71.7034,2024
2024-04-25 06:45:00+00:00,2024-04-25 07:40:00+00:00,short,64244.27,63921.99,TP,1.4341,73.1375,2024
2024-04-25 09:45:00+00:00,2024-04-25 10:20:00+00:00,short,63853.24,63445.17,TP,1.4627,74.6003,2024
2024-04-25 12:40:00+00:00,2024-04-25 12:50:00+00:00,short,63764.79,63378.97,TP,1.492,76.0923,2024
2024-04-25 14:50:00+00:00,2024-04-25 14:55:00+00:00,short,63257.47,63384.96,SL,-0.7609,75.3313,2024
2024-04-25 20:00:00+00:00,2024-04-25 20:05:00+00:00,long,64986.04,64621.37,SL,-0.7533,74.578,2024
2024-04-25 20:35:00+00:00,2024-04-25 21:50:00+00:00,long,64864.45,64710.86,SL,-0.7458,73.8322,2024
2024-04-26 03:00:00+00:00,2024-04-26 03:15:00+00:00,short,64314.28,64459.35,SL,-0.7383,73.0939,2024
2024-04-26 06:35:00+00:00,2024-04-26 06:45:00+00:00,short,64318.0,64452.61,SL,-0.7309,72.363,2024
2024-04-26 07:25:00+00:00,2024-04-26 07:30:00+00:00,long,64483.64,64346.0,SL,-0.7236,71.6394,2024
2024-04-26 08:10:00+00:00,2024-04-26 10:40:00+00:00,long,64427.44,64278.46,SL,-0.7164,70.923,2024
2024-04-26 12:50:00+00:00,2024-04-26 12:55:00+00:00,short,63980.01,64142.79,SL,-0.7092,70.2137,2024
2024-04-26 13:45:00+00:00,2024-04-26 14:10:00+00:00,long,64369.82,64725.0,TP,1.4043,71.618,2024
2024-04-26 14:35:00+00:00,2024-04-26 15:05:00+00:00,short,64026.0,63732.62,TP,1.4324,73.0504,2024
2024-04-26 18:45:00+00:00,2024-04-27 00:25:00+00:00,short,63965.83,63528.6,TP,1.461,74.5114,2024
2024-04-27 04:10:00+00:00,2024-04-27 04:25:00+00:00,short,62958.95,63132.0,SL,-0.7451,73.7663,2024
2024-04-27 04:50:00+00:00,2024-04-27 07:10:00+00:00,short,62967.32,63108.89,SL,-0.7377,73.0286,2024
2024-04-27 07:45:00+00:00,2024-04-27 10:45:00+00:00,short,63006.25,62751.28,TP,1.4606,74.4892,2024
2024-04-27 14:25:00+00:00,2024-04-27 15:45:00+00:00,short,63154.1,62886.0,TP,1.4898,75.979,2024
2024-04-27 16:25:00+00:00,2024-04-27 17:25:00+00:00,short,62788.01,62930.65,SL,-0.7598,75.2192,2024
2024-04-27 18:20:00+00:00,2024-04-27 18:35:00+00:00,short,63076.01,63207.78,SL,-0.7522,74.467,2024
2024-04-27 18:50:00+00:00,2024-04-27 19:00:00+00:00,long,63424.79,63192.08,SL,-0.7447,73.7223,2024
2024-04-27 20:00:00+00:00,2024-04-27 20:10:00+00:00,long,63432.0,63281.9,SL,-0.7372,72.9851,2024
2024-04-27 21:40:00+00:00,2024-04-27 23:50:00+00:00,long,63270.02,63535.7,TP,1.4597,74.4448,2024
2024-04-28 02:35:00+00:00,2024-04-28 03:00:00+00:00,long,63708.55,63987.35,TP,1.4889,75.9337,2024
2024-04-28 05:50:00+00:00,2024-04-28 06:25:00+00:00,long,63935.99,63801.71,SL,-0.7593,75.1743,2024
2024-04-28 06:40:00+00:00,2024-04-28 08:40:00+00:00,long,63941.99,63668.19,SL,-0.7517,74.4226,2024
2024-04-28 09:25:00+00:00,2024-04-28 10:10:00+00:00,long,63812.02,63584.0,SL,-0.7442,73.6784,2024
2024-04-28 11:20:00+00:00,2024-04-28 13:05:00+00:00,short,63497.99,63630.47,SL,-0.7368,72.9416,2024
2024-04-28 17:20:00+00:00,2024-04-28 17:45:00+00:00,short,63609.01,63754.34,SL,-0.7294,72.2122,2024
2024-04-28 22:05:00+00:00,2024-04-28 22:30:00+00:00,short,63583.39,63209.65,TP,1.4442,73.6564,2024
2024-04-29 01:20:00+00:00,2024-04-29 01:35:00+00:00,short,63110.0,63298.0,SL,-0.7366,72.9198,2024
2024-04-29 02:15:00+00:00,2024-04-29 02:35:00+00:00,short,63149.98,62814.0,TP,1.4584,74.3782,2024
2024-04-29 03:55:00+00:00,2024-04-29 04:05:00+00:00,short,62279.67,62445.04,SL,-0.7438,73.6345,2024
2024-04-29 05:25:00+00:00,2024-04-29 06:45:00+00:00,short,62344.01,62067.85,TP,1.4727,75.1072,2024
2024-04-29 09:05:00+00:00,2024-04-29 09:50:00+00:00,short,62305.87,62579.86,SL,-0.7511,74.3561,2024
2024-04-29 10:40:00+00:00,2024-04-29 12:30:00+00:00,short,62456.0,62160.05,TP,1.4871,75.8432,2024
2024-04-29 13:30:00+00:00,2024-04-29 13:40:00+00:00,short,62391.99,61976.99,TP,1.5169,77.3601,2024
2024-04-29 17:25:00+00:00,2024-04-29 17:35:00+00:00,long,63184.22,62988.0,SL,-0.7736,76.5865,2024
2024-04-29 19:40:00+00:00,2024-04-29 20:05:00+00:00,long,62750.44,63024.38,TP,1.5317,78.1182,2024
2024-04-29 21:50:00+00:00,2024-04-29 22:15:00+00:00,long,63092.18,63367.18,TP,1.5624,79.6806,2024
2024-04-30 00:45:00+00:00,2024-04-30 01:25:00+00:00,long,64400.4,64249.99,SL,-0.7968,78.8838,2024
2024-04-30 02:50:00+00:00,2024-04-30 03:00:00+00:00,long,63862.99,63681.15,SL,-0.7888,78.0949,2024
2024-04-30 03:25:00+00:00,2024-04-30 04:15:00+00:00,long,63741.68,63575.22,SL,-0.7809,77.314,2024
2024-04-30 07:40:00+00:00,2024-04-30 08:10:00+00:00,short,63287.98,62837.61,TP,1.5463,78.8602,2024
2024-04-30 11:30:00+00:00,2024-04-30 12:05:00+00:00,short,61349.99,61070.39,TP,1.5772,80.4374,2024
2024-04-30 13:50:00+00:00,2024-04-30 14:20:00+00:00,short,60791.24,60924.53,SL,-0.8044,79.6331,2024
2024-04-30 15:20:00+00:00,2024-04-30 15:50:00+00:00,short,60938.31,60691.09,TP,1.5927,81.2257,2024
2024-04-30 17:10:00+00:00,2024-04-30 17:20:00+00:00,short,60264.71,60449.33,SL,-0.8123,80.4135,2024
2024-04-30 18:45:00+00:00,2024-04-30 18:50:00+00:00,short,60118.5,60249.99,SL,-0.8041,79.6093,2024
2024-04-30 19:10:00+00:00,2024-04-30 19:15:00+00:00,short,60000.01,60216.02,SL,-0.7961,78.8133,2024
2024-04-30 23:00:00+00:00,2024-04-30 23:30:00+00:00,short,60503.99,60669.62,SL,-0.7881,78.0251,2024
2024-05-01 00:00:00+00:00,2024-05-01 00:25:00+00:00,short,60688.39,60425.57,TP,1.5605,79.5856,2024
2024-05-01 01:55:00+00:00,2024-05-01 02:05:00+00:00,short,60133.78,59799.99,TP,1.5917,81.1773,2024
2024-05-01 05:05:00+00:00,2024-05-01 05:45:00+00:00,short,60267.49,60005.41,TP,1.6235,82.8009,2024
2024-05-01 12:50:00+00:00,2024-05-01 13:30:00+00:00,short,57873.52,57378.99,TP,1.656,84.4569,2024
2024-05-01 14:35:00+00:00,2024-05-01 14:40:00+00:00,short,57331.1,57456.0,SL,-0.8446,83.6123,2024
2024-05-01 15:05:00+00:00,2024-05-01 15:15:00+00:00,short,57108.2,56792.18,TP,1.6722,85.2846,2024
2024-05-01 17:10:00+00:00,2024-05-01 17:15:00+00:00,short,56773.99,56894.99,SL,-0.8528,84.4317,2024
2024-05-01 22:50:00+00:00,2024-05-01 23:35:00+00:00,short,57969.81,58221.99,SL,-0.8443,83.5874,2024
2024-05-02 04:45:00+00:00,2024-05-02 06:10:00+00:00,short,57441.7,57581.11,SL,-0.8359,82.7515,2024
2024-05-02 07:40:00+00:00,2024-05-02 08:25:00+00:00,short,57689.54,57905.86,SL,-0.8275,81.924,2024
2024-05-02 10:45:00+00:00,2024-05-02 11:05:00+00:00,long,57883.81,58221.1,TP,1.6385,83.5625,2024
2024-05-02 14:30:00+00:00,2024-05-02 14:40:00+00:00,long,58863.6,59261.08,TP,1.6712,85.2338,2024
2024-05-02 17:55:00+00:00,2024-05-02 18:15:00+00:00,long,59190.24,59050.0,SL,-0.8523,84.3814,2024
2024-05-02 18:35:00+00:00,2024-05-02 19:10:00+00:00,long,59305.08,59105.62,SL,-0.8438,83.5376,2024
2024-05-02 19:55:00+00:00,2024-05-02 20:05:00+00:00,long,59351.11,59231.98,SL,-0.8354,82.7022,2024
2024-05-02 21:25:00+00:00,2024-05-02 21:35:00+00:00,long,58999.0,59546.82,TP,1.654,84.3563,2024
2024-05-03 00:55:00+00:00,2024-05-03 01:05:00+00:00,long,59031.81,59345.99,TP,1.6871,86.0434,2024
2024-05-03 03:05:00+00:00,2024-05-03 04:30:00+00:00,long,59774.99,59600.0,SL,-0.8604,85.183,2024
2024-05-03 07:10:00+00:00,2024-05-03 07:35:00+00:00,long,59415.23,59220.0,SL,-0.8518,84.3311,2024
2024-05-03 08:10:00+00:00,2024-05-03 09:45:00+00:00,long,59251.18,59547.59,TP,1.6866,86.0178,2024
2024-05-03 16:30:00+00:00,2024-05-03 16:45:00+00:00,long,61902.25,61705.96,SL,-0.8602,85.1576,2024
2024-05-03 19:40:00+00:00,2024-05-03 20:05:00+00:00,long,61830.89,62108.01,TP,1.7032,86.8607,2024
2024-05-03 22:30:00+00:00,2024-05-03 22:50:00+00:00,long,62984.0,62801.35,SL,-0.8686,85.9921,2024
2024-05-03 23:25:00+00:00,2024-05-03 23:40:00+00:00,long,63111.98,62968.57,SL,-0.8599,85.1322,2024
2024-05-04 00:45:00+00:00,2024-05-04 01:00:00+00:00,long,63079.41,62894.0,SL,-0.8513,84.2809,2024
2024-05-04 01:20:00+00:00,2024-05-04 01:25:00+00:00,long,63106.0,63566.01,TP,1.6856,85.9665,2024
2024-05-04 03:10:00+00:00,2024-05-04 04:45:00+00:00,long,62722.81,62980.02,TP,1.7193,87.6858,2024
2024-05-04 07:40:00+00:00,2024-05-04 10:25:00+00:00,long,63064.5,63342.48,TP,1.7537,89.4395,2024
2024-05-04 14:25:00+00:00,2024-05-04 15:30:00+00:00,long,63726.65,63440.0,SL,-0.8944,88.5451,2024
2024-05-04 16:30:00+00:00,2024-05-04 17:50:00+00:00,long,63569.35,63427.15,SL,-0.8855,87.6597,2024
2024-05-04 18:20:00+00:00,2024-05-04 19:50:00+00:00,long,63579.96,64013.34,TP,1.7532,89.4129,2024
2024-05-04 23:10:00+00:00,2024-05-05 00:40:00+00:00,long,63805.32,63468.01,SL,-0.8941,88.5188,2024
2024-05-05 03:30:00+00:00,2024-05-05 03:45:00+00:00,short,63038.2,63168.0,SL,-0.8852,87.6336,2024
2024-05-05 05:30:00+00:00,2024-05-05 07:05:00+00:00,short,63327.99,63466.0,SL,-0.8763,86.7572,2024
2024-05-05 10:10:00+00:00,2024-05-05 10:45:00+00:00,long,63764.0,63602.67,SL,-0.8676,85.8897,2024
2024-05-05 11:15:00+00:00,2024-05-05 13:15:00+00:00,long,63749.99,64098.01,TP,1.7178,87.6075,2024
2024-05-05 14:55:00+00:00,2024-05-05 15:40:00+00:00,long,64100.0,64399.16,TP,1.7522,89.3596,2024
2024-05-05 19:25:00+00:00,2024-05-05 20:15:00+00:00,long,63954.19,63738.69,SL,-0.8936,88.466,2024
2024-05-06 01:05:00+00:00,2024-05-06 01:30:00+00:00,long,64376.0,64165.95,SL,-0.8847,87.5814,2024
2024-05-06 06:10:00+00:00,2024-05-06 06:40:00+00:00,long,64394.01,64263.73,SL,-0.8758,86.7055,2024
2024-05-06 07:35:00+00:00,2024-05-06 08:15:00+00:00,long,64438.01,64968.01,TP,1.7341,88.4396,2024
2024-05-06 12:25:00+00:00,2024-05-06 12:35:00+00:00,short,63821.01,63989.74,SL,-0.8844,87.5553,2024
2024-05-06 13:20:00+00:00,2024-05-06 13:30:00+00:00,short,63486.0,63636.21,SL,-0.8756,86.6797,2024
2024-05-06 14:45:00+00:00,2024-05-06 14:55:00+00:00,short,63707.48,63271.97,TP,1.7336,88.4133,2024
2024-05-06 16:40:00+00:00,2024-05-06 17:30:00+00:00,short,63368.07,63025.28,TP,1.7683,90.1816,2024
2024-05-06 19:15:00+00:00,2024-05-06 19:50:00+00:00,short,62976.41,63172.75,SL,-0.9018,89.2797,2024
2024-05-06 22:10:00+00:00,2024-05-06 23:35:00+00:00,short,63465.41,63158.18,TP,1.7856,91.0653,2024
2024-05-07 08:15:00+00:00,2024-05-07 08:45:00+00:00,long,63996.73,64268.9,TP,1.8213,92.8866,2024
2024-05-07 11:00:00+00:00,2024-05-07 11:35:00+00:00,long,64053.0,63823.32,SL,-0.9289,91.9578,2024
2024-05-07 13:40:00+00:00,2024-05-07 13:55:00+00:00,short,63488.0,63213.16,TP,1.8392,93.7969,2024
2024-05-07 16:05:00+00:00,2024-05-07 16:25:00+00:00,long,63855.58,63657.51,SL,-0.938,92.859,2024
2024-05-07 20:55:00+00:00,2024-05-07 21:20:00+00:00,short,62974.94,63158.96,SL,-0.9286,91.9304,2024
2024-05-07 21:45:00+00:00,2024-05-07 21:55:00+00:00,short,62925.7,63074.01,SL,-0.9193,91.0111,2024
2024-05-07 22:05:00+00:00,2024-05-07 22:30:00+00:00,short,62949.5,63087.24,SL,-0.9101,90.101,2024
2024-05-07 22:55:00+00:00,2024-05-07 23:00:00+00:00,short,62850.92,62415.13,TP,1.802,91.903,2024
2024-05-08 03:15:00+00:00,2024-05-08 03:40:00+00:00,short,62649.3,62922.01,SL,-0.919,90.9839,2024
2024-05-08 04:25:00+00:00,2024-05-08 04:55:00+00:00,short,62796.55,62520.15,TP,1.8197,92.8036,2024
2024-05-08 06:15:00+00:00,2024-05-08 08:45:00+00:00,short,62406.0,62131.71,TP,1.8561,94.6597,2024
2024-05-08 09:30:00+00:00,2024-05-08 09:50:00+00:00,short,62141.28,62268.01,SL,-0.9466,93.7131,2024
2024-05-08 11:10:00+00:00,2024-05-08 11:45:00+00:00,short,62236.89,62372.0,SL,-0.9371,92.776,2024
2024-05-08 12:30:00+00:00,2024-05-08 13:10:00+00:00,short,62250.15,61909.69,TP,1.8555,94.6315,2024
2024-05-08 15:05:00+00:00,2024-05-08 15:15:00+00:00,short,62321.67,62040.06,TP,1.8926,96.5241,2024
2024-05-08 22:15:00+00:00,2024-05-08 23:05:00+00:00,short,61267.68,61009.41,TP,1.9305,98.4546,2024
2024-05-09 03:10:00+00:00,2024-05-09 03:50:00+00:00,short,61549.95,61700.3,SL,-0.9845,97.4701,2024
2024-05-09 04:00:00+00:00,2024-05-09 07:45:00+00:00,short,61648.8,61329.4,TP,1.9494,99.4195,2024
2024-05-09 09:10:00+00:00,2024-05-09 09:20:00+00:00,short,61251.97,60998.0,TP,1.9884,101.4078,2024
2024-05-09 10:25:00+00:00,2024-05-09 10:45:00+00:00,short,61018.57,61144.26,SL,-1.0141,100.3938,2024
2024-05-09 10:55:00+00:00,2024-05-09 11:10:00+00:00,short,60805.99,60956.91,SL,-1.0039,99.3898,2024
2024-05-09 13:25:00+00:00,2024-05-09 13:40:00+00:00,short,61357.2,61047.99,TP,1.9878,101.3776,2024
2024-05-09 18:20:00+00:00,2024-05-09 19:50:00+00:00,long,62114.01,62449.98,TP,2.0276,103.4052,2024
2024-05-09 20:45:00+00:00,2024-05-09 21:05:00+00:00,long,62550.5,62812.51,TP,2.0681,105.4733,2024
2024-05-09 22:25:00+00:00,2024-05-09 22:45:00+00:00,long,62759.99,63190.99,TP,2.1095,107.5828,2024
2024-05-10 01:35:00+00:00,2024-05-10 01:40:00+00:00,long,62914.47,62755.88,SL,-1.0758,106.5069,2024
2024-05-10 01:50:00+00:00,2024-05-10 05:20:00+00:00,long,62864.42,62731.77,SL,-1.0651,105.4419,2024
2024-05-10 06:05:00+00:00,2024-05-10 06:50:00+00:00,long,62880.0,63194.0,TP,2.1088,107.5507,2024
2024-05-10 09:35:00+00:00,2024-05-10 11:55:00+00:00,long,63004.0,63299.63,TP,2.151,109.7017,2024
2024-05-10 13:50:00+00:00,2024-05-10 14:00:00+00:00,long,63077.47,62910.0,SL,-1.097,108.6047,2024
2024-05-10 17:20:00+00:00,2024-05-10 17:40:00+00:00,short,60443.03,60592.64,SL,-1.086,107.5186,2024
2024-05-10 17:45:00+00:00,2024-05-10 18:25:00+00:00,short,60347.52,60469.75,SL,-1.0752,106.4435,2024
2024-05-10 20:30:00+00:00,2024-05-10 22:05:00+00:00,short,60643.59,60768.25,SL,-1.0644,105.379,2024
2024-05-10 23:50:00+00:00,2024-05-11 01:10:00+00:00,short,60888.0,61052.0,SL,-1.0538,104.3252,2024
2024-05-11 01:45:00+00:00,2024-05-11 06:30:00+00:00,short,60872.0,61026.32,SL,-1.0433,103.282,2024
2024-05-11 06:50:00+00:00,2024-05-11 11:05:00+00:00,short,60931.99,60588.3,TP,2.0656,105.3476,2024
2024-05-11 12:55:00+00:00,2024-05-11 13:05:00+00:00,short,60710.01,60844.39,SL,-1.0535,104.2941,2024
2024-05-11 14:25:00+00:00,2024-05-11 15:10:00+00:00,short,60860.0,61150.0,SL,-1.0429,103.2512,2024
2024-05-11 18:25:00+00:00,2024-05-11 20:25:00+00:00,long,61122.01,60964.0,SL,-1.0325,102.2187,2024
2024-05-11 23:35:00+00:00,2024-05-12 00:25:00+00:00,short,60853.99,61016.97,SL,-1.0222,101.1965,2024
2024-05-12 01:20:00+00:00,2024-05-12 04:35:00+00:00,short,60925.13,61050.01,SL,-1.012,100.1845,2024
2024-05-12 10:15:00+00:00,2024-05-12 15:45:00+00:00,long,61208.32,61460.0,TP,2.0037,102.1882,2024
2024-05-12 17:50:00+00:00,2024-05-12 18:15:00+00:00,long,61632.56,61501.5,SL,-1.0219,101.1663,2024
2024-05-12 19:40:00+00:00,2024-05-12 21:00:00+00:00,long,61398.01,61218.81,SL,-1.0117,100.1547,2024
2024-05-12 21:50:00+00:00,2024-05-12 23:50:00+00:00,long,61254.43,61549.99,TP,2.0031,102.1578,2024
2024-05-13 05:25:00+00:00,2024-05-13 06:05:00+00:00,short,60917.16,61039.61,SL,-1.0216,101.1362,2024
2024-05-13 11:50:00+00:00,2024-05-13 12:15:00+00:00,long,62716.54,62543.98,SL,-1.0114,100.1248,2024
2024-05-13 12:30:00+00:00,2024-05-13 13:35:00+00:00,long,62769.04,62626.0,SL,-1.0012,99.1236,2024
2024-05-13 14:05:00+00:00,2024-05-13 14:55:00+00:00,long,62890.17,62747.87,SL,-0.9912,98.1324,2024
2024-05-13 15:20:00+00:00,2024-05-13 16:30:00+00:00,long,63019.66,63374.03,TP,1.9626,100.095,2024
2024-05-13 18:40:00+00:00,2024-05-13 19:15:00+00:00,long,62719.98,63030.49,TP,2.0019,102.0969,2024
2024-05-13 23:05:00+00:00,2024-05-14 01:40:00+00:00,long,62887.97,62708.93,SL,-1.021,101.0759,2024
2024-05-14 03:45:00+00:00,2024-05-14 04:10:00+00:00,short,62412.17,62566.21,SL,-1.0108,100.0652,2024
2024-05-14 06:05:00+00:00,2024-05-14 06:10:00+00:00,short,62275.51,61783.34,TP,2.0013,102.0665,2024
2024-05-14 10:00:00+00:00,2024-05-14 11:25:00+00:00,short,61740.0,61870.01,SL,-1.0207,101.0458,2024
2024-05-14 12:30:00+00:00,2024-05-14 12:40:00+00:00,short,61568.1,61800.75,SL,-1.0105,100.0354,2024
2024-05-14 13:55:00+00:00,2024-05-14 14:15:00+00:00,short,61695.98,61178.98,TP,2.0007,102.0361,2024
2024-05-14 14:50:00+00:00,2024-05-14 14:55:00+00:00,short,61605.46,61803.74,SL,-1.0204,101.0157,2024
2024-05-14 15:45:00+00:00,2024-05-14 15:50:00+00:00,short,61720.76,61871.96,SL,-1.0102,100.0055,2024
2024-05-14 17:35:00+00:00,2024-05-14 18:10:00+00:00,short,61215.6,61422.81,SL,-1.0001,99.0055,2024
2024-05-14 20:50:00+00:00,2024-05-15 00:45:00+00:00,short,61666.26,61398.79,TP,1.9801,100.9856,2024
2024-05-15 03:10:00+00:00,2024-05-15 07:35:00+00:00,long,61925.1,62178.32,TP,2.0197,103.0053,2024
2024-05-15 09:40:00+00:00,2024-05-15 09:45:00+00:00,long,62452.38,62723.19,TP,2.0601,105.0654,2024
2024-05-15 12:25:00+00:00,2024-05-15 12:30:00+00:00,long,62661.63,63763.64,TP,2.1013,107.1667,2024
2024-05-15 15:10:00+00:00,2024-05-15 15:40:00+00:00,long,64877.12,64675.01,SL,-1.0717,106.0951,2024
2024-05-15 18:15:00+00:00,2024-05-15 18:55:00+00:00,long,65243.32,65717.28,TP,2.1219,108.217,2024
2024-05-15 21:45:00+00:00,2024-05-15 21:50:00+00:00,long,66139.93,65862.61,SL,-1.0822,107.1348,2024
2024-05-15 22:15:00+00:00,2024-05-16 00:00:00+00:00,long,66117.65,66426.65,TP,2.1427,109.2775,2024
2024-05-16 02:10:00+00:00,2024-05-16 02:30:00+00:00,long,66113.09,65956.1,SL,-1.0928,108.1847,2024
2024-05-16 03:15:00+00:00,2024-05-16 04:45:00+00:00,long,65966.67,65821.45,SL,-1.0818,107.1029,2024
2024-05-16 05:35:00+00:00,2024-05-16 06:00:00+00:00,long,65843.54,65688.03,SL,-1.071,106.0318,2024
2024-05-16 06:15:00+00:00,2024-05-16 07:25:00+00:00,long,65826.68,66099.98,TP,2.1206,108.1525,2024
2024-05-16 09:00:00+00:00,2024-05-16 09:20:00+00:00,long,66349.99,66136.15,SL,-1.0815,107.0709,2024
2024-05-16 09:50:00+00:00,2024-05-16 10:00:00+00:00,long,66347.99,66189.9,SL,-1.0707,106.0002,2024
2024-05-16 11:45:00+00:00,2024-05-16 12:35:00+00:00,long,66256.61,66065.99,SL,-1.06,104.9402,2024
2024-05-16 13:35:00+00:00,2024-05-16 14:10:00+00:00,long,66170.05,66013.99,SL,-1.0494,103.8908,2024
2024-05-16 14:20:00+00:00,2024-05-16 14:30:00+00:00,short,65831.69,65976.01,SL,-1.0389,102.8519,2024
2024-05-16 16:20:00+00:00,2024-05-16 16:30:00+00:00,short,65604.8,65315.75,TP,2.057,104.909,2024
2024-05-16 20:05:00+00:00,2024-05-16 20:35:00+00:00,short,65102.01,65249.99,SL,-1.0491,103.8599,2024
2024-05-16 22:05:00+00:00,2024-05-16 22:40:00+00:00,short,65245.99,65426.19,SL,-1.0386,102.8213,2024
2024-05-16 23:05:00+00:00,2024-05-17 00:15:00+00:00,short,65279.25,65433.99,SL,-1.0282,101.7931,2024
2024-05-17 00:45:00+00:00,2024-05-17 00:55:00+00:00,short,65300.0,65508.69,SL,-1.0179,100.7751,2024
2024-05-17 01:15:00+00:00,2024-05-17 01:35:00+00:00,short,65211.26,65398.58,SL,-1.0078,99.7674,2024
2024-05-17 02:05:00+00:00,2024-05-17 02:40:00+00:00,short,65200.0,65450.06,SL,-0.9977,98.7697,2024
2024-05-17 05:40:00+00:00,2024-05-17 06:45:00+00:00,long,65640.01,65964.0,TP,1.9754,100.7451,2024
2024-05-17 09:45:00+00:00,2024-05-17 13:05:00+00:00,long,66329.94,66156.09,SL,-1.0075,99.7376,2024
2024-05-17 14:15:00+00:00,2024-05-17 14:30:00+00:00,long,66147.65,66417.46,TP,1.9948,101.7324,2024
2024-05-17 18:45:00+00:00,2024-05-17 19:25:00+00:00,long,66621.07,66897.98,TP,2.0346,103.767,2024
2024-05-17 22:50:00+00:00,2024-05-18 07:20:00+00:00,long,66759.99,67239.74,TP,2.0753,105.8424,2024
2024-05-18 08:15:00+00:00,2024-05-18 11:05:00+00:00,long,67075.58,67380.78,TP,2.1168,107.9592,2024
2024-05-18 14:20:00+00:00,2024-05-18 14:40:00+00:00,long,67000.0,66682.1,SL,-1.0796,106.8796,2024
2024-05-18 17:30:00+00:00,2024-05-18 20:20:00+00:00,short,66822.09,66960.0,SL,-1.0688,105.8108,2024
2024-05-18 22:45:00+00:00,2024-05-19 02:50:00+00:00,long,66930.47,67238.02,TP,2.1162,107.9271,2024
2024-05-19 05:00:00+00:00,2024-05-19 06:30:00+00:00,long,67130.0,66979.99,SL,-1.0793,106.8478,2024
2024-05-19 07:20:00+00:00,2024-05-19 09:25:00+00:00,long,67149.99,66990.11,SL,-1.0685,105.7793,2024
2024-05-19 09:55:00+00:00,2024-05-19 10:30:00+00:00,long,67180.01,67511.5,TP,2.1156,107.8949,2024
2024-05-19 11:45:00+00:00,2024-05-19 12:15:00+00:00,long,67308.38,67039.07,SL,-1.0789,106.816,2024
2024-05-19 14:45:00+00:00,2024-05-19 16:50:00+00:00,short,66920.0,66598.99,TP,2.1363,108.9523,2024
2024-05-19 18:30:00+00:00,2024-05-19 19:05:00+00:00,short,66621.4,66281.59,TP,2.179,111.1313,2024
2024-05-19 23:05:00+00:00,2024-05-20 00:35:00+00:00,short,66268.0,66432.93,SL,-1.1113,110.02,2024
2024-05-20 01:25:00+00:00,2024-05-20 01:50:00+00:00,short,66288.01,66467.29,SL,-1.1002,108.9198,2024
2024-05-20 04:30:00+00:00,2024-05-20 05:00:00+00:00,long,66887.82,67170.01,TP,2.1784,111.0982,2024
2024-05-20 07:35:00+00:00,2024-05-20 10:05:00+00:00,long,66825.94,67111.97,TP,2.222,113.3202,2024
2024-05-20 13:10:00+00:00,2024-05-20 13:35:00+00:00,long,67039.0,66788.88,SL,-1.1332,112.187,2024
2024-05-20 13:50:00+00:00,2024-05-20 14:10:00+00:00,long,67119.99,66830.46,SL,-1.1219,111.0651,2024
2024-05-20 14:55:00+00:00,2024-05-20 15:20:00+00:00,long,67006.01,67324.01,TP,2.2213,113.2864,2024
2024-05-20 18:55:00+00:00,2024-05-20 19:20:00+00:00,long,68728.41,69202.02,TP,2.2657,115.5521,2024
2024-05-20 21:55:00+00:00,2024-05-20 23:10:00+00:00,long,69717.79,70063.81,TP,2.311,117.8632,2024
2024-05-21 02:40:00+00:00,2024-05-21 04:05:00+00:00,long,71301.8,71129.98,SL,-1.1786,116.6845,2024
2024-05-21 05:35:00+00:00,2024-05-21 06:35:00+00:00,long,71010.38,71349.77,TP,2.3337,119.0182,2024
2024-05-21 09:00:00+00:00,2024-05-21 10:10:00+00:00,long,70915.0,71268.41,TP,2.3804,121.3986,2024
2024-05-21 11:15:00+00:00,2024-05-21 13:10:00+00:00,long,71162.45,71011.99,SL,-1.214,120.1846,2024
2024-05-21 15:35:00+00:00,2024-05-21 16:15:00+00:00,short,70077.4,70229.13,SL,-1.2018,118.9828,2024
2024-05-21 16:55:00+00:00,2024-05-21 17:05:00+00:00,short,69668.03,69888.0,SL,-1.1898,117.7929,2024
2024-05-21 19:25:00+00:00,2024-05-21 20:05:00+00:00,short,69377.29,69562.69,SL,-1.1779,116.615,2024
2024-05-21 21:20:00+00:00,2024-05-21 21:50:00+00:00,short,69547.88,69688.52,SL,-1.1662,115.4488,2024
2024-05-22 02:00:00+00:00,2024-05-22 02:40:00+00:00,long,70190.36,70030.0,SL,-1.1545,114.2944,2024
2024-05-22 06:45:00+00:00,2024-05-22 08:30:00+00:00,short,69845.06,70070.16,SL,-1.1429,113.1514,2024
2024-05-22 09:10:00+00:00,2024-05-22 09:30:00+00:00,short,69900.92,70064.01,SL,-1.1315,112.0199,2024
2024-05-22 09:35:00+00:00,2024-05-22 10:25:00+00:00,short,69941.65,70108.98,SL,-1.1202,110.8997,2024
2024-05-22 12:25:00+00:00,2024-05-22 12:30:00+00:00,long,70039.56,69891.27,SL,-1.109,109.7907,2024
2024-05-22 13:25:00+00:00,2024-05-22 14:45:00+00:00,short,69721.9,69970.0,SL,-1.0979,108.6928,2024
2024-05-22 20:30:00+00:00,2024-05-22 20:35:00+00:00,short,69400.0,69564.52,SL,-1.0869,107.6059,2024
2024-05-22 22:30:00+00:00,2024-05-23 00:15:00+00:00,short,69235.0,69407.85,SL,-1.0761,106.5298,2024
2024-05-23 01:10:00+00:00,2024-05-23 01:25:00+00:00,short,69365.99,69520.58,SL,-1.0653,105.4645,2024
2024-05-23 01:55:00+00:00,2024-05-23 07:30:00+00:00,short,69483.16,69625.39,SL,-1.0546,104.4099,2024
2024-05-23 09:15:00+00:00,2024-05-23 10:50:00+00:00,long,69749.93,69565.07,SL,-1.0441,103.3658,2024
2024-05-23 11:15:00+00:00,2024-05-23 12:55:00+00:00,long,69773.91,69428.53,SL,-1.0337,102.3321,2024
2024-05-23 17:50:00+00:00,2024-05-23 18:05:00+00:00,short,67721.98,67360.35,TP,2.0466,104.3788,2024
2024-05-23 20:00:00+00:00,2024-05-23 20:05:00+00:00,short,66664.01,66921.13,SL,-1.0438,103.335,2024
2024-05-23 21:25:00+00:00,2024-05-23 21:30:00+00:00,short,67433.99,67756.13,SL,-1.0333,102.3016,2024
2024-05-23 22:10:00+00:00,2024-05-23 23:50:00+00:00,short,67781.46,67931.76,SL,-1.023,101.2786,2024
2024-05-24 00:20:00+00:00,2024-05-24 00:35:00+00:00,short,67702.08,67958.0,SL,-1.0128,100.2658,2024
2024-05-24 01:00:00+00:00,2024-05-24 02:55:00+00:00,short,67771.78,67978.37,SL,-1.0027,99.2632,2024
2024-05-24 03:50:00+00:00,2024-05-24 05:15:00+00:00,short,67855.02,67574.74,TP,1.9853,101.2484,2024
2024-05-24 06:30:00+00:00,2024-05-24 06:55:00+00:00,short,67249.74,66887.01,TP,2.025,103.2734,2024
2024-05-24 08:20:00+00:00,2024-05-24 08:35:00+00:00,short,66826.36,66979.9,SL,-1.0327,102.2407,2024
2024-05-24 10:55:00+00:00,2024-05-24 12:20:00+00:00,short,67353.43,67499.0,SL,-1.0224,101.2182,2024
2024-05-24 12:35:00+00:00,2024-05-24 13:50:00+00:00,short,67399.98,66954.0,TP,2.0244,103.2426,2024
2024-05-24 14:20:00+00:00,2024-05-24 14:30:00+00:00,long,67609.16,67937.63,TP,2.0649,105.3075,2024
2024-05-24 17:00:00+00:00,2024-05-24 17:55:00+00:00,long,68565.61,68919.02,TP,2.1061,107.4136,2024
2024-05-24 20:05:00+00:00,2024-05-24 20:15:00+00:00,long,69165.89,68962.39,SL,-1.0741,106.3395,2024
2024-05-25 00:15:00+00:00,2024-05-25 08:15:00+00:00,long,68660.01,68938.72,TP,2.1268,108.4663,2024
2024-05-25 09:10:00+00:00,2024-05-25 10:40:00+00:00,long,68933.18,69216.0,TP,2.1693,110.6356,2024
2024-05-25 13:25:00+00:00,2024-05-25 13:35:00+00:00,long,69232.4,68987.11,SL,-1.1064,109.5292,2024
2024-05-25 14:30:00+00:00,2024-05-25 16:00:00+00:00,long,69044.02,68903.46,SL,-1.0953,108.4339,2024
2024-05-25 17:05:00+00:00,2024-05-25 18:15:00+00:00,long,68951.61,69233.27,TP,2.1687,110.6026,2024
2024-05-25 21:25:00+00:00,2024-05-26 02:20:00+00:00,long,69162.16,68931.59,SL,-1.106,109.4966,2024
2024-05-26 05:00:00+00:00,2024-05-26 05:55:00+00:00,short,68951.07,69139.6,SL,-1.095,108.4016,2024
2024-05-26 07:10:00+00:00,2024-05-26 08:10:00+00:00,long,69140.01,69467.02,TP,2.168,110.5697,2024
2024-05-26 10:10:00+00:00,2024-05-26 12:20:00+00:00,long,69130.0,68984.39,SL,-1.1057,109.464,2024
2024-05-26 18:05:00+00:00,2024-05-26 19:05:00+00:00,short,68744.0,68888.81,SL,-1.0946,108.3693,2024
2024-05-26 20:15:00+00:00,2024-05-26 21:30:00+00:00,short,68824.24,68425.57,TP,2.1674,110.5367,2024
2024-05-26 23:10:00+00:00,2024-05-27 00:30:00+00:00,short,68500.0,68648.15,SL,-1.1054,109.4313,2024
2024-05-27 06:55:00+00:00,2024-05-27 07:25:00+00:00,short,68393.23,68540.0,SL,-1.0943,108.337,2024
2024-05-27 08:45:00+00:00,2024-05-27 13:05:00+00:00,short,68560.21,68738.27,SL,-1.0834,107.2537,2024
2024-05-27 20:25:00+00:00,2024-05-27 23:15:00+00:00,long,69636.62,69432.72,SL,-1.0725,106.1811,2024
2024-05-28 00:25:00+00:00,2024-05-28 01:30:00+00:00,short,69313.99,69506.98,SL,-1.0618,105.1193,2024
2024-05-28 01:45:00+00:00,2024-05-28 03:05:00+00:00,short,68700.0,68409.38,TP,2.1024,107.2217,2024
2024-05-28 04:20:00+00:00,2024-05-28 04:30:00+00:00,short,67824.0,67500.01,TP,2.1444,109.3661,2024
2024-05-28 07:15:00+00:00,2024-05-28 08:25:00+00:00,short,67826.72,68014.77,SL,-1.0937,108.2725,2024
2024-05-28 10:40:00+00:00,2024-05-28 11:10:00+00:00,short,68483.13,68636.03,SL,-1.0827,107.1897,2024
2024-05-28 12:40:00+00:00,2024-05-28 13:35:00+00:00,short,68300.0,68021.28,TP,2.1438,109.3335,2024
2024-05-28 16:25:00+00:00,2024-05-28 17:10:00+00:00,short,67871.68,68048.18,SL,-1.0933,108.2402,2024
2024-05-28 18:00:00+00:00,2024-05-28 18:35:00+00:00,short,67864.02,67294.29,TP,2.1648,110.405,2024
2024-05-28 21:30:00+00:00,2024-05-29 01:15:00+00:00,long,68492.01,68354.7,SL,-1.104,109.301,2024
2024-05-29 01:40:00+00:00,2024-05-29 02:05:00+00:00,long,68671.97,68518.67,SL,-1.093,108.208,2024
2024-05-29 03:35:00+00:00,2024-05-29 05:10:00+00:00,long,68798.71,68595.8,SL,-1.0821,107.1259,2024
2024-05-29 11:15:00+00:00,2024-05-29 13:10:00+00:00,short,67891.51,68196.0,SL,-1.0713,106.0546,2024
2024-05-29 13:25:00+00:00,2024-05-29 15:30:00+00:00,short,67830.01,67418.0,TP,2.1211,108.1757,2024
2024-05-29 18:15:00+00:00,2024-05-29 19:25:00+00:00,short,67456.0,67710.01,SL,-1.0818,107.0939,2024
2024-05-29 19:45:00+00:00,2024-05-29 21:30:00+00:00,short,67396.71,67559.1,SL,-1.0709,106.023,2024
2024-05-29 22:45:00+00:00,2024-05-30 01:45:00+00:00,short,67656.44,67836.01,SL,-1.0602,104.9628,2024
2024-05-30 03:55:00+00:00,2024-05-30 06:05:00+00:00,long,68118.2,67942.92,SL,-1.0496,103.9131,2024
2024-05-30 07:35:00+00:00,2024-05-30 07:50:00+00:00,long,67929.72,67586.26,SL,-1.0391,102.874,2024
2024-05-30 12:35:00+00:00,2024-05-30 13:45:00+00:00,long,68023.87,68600.99,TP,2.0575,104.9315,2024
2024-05-30 15:55:00+00:00,2024-05-30 16:15:00+00:00,long,68530.76,68388.03,SL,-1.0493,103.8822,2024
2024-05-30 16:45:00+00:00,2024-05-30 17:20:00+00:00,long,68600.0,69104.76,TP,2.0776,105.9598,2024
2024-05-30 20:45:00+00:00,2024-05-30 21:10:00+00:00,long,68538.5,68357.3,SL,-1.0596,104.9002,2024
2024-05-31 00:30:00+00:00,2024-05-31 01:00:00+00:00,short,68330.0,68589.54,SL,-1.049,103.8512,2024
2024-05-31 01:45:00+00:00,2024-05-31 02:05:00+00:00,short,68376.4,68539.99,SL,-1.0385,102.8127,2024
2024-05-31 02:10:00+00:00,2024-05-31 05:00:00+00:00,long,68618.31,68459.81,SL,-1.0281,101.7846,2024
2024-05-31 05:55:00+00:00,2024-05-31 06:10:00+00:00,long,68442.72,68303.58,SL,-1.0178,100.7667,2024
2024-05-31 06:30:00+00:00,2024-05-31 09:15:00+00:00,short,68326.8,67932.0,TP,2.0153,102.7821,2024
2024-05-31 12:20:00+00:00,2024-05-31 12:30:00+00:00,long,68525.75,68877.0,TP,2.0556,104.8377,2024
2024-05-31 16:05:00+00:00,2024-05-31 16:25:00+00:00,short,66850.12,67000.01,SL,-1.0484,103.7893,2024
2024-05-31 18:30:00+00:00,2024-05-31 18:35:00+00:00,short,67179.99,67374.05,SL,-1.0379,102.7514,2024
2024-05-31 20:20:00+00:00,2024-05-31 23:20:00+00:00,short,67635.01,67312.8,TP,2.055,104.8065,2024
2024-06-01 01:20:00+00:00,2024-06-01 02:45:00+00:00,short,67560.0,67701.47,SL,-1.0481,103.7584,2024
2024-06-01 03:15:00+00:00,2024-06-01 12:45:00+00:00,short,67630.81,67804.0,SL,-1.0376,102.7208,2024
2024-06-01 14:30:00+00:00,2024-06-01 15:55:00+00:00,long,67865.04,67691.28,SL,-1.0272,101.6936,2024
2024-06-01 19:40:00+00:00,2024-06-02 09:25:00+00:00,long,67782.64,67585.43,SL,-1.0169,100.6767,2024
2024-06-02 13:50:00+00:00,2024-06-02 15:15:00+00:00,long,68190.97,68047.98,SL,-1.0068,99.6699,2024
2024-06-02 17:00:00+00:00,2024-06-02 17:15:00+00:00,long,68091.95,67926.38,SL,-0.9967,98.6732,2024
2024-06-02 19:20:00+00:00,2024-06-02 19:30:00+00:00,short,67525.0,67675.34,SL,-0.9867,97.6865,2024
2024-06-02 21:55:00+00:00,2024-06-02 22:30:00+00:00,short,67816.14,67971.01,SL,-0.9769,96.7096,2024
2024-06-02 22:55:00+00:00,2024-06-02 23:50:00+00:00,long,67927.99,67783.96,SL,-0.9671,95.7425,2024
2024-06-03 04:40:00+00:00,2024-06-03 05:40:00+00:00,long,68423.61,68763.11,TP,1.9148,97.6574,2024
2024-06-03 08:20:00+00:00,2024-06-03 09:15:00+00:00,long,69114.22,68975.91,SL,-0.9766,96.6808,2024
2024-06-03 10:25:00+00:00,2024-06-03 10:45:00+00:00,long,69175.32,69010.0,SL,-0.9668,95.714,2024
2024-06-03 11:20:00+00:00,2024-06-03 11:35:00+00:00,long,69185.04,69030.0,SL,-0.9571,94.7569,2024
2024-06-03 15:35:00+00:00,2024-06-03 15:55:00+00:00,long,69277.24,69615.28,TP,1.8951,96.652,2024
2024-06-03 17:25:00+00:00,2024-06-03 18:45:00+00:00,long,69162.32,69443.35,TP,1.933,98.585,2024
2024-06-03 20:00:00+00:00,2024-06-03 20:55:00+00:00,long,69277.26,69101.28,SL,-0.9859,97.5992,2024
2024-06-03 22:30:00+00:00,2024-06-03 23:05:00+00:00,long,69133.21,68994.61,SL,-0.976,96.6232,2024
2024-06-03 23:15:00+00:00,2024-06-04 01:30:00+00:00,short,68952.0,69138.28,SL,-0.9662,95.657,2024
2024-06-04 03:10:00+00:00,2024-06-04 03:35:00+00:00,long,69332.21,69189.54,SL,-0.9566,94.7004,2024
2024-06-04 04:30:00+00:00,2024-06-04 04:50:00+00:00,long,69265.0,69118.2,SL,-0.947,93.7534,2024
2024-06-04 08:50:00+00:00,2024-06-04 09:15:00+00:00,short,68920.0,68642.71,TP,1.8751,95.6285,2024
2024-06-04 12:05:00+00:00,2024-06-04 12:15:00+00:00,short,68873.66,69020.0,SL,-0.9563,94.6722,2024
2024-06-04 12:50:00+00:00,2024-06-04 13:00:00+00:00,short,68925.81,69071.78,SL,-0.9467,93.7254,2024
2024-06-04 13:10:00+00:00,2024-06-04 13:40:00+00:00,long,69230.79,69548.0,TP,1.8745,95.6,2024
2024-06-04 15:15:00+00:00,2024-06-04 15:50:00+00:00,long,70059.07,70477.01,TP,1.912,97.512,2024
2024-06-04 18:15:00+00:00,2024-06-04 18:55:00+00:00,long,70855.74,70693.67,SL,-0.9751,96.5368,2024
2024-06-04 20:40:00+00:00,2024-06-04 22:00:00+00:00,long,70346.46,70640.93,TP,1.9307,98.4676,2024
2024-06-05 00:20:00+00:00,2024-06-05 01:25:00+00:00,long,70629.99,71002.12,TP,1.9694,100.4369,2024
2024-06-05 04:10:00+00:00,2024-06-05 07:40:00+00:00,long,70948.99,71346.91,TP,2.0087,102.4457,2024
2024-06-05 10:50:00+00:00,2024-06-05 13:20:00+00:00,long,70856.09,71140.01,TP,2.0489,104.4946,2024
2024-06-05 13:35:00+00:00,2024-06-05 14:05:00+00:00,short,70770.02,70465.66,TP,2.0899,106.5845,2024
2024-06-05 14:35:00+00:00,2024-06-05 15:15:00+00:00,long,70908.0,71259.95,TP,2.1317,108.7162,2024
2024-06-05 19:35:00+00:00,2024-06-05 23:25:00+00:00,long,71097.18,70850.0,SL,-1.0872,107.629,2024
2024-06-06 00:00:00+00:00,2024-06-06 00:50:00+00:00,long,71135.73,70991.99,SL,-1.0763,106.5527,2024
2024-06-06 01:25:00+00:00,2024-06-06 04:10:00+00:00,long,71099.99,70948.01,SL,-1.0655,105.4872,2024
2024-06-06 05:10:00+00:00,2024-06-06 07:50:00+00:00,short,70874.22,71016.81,SL,-1.0549,104.4323,2024
2024-06-06 08:20:00+00:00,2024-06-06 09:05:00+00:00,short,70913.83,71104.18,SL,-1.0443,103.388,2024
2024-06-06 09:40:00+00:00,2024-06-06 11:35:00+00:00,short,70949.98,71100.0,SL,-1.0339,102.3541,2024
2024-06-06 13:35:00+00:00,2024-06-06 13:55:00+00:00,long,71328.37,71123.09,SL,-1.0235,101.3306,2024
2024-06-06 14:35:00+00:00,2024-06-06 15:25:00+00:00,long,71292.86,71596.76,TP,2.0266,103.3572,2024
2024-06-06 17:15:00+00:00,2024-06-06 18:05:00+00:00,long,71129.24,70895.98,SL,-1.0336,102.3236,2024
2024-06-06 18:10:00+00:00,2024-06-06 18:35:00+00:00,short,70909.99,71055.99,SL,-1.0232,101.3004,2024
2024-06-06 19:10:00+00:00,2024-06-06 19:50:00+00:00,short,70900.01,70544.17,TP,2.026,103.3264,2024
2024-06-06 23:25:00+00:00,2024-06-07 03:25:00+00:00,short,70803.39,70990.38,SL,-1.0333,102.2931,2024
2024-06-07 05:15:00+00:00,2024-06-07 07:35:00+00:00,long,71276.85,71133.82,SL,-1.0229,101.2702,2024
2024-06-07 08:30:00+00:00,2024-06-07 11:30:00+00:00,long,71130.0,71542.1,TP,2.0254,103.2956,2024
2024-06-07 12:30:00+00:00,2024-06-07 12:55:00+00:00,short,70937.98,71234.09,SL,-1.033,102.2626,2024
2024-06-07 13:25:00+00:00,2024-06-07 13:30:00+00:00,long,71377.96,71209.75,SL,-1.0226,101.24,2024
2024-06-07 14:40:00+00:00,2024-06-07 15:15:00+00:00,long,71413.45,71222.88,SL,-1.0124,100.2276,2024
2024-06-07 16:45:00+00:00,2024-06-07 17:15:00+00:00,short,70921.76,70578.27,TP,2.0046,102.2321,2024
2024-06-07 23:25:00+00:00,2024-06-08 00:40:00+00:00,short,69335.02,69476.73,SL,-1.0223,101.2098,2024
2024-06-08 01:10:00+00:00,2024-06-08 03:10:00+00:00,short,69339.99,69483.15,SL,-1.0121,100.1977,2024
2024-06-08 03:55:00+00:00,2024-06-08 07:55:00+00:00,short,69432.0,69582.2,SL,-1.002,99.1958,2024
2024-06-08 08:10:00+00:00,2024-06-09 02:35:00+00:00,short,69469.25,69169.99,TP,1.9839,101.1797,2024
2024-06-09 05:05:00+00:00,2024-06-09 06:50:00+00:00,short,69234.74,69389.99,SL,-1.0118,100.1679,2024
2024-06-09 08:50:00+00:00,2024-06-09 12:45:00+00:00,long,69355.9,69663.64,TP,2.0034,102.1712,2024
2024-06-09 14:55:00+00:00,2024-06-09 18:10:00+00:00,long,69490.12,69770.69,TP,2.0434,104.2147,2024
2024-06-09 19:05:00+00:00,2024-06-09 20:00:00+00:00,long,69804.0,69652.0,SL,-1.0421,103.1725,2024
2024-06-09 21:00:00+00:00,2024-06-10 00:05:00+00:00,long,69734.69,69570.0,SL,-1.0317,102.1408,2024
2024-06-10 01:00:00+00:00,2024-06-10 06:45:00+00:00,long,69582.81,69439.95,SL,-1.0214,101.1194,2024
2024-06-10 07:35:00+00:00,2024-06-10 11:40:00+00:00,short,69379.16,69530.46,SL,-1.0112,100.1082,2024
2024-06-10 12:10:00+00:00,2024-06-10 12:25:00+00:00,short,69372.01,69520.0,SL,-1.0011,99.1071,2024
2024-06-10 12:40:00+00:00,2024-06-10 14:35:00+00:00,short,69402.07,69587.51,SL,-0.9911,98.116,2024
2024-06-10 17:55:00+00:00,2024-06-10 18:25:00+00:00,long,70043.0,69872.0,SL,-0.9812,97.1349,2024
2024-06-10 20:30:00+00:00,2024-06-10 22:00:00+00:00,long,69653.64,69500.0,SL,-0.9713,96.1635,2024
2024-06-11 00:35:00+00:00,2024-06-11 01:50:00+00:00,short,69439.99,68965.07,TP,1.9233,98.0868,2024
2024-06-11 04:20:00+00:00,2024-06-11 06:20:00+00:00,short,67977.29,67600.34,TP,1.9617,100.0485,2024
2024-06-11 06:30:00+00:00,2024-06-11 07:05:00+00:00,short,67638.79,67787.78,SL,-1.0005,99.048,2024
2024-06-11 07:50:00+00:00,2024-06-11 09:35:00+00:00,short,67555.47,67273.59,TP,1.981,101.029,2024
2024-06-11 10:55:00+00:00,2024-06-11 11:10:00+00:00,short,66961.99,67109.0,SL,-1.0103,100.0187,2024
2024-06-11 11:30:00+00:00,2024-06-11 12:05:00+00:00,short,66885.0,67073.77,SL,-1.0002,99.0185,2024
2024-06-11 12:35:00+00:00,2024-06-11 12:40:00+00:00,short,66830.01,67070.48,SL,-0.9902,98.0283,2024
2024-06-11 13:45:00+00:00,2024-06-11 14:10:00+00:00,short,66832.03,67027.42,SL,-0.9803,97.0481,2024
2024-06-11 15:00:00+00:00,2024-06-11 15:10:00+00:00,short,66803.0,67052.02,SL,-0.9705,96.0776,2024
2024-06-11 15:25:00+00:00,2024-06-11 15:40:00+00:00,short,66862.69,66125.68,TP,1.9216,97.9991,2024
2024-06-11 17:20:00+00:00,2024-06-11 17:30:00+00:00,short,66261.45,66424.26,SL,-0.98,97.0191,2024
2024-06-11 19:30:00+00:00,2024-06-11 19:45:00+00:00,short,67213.76,67425.5,SL,-0.9702,96.0489,2024
2024-06-11 22:00:00+00:00,2024-06-11 22:30:00+00:00,long,67485.15,67347.99,SL,-0.9605,95.0885,2024
2024-06-11 23:05:00+00:00,2024-06-11 23:15:00+00:00,long,67552.0,67416.0,SL,-0.9509,94.1376,2024
2024-06-12 04:10:00+00:00,2024-06-12 05:25:00+00:00,long,67517.7,67370.08,SL,-0.9414,93.1962,2024
2024-06-12 06:35:00+00:00,2024-06-12 09:50:00+00:00,long,67369.99,67694.83,TP,1.8639,95.0601,2024
2024-06-12 12:25:00+00:00,2024-06-12 12:30:00+00:00,long,68010.0,69299.9,TP,1.9012,96.9613,2024
2024-06-12 14:25:00+00:00,2024-06-12 15:40:00+00:00,long,69867.87,69550.01,SL,-0.9696,95.9917,2024
2024-06-12 17:25:00+00:00,2024-06-12 18:00:00+00:00,long,69657.13,69259.98,SL,-0.9599,95.0318,2024
2024-06-12 22:25:00+00:00,2024-06-13 00:15:00+00:00,short,68306.53,68005.86,TP,1.9006,96.9324,2024
2024-06-13 01:20:00+00:00,2024-06-13 02:40:00+00:00,short,68143.99,67865.98,TP,1.9386,98.8711,2024
2024-06-13 05:00:00+00:00,2024-06-13 05:10:00+00:00,short,67414.85,67570.39,SL,-0.9887,97.8824,2024
2024-06-13 06:10:00+00:00,2024-06-13 07:20:00+00:00,short,67459.99,67679.74,SL,-0.9788,96.9035,2024
2024-06-13 08:25:00+00:00,2024-06-13 09:35:00+00:00,short,67590.48,67270.59,TP,1.9381,98.8416,2024
2024-06-13 11:50:00+00:00,2024-06-13 12:30:00+00:00,short,67725.0,68108.97,SL,-0.9884,97.8532,2024
2024-06-13 12:35:00+00:00,2024-06-13 13:20:00+00:00,short,67774.07,67925.36,SL,-0.9785,96.8747,2024
2024-06-13 13:50:00+00:00,2024-06-13 14:20:00+00:00,short,67697.45,67340.0,TP,1.9375,98.8122,2024
2024-06-13 19:05:00+00:00,2024-06-13 21:45:00+00:00,short,66759.9,66901.79,SL,-0.9881,97.824,2024
2024-06-13 22:50:00+00:00,2024-06-14 01:05:00+00:00,short,66901.14,66585.05,TP,1.9565,99.7805,2024
2024-06-14 03:10:00+00:00,2024-06-14 05:30:00+00:00,short,66762.74,66920.01,SL,-0.9978,98.7827,2024
2024-06-14 06:25:00+00:00,2024-06-14 07:50:00+00:00,short,66911.01,67064.16,SL,-0.9878,97.7949,2024
2024-06-14 07:55:00+00:00,2024-06-14 08:05:00+00:00,short,66904.98,67059.26,SL,-0.9779,96.8169,2024
2024-06-14 08:10:00+00:00,2024-06-14 09:15:00+00:00,long,67188.9,67004.31,SL,-0.9682,95.8488,2024
2024-06-14 13:20:00+00:00,2024-06-14 13:55:00+00:00,long,67250.46,67070.5,SL,-0.9585,94.8903,2024
2024-06-14 15:05:00+00:00,2024-06-14 15:30:00+00:00,short,66812.01,66962.19,SL,-0.9489,93.9414,2024
2024-06-14 15:40:00+00:00,2024-06-14 16:00:00+00:00,short,66645.59,66365.52,TP,1.8788,95.8202,2024
2024-06-14 22:05:00+00:00,2024-06-15 00:15:00+00:00,short,65984.02,66116.4,SL,-0.9582,94.862,2024
2024-06-15 01:15:00+00:00,2024-06-15 03:00:00+00:00,short,66115.26,66268.06,SL,-0.9486,93.9134,2024
2024-06-15 04:05:00+00:00,2024-06-15 07:05:00+00:00,long,66286.46,66125.14,SL,-0.9391,92.9742,2024
2024-06-15 09:30:00+00:00,2024-06-15 10:30:00+00:00,short,66108.01,66269.27,SL,-0.9297,92.0445,2024
2024-06-15 13:20:00+00:00,2024-06-15 14:30:00+00:00,long,66319.58,66186.04,SL,-0.9204,91.1241,2024
2024-06-15 15:05:00+00:00,2024-06-15 16:45:00+00:00,long,66334.52,66191.97,SL,-0.9112,90.2128,2024
2024-06-15 17:25:00+00:00,2024-06-15 18:45:00+00:00,long,66276.01,66140.04,SL,-0.9021,89.3107,2024
2024-06-15 20:10:00+00:00,2024-06-15 23:05:00+00:00,short,66100.0,66239.99,SL,-0.8931,88.4176,2024
2024-06-16 02:45:00+00:00,2024-06-16 05:55:00+00:00,short,66116.84,66264.0,SL,-0.8842,87.5334,2024
2024-06-16 06:50:00+00:00,2024-06-16 09:10:00+00:00,long,66358.21,66202.7,SL,-0.8753,86.6581,2024
2024-06-16 09:25:00+00:00,2024-06-16 10:50:00+00:00,long,66384.51,66710.0,TP,1.7332,88.3912,2024
2024-06-16 13:05:00+00:00,2024-06-16 14:55:00+00:00,long,66659.99,66519.02,SL,-0.8839,87.5073,2024
2024-06-16 15:40:00+00:00,2024-06-16 17:45:00+00:00,long,66680.0,66544.26,SL,-0.8751,86.6322,2024
2024-06-16 18:05:00+00:00,2024-06-16 21:40:00+00:00,long,66609.72,66463.75,SL,-0.8663,85.7659,2024
2024-06-16 21:55:00+00:00,2024-06-16 22:05:00+00:00,long,66525.0,66950.02,TP,1.7153,87.4812,2024
2024-06-17 00:30:00+00:00,2024-06-17 00:50:00+00:00,long,66819.98,66640.92,SL,-0.8748,86.6064,2024
2024-06-17 03:50:00+00:00,2024-06-17 04:25:00+00:00,short,66216.0,66358.01,SL,-0.8661,85.7404,2024
2024-06-17 05:50:00+00:00,2024-06-17 07:10:00+00:00,short,66304.59,65988.24,TP,1.7148,87.4552,2024
2024-06-17 08:30:00+00:00,2024-06-17 08:40:00+00:00,short,66028.34,66188.01,SL,-0.8746,86.5806,2024
2024-06-17 09:20:00+00:00,2024-06-17 09:55:00+00:00,short,66145.09,65722.08,TP,1.7316,88.3122,2024
2024-06-17 12:00:00+00:00,2024-06-17 13:30:00+00:00,short,65780.03,65444.01,TP,1.7662,90.0785,2024
2024-06-17 13:35:00+00:00,2024-06-17 13:55:00+00:00,short,65466.03,65200.01,TP,1.8016,91.88,2024
2024-06-17 15:20:00+00:00,2024-06-17 15:40:00+00:00,short,65357.92,65580.29,SL,-0.9188,90.9612,2024
2024-06-17 15:50:00+00:00,2024-06-17 16:00:00+00:00,short,65312.0,65514.56,SL,-0.9096,90.0516,2024
2024-06-17 16:15:00+00:00,2024-06-17 16:20:00+00:00,short,65225.26,65724.0,SL,-0.9005,89.1511,2024
2024-06-17 21:15:00+00:00,2024-06-18 00:05:00+00:00,long,66553.4,66418.11,SL,-0.8915,88.2596,2024
2024-06-18 05:40:00+00:00,2024-06-18 06:50:00+00:00,short,65722.0,65422.02,TP,1.7652,90.0248,2024
2024-06-18 08:25:00+00:00,2024-06-18 08:50:00+00:00,short,65606.88,65750.0,SL,-0.9002,89.1246,2024
2024-06-18 09:15:00+00:00,2024-06-18 11:10:00+00:00,short,65576.0,65311.29,TP,1.7825,90.907,2024
2024-06-18 12:20:00+00:00,2024-06-18 13:30:00+00:00,short,65110.84,64776.99,TP,1.8181,92.7252,2024
2024-06-18 15:00:00+00:00,2024-06-18 15:40:00+00:00,short,64620.03,64812.0,SL,-0.9273,91.7979,2024
2024-06-18 16:10:00+00:00,2024-06-18 16:25:00+00:00,short,64466.02,64635.52,SL,-0.918,90.88,2024
2024-06-18 16:45:00+00:00,2024-06-18 16:50:00+00:00,short,64376.0,64516.19,SL,-0.9088,89.9712,2024
2024-06-18 18:00:00+00:00,2024-06-18 18:05:00+00:00,short,64419.6,64640.0,SL,-0.8997,89.0714,2024
2024-06-18 18:55:00+00:00,2024-06-18 19:40:00+00:00,short,64678.01,64390.18,TP,1.7814,90.8529,2024
2024-06-19 00:50:00+00:00,2024-06-19 01:15:00+00:00,long,65164.01,65483.63,TP,1.8171,92.6699,2024
2024-06-19 01:35:00+00:00,2024-06-19 02:05:00+00:00,short,65074.34,65232.0,SL,-0.9267,91.7432,2024
2024-06-19 02:10:00+00:00,2024-06-19 02:25:00+00:00,long,65186.01,65462.01,TP,1.8349,93.5781,2024
2024-06-19 04:10:00+00:00,2024-06-19 04:45:00+00:00,long,65616.01,65459.19,SL,-0.9358,92.6423,2024
2024-06-19 06:30:00+00:00,2024-06-19 07:25:00+00:00,long,65530.62,65238.0,SL,-0.9264,91.7159,2024
2024-06-19 11:35:00+00:00,2024-06-19 11:40:00+00:00,short,65045.88,65195.18,SL,-0.9172,90.7987,2024
2024-06-19 13:50:00+00:00,2024-06-19 20:10:00+00:00,short,65076.0,64805.1,TP,1.816,92.6147,2024
2024-06-19 20:40:00+00:00,2024-06-19 21:05:00+00:00,short,64782.68,64947.86,SL,-0.9261,91.6886,2024
2024-06-19 22:10:00+00:00,2024-06-20 00:55:00+00:00,short,64951.45,65098.01,SL,-0.9169,90.7717,2024
2024-06-20 03:55:00+00:00,2024-06-20 05:45:00+00:00,long,65189.99,65455.02,TP,1.8154,92.5871,2024
2024-06-20 07:15:00+00:00,2024-06-20 08:10:00+00:00,long,65930.27,65784.0,SL,-0.9259,91.6612,2024
2024-06-20 10:30:00+00:00,2024-06-20 10:55:00+00:00,long,65751.61,66209.49,TP,1.8332,93.4945,2024
2024-06-20 16:15:00+00:00,2024-06-20 16:35:00+00:00,short,64610.13,64747.82,SL,-0.9349,92.5595,2024
2024-06-20 19:05:00+00:00,2024-06-20 20:05:00+00:00,short,65030.01,65160.75,SL,-0.9256,91.6339,2024
2024-06-20 20:25:00+00:00,2024-06-20 21:25:00+00:00,short,65038.0,65182.66,SL,-0.9163,90.7176,2024
2024-06-20 21:35:00+00:00,2024-06-21 00:10:00+00:00,short,65054.58,64723.82,TP,1.8144,92.5319,2024
2024-06-21 01:10:00+00:00,2024-06-21 01:20:00+00:00,short,64671.74,64839.62,SL,-0.9253,91.6066,2024
2024-06-21 02:30:00+00:00,2024-06-21 03:55:00+00:00,short,64814.0,64506.14,TP,1.8321,93.4387,2024
2024-06-21 06:55:00+00:00,2024-06-21 07:50:00+00:00,short,64627.64,64326.01,TP,1.8688,95.3075,2024
2024-06-21 11:35:00+00:00,2024-06-21 12:15:00+00:00,short,63821.06,63553.99,TP,1.9062,97.2137,2024
2024-06-21 13:50:00+00:00,2024-06-21 13:55:00+00:00,short,63433.92,63615.21,SL,-0.9721,96.2415,2024
2024-06-21 15:20:00+00:00,2024-06-21 15:35:00+00:00,short,63978.02,63578.02,TP,1.9248,98.1664,2024
2024-06-21 17:20:00+00:00,2024-06-21 17:40:00+00:00,short,63479.12,63722.0,SL,-0.9817,97.1847,2024
2024-06-21 22:05:00+00:00,2024-06-22 00:35:00+00:00,long,64140.0,63986.73,SL,-0.9718,96.2129,2024
2024-06-22 01:05:00+00:00,2024-06-22 05:45:00+00:00,long,64162.01,64424.0,TP,1.9243,98.1371,2024
2024-06-22 07:40:00+00:00,2024-06-22 08:15:00+00:00,long,64487.38,64357.03,SL,-0.9814,97.1557,2024
2024-06-22 09:40:00+00:00,2024-06-23 14:50:00+00:00,long,64307.33,64154.97,SL,-0.9716,96.1842,2024
2024-06-23 16:50:00+00:00,2024-06-23 17:15:00+00:00,short,64003.99,64168.41,SL,-0.9618,95.2223,2024
2024-06-23 19:35:00+00:00,2024-06-23 20:30:00+00:00,short,64094.46,63710.0,TP,1.9044,97.1268,2024
2024-06-23 23:00:00+00:00,2024-06-23 23:35:00+00:00,short,63643.81,63314.02,TP,1.9425,99.0693,2024
2024-06-24 02:45:00+00:00,2024-06-24 04:05:00+00:00,short,63034.81,62753.82,TP,1.9814,101.0507,2024
2024-06-24 05:15:00+00:00,2024-06-24 05:40:00+00:00,short,62634.0,62283.25,TP,2.021,103.0717,2024
2024-06-24 09:05:00+00:00,2024-06-24 09:25:00+00:00,short,62546.0,62149.5,TP,2.0614,105.1332,2024
2024-06-24 13:10:00+00:00,2024-06-24 13:20:00+00:00,short,61045.15,61190.0,SL,-1.0513,104.0818,2024
2024-06-24 14:30:00+00:00,2024-06-24 15:45:00+00:00,short,61287.99,60973.49,TP,2.0816,106.1635,2024
2024-06-24 19:20:00+00:00,2024-06-24 19:45:00+00:00,short,59955.56,59680.41,TP,2.1233,108.2867,2024
2024-06-24 22:55:00+00:00,2024-06-24 23:10:00+00:00,short,60048.98,60214.8,SL,-1.0829,107.2039,2024
2024-06-25 00:00:00+00:00,2024-06-25 00:15:00+00:00,short,60318.01,60452.01,SL,-1.072,106.1318,2024
2024-06-25 00:55:00+00:00,2024-06-25 02:00:00+00:00,short,60409.11,60572.01,SL,-1.0613,105.0705,2024
2024-06-25 02:25:00+00:00,2024-06-25 02:30:00+00:00,short,60470.41,60608.0,SL,-1.0507,104.0198,2024
2024-06-25 06:40:00+00:00,2024-06-25 07:10:00+00:00,long,61115.14,60978.0,SL,-1.0402,102.9796,2024
2024-06-25 11:20:00+00:00,2024-06-25 11:25:00+00:00,long,61433.56,61222.0,SL,-1.0298,101.9498,2024
2024-06-25 13:15:00+00:00,2024-06-25 13:35:00+00:00,long,61170.02,61043.07,SL,-1.0195,100.9303,2024
2024-06-25 13:40:00+00:00,2024-06-25 14:15:00+00:00,long,61199.99,61531.52,TP,2.0186,102.9489,2024
2024-06-25 15:35:00+00:00,2024-06-25 16:20:00+00:00,long,61850.0,61524.05,SL,-1.0295,101.9194,2024
2024-06-25 17:20:00+00:00,2024-06-25 17:55:00+00:00,long,61655.65,61381.44,SL,-1.0192,100.9002,2024
2024-06-25 18:20:00+00:00,2024-06-25 18:25:00+00:00,long,61736.01,61991.9,TP,2.018,102.9182,2024
2024-06-25 22:00:00+00:00,2024-06-25 22:50:00+00:00,long,62043.66,61902.97,SL,-1.0292,101.8891,2024
2024-06-26 00:05:00+00:00,2024-06-26 01:50:00+00:00,long,61772.31,62069.99,TP,2.0378,103.9268,2024
2024-06-26 08:10:00+00:00,2024-06-26 10:05:00+00:00,short,61550.36,61292.0,TP,2.0785,106.0054,2024
2024-06-26 12:35:00+00:00,2024-06-26 12:50:00+00:00,short,61343.18,61495.42,SL,-1.0601,104.9453,2024
2024-06-26 13:05:00+00:00,2024-06-26 13:25:00+00:00,short,61394.92,61523.98,SL,-1.0495,103.8959,2024
2024-06-26 16:45:00+00:00,2024-06-26 17:05:00+00:00,short,61233.3,60888.01,TP,2.0779,105.9738,2024
2024-06-26 17:40:00+00:00,2024-06-26 17:55:00+00:00,short,61014.01,61242.0,SL,-1.0597,104.914,2024
2024-06-26 18:55:00+00:00,2024-06-26 19:50:00+00:00,short,60910.02,61056.99,SL,-1.0491,103.8649,2024
2024-06-26 20:25:00+00:00,2024-06-26 20:55:00+00:00,short,60800.01,60993.36,SL,-1.0386,102.8263,2024
2024-06-26 22:15:00+00:00,2024-06-27 03:20:00+00:00,short,61000.12,61212.12,SL,-1.0283,101.798,2024
2024-06-27 03:45:00+00:00,2024-06-27 04:15:00+00:00,short,61022.01,61147.66,SL,-1.018,100.78,2024
2024-06-27 04:55:00+00:00,2024-06-27 05:50:00+00:00,short,61114.02,60853.53,TP,2.0156,102.7956,2024
2024-06-27 12:05:00+00:00,2024-06-27 12:30:00+00:00,long,61412.4,61232.01,SL,-1.028,101.7677,2024
2024-06-27 13:00:00+00:00,2024-06-27 13:55:00+00:00,long,61558.0,61990.0,TP,2.0354,103.803,2024
2024-06-27 16:35:00+00:00,2024-06-27 19:05:00+00:00,long,61750.0,61617.11,SL,-1.038,102.765,2024
2024-06-27 20:20:00+00:00,2024-06-28 01:15:00+00:00,long,61500.01,61803.73,TP,2.0553,104.8203,2024
2024-06-28 03:30:00+00:00,2024-06-28 04:00:00+00:00,long,61891.85,61740.77,SL,-1.0482,103.7721,2024
2024-06-28 04:55:00+00:00,2024-06-28 05:15:00+00:00,long,61750.44,61584.47,SL,-1.0377,102.7344,2024
2024-06-28 06:00:00+00:00,2024-06-28 06:10:00+00:00,short,61525.28,61666.67,SL,-1.0273,101.707,2024
2024-06-28 07:20:00+00:00,2024-06-28 07:45:00+00:00,short,61504.01,61240.01,TP,2.0341,103.7412,2024
2024-06-28 11:00:00+00:00,2024-06-28 11:15:00+00:00,short,61523.38,61700.83,SL,-1.0374,102.7037,2024
2024-06-28 13:35:00+00:00,2024-06-28 13:55:00+00:00,long,61622.85,61297.99,SL,-1.027,101.6767,2024
2024-06-28 14:00:00+00:00,2024-06-28 14:25:00+00:00,short,61360.0,61082.0,TP,2.0335,103.7102,2024
2024-06-28 17:50:00+00:00,2024-06-28 19:15:00+00:00,short,60796.01,60393.05,TP,2.0742,105.7844,2024
2024-06-29 05:35:00+00:00,2024-06-29 07:05:00+00:00,short,60750.01,60884.01,SL,-1.0578,104.7266,2024
2024-06-29 09:55:00+00:00,2024-06-30 02:45:00+00:00,long,60970.0,60780.0,SL,-1.0473,103.6793,2024
2024-06-30 04:25:00+00:00,2024-06-30 06:35:00+00:00,short,60798.78,60930.28,SL,-1.0368,102.6425,2024
2024-06-30 11:15:00+00:00,2024-06-30 12:35:00+00:00,long,61628.0,61356.01,SL,-1.0264,101.6161,2024
2024-06-30 13:15:00+00:00,2024-06-30 18:40:00+00:00,long,61570.11,61826.0,TP,2.0323,103.6484,2024
2024-06-30 20:20:00+00:00,2024-06-30 20:45:00+00:00,long,62244.7,62034.31,SL,-1.0365,102.612,2024
2024-06-30 22:05:00+00:00,2024-06-30 22:20:00+00:00,long,62023.58,62347.33,TP,2.0522,104.6642,2024
2024-07-01 01:00:00+00:00,2024-07-01 01:05:00+00:00,long,62991.53,63306.34,TP,2.0933,106.7575,2024
2024-07-01 05:15:00+00:00,2024-07-01 08:20:00+00:00,long,63359.02,63114.36,SL,-1.0676,105.6899,2024
2024-07-01 09:35:00+00:00,2024-07-01 11:05:00+00:00,long,62896.01,62762.94,SL,-1.0569,104.633,2024
2024-07-01 11:20:00+00:00,2024-07-01 12:40:00+00:00,short,62726.01,62856.12,SL,-1.0463,103.5867,2024
2024-07-01 13:40:00+00:00,2024-07-01 14:25:00+00:00,short,62705.99,62832.01,SL,-1.0359,102.5508,2024
2024-07-01 17:30:00+00:00,2024-07-01 17:55:00+00:00,long,63418.0,63697.66,TP,2.051,104.6018,2024
2024-07-01 20:25:00+00:00,2024-07-01 21:15:00+00:00,long,63348.01,63210.02,SL,-1.046,103.5558,2024
2024-07-02 01:40:00+00:00,2024-07-02 02:05:00+00:00,short,62854.0,62991.04,SL,-1.0356,102.5202,2024
2024-07-02 10:00:00+00:00,2024-07-02 10:45:00+00:00,short,62613.3,62750.0,SL,-1.0252,101.495,2024
2024-07-02 12:25:00+00:00,2024-07-02 12:40:00+00:00,short,62754.44,62908.57,SL,-1.015,100.4801,2024
2024-07-02 13:30:00+00:00,2024-07-02 13:35:00+00:00,short,62796.99,62967.94,SL,-1.0048,99.4753,2024
2024-07-02 19:05:00+00:00,2024-07-02 19:45:00+00:00,short,62227.55,61933.34,TP,1.9895,101.4648,2024
2024-07-02 21:10:00+00:00,2024-07-02 21:45:00+00:00,short,61929.79,62079.03,SL,-1.0146,100.4501,2024
2024-07-03 00:50:00+00:00,2024-07-03 01:50:00+00:00,short,62157.41,61906.23,TP,2.009,102.4592,2024
2024-07-03 06:50:00+00:00,2024-07-03 08:50:00+00:00,short,60997.0,60660.0,TP,2.0492,104.5083,2024
2024-07-03 10:10:00+00:00,2024-07-03 10:30:00+00:00,short,60269.99,59911.1,TP,2.0902,106.5985,2024
2024-07-03 12:30:00+00:00,2024-07-03 13:00:00+00:00,short,60103.93,59844.0,TP,2.132,108.7305,2024
2024-07-03 14:30:00+00:00,2024-07-03 15:00:00+00:00,short,60406.01,60063.49,TP,2.1746,110.9051,2024
2024-07-03 15:45:00+00:00,2024-07-03 16:15:00+00:00,short,60210.77,60365.98,SL,-1.1091,109.796,2024
2024-07-03 17:20:00+00:00,2024-07-03 19:00:00+00:00,short,60437.99,60081.95,TP,2.1959,111.992,2024
2024-07-03 21:00:00+00:00,2024-07-03 21:05:00+00:00,short,59508.91,59785.37,SL,-1.1199,110.872,2024
2024-07-03 23:10:00+00:00,2024-07-04 01:00:00+00:00,short,60338.0,60465.77,SL,-1.1087,109.7633,2024
2024-07-04 01:05:00+00:00,2024-07-04 01:30:00+00:00,short,60270.0,59822.39,TP,2.1953,111.9586,2024
2024-07-04 06:15:00+00:00,2024-07-04 06:40:00+00:00,short,58785.99,58926.0,SL,-1.1196,110.839,2024
2024-07-04 07:15:00+00:00,2024-07-04 07:50:00+00:00,short,58571.47,58172.0,TP,2.2168,113.0558,2024
2024-07-04 12:00:00+00:00,2024-07-04 12:45:00+00:00,short,57673.98,57353.24,TP,2.2611,115.3169,2024
2024-07-04 16:30:00+00:00,2024-07-04 16:35:00+00:00,short,57820.0,58047.48,SL,-1.1532,114.1637,2024
2024-07-04 17:10:00+00:00,2024-07-04 17:25:00+00:00,short,58149.98,58324.0,SL,-1.1416,113.0221,2024
2024-07-04 19:10:00+00:00,2024-07-04 19:30:00+00:00,long,58303.99,58566.67,TP,2.2604,115.2825,2024
2024-07-04 21:00:00+00:00,2024-07-04 21:20:00+00:00,long,58333.89,58647.15,TP,2.3056,117.5882,2024
2024-07-04 21:55:00+00:00,2024-07-04 22:25:00+00:00,long,58494.01,58365.99,SL,-1.1759,116.4123,2024
2024-07-05 02:30:00+00:00,2024-07-05 02:50:00+00:00,short,56761.09,56334.02,TP,2.3282,118.7405,2024
2024-07-05 04:15:00+00:00,2024-07-05 04:20:00+00:00,short,53778.14,54026.3,SL,-1.1874,117.5531,2024
2024-07-05 04:55:00+00:00,2024-07-05 05:05:00+00:00,short,53941.1,54219.99,SL,-1.1755,116.3776,2024
2024-07-05 06:35:00+00:00,2024-07-05 06:40:00+00:00,short,54016.01,54288.0,SL,-1.1638,115.2138,2024
2024-07-05 08:55:00+00:00,2024-07-05 09:20:00+00:00,short,54088.0,54219.66,SL,-1.1521,114.0617,2024
2024-07-05 12:00:00+00:00,2024-07-05 12:15:00+00:00,short,55332.47,55474.0,SL,-1.1406,112.9211,2024
2024-07-05 14:15:00+00:00,2024-07-05 14:40:00+00:00,short,55559.99,55686.28,SL,-1.1292,111.7919,2024
2024-07-05 14:50:00+00:00,2024-07-05 15:00:00+00:00,long,55809.98,56038.01,TP,2.2358,114.0277,2024
2024-07-05 17:25:00+00:00,2024-07-05 17:30:00+00:00,long,56850.0,56724.0,SL,-1.1403,112.8874,2024
2024-07-05 18:45:00+00:00,2024-07-05 19:00:00+00:00,long,56589.99,56383.32,SL,-1.1289,111.7585,2024
2024-07-05 19:20:00+00:00,2024-07-05 19:55:00+00:00,long,56581.1,56465.42,SL,-1.1176,110.641,2024
2024-07-05 21:10:00+00:00,2024-07-05 22:20:00+00:00,long,56488.0,56719.99,TP,2.2128,112.8538,2024
2024-07-05 23:05:00+00:00,2024-07-06 00:00:00+00:00,long,56691.14,56515.99,SL,-1.1285,111.7252,2024
2024-07-06 00:35:00+00:00,2024-07-06 00:45:00+00:00,long,56880.0,56690.95,SL,-1.1173,110.608,2024
2024-07-06 02:30:00+00:00,2024-07-06 03:30:00+00:00,long,56414.21,56282.99,SL,-1.1061,109.5019,2024
2024-07-06 05:05:00+00:00,2024-07-06 06:20:00+00:00,long,56331.28,56568.0,TP,2.19,111.6919,2024
2024-07-06 07:05:00+00:00,2024-07-06 08:45:00+00:00,long,56651.09,56522.0,SL,-1.1169,110.575,2024
2024-07-06 09:50:00+00:00,2024-07-06 13:45:00+00:00,long,56680.01,57092.0,TP,2.2115,112.7865,2024
2024-07-06 14:45:00+00:00,2024-07-06 15:30:00+00:00,long,57020.01,57347.99,TP,2.2557,115.0423,2024
2024-07-06 16:15:00+00:00,2024-07-06 16:25:00+00:00,long,57390.02,57760.0,TP,2.3008,117.3431,2024
2024-07-06 17:15:00+00:00,2024-07-06 17:25:00+00:00,long,57972.01,57850.0,SL,-1.1734,116.1697,2024
2024-07-06 19:50:00+00:00,2024-07-06 20:30:00+00:00,long,57909.74,58166.01,TP,2.3234,118.4931,2024
2024-07-06 21:00:00+00:00,2024-07-06 21:10:00+00:00,long,58218.0,58078.0,SL,-1.1849,117.3081,2024
2024-07-06 22:15:00+00:00,2024-07-06 23:15:00+00:00,long,58046.76,58349.68,TP,2.3462,119.6543,2024
2024-07-07 01:45:00+00:00,2024-07-07 02:10:00+00:00,long,58016.11,58279.43,TP,2.3931,122.0474,2024
2024-07-07 05:20:00+00:00,2024-07-07 07:05:00+00:00,long,57740.14,57571.63,SL,-1.2205,120.8269,2024
2024-07-07 10:15:00+00:00,2024-07-07 10:20:00+00:00,short,57605.65,57726.0,SL,-1.2083,119.6186,2024
2024-07-07 10:25:00+00:00,2024-07-07 10:40:00+00:00,long,57746.0,57604.99,SL,-1.1962,118.4225,2024
2024-07-07 12:40:00+00:00,2024-07-07 13:15:00+00:00,short,57229.98,56922.0,TP,2.3685,120.7909,2024
2024-07-07 17:20:00+00:00,2024-07-07 17:50:00+00:00,short,56899.74,57138.62,SL,-1.2079,119.583,2024
2024-07-07 18:40:00+00:00,2024-07-07 21:10:00+00:00,short,57200.0,56734.0,TP,2.3917,121.9747,2024
2024-07-07 23:40:00+00:00,2024-07-08 00:00:00+00:00,short,56056.0,55724.6,TP,2.4395,124.4142,2024
2024-07-08 00:35:00+00:00,2024-07-08 00:55:00+00:00,short,55329.88,55094.0,TP,2.4883,126.9024,2024
2024-07-08 03:20:00+00:00,2024-07-08 03:30:00+00:00,short,54951.1,55224.5,SL,-1.269,125.6334,2024
2024-07-08 04:00:00+00:00,2024-07-08 04:05:00+00:00,short,55009.39,55274.01,SL,-1.2563,124.3771,2024
2024-07-08 05:25:00+00:00,2024-07-08 06:15:00+00:00,short,55408.0,55663.95,SL,-1.2438,123.1333,2024
2024-07-08 07:00:00+00:00,2024-07-08 07:20:00+00:00,short,55563.16,55717.89,SL,-1.2313,121.902,2024
2024-07-08 07:35:00+00:00,2024-07-08 07:45:00+00:00,short,55652.0,55786.37,SL,-1.219,120.683,2024
2024-07-08 12:40:00+00:00,2024-07-08 13:30:00+00:00,long,57201.18,57074.6,SL,-1.2068,119.4761,2024
2024-07-08 14:05:00+00:00,2024-07-08 14:15:00+00:00,long,57182.01,56992.01,SL,-1.1948,118.2814,2024
2024-07-08 15:50:00+00:00,2024-07-08 16:05:00+00:00,short,55830.0,56028.02,SL,-1.1828,117.0985,2024
2024-07-08 16:15:00+00:00,2024-07-08 16:25:00+00:00,short,55760.01,55535.89,TP,2.342,119.4405,2024
2024-07-08 19:00:00+00:00,2024-07-08 19:50:00+00:00,short,56281.32,56519.01,SL,-1.1944,118.2461,2024
2024-07-08 20:05:00+00:00,2024-07-08 20:20:00+00:00,short,56295.49,56448.01,SL,-1.1825,117.0637,2024
2024-07-08 21:15:00+00:00,2024-07-08 22:05:00+00:00,long,56442.0,56724.51,TP,2.3413,119.4049,2024
2024-07-09 01:05:00+00:00,2024-07-09 01:10:00+00:00,long,56769.99,57079.53,TP,2.3881,121.793,2024
2024-07-09 02:20:00+00:00,2024-07-09 02:45:00+00:00,long,56700.01,57102.19,TP,2.4359,124.2289,2024
2024-07-09 03:50:00+00:00,2024-07-09 06:20:00+00:00,long,57217.83,57498.0,TP,2.4846,126.7135,2024
2024-07-09 08:15:00+00:00,2024-07-09 08:30:00+00:00,long,57393.18,57688.58,TP,2.5343,129.2477,2024
2024-07-09 11:25:00+00:00,2024-07-09 11:45:00+00:00,long,57540.37,57421.97,SL,-1.2925,127.9553,2024
2024-07-09 12:50:00+00:00,2024-07-09 13:00:00+00:00,long,57428.15,57290.41,SL,-1.2796,126.6757,2024
2024-07-09 14:00:00+00:00,2024-07-09 14:10:00+00:00,long,57254.57,57851.15,TP,2.5335,129.2092,2024
2024-07-09 15:50:00+00:00,2024-07-09 16:20:00+00:00,long,57418.01,57747.23,TP,2.5842,131.7934,2024
2024-07-09 18:15:00+00:00,2024-07-09 18:35:00+00:00,long,57717.58,58023.03,TP,2.6359,134.4293,2024
2024-07-09 20:25:00+00:00,2024-07-09 21:50:00+00:00,long,57901.98,57783.68,SL,-1.3443,133.085,2024
2024-07-09 22:35:00+00:00,2024-07-10 00:15:00+00:00,long,57944.01,57747.98,SL,-1.3309,131.7541,2024
2024-07-10 01:25:00+00:00,2024-07-10 03:35:00+00:00,long,57781.96,58075.67,TP,2.6351,134.3892,2024
2024-07-10 09:10:00+00:00,2024-07-10 09:20:00+00:00,long,58733.88,58588.23,SL,-1.3439,133.0453,2024
2024-07-10 10:05:00+00:00,2024-07-10 10:10:00+00:00,long,58544.08,58379.89,SL,-1.3305,131.7149,2024
2024-07-10 10:20:00+00:00,2024-07-10 11:30:00+00:00,long,58570.0,58448.0,SL,-1.3171,130.3977,2024
2024-07-10 16:45:00+00:00,2024-07-10 19:10:00+00:00,short,57645.0,57391.84,TP,2.608,133.0057,2024
2024-07-10 19:55:00+00:00,2024-07-10 22:00:00+00:00,short,57392.03,57559.91,SL,-1.3301,131.6756,2024
2024-07-10 23:05:00+00:00,2024-07-10 23:30:00+00:00,short,57620.84,57739.51,SL,-1.3168,130.3589,2024
2024-07-10 23:55:00+00:00,2024-07-11 00:30:00+00:00,short,57725.85,57484.0,TP,2.6072,132.966,2024
2024-07-11 01:15:00+00:00,2024-07-11 01:35:00+00:00,short,57515.5,57836.34,SL,-1.3297,131.6364,2024
2024-07-11 06:45:00+00:00,2024-07-11 08:05:00+00:00,long,58062.27,58323.0,TP,2.6327,134.2691,2024
2024-07-11 09:15:00+00:00,2024-07-11 09:35:00+00:00,long,58263.24,58134.01,SL,-1.3427,132.9264,2024
2024-07-11 10:00:00+00:00,2024-07-11 10:10:00+00:00,long,58384.75,58238.54,SL,-1.3293,131.5971,2024
2024-07-11 10:35:00+00:00,2024-07-11 11:35:00+00:00,long,58380.5,58649.54,TP,2.6319,134.2291,2024
2024-07-11 12:30:00+00:00,2024-07-11 12:35:00+00:00,long,59258.0,59138.58,SL,-1.3423,132.8868,2024
2024-07-11 15:40:00+00:00,2024-07-11 15:50:00+00:00,short,57560.31,57298.0,TP,2.6577,135.5445,2024
2024-07-11 18:50:00+00:00,2024-07-11 19:20:00+00:00,short,57813.84,57439.86,TP,2.7109,138.2554,2024
2024-07-11 21:30:00+00:00,2024-07-11 21:55:00+00:00,short,57332.0,57460.02,SL,-1.3826,136.8729,2024
2024-07-11 22:50:00+00:00,2024-07-12 00:25:00+00:00,short,57282.04,57488.0,SL,-1.3687,135.5041,2024
2024-07-12 00:55:00+00:00,2024-07-12 01:00:00+00:00,short,57178.0,57298.78,SL,-1.355,134.1491,2024
2024-07-12 03:15:00+00:00,2024-07-12 03:30:00+00:00,short,56960.01,57123.49,SL,-1.3415,132.8076,2024
2024-07-12 07:05:00+00:00,2024-07-12 07:30:00+00:00,short,57256.56,56982.91,TP,2.6562,135.4638,2024
2024-07-12 09:20:00+00:00,2024-07-12 09:50:00+00:00,short,57186.02,56868.59,TP,2.7093,138.173,2024
2024-07-12 12:35:00+00:00,2024-07-12 12:50:00+00:00,short,57147.99,57379.66,SL,-1.3817,136.7913,2024
2024-07-12 12:55:00+00:00,2024-07-12 13:15:00+00:00,long,57382.3,57740.01,TP,2.7358,139.5271,2024
2024-07-12 15:50:00+00:00,2024-07-12 16:10:00+00:00,long,58154.0,58032.96,SL,-1.3953,138.1319,2024
2024-07-12 16:30:00+00:00,2024-07-12 16:35:00+00:00,long,58281.99,58144.48,SL,-1.3813,136.7505,2024
2024-07-12 18:35:00+00:00,2024-07-12 18:50:00+00:00,long,58440.13,58300.01,SL,-1.3675,135.383,2024
2024-07-13 01:15:00+00:00,2024-07-13 02:10:00+00:00,long,57932.28,57815.31,SL,-1.3538,134.0292,2024
2024-07-13 02:45:00+00:00,2024-07-13 04:00:00+00:00,long,57928.6,57795.45,SL,-1.3403,132.6889,2024
2024-07-13 05:05:00+00:00,2024-07-13 06:20:00+00:00,long,57860.02,58180.0,TP,2.6538,135.3427,2024
2024-07-13 07:55:00+00:00,2024-07-13 08:45:00+00:00,long,58170.32,58040.0,SL,-1.3534,133.9893,2024
2024-07-13 09:25:00+00:00,2024-07-13 09:50:00+00:00,long,58206.01,58440.0,TP,2.6798,136.6691,2024
2024-07-13 11:50:00+00:00,2024-07-13 12:10:00+00:00,long,58583.0,58444.01,SL,-1.3667,135.3024,2024
2024-07-13 12:25:00+00:00,2024-07-13 12:50:00+00:00,long,58633.01,58879.35,TP,2.706,138.0084,2024
2024-07-13 14:45:00+00:00,2024-07-13 16:15:00+00:00,long,58664.0,58916.0,TP,2.7602,140.7686,2024
2024-07-13 17:55:00+00:00,2024-07-13 18:45:00+00:00,long,58708.0,58588.0,SL,-1.4077,139.3609,2024
2024-07-13 19:05:00+00:00,2024-07-13 22:20:00+00:00,long,58663.25,58464.0,SL,-1.3936,137.9673,2024
2024-07-13 22:40:00+00:00,2024-07-13 22:50:00+00:00,long,58776.0,59226.42,TP,2.7593,140.7266,2024
2024-07-14 00:45:00+00:00,2024-07-14 01:15:00+00:00,long,59656.0,59448.11,SL,-1.4073,139.3194,2024
2024-07-14 03:25:00+00:00,2024-07-14 04:15:00+00:00,long,59481.09,59880.01,TP,2.7864,142.1057,2024
2024-07-14 07:50:00+00:00,2024-07-14 10:50:00+00:00,long,60121.34,59962.01,SL,-1.4211,140.6847,2024
2024-07-14 11:35:00+00:00,2024-07-14 12:05:00+00:00,long,60074.99,59928.13,SL,-1.4068,139.2778,2024
2024-07-14 13:20:00+00:00,2024-07-14 13:30:00+00:00,long,59735.99,59604.0,SL,-1.3928,137.8851,2024
2024-07-14 16:55:00+00:00,2024-07-14 17:10:00+00:00,long,60107.33,59980.01,SL,-1.3789,136.5062,2024
2024-07-14 18:50:00+00:00,2024-07-14 20:05:00+00:00,long,60018.23,59893.69,SL,-1.3651,135.1412,2024
2024-07-14 20:20:00+00:00,2024-07-14 21:05:00+00:00,long,59989.95,60302.15,TP,2.7028,137.844,2024
2024-07-14 23:30:00+00:00,2024-07-14 23:45:00+00:00,long,61151.66,61014.0,SL,-1.3784,136.4655,2024
2024-07-15 00:45:00+00:00,2024-07-15 01:05:00+00:00,long,61145.99,61402.0,TP,2.7293,139.1948,2024
2024-07-15 02:25:00+00:00,2024-07-15 02:50:00+00:00,long,62206.95,62474.0,TP,2.7839,141.9787,2024
2024-07-15 05:45:00+00:00,2024-07-15 05:50:00+00:00,long,62958.0,62720.28,SL,-1.4198,140.559,2024
2024-07-15 08:25:00+00:00,2024-07-15 08:50:00+00:00,long,62999.99,62813.55,SL,-1.4056,139.1534,2024
2024-07-15 10:20:00+00:00,2024-07-15 10:45:00+00:00,long,62788.01,62635.47,SL,-1.3915,137.7618,2024
2024-07-15 11:45:00+00:00,2024-07-15 13:15:00+00:00,long,62549.99,62804.01,TP,2.7552,140.5171,2024
2024-07-15 13:40:00+00:00,2024-07-15 14:55:00+00:00,long,62882.41,63218.06,TP,2.8103,143.3274,2024
2024-07-15 16:25:00+00:00,2024-07-15 16:50:00+00:00,long,63222.88,63596.12,TP,2.8665,146.194,2024
2024-07-15 18:35:00+00:00,2024-07-15 19:20:00+00:00,long,63484.17,63760.0,TP,2.9239,149.1178,2024
2024-07-15 19:30:00+00:00,2024-07-15 19:45:00+00:00,long,63613.25,63411.0,SL,-1.4912,147.6267,2024
2024-07-15 20:25:00+00:00,2024-07-15 22:10:00+00:00,long,63604.01,64135.64,TP,2.9525,150.5792,2024
2024-07-16 01:55:00+00:00,2024-07-16 02:10:00+00:00,long,64848.08,64615.08,SL,-1.5058,149.0734,2024
2024-07-16 03:00:00+00:00,2024-07-16 04:15:00+00:00,long,64739.99,64562.37,SL,-1.4907,147.5827,2024
2024-07-16 06:45:00+00:00,2024-07-16 06:50:00+00:00,short,63338.0,62983.07,TP,2.9517,150.5343,2024
2024-07-16 08:30:00+00:00,2024-07-16 08:40:00+00:00,short,62546.0,62726.0,SL,-1.5053,149.029,2024
2024-07-16 11:05:00+00:00,2024-07-16 11:10:00+00:00,short,63341.23,63502.0,SL,-1.4903,147.5387,2024
2024-07-16 14:50:00+00:00,2024-07-16 15:05:00+00:00,long,63738.01,64082.01,TP,2.9508,150.4895,2024
2024-07-16 17:50:00+00:00,2024-07-16 19:05:00+00:00,long,64571.31,64841.05,TP,3.0098,153.4993,2024
2024-07-16 19:55:00+00:00,2024-07-16 20:10:00+00:00,long,65165.43,64997.44,SL,-1.535,151.9643,2024
2024-07-16 22:45:00+00:00,2024-07-16 23:10:00+00:00,long,64582.0,64870.33,TP,3.0393,155.0035,2024
2024-07-17 03:50:00+00:00,2024-07-17 04:30:00+00:00,long,65732.01,65552.0,SL,-1.55,153.4535,2024
2024-07-17 04:50:00+00:00,2024-07-17 05:50:00+00:00,long,65787.99,65647.34,SL,-1.5345,151.919,2024
2024-07-17 08:30:00+00:00,2024-07-17 08:40:00+00:00,long,65411.46,65217.78,SL,-1.5192,150.3998,2024
2024-07-17 10:40:00+00:00,2024-07-17 10:45:00+00:00,long,65300.01,65136.6,SL,-1.504,148.8958,2024
2024-07-17 15:45:00+00:00,2024-07-17 16:10:00+00:00,short,64832.0,64392.03,TP,2.9779,151.8737,2024
2024-07-17 20:05:00+00:00,2024-07-17 21:00:00+00:00,short,64546.01,64096.73,TP,3.0375,154.9112,2024
2024-07-17 22:10:00+00:00,2024-07-18 00:10:00+00:00,short,64242.47,63916.8,TP,3.0982,158.0094,2024
2024-07-18 02:15:00+00:00,2024-07-18 02:25:00+00:00,short,64406.0,64639.94,SL,-1.5801,156.4293,2024
2024-07-18 03:15:00+00:00,2024-07-18 04:20:00+00:00,long,64826.76,64696.0,SL,-1.5643,154.865,2024
2024-07-18 05:35:00+00:00,2024-07-18 06:15:00+00:00,long,64694.0,64965.54,TP,3.0973,157.9623,2024
2024-07-18 08:45:00+00:00,2024-07-18 10:10:00+00:00,long,64794.0,64660.2,SL,-1.5796,156.3827,2024
2024-07-18 13:30:00+00:00,2024-07-18 14:15:00+00:00,short,64658.87,64343.99,TP,3.1277,159.5103,2024
2024-07-18 15:55:00+00:00,2024-07-18 16:10:00+00:00,short,63538.12,63679.99,SL,-1.5951,157.9152,2024
2024-07-18 17:50:00+00:00,2024-07-18 19:20:00+00:00,short,63613.3,63265.04,TP,3.1583,161.0735,2024
2024-07-18 21:50:00+00:00,2024-07-18 22:15:00+00:00,short,63810.64,63952.01,SL,-1.6107,159.4628,2024
2024-07-18 22:20:00+00:00,2024-07-19 00:00:00+00:00,long,64084.1,63915.24,SL,-1.5946,157.8682,2024
2024-07-19 02:50:00+00:00,2024-07-19 03:00:00+00:00,short,63741.21,64019.57,SL,-1.5787,156.2895,2024
2024-07-19 06:05:00+00:00,2024-07-19 06:20:00+00:00,long,64461.29,64300.42,SL,-1.5629,154.7266,2024
2024-07-19 09:45:00+00:00,2024-07-19 10:05:00+00:00,short,63772.16,63901.93,SL,-1.5473,153.1793,2024
2024-07-19 11:35:00+00:00,2024-07-19 11:55:00+00:00,short,63980.01,64116.0,SL,-1.5318,151.6475,2024
2024-07-19 12:00:00+00:00,2024-07-19 13:35:00+00:00,long,64171.98,64761.99,TP,3.033,154.6805,2024
2024-07-19 16:05:00+00:00,2024-07-19 16:30:00+00:00,long,66100.01,66398.84,TP,3.0936,157.7741,2024
2024-07-19 19:00:00+00:00,2024-07-19 19:30:00+00:00,long,66932.01,67277.44,TP,3.1555,160.9296,2024
2024-07-19 21:15:00+00:00,2024-07-19 21:30:00+00:00,long,67236.31,67077.23,SL,-1.6093,159.3203,2024
2024-07-20 00:05:00+00:00,2024-07-20 00:20:00+00:00,long,66788.27,66578.0,SL,-1.5932,157.7271,2024
2024-07-20 01:05:00+00:00,2024-07-20 01:50:00+00:00,long,66574.79,66293.49,SL,-1.5773,156.1498,2024
2024-07-20 02:10:00+00:00,2024-07-20 15:55:00+00:00,long,66483.69,66825.0,TP,3.123,159.2728,2024
2024-07-20 17:10:00+00:00,2024-07-20 17:15:00+00:00,long,67078.53,67389.0,TP,3.1855,162.4583,2024
2024-07-20 20:35:00+00:00,2024-07-20 21:00:00+00:00,long,67400.01,66976.18,SL,-1.6246,160.8337,2024
2024-07-20 21:55:00+00:00,2024-07-20 22:40:00+00:00,long,67092.41,66882.0,SL,-1.6083,159.2254,2024
2024-07-20 23:00:00+00:00,2024-07-21 01:45:00+00:00,long,67101.34,67376.0,TP,3.1845,162.4099,2024
2024-07-21 06:15:00+00:00,2024-07-21 09:10:00+00:00,short,66748.0,66898.0,SL,-1.6241,160.7858,2024
2024-07-21 10:20:00+00:00,2024-07-21 13:35:00+00:00,short,66924.0,66629.19,TP,3.2157,164.0015,2024
2024-07-21 14:10:00+00:00,2024-07-21 14:35:00+00:00,long,66950.01,67266.0,TP,3.28,167.2815,2024
2024-07-21 15:30:00+00:00,2024-07-21 15:40:00+00:00,long,67416.0,67212.0,SL,-1.6728,165.6087,2024
2024-07-21 16:50:00+00:00,2024-07-21 17:00:00+00:00,long,67574.01,67413.99,SL,-1.6561,163.9526,2024
2024-07-21 18:30:00+00:00,2024-07-21 18:35:00+00:00,long,67196.01,66986.61,SL,-1.6395,162.3131,2024
2024-07-21 21:40:00+00:00,2024-07-21 23:45:00+00:00,long,68086.44,67930.0,SL,-1.6231,160.6899,2024
2024-07-22 00:05:00+00:00,2024-07-22 00:45:00+00:00,long,68137.28,68424.01,TP,3.2138,163.9037,2024
2024-07-22 02:25:00+00:00,2024-07-22 03:20:00+00:00,long,68114.01,67964.0,SL,-1.639,162.2647,2024
2024-07-22 04:50:00+00:00,2024-07-22 05:15:00+00:00,long,67925.0,67760.01,SL,-1.6226,160.6421,2024
2024-07-22 06:15:00+00:00,2024-07-22 06:30:00+00:00,long,67676.0,67489.37,SL,-1.6064,159.0356,2024
2024-07-22 08:50:00+00:00,2024-07-22 09:15:00+00:00,short,67122.0,67313.46,SL,-1.5904,157.4453,2024
2024-07-22 10:50:00+00:00,2024-07-22 12:20:00+00:00,short,67390.01,67618.01,SL,-1.5745,155.8708,2024
2024-07-22 19:10:00+00:00,2024-07-22 19:45:00+00:00,long,67689.99,68114.0,TP,3.1174,158.9882,2024
2024-07-22 23:40:00+00:00,2024-07-23 01:00:00+00:00,long,67574.0,67422.01,SL,-1.5899,157.3984,2024
2024-07-23 03:40:00+00:00,2024-07-23 04:35:00+00:00,short,67516.01,67096.01,TP,3.148,160.5463,2024
2024-07-23 09:55:00+00:00,2024-07-23 11:00:00+00:00,short,66938.2,66662.68,TP,3.2109,163.7573,2024
2024-07-23 12:10:00+00:00,2024-07-23 13:45:00+00:00,short,66544.01,66214.01,TP,3.2751,167.0324,2024
2024-07-23 15:20:00+00:00,2024-07-23 15:25:00+00:00,short,66908.0,66438.02,TP,3.3406,170.3731,2024
2024-07-23 19:35:00+00:00,2024-07-23 20:45:00+00:00,short,65661.98,65913.17,SL,-1.7037,168.6693,2024
2024-07-23 22:15:00+00:00,2024-07-23 23:00:00+00:00,short,65848.0,65990.01,SL,-1.6867,166.9826,2024
2024-07-23 23:20:00+00:00,2024-07-24 00:00:00+00:00,short,65844.7,65990.0,SL,-1.6698,165.3128,2024
2024-07-24 00:30:00+00:00,2024-07-24 01:20:00+00:00,short,65836.0,65988.37,SL,-1.6531,163.6597,2024
2024-07-24 01:45:00+00:00,2024-07-24 02:50:00+00:00,short,65638.79,65789.94,SL,-1.6366,162.0231,2024
2024-07-24 04:10:00+00:00,2024-07-24 05:20:00+00:00,short,65946.31,65677.67,TP,3.2405,165.2635,2024
2024-07-24 10:15:00+00:00,2024-07-24 10:25:00+00:00,long,66549.67,66410.45,SL,-1.6526,163.6109,2024
2024-07-24 12:30:00+00:00,2024-07-24 12:40:00+00:00,long,66515.4,66356.01,SL,-1.6361,161.9748,2024
2024-07-24 13:15:00+00:00,2024-07-24 13:35:00+00:00,long,66486.01,66816.0,TP,3.2395,165.2143,2024
2024-07-24 14:15:00+00:00,2024-07-24 15:05:00+00:00,long,66759.8,66597.84,SL,-1.6521,163.5622,2024
2024-07-24 19:50:00+00:00,2024-07-24 20:00:00+00:00,short,65595.99,65822.0,SL,-1.6356,161.9265,2024
2024-07-24 21:15:00+00:00,2024-07-24 21:40:00+00:00,short,65682.0,65410.63,TP,3.2385,165.1651,2024
2024-07-24 22:35:00+00:00,2024-07-25 00:20:00+00:00,short,65422.0,65588.31,SL,-1.6517,163.5134,2024
2024-07-25 01:05:00+00:00,2024-07-25 01:10:00+00:00,short,64374.54,64550.0,SL,-1.6351,161.8783,2024
2024-07-25 06:10:00+00:00,2024-07-25 06:40:00+00:00,short,64168.0,64306.0,SL,-1.6188,160.2595,2024
2024-07-25 07:45:00+00:00,2024-07-25 08:50:00+00:00,short,64208.63,64385.01,SL,-1.6026,158.6569,2024
2024-07-25 09:45:00+00:00,2024-07-25 12:40:00+00:00,short,64262.0,63958.01,TP,3.1731,161.83,2024
2024-07-25 13:50:00+00:00,2024-07-25 14:05:00+00:00,short,63970.0,63538.01,TP,3.2366,165.0666,2024
2024-07-25 16:20:00+00:00,2024-07-25 17:25:00+00:00,long,64954.01,64806.92,SL,-1.6507,163.416,2024
2024-07-25 18:00:00+00:00,2024-07-25 18:20:00+00:00,long,65070.0,64882.01,SL,-1.6342,161.7818,2024
2024-07-25 19:25:00+00:00,2024-07-25 19:35:00+00:00,long,64965.37,64727.91,SL,-1.6178,160.164,2024
2024-07-25 20:25:00+00:00,2024-07-25 20:50:00+00:00,long,64770.0,65034.0,TP,3.2033,163.3673,2024
2024-07-26 00:10:00+00:00,2024-07-26 00:30:00+00:00,long,66062.63,65917.78,SL,-1.6337,161.7336,2024
2024-07-26 02:20:00+00:00,2024-07-26 02:55:00+00:00,long,66666.0,67014.01,TP,3.2347,164.9683,2024
2024-07-26 06:10:00+00:00,2024-07-26 07:55:00+00:00,long,67029.99,66890.56,SL,-1.6497,163.3186,2024
2024-07-26 08:15:00+00:00,2024-07-26 09:45:00+00:00,long,67098.01,67398.0,TP,3.2664,166.585,2024
2024-07-26 11:55:00+00:00,2024-07-26 12:40:00+00:00,long,67322.0,67130.0,SL,-1.6659,164.9191,2024
2024-07-26 13:05:00+00:00,2024-07-26 13:35:00+00:00,long,67275.7,67639.99,TP,3.2984,168.2175,2024
2024-07-26 15:10:00+00:00,2024-07-26 16:55:00+00:00,long,67545.46,67396.0,SL,-1.6822,166.5353,2024
2024-07-26 18:05:00+00:00,2024-07-26 19:20:00+00:00,long,67533.22,67846.01,TP,3.3307,169.866,2024
2024-07-26 21:20:00+00:00,2024-07-26 21:45:00+00:00,long,67870.0,68200.0,TP,3.3973,173.2633,2024
2024-07-27 02:20:00+00:00,2024-07-27 02:50:00+00:00,long,67782.63,68061.6,TP,3.4653,176.7286,2024
2024-07-27 04:15:00+00:00,2024-07-27 07:05:00+00:00,long,67874.0,68211.51,TP,3.5346,180.2632,2024
2024-07-27 09:15:00+00:00,2024-07-27 12:00:00+00:00,long,68072.06,68392.01,TP,3.6053,183.8684,2024
2024-07-27 16:30:00+00:00,2024-07-27 16:45:00+00:00,long,68874.37,68722.0,SL,-1.8387,182.0298,2024
2024-07-27 18:00:00+00:00,2024-07-27 18:20:00+00:00,long,68628.01,68904.0,TP,3.6406,185.6704,2024
2024-07-27 19:00:00+00:00,2024-07-27 19:20:00+00:00,short,68321.12,68491.93,SL,-1.8567,183.8137,2024
2024-07-28 02:15:00+00:00,2024-07-28 02:55:00+00:00,short,68000.01,68149.45,SL,-1.8381,181.9755,2024
2024-07-28 03:15:00+00:00,2024-07-28 04:30:00+00:00,short,68042.01,67704.01,TP,3.6395,185.615,2024
2024-07-28 08:35:00+00:00,2024-07-28 09:00:00+00:00,short,67256.0,67448.01,SL,-1.8561,183.7589,2024
2024-07-28 12:05:00+00:00,2024-07-28 12:30:00+00:00,short,67766.01,67994.01,SL,-1.8376,181.9213,2024
2024-07-28 15:55:00+00:00,2024-07-28 17:00:00+00:00,short,67645.0,67808.01,SL,-1.8192,180.1021,2024
2024-07-28 21:35:00+00:00,2024-07-29 00:05:00+00:00,long,68069.0,68728.77,TP,3.602,183.7041,2024
2024-07-29 02:15:00+00:00,2024-07-29 02:30:00+00:00,long,69130.01,69585.17,TP,3.6741,187.3782,2024
2024-07-29 05:15:00+00:00,2024-07-29 08:40:00+00:00,long,69552.01,69410.01,SL,-1.8738,185.5044,2024
2024-07-29 09:20:00+00:00,2024-07-29 10:05:00+00:00,long,69558.03,69398.0,SL,-1.855,183.6494,2024
2024-07-29 10:20:00+00:00,2024-07-29 12:50:00+00:00,long,69540.8,69823.3,TP,3.673,187.3224,2024
2024-07-29 16:25:00+00:00,2024-07-29 16:40:00+00:00,short,67345.93,66896.0,TP,3.7464,191.0688,2024
2024-07-29 17:25:00+00:00,2024-07-29 17:30:00+00:00,short,66727.34,66938.31,SL,-1.9107,189.1581,2024
2024-07-29 19:55:00+00:00,2024-07-29 21:55:00+00:00,short,67303.05,67500.0,SL,-1.8916,187.2665,2024
2024-07-29 22:35:00+00:00,2024-07-29 23:10:00+00:00,short,67260.01,66725.99,TP,3.7453,191.0119,2024
2024-07-30 01:45:00+00:00,2024-07-30 02:05:00+00:00,short,66230.01,66450.01,SL,-1.9101,189.1017,2024
2024-07-30 02:20:00+00:00,2024-07-30 02:35:00+00:00,short,66053.73,66227.38,SL,-1.891,187.2107,2024
2024-07-30 05:10:00+00:00,2024-07-30 05:30:00+00:00,short,66664.67,66360.01,TP,3.7442,190.9549,2024
2024-07-30 08:05:00+00:00,2024-07-30 09:45:00+00:00,short,66855.01,66574.01,TP,3.8191,194.774,2024
2024-07-30 12:15:00+00:00,2024-07-30 12:40:00+00:00,short,66518.0,66810.0,SL,-1.9477,192.8263,2024
2024-07-30 13:35:00+00:00,2024-07-30 13:50:00+00:00,short,66616.0,66344.69,TP,3.8565,196.6828,2024
2024-07-30 17:00:00+00:00,2024-07-30 18:00:00+00:00,short,65999.25,65682.0,TP,3.9337,200.6165,2024
2024-07-30 18:45:00+00:00,2024-07-30 18:55:00+00:00,short,65644.01,65824.01,SL,-2.0062,198.6103,2024
2024-07-30 19:10:00+00:00,2024-07-30 19:15:00+00:00,short,65608.01,65754.0,SL,-1.9861,196.6242,2024
2024-07-30 20:05:00+00:00,2024-07-30 20:10:00+00:00,short,65417.44,65706.01,SL,-1.9662,194.658,2024
2024-07-30 21:20:00+00:00,2024-07-30 21:25:00+00:00,short,65966.0,66142.01,SL,-1.9466,192.7114,2024
2024-07-30 22:25:00+00:00,2024-07-31 00:10:00+00:00,short,66267.89,65932.01,TP,3.8542,196.5656,2024
2024-07-31 01:30:00+00:00,2024-07-31 01:55:00+00:00,short,66138.0,66296.0,SL,-1.9657,194.6,2024
2024-07-31 02:25:00+00:00,2024-07-31 02:35:00+00:00,long,66371.99,66126.0,SL,-1.946,192.654,2024
2024-07-31 08:45:00+00:00,2024-07-31 10:00:00+00:00,long,66329.13,66188.0,SL,-1.9265,190.7274,2024
2024-07-31 15:40:00+00:00,2024-07-31 17:40:00+00:00,long,66486.0,66774.01,TP,3.8145,194.542,2024
2024-07-31 18:50:00+00:00,2024-07-31 19:05:00+00:00,long,66516.01,66268.0,SL,-1.9454,192.5966,2024
2024-07-31 23:35:00+00:00,2024-08-01 00:35:00+00:00,short,64688.0,64818.01,SL,-1.926,190.6706,2024
2024-08-01 00:45:00+00:00,2024-08-01 00:50:00+00:00,short,64472.39,64606.0,SL,-1.9067,188.7639,2024
2024-08-01 01:15:00+00:00,2024-08-01 01:35:00+00:00,short,64514.0,64242.0,TP,3.7753,192.5392,2024
2024-08-01 03:10:00+00:00,2024-08-01 03:20:00+00:00,short,63830.02,63988.01,SL,-1.9254,190.6138,2024
2024-08-01 04:45:00+00:00,2024-08-01 05:10:00+00:00,short,63717.19,63949.81,SL,-1.9061,188.7076,2024
2024-08-01 06:55:00+00:00,2024-08-01 07:05:00+00:00,short,64226.0,64373.66,SL,-1.8871,186.8206,2024
2024-08-01 07:25:00+00:00,2024-08-01 08:35:00+00:00,short,64386.0,64530.01,SL,-1.8682,184.9523,2024
2024-08-01 09:35:00+00:00,2024-08-01 12:00:00+00:00,short,64577.99,64726.46,SL,-1.8495,183.1028,2024
2024-08-01 22:15:00+00:00,2024-08-01 22:55:00+00:00,long,65357.36,65184.37,SL,-1.831,181.2718,2024
2024-08-02 02:05:00+00:00,2024-08-02 02:10:00+00:00,long,64781.99,64631.99,SL,-1.8127,179.4591,2024
2024-08-02 05:00:00+00:00,2024-08-02 05:50:00+00:00,short,64413.99,64139.99,TP,3.5892,183.0483,2024
2024-08-02 07:50:00+00:00,2024-08-02 08:30:00+00:00,short,64226.0,64394.01,SL,-1.8305,181.2178,2024
2024-08-02 10:45:00+00:00,2024-08-02 11:00:00+00:00,long,64586.07,64859.99,TP,3.6244,184.8421,2024
2024-08-02 12:55:00+00:00,2024-08-02 13:05:00+00:00,long,64846.0,64635.99,SL,-1.8484,182.9937,2024
2024-08-02 18:00:00+00:00,2024-08-02 18:20:00+00:00,short,63053.99,63184.0,SL,-1.8299,181.1638,2024
2024-08-02 18:45:00+00:00,2024-08-02 19:45:00+00:00,short,62916.0,62524.36,TP,3.6233,184.7871,2024
2024-08-02 20:30:00+00:00,2024-08-02 20:55:00+00:00,short,62399.99,62622.01,SL,-1.8479,182.9392,2024
2024-08-02 22:35:00+00:00,2024-08-02 22:50:00+00:00,short,61746.0,61392.01,TP,3.6588,186.598,2024
2024-08-03 00:50:00+00:00,2024-08-03 01:00:00+00:00,short,61200.0,60933.99,TP,3.732,190.3299,2024
2024-08-03 04:20:00+00:00,2024-08-03 04:50:00+00:00,short,61762.0,61473.11,TP,3.8066,194.1365,2024
2024-08-03 07:20:00+00:00,2024-08-03 09:05:00+00:00,short,61758.0,61510.01,TP,3.8827,198.0193,2024
2024-08-03 12:00:00+00:00,2024-08-03 12:20:00+00:00,short,61900.0,62079.45,SL,-1.9802,196.0391,2024
2024-08-03 12:50:00+00:00,2024-08-03 14:30:00+00:00,short,61980.01,62106.01,SL,-1.9604,194.0787,2024
2024-08-03 18:35:00+00:00,2024-08-03 19:25:00+00:00,short,60267.4,59953.04,TP,3.8816,197.9602,2024
2024-08-03 21:00:00+00:00,2024-08-03 21:15:00+00:00,short,60168.0,60445.37,SL,-1.9796,195.9806,2024
2024-08-03 22:40:00+00:00,2024-08-03 23:20:00+00:00,short,60538.13,60771.99,SL,-1.9598,194.0208,2024
2024-08-04 00:05:00+00:00,2024-08-04 01:30:00+00:00,short,60758.39,60436.24,TP,3.8804,197.9013,2024
2024-08-04 03:00:00+00:00,2024-08-04 04:55:00+00:00,short,60824.89,60564.12,TP,3.958,201.8593,2024
2024-08-04 07:05:00+00:00,2024-08-04 07:30:00+00:00,short,60782.38,60459.99,TP,4.0372,205.8965,2024
2024-08-04 10:10:00+00:00,2024-08-04 10:20:00+00:00,short,60535.99,60744.01,SL,-2.059,203.8375,2024
2024-08-04 10:35:00+00:00,2024-08-04 10:55:00+00:00,short,60664.0,60812.01,SL,-2.0384,201.7991,2024
2024-08-04 12:00:00+00:00,2024-08-04 13:55:00+00:00,long,60947.22,60822.01,SL,-2.018,199.7811,2024
2024-08-04 17:00:00+00:00,2024-08-04 17:15:00+00:00,short,58562.0,58274.94,TP,3.9956,203.7768,2024
2024-08-04 20:25:00+00:00,2024-08-04 20:35:00+00:00,short,59218.01,58922.0,TP,4.0755,207.8523,2024
2024-08-04 23:05:00+00:00,2024-08-04 23:45:00+00:00,short,58553.99,58230.46,TP,4.157,212.0093,2024
2024-08-05 04:50:00+00:00,2024-08-05 05:00:00+00:00,short,53505.99,52961.88,TP,4.2402,216.2495,2024
2024-08-05 05:55:00+00:00,2024-08-05 06:00:00+00:00,short,52718.0,52473.39,TP,4.325,220.5745,2024
2024-08-05 08:45:00+00:00,2024-08-05 08:55:00+00:00,short,52448.1,52752.0,SL,-2.2057,218.3688,2024
2024-08-05 11:30:00+00:00,2024-08-05 11:40:00+00:00,short,50902.01,51072.0,SL,-2.1837,216.1851,2024
2024-08-05 12:15:00+00:00,2024-08-05 12:25:00+00:00,short,50418.02,50162.01,TP,4.3237,220.5088,2024
2024-08-05 17:50:00+00:00,2024-08-05 17:55:00+00:00,long,54934.0,54707.99,SL,-2.2051,218.3037,2024
2024-08-05 19:45:00+00:00,2024-08-05 19:50:00+00:00,short,52746.0,53055.87,SL,-2.183,216.1207,2024
2024-08-05 22:25:00+00:00,2024-08-05 22:30:00+00:00,long,54922.0,54782.01,SL,-2.1612,213.9595,2024
2024-08-06 00:10:00+00:00,2024-08-06 00:15:00+00:00,long,54995.5,55414.38,TP,4.2792,218.2386,2024
2024-08-06 05:30:00+00:00,2024-08-06 05:45:00+00:00,long,55555.11,55967.99,TP,4.3648,222.6034,2024
2024-08-06 07:40:00+00:00,2024-08-06 08:05:00+00:00,long,55973.1,55811.18,SL,-2.226,220.3774,2024
2024-08-06 12:35:00+00:00,2024-08-06 12:50:00+00:00,short,55012.0,54754.02,TP,4.4075,224.7849,2024
2024-08-06 13:30:00+00:00,2024-08-06 13:40:00+00:00,long,55124.0,54727.97,SL,-2.2478,222.5371,2024
2024-08-06 13:45:00+00:00,2024-08-06 13:50:00+00:00,short,54778.0,55070.0,SL,-2.2254,220.3117,2024
2024-08-06 16:05:00+00:00,2024-08-06 16:10:00+00:00,long,56454.0,56710.0,TP,4.4062,224.7179,2024
2024-08-06 16:45:00+00:00,2024-08-06 17:35:00+00:00,long,56772.3,56650.11,SL,-2.2472,222.4708,2024
2024-08-06 18:30:00+00:00,2024-08-06 18:55:00+00:00,long,56919.23,56729.99,SL,-2.2247,220.2461,2024
2024-08-06 21:45:00+00:00,2024-08-06 22:05:00+00:00,long,56391.89,56834.01,TP,4.4049,224.651,2024
2024-08-07 00:30:00+00:00,2024-08-07 01:00:00+00:00,long,56050.0,56371.99,TP,4.493,229.144,2024
2024-08-07 04:15:00+00:00,2024-08-07 05:40:00+00:00,long,57045.5,56830.01,SL,-2.2914,226.8526,2024
2024-08-07 07:40:00+00:00,2024-08-07 07:45:00+00:00,long,56806.66,57044.0,TP,4.5371,231.3896,2024
2024-08-07 12:20:00+00:00,2024-08-07 12:55:00+00:00,long,57028.0,57292.0,TP,4.6278,236.0174,2024
2024-08-07 17:15:00+00:00,2024-08-07 17:20:00+00:00,short,55510.02,55744.48,SL,-2.3602,233.6572,2024
2024-08-07 22:10:00+00:00,2024-08-07 22:15:00+00:00,short,55020.0,54756.01,TP,4.6731,238.3304,2024
2024-08-07 23:30:00+00:00,2024-08-08 00:00:00+00:00,short,55088.12,55236.19,SL,-2.3833,235.9471,2024
2024-08-08 05:45:00+00:00,2024-08-08 06:55:00+00:00,long,56960.18,57216.0,TP,4.7189,240.666,2024
2024-08-08 08:45:00+00:00,2024-08-08 09:00:00+00:00,long,57331.27,57200.0,SL,-2.4067,238.2593,2024
2024-08-08 09:45:00+00:00,2024-08-08 10:25:00+00:00,long,57243.12,57484.62,TP,4.7652,243.0245,2024
2024-08-08 11:10:00+00:00,2024-08-08 11:40:00+00:00,long,57484.02,57322.92,SL,-2.4302,240.5943,2024
2024-08-08 12:30:00+00:00,2024-08-08 12:35:00+00:00,long,58382.01,58187.25,SL,-2.4059,238.1883,2024
2024-08-08 14:25:00+00:00,2024-08-08 14:45:00+00:00,long,58178.64,58712.51,TP,4.7638,242.9521,2024
2024-08-08 19:15:00+00:00,2024-08-08 19:55:00+00:00,long,59736.84,59414.51,SL,-2.4295,240.5226,2024
2024-08-08 21:05:00+00:00,2024-08-08 21:40:00+00:00,long,59657.62,60510.05,TP,4.8105,245.333,2024
2024-08-09 01:40:00+00:00,2024-08-09 02:00:00+00:00,long,61400.0,61277.0,SL,-2.4533,242.8797,2024
2024-08-09 02:45:00+00:00,2024-08-09 02:55:00+00:00,long,61398.0,61235.51,SL,-2.4288,240.4509,2024
2024-08-09 05:30:00+00:00,2024-08-09 06:25:00+00:00,long,60932.0,60799.99,SL,-2.4045,238.0464,2024
2024-08-09 08:30:00+00:00,2024-08-09 09:30:00+00:00,long,61017.54,60880.0,SL,-2.3805,235.6659,2024
2024-08-09 11:00:00+00:00,2024-08-09 11:25:00+00:00,long,60682.76,60482.73,SL,-2.3567,233.3093,2024
2024-08-09 12:25:00+00:00,2024-08-09 12:55:00+00:00,short,60398.01,60551.99,SL,-2.3331,230.9762,2024
2024-08-09 13:00:00+00:00,2024-08-09 13:10:00+00:00,long,60596.97,60376.0,SL,-2.3098,228.6664,2024
2024-08-09 13:15:00+00:00,2024-08-09 13:30:00+00:00,short,60320.0,60057.98,TP,4.5733,233.2398,2024
2024-08-09 14:30:00+00:00,2024-08-09 14:45:00+00:00,short,59755.62,60171.13,SL,-2.3324,230.9074,2024
2024-08-09 15:00:00+00:00,2024-08-09 15:05:00+00:00,long,60561.94,60417.2,SL,-2.3091,228.5983,2024
2024-08-09 15:35:00+00:00,2024-08-09 16:35:00+00:00,short,60024.98,60209.28,SL,-2.286,226.3123,2024
2024-08-09 17:50:00+00:00,2024-08-09 18:20:00+00:00,short,60214.81,59842.45,TP,4.5262,230.8385,2024
2024-08-09 21:55:00+00:00,2024-08-09 22:05:00+00:00,long,60732.01,60401.75,SL,-2.3084,228.5302,2024
2024-08-09 23:35:00+00:00,2024-08-10 00:15:00+00:00,long,60737.32,60983.99,TP,4.5706,233.1008,2024
2024-08-10 02:20:00+00:00,2024-08-10 03:00:00+00:00,long,60656.0,60418.0,SL,-2.331,230.7698,2024
2024-08-10 04:00:00+00:00,2024-08-10 05:20:00+00:00,short,60306.04,60432.03,SL,-2.3077,228.4621,2024
2024-08-10 09:10:00+00:00,2024-08-10 12:55:00+00:00,long,60859.8,60722.81,SL,-2.2846,226.1774,2024
2024-08-10 15:55:00+00:00,2024-08-10 16:20:00+00:00,short,60515.89,60644.39,SL,-2.2618,223.9157,2024
2024-08-10 16:25:00+00:00,2024-08-10 18:10:00+00:00,long,60693.93,61115.99,TP,4.4783,228.394,2024
2024-08-10 19:30:00+00:00,2024-08-10 19:50:00+00:00,long,61094.2,60967.62,SL,-2.2839,226.11,2024
2024-08-10 21:10:00+00:00,2024-08-10 21:40:00+00:00,long,61142.33,60988.52,SL,-2.2611,223.8489,2024
2024-08-10 23:50:00+00:00,2024-08-11 00:05:00+00:00,long,60861.14,61117.99,TP,4.477,228.3259,2024
2024-08-11 01:50:00+00:00,2024-08-11 02:40:00+00:00,long,61130.0,61001.51,SL,-2.2833,226.0427,2024
2024-08-11 03:05:00+00:00,2024-08-11 04:10:00+00:00,long,61138.86,60949.28,SL,-2.2604,223.7822,2024
2024-08-11 05:25:00+00:00,2024-08-11 08:00:00+00:00,long,61029.99,61296.01,TP,4.4756,228.2579,2024
2024-08-11 08:45:00+00:00,2024-08-11 09:35:00+00:00,long,61347.99,61176.72,SL,-2.2826,225.9753,2024
2024-08-11 12:45:00+00:00,2024-08-11 12:55:00+00:00,short,60310.0,60492.09,SL,-2.2598,223.7155,2024
2024-08-11 14:50:00+00:00,2024-08-11 15:00:00+00:00,short,60306.0,60053.02,TP,4.4743,228.1899,2024
2024-08-11 15:35:00+00:00,2024-08-11 19:15:00+00:00,short,60204.81,59898.64,TP,4.5638,232.7537,2024
2024-08-11 23:55:00+00:00,2024-08-12 00:10:00+00:00,short,58712.59,58884.0,SL,-2.3275,230.4261,2024
2024-08-12 00:25:00+00:00,2024-08-12 00:35:00+00:00,short,58650.63,58303.85,TP,4.6085,235.0346,2024
2024-08-12 02:35:00+00:00,2024-08-12 02:55:00+00:00,short,58411.51,58717.25,SL,-2.3503,232.6843,2024
2024-08-12 03:55:00+00:00,2024-08-12 04:45:00+00:00,short,58509.5,58651.71,SL,-2.3268,230.3574,2024
2024-08-12 05:45:00+00:00,2024-08-12 05:50:00+00:00,short,58460.79,58581.11,SL,-2.3036,228.0539,2024
2024-08-12 08:40:00+00:00,2024-08-12 08:55:00+00:00,short,58630.88,58317.43,TP,4.5611,232.615,2024
2024-08-12 14:20:00+00:00,2024-08-12 14:30:00+00:00,long,59604.27,59902.86,TP,4.6523,237.2673,2024
2024-08-12 16:00:00+00:00,2024-08-12 16:10:00+00:00,long,60204.8,59956.53,SL,-2.3727,234.8946,2024
2024-08-12 20:55:00+00:00,2024-08-12 21:05:00+00:00,short,58841.96,58559.22,TP,4.6979,239.5925,2024
2024-08-12 22:40:00+00:00,2024-08-12 23:00:00+00:00,short,58937.98,59172.0,SL,-2.3959,237.1965,2024
2024-08-13 00:25:00+00:00,2024-08-13 00:30:00+00:00,long,59654.51,59507.99,SL,-2.372,234.8246,2024
2024-08-13 00:45:00+00:00,2024-08-13 02:10:00+00:00,long,59647.12,59471.99,SL,-2.3482,232.4763,2024
2024-08-13 06:15:00+00:00,2024-08-13 06:35:00+00:00,short,59052.0,59252.0,SL,-2.3248,230.1516,2024
2024-08-13 07:25:00+00:00,2024-08-13 07:35:00+00:00,short,59108.0,59261.36,SL,-2.3015,227.8501,2024
2024-08-13 10:20:00+00:00,2024-08-13 10:25:00+00:00,short,58528.01,58714.01,SL,-2.2785,225.5716,2024
2024-08-13 13:20:00+00:00,2024-08-13 13:30:00+00:00,short,58896.0,59068.56,SL,-2.2557,223.3158,2024
2024-08-13 13:35:00+00:00,2024-08-13 13:55:00+00:00,long,59151.97,59395.25,TP,4.4663,227.7822,2024
2024-08-13 14:45:00+00:00,2024-08-13 15:05:00+00:00,long,59623.3,59453.97,SL,-2.2778,225.5043,2024
2024-08-13 16:10:00+00:00,2024-08-13 16:30:00+00:00,long,59732.06,60140.51,TP,4.5101,230.0144,2024
2024-08-13 19:55:00+00:00,2024-08-13 20:15:00+00:00,long,60820.15,60673.69,SL,-2.3001,227.7143,2024
2024-08-13 21:20:00+00:00,2024-08-13 22:05:00+00:00,long,60875.29,60719.01,SL,-2.2771,225.4371,2024
2024-08-13 23:50:00+00:00,2024-08-14 00:00:00+00:00,long,60581.88,60445.85,SL,-2.2544,223.1828,2024
2024-08-14 01:40:00+00:00,2024-08-14 01:45:00+00:00,long,60770.49,60607.6,SL,-2.2318,220.9509,2024
2024-08-14 02:20:00+00:00,2024-08-14 03:20:00+00:00,long,60711.0,60954.0,TP,4.419,225.37,2024
2024-08-14 06:50:00+00:00,2024-08-14 08:15:00+00:00,long,60828.06,60667.99,SL,-2.2537,223.1163,2024
2024-08-14 08:30:00+00:00,2024-08-14 10:20:00+00:00,long,60903.97,61201.97,TP,4.4623,227.5786,2024
2024-08-14 11:35:00+00:00,2024-08-14 12:25:00+00:00,long,61293.0,61688.0,TP,4.5516,232.1301,2024
2024-08-14 16:30:00+00:00,2024-08-14 16:45:00+00:00,short,59005.79,59124.7,SL,-2.3213,229.8088,2024
2024-08-14 18:40:00+00:00,2024-08-14 19:00:00+00:00,short,58929.51,59099.99,SL,-2.2981,227.5108,2024
2024-08-14 21:30:00+00:00,2024-08-14 22:00:00+00:00,short,58932.0,58628.0,TP,4.5502,232.061,2024
2024-08-14 23:35:00+00:00,2024-08-15 00:35:00+00:00,short,58848.0,58993.99,SL,-2.3206,229.7404,2024
2024-08-15 01:25:00+00:00,2024-08-15 01:55:00+00:00,short,58833.43,58204.93,TP,4.5948,234.3352,2024
2024-08-15 04:15:00+00:00,2024-08-15 05:20:00+00:00,short,58301.3,58588.23,SL,-2.3434,231.9918,2024
2024-08-15 06:00:00+00:00,2024-08-15 06:20:00+00:00,short,58372.9,58054.0,TP,4.6398,236.6317,2024
2024-08-15 10:00:00+00:00,2024-08-15 11:25:00+00:00,short,58411.99,58736.39,SL,-2.3663,234.2653,2024
2024-08-15 12:10:00+00:00,2024-08-15 12:30:00+00:00,short,58647.92,58837.22,SL,-2.3427,231.9227,2024
2024-08-15 12:35:00+00:00,2024-08-15 12:50:00+00:00,long,59265.23,58986.2,SL,-2.3192,229.6035,2024
2024-08-15 13:25:00+00:00,2024-08-15 13:55:00+00:00,long,59167.09,59451.34,TP,4.5921,234.1955,2024
2024-08-15 14:35:00+00:00,2024-08-15 14:55:00+00:00,long,59574.03,59416.35,SL,-2.342,231.8536,2024
2024-08-15 16:00:00+00:00,2024-08-15 16:10:00+00:00,long,59770.05,59604.49,SL,-2.3185,229.535,2024
2024-08-15 16:25:00+00:00,2024-08-15 16:30:00+00:00,long,59825.74,59636.7,SL,-2.2954,227.2397,2024
2024-08-15 23:10:00+00:00,2024-08-16 00:25:00+00:00,short,57658.57,57402.23,TP,4.5448,231.7845,2024
2024-08-16 04:35:00+00:00,2024-08-16 06:30:00+00:00,long,58156.01,58417.93,TP,4.6357,236.4202,2024
2024-08-16 08:05:00+00:00,2024-08-16 08:15:00+00:00,long,58594.73,58476.41,SL,-2.3642,234.056,2024
2024-08-16 09:20:00+00:00,2024-08-16 10:10:00+00:00,long,58506.24,58388.01,SL,-2.3406,231.7154,2024
2024-08-16 11:20:00+00:00,2024-08-16 11:25:00+00:00,long,58604.0,58475.21,SL,-2.3172,229.3983,2024
2024-08-16 12:00:00+00:00,2024-08-16 12:10:00+00:00,long,58474.13,58264.3,SL,-2.294,227.1043,2024
2024-08-16 14:05:00+00:00,2024-08-16 14:15:00+00:00,short,58115.61,58294.88,SL,-2.271,224.8332,2024
2024-08-16 19:20:00+00:00,2024-08-16 20:05:00+00:00,long,59716.09,59587.61,SL,-2.2483,222.5849,2024
2024-08-16 22:15:00+00:00,2024-08-16 23:00:00+00:00,long,59076.52,58913.2,SL,-2.2258,220.3591,2024
2024-08-16 23:25:00+00:00,2024-08-16 23:50:00+00:00,long,59003.99,58874.01,SL,-2.2036,218.1555,2024
2024-08-17 03:55:00+00:00,2024-08-17 09:30:00+00:00,long,59158.37,59400.68,TP,4.3631,222.5186,2024
2024-08-17 12:00:00+00:00,2024-08-17 13:25:00+00:00,long,59154.26,59405.64,TP,4.4504,226.9689,2024
2024-08-17 14:40:00+00:00,2024-08-17 17:00:00+00:00,long,59393.7,59662.44,TP,4.5394,231.5083,2024
2024-08-17 19:05:00+00:00,2024-08-17 21:15:00+00:00,long,59446.94,59322.89,SL,-2.3151,229.1932,2024
2024-08-18 02:35:00+00:00,2024-08-18 02:50:00+00:00,long,59558.15,59877.0,TP,4.5839,233.7771,2024
2024-08-18 04:55:00+00:00,2024-08-18 08:55:00+00:00,long,59456.0,59706.02,TP,4.6755,238.4526,2024
2024-08-18 09:45:00+00:00,2024-08-18 10:15:00+00:00,long,59830.48,60132.95,TP,4.7691,243.2217,2024
2024-08-18 12:00:00+00:00,2024-08-18 13:55:00+00:00,long,60020.01,59828.0,SL,-2.4322,240.7895,2024
2024-08-18 15:25:00+00:00,2024-08-18 17:10:00+00:00,long,59848.23,59718.89,SL,-2.4079,238.3816,2024
2024-08-19 04:10:00+00:00,2024-08-19 05:30:00+00:00,short,58657.08,58386.59,TP,4.7676,243.1492,2024
2024-08-19 06:05:00+00:00,2024-08-19 06:30:00+00:00,short,58390.83,58547.59,SL,-2.4315,240.7177,2024
2024-08-19 07:30:00+00:00,2024-08-19 09:45:00+00:00,short,58548.01,58196.75,TP,4.8144,245.5321,2024
2024-08-19 13:45:00+00:00,2024-08-19 13:50:00+00:00,short,58536.01,58244.01,TP,4.9106,250.4427,2024
2024-08-19 16:05:00+00:00,2024-08-19 16:50:00+00:00,short,58487.9,58662.0,SL,-2.5044,247.9383,2024
2024-08-19 16:55:00+00:00,2024-08-19 17:30:00+00:00,long,58705.99,59259.34,TP,4.9588,252.8971,2024
2024-08-19 18:40:00+00:00,2024-08-19 18:55:00+00:00,long,59141.07,59011.99,SL,-2.529,250.3681,2024
2024-08-19 20:20:00+00:00,2024-08-19 21:10:00+00:00,long,59120.01,58987.91,SL,-2.5037,247.8644,2024
2024-08-19 22:35:00+00:00,2024-08-19 23:45:00+00:00,long,59172.0,59448.0,TP,4.9573,252.8217,2024
2024-08-20 04:05:00+00:00,2024-08-20 05:15:00+00:00,long,60745.99,61275.97,TP,5.0564,257.8781,2024
2024-08-20 09:00:00+00:00,2024-08-20 10:30:00+00:00,long,60853.56,60718.2,SL,-2.5788,255.2993,2024
2024-08-20 12:05:00+00:00,2024-08-20 13:10:00+00:00,long,60615.0,60467.6,SL,-2.553,252.7464,2024
2024-08-20 13:40:00+00:00,2024-08-20 14:05:00+00:00,long,60774.98,60599.74,SL,-2.5275,250.2189,2024
2024-08-20 19:15:00+00:00,2024-08-20 19:30:00+00:00,short,59279.49,59409.56,SL,-2.5022,247.7167,2024
2024-08-20 20:30:00+00:00,2024-08-20 21:00:00+00:00,short,59505.08,59241.24,TP,4.9543,252.671,2024
2024-08-20 23:10:00+00:00,2024-08-20 23:55:00+00:00,short,59291.35,59013.8,TP,5.0534,257.7245,2024
2024-08-21 00:55:00+00:00,2024-08-21 01:40:00+00:00,short,58989.0,59117.12,SL,-2.5772,255.1472,2024
2024-08-21 03:15:00+00:00,2024-08-21 06:10:00+00:00,short,59342.11,59512.01,SL,-2.5515,252.5957,2024
2024-08-21 08:00:00+00:00,2024-08-21 08:05:00+00:00,long,59836.15,59555.98,SL,-2.526,250.0698,2024
2024-08-21 11:40:00+00:00,2024-08-21 12:25:00+00:00,short,59324.45,59443.33,SL,-2.5007,247.5691,2024
2024-08-21 13:55:00+00:00,2024-08-21 14:10:00+00:00,long,59928.0,59548.01,SL,-2.4757,245.0934,2024
2024-08-21 14:50:00+00:00,2024-08-21 15:00:00+00:00,short,59302.25,59459.99,SL,-2.4509,242.6425,2024
2024-08-21 15:35:00+00:00,2024-08-21 15:55:00+00:00,long,59707.99,59511.8,SL,-2.4264,240.216,2024
2024-08-21 16:30:00+00:00,2024-08-21 17:25:00+00:00,long,59673.15,59933.62,TP,4.8043,245.0204,2024
2024-08-21 22:30:00+00:00,2024-08-21 22:40:00+00:00,long,61451.39,61286.0,SL,-2.4502,242.5701,2024
2024-08-22 01:30:00+00:00,2024-08-22 01:40:00+00:00,long,60932.98,60810.0,SL,-2.4257,240.1444,2024
2024-08-22 01:55:00+00:00,2024-08-22 02:15:00+00:00,long,60970.0,60768.65,SL,-2.4014,237.743,2024
2024-08-22 06:00:00+00:00,2024-08-22 06:20:00+00:00,long,60871.82,60718.78,SL,-2.3774,235.3656,2024
2024-08-22 07:40:00+00:00,2024-08-22 10:30:00+00:00,long,60849.99,61197.65,TP,4.7073,240.0729,2024
2024-08-22 14:45:00+00:00,2024-08-22 14:50:00+00:00,short,60378.87,60502.0,SL,-2.4007,237.6722,2024
2024-08-22 15:30:00+00:00,2024-08-22 16:20:00+00:00,short,60352.01,60488.72,SL,-2.3767,235.2954,2024
2024-08-22 17:45:00+00:00,2024-08-22 18:15:00+00:00,short,60266.0,60498.0,SL,-2.353,232.9425,2024
2024-08-22 19:05:00+00:00,2024-08-22 20:00:00+00:00,short,60341.54,60504.51,SL,-2.3294,230.6131,2024
2024-08-22 21:55:00+00:00,2024-08-23 00:25:00+00:00,short,60545.47,60679.98,SL,-2.3061,228.3069,2024
2024-08-23 04:10:00+00:00,2024-08-23 05:10:00+00:00,long,60650.0,60894.84,TP,4.5661,232.8731,2024
2024-08-23 06:00:00+00:00,2024-08-23 06:30:00+00:00,long,60975.74,60844.77,SL,-2.3287,230.5443,2024
2024-08-23 06:45:00+00:00,2024-08-23 07:20:00+00:00,long,61186.0,61053.12,SL,-2.3054,228.2389,2024
2024-08-23 08:20:00+00:00,2024-08-23 09:45:00+00:00,long,61244.07,61089.39,SL,-2.2824,225.9565,2024
2024-08-23 12:05:00+00:00,2024-08-23 12:45:00+00:00,long,60853.09,61105.64,TP,4.5191,230.4756,2024
2024-08-23 13:55:00+00:00,2024-08-23 14:00:00+00:00,long,61119.99,61614.12,TP,4.6095,235.0851,2024
2024-08-23 14:45:00+00:00,2024-08-23 14:55:00+00:00,short,60809.01,60994.91,SL,-2.3509,232.7343,2024
2024-08-23 15:35:00+00:00,2024-08-23 15:50:00+00:00,long,61690.0,61541.13,SL,-2.3273,230.4069,2024
2024-08-23 16:35:00+00:00,2024-08-23 16:40:00+00:00,long,61745.82,61597.99,SL,-2.3041,228.1029,2024
2024-08-23 16:50:00+00:00,2024-08-23 17:35:00+00:00,long,61705.99,61974.0,TP,4.5621,232.6649,2024
2024-08-23 19:20:00+00:00,2024-08-23 20:45:00+00:00,long,63695.99,63567.42,SL,-2.3266,230.3383,2024
2024-08-23 21:20:00+00:00,2024-08-23 22:30:00+00:00,long,64375.76,64843.91,TP,4.6068,234.9451,2024
2024-08-24 00:55:00+00:00,2024-08-24 01:15:00+00:00,long,63961.78,63762.98,SL,-2.3495,232.5956,2024
2024-08-24 01:55:00+00:00,2024-08-24 06:35:00+00:00,long,63836.48,64150.0,TP,4.6519,237.2475,2024
2024-08-24 08:55:00+00:00,2024-08-24 09:05:00+00:00,long,64416.0,64253.0,SL,-2.3725,234.875,2024
2024-08-24 10:00:00+00:00,2024-08-24 10:45:00+00:00,long,64358.62,64219.01,SL,-2.3487,232.5263,2024
2024-08-24 12:15:00+00:00,2024-08-24 15:40:00+00:00,long,64083.0,63952.97,SL,-2.3253,230.201,2024
2024-08-24 16:15:00+00:00,2024-08-24 18:10:00+00:00,long,64085.99,63946.0,SL,-2.302,227.899,2024
2024-08-24 18:25:00+00:00,2024-08-24 18:40:00+00:00,long,64400.0,64177.81,SL,-2.279,225.62,2024
2024-08-25 02:30:00+00:00,2024-08-25 02:45:00+00:00,long,64269.0,64138.99,SL,-2.2562,223.3638,2024
2024-08-25 04:25:00+00:00,2024-08-25 07:05:00+00:00,long,64078.0,63935.45,SL,-2.2336,221.1302,2024
2024-08-25 09:15:00+00:00,2024-08-25 11:25:00+00:00,short,63845.0,63980.99,SL,-2.2113,218.9189,2024
2024-08-25 11:55:00+00:00,2024-08-25 13:20:00+00:00,short,63873.91,64029.18,SL,-2.1892,216.7297,2024
2024-08-25 15:25:00+00:00,2024-08-25 15:30:00+00:00,long,64241.0,64094.01,SL,-2.1673,214.5624,2024
2024-08-25 17:35:00+00:00,2024-08-25 21:25:00+00:00,long,64134.01,64466.66,TP,4.2912,218.8536,2024
2024-08-25 23:00:00+00:00,2024-08-25 23:40:00+00:00,long,64607.0,64386.0,SL,-2.1885,216.6651,2024
2024-08-26 01:40:00+00:00,2024-08-26 04:00:00+00:00,short,63996.0,64161.0,SL,-2.1667,214.4985,2024
2024-08-26 04:40:00+00:00,2024-08-26 06:50:00+00:00,short,64036.0,63721.01,TP,4.29,218.7884,2024
2024-08-26 07:45:00+00:00,2024-08-26 08:10:00+00:00,short,63657.0,63788.14,SL,-2.1879,216.6005,2024
2024-08-26 09:05:00+00:00,2024-08-26 09:55:00+00:00,short,63668.62,63856.99,SL,-2.166,214.4345,2024
2024-08-26 10:50:00+00:00,2024-08-26 11:25:00+00:00,short,63801.01,63957.99,SL,-2.1443,212.2902,2024
2024-08-26 11:45:00+00:00,2024-08-26 12:40:00+00:00,short,63883.96,63554.0,TP,4.2458,216.536,2024
2024-08-26 13:50:00+00:00,2024-08-26 13:55:00+00:00,short,63592.99,63766.0,SL,-2.1654,214.3706,2024
2024-08-26 14:10:00+00:00,2024-08-26 14:35:00+00:00,short,63536.02,63184.5,TP,4.2874,218.6581,2024
2024-08-26 17:35:00+00:00,2024-08-26 17:50:00+00:00,short,63519.0,63206.99,TP,4.3732,223.0312,2024
2024-08-26 19:25:00+00:00,2024-08-26 20:05:00+00:00,short,63509.28,63253.0,TP,4.4606,227.4918,2024
2024-08-26 21:10:00+00:00,2024-08-26 21:20:00+00:00,short,63244.78,62983.0,TP,4.5498,232.0417,2024
2024-08-26 22:35:00+00:00,2024-08-26 23:20:00+00:00,short,62973.99,63139.01,SL,-2.3204,229.7213,2024
2024-08-26 23:50:00+00:00,2024-08-27 00:35:00+00:00,short,62861.65,63030.01,SL,-2.2972,227.424,2024
2024-08-27 00:55:00+00:00,2024-08-27 01:00:00+00:00,short,62722.0,63072.72,SL,-2.2742,225.1498,2024
2024-08-27 02:35:00+00:00,2024-08-27 03:00:00+00:00,short,63077.99,62800.0,TP,4.503,229.6528,2024
2024-08-27 06:00:00+00:00,2024-08-27 06:35:00+00:00,short,63071.7,62809.0,TP,4.5931,234.2459,2024
2024-08-27 08:20:00+00:00,2024-08-27 09:15:00+00:00,short,62762.31,62931.09,SL,-2.3425,231.9034,2024
2024-08-27 09:40:00+00:00,2024-08-27 10:20:00+00:00,short,62630.99,62273.07,TP,4.6381,236.5415,2024
2024-08-27 12:25:00+00:00,2024-08-27 13:25:00+00:00,short,62315.0,62451.01,SL,-2.3654,234.1761,2024
2024-08-27 13:35:00+00:00,2024-08-27 13:45:00+00:00,short,62177.99,62305.0,SL,-2.3418,231.8343,2024
2024-08-27 16:50:00+00:00,2024-08-27 17:20:00+00:00,short,61567.65,61731.0,SL,-2.3183,229.5159,2024
2024-08-27 19:30:00+00:00,2024-08-27 21:10:00+00:00,short,62060.0,61586.42,TP,4.5903,234.1063,2024
2024-08-28 04:35:00+00:00,2024-08-28 05:05:00+00:00,short,59545.0,59305.68,TP,4.6821,238.7884,2024
2024-08-28 10:35:00+00:00,2024-08-28 11:05:00+00:00,short,59702.0,59836.0,SL,-2.3879,236.4005,2024
2024-08-28 11:30:00+00:00,2024-08-28 11:40:00+00:00,long,60059.0,59904.17,SL,-2.364,234.0365,2024
2024-08-28 16:15:00+00:00,2024-08-28 16:20:00+00:00,short,58183.01,57946.34,TP,4.6807,238.7172,2024
2024-08-28 18:00:00+00:00,2024-08-28 18:10:00+00:00,short,58722.92,58887.1,SL,-2.3872,236.3301,2024
2024-08-28 19:35:00+00:00,2024-08-28 19:55:00+00:00,short,59220.0,58898.85,TP,4.7266,241.0567,2024
2024-08-28 21:50:00+00:00,2024-08-28 22:10:00+00:00,short,59239.01,58997.01,TP,4.8211,245.8778,2024
2024-08-29 00:30:00+00:00,2024-08-29 00:35:00+00:00,short,58935.0,59064.0,SL,-2.4588,243.419,2024
2024-08-29 01:15:00+00:00,2024-08-29 02:05:00+00:00,short,58957.0,59081.09,SL,-2.4342,240.9848,2024
2024-08-29 03:15:00+00:00,2024-08-29 04:05:00+00:00,short,59066.01,59186.0,SL,-2.4098,238.575,2024
2024-08-29 04:15:00+00:00,2024-08-29 05:15:00+00:00,short,59112.61,59335.0,SL,-2.3857,236.1892,2024
2024-08-29 09:00:00+00:00,2024-08-29 11:15:00+00:00,long,59646.99,59896.01,TP,4.7238,240.913,2024
2024-08-29 13:10:00+00:00,2024-08-29 13:20:00+00:00,long,60419.99,60271.99,SL,-2.4091,238.5039,2024
2024-08-29 13:55:00+00:00,2024-08-29 14:40:00+00:00,long,60626.01,60879.99,TP,4.7701,243.274,2024
2024-08-29 15:25:00+00:00,2024-08-29 15:50:00+00:00,long,61019.99,60813.99,SL,-2.4327,240.8412,2024
2024-08-29 17:35:00+00:00,2024-08-29 18:05:00+00:00,long,60501.0,60238.99,SL,-2.4084,238.4328,2024
2024-08-29 18:10:00+00:00,2024-08-29 18:15:00+00:00,short,59999.99,59621.11,TP,4.7687,243.2015,2024
2024-08-29 22:00:00+00:00,2024-08-29 22:05:00+00:00,short,59304.96,58891.11,TP,4.864,248.0655,2024
2024-08-30 00:10:00+00:00,2024-08-30 00:25:00+00:00,short,59200.0,59324.0,SL,-2.4807,245.5848,2024
2024-08-30 00:55:00+00:00,2024-08-30 03:10:00+00:00,short,59204.01,58932.01,TP,4.9117,250.4965,2024
2024-08-30 05:00:00+00:00,2024-08-30 05:15:00+00:00,short,59017.99,58777.29,TP,5.0099,255.5065,2024
2024-08-30 07:50:00+00:00,2024-08-30 08:10:00+00:00,short,59276.0,59397.75,SL,-2.5551,252.9514,2024
2024-08-30 09:20:00+00:00,2024-08-30 11:15:00+00:00,long,59582.06,59453.52,SL,-2.5295,250.4219,2024
2024-08-30 12:15:00+00:00,2024-08-30 13:45:00+00:00,long,59531.0,59202.0,SL,-2.5042,247.9177,2024
2024-08-30 14:00:00+00:00,2024-08-30 14:05:00+00:00,long,59765.02,59571.78,SL,-2.4792,245.4385,2024
2024-08-30 14:10:00+00:00,2024-08-30 14:40:00+00:00,short,59314.83,58860.14,TP,4.9088,250.3473,2024
2024-08-30 19:10:00+00:00,2024-08-30 19:55:00+00:00,short,58950.99,58700.02,TP,5.0069,255.3542,2024
2024-08-30 20:55:00+00:00,2024-08-31 00:20:00+00:00,long,59048.0,59312.0,TP,5.1071,260.4613,2024
2024-08-31 03:30:00+00:00,2024-08-31 07:20:00+00:00,long,59235.0,59085.0,SL,-2.6046,257.8567,2024
2024-08-31 07:45:00+00:00,2024-08-31 08:45:00+00:00,long,59171.01,59029.0,SL,-2.5786,255.2781,2024
2024-08-31 12:40:00+00:00,2024-08-31 13:50:00+00:00,long,59203.99,59052.01,SL,-2.5528,252.7253,2024
2024-08-31 14:35:00+00:00,2024-08-31 15:25:00+00:00,long,59123.01,58986.99,SL,-2.5273,250.1981,2024
2024-08-31 16:45:00+00:00,2024-08-31 18:05:00+00:00,short,58923.59,59100.0,SL,-2.502,247.6961,2024
2024-08-31 18:50:00+00:00,2024-08-31 21:35:00+00:00,short,58910.0,59038.0,SL,-2.477,245.2191,2024
2024-09-01 00:05:00+00:00,2024-09-01 00:40:00+00:00,long,59035.76,58908.99,SL,-2.4522,242.7669,2024
2024-09-01 04:55:00+00:00,2024-09-01 05:20:00+00:00,short,58442.0,58054.01,TP,4.8553,247.6223,2024
2024-09-01 08:30:00+00:00,2024-09-01 09:30:00+00:00,short,58220.0,58346.73,SL,-2.4762,245.1461,2024
2024-09-01 09:50:00+00:00,2024-09-01 10:20:00+00:00,short,58212.0,57943.01,TP,4.9029,250.049,2024
2024-09-01 12:35:00+00:00,2024-09-01 13:45:00+00:00,short,58044.01,57809.01,TP,5.001,255.05,2024
2024-09-01 14:10:00+00:00,2024-09-01 14:15:00+00:00,short,57519.74,57807.95,SL,-2.5505,252.4995,2024
2024-09-01 16:30:00+00:00,2024-09-01 18:15:00+00:00,short,58112.01,58257.99,SL,-2.525,249.9745,2024
2024-09-01 20:10:00+00:00,2024-09-01 20:35:00+00:00,long,58577.98,58450.0,SL,-2.4997,247.4747,2024
2024-09-02 02:35:00+00:00,2024-09-02 02:50:00+00:00,short,57305.0,57470.18,SL,-2.4747,245.0,2024
2024-09-02 04:20:00+00:00,2024-09-02 05:40:00+00:00,short,57650.0,57816.0,SL,-2.45,242.55,2024
2024-09-02 06:25:00+00:00,2024-09-02 07:35:00+00:00,short,57745.0,57435.0,TP,4.851,247.401,2024
2024-09-02 08:10:00+00:00,2024-09-02 08:25:00+00:00,long,57833.01,58161.09,TP,4.948,252.349,2024
2024-09-02 09:50:00+00:00,2024-09-02 11:20:00+00:00,long,58320.01,58593.0,TP,5.047,257.396,2024
2024-09-02 11:25:00+00:00,2024-09-02 11:35:00+00:00,long,58666.6,58546.0,SL,-2.574,254.822,2024
2024-09-02 14:25:00+00:00,2024-09-02 14:30:00+00:00,long,58410.33,58663.99,TP,5.0964,259.9185,2024
2024-09-02 17:30:00+00:00,2024-09-02 20:50:00+00:00,long,58450.99,59096.99,TP,5.1984,265.1168,2024
2024-09-02 23:05:00+00:00,2024-09-02 23:20:00+00:00,long,59345.0,59211.99,SL,-2.6512,262.4657,2024
2024-09-03 00:55:00+00:00,2024-09-03 02:05:00+00:00,long,59257.99,59651.79,TP,5.2493,267.715,2024
2024-09-03 04:30:00+00:00,2024-09-03 04:50:00+00:00,long,59195.5,59047.99,SL,-2.6772,265.0378,2024
2024-09-03 05:05:00+00:00,2024-09-03 06:00:00+00:00,long,59169.0,59023.0,SL,-2.6504,262.3874,2024
2024-09-03 07:15:00+00:00,2024-09-03 08:35:00+00:00,long,58950.0,58811.99,SL,-2.6239,259.7636,2024
2024-09-03 11:30:00+00:00,2024-09-03 13:30:00+00:00,long,59071.01,58861.99,SL,-2.5976,257.1659,2024
2024-09-03 18:00:00+00:00,2024-09-03 18:10:00+00:00,short,57623.0,57776.0,SL,-2.5717,254.5943,2024
2024-09-03 19:35:00+00:00,2024-09-03 20:00:00+00:00,short,57938.03,58123.0,SL,-2.5459,252.0483,2024
2024-09-03 20:45:00+00:00,2024-09-03 20:55:00+00:00,short,58084.0,58228.0,SL,-2.5205,249.5278,2024
2024-09-03 21:00:00+00:00,2024-09-03 22:30:00+00:00,short,58174.0,57935.0,TP,4.9906,254.5184,2024
2024-09-04 00:55:00+00:00,2024-09-04 01:00:00+00:00,short,57140.02,55657.13,TP,5.0904,259.6088,2024
2024-09-04 04:20:00+00:00,2024-09-04 04:50:00+00:00,short,56591.11,56725.01,SL,-2.5961,257.0127,2024
2024-09-04 05:10:00+00:00,2024-09-04 05:35:00+00:00,short,56561.11,56322.99,TP,5.1403,262.1529,2024
2024-09-04 08:40:00+00:00,2024-09-04 09:00:00+00:00,short,56706.21,56845.01,SL,-2.6215,259.5314,2024
2024-09-04 13:05:00+00:00,2024-09-04 13:30:00+00:00,short,56483.65,56680.44,SL,-2.5953,256.9361,2024
2024-09-04 13:35:00+00:00,2024-09-04 14:05:00+00:00,short,56382.99,56714.01,SL,-2.5694,254.3667,2024
2024-09-04 14:15:00+00:00,2024-09-04 14:30:00+00:00,short,56387.0,56647.99,SL,-2.5437,251.8231,2024
2024-09-04 19:20:00+00:00,2024-09-04 20:00:00+00:00,long,57857.99,58126.0,TP,5.0365,256.8595,2024
2024-09-04 21:50:00+00:00,2024-09-04 22:10:00+00:00,long,58088.01,58371.0,TP,5.1372,261.9967,2024
2024-09-05 00:15:00+00:00,2024-09-05 00:55:00+00:00,long,58173.0,57997.75,SL,-2.62,259.3768,2024
2024-09-05 01:30:00+00:00,2024-09-05 01:50:00+00:00,long,58169.57,58045.41,SL,-2.5938,256.783,2024
2024-09-05 06:20:00+00:00,2024-09-05 06:25:00+00:00,short,56570.92,56851.99,SL,-2.5678,254.2152,2024
2024-09-05 08:30:00+00:00,2024-09-05 09:20:00+00:00,short,57022.01,56768.99,TP,5.0843,259.2995,2024
2024-09-05 12:00:00+00:00,2024-09-05 12:10:00+00:00,short,56644.85,56842.99,SL,-2.593,256.7065,2024
2024-09-05 12:15:00+00:00,2024-09-05 12:55:00+00:00,short,56545.88,56662.0,SL,-2.5671,254.1394,2024
2024-09-05 14:45:00+00:00,2024-09-05 15:00:00+00:00,short,56771.0,56298.96,TP,5.0828,259.2222,2024
2024-09-05 18:55:00+00:00,2024-09-05 19:15:00+00:00,short,56548.99,56272.0,TP,5.1844,264.4066,2024
2024-09-05 22:10:00+00:00,2024-09-05 23:10:00+00:00,short,56014.03,56135.99,SL,-2.6441,261.7626,2024
2024-09-06 00:35:00+00:00,2024-09-06 00:55:00+00:00,short,56021.0,56182.0,SL,-2.6176,259.1449,2024
2024-09-06 07:10:00+00:00,2024-09-06 07:15:00+00:00,short,56196.0,55943.99,TP,5.1829,264.3278,2024
2024-09-06 11:15:00+00:00,2024-09-06 12:15:00+00:00,short,56109.59,55848.01,TP,5.2866,269.6144,2024
2024-09-06 12:30:00+00:00,2024-09-06 12:35:00+00:00,long,56414.0,56735.01,TP,5.3923,275.0067,2024
2024-09-06 13:35:00+00:00,2024-09-06 13:45:00+00:00,short,56272.12,56012.57,TP,5.5001,280.5068,2024
2024-09-06 18:00:00+00:00,2024-09-06 18:50:00+00:00,short,53802.01,53567.0,TP,5.6101,286.117,2024
2024-09-06 19:35:00+00:00,2024-09-06 19:40:00+00:00,short,53292.01,53424.21,SL,-2.8612,283.2558,2024
2024-09-06 20:30:00+00:00,2024-09-06 20:40:00+00:00,short,53196.0,53404.43,SL,-2.8326,280.4232,2024
2024-09-06 22:55:00+00:00,2024-09-06 23:20:00+00:00,short,53644.01,53791.1,SL,-2.8042,277.619,2024
2024-09-07 00:25:00+00:00,2024-09-07 00:40:00+00:00,short,53940.01,54052.0,SL,-2.7762,274.8428,2024
2024-09-07 00:50:00+00:00,2024-09-07 05:05:00+00:00,short,53972.0,54322.4,SL,-2.7484,272.0944,2024
2024-09-07 05:55:00+00:00,2024-09-07 06:50:00+00:00,short,54185.01,54348.05,SL,-2.7209,269.3734,2024
2024-09-07 08:40:00+00:00,2024-09-07 09:20:00+00:00,long,54352.0,54222.11,SL,-2.6937,266.6797,2024
2024-09-07 10:10:00+00:00,2024-09-07 12:45:00+00:00,long,54302.0,54592.99,TP,5.3336,272.0133,2024
2024-09-07 13:30:00+00:00,2024-09-07 13:40:00+00:00,long,54619.0,54481.09,SL,-2.7201,269.2932,2024
2024-09-07 15:00:00+00:00,2024-09-07 16:35:00+00:00,long,54656.0,54529.0,SL,-2.6929,266.6002,2024
2024-09-07 20:20:00+00:00,2024-09-07 21:10:00+00:00,short,54259.71,53992.01,TP,5.332,271.9322,2024
2024-09-07 22:15:00+00:00,2024-09-07 23:25:00+00:00,short,53904.81,54052.0,SL,-2.7193,269.2129,2024
2024-09-08 00:40:00+00:00,2024-09-08 00:50:00+00:00,short,54000.0,54141.0,SL,-2.6921,266.5208,2024
2024-09-08 01:45:00+00:00,2024-09-08 02:00:00+00:00,short,54196.0,54321.99,SL,-2.6652,263.8556,2024
2024-09-08 04:05:00+00:00,2024-09-08 06:35:00+00:00,long,54423.89,54298.0,SL,-2.6386,261.217,2024
2024-09-08 07:10:00+00:00,2024-09-08 08:05:00+00:00,long,54485.01,54362.01,SL,-2.6122,258.6048,2024
2024-09-08 08:40:00+00:00,2024-09-08 11:10:00+00:00,long,54439.87,54666.88,TP,5.1721,263.7769,2024
2024-09-08 15:10:00+00:00,2024-09-08 15:50:00+00:00,short,54051.0,53766.24,TP,5.2755,269.0525,2024
2024-09-08 21:00:00+00:00,2024-09-08 21:05:00+00:00,long,54377.48,54611.45,TP,5.3811,274.4335,2024
2024-09-08 23:45:00+00:00,2024-09-08 23:50:00+00:00,long,54964.94,54824.0,SL,-2.7443,271.6892,2024
2024-09-09 00:15:00+00:00,2024-09-09 00:30:00+00:00,long,55112.29,54942.49,SL,-2.7169,268.9723,2024
2024-09-09 01:00:00+00:00,2024-09-09 01:05:00+00:00,long,55309.99,55167.99,SL,-2.6897,266.2826,2024
2024-09-09 01:45:00+00:00,2024-09-09 02:00:00+00:00,long,55211.53,54981.01,SL,-2.6628,263.6198,2024
2024-09-09 02:55:00+00:00,2024-09-09 03:15:00+00:00,long,55113.0,54841.27,SL,-2.6362,260.9836,2024
2024-09-09 03:30:00+00:00,2024-09-09 04:15:00+00:00,long,55131.01,55020.0,SL,-2.6098,258.3737,2024
2024-09-09 05:35:00+00:00,2024-09-09 05:40:00+00:00,long,54926.0,54708.0,SL,-2.5837,255.79,2024
2024-09-09 06:10:00+00:00,2024-09-09 07:35:00+00:00,long,54770.0,55010.87,TP,5.1158,260.9058,2024
2024-09-09 10:25:00+00:00,2024-09-09 11:00:00+00:00,long,55440.0,55281.11,SL,-2.6091,258.2967,2024
2024-09-09 12:50:00+00:00,2024-09-09 13:50:00+00:00,long,55338.0,55646.0,TP,5.1659,263.4627,2024
2024-09-09 15:25:00+00:00,2024-09-09 16:05:00+00:00,long,55249.27,55540.0,TP,5.2693,268.7319,2024
2024-09-09 19:25:00+00:00,2024-09-09 19:50:00+00:00,long,56871.51,57109.98,TP,5.3746,274.1065,2024
2024-09-09 21:05:00+00:00,2024-09-09 21:10:00+00:00,long,57158.0,57504.13,TP,5.4821,279.5887,2024
2024-09-10 00:50:00+00:00,2024-09-10 01:30:00+00:00,long,56935.98,56814.01,SL,-2.7959,276.7928,2024
2024-09-10 01:55:00+00:00,2024-09-10 02:05:00+00:00,long,56900.0,56755.92,SL,-2.7679,274.0249,2024
2024-09-10 02:35:00+00:00,2024-09-10 03:10:00+00:00,long,56778.0,56663.99,SL,-2.7402,271.2846,2024
2024-09-10 04:15:00+00:00,2024-09-10 04:35:00+00:00,long,56692.02,56499.0,SL,-2.7128,268.5718,2024
2024-09-10 07:20:00+00:00,2024-09-10 08:05:00+00:00,long,57108.49,57356.37,TP,5.3714,273.9432,2024
2024-09-10 09:45:00+00:00,2024-09-10 10:05:00+00:00,long,57190.0,57062.01,SL,-2.7394,271.2038,2024
2024-09-10 10:30:00+00:00,2024-09-10 11:35:00+00:00,long,57166.0,57035.31,SL,-2.712,268.4917,2024
2024-09-10 11:50:00+00:00,2024-09-10 13:00:00+00:00,long,57256.12,57094.28,SL,-2.6849,265.8068,2024
2024-09-10 14:25:00+00:00,2024-09-10 15:00:00+00:00,long,57005.16,56836.0,SL,-2.6581,263.1487,2024
2024-09-10 15:50:00+00:00,2024-09-10 16:35:00+00:00,short,56682.0,56832.9,SL,-2.6315,260.5173,2024
2024-09-10 19:40:00+00:00,2024-09-10 20:10:00+00:00,long,57932.0,57812.0,SL,-2.6052,257.9121,2024
2024-09-10 22:50:00+00:00,2024-09-10 23:20:00+00:00,long,57562.5,57806.02,TP,5.1582,263.0703,2024
2024-09-11 00:40:00+00:00,2024-09-11 01:20:00+00:00,long,57650.0,57445.99,SL,-2.6307,260.4396,2024
2024-09-11 03:25:00+00:00,2024-09-11 03:35:00+00:00,short,56724.01,56866.0,SL,-2.6044,257.8352,2024
2024-09-11 04:15:00+00:00,2024-09-11 04:25:00+00:00,short,56339.02,56500.0,SL,-2.5784,255.2569,2024
2024-09-11 05:20:00+00:00,2024-09-11 06:10:00+00:00,short,56292.01,56412.48,SL,-2.5526,252.7043,2024
2024-09-11 08:15:00+00:00,2024-09-11 08:40:00+00:00,short,56598.75,56356.47,TP,5.0541,257.7584,2024
2024-09-11 10:15:00+00:00,2024-09-11 11:15:00+00:00,short,56596.01,56718.01,SL,-2.5776,255.1808,2024
2024-09-11 12:30:00+00:00,2024-09-11 12:55:00+00:00,short,56600.0,56748.01,SL,-2.5518,252.629,2024
2024-09-11 13:00:00+00:00,2024-09-11 13:05:00+00:00,long,57012.01,56876.0,SL,-2.5263,250.1027,2024
2024-09-11 13:30:00+00:00,2024-09-11 13:50:00+00:00,short,56420.01,55876.01,TP,5.0021,255.1048,2024
2024-09-11 22:05:00+00:00,2024-09-11 22:20:00+00:00,long,57399.99,57249.59,SL,-2.551,252.5537,2024
2024-09-11 22:30:00+00:00,2024-09-12 00:20:00+00:00,long,57362.0,57664.13,TP,5.0511,257.6048,2024
2024-09-12 01:25:00+00:00,2024-09-12 01:55:00+00:00,long,57773.99,58137.74,TP,5.1521,262.7569,2024
2024-09-12 03:05:00+00:00,2024-09-12 05:35:00+00:00,long,58181.09,58024.27,SL,-2.6276,260.1293,2024
2024-09-12 07:00:00+00:00,2024-09-12 07:05:00+00:00,long,58038.0,57915.31,SL,-2.6013,257.528,2024
2024-09-12 11:15:00+00:00,2024-09-12 12:35:00+00:00,long,58032.22,57755.29,SL,-2.5753,254.9527,2024
2024-09-12 13:45:00+00:00,2024-09-12 13:50:00+00:00,short,57399.92,57604.15,SL,-2.5495,252.4032,2024
2024-09-12 14:55:00+00:00,2024-09-12 15:00:00+00:00,short,57541.29,57741.61,SL,-2.524,249.8792,2024
2024-09-12 22:15:00+00:00,2024-09-13 01:00:00+00:00,long,58021.81,57900.71,SL,-2.4988,247.3804,2024
2024-09-13 01:50:00+00:00,2024-09-13 03:35:00+00:00,long,58074.08,57910.0,SL,-2.4738,244.9066,2024
2024-09-13 04:40:00+00:00,2024-09-13 05:40:00+00:00,short,57860.49,57998.27,SL,-2.4491,242.4575,2024
2024-09-13 06:10:00+00:00,2024-09-13 07:40:00+00:00,short,57868.01,57987.59,SL,-2.4246,240.033,2024
2024-09-13 09:20:00+00:00,2024-09-13 11:50:00+00:00,long,58121.11,57994.0,SL,-2.4003,237.6326,2024
2024-09-13 19:15:00+00:00,2024-09-13 19:50:00+00:00,long,59875.36,59687.99,SL,-2.3763,235.2563,2024
2024-09-13 20:40:00+00:00,2024-09-13 21:20:00+00:00,long,59947.52,60187.9,TP,4.7051,239.9614,2024
2024-09-14 01:25:00+00:00,2024-09-14 01:55:00+00:00,long,60548.03,60406.06,SL,-2.3996,237.5618,2024
2024-09-14 03:20:00+00:00,2024-09-14 04:10:00+00:00,long,60413.9,60291.69,SL,-2.3756,235.1862,2024
2024-09-14 06:40:00+00:00,2024-09-14 10:45:00+00:00,long,60013.99,59823.99,SL,-2.3519,232.8343,2024
2024-09-14 13:20:00+00:00,2024-09-14 14:20:00+00:00,short,59701.11,59823.99,SL,-2.3283,230.506,2024
2024-09-14 16:45:00+00:00,2024-09-14 18:00:00+00:00,long,59968.01,59834.01,SL,-2.3051,228.2009,2024
2024-09-14 22:00:00+00:00,2024-09-15 10:25:00+00:00,long,60070.02,59945.12,SL,-2.282,225.9189,2024
2024-09-15 11:05:00+00:00,2024-09-15 12:55:00+00:00,short,59927.99,60104.39,SL,-2.2592,223.6597,2024
2024-09-15 14:00:00+00:00,2024-09-15 14:10:00+00:00,long,60216.16,60029.99,SL,-2.2366,221.4231,2024
2024-09-15 14:50:00+00:00,2024-09-15 16:30:00+00:00,long,60197.98,60062.0,SL,-2.2142,219.2089,2024
2024-09-15 19:35:00+00:00,2024-09-15 21:00:00+00:00,short,59891.99,59579.99,TP,4.3842,223.5931,2024
2024-09-15 22:05:00+00:00,2024-09-15 23:05:00+00:00,short,59461.5,58931.79,TP,4.4719,228.0649,2024
2024-09-16 00:15:00+00:00,2024-09-16 01:10:00+00:00,short,58830.5,58528.0,TP,4.5613,232.6262,2024
2024-09-16 02:30:00+00:00,2024-09-16 02:35:00+00:00,short,58298.0,58459.65,SL,-2.3263,230.3,2024
2024-09-16 03:00:00+00:00,2024-09-16 03:15:00+00:00,short,58261.1,58407.98,SL,-2.303,227.997,2024
2024-09-16 04:45:00+00:00,2024-09-16 05:05:00+00:00,short,58384.0,58525.99,SL,-2.28,225.717,2024
2024-09-16 06:50:00+00:00,2024-09-16 07:10:00+00:00,short,58660.68,58797.99,SL,-2.2572,223.4598,2024
2024-09-16 08:15:00+00:00,2024-09-16 08:20:00+00:00,short,58891.1,59099.06,SL,-2.2346,221.2252,2024
2024-09-16 08:40:00+00:00,2024-09-16 09:40:00+00:00,short,58972.01,58699.99,TP,4.4245,225.6497,2024
2024-09-16 11:55:00+00:00,2024-09-16 12:05:00+00:00,short,58663.99,58783.72,SL,-2.2565,223.3932,2024
2024-09-16 12:25:00+00:00,2024-09-16 13:30:00+00:00,short,58606.75,58254.01,TP,4.4679,227.8611,2024
2024-09-16 17:05:00+00:00,2024-09-16 17:40:00+00:00,short,57648.0,57852.42,SL,-2.2786,225.5825,2024
2024-09-16 18:25:00+00:00,2024-09-16 18:55:00+00:00,short,57780.0,57896.0,SL,-2.2558,223.3267,2024
2024-09-16 20:25:00+00:00,2024-09-16 21:50:00+00:00,short,57804.01,57964.2,SL,-2.2333,221.0934,2024
2024-09-17 03:55:00+00:00,2024-09-17 04:20:00+00:00,short,58060.0,58189.99,SL,-2.2109,218.8825,2024
2024-09-17 07:35:00+00:00,2024-09-17 09:05:00+00:00,long,58661.1,58914.02,TP,4.3777,223.2601,2024
2024-09-17 09:45:00+00:00,2024-09-17 10:30:00+00:00,long,58891.09,59173.99,TP,4.4652,227.7253,2024
2024-09-17 12:40:00+00:00,2024-09-17 13:30:00+00:00,long,59310.01,59108.0,SL,-2.2773,225.4481,2024
2024-09-17 14:10:00+00:00,2024-09-17 14:20:00+00:00,long,59739.32,60200.0,TP,4.509,229.957,2024
2024-09-17 20:25:00+00:00,2024-09-17 20:35:00+00:00,long,60184.15,60052.27,SL,-2.2996,227.6575,2024
2024-09-17 22:40:00+00:00,2024-09-17 23:05:00+00:00,long,60276.0,60078.01,SL,-2.2766,225.3809,2024
2024-09-17 23:35:00+00:00,2024-09-18 00:15:00+00:00,long,60235.0,60080.0,SL,-2.2538,223.1271,2024
2024-09-18 00:50:00+00:00,2024-09-18 01:00:00+00:00,long,60272.01,60122.01,SL,-2.2313,220.8958,2024
2024-09-18 02:10:00+00:00,2024-09-18 03:00:00+00:00,long,60220.86,60624.34,TP,4.4179,225.3137,2024
2024-09-18 06:15:00+00:00,2024-09-18 08:10:00+00:00,long,60345.99,60192.0,SL,-2.2531,223.0606,2024
2024-09-18 12:10:00+00:00,2024-09-18 12:20:00+00:00,short,59751.35,59896.37,SL,-2.2306,220.83,2024
2024-09-18 13:30:00+00:00,2024-09-18 13:45:00+00:00,short,59832.0,59558.11,TP,4.4166,225.2466,2024
2024-09-18 15:40:00+00:00,2024-09-18 16:05:00+00:00,short,59374.0,59531.01,SL,-2.2525,222.9941,2024
2024-09-18 17:20:00+00:00,2024-09-18 17:25:00+00:00,short,59661.55,59790.52,SL,-2.2299,220.7642,2024
2024-09-18 17:30:00+00:00,2024-09-18 17:35:00+00:00,long,59987.99,59843.57,SL,-2.2076,218.5565,2024
2024-09-18 20:45:00+00:00,2024-09-18 21:35:00+00:00,long,60183.89,60480.0,TP,4.3711,222.9277,2024
2024-09-18 22:15:00+00:00,2024-09-18 22:55:00+00:00,long,60434.0,60684.78,TP,4.4586,227.3862,2024
2024-09-19 02:40:00+00:00,2024-09-19 03:00:00+00:00,long,62278.0,62127.82,SL,-2.2739,225.1124,2024
2024-09-19 05:00:00+00:00,2024-09-19 05:25:00+00:00,long,62139.66,61986.0,SL,-2.2511,222.8612,2024
2024-09-19 06:25:00+00:00,2024-09-19 08:50:00+00:00,long,62032.0,61903.98,SL,-2.2286,220.6326,2024
2024-09-19 09:10:00+00:00,2024-09-19 10:05:00+00:00,long,62118.91,62520.01,TP,4.4127,225.0453,2024
2024-09-19 11:30:00+00:00,2024-09-19 12:05:00+00:00,long,62555.65,63045.99,TP,4.5009,229.5462,2024
2024-09-19 13:10:00+00:00,2024-09-19 13:30:00+00:00,long,63220.0,63034.0,SL,-2.2955,227.2507,2024
2024-09-19 14:15:00+00:00,2024-09-19 14:20:00+00:00,long,63344.34,63210.0,SL,-2.2725,224.9782,2024
2024-09-19 15:45:00+00:00,2024-09-19 15:55:00+00:00,long,63302.19,63154.04,SL,-2.2498,222.7284,2024
2024-09-19 16:25:00+00:00,2024-09-19 16:50:00+00:00,long,63300.0,63653.81,TP,4.4546,227.183,2024
2024-09-19 17:40:00+00:00,2024-09-19 18:05:00+00:00,long,63819.93,63635.82,SL,-2.2718,224.9112,2024
2024-09-19 21:50:00+00:00,2024-09-19 22:00:00+00:00,long,62994.83,62851.95,SL,-2.2491,222.6621,2024
2024-09-19 22:30:00+00:00,2024-09-20 00:25:00+00:00,long,62937.46,62786.5,SL,-2.2266,220.4354,2024
2024-09-20 01:30:00+00:00,2024-09-20 02:20:00+00:00,long,62966.0,62819.85,SL,-2.2044,218.2311,2024
2024-09-20 09:00:00+00:00,2024-09-20 10:40:00+00:00,long,63352.27,63656.02,TP,4.3646,222.5957,2024
2024-09-20 15:10:00+00:00,2024-09-20 15:35:00+00:00,short,62934.0,63137.76,SL,-2.226,220.3697,2024
2024-09-20 16:20:00+00:00,2024-09-20 17:00:00+00:00,short,63089.99,62810.0,TP,4.4074,224.7771,2024
2024-09-20 20:00:00+00:00,2024-09-20 21:00:00+00:00,short,62843.4,63033.99,SL,-2.2478,222.5294,2024
2024-09-20 22:00:00+00:00,2024-09-20 23:05:00+00:00,long,63248.0,63084.01,SL,-2.2253,220.3041,2024
2024-09-21 00:20:00+00:00,2024-09-21 00:25:00+00:00,long,63283.99,63120.65,SL,-2.203,218.101,2024
2024-09-21 00:30:00+00:00,2024-09-21 01:10:00+00:00,long,63161.99,63034.09,SL,-2.181,215.92,2024
2024-09-21 04:10:00+00:00,2024-09-21 06:10:00+00:00,short,62863.0,63020.79,SL,-2.1592,213.7608,2024
2024-09-21 07:00:00+00:00,2024-09-21 12:55:00+00:00,short,63008.0,63151.98,SL,-2.1376,211.6232,2024
2024-09-21 13:20:00+00:00,2024-09-21 17:15:00+00:00,long,63127.99,63392.01,TP,4.2325,215.8557,2024
2024-09-21 19:05:00+00:00,2024-09-21 19:20:00+00:00,long,63335.49,63194.01,SL,-2.1586,213.6971,2024
2024-09-22 05:00:00+00:00,2024-09-22 09:25:00+00:00,short,63059.9,62801.21,TP,4.2739,217.9711,2024
2024-09-22 11:00:00+00:00,2024-09-22 11:30:00+00:00,short,62616.01,62762.01,SL,-2.1797,215.7913,2024
2024-09-22 12:40:00+00:00,2024-09-22 14:00:00+00:00,short,62779.99,62505.27,TP,4.3158,220.1072,2024
2024-09-22 16:00:00+00:00,2024-09-22 16:35:00+00:00,short,62627.98,62762.5,SL,-2.2011,217.9061,2024
2024-09-22 19:50:00+00:00,2024-09-22 21:55:00+00:00,long,63082.11,62779.99,SL,-2.1791,215.727,2024
2024-09-22 22:35:00+00:00,2024-09-22 22:45:00+00:00,long,63342.01,63653.34,TP,4.3145,220.0416,2024
2024-09-23 00:50:00+00:00,2024-09-23 02:55:00+00:00,long,63679.9,63940.47,TP,4.4008,224.4424,2024
2024-09-23 03:00:00+00:00,2024-09-23 03:10:00+00:00,long,63970.14,64312.46,TP,4.4888,228.9313,2024
2024-09-23 06:35:00+00:00,2024-09-23 07:05:00+00:00,long,63710.0,63500.94,SL,-2.2893,226.6419,2024
2024-09-23 07:40:00+00:00,2024-09-23 08:00:00+00:00,long,63588.02,63429.5,SL,-2.2664,224.3755,2024
2024-09-23 10:10:00+00:00,2024-09-23 13:05:00+00:00,short,63504.01,63234.51,TP,4.4875,228.863,2024
2024-09-23 13:35:00+00:00,2024-09-23 14:05:00+00:00,short,63216.01,63462.89,SL,-2.2886,226.5744,2024
2024-09-23 14:40:00+00:00,2024-09-23 14:50:00+00:00,short,63229.16,63442.46,SL,-2.2657,224.3087,2024
2024-09-23 15:25:00+00:00,2024-09-23 15:50:00+00:00,long,63494.0,63765.87,TP,4.4862,228.7948,2024
2024-09-23 16:20:00+00:00,2024-09-23 18:40:00+00:00,short,63397.96,63548.01,SL,-2.2879,226.5069,2024
2024-09-23 21:00:00+00:00,2024-09-24 00:45:00+00:00,short,63338.75,62954.01,TP,4.5301,231.037,2024
2024-09-24 04:15:00+00:00,2024-09-24 05:05:00+00:00,short,63002.0,63138.0,SL,-2.3104,228.7267,2024
2024-09-24 10:25:00+00:00,2024-09-24 10:50:00+00:00,long,63684.0,63555.78,SL,-2.2873,226.4394,2024
2024-09-24 11:35:00+00:00,2024-09-24 12:45:00+00:00,long,63578.35,63444.0,SL,-2.2644,224.175,2024
2024-09-24 13:20:00+00:00,2024-09-24 14:00:00+00:00,long,63541.98,63204.37,SL,-2.2418,221.9332,2024
2024-09-24 19:45:00+00:00,2024-09-24 19:50:00+00:00,long,64056.01,64327.4,TP,4.4387,226.3719,2024
2024-09-24 22:10:00+00:00,2024-09-24 22:15:00+00:00,long,64458.0,64323.99,SL,-2.2637,224.1082,2024
2024-09-25 00:40:00+00:00,2024-09-25 00:50:00+00:00,long,64392.06,64016.57,SL,-2.2411,221.8671,2024
2024-09-25 01:25:00+00:00,2024-09-25 01:35:00+00:00,long,64389.19,64767.99,TP,4.4373,226.3045,2024
2024-09-25 02:35:00+00:00,2024-09-25 03:00:00+00:00,long,64524.0,64359.91,SL,-2.263,224.0414,2024
2024-09-25 03:50:00+00:00,2024-09-25 04:30:00+00:00,long,64435.61,64265.99,SL,-2.2404,221.801,2024
2024-09-25 09:20:00+00:00,2024-09-25 10:00:00+00:00,short,63734.0,63428.01,TP,4.436,226.237,2024
2024-09-25 11:15:00+00:00,2024-09-25 11:35:00+00:00,short,63568.01,63743.25,SL,-2.2624,223.9746,2024
2024-09-25 12:45:00+00:00,2024-09-25 13:55:00+00:00,short,63629.93,63761.34,SL,-2.2397,221.7349,2024
2024-09-25 15:30:00+00:00,2024-09-25 17:05:00+00:00,short,63693.36,63409.62,TP,4.4347,226.1696,2024
2024-09-25 19:55:00+00:00,2024-09-25 20:10:00+00:00,short,63181.5,63343.99,SL,-2.2617,223.9079,2024
2024-09-25 22:00:00+00:00,2024-09-25 22:40:00+00:00,short,63450.0,63170.45,TP,4.4782,228.3861,2024
2024-09-26 00:45:00+00:00,2024-09-26 01:45:00+00:00,short,62853.91,63035.89,SL,-2.2839,226.1022,2024
2024-09-26 05:20:00+00:00,2024-09-26 07:15:00+00:00,long,63523.67,63822.89,TP,4.522,230.6242,2024
2024-09-26 07:35:00+00:00,2024-09-26 08:55:00+00:00,long,63844.8,63709.5,SL,-2.3062,228.318,2024
2024-09-26 09:30:00+00:00,2024-09-26 10:25:00+00:00,long,63836.0,64207.36,TP,4.5664,232.8844,2024
2024-09-26 14:05:00+00:00,2024-09-26 14:20:00+00:00,long,64759.99,65029.99,TP,4.6577,237.542,2024
2024-09-26 15:25:00+00:00,2024-09-26 15:30:00+00:00,long,64999.01,65399.51,TP,4.7508,242.2929,2024
2024-09-26 17:05:00+00:00,2024-09-26 17:15:00+00:00,long,65661.98,65446.22,SL,-2.4229,239.87,2024
2024-09-26 19:00:00+00:00,2024-09-26 19:40:00+00:00,long,65236.69,65088.12,SL,-2.3987,237.4713,2024
2024-09-26 21:05:00+00:00,2024-09-26 22:00:00+00:00,long,64833.25,65150.01,TP,4.7494,242.2207,2024
2024-09-26 23:45:00+00:00,2024-09-27 02:20:00+00:00,long,65151.17,64972.0,SL,-2.4222,239.7985,2024
2024-09-27 03:20:00+00:00,2024-09-27 03:40:00+00:00,long,65006.7,65286.0,TP,4.796,244.5944,2024
2024-09-27 06:00:00+00:00,2024-09-27 08:20:00+00:00,long,65389.99,65690.0,TP,4.8919,249.4863,2024
2024-09-27 12:00:00+00:00,2024-09-27 12:40:00+00:00,long,65485.99,65790.92,TP,4.9897,254.4761,2024
2024-09-27 14:00:00+00:00,2024-09-27 14:20:00+00:00,long,65841.99,66270.14,TP,5.0895,259.5656,2024
2024-09-27 16:50:00+00:00,2024-09-27 17:05:00+00:00,long,66281.19,66084.0,SL,-2.5957,256.9699,2024
2024-09-27 18:50:00+00:00,2024-09-27 19:55:00+00:00,long,65801.1,65657.99,SL,-2.5697,254.4002,2024
2024-09-27 20:15:00+00:00,2024-09-28 01:55:00+00:00,long,65719.91,65994.0,TP,5.088,259.4882,2024
2024-09-28 08:05:00+00:00,2024-09-28 23:45:00+00:00,short,65684.4,65822.15,SL,-2.5949,256.8934,2024
2024-09-29 01:45:00+00:00,2024-09-29 05:30:00+00:00,long,65811.48,65586.0,SL,-2.5689,254.3244,2024
2024-09-29 08:25:00+00:00,2024-09-29 08:35:00+00:00,short,65440.01,65589.47,SL,-2.5432,251.7812,2024
2024-09-29 09:50:00+00:00,2024-09-29 12:00:00+00:00,short,65579.9,65742.0,SL,-2.5178,249.2634,2024
2024-09-29 13:15:00+00:00,2024-09-29 20:00:00+00:00,long,65750.0,66058.13,TP,4.9853,254.2486,2024
2024-09-29 21:20:00+00:00,2024-09-29 21:50:00+00:00,long,65942.0,65810.01,SL,-2.5425,251.7061,2024
2024-09-29 22:05:00+00:00,2024-09-29 22:10:00+00:00,long,65894.06,65726.01,SL,-2.5171,249.1891,2024
2024-09-30 00:10:00+00:00,2024-09-30 00:30:00+00:00,short,65500.01,65122.14,TP,4.9838,254.1729,2024
2024-09-30 01:20:00+00:00,2024-09-30 01:45:00+00:00,short,65222.01,64834.01,TP,5.0835,259.2563,2024
2024-09-30 06:35:00+00:00,2024-09-30 07:10:00+00:00,short,64460.01,64613.99,SL,-2.5926,256.6638,2024
2024-09-30 08:05:00+00:00,2024-09-30 08:35:00+00:00,short,64456.01,64189.35,TP,5.1333,261.797,2024
2024-09-30 13:35:00+00:00,2024-09-30 14:15:00+00:00,short,63913.57,63639.91,TP,5.2359,267.033,2024
2024-09-30 15:35:00+00:00,2024-09-30 18:10:00+00:00,short,63669.69,63388.01,TP,5.3407,272.3736,2024
2024-09-30 18:15:00+00:00,2024-09-30 18:35:00+00:00,short,63200.0,63351.87,SL,-2.7237,269.6499,2024
2024-09-30 21:25:00+00:00,2024-09-30 22:55:00+00:00,short,63787.27,63481.98,TP,5.393,275.0429,2024
2024-10-01 00:10:00+00:00,2024-10-01 00:25:00+00:00,short,63207.82,63350.04,SL,-2.7504,272.2925,2024
2024-10-01 01:55:00+00:00,2024-10-01 03:10:00+00:00,short,63458.0,63625.71,SL,-2.7229,269.5695,2024
2024-10-01 06:05:00+00:00,2024-10-01 10:10:00+00:00,long,63889.26,63753.91,SL,-2.6957,266.8738,2024
2024-10-01 10:45:00+00:00,2024-10-01 11:35:00+00:00,long,63914.0,63756.57,SL,-2.6687,264.2051,2024
2024-10-01 12:35:00+00:00,2024-10-01 13:15:00+00:00,short,63719.99,63437.99,TP,5.2841,269.4892,2024
2024-10-01 15:00:00+00:00,2024-10-01 15:25:00+00:00,short,62135.54,62372.01,SL,-2.6949,266.7943,2024
2024-10-01 16:30:00+00:00,2024-10-01 16:55:00+00:00,short,62176.13,62448.0,SL,-2.6679,264.1264,2024
2024-10-01 18:55:00+00:00,2024-10-01 20:00:00+00:00,short,61987.99,61620.68,TP,5.2825,269.4089,2024
2024-10-01 22:45:00+00:00,2024-10-01 22:50:00+00:00,short,60661.98,60786.64,SL,-2.6941,266.7148,2024
2024-10-02 03:20:00+00:00,2024-10-02 04:20:00+00:00,short,61772.0,61518.0,TP,5.3343,272.0491,2024
2024-10-02 06:05:00+00:00,2024-10-02 06:10:00+00:00,short,61411.99,61559.99,SL,-2.7205,269.3286,2024
2024-10-02 08:00:00+00:00,2024-10-02 08:30:00+00:00,short,61732.16,61873.99,SL,-2.6933,266.6353,2024
2024-10-02 08:35:00+00:00,2024-10-02 09:00:00+00:00,long,61887.11,61721.82,SL,-2.6664,263.969,2024
2024-10-02 11:05:00+00:00,2024-10-02 11:10:00+00:00,short,60888.89,61246.0,SL,-2.6397,261.3293,2024
2024-10-02 12:05:00+00:00,2024-10-02 12:35:00+00:00,short,61008.0,61137.09,SL,-2.6133,258.716,2024
2024-10-02 12:50:00+00:00,2024-10-02 13:20:00+00:00,short,60860.23,60988.01,SL,-2.5872,256.1288,2024
2024-10-02 13:35:00+00:00,2024-10-02 13:45:00+00:00,short,60617.99,61187.76,SL,-2.5613,253.5676,2024
2024-10-02 14:55:00+00:00,2024-10-02 15:00:00+00:00,short,61077.78,61385.99,SL,-2.5357,251.0319,2024
2024-10-02 22:05:00+00:00,2024-10-02 22:45:00+00:00,short,60596.01,60737.77,SL,-2.5103,248.5216,2024
2024-10-02 23:35:00+00:00,2024-10-03 00:10:00+00:00,short,60666.0,60818.0,SL,-2.4852,246.0363,2024
2024-10-03 01:45:00+00:00,2024-10-03 02:05:00+00:00,short,61008.0,61161.99,SL,-2.4604,243.576,2024
2024-10-03 02:50:00+00:00,2024-10-03 03:10:00+00:00,long,61248.0,61119.99,SL,-2.4358,241.1402,2024
2024-10-03 03:25:00+00:00,2024-10-03 05:35:00+00:00,long,61264.07,61109.9,SL,-2.4114,238.7288,2024
2024-10-03 06:15:00+00:00,2024-10-03 07:40:00+00:00,long,61280.0,61095.83,SL,-2.3873,236.3415,2024
2024-10-03 11:20:00+00:00,2024-10-03 11:40:00+00:00,short,60689.02,60835.01,SL,-2.3634,233.9781,2024
2024-10-03 13:35:00+00:00,2024-10-03 13:55:00+00:00,short,60184.95,60382.05,SL,-2.3398,231.6383,2024
2024-10-03 14:55:00+00:00,2024-10-03 15:20:00+00:00,short,60172.01,60329.99,SL,-2.3164,229.3219,2024
2024-10-03 16:30:00+00:00,2024-10-03 17:10:00+00:00,short,60205.11,60379.99,SL,-2.2932,227.0287,2024
2024-10-03 18:40:00+00:00,2024-10-03 19:30:00+00:00,short,60656.01,60904.79,SL,-2.2703,224.7584,2024
2024-10-03 22:25:00+00:00,2024-10-03 23:20:00+00:00,long,60896.0,60742.01,SL,-2.2476,222.5109,2024
2024-10-04 01:15:00+00:00,2024-10-04 01:25:00+00:00,long,60740.0,61075.99,TP,4.4502,226.9611,2024
2024-10-04 04:10:00+00:00,2024-10-04 06:20:00+00:00,long,61006.44,61306.0,TP,4.5392,231.5003,2024
2024-10-04 07:25:00+00:00,2024-10-04 08:20:00+00:00,long,61320.99,61591.85,TP,4.63,236.1303,2024
2024-10-04 10:40:00+00:00,2024-10-04 12:50:00+00:00,long,61365.99,61753.99,TP,4.7226,240.8529,2024
2024-10-04 13:35:00+00:00,2024-10-04 13:50:00+00:00,long,61790.89,61647.8,SL,-2.4085,238.4444,2024
2024-10-04 15:00:00+00:00,2024-10-04 15:50:00+00:00,long,61516.79,61764.0,TP,4.7689,243.2133,2024
2024-10-04 18:35:00+00:00,2024-10-04 23:05:00+00:00,long,62228.0,62036.83,SL,-2.4321,240.7811,2024
2024-10-04 23:55:00+00:00,2024-10-05 02:45:00+00:00,long,62086.0,61894.13,SL,-2.4078,238.3733,2024
2024-10-05 03:25:00+00:00,2024-10-05 06:35:00+00:00,long,61942.0,62213.79,TP,4.7675,243.1408,2024
2024-10-05 08:30:00+00:00,2024-10-05 16:50:00+00:00,long,62174.0,62014.0,SL,-2.4314,240.7094,2024
2024-10-05 18:10:00+00:00,2024-10-05 22:20:00+00:00,short,61903.0,62039.9,SL,-2.4071,238.3023,2024
2024-10-05 23:05:00+00:00,2024-10-06 01:25:00+00:00,short,61992.0,62116.01,SL,-2.383,235.9193,2024
2024-10-06 02:05:00+00:00,2024-10-06 09:45:00+00:00,short,61982.86,62147.66,SL,-2.3592,233.5601,2024
2024-10-06 11:25:00+00:00,2024-10-06 13:00:00+00:00,long,62065.55,62351.99,TP,4.6712,238.2313,2024
2024-10-06 14:25:00+00:00,2024-10-06 14:55:00+00:00,long,62398.0,62715.99,TP,4.7646,242.9959,2024
2024-10-06 15:55:00+00:00,2024-10-06 17:55:00+00:00,long,62720.01,62591.2,SL,-2.43,240.5659,2024
2024-10-06 18:25:00+00:00,2024-10-06 20:45:00+00:00,long,62729.59,62604.01,SL,-2.4057,238.1603,2024
2024-10-06 22:15:00+00:00,2024-10-06 23:20:00+00:00,long,62529.99,62782.72,TP,4.7632,242.9235,2024
2024-10-07 00:35:00+00:00,2024-10-07 00:45:00+00:00,long,63213.89,63596.61,TP,4.8585,247.782,2024
2024-10-07 04:20:00+00:00,2024-10-07 04:55:00+00:00,long,63620.99,63466.66,SL,-2.4778,245.3041,2024
2024-10-07 05:10:00+00:00,2024-10-07 05:30:00+00:00,long,63602.19,63451.79,SL,-2.453,242.8511,2024
2024-10-07 06:10:00+00:00,2024-10-07 09:15:00+00:00,long,63494.0,63279.99,SL,-2.4285,240.4226,2024
2024-10-07 12:55:00+00:00,2024-10-07 13:15:00+00:00,short,62883.33,63056.01,SL,-2.4042,238.0184,2024
2024-10-07 16:50:00+00:00,2024-10-07 17:10:00+00:00,long,63840.01,63710.01,SL,-2.3802,235.6382,2024
2024-10-07 17:55:00+00:00,2024-10-07 18:05:00+00:00,long,63819.99,63546.55,SL,-2.3564,233.2818,2024
2024-10-07 20:30:00+00:00,2024-10-07 21:25:00+00:00,short,63118.48,63262.0,SL,-2.3328,230.949,2024
2024-10-07 22:30:00+00:00,2024-10-07 22:50:00+00:00,short,63069.45,62775.99,TP,4.619,235.568,2024
2024-10-08 02:20:00+00:00,2024-10-08 02:50:00+00:00,short,62467.84,62640.46,SL,-2.3557,233.2123,2024
2024-10-08 03:40:00+00:00,2024-10-08 05:50:00+00:00,short,62649.99,62380.01,TP,4.6642,237.8765,2024
2024-10-08 07:15:00+00:00,2024-10-08 07:30:00+00:00,short,62093.47,62255.55,SL,-2.3788,235.4978,2024
2024-10-08 10:30:00+00:00,2024-10-08 11:35:00+00:00,short,62440.0,62566.66,SL,-2.355,233.1428,2024
2024-10-08 12:10:00+00:00,2024-10-08 13:30:00+00:00,short,62550.02,62758.09,SL,-2.3314,230.8114,2024
2024-10-08 14:15:00+00:00,2024-10-08 14:55:00+00:00,short,62571.9,62778.0,SL,-2.3081,228.5032,2024
2024-10-08 15:00:00+00:00,2024-10-08 15:15:00+00:00,long,62700.31,62536.0,SL,-2.285,226.2182,2024
2024-10-08 17:20:00+00:00,2024-10-08 17:55:00+00:00,short,62244.0,62393.94,SL,-2.2622,223.956,2024
2024-10-08 18:25:00+00:00,2024-10-08 18:45:00+00:00,short,62196.01,61934.88,TP,4.4791,228.4351,2024
2024-10-08 22:00:00+00:00,2024-10-08 22:50:00+00:00,short,62444.0,62160.0,TP,4.5687,233.0038,2024
2024-10-09 00:40:00+00:00,2024-10-09 01:00:00+00:00,short,62061.97,62188.0,SL,-2.33,230.6738,2024
2024-10-09 02:15:00+00:00,2024-10-09 05:20:00+00:00,short,62320.92,62480.99,SL,-2.3067,228.3671,2024
2024-10-09 10:25:00+00:00,2024-10-09 12:45:00+00:00,short,62111.66,61846.0,TP,4.5673,232.9344,2024
2024-10-09 13:30:00+00:00,2024-10-09 13:45:00+00:00,short,61828.0,61980.0,SL,-2.3293,230.6051,2024
2024-10-09 13:55:00+00:00,2024-10-09 14:15:00+00:00,short,61800.99,61993.79,SL,-2.3061,228.299,2024
2024-10-09 14:45:00+00:00,2024-10-09 14:55:00+00:00,short,61741.62,61872.99,SL,-2.283,226.016,2024
2024-10-09 16:10:00+00:00,2024-10-09 16:25:00+00:00,short,62078.0,61822.0,TP,4.5203,230.5363,2024
2024-10-09 17:50:00+00:00,2024-10-09 18:15:00+00:00,short,61694.76,61325.99,TP,4.6107,235.1471,2024
2024-10-09 20:50:00+00:00,2024-10-09 21:10:00+00:00,short,60488.01,60624.3,SL,-2.3515,232.7956,2024
2024-10-09 23:20:00+00:00,2024-10-10 01:35:00+00:00,short,60639.99,60775.68,SL,-2.328,230.4676,2024
2024-10-10 03:00:00+00:00,2024-10-10 05:45:00+00:00,short,60872.0,61013.99,SL,-2.3047,228.163,2024
2024-10-10 07:20:00+00:00,2024-10-10 09:05:00+00:00,short,61052.71,60800.92,TP,4.5633,232.7262,2024
2024-10-10 13:20:00+00:00,2024-10-10 13:30:00+00:00,long,61254.0,60962.0,SL,-2.3273,230.399,2024
2024-10-10 13:35:00+00:00,2024-10-10 13:45:00+00:00,short,60964.01,60710.01,TP,4.608,235.0069,2024
2024-10-10 15:25:00+00:00,2024-10-10 15:40:00+00:00,short,60486.0,60639.99,SL,-2.3501,232.6569,2024
2024-10-10 16:35:00+00:00,2024-10-10 16:55:00+00:00,short,60547.45,60298.12,TP,4.6531,237.31,2024
2024-10-10 23:30:00+00:00,2024-10-11 01:50:00+00:00,short,60270.01,60496.01,SL,-2.3731,234.9369,2024
2024-10-11 05:05:00+00:00,2024-10-11 09:50:00+00:00,long,60715.99,61076.0,TP,4.6987,239.6357,2024
2024-10-11 11:50:00+00:00,2024-10-11 13:30:00+00:00,long,61246.02,61692.29,TP,4.7927,244.4284,2024
2024-10-11 15:10:00+00:00,2024-10-11 15:20:00+00:00,long,62217.41,62062.22,SL,-2.4443,241.9841,2024
2024-10-11 15:50:00+00:00,2024-10-11 16:50:00+00:00,long,62292.18,62135.49,SL,-2.4198,239.5642,2024
2024-10-11 17:30:00+00:00,2024-10-11 19:00:00+00:00,long,62684.02,62942.96,TP,4.7913,244.3555,2024
2024-10-11 19:05:00+00:00,2024-10-11 19:20:00+00:00,long,63247.99,63039.98,SL,-2.4436,241.912,2024
2024-10-11 23:10:00+00:00,2024-10-11 23:20:00+00:00,long,62648.01,62495.45,SL,-2.4191,239.4929,2024
2024-10-12 03:55:00+00:00,2024-10-12 09:55:00+00:00,long,62568.0,62843.32,TP,4.7899,244.2827,2024
2024-10-12 12:55:00+00:00,2024-10-12 14:45:00+00:00,long,63056.26,63390.74,TP,4.8857,249.1684,2024
2024-10-12 17:20:00+00:00,2024-10-12 17:30:00+00:00,long,63259.99,63132.07,SL,-2.4917,246.6767,2024
2024-10-12 19:20:00+00:00,2024-10-12 22:50:00+00:00,long,63023.08,63303.04,TP,4.9335,251.6102,2024
2024-10-13 00:40:00+00:00,2024-10-13 01:00:00+00:00,long,63270.01,63091.69,SL,-2.5161,249.0941,2024
2024-10-13 03:40:00+00:00,2024-10-13 04:25:00+00:00,short,62701.71,62849.99,SL,-2.4909,246.6032,2024
2024-10-13 05:55:00+00:00,2024-10-13 11:40:00+00:00,short,62853.92,62530.0,TP,4.9321,251.5352,2024
2024-10-13 13:50:00+00:00,2024-10-13 14:50:00+00:00,short,62648.24,62232.0,TP,5.0307,256.5659,2024
2024-10-13 17:40:00+00:00,2024-10-13 17:50:00+00:00,short,62448.0,62575.75,SL,-2.5657,254.0003,2024
2024-10-13 20:25:00+00:00,2024-10-13 21:20:00+00:00,short,62637.99,62860.0,SL,-2.54,251.4603,2024
2024-10-13 23:50:00+00:00,2024-10-14 00:10:00+00:00,long,62852.63,62697.11,SL,-2.5146,248.9457,2024
2024-10-14 02:00:00+00:00,2024-10-14 02:35:00+00:00,short,62484.17,62618.81,SL,-2.4895,246.4562,2024
2024-10-14 06:35:00+00:00,2024-10-14 07:05:00+00:00,long,64188.37,64049.83,SL,-2.4646,243.9917,2024
2024-10-14 07:35:00+00:00,2024-10-14 07:50:00+00:00,long,64240.0,64618.28,TP,4.8798,248.8715,2024
2024-10-14 09:35:00+00:00,2024-10-14 11:25:00+00:00,long,64716.0,64988.0,TP,4.9774,253.8489,2024
2024-10-14 13:45:00+00:00,2024-10-14 13:50:00+00:00,long,65222.01,65008.77,SL,-2.5385,251.3104,2024
2024-10-14 17:45:00+00:00,2024-10-14 17:55:00+00:00,long,65792.92,65640.01,SL,-2.5131,248.7973,2024
2024-10-14 18:05:00+00:00,2024-10-14 22:15:00+00:00,long,65815.98,66122.0,TP,4.9759,253.7733,2024
2024-10-15 00:25:00+00:00,2024-10-15 00:30:00+00:00,long,66330.0,66117.99,SL,-2.5377,251.2355,2024
2024-10-15 02:20:00+00:00,2024-10-15 02:35:00+00:00,long,65873.14,65726.01,SL,-2.5124,248.7232,2024
2024-10-15 04:15:00+00:00,2024-10-15 05:15:00+00:00,long,65552.03,65407.88,SL,-2.4872,246.236,2024
2024-10-15 08:15:00+00:00,2024-10-15 09:05:00+00:00,long,65788.0,65604.59,SL,-2.4624,243.7736,2024
2024-10-15 10:25:00+00:00,2024-10-15 11:05:00+00:00,long,65749.99,65611.02,SL,-2.4377,241.3359,2024
2024-10-15 15:35:00+00:00,2024-10-15 16:05:00+00:00,long,66026.0,66404.81,TP,4.8267,246.1626,2024
2024-10-15 18:00:00+00:00,2024-10-15 18:45:00+00:00,long,67081.05,66942.02,SL,-2.4616,243.7009,2024
2024-10-15 20:05:00+00:00,2024-10-15 20:15:00+00:00,long,67006.11,66700.36,SL,-2.437,241.2639,2024
2024-10-15 21:55:00+00:00,2024-10-15 22:15:00+00:00,long,66432.0,66707.6,TP,4.8253,246.0892,2024
2024-10-15 23:25:00+00:00,2024-10-15 23:45:00+00:00,long,66783.85,67051.89,TP,4.9218,251.011,2024
2024-10-16 01:15:00+00:00,2024-10-16 01:25:00+00:00,long,67153.69,67482.63,TP,5.0202,256.0312,2024
2024-10-16 05:15:00+00:00,2024-10-16 07:05:00+00:00,long,67095.0,66912.01,SL,-2.5603,253.4709,2024
2024-10-16 07:55:00+00:00,2024-10-16 09:25:00+00:00,long,66972.53,67265.46,TP,5.0694,258.5403,2024
2024-10-16 11:10:00+00:00,2024-10-16 11:25:00+00:00,long,67794.0,68118.11,TP,5.1708,263.7111,2024
2024-10-16 14:05:00+00:00,2024-10-16 14:25:00+00:00,long,67983.6,67748.0,SL,-2.6371,261.074,2024
2024-10-16 15:15:00+00:00,2024-10-16 16:15:00+00:00,long,67789.99,67602.5,SL,-2.6107,258.4633,2024
2024-10-16 16:55:00+00:00,2024-10-16 20:55:00+00:00,long,67823.88,67630.01,SL,-2.5846,255.8786,2024
2024-10-16 22:00:00+00:00,2024-10-17 01:30:00+00:00,long,67654.07,67442.0,SL,-2.5588,253.3199,2024
2024-10-17 01:55:00+00:00,2024-10-17 02:10:00+00:00,long,67893.98,67684.01,SL,-2.5332,250.7867,2024
2024-10-17 02:15:00+00:00,2024-10-17 04:50:00+00:00,short,67535.99,67263.75,TP,5.0157,255.8024,2024
2024-10-17 06:05:00+00:00,2024-10-17 06:25:00+00:00,short,67265.97,67418.84,SL,-2.558,253.2444,2024
2024-10-17 06:55:00+00:00,2024-10-17 07:55:00+00:00,short,67162.87,67303.18,SL,-2.5324,250.7119,2024
2024-10-17 09:30:00+00:00,2024-10-17 10:30:00+00:00,short,67322.34,66826.0,TP,5.0142,255.7262,2024
2024-10-17 11:15:00+00:00,2024-10-17 12:30:00+00:00,short,66933.0,67140.0,SL,-2.5573,253.1689,2024
2024-10-17 13:30:00+00:00,2024-10-17 13:40:00+00:00,short,66844.01,67212.0,SL,-2.5317,250.6372,2024
2024-10-17 14:00:00+00:00,2024-10-17 14:10:00+00:00,short,66854.57,67004.0,SL,-2.5064,248.1308,2024
2024-10-17 17:10:00+00:00,2024-10-17 17:20:00+00:00,long,67512.12,67235.4,SL,-2.4813,245.6495,2024
2024-10-18 01:05:00+00:00,2024-10-18 01:45:00+00:00,long,67554.01,67957.99,TP,4.913,250.5625,2024
2024-10-18 02:55:00+00:00,2024-10-18 03:10:00+00:00,long,68103.99,67936.0,SL,-2.5056,248.0569,2024
2024-10-18 04:35:00+00:00,2024-10-18 05:05:00+00:00,long,67836.25,67688.01,SL,-2.4806,245.5763,2024
2024-10-18 05:10:00+00:00,2024-10-18 06:15:00+00:00,long,67829.99,68175.89,TP,4.9115,250.4879,2024
2024-10-18 09:05:00+00:00,2024-10-18 09:30:00+00:00,long,68015.35,67819.91,SL,-2.5049,247.983,2024
2024-10-18 10:20:00+00:00,2024-10-18 11:55:00+00:00,long,67864.0,67702.0,SL,-2.4798,245.5032,2024
2024-10-18 13:00:00+00:00,2024-10-18 13:40:00+00:00,long,67800.29,68181.09,TP,4.9101,250.4132,2024
2024-10-18 15:25:00+00:00,2024-10-18 16:10:00+00:00,long,68659.22,68461.99,SL,-2.5041,247.9091,2024
2024-10-18 18:35:00+00:00,2024-10-18 19:15:00+00:00,long,68926.01,68756.0,SL,-2.4791,245.43,2024
2024-10-18 21:30:00+00:00,2024-10-18 21:50:00+00:00,long,68474.59,68330.01,SL,-2.4543,242.9757,2024
2024-10-18 22:15:00+00:00,2024-10-18 22:45:00+00:00,long,68398.05,68214.46,SL,-2.4298,240.5459,2024
2024-10-18 23:05:00+00:00,2024-10-19 03:05:00+00:00,long,68302.01,68626.27,TP,4.8109,245.3569,2024
2024-10-19 05:25:00+00:00,2024-10-19 10:50:00+00:00,long,68411.99,68242.01,SL,-2.4536,242.9033,2024
2024-10-19 13:20:00+00:00,2024-10-19 14:35:00+00:00,short,68141.99,68285.69,SL,-2.429,240.4743,2024
2024-10-19 15:20:00+00:00,2024-10-19 21:25:00+00:00,short,68207.0,68344.72,SL,-2.4047,238.0695,2024
2024-10-19 22:35:00+00:00,2024-10-20 01:15:00+00:00,long,68344.71,68195.0,SL,-2.3807,235.6888,2024
2024-10-20 05:20:00+00:00,2024-10-20 06:55:00+00:00,short,68200.01,68400.01,SL,-2.3569,233.3319,2024
2024-10-20 08:25:00+00:00,2024-10-20 12:55:00+00:00,long,68484.01,68268.36,SL,-2.3333,230.9986,2024
2024-10-20 13:35:00+00:00,2024-10-20 14:15:00+00:00,long,68437.99,68750.0,TP,4.62,235.6186,2024
2024-10-20 17:55:00+00:00,2024-10-20 20:50:00+00:00,long,68562.0,68856.02,TP,4.7124,240.3309,2024
2024-10-20 22:00:00+00:00,2024-10-20 22:05:00+00:00,long,68994.55,68830.36,SL,-2.4033,237.9276,2024
2024-10-21 00:15:00+00:00,2024-10-21 00:45:00+00:00,long,69372.01,69205.32,SL,-2.3793,235.5484,2024
2024-10-21 01:15:00+00:00,2024-10-21 01:50:00+00:00,long,69414.03,69261.76,SL,-2.3555,233.1929,2024
2024-10-21 03:35:00+00:00,2024-10-21 06:55:00+00:00,long,68938.0,68699.36,SL,-2.3319,230.861,2024
2024-10-21 08:50:00+00:00,2024-10-21 12:40:00+00:00,short,68360.0,68076.87,TP,4.6172,235.4782,2024
2024-10-21 15:00:00+00:00,2024-10-21 15:55:00+00:00,short,67029.99,67341.02,SL,-2.3548,233.1234,2024
2024-10-21 18:05:00+00:00,2024-10-21 19:05:00+00:00,short,67363.99,67512.0,SL,-2.3312,230.7922,2024
2024-10-21 20:25:00+00:00,2024-10-21 21:05:00+00:00,short,67649.11,67876.0,SL,-2.3079,228.4842,2024
2024-10-21 21:30:00+00:00,2024-10-21 23:30:00+00:00,short,67775.99,67494.04,TP,4.5697,233.0539,2024
2024-10-22 02:45:00+00:00,2024-10-22 05:00:00+00:00,short,67380.02,67520.15,SL,-2.3305,230.7234,2024
2024-10-22 12:15:00+00:00,2024-10-22 12:40:00+00:00,short,67270.06,66896.31,TP,4.6145,235.3378,2024
2024-10-22 13:30:00+00:00,2024-10-22 13:35:00+00:00,short,66832.71,66974.0,SL,-2.3534,232.9845,2024
2024-10-22 15:15:00+00:00,2024-10-22 15:30:00+00:00,short,67175.36,67343.33,SL,-2.3298,230.6546,2024
2024-10-22 19:15:00+00:00,2024-10-22 23:45:00+00:00,long,67538.89,67335.96,SL,-2.3065,228.3481,2024
2024-10-23 02:20:00+00:00,2024-10-23 06:55:00+00:00,short,67202.61,66917.55,TP,4.567,232.915,2024
2024-10-23 08:30:00+00:00,2024-10-23 09:05:00+00:00,short,66755.67,66347.99,TP,4.6583,237.5733,2024
2024-10-23 10:55:00+00:00,2024-10-23 11:25:00+00:00,short,66398.19,66546.31,SL,-2.3757,235.1976,2024
2024-10-23 11:50:00+00:00,2024-10-23 13:40:00+00:00,short,66434.97,66645.4,SL,-2.352,232.8456,2024
2024-10-23 14:15:00+00:00,2024-10-23 14:25:00+00:00,short,66557.9,66728.21,SL,-2.3285,230.5172,2024
2024-10-23 14:50:00+00:00,2024-10-23 15:10:00+00:00,short,66546.14,66233.41,TP,4.6103,235.1275,2024
2024-10-23 16:50:00+00:00,2024-10-23 18:00:00+00:00,short,65879.55,65456.0,TP,4.7025,239.8301,2024
2024-10-23 23:05:00+00:00,2024-10-24 00:45:00+00:00,long,66659.99,67133.99,TP,4.7966,244.6267,2024
2024-10-24 04:50:00+00:00,2024-10-24 06:45:00+00:00,long,67396.85,67236.0,SL,-2.4463,242.1804,2024
2024-10-24 08:10:00+00:00,2024-10-24 08:40:00+00:00,long,67224.0,67051.65,SL,-2.4218,239.7586,2024
2024-10-24 09:45:00+00:00,2024-10-24 10:25:00+00:00,short,66833.99,67014.01,SL,-2.3976,237.361,2024
2024-10-24 17:30:00+00:00,2024-10-24 18:20:00+00:00,long,67640.25,67928.01,TP,4.7472,242.1082,2024
2024-10-24 18:55:00+00:00,2024-10-24 19:30:00+00:00,long,67832.0,68152.29,TP,4.8422,246.9504,2024
2024-10-24 21:05:00+00:00,2024-10-24 22:30:00+00:00,long,68440.05,68297.85,SL,-2.4695,244.4809,2024
2024-10-25 00:00:00+00:00,2024-10-25 00:30:00+00:00,long,68239.88,68014.0,SL,-2.4448,242.0361,2024
2024-10-25 01:50:00+00:00,2024-10-25 03:20:00+00:00,long,67913.38,68234.34,TP,4.8407,246.8768,2024
2024-10-25 06:35:00+00:00,2024-10-25 07:25:00+00:00,short,67669.17,67303.04,TP,4.9375,251.8143,2024
2024-10-25 08:05:00+00:00,2024-10-25 08:20:00+00:00,short,67374.0,67575.65,SL,-2.5181,249.2962,2024
2024-10-25 09:35:00+00:00,2024-10-25 09:50:00+00:00,short,67557.6,67765.99,SL,-2.493,246.8032,2024
2024-10-25 13:55:00+00:00,2024-10-25 14:20:00+00:00,long,68334.0,68640.0,TP,4.9361,251.7393,2024
2024-10-25 17:20:00+00:00,2024-10-25 17:55:00+00:00,short,67492.89,66836.01,TP,5.0348,256.7741,2024
2024-10-25 19:10:00+00:00,2024-10-25 19:30:00+00:00,short,66842.01,66986.9,SL,-2.5677,254.2063,2024
2024-10-25 22:35:00+00:00,2024-10-25 22:50:00+00:00,short,67219.98,66806.1,TP,5.0841,259.2905,2024
2024-10-26 01:15:00+00:00,2024-10-26 01:25:00+00:00,short,66612.01,66764.65,SL,-2.5929,256.6976,2024
2024-10-26 01:35:00+00:00,2024-10-26 02:40:00+00:00,short,66634.76,66870.01,SL,-2.567,254.1306,2024
2024-10-26 04:05:00+00:00,2024-10-26 05:00:00+00:00,short,66872.01,67074.99,SL,-2.5413,251.5893,2024
2024-10-26 06:00:00+00:00,2024-10-26 09:20:00+00:00,short,67082.0,67226.06,SL,-2.5159,249.0734,2024
2024-10-26 10:25:00+00:00,2024-10-26 10:40:00+00:00,long,67169.99,67030.0,SL,-2.4907,246.5827,2024
2024-10-26 12:15:00+00:00,2024-10-26 20:05:00+00:00,short,67050.01,67212.91,SL,-2.4658,244.1168,2024
2024-10-26 23:40:00+00:00,2024-10-27 00:45:00+00:00,long,67126.0,66976.84,SL,-2.4412,241.6757,2024
2024-10-27 03:00:00+00:00,2024-10-27 03:25:00+00:00,short,67026.24,67190.0,SL,-2.4168,239.2589,2024
2024-10-27 06:55:00+00:00,2024-10-27 11:05:00+00:00,long,67186.0,67038.0,SL,-2.3926,236.8663,2024
2024-10-27 11:15:00+00:00,2024-10-27 12:30:00+00:00,long,67143.45,67449.96,TP,4.7373,241.6036,2024
2024-10-27 17:30:00+00:00,2024-10-27 17:55:00+00:00,long,67931.37,67759.7,SL,-2.416,239.1876,2024
2024-10-27 19:25:00+00:00,2024-10-27 22:00:00+00:00,long,67801.24,68117.03,TP,4.7838,243.9714,2024
2024-10-28 02:25:00+00:00,2024-10-28 04:20:00+00:00,long,67856.69,67690.29,SL,-2.4397,241.5316,2024
2024-10-28 05:30:00+00:00,2024-10-28 05:45:00+00:00,short,67650.6,67833.98,SL,-2.4153,239.1163,2024
2024-10-28 09:50:00+00:00,2024-10-28 12:20:00+00:00,long,68546.07,68864.93,TP,4.7823,243.8987,2024
2024-10-28 13:05:00+00:00,2024-10-28 13:45:00+00:00,long,68989.66,69270.0,TP,4.878,248.7766,2024
2024-10-28 16:10:00+00:00,2024-10-28 16:35:00+00:00,long,68777.92,68533.16,SL,-2.4878,246.2889,2024
2024-10-28 18:55:00+00:00,2024-10-28 19:10:00+00:00,long,69212.12,69593.92,TP,4.9258,251.2146,2024
2024-10-28 21:45:00+00:00,2024-10-28 22:05:00+00:00,long,69795.42,70099.98,TP,5.0243,256.2389,2024
2024-10-28 23:05:00+00:00,2024-10-28 23:10:00+00:00,long,70102.47,69924.0,SL,-2.5624,253.6765,2024
2024-10-29 00:55:00+00:00,2024-10-29 01:55:00+00:00,long,69960.88,70310.58,TP,5.0735,258.7501,2024
2024-10-29 06:00:00+00:00,2024-10-29 07:10:00+00:00,long,71138.88,70954.86,SL,-2.5875,256.1626,2024
2024-10-29 08:20:00+00:00,2024-10-29 09:25:00+00:00,long,71044.01,71330.13,TP,5.1233,261.2858,2024
2024-10-29 09:55:00+00:00,2024-10-29 10:25:00+00:00,long,71301.42,71146.0,SL,-2.6129,258.673,2024
2024-10-29 11:15:00+00:00,2024-10-29 11:45:00+00:00,long,71262.01,71556.0,TP,5.1735,263.8464,2024
2024-10-29 13:35:00+00:00,2024-10-29 13:55:00+00:00,long,71378.0,71804.0,TP,5.2769,269.1234,2024
2024-10-29 15:20:00+00:00,2024-10-29 15:30:00+00:00,long,71949.29,71788.01,SL,-2.6912,266.4321,2024
2024-10-29 15:40:00+00:00,2024-10-29 16:05:00+00:00,long,72189.23,72509.3,TP,5.3286,271.7608,2024
2024-10-29 18:50:00+00:00,2024-10-29 19:10:00+00:00,long,73238.93,73554.3,TP,5.4352,277.196,2024
2024-10-29 20:55:00+00:00,2024-10-29 22:40:00+00:00,long,72336.22,72742.0,TP,5.5439,282.7399,2024
2024-10-30 01:35:00+00:00,2024-10-30 03:25:00+00:00,long,72405.67,72259.6,SL,-2.8274,279.9125,2024
2024-10-30 04:25:00+00:00,2024-10-30 07:45:00+00:00,long,72319.72,72131.18,SL,-2.7991,277.1134,2024
2024-10-30 08:05:00+00:00,2024-10-30 11:10:00+00:00,long,72371.34,72226.0,SL,-2.7711,274.3422,2024
2024-10-30 13:30:00+00:00,2024-10-30 13:50:00+00:00,short,71720.01,71972.56,SL,-2.7434,271.5988,2024
2024-10-30 15:10:00+00:00,2024-10-30 15:15:00+00:00,short,71868.03,72028.01,SL,-2.716,268.8828,2024
2024-10-30 17:05:00+00:00,2024-10-30 18:10:00+00:00,short,71862.0,72006.01,SL,-2.6888,266.194,2024
2024-10-30 19:00:00+00:00,2024-10-30 19:45:00+00:00,short,71886.69,72045.46,SL,-2.6619,263.5321,2024
2024-10-30 19:55:00+00:00,2024-10-30 20:00:00+00:00,short,71822.01,72369.99,SL,-2.6353,260.8967,2024
2024-10-30 22:15:00+00:00,2024-10-30 22:30:00+00:00,long,72622.0,72341.32,SL,-2.609,258.2878,2024
2024-10-30 23:10:00+00:00,2024-10-30 23:45:00+00:00,long,72564.0,72415.18,SL,-2.5829,255.7049,2024
2024-10-31 01:10:00+00:00,2024-10-31 01:35:00+00:00,long,72304.99,72105.99,SL,-2.557,253.1478,2024
2024-10-31 05:20:00+00:00,2024-10-31 07:00:00+00:00,long,72327.73,72174.33,SL,-2.5315,250.6164,2024
2024-10-31 09:05:00+00:00,2024-10-31 10:55:00+00:00,long,72339.98,72639.27,TP,5.0123,255.6287,2024
2024-10-31 18:15:00+00:00,2024-10-31 18:50:00+00:00,short,70374.01,70654.58,SL,-2.5563,253.0724,2024
2024-10-31 19:30:00+00:00,2024-10-31 19:45:00+00:00,short,70368.66,70628.01,SL,-2.5307,250.5417,2024
2024-10-31 19:50:00+00:00,2024-10-31 20:45:00+00:00,short,70308.34,69891.99,TP,5.0108,255.5525,2024
2024-10-31 22:25:00+00:00,2024-10-31 22:40:00+00:00,short,70292.0,70492.09,SL,-2.5555,252.997,2024
2024-10-31 23:45:00+00:00,2024-11-01 00:35:00+00:00,short,70433.99,70149.84,TP,5.0599,258.0569,2024
2024-11-01 06:05:00+00:00,2024-11-01 06:55:00+00:00,short,69522.01,69212.13,TP,5.1611,263.2181,2024
2024-11-01 12:45:00+00:00,2024-11-01 13:00:00+00:00,long,70443.02,70262.78,SL,-2.6322,260.5859,2024
2024-11-01 13:35:00+00:00,2024-11-01 13:40:00+00:00,long,70808.0,70636.0,SL,-2.6059,257.98,2024
2024-11-01 16:25:00+00:00,2024-11-01 16:40:00+00:00,long,70224.01,69965.94,SL,-2.5798,255.4002,2024
2024-11-01 17:05:00+00:00,2024-11-01 17:10:00+00:00,short,69632.0,69894.0,SL,-2.554,252.8462,2024
2024-11-01 17:40:00+00:00,2024-11-01 17:50:00+00:00,short,69670.0,69873.99,SL,-2.5285,250.3178,2024
2024-11-01 17:55:00+00:00,2024-11-01 18:45:00+00:00,short,69586.01,69266.6,TP,5.0064,255.3241,2024
2024-11-01 21:20:00+00:00,2024-11-01 21:50:00+00:00,short,68982.0,69221.99,SL,-2.5532,252.7709,2024
2024-11-01 23:45:00+00:00,2024-11-02 00:10:00+00:00,short,69484.0,69632.01,SL,-2.5277,250.2432,2024
2024-11-02 00:20:00+00:00,2024-11-02 02:05:00+00:00,short,69553.95,69730.0,SL,-2.5024,247.7407,2024
2024-11-02 06:25:00+00:00,2024-11-02 07:30:00+00:00,short,69640.01,69816.2,SL,-2.4774,245.2633,2024
2024-11-02 09:45:00+00:00,2024-11-02 14:15:00+00:00,short,69561.44,69163.99,TP,4.9053,250.1686,2024
2024-11-02 17:20:00+00:00,2024-11-02 23:15:00+00:00,short,69470.43,69168.63,TP,5.0034,255.172,2024
2024-11-03 00:35:00+00:00,2024-11-03 02:10:00+00:00,short,69176.42,68686.0,TP,5.1034,260.2754,2024
2024-11-03 05:30:00+00:00,2024-11-03 06:45:00+00:00,short,68491.7,68732.21,SL,-2.6028,257.6727,2024
2024-11-03 07:25:00+00:00,2024-11-03 13:45:00+00:00,short,68454.0,68107.25,TP,5.1535,262.8261,2024
2024-11-03 16:55:00+00:00,2024-11-03 17:00:00+00:00,short,68152.01,68307.95,SL,-2.6283,260.1979,2024
2024-11-03 17:45:00+00:00,2024-11-03 18:35:00+00:00,short,68304.55,67958.0,TP,5.204,265.4018,2024
2024-11-04 00:55:00+00:00,2024-11-04 02:00:00+00:00,long,68712.0,69055.56,TP,5.308,270.7098,2024
2024-11-04 06:15:00+00:00,2024-11-04 07:30:00+00:00,long,68984.0,68770.0,SL,-2.7071,268.0028,2024
2024-11-04 11:30:00+00:00,2024-11-04 12:20:00+00:00,short,68798.0,69008.0,SL,-2.68,265.3227,2024
2024-11-04 16:25:00+00:00,2024-11-04 16:40:00+00:00,short,68282.01,67966.0,TP,5.3065,270.6292,2024
2024-11-04 20:00:00+00:00,2024-11-04 20:45:00+00:00,short,67741.6,67465.99,TP,5.4126,276.0418,2024
2024-11-04 23:40:00+00:00,2024-11-05 00:10:00+00:00,short,67735.29,67930.0,SL,-2.7604,273.2813,2024
2024-11-05 01:05:00+00:00,2024-11-05 01:25:00+00:00,short,67992.0,67636.0,TP,5.4656,278.747,2024
2024-11-05 02:45:00+00:00,2024-11-05 03:00:00+00:00,short,67863.27,68024.0,SL,-2.7875,275.9595,2024
2024-11-05 05:35:00+00:00,2024-11-05 07:40:00+00:00,long,68566.0,68918.0,TP,5.5192,281.4787,2024
2024-11-05 07:45:00+00:00,2024-11-05 10:00:00+00:00,long,68890.0,68697.16,SL,-2.8148,278.6639,2024
2024-11-05 11:00:00+00:00,2024-11-05 14:20:00+00:00,long,68826.44,69280.0,TP,5.5733,284.2372,2024
2024-11-05 16:25:00+00:00,2024-11-05 16:30:00+00:00,long,69979.99,70451.42,TP,5.6847,289.9219,2024
2024-11-05 18:50:00+00:00,2024-11-05 19:10:00+00:00,long,70222.0,70000.29,SL,-2.8992,287.0227,2024
2024-11-05 20:35:00+00:00,2024-11-05 20:50:00+00:00,long,69583.06,69443.08,SL,-2.8702,284.1525,2024
2024-11-05 21:50:00+00:00,2024-11-05 22:15:00+00:00,short,69252.0,68922.24,TP,5.683,289.8355,2024
2024-11-05 22:30:00+00:00,2024-11-05 23:25:00+00:00,long,69431.57,69809.41,TP,5.7967,295.6322,2024
2024-11-06 00:15:00+00:00,2024-11-06 00:25:00+00:00,long,69849.99,70319.98,TP,5.9126,301.5449,2024
2024-11-06 02:15:00+00:00,2024-11-06 02:25:00+00:00,long,71978.01,72396.7,TP,6.0309,307.5758,2024
2024-11-06 06:00:00+00:00,2024-11-06 06:05:00+00:00,long,74963.92,74722.57,SL,-3.0758,304.5,2024
2024-11-06 08:45:00+00:00,2024-11-06 09:00:00+00:00,long,73236.21,73748.25,TP,6.09,310.59,2024
2024-11-06 10:35:00+00:00,2024-11-06 11:15:00+00:00,long,73792.0,74114.46,TP,6.2118,316.8018,2024
2024-11-06 14:25:00+00:00,2024-11-06 14:35:00+00:00,long,74168.0,74672.02,TP,6.336,323.1379,2024
2024-11-06 15:10:00+00:00,2024-11-06 15:30:00+00:00,long,74344.0,74064.42,SL,-3.2314,319.9065,2024
2024-11-06 16:35:00+00:00,2024-11-06 16:40:00+00:00,long,74414.74,74192.59,SL,-3.1991,316.7074,2024
2024-11-06 17:05:00+00:00,2024-11-06 18:05:00+00:00,long,74484.0,74859.99,TP,6.3341,323.0416,2024
2024-11-06 19:45:00+00:00,2024-11-06 20:10:00+00:00,long,75614.99,75943.99,TP,6.4608,329.5024,2024
2024-11-06 20:55:00+00:00,2024-11-06 21:00:00+00:00,long,76101.99,75859.99,SL,-3.295,326.2074,2024
2024-11-06 21:10:00+00:00,2024-11-06 21:15:00+00:00,long,76070.64,75881.5,SL,-3.2621,322.9453,2024
2024-11-07 01:00:00+00:00,2024-11-07 01:30:00+00:00,long,75325.98,75726.0,TP,6.4589,329.4042,2024
2024-11-07 03:20:00+00:00,2024-11-07 03:35:00+00:00,long,75308.01,75124.15,SL,-3.294,326.1102,2024
2024-11-07 06:05:00+00:00,2024-11-07 06:20:00+00:00,short,74548.75,74749.72,SL,-3.2611,322.8491,2024
2024-11-07 06:45:00+00:00,2024-11-07 06:50:00+00:00,short,74488.95,74691.99,SL,-3.2285,319.6206,2024
2024-11-07 10:55:00+00:00,2024-11-07 11:25:00+00:00,long,75031.2,74840.55,SL,-3.1962,316.4244,2024
2024-11-07 12:05:00+00:00,2024-11-07 13:35:00+00:00,long,74931.99,74670.01,SL,-3.1642,313.2601,2024
2024-11-07 14:45:00+00:00,2024-11-07 14:50:00+00:00,short,74679.99,74881.42,SL,-3.1326,310.1275,2024
2024-11-07 17:15:00+00:00,2024-11-07 18:05:00+00:00,long,76178.01,75963.72,SL,-3.1013,307.0262,2024
2024-11-07 18:35:00+00:00,2024-11-07 19:00:00+00:00,long,76611.99,76203.95,SL,-3.0703,303.956,2024
2024-11-07 20:00:00+00:00,2024-11-07 20:40:00+00:00,long,76575.7,76370.0,SL,-3.0396,300.9164,2024
2024-11-07 22:50:00+00:00,2024-11-08 00:20:00+00:00,long,75808.97,76199.99,TP,6.0183,306.9347,2024
2024-11-08 01:20:00+00:00,2024-11-08 01:35:00+00:00,long,76256.0,75933.94,SL,-3.0693,303.8654,2024
2024-11-08 03:05:00+00:00,2024-11-08 03:30:00+00:00,long,75862.0,75656.0,SL,-3.0387,300.8267,2024
2024-11-08 05:10:00+00:00,2024-11-08 07:05:00+00:00,long,75948.79,75748.75,SL,-3.0083,297.8185,2024
2024-11-08 07:30:00+00:00,2024-11-08 08:10:00+00:00,long,76005.9,75844.42,SL,-2.9782,294.8403,2024
2024-11-08 09:15:00+00:00,2024-11-08 10:15:00+00:00,long,75983.98,75828.0,SL,-2.9484,291.8919,2024
2024-11-08 10:30:00+00:00,2024-11-08 14:40:00+00:00,long,75972.04,75704.4,SL,-2.9189,288.973,2024
2024-11-08 15:15:00+00:00,2024-11-08 15:30:00+00:00,long,76136.0,76473.97,TP,5.7795,294.7524,2024
2024-11-08 17:30:00+00:00,2024-11-08 18:15:00+00:00,long,76212.66,76520.0,TP,5.895,300.6475,2024
2024-11-08 19:40:00+00:00,2024-11-08 19:55:00+00:00,long,77087.98,76912.58,SL,-3.0065,297.641,2024
2024-11-08 22:00:00+00:00,2024-11-08 22:50:00+00:00,long,76599.99,76371.59,SL,-2.9764,294.6646,2024
2024-11-08 23:15:00+00:00,2024-11-09 01:30:00+00:00,long,76460.85,76302.1,SL,-2.9466,291.7179,2024
2024-11-09 08:00:00+00:00,2024-11-09 12:45:00+00:00,long,76485.81,76316.01,SL,-2.9172,288.8008,2024
2024-11-09 13:20:00+00:00,2024-11-09 13:50:00+00:00,short,76307.71,76465.42,SL,-2.888,285.9128,2024
2024-11-09 14:15:00+00:00,2024-11-09 17:05:00+00:00,short,76289.5,75968.07,TP,5.7183,291.631,2024
2024-11-09 19:30:00+00:00,2024-11-09 21:20:00+00:00,short,76232.57,76387.14,SL,-2.9163,288.7147,2024
2024-11-10 00:40:00+00:00,2024-11-10 01:05:00+00:00,long,76894.99,76706.0,SL,-2.8871,285.8276,2024
2024-11-10 02:10:00+00:00,2024-11-10 02:20:00+00:00,long,76875.3,77224.47,TP,5.7166,291.5441,2024
2024-11-10 03:15:00+00:00,2024-11-10 03:55:00+00:00,long,77366.7,77205.96,SL,-2.9154,288.6287,2024
2024-11-10 04:30:00+00:00,2024-11-10 04:50:00+00:00,long,77885.81,78996.51,TP,5.7726,294.4012,2024
2024-11-10 08:25:00+00:00,2024-11-10 09:30:00+00:00,long,79056.02,79418.0,TP,5.888,300.2893,2024
2024-11-10 10:45:00+00:00,2024-11-10 11:15:00+00:00,long,79552.03,79926.0,TP,6.0058,306.2951,2024
2024-11-10 13:05:00+00:00,2024-11-10 14:35:00+00:00,long,79673.43,79499.93,SL,-3.063,303.2321,2024
2024-11-10 15:15:00+00:00,2024-11-10 17:35:00+00:00,long,79664.01,80213.56,TP,6.0646,309.2967,2024
2024-11-10 21:20:00+00:00,2024-11-10 21:45:00+00:00,long,79295.98,79694.01,TP,6.1859,315.4827,2024
2024-11-11 00:25:00+00:00,2024-11-11 01:00:00+00:00,long,80722.0,80500.0,SL,-3.1548,312.3279,2024
2024-11-11 01:25:00+00:00,2024-11-11 01:35:00+00:00,long,80783.98,81210.19,TP,6.2466,318.5744,2024
2024-11-11 03:50:00+00:00,2024-11-11 04:05:00+00:00,long,81731.99,81537.47,SL,-3.1857,315.3887,2024
2024-11-11 06:25:00+00:00,2024-11-11 06:40:00+00:00,long,81100.98,80792.08,SL,-3.1539,312.2348,2024
2024-11-11 12:50:00+00:00,2024-11-11 13:00:00+00:00,long,82308.0,81955.51,SL,-3.1223,309.1124,2024
2024-11-11 14:00:00+00:00,2024-11-11 14:10:00+00:00,long,82132.03,81748.07,SL,-3.0911,306.0213,2024
2024-11-11 14:30:00+00:00,2024-11-11 14:40:00+00:00,long,82242.88,81941.98,SL,-3.0602,302.9611,2024
2024-11-11 18:40:00+00:00,2024-11-11 18:50:00+00:00,long,85190.0,85728.0,TP,6.0592,309.0203,2024
2024-11-11 20:05:00+00:00,2024-11-11 20:10:00+00:00,long,86735.99,87146.04,TP,6.1804,315.2007,2024
2024-11-11 21:15:00+00:00,2024-11-11 21:25:00+00:00,long,87776.74,88242.62,TP,6.304,321.5047,2024
2024-11-11 23:00:00+00:00,2024-11-11 23:05:00+00:00,long,88868.74,88681.81,SL,-3.215,318.2897,2024
2024-11-12 00:55:00+00:00,2024-11-12 01:25:00+00:00,long,88978.57,88685.43,SL,-3.1829,315.1068,2024
2024-11-12 03:30:00+00:00,2024-11-12 04:00:00+00:00,long,87704.0,88078.29,TP,6.3021,321.4089,2024
2024-11-12 06:30:00+00:00,2024-11-12 06:40:00+00:00,long,88843.64,89419.99,TP,6.4282,327.8371,2024
2024-11-12 09:00:00+00:00,2024-11-12 09:05:00+00:00,long,89116.01,88546.09,SL,-3.2784,324.5587,2024
2024-11-12 12:35:00+00:00,2024-11-12 12:40:00+00:00,short,87068.0,86678.71,TP,6.4912,331.0499,2024
2024-11-12 15:45:00+00:00,2024-11-12 16:05:00+00:00,short,86568.02,86124.01,TP,6.621,337.6709,2024
2024-11-12 17:55:00+00:00,2024-11-12 18:05:00+00:00,short,86966.07,87288.03,SL,-3.3767,334.2942,2024
2024-11-12 18:20:00+00:00,2024-11-12 18:30:00+00:00,long,88016.01,88644.85,TP,6.6859,340.9801,2024
2024-11-12 22:40:00+00:00,2024-11-12 23:00:00+00:00,long,88505.06,88039.35,SL,-3.4098,337.5703,2024
2024-11-12 23:20:00+00:00,2024-11-12 23:25:00+00:00,short,87628.39,87970.33,SL,-3.3757,334.1946,2024
2024-11-12 23:50:00+00:00,2024-11-12 23:55:00+00:00,long,88144.0,87952.01,SL,-3.3419,330.8526,2024
2024-11-13 00:15:00+00:00,2024-11-13 00:25:00+00:00,short,87731.99,88206.0,SL,-3.3085,327.5441,2024
2024-11-13 01:45:00+00:00,2024-11-13 02:05:00+00:00,long,88288.0,88064.01,SL,-3.2754,324.2687,2024
2024-11-13 02:55:00+00:00,2024-11-13 03:20:00+00:00,long,87868.0,87691.99,SL,-3.2427,321.026,2024
2024-11-13 03:30:00+00:00,2024-11-13 03:40:00+00:00,short,87494.6,87127.99,TP,6.4205,327.4465,2024
2024-11-13 04:30:00+00:00,2024-11-13 04:35:00+00:00,short,87044.32,86600.06,TP,6.5489,333.9954,2024
2024-11-13 05:50:00+00:00,2024-11-13 06:30:00+00:00,short,86656.85,86198.23,TP,6.6799,340.6753,2024
2024-11-13 08:45:00+00:00,2024-11-13 09:10:00+00:00,short,87273.99,87499.99,SL,-3.4068,337.2686,2024
2024-11-13 09:25:00+00:00,2024-11-13 09:30:00+00:00,long,87521.99,87294.03,SL,-3.3727,333.8959,2024
2024-11-13 10:55:00+00:00,2024-11-13 11:15:00+00:00,long,87535.55,87952.29,TP,6.6779,340.5738,2024
2024-11-13 12:35:00+00:00,2024-11-13 12:55:00+00:00,long,87898.17,87626.96,SL,-3.4057,337.1681,2024
2024-11-13 13:20:00+00:00,2024-11-13 13:30:00+00:00,long,88073.57,88528.24,TP,6.7434,343.9114,2024
2024-11-13 15:45:00+00:00,2024-11-13 16:10:00+00:00,long,92562.96,93192.03,TP,6.8782,350.7897,2024
2024-11-13 18:30:00+00:00,2024-11-13 18:35:00+00:00,long,92647.99,92447.26,SL,-3.5079,347.2818,2024
2024-11-13 18:40:00+00:00,2024-11-13 18:50:00+00:00,long,92703.76,93084.0,TP,6.9456,354.2274,2024
2024-11-13 20:20:00+00:00,2024-11-13 20:25:00+00:00,long,90825.99,90556.0,SL,-3.5423,350.6851,2024
2024-11-13 20:55:00+00:00,2024-11-13 21:00:00+00:00,short,89691.99,88947.71,TP,7.0137,357.6988,2024
2024-11-14 01:55:00+00:00,2024-11-14 02:10:00+00:00,long,90372.01,90123.95,SL,-3.577,354.1218,2024
2024-11-14 03:45:00+00:00,2024-11-14 04:00:00+00:00,long,89981.51,89767.38,SL,-3.5412,350.5806,2024
2024-11-14 04:45:00+00:00,2024-11-14 05:10:00+00:00,long,89966.92,89748.0,SL,-3.5058,347.0748,2024
2024-11-14 05:40:00+00:00,2024-11-14 05:50:00+00:00,short,89790.24,90001.04,SL,-3.4707,343.6041,2024
2024-11-14 07:35:00+00:00,2024-11-14 07:45:00+00:00,long,89978.91,90363.1,TP,6.8721,350.4762,2024
2024-11-14 10:00:00+00:00,2024-11-14 11:00:00+00:00,long,91154.64,90820.11,SL,-3.5048,346.9714,2024
2024-11-14 11:45:00+00:00,2024-11-14 12:40:00+00:00,long,91315.99,91093.75,SL,-3.4697,343.5017,2024
2024-11-14 14:15:00+00:00,2024-11-14 14:30:00+00:00,long,91033.59,91699.99,TP,6.87,350.3717,2024
2024-11-14 14:40:00+00:00,2024-11-14 14:45:00+00:00,short,89730.94,88909.36,TP,7.0074,357.3791,2024
2024-11-14 18:40:00+00:00,2024-11-14 18:50:00+00:00,short,89074.36,89290.33,SL,-3.5738,353.8054,2024
2024-11-14 19:45:00+00:00,2024-11-14 19:50:00+00:00,short,89239.4,89489.51,SL,-3.5381,350.2673,2024
2024-11-14 22:30:00+00:00,2024-11-14 22:35:00+00:00,short,87120.0,87402.01,SL,-3.5027,346.7646,2024
2024-11-14 23:05:00+00:00,2024-11-15 00:00:00+00:00,short,87291.22,87687.99,SL,-3.4676,343.297,2024
2024-11-15 01:10:00+00:00,2024-11-15 01:15:00+00:00,short,87791.71,87995.15,SL,-3.433,339.864,2024
2024-11-15 02:20:00+00:00,2024-11-15 02:30:00+00:00,short,87904.0,88125.03,SL,-3.3986,336.4654,2024
2024-11-15 03:20:00+00:00,2024-11-15 03:40:00+00:00,short,88164.72,88384.85,SL,-3.3647,333.1007,2024
2024-11-15 07:40:00+00:00,2024-11-15 08:05:00+00:00,short,87931.99,87374.83,TP,6.662,339.7627,2024
2024-11-15 11:55:00+00:00,2024-11-15 12:10:00+00:00,long,89741.25,90660.54,TP,6.7953,346.558,2024
2024-11-15 13:50:00+00:00,2024-11-15 14:00:00+00:00,long,90280.38,90051.73,SL,-3.4656,343.0924,2024
2024-11-15 19:30:00+00:00,2024-11-15 19:40:00+00:00,long,89875.92,90585.0,TP,6.8618,349.9543,2024
2024-11-16 00:50:00+00:00,2024-11-16 02:15:00+00:00,long,91027.99,91605.77,TP,6.9991,356.9533,2024
2024-11-16 04:45:00+00:00,2024-11-16 05:20:00+00:00,long,91245.82,91759.5,TP,7.1391,364.0924,2024
2024-11-16 07:15:00+00:00,2024-11-16 07:35:00+00:00,long,91388.45,91162.58,SL,-3.6409,360.4515,2024
2024-11-16 08:25:00+00:00,2024-11-16 10:40:00+00:00,long,91224.98,91597.65,TP,7.209,367.6605,2024
2024-11-16 13:55:00+00:00,2024-11-16 14:20:00+00:00,short,90755.99,90969.7,SL,-3.6766,363.9839,2024
2024-11-16 15:10:00+00:00,2024-11-16 15:45:00+00:00,short,90536.83,90105.62,TP,7.2797,371.2636,2024
2024-11-16 22:20:00+00:00,2024-11-16 22:55:00+00:00,short,90871.57,90328.39,TP,7.4253,378.6889,2024
2024-11-17 01:25:00+00:00,2024-11-17 01:40:00+00:00,short,90676.02,90168.7,TP,7.5738,386.2626,2024
2024-11-17 05:30:00+00:00,2024-11-17 06:40:00+00:00,short,90522.02,90769.99,SL,-3.8626,382.4,2024
2024-11-17 07:00:00+00:00,2024-11-17 07:40:00+00:00,short,90439.99,90643.97,SL,-3.824,378.576,2024
2024-11-17 07:50:00+00:00,2024-11-17 08:05:00+00:00,short,90531.31,90788.57,SL,-3.7858,374.7903,2024
2024-11-17 08:20:00+00:00,2024-11-17 08:40:00+00:00,short,90509.99,90746.97,SL,-3.7479,371.0423,2024
2024-11-17 12:05:00+00:00,2024-11-17 13:35:00+00:00,long,90824.02,90381.96,SL,-3.7104,367.3319,2024
2024-11-17 16:00:00+00:00,2024-11-17 16:25:00+00:00,short,90136.42,90333.33,SL,-3.6733,363.6586,2024
2024-11-17 18:10:00+00:00,2024-11-17 18:30:00+00:00,short,90304.8,89926.89,TP,7.2732,370.9318,2024
2024-11-17 20:25:00+00:00,2024-11-17 21:50:00+00:00,short,89679.99,89276.75,TP,7.4186,378.3504,2024
2024-11-18 03:55:00+00:00,2024-11-18 04:55:00+00:00,long,90668.58,90441.3,SL,-3.7835,374.5669,2024
2024-11-18 05:20:00+00:00,2024-11-18 06:20:00+00:00,long,90663.5,91076.0,TP,7.4913,382.0582,2024
2024-11-18 10:35:00+00:00,2024-11-18 10:50:00+00:00,long,91991.99,91800.0,SL,-3.8206,378.2377,2024
2024-11-18 13:05:00+00:00,2024-11-18 13:55:00+00:00,short,89875.59,89502.23,TP,7.5648,385.8024,2024
2024-11-19 01:50:00+00:00,2024-11-19 02:15:00+00:00,short,90824.01,91129.5,SL,-3.858,381.9444,2024
2024-11-19 04:25:00+00:00,2024-11-19 04:45:00+00:00,long,91628.74,91420.0,SL,-3.8194,378.125,2024
2024-11-19 05:55:00+00:00,2024-11-19 06:10:00+00:00,long,91877.0,91672.0,SL,-3.7812,374.3437,2024
2024-11-19 08:55:00+00:00,2024-11-19 09:20:00+00:00,long,91780.99,91490.47,SL,-3.7434,370.6003,2024
2024-11-19 09:55:00+00:00,2024-11-19 12:15:00+00:00,long,91694.38,92200.0,TP,7.412,378.0123,2024
2024-11-19 14:40:00+00:00,2024-11-19 15:20:00+00:00,long,91964.01,91760.53,SL,-3.7801,374.2321,2024
2024-11-19 16:55:00+00:00,2024-11-19 17:30:00+00:00,long,92553.79,93068.0,TP,7.4846,381.7168,2024
2024-11-19 18:10:00+00:00,2024-11-19 18:20:00+00:00,long,93286.99,93063.99,SL,-3.8172,377.8996,2024
2024-11-19 19:10:00+00:00,2024-11-19 19:20:00+00:00,long,93867.65,93599.99,SL,-3.779,374.1206,2024
2024-11-19 21:50:00+00:00,2024-11-19 22:15:00+00:00,long,92342.37,92136.55,SL,-3.7412,370.3794,2024
2024-11-19 22:30:00+00:00,2024-11-19 23:15:00+00:00,short,91712.0,92042.08,SL,-3.7038,366.6756,2024
2024-11-20 00:55:00+00:00,2024-11-20 01:00:00+00:00,short,92044.19,92246.1,SL,-3.6668,363.0089,2024
2024-11-20 01:10:00+00:00,2024-11-20 02:10:00+00:00,short,92072.24,91703.57,TP,7.2602,370.269,2024
2024-11-20 02:30:00+00:00,2024-11-20 03:40:00+00:00,short,91768.77,91987.13,SL,-3.7027,366.5664,2024
2024-11-20 05:00:00+00:00,2024-11-20 05:20:00+00:00,short,91987.02,92325.1,SL,-3.6657,362.9007,2024
2024-11-20 07:20:00+00:00,2024-11-20 08:35:00+00:00,long,92710.93,93131.97,TP,7.258,370.1587,2024
2024-11-20 10:40:00+00:00,2024-11-20 10:55:00+00:00,long,93499.99,93278.5,SL,-3.7016,366.4571,2024
2024-11-20 11:45:00+00:00,2024-11-20 13:10:00+00:00,long,93472.0,93912.01,TP,7.3291,373.7863,2024
2024-11-20 15:35:00+00:00,2024-11-20 16:05:00+00:00,long,94764.0,94531.39,SL,-3.7379,370.0484,2024
2024-11-20 17:05:00+00:00,2024-11-20 17:10:00+00:00,long,94192.0,93969.4,SL,-3.7005,366.3479,2024
2024-11-20 17:35:00+00:00,2024-11-20 18:15:00+00:00,long,94104.01,93876.8,SL,-3.6635,362.6844,2024
2024-11-20 18:30:00+00:00,2024-11-20 18:35:00+00:00,long,94076.92,93506.13,SL,-3.6268,359.0576,2024
2024-11-20 19:35:00+00:00,2024-11-20 20:00:00+00:00,long,93721.9,94115.34,TP,7.1812,366.2387,2024
2024-11-20 21:35:00+00:00,2024-11-20 22:25:00+00:00,long,94407.2,94165.76,SL,-3.6624,362.5764,2024
2024-11-20 23:50:00+00:00,2024-11-21 00:20:00+00:00,long,94174.73,94571.65,TP,7.2515,369.8279,2024
2024-11-21 03:05:00+00:00,2024-11-21 03:25:00+00:00,long,94852.1,95692.0,TP,7.3966,377.2244,2024
2024-11-21 08:55:00+00:00,2024-11-21 09:15:00+00:00,long,97107.99,97500.0,TP,7.5445,384.7689,2024
2024-11-21 10:50:00+00:00,2024-11-21 11:05:00+00:00,long,97691.99,98367.5,TP,7.6954,392.4643,2024
2024-11-21 13:50:00+00:00,2024-11-21 14:00:00+00:00,long,97622.17,97348.0,SL,-3.9246,388.5397,2024
2024-11-21 14:15:00+00:00,2024-11-21 14:20:00+00:00,long,97504.01,97263.99,SL,-3.8854,384.6543,2024
2024-11-21 14:45:00+00:00,2024-11-21 14:50:00+00:00,long,97568.08,96960.0,SL,-3.8465,380.8077,2024
2024-11-21 15:55:00+00:00,2024-11-21 16:25:00+00:00,long,96672.0,97147.99,TP,7.6162,388.4239,2024
2024-11-21 19:05:00+00:00,2024-11-21 19:45:00+00:00,long,98412.12,98140.64,SL,-3.8842,384.5396,2024
2024-11-21 22:15:00+00:00,2024-11-21 23:00:00+00:00,long,98022.36,98584.17,TP,7.6908,392.2304,2024
2024-11-22 01:20:00+00:00,2024-11-22 01:35:00+00:00,long,98279.51,98053.41,SL,-3.9223,388.3081,2024
2024-11-22 02:00:00+00:00,2024-11-22 03:05:00+00:00,long,98235.99,98650.0,TP,7.7662,396.0743,2024
2024-11-22 04:00:00+00:00,2024-11-22 05:00:00+00:00,long,98928.0,98648.0,SL,-3.9607,392.1136,2024
2024-11-22 06:55:00+00:00,2024-11-22 08:40:00+00:00,long,98999.99,98785.49,SL,-3.9211,388.1924,2024
2024-11-22 09:55:00+00:00,2024-11-22 10:10:00+00:00,long,98702.0,98496.01,SL,-3.8819,384.3105,2024
2024-11-22 10:50:00+00:00,2024-11-22 11:30:00+00:00,long,98473.53,98871.13,TP,7.6862,391.9967,2024
2024-11-22 14:35:00+00:00,2024-11-22 15:05:00+00:00,short,97522.66,97859.36,SL,-3.92,388.0767,2024
2024-11-22 19:00:00+00:00,2024-11-22 20:35:00+00:00,long,99248.99,99008.0,SL,-3.8808,384.196,2024
2024-11-22 21:50:00+00:00,2024-11-22 22:10:00+00:00,long,99211.0,98986.99,SL,-3.842,380.354,2024
2024-11-22 23:20:00+00:00,2024-11-23 01:00:00+00:00,long,98756.6,98534.0,SL,-3.8035,376.5505,2024
2024-11-23 02:10:00+00:00,2024-11-23 02:45:00+00:00,short,98338.59,98539.78,SL,-3.7655,372.785,2024
2024-11-23 04:05:00+00:00,2024-11-23 13:10:00+00:00,short,98593.67,98800.0,SL,-3.7279,369.0571,2024
2024-11-23 14:45:00+00:00,2024-11-23 15:35:00+00:00,long,98778.38,98562.99,SL,-3.6906,365.3665,2024
2024-11-23 19:15:00+00:00,2024-11-23 21:05:00+00:00,short,97575.44,97771.13,SL,-3.6537,361.7129,2024
2024-11-23 22:25:00+00:00,2024-11-24 00:25:00+00:00,short,97765.19,97989.99,SL,-3.6171,358.0957,2024
2024-11-24 05:00:00+00:00,2024-11-24 05:35:00+00:00,long,98164.91,97915.0,SL,-3.581,354.5148,2024
2024-11-24 05:55:00+00:00,2024-11-24 06:15:00+00:00,long,98264.44,98060.6,SL,-3.5451,350.9696,2024
2024-11-24 07:55:00+00:00,2024-11-24 08:30:00+00:00,long,98431.05,98157.36,SL,-3.5097,347.4599,2024
2024-11-24 11:50:00+00:00,2024-11-24 12:30:00+00:00,short,97333.33,96894.74,TP,6.9492,354.4091,2024
2024-11-24 14:05:00+00:00,2024-11-24 15:30:00+00:00,short,96960.01,96499.88,TP,7.0882,361.4973,2024
2024-11-24 17:10:00+00:00,2024-11-24 18:05:00+00:00,short,95901.0,96100.0,SL,-3.615,357.8824,2024
2024-11-24 19:35:00+00:00,2024-11-24 20:25:00+00:00,short,96291.98,96712.53,SL,-3.5788,354.3035,2024
2024-11-24 21:20:00+00:00,2024-11-24 21:40:00+00:00,short,96597.89,96868.75,SL,-3.543,350.7605,2024
2024-11-25 02:05:00+00:00,2024-11-25 03:55:00+00:00,long,97459.99,97898.8,TP,7.0152,357.7757,2024
2024-11-25 05:10:00+00:00,2024-11-25 06:15:00+00:00,long,97949.01,98375.23,TP,7.1555,364.9312,2024
2024-11-25 08:10:00+00:00,2024-11-25 09:15:00+00:00,long,98208.0,98749.98,TP,7.2986,372.2298,2024
2024-11-25 11:20:00+00:00,2024-11-25 11:40:00+00:00,long,98513.61,98108.0,SL,-3.7223,368.5075,2024
2024-11-25 14:20:00+00:00,2024-11-25 14:40:00+00:00,short,97131.07,96595.06,TP,7.3701,375.8777,2024
2024-11-25 17:05:00+00:00,2024-11-25 17:10:00+00:00,short,95457.67,95052.0,TP,7.5176,383.3952,2024
2024-11-25 18:45:00+00:00,2024-11-25 18:55:00+00:00,short,94936.01,95139.99,SL,-3.834,379.5613,2024
2024-11-25 19:15:00+00:00,2024-11-25 20:00:00+00:00,short,94961.77,94504.81,TP,7.5912,387.1525,2024
2024-11-25 21:30:00+00:00,2024-11-25 21:40:00+00:00,short,94580.0,94020.0,TP,7.7431,394.8956,2024
2024-11-25 23:35:00+00:00,2024-11-25 23:45:00+00:00,short,93288.97,92883.08,TP,7.8979,402.7935,2024
2024-11-26 02:20:00+00:00,2024-11-26 04:05:00+00:00,short,94596.0,94076.0,TP,8.0559,410.8494,2024
2024-11-26 05:15:00+00:00,2024-11-26 05:35:00+00:00,short,94247.09,94580.0,SL,-4.1085,406.7409,2024
2024-11-26 06:50:00+00:00,2024-11-26 07:10:00+00:00,short,94510.81,93927.56,TP,8.1348,414.8757,2024
2024-11-26 10:20:00+00:00,2024-11-26 10:45:00+00:00,short,92992.0,92502.72,TP,8.2975,423.1732,2024
2024-11-26 14:00:00+00:00,2024-11-26 14:15:00+00:00,short,91974.52,92247.26,SL,-4.2317,418.9415,2024
2024-11-26 15:20:00+00:00,2024-11-26 15:25:00+00:00,short,92544.01,93108.0,SL,-4.1894,414.752,2024
2024-11-26 15:30:00+00:00,2024-11-26 15:35:00+00:00,short,92920.0,93390.61,SL,-4.1475,410.6045,2024
2024-11-26 15:55:00+00:00,2024-11-26 16:00:00+00:00,short,92813.0,92999.98,SL,-4.106,406.4985,2024
2024-11-26 16:20:00+00:00,2024-11-26 16:25:00+00:00,long,93800.01,94224.0,TP,8.13,414.6284,2024
2024-11-26 22:55:00+00:00,2024-11-27 00:05:00+00:00,short,91811.14,92243.97,SL,-4.1463,410.4822,2024
2024-11-27 00:40:00+00:00,2024-11-27 01:00:00+00:00,short,91828.85,92102.49,SL,-4.1048,406.3773,2024
2024-11-27 02:15:00+00:00,2024-11-27 02:20:00+00:00,short,92460.6,92869.99,SL,-4.0638,402.3136,2024
2024-11-27 04:20:00+00:00,2024-11-27 04:30:00+00:00,long,93125.01,92891.96,SL,-4.0231,398.2904,2024
2024-11-27 05:35:00+00:00,2024-11-27 06:10:00+00:00,long,92739.96,93124.05,TP,7.9658,406.2562,2024
2024-11-27 07:05:00+00:00,2024-11-27 10:30:00+00:00,long,93268.19,93689.34,TP,8.1251,414.3814,2024
2024-11-27 12:55:00+00:00,2024-11-27 13:50:00+00:00,long,93499.99,93933.99,TP,8.2876,422.669,2024
2024-11-27 15:35:00+00:00,2024-11-27 15:50:00+00:00,long,95245.4,95829.66,TP,8.4534,431.1224,2024
2024-11-27 17:55:00+00:00,2024-11-27 18:30:00+00:00,long,96247.24,96052.01,SL,-4.3112,426.8112,2024
2024-11-27 19:45:00+00:00,2024-11-27 20:10:00+00:00,long,96428.58,96931.71,TP,8.5362,435.3474,2024
2024-11-27 22:30:00+00:00,2024-11-27 22:45:00+00:00,long,96474.18,96037.38,SL,-4.3535,430.9939,2024
2024-11-28 00:00:00+00:00,2024-11-28 00:50:00+00:00,long,95950.0,96367.6,TP,8.6199,439.6138,2024
2024-11-28 01:55:00+00:00,2024-11-28 02:45:00+00:00,long,96273.95,96035.12,SL,-4.3961,435.2176,2024
2024-11-28 03:55:00+00:00,2024-11-28 06:00:00+00:00,long,95471.43,95273.5,SL,-4.3522,430.8655,2024
2024-11-28 06:35:00+00:00,2024-11-28 07:50:00+00:00,long,95576.01,95265.96,SL,-4.3087,426.5568,2024
2024-11-28 08:30:00+00:00,2024-11-28 09:05:00+00:00,long,95489.83,95281.41,SL,-4.2656,422.2912,2024
2024-11-28 09:10:00+00:00,2024-11-28 10:00:00+00:00,short,95196.51,94688.0,TP,8.4458,430.7371,2024
2024-11-28 12:35:00+00:00,2024-11-28 12:55:00+00:00,short,95280.52,95484.01,SL,-4.3074,426.4297,2024
2024-11-28 13:45:00+00:00,2024-11-28 14:05:00+00:00,long,95595.73,96039.93,TP,8.5286,434.9583,2024
2024-11-28 16:25:00+00:00,2024-11-28 18:40:00+00:00,short,95061.6,95299.99,SL,-4.3496,430.6087,2024
2024-11-28 19:20:00+00:00,2024-11-28 22:10:00+00:00,short,95075.99,95271.99,SL,-4.3061,426.3026,2024
2024-11-29 01:30:00+00:00,2024-11-29 02:00:00+00:00,long,95701.92,96172.15,TP,8.5261,434.8287,2024
2024-11-29 05:25:00+00:00,2024-11-29 05:55:00+00:00,long,96460.32,96153.86,SL,-4.3483,430.4804,2024
2024-11-29 06:55:00+00:00,2024-11-29 07:15:00+00:00,long,96266.19,96071.51,SL,-4.3048,426.1756,2024
2024-11-29 11:30:00+00:00,2024-11-29 13:00:00+00:00,long,97076.99,96812.01,SL,-4.2618,421.9138,2024
2024-11-29 13:50:00+00:00,2024-11-29 14:35:00+00:00,long,97143.42,97584.0,TP,8.4383,430.3521,2024
2024-11-29 18:20:00+00:00,2024-11-29 19:00:00+00:00,long,97190.94,96962.0,SL,-4.3035,426.0486,2024
2024-11-29 21:50:00+00:00,2024-11-29 23:00:00+00:00,long,97363.15,97163.23,SL,-4.2605,421.7881,2024
2024-11-29 23:35:00+00:00,2024-11-30 00:30:00+00:00,long,97383.48,97120.01,SL,-4.2179,417.5702,2024
2024-11-30 06:25:00+00:00,2024-11-30 10:30:00+00:00,short,96862.76,96455.15,TP,8.3514,425.9216,2024
2024-11-30 13:50:00+00:00,2024-11-30 15:45:00+00:00,short,96499.51,96732.14,SL,-4.2592,421.6624,2024
2024-11-30 16:15:00+00:00,2024-11-30 16:50:00+00:00,short,96581.72,96874.42,SL,-4.2166,417.4458,2024
2024-11-30 18:50:00+00:00,2024-11-30 22:05:00+00:00,long,96974.49,96774.68,SL,-4.1745,413.2713,2024
2024-12-01 00:55:00+00:00,2024-12-01 02:35:00+00:00,short,96340.6,95822.58,TP,8.2654,421.5367,2024
2024-12-01 05:30:00+00:00,2024-12-01 08:10:00+00:00,short,96440.0,96717.21,SL,-4.2154,417.3214,2024
2024-12-01 11:05:00+00:00,2024-12-01 14:45:00+00:00,long,96935.12,97324.22,TP,8.3464,425.6678,2024
2024-12-01 16:15:00+00:00,2024-12-01 17:15:00+00:00,long,97307.99,97059.96,SL,-4.2567,421.4111,2024
2024-12-01 17:45:00+00:00,2024-12-01 19:20:00+00:00,long,97275.49,97055.99,SL,-4.2141,417.197,2024
2024-12-01 20:50:00+00:00,2024-12-01 21:45:00+00:00,long,97065.99,97598.72,TP,8.3439,425.541,2024
2024-12-01 23:05:00+00:00,2024-12-01 23:15:00+00:00,long,97724.97,97380.21,SL,-4.2554,421.2855,2024
2024-12-02 00:30:00+00:00,2024-12-02 00:45:00+00:00,long,97517.34,97304.01,SL,-4.2129,417.0727,2024
2024-12-02 05:50:00+00:00,2024-12-02 07:20:00+00:00,short,96377.39,95876.02,TP,8.3415,425.4141,2024
2024-12-02 08:15:00+00:00,2024-12-02 10:35:00+00:00,short,95381.98,94962.33,TP,8.5083,433.9224,2024
2024-12-02 10:40:00+00:00,2024-12-02 10:45:00+00:00,short,94932.01,95150.0,SL,-4.3392,429.5832,2024
2024-12-02 12:50:00+00:00,2024-12-02 13:05:00+00:00,short,94907.43,95251.87,SL,-4.2958,425.2874,2024
2024-12-02 14:15:00+00:00,2024-12-02 14:25:00+00:00,short,95585.38,95898.26,SL,-4.2529,421.0345,2024
2024-12-02 20:40:00+00:00,2024-12-02 22:05:00+00:00,short,95679.0,95293.34,TP,8.4207,429.4552,2024
2024-12-03 00:55:00+00:00,2024-12-03 02:35:00+00:00,short,95804.03,96100.0,SL,-4.2946,425.1606,2024
2024-12-03 05:30:00+00:00,2024-12-03 06:55:00+00:00,long,96097.58,95632.22,SL,-4.2516,420.909,2024
2024-12-03 09:20:00+00:00,2024-12-03 10:40:00+00:00,short,95237.22,95482.63,SL,-4.2091,416.6999,2024
2024-12-03 10:50:00+00:00,2024-12-03 13:10:00+00:00,short,95000.0,94588.99,TP,8.334,425.0339,2024
2024-12-03 16:05:00+00:00,2024-12-03 16:15:00+00:00,long,95991.99,95796.36,SL,-4.2503,420.7836,2024
2024-12-03 17:45:00+00:00,2024-12-03 18:25:00+00:00,long,95633.55,95403.46,SL,-4.2078,416.5758,2024
2024-12-03 19:40:00+00:00,2024-12-03 21:10:00+00:00,long,95432.23,95867.97,TP,8.3315,424.9073,2024
2024-12-03 22:20:00+00:00,2024-12-03 22:25:00+00:00,long,96084.99,95885.52,SL,-4.2491,420.6582,2024
2024-12-04 01:30:00+00:00,2024-12-04 02:00:00+00:00,long,96352.0,95969.35,SL,-4.2066,416.4516,2024
2024-12-04 02:10:00+00:00,2024-12-04 02:20:00+00:00,short,95391.99,95643.99,SL,-4.1645,412.2871,2024
2024-12-04 03:00:00+00:00,2024-12-04 03:20:00+00:00,long,95856.0,95632.0,SL,-4.1229,408.1642,2024
2024-12-04 03:25:00+00:00,2024-12-04 05:15:00+00:00,long,95794.99,96211.48,TP,8.1633,416.3275,2024
2024-12-04 08:45:00+00:00,2024-12-04 10:35:00+00:00,long,96796.0,96561.19,SL,-4.1633,412.1642,2024
2024-12-04 13:25:00+00:00,2024-12-04 14:30:00+00:00,short,95647.14,96244.15,SL,-4.1216,408.0426,2024
2024-12-04 15:35:00+00:00,2024-12-04 16:05:00+00:00,short,95862.74,95312.0,TP,8.1609,416.2035,2024
2024-12-04 22:35:00+00:00,2024-12-04 22:50:00+00:00,long,98424.46,98163.04,SL,-4.162,412.0414,2024
2024-12-04 23:05:00+00:00,2024-12-05 00:05:00+00:00,long,98655.98,98389.1,SL,-4.1204,407.921,2024
2024-12-05 01:35:00+00:00,2024-12-05 01:50:00+00:00,long,98516.0,98047.58,SL,-4.0792,403.8418,2024
2024-12-05 02:05:00+00:00,2024-12-05 02:25:00+00:00,long,98483.8,99209.32,TP,8.0768,411.9186,2024
2024-12-05 07:25:00+00:00,2024-12-05 08:05:00+00:00,long,102098.41,102613.39,TP,8.2384,420.157,2024
2024-12-05 11:40:00+00:00,2024-12-05 13:10:00+00:00,long,102579.99,103008.04,TP,8.4031,428.5601,2024
2024-12-05 14:40:00+00:00,2024-12-05 15:15:00+00:00,long,103236.02,103027.99,SL,-4.2856,424.2745,2024
2024-12-05 17:10:00+00:00,2024-12-05 17:15:00+00:00,short,100654.31,100879.03,SL,-4.2427,420.0318,2024
2024-12-05 18:50:00+00:00,2024-12-05 19:05:00+00:00,short,100500.0,100704.0,SL,-4.2003,415.8315,2024
2024-12-05 19:35:00+00:00,2024-12-05 19:40:00+00:00,short,100344.0,99735.99,TP,8.3166,424.1481,2024
2024-12-05 22:10:00+00:00,2024-12-05 22:20:00+00:00,short,98535.32,98107.98,TP,8.483,432.6311,2024
2024-12-06 02:10:00+00:00,2024-12-06 02:15:00+00:00,short,97668.0,98096.0,SL,-4.3263,428.3048,2024
2024-12-06 05:40:00+00:00,2024-12-06 06:05:00+00:00,short,97784.0,98011.98,SL,-4.283,424.0217,2024
2024-12-06 06:45:00+00:00,2024-12-06 08:00:00+00:00,short,97999.0,98235.24,SL,-4.2402,419.7815,2024
2024-12-06 08:55:00+00:00,2024-12-06 10:00:00+00:00,short,98345.38,97868.0,TP,8.3956,428.1771,2024
2024-12-06 11:30:00+00:00,2024-12-06 12:00:00+00:00,short,97915.0,98306.76,SL,-4.2818,423.8954,2024
2024-12-06 12:35:00+00:00,2024-12-06 13:30:00+00:00,short,97950.03,98499.3,SL,-4.239,419.6564,2024
2024-12-06 15:45:00+00:00,2024-12-06 15:50:00+00:00,long,99424.32,99203.99,SL,-4.1966,415.4598,2024
2024-12-06 16:00:00+00:00,2024-12-06 16:20:00+00:00,long,99343.22,99024.01,SL,-4.1546,411.3052,2024
2024-12-06 17:25:00+00:00,2024-12-06 17:40:00+00:00,long,99344.9,100636.0,TP,8.2261,419.5313,2024
2024-12-06 22:40:00+00:00,2024-12-06 23:10:00+00:00,long,100477.98,100155.86,SL,-4.1953,415.336,2024
2024-12-07 00:00:00+00:00,2024-12-07 00:20:00+00:00,long,99828.91,100243.5,TP,8.3067,423.6427,2024
2024-12-07 02:05:00+00:00,2024-12-07 02:55:00+00:00,long,100151.81,99930.01,SL,-4.2364,419.4063,2024
2024-12-07 05:40:00+00:00,2024-12-07 06:00:00+00:00,short,99043.54,99262.49,SL,-4.1941,415.2123,2024
2024-12-07 08:35:00+00:00,2024-12-07 08:45:00+00:00,short,99260.01,99547.43,SL,-4.1521,411.0601,2024
2024-12-07 09:45:00+00:00,2024-12-07 18:40:00+00:00,short,99573.15,99980.0,SL,-4.1106,406.9495,2024
2024-12-07 21:00:00+00:00,2024-12-07 21:15:00+00:00,long,100412.41,100097.98,SL,-4.0695,402.88,2024
2024-12-07 23:05:00+00:00,2024-12-08 00:15:00+00:00,long,99882.49,99667.57,SL,-4.0288,398.8512,2024
2024-12-08 00:35:00+00:00,2024-12-08 01:30:00+00:00,long,99923.13,99708.01,SL,-3.9885,394.8627,2024
2024-12-08 02:20:00+00:00,2024-12-08 04:20:00+00:00,long,100072.06,99846.42,SL,-3.9486,390.9141,2024
2024-12-08 08:00:00+00:00,2024-12-08 08:50:00+00:00,short,99565.58,99166.41,TP,7.8183,398.7324,2024
2024-12-08 09:45:00+00:00,2024-12-08 10:05:00+00:00,short,98950.29,99264.78,SL,-3.9873,394.7451,2024
2024-12-08 12:45:00+00:00,2024-12-08 13:55:00+00:00,long,99989.98,100408.8,TP,7.8949,402.64,2024
2024-12-08 15:50:00+00:00,2024-12-08 16:40:00+00:00,long,99952.02,99750.66,SL,-4.0264,398.6136,2024
2024-12-08 17:00:00+00:00,2024-12-08 18:25:00+00:00,long,99888.01,99660.0,SL,-3.9861,394.6274,2024
2024-12-08 19:35:00+00:00,2024-12-08 23:05:00+00:00,long,99823.02,100224.0,TP,7.8925,402.52,2024
2024-12-09 02:25:00+00:00,2024-12-09 03:45:00+00:00,short,99310.97,98831.15,TP,8.0504,410.5704,2024
2024-12-09 06:05:00+00:00,2024-12-09 07:05:00+00:00,short,99292.0,98824.97,TP,8.2114,418.7818,2024
2024-12-09 08:35:00+00:00,2024-12-09 08:55:00+00:00,short,99300.0,98901.15,TP,8.3756,427.1574,2024
2024-12-09 11:20:00+00:00,2024-12-09 12:25:00+00:00,short,98260.0,98537.05,SL,-4.2716,422.8858,2024
2024-12-09 14:30:00+00:00,2024-12-09 14:35:00+00:00,short,98903.22,99387.02,SL,-4.2289,418.657,2024
2024-12-09 15:15:00+00:00,2024-12-09 15:30:00+00:00,short,98617.26,98148.72,TP,8.3731,427.0301,2024
2024-12-09 17:35:00+00:00,2024-12-09 18:15:00+00:00,short,97642.25,98066.94,SL,-4.2703,422.7598,2024
2024-12-09 19:00:00+00:00,2024-12-09 19:50:00+00:00,short,97483.99,97036.01,TP,8.4552,431.215,2024
2024-12-09 22:20:00+00:00,2024-12-09 22:25:00+00:00,short,96481.8,97124.01,SL,-4.3121,426.9029,2024
2024-12-09 22:35:00+00:00,2024-12-09 22:45:00+00:00,short,96365.78,97108.28,SL,-4.269,422.6338,2024
2024-12-10 00:00:00+00:00,2024-12-10 00:10:00+00:00,short,97080.85,97297.17,SL,-4.2263,418.4075,2024
2024-12-10 01:10:00+00:00,2024-12-10 01:20:00+00:00,short,97620.53,97968.0,SL,-4.1841,414.2234,2024
2024-12-10 07:15:00+00:00,2024-12-10 08:45:00+00:00,short,97165.72,97436.0,SL,-4.1422,410.0812,2024
2024-12-10 10:00:00+00:00,2024-12-10 12:20:00+00:00,long,97660.0,97382.78,SL,-4.1008,405.9804,2024
2024-12-10 13:05:00+00:00,2024-12-10 14:25:00+00:00,long,97579.99,98015.97,TP,8.1196,414.1,2024
2024-12-10 14:35:00+00:00,2024-12-10 14:40:00+00:00,short,97308.0,98000.01,SL,-4.141,409.959,2024
2024-12-10 14:45:00+00:00,2024-12-10 14:50:00+00:00,long,98144.71,97620.0,SL,-4.0996,405.8594,2024
2024-12-10 17:25:00+00:00,2024-12-10 17:30:00+00:00,short,94595.67,94896.76,SL,-4.0586,401.8008,2024
2024-12-10 17:35:00+00:00,2024-12-10 17:40:00+00:00,short,94648.07,94856.02,SL,-4.018,397.7828,2024
2024-12-10 21:20:00+00:00,2024-12-10 21:25:00+00:00,short,96513.42,96936.41,SL,-3.9778,393.805,2024
2024-12-10 22:00:00+00:00,2024-12-10 22:10:00+00:00,long,97036.04,96796.51,SL,-3.9381,389.8669,2024
2024-12-11 01:25:00+00:00,2024-12-11 01:30:00+00:00,short,95904.3,96172.66,SL,-3.8987,385.9683,2024
2024-12-11 01:50:00+00:00,2024-12-11 02:05:00+00:00,short,95872.28,96188.01,SL,-3.8597,382.1086,2024
2024-12-11 06:10:00+00:00,2024-12-11 07:35:00+00:00,long,97707.87,97499.34,SL,-3.8211,378.2875,2024
2024-12-11 08:10:00+00:00,2024-12-11 08:40:00+00:00,long,97816.0,98458.41,TP,7.5658,385.8532,2024
2024-12-11 10:50:00+00:00,2024-12-11 13:30:00+00:00,long,98238.74,98783.99,TP,7.7171,393.5703,2024
2024-12-11 18:35:00+00:00,2024-12-11 18:50:00+00:00,long,100719.99,100480.01,SL,-3.9357,389.6346,2024
2024-12-11 21:45:00+00:00,2024-12-11 22:55:00+00:00,long,101461.54,101209.74,SL,-3.8963,385.7382,2024
2024-12-12 01:25:00+00:00,2024-12-12 01:30:00+00:00,long,100786.0,100520.0,SL,-3.8574,381.8809,2024
2024-12-12 02:00:00+00:00,2024-12-12 02:55:00+00:00,long,100693.65,101824.76,TP,7.6376,389.5185,2024
2024-12-12 05:25:00+00:00,2024-12-12 05:55:00+00:00,long,100922.79,100618.86,SL,-3.8952,385.6233,2024
2024-12-12 07:00:00+00:00,2024-12-12 09:00:00+00:00,long,100617.65,101111.0,TP,7.7125,393.3358,2024
2024-12-12 14:20:00+00:00,2024-12-12 14:30:00+00:00,long,101415.04,101119.18,SL,-3.9334,389.4024,2024
2024-12-12 14:45:00+00:00,2024-12-12 15:10:00+00:00,long,101340.0,100814.59,SL,-3.894,385.5084,2024
2024-12-12 15:40:00+00:00,2024-12-12 16:00:00+00:00,long,101691.99,102243.78,TP,7.7102,393.2186,2024
2024-12-12 18:20:00+00:00,2024-12-12 18:30:00+00:00,long,101609.98,101364.01,SL,-3.9322,389.2864,2024
2024-12-12 22:15:00+00:00,2024-12-12 22:20:00+00:00,short,99596.0,99918.76,SL,-3.8929,385.3935,2024
2024-12-12 23:20:00+00:00,2024-12-12 23:30:00+00:00,short,99908.57,100140.01,SL,-3.8539,381.5396,2024
2024-12-13 00:55:00+00:00,2024-12-13 01:25:00+00:00,short,100083.21,99579.23,TP,7.6308,389.1704,2024
2024-12-13 05:25:00+00:00,2024-12-13 07:45:00+00:00,short,99949.95,100199.98,SL,-3.8917,385.2787,2024
2024-12-13 10:35:00+00:00,2024-12-13 13:20:00+00:00,long,100253.62,100040.08,SL,-3.8528,381.4259,2024
2024-12-13 13:45:00+00:00,2024-12-13 14:35:00+00:00,long,100385.09,100794.11,TP,7.6285,389.0544,2024
2024-12-13 16:35:00+00:00,2024-12-13 17:20:00+00:00,long,100808.01,101328.08,TP,7.7811,396.8355,2024
2024-12-13 18:35:00+00:00,2024-12-13 18:45:00+00:00,long,101833.33,101545.45,SL,-3.9684,392.8671,2024
2024-12-13 20:20:00+00:00,2024-12-13 21:15:00+00:00,long,101624.61,101411.76,SL,-3.9287,388.9384,2024
2024-12-13 22:45:00+00:00,2024-12-14 01:00:00+00:00,long,101301.03,102017.88,TP,7.7788,396.7172,2024
2024-12-14 03:20:00+00:00,2024-12-14 04:05:00+00:00,long,102208.85,101914.92,SL,-3.9672,392.75,2024
2024-12-14 05:25:00+00:00,2024-12-14 09:35:00+00:00,long,101787.99,101579.57,SL,-3.9275,388.8225,2024
2024-12-14 10:40:00+00:00,2024-12-14 12:35:00+00:00,long,101552.83,101335.31,SL,-3.8882,384.9343,2024
2024-12-14 16:55:00+00:00,2024-12-14 17:15:00+00:00,long,101650.76,101409.1,SL,-3.8493,381.085,2024
2024-12-14 20:30:00+00:00,2024-12-14 23:15:00+00:00,short,101052.03,101294.12,SL,-3.8108,377.2741,2024
2024-12-15 01:20:00+00:00,2024-12-15 01:50:00+00:00,long,101620.28,102126.15,TP,7.5455,384.8196,2024
2024-12-15 04:10:00+00:00,2024-12-15 04:20:00+00:00,long,102175.69,102827.59,TP,7.6964,392.516,2024
2024-12-15 08:05:00+00:00,2024-12-15 09:45:00+00:00,long,101772.71,102210.71,TP,7.8503,400.3663,2024
2024-12-15 11:20:00+00:00,2024-12-15 12:05:00+00:00,long,102444.49,102974.01,TP,8.0073,408.3736,2024
2024-12-15 14:10:00+00:00,2024-12-15 16:35:00+00:00,long,102900.4,103400.01,TP,8.1675,416.5411,2024
2024-12-15 17:40:00+00:00,2024-12-15 18:10:00+00:00,long,103288.35,103072.95,SL,-4.1654,412.3757,2024
2024-12-15 18:35:00+00:00,2024-12-15 21:00:00+00:00,long,103311.33,103025.0,SL,-4.1238,408.2519,2024
2024-12-15 22:15:00+00:00,2024-12-15 23:10:00+00:00,long,103153.35,103640.01,TP,8.165,416.417,2024
2024-12-16 03:25:00+00:00,2024-12-16 03:40:00+00:00,long,104925.37,104689.28,SL,-4.1642,412.2528,2024
2024-12-16 04:15:00+00:00,2024-12-16 06:05:00+00:00,long,104683.98,105148.43,TP,8.2451,420.4979,2024
2024-12-16 07:15:00+00:00,2024-12-16 07:35:00+00:00,long,105371.34,105125.85,SL,-4.205,416.2929,2024
2024-12-16 09:25:00+00:00,2024-12-16 10:10:00+00:00,long,104748.7,104452.64,SL,-4.1629,412.13,2024
2024-12-16 10:40:00+00:00,2024-12-16 11:30:00+00:00,long,104631.99,104405.31,SL,-4.1213,408.0087,2024
2024-12-16 18:20:00+00:00,2024-12-16 18:45:00+00:00,long,107572.01,107329.47,SL,-4.0801,403.9286,2024
2024-12-16 21:25:00+00:00,2024-12-16 23:25:00+00:00,long,105923.09,105554.32,SL,-4.0393,399.8893,2024
2024-12-16 23:45:00+00:00,2024-12-17 02:00:00+00:00,long,106004.0,106436.0,TP,7.9978,407.8871,2024
2024-12-17 03:25:00+00:00,2024-12-17 04:15:00+00:00,long,106724.01,106481.79,SL,-4.0789,403.8082,2024
2024-12-17 05:40:00+00:00,2024-12-17 06:35:00+00:00,long,106643.22,106374.96,SL,-4.0381,399.7701,2024
2024-12-17 07:05:00+00:00,2024-12-17 08:35:00+00:00,long,106900.29,107440.01,TP,7.9954,407.7655,2024
2024-12-17 11:10:00+00:00,2024-12-17 11:35:00+00:00,long,107285.45,107057.74,SL,-4.0777,403.6879,2024
2024-12-17 12:35:00+00:00,2024-12-17 13:25:00+00:00,long,106953.03,107454.89,TP,8.0738,411.7616,2024
2024-12-17 14:40:00+00:00,2024-12-17 14:55:00+00:00,long,107775.99,108258.39,TP,8.2352,419.9969,2024
2024-12-17 16:10:00+00:00,2024-12-17 16:15:00+00:00,long,107035.99,106735.99,SL,-4.2,415.7969,2024
2024-12-17 21:35:00+00:00,2024-12-17 22:20:00+00:00,short,106383.99,105830.0,TP,8.3159,424.1128,2024
2024-12-18 00:35:00+00:00,2024-12-18 00:40:00+00:00,short,105643.9,105967.86,SL,-4.2411,419.8717,2024
2024-12-18 01:40:00+00:00,2024-12-18 01:50:00+00:00,short,106005.97,105122.16,TP,8.3974,428.2691,2024
2024-12-18 08:20:00+00:00,2024-12-18 09:10:00+00:00,short,103963.53,104283.51,SL,-4.2827,423.9864,2024
2024-12-18 09:55:00+00:00,2024-12-18 10:25:00+00:00,short,104047.99,104287.19,SL,-4.2399,419.7466,2024
2024-12-18 12:25:00+00:00,2024-12-18 13:15:00+00:00,short,104930.11,105176.02,SL,-4.1975,415.5491,2024
2024-12-18 16:15:00+00:00,2024-12-18 16:25:00+00:00,short,103564.78,103773.12,SL,-4.1555,411.3936,2024
2024-12-18 18:35:00+00:00,2024-12-18 18:55:00+00:00,short,104400.0,104808.99,SL,-4.1139,407.2797,2024
2024-12-18 23:15:00+00:00,2024-12-18 23:20:00+00:00,short,100419.68,100759.14,SL,-4.0728,403.2069,2024
2024-12-18 23:45:00+00:00,2024-12-19 00:00:00+00:00,short,100189.31,100597.67,SL,-4.0321,399.1748,2024
2024-12-19 01:35:00+00:00,2024-12-19 01:55:00+00:00,short,100419.51,99768.97,TP,7.9835,407.1583,2024
2024-12-19 04:20:00+00:00,2024-12-19 04:30:00+00:00,short,100909.09,101150.66,SL,-4.0716,403.0867,2024
2024-12-19 06:05:00+00:00,2024-12-19 07:20:00+00:00,short,101143.7,101434.24,SL,-4.0309,399.0559,2024
2024-12-19 08:10:00+00:00,2024-12-19 08:20:00+00:00,short,101384.0,101632.01,SL,-3.9906,395.0653,2024
2024-12-19 08:40:00+00:00,2024-12-19 10:00:00+00:00,short,101615.83,101890.11,SL,-3.9507,391.1147,2024
2024-12-19 10:05:00+00:00,2024-12-19 10:15:00+00:00,short,101781.5,102073.19,SL,-3.9111,387.2035,2024
2024-12-19 14:05:00+00:00,2024-12-19 14:30:00+00:00,long,102324.0,102737.83,TP,7.7441,394.9476,2024
2024-12-19 14:45:00+00:00,2024-12-19 15:05:00+00:00,short,101039.99,100480.79,TP,7.899,402.8465,2024
2024-12-19 17:15:00+00:00,2024-12-19 17:30:00+00:00,short,99794.35,99301.25,TP,8.0569,410.9035,2024
2024-12-19 19:35:00+00:00,2024-12-19 19:45:00+00:00,short,97292.21,96825.54,TP,8.2181,419.1215,2024
2024-12-19 23:20:00+00:00,2024-12-19 23:25:00+00:00,short,97602.56,97873.36,SL,-4.1912,414.9303,2024
2024-12-20 01:35:00+00:00,2024-12-20 01:45:00+00:00,short,96698.99,96980.71,SL,-4.1493,410.781,2024
2024-12-20 03:35:00+00:00,2024-12-20 04:20:00+00:00,short,97188.73,97534.6,SL,-4.1078,406.6732,2024
2024-12-20 05:00:00+00:00,2024-12-20 05:25:00+00:00,short,97402.87,96972.74,TP,8.1335,414.8067,2024
2024-12-20 06:25:00+00:00,2024-12-20 06:55:00+00:00,short,96708.0,97281.37,SL,-4.1481,410.6586,2024
2024-12-20 08:00:00+00:00,2024-12-20 08:10:00+00:00,short,97565.76,97129.36,TP,8.2132,418.8718,2024
2024-12-20 11:20:00+00:00,2024-12-20 11:30:00+00:00,short,93757.59,93147.35,TP,8.3774,427.2492,2024
2024-12-20 18:50:00+00:00,2024-12-20 18:55:00+00:00,long,97239.99,96993.58,SL,-4.2725,422.9767,2024
2024-12-20 19:15:00+00:00,2024-12-20 19:40:00+00:00,long,97514.79,97232.9,SL,-4.2298,418.7469,2024
2024-12-21 02:35:00+00:00,2024-12-21 03:00:00+00:00,long,97537.54,97275.82,SL,-4.1875,414.5595,2024
2024-12-21 03:55:00+00:00,2024-12-21 05:40:00+00:00,long,97487.46,97910.51,TP,8.2912,422.8507,2024
2024-12-21 06:45:00+00:00,2024-12-21 07:35:00+00:00,long,98737.14,99209.12,TP,8.457,431.3077,2024
2024-12-21 09:55:00+00:00,2024-12-21 10:35:00+00:00,long,98565.82,98221.45,SL,-4.3131,426.9946,2024
2024-12-21 11:40:00+00:00,2024-12-21 12:00:00+00:00,long,98331.06,98089.27,SL,-4.2699,422.7247,2024
2024-12-21 12:15:00+00:00,2024-12-21 12:25:00+00:00,long,98138.69,97853.25,SL,-4.2272,418.4974,2024
2024-12-21 15:00:00+00:00,2024-12-21 15:20:00+00:00,short,97239.27,97493.84,SL,-4.185,414.3124,2024
2024-12-21 16:05:00+00:00,2024-12-21 16:10:00+00:00,short,96953.85,97493.85,SL,-4.1431,410.1693,2024
2024-12-21 16:40:00+00:00,2024-12-21 17:00:00+00:00,short,97163.49,97490.89,SL,-4.1017,406.0676,2024
2024-12-21 18:35:00+00:00,2024-12-21 19:25:00+00:00,short,97336.0,96936.96,TP,8.1214,414.189,2024
2024-12-21 20:55:00+00:00,2024-12-21 21:35:00+00:00,short,97456.91,96863.99,TP,8.2838,422.4728,2024
2024-12-22 01:30:00+00:00,2024-12-22 02:40:00+00:00,short,97128.63,96718.42,TP,8.4495,430.9222,2024
2024-12-22 04:20:00+00:00,2024-12-22 04:40:00+00:00,short,96784.0,96375.14,TP,8.6184,439.5407,2024
2024-12-22 07:30:00+00:00,2024-12-22 08:30:00+00:00,short,96420.0,96650.59,SL,-4.3954,435.1452,2024
2024-12-22 09:05:00+00:00,2024-12-22 09:20:00+00:00,short,96334.48,96644.0,SL,-4.3515,430.7938,2024
2024-12-22 13:25:00+00:00,2024-12-22 13:45:00+00:00,long,97221.38,96971.98,SL,-4.3079,426.4859,2024
2024-12-22 19:15:00+00:00,2024-12-22 19:35:00+00:00,short,95908.64,95500.0,TP,8.5297,435.0156,2024
2024-12-22 21:50:00+00:00,2024-12-22 22:00:00+00:00,short,95362.91,94822.38,TP,8.7003,443.7159,2024
2024-12-22 23:35:00+00:00,2024-12-22 23:45:00+00:00,short,95098.05,95310.94,SL,-4.4372,439.2787,2024
2024-12-23 02:15:00+00:00,2024-12-23 02:35:00+00:00,short,93942.0,94291.99,SL,-4.3928,434.8859,2024
2024-12-23 08:30:00+00:00,2024-12-23 08:45:00+00:00,short,95188.66,95460.0,SL,-4.3489,430.5371,2024
2024-12-23 12:20:00+00:00,2024-12-23 13:05:00+00:00,long,96229.28,96025.48,SL,-4.3054,426.2317,2024
2024-12-23 14:40:00+00:00,2024-12-23 15:05:00+00:00,short,94290.41,93742.3,TP,8.5246,434.7563,2024
2024-12-23 18:20:00+00:00,2024-12-23 18:50:00+00:00,short,93207.05,92710.1,TP,8.6951,443.4515,2024
2024-12-23 19:55:00+00:00,2024-12-23 20:10:00+00:00,short,93044.79,92588.25,TP,8.869,452.3205,2024
2024-12-24 03:10:00+00:00,2024-12-24 03:20:00+00:00,short,93825.39,94015.41,SL,-4.5232,447.7973,2024
2024-12-24 04:45:00+00:00,2024-12-24 04:55:00+00:00,short,94218.64,94412.3,SL,-4.478,443.3193,2024
2024-12-24 09:10:00+00:00,2024-12-24 11:15:00+00:00,short,94076.93,94268.02,SL,-4.4332,438.8861,2024
2024-12-24 12:15:00+00:00,2024-12-24 13:05:00+00:00,short,94165.85,94444.47,SL,-4.3889,434.4973,2024
2024-12-24 15:35:00+00:00,2024-12-24 16:20:00+00:00,long,98083.28,98566.85,TP,8.6899,443.1872,2024
2024-12-24 20:35:00+00:00,2024-12-24 20:50:00+00:00,long,97867.25,97490.91,SL,-4.4319,438.7553,2024
2024-12-24 21:05:00+00:00,2024-12-24 21:35:00+00:00,long,97804.0,98204.81,TP,8.7751,447.5305,2024
2024-12-25 02:35:00+00:00,2024-12-25 04:00:00+00:00,long,98177.79,97951.0,SL,-4.4753,443.0551,2024
2024-12-25 04:10:00+00:00,2024-12-25 06:55:00+00:00,long,98154.37,97884.38,SL,-4.4306,438.6246,2024
2024-12-25 07:15:00+00:00,2024-12-25 07:25:00+00:00,long,98308.2,98088.06,SL,-4.3862,434.2383,2024
2024-12-25 07:50:00+00:00,2024-12-25 10:05:00+00:00,long,98080.51,98490.16,TP,8.6848,442.9231,2024
2024-12-25 12:40:00+00:00,2024-12-25 12:45:00+00:00,long,98529.8,98139.15,SL,-4.4292,438.4939,2024
2024-12-25 15:50:00+00:00,2024-12-25 16:15:00+00:00,long,98618.15,98274.37,SL,-4.3849,434.1089,2024
2024-12-25 17:20:00+00:00,2024-12-25 18:15:00+00:00,long,98445.79,98942.57,TP,8.6822,442.7911,2024
2024-12-25 19:10:00+00:00,2024-12-25 21:15:00+00:00,long,98999.99,98696.01,SL,-4.4279,438.3632,2024
2024-12-25 22:20:00+00:00,2024-12-25 23:00:00+00:00,long,98692.58,99150.3,TP,8.7673,447.1305,2024
2024-12-26 01:50:00+00:00,2024-12-26 02:40:00+00:00,long,99100.01,98900.0,SL,-4.4713,442.6592,2024
2024-12-26 02:45:00+00:00,2024-12-26 03:20:00+00:00,short,98559.94,98777.7,SL,-4.4266,438.2326,2024
2024-12-26 03:30:00+00:00,2024-12-26 04:10:00+00:00,long,98910.0,98607.41,SL,-4.3823,433.8503,2024
2024-12-26 06:30:00+00:00,2024-12-26 08:00:00+00:00,short,98089.94,97304.82,TP,8.677,442.5273,2024
2024-12-26 12:10:00+00:00,2024-12-26 12:25:00+00:00,short,95539.94,95815.59,SL,-4.4253,438.102,2024
2024-12-26 13:05:00+00:00,2024-12-26 13:50:00+00:00,short,95481.92,95692.78,SL,-4.381,433.721,2024
2024-12-26 14:35:00+00:00,2024-12-26 14:40:00+00:00,short,95555.04,95822.12,SL,-4.3372,429.3838,2024
2024-12-26 14:45:00+00:00,2024-12-26 15:20:00+00:00,short,95621.56,96060.0,SL,-4.2938,425.0899,2024
2024-12-26 16:30:00+00:00,2024-12-26 16:40:00+00:00,short,95933.74,96322.0,SL,-4.2509,420.839,2024
2024-12-26 17:20:00+00:00,2024-12-26 18:10:00+00:00,short,96052.63,95646.0,TP,8.4168,429.2558,2024
2024-12-26 20:20:00+00:00,2024-12-26 21:20:00+00:00,short,95447.99,95704.69,SL,-4.2926,424.9632,2024
2024-12-26 22:35:00+00:00,2024-12-27 00:05:00+00:00,short,95710.43,95906.97,SL,-4.2496,420.7136,2024
2024-12-27 00:15:00+00:00,2024-12-27 00:20:00+00:00,short,95440.58,95631.96,SL,-4.2071,416.5065,2024
2024-12-27 01:25:00+00:00,2024-12-27 01:35:00+00:00,short,95682.59,96030.19,SL,-4.1651,412.3414,2024
2024-12-27 02:45:00+00:00,2024-12-27 02:55:00+00:00,short,95777.02,96073.77,SL,-4.1234,408.218,2024
2024-12-27 03:30:00+00:00,2024-12-27 05:10:00+00:00,long,96339.99,96098.87,SL,-4.0822,404.1358,2024
2024-12-27 06:00:00+00:00,2024-12-27 06:15:00+00:00,long,96363.47,96125.14,SL,-4.0414,400.0945,2024
2024-12-27 07:10:00+00:00,2024-12-27 07:20:00+00:00,short,96116.04,95726.24,TP,8.0019,408.0963,2024
2024-12-27 11:45:00+00:00,2024-12-27 13:05:00+00:00,long,96757.16,96406.77,SL,-4.081,404.0154,2024
2024-12-27 17:20:00+00:00,2024-12-27 17:25:00+00:00,short,93566.7,93766.36,SL,-4.0402,399.9752,2024
2024-12-27 19:20:00+00:00,2024-12-27 19:30:00+00:00,short,94326.12,94530.69,SL,-3.9998,395.9755,2024
2024-12-27 20:15:00+00:00,2024-12-27 20:30:00+00:00,short,94450.6,94646.73,SL,-3.9598,392.0157,2024
2024-12-27 20:40:00+00:00,2024-12-27 20:55:00+00:00,short,94367.47,94588.12,SL,-3.9202,388.0956,2024
2024-12-27 21:45:00+00:00,2024-12-27 23:35:00+00:00,short,94565.2,94147.58,TP,7.7619,395.8575,2024
2024-12-27 23:55:00+00:00,2024-12-28 01:45:00+00:00,short,94299.03,94535.01,SL,-3.9586,391.8989,2024
2024-12-28 02:45:00+00:00,2024-12-28 03:10:00+00:00,short,94338.16,94550.77,SL,-3.919,387.9799,2024
2024-12-28 04:15:00+00:00,2024-12-28 12:00:00+00:00,short,94587.33,94836.86,SL,-3.8798,384.1001,2024
2024-12-28 13:20:00+00:00,2024-12-28 13:45:00+00:00,long,94745.9,94546.81,SL,-3.841,380.2591,2024
2024-12-28 14:05:00+00:00,2024-12-28 14:15:00+00:00,long,94711.89,95142.39,TP,7.6052,387.8643,2024
2024-12-28 14:40:00+00:00,2024-12-28 16:45:00+00:00,short,94620.0,94871.99,SL,-3.8786,383.9857,2024
2024-12-28 19:25:00+00:00,2024-12-28 22:50:00+00:00,long,95020.01,95407.74,TP,7.6797,391.6654,2024
2024-12-29 02:10:00+00:00,2024-12-29 14:15:00+00:00,long,95005.0,94719.73,SL,-3.9167,387.7487,2024
2024-12-29 16:05:00+00:00,2024-12-29 16:30:00+00:00,short,94309.18,93839.45,TP,7.755,395.5037,2024
2024-12-29 19:00:00+00:00,2024-12-29 19:20:00+00:00,short,93662.47,93853.6,SL,-3.955,391.5486,2024
2024-12-29 19:40:00+00:00,2024-12-29 20:40:00+00:00,short,93459.79,93679.74,SL,-3.9155,387.6332,2024
2024-12-29 21:45:00+00:00,2024-12-29 22:40:00+00:00,short,93448.78,93655.54,SL,-3.8763,383.7568,2024
2024-12-29 22:55:00+00:00,2024-12-29 23:20:00+00:00,short,93135.32,93336.0,SL,-3.8376,379.9193,2024
2024-12-30 00:40:00+00:00,2024-12-30 01:15:00+00:00,short,93570.51,93802.29,SL,-3.7992,376.1201,2024
2024-12-30 02:10:00+00:00,2024-12-30 02:50:00+00:00,short,93627.37,93831.31,SL,-3.7612,372.3589,2024
2024-12-30 03:35:00+00:00,2024-12-30 04:55:00+00:00,short,93745.57,93280.26,TP,7.4472,379.806,2024
2024-12-30 07:20:00+00:00,2024-12-30 08:35:00+00:00,short,93675.0,93934.61,SL,-3.7981,376.008,2024
2024-12-30 09:10:00+00:00,2024-12-30 10:10:00+00:00,short,93810.49,94024.65,SL,-3.7601,372.2479,2024
2024-12-30 11:30:00+00:00,2024-12-30 13:05:00+00:00,long,93886.17,93637.0,SL,-3.7225,368.5254,2024
2024-12-30 14:35:00+00:00,2024-12-30 14:55:00+00:00,short,92366.81,91883.99,TP,7.3705,375.8959,2024
2024-12-30 20:20:00+00:00,2024-12-30 20:25:00+00:00,long,94984.57,94632.88,SL,-3.759,372.137,2024
2024-12-31 01:05:00+00:00,2024-12-31 02:25:00+00:00,short,92367.59,92596.73,SL,-3.7214,368.4156,2024
2024-12-31 03:05:00+00:00,2024-12-31 03:20:00+00:00,short,92327.06,92628.73,SL,-3.6842,364.7315,2024
2024-12-31 04:45:00+00:00,2024-12-31 05:20:00+00:00,short,92392.63,92616.0,SL,-3.6473,361.0841,2024
2024-12-31 06:40:00+00:00,2024-12-31 07:45:00+00:00,short,92706.93,92905.18,SL,-3.6108,357.4733,2024
2024-12-31 08:10:00+00:00,2024-12-31 08:20:00+00:00,long,92969.21,93704.28,TP,7.1495,364.6228,2024
2024-12-31 12:00:00+00:00,2024-12-31 12:30:00+00:00,long,94498.24,94888.81,TP,7.2925,371.9152,2024
2024-12-31 13:05:00+00:00,2024-12-31 13:15:00+00:00,long,94878.69,95390.99,TP,7.4383,379.3535,2024
2024-12-31 20:40:00+00:00,2024-12-31 21:35:00+00:00,short,93689.22,93961.96,SL,-3.7935,375.56,2024
2024-12-31 22:20:00+00:00,2024-12-31 22:40:00+00:00,short,93570.0,93782.13,SL,-3.7556,371.8044,2024
2024-12-31 22:50:00+00:00,2024-12-31 23:25:00+00:00,short,93526.81,93731.05,SL,-3.718,368.0863,2024
2024-12-31 23:35:00+00:00,2025-01-01 00:00:00+00:00,short,93464.26,93661.2,SL,-3.6809,364.4055,2025
2025-01-01 01:25:00+00:00,2025-01-01 02:50:00+00:00,short,93825.86,94040.01,SL,-3.6441,360.7614,2025
2025-01-01 03:20:00+00:00,2025-01-01 08:25:00+00:00,short,93830.88,93416.41,TP,7.2152,367.9767,2025
2025-01-01 11:00:00+00:00,2025-01-01 11:15:00+00:00,short,93215.04,93411.58,SL,-3.6798,364.2969,2025
2025-01-01 13:10:00+00:00,2025-01-01 13:30:00+00:00,short,93658.13,93854.16,SL,-3.643,360.6539,2025
2025-01-01 13:45:00+00:00,2025-01-01 14:00:00+00:00,long,93897.18,94371.72,TP,7.2131,367.867,2025
2025-01-01 15:45:00+00:00,2025-01-01 16:15:00+00:00,long,94336.0,94113.38,SL,-3.6787,364.1883,2025
2025-01-01 17:50:00+00:00,2025-01-01 19:45:00+00:00,long,94116.01,94742.42,TP,7.2838,371.4721,2025
2025-01-01 21:20:00+00:00,2025-01-01 21:30:00+00:00,long,95065.69,94833.36,SL,-3.7147,367.7574,2025
2025-01-02 00:25:00+00:00,2025-01-02 00:45:00+00:00,long,94928.71,95320.2,TP,7.3551,375.1125,2025
2025-01-02 02:45:00+00:00,2025-01-02 04:35:00+00:00,long,95072.0,95732.0,TP,7.5023,382.6148,2025
2025-01-02 07:10:00+00:00,2025-01-02 08:50:00+00:00,long,95699.98,96150.0,TP,7.6523,390.2671,2025
2025-01-02 12:15:00+00:00,2025-01-02 12:20:00+00:00,long,96887.27,96660.01,SL,-3.9027,386.3644,2025
2025-01-02 13:05:00+00:00,2025-01-02 13:35:00+00:00,long,96863.94,96667.69,SL,-3.8636,382.5007,2025
2025-01-02 14:40:00+00:00,2025-01-02 14:50:00+00:00,long,96812.44,97340.0,TP,7.65,390.1508,2025
2025-01-02 16:15:00+00:00,2025-01-02 16:25:00+00:00,long,96971.29,97387.15,TP,7.803,397.9538,2025
2025-01-02 18:40:00+00:00,2025-01-02 19:05:00+00:00,long,97090.54,97561.61,TP,7.9591,405.9129,2025
2025-01-02 20:00:00+00:00,2025-01-02 20:35:00+00:00,long,97679.99,97402.53,SL,-4.0591,401.8537,2025
2025-01-02 23:00:00+00:00,2025-01-02 23:05:00+00:00,long,97010.24,96768.91,SL,-4.0185,397.8352,2025
2025-01-02 23:15:00+00:00,2025-01-03 05:05:00+00:00,long,96904.04,96676.35,SL,-3.9784,393.8568,2025
2025-01-03 06:30:00+00:00,2025-01-03 07:55:00+00:00,short,96700.0,96304.0,TP,7.8771,401.734,2025
2025-01-03 08:30:00+00:00,2025-01-03 09:10:00+00:00,short,96125.79,96337.69,SL,-4.0173,397.7166,2025
2025-01-03 10:20:00+00:00,2025-01-03 11:20:00+00:00,short,96467.99,96793.37,SL,-3.9772,393.7395,2025
2025-01-03 14:05:00+00:00,2025-01-03 14:35:00+00:00,long,96813.48,97314.29,TP,7.8748,401.6143,2025
2025-01-03 18:25:00+00:00,2025-01-03 19:10:00+00:00,long,98481.73,98900.0,TP,8.0323,409.6465,2025
2025-01-03 22:00:00+00:00,2025-01-03 23:15:00+00:00,long,98440.75,98239.99,SL,-4.0965,405.5501,2025
2025-01-04 00:20:00+00:00,2025-01-04 00:35:00+00:00,long,98145.07,97941.68,SL,-4.0555,401.4946,2025
2025-01-04 01:25:00+00:00,2025-01-04 09:45:00+00:00,long,97960.15,97630.39,SL,-4.0149,397.4796,2025
2025-01-04 13:15:00+00:00,2025-01-04 14:35:00+00:00,short,97831.08,98046.35,SL,-3.9748,393.5048,2025
2025-01-04 15:15:00+00:00,2025-01-04 15:25:00+00:00,long,98151.52,97832.06,SL,-3.935,389.5698,2025
2025-01-04 19:15:00+00:00,2025-01-04 20:50:00+00:00,long,98194.66,98602.01,TP,7.7914,397.3612,2025
2025-01-04 22:50:00+00:00,2025-01-04 23:05:00+00:00,long,98460.78,98240.05,SL,-3.9736,393.3876,2025
2025-01-05 00:10:00+00:00,2025-01-05 01:45:00+00:00,long,98286.77,98059.61,SL,-3.9339,389.4537,2025
2025-01-05 02:10:00+00:00,2025-01-05 08:00:00+00:00,long,98189.05,97961.48,SL,-3.8945,385.5592,2025
2025-01-05 09:55:00+00:00,2025-01-05 12:15:00+00:00,short,97652.2,97851.83,SL,-3.8556,381.7036,2025
2025-01-05 13:45:00+00:00,2025-01-05 14:15:00+00:00,short,97792.49,97314.35,TP,7.6341,389.3376,2025
2025-01-05 21:50:00+00:00,2025-01-06 00:50:00+00:00,long,98513.5,98273.39,SL,-3.8934,385.4443,2025
2025-01-06 01:40:00+00:00,2025-01-06 01:50:00+00:00,long,98275.0,98811.0,TP,7.7089,393.1531,2025
2025-01-06 03:20:00+00:00,2025-01-06 05:05:00+00:00,long,99080.68,99552.92,TP,7.8631,401.0162,2025
2025-01-06 08:05:00+00:00,2025-01-06 08:35:00+00:00,long,99492.52,99242.42,SL,-4.0102,397.006,2025
2025-01-06 10:25:00+00:00,2025-01-06 10:40:00+00:00,long,99010.43,98766.79,SL,-3.9701,393.036,2025
2025-01-06 11:05:00+00:00,2025-01-06 12:00:00+00:00,long,98947.88,99399.99,TP,7.8607,400.8967,2025
2025-01-06 13:50:00+00:00,2025-01-06 14:15:00+00:00,long,99462.87,98750.02,SL,-4.009,396.8877,2025
2025-01-06 14:40:00+00:00,2025-01-06 14:45:00+00:00,long,99527.81,100489.99,TP,7.9378,404.8255,2025
2025-01-06 19:40:00+00:00,2025-01-06 21:40:00+00:00,long,102009.78,101769.08,SL,-4.0483,400.7772,2025
2025-01-06 22:25:00+00:00,2025-01-07 00:25:00+00:00,long,101928.58,102380.85,TP,8.0155,408.7928,2025
2025-01-07 02:00:00+00:00,2025-01-07 02:45:00+00:00,long,101973.98,101741.52,SL,-4.0879,404.7049,2025
2025-01-07 03:55:00+00:00,2025-01-07 10:10:00+00:00,long,101708.08,101436.02,SL,-4.047,400.6578,2025
2025-01-07 14:15:00+00:00,2025-01-07 14:25:00+00:00,short,100508.2,100759.69,SL,-4.0066,396.6512,2025
2025-01-07 14:30:00+00:00,2025-01-07 14:40:00+00:00,short,100437.16,100716.61,SL,-3.9665,392.6847,2025
2025-01-07 14:45:00+00:00,2025-01-07 14:55:00+00:00,short,100493.95,99979.69,TP,7.8537,400.5384,2025
2025-01-07 18:45:00+00:00,2025-01-07 18:50:00+00:00,short,96600.01,96840.59,SL,-4.0054,396.533,2025
2025-01-07 19:45:00+00:00,2025-01-07 20:50:00+00:00,short,96438.12,96793.94,SL,-3.9653,392.5677,2025
2025-01-07 22:00:00+00:00,2025-01-07 22:05:00+00:00,short,96556.78,96944.06,SL,-3.9257,388.642,2025
2025-01-07 23:10:00+00:00,2025-01-07 23:20:00+00:00,short,96886.06,97082.01,SL,-3.8864,384.7556,2025
2025-01-07 23:40:00+00:00,2025-01-08 00:40:00+00:00,short,96957.01,97209.55,SL,-3.8476,380.908,2025
2025-01-08 01:10:00+00:00,2025-01-08 03:35:00+00:00,short,96937.68,96536.74,TP,7.6182,388.5262,2025
2025-01-08 06:20:00+00:00,2025-01-08 06:30:00+00:00,short,96342.43,95808.71,TP,7.7705,396.2967,2025
2025-01-08 09:30:00+00:00,2025-01-08 11:00:00+00:00,short,95780.96,96015.5,SL,-3.963,392.3338,2025
2025-01-08 11:20:00+00:00,2025-01-08 11:30:00+00:00,short,95639.41,94923.99,TP,7.8467,400.1804,2025
2025-01-08 12:30:00+00:00,2025-01-08 12:35:00+00:00,short,94947.79,95223.6,SL,-4.0018,396.1786,2025
2025-01-08 12:55:00+00:00,2025-01-08 13:00:00+00:00,short,94888.01,95536.12,SL,-3.9618,392.2168,2025
2025-01-08 14:45:00+00:00,2025-01-08 15:00:00+00:00,short,95248.0,95831.15,SL,-3.9222,388.2947,2025
2025-01-08 15:20:00+00:00,2025-01-08 15:50:00+00:00,short,94995.75,95293.19,SL,-3.8829,384.4117,2025
2025-01-08 16:10:00+00:00,2025-01-08 16:50:00+00:00,short,95013.43,94625.78,TP,7.6882,392.1,2025
2025-01-08 19:40:00+00:00,2025-01-08 20:00:00+00:00,short,94174.26,94386.5,SL,-3.921,388.179,2025
2025-01-08 20:55:00+00:00,2025-01-08 21:25:00+00:00,short,93980.0,94180.46,SL,-3.8818,384.2972,2025
2025-01-08 23:15:00+00:00,2025-01-09 01:20:00+00:00,short,95021.4,95344.11,SL,-3.843,380.4542,2025
2025-01-09 01:40:00+00:00,2025-01-09 02:05:00+00:00,short,95111.01,93911.36,TP,7.6091,388.0633,2025
2025-01-09 03:10:00+00:00,2025-01-09 04:10:00+00:00,short,94363.65,93851.01,TP,7.7613,395.8246,2025
2025-01-09 06:30:00+00:00,2025-01-09 07:20:00+00:00,short,94363.63,93937.98,TP,7.9165,403.741,2025
2025-01-09 10:25:00+00:00,2025-01-09 11:00:00+00:00,short,93300.76,93501.3,SL,-4.0374,399.7036,2025
2025-01-09 11:45:00+00:00,2025-01-09 12:15:00+00:00,short,93434.08,93631.59,SL,-3.997,395.7066,2025
2025-01-09 12:40:00+00:00,2025-01-09 13:20:00+00:00,short,93347.06,92862.28,TP,7.9141,403.6207,2025
2025-01-09 19:40:00+00:00,2025-01-09 19:45:00+00:00,short,92668.16,92142.75,TP,8.0724,411.6931,2025
2025-01-09 22:10:00+00:00,2025-01-09 22:20:00+00:00,short,91686.82,91976.47,SL,-4.1169,407.5762,2025
2025-01-09 23:30:00+00:00,2025-01-09 23:50:00+00:00,short,92126.23,92410.24,SL,-4.0758,403.5005,2025
2025-01-10 05:05:00+00:00,2025-01-10 06:55:00+00:00,long,93834.5,94252.83,TP,8.07,411.5705,2025
2025-01-10 07:10:00+00:00,2025-01-10 07:40:00+00:00,long,94247.16,94811.12,TP,8.2314,419.8019,2025
2025-01-10 09:20:00+00:00,2025-01-10 11:30:00+00:00,long,94872.55,94636.36,SL,-4.198,415.6039,2025
2025-01-10 12:00:00+00:00,2025-01-10 12:10:00+00:00,long,95091.18,94884.69,SL,-4.156,411.4478,2025
2025-01-10 12:50:00+00:00,2025-01-10 13:30:00+00:00,long,94987.98,93472.0,SL,-4.1145,407.3333,2025
2025-01-10 14:15:00+00:00,2025-01-10 14:35:00+00:00,long,94432.29,93803.37,SL,-4.0733,403.26,2025
2025-01-10 15:00:00+00:00,2025-01-10 15:05:00+00:00,short,93484.8,92939.39,TP,8.0652,411.3252,2025
2025-01-10 16:35:00+00:00,2025-01-10 16:40:00+00:00,short,93246.32,93865.16,SL,-4.1133,407.212,2025
2025-01-10 19:55:00+00:00,2025-01-10 20:15:00+00:00,long,95327.06,95017.38,SL,-4.0721,403.1398,2025
2025-01-10 22:25:00+00:00,2025-01-11 00:15:00+00:00,long,94803.53,94515.15,SL,-4.0314,399.1084,2025
2025-01-11 01:00:00+00:00,2025-01-11 01:35:00+00:00,long,94684.07,94472.2,SL,-3.9911,395.1173,2025
2025-01-11 01:40:00+00:00,2025-01-11 04:30:00+00:00,short,94330.38,93878.79,TP,7.9023,403.0197,2025
2025-01-11 06:50:00+00:00,2025-01-11 10:45:00+00:00,short,94254.87,94497.25,SL,-4.0302,398.9895,2025
2025-01-11 14:30:00+00:00,2025-01-11 17:10:00+00:00,long,94475.56,94111.18,SL,-3.9899,394.9996,2025
2025-01-11 19:30:00+00:00,2025-01-11 20:05:00+00:00,short,94084.64,94286.47,SL,-3.95,391.0496,2025
2025-01-12 03:20:00+00:00,2025-01-12 09:20:00+00:00,short,94457.93,94057.86,TP,7.821,398.8706,2025
2025-01-12 13:15:00+00:00,2025-01-12 14:15:00+00:00,long,94556.52,94943.58,TP,7.9774,406.848,2025
2025-01-12 15:20:00+00:00,2025-01-12 16:05:00+00:00,long,95207.76,94993.45,SL,-4.0685,402.7795,2025
2025-01-12 17:05:00+00:00,2025-01-12 19:10:00+00:00,long,95080.99,94839.03,SL,-4.0278,398.7517,2025
2025-01-12 20:15:00+00:00,2025-01-12 21:10:00+00:00,long,94762.95,94510.75,SL,-3.9875,394.7642,2025
2025-01-13 05:00:00+00:00,2025-01-13 06:35:00+00:00,short,94375.01,93887.84,TP,7.8953,402.6595,2025
2025-01-13 08:15:00+00:00,2025-01-13 09:20:00+00:00,short,93305.56,92803.54,TP,8.0532,410.7127,2025
2025-01-13 10:10:00+00:00,2025-01-13 10:20:00+00:00,short,92652.97,92118.42,TP,8.2143,418.9269,2025
2025-01-13 11:35:00+00:00,2025-01-13 12:00:00+00:00,short,91154.5,90555.01,TP,8.3785,427.3055,2025
2025-01-13 14:05:00+00:00,2025-01-13 14:30:00+00:00,short,90840.37,89968.0,TP,8.5461,435.8516,2025
2025-01-13 16:00:00+00:00,2025-01-13 16:20:00+00:00,short,92070.78,91502.55,TP,8.717,444.5686,2025
2025-01-13 17:40:00+00:00,2025-01-13 17:55:00+00:00,short,91710.12,91983.96,SL,-4.4457,440.1229,2025
2025-01-13 18:20:00+00:00,2025-01-13 18:30:00+00:00,short,91625.87,92016.62,SL,-4.4012,435.7217,2025
2025-01-13 18:40:00+00:00,2025-01-13 18:45:00+00:00,short,91813.61,92174.92,SL,-4.3572,431.3645,2025
2025-01-13 19:15:00+00:00,2025-01-13 19:25:00+00:00,short,91734.83,92172.0,SL,-4.3136,427.0508,2025
2025-01-13 20:10:00+00:00,2025-01-13 20:15:00+00:00,short,91966.81,92220.47,SL,-4.2705,422.7803,2025
2025-01-13 20:30:00+00:00,2025-01-13 20:40:00+00:00,long,92478.13,92965.1,TP,8.4556,431.2359,2025
2025-01-14 01:05:00+00:00,2025-01-14 05:05:00+00:00,long,94865.65,95433.08,TP,8.6247,439.8607,2025
2025-01-14 06:55:00+00:00,2025-01-14 08:10:00+00:00,long,95031.94,95536.46,TP,8.7972,448.6579,2025
2025-01-14 13:30:00+00:00,2025-01-14 13:35:00+00:00,long,96818.69,96531.95,SL,-4.4866,444.1713,2025
2025-01-14 15:10:00+00:00,2025-01-14 15:20:00+00:00,long,96805.62,96444.09,SL,-4.4417,439.7296,2025
2025-01-14 17:10:00+00:00,2025-01-14 17:20:00+00:00,long,96058.01,95820.23,SL,-4.3973,435.3323,2025
2025-01-14 22:05:00+00:00,2025-01-15 00:20:00+00:00,long,96567.27,97124.99,TP,8.7066,444.0389,2025
2025-01-15 01:20:00+00:00,2025-01-15 02:30:00+00:00,long,97088.56,96827.38,SL,-4.4404,439.5985,2025
2025-01-15 03:35:00+00:00,2025-01-15 04:00:00+00:00,long,97132.73,97672.73,TP,8.792,448.3905,2025
2025-01-15 06:00:00+00:00,2025-01-15 07:20:00+00:00,long,97050.01,97451.42,TP,8.9678,457.3583,2025
2025-01-15 08:30:00+00:00,2025-01-15 08:45:00+00:00,long,97466.23,97247.33,SL,-4.5736,452.7847,2025
2025-01-15 10:25:00+00:00,2025-01-15 11:00:00+00:00,long,97072.01,96873.3,SL,-4.5278,448.2569,2025
2025-01-15 11:05:00+00:00,2025-01-15 12:40:00+00:00,short,96746.6,97096.91,SL,-4.4826,443.7743,2025
2025-01-15 15:00:00+00:00,2025-01-15 15:10:00+00:00,long,99568.38,99263.2,SL,-4.4377,439.3366,2025
2025-01-15 18:25:00+00:00,2025-01-15 19:00:00+00:00,long,99087.21,99497.4,TP,8.7867,448.1233,2025
2025-01-15 22:40:00+00:00,2025-01-15 23:35:00+00:00,long,99782.7,100193.99,TP,8.9625,457.0858,2025
2025-01-16 01:40:00+00:00,2025-01-16 02:25:00+00:00,long,100090.04,99729.07,SL,-4.5709,452.5149,2025
2025-01-16 04:00:00+00:00,2025-01-16 08:40:00+00:00,long,99578.32,99052.09,SL,-4.5251,447.9898,2025
2025-01-16 11:15:00+00:00,2025-01-16 11:25:00+00:00,short,98741.97,99064.8,SL,-4.4799,443.5099,2025
2025-01-16 12:00:00+00:00,2025-01-16 12:10:00+00:00,short,98956.37,99261.22,SL,-4.4351,439.0748,2025
2025-01-16 13:05:00+00:00,2025-01-16 13:40:00+00:00,short,99010.89,99391.59,SL,-4.3907,434.684,2025
2025-01-16 14:00:00+00:00,2025-01-16 14:15:00+00:00,short,98948.22,99165.64,SL,-4.3468,430.3372,2025
2025-01-16 14:35:00+00:00,2025-01-16 14:40:00+00:00,short,98892.84,98260.61,TP,8.6067,438.9439,2025
2025-01-16 17:25:00+00:00,2025-01-16 18:10:00+00:00,long,99868.92,99647.54,SL,-4.3894,434.5545,2025
2025-01-16 19:25:00+00:00,2025-01-16 19:45:00+00:00,long,99772.05,100312.91,TP,8.6911,443.2456,2025
2025-01-16 23:00:00+00:00,2025-01-17 00:10:00+00:00,long,99844.83,100277.8,TP,8.8649,452.1105,2025
2025-01-17 01:30:00+00:00,2025-01-17 01:35:00+00:00,long,100539.27,101164.0,TP,9.0422,461.1527,2025
2025-01-17 04:45:00+00:00,2025-01-17 05:10:00+00:00,long,101254.57,101668.51,TP,9.2231,470.3758,2025
2025-01-17 07:15:00+00:00,2025-01-17 07:55:00+00:00,long,101650.0,101440.5,SL,-4.7038,465.672,2025
2025-01-17 08:10:00+00:00,2025-01-17 08:55:00+00:00,long,101696.01,102136.01,TP,9.3134,474.9854,2025
2025-01-17 10:20:00+00:00,2025-01-17 12:15:00+00:00,long,102160.56,102625.9,TP,9.4997,484.4852,2025
2025-01-17 14:30:00+00:00,2025-01-17 14:40:00+00:00,long,102872.8,102546.33,SL,-4.8449,479.6403,2025
2025-01-17 14:50:00+00:00,2025-01-17 15:00:00+00:00,long,103031.74,103600.0,TP,9.5928,489.2331,2025
2025-01-17 16:10:00+00:00,2025-01-17 16:35:00+00:00,long,104450.63,104938.58,TP,9.7847,499.0178,2025
2025-01-17 18:40:00+00:00,2025-01-17 19:15:00+00:00,long,104723.21,105398.0,TP,9.9804,508.9981,2025
2025-01-17 22:35:00+00:00,2025-01-17 22:45:00+00:00,long,104601.03,104320.91,SL,-5.09,503.9081,2025
2025-01-17 23:05:00+00:00,2025-01-17 23:45:00+00:00,long,104392.0,104180.92,SL,-5.0391,498.8691,2025
2025-01-18 00:05:00+00:00,2025-01-18 03:35:00+00:00,long,104323.53,103788.0,SL,-4.9887,493.8804,2025
2025-01-18 05:55:00+00:00,2025-01-18 06:00:00+00:00,short,102829.27,103089.78,SL,-4.9388,488.9416,2025
2025-01-18 07:15:00+00:00,2025-01-18 07:25:00+00:00,short,102958.93,103193.66,SL,-4.8894,484.0522,2025
2025-01-18 09:55:00+00:00,2025-01-18 11:35:00+00:00,short,103159.29,103466.25,SL,-4.8405,479.2116,2025
2025-01-18 12:35:00+00:00,2025-01-18 13:30:00+00:00,short,103414.88,103754.04,SL,-4.7921,474.4195,2025
2025-01-18 13:35:00+00:00,2025-01-18 13:55:00+00:00,long,103783.54,104365.81,TP,9.4884,483.9079,2025
2025-01-18 15:30:00+00:00,2025-01-18 15:50:00+00:00,long,104491.66,104950.01,TP,9.6782,493.5861,2025
2025-01-18 17:20:00+00:00,2025-01-18 18:45:00+00:00,long,103913.5,104348.01,TP,9.8717,503.4578,2025
2025-01-18 21:15:00+00:00,2025-01-18 21:35:00+00:00,long,104222.71,103947.78,SL,-5.0346,498.4232,2025
2025-01-18 22:15:00+00:00,2025-01-18 23:35:00+00:00,long,104177.59,104641.87,TP,9.9685,508.3917,2025
2025-01-18 23:55:00+00:00,2025-01-19 00:10:00+00:00,long,104556.23,104313.86,SL,-5.0839,503.3078,2025
2025-01-19 01:30:00+00:00,2025-01-19 02:20:00+00:00,long,104555.29,105038.43,TP,10.0662,513.3739,2025
2025-01-19 03:50:00+00:00,2025-01-19 04:15:00+00:00,long,105104.11,104757.07,SL,-5.1337,508.2402,2025
2025-01-19 05:50:00+00:00,2025-01-19 06:35:00+00:00,long,104977.28,105405.44,TP,10.1648,518.405,2025
2025-01-19 09:35:00+00:00,2025-01-19 09:50:00+00:00,long,104629.82,105359.27,TP,10.3681,528.7731,2025
2025-01-19 11:35:00+00:00,2025-01-19 11:45:00+00:00,short,104451.6,104675.73,SL,-5.2877,523.4853,2025
2025-01-19 12:40:00+00:00,2025-01-19 13:05:00+00:00,long,104739.52,105241.19,TP,10.4697,533.955,2025
2025-01-19 14:25:00+00:00,2025-01-19 14:35:00+00:00,long,105448.02,105224.01,SL,-5.3396,528.6155,2025
2025-01-19 15:35:00+00:00,2025-01-19 15:45:00+00:00,long,105178.3,104960.0,SL,-5.2862,523.3293,2025
2025-01-19 15:50:00+00:00,2025-01-19 15:55:00+00:00,short,104695.66,104936.35,SL,-5.2333,518.0961,2025
2025-01-19 16:25:00+00:00,2025-01-19 16:35:00+00:00,long,105158.63,104921.0,SL,-5.181,512.9151,2025
2025-01-19 17:45:00+00:00,2025-01-19 19:35:00+00:00,long,104987.78,105416.08,TP,10.2583,523.1734,2025
2025-01-20 00:50:00+00:00,2025-01-20 01:25:00+00:00,short,100095.64,100320.0,SL,-5.2317,517.9417,2025
2025-01-20 03:30:00+00:00,2025-01-20 03:50:00+00:00,short,101568.28,101875.37,SL,-5.1794,512.7622,2025
2025-01-20 05:35:00+00:00,2025-01-20 05:40:00+00:00,short,102394.91,102615.56,SL,-5.1276,507.6346,2025
2025-01-20 06:35:00+00:00,2025-01-20 06:40:00+00:00,long,103476.53,104689.49,TP,10.1527,517.7873,2025
2025-01-20 13:05:00+00:00,2025-01-20 13:30:00+00:00,long,106980.13,107752.01,TP,10.3557,528.1431,2025
2025-01-20 14:40:00+00:00,2025-01-20 15:10:00+00:00,long,107733.67,107393.99,SL,-5.2814,522.8616,2025
2025-01-20 16:35:00+00:00,2025-01-20 16:40:00+00:00,long,106079.9,106520.89,TP,10.4572,533.3189,2025
2025-01-20 17:10:00+00:00,2025-01-20 17:20:00+00:00,short,104231.73,105187.24,SL,-5.3332,527.9857,2025
2025-01-20 19:30:00+00:00,2025-01-20 19:35:00+00:00,short,102968.5,103343.91,SL,-5.2799,522.7058,2025
2025-01-20 21:25:00+00:00,2025-01-20 21:45:00+00:00,short,103710.18,103137.66,TP,10.4541,533.1599,2025
2025-01-20 23:15:00+00:00,2025-01-20 23:25:00+00:00,short,102719.08,103232.9,SL,-5.3316,527.8283,2025
2025-01-20 23:45:00+00:00,2025-01-21 00:10:00+00:00,short,102090.88,102403.56,SL,-5.2783,522.55,2025
2025-01-21 00:50:00+00:00,2025-01-21 01:00:00+00:00,short,101362.29,101926.0,SL,-5.2255,517.3245,2025
2025-01-21 01:25:00+00:00,2025-01-21 01:30:00+00:00,short,100480.0,100901.22,SL,-5.1732,512.1513,2025
2025-01-21 04:00:00+00:00,2025-01-21 04:30:00+00:00,short,102686.71,102096.0,TP,10.243,522.3943,2025
2025-01-21 07:50:00+00:00,2025-01-21 08:05:00+00:00,short,101967.98,102232.0,SL,-5.2239,517.1704,2025
2025-01-21 09:25:00+00:00,2025-01-21 09:45:00+00:00,short,102338.48,102677.59,SL,-5.1717,511.9987,2025
2025-01-21 12:15:00+00:00,2025-01-21 12:20:00+00:00,long,104700.43,104408.0,SL,-5.12,506.8787,2025
2025-01-21 14:25:00+00:00,2025-01-21 14:30:00+00:00,long,105240.37,104246.35,SL,-5.0688,501.8099,2025
2025-01-21 15:40:00+00:00,2025-01-21 15:45:00+00:00,long,103814.25,103585.63,SL,-5.0181,496.7918,2025
2025-01-21 17:20:00+00:00,2025-01-21 17:45:00+00:00,long,105657.91,106281.99,TP,9.9358,506.7276,2025
2025-01-21 18:20:00+00:00,2025-01-21 18:35:00+00:00,long,106479.99,107146.34,TP,10.1346,516.8622,2025
2025-01-21 21:40:00+00:00,2025-01-21 22:40:00+00:00,long,106506.58,106168.71,SL,-5.1686,511.6936,2025
2025-01-21 23:45:00+00:00,2025-01-22 01:25:00+00:00,long,105912.53,105684.44,SL,-5.1169,506.5766,2025
2025-01-22 02:05:00+00:00,2025-01-22 04:40:00+00:00,long,105722.4,105416.61,SL,-5.0658,501.5109,2025
2025-01-22 05:05:00+00:00,2025-01-22 06:30:00+00:00,long,105689.75,105437.18,SL,-5.0151,496.4958,2025
2025-01-22 07:15:00+00:00,2025-01-22 07:30:00+00:00,long,105637.61,105260.0,SL,-4.965,491.5308,2025
2025-01-22 10:00:00+00:00,2025-01-22 10:25:00+00:00,short,104755.81,104983.0,SL,-4.9153,486.6155,2025
2025-01-22 11:20:00+00:00,2025-01-22 11:40:00+00:00,short,104853.22,105080.89,SL,-4.8662,481.7493,2025
2025-01-22 12:55:00+00:00,2025-01-22 13:30:00+00:00,short,105275.86,104827.27,TP,9.635,491.3843,2025
2025-01-22 15:45:00+00:00,2025-01-22 15:50:00+00:00,short,104341.79,104596.83,SL,-4.9138,486.4705,2025
2025-01-22 15:55:00+00:00,2025-01-22 16:40:00+00:00,short,104180.01,103437.96,TP,9.7294,496.1999,2025
2025-01-22 18:25:00+00:00,2025-01-22 19:15:00+00:00,short,104310.0,104627.82,SL,-4.962,491.2379,2025
2025-01-22 20:20:00+00:00,2025-01-22 21:10:00+00:00,short,104408.31,103891.76,TP,9.8248,501.0627,2025
2025-01-22 22:15:00+00:00,2025-01-22 22:25:00+00:00,short,103784.91,104013.42,SL,-5.0106,496.052,2025
2025-01-22 23:05:00+00:00,2025-01-23 00:20:00+00:00,short,103814.0,103293.11,TP,9.921,505.9731,2025
2025-01-23 01:50:00+00:00,2025-01-23 02:15:00+00:00,short,102833.8,102150.01,TP,10.1195,516.0925,2025
2025-01-23 03:55:00+00:00,2025-01-23 04:15:00+00:00,short,102461.25,101943.48,TP,10.3218,526.4144,2025
2025-01-23 06:45:00+00:00,2025-01-23 07:45:00+00:00,short,102395.08,102644.49,SL,-5.2641,521.1502,2025
2025-01-23 08:20:00+00:00,2025-01-23 09:30:00+00:00,short,102398.76,101917.87,TP,10.423,531.5732,2025
2025-01-23 10:40:00+00:00,2025-01-23 10:50:00+00:00,short,101290.18,101606.97,SL,-5.3157,526.2575,2025
2025-01-23 12:15:00+00:00,2025-01-23 12:30:00+00:00,short,101561.62,101869.99,SL,-5.2626,520.9949,2025
2025-01-23 13:15:00+00:00,2025-01-23 13:30:00+00:00,short,101457.29,101868.01,SL,-5.2099,515.785,2025
2025-01-23 15:45:00+00:00,2025-01-23 15:50:00+00:00,long,105098.31,104780.04,SL,-5.1578,510.6271,2025
2025-01-23 15:55:00+00:00,2025-01-23 16:05:00+00:00,long,105263.52,105792.0,TP,10.2125,520.8397,2025
2025-01-23 17:50:00+00:00,2025-01-23 18:05:00+00:00,long,105992.0,105590.69,SL,-5.2084,515.6313,2025
2025-01-23 20:20:00+00:00,2025-01-23 20:30:00+00:00,long,105880.0,105303.09,SL,-5.1563,510.475,2025
2025-01-23 20:50:00+00:00,2025-01-23 21:15:00+00:00,short,103153.99,102558.58,TP,10.2095,520.6845,2025
2025-01-24 01:35:00+00:00,2025-01-24 02:45:00+00:00,short,103466.91,103047.39,TP,10.4137,531.0982,2025
2025-01-24 02:50:00+00:00,2025-01-24 03:00:00+00:00,short,103057.32,103288.01,SL,-5.311,525.7872,2025
2025-01-24 03:20:00+00:00,2025-01-24 03:25:00+00:00,short,102750.01,103479.98,SL,-5.2579,520.5293,2025
2025-01-24 08:10:00+00:00,2025-01-24 09:20:00+00:00,long,105229.99,105707.99,TP,10.4106,530.9399,2025
2025-01-24 10:55:00+00:00,2025-01-24 13:15:00+00:00,long,105416.75,105122.5,SL,-5.3094,525.6305,2025
2025-01-24 14:25:00+00:00,2025-01-24 14:30:00+00:00,long,105266.02,104846.31,SL,-5.2563,520.3742,2025
2025-01-24 14:35:00+00:00,2025-01-24 14:40:00+00:00,long,105393.43,106222.0,TP,10.4075,530.7817,2025
2025-01-24 16:05:00+00:00,2025-01-24 16:55:00+00:00,long,105984.62,105645.89,SL,-5.3078,525.4738,2025
2025-01-24 17:20:00+00:00,2025-01-24 18:00:00+00:00,long,106301.33,106897.48,TP,10.5095,535.9833,2025
2025-01-24 22:55:00+00:00,2025-01-25 03:50:00+00:00,short,104777.25,105016.03,SL,-5.3598,530.6235,2025
2025-01-25 04:30:00+00:00,2025-01-25 05:55:00+00:00,short,104809.14,104365.97,TP,10.6125,541.236,2025
2025-01-25 08:30:00+00:00,2025-01-25 10:45:00+00:00,short,104301.98,104587.74,SL,-5.4124,535.8236,2025
2025-01-25 11:25:00+00:00,2025-01-25 11:45:00+00:00,short,104446.2,104664.26,SL,-5.3582,530.4654,2025
2025-01-25 12:15:00+00:00,2025-01-25 13:00:00+00:00,short,104588.34,104830.01,SL,-5.3047,525.1607,2025
2025-01-25 15:05:00+00:00,2025-01-25 18:30:00+00:00,long,104682.36,105165.98,TP,10.5032,535.6639,2025
2025-01-25 20:10:00+00:00,2025-01-25 21:35:00+00:00,long,105125.85,104906.5,SL,-5.3566,530.3073,2025
2025-01-25 21:55:00+00:00,2025-01-25 23:40:00+00:00,long,105102.84,104892.45,SL,-5.3031,525.0042,2025
2025-01-26 07:45:00+00:00,2025-01-26 09:30:00+00:00,long,105028.07,104577.19,SL,-5.25,519.7542,2025
2025-01-26 10:40:00+00:00,2025-01-26 10:55:00+00:00,short,104500.01,104715.29,SL,-5.1975,514.5566,2025
2025-01-26 12:35:00+00:00,2025-01-26 13:00:00+00:00,short,104717.23,104956.6,SL,-5.1456,509.4111,2025
2025-01-26 13:45:00+00:00,2025-01-26 15:15:00+00:00,short,104848.73,105062.91,SL,-5.0941,504.317,2025
2025-01-26 17:35:00+00:00,2025-01-26 21:00:00+00:00,long,105025.5,104752.95,SL,-5.0432,499.2738,2025
2025-01-26 22:55:00+00:00,2025-01-26 23:00:00+00:00,short,104330.22,103911.25,TP,9.9855,509.2593,2025
2025-01-27 00:50:00+00:00,2025-01-27 01:10:00+00:00,short,101939.99,101434.01,TP,10.1852,519.4444,2025
2025-01-27 04:10:00+00:00,2025-01-27 04:35:00+00:00,short,101038.38,100507.68,TP,10.3889,529.8333,2025
2025-01-27 05:35:00+00:00,2025-01-27 05:55:00+00:00,short,100106.17,100374.08,SL,-5.2983,524.535,2025
2025-01-27 06:20:00+00:00,2025-01-27 06:35:00+00:00,short,99934.1,99453.01,TP,10.4907,535.0257,2025
2025-01-27 10:25:00+00:00,2025-01-27 10:50:00+00:00,short,99108.01,98499.76,TP,10.7005,545.7262,2025
2025-01-27 13:45:00+00:00,2025-01-27 14:25:00+00:00,short,100466.97,100765.4,SL,-5.4573,540.269,2025
2025-01-27 14:45:00+00:00,2025-01-27 15:10:00+00:00,long,101811.41,101523.45,SL,-5.4027,534.8663,2025
2025-01-27 17:55:00+00:00,2025-01-27 18:00:00+00:00,short,99150.01,99400.0,SL,-5.3487,529.5176,2025
2025-01-27 23:10:00+00:00,2025-01-27 23:25:00+00:00,long,101993.52,101739.95,SL,-5.2952,524.2224,2025
2025-01-28 00:00:00+00:00,2025-01-28 00:15:00+00:00,long,102544.6,102323.31,SL,-5.2422,518.9802,2025
2025-01-28 02:20:00+00:00,2025-01-28 02:40:00+00:00,long,101842.94,102290.25,TP,10.3796,529.3598,2025
2025-01-28 07:15:00+00:00,2025-01-28 07:40:00+00:00,long,103113.54,102857.83,SL,-5.2936,524.0662,2025
2025-01-28 09:00:00+00:00,2025-01-28 09:20:00+00:00,long,102843.38,102612.21,SL,-5.2407,518.8255,2025
2025-01-28 09:50:00+00:00,2025-01-28 12:45:00+00:00,long,102779.98,102531.18,SL,-5.1883,513.6373,2025
2025-01-28 13:05:00+00:00,2025-01-28 13:35:00+00:00,long,102800.0,102592.37,SL,-5.1364,508.5009,2025
2025-01-28 14:30:00+00:00,2025-01-28 14:40:00+00:00,long,102652.05,102159.99,SL,-5.085,503.4159,2025
2025-01-28 14:45:00+00:00,2025-01-28 15:00:00+00:00,long,102436.0,103160.53,TP,10.0683,513.4842,2025
2025-01-28 17:05:00+00:00,2025-01-28 17:40:00+00:00,long,102769.99,102446.01,SL,-5.1348,508.3494,2025
2025-01-28 18:10:00+00:00,2025-01-28 18:35:00+00:00,long,103030.41,102666.01,SL,-5.0835,503.2659,2025
2025-01-28 20:20:00+00:00,2025-01-28 20:45:00+00:00,short,102114.95,101562.34,TP,10.0653,513.3312,2025
2025-01-29 01:25:00+00:00,2025-01-29 02:00:00+00:00,short,101677.15,102019.22,SL,-5.1333,508.1979,2025
2025-01-29 02:25:00+00:00,2025-01-29 03:45:00+00:00,short,101848.55,102072.95,SL,-5.082,503.1159,2025
2025-01-29 04:05:00+00:00,2025-01-29 06:20:00+00:00,long,102059.65,102599.99,TP,10.0623,513.1782,2025
2025-01-29 08:00:00+00:00,2025-01-29 09:00:00+00:00,long,102915.32,102658.5,SL,-5.1318,508.0465,2025
2025-01-29 10:20:00+00:00,2025-01-29 12:25:00+00:00,long,102647.28,102420.0,SL,-5.0805,502.966,2025
2025-01-29 15:35:00+00:00,2025-01-29 16:50:00+00:00,short,101912.77,102127.9,SL,-5.0297,497.9363,2025
2025-01-29 18:00:00+00:00,2025-01-29 18:05:00+00:00,short,102072.81,102421.47,SL,-4.9794,492.957,2025
2025-01-29 18:30:00+00:00,2025-01-29 19:00:00+00:00,long,102824.99,102176.49,SL,-4.9296,488.0274,2025
2025-01-29 19:40:00+00:00,2025-01-29 20:00:00+00:00,long,103448.29,102885.99,SL,-4.8803,483.1471,2025
2025-01-29 23:10:00+00:00,2025-01-29 23:40:00+00:00,long,104121.98,103823.56,SL,-4.8315,478.3156,2025
2025-01-30 00:45:00+00:00,2025-01-30 01:25:00+00:00,long,103939.54,104372.22,TP,9.5663,487.882,2025
2025-01-30 02:30:00+00:00,2025-01-30 03:35:00+00:00,long,104473.01,104900.0,TP,9.7576,497.6396,2025
2025-01-30 04:50:00+00:00,2025-01-30 05:45:00+00:00,long,105376.3,105029.96,SL,-4.9764,492.6632,2025
2025-01-30 06:10:00+00:00,2025-01-30 06:15:00+00:00,long,105506.02,105259.99,SL,-4.9266,487.7366,2025
2025-01-30 08:00:00+00:00,2025-01-30 08:10:00+00:00,long,105265.98,105011.08,SL,-4.8774,482.8592,2025
2025-01-30 11:40:00+00:00,2025-01-30 12:15:00+00:00,long,105264.01,105042.66,SL,-4.8286,478.0306,2025
2025-01-30 13:15:00+00:00,2025-01-30 13:30:00+00:00,long,105290.82,105065.0,SL,-4.7803,473.2503,2025
2025-01-30 14:30:00+00:00,2025-01-30 14:45:00+00:00,long,105012.0,105780.5,TP,9.465,482.7153,2025
2025-01-30 18:35:00+00:00,2025-01-30 20:35:00+00:00,long,105387.67,105093.12,SL,-4.8272,477.8882,2025
2025-01-30 21:40:00+00:00,2025-01-30 23:45:00+00:00,long,105142.01,104923.38,SL,-4.7789,473.1093,2025
2025-01-31 01:20:00+00:00,2025-01-31 01:50:00+00:00,short,104518.17,104736.0,SL,-4.7311,468.3782,2025
2025-01-31 02:20:00+00:00,2025-01-31 04:50:00+00:00,short,104431.38,103992.44,TP,9.3676,477.7458,2025
2025-01-31 07:35:00+00:00,2025-01-31 09:10:00+00:00,short,104371.51,103950.23,TP,9.5549,487.3007,2025
2025-01-31 12:15:00+00:00,2025-01-31 14:05:00+00:00,long,104798.86,104588.0,SL,-4.873,482.4277,2025
2025-01-31 15:05:00+00:00,2025-01-31 15:25:00+00:00,long,104695.94,105166.25,TP,9.6486,492.0762,2025
2025-02-01 01:55:00+00:00,2025-02-01 04:05:00+00:00,short,102566.0,102145.92,TP,9.8415,501.9177,2025
2025-02-01 06:15:00+00:00,2025-02-01 08:30:00+00:00,short,102388.0,101971.79,TP,10.0384,511.9561,2025
2025-02-01 13:15:00+00:00,2025-02-01 14:55:00+00:00,short,102238.23,101827.53,TP,10.2391,522.1952,2025
2025-02-01 16:20:00+00:00,2025-02-01 17:15:00+00:00,short,101966.0,102220.01,SL,-5.222,516.9733,2025
2025-02-01 18:20:00+00:00,2025-02-01 19:35:00+00:00,short,102144.0,101624.43,TP,10.3395,527.3127,2025
2025-02-01 21:55:00+00:00,2025-02-01 22:00:00+00:00,short,101199.82,101409.22,SL,-5.2731,522.0396,2025
2025-02-01 22:15:00+00:00,2025-02-01 23:10:00+00:00,short,100818.52,100389.11,TP,10.4408,532.4804,2025
2025-02-02 01:45:00+00:00,2025-02-02 02:15:00+00:00,short,101254.9,100773.99,TP,10.6496,543.13,2025
2025-02-02 06:55:00+00:00,2025-02-02 07:30:00+00:00,short,100265.15,99841.68,TP,10.8626,553.9926,2025
2025-02-02 09:05:00+00:00,2025-02-02 11:15:00+00:00,short,99644.95,99242.49,TP,11.0799,565.0725,2025
2025-02-02 12:30:00+00:00,2025-02-02 12:55:00+00:00,short,98604.02,98178.0,TP,11.3015,576.3739,2025
2025-02-02 15:05:00+00:00,2025-02-02 15:50:00+00:00,short,99096.63,99372.54,SL,-5.7637,570.6102,2025
2025-02-02 16:10:00+00:00,2025-02-02 16:40:00+00:00,short,98993.02,98589.29,TP,11.4122,582.0224,2025
2025-02-02 20:35:00+00:00,2025-02-02 21:15:00+00:00,short,97900.09,97408.72,TP,11.6404,593.6628,2025
2025-02-02 23:25:00+00:00,2025-02-02 23:35:00+00:00,short,97018.79,97536.89,SL,-5.9366,587.7262,2025
2025-02-03 00:15:00+00:00,2025-02-03 00:25:00+00:00,short,96582.67,97074.0,SL,-5.8773,581.8489,2025
2025-02-03 04:25:00+00:00,2025-02-03 04:30:00+00:00,short,93352.95,92911.0,TP,11.637,593.4859,2025
2025-02-03 06:55:00+00:00,2025-02-03 07:00:00+00:00,short,93911.04,94203.25,SL,-5.9349,587.551,2025
2025-02-03 08:40:00+00:00,2025-02-03 08:50:00+00:00,short,95022.38,95280.0,SL,-5.8755,581.6755,2025
2025-02-03 09:15:00+00:00,2025-02-03 09:20:00+00:00,short,95354.0,95742.12,SL,-5.8168,575.8588,2025
2025-02-03 09:35:00+00:00,2025-02-03 09:55:00+00:00,short,95669.0,95277.0,TP,11.5172,587.376,2025
2025-02-03 11:25:00+00:00,2025-02-03 11:45:00+00:00,short,95413.87,95019.98,TP,11.7475,599.1235,2025
2025-02-03 12:35:00+00:00,2025-02-03 13:20:00+00:00,short,95085.38,94667.03,TP,11.9825,611.1059,2025
2025-02-03 14:00:00+00:00,2025-02-03 14:25:00+00:00,short,94344.05,94772.0,SL,-6.1111,604.9949,2025
2025-02-03 14:30:00+00:00,2025-02-03 14:35:00+00:00,long,96089.77,96497.64,TP,12.0999,617.0948,2025
2025-02-03 18:00:00+00:00,2025-02-03 18:10:00+00:00,long,99367.99,99070.0,SL,-6.1709,610.9238,2025
2025-02-03 20:20:00+00:00,2025-02-03 20:35:00+00:00,long,101854.63,101597.06,SL,-6.1092,604.8146,2025
2025-02-03 21:55:00+00:00,2025-02-03 22:05:00+00:00,long,101802.55,102269.9,TP,12.0963,616.9109,2025
2025-02-04 01:35:00+00:00,2025-02-04 02:10:00+00:00,long,101345.01,101126.74,SL,-6.1691,610.7418,2025
2025-02-04 07:35:00+00:00,2025-02-04 07:45:00+00:00,short,98882.27,98433.44,TP,12.2148,622.9566,2025
2025-02-04 08:35:00+00:00,2025-02-04 08:55:00+00:00,short,98071.44,98304.34,SL,-6.2296,616.7271,2025
2025-02-04 11:50:00+00:00,2025-02-04 12:15:00+00:00,short,99078.06,99378.54,SL,-6.1673,610.5598,2025
2025-02-04 12:30:00+00:00,2025-02-04 12:40:00+00:00,long,99600.01,99370.41,SL,-6.1056,604.4542,2025
2025-02-04 14:30:00+00:00,2025-02-04 15:00:00+00:00,long,100049.93,99711.99,SL,-6.0445,598.4096,2025
2025-02-04 15:10:00+00:00,2025-02-04 15:15:00+00:00,short,99207.32,98688.71,TP,11.9682,610.3778,2025
2025-02-04 16:10:00+00:00,2025-02-04 16:15:00+00:00,long,99861.99,99618.87,SL,-6.1038,604.2741,2025
2025-02-04 16:40:00+00:00,2025-02-04 17:25:00+00:00,short,99294.95,98878.74,TP,12.0855,616.3595,2025
2025-02-04 18:00:00+00:00,2025-02-04 18:15:00+00:00,short,98963.33,99168.35,SL,-6.1636,610.1959,2025
2025-02-04 19:50:00+00:00,2025-02-04 20:05:00+00:00,short,98991.36,99232.77,SL,-6.102,604.094,2025
2025-02-05 01:25:00+00:00,2025-02-05 02:00:00+00:00,short,98212.63,97738.02,TP,12.0819,616.1759,2025
2025-02-05 04:25:00+00:00,2025-02-05 04:30:00+00:00,short,97928.0,98139.81,SL,-6.1618,610.0141,2025
2025-02-05 04:55:00+00:00,2025-02-05 05:50:00+00:00,short,98046.0,98250.0,SL,-6.1001,603.914,2025
2025-02-05 06:20:00+00:00,2025-02-05 07:00:00+00:00,short,97872.0,97436.81,TP,12.0783,615.9922,2025
2025-02-05 08:40:00+00:00,2025-02-05 09:00:00+00:00,short,97629.97,97847.81,SL,-6.1599,609.8323,2025
2025-02-05 09:30:00+00:00,2025-02-05 10:15:00+00:00,short,97420.38,97664.04,SL,-6.0983,603.734,2025
2025-02-05 13:35:00+00:00,2025-02-05 14:55:00+00:00,long,98576.09,98292.27,SL,-6.0373,597.6967,2025
2025-02-05 17:20:00+00:00,2025-02-05 17:35:00+00:00,short,97480.0,97741.59,SL,-5.977,591.7197,2025
2025-02-05 20:40:00+00:00,2025-02-05 20:45:00+00:00,short,96903.7,97206.53,SL,-5.9172,585.8025,2025
2025-02-05 21:45:00+00:00,2025-02-05 21:55:00+00:00,short,97313.84,96904.11,TP,11.716,597.5185,2025
2025-02-06 02:35:00+00:00,2025-02-06 03:00:00+00:00,short,97192.0,97394.38,SL,-5.9752,591.5434,2025
2025-02-06 03:05:00+00:00,2025-02-06 03:40:00+00:00,short,97252.0,97476.16,SL,-5.9154,585.6279,2025
2025-02-06 04:15:00+00:00,2025-02-06 06:15:00+00:00,long,97586.46,98086.97,TP,11.7126,597.3405,2025
2025-02-06 09:05:00+00:00,2025-02-06 10:00:00+00:00,long,98282.61,98729.26,TP,11.9468,609.2873,2025
2025-02-06 10:50:00+00:00,2025-02-06 11:10:00+00:00,long,98960.01,98739.14,SL,-6.0929,603.1944,2025
2025-02-06 11:50:00+00:00,2025-02-06 12:05:00+00:00,long,99069.18,98624.18,SL,-6.0319,597.1625,2025
2025-02-06 13:30:00+00:00,2025-02-06 14:15:00+00:00,long,98637.07,98163.97,SL,-5.9716,591.1909,2025
2025-02-06 14:30:00+00:00,2025-02-06 14:40:00+00:00,long,98651.82,98107.84,SL,-5.9119,585.2789,2025
2025-02-06 16:20:00+00:00,2025-02-06 16:40:00+00:00,short,96985.17,96586.01,TP,11.7056,596.9845,2025
2025-02-06 18:15:00+00:00,2025-02-06 18:45:00+00:00,short,96257.01,96554.5,SL,-5.9698,591.0147,2025
2025-02-06 19:40:00+00:00,2025-02-06 20:10:00+00:00,short,95995.37,96282.65,SL,-5.9101,585.1045,2025
2025-02-06 21:25:00+00:00,2025-02-06 21:40:00+00:00,short,96508.76,96738.0,SL,-5.851,579.2535,2025
2025-02-06 22:00:00+00:00,2025-02-06 22:55:00+00:00,short,96546.7,96959.99,SL,-5.7925,573.4609,2025
2025-02-06 23:25:00+00:00,2025-02-07 00:20:00+00:00,short,96619.57,96833.7,SL,-5.7346,567.7263,2025
2025-02-07 00:40:00+00:00,2025-02-07 01:05:00+00:00,short,96504.59,96773.05,SL,-5.6773,562.0491,2025
2025-02-07 04:15:00+00:00,2025-02-07 04:45:00+00:00,long,97687.99,97450.0,SL,-5.6205,556.4286,2025
2025-02-07 07:50:00+00:00,2025-02-07 08:05:00+00:00,short,96705.19,96939.51,SL,-5.5643,550.8643,2025
2025-02-07 11:10:00+00:00,2025-02-07 13:35:00+00:00,long,97632.91,98108.05,TP,11.0173,561.8816,2025
2025-02-07 13:40:00+00:00,2025-02-07 13:55:00+00:00,long,98338.0,98828.01,TP,11.2376,573.1192,2025
2025-02-07 17:10:00+00:00,2025-02-07 17:15:00+00:00,long,97993.99,97455.31,SL,-5.7312,567.388,2025
2025-02-07 19:05:00+00:00,2025-02-07 19:50:00+00:00,short,97402.61,96981.93,TP,11.3478,578.7358,2025
2025-02-08 01:00:00+00:00,2025-02-08 04:40:00+00:00,short,96692.98,96294.34,TP,11.5747,590.3105,2025
2025-02-08 07:00:00+00:00,2025-02-08 07:35:00+00:00,short,95999.99,96219.86,SL,-5.9031,584.4074,2025
2025-02-08 08:35:00+00:00,2025-02-08 10:15:00+00:00,short,96022.68,96220.14,SL,-5.8441,578.5633,2025
2025-02-08 10:45:00+00:00,2025-02-08 13:35:00+00:00,short,96100.0,96374.0,SL,-5.7856,572.7777,2025
2025-02-08 14:15:00+00:00,2025-02-08 17:00:00+00:00,short,96019.89,96255.11,SL,-5.7278,567.0499,2025
2025-02-08 18:25:00+00:00,2025-02-09 01:25:00+00:00,long,96405.0,96877.2,TP,11.341,578.3909,2025
2025-02-09 03:25:00+00:00,2025-02-09 03:55:00+00:00,long,96903.72,97300.0,TP,11.5678,589.9587,2025
2025-02-09 06:50:00+00:00,2025-02-09 10:00:00+00:00,long,97031.36,96717.45,SL,-5.8996,584.0591,2025
2025-02-09 10:35:00+00:00,2025-02-09 11:30:00+00:00,long,96902.73,96645.85,SL,-5.8406,578.2185,2025
2025-02-09 12:30:00+00:00,2025-02-09 13:40:00+00:00,short,96514.41,96087.99,TP,11.5644,589.7829,2025
2025-02-09 16:30:00+00:00,2025-02-09 17:30:00+00:00,short,96459.99,95979.55,TP,11.7957,601.5786,2025
2025-02-09 19:25:00+00:00,2025-02-09 20:20:00+00:00,short,96051.95,96261.68,SL,-6.0158,595.5628,2025
2025-02-09 21:10:00+00:00,2025-02-09 21:30:00+00:00,short,96239.83,95851.79,TP,11.9113,607.474,2025
2025-02-10 05:45:00+00:00,2025-02-10 05:55:00+00:00,long,97444.0,97015.26,SL,-6.0747,601.3993,2025
2025-02-10 07:00:00+00:00,2025-02-10 08:05:00+00:00,long,97353.8,97775.99,TP,12.028,613.4273,2025
2025-02-10 10:15:00+00:00,2025-02-10 12:10:00+00:00,long,97833.78,97603.78,SL,-6.1343,607.293,2025
2025-02-10 13:15:00+00:00,2025-02-10 13:45:00+00:00,long,97463.93,97892.49,TP,12.1459,619.4389,2025
2025-02-10 16:05:00+00:00,2025-02-10 16:15:00+00:00,long,97281.01,97052.01,SL,-6.1944,613.2445,2025
2025-02-10 16:30:00+00:00,2025-02-10 16:45:00+00:00,short,96961.73,97218.32,SL,-6.1324,607.112,2025
2025-02-10 18:50:00+00:00,2025-02-10 21:15:00+00:00,long,97424.84,97136.18,SL,-6.0711,601.0409,2025
2025-02-10 21:55:00+00:00,2025-02-11 00:25:00+00:00,long,97375.81,97767.8,TP,12.0208,613.0617,2025
2025-02-11 04:00:00+00:00,2025-02-11 04:45:00+00:00,long,97616.05,98058.83,TP,12.2612,625.323,2025
2025-02-11 09:05:00+00:00,2025-02-11 09:35:00+00:00,long,98271.91,98070.8,SL,-6.2532,619.0697,2025
2025-02-11 10:20:00+00:00,2025-02-11 12:10:00+00:00,long,98079.48,97812.0,SL,-6.1907,612.8791,2025
2025-02-11 13:20:00+00:00,2025-02-11 13:40:00+00:00,short,97647.51,97250.3,TP,12.2576,625.1366,2025
2025-02-11 16:25:00+00:00,2025-02-11 17:00:00+00:00,short,96643.09,96236.56,TP,12.5027,637.6394,2025
2025-02-11 18:05:00+00:00,2025-02-11 18:45:00+00:00,short,95895.3,95500.01,TP,12.7528,650.3922,2025
2025-02-11 22:30:00+00:00,2025-02-11 22:55:00+00:00,short,96100.0,95580.23,TP,13.0078,663.4,2025
2025-02-12 00:20:00+00:00,2025-02-12 00:45:00+00:00,short,95795.78,96055.56,SL,-6.634,656.766,2025
2025-02-12 01:20:00+00:00,2025-02-12 01:45:00+00:00,short,95850.5,96220.49,SL,-6.5677,650.1983,2025
2025-02-12 02:15:00+00:00,2025-02-12 02:55:00+00:00,short,96014.88,95579.14,TP,13.004,663.2023,2025
2025-02-12 06:30:00+00:00,2025-02-12 07:05:00+00:00,short,95708.74,95900.8,SL,-6.632,656.5703,2025
2025-02-12 11:05:00+00:00,2025-02-12 12:55:00+00:00,long,96216.0,95982.97,SL,-6.5657,650.0046,2025
2025-02-12 13:20:00+00:00,2025-02-12 13:30:00+00:00,long,96499.99,94891.3,SL,-6.5,643.5045,2025
2025-02-12 16:15:00+00:00,2025-02-12 16:40:00+00:00,short,95510.94,95960.0,SL,-6.435,637.0695,2025
2025-02-12 19:45:00+00:00,2025-02-12 20:45:00+00:00,long,97217.4,97003.04,SL,-6.3707,630.6988,2025
2025-02-12 21:15:00+00:00,2025-02-12 22:25:00+00:00,long,97533.58,97949.99,TP,12.614,643.3128,2025
2025-02-12 22:35:00+00:00,2025-02-12 22:55:00+00:00,long,98025.96,97806.57,SL,-6.4331,636.8796,2025
2025-02-12 23:00:00+00:00,2025-02-12 23:20:00+00:00,long,97952.0,97744.01,SL,-6.3688,630.5108,2025
2025-02-13 01:05:00+00:00,2025-02-13 02:25:00+00:00,long,97876.85,97639.88,SL,-6.3051,624.2057,2025
2025-02-13 03:45:00+00:00,2025-02-13 04:25:00+00:00,long,97546.53,97331.28,SL,-6.2421,617.9637,2025
2025-02-13 06:20:00+00:00,2025-02-13 06:45:00+00:00,short,96491.87,95854.71,TP,12.3593,630.323,2025
2025-02-13 10:35:00+00:00,2025-02-13 12:15:00+00:00,short,96180.21,95739.79,TP,12.6065,642.9294,2025
2025-02-13 13:00:00+00:00,2025-02-13 13:15:00+00:00,short,95770.79,95980.02,SL,-6.4293,636.5001,2025
2025-02-13 14:10:00+00:00,2025-02-13 15:15:00+00:00,short,95857.86,96196.08,SL,-6.365,630.1351,2025
2025-02-13 16:00:00+00:00,2025-02-13 17:40:00+00:00,short,95742.01,95938.0,SL,-6.3014,623.8338,2025
2025-02-13 18:10:00+00:00,2025-02-13 18:30:00+00:00,short,95530.0,95773.07,SL,-6.2383,617.5954,2025
2025-02-13 19:30:00+00:00,2025-02-13 20:10:00+00:00,short,95714.15,96030.56,SL,-6.176,611.4195,2025
2025-02-13 20:15:00+00:00,2025-02-13 21:30:00+00:00,long,96196.71,96600.64,TP,12.2284,623.6479,2025
2025-02-13 23:45:00+00:00,2025-02-14 03:45:00+00:00,long,96541.98,97082.99,TP,12.473,636.1208,2025
2025-02-14 06:10:00+00:00,2025-02-14 12:40:00+00:00,long,96796.66,96596.2,SL,-6.3612,629.7596,2025
2025-02-14 13:30:00+00:00,2025-02-14 13:40:00+00:00,long,96948.9,96726.87,SL,-6.2976,623.462,2025
2025-02-14 14:25:00+00:00,2025-02-14 14:35:00+00:00,short,96614.56,97184.85,SL,-6.2346,617.2274,2025
2025-02-14 15:10:00+00:00,2025-02-14 15:50:00+00:00,short,96652.37,96979.99,SL,-6.1723,611.0551,2025
2025-02-14 15:55:00+00:00,2025-02-14 16:15:00+00:00,long,96924.39,96600.0,SL,-6.1106,604.9446,2025
2025-02-14 16:50:00+00:00,2025-02-14 16:55:00+00:00,long,96870.01,97658.7,TP,12.0989,617.0435,2025
2025-02-14 21:45:00+00:00,2025-02-14 22:45:00+00:00,long,97341.54,97126.51,SL,-6.1704,610.873,2025
2025-02-14 22:50:00+00:00,2025-02-14 23:10:00+00:00,short,96994.11,97220.25,SL,-6.1087,604.7643,2025
2025-02-15 00:35:00+00:00,2025-02-15 01:50:00+00:00,long,97404.44,97833.41,TP,12.0953,616.8596,2025
2025-02-15 03:05:00+00:00,2025-02-15 03:30:00+00:00,long,97964.82,97723.28,SL,-6.1686,610.691,2025
2025-02-15 05:30:00+00:00,2025-02-15 07:15:00+00:00,long,97594.67,97356.01,SL,-6.1069,604.5841,2025
2025-02-15 08:05:00+00:00,2025-02-15 08:30:00+00:00,short,97327.19,97533.34,SL,-6.0458,598.5382,2025
2025-02-15 10:30:00+00:00,2025-02-15 17:15:00+00:00,long,97622.65,97387.51,SL,-5.9854,592.5529,2025
2025-02-15 19:50:00+00:00,2025-02-15 22:10:00+00:00,short,97531.64,97741.35,SL,-5.9255,586.6273,2025
2025-02-15 22:25:00+00:00,2025-02-16 00:15:00+00:00,short,97450.0,97667.51,SL,-5.8663,580.7611,2025
2025-02-16 01:55:00+00:00,2025-02-16 07:00:00+00:00,long,97643.0,97443.51,SL,-5.8076,574.9534,2025
2025-02-16 10:55:00+00:00,2025-02-16 14:00:00+00:00,short,97180.98,96778.58,TP,11.4991,586.4525,2025
2025-02-16 17:30:00+00:00,2025-02-16 21:35:00+00:00,short,97000.0,97198.63,SL,-5.8645,580.588,2025
2025-02-16 22:20:00+00:00,2025-02-16 22:30:00+00:00,short,97032.08,96641.52,TP,11.6118,592.1997,2025
2025-02-17 02:40:00+00:00,2025-02-17 05:00:00+00:00,short,96291.29,95887.53,TP,11.844,604.0437,2025
2025-02-17 05:20:00+00:00,2025-02-17 05:30:00+00:00,short,95927.15,96125.87,SL,-6.0404,598.0033,2025
2025-02-17 07:05:00+00:00,2025-02-17 14:05:00+00:00,short,96337.41,96642.89,SL,-5.98,592.0233,2025
2025-02-17 18:45:00+00:00,2025-02-17 19:50:00+00:00,short,95357.85,95576.98,SL,-5.9202,586.103,2025
2025-02-18 00:20:00+00:00,2025-02-18 01:05:00+00:00,short,95600.01,95900.98,SL,-5.861,580.242,2025
2025-02-18 03:30:00+00:00,2025-02-18 04:50:00+00:00,long,96288.0,95987.49,SL,-5.8024,574.4396,2025
2025-02-18 08:10:00+00:00,2025-02-18 09:15:00+00:00,short,95326.0,95563.43,SL,-5.7444,568.6952,2025
2025-02-18 10:55:00+00:00,2025-02-18 12:25:00+00:00,short,95742.5,95937.86,SL,-5.687,563.0082,2025
2025-02-18 14:20:00+00:00,2025-02-18 14:30:00+00:00,long,96650.0,96322.01,SL,-5.6301,557.3782,2025
2025-02-18 16:10:00+00:00,2025-02-18 16:15:00+00:00,short,95402.58,95630.0,SL,-5.5738,551.8044,2025
2025-02-18 16:25:00+00:00,2025-02-18 16:35:00+00:00,short,95266.78,94814.98,TP,11.0361,562.8405,2025
2025-02-18 18:40:00+00:00,2025-02-18 18:50:00+00:00,short,93736.37,93970.75,SL,-5.6284,557.2121,2025
2025-02-18 19:10:00+00:00,2025-02-18 19:20:00+00:00,short,93512.71,93762.9,SL,-5.5721,551.6399,2025
2025-02-18 20:40:00+00:00,2025-02-18 20:55:00+00:00,short,93849.83,94196.02,SL,-5.5164,546.1235,2025
2025-02-18 22:05:00+00:00,2025-02-18 22:20:00+00:00,short,94934.27,95171.94,SL,-5.4612,540.6623,2025
2025-02-18 22:25:00+00:00,2025-02-19 01:15:00+00:00,long,95399.95,95107.25,SL,-5.4066,535.2557,2025
2025-02-19 01:55:00+00:00,2025-02-19 04:55:00+00:00,long,95479.99,95213.85,SL,-5.3526,529.9031,2025
2025-02-19 05:45:00+00:00,2025-02-19 07:05:00+00:00,long,95336.23,95735.83,TP,10.5981,540.5012,2025
2025-02-19 09:40:00+00:00,2025-02-19 10:00:00+00:00,long,95870.68,96453.46,TP,10.81,551.3112,2025
2025-02-19 12:05:00+00:00,2025-02-19 12:30:00+00:00,long,96481.6,96283.94,SL,-5.5131,545.7981,2025
2025-02-19 13:40:00+00:00,2025-02-19 14:00:00+00:00,long,96367.11,96111.8,SL,-5.458,540.3401,2025
2025-02-19 14:30:00+00:00,2025-02-19 14:35:00+00:00,long,96641.46,96436.88,SL,-5.4034,534.9367,2025
2025-02-19 15:30:00+00:00,2025-02-19 15:45:00+00:00,long,96392.01,96192.01,SL,-5.3494,529.5873,2025
2025-02-19 17:40:00+00:00,2025-02-19 18:05:00+00:00,long,96435.52,96152.74,SL,-5.2959,524.2915,2025
2025-02-19 19:20:00+00:00,2025-02-19 20:15:00+00:00,long,96054.98,96447.68,TP,10.4858,534.7773,2025
2025-02-19 21:20:00+00:00,2025-02-20 00:55:00+00:00,long,96440.8,96853.98,TP,10.6955,545.4729,2025
2025-02-20 02:05:00+00:00,2025-02-20 03:00:00+00:00,long,96850.0,97310.51,TP,10.9095,556.3823,2025
2025-02-20 04:25:00+00:00,2025-02-20 05:25:00+00:00,long,97250.0,97035.06,SL,-5.5638,550.8185,2025
2025-02-20 06:55:00+00:00,2025-02-20 10:50:00+00:00,long,96907.99,97299.99,TP,11.0164,561.8349,2025
2025-02-20 12:05:00+00:00,2025-02-20 14:15:00+00:00,long,97453.73,97849.0,TP,11.2367,573.0716,2025
2025-02-20 16:10:00+00:00,2025-02-20 16:35:00+00:00,long,97413.51,97847.75,TP,11.4614,584.533,2025
2025-02-20 20:20:00+00:00,2025-02-20 20:35:00+00:00,long,98691.99,98477.48,SL,-5.8453,578.6877,2025
2025-02-20 22:30:00+00:00,2025-02-21 09:15:00+00:00,long,98255.62,98873.97,TP,11.5738,590.2614,2025
2025-02-21 10:10:00+00:00,2025-02-21 12:25:00+00:00,long,98431.59,98862.79,TP,11.8052,602.0666,2025
2025-02-21 15:10:00+00:00,2025-02-21 15:20:00+00:00,long,99195.06,98290.92,SL,-6.0207,596.046,2025
2025-02-21 16:10:00+00:00,2025-02-21 16:25:00+00:00,long,98587.99,98301.89,SL,-5.9605,590.0855,2025
2025-02-21 17:15:00+00:00,2025-02-21 17:35:00+00:00,short,97987.52,97254.32,TP,11.8017,601.8872,2025
2025-02-21 18:55:00+00:00,2025-02-21 19:15:00+00:00,short,96543.52,96111.12,TP,12.0377,613.925,2025
2025-02-22 00:10:00+00:00,2025-02-22 00:45:00+00:00,short,95986.51,96204.51,SL,-6.1392,607.7857,2025
2025-02-22 01:50:00+00:00,2025-02-22 05:30:00+00:00,short,96297.69,96492.51,SL,-6.0779,601.7079,2025
2025-02-22 06:10:00+00:00,2025-02-22 12:30:00+00:00,short,96490.56,96731.68,SL,-6.0171,595.6908,2025
2025-02-22 15:45:00+00:00,2025-02-22 18:50:00+00:00,long,96632.61,96430.68,SL,-5.9569,589.7339,2025
2025-02-22 19:30:00+00:00,2025-02-23 01:35:00+00:00,long,96610.86,96415.1,SL,-5.8973,583.8365,2025
2025-02-23 03:55:00+00:00,2025-02-23 12:10:00+00:00,short,96414.0,96016.39,TP,11.6767,595.5133,2025
2025-02-23 14:40:00+00:00,2025-02-23 15:55:00+00:00,short,95836.0,95436.18,TP,11.9103,607.4235,2025
2025-02-23 17:10:00+00:00,2025-02-23 17:35:00+00:00,short,95343.98,95560.5,SL,-6.0742,601.3493,2025
2025-02-23 19:15:00+00:00,2025-02-23 23:00:00+00:00,short,95759.74,96065.55,SL,-6.0135,595.3358,2025
2025-02-24 02:35:00+00:00,2025-02-24 02:55:00+00:00,long,96053.82,95829.35,SL,-5.9534,589.3824,2025
2025-02-24 07:20:00+00:00,2025-02-24 09:25:00+00:00,short,95797.99,96019.5,SL,-5.8938,583.4886,2025
2025-02-24 10:05:00+00:00,2025-02-24 12:35:00+00:00,short,95709.48,95929.99,SL,-5.8349,577.6537,2025
2025-02-24 13:20:00+00:00,2025-02-24 13:55:00+00:00,long,95900.01,95594.57,SL,-5.7765,571.8772,2025
2025-02-24 18:00:00+00:00,2025-02-24 18:15:00+00:00,short,94623.22,94816.9,SL,-5.7188,566.1584,2025
2025-02-24 21:00:00+00:00,2025-02-24 21:20:00+00:00,short,93900.01,94106.09,SL,-5.6616,560.4968,2025
2025-02-24 22:00:00+00:00,2025-02-24 22:10:00+00:00,short,93603.02,93166.07,TP,11.2099,571.7068,2025
2025-02-25 03:20:00+00:00,2025-02-25 03:40:00+00:00,short,92030.0,92294.14,SL,-5.7171,565.9897,2025
2025-02-25 04:00:00+00:00,2025-02-25 04:15:00+00:00,short,92002.01,92209.56,SL,-5.6599,560.3298,2025
2025-02-25 05:25:00+00:00,2025-02-25 06:30:00+00:00,short,91918.42,91500.04,TP,11.2066,571.5364,2025
2025-02-25 09:25:00+00:00,2025-02-25 09:30:00+00:00,short,88650.0,88880.0,SL,-5.7154,565.821,2025
2025-02-25 12:50:00+00:00,2025-02-25 12:55:00+00:00,short,89037.64,89395.98,SL,-5.6582,560.1628,2025
2025-02-25 13:20:00+00:00,2025-02-25 14:20:00+00:00,short,89150.95,88616.0,TP,11.2033,571.3661,2025
2025-02-25 18:25:00+00:00,2025-02-25 18:35:00+00:00,short,86943.4,87438.73,SL,-5.7137,565.6524,2025
2025-02-25 18:55:00+00:00,2025-02-25 19:10:00+00:00,short,87070.07,86716.98,TP,11.313,576.9655,2025
2025-02-25 21:00:00+00:00,2025-02-25 21:05:00+00:00,short,88344.76,87963.11,TP,11.5393,588.5048,2025
2025-02-25 22:35:00+00:00,2025-02-25 22:45:00+00:00,short,88657.24,88844.85,SL,-5.885,582.6197,2025
2025-02-26 07:35:00+00:00,2025-02-26 09:15:00+00:00,short,88588.58,88865.66,SL,-5.8262,576.7935,2025
2025-02-26 10:35:00+00:00,2025-02-26 11:25:00+00:00,long,89137.07,88947.27,SL,-5.7679,571.0256,2025
2025-02-26 13:50:00+00:00,2025-02-26 13:55:00+00:00,short,87570.0,87191.99,TP,11.4205,582.4461,2025
2025-02-26 16:05:00+00:00,2025-02-26 16:15:00+00:00,short,87219.73,86585.38,TP,11.6489,594.095,2025
2025-02-26 17:30:00+00:00,2025-02-26 17:50:00+00:00,short,86598.02,85979.86,TP,11.8819,605.9769,2025
2025-02-26 20:10:00+00:00,2025-02-26 20:15:00+00:00,short,83160.54,82330.31,TP,12.1195,618.0965,2025
2025-02-26 22:40:00+00:00,2025-02-26 22:45:00+00:00,short,84295.25,84697.96,SL,-6.181,611.9155,2025
2025-02-26 22:55:00+00:00,2025-02-26 23:00:00+00:00,short,84433.51,84687.98,SL,-6.1192,605.7964,2025
2025-02-26 23:05:00+00:00,2025-02-26 23:20:00+00:00,short,84512.26,84081.56,TP,12.1159,617.9123,2025
2025-02-27 02:00:00+00:00,2025-02-27 02:15:00+00:00,short,84772.21,84945.16,SL,-6.1791,611.7332,2025
2025-02-27 04:15:00+00:00,2025-02-27 04:40:00+00:00,short,84813.34,85028.74,SL,-6.1173,605.6158,2025
2025-02-27 09:35:00+00:00,2025-02-27 10:50:00+00:00,long,86231.02,86777.04,TP,12.1123,617.7281,2025
2025-02-27 13:35:00+00:00,2025-02-27 13:45:00+00:00,long,86676.0,86183.91,SL,-6.1773,611.5509,2025
2025-02-27 16:25:00+00:00,2025-02-27 16:50:00+00:00,short,84918.01,84536.81,TP,12.231,623.7819,2025
2025-02-27 19:10:00+00:00,2025-02-27 19:30:00+00:00,short,84245.48,83685.86,TP,12.4756,636.2575,2025
2025-02-27 22:30:00+00:00,2025-02-27 22:35:00+00:00,short,84018.87,84207.54,SL,-6.3626,629.8949,2025
2025-02-28 00:05:00+00:00,2025-02-28 00:45:00+00:00,short,84735.84,84299.78,TP,12.5979,642.4928,2025
2025-02-28 05:30:00+00:00,2025-02-28 05:40:00+00:00,short,79646.53,79889.18,SL,-6.4249,636.0679,2025
2025-02-28 05:50:00+00:00,2025-02-28 05:55:00+00:00,short,79387.99,79973.79,SL,-6.3607,629.7072,2025
2025-02-28 06:45:00+00:00,2025-02-28 06:50:00+00:00,short,79268.11,79432.0,SL,-6.2971,623.4102,2025
2025-02-28 07:40:00+00:00,2025-02-28 08:10:00+00:00,short,79242.97,78786.02,TP,12.4682,635.8784,2025
2025-02-28 10:15:00+00:00,2025-02-28 10:45:00+00:00,short,79902.56,80177.62,SL,-6.3588,629.5196,2025
2025-02-28 12:00:00+00:00,2025-02-28 12:50:00+00:00,short,80312.7,80564.65,SL,-6.2952,623.2244,2025
2025-02-28 14:30:00+00:00,2025-02-28 14:35:00+00:00,short,81120.0,81915.37,SL,-6.2322,616.9921,2025
2025-02-28 14:40:00+00:00,2025-02-28 14:50:00+00:00,long,82332.8,82119.47,SL,-6.1699,610.8222,2025
2025-02-28 18:35:00+00:00,2025-02-28 18:50:00+00:00,long,84565.68,84944.16,TP,12.2164,623.0387,2025
2025-02-28 21:10:00+00:00,2025-02-28 21:25:00+00:00,long,84424.58,84251.3,SL,-6.2304,616.8083,2025
2025-02-28 23:30:00+00:00,2025-03-01 00:10:00+00:00,long,84185.18,84536.52,TP,12.3362,629.1444,2025
2025-03-01 01:40:00+00:00,2025-03-01 02:25:00+00:00,long,84518.86,85088.35,TP,12.5829,641.7273,2025
2025-03-01 04:05:00+00:00,2025-03-01 04:25:00+00:00,long,85571.41,85957.55,TP,12.8345,654.5619,2025
2025-03-01 07:30:00+00:00,2025-03-01 07:35:00+00:00,long,85000.0,84791.34,SL,-6.5456,648.0163,2025
2025-03-01 08:00:00+00:00,2025-03-01 09:05:00+00:00,long,85000.0,85348.01,TP,12.9603,660.9766,2025
2025-03-01 09:55:00+00:00,2025-03-01 10:00:00+00:00,long,85380.0,85160.01,SL,-6.6098,654.3668,2025
2025-03-01 13:20:00+00:00,2025-03-01 14:00:00+00:00,short,84458.22,84632.99,SL,-6.5437,647.8232,2025
2025-03-01 15:50:00+00:00,2025-03-01 16:50:00+00:00,long,84773.59,85125.93,TP,12.9565,660.7796,2025
2025-03-01 17:45:00+00:00,2025-03-01 18:10:00+00:00,long,85320.99,85140.03,SL,-6.6078,654.1718,2025
2025-03-01 18:55:00+00:00,2025-03-01 21:45:00+00:00,long,85327.57,85763.0,TP,13.0834,667.2553,2025
2025-03-01 22:45:00+00:00,2025-03-01 23:05:00+00:00,long,86110.42,85873.72,SL,-6.6726,660.5827,2025
2025-03-02 00:00:00+00:00,2025-03-02 00:20:00+00:00,long,86062.81,85859.28,SL,-6.6058,653.9769,2025
2025-03-02 00:35:00+00:00,2025-03-02 00:55:00+00:00,long,86204.03,86026.62,SL,-6.5398,647.4371,2025
2025-03-02 01:55:00+00:00,2025-03-02 02:20:00+00:00,long,86354.93,86135.72,SL,-6.4744,640.9627,2025
2025-03-02 03:40:00+00:00,2025-03-02 04:00:00+00:00,long,85949.29,85747.99,SL,-6.4096,634.5531,2025
2025-03-02 04:45:00+00:00,2025-03-02 06:20:00+00:00,long,85781.98,86125.12,TP,12.6911,647.2442,2025
2025-03-02 09:20:00+00:00,2025-03-02 11:30:00+00:00,long,85833.95,86220.22,TP,12.9449,660.1891,2025
2025-03-02 12:55:00+00:00,2025-03-02 13:15:00+00:00,long,85986.18,85716.99,SL,-6.6019,653.5872,2025
2025-03-02 14:00:00+00:00,2025-03-02 14:05:00+00:00,long,85881.6,85625.99,SL,-6.5359,647.0513,2025
2025-03-02 20:15:00+00:00,2025-03-02 20:55:00+00:00,long,93947.74,94330.0,TP,12.941,659.9923,2025
2025-03-02 22:25:00+00:00,2025-03-02 22:30:00+00:00,long,94342.01,94130.0,SL,-6.5999,653.3924,2025
2025-03-02 22:50:00+00:00,2025-03-02 22:55:00+00:00,long,94459.98,94247.4,SL,-6.5339,646.8585,2025
2025-03-02 23:00:00+00:00,2025-03-02 23:10:00+00:00,long,94694.3,94498.5,SL,-6.4686,640.3899,2025
2025-03-03 01:55:00+00:00,2025-03-03 02:05:00+00:00,long,93084.64,92881.99,SL,-6.4039,633.986,2025
2025-03-03 02:30:00+00:00,2025-03-03 02:45:00+00:00,long,92843.97,93243.23,TP,12.6797,646.6657,2025
2025-03-03 03:50:00+00:00,2025-03-03 05:35:00+00:00,long,92822.75,93209.99,TP,12.9333,659.599,2025
2025-03-03 07:30:00+00:00,2025-03-03 08:20:00+00:00,long,92123.99,91821.98,SL,-6.596,653.003,2025
2025-03-03 08:30:00+00:00,2025-03-03 08:50:00+00:00,short,91862.0,91271.77,TP,13.0601,666.0631,2025
2025-03-03 12:00:00+00:00,2025-03-03 12:15:00+00:00,long,93200.01,92950.62,SL,-6.6606,659.4025,2025
2025-03-03 13:40:00+00:00,2025-03-03 13:50:00+00:00,long,93642.06,93363.25,SL,-6.594,652.8084,2025
2025-03-03 18:05:00+00:00,2025-03-03 18:10:00+00:00,short,89754.72,89377.36,TP,13.0562,665.8646,2025
2025-03-03 19:55:00+00:00,2025-03-03 20:00:00+00:00,short,85606.0,85942.42,SL,-6.6586,659.206,2025
2025-03-03 23:50:00+00:00,2025-03-04 00:15:00+00:00,short,86278.5,86561.35,SL,-6.5921,652.6139,2025
2025-03-04 00:30:00+00:00,2025-03-04 01:00:00+00:00,short,86114.28,85708.42,TP,13.0523,665.6662,2025
2025-03-04 04:50:00+00:00,2025-03-04 05:00:00+00:00,short,83612.0,84026.0,SL,-6.6567,659.0095,2025
2025-03-04 06:20:00+00:00,2025-03-04 06:40:00+00:00,short,84128.0,83739.51,TP,13.1802,672.1897,2025
2025-03-04 10:00:00+00:00,2025-03-04 10:45:00+00:00,short,83761.71,84000.0,SL,-6.7219,665.4678,2025
2025-03-04 11:20:00+00:00,2025-03-04 11:25:00+00:00,short,83786.66,84036.94,SL,-6.6547,658.8131,2025
2025-03-04 11:40:00+00:00,2025-03-04 12:15:00+00:00,short,83941.59,83532.54,TP,13.1763,671.9894,2025
2025-03-04 13:00:00+00:00,2025-03-04 13:15:00+00:00,short,83571.87,83159.81,TP,13.4398,685.4292,2025
2025-03-04 14:15:00+00:00,2025-03-04 14:20:00+00:00,short,82700.24,82885.08,SL,-6.8543,678.5749,2025
2025-03-04 15:05:00+00:00,2025-03-04 15:15:00+00:00,short,82699.99,82188.72,TP,13.5715,692.1464,2025
2025-03-04 16:25:00+00:00,2025-03-04 16:30:00+00:00,short,82252.84,82420.34,SL,-6.9215,685.2249,2025
2025-03-04 18:50:00+00:00,2025-03-04 18:55:00+00:00,long,86370.59,86764.24,TP,13.7045,698.9294,2025
2025-03-05 01:10:00+00:00,2025-03-05 01:25:00+00:00,long,86842.21,87276.66,TP,13.9786,712.908,2025
2025-03-05 02:45:00+00:00,2025-03-05 03:55:00+00:00,long,87553.69,86843.4,SL,-7.1291,705.7789,2025
2025-03-05 05:10:00+00:00,2025-03-05 05:20:00+00:00,long,87113.59,86931.42,SL,-7.0578,698.7211,2025
2025-03-05 09:05:00+00:00,2025-03-05 09:25:00+00:00,long,88189.79,88621.21,TP,13.9744,712.6956,2025
2025-03-05 10:20:00+00:00,2025-03-05 10:25:00+00:00,long,88837.82,89612.02,TP,14.2539,726.9495,2025
2025-03-05 12:15:00+00:00,2025-03-05 12:20:00+00:00,long,90598.87,90271.35,SL,-7.2695,719.68,2025
2025-03-05 15:50:00+00:00,2025-03-05 15:55:00+00:00,long,88621.05,88344.25,SL,-7.1968,712.4832,2025
2025-03-05 16:05:00+00:00,2025-03-05 16:30:00+00:00,short,88058.1,87701.94,TP,14.2497,726.7328,2025
2025-03-05 19:00:00+00:00,2025-03-05 19:15:00+00:00,long,90017.62,89620.27,SL,-7.2673,719.4655,2025
2025-03-05 20:05:00+00:00,2025-03-05 20:15:00+00:00,long,90218.7,89834.28,SL,-7.1947,712.2709,2025
2025-03-05 20:30:00+00:00,2025-03-05 23:30:00+00:00,long,90199.99,90672.89,TP,14.2454,726.5163,2025
2025-03-06 01:25:00+00:00,2025-03-06 01:45:00+00:00,long,90340.0,91847.37,TP,14.5303,741.0466,2025
2025-03-06 04:40:00+00:00,2025-03-06 05:40:00+00:00,long,92126.29,92536.03,TP,14.8209,755.8675,2025
2025-03-06 08:20:00+00:00,2025-03-06 08:45:00+00:00,long,91496.5,91222.67,SL,-7.5587,748.3089,2025
2025-03-06 13:55:00+00:00,2025-03-06 14:00:00+00:00,short,89569.13,89763.75,SL,-7.4831,740.8258,2025
2025-03-06 14:40:00+00:00,2025-03-06 14:45:00+00:00,short,89293.24,89725.97,SL,-7.4083,733.4175,2025
2025-03-06 21:40:00+00:00,2025-03-06 21:50:00+00:00,short,89240.58,89431.75,SL,-7.3342,726.0833,2025
2025-03-06 21:55:00+00:00,2025-03-06 22:00:00+00:00,long,89939.0,90516.94,TP,14.5217,740.605,2025
2025-03-06 22:30:00+00:00,2025-03-06 22:35:00+00:00,short,89783.27,89979.89,SL,-7.406,733.199,2025
2025-03-06 22:40:00+00:00,2025-03-06 23:05:00+00:00,long,90385.14,90150.94,SL,-7.332,725.867,2025
2025-03-07 02:55:00+00:00,2025-03-07 03:05:00+00:00,short,87235.0,87618.0,SL,-7.2587,718.6083,2025
2025-03-07 03:30:00+00:00,2025-03-07 03:45:00+00:00,short,87387.13,86800.0,TP,14.3722,732.9805,2025
2025-03-07 06:10:00+00:00,2025-03-07 07:05:00+00:00,short,88092.39,88447.9,SL,-7.3298,725.6507,2025
2025-03-07 07:35:00+00:00,2025-03-07 07:55:00+00:00,short,88177.03,88365.18,SL,-7.2565,718.3941,2025
2025-03-07 13:05:00+00:00,2025-03-07 13:30:00+00:00,long,89380.22,89800.83,TP,14.3679,732.762,2025
2025-03-07 14:45:00+00:00,2025-03-07 14:55:00+00:00,long,90676.91,90440.74,SL,-7.3276,725.4344,2025
2025-03-07 19:30:00+00:00,2025-03-07 19:40:00+00:00,short,88278.65,87877.92,TP,14.5087,739.9431,2025
2025-03-08 01:05:00+00:00,2025-03-08 01:15:00+00:00,short,86568.6,86150.4,TP,14.7989,754.742,2025
2025-03-08 03:10:00+00:00,2025-03-08 03:30:00+00:00,short,85653.13,85889.49,SL,-7.5474,747.1945,2025
2025-03-08 05:25:00+00:00,2025-03-08 06:05:00+00:00,short,86225.09,86522.82,SL,-7.4719,739.7226,2025
2025-03-08 06:45:00+00:00,2025-03-08 07:00:00+00:00,short,86343.67,86521.84,SL,-7.3972,732.3254,2025
2025-03-08 09:45:00+00:00,2025-03-08 10:25:00+00:00,short,86017.54,86220.87,SL,-7.3233,725.0021,2025
2025-03-08 11:05:00+00:00,2025-03-08 12:20:00+00:00,short,85994.17,86187.72,SL,-7.25,717.7521,2025
2025-03-08 14:45:00+00:00,2025-03-08 15:25:00+00:00,short,86343.03,86550.0,SL,-7.1775,710.5746,2025
2025-03-08 15:50:00+00:00,2025-03-08 16:20:00+00:00,short,86412.27,86007.3,TP,14.2115,724.7861,2025
2025-03-08 19:15:00+00:00,2025-03-08 19:25:00+00:00,short,85905.03,86330.01,SL,-7.2479,717.5382,2025
2025-03-08 20:25:00+00:00,2025-03-08 21:15:00+00:00,short,86204.41,86398.56,SL,-7.1754,710.3628,2025
2025-03-08 21:40:00+00:00,2025-03-08 22:20:00+00:00,short,86314.8,85947.89,TP,14.2073,724.5701,2025
2025-03-08 22:55:00+00:00,2025-03-08 23:35:00+00:00,long,86350.0,86144.0,SL,-7.2457,717.3244,2025
2025-03-08 23:40:00+00:00,2025-03-09 00:10:00+00:00,short,86133.99,86321.99,SL,-7.1732,710.1511,2025
2025-03-09 01:25:00+00:00,2025-03-09 06:00:00+00:00,short,86297.17,85929.95,TP,14.203,724.3542,2025
2025-03-09 07:00:00+00:00,2025-03-09 07:25:00+00:00,short,85896.11,86100.0,SL,-7.2435,717.1106,2025
2025-03-09 08:05:00+00:00,2025-03-09 09:55:00+00:00,short,85959.79,85564.0,TP,14.3422,731.4528,2025
2025-03-09 12:05:00+00:00,2025-03-09 12:15:00+00:00,short,84319.07,84555.58,SL,-7.3145,724.1383,2025
2025-03-09 12:30:00+00:00,2025-03-09 12:35:00+00:00,short,84442.42,84686.14,SL,-7.2414,716.8969,2025
2025-03-09 13:20:00+00:00,2025-03-09 13:25:00+00:00,short,84302.01,84552.5,SL,-7.169,709.7279,2025
2025-03-09 13:35:00+00:00,2025-03-09 13:50:00+00:00,short,84286.08,83931.68,TP,14.1946,723.9225,2025
2025-03-09 15:45:00+00:00,2025-03-09 16:05:00+00:00,short,82962.42,83166.83,SL,-7.2392,716.6833,2025
2025-03-09 16:35:00+00:00,2025-03-09 16:40:00+00:00,short,82727.85,82903.83,SL,-7.1668,709.5164,2025
2025-03-09 19:10:00+00:00,2025-03-09 19:25:00+00:00,short,82441.18,82698.53,SL,-7.0952,702.4213,2025
2025-03-09 21:00:00+00:00,2025-03-09 21:10:00+00:00,short,82953.99,82580.01,TP,14.0484,716.4697,2025
2025-03-10 00:35:00+00:00,2025-03-10 00:40:00+00:00,short,80214.85,80792.01,SL,-7.1647,709.305,2025
2025-03-10 03:00:00+00:00,2025-03-10 03:10:00+00:00,short,82240.6,81909.37,TP,14.1861,723.4911,2025
2025-03-10 04:40:00+00:00,2025-03-10 04:50:00+00:00,short,82349.35,82599.99,SL,-7.2349,716.2562,2025
2025-03-10 05:05:00+00:00,2025-03-10 05:20:00+00:00,short,82467.83,82640.2,SL,-7.1626,709.0936,2025
2025-03-10 07:00:00+00:00,2025-03-10 07:05:00+00:00,long,82650.0,82459.99,SL,-7.0909,702.0027,2025
2025-03-10 07:25:00+00:00,2025-03-10 07:50:00+00:00,short,82116.0,82359.64,SL,-7.02,694.9827,2025
2025-03-10 08:00:00+00:00,2025-03-10 08:30:00+00:00,short,82172.01,81802.0,TP,13.8997,708.8823,2025
2025-03-10 10:10:00+00:00,2025-03-10 10:25:00+00:00,short,82232.82,81864.27,TP,14.1776,723.06,2025
2025-03-10 16:20:00+00:00,2025-03-10 16:30:00+00:00,short,79493.22,79690.2,SL,-7.2306,715.8294,2025
2025-03-10 18:55:00+00:00,2025-03-10 19:10:00+00:00,short,77655.26,78006.17,SL,-7.1583,708.6711,2025
2025-03-10 20:45:00+00:00,2025-03-10 20:50:00+00:00,short,78865.86,79474.0,SL,-7.0867,701.5844,2025
2025-03-10 21:55:00+00:00,2025-03-10 22:40:00+00:00,short,79565.81,79219.1,TP,14.0317,715.6161,2025
2025-03-10 23:10:00+00:00,2025-03-10 23:45:00+00:00,short,79409.09,78947.11,TP,14.3123,729.9284,2025
2025-03-11 03:25:00+00:00,2025-03-11 03:45:00+00:00,short,79422.33,79603.05,SL,-7.2993,722.6291,2025
2025-03-11 04:15:00+00:00,2025-03-11 04:55:00+00:00,long,80029.97,79759.91,SL,-7.2263,715.4028,2025
2025-03-11 06:10:00+00:00,2025-03-11 06:35:00+00:00,long,80421.6,80218.13,SL,-7.154,708.2488,2025
2025-03-11 08:10:00+00:00,2025-03-11 08:45:00+00:00,long,80811.51,81350.52,TP,14.165,722.4138,2025
2025-03-11 13:35:00+00:00,2025-03-11 13:40:00+00:00,long,81410.18,81165.14,SL,-7.2241,715.1896,2025
2025-03-11 15:05:00+00:00,2025-03-11 15:50:00+00:00,long,80928.8,81334.77,TP,14.3038,729.4934,2025
2025-03-11 18:00:00+00:00,2025-03-11 18:10:00+00:00,long,81915.91,82433.76,TP,14.5899,744.0833,2025
2025-03-11 21:25:00+00:00,2025-03-11 21:35:00+00:00,long,83215.03,83029.74,SL,-7.4408,736.6424,2025
2025-03-12 00:15:00+00:00,2025-03-12 00:45:00+00:00,long,82834.71,82657.94,SL,-7.3664,729.276,2025
2025-03-12 01:00:00+00:00,2025-03-12 01:40:00+00:00,long,82980.87,83346.4,TP,14.5855,743.8615,2025
2025-03-12 06:15:00+00:00,2025-03-12 07:30:00+00:00,short,81583.57,81801.79,SL,-7.4386,736.4229,2025
2025-03-12 11:00:00+00:00,2025-03-12 11:55:00+00:00,long,82634.09,83004.45,TP,14.7285,751.1514,2025
2025-03-12 17:50:00+00:00,2025-03-12 18:10:00+00:00,short,82103.32,82365.88,SL,-7.5115,743.6399,2025
2025-03-12 18:20:00+00:00,2025-03-12 19:15:00+00:00,long,82583.95,82941.3,TP,14.8728,758.5127,2025
2025-03-12 20:35:00+00:00,2025-03-12 21:50:00+00:00,long,83167.21,82882.99,SL,-7.5851,750.9275,2025
2025-03-12 22:10:00+00:00,2025-03-12 23:50:00+00:00,long,83405.71,83887.25,TP,15.0185,765.9461,2025
2025-03-13 01:35:00+00:00,2025-03-13 01:50:00+00:00,long,83711.58,84109.19,TP,15.3189,781.265,2025
2025-03-13 03:20:00+00:00,2025-03-13 03:25:00+00:00,long,84159.37,83895.16,SL,-7.8126,773.4524,2025
2025-03-13 05:15:00+00:00,2025-03-13 05:35:00+00:00,long,83413.68,83180.61,SL,-7.7345,765.7178,2025
2025-03-13 05:40:00+00:00,2025-03-13 06:50:00+00:00,short,83094.68,83267.46,SL,-7.6572,758.0607,2025
2025-03-13 12:45:00+00:00,2025-03-13 13:25:00+00:00,short,82697.5,82908.5,SL,-7.5806,750.4801,2025
2025-03-13 13:35:00+00:00,2025-03-13 13:50:00+00:00,short,82522.7,81914.39,TP,15.0096,765.4897,2025
2025-03-13 15:05:00+00:00,2025-03-13 15:35:00+00:00,short,81653.53,81083.93,TP,15.3098,780.7994,2025
2025-03-13 17:15:00+00:00,2025-03-13 17:45:00+00:00,short,80383.29,80010.5,TP,15.616,796.4154,2025
2025-03-13 19:35:00+00:00,2025-03-13 20:15:00+00:00,short,80432.64,80638.58,SL,-7.9642,788.4513,2025
2025-03-13 20:45:00+00:00,2025-03-13 21:05:00+00:00,short,80302.03,80518.4,SL,-7.8845,780.5668,2025
2025-03-13 23:25:00+00:00,2025-03-14 00:30:00+00:00,short,81104.01,81344.0,SL,-7.8057,772.7611,2025
2025-03-14 01:15:00+00:00,2025-03-14 01:30:00+00:00,short,81292.93,81681.67,SL,-7.7276,765.0335,2025
2025-03-14 05:35:00+00:00,2025-03-14 06:25:00+00:00,long,82024.56,81850.0,SL,-7.6503,757.3832,2025
2025-03-14 07:15:00+00:00,2025-03-14 07:40:00+00:00,long,82032.56,82372.05,TP,15.1477,772.5308,2025
2025-03-14 10:40:00+00:00,2025-03-14 12:10:00+00:00,long,83023.87,83402.5,TP,15.4506,787.9814,2025
2025-03-14 12:20:00+00:00,2025-03-14 13:50:00+00:00,long,83387.25,83839.0,TP,15.7596,803.7411,2025
2025-03-14 14:55:00+00:00,2025-03-14 15:00:00+00:00,long,83524.8,83991.65,TP,16.0748,819.8159,2025
2025-03-14 18:35:00+00:00,2025-03-14 20:05:00+00:00,long,84617.71,84393.61,SL,-8.1982,811.6177,2025
2025-03-14 21:20:00+00:00,2025-03-14 23:40:00+00:00,long,84286.02,83999.07,SL,-8.1162,803.5015,2025
2025-03-15 00:20:00+00:00,2025-03-15 01:10:00+00:00,long,84117.56,84463.7,TP,16.07,819.5716,2025
2025-03-15 02:10:00+00:00,2025-03-15 06:05:00+00:00,long,84392.46,84184.99,SL,-8.1957,811.3759,2025
2025-03-15 09:20:00+00:00,2025-03-15 09:35:00+00:00,short,83721.66,83897.9,SL,-8.1138,803.2621,2025
2025-03-15 10:25:00+00:00,2025-03-15 10:50:00+00:00,short,83720.66,83913.34,SL,-8.0326,795.2295,2025
2025-03-15 13:05:00+00:00,2025-03-16 01:30:00+00:00,long,84284.19,83968.88,SL,-7.9523,787.2772,2025
2025-03-16 07:35:00+00:00,2025-03-16 09:15:00+00:00,long,84314.81,84114.4,SL,-7.8728,779.4044,2025
2025-03-16 13:50:00+00:00,2025-03-16 14:00:00+00:00,short,82545.45,82891.84,SL,-7.794,771.6104,2025
2025-03-16 18:20:00+00:00,2025-03-16 18:45:00+00:00,long,83962.66,83737.22,SL,-7.7161,763.8943,2025
2025-03-16 21:20:00+00:00,2025-03-16 22:05:00+00:00,short,82870.82,82404.05,TP,15.2779,779.1722,2025
2025-03-17 01:25:00+00:00,2025-03-17 01:35:00+00:00,short,82955.02,83150.0,SL,-7.7917,771.3804,2025
2025-03-17 02:10:00+00:00,2025-03-17 02:25:00+00:00,short,83049.2,83268.34,SL,-7.7138,763.6666,2025
2025-03-17 03:05:00+00:00,2025-03-17 04:00:00+00:00,long,83465.31,83839.7,TP,15.2733,778.94,2025
2025-03-17 09:15:00+00:00,2025-03-17 10:10:00+00:00,long,83626.05,83386.68,SL,-7.7894,771.1506,2025
2025-03-17 11:20:00+00:00,2025-03-17 12:10:00+00:00,long,83580.85,83358.5,SL,-7.7115,763.4391,2025
2025-03-17 13:35:00+00:00,2025-03-17 13:40:00+00:00,long,83675.6,83423.19,SL,-7.6344,755.8047,2025
2025-03-17 14:00:00+00:00,2025-03-17 14:35:00+00:00,short,82835.52,83180.8,SL,-7.558,748.2466,2025
2025-03-17 17:10:00+00:00,2025-03-17 17:30:00+00:00,long,83768.98,84194.03,TP,14.9649,763.2115,2025
2025-03-17 18:40:00+00:00,2025-03-17 20:00:00+00:00,long,84455.76,84250.0,SL,-7.6321,755.5794,2025
2025-03-17 21:45:00+00:00,2025-03-17 23:10:00+00:00,long,84148.35,83972.24,SL,-7.5558,748.0236,2025
2025-03-17 23:45:00+00:00,2025-03-18 00:10:00+00:00,long,84106.99,83877.76,SL,-7.4802,740.5434,2025
2025-03-18 03:25:00+00:00,2025-03-18 06:15:00+00:00,short,83084.34,82733.17,TP,14.8109,755.3543,2025
2025-03-18 09:05:00+00:00,2025-03-18 09:50:00+00:00,short,83294.37,82934.09,TP,15.1071,770.4614,2025
2025-03-18 11:05:00+00:00,2025-03-18 13:00:00+00:00,short,82693.09,82359.6,TP,15.4092,785.8706,2025
2025-03-18 16:05:00+00:00,2025-03-18 16:10:00+00:00,short,81549.83,81841.38,SL,-7.8587,778.0119,2025
2025-03-18 16:50:00+00:00,2025-03-18 18:00:00+00:00,short,81718.46,81376.18,TP,15.5602,793.5721,2025
2025-03-18 20:20:00+00:00,2025-03-18 22:10:00+00:00,short,82080.15,82274.49,SL,-7.9357,785.6364,2025
2025-03-19 00:25:00+00:00,2025-03-19 01:55:00+00:00,long,82930.55,82598.7,SL,-7.8564,777.78,2025
2025-03-19 02:55:00+00:00,2025-03-19 05:50:00+00:00,long,82868.91,83267.97,TP,15.5556,793.3356,2025
2025-03-19 08:10:00+00:00,2025-03-19 10:30:00+00:00,long,83357.34,83760.35,TP,15.8667,809.2023,2025
2025-03-19 11:15:00+00:00,2025-03-19 12:20:00+00:00,long,83799.99,83619.45,SL,-8.092,801.1103,2025
2025-03-19 13:10:00+00:00,2025-03-19 13:15:00+00:00,long,83911.9,84282.5,TP,16.0222,817.1325,2025
2025-03-19 14:55:00+00:00,2025-03-19 15:15:00+00:00,long,84318.59,84139.66,SL,-8.1713,808.9612,2025
2025-03-19 15:35:00+00:00,2025-03-19 15:50:00+00:00,long,84408.01,84817.88,TP,16.1792,825.1404,2025
2025-03-19 18:15:00+00:00,2025-03-19 18:25:00+00:00,long,84500.83,84267.98,SL,-8.2514,816.889,2025
2025-03-19 20:00:00+00:00,2025-03-19 20:35:00+00:00,long,85680.88,85417.13,SL,-8.1689,808.7201,2025
2025-03-19 21:30:00+00:00,2025-03-19 21:40:00+00:00,long,85798.22,85584.91,SL,-8.0872,800.6329,2025
2025-03-19 22:10:00+00:00,2025-03-19 22:40:00+00:00,long,85867.92,86351.91,TP,16.0127,816.6456,2025
2025-03-20 02:35:00+00:00,2025-03-20 04:25:00+00:00,long,85932.05,85747.08,SL,-8.1665,808.4791,2025
2025-03-20 05:40:00+00:00,2025-03-20 06:10:00+00:00,long,85609.89,85953.01,TP,16.1696,824.6487,2025
2025-03-20 07:05:00+00:00,2025-03-20 08:45:00+00:00,long,85847.38,86267.49,TP,16.493,841.1417,2025
2025-03-20 12:45:00+00:00,2025-03-20 13:35:00+00:00,short,85272.73,85540.27,SL,-8.4114,832.7303,2025
2025-03-20 15:00:00+00:00,2025-03-20 15:05:00+00:00,short,85562.41,85912.77,SL,-8.3273,824.403,2025
2025-03-20 21:10:00+00:00,2025-03-20 23:15:00+00:00,short,84336.95,83995.04,TP,16.4881,840.891,2025
2025-03-21 01:25:00+00:00,2025-03-21 01:35:00+00:00,short,84383.59,84558.83,SL,-8.4089,832.4821,2025
2025-03-21 02:15:00+00:00,2025-03-21 04:30:00+00:00,short,84574.53,84759.99,SL,-8.3248,824.1573,2025
2025-03-21 05:05:00+00:00,2025-03-21 06:15:00+00:00,short,84504.99,84122.65,TP,16.4831,840.6404,2025
2025-03-21 08:30:00+00:00,2025-03-21 08:50:00+00:00,short,83741.86,83981.45,SL,-8.4064,832.234,2025
2025-03-21 10:25:00+00:00,2025-03-21 12:15:00+00:00,short,84040.1,84257.39,SL,-8.3223,823.9117,2025
2025-03-21 12:35:00+00:00,2025-03-21 12:55:00+00:00,short,83890.25,83467.98,TP,16.4782,840.3899,2025
2025-03-21 15:10:00+00:00,2025-03-21 16:20:00+00:00,short,83820.62,84024.58,SL,-8.4039,831.986,2025
2025-03-21 17:25:00+00:00,2025-03-21 17:40:00+00:00,short,83795.15,84076.06,SL,-8.3199,823.6662,2025
2025-03-21 19:00:00+00:00,2025-03-21 20:55:00+00:00,short,84024.4,84216.2,SL,-8.2367,815.4295,2025
2025-03-22 00:15:00+00:00,2025-03-22 15:00:00+00:00,long,84158.78,83987.92,SL,-8.1543,807.2752,2025
2025-03-22 18:30:00+00:00,2025-03-22 23:30:00+00:00,short,84191.52,83814.38,TP,16.1455,823.4207,2025
2025-03-23 01:55:00+00:00,2025-03-23 02:35:00+00:00,short,84067.56,84237.93,SL,-8.2342,815.1865,2025
2025-03-23 05:15:00+00:00,2025-03-23 10:40:00+00:00,long,84136.27,84499.99,TP,16.3037,831.4902,2025
2025-03-23 13:20:00+00:00,2025-03-23 16:10:00+00:00,long,84940.22,85307.52,TP,16.6298,848.12,2025
2025-03-23 17:00:00+00:00,2025-03-23 17:30:00+00:00,long,85376.63,85152.17,SL,-8.4812,839.6388,2025
2025-03-23 18:50:00+00:00,2025-03-23 22:05:00+00:00,long,85008.91,85383.84,TP,16.7928,856.4316,2025
2025-03-23 23:00:00+00:00,2025-03-23 23:55:00+00:00,long,85484.58,86082.5,TP,17.1286,873.5603,2025
2025-03-24 02:40:00+00:00,2025-03-24 03:10:00+00:00,long,85761.04,86213.87,TP,17.4712,891.0315,2025
2025-03-24 05:15:00+00:00,2025-03-24 07:30:00+00:00,long,87008.71,86776.9,SL,-8.9103,882.1211,2025
2025-03-24 08:05:00+00:00,2025-03-24 08:45:00+00:00,long,87129.69,87498.99,TP,17.6424,899.7636,2025
2025-03-24 10:25:00+00:00,2025-03-24 10:50:00+00:00,long,87428.0,87837.56,TP,17.9953,917.7588,2025
2025-03-24 13:35:00+00:00,2025-03-24 14:00:00+00:00,long,87433.59,88090.83,TP,18.3552,936.114,2025
2025-03-24 15:55:00+00:00,2025-03-24 16:15:00+00:00,long,88350.01,88147.45,SL,-9.3611,926.7529,2025
2025-03-24 17:15:00+00:00,2025-03-24 19:40:00+00:00,long,88246.0,88024.52,SL,-9.2675,917.4853,2025
2025-03-24 20:10:00+00:00,2025-03-24 20:30:00+00:00,long,88458.81,88265.49,SL,-9.1749,908.3105,2025
2025-03-24 21:25:00+00:00,2025-03-24 22:05:00+00:00,long,88198.09,87926.91,SL,-9.0831,899.2274,2025
2025-03-25 01:15:00+00:00,2025-03-25 02:50:00+00:00,short,87250.01,86863.55,TP,17.9845,917.2119,2025
2025-03-25 03:15:00+00:00,2025-03-25 06:30:00+00:00,short,86682.53,86867.8,SL,-9.1721,908.0398,2025
2025-03-25 06:45:00+00:00,2025-03-25 07:00:00+00:00,short,86537.3,86759.03,SL,-9.0804,898.9594,2025
2025-03-25 08:15:00+00:00,2025-03-25 08:20:00+00:00,short,86409.49,86624.14,SL,-8.9896,889.9698,2025
2025-03-25 10:15:00+00:00,2025-03-25 10:40:00+00:00,short,86984.81,87214.7,SL,-8.8997,881.0701,2025
2025-03-25 11:20:00+00:00,2025-03-25 12:30:00+00:00,long,87332.01,87156.11,SL,-8.8107,872.2594,2025
2025-03-25 13:15:00+00:00,2025-03-25 13:40:00+00:00,long,87651.76,87276.62,SL,-8.7226,863.5368,2025
2025-03-25 13:55:00+00:00,2025-03-25 14:40:00+00:00,long,87594.4,88152.47,TP,17.2707,880.8076,2025
2025-03-25 17:05:00+00:00,2025-03-25 17:20:00+00:00,long,88222.0,88044.23,SL,-8.8081,871.9995,2025
2025-03-25 19:05:00+00:00,2025-03-25 19:35:00+00:00,long,88064.94,87878.64,SL,-8.72,863.2795,2025
2025-03-26 10:10:00+00:00,2025-03-26 12:15:00+00:00,long,88025.0,87829.66,SL,-8.6328,854.6467,2025
2025-03-26 13:40:00+00:00,2025-03-26 13:50:00+00:00,long,87800.0,87262.3,SL,-8.5465,846.1002,2025
2025-03-26 16:55:00+00:00,2025-03-26 17:10:00+00:00,short,86513.99,86727.68,SL,-8.461,837.6392,2025
2025-03-26 17:15:00+00:00,2025-03-26 17:35:00+00:00,short,86515.57,86696.87,SL,-8.3764,829.2628,2025
2025-03-26 18:45:00+00:00,2025-03-26 19:05:00+00:00,short,86403.57,86010.44,TP,16.5853,845.8481,2025
2025-03-26 21:15:00+00:00,2025-03-26 23:05:00+00:00,short,87087.99,86684.79,TP,16.917,862.7651,2025
2025-03-27 01:45:00+00:00,2025-03-27 05:50:00+00:00,long,87473.68,87278.47,SL,-8.6277,854.1374,2025
2025-03-27 06:15:00+00:00,2025-03-27 07:00:00+00:00,long,87463.89,87280.72,SL,-8.5414,845.596,2025
2025-03-27 07:30:00+00:00,2025-03-27 10:45:00+00:00,long,87424.49,87164.88,SL,-8.456,837.1401,2025
2025-03-27 12:55:00+00:00,2025-03-27 13:25:00+00:00,short,86761.05,86341.24,TP,16.7428,853.8829,2025
2025-03-27 15:40:00+00:00,2025-03-27 15:50:00+00:00,short,86865.97,87079.99,SL,-8.5388,845.3441,2025
2025-03-27 20:40:00+00:00,2025-03-27 21:30:00+00:00,long,87315.43,87695.65,TP,16.9069,862.2509,2025
2025-03-28 00:40:00+00:00,2025-03-28 02:50:00+00:00,long,87209.57,87029.17,SL,-8.6225,853.6284,2025
2025-03-28 06:50:00+00:00,2025-03-28 07:30:00+00:00,short,85755.96,85376.56,TP,17.0726,870.701,2025
2025-03-28 08:20:00+00:00,2025-03-28 08:45:00+00:00,short,85116.81,85395.59,SL,-8.707,861.994,2025
2025-03-28 10:55:00+00:00,2025-03-28 11:20:00+00:00,short,84941.49,85136.84,SL,-8.6199,853.374,2025
2025-03-28 12:35:00+00:00,2025-03-28 12:40:00+00:00,short,84919.31,85116.94,SL,-8.5337,844.8403,2025
2025-03-28 12:55:00+00:00,2025-03-28 13:05:00+00:00,short,85028.27,85232.77,SL,-8.4484,836.3919,2025
2025-03-28 13:50:00+00:00,2025-03-28 14:05:00+00:00,short,84984.21,84423.73,TP,16.7278,853.1197,2025
2025-03-28 16:10:00+00:00,2025-03-28 18:00:00+00:00,short,83891.33,84108.8,SL,-8.5312,844.5885,2025
2025-03-28 18:50:00+00:00,2025-03-28 20:35:00+00:00,short,83830.18,84008.16,SL,-8.4459,836.1427,2025
2025-03-28 21:00:00+00:00,2025-03-28 21:10:00+00:00,short,83758.92,83982.53,SL,-8.3614,827.7812,2025
2025-03-28 23:20:00+00:00,2025-03-28 23:50:00+00:00,short,84228.01,84413.0,SL,-8.2778,819.5034,2025
2025-03-29 00:45:00+00:00,2025-03-29 02:40:00+00:00,short,84462.35,84047.76,TP,16.3901,835.8935,2025
2025-03-29 04:30:00+00:00,2025-03-29 07:05:00+00:00,short,84027.38,83690.29,TP,16.7179,852.6114,2025
2025-03-29 07:10:00+00:00,2025-03-29 08:35:00+00:00,short,83720.31,83916.23,SL,-8.5261,844.0852,2025
2025-03-29 09:20:00+00:00,2025-03-29 09:50:00+00:00,short,83803.83,83461.92,TP,16.8817,860.9669,2025
2025-03-29 14:25:00+00:00,2025-03-29 16:55:00+00:00,short,82539.99,82198.43,TP,17.2193,878.1863,2025
2025-03-29 19:15:00+00:00,2025-03-29 19:55:00+00:00,short,82383.01,82758.4,SL,-8.7819,869.4044,2025
2025-03-29 20:45:00+00:00,2025-03-29 21:20:00+00:00,short,82447.82,82665.21,SL,-8.694,860.7104,2025
2025-03-29 21:25:00+00:00,2025-03-30 00:05:00+00:00,short,82527.35,82694.16,SL,-8.6071,852.1033,2025
2025-03-30 00:35:00+00:00,2025-03-30 00:45:00+00:00,short,82503.38,82806.0,SL,-8.521,843.5822,2025
2025-03-30 02:05:00+00:00,2025-03-30 05:50:00+00:00,long,83174.59,83005.44,SL,-8.4358,835.1464,2025
2025-03-30 06:40:00+00:00,2025-03-30 09:55:00+00:00,long,83163.86,83502.32,TP,16.7029,851.8493,2025
2025-03-30 11:15:00+00:00,2025-03-30 11:25:00+00:00,long,83334.0,83083.8,SL,-8.5185,843.3309,2025
2025-03-30 13:25:00+00:00,2025-03-30 16:30:00+00:00,short,82915.0,82431.05,TP,16.8666,860.1975,2025
2025-03-30 19:20:00+00:00,2025-03-30 21:40:00+00:00,short,82618.0,82273.46,TP,17.2039,877.4014,2025
2025-03-30 23:20:00+00:00,2025-03-30 23:35:00+00:00,short,82013.05,82199.58,SL,-8.774,868.6274,2025
2025-03-31 00:20:00+00:00,2025-03-31 00:35:00+00:00,short,82053.29,81616.0,TP,17.3725,886.0,2025
2025-03-31 02:20:00+00:00,2025-03-31 02:40:00+00:00,short,81748.0,81940.01,SL,-8.86,877.14,2025
2025-03-31 03:15:00+00:00,2025-03-31 03:25:00+00:00,short,81603.01,81812.5,SL,-8.7714,868.3686,2025
2025-03-31 06:10:00+00:00,2025-03-31 09:05:00+00:00,short,82086.89,81718.39,TP,17.3674,885.7359,2025
2025-03-31 12:10:00+00:00,2025-03-31 12:30:00+00:00,short,82003.66,82201.95,SL,-8.8574,876.8786,2025
2025-03-31 12:40:00+00:00,2025-03-31 12:50:00+00:00,long,82491.32,82861.09,TP,17.5376,894.4161,2025
2025-03-31 14:00:00+00:00,2025-03-31 14:10:00+00:00,long,82815.12,83338.48,TP,17.8883,912.3045,2025
2025-03-31 18:15:00+00:00,2025-03-31 19:25:00+00:00,long,83296.46,82937.86,SL,-9.123,903.1814,2025
2025-03-31 20:30:00+00:00,2025-03-31 20:50:00+00:00,long,82763.99,82396.46,SL,-9.0318,894.1496,2025
2025-03-31 22:15:00+00:00,2025-03-31 23:00:00+00:00,short,82315.82,82519.36,SL,-8.9415,885.2081,2025
2025-04-01 01:05:00+00:00,2025-04-01 01:25:00+00:00,short,82470.01,82704.78,SL,-8.8521,876.356,2025
2025-04-01 01:50:00+00:00,2025-04-01 02:15:00+00:00,long,82663.19,83013.07,TP,17.5271,893.8831,2025
2025-04-01 04:35:00+00:00,2025-04-01 05:55:00+00:00,long,83187.34,83006.67,SL,-8.9388,884.9443,2025
2025-04-01 06:35:00+00:00,2025-04-01 08:05:00+00:00,long,83280.84,83625.69,TP,17.6989,902.6432,2025
2025-04-01 12:25:00+00:00,2025-04-01 12:35:00+00:00,long,84073.5,83850.01,SL,-9.0264,893.6168,2025
2025-04-01 13:40:00+00:00,2025-04-01 14:00:00+00:00,long,83734.27,83313.78,SL,-8.9362,884.6806,2025
2025-04-01 14:40:00+00:00,2025-04-01 14:50:00+00:00,long,83507.99,84306.0,TP,17.6936,902.3742,2025
2025-04-01 18:55:00+00:00,2025-04-01 19:25:00+00:00,long,85126.68,84924.24,SL,-9.0237,893.3505,2025
2025-04-01 20:30:00+00:00,2025-04-01 21:35:00+00:00,long,85029.55,85476.0,TP,17.867,911.2175,2025
2025-04-01 22:15:00+00:00,2025-04-01 22:55:00+00:00,long,85354.35,85099.99,SL,-9.1122,902.1053,2025
2025-04-01 23:30:00+00:00,2025-04-01 23:45:00+00:00,long,85361.84,85157.57,SL,-9.0211,893.0843,2025
2025-04-02 01:35:00+00:00,2025-04-02 02:05:00+00:00,long,85079.91,84892.46,SL,-8.9308,884.1534,2025
2025-04-02 03:05:00+00:00,2025-04-02 03:35:00+00:00,long,84843.79,84561.31,SL,-8.8415,875.3119,2025
2025-04-02 04:35:00+00:00,2025-04-02 05:50:00+00:00,short,84503.72,84162.51,TP,17.5062,892.8181,2025
2025-04-02 12:35:00+00:00,2025-04-02 13:35:00+00:00,long,84785.01,85310.09,TP,17.8564,910.6745,2025
2025-04-02 14:55:00+00:00,2025-04-02 15:05:00+00:00,long,85877.75,86414.13,TP,18.2135,928.888,2025
2025-04-02 19:30:00+00:00,2025-04-02 19:55:00+00:00,long,86428.01,86900.02,TP,18.5778,947.4657,2025
2025-04-02 22:05:00+00:00,2025-04-02 22:15:00+00:00,short,83938.92,83532.91,TP,18.9493,966.415,2025
2025-04-03 02:20:00+00:00,2025-04-03 02:45:00+00:00,short,83496.21,83677.61,SL,-9.6641,956.7509,2025
2025-04-03 03:00:00+00:00,2025-04-03 06:15:00+00:00,short,83632.01,83272.21,TP,19.135,975.8859,2025
2025-04-03 09:10:00+00:00,2025-04-03 10:55:00+00:00,short,83605.9,83220.01,TP,19.5177,995.4036,2025
2025-04-03 14:45:00+00:00,2025-04-03 15:15:00+00:00,short,81539.28,81817.34,SL,-9.954,985.4496,2025
2025-04-03 16:50:00+00:00,2025-04-03 17:40:00+00:00,short,81822.01,82100.0,SL,-9.8545,975.5951,2025
2025-04-03 18:00:00+00:00,2025-04-03 18:40:00+00:00,short,81766.45,82148.68,SL,-9.756,965.8391,2025
2025-04-03 19:30:00+00:00,2025-04-03 19:35:00+00:00,short,81959.83,82207.29,SL,-9.6584,956.1807,2025
2025-04-03 19:55:00+00:00,2025-04-03 20:45:00+00:00,short,82008.7,82226.01,SL,-9.5618,946.6189,2025
2025-04-03 23:35:00+00:00,2025-04-03 23:45:00+00:00,long,82909.99,83284.68,TP,18.9324,965.5513,2025
2025-04-04 03:20:00+00:00,2025-04-04 03:30:00+00:00,long,83054.17,82773.99,SL,-9.6555,955.8958,2025
2025-04-04 04:30:00+00:00,2025-04-04 04:50:00+00:00,long,82916.35,82704.08,SL,-9.559,946.3368,2025
2025-04-04 05:00:00+00:00,2025-04-04 05:10:00+00:00,short,82652.62,82823.32,SL,-9.4634,936.8735,2025
2025-04-04 07:10:00+00:00,2025-04-04 07:45:00+00:00,long,83522.84,83916.01,TP,18.7375,955.611,2025
2025-04-04 13:35:00+00:00,2025-04-04 13:50:00+00:00,short,82412.07,82749.03,SL,-9.5561,946.0548,2025
2025-04-04 13:55:00+00:00,2025-04-04 14:05:00+00:00,long,83335.99,82833.99,SL,-9.4605,936.5943,2025
2025-04-04 14:30:00+00:00,2025-04-04 14:45:00+00:00,short,82415.99,81911.84,TP,18.7319,955.3262,2025
2025-04-04 15:00:00+00:00,2025-04-04 15:05:00+00:00,long,83341.84,82995.84,SL,-9.5533,945.7729,2025
2025-04-04 15:55:00+00:00,2025-04-04 16:05:00+00:00,short,82860.0,83082.01,SL,-9.4577,936.3152,2025
2025-04-04 16:10:00+00:00,2025-04-04 16:15:00+00:00,long,83427.99,83128.96,SL,-9.3632,926.952,2025
2025-04-04 16:20:00+00:00,2025-04-04 16:35:00+00:00,short,82876.99,83297.38,SL,-9.2695,917.6825,2025
2025-04-04 16:45:00+00:00,2025-04-04 17:35:00+00:00,long,83246.0,84171.62,TP,18.3536,936.0362,2025
2025-04-04 19:30:00+00:00,2025-04-04 19:35:00+00:00,long,84427.98,84248.0,SL,-9.3604,926.6758,2025
2025-04-04 20:50:00+00:00,2025-04-04 21:00:00+00:00,long,84250.96,84053.55,SL,-9.2668,917.409,2025
2025-04-04 21:35:00+00:00,2025-04-04 22:45:00+00:00,long,84208.4,84023.1,SL,-9.1741,908.235,2025
2025-04-04 23:55:00+00:00,2025-04-05 00:05:00+00:00,long,83889.87,83679.05,SL,-9.0823,899.1526,2025
2025-04-05 00:15:00+00:00,2025-04-05 00:35:00+00:00,long,83831.73,83615.34,SL,-8.9915,890.1611,2025
2025-04-05 00:55:00+00:00,2025-04-05 01:20:00+00:00,long,83787.6,84151.2,TP,17.8032,907.9643,2025
2025-04-05 02:45:00+00:00,2025-04-05 03:05:00+00:00,long,84019.14,83819.42,SL,-9.0796,898.8847,2025
2025-04-05 04:15:00+00:00,2025-04-05 06:30:00+00:00,long,83761.44,83539.84,SL,-8.9888,889.8958,2025
2025-04-05 15:25:00+00:00,2025-04-05 17:20:00+00:00,short,82654.99,82864.25,SL,-8.899,880.9969,2025
2025-04-05 19:15:00+00:00,2025-04-05 21:25:00+00:00,short,83039.89,83218.01,SL,-8.81,872.1869,2025
2025-04-05 21:45:00+00:00,2025-04-05 22:55:00+00:00,short,83011.72,83188.41,SL,-8.7219,863.465,2025
2025-04-06 01:30:00+00:00,2025-04-06 01:40:00+00:00,long,83707.89,83485.01,SL,-8.6347,854.8304,2025
2025-04-06 03:50:00+00:00,2025-04-06 06:50:00+00:00,long,83351.46,83182.01,SL,-8.5483,846.2821,2025
2025-04-06 10:05:00+00:00,2025-04-06 13:35:00+00:00,short,82861.95,82479.0,TP,16.9256,863.2077,2025
2025-04-06 16:00:00+00:00,2025-04-06 16:55:00+00:00,short,82443.67,81970.0,TP,17.2642,880.4719,2025
2025-04-06 20:50:00+00:00,2025-04-06 21:00:00+00:00,short,78835.5,79013.78,SL,-8.8047,871.6671,2025
2025-04-06 22:05:00+00:00,2025-04-06 22:25:00+00:00,short,78780.0,79071.99,SL,-8.7167,862.9505,2025
2025-04-06 22:40:00+00:00,2025-04-06 22:50:00+00:00,short,78320.67,78004.01,TP,17.259,880.2095,2025
2025-04-07 02:20:00+00:00,2025-04-07 03:00:00+00:00,short,78752.25,78417.34,TP,17.6042,897.8137,2025
2025-04-07 06:15:00+00:00,2025-04-07 06:25:00+00:00,short,76198.0,75817.99,TP,17.9563,915.7699,2025
2025-04-07 09:20:00+00:00,2025-04-07 09:25:00+00:00,short,75939.99,76251.67,SL,-9.1577,906.6122,2025
2025-04-07 10:55:00+00:00,2025-04-07 11:00:00+00:00,short,76983.6,77236.01,SL,-9.0661,897.5461,2025
2025-04-07 13:20:00+00:00,2025-04-07 13:35:00+00:00,short,77065.01,76504.63,TP,17.9509,915.497,2025
2025-04-07 13:55:00+00:00,2025-04-07 14:00:00+00:00,long,78365.47,78096.01,SL,-9.155,906.3421,2025
2025-04-07 17:20:00+00:00,2025-04-07 17:35:00+00:00,long,78396.37,78831.95,TP,18.1268,924.4689,2025
2025-04-07 20:20:00+00:00,2025-04-07 20:30:00+00:00,long,78534.08,78916.0,TP,18.4894,942.9583,2025
2025-04-07 21:45:00+00:00,2025-04-07 22:10:00+00:00,long,79287.28,79605.99,TP,18.8592,961.8175,2025
2025-04-08 01:20:00+00:00,2025-04-08 01:35:00+00:00,long,79520.01,80359.99,TP,19.2364,981.0538,2025
2025-04-08 04:20:00+00:00,2025-04-08 05:05:00+00:00,long,80151.0,79863.11,SL,-9.8105,971.2433,2025
2025-04-08 06:55:00+00:00,2025-04-08 08:05:00+00:00,long,79447.3,79248.07,SL,-9.7124,961.5308,2025
2025-04-08 08:10:00+00:00,2025-04-08 11:15:00+00:00,short,79060.01,79223.41,SL,-9.6153,951.9155,2025
2025-04-08 13:05:00+00:00,2025-04-08 13:10:00+00:00,long,80230.03,80053.42,SL,-9.5192,942.3964,2025
2025-04-08 16:20:00+00:00,2025-04-08 16:25:00+00:00,short,77879.99,78119.81,SL,-9.424,932.9724,2025
2025-04-08 19:10:00+00:00,2025-04-08 19:20:00+00:00,short,76789.99,76992.69,SL,-9.3297,923.6427,2025
2025-04-08 22:00:00+00:00,2025-04-08 23:25:00+00:00,short,76700.0,76352.01,TP,18.4729,942.1155,2025
2025-04-09 01:05:00+00:00,2025-04-09 01:10:00+00:00,short,75814.48,75316.03,TP,18.8423,960.9579,2025
2025-04-09 02:55:00+00:00,2025-04-09 03:40:00+00:00,short,75674.44,75281.09,TP,19.2192,980.177,2025
2025-04-09 07:05:00+00:00,2025-04-09 07:10:00+00:00,long,77313.13,77638.35,TP,19.6035,999.7805,2025
2025-04-09 09:50:00+00:00,2025-04-09 10:20:00+00:00,long,77458.01,77260.0,SL,-9.9978,989.7827,2025
2025-04-09 16:10:00+00:00,2025-04-09 16:25:00+00:00,long,77760.99,77583.95,SL,-9.8978,979.8849,2025
2025-04-09 20:55:00+00:00,2025-04-09 21:35:00+00:00,long,83204.0,82901.7,SL,-9.7988,970.0861,2025
2025-04-10 01:05:00+00:00,2025-04-10 01:55:00+00:00,long,82452.11,82249.29,SL,-9.7009,960.3852,2025
2025-04-10 04:00:00+00:00,2025-04-10 04:10:00+00:00,long,81867.0,81691.72,SL,-9.6039,950.7814,2025
2025-04-10 08:25:00+00:00,2025-04-10 08:30:00+00:00,long,81768.4,81561.38,SL,-9.5078,941.2735,2025
2025-04-10 08:45:00+00:00,2025-04-10 09:00:00+00:00,long,81673.31,81466.9,SL,-9.4127,931.8608,2025
2025-04-10 09:15:00+00:00,2025-04-10 10:40:00+00:00,long,81789.28,81606.18,SL,-9.3186,922.5422,2025
2025-04-10 11:35:00+00:00,2025-04-10 13:05:00+00:00,long,81772.7,81553.07,SL,-9.2254,913.3168,2025
2025-04-10 15:05:00+00:00,2025-04-10 15:10:00+00:00,short,81078.0,80718.05,TP,18.2663,931.5831,2025
2025-04-10 19:25:00+00:00,2025-04-10 19:30:00+00:00,short,79366.01,79545.06,SL,-9.3158,922.2673,2025
2025-04-10 19:40:00+00:00,2025-04-10 19:50:00+00:00,short,79345.99,79700.82,SL,-9.2227,913.0446,2025
2025-04-10 21:15:00+00:00,2025-04-10 23:25:00+00:00,short,79803.72,79469.43,TP,18.2609,931.3055,2025
2025-04-11 00:20:00+00:00,2025-04-11 00:55:00+00:00,short,79528.36,79043.48,TP,18.6261,949.9316,2025
2025-04-11 03:55:00+00:00,2025-04-11 05:00:00+00:00,long,80842.99,80672.94,SL,-9.4993,940.4323,2025
2025-04-11 06:00:00+00:00,2025-04-11 07:35:00+00:00,long,80996.0,81336.23,TP,18.8086,959.2409,2025
2025-04-11 07:40:00+00:00,2025-04-11 08:00:00+00:00,long,81372.18,81208.79,SL,-9.5924,949.6485,2025
2025-04-11 08:35:00+00:00,2025-04-11 08:50:00+00:00,long,81702.27,81530.19,SL,-9.4965,940.152,2025
2025-04-11 09:20:00+00:00,2025-04-11 09:30:00+00:00,long,81770.94,82224.35,TP,18.803,958.9551,2025
2025-04-11 12:40:00+00:00,2025-04-11 12:45:00+00:00,long,82299.54,82106.2,SL,-9.5896,949.3655,2025
2025-04-11 13:30:00+00:00,2025-04-11 13:35:00+00:00,long,82450.5,83262.6,TP,18.9873,968.3528,2025
2025-04-11 15:25:00+00:00,2025-04-11 15:35:00+00:00,long,82184.93,82667.76,TP,19.3671,987.7199,2025
2025-04-11 16:30:00+00:00,2025-04-11 17:20:00+00:00,long,82656.92,82990.01,TP,19.7544,1007.4743,2025
2025-04-11 21:20:00+00:00,2025-04-11 21:25:00+00:00,long,84094.32,83910.01,SL,-10.0747,997.3996,2025
2025-04-11 23:35:00+00:00,2025-04-12 01:15:00+00:00,long,83413.93,83209.6,SL,-9.974,987.4256,2025
2025-04-12 02:05:00+00:00,2025-04-12 02:45:00+00:00,long,83247.93,82990.16,SL,-9.8743,977.5513,2025
2025-04-12 03:25:00+00:00,2025-04-12 05:15:00+00:00,long,83056.6,83433.97,TP,19.551,997.1023,2025
2025-04-12 06:00:00+00:00,2025-04-12 07:45:00+00:00,long,83472.3,83812.75,TP,19.942,1017.0444,2025
2025-04-12 11:00:00+00:00,2025-04-12 12:35:00+00:00,long,83524.1,83923.04,TP,20.3409,1037.3853,2025
2025-04-12 13:40:00+00:00,2025-04-12 14:05:00+00:00,long,84177.94,84714.81,TP,20.7477,1058.133,2025
2025-04-12 15:30:00+00:00,2025-04-12 15:55:00+00:00,long,85216.47,85008.4,SL,-10.5813,1047.5516,2025
2025-04-12 17:40:00+00:00,2025-04-12 19:15:00+00:00,long,84849.06,85195.07,TP,20.951,1068.5027,2025
2025-04-12 20:15:00+00:00,2025-04-12 20:35:00+00:00,long,85212.51,85632.0,TP,21.3701,1089.8727,2025
2025-04-13 00:05:00+00:00,2025-04-13 00:25:00+00:00,long,85391.3,85179.25,SL,-10.8987,1078.974,2025
2025-04-13 00:50:00+00:00,2025-04-13 01:50:00+00:00,long,85509.83,85209.17,SL,-10.7897,1068.1843,2025
2025-04-13 02:55:00+00:00,2025-04-13 04:15:00+00:00,long,85302.22,84907.69,SL,-10.6818,1057.5024,2025
2025-04-13 07:35:00+00:00,2025-04-13 09:25:00+00:00,short,84509.75,84766.44,SL,-10.575,1046.9274,2025
2025-04-13 10:20:00+00:00,2025-04-13 12:20:00+00:00,short,84677.72,84338.86,TP,20.9385,1067.8659,2025
2025-04-13 12:25:00+00:00,2025-04-13 12:50:00+00:00,short,84283.01,84471.7,SL,-10.6787,1057.1873,2025
2025-04-13 13:25:00+00:00,2025-04-13 13:50:00+00:00,short,84090.19,83613.54,TP,21.1437,1078.331,2025
2025-04-13 20:35:00+00:00,2025-04-13 21:20:00+00:00,short,83440.87,83699.32,SL,-10.7833,1067.5477,2025
2025-04-13 21:40:00+00:00,2025-04-13 21:50:00+00:00,short,83275.94,83585.99,SL,-10.6755,1056.8722,2025
2025-04-14 02:25:00+00:00,2025-04-14 03:10:00+00:00,long,85026.6,84777.42,SL,-10.5687,1046.3035,2025
2025-04-14 04:35:00+00:00,2025-04-14 05:05:00+00:00,long,84925.77,84721.71,SL,-10.463,1035.8405,2025
2025-04-14 06:40:00+00:00,2025-04-14 07:10:00+00:00,long,84541.74,84296.58,SL,-10.3584,1025.4821,2025
2025-04-14 07:45:00+00:00,2025-04-14 09:10:00+00:00,long,84484.28,84868.75,TP,20.5096,1045.9917,2025
2025-04-14 10:25:00+00:00,2025-04-14 12:25:00+00:00,long,84628.9,85032.01,TP,20.9198,1066.9116,2025
2025-04-14 14:25:00+00:00,2025-04-14 14:35:00+00:00,long,85074.28,85592.48,TP,21.3382,1088.2498,2025
2025-04-14 15:10:00+00:00,2025-04-14 15:15:00+00:00,short,84560.55,84742.13,SL,-10.8825,1077.3673,2025
2025-04-14 21:10:00+00:00,2025-04-14 21:20:00+00:00,long,84934.0,84754.71,SL,-10.7737,1066.5936,2025
2025-04-14 22:55:00+00:00,2025-04-14 23:15:00+00:00,short,84500.01,84671.43,SL,-10.6659,1055.9277,2025
2025-04-14 23:50:00+00:00,2025-04-15 00:30:00+00:00,short,84495.11,84727.03,SL,-10.5593,1045.3684,2025
2025-04-15 03:00:00+00:00,2025-04-15 04:55:00+00:00,long,85111.48,85490.46,TP,20.9074,1066.2758,2025
2025-04-15 07:20:00+00:00,2025-04-15 10:35:00+00:00,long,85759.29,85533.64,SL,-10.6628,1055.613,2025
2025-04-15 11:55:00+00:00,2025-04-15 13:35:00+00:00,long,85589.23,86080.23,TP,21.1123,1076.7253,2025
2025-04-15 15:35:00+00:00,2025-04-15 17:50:00+00:00,short,84952.11,84479.52,TP,21.5345,1098.2598,2025
2025-04-15 18:50:00+00:00,2025-04-15 20:50:00+00:00,short,84213.17,83834.64,TP,21.9652,1120.225,2025
2025-04-15 22:10:00+00:00,2025-04-16 00:05:00+00:00,short,83920.89,83458.43,TP,22.4045,1142.6295,2025
2025-04-16 00:40:00+00:00,2025-04-16 01:45:00+00:00,short,83382.01,83624.02,SL,-11.4263,1131.2032,2025
2025-04-16 03:25:00+00:00,2025-04-16 04:40:00+00:00,short,83801.98,83465.76,TP,22.6241,1153.8272,2025
2025-04-16 05:20:00+00:00,2025-04-16 05:40:00+00:00,short,83271.75,83464.91,SL,-11.5383,1142.289,2025
2025-04-16 07:20:00+00:00,2025-04-16 08:25:00+00:00,short,83391.39,83589.12,SL,-11.4229,1130.8661,2025
2025-04-16 09:40:00+00:00,2025-04-16 10:15:00+00:00,short,83733.92,83927.13,SL,-11.3087,1119.5574,2025
2025-04-16 11:25:00+00:00,2025-04-16 11:45:00+00:00,short,83873.82,84118.44,SL,-11.1956,1108.3618,2025
2025-04-16 11:50:00+00:00,2025-04-16 12:45:00+00:00,long,84048.75,83813.34,SL,-11.0836,1097.2782,2025
2025-04-16 13:35:00+00:00,2025-04-16 13:50:00+00:00,long,84024.0,83693.78,SL,-10.9728,1086.3054,2025
2025-04-16 13:55:00+00:00,2025-04-16 14:00:00+00:00,short,83736.37,83982.87,SL,-10.8631,1075.4424,2025
2025-04-16 17:05:00+00:00,2025-04-16 17:30:00+00:00,long,85152.24,84911.99,SL,-10.7544,1064.688,2025
2025-04-16 21:50:00+00:00,2025-04-16 22:00:00+00:00,long,84643.35,84466.0,SL,-10.6469,1054.0411,2025
2025-04-17 02:10:00+00:00,2025-04-17 05:15:00+00:00,short,84137.99,84318.84,SL,-10.5404,1043.5007,2025
2025-04-17 07:25:00+00:00,2025-04-17 07:40:00+00:00,long,84934.3,84714.02,SL,-10.435,1033.0657,2025
2025-04-17 09:45:00+00:00,2025-04-17 10:10:00+00:00,long,84498.0,84238.99,SL,-10.3307,1022.735,2025
2025-04-17 10:50:00+00:00,2025-04-17 11:45:00+00:00,long,84374.0,84737.07,TP,20.4547,1043.1897,2025
2025-04-17 20:05:00+00:00,2025-04-17 22:45:00+00:00,long,85059.99,84825.54,SL,-10.4319,1032.7578,2025
2025-04-17 23:25:00+00:00,2025-04-18 00:40:00+00:00,long,84980.54,84810.04,SL,-10.3276,1022.4302,2025
2025-04-18 01:05:00+00:00,2025-04-18 03:05:00+00:00,long,84960.39,84772.33,SL,-10.2243,1012.2059,2025
2025-04-18 03:50:00+00:00,2025-04-18 04:15:00+00:00,long,84818.4,84624.59,SL,-10.1221,1002.0839,2025
2025-04-18 05:00:00+00:00,2025-04-19 03:00:00+00:00,short,84634.76,84844.89,SL,-10.0208,992.063,2025
2025-04-19 04:25:00+00:00,2025-04-19 06:40:00+00:00,long,85078.69,84900.0,SL,-9.9206,982.1424,2025
2025-04-19 07:20:00+00:00,2025-04-19 09:45:00+00:00,long,85089.52,85429.93,TP,19.6428,1001.7853,2025
2025-04-19 11:50:00+00:00,2025-04-19 16:30:00+00:00,long,85205.63,85025.09,SL,-10.0179,991.7674,2025
2025-04-19 20:20:00+00:00,2025-04-20 06:40:00+00:00,long,85142.0,84969.98,SL,-9.9177,981.8497,2025
2025-04-20 09:35:00+00:00,2025-04-20 10:45:00+00:00,short,84536.83,84154.72,TP,19.637,1001.4867,2025
2025-04-20 13:15:00+00:00,2025-04-20 13:35:00+00:00,short,84188.75,84415.08,SL,-10.0149,991.4719,2025
2025-04-20 15:05:00+00:00,2025-04-20 19:45:00+00:00,short,84464.49,84637.66,SL,-9.9147,981.5571,2025
2025-04-20 23:00:00+00:00,2025-04-21 00:15:00+00:00,long,85021.94,85475.01,TP,19.6311,1001.1883,2025
2025-04-21 05:00:00+00:00,2025-04-21 11:10:00+00:00,long,87389.89,87148.8,SL,-10.0119,991.1764,2025
2025-04-21 12:00:00+00:00,2025-04-21 13:05:00+00:00,long,87084.9,86801.89,SL,-9.9118,981.2646,2025
2025-04-21 13:25:00+00:00,2025-04-21 13:55:00+00:00,long,87238.17,87028.09,SL,-9.8126,971.452,2025
2025-04-21 15:15:00+00:00,2025-04-21 15:45:00+00:00,long,88306.56,88080.63,SL,-9.7145,961.7375,2025
2025-04-21 20:55:00+00:00,2025-04-21 21:05:00+00:00,long,87367.92,87170.5,SL,-9.6174,952.1201,2025
2025-04-21 21:45:00+00:00,2025-04-21 22:00:00+00:00,long,87284.5,87039.67,SL,-9.5212,942.5989,2025
2025-04-21 22:55:00+00:00,2025-04-21 23:50:00+00:00,long,87168.08,87539.08,TP,18.852,961.4509,2025
2025-04-22 00:55:00+00:00,2025-04-22 01:15:00+00:00,long,87709.85,88373.77,TP,19.229,980.6799,2025
2025-04-22 04:05:00+00:00,2025-04-22 04:55:00+00:00,long,88320.16,88056.79,SL,-9.8068,970.8731,2025
2025-04-22 05:35:00+00:00,2025-04-22 06:25:00+00:00,long,88305.89,88092.98,SL,-9.7087,961.1644,2025
2025-04-22 07:05:00+00:00,2025-04-22 11:20:00+00:00,long,88260.01,88619.25,TP,19.2233,980.3876,2025
2025-04-22 11:45:00+00:00,2025-04-22 13:00:00+00:00,long,88669.71,89152.85,TP,19.6078,999.9954,2025
2025-04-22 14:35:00+00:00,2025-04-22 15:00:00+00:00,long,90757.88,91179.19,TP,19.9999,1019.9953,2025
2025-04-22 17:30:00+00:00,2025-04-22 18:55:00+00:00,long,91134.02,91504.36,TP,20.3999,1040.3952,2025
2025-04-22 21:15:00+00:00,2025-04-22 21:30:00+00:00,long,91519.41,91324.01,SL,-10.404,1029.9913,2025
2025-04-22 23:25:00+00:00,2025-04-22 23:50:00+00:00,long,93591.55,93399.75,SL,-10.2999,1019.6913,2025
2025-04-23 02:25:00+00:00,2025-04-23 03:05:00+00:00,long,92999.11,92796.93,SL,-10.1969,1009.4944,2025
2025-04-23 03:25:00+00:00,2025-04-23 04:45:00+00:00,long,92919.1,93370.27,TP,20.1899,1029.6843,2025
2025-04-23 06:05:00+00:00,2025-04-23 07:55:00+00:00,long,93685.24,94133.82,TP,20.5937,1050.278,2025
2025-04-23 11:00:00+00:00,2025-04-23 11:35:00+00:00,long,93718.18,93500.0,SL,-10.5028,1039.7752,2025
2025-04-23 12:05:00+00:00,2025-04-23 13:15:00+00:00,long,93624.81,94087.54,TP,20.7955,1060.5707,2025
2025-04-23 18:05:00+00:00,2025-04-23 18:40:00+00:00,long,94024.0,93697.28,SL,-10.6057,1049.965,2025
2025-04-23 19:55:00+00:00,2025-04-23 22:05:00+00:00,long,93497.88,93300.0,SL,-10.4997,1039.4654,2025
2025-04-23 22:35:00+00:00,2025-04-24 00:20:00+00:00,long,93600.5,93381.98,SL,-10.3947,1029.0707,2025
2025-04-24 01:40:00+00:00,2025-04-24 02:40:00+00:00,long,93461.2,93250.49,SL,-10.2907,1018.78,2025
2025-04-24 06:10:00+00:00,2025-04-24 08:05:00+00:00,short,92506.66,92125.02,TP,20.3756,1039.1556,2025
2025-04-24 11:05:00+00:00,2025-04-24 11:50:00+00:00,short,92383.62,92619.01,SL,-10.3916,1028.7641,2025
2025-04-24 13:45:00+00:00,2025-04-24 14:00:00+00:00,short,92636.49,93181.9,SL,-10.2876,1018.4764,2025
2025-04-24 14:15:00+00:00,2025-04-24 14:35:00+00:00,short,92762.23,93016.91,SL,-10.1848,1008.2917,2025
2025-04-24 14:40:00+00:00,2025-04-24 16:15:00+00:00,long,93138.59,93519.5,TP,20.1658,1028.4575,2025
2025-04-24 18:05:00+00:00,2025-04-24 19:30:00+00:00,long,93168.99,93549.99,TP,20.5692,1049.0266,2025
2025-04-24 22:05:00+00:00,2025-04-24 23:30:00+00:00,long,93477.17,93990.84,TP,20.9805,1070.0072,2025
2025-04-25 00:55:00+00:00,2025-04-25 01:25:00+00:00,long,93896.28,93681.38,SL,-10.7001,1059.3071,2025
2025-04-25 04:40:00+00:00,2025-04-25 05:15:00+00:00,short,93196.41,93391.3,SL,-10.5931,1048.714,2025
2025-04-25 06:00:00+00:00,2025-04-25 06:25:00+00:00,short,93235.48,93434.34,SL,-10.4871,1038.2269,2025
2025-04-25 07:40:00+00:00,2025-04-25 11:20:00+00:00,long,93662.18,94085.63,TP,20.7645,1058.9914,2025
2025-04-25 14:05:00+00:00,2025-04-25 14:10:00+00:00,long,94771.25,95299.51,TP,21.1798,1080.1713,2025
2025-04-25 16:40:00+00:00,2025-04-25 17:35:00+00:00,long,95363.97,94820.76,SL,-10.8017,1069.3695,2025
2025-04-25 18:30:00+00:00,2025-04-25 21:20:00+00:00,long,94960.04,94700.01,SL,-10.6937,1058.6758,2025
2025-04-25 22:10:00+00:00,2025-04-26 00:30:00+00:00,long,94803.11,94609.45,SL,-10.5868,1048.0891,2025
2025-04-26 00:50:00+00:00,2025-04-26 04:00:00+00:00,long,94928.57,94720.28,SL,-10.4809,1037.6082,2025
2025-04-26 07:55:00+00:00,2025-04-26 09:30:00+00:00,short,94570.31,94158.66,TP,20.7522,1058.3604,2025
2025-04-26 11:10:00+00:00,2025-04-26 15:25:00+00:00,short,94165.96,94380.95,SL,-10.5836,1047.7768,2025
2025-04-26 16:05:00+00:00,2025-04-26 22:00:00+00:00,short,94240.97,94448.01,SL,-10.4778,1037.299,2025
2025-04-27 00:15:00+00:00,2025-04-27 01:20:00+00:00,long,94979.99,94698.45,SL,-10.373,1026.926,2025
2025-04-27 03:50:00+00:00,2025-04-27 12:25:00+00:00,short,94159.2,93781.36,TP,20.5385,1047.4645,2025
2025-04-27 14:50:00+00:00,2025-04-27 18:10:00+00:00,short,93962.41,94157.41,SL,-10.4746,1036.9899,2025
2025-04-27 19:30:00+00:00,2025-04-27 22:00:00+00:00,long,94380.0,94095.24,SL,-10.3699,1026.62,2025
2025-04-27 23:45:00+00:00,2025-04-28 01:15:00+00:00,short,93709.98,93234.33,TP,20.5324,1047.1524,2025
2025-04-28 06:00:00+00:00,2025-04-28 07:40:00+00:00,long,94345.18,94765.09,TP,20.943,1068.0954,2025
2025-04-28 10:35:00+00:00,2025-04-28 13:30:00+00:00,long,95140.0,94794.0,SL,-10.681,1057.4145,2025
2025-04-28 14:25:00+00:00,2025-04-28 14:30:00+00:00,long,94644.68,94384.4,SL,-10.5741,1046.8403,2025
2025-04-28 14:35:00+00:00,2025-04-28 14:50:00+00:00,long,94615.2,94416.0,SL,-10.4684,1036.3719,2025
2025-04-28 15:05:00+00:00,2025-04-28 15:45:00+00:00,short,94111.49,93630.0,TP,20.7274,1057.0994,2025
2025-04-28 22:00:00+00:00,2025-04-28 23:05:00+00:00,long,94552.02,94990.0,TP,21.142,1078.2413,2025
2025-04-29 01:05:00+00:00,2025-04-29 01:10:00+00:00,long,95239.91,95034.92,SL,-10.7824,1067.4589,2025
2025-04-29 01:40:00+00:00,2025-04-29 01:50:00+00:00,long,95255.74,95005.24,SL,-10.6746,1056.7843,2025
2025-04-29 03:30:00+00:00,2025-04-29 04:45:00+00:00,long,94717.92,94434.92,SL,-10.5678,1046.2165,2025
2025-04-29 11:10:00+00:00,2025-04-29 12:20:00+00:00,long,95200.0,94926.74,SL,-10.4622,1035.7543,2025
2025-04-29 13:50:00+00:00,2025-04-29 16:30:00+00:00,long,94911.43,95365.96,TP,20.7151,1056.4694,2025
2025-04-29 17:00:00+00:00,2025-04-29 17:10:00+00:00,short,94821.6,95046.2,SL,-10.5647,1045.9047,2025
2025-04-29 17:25:00+00:00,2025-04-29 20:15:00+00:00,long,95221.19,95014.03,SL,-10.459,1035.4457,2025
2025-04-29 22:05:00+00:00,2025-04-29 23:10:00+00:00,short,94258.39,93819.99,TP,20.7089,1056.1546,2025
2025-04-30 01:40:00+00:00,2025-04-30 02:05:00+00:00,short,94381.84,94571.43,SL,-10.5615,1045.593,2025
2025-04-30 02:35:00+00:00,2025-04-30 03:30:00+00:00,short,94573.74,94775.85,SL,-10.4559,1035.1371,2025
2025-04-30 08:25:00+00:00,2025-04-30 08:55:00+00:00,short,94527.59,94718.18,SL,-10.3514,1024.7857,2025
2025-04-30 10:35:00+00:00,2025-04-30 12:30:00+00:00,long,94979.24,94733.6,SL,-10.2479,1014.5379,2025
2025-04-30 16:15:00+00:00,2025-04-30 16:35:00+00:00,short,93662.12,94004.5,SL,-10.1454,1004.3925,2025
2025-04-30 18:35:00+00:00,2025-04-30 20:00:00+00:00,short,94076.81,94288.13,SL,-10.0439,994.3486,2025
2025-05-01 04:55:00+00:00,2025-05-01 09:20:00+00:00,long,94860.51,95348.91,TP,19.887,1014.2356,2025
2025-05-01 12:45:00+00:00,2025-05-01 13:35:00+00:00,long,96409.99,96186.0,SL,-10.1424,1004.0932,2025
2025-05-01 14:25:00+00:00,2025-05-01 14:55:00+00:00,long,96404.01,96827.99,TP,20.0819,1024.1751,2025
2025-05-01 16:35:00+00:00,2025-05-01 16:50:00+00:00,long,97326.91,97096.33,SL,-10.2418,1013.9333,2025
2025-05-01 18:45:00+00:00,2025-05-01 19:05:00+00:00,long,96908.57,96580.0,SL,-10.1393,1003.794,2025
2025-05-01 19:45:00+00:00,2025-05-01 20:00:00+00:00,long,96611.12,96326.01,SL,-10.0379,993.756,2025
2025-05-01 20:10:00+00:00,2025-05-01 20:45:00+00:00,long,96724.0,96493.55,SL,-9.9376,983.8185,2025
2025-05-01 21:10:00+00:00,2025-05-01 21:55:00+00:00,long,96697.0,96464.55,SL,-9.8382,973.9803,2025
2025-05-01 22:15:00+00:00,2025-05-01 22:30:00+00:00,long,96642.86,96431.39,SL,-9.7398,964.2405,2025
2025-05-01 23:45:00+00:00,2025-05-02 00:20:00+00:00,long,96399.99,96801.58,TP,19.2848,983.5253,2025
2025-05-02 03:00:00+00:00,2025-05-02 05:15:00+00:00,long,97065.57,96852.06,SL,-9.8353,973.69,2025
2025-05-02 06:25:00+00:00,2025-05-02 07:00:00+00:00,long,96820.75,96572.01,SL,-9.7369,963.9531,2025
2025-05-02 07:20:00+00:00,2025-05-02 07:35:00+00:00,long,96635.35,96424.23,SL,-9.6395,954.3136,2025
2025-05-02 09:40:00+00:00,2025-05-02 10:15:00+00:00,short,96594.54,96833.34,SL,-9.5431,944.7705,2025
2025-05-02 12:45:00+00:00,2025-05-02 13:10:00+00:00,long,97029.37,96769.85,SL,-9.4477,935.3228,2025
2025-05-02 14:15:00+00:00,2025-05-02 14:35:00+00:00,long,96978.23,97604.0,TP,18.7065,954.0292,2025
2025-05-02 16:10:00+00:00,2025-05-02 16:55:00+00:00,long,97613.2,97348.69,SL,-9.5403,944.4889,2025
2025-05-02 18:00:00+00:00,2025-05-02 18:50:00+00:00,long,97467.47,97266.0,SL,-9.4449,935.0441,2025
2025-05-02 21:35:00+00:00,2025-05-03 03:15:00+00:00,short,96828.06,96433.74,TP,18.7009,953.7449,2025
2025-05-03 05:55:00+00:00,2025-05-03 10:40:00+00:00,short,96417.14,95937.62,TP,19.0749,972.8198,2025
2025-05-03 14:35:00+00:00,2025-05-03 17:15:00+00:00,short,96330.5,95917.79,TP,19.4564,992.2762,2025
2025-05-03 20:30:00+00:00,2025-05-03 23:30:00+00:00,short,96301.02,95880.35,TP,19.8455,1012.1218,2025
2025-05-04 00:35:00+00:00,2025-05-04 01:50:00+00:00,short,95786.23,95991.6,SL,-10.1212,1002.0005,2025
2025-05-04 02:40:00+00:00,2025-05-04 06:00:00+00:00,short,95919.99,96134.46,SL,-10.02,991.9805,2025
2025-05-04 06:25:00+00:00,2025-05-04 08:30:00+00:00,short,95947.42,95488.61,TP,19.8396,1011.8201,2025
2025-05-04 09:55:00+00:00,2025-05-04 20:25:00+00:00,short,95485.01,95717.4,SL,-10.1182,1001.7019,2025
2025-05-05 01:20:00+00:00,2025-05-05 01:30:00+00:00,short,94313.01,93914.84,TP,20.034,1021.736,2025
2025-05-05 03:25:00+00:00,2025-05-05 04:15:00+00:00,short,94016.61,94280.17,SL,-10.2174,1011.5186,2025
2025-05-05 06:45:00+00:00,2025-05-05 10:35:00+00:00,short,94662.01,94160.54,TP,20.2304,1031.749,2025
2025-05-05 13:30:00+00:00,2025-05-05 15:05:00+00:00,short,94108.0,93656.99,TP,20.635,1052.384,2025
2025-05-05 21:00:00+00:00,2025-05-05 22:10:00+00:00,long,94441.96,94837.73,TP,21.0477,1073.4316,2025
2025-05-06 01:10:00+00:00,2025-05-06 01:35:00+00:00,long,94750.73,94484.68,SL,-10.7343,1062.6973,2025
2025-05-06 01:40:00+00:00,2025-05-06 04:50:00+00:00,short,94382.83,94573.58,SL,-10.627,1052.0704,2025
2025-05-06 05:15:00+00:00,2025-05-06 08:25:00+00:00,short,94425.43,94036.67,TP,21.0414,1073.1118,2025
2025-05-06 09:35:00+00:00,2025-05-06 11:50:00+00:00,short,94136.77,93723.53,TP,21.4622,1094.574,2025
2025-05-06 13:10:00+00:00,2025-05-06 13:40:00+00:00,short,93735.53,93952.68,SL,-10.9457,1083.6283,2025
2025-05-06 13:50:00+00:00,2025-05-06 14:00:00+00:00,short,93465.62,93955.7,SL,-10.8363,1072.792,2025
2025-05-06 15:05:00+00:00,2025-05-06 15:10:00+00:00,short,94086.91,94330.1,SL,-10.7279,1062.0641,2025
2025-05-06 15:15:00+00:00,2025-05-06 16:10:00+00:00,long,94394.49,94818.01,TP,21.2413,1083.3053,2025
2025-05-06 17:25:00+00:00,2025-05-06 19:20:00+00:00,long,94693.39,95103.92,TP,21.6661,1104.9714,2025
2025-05-06 21:50:00+00:00,2025-05-06 22:00:00+00:00,long,94714.28,95260.01,TP,22.0994,1127.0709,2025
2025-05-07 00:20:00+00:00,2025-05-07 00:30:00+00:00,long,97384.0,97150.79,SL,-11.2707,1115.8002,2025
2025-05-07 03:50:00+00:00,2025-05-07 05:35:00+00:00,long,96557.26,96334.99,SL,-11.158,1104.6422,2025
2025-05-07 06:00:00+00:00,2025-05-07 07:45:00+00:00,long,96494.01,96915.83,TP,22.0928,1126.735,2025
2025-05-07 08:30:00+00:00,2025-05-07 13:15:00+00:00,long,96979.76,96783.3,SL,-11.2674,1115.4677,2025
2025-05-07 13:40:00+00:00,2025-05-07 13:45:00+00:00,long,97231.84,96895.94,SL,-11.1547,1104.313,2025
2025-05-07 16:50:00+00:00,2025-05-07 17:15:00+00:00,long,96922.01,96674.61,SL,-11.0431,1093.2699,2025
2025-05-07 17:35:00+00:00,2025-05-07 18:05:00+00:00,short,96627.99,95969.1,TP,21.8654,1115.1353,2025
2025-05-07 18:30:00+00:00,2025-05-07 18:40:00+00:00,long,96767.19,96397.89,SL,-11.1514,1103.9839,2025
2025-05-07 18:50:00+00:00,2025-05-07 18:55:00+00:00,short,96193.53,96593.59,SL,-11.0398,1092.9441,2025
2025-05-07 19:25:00+00:00,2025-05-07 19:40:00+00:00,short,96007.95,96469.07,SL,-10.9294,1082.0146,2025
2025-05-07 19:50:00+00:00,2025-05-07 20:10:00+00:00,short,96127.61,96403.99,SL,-10.8201,1071.1945,2025
2025-05-08 00:55:00+00:00,2025-05-08 02:15:00+00:00,long,97770.01,98187.67,TP,21.4239,1092.6184,2025
2025-05-08 04:00:00+00:00,2025-05-08 04:50:00+00:00,long,99236.98,98982.58,SL,-10.9262,1081.6922,2025
2025-05-08 06:45:00+00:00,2025-05-08 07:25:00+00:00,long,98905.06,99319.47,TP,21.6338,1103.326,2025
2025-05-08 13:20:00+00:00,2025-05-08 13:45:00+00:00,long,99370.21,99118.86,SL,-11.0333,1092.2928,2025
2025-05-08 14:00:00+00:00,2025-05-08 14:10:00+00:00,long,99373.38,99174.6,SL,-10.9229,1081.3698,2025
2025-05-08 20:00:00+00:00,2025-05-08 20:35:00+00:00,long,101485.99,102191.28,TP,21.6274,1102.9972,2025
2025-05-09 01:45:00+00:00,2025-05-09 02:30:00+00:00,long,102893.32,102686.54,SL,-11.03,1091.9673,2025
2025-05-09 04:05:00+00:00,2025-05-09 06:20:00+00:00,long,102619.04,103087.71,TP,21.8393,1113.8066,2025
2025-05-09 10:00:00+00:00,2025-05-09 10:45:00+00:00,long,102887.61,103355.99,TP,22.2761,1136.0827,2025
2025-05-09 12:30:00+00:00,2025-05-09 12:55:00+00:00,long,103133.03,102899.99,SL,-11.3608,1124.7219,2025
2025-05-09 13:10:00+00:00,2025-05-09 13:45:00+00:00,long,103149.99,103710.0,TP,22.4944,1147.2163,2025
2025-05-09 16:20:00+00:00,2025-05-09 16:45:00+00:00,long,102860.01,102582.68,SL,-11.4722,1135.7442,2025
2025-05-09 17:05:00+00:00,2025-05-09 18:30:00+00:00,long,102841.7,103268.65,TP,22.7149,1158.4591,2025
2025-05-09 20:00:00+00:00,2025-05-09 21:10:00+00:00,long,103247.52,103007.55,SL,-11.5846,1146.8745,2025
2025-05-09 22:05:00+00:00,2025-05-09 22:55:00+00:00,long,103016.0,102784.66,SL,-11.4687,1135.4057,2025
2025-05-09 23:20:00+00:00,2025-05-10 05:55:00+00:00,long,102914.99,103361.0,TP,22.7081,1158.1138,2025
2025-05-10 08:25:00+00:00,2025-05-10 08:50:00+00:00,long,104000.0,103637.23,SL,-11.5811,1146.5327,2025
2025-05-10 09:40:00+00:00,2025-05-10 11:30:00+00:00,long,103744.88,103505.49,SL,-11.4653,1135.0674,2025
2025-05-10 12:10:00+00:00,2025-05-10 15:35:00+00:00,long,103605.56,103337.5,SL,-11.3507,1123.7167,2025
2025-05-10 17:45:00+00:00,2025-05-10 21:45:00+00:00,short,103259.99,103517.43,SL,-11.2372,1112.4795,2025
2025-05-10 23:10:00+00:00,2025-05-10 23:15:00+00:00,long,103988.99,104724.0,TP,22.2496,1134.7291,2025
2025-05-11 03:25:00+00:00,2025-05-11 06:40:00+00:00,long,104000.0,103765.79,SL,-11.3473,1123.3818,2025
2025-05-11 10:20:00+00:00,2025-05-11 13:55:00+00:00,long,104460.32,103959.99,SL,-11.2338,1112.148,2025
2025-05-11 14:40:00+00:00,2025-05-11 15:50:00+00:00,long,104242.25,103929.13,SL,-11.1215,1101.0265,2025
2025-05-11 21:50:00+00:00,2025-05-11 22:00:00+00:00,long,104343.95,103982.86,SL,-11.0103,1090.0163,2025
2025-05-12 05:10:00+00:00,2025-05-12 06:25:00+00:00,short,103920.23,104201.45,SL,-10.9002,1079.1161,2025
2025-05-12 09:35:00+00:00,2025-05-12 10:05:00+00:00,long,104513.19,104247.49,SL,-10.7912,1068.325,2025
2025-05-12 10:35:00+00:00,2025-05-12 11:40:00+00:00,long,104535.0,104164.34,SL,-10.6832,1057.6417,2025
2025-05-12 14:20:00+00:00,2025-05-12 14:25:00+00:00,short,103750.01,102953.74,TP,21.1528,1078.7945,2025
2025-05-12 17:45:00+00:00,2025-05-12 18:05:00+00:00,short,102588.07,101876.67,TP,21.5759,1100.3704,2025
2025-05-12 21:25:00+00:00,2025-05-12 21:35:00+00:00,short,102354.13,102571.42,SL,-11.0037,1089.3667,2025
2025-05-12 23:35:00+00:00,2025-05-13 00:40:00+00:00,short,102847.1,102246.65,TP,21.7873,1111.1541,2025
2025-05-13 01:35:00+00:00,2025-05-13 01:50:00+00:00,short,102261.21,102499.99,SL,-11.1115,1100.0425,2025
2025-05-13 02:10:00+00:00,2025-05-13 03:25:00+00:00,short,102095.46,101602.31,TP,22.0008,1122.0434,2025
2025-05-13 05:30:00+00:00,2025-05-13 06:00:00+00:00,short,102354.83,102657.55,SL,-11.2204,1110.8229,2025
2025-05-13 07:00:00+00:00,2025-05-13 09:15:00+00:00,long,102697.87,103199.01,TP,22.2165,1133.0394,2025
2025-05-13 11:40:00+00:00,2025-05-13 12:10:00+00:00,long,103816.68,103520.02,SL,-11.3304,1121.709,2025
2025-05-13 15:05:00+00:00,2025-05-13 16:10:00+00:00,long,103471.79,104314.44,TP,22.4342,1144.1432,2025
2025-05-13 17:45:00+00:00,2025-05-13 19:30:00+00:00,long,104207.58,104687.38,TP,22.8829,1167.026,2025
2025-05-13 23:40:00+00:00,2025-05-14 00:20:00+00:00,long,104147.61,103882.39,SL,-11.6703,1155.3558,2025
2025-05-14 01:00:00+00:00,2025-05-14 02:00:00+00:00,long,103899.99,103676.47,SL,-11.5536,1143.8022,2025
2025-05-14 03:20:00+00:00,2025-05-14 04:35:00+00:00,short,103506.71,103766.35,SL,-11.438,1132.3642,2025
2025-05-14 08:30:00+00:00,2025-05-14 09:00:00+00:00,short,103525.63,102993.77,TP,22.6473,1155.0115,2025
2025-05-14 13:30:00+00:00,2025-05-14 13:40:00+00:00,long,104264.88,103712.79,SL,-11.5501,1143.4614,2025
2025-05-14 16:45:00+00:00,2025-05-14 18:15:00+00:00,short,103173.56,103408.79,SL,-11.4346,1132.0268,2025
2025-05-14 19:45:00+00:00,2025-05-14 20:50:00+00:00,short,103441.78,103650.79,SL,-11.3203,1120.7065,2025
2025-05-14 21:30:00+00:00,2025-05-15 00:15:00+00:00,short,103529.62,103809.52,SL,-11.2071,1109.4994,2025
2025-05-15 03:15:00+00:00,2025-05-15 05:30:00+00:00,short,102878.56,102460.31,TP,22.19,1131.6894,2025
2025-05-15 06:40:00+00:00,2025-05-15 07:55:00+00:00,short,102190.47,101779.99,TP,22.6338,1154.3232,2025
2025-05-15 09:20:00+00:00,2025-05-15 11:15:00+00:00,short,101939.99,102276.38,SL,-11.5432,1142.78,2025
2025-05-15 13:10:00+00:00,2025-05-15 13:30:00+00:00,long,102766.11,102527.22,SL,-11.4278,1131.3522,2025
2025-05-15 19:45:00+00:00,2025-05-15 21:20:00+00:00,long,103121.85,102764.84,SL,-11.3135,1120.0386,2025
2025-05-15 21:50:00+00:00,2025-05-15 22:10:00+00:00,long,103309.89,103777.78,TP,22.4008,1142.4394,2025
2025-05-15 23:35:00+00:00,2025-05-16 01:00:00+00:00,long,103838.16,103619.99,SL,-11.4244,1131.015,2025
2025-05-16 01:35:00+00:00,2025-05-16 04:40:00+00:00,long,104072.52,103830.51,SL,-11.3102,1119.7049,2025
2025-05-16 05:10:00+00:00,2025-05-16 07:50:00+00:00,long,103997.62,103761.9,SL,-11.197,1108.5078,2025
2025-05-16 13:25:00+00:00,2025-05-16 13:35:00+00:00,short,103508.99,103879.99,SL,-11.0851,1097.4227,2025
2025-05-16 14:35:00+00:00,2025-05-16 15:00:00+00:00,short,103617.43,104028.62,SL,-10.9742,1086.4485,2025
2025-05-16 17:15:00+00:00,2025-05-16 17:35:00+00:00,long,104281.78,103961.51,SL,-10.8645,1075.584,2025
2025-05-16 19:35:00+00:00,2025-05-16 20:45:00+00:00,long,103803.55,103557.4,SL,-10.7558,1064.8282,2025
2025-05-16 21:15:00+00:00,2025-05-17 00:40:00+00:00,short,103640.21,103190.0,TP,21.2966,1086.1248,2025
2025-05-17 04:45:00+00:00,2025-05-17 09:15:00+00:00,short,103493.61,103073.89,TP,21.7225,1107.8473,2025
2025-05-17 11:10:00+00:00,2025-05-17 11:35:00+00:00,short,102767.25,103007.37,SL,-11.0785,1096.7688,2025
2025-05-17 12:55:00+00:00,2025-05-17 14:50:00+00:00,short,102927.57,103169.28,SL,-10.9677,1085.8011,2025
2025-05-17 15:40:00+00:00,2025-05-17 20:50:00+00:00,short,103056.92,103406.75,SL,-10.858,1074.9431,2025
2025-05-18 02:15:00+00:00,2025-05-18 07:50:00+00:00,long,103314.65,103840.04,TP,21.4989,1096.4419,2025
2025-05-18 11:20:00+00:00,2025-05-18 13:40:00+00:00,long,103906.81,104459.99,TP,21.9288,1118.3708,2025
2025-05-18 17:05:00+00:00,2025-05-18 17:25:00+00:00,long,105811.18,105550.0,SL,-11.1837,1107.1871,2025
2025-05-18 19:00:00+00:00,2025-05-18 19:30:00+00:00,long,104542.08,104231.57,SL,-11.0719,1096.1152,2025
2025-05-18 19:35:00+00:00,2025-05-18 20:00:00+00:00,short,104176.57,103545.97,TP,21.9223,1118.0375,2025
2025-05-18 22:10:00+00:00,2025-05-18 22:20:00+00:00,short,104089.12,104702.02,SL,-11.1804,1106.8571,2025
2025-05-19 02:35:00+00:00,2025-05-19 02:50:00+00:00,long,104970.22,104610.95,SL,-11.0686,1095.7886,2025
2025-05-19 04:45:00+00:00,2025-05-19 06:30:00+00:00,short,102980.02,102264.79,TP,21.9158,1117.7043,2025
2025-05-19 09:05:00+00:00,2025-05-19 09:30:00+00:00,short,103037.29,103260.9,SL,-11.177,1106.5273,2025
2025-05-19 12:00:00+00:00,2025-05-19 12:35:00+00:00,short,102782.51,102156.12,TP,22.1305,1128.6578,2025
2025-05-19 17:00:00+00:00,2025-05-19 17:10:00+00:00,long,105437.55,105045.45,SL,-11.2866,1117.3713,2025
2025-05-19 19:30:00+00:00,2025-05-19 20:00:00+00:00,long,105239.57,105686.99,TP,22.3474,1139.7187,2025
2025-05-19 22:05:00+00:00,2025-05-19 22:15:00+00:00,long,105539.04,105271.85,SL,-11.3972,1128.3215,2025
2025-05-19 22:45:00+00:00,2025-05-20 00:15:00+00:00,long,105622.88,106495.32,TP,22.5664,1150.8879,2025
2025-05-20 00:35:00+00:00,2025-05-20 00:45:00+00:00,long,106090.9,105744.99,SL,-11.5089,1139.379,2025
2025-05-20 01:20:00+00:00,2025-05-20 02:05:00+00:00,long,106240.28,106670.24,TP,22.7876,1162.1666,2025
2025-05-20 04:35:00+00:00,2025-05-20 04:55:00+00:00,long,105747.79,106219.99,TP,23.2433,1185.41,2025
2025-05-20 07:25:00+00:00,2025-05-20 07:35:00+00:00,long,105540.0,105136.36,SL,-11.8541,1173.5559,2025
2025-05-20 10:30:00+00:00,2025-05-20 11:35:00+00:00,short,105103.45,105329.0,SL,-11.7356,1161.8203,2025
2025-05-20 12:10:00+00:00,2025-05-20 13:10:00+00:00,short,105030.55,104588.81,TP,23.2364,1185.0567,2025
2025-05-20 17:05:00+00:00,2025-05-20 17:40:00+00:00,long,105745.41,106206.31,TP,23.7011,1208.7578,2025
2025-05-20 19:20:00+00:00,2025-05-20 19:45:00+00:00,long,106261.42,106735.86,TP,24.1752,1232.933,2025
2025-05-20 20:45:00+00:00,2025-05-20 20:50:00+00:00,long,107241.98,106934.47,SL,-12.3293,1220.6037,2025
2025-05-20 22:45:00+00:00,2025-05-20 23:15:00+00:00,long,106587.9,107125.99,TP,24.4121,1245.0157,2025
2025-05-21 00:10:00+00:00,2025-05-21 00:20:00+00:00,long,107000.0,106772.71,SL,-12.4502,1232.5656,2025
2025-05-21 01:05:00+00:00,2025-05-21 01:20:00+00:00,long,107031.37,106749.99,SL,-12.3257,1220.2399,2025
2025-05-21 02:35:00+00:00,2025-05-21 04:35:00+00:00,long,106809.52,107527.92,TP,24.4048,1244.6447,2025
2025-05-21 06:25:00+00:00,2025-05-21 07:10:00+00:00,long,107865.09,107440.97,SL,-12.4464,1232.1983,2025
2025-05-21 12:05:00+00:00,2025-05-21 12:15:00+00:00,short,106409.92,106717.07,SL,-12.322,1219.8763,2025
2025-05-21 12:45:00+00:00,2025-05-21 13:35:00+00:00,short,106548.72,106763.22,SL,-12.1988,1207.6775,2025
2025-05-21 16:45:00+00:00,2025-05-21 16:55:00+00:00,long,109693.01,109131.7,SL,-12.0768,1195.6008,2025
2025-05-21 21:45:00+00:00,2025-05-21 23:05:00+00:00,long,108517.03,108953.14,TP,23.912,1219.5128,2025
2025-05-22 01:00:00+00:00,2025-05-22 01:05:00+00:00,long,110524.49,110229.07,SL,-12.1951,1207.3176,2025
2025-05-22 02:20:00+00:00,2025-05-22 03:40:00+00:00,long,110466.16,111313.95,TP,24.1464,1231.464,2025
2025-05-22 07:30:00+00:00,2025-05-22 08:30:00+00:00,long,110854.78,110445.99,SL,-12.3146,1219.1494,2025
2025-05-22 09:25:00+00:00,2025-05-22 12:15:00+00:00,long,110678.65,111228.47,TP,24.383,1243.5323,2025
2025-05-22 15:15:00+00:00,2025-05-22 17:20:00+00:00,long,111141.95,111912.02,TP,24.8706,1268.403,2025
2025-05-22 18:30:00+00:00,2025-05-22 19:00:00+00:00,long,111794.81,111512.93,SL,-12.684,1255.719,2025
2025-05-22 19:25:00+00:00,2025-05-22 19:30:00+00:00,long,111898.74,111612.52,SL,-12.5572,1243.1618,2025
2025-05-22 21:15:00+00:00,2025-05-22 21:25:00+00:00,long,111055.05,110804.88,SL,-12.4316,1230.7302,2025
2025-05-22 21:35:00+00:00,2025-05-22 23:30:00+00:00,long,110956.53,111423.74,TP,24.6146,1255.3448,2025
2025-05-23 02:10:00+00:00,2025-05-23 02:40:00+00:00,long,111477.49,111247.81,SL,-12.5534,1242.7913,2025
2025-05-23 06:10:00+00:00,2025-05-23 07:10:00+00:00,short,110513.04,110795.1,SL,-12.4279,1230.3634,2025
2025-05-23 10:10:00+00:00,2025-05-23 11:40:00+00:00,short,110941.03,110380.0,TP,24.6073,1254.9707,2025
2025-05-23 13:00:00+00:00,2025-05-23 13:10:00+00:00,short,108050.0,108437.56,SL,-12.5497,1242.421,2025
2025-05-23 15:05:00+00:00,2025-05-23 15:30:00+00:00,short,109223.58,109739.13,SL,-12.4242,1229.9967,2025
2025-05-23 18:05:00+00:00,2025-05-23 18:55:00+00:00,short,109288.68,108794.09,TP,24.5999,1254.5967,2025
2025-05-23 19:25:00+00:00,2025-05-23 20:30:00+00:00,short,108918.3,108435.28,TP,25.0919,1279.6886,2025
2025-05-23 22:40:00+00:00,2025-05-23 22:50:00+00:00,short,108097.55,107654.55,TP,25.5938,1305.2824,2025
2025-05-24 02:00:00+00:00,2025-05-24 02:15:00+00:00,short,107520.05,107817.46,SL,-13.0528,1292.2296,2025
2025-05-24 04:55:00+00:00,2025-05-24 06:15:00+00:00,short,108485.07,108037.3,TP,25.8446,1318.0742,2025
2025-05-24 07:50:00+00:00,2025-05-24 08:40:00+00:00,short,107768.76,108070.89,SL,-13.1807,1304.8934,2025
2025-05-24 09:55:00+00:00,2025-05-24 10:25:00+00:00,short,108161.69,108393.99,SL,-13.0489,1291.8445,2025
2025-05-24 14:15:00+00:00,2025-05-24 22:20:00+00:00,long,108833.43,108513.35,SL,-12.9184,1278.926,2025
2025-05-25 00:45:00+00:00,2025-05-25 01:20:00+00:00,short,107525.61,107762.0,SL,-12.7893,1266.1368,2025
2025-05-25 04:00:00+00:00,2025-05-25 07:20:00+00:00,short,108061.37,107611.66,TP,25.3227,1291.4595,2025
2025-05-25 08:25:00+00:00,2025-05-25 08:50:00+00:00,short,107440.32,107000.01,TP,25.8292,1317.2887,2025
2025-05-25 09:35:00+00:00,2025-05-25 09:50:00+00:00,short,106851.59,107108.96,SL,-13.1729,1304.1158,2025
2025-05-25 11:00:00+00:00,2025-05-25 11:25:00+00:00,short,106929.62,107175.8,SL,-13.0412,1291.0747,2025
2025-05-25 13:10:00+00:00,2025-05-25 13:35:00+00:00,short,107371.51,107682.09,SL,-12.9107,1278.1639,2025
2025-05-25 14:00:00+00:00,2025-05-25 15:20:00+00:00,short,107523.43,106857.99,TP,25.5633,1303.7272,2025
2025-05-25 18:55:00+00:00,2025-05-25 19:30:00+00:00,short,107413.34,107641.0,SL,-13.0373,1290.6899,2025
2025-05-25 21:05:00+00:00,2025-05-25 21:20:00+00:00,long,107816.91,107533.55,SL,-12.9069,1277.783,2025
2025-05-25 22:05:00+00:00,2025-05-25 22:40:00+00:00,long,108179.99,108630.35,TP,25.5557,1303.3387,2025
2025-05-26 00:50:00+00:00,2025-05-26 01:45:00+00:00,long,109257.97,109718.22,TP,26.0668,1329.4054,2025
2025-05-26 02:00:00+00:00,2025-05-26 02:30:00+00:00,long,109717.92,109377.99,SL,-13.2941,1316.1114,2025
2025-05-26 03:30:00+00:00,2025-05-26 05:10:00+00:00,long,109659.5,109436.83,SL,-13.1611,1302.9503,2025
2025-05-26 05:40:00+00:00,2025-05-26 07:05:00+00:00,long,109659.11,110179.87,TP,26.059,1329.0093,2025
2025-05-26 09:20:00+00:00,2025-05-26 09:40:00+00:00,long,109924.53,109689.44,SL,-13.2901,1315.7192,2025
2025-05-26 10:20:00+00:00,2025-05-26 10:50:00+00:00,long,109811.77,109571.43,SL,-13.1572,1302.562,2025
2025-05-26 11:40:00+00:00,2025-05-26 13:50:00+00:00,long,109802.82,109574.46,SL,-13.0256,1289.5364,2025
2025-05-26 15:05:00+00:00,2025-05-26 15:30:00+00:00,long,109665.9,110136.36,TP,25.7907,1315.3271,2025
2025-05-26 19:05:00+00:00,2025-05-26 20:10:00+00:00,short,109000.0,109272.62,SL,-13.1533,1302.1738,2025
2025-05-26 21:15:00+00:00,2025-05-26 22:00:00+00:00,short,109230.94,109454.55,SL,-13.0217,1289.1521,2025
2025-05-26 22:05:00+00:00,2025-05-26 23:20:00+00:00,long,109384.36,109154.49,SL,-12.8915,1276.2606,2025
2025-05-26 23:45:00+00:00,2025-05-27 00:55:00+00:00,long,109399.49,109136.37,SL,-12.7626,1263.498,2025
2025-05-27 04:55:00+00:00,2025-05-27 06:30:00+00:00,short,108952.65,109205.16,SL,-12.635,1250.863,2025
2025-05-27 06:55:00+00:00,2025-05-27 07:05:00+00:00,short,108828.19,109071.48,SL,-12.5086,1238.3544,2025
2025-05-27 07:20:00+00:00,2025-05-27 08:00:00+00:00,long,109182.21,109689.83,TP,24.7671,1263.1215,2025
2025-05-27 09:55:00+00:00,2025-05-27 11:15:00+00:00,long,109830.25,109496.79,SL,-12.6312,1250.4902,2025
2025-05-27 12:05:00+00:00,2025-05-27 12:40:00+00:00,long,109776.2,109485.97,SL,-12.5049,1237.9853,2025
2025-05-27 13:05:00+00:00,2025-05-27 13:15:00+00:00,long,110163.39,110661.6,TP,24.7597,1262.745,2025
2025-05-27 15:25:00+00:00,2025-05-27 15:50:00+00:00,long,109658.28,110181.59,TP,25.2549,1287.9999,2025
2025-05-27 19:45:00+00:00,2025-05-27 20:55:00+00:00,long,109844.0,109551.69,SL,-12.88,1275.1199,2025
2025-05-28 00:10:00+00:00,2025-05-28 00:20:00+00:00,short,108707.6,108933.25,SL,-12.7512,1262.3687,2025
2025-05-28 01:25:00+00:00,2025-05-28 10:15:00+00:00,short,108875.47,108355.07,TP,25.2474,1287.6161,2025
2025-05-28 12:50:00+00:00,2025-05-28 13:45:00+00:00,short,108817.44,108363.64,TP,25.7523,1313.3684,2025
2025-05-28 18:30:00+00:00,2025-05-28 19:50:00+00:00,short,107520.75,107042.07,TP,26.2674,1339.6358,2025
2025-05-28 22:10:00+00:00,2025-05-28 23:00:00+00:00,short,107306.5,107590.84,SL,-13.3964,1326.2394,2025
2025-05-29 00:00:00+00:00,2025-05-29 00:25:00+00:00,short,107629.1,108010.0,SL,-13.2624,1312.9771,2025
2025-05-29 00:45:00+00:00,2025-05-29 04:30:00+00:00,long,108016.96,107716.71,SL,-13.1298,1299.8473,2025
2025-05-29 07:45:00+00:00,2025-05-29 08:15:00+00:00,short,107831.49,108090.13,SL,-12.9985,1286.8488,2025
2025-05-29 10:55:00+00:00,2025-05-29 12:40:00+00:00,long,108746.01,108429.17,SL,-12.8685,1273.9803,2025
2025-05-29 15:55:00+00:00,2025-05-29 17:40:00+00:00,short,107019.89,106156.42,TP,25.4796,1299.4599,2025
2025-05-29 18:55:00+00:00,2025-05-29 20:00:00+00:00,short,105837.13,106124.61,SL,-12.9946,1286.4653,2025
2025-05-29 22:20:00+00:00,2025-05-29 23:15:00+00:00,short,106322.19,105799.04,TP,25.7293,1312.1946,2025
2025-05-30 00:45:00+00:00,2025-05-30 00:55:00+00:00,short,105460.0,104939.99,TP,26.2439,1338.4385,2025
2025-05-30 03:10:00+00:00,2025-05-30 05:30:00+00:00,short,106004.77,106224.56,SL,-13.3844,1325.0541,2025
2025-05-30 05:50:00+00:00,2025-05-30 06:50:00+00:00,short,106093.95,105549.19,TP,26.5011,1351.5552,2025
2025-05-30 11:30:00+00:00,2025-05-30 12:10:00+00:00,short,105809.53,105342.3,TP,27.0311,1378.5863,2025
2025-05-30 12:55:00+00:00,2025-05-30 13:45:00+00:00,short,105684.96,105899.7,SL,-13.7859,1364.8005,2025
2025-05-30 13:50:00+00:00,2025-05-30 16:25:00+00:00,short,105561.85,104685.85,TP,27.296,1392.0965,2025
2025-05-30 19:40:00+00:00,2025-05-30 21:20:00+00:00,short,104624.94,104873.5,SL,-13.921,1378.1755,2025
2025-05-30 21:45:00+00:00,2025-05-30 22:40:00+00:00,short,104655.72,103994.2,TP,27.5635,1405.739,2025
2025-05-31 01:30:00+00:00,2025-05-31 01:35:00+00:00,short,103472.62,103897.5,SL,-14.0574,1391.6816,2025
2025-05-31 02:45:00+00:00,2025-05-31 03:45:00+00:00,short,103414.1,103642.88,SL,-13.9168,1377.7648,2025
2025-05-31 05:25:00+00:00,2025-05-31 06:40:00+00:00,short,103668.24,103900.0,SL,-13.7776,1363.9872,2025
2025-05-31 07:15:00+00:00,2025-05-31 12:45:00+00:00,short,103676.75,103924.53,SL,-13.6399,1350.3473,2025
2025-05-31 14:05:00+00:00,2025-05-31 21:00:00+00:00,long,104371.8,104857.16,TP,27.0069,1377.3542,2025
2025-05-31 21:30:00+00:00,2025-05-31 23:00:00+00:00,long,104809.53,104517.74,SL,-13.7735,1363.5807,2025
2025-06-01 01:10:00+00:00,2025-06-01 01:35:00+00:00,long,104470.65,104185.01,SL,-13.6358,1349.9449,2025
2025-06-01 03:20:00+00:00,2025-06-01 03:30:00+00:00,short,103971.7,104199.93,SL,-13.4994,1336.4454,2025
2025-06-01 09:10:00+00:00,2025-06-01 09:50:00+00:00,short,104223.32,103788.67,TP,26.7289,1363.1743,2025
2025-06-01 10:35:00+00:00,2025-06-01 11:20:00+00:00,short,103795.41,104024.55,SL,-13.6317,1349.5426,2025
2025-06-01 12:30:00+00:00,2025-06-01 13:10:00+00:00,short,103891.68,104225.09,SL,-13.4954,1336.0472,2025
2025-06-01 16:05:00+00:00,2025-06-01 18:05:00+00:00,long,105176.5,104945.38,SL,-13.3605,1322.6867,2025
2025-06-01 19:05:00+00:00,2025-06-01 21:30:00+00:00,long,104878.05,105298.39,TP,26.4537,1349.1404,2025
2025-06-01 23:05:00+00:00,2025-06-02 00:15:00+00:00,long,105782.82,105523.81,SL,-13.4914,1335.649,2025
2025-06-02 01:20:00+00:00,2025-06-02 01:30:00+00:00,long,105603.59,105391.93,SL,-13.3565,1322.2925,2025
2025-06-02 05:40:00+00:00,2025-06-02 06:00:00+00:00,short,104682.92,104931.43,SL,-13.2229,1309.0696,2025
2025-06-02 12:00:00+00:00,2025-06-02 13:30:00+00:00,short,104027.18,104275.44,SL,-13.0907,1295.9789,2025
2025-06-02 13:50:00+00:00,2025-06-02 14:00:00+00:00,short,103788.3,103998.64,SL,-12.9598,1283.0191,2025
2025-06-02 15:00:00+00:00,2025-06-02 15:10:00+00:00,short,103994.93,104220.9,SL,-12.8302,1270.1889,2025
2025-06-02 16:10:00+00:00,2025-06-02 18:20:00+00:00,short,104240.43,104606.5,SL,-12.7019,1257.4871,2025
2025-06-02 18:40:00+00:00,2025-06-02 20:05:00+00:00,short,104390.74,104726.42,SL,-12.5749,1244.9122,2025
2025-06-02 22:00:00+00:00,2025-06-02 22:25:00+00:00,long,105165.1,105750.52,TP,24.8982,1269.8104,2025
2025-06-03 00:15:00+00:00,2025-06-03 02:25:00+00:00,long,106269.38,106052.29,SL,-12.6981,1257.1123,2025
2025-06-03 04:00:00+00:00,2025-06-03 04:30:00+00:00,long,105476.41,105202.66,SL,-12.5711,1244.5412,2025
2025-06-03 05:00:00+00:00,2025-06-03 08:10:00+00:00,long,105292.43,105037.12,SL,-12.4454,1232.0958,2025
2025-06-03 12:10:00+00:00,2025-06-03 14:25:00+00:00,long,105360.0,105789.96,TP,24.6419,1256.7377,2025
2025-06-03 18:35:00+00:00,2025-06-03 20:25:00+00:00,long,105980.0,105631.45,SL,-12.5674,1244.1703,2025
2025-06-03 23:15:00+00:00,2025-06-04 02:05:00+00:00,short,105581.62,105835.37,SL,-12.4417,1231.7286,2025
2025-06-04 02:35:00+00:00,2025-06-04 03:15:00+00:00,short,105492.42,105732.13,SL,-12.3173,1219.4113,2025
2025-06-04 03:45:00+00:00,2025-06-04 09:50:00+00:00,short,105540.91,105847.61,SL,-12.1941,1207.2172,2025
2025-06-04 13:55:00+00:00,2025-06-04 14:55:00+00:00,short,104761.17,105033.3,SL,-12.0722,1195.1451,2025
2025-06-04 16:10:00+00:00,2025-06-04 16:50:00+00:00,short,105242.72,105459.98,SL,-11.9515,1183.1936,2025
2025-06-04 16:55:00+00:00,2025-06-04 17:25:00+00:00,long,105445.89,105213.8,SL,-11.8319,1171.3617,2025
2025-06-04 20:00:00+00:00,2025-06-04 21:45:00+00:00,short,104800.0,105028.68,SL,-11.7136,1159.6481,2025
2025-06-04 22:45:00+00:00,2025-06-05 01:00:00+00:00,short,104808.0,105045.4,SL,-11.5965,1148.0516,2025
2025-06-05 01:35:00+00:00,2025-06-05 02:30:00+00:00,short,104829.08,105080.25,SL,-11.4805,1136.5711,2025
2025-06-05 03:05:00+00:00,2025-06-05 04:50:00+00:00,short,104990.55,105216.94,SL,-11.3657,1125.2053,2025
2025-06-05 10:20:00+00:00,2025-06-05 12:10:00+00:00,short,104754.72,105104.09,SL,-11.2521,1113.9533,2025
2025-06-05 16:15:00+00:00,2025-06-05 16:50:00+00:00,short,104092.04,103486.03,TP,22.2791,1136.2324,2025
2025-06-05 17:45:00+00:00,2025-06-05 18:10:00+00:00,short,103220.01,102736.39,TP,22.7246,1158.957,2025
2025-06-05 19:10:00+00:00,2025-06-05 19:15:00+00:00,short,102634.14,101811.0,TP,23.1791,1182.1361,2025
2025-06-05 23:55:00+00:00,2025-06-06 00:35:00+00:00,short,101508.68,101732.25,SL,-11.8214,1170.3148,2025
2025-06-06 01:50:00+00:00,2025-06-06 02:55:00+00:00,short,101801.18,102203.52,SL,-11.7031,1158.6116,2025
2025-06-06 04:20:00+00:00,2025-06-06 04:35:00+00:00,short,102450.0,102700.0,SL,-11.5861,1147.0255,2025
2025-06-06 06:10:00+00:00,2025-06-06 06:20:00+00:00,long,103190.98,102941.41,SL,-11.4703,1135.5553,2025
2025-06-06 06:30:00+00:00,2025-06-06 09:15:00+00:00,long,103195.92,103667.14,TP,22.7111,1158.2664,2025
2025-06-06 11:15:00+00:00,2025-06-06 13:40:00+00:00,long,103860.47,104370.0,TP,23.1653,1181.4317,2025
2025-06-06 17:55:00+00:00,2025-06-06 18:10:00+00:00,long,104922.14,104655.99,SL,-11.8143,1169.6174,2025
2025-06-06 20:10:00+00:00,2025-06-07 00:10:00+00:00,long,104326.07,104087.57,SL,-11.6962,1157.9212,2025
2025-06-07 00:40:00+00:00,2025-06-07 03:20:00+00:00,long,104337.29,104794.43,TP,23.1584,1181.0796,2025
2025-06-07 05:45:00+00:00,2025-06-07 08:50:00+00:00,long,104982.14,104737.32,SL,-11.8108,1169.2688,2025
2025-06-07 09:15:00+00:00,2025-06-07 12:25:00+00:00,long,104876.0,105298.99,TP,23.3854,1192.6542,2025
2025-06-07 12:35:00+00:00,2025-06-07 19:20:00+00:00,long,105401.56,105837.21,TP,23.8531,1216.5073,2025
2025-06-07 20:10:00+00:00,2025-06-07 23:20:00+00:00,long,105870.06,105651.26,SL,-12.1651,1204.3422,2025
2025-06-08 00:30:00+00:00,2025-06-08 03:05:00+00:00,long,105634.95,105399.06,SL,-12.0434,1192.2988,2025
2025-06-08 03:40:00+00:00,2025-06-08 09:25:00+00:00,long,105479.99,105196.58,SL,-11.923,1180.3758,2025
2025-06-08 13:30:00+00:00,2025-06-08 13:55:00+00:00,long,105847.99,105627.9,SL,-11.8038,1168.5721,2025
2025-06-08 14:55:00+00:00,2025-06-08 17:00:00+00:00,long,105829.66,106259.55,TP,23.3714,1191.9435,2025
2025-06-08 17:20:00+00:00,2025-06-08 17:55:00+00:00,long,106298.97,106082.95,SL,-11.9194,1180.0241,2025
2025-06-08 18:35:00+00:00,2025-06-08 22:05:00+00:00,long,106289.19,105996.91,SL,-11.8002,1168.2238,2025
2025-06-09 01:35:00+00:00,2025-06-09 08:50:00+00:00,short,105567.04,105898.98,SL,-11.6822,1156.5416,2025
2025-06-09 11:40:00+00:00,2025-06-09 13:25:00+00:00,long,107737.42,107489.8,SL,-11.5654,1144.9762,2025
2025-06-09 14:25:00+00:00,2025-06-09 17:05:00+00:00,long,107576.03,108099.99,TP,22.8995,1167.8757,2025
2025-06-09 17:10:00+00:00,2025-06-09 20:30:00+00:00,long,108275.37,108732.37,TP,23.3575,1191.2332,2025
2025-06-09 21:00:00+00:00,2025-06-09 21:15:00+00:00,long,108833.2,109459.78,TP,23.8247,1215.0579,2025
2025-06-09 22:30:00+00:00,2025-06-09 23:00:00+00:00,long,110346.69,110124.87,SL,-12.1506,1202.9073,2025
2025-06-10 02:45:00+00:00,2025-06-10 03:10:00+00:00,long,109640.05,109400.14,SL,-12.0291,1190.8782,2025
2025-06-10 03:45:00+00:00,2025-06-10 05:30:00+00:00,long,109564.68,109251.97,SL,-11.9088,1178.9694,2025
2025-06-10 06:25:00+00:00,2025-06-10 07:35:00+00:00,long,109400.01,109179.17,SL,-11.7897,1167.1797,2025
2025-06-10 08:40:00+00:00,2025-06-10 11:25:00+00:00,long,109246.53,109745.28,TP,23.3436,1190.5233,2025
2025-06-10 12:55:00+00:00,2025-06-10 13:30:00+00:00,long,109697.76,109428.59,SL,-11.9052,1178.6181,2025
2025-06-10 16:45:00+00:00,2025-06-10 18:40:00+00:00,short,108775.25,109082.8,SL,-11.7862,1166.8319,2025
2025-06-10 20:50:00+00:00,2025-06-10 21:20:00+00:00,long,109887.21,109610.26,SL,-11.6683,1155.1636,2025
2025-06-10 22:05:00+00:00,2025-06-10 22:35:00+00:00,long,110088.32,109822.82,SL,-11.5516,1143.612,2025
2025-06-10 23:35:00+00:00,2025-06-11 00:20:00+00:00,long,110070.13,109839.26,SL,-11.4361,1132.1758,2025
2025-06-11 02:05:00+00:00,2025-06-11 02:20:00+00:00,long,109858.22,109575.81,SL,-11.3218,1120.8541,2025
2025-06-11 02:35:00+00:00,2025-06-11 06:45:00+00:00,long,109644.45,109401.36,SL,-11.2085,1109.6455,2025
2025-06-11 07:40:00+00:00,2025-06-11 12:30:00+00:00,short,109504.81,109765.25,SL,-11.0965,1098.5491,2025
2025-06-11 14:10:00+00:00,2025-06-11 15:05:00+00:00,long,109990.0,109765.5,SL,-10.9855,1087.5636,2025
2025-06-11 17:40:00+00:00,2025-06-11 18:00:00+00:00,short,109288.63,108811.1,TP,21.7513,1109.3149,2025
2025-06-11 21:30:00+00:00,2025-06-11 22:20:00+00:00,short,108661.32,108225.14,TP,22.1863,1131.5012,2025
2025-06-12 00:30:00+00:00,2025-06-12 00:40:00+00:00,short,108435.68,108658.87,SL,-11.315,1120.1862,2025
2025-06-12 01:10:00+00:00,2025-06-12 03:20:00+00:00,short,108568.01,107849.71,TP,22.4037,1142.5899,2025
2025-06-12 07:25:00+00:00,2025-06-12 11:15:00+00:00,short,107663.08,107197.5,TP,22.8518,1165.4417,2025
2025-06-12 11:20:00+00:00,2025-06-12 12:40:00+00:00,short,107125.2,107407.35,SL,-11.6544,1153.7873,2025
2025-06-12 13:25:00+00:00,2025-06-12 13:35:00+00:00,short,106833.28,107083.2,SL,-11.5379,1142.2494,2025
2025-06-12 15:20:00+00:00,2025-06-12 16:25:00+00:00,short,107391.62,107723.07,SL,-11.4225,1130.8269,2025
2025-06-13 00:00:00+00:00,2025-06-13 00:10:00+00:00,short,104796.22,104328.68,TP,22.6165,1153.4434,2025
2025-06-13 04:15:00+00:00,2025-06-13 04:30:00+00:00,short,103927.19,104205.38,SL,-11.5344,1141.909,2025
2025-06-13 05:25:00+00:00,2025-06-13 06:25:00+00:00,short,104313.74,103848.63,TP,22.8382,1164.7472,2025
2025-06-13 08:40:00+00:00,2025-06-13 12:10:00+00:00,short,104920.94,105180.22,SL,-11.6475,1153.0997,2025
2025-06-13 12:35:00+00:00,2025-06-13 13:35:00+00:00,short,104962.24,105250.0,SL,-11.531,1141.5687,2025
2025-06-13 13:55:00+00:00,2025-06-13 14:25:00+00:00,short,104732.44,104157.01,TP,22.8314,1164.4001,2025
2025-06-13 18:55:00+00:00,2025-06-13 21:35:00+00:00,long,105193.04,105627.53,TP,23.288,1187.6881,2025
2025-06-13 23:00:00+00:00,2025-06-14 01:00:00+00:00,long,105839.99,105566.81,SL,-11.8769,1175.8112,2025
2025-06-14 02:20:00+00:00,2025-06-14 03:10:00+00:00,long,105503.08,105280.0,SL,-11.7581,1164.0531,2025
2025-06-14 06:10:00+00:00,2025-06-14 12:40:00+00:00,short,105240.02,104818.21,TP,23.2811,1187.3342,2025
2025-06-14 13:25:00+00:00,2025-06-14 16:45:00+00:00,short,104934.21,104482.0,TP,23.7467,1211.0808,2025
2025-06-14 18:35:00+00:00,2025-06-14 18:50:00+00:00,short,104447.07,104701.17,SL,-12.1108,1198.97,2025
2025-06-14 19:50:00+00:00,2025-06-14 20:35:00+00:00,short,104739.52,104955.34,SL,-11.9897,1186.9803,2025
2025-06-15 00:50:00+00:00,2025-06-15 05:55:00+00:00,long,105602.81,106073.94,TP,23.7396,1210.7199,2025
2025-06-15 07:50:00+00:00,2025-06-15 08:30:00+00:00,long,105453.45,105231.55,SL,-12.1072,1198.6127,2025
2025-06-15 11:30:00+00:00,2025-06-15 12:15:00+00:00,short,104946.0,105159.85,SL,-11.9861,1186.6266,2025
2025-06-15 14:45:00+00:00,2025-06-15 16:15:00+00:00,long,105677.99,105441.18,SL,-11.8663,1174.7603,2025
2025-06-15 17:30:00+00:00,2025-06-15 19:35:00+00:00,long,105571.15,105338.03,SL,-11.7476,1163.0127,2025
2025-06-16 01:45:00+00:00,2025-06-16 02:15:00+00:00,long,105508.6,105952.15,TP,23.2603,1186.273,2025
2025-06-16 04:15:00+00:00,2025-06-16 05:15:00+00:00,long,106026.73,106484.0,TP,23.7255,1209.9985,2025
2025-06-16 07:30:00+00:00,2025-06-16 08:20:00+00:00,long,107216.66,107000.0,SL,-12.1,1197.8985,2025
2025-06-16 10:15:00+00:00,2025-06-16 10:45:00+00:00,long,107140.01,106805.86,SL,-11.979,1185.9195,2025
2025-06-16 11:40:00+00:00,2025-06-16 12:15:00+00:00,long,106955.0,106706.59,SL,-11.8592,1174.0603,2025
2025-06-16 12:45:00+00:00,2025-06-16 14:15:00+00:00,long,106781.0,107219.99,TP,23.4812,1197.5415,2025
2025-06-16 17:15:00+00:00,2025-06-16 19:05:00+00:00,long,107897.18,108697.18,TP,23.9508,1221.4923,2025
2025-06-16 22:10:00+00:00,2025-06-16 22:30:00+00:00,long,108783.77,108562.78,SL,-12.2149,1209.2774,2025
2025-06-17 02:20:00+00:00,2025-06-17 02:50:00+00:00,short,106837.2,107308.0,SL,-12.0928,1197.1846,2025
2025-06-17 08:45:00+00:00,2025-06-17 10:05:00+00:00,short,106520.0,106070.09,TP,23.9437,1221.1283,2025
2025-06-17 13:05:00+00:00,2025-06-17 13:35:00+00:00,short,105488.73,105722.99,SL,-12.2113,1208.917,2025
2025-06-17 13:45:00+00:00,2025-06-17 14:10:00+00:00,short,105372.2,105672.55,SL,-12.0892,1196.8279,2025
2025-06-17 14:20:00+00:00,2025-06-17 14:55:00+00:00,short,105288.07,104847.33,TP,23.9366,1220.7644,2025
2025-06-17 16:50:00+00:00,2025-06-17 17:20:00+00:00,short,103554.34,103856.48,SL,-12.2076,1208.5568,2025
2025-06-17 20:00:00+00:00,2025-06-17 21:05:00+00:00,short,104729.03,104296.32,TP,24.1711,1232.7279,2025
2025-06-17 22:00:00+00:00,2025-06-17 22:05:00+00:00,short,104424.88,104653.05,SL,-12.3273,1220.4006,2025
2025-06-17 22:30:00+00:00,2025-06-17 23:35:00+00:00,short,104483.08,104699.99,SL,-12.204,1208.1966,2025
2025-06-18 00:20:00+00:00,2025-06-18 00:55:00+00:00,short,104595.35,104842.78,SL,-12.082,1196.1147,2025
2025-06-18 01:40:00+00:00,2025-06-18 02:25:00+00:00,short,104805.24,105058.9,SL,-11.9611,1184.1535,2025
2025-06-18 02:55:00+00:00,2025-06-18 03:30:00+00:00,short,104856.06,105144.5,SL,-11.8415,1172.312,2025
2025-06-18 04:30:00+00:00,2025-06-18 06:45:00+00:00,long,105268.65,105008.79,SL,-11.7231,1160.5889,2025
2025-06-18 08:40:00+00:00,2025-06-18 09:00:00+00:00,short,104807.5,105137.64,SL,-11.6059,1148.983,2025
2025-06-18 09:25:00+00:00,2025-06-18 10:30:00+00:00,short,104883.3,104457.19,TP,22.9797,1171.9626,2025
2025-06-18 12:40:00+00:00,2025-06-18 13:10:00+00:00,short,104487.69,104054.85,TP,23.4393,1195.4019,2025
2025-06-18 14:55:00+00:00,2025-06-18 15:35:00+00:00,short,104619.88,104909.99,SL,-11.954,1183.4479,2025
2025-06-18 15:45:00+00:00,2025-06-18 16:00:00+00:00,long,104949.75,104699.91,SL,-11.8345,1171.6134,2025
2025-06-18 18:55:00+00:00,2025-06-18 19:00:00+00:00,short,103623.39,103933.17,SL,-11.7161,1159.8973,2025
2025-06-18 19:55:00+00:00,2025-06-18 20:15:00+00:00,short,103808.41,104021.96,SL,-11.599,1148.2983,2025
2025-06-19 00:20:00+00:00,2025-06-19 01:00:00+00:00,long,104954.32,104583.92,SL,-11.483,1136.8153,2025
2025-06-19 02:25:00+00:00,2025-06-19 05:05:00+00:00,long,104704.9,105124.34,TP,22.7363,1159.5516,2025
2025-06-19 07:05:00+00:00,2025-06-19 13:35:00+00:00,long,104797.06,104561.14,SL,-11.5955,1147.9561,2025
2025-06-19 14:40:00+00:00,2025-06-19 17:35:00+00:00,short,104350.0,104663.0,SL,-11.4796,1136.4765,2025
2025-06-19 18:30:00+00:00,2025-06-19 22:35:00+00:00,short,104439.99,104676.16,SL,-11.3648,1125.1118,2025
2025-06-19 23:10:00+00:00,2025-06-20 01:20:00+00:00,long,104725.31,104508.72,SL,-11.2511,1113.8607,2025
2025-06-20 01:50:00+00:00,2025-06-20 02:30:00+00:00,long,104788.61,104559.46,SL,-11.1386,1102.722,2025
2025-06-20 03:25:00+00:00,2025-06-20 04:35:00+00:00,long,104690.91,104447.22,SL,-11.0272,1091.6948,2025
2025-06-20 07:15:00+00:00,2025-06-20 07:40:00+00:00,long,104999.99,105468.29,TP,21.8339,1113.5287,2025
2025-06-20 12:35:00+00:00,2025-06-20 13:45:00+00:00,long,106083.99,105576.61,SL,-11.1353,1102.3934,2025
2025-06-20 16:55:00+00:00,2025-06-20 17:15:00+00:00,short,103670.61,103146.86,TP,22.0479,1124.4413,2025
2025-06-20 21:10:00+00:00,2025-06-20 22:15:00+00:00,short,103534.49,103113.0,TP,22.4888,1146.9301,2025
2025-06-21 01:05:00+00:00,2025-06-21 01:40:00+00:00,short,103223.58,103454.0,SL,-11.4693,1135.4608,2025
2025-06-21 02:25:00+00:00,2025-06-21 03:15:00+00:00,short,103382.17,103644.74,SL,-11.3546,1124.1062,2025
2025-06-21 03:50:00+00:00,2025-06-21 08:55:00+00:00,short,103563.96,103826.03,SL,-11.2411,1112.8652,2025
2025-06-21 12:05:00+00:00,2025-06-21 13:40:00+00:00,long,103943.43,103713.49,SL,-11.1287,1101.7365,2025
2025-06-21 14:50:00+00:00,2025-06-21 18:50:00+00:00,short,103479.99,102928.08,TP,22.0347,1123.7712,2025
2025-06-21 21:20:00+00:00,2025-06-21 21:25:00+00:00,short,101581.2,101848.0,SL,-11.2377,1112.5335,2025
2025-06-21 23:20:00+00:00,2025-06-21 23:30:00+00:00,short,101453.05,101012.95,TP,22.2507,1134.7842,2025
2025-06-22 01:15:00+00:00,2025-06-22 02:00:00+00:00,short,102562.02,102841.22,SL,-11.3478,1123.4363,2025
2025-06-22 03:20:00+00:00,2025-06-22 04:05:00+00:00,short,102217.99,102717.06,SL,-11.2344,1112.202,2025
2025-06-22 05:40:00+00:00,2025-06-22 06:10:00+00:00,short,102677.0,102910.3,SL,-11.122,1101.08,2025
2025-06-22 09:20:00+00:00,2025-06-22 11:05:00+00:00,short,102369.11,102593.99,SL,-11.0108,1090.0692,2025
2025-06-22 18:15:00+00:00,2025-06-22 19:25:00+00:00,short,99505.28,99093.14,TP,21.8014,1111.8706,2025
2025-06-22 21:55:00+00:00,2025-06-22 22:00:00+00:00,short,99173.83,99832.0,SL,-11.1187,1100.7518,2025
2025-06-23 00:45:00+00:00,2025-06-23 00:50:00+00:00,long,101445.55,101221.88,SL,-11.0075,1089.7443,2025
2025-06-23 01:55:00+00:00,2025-06-23 05:25:00+00:00,long,101101.64,101514.8,TP,21.7949,1111.5392,2025
2025-06-23 10:50:00+00:00,2025-06-23 11:20:00+00:00,long,101489.17,101227.99,SL,-11.1154,1100.4238,2025
2025-06-23 11:45:00+00:00,2025-06-23 12:15:00+00:00,long,101343.37,101129.68,SL,-11.0042,1089.4196,2025
2025-06-23 12:30:00+00:00,2025-06-23 12:55:00+00:00,long,101267.67,101684.7,TP,21.7884,1111.208,2025
2025-06-23 13:20:00+00:00,2025-06-23 13:35:00+00:00,short,101153.84,101682.6,SL,-11.1121,1100.0959,2025
2025-06-23 20:15:00+00:00,2025-06-23 21:20:00+00:00,long,103643.89,104085.56,TP,22.0019,1122.0978,2025
2025-06-23 22:05:00+00:00,2025-06-23 22:20:00+00:00,long,105055.37,105753.0,TP,22.442,1144.5398,2025
2025-06-24 01:50:00+00:00,2025-06-24 02:05:00+00:00,long,105308.0,104962.67,SL,-11.4454,1133.0944,2025
2025-06-24 03:20:00+00:00,2025-06-24 04:05:00+00:00,long,105113.39,104877.08,SL,-11.3309,1121.7634,2025
2025-06-24 04:35:00+00:00,2025-06-24 05:35:00+00:00,long,104886.14,105349.61,TP,22.4353,1144.1987,2025
2025-06-24 08:55:00+00:00,2025-06-24 14:15:00+00:00,long,104996.77,105470.02,TP,22.884,1167.0827,2025
2025-06-24 16:35:00+00:00,2025-06-24 16:50:00+00:00,long,105531.54,106000.0,TP,23.3417,1190.4243,2025
2025-06-24 17:40:00+00:00,2025-06-24 18:15:00+00:00,long,106069.15,105676.0,SL,-11.9042,1178.5201,2025
2025-06-24 19:55:00+00:00,2025-06-24 20:55:00+00:00,long,105643.19,106087.3,TP,23.5704,1202.0905,2025
2025-06-24 21:45:00+00:00,2025-06-24 22:00:00+00:00,long,106109.42,105772.0,SL,-12.0209,1190.0696,2025
2025-06-24 23:50:00+00:00,2025-06-25 00:10:00+00:00,long,105949.5,106438.21,TP,23.8014,1213.871,2025
2025-06-25 00:55:00+00:00,2025-06-25 01:15:00+00:00,long,106407.34,106133.35,SL,-12.1387,1201.7323,2025
2025-06-25 01:40:00+00:00,2025-06-25 04:10:00+00:00,long,106412.99,106178.08,SL,-12.0173,1189.7149,2025
2025-06-25 05:00:00+00:00,2025-06-25 07:40:00+00:00,long,106236.09,106672.03,TP,23.7943,1213.5092,2025
2025-06-25 09:00:00+00:00,2025-06-25 10:25:00+00:00,long,106647.05,107108.63,TP,24.2702,1237.7794,2025
2025-06-25 11:40:00+00:00,2025-06-25 12:30:00+00:00,long,107186.86,106971.4,SL,-12.3778,1225.4016,2025
2025-06-25 13:00:00+00:00,2025-06-25 13:15:00+00:00,long,107232.1,107756.57,TP,24.508,1249.9097,2025
2025-06-25 16:10:00+00:00,2025-06-25 16:45:00+00:00,long,107358.29,107006.09,SL,-12.4991,1237.4106,2025
2025-06-25 17:00:00+00:00,2025-06-25 19:05:00+00:00,long,107186.3,107664.01,TP,24.7482,1262.1588,2025
2025-06-25 20:50:00+00:00,2025-06-25 21:10:00+00:00,long,107836.88,107573.2,SL,-12.6216,1249.5372,2025
2025-06-25 23:15:00+00:00,2025-06-26 01:15:00+00:00,long,107359.72,107108.14,SL,-12.4954,1237.0418,2025
2025-06-26 01:30:00+00:00,2025-06-26 03:00:00+00:00,long,107680.39,108199.23,TP,24.7408,1261.7826,2025
2025-06-26 06:10:00+00:00,2025-06-26 09:05:00+00:00,long,107741.3,107453.74,SL,-12.6178,1249.1648,2025
2025-06-26 10:20:00+00:00,2025-06-26 14:30:00+00:00,short,107280.0,107626.21,SL,-12.4916,1236.6732,2025
2025-06-26 15:20:00+00:00,2025-06-26 15:25:00+00:00,short,107376.59,106925.41,TP,24.7335,1261.4066,2025
2025-06-26 16:15:00+00:00,2025-06-26 17:00:00+00:00,short,107105.19,107399.0,SL,-12.6141,1248.7926,2025
2025-06-26 17:55:00+00:00,2025-06-26 18:05:00+00:00,short,107192.99,107439.94,SL,-12.4879,1236.3046,2025
2025-06-26 18:30:00+00:00,2025-06-26 19:15:00+00:00,short,107275.01,107536.5,SL,-12.363,1223.9416,2025
2025-06-26 20:05:00+00:00,2025-06-26 21:10:00+00:00,long,107626.0,107406.71,SL,-12.2394,1211.7022,2025
2025-06-26 22:50:00+00:00,2025-06-27 01:05:00+00:00,short,106973.25,106525.69,TP,24.234,1235.9362,2025
2025-06-27 03:10:00+00:00,2025-06-27 03:30:00+00:00,short,107168.79,107420.98,SL,-12.3594,1223.5769,2025
2025-06-27 04:50:00+00:00,2025-06-27 05:25:00+00:00,long,107557.14,107327.79,SL,-12.2358,1211.3411,2025
2025-06-27 06:50:00+00:00,2025-06-27 07:35:00+00:00,long,107375.55,107072.61,SL,-12.1134,1199.2277,2025
2025-06-27 10:55:00+00:00,2025-06-27 13:45:00+00:00,short,106995.32,106549.61,TP,23.9846,1223.2122,2025
2025-06-27 14:15:00+00:00,2025-06-27 15:25:00+00:00,short,106560.54,106781.82,SL,-12.2321,1210.9801,2025
2025-06-27 21:25:00+00:00,2025-06-28 00:00:00+00:00,long,107169.59,106948.34,SL,-12.1098,1198.8703,2025
2025-06-28 01:10:00+00:00,2025-06-28 02:15:00+00:00,short,106912.5,107128.79,SL,-11.9887,1186.8816,2025
2025-06-28 03:20:00+00:00,2025-06-29 08:30:00+00:00,long,107165.38,107627.72,TP,23.7376,1210.6192,2025
2025-06-29 11:50:00+00:00,2025-06-29 12:10:00+00:00,long,108425.0,108176.43,SL,-12.1062,1198.5131,2025
2025-06-29 14:10:00+00:00,2025-06-29 14:35:00+00:00,long,108207.59,107868.47,SL,-11.9851,1186.5279,2025
2025-06-29 15:35:00+00:00,2025-06-29 16:05:00+00:00,long,107934.87,107667.46,SL,-11.8653,1174.6626,2025
2025-06-29 17:35:00+00:00,2025-06-29 17:55:00+00:00,short,107316.46,107544.44,SL,-11.7466,1162.916,2025
2025-06-29 19:20:00+00:00,2025-06-29 22:00:00+00:00,short,107526.39,107748.55,SL,-11.6292,1151.2869,2025
2025-06-30 00:20:00+00:00,2025-06-30 02:00:00+00:00,long,108686.38,108468.6,SL,-11.5129,1139.774,2025
2025-06-30 06:05:00+00:00,2025-06-30 06:35:00+00:00,long,108252.68,107871.99,SL,-11.3977,1128.3762,2025
2025-06-30 10:05:00+00:00,2025-06-30 11:00:00+00:00,short,107473.94,107690.09,SL,-11.2838,1117.0925,2025
2025-06-30 11:55:00+00:00,2025-06-30 14:05:00+00:00,short,107654.2,107168.73,TP,22.3419,1139.4343,2025
2025-06-30 17:50:00+00:00,2025-06-30 21:50:00+00:00,short,107534.28,107074.89,TP,22.7887,1162.223,2025
2025-06-30 22:50:00+00:00,2025-07-01 00:10:00+00:00,short,107090.07,107335.08,SL,-11.6222,1150.6008,2025
2025-07-01 01:45:00+00:00,2025-07-01 04:50:00+00:00,short,107356.53,106903.22,TP,23.012,1173.6128,2025
2025-07-01 07:20:00+00:00,2025-07-01 07:30:00+00:00,short,106694.12,106999.02,SL,-11.7361,1161.8767,2025
2025-07-01 08:20:00+00:00,2025-07-01 09:40:00+00:00,short,106950.0,106509.91,TP,23.2375,1185.1142,2025
2025-07-01 10:25:00+00:00,2025-07-01 12:00:00+00:00,short,106470.49,106699.01,SL,-11.8511,1173.2631,2025
2025-07-01 12:25:00+00:00,2025-07-01 13:25:00+00:00,short,106400.0,106615.17,SL,-11.7326,1161.5304,2025
2025-07-01 14:30:00+00:00,2025-07-01 14:45:00+00:00,short,106432.49,105829.23,TP,23.2306,1184.761,2025
2025-07-01 18:15:00+00:00,2025-07-01 19:00:00+00:00,short,106007.11,105574.52,TP,23.6952,1208.4563,2025
2025-07-01 21:50:00+00:00,2025-07-01 23:10:00+00:00,short,105819.22,105384.73,TP,24.1691,1232.6254,2025
2025-07-02 00:45:00+00:00,2025-07-02 01:40:00+00:00,short,105465.99,105764.37,SL,-12.3263,1220.2991,2025
2025-07-02 02:20:00+00:00,2025-07-02 02:45:00+00:00,short,105561.76,105874.04,SL,-12.203,1208.0961,2025
2025-07-02 04:55:00+00:00,2025-07-02 06:30:00+00:00,long,106382.86,106856.22,TP,24.1619,1232.2581,2025
2025-07-02 07:50:00+00:00,2025-07-02 08:20:00+00:00,long,107170.87,107626.28,TP,24.6452,1256.9032,2025
2025-07-02 13:00:00+00:00,2025-07-02 14:10:00+00:00,long,107458.66,107994.81,TP,25.1381,1282.0413,2025
2025-07-02 18:50:00+00:00,2025-07-02 20:50:00+00:00,long,109455.45,109221.98,SL,-12.8204,1269.2209,2025
2025-07-02 21:30:00+00:00,2025-07-02 22:50:00+00:00,long,109353.17,109119.23,SL,-12.6922,1256.5287,2025
2025-07-03 00:05:00+00:00,2025-07-03 00:30:00+00:00,long,108979.99,108761.8,SL,-12.5653,1243.9634,2025
2025-07-03 00:35:00+00:00,2025-07-03 02:25:00+00:00,long,108834.99,108603.52,SL,-12.4396,1231.5238,2025
2025-07-03 03:05:00+00:00,2025-07-03 05:30:00+00:00,long,108720.0,109235.1,TP,24.6305,1256.1542,2025
2025-07-03 08:15:00+00:00,2025-07-03 09:20:00+00:00,long,109462.0,109940.83,TP,25.1231,1281.2773,2025
2025-07-03 13:10:00+00:00,2025-07-03 13:30:00+00:00,long,109339.84,109811.72,TP,25.6255,1306.9029,2025
2025-07-03 16:35:00+00:00,2025-07-03 19:00:00+00:00,long,109319.5,109812.19,TP,26.1381,1333.0409,2025
2025-07-03 20:00:00+00:00,2025-07-03 23:15:00+00:00,long,109870.64,109605.33,SL,-13.3304,1319.7105,2025
2025-07-04 00:05:00+00:00,2025-07-04 02:15:00+00:00,long,109626.91,109293.36,SL,-13.1971,1306.5134,2025
2025-07-04 04:35:00+00:00,2025-07-04 08:05:00+00:00,short,109110.26,108637.8,TP,26.1303,1332.6437,2025
2025-07-04 10:20:00+00:00,2025-07-04 13:30:00+00:00,short,108940.05,108503.12,TP,26.6529,1359.2965,2025
2025-07-04 16:10:00+00:00,2025-07-04 16:45:00+00:00,short,107447.98,107671.45,SL,-13.593,1345.7036,2025
2025-07-04 18:20:00+00:00,2025-07-04 21:45:00+00:00,short,107685.03,107913.81,SL,-13.457,1332.2465,2025
2025-07-04 23:05:00+00:00,2025-07-05 04:25:00+00:00,short,108148.0,108380.65,SL,-13.3225,1318.9241,2025
2025-07-05 06:00:00+00:00,2025-07-05 09:05:00+00:00,long,108154.73,107926.06,SL,-13.1892,1305.7348,2025
2025-07-05 11:55:00+00:00,2025-07-06 13:20:00+00:00,short,108112.21,108377.55,SL,-13.0573,1292.6775,2025
2025-07-06 17:30:00+00:00,2025-07-06 18:25:00+00:00,long,108923.56,108554.78,SL,-12.9268,1279.7507,2025
2025-07-06 19:50:00+00:00,2025-07-06 21:10:00+00:00,long,108472.24,108921.67,TP,25.595,1305.3457,2025
2025-07-07 01:30:00+00:00,2025-07-07 02:15:00+00:00,long,109035.45,109499.13,TP,26.1069,1331.4526,2025
2025-07-07 03:25:00+00:00,2025-07-07 03:55:00+00:00,long,109615.99,109389.47,SL,-13.3145,1318.1381,2025
2025-07-07 06:10:00+00:00,2025-07-07 06:40:00+00:00,long,109136.0,108822.2,SL,-13.1814,1304.9567,2025
2025-07-07 09:05:00+00:00,2025-07-07 12:15:00+00:00,short,108858.07,108413.33,TP,26.0991,1331.0559,2025
2025-07-07 14:25:00+00:00,2025-07-07 15:10:00+00:00,short,108143.88,108448.54,SL,-13.3106,1317.7453,2025
2025-07-07 16:00:00+00:00,2025-07-07 17:00:00+00:00,short,108320.0,107850.0,TP,26.3549,1344.1002,2025
2025-07-07 17:55:00+00:00,2025-07-07 19:00:00+00:00,short,107943.15,108165.19,SL,-13.441,1330.6592,2025
2025-07-07 20:00:00+00:00,2025-07-07 20:30:00+00:00,short,107916.95,108140.49,SL,-13.3066,1317.3526,2025
2025-07-07 20:40:00+00:00,2025-07-07 23:30:00+00:00,short,108004.98,108280.0,SL,-13.1735,1304.1791,2025
2025-07-08 00:20:00+00:00,2025-07-08 00:40:00+00:00,short,108246.0,108522.35,SL,-13.0418,1291.1373,2025
2025-07-08 00:55:00+00:00,2025-07-08 01:50:00+00:00,short,108299.99,107826.21,TP,25.8227,1316.9601,2025
2025-07-08 02:45:00+00:00,2025-07-08 03:00:00+00:00,short,107566.85,107805.58,SL,-13.1696,1303.7905,2025
2025-07-08 07:35:00+00:00,2025-07-08 10:35:00+00:00,long,108385.67,108831.83,TP,26.0758,1329.8663,2025
2025-07-08 12:55:00+00:00,2025-07-08 13:35:00+00:00,long,108949.19,108642.0,SL,-13.2987,1316.5676,2025
2025-07-08 13:45:00+00:00,2025-07-08 14:05:00+00:00,long,109024.0,108719.43,SL,-13.1657,1303.4019,2025
2025-07-08 21:30:00+00:00,2025-07-09 03:10:00+00:00,long,108803.5,108468.01,SL,-13.034,1290.3679,2025
2025-07-09 06:50:00+00:00,2025-07-09 09:05:00+00:00,long,108853.73,108604.77,SL,-12.9037,1277.4642,2025
2025-07-09 09:45:00+00:00,2025-07-09 12:05:00+00:00,long,108768.58,109230.99,TP,25.5493,1303.0135,2025
2025-07-09 13:05:00+00:00,2025-07-09 13:30:00+00:00,long,109728.99,109466.0,SL,-13.0301,1289.9834,2025
2025-07-09 15:20:00+00:00,2025-07-09 18:05:00+00:00,long,109014.63,109450.72,TP,25.7997,1315.783,2025
2025-07-09 22:45:00+00:00,2025-07-10 00:25:00+00:00,long,111399.99,111147.33,SL,-13.1578,1302.6252,2025
2025-07-10 01:30:00+00:00,2025-07-10 10:45:00+00:00,long,111156.34,110903.32,SL,-13.0263,1289.599,2025
2025-07-10 10:55:00+00:00,2025-07-10 12:10:00+00:00,long,111088.51,110812.87,SL,-12.896,1276.703,2025
2025-07-10 13:00:00+00:00,2025-07-10 13:45:00+00:00,long,110911.27,110629.32,SL,-12.767,1263.9359,2025
2025-07-10 20:40:00+00:00,2025-07-10 21:15:00+00:00,long,113566.3,116195.25,TP,25.2787,1289.2147,2025
2025-07-11 01:20:00+00:00,2025-07-11 02:05:00+00:00,long,115951.81,115709.28,SL,-12.8921,1276.3225,2025
2025-07-11 02:10:00+00:00,2025-07-11 02:35:00+00:00,long,115976.45,116463.49,TP,25.5265,1301.849,2025
2025-07-11 03:55:00+00:00,2025-07-11 04:05:00+00:00,long,116881.7,116642.79,SL,-13.0185,1288.8305,2025
2025-07-11 04:55:00+00:00,2025-07-11 05:25:00+00:00,long,116918.16,117493.81,TP,25.7766,1314.6071,2025
2025-07-11 08:25:00+00:00,2025-07-11 09:35:00+00:00,long,117985.31,118783.94,TP,26.2921,1340.8992,2025
2025-07-11 12:00:00+00:00,2025-07-11 13:15:00+00:00,long,117980.5,117700.1,SL,-13.409,1327.4902,2025
2025-07-11 13:55:00+00:00,2025-07-11 14:50:00+00:00,long,117989.18,117619.99,SL,-13.2749,1314.2153,2025
2025-07-11 16:30:00+00:00,2025-07-11 19:15:00+00:00,long,117328.52,117979.78,TP,26.2843,1340.4996,2025
2025-07-11 22:55:00+00:00,2025-07-12 00:35:00+00:00,long,117615.89,117263.99,SL,-13.405,1327.0946,2025
2025-07-12 01:00:00+00:00,2025-07-12 09:20:00+00:00,long,117554.99,118032.32,TP,26.5419,1353.6365,2025
2025-07-12 10:30:00+00:00,2025-07-12 11:40:00+00:00,long,118122.64,117676.3,SL,-13.5364,1340.1002,2025
2025-07-12 14:50:00+00:00,2025-07-12 19:05:00+00:00,short,117329.83,117609.99,SL,-13.401,1326.6992,2025
2025-07-12 19:30:00+00:00,2025-07-13 03:20:00+00:00,short,117475.37,117747.91,SL,-13.267,1313.4322,2025
2025-07-13 04:45:00+00:00,2025-07-13 12:50:00+00:00,long,117865.72,118511.35,TP,26.2686,1339.7008,2025
2025-07-13 13:30:00+00:00,2025-07-13 14:15:00+00:00,long,118531.57,119265.87,TP,26.794,1366.4948,2025
2025-07-13 17:35:00+00:00,2025-07-13 19:25:00+00:00,long,118760.25,119253.19,TP,27.3299,1393.8247,2025
2025-07-13 20:25:00+00:00,2025-07-13 21:00:00+00:00,long,119280.0,119028.74,SL,-13.9382,1379.8865,2025
2025-07-13 22:35:00+00:00,2025-07-14 00:20:00+00:00,long,118690.33,119268.0,TP,27.5977,1407.4842,2025
2025-07-14 02:15:00+00:00,2025-07-14 02:25:00+00:00,long,119179.99,119834.51,TP,28.1497,1435.6339,2025
2025-07-14 05:20:00+00:00,2025-07-14 05:45:00+00:00,long,122404.41,121925.2,SL,-14.3563,1421.2776,2025
2025-07-14 07:35:00+00:00,2025-07-14 08:00:00+00:00,long,122896.11,122521.37,SL,-14.2128,1407.0648,2025
2025-07-14 10:35:00+00:00,2025-07-14 11:00:00+00:00,long,122122.0,121820.43,SL,-14.0706,1392.9941,2025
2025-07-14 12:00:00+00:00,2025-07-14 13:30:00+00:00,long,121623.69,121320.0,SL,-13.9299,1379.0642,2025
2025-07-14 13:45:00+00:00,2025-07-14 14:05:00+00:00,long,121925.8,121654.0,SL,-13.7906,1365.2735,2025
2025-07-14 17:50:00+00:00,2025-07-14 18:20:00+00:00,short,119840.09,120098.45,SL,-13.6527,1351.6208,2025
2025-07-14 18:50:00+00:00,2025-07-14 19:05:00+00:00,short,119699.99,120056.49,SL,-13.5162,1338.1046,2025
2025-07-14 19:20:00+00:00,2025-07-14 19:30:00+00:00,short,119682.36,120010.31,SL,-13.381,1324.7236,2025
2025-07-14 21:10:00+00:00,2025-07-14 21:50:00+00:00,short,119845.42,120183.5,SL,-13.2472,1311.4763,2025
2025-07-14 21:55:00+00:00,2025-07-14 22:25:00+00:00,short,120034.98,120288.35,SL,-13.1148,1298.3616,2025
2025-07-14 22:45:00+00:00,2025-07-15 00:10:00+00:00,short,120121.87,119627.47,TP,25.9672,1324.3288,2025
2025-07-15 01:55:00+00:00,2025-07-15 02:00:00+00:00,short,118431.71,118783.48,SL,-13.2433,1311.0855,2025
2025-07-15 03:00:00+00:00,2025-07-15 04:00:00+00:00,short,117529.25,117004.58,TP,26.2217,1337.3072,2025
2025-07-15 04:05:00+00:00,2025-07-15 04:10:00+00:00,short,116726.33,116984.15,SL,-13.3731,1323.9341,2025
2025-07-15 05:45:00+00:00,2025-07-15 07:35:00+00:00,short,117192.74,116700.03,TP,26.4787,1350.4128,2025
2025-07-15 08:15:00+00:00,2025-07-15 09:05:00+00:00,short,116634.01,117023.63,SL,-13.5041,1336.9087,2025
2025-07-15 09:55:00+00:00,2025-07-15 10:30:00+00:00,short,116779.99,117029.86,SL,-13.3691,1323.5396,2025
2025-07-15 11:10:00+00:00,2025-07-15 11:55:00+00:00,short,116780.0,117113.98,SL,-13.2354,1310.3042,2025
2025-07-15 12:40:00+00:00,2025-07-15 12:45:00+00:00,short,116533.55,116882.9,SL,-13.103,1297.2012,2025
2025-07-15 14:20:00+00:00,2025-07-15 14:35:00+00:00,short,117764.0,117040.0,TP,25.944,1323.1452,2025
2025-07-15 18:00:00+00:00,2025-07-15 18:25:00+00:00,short,117272.02,116785.99,TP,26.4629,1349.6081,2025
2025-07-15 19:35:00+00:00,2025-07-15 21:10:00+00:00,short,116615.23,116955.34,SL,-13.4961,1336.112,2025
2025-07-15 22:40:00+00:00,2025-07-16 00:10:00+00:00,long,117729.27,117436.55,SL,-13.3611,1322.7509,2025
2025-07-16 00:40:00+00:00,2025-07-16 01:25:00+00:00,long,117920.0,117663.57,SL,-13.2275,1309.5234,2025
2025-07-16 06:25:00+00:00,2025-07-16 08:35:00+00:00,long,118060.0,118700.71,TP,26.1905,1335.7139,2025
2025-07-16 12:30:00+00:00,2025-07-16 12:55:00+00:00,long,118965.34,118613.43,SL,-13.3571,1322.3567,2025
2025-07-16 13:30:00+00:00,2025-07-16 13:35:00+00:00,long,118906.0,118609.96,SL,-13.2236,1309.1332,2025
2025-07-16 14:40:00+00:00,2025-07-16 15:00:00+00:00,long,118632.71,119310.91,TP,26.1827,1335.3158,2025
2025-07-16 15:45:00+00:00,2025-07-16 16:00:00+00:00,long,119295.99,118774.95,SL,-13.3532,1321.9627,2025
2025-07-16 16:35:00+00:00,2025-07-16 18:40:00+00:00,long,119181.99,119710.06,TP,26.4393,1348.4019,2025
2025-07-16 20:15:00+00:00,2025-07-16 20:35:00+00:00,long,119277.21,119764.48,TP,26.968,1375.37,2025
2025-07-17 01:20:00+00:00,2025-07-17 01:45:00+00:00,short,118632.03,117763.99,TP,27.5074,1402.8774,2025
2025-07-17 03:10:00+00:00,2025-07-17 04:10:00+00:00,short,118000.01,118266.55,SL,-14.0288,1388.8486,2025
2025-07-17 05:35:00+00:00,2025-07-17 05:40:00+00:00,short,118296.21,118566.34,SL,-13.8885,1374.9601,2025
2025-07-17 06:35:00+00:00,2025-07-17 07:25:00+00:00,short,118427.33,117932.73,TP,27.4992,1402.4593,2025
2025-07-17 08:10:00+00:00,2025-07-17 08:40:00+00:00,short,118133.28,118392.67,SL,-14.0246,1388.4347,2025
2025-07-17 15:40:00+00:00,2025-07-17 16:00:00+00:00,long,119073.45,118826.82,SL,-13.8843,1374.5504,2025
2025-07-17 17:05:00+00:00,2025-07-17 17:35:00+00:00,long,118928.0,118543.29,SL,-13.7455,1360.8048,2025
2025-07-17 17:45:00+00:00,2025-07-17 18:20:00+00:00,long,119059.99,119561.91,TP,27.2161,1388.0209,2025
2025-07-17 20:40:00+00:00,2025-07-17 21:00:00+00:00,long,119261.05,119799.6,TP,27.7604,1415.7814,2025
2025-07-18 00:25:00+00:00,2025-07-18 01:10:00+00:00,long,119501.0,120272.01,TP,28.3156,1444.097,2025
2025-07-18 03:50:00+00:00,2025-07-18 04:05:00+00:00,long,120234.54,119910.7,SL,-14.441,1429.656,2025
2025-07-18 04:35:00+00:00,2025-07-18 07:15:00+00:00,long,120300.0,119849.34,SL,-14.2966,1415.3595,2025
2025-07-18 13:00:00+00:00,2025-07-18 14:15:00+00:00,short,119029.1,118338.82,TP,28.3072,1443.6667,2025
2025-07-18 18:05:00+00:00,2025-07-18 19:20:00+00:00,short,117452.79,117829.94,SL,-14.4367,1429.23,2025
2025-07-18 19:55:00+00:00,2025-07-18 20:30:00+00:00,short,117374.76,116819.36,TP,28.5846,1457.8146,2025
2025-07-18 22:00:00+00:00,2025-07-18 22:20:00+00:00,short,117478.71,117760.0,SL,-14.5781,1443.2364,2025
2025-07-18 22:50:00+00:00,2025-07-18 23:30:00+00:00,short,117642.87,117899.99,SL,-14.4324,1428.8041,2025
2025-07-19 00:35:00+00:00,2025-07-19 02:45:00+00:00,short,117912.02,118191.31,SL,-14.288,1414.516,2025
2025-07-19 05:40:00+00:00,2025-07-19 08:30:00+00:00,long,118269.45,117962.25,SL,-14.1452,1400.3709,2025
2025-07-19 09:05:00+00:00,2025-07-19 14:25:00+00:00,long,118154.99,117877.57,SL,-14.0037,1386.3672,2025
2025-07-19 16:05:00+00:00,2025-07-19 21:20:00+00:00,short,117891.38,117334.3,TP,27.7273,1414.0945,2025
2025-07-20 00:05:00+00:00,2025-07-20 01:00:00+00:00,short,117743.47,117987.18,SL,-14.1409,1399.9536,2025
2025-07-20 01:55:00+00:00,2025-07-20 07:40:00+00:00,short,117941.25,118215.3,SL,-13.9995,1385.954,2025
2025-07-20 12:00:00+00:00,2025-07-20 12:20:00+00:00,short,117776.42,118055.41,SL,-13.8595,1372.0945,2025
2025-07-20 12:35:00+00:00,2025-07-20 12:50:00+00:00,short,117846.88,118106.36,SL,-13.7209,1358.3735,2025
2025-07-20 15:30:00+00:00,2025-07-20 16:20:00+00:00,long,118731.04,118478.73,SL,-13.5837,1344.7898,2025
2025-07-20 18:25:00+00:00,2025-07-20 20:00:00+00:00,long,118214.13,117939.3,SL,-13.4479,1331.3419,2025
2025-07-20 20:45:00+00:00,2025-07-20 21:00:00+00:00,long,118262.99,117925.1,SL,-13.3134,1318.0285,2025
2025-07-20 22:00:00+00:00,2025-07-20 22:10:00+00:00,short,117652.25,116918.3,TP,26.3606,1344.3891,2025
2025-07-20 23:30:00+00:00,2025-07-21 00:15:00+00:00,short,117120.01,116636.84,TP,26.8878,1371.2768,2025
2025-07-21 01:35:00+00:00,2025-07-21 01:45:00+00:00,short,116813.1,117074.0,SL,-13.7128,1357.5641,2025
2025-07-21 06:15:00+00:00,2025-07-21 06:30:00+00:00,long,118560.01,119216.98,TP,27.1513,1384.7154,2025
2025-07-21 10:20:00+00:00,2025-07-21 10:35:00+00:00,long,118689.56,118426.47,SL,-13.8472,1370.8682,2025
2025-07-21 10:50:00+00:00,2025-07-21 11:45:00+00:00,long,118568.19,118296.86,SL,-13.7087,1357.1595,2025
2025-07-21 12:20:00+00:00,2025-07-21 12:30:00+00:00,long,118562.9,118265.32,SL,-13.5716,1343.5879,2025
2025-07-21 13:00:00+00:00,2025-07-21 13:25:00+00:00,short,118000.42,118302.36,SL,-13.4359,1330.152,2025
2025-07-21 17:35:00+00:00,2025-07-21 17:50:00+00:00,short,117523.22,117800.38,SL,-13.3015,1316.8505,2025
2025-07-21 18:45:00+00:00,2025-07-21 20:00:00+00:00,short,117221.99,116750.97,TP,26.337,1343.1875,2025
2025-07-21 23:00:00+00:00,2025-07-21 23:30:00+00:00,short,117206.92,117490.0,SL,-13.4319,1329.7557,2025
2025-07-22 00:00:00+00:00,2025-07-22 01:40:00+00:00,short,117303.24,117647.36,SL,-13.2976,1316.4581,2025
2025-07-22 02:40:00+00:00,2025-07-22 03:15:00+00:00,short,117297.17,116806.91,TP,26.3292,1342.7873,2025
2025-07-22 04:45:00+00:00,2025-07-22 05:10:00+00:00,short,116787.99,117201.8,SL,-13.4279,1329.3594,2025
2025-07-22 08:50:00+00:00,2025-07-22 09:05:00+00:00,long,118298.46,118034.26,SL,-13.2936,1316.0658,2025
2025-07-22 09:30:00+00:00,2025-07-22 10:55:00+00:00,long,118373.35,118955.99,TP,26.3213,1342.3871,2025
2025-07-22 11:45:00+00:00,2025-07-22 13:45:00+00:00,long,119166.94,118880.33,SL,-13.4239,1328.9632,2025
2025-07-22 14:40:00+00:00,2025-07-22 16:15:00+00:00,long,118742.13,119280.0,TP,26.5793,1355.5425,2025
2025-07-22 17:35:00+00:00,2025-07-22 18:50:00+00:00,long,119187.82,119985.99,TP,27.1108,1382.6534,2025
2025-07-22 20:20:00+00:00,2025-07-22 21:10:00+00:00,long,119831.99,119551.17,SL,-13.8265,1368.8268,2025
2025-07-22 22:10:00+00:00,2025-07-22 23:10:00+00:00,long,119642.78,120199.99,TP,27.3765,1396.2034,2025
2025-07-23 01:50:00+00:00,2025-07-23 02:00:00+00:00,long,119536.7,119233.76,SL,-13.962,1382.2413,2025
2025-07-23 05:50:00+00:00,2025-07-23 09:15:00+00:00,short,118636.5,118140.0,TP,27.6448,1409.8862,2025
2025-07-23 12:30:00+00:00,2025-07-23 12:50:00+00:00,short,118540.0,117936.0,TP,28.1977,1438.0839,2025
2025-07-23 16:15:00+00:00,2025-07-23 17:55:00+00:00,short,117819.83,118131.99,SL,-14.3808,1423.703,2025
2025-07-23 19:30:00+00:00,2025-07-23 20:30:00+00:00,short,118285.67,117672.01,TP,28.4741,1452.1771,2025
2025-07-24 00:15:00+00:00,2025-07-24 03:50:00+00:00,long,118888.99,118622.7,SL,-14.5218,1437.6553,2025
2025-07-24 07:00:00+00:00,2025-07-24 07:05:00+00:00,short,117260.25,117600.0,SL,-14.3766,1423.2788,2025
2025-07-24 11:00:00+00:00,2025-07-24 14:05:00+00:00,long,118356.88,117982.04,SL,-14.2328,1409.046,2025
2025-07-24 14:35:00+00:00,2025-07-24 15:00:00+00:00,long,118688.99,119323.21,TP,28.1809,1437.2269,2025
2025-07-24 15:55:00+00:00,2025-07-24 16:15:00+00:00,long,119092.65,118852.32,SL,-14.3723,1422.8546,2025
2025-07-24 17:15:00+00:00,2025-07-24 21:10:00+00:00,long,118878.06,118589.93,SL,-14.2285,1408.6261,2025
2025-07-24 22:10:00+00:00,2025-07-25 00:25:00+00:00,short,118441.45,117964.71,TP,28.1725,1436.7986,2025
2025-07-25 02:25:00+00:00,2025-07-25 02:55:00+00:00,short,117100.0,116353.67,TP,28.736,1465.5346,2025
2025-07-25 06:25:00+00:00,2025-07-25 07:15:00+00:00,short,115287.87,115801.08,SL,-14.6553,1450.8792,2025
2025-07-25 07:45:00+00:00,2025-07-25 08:00:00+00:00,short,115193.36,115477.19,SL,-14.5088,1436.3704,2025
2025-07-25 08:40:00+00:00,2025-07-25 08:45:00+00:00,short,115106.6,115448.83,SL,-14.3637,1422.0067,2025
2025-07-25 11:40:00+00:00,2025-07-25 12:30:00+00:00,short,116527.12,116033.44,TP,28.4401,1450.4469,2025
2025-07-25 17:35:00+00:00,2025-07-25 18:10:00+00:00,short,116029.25,116403.35,SL,-14.5045,1435.9424,2025
2025-07-25 20:35:00+00:00,2025-07-25 23:35:00+00:00,long,117045.99,117547.58,TP,28.7188,1464.6613,2025
2025-07-26 02:20:00+00:00,2025-07-26 10:35:00+00:00,long,117472.85,117959.52,TP,29.2932,1493.9545,2025
2025-07-26 13:00:00+00:00,2025-07-27 15:15:00+00:00,long,118042.42,118536.36,TP,29.8791,1523.8336,2025
2025-07-27 15:55:00+00:00,2025-07-27 16:10:00+00:00,long,118585.74,119157.64,TP,30.4767,1554.3102,2025
2025-07-27 20:00:00+00:00,2025-07-27 20:50:00+00:00,long,119098.66,118770.44,SL,-15.5431,1538.7671,2025
2025-07-27 21:25:00+00:00,2025-07-27 22:00:00+00:00,long,119043.73,119524.0,TP,30.7753,1569.5425,2025
2025-07-28 00:20:00+00:00,2025-07-28 00:40:00+00:00,long,119641.85,119252.7,SL,-15.6954,1553.8471,2025
2025-07-28 02:15:00+00:00,2025-07-28 07:05:00+00:00,long,119368.45,118950.26,SL,-15.5385,1538.3086,2025
2025-07-28 09:35:00+00:00,2025-07-28 12:20:00+00:00,short,118800.0,119093.67,SL,-15.3831,1522.9255,2025
2025-07-28 13:00:00+00:00,2025-07-28 14:20:00+00:00,short,118766.0,118120.01,TP,30.4585,1553.384,2025
2025-07-28 16:05:00+00:00,2025-07-28 16:25:00+00:00,short,118004.41,118293.68,SL,-15.5338,1537.8502,2025
2025-07-28 17:00:00+00:00,2025-07-28 18:05:00+00:00,short,118024.93,117540.0,TP,30.757,1568.6072,2025
2025-07-28 19:45:00+00:00,2025-07-28 19:50:00+00:00,short,117626.06,117939.99,SL,-15.6861,1552.9211,2025
2025-07-28 20:10:00+00:00,2025-07-28 20:55:00+00:00,short,117768.06,118044.93,SL,-15.5292,1537.3919,2025
2025-07-28 22:05:00+00:00,2025-07-29 00:20:00+00:00,short,118145.68,118412.24,SL,-15.3739,1522.018,2025
2025-07-29 00:30:00+00:00,2025-07-29 01:05:00+00:00,short,117820.01,118064.46,SL,-15.2202,1506.7978,2025
2025-07-29 01:50:00+00:00,2025-07-29 03:00:00+00:00,short,117935.6,118237.75,SL,-15.068,1491.7298,2025
2025-07-29 05:50:00+00:00,2025-07-29 10:05:00+00:00,long,118851.99,118568.47,SL,-14.9173,1476.8125,2025
2025-07-29 16:35:00+00:00,2025-07-29 16:40:00+00:00,short,117085.83,117459.39,SL,-14.7681,1462.0444,2025
2025-07-29 18:05:00+00:00,2025-07-29 19:10:00+00:00,short,117535.39,117780.0,SL,-14.6204,1447.4239,2025
2025-07-29 19:25:00+00:00,2025-07-29 20:20:00+00:00,short,117462.94,117712.0,SL,-14.4742,1432.9497,2025
2025-07-29 20:30:00+00:00,2025-07-29 20:55:00+00:00,short,117214.77,117514.28,SL,-14.3295,1418.6202,2025
2025-07-29 23:40:00+00:00,2025-07-30 02:10:00+00:00,short,117772.59,118097.73,SL,-14.1862,1404.434,2025
2025-07-30 03:35:00+00:00,2025-07-30 05:10:00+00:00,long,118142.83,117711.48,SL,-14.0443,1390.3897,2025
2025-07-30 05:55:00+00:00,2025-07-30 08:50:00+00:00,long,117992.26,118465.18,TP,27.8078,1418.1975,2025
2025-07-30 10:05:00+00:00,2025-07-30 10:50:00+00:00,long,118318.03,118064.45,SL,-14.182,1404.0155,2025
2025-07-30 17:50:00+00:00,2025-07-30 18:45:00+00:00,short,117705.0,116909.29,TP,28.0803,1432.0958,2025
2025-07-30 21:35:00+00:00,2025-07-30 21:55:00+00:00,short,117040.68,117326.82,SL,-14.321,1417.7748,2025
2025-07-31 02:45:00+00:00,2025-07-31 13:20:00+00:00,long,118418.94,118144.01,SL,-14.1777,1403.5971,2025
2025-07-31 13:50:00+00:00,2025-07-31 14:05:00+00:00,long,118648.47,118376.21,SL,-14.036,1389.5611,2025
2025-07-31 14:20:00+00:00,2025-07-31 16:15:00+00:00,short,118163.63,118435.84,SL,-13.8956,1375.6655,2025
2025-07-31 17:00:00+00:00,2025-07-31 17:50:00+00:00,short,118266.77,117780.01,TP,27.5133,1403.1788,2025
2025-07-31 19:05:00+00:00,2025-07-31 19:30:00+00:00,short,117564.01,117027.46,TP,28.0636,1431.2424,2025
2025-07-31 22:05:00+00:00,2025-07-31 23:50:00+00:00,short,116200.01,115573.46,TP,28.6248,1459.8672,2025
2025-08-01 00:45:00+00:00,2025-08-01 01:10:00+00:00,short,115250.01,114649.9,TP,29.1973,1489.0646,2025
2025-08-01 03:40:00+00:00,2025-08-01 06:25:00+00:00,short,115842.5,115258.0,TP,29.7813,1518.8459,2025
2025-08-01 08:20:00+00:00,2025-08-01 08:40:00+00:00,short,114359.85,114590.88,SL,-15.1885,1503.6574,2025
2025-08-01 10:25:00+00:00,2025-08-01 11:45:00+00:00,short,115020.08,115304.21,SL,-15.0366,1488.6208,2025
2025-08-01 15:10:00+00:00,2025-08-01 15:50:00+00:00,short,115133.99,115463.12,SL,-14.8862,1473.7346,2025
2025-08-01 16:45:00+00:00,2025-08-01 17:00:00+00:00,short,115329.27,114711.66,TP,29.4747,1503.2093,2025
2025-08-01 18:55:00+00:00,2025-08-01 19:20:00+00:00,short,113836.93,113328.83,TP,30.0642,1533.2735,2025
2025-08-01 22:05:00+00:00,2025-08-01 22:15:00+00:00,short,113536.0,113796.0,SL,-15.3327,1517.9408,2025
2025-08-02 01:25:00+00:00,2025-08-02 03:05:00+00:00,short,113560.0,113889.31,SL,-15.1794,1502.7614,2025
2025-08-02 04:15:00+00:00,2025-08-02 13:25:00+00:00,short,113865.69,113284.65,TP,30.0552,1532.8166,2025
2025-08-02 14:15:00+00:00,2025-08-02 16:05:00+00:00,short,113237.76,112758.34,TP,30.6563,1563.4729,2025
2025-08-02 17:45:00+00:00,2025-08-02 18:10:00+00:00,short,113035.62,112500.01,TP,31.2695,1594.7424,2025
2025-08-02 20:00:00+00:00,2025-08-02 20:25:00+00:00,short,112170.0,112427.95,SL,-15.9474,1578.795,2025
2025-08-02 22:15:00+00:00,2025-08-02 22:50:00+00:00,short,112685.26,112949.92,SL,-15.788,1563.007,2025
2025-08-03 00:20:00+00:00,2025-08-03 00:40:00+00:00,short,112361.77,112634.7,SL,-15.6301,1547.3769,2025
2025-08-03 03:40:00+00:00,2025-08-03 04:00:00+00:00,long,113714.42,113478.0,SL,-15.4738,1531.9032,2025
2025-08-03 05:25:00+00:00,2025-08-03 11:10:00+00:00,long,113595.31,114231.95,TP,30.6381,1562.5412,2025
2025-08-03 12:45:00+00:00,2025-08-03 14:15:00+00:00,long,114033.36,113794.09,SL,-15.6254,1546.9158,2025
2025-08-03 15:15:00+00:00,2025-08-03 18:25:00+00:00,long,113820.02,114302.3,TP,30.9383,1577.8541,2025
2025-08-03 20:55:00+00:00,2025-08-03 22:15:00+00:00,long,114423.77,114184.0,SL,-15.7785,1562.0756,2025
2025-08-03 22:50:00+00:00,2025-08-04 00:05:00+00:00,long,114369.55,114136.0,SL,-15.6208,1546.4549,2025
2025-08-04 00:25:00+00:00,2025-08-04 00:50:00+00:00,long,114350.47,114876.0,TP,30.9291,1577.3839,2025
2025-08-04 02:55:00+00:00,2025-08-04 04:15:00+00:00,long,114797.9,114557.39,SL,-15.7738,1561.6101,2025
2025-08-04 05:50:00+00:00,2025-08-04 13:55:00+00:00,long,114339.75,114913.88,TP,31.2322,1592.8423,2025
2025-08-04 16:10:00+00:00,2025-08-04 17:05:00+00:00,long,115015.81,115536.4,TP,31.8568,1624.6992,2025
2025-08-04 20:30:00+00:00,2025-08-05 01:50:00+00:00,long,115015.81,114710.04,SL,-16.247,1608.4522,2025
2025-08-05 03:05:00+00:00,2025-08-05 07:35:00+00:00,short,114487.36,113855.46,TP,32.169,1640.6212,2025
2025-08-05 14:10:00+00:00,2025-08-05 14:20:00+00:00,short,113864.58,113287.98,TP,32.8124,1673.4336,2025
2025-08-05 18:35:00+00:00,2025-08-05 19:00:00+00:00,short,113463.73,113746.52,SL,-16.7343,1656.6993,2025
2025-08-05 19:30:00+00:00,2025-08-05 20:25:00+00:00,short,113655.76,113989.91,SL,-16.567,1640.1323,2025
2025-08-05 20:40:00+00:00,2025-08-05 22:30:00+00:00,short,113658.77,113890.52,SL,-16.4013,1623.731,2025
2025-08-06 02:05:00+00:00,2025-08-06 05:10:00+00:00,short,113623.39,113927.69,SL,-16.2373,1607.4937,2025
2025-08-06 07:20:00+00:00,2025-08-06 08:30:00+00:00,long,114223.97,113954.24,SL,-16.0749,1591.4187,2025
2025-08-06 09:10:00+00:00,2025-08-06 10:20:00+00:00,long,114168.57,113915.99,SL,-15.9142,1575.5045,2025
2025-08-06 10:40:00+00:00,2025-08-06 13:05:00+00:00,long,114121.14,113870.0,SL,-15.755,1559.7495,2025
2025-08-06 13:40:00+00:00,2025-08-06 14:55:00+00:00,long,114171.0,115187.96,TP,31.195,1590.9445,2025
2025-08-06 17:40:00+00:00,2025-08-06 19:45:00+00:00,long,115460.71,115214.8,SL,-15.9094,1575.035,2025
2025-08-06 21:10:00+00:00,2025-08-06 21:35:00+00:00,long,115219.68,114887.0,SL,-15.7503,1559.2847,2025
2025-08-06 22:00:00+00:00,2025-08-07 00:05:00+00:00,long,115136.96,114903.25,SL,-15.5928,1543.6919,2025
2025-08-07 00:30:00+00:00,2025-08-07 01:55:00+00:00,long,115004.58,114763.46,SL,-15.4369,1528.2549,2025
2025-08-07 04:40:00+00:00,2025-08-07 06:10:00+00:00,short,114434.01,114677.88,SL,-15.2825,1512.9724,2025
2025-08-07 08:00:00+00:00,2025-08-07 10:00:00+00:00,long,114988.54,115462.99,TP,30.2594,1543.2318,2025
2025-08-07 13:35:00+00:00,2025-08-07 14:05:00+00:00,long,116723.57,116317.46,SL,-15.4323,1527.7995,2025
2025-08-07 15:20:00+00:00,2025-08-07 16:40:00+00:00,long,116590.52,116100.01,SL,-15.278,1512.5215,2025
2025-08-07 17:25:00+00:00,2025-08-07 19:35:00+00:00,long,116398.83,116896.0,TP,30.2504,1542.7719,2025
2025-08-07 22:20:00+00:00,2025-08-08 00:15:00+00:00,long,117480.0,116878.05,SL,-15.4277,1527.3442,2025
2025-08-08 00:40:00+00:00,2025-08-08 00:55:00+00:00,long,117573.88,117264.12,SL,-15.2734,1512.0708,2025
2025-08-08 02:30:00+00:00,2025-08-08 05:45:00+00:00,long,116794.0,116556.0,SL,-15.1207,1496.9501,2025
2025-08-08 10:25:00+00:00,2025-08-08 11:05:00+00:00,short,116500.03,116764.69,SL,-14.9695,1481.9806,2025
2025-08-08 12:10:00+00:00,2025-08-08 13:55:00+00:00,short,116619.86,116917.97,SL,-14.8198,1467.1608,2025
2025-08-08 18:35:00+00:00,2025-08-08 19:15:00+00:00,short,116432.03,116679.99,SL,-14.6716,1452.4892,2025
2025-08-08 20:30:00+00:00,2025-08-09 08:40:00+00:00,long,116557.05,117155.65,TP,29.0498,1481.5389,2025
2025-08-09 13:00:00+00:00,2025-08-09 13:10:00+00:00,long,117136.57,116900.0,SL,-14.8154,1466.7236,2025
2025-08-09 13:45:00+00:00,2025-08-09 16:20:00+00:00,long,117000.37,116730.19,SL,-14.6672,1452.0563,2025
2025-08-09 18:45:00+00:00,2025-08-09 20:35:00+00:00,short,116555.03,116807.8,SL,-14.5206,1437.5358,2025
2025-08-09 21:20:00+00:00,2025-08-10 02:25:00+00:00,short,116560.0,116794.25,SL,-14.3754,1423.1604,2025
2025-08-10 06:55:00+00:00,2025-08-10 07:35:00+00:00,long,118074.24,117700.01,SL,-14.2316,1408.9288,2025
2025-08-10 08:15:00+00:00,2025-08-10 12:15:00+00:00,long,118119.7,118628.45,TP,28.1786,1437.1074,2025
2025-08-10 14:20:00+00:00,2025-08-10 17:20:00+00:00,long,118769.98,118465.31,SL,-14.3711,1422.7363,2025
2025-08-10 18:35:00+00:00,2025-08-10 20:15:00+00:00,long,118529.95,118158.02,SL,-14.2274,1408.5089,2025
2025-08-10 20:40:00+00:00,2025-08-10 20:55:00+00:00,long,118688.14,118323.16,SL,-14.0851,1394.4238,2025
2025-08-10 21:00:00+00:00,2025-08-10 21:05:00+00:00,short,118100.0,118355.61,SL,-13.9442,1380.4796,2025
2025-08-10 21:45:00+00:00,2025-08-10 22:50:00+00:00,long,118495.94,118990.36,TP,27.6096,1408.0892,2025
2025-08-10 23:30:00+00:00,2025-08-11 01:15:00+00:00,long,119259.99,118981.99,SL,-14.0809,1394.0083,2025
2025-08-11 01:30:00+00:00,2025-08-11 02:00:00+00:00,long,119764.25,120694.02,TP,27.8802,1421.8885,2025
2025-08-11 05:10:00+00:00,2025-08-11 05:20:00+00:00,long,122304.02,121852.03,SL,-14.2189,1407.6696,2025
2025-08-11 06:50:00+00:00,2025-08-11 07:05:00+00:00,long,122324.72,122068.31,SL,-14.0767,1393.5929,2025
2025-08-11 08:35:00+00:00,2025-08-11 09:15:00+00:00,long,121675.82,121415.45,SL,-13.9359,1379.657,2025
2025-08-11 09:55:00+00:00,2025-08-11 10:05:00+00:00,long,121439.75,121181.49,SL,-13.7966,1365.8604,2025
2025-08-11 10:20:00+00:00,2025-08-11 10:45:00+00:00,long,121368.0,121067.33,SL,-13.6586,1352.2018,2025
2025-08-11 16:35:00+00:00,2025-08-11 17:15:00+00:00,short,120287.89,119765.99,TP,27.044,1379.2458,2025
2025-08-11 19:30:00+00:00,2025-08-11 19:50:00+00:00,short,119315.36,118773.88,TP,27.5849,1406.8307,2025
2025-08-11 21:45:00+00:00,2025-08-11 21:55:00+00:00,short,118428.97,118712.61,SL,-14.0683,1392.7624,2025
2025-08-12 00:05:00+00:00,2025-08-12 00:15:00+00:00,short,118593.39,118851.77,SL,-13.9276,1378.8348,2025
2025-08-12 02:00:00+00:00,2025-08-12 02:25:00+00:00,short,118834.52,119121.09,SL,-13.7883,1365.0465,2025
2025-08-12 02:55:00+00:00,2025-08-12 05:30:00+00:00,short,119054.13,118506.82,TP,27.3009,1392.3474,2025
2025-08-12 07:45:00+00:00,2025-08-12 09:45:00+00:00,short,119018.31,118541.6,TP,27.8469,1420.1943,2025
2025-08-12 12:10:00+00:00,2025-08-12 12:30:00+00:00,short,118371.43,118940.09,SL,-14.2019,1405.9924,2025
2025-08-12 13:40:00+00:00,2025-08-12 14:00:00+00:00,short,118742.52,119027.57,SL,-14.0599,1391.9325,2025
2025-08-12 14:50:00+00:00,2025-08-12 15:30:00+00:00,long,119310.01,119950.0,TP,27.8387,1419.7711,2025
2025-08-12 18:10:00+00:00,2025-08-12 18:45:00+00:00,long,119784.31,119483.28,SL,-14.1977,1405.5734,2025
2025-08-12 19:20:00+00:00,2025-08-12 20:45:00+00:00,long,119754.15,120249.99,TP,28.1115,1433.6849,2025
2025-08-12 22:50:00+00:00,2025-08-13 00:55:00+00:00,long,119956.23,119713.19,SL,-14.3368,1419.348,2025
2025-08-13 04:40:00+00:00,2025-08-13 08:00:00+00:00,short,119400.01,119651.0,SL,-14.1935,1405.1546,2025
2025-08-13 10:05:00+00:00,2025-08-13 13:45:00+00:00,long,120258.67,121056.21,TP,28.1031,1433.2576,2025
2025-08-13 16:00:00+00:00,2025-08-13 17:20:00+00:00,long,121236.26,121839.66,TP,28.6652,1461.9228,2025
2025-08-13 18:00:00+00:00,2025-08-13 18:05:00+00:00,long,121922.01,121644.81,SL,-14.6192,1447.3036,2025
2025-08-13 18:10:00+00:00,2025-08-13 18:25:00+00:00,long,121908.97,121627.74,SL,-14.473,1432.8305,2025
2025-08-13 19:10:00+00:00,2025-08-13 19:20:00+00:00,long,121934.01,122505.39,TP,28.6566,1461.4871,2025
2025-08-13 20:45:00+00:00,2025-08-13 21:25:00+00:00,long,122939.99,122689.19,SL,-14.6149,1446.8723,2025
2025-08-13 22:15:00+00:00,2025-08-13 22:40:00+00:00,long,122931.61,123518.76,TP,28.9374,1475.8097,2025
2025-08-13 23:30:00+00:00,2025-08-14 00:25:00+00:00,long,123428.99,124243.32,TP,29.5162,1505.3259,2025
2025-08-14 02:45:00+00:00,2025-08-14 03:50:00+00:00,long,123613.73,123350.01,SL,-15.0533,1490.2727,2025
2025-08-14 09:00:00+00:00,2025-08-14 09:10:00+00:00,short,121543.76,121899.77,SL,-14.9027,1475.3699,2025
2025-08-14 09:40:00+00:00,2025-08-14 10:50:00+00:00,short,121580.01,120904.24,TP,29.5074,1504.8773,2025
2025-08-14 12:30:00+00:00,2025-08-14 12:35:00+00:00,short,118715.99,119004.75,SL,-15.0488,1489.8286,2025
2025-08-14 15:25:00+00:00,2025-08-14 16:10:00+00:00,short,118150.62,117646.41,TP,29.7966,1519.6251,2025
2025-08-14 18:20:00+00:00,2025-08-14 18:25:00+00:00,short,117495.59,117855.0,SL,-15.1963,1504.4289,2025
2025-08-14 19:55:00+00:00,2025-08-14 22:20:00+00:00,short,117945.92,118204.38,SL,-15.0443,1489.3846,2025
2025-08-14 23:55:00+00:00,2025-08-15 01:40:00+00:00,short,118295.09,118621.99,SL,-14.8938,1474.4907,2025
2025-08-15 02:50:00+00:00,2025-08-15 03:20:00+00:00,short,118687.59,118927.54,SL,-14.7449,1459.7458,2025
2025-08-15 04:10:00+00:00,2025-08-15 04:50:00+00:00,long,119106.78,118822.9,SL,-14.5975,1445.1484,2025
2025-08-15 06:00:00+00:00,2025-08-15 07:10:00+00:00,long,119135.23,118874.82,SL,-14.4515,1430.6969,2025
2025-08-15 08:05:00+00:00,2025-08-15 09:20:00+00:00,long,119049.73,118791.54,SL,-14.307,1416.3899,2025
2025-08-15 10:05:00+00:00,2025-08-15 12:25:00+00:00,long,118948.62,118674.13,SL,-14.1639,1402.226,2025
2025-08-15 14:20:00+00:00,2025-08-15 14:50:00+00:00,short,117842.0,117347.99,TP,28.0445,1430.2705,2025
2025-08-15 18:15:00+00:00,2025-08-15 22:50:00+00:00,short,117300.38,117691.77,SL,-14.3027,1415.9678,2025
2025-08-15 23:10:00+00:00,2025-08-16 00:30:00+00:00,short,117326.03,117606.53,SL,-14.1597,1401.8082,2025
2025-08-16 02:00:00+00:00,2025-08-17 04:50:00+00:00,short,117645.93,118146.36,SL,-14.0181,1387.7901,2025
2025-08-17 08:00:00+00:00,2025-08-17 13:50:00+00:00,long,118026.0,118499.29,TP,27.7558,1415.5459,2025
2025-08-17 15:40:00+00:00,2025-08-17 16:35:00+00:00,long,118248.58,117960.0,SL,-14.1555,1401.3904,2025
2025-08-17 18:50:00+00:00,2025-08-17 22:10:00+00:00,short,117558.72,117807.22,SL,-14.0139,1387.3765,2025
2025-08-17 23:10:00+00:00,2025-08-18 00:15:00+00:00,short,117779.54,117300.01,TP,27.7475,1415.124,2025
2025-08-18 01:25:00+00:00,2025-08-18 01:50:00+00:00,short,116670.05,116188.55,TP,28.3025,1443.4265,2025
2025-08-18 05:40:00+00:00,2025-08-18 05:50:00+00:00,short,115163.67,115501.27,SL,-14.4343,1428.9923,2025
2025-08-18 06:20:00+00:00,2025-08-18 07:00:00+00:00,short,115142.72,115436.75,SL,-14.2899,1414.7023,2025
2025-08-18 08:00:00+00:00,2025-08-18 09:25:00+00:00,short,115181.47,114677.79,TP,28.294,1442.9964,2025
2025-08-18 11:20:00+00:00,2025-08-18 12:30:00+00:00,short,114966.0,115233.64,SL,-14.43,1428.5664,2025
2025-08-18 13:45:00+00:00,2025-08-18 13:55:00+00:00,short,115321.24,114839.13,TP,28.5713,1457.1377,2025
2025-08-18 17:15:00+00:00,2025-08-18 20:40:00+00:00,long,116428.98,116086.7,SL,-14.5714,1442.5664,2025
2025-08-18 21:00:00+00:00,2025-08-18 22:00:00+00:00,long,116470.06,116957.03,TP,28.8513,1471.4177,2025
2025-08-19 00:45:00+00:00,2025-08-19 01:30:00+00:00,long,116333.73,116009.05,SL,-14.7142,1456.7035,2025
2025-08-19 03:05:00+00:00,2025-08-19 03:40:00+00:00,short,115515.52,114972.0,TP,29.1341,1485.8376,2025
2025-08-19 05:55:00+00:00,2025-08-19 08:50:00+00:00,short,114972.9,115292.31,SL,-14.8584,1470.9792,2025
2025-08-19 10:00:00+00:00,2025-08-19 11:05:00+00:00,short,115318.43,115552.89,SL,-14.7098,1456.2694,2025
2025-08-19 11:15:00+00:00,2025-08-19 12:45:00+00:00,long,115591.6,115310.77,SL,-14.5627,1441.7067,2025
2025-08-19 13:15:00+00:00,2025-08-19 13:35:00+00:00,long,115620.0,115305.61,SL,-14.4171,1427.2897,2025
2025-08-19 17:00:00+00:00,2025-08-19 17:30:00+00:00,short,113312.11,113562.91,SL,-14.2729,1413.0168,2025
2025-08-19 18:35:00+00:00,2025-08-19 19:20:00+00:00,short,113092.62,113323.14,SL,-14.1302,1398.8866,2025
2025-08-19 20:10:00+00:00,2025-08-19 20:25:00+00:00,short,112976.0,113298.08,SL,-13.9889,1384.8977,2025
2025-08-19 21:45:00+00:00,2025-08-19 23:00:00+00:00,short,113469.17,112990.01,TP,27.698,1412.5957,2025
2025-08-20 01:25:00+00:00,2025-08-20 02:10:00+00:00,short,112944.8,113272.3,SL,-14.126,1398.4697,2025
2025-08-20 03:45:00+00:00,2025-08-20 05:50:00+00:00,short,113464.22,113724.38,SL,-13.9847,1384.485,2025
2025-08-20 06:05:00+00:00,2025-08-20 08:30:00+00:00,short,113636.11,113923.4,SL,-13.8448,1370.6402,2025
2025-08-20 10:50:00+00:00,2025-08-20 11:10:00+00:00,long,113841.57,113593.99,SL,-13.7064,1356.9338,2025
2025-08-20 12:00:00+00:00,2025-08-20 12:20:00+00:00,long,113858.58,113615.73,SL,-13.5693,1343.3644,2025
2025-08-20 13:00:00+00:00,2025-08-20 13:45:00+00:00,short,113536.87,112764.0,TP,26.8673,1370.2317,2025
2025-08-20 15:50:00+00:00,2025-08-20 16:15:00+00:00,short,113473.69,113937.98,SL,-13.7023,1356.5294,2025
2025-08-20 16:25:00+00:00,2025-08-20 16:35:00+00:00,long,114267.27,114002.28,SL,-13.5653,1342.9641,2025
2025-08-20 17:05:00+00:00,2025-08-20 17:20:00+00:00,long,114126.0,113859.26,SL,-13.4296,1329.5345,2025
2025-08-20 17:40:00+00:00,2025-08-20 18:00:00+00:00,long,114263.29,113879.47,SL,-13.2953,1316.2391,2025
2025-08-20 19:10:00+00:00,2025-08-20 21:05:00+00:00,long,113948.07,114432.57,TP,26.3248,1342.5639,2025
2025-08-20 21:50:00+00:00,2025-08-21 00:00:00+00:00,long,114435.63,114197.62,SL,-13.4256,1329.1383,2025
2025-08-21 00:40:00+00:00,2025-08-21 01:15:00+00:00,long,114420.0,113966.45,SL,-13.2914,1315.8469,2025
2025-08-21 01:35:00+00:00,2025-08-21 02:15:00+00:00,long,114399.99,114039.56,SL,-13.1585,1302.6884,2025
2025-08-21 03:05:00+00:00,2025-08-21 03:20:00+00:00,long,114479.36,114242.76,SL,-13.0269,1289.6615,2025
2025-08-21 06:10:00+00:00,2025-08-21 07:35:00+00:00,short,113652.43,113903.62,SL,-12.8966,1276.7649,2025
2025-08-21 08:25:00+00:00,2025-08-21 10:00:00+00:00,short,113760.01,113285.36,TP,25.5353,1302.3002,2025
2025-08-21 11:45:00+00:00,2025-08-21 12:20:00+00:00,short,113080.61,113330.08,SL,-13.023,1289.2772,2025
2025-08-21 12:45:00+00:00,2025-08-21 13:00:00+00:00,short,113004.0,113243.81,SL,-12.8928,1276.3844,2025
2025-08-21 14:35:00+00:00,2025-08-21 15:10:00+00:00,short,113262.05,112700.03,TP,25.5277,1301.9121,2025
2025-08-21 19:25:00+00:00,2025-08-21 20:50:00+00:00,short,112258.59,112725.99,SL,-13.0191,1288.893,2025
2025-08-21 22:30:00+00:00,2025-08-22 00:30:00+00:00,short,112536.0,112808.0,SL,-12.8889,1276.0041,2025
2025-08-22 01:00:00+00:00,2025-08-22 01:40:00+00:00,short,112634.49,112911.52,SL,-12.76,1263.244,2025
2025-08-22 05:30:00+00:00,2025-08-22 09:05:00+00:00,long,113130.99,112871.72,SL,-12.6324,1250.6116,2025
2025-08-22 09:45:00+00:00,2025-08-22 10:05:00+00:00,long,113072.97,112839.72,SL,-12.5061,1238.1055,2025
2025-08-22 10:10:00+00:00,2025-08-22 11:10:00+00:00,short,112771.79,112314.0,TP,24.7621,1262.8676,2025
2025-08-22 12:10:00+00:00,2025-08-22 12:45:00+00:00,short,112079.02,112669.01,SL,-12.6287,1250.2389,2025
2025-08-22 18:05:00+00:00,2025-08-22 18:20:00+00:00,long,117218.0,116849.99,SL,-12.5024,1237.7365,2025
2025-08-22 20:15:00+00:00,2025-08-22 22:20:00+00:00,long,116899.53,116631.57,SL,-12.3774,1225.3592,2025
2025-08-22 23:25:00+00:00,2025-08-23 01:35:00+00:00,long,116743.52,116422.01,SL,-12.2536,1213.1056,2025
2025-08-23 03:10:00+00:00,2025-08-23 03:15:00+00:00,long,116003.83,115747.21,SL,-12.1311,1200.9745,2025
2025-08-23 03:30:00+00:00,2025-08-23 04:35:00+00:00,short,115647.1,115960.66,SL,-12.0097,1188.9648,2025
2025-08-23 07:15:00+00:00,2025-08-23 10:55:00+00:00,long,115825.88,115575.72,SL,-11.8896,1177.0751,2025
2025-08-23 11:25:00+00:00,2025-08-23 13:25:00+00:00,short,115531.16,115019.06,TP,23.5415,1200.6166,2025
2025-08-23 14:45:00+00:00,2025-08-23 16:50:00+00:00,short,114735.4,115028.76,SL,-12.0062,1188.6105,2025
2025-08-23 18:25:00+00:00,2025-08-23 20:55:00+00:00,short,115073.38,115325.81,SL,-11.8861,1176.7244,2025
2025-08-23 21:10:00+00:00,2025-08-23 23:45:00+00:00,short,115104.0,115343.9,SL,-11.7672,1164.9571,2025
2025-08-23 23:50:00+00:00,2025-08-24 02:45:00+00:00,long,115422.45,115158.17,SL,-11.6496,1153.3075,2025
2025-08-24 05:25:00+00:00,2025-08-24 10:35:00+00:00,short,115076.94,114604.6,TP,23.0662,1176.3737,2025
2025-08-24 11:15:00+00:00,2025-08-24 19:30:00+00:00,short,114693.99,113864.08,TP,23.5275,1199.9012,2025
2025-08-24 23:55:00+00:00,2025-08-25 00:30:00+00:00,short,113493.59,112979.59,TP,23.998,1223.8992,2025
2025-08-25 03:25:00+00:00,2025-08-25 03:55:00+00:00,short,113371.82,112916.84,TP,24.478,1248.3772,2025
2025-08-25 06:30:00+00:00,2025-08-25 07:45:00+00:00,short,112140.47,111582.01,TP,24.9675,1273.3447,2025
2025-08-25 10:20:00+00:00,2025-08-25 12:25:00+00:00,short,111335.87,111682.49,SL,-12.7334,1260.6113,2025
2025-08-25 13:30:00+00:00,2025-08-25 13:55:00+00:00,short,111200.0,111491.69,SL,-12.6061,1248.0052,2025
2025-08-25 15:10:00+00:00,2025-08-25 15:15:00+00:00,short,111994.63,112258.04,SL,-12.4801,1235.5251,2025
2025-08-25 16:15:00+00:00,2025-08-25 17:00:00+00:00,long,112656.42,112261.08,SL,-12.3553,1223.1699,2025
2025-08-25 23:15:00+00:00,2025-08-26 00:20:00+00:00,short,110019.99,109519.99,TP,24.4634,1247.6333,2025
2025-08-26 02:40:00+00:00,2025-08-26 03:20:00+00:00,short,109643.0,109924.98,SL,-12.4763,1235.1569,2025
2025-08-26 05:55:00+00:00,2025-08-26 07:30:00+00:00,short,110196.01,110438.56,SL,-12.3516,1222.8054,2025
2025-08-26 08:25:00+00:00,2025-08-26 08:45:00+00:00,short,110074.45,110349.63,SL,-12.2281,1210.5773,2025
2025-08-26 09:40:00+00:00,2025-08-26 10:05:00+00:00,short,110072.98,110302.96,SL,-12.1058,1198.4715,2025
2025-08-26 10:50:00+00:00,2025-08-26 11:30:00+00:00,short,110175.75,109694.89,TP,23.9694,1222.441,2025
2025-08-26 13:25:00+00:00,2025-08-26 13:30:00+00:00,short,109855.63,110136.0,SL,-12.2244,1210.2165,2025
2025-08-26 14:10:00+00:00,2025-08-26 14:20:00+00:00,short,109895.92,110468.0,SL,-12.1022,1198.1144,2025
2025-08-26 15:25:00+00:00,2025-08-26 15:40:00+00:00,short,110075.2,109599.99,TP,23.9623,1222.0767,2025
2025-08-26 17:40:00+00:00,2025-08-26 17:55:00+00:00,short,109664.32,109988.07,SL,-12.2208,1209.8559,2025
2025-08-26 20:10:00+00:00,2025-08-26 22:05:00+00:00,long,111262.68,111718.9,TP,24.1971,1234.053,2025
2025-08-26 22:55:00+00:00,2025-08-27 00:00:00+00:00,long,111910.01,111652.74,SL,-12.3405,1221.7125,2025
2025-08-27 02:15:00+00:00,2025-08-27 03:20:00+00:00,long,111235.83,110927.98,SL,-12.2171,1209.4954,2025
2025-08-27 03:40:00+00:00,2025-08-27 04:05:00+00:00,long,111192.0,111680.47,TP,24.1899,1233.6853,2025
2025-08-27 13:25:00+00:00,2025-08-27 14:15:00+00:00,long,111325.02,111862.6,TP,24.6737,1258.359,2025
2025-08-27 16:50:00+00:00,2025-08-27 19:05:00+00:00,long,112155.68,111897.1,SL,-12.5836,1245.7754,2025
2025-08-27 20:25:00+00:00,2025-08-27 21:15:00+00:00,long,112083.8,111845.6,SL,-12.4578,1233.3176,2025
2025-08-27 23:40:00+00:00,2025-08-28 00:00:00+00:00,short,111118.0,111378.24,SL,-12.3332,1220.9845,2025
2025-08-28 00:30:00+00:00,2025-08-28 00:40:00+00:00,short,110872.51,111299.3,SL,-12.2098,1208.7746,2025
2025-08-28 02:30:00+00:00,2025-08-28 03:05:00+00:00,short,111494.25,111767.99,SL,-12.0877,1196.6869,2025
2025-08-28 03:10:00+00:00,2025-08-28 04:25:00+00:00,long,111855.73,112303.8,TP,23.9337,1220.6206,2025
2025-08-28 06:55:00+00:00,2025-08-28 09:25:00+00:00,long,113213.78,112984.48,SL,-12.2062,1208.4144,2025
2025-08-28 10:30:00+00:00,2025-08-28 13:45:00+00:00,long,112998.02,112740.01,SL,-12.0841,1196.3303,2025
2025-08-28 14:40:00+00:00,2025-08-28 15:20:00+00:00,long,112988.37,112613.11,SL,-11.9633,1184.367,2025
2025-08-28 16:10:00+00:00,2025-08-28 16:55:00+00:00,long,112925.99,112329.44,SL,-11.8437,1172.5233,2025
2025-08-28 18:00:00+00:00,2025-08-28 18:25:00+00:00,short,112304.47,112646.01,SL,-11.7252,1160.798,2025
2025-08-28 19:15:00+00:00,2025-08-28 23:35:00+00:00,short,112240.86,112483.12,SL,-11.608,1149.1901,2025
2025-08-28 23:40:00+00:00,2025-08-29 00:40:00+00:00,long,112480.79,112236.46,SL,-11.4919,1137.6982,2025
2025-08-29 04:35:00+00:00,2025-08-29 06:15:00+00:00,short,111558.1,111030.52,TP,22.754,1160.4521,2025
2025-08-29 07:10:00+00:00,2025-08-29 07:40:00+00:00,short,110545.0,110061.31,TP,23.209,1183.6612,2025
2025-08-29 08:55:00+00:00,2025-08-29 09:45:00+00:00,short,109628.02,109881.58,SL,-11.8366,1171.8246,2025
2025-08-29 11:40:00+00:00,2025-08-29 12:05:00+00:00,short,109900.9,110200.0,SL,-11.7182,1160.1063,2025
2025-08-29 13:15:00+00:00,2025-08-29 13:35:00+00:00,short,110447.53,109787.98,TP,23.2021,1183.3084,2025
2025-08-29 17:15:00+00:00,2025-08-29 17:50:00+00:00,short,108287.49,108527.99,SL,-11.8331,1171.4754,2025
2025-08-29 18:15:00+00:00,2025-08-29 19:15:00+00:00,short,108302.0,108619.86,SL,-11.7148,1159.7606,2025
2025-08-29 20:00:00+00:00,2025-08-29 20:40:00+00:00,short,108082.56,107624.0,TP,23.1952,1182.9558,2025
2025-08-29 22:40:00+00:00,2025-08-29 23:15:00+00:00,short,108240.0,108498.22,SL,-11.8296,1171.1263,2025
2025-08-29 23:55:00+00:00,2025-08-30 01:45:00+00:00,short,108377.4,107912.97,TP,23.4225,1194.5488,2025
2025-08-30 04:50:00+00:00,2025-08-30 08:25:00+00:00,short,108464.49,108727.25,SL,-11.9455,1182.6033,2025
2025-08-30 08:50:00+00:00,2025-08-30 15:35:00+00:00,short,108572.46,108916.0,SL,-11.826,1170.7773,2025
2025-08-30 18:50:00+00:00,2025-08-30 20:45:00+00:00,long,108839.13,108613.0,SL,-11.7078,1159.0695,2025
2025-08-31 09:30:00+00:00,2025-08-31 10:15:00+00:00,short,108817.26,108370.27,TP,23.1814,1182.2509,2025
2025-08-31 13:00:00+00:00,2025-08-31 15:00:00+00:00,short,108290.53,108638.33,SL,-11.8225,1170.4284,2025
2025-08-31 16:40:00+00:00,2025-08-31 23:15:00+00:00,long,108872.71,108526.55,SL,-11.7043,1158.7241,2025
2025-09-01 02:15:00+00:00,2025-09-01 03:20:00+00:00,short,107887.76,107447.45,TP,23.1745,1181.8986,2025
2025-09-01 04:35:00+00:00,2025-09-01 05:20:00+00:00,short,107374.41,107671.99,SL,-11.819,1170.0796,2025
2025-09-01 11:25:00+00:00,2025-09-01 12:35:00+00:00,long,108681.82,109138.6,TP,23.4016,1193.4812,2025
2025-09-01 15:00:00+00:00,2025-09-01 15:15:00+00:00,long,109269.01,108984.85,SL,-11.9348,1181.5464,2025
2025-09-01 16:10:00+00:00,2025-09-01 16:50:00+00:00,long,109018.46,108775.33,SL,-11.8155,1169.7309,2025
2025-09-01 17:40:00+00:00,2025-09-01 19:00:00+00:00,long,108844.52,109285.71,TP,23.3946,1193.1255,2025
2025-09-02 01:45:00+00:00,2025-09-02 01:55:00+00:00,long,109595.26,109313.0,SL,-11.9313,1181.1943,2025
2025-09-02 02:25:00+00:00,2025-09-02 02:55:00+00:00,long,109523.64,110246.01,TP,23.6239,1204.8181,2025
2025-09-02 06:10:00+00:00,2025-09-02 07:50:00+00:00,long,110359.99,110056.0,SL,-12.0482,1192.77,2025
2025-09-02 08:25:00+00:00,2025-09-02 11:10:00+00:00,long,110306.95,110080.01,SL,-11.9277,1180.8423,2025
2025-09-02 17:25:00+00:00,2025-09-02 18:05:00+00:00,long,110866.68,110567.9,SL,-11.8084,1169.0338,2025
2025-09-02 18:50:00+00:00,2025-09-02 19:10:00+00:00,long,110807.09,110541.61,SL,-11.6903,1157.3435,2025
2025-09-02 19:35:00+00:00,2025-09-02 20:10:00+00:00,long,110686.8,111195.99,TP,23.1469,1180.4904,2025
2025-09-02 22:55:00+00:00,2025-09-02 23:30:00+00:00,long,111259.99,111017.79,SL,-11.8049,1168.6855,2025
2025-09-02 23:55:00+00:00,2025-09-03 01:20:00+00:00,long,111240.01,110931.47,SL,-11.6869,1156.9986,2025
2025-09-03 02:10:00+00:00,2025-09-03 05:15:00+00:00,long,111098.31,110844.66,SL,-11.57,1145.4286,2025
2025-09-03 09:25:00+00:00,2025-09-03 11:00:00+00:00,long,111134.53,111675.96,TP,22.9086,1168.3372,2025
2025-09-03 13:30:00+00:00,2025-09-03 14:10:00+00:00,long,111449.74,111222.26,SL,-11.6834,1156.6538,2025
2025-09-03 14:30:00+00:00,2025-09-03 14:40:00+00:00,long,111839.99,112475.99,TP,23.1331,1179.7869,2025
2025-09-03 17:10:00+00:00,2025-09-03 18:25:00+00:00,long,112380.33,112136.54,SL,-11.7979,1167.989,2025
2025-09-03 19:50:00+00:00,2025-09-03 21:35:00+00:00,long,112137.3,111864.95,SL,-11.6799,1156.3091,2025
2025-09-03 22:10:00+00:00,2025-09-03 22:45:00+00:00,long,112096.27,111839.87,SL,-11.5631,1144.7461,2025
2025-09-04 00:15:00+00:00,2025-09-04 02:20:00+00:00,long,111896.01,111633.58,SL,-11.4475,1133.2986,2025
2025-09-04 03:30:00+00:00,2025-09-04 05:00:00+00:00,short,111280.3,110748.99,TP,22.666,1155.9646,2025
2025-09-04 06:45:00+00:00,2025-09-04 07:10:00+00:00,short,110310.01,110568.48,SL,-11.5596,1144.4049,2025
2025-09-04 09:50:00+00:00,2025-09-04 10:10:00+00:00,short,110788.0,111018.91,SL,-11.444,1132.9609,2025
2025-09-04 10:45:00+00:00,2025-09-04 13:45:00+00:00,short,110921.85,110415.52,TP,22.6592,1155.6201,2025
2025-09-04 14:55:00+00:00,2025-09-04 15:15:00+00:00,short,109842.01,109369.62,TP,23.1124,1178.7325,2025
2025-09-04 19:15:00+00:00,2025-09-04 20:20:00+00:00,short,110018.12,110358.1,SL,-11.7873,1166.9452,2025
2025-09-04 22:25:00+00:00,2025-09-04 22:55:00+00:00,long,110823.61,111490.73,TP,23.3389,1190.2841,2025
2025-09-05 01:20:00+00:00,2025-09-05 02:00:00+00:00,long,110796.61,111300.01,TP,23.8057,1214.0898,2025
2025-09-05 04:35:00+00:00,2025-09-05 06:55:00+00:00,long,111365.94,111911.99,TP,24.2818,1238.3715,2025
2025-09-05 10:35:00+00:00,2025-09-05 12:30:00+00:00,long,112350.81,112894.01,TP,24.7674,1263.139,2025
2025-09-05 17:40:00+00:00,2025-09-05 17:50:00+00:00,short,110359.69,110584.74,SL,-12.6314,1250.5076,2025
2025-09-05 20:15:00+00:00,2025-09-05 20:55:00+00:00,short,111384.13,111630.3,SL,-12.5051,1238.0025,2025
2025-09-06 00:00:00+00:00,2025-09-06 01:10:00+00:00,short,110619.99,110842.94,SL,-12.38,1225.6225,2025
2025-09-06 02:15:00+00:00,2025-09-06 02:45:00+00:00,short,110817.33,111102.0,SL,-12.2562,1213.3663,2025
2025-09-06 03:40:00+00:00,2025-09-06 15:40:00+00:00,short,111073.6,110609.07,TP,24.2673,1237.6336,2025
2025-09-06 19:40:00+00:00,2025-09-07 00:40:00+00:00,short,110052.0,110292.19,SL,-12.3763,1225.2573,2025
2025-09-07 02:55:00+00:00,2025-09-07 08:20:00+00:00,long,110666.24,111200.01,TP,24.5051,1249.7624,2025
2025-09-07 09:15:00+00:00,2025-09-07 09:35:00+00:00,long,111239.79,110989.79,SL,-12.4976,1237.2648,2025
2025-09-07 11:00:00+00:00,2025-09-07 17:15:00+00:00,long,111264.24,110960.0,SL,-12.3726,1224.8921,2025
2025-09-07 18:50:00+00:00,2025-09-07 23:20:00+00:00,long,110967.52,111473.99,TP,24.4978,1249.39,2025
2025-09-08 02:20:00+00:00,2025-09-08 02:30:00+00:00,short,110698.14,111057.59,SL,-12.4939,1236.8961,2025
2025-09-08 03:45:00+00:00,2025-09-08 07:15:00+00:00,short,111058.48,111375.19,SL,-12.369,1224.5271,2025
2025-09-08 08:25:00+00:00,2025-09-08 09:55:00+00:00,long,111594.94,112094.99,TP,24.4905,1249.0177,2025
2025-09-08 12:00:00+00:00,2025-09-08 14:30:00+00:00,long,112063.74,112658.6,TP,24.9804,1273.998,2025
2025-09-08 17:25:00+00:00,2025-09-08 17:40:00+00:00,long,112518.12,112250.98,SL,-12.74,1261.258,2025
2025-09-08 18:15:00+00:00,2025-09-08 19:05:00+00:00,long,112430.0,112204.35,SL,-12.6126,1248.6454,2025
2025-09-09 02:10:00+00:00,2025-09-09 03:10:00+00:00,short,111220.9,111462.76,SL,-12.4865,1236.159,2025
2025-09-09 05:55:00+00:00,2025-09-09 06:10:00+00:00,long,112200.0,112686.44,TP,24.7232,1260.8822,2025
2025-09-09 12:10:00+00:00,2025-09-09 14:00:00+00:00,long,112723.3,112361.62,SL,-12.6088,1248.2733,2025
2025-09-09 20:10:00+00:00,2025-09-09 20:45:00+00:00,short,111209.72,111451.25,SL,-12.4827,1235.7906,2025
2025-09-09 21:40:00+00:00,2025-09-10 01:25:00+00:00,short,111437.67,110946.66,TP,24.7158,1260.5064,2025
2025-09-10 03:40:00+00:00,2025-09-10 06:25:00+00:00,short,111457.0,111755.59,SL,-12.6051,1247.9014,2025
2025-09-10 10:35:00+00:00,2025-09-10 12:30:00+00:00,long,112374.22,113333.0,TP,24.958,1272.8594,2025
2025-09-10 14:20:00+00:00,2025-09-10 14:30:00+00:00,long,114249.66,113985.22,SL,-12.7286,1260.1308,2025
2025-09-10 17:05:00+00:00,2025-09-10 17:25:00+00:00,long,113899.98,113482.01,SL,-12.6013,1247.5295,2025
2025-09-10 18:00:00+00:00,2025-09-10 18:15:00+00:00,long,113846.99,113590.44,SL,-12.4753,1235.0542,2025
2025-09-10 19:45:00+00:00,2025-09-10 22:00:00+00:00,long,113446.91,113952.02,TP,24.7011,1259.7553,2025
2025-09-10 23:05:00+00:00,2025-09-11 00:30:00+00:00,long,114013.43,113737.25,SL,-12.5976,1247.1577,2025
2025-09-11 01:00:00+00:00,2025-09-11 03:55:00+00:00,long,113925.63,114400.01,TP,24.9432,1272.1009,2025
2025-09-11 05:40:00+00:00,2025-09-11 07:05:00+00:00,long,114292.52,114049.32,SL,-12.721,1259.3799,2025
2025-09-11 08:15:00+00:00,2025-09-11 09:40:00+00:00,long,114112.02,113851.99,SL,-12.5938,1246.7861,2025
2025-09-11 10:05:00+00:00,2025-09-11 13:10:00+00:00,long,113944.01,113489.08,SL,-12.4679,1234.3182,2025
2025-09-11 13:35:00+00:00,2025-09-11 13:55:00+00:00,long,114083.99,114628.08,TP,24.6864,1259.0046,2025
2025-09-11 16:35:00+00:00,2025-09-11 18:15:00+00:00,long,114524.99,114170.26,SL,-12.59,1246.4145,2025
2025-09-11 19:25:00+00:00,2025-09-11 22:20:00+00:00,long,114335.77,115020.0,TP,24.9283,1271.3428,2025
2025-09-12 00:00:00+00:00,2025-09-12 00:45:00+00:00,long,115636.0,116282.18,TP,25.4269,1296.7697,2025
2025-09-12 04:10:00+00:00,2025-09-12 08:05:00+00:00,long,115287.85,114999.61,SL,-12.9677,1283.802,2025
2025-09-12 08:25:00+00:00,2025-09-12 09:20:00+00:00,long,115185.19,114934.57,SL,-12.838,1270.964,2025
2025-09-12 11:50:00+00:00,2025-09-12 12:50:00+00:00,short,114917.73,115172.41,SL,-12.7096,1258.2543,2025
2025-09-12 13:20:00+00:00,2025-09-12 13:55:00+00:00,short,114923.87,115166.45,SL,-12.5825,1245.6718,2025
2025-09-12 14:35:00+00:00,2025-09-12 14:55:00+00:00,short,114960.58,115260.0,SL,-12.4567,1233.2151,2025
2025-09-12 15:45:00+00:00,2025-09-12 17:20:00+00:00,long,115217.5,115920.14,TP,24.6643,1257.8794,2025
2025-09-12 22:05:00+00:00,2025-09-13 01:50:00+00:00,long,116019.62,115711.99,SL,-12.5788,1245.3006,2025
2025-09-13 02:25:00+00:00,2025-09-13 04:50:00+00:00,long,115978.96,115697.15,SL,-12.453,1232.8476,2025
2025-09-13 05:20:00+00:00,2025-09-13 16:20:00+00:00,long,115807.6,115510.71,SL,-12.3285,1220.5191,2025
2025-09-13 23:15:00+00:00,2025-09-14 03:05:00+00:00,long,115964.0,115730.01,SL,-12.2052,1208.3139,2025
2025-09-14 06:20:00+00:00,2025-09-14 09:20:00+00:00,short,115777.72,116019.29,SL,-12.0831,1196.2308,2025
2025-09-14 13:15:00+00:00,2025-09-14 21:20:00+00:00,short,115658.03,115899.99,SL,-11.9623,1184.2684,2025
2025-09-15 01:05:00+00:00,2025-09-15 01:25:00+00:00,short,114874.01,115164.51,SL,-11.8427,1172.4258,2025
2025-09-15 03:35:00+00:00,2025-09-15 04:20:00+00:00,short,115436.05,115930.59,SL,-11.7243,1160.7015,2025
2025-09-15 12:25:00+00:00,2025-09-15 13:25:00+00:00,short,114794.01,115042.44,SL,-11.607,1149.0945,2025
2025-09-15 13:40:00+00:00,2025-09-15 13:50:00+00:00,short,114468.99,114851.41,SL,-11.4909,1137.6035,2025
2025-09-15 15:00:00+00:00,2025-09-15 15:55:00+00:00,short,114609.66,114842.9,SL,-11.376,1126.2275,2025
2025-09-15 16:55:00+00:00,2025-09-15 17:40:00+00:00,short,114662.57,114896.26,SL,-11.2623,1114.9652,2025
2025-09-15 18:35:00+00:00,2025-09-15 18:50:00+00:00,short,114915.64,115267.43,SL,-11.1497,1103.8156,2025
2025-09-15 19:25:00+00:00,2025-09-15 19:35:00+00:00,short,115100.71,115465.65,SL,-11.0382,1092.7774,2025
2025-09-15 20:10:00+00:00,2025-09-15 20:35:00+00:00,long,115465.66,115223.1,SL,-10.9278,1081.8497,2025
2025-09-15 21:25:00+00:00,2025-09-16 00:20:00+00:00,long,115434.19,115069.06,SL,-10.8185,1071.0312,2025
2025-09-16 01:50:00+00:00,2025-09-16 03:30:00+00:00,short,115076.03,115381.27,SL,-10.7103,1060.3208,2025
2025-09-16 04:10:00+00:00,2025-09-16 04:40:00+00:00,short,115110.21,115366.67,SL,-10.6032,1049.7176,2025
2025-09-16 08:10:00+00:00,2025-09-16 08:30:00+00:00,long,115947.54,115600.01,SL,-10.4972,1039.2205,2025
2025-09-16 10:25:00+00:00,2025-09-16 11:00:00+00:00,long,115511.04,115279.92,SL,-10.3922,1028.8283,2025
2025-09-16 13:35:00+00:00,2025-09-16 15:45:00+00:00,short,115165.21,115465.82,SL,-10.2883,1018.54,2025
2025-09-16 19:50:00+00:00,2025-09-17 03:35:00+00:00,long,116717.34,116478.43,SL,-10.1854,1008.3546,2025
2025-09-17 05:00:00+00:00,2025-09-17 05:55:00+00:00,long,116492.61,117108.3,TP,20.1671,1028.5217,2025
2025-09-17 13:00:00+00:00,2025-09-17 14:25:00+00:00,short,116170.04,115656.46,TP,20.5704,1049.0921,2025
2025-09-17 16:20:00+00:00,2025-09-17 17:35:00+00:00,short,115601.66,115864.75,SL,-10.4909,1038.6012,2025
2025-09-17 18:15:00+00:00,2025-09-17 18:20:00+00:00,short,115490.42,115774.47,SL,-10.386,1028.2152,2025
2025-09-17 18:30:00+00:00,2025-09-17 19:05:00+00:00,short,115361.69,115840.98,SL,-10.2822,1017.933,2025
2025-09-17 20:40:00+00:00,2025-09-17 21:40:00+00:00,short,115700.01,115951.11,SL,-10.1793,1007.7537,2025
2025-09-18 01:05:00+00:00,2025-09-18 03:00:00+00:00,long,116541.13,117100.89,TP,20.1551,1027.9088,2025
2025-09-18 07:00:00+00:00,2025-09-18 14:15:00+00:00,long,117170.19,117719.11,TP,20.5582,1048.4669,2025
2025-09-18 16:00:00+00:00,2025-09-18 19:30:00+00:00,long,117668.85,117309.6,SL,-10.4847,1037.9823,2025
2025-09-18 20:25:00+00:00,2025-09-18 22:00:00+00:00,long,117501.44,117247.66,SL,-10.3798,1027.6024,2025
2025-09-18 22:50:00+00:00,2025-09-19 00:35:00+00:00,short,117103.44,117344.55,SL,-10.276,1017.3264,2025
2025-09-19 01:30:00+00:00,2025-09-19 04:00:00+00:00,short,117271.02,116731.99,TP,20.3465,1037.6729,2025
2025-09-19 05:30:00+00:00,2025-09-19 08:15:00+00:00,short,116851.5,117090.35,SL,-10.3767,1027.2962,2025
2025-09-19 08:45:00+00:00,2025-09-19 10:00:00+00:00,short,116928.94,116447.74,TP,20.5459,1047.8421,2025
2025-09-19 11:45:00+00:00,2025-09-19 15:00:00+00:00,short,116310.0,115650.34,TP,20.9568,1068.799,2025
2025-09-19 17:10:00+00:00,2025-09-19 19:05:00+00:00,short,115810.11,115316.91,TP,21.376,1090.175,2025
2025-09-19 19:30:00+00:00,2025-09-19 22:00:00+00:00,short,115261.98,115517.46,SL,-10.9017,1079.2732,2025
2025-09-19 23:05:00+00:00,2025-09-20 07:35:00+00:00,short,115553.08,115839.99,SL,-10.7927,1068.4805,2025
2025-09-20 10:15:00+00:00,2025-09-21 01:45:00+00:00,long,115757.99,115514.63,SL,-10.6848,1057.7957,2025
2025-09-21 02:20:00+00:00,2025-09-21 06:05:00+00:00,short,115489.43,115787.39,SL,-10.578,1047.2177,2025
2025-09-21 06:55:00+00:00,2025-09-21 22:15:00+00:00,short,115687.2,115220.86,TP,20.9444,1068.1621,2025
2025-09-21 23:10:00+00:00,2025-09-22 00:35:00+00:00,short,115300.01,114764.01,TP,21.3632,1089.5253,2025
2025-09-22 01:55:00+00:00,2025-09-22 02:05:00+00:00,short,114273.45,114520.43,SL,-10.8953,1078.6301,2025
2025-09-22 04:50:00+00:00,2025-09-22 05:55:00+00:00,short,114435.4,113691.19,TP,21.5726,1100.2027,2025
2025-09-22 09:20:00+00:00,2025-09-22 10:15:00+00:00,short,112339.83,112619.0,SL,-11.002,1089.2006,2025
2025-09-22 12:00:00+00:00,2025-09-22 13:10:00+00:00,short,112716.94,112949.98,SL,-10.892,1078.3086,2025
2025-09-22 13:35:00+00:00,2025-09-22 13:50:00+00:00,short,112561.27,112840.08,SL,-10.7831,1067.5255,2025
2025-09-22 14:40:00+00:00,2025-09-22 17:00:00+00:00,short,112986.82,112471.99,TP,21.3505,1088.8761,2025
2025-09-22 18:55:00+00:00,2025-09-22 20:50:00+00:00,short,112429.13,112772.67,SL,-10.8888,1077.9873,2025
2025-09-22 22:05:00+00:00,2025-09-23 01:40:00+00:00,short,112742.25,112266.0,TP,21.5597,1099.547,2025
2025-09-23 02:20:00+00:00,2025-09-23 03:00:00+00:00,short,112131.19,111670.69,TP,21.9909,1121.538,2025
2025-09-23 04:25:00+00:00,2025-09-23 04:35:00+00:00,short,112020.01,112275.55,SL,-11.2154,1110.3226,2025
2025-09-23 06:00:00+00:00,2025-09-23 06:20:00+00:00,short,112616.94,112866.49,SL,-11.1032,1099.2194,2025
2025-09-23 09:10:00+00:00,2025-09-23 09:25:00+00:00,long,113268.44,113007.67,SL,-10.9922,1088.2272,2025
2025-09-23 10:55:00+00:00,2025-09-23 11:05:00+00:00,long,112969.32,112738.43,SL,-10.8823,1077.3449,2025
2025-09-23 11:35:00+00:00,2025-09-23 14:30:00+00:00,long,112949.98,112679.99,SL,-10.7734,1066.5715,2025
2025-09-23 15:10:00+00:00,2025-09-23 16:05:00+00:00,long,112949.2,112602.18,SL,-10.6657,1055.9057,2025
2025-09-23 16:50:00+00:00,2025-09-23 17:05:00+00:00,long,112866.0,112632.75,SL,-10.5591,1045.3467,2025
2025-09-23 22:25:00+00:00,2025-09-24 00:20:00+00:00,short,112002.16,112319.22,SL,-10.4535,1034.8932,2025
2025-09-24 02:10:00+00:00,2025-09-24 03:45:00+00:00,short,112171.7,111718.93,TP,20.6979,1055.5911,2025
2025-09-24 08:55:00+00:00,2025-09-24 11:10:00+00:00,long,112622.8,113086.83,TP,21.1118,1076.7029,2025
2025-09-24 14:15:00+00:00,2025-09-24 14:50:00+00:00,long,113119.99,113787.12,TP,21.5341,1098.237,2025
2025-09-24 16:40:00+00:00,2025-09-24 19:30:00+00:00,long,113676.82,113425.54,SL,-10.9824,1087.2546,2025
2025-09-24 20:10:00+00:00,2025-09-24 22:50:00+00:00,long,113530.78,113267.24,SL,-10.8725,1076.382,2025
2025-09-24 23:55:00+00:00,2025-09-25 00:55:00+00:00,long,113307.0,113062.35,SL,-10.7638,1065.6182,2025
2025-09-25 01:15:00+00:00,2025-09-25 01:30:00+00:00,long,113257.23,112874.36,SL,-10.6562,1054.962,2025
2025-09-25 03:15:00+00:00,2025-09-25 04:15:00+00:00,short,112566.46,111900.02,TP,21.0992,1076.0613,2025
2025-09-25 08:45:00+00:00,2025-09-25 09:25:00+00:00,short,111765.88,112079.77,SL,-10.7606,1065.3007,2025
2025-09-25 09:45:00+00:00,2025-09-25 12:25:00+00:00,short,111717.47,111125.76,TP,21.306,1086.6067,2025
2025-09-25 12:35:00+00:00,2025-09-25 13:00:00+00:00,short,111329.82,110861.7,TP,21.7321,1108.3388,2025
2025-09-25 13:40:00+00:00,2025-09-25 13:50:00+00:00,short,110720.91,110969.57,SL,-11.0834,1097.2554,2025
2025-09-25 15:10:00+00:00,2025-09-25 15:55:00+00:00,short,111317.95,111580.77,SL,-10.9726,1086.2829,2025
2025-09-25 16:25:00+00:00,2025-09-25 17:05:00+00:00,short,111116.0,110665.66,TP,21.7257,1108.0085,2025
2025-09-25 20:05:00+00:00,2025-09-25 21:05:00+00:00,short,109286.03,109630.19,SL,-11.0801,1096.9284,2025
2025-09-25 22:50:00+00:00,2025-09-25 23:00:00+00:00,short,109286.24,109651.81,SL,-10.9693,1085.9592,2025
2025-09-25 23:30:00+00:00,2025-09-26 00:50:00+00:00,short,109132.99,109482.61,SL,-10.8596,1075.0996,2025
2025-09-26 02:20:00+00:00,2025-09-26 05:45:00+00:00,short,109593.48,109122.23,TP,21.502,1096.6016,2025
2025-09-26 07:30:00+00:00,2025-09-26 07:55:00+00:00,short,108990.62,109320.02,SL,-10.966,1085.6355,2025
2025-09-26 09:35:00+00:00,2025-09-26 10:15:00+00:00,short,109481.29,109039.78,TP,21.7127,1107.3483,2025
2025-09-26 13:20:00+00:00,2025-09-26 13:35:00+00:00,short,109209.48,109567.53,SL,-11.0735,1096.2748,2025
2025-09-26 14:10:00+00:00,2025-09-26 14:30:00+00:00,short,109309.0,108850.01,TP,21.9255,1118.2003,2025
2025-09-26 23:30:00+00:00,2025-09-27 01:40:00+00:00,long,109648.1,109330.09,SL,-11.182,1107.0183,2025
2025-09-27 04:55:00+00:00,2025-09-27 07:30:00+00:00,long,109654.99,109433.48,SL,-11.0702,1095.9481,2025
2025-09-27 08:55:00+00:00,2025-09-27 21:55:00+00:00,short,109252.01,109474.99,SL,-10.9595,1084.9886,2025
2025-09-28 00:00:00+00:00,2025-09-28 01:35:00+00:00,long,109666.19,109422.54,SL,-10.8499,1074.1387,2025
2025-09-28 02:25:00+00:00,2025-09-28 11:45:00+00:00,long,109487.06,109262.74,SL,-10.7414,1063.3973,2025
2025-09-28 12:45:00+00:00,2025-09-28 13:15:00+00:00,short,109209.31,109464.02,SL,-10.634,1052.7634,2025
2025-09-28 15:40:00+00:00,2025-09-28 19:45:00+00:00,long,109929.99,110388.45,TP,21.0553,1073.8186,2025
2025-09-28 22:05:00+00:00,2025-09-28 22:45:00+00:00,long,111460.91,111928.92,TP,21.4764,1095.295,2025
2025-09-29 03:25:00+00:00,2025-09-29 08:40:00+00:00,long,111756.7,112260.24,TP,21.9059,1117.2009,2025
2025-09-29 11:50:00+00:00,2025-09-29 13:40:00+00:00,long,112079.55,113300.0,TP,22.344,1139.5449,2025
2025-09-29 17:45:00+00:00,2025-09-30 00:45:00+00:00,long,113940.59,114500.0,TP,22.7909,1162.3358,2025
2025-09-30 06:15:00+00:00,2025-09-30 07:35:00+00:00,long,113899.99,113658.27,SL,-11.6234,1150.7125,2025
2025-09-30 13:00:00+00:00,2025-09-30 13:15:00+00:00,short,112916.91,113149.99,SL,-11.5071,1139.2053,2025
2025-09-30 14:05:00+00:00,2025-09-30 14:45:00+00:00,short,113066.6,113497.26,SL,-11.3921,1127.8133,2025
2025-09-30 15:15:00+00:00,2025-09-30 17:35:00+00:00,short,113122.62,113395.54,SL,-11.2781,1116.5351,2025
2025-09-30 20:55:00+00:00,2025-09-30 21:10:00+00:00,long,114626.36,114386.13,SL,-11.1654,1105.3698,2025
2025-09-30 23:35:00+00:00,2025-10-01 01:40:00+00:00,long,113941.75,114413.36,TP,22.1074,1127.4772,2025
2025-10-01 03:30:00+00:00,2025-10-01 03:45:00+00:00,long,114503.23,114143.3,SL,-11.2748,1116.2024,2025
2025-10-01 04:15:00+00:00,2025-10-01 06:50:00+00:00,long,114508.23,114252.36,SL,-11.162,1105.0404,2025
2025-10-01 07:20:00+00:00,2025-10-01 08:25:00+00:00,long,114464.54,115089.82,TP,22.1008,1127.1412,2025
2025-10-01 11:55:00+00:00,2025-10-01 12:40:00+00:00,long,116789.58,116453.18,SL,-11.2714,1115.8698,2025
2025-10-01 13:55:00+00:00,2025-10-01 14:15:00+00:00,long,116806.96,117388.99,TP,22.3174,1138.1872,2025
2025-10-01 15:25:00+00:00,2025-10-01 17:40:00+00:00,long,117499.63,117148.77,SL,-11.3819,1126.8053,2025
2025-10-01 18:35:00+00:00,2025-10-01 21:10:00+00:00,long,117109.3,117579.43,TP,22.5361,1149.3414,2025
2025-10-01 22:00:00+00:00,2025-10-01 23:15:00+00:00,long,117741.34,118359.01,TP,22.9868,1172.3282,2025
2025-10-02 03:00:00+00:00,2025-10-02 04:25:00+00:00,long,118815.29,118568.18,SL,-11.7233,1160.605,2025
2025-10-02 06:20:00+00:00,2025-10-02 12:20:00+00:00,long,118420.0,119080.49,TP,23.2121,1183.8171,2025
2025-10-02 13:40:00+00:00,2025-10-02 14:40:00+00:00,long,119542.14,118999.99,SL,-11.8382,1171.9789,2025
2025-10-02 15:25:00+00:00,2025-10-02 15:55:00+00:00,long,119428.12,119910.78,TP,23.4396,1195.4185,2025
2025-10-02 17:55:00+00:00,2025-10-02 18:55:00+00:00,long,119917.52,120506.61,TP,23.9084,1219.3268,2025
2025-10-02 23:00:00+00:00,2025-10-03 01:20:00+00:00,long,120350.27,120022.86,SL,-12.1933,1207.1336,2025
2025-10-03 02:10:00+00:00,2025-10-03 05:40:00+00:00,long,120132.51,119849.71,SL,-12.0713,1195.0622,2025
2025-10-03 06:10:00+00:00,2025-10-03 07:05:00+00:00,long,120045.13,119795.01,SL,-11.9506,1183.1116,2025
2025-10-03 12:55:00+00:00,2025-10-03 14:15:00+00:00,long,120358.07,119983.21,SL,-11.8311,1171.2805,2025
2025-10-03 14:35:00+00:00,2025-10-03 15:15:00+00:00,long,120680.0,121260.69,TP,23.4256,1194.7061,2025
2025-10-03 18:35:00+00:00,2025-10-03 18:50:00+00:00,long,122687.6,122441.15,SL,-11.9471,1182.7591,2025
2025-10-03 20:45:00+00:00,2025-10-03 21:15:00+00:00,long,122607.9,122288.43,SL,-11.8276,1170.9315,2025
2025-10-03 22:00:00+00:00,2025-10-04 00:00:00+00:00,long,122403.45,122121.37,SL,-11.7093,1159.2221,2025
2025-10-04 01:10:00+00:00,2025-10-04 01:45:00+00:00,long,122089.99,121767.71,SL,-11.5922,1147.6299,2025
2025-10-04 02:05:00+00:00,2025-10-04 04:40:00+00:00,long,121957.98,122481.77,TP,22.9526,1170.5825,2025
2025-10-04 08:05:00+00:00,2025-10-04 09:50:00+00:00,long,122474.87,122203.11,SL,-11.7058,1158.8767,2025
2025-10-04 10:25:00+00:00,2025-10-04 11:10:00+00:00,long,122292.43,122032.28,SL,-11.5888,1147.2879,2025
2025-10-04 16:10:00+00:00,2025-10-04 19:55:00+00:00,short,121690.56,121959.25,SL,-11.4729,1135.8151,2025
2025-10-04 20:50:00+00:00,2025-10-04 21:15:00+00:00,short,121940.51,122200.0,SL,-11.3582,1124.4569,2025
2025-10-04 22:45:00+00:00,2025-10-05 02:25:00+00:00,long,122334.0,122853.91,TP,22.4891,1146.946,2025
2025-10-05 04:45:00+00:00,2025-10-05 05:05:00+00:00,long,125285.11,124996.18,SL,-11.4695,1135.4766,2025
2025-10-05 14:20:00+00:00,2025-10-05 19:45:00+00:00,short,123196.01,122645.49,TP,22.7095,1158.1861,2025
2025-10-05 21:05:00+00:00,2025-10-05 22:00:00+00:00,short,122560.0,123047.74,SL,-11.5819,1146.6042,2025
2025-10-06 00:15:00+00:00,2025-10-06 00:20:00+00:00,long,124336.44,123929.62,SL,-11.466,1135.1382,2025
2025-10-06 01:25:00+00:00,2025-10-06 02:30:00+00:00,long,123851.35,123525.98,SL,-11.3514,1123.7868,2025
2025-10-06 02:55:00+00:00,2025-10-06 03:45:00+00:00,long,124110.61,123785.12,SL,-11.2379,1112.549,2025
2025-10-06 05:45:00+00:00,2025-10-06 07:40:00+00:00,long,123720.9,123440.0,SL,-11.1255,1101.4235,2025
2025-10-06 08:25:00+00:00,2025-10-06 11:25:00+00:00,long,123760.0,124365.91,TP,22.0285,1123.4519,2025
2025-10-06 12:55:00+00:00,2025-10-06 14:05:00+00:00,long,124556.64,125267.15,TP,22.469,1145.921,2025
2025-10-06 15:20:00+00:00,2025-10-06 15:55:00+00:00,long,125253.81,125000.0,SL,-11.4592,1134.4618,2025
2025-10-06 16:40:00+00:00,2025-10-06 17:20:00+00:00,long,125209.99,125786.78,TP,22.6892,1157.151,2025
2025-10-06 18:45:00+00:00,2025-10-06 19:35:00+00:00,long,125729.99,125462.55,SL,-11.5715,1145.5795,2025
2025-10-06 21:55:00+00:00,2025-10-06 23:15:00+00:00,long,125097.85,124824.99,SL,-11.4558,1134.1237,2025
2025-10-07 00:15:00+00:00,2025-10-07 01:20:00+00:00,long,124831.84,124546.11,SL,-11.3412,1122.7825,2025
2025-10-07 05:50:00+00:00,2025-10-07 07:10:00+00:00,short,124358.98,123833.12,TP,22.4556,1145.2381,2025
2025-10-07 08:30:00+00:00,2025-10-07 08:35:00+00:00,short,123434.01,123729.56,SL,-11.4524,1133.7857,2025
2025-10-07 10:50:00+00:00,2025-10-07 12:35:00+00:00,short,124269.76,124572.5,SL,-11.3379,1122.4479,2025
2025-10-07 12:40:00+00:00,2025-10-07 13:35:00+00:00,long,124590.38,124309.5,SL,-11.2245,1111.2234,2025
2025-10-07 18:00:00+00:00,2025-10-07 19:00:00+00:00,short,120956.89,121242.67,SL,-11.1122,1100.1112,2025
2025-10-07 21:00:00+00:00,2025-10-07 21:25:00+00:00,short,121993.15,122248.21,SL,-11.0011,1089.11,2025
2025-10-08 02:40:00+00:00,2025-10-08 03:30:00+00:00,short,121910.78,121391.75,TP,21.7822,1110.8922,2025
2025-10-08 05:25:00+00:00,2025-10-08 06:45:00+00:00,short,121390.2,121648.86,SL,-11.1089,1099.7833,2025
2025-10-08 07:35:00+00:00,2025-10-08 08:00:00+00:00,short,121407.86,121802.71,SL,-10.9978,1088.7855,2025
2025-10-08 10:40:00+00:00,2025-10-08 12:20:00+00:00,long,122974.02,122700.01,SL,-10.8879,1077.8976,2025
2025-10-08 14:00:00+00:00,2025-10-08 14:10:00+00:00,long,123081.52,122825.01,SL,-10.779,1067.1187,2025
2025-10-08 16:05:00+00:00,2025-10-08 16:50:00+00:00,long,122437.27,122987.04,TP,21.3424,1088.461,2025
2025-10-08 20:20:00+00:00,2025-10-08 20:30:00+00:00,long,123666.3,123413.39,SL,-10.8846,1077.5764,2025
2025-10-08 21:30:00+00:00,2025-10-09 00:30:00+00:00,long,123279.45,122937.82,SL,-10.7758,1066.8007,2025
2025-10-09 05:15:00+00:00,2025-10-09 08:25:00+00:00,short,121900.0,121180.0,TP,21.336,1088.1367,2025
2025-10-09 16:50:00+00:00,2025-10-09 17:45:00+00:00,short,120290.35,120615.51,SL,-10.8814,1077.2553,2025
2025-10-09 20:15:00+00:00,2025-10-09 20:50:00+00:00,short,120892.82,121137.39,SL,-10.7726,1066.4828,2025
2025-10-09 22:35:00+00:00,2025-10-10 02:05:00+00:00,long,121665.52,121320.51,SL,-10.6648,1055.8179,2025
2025-10-10 04:35:00+00:00,2025-10-10 05:20:00+00:00,short,121095.71,121426.07,SL,-10.5582,1045.2597,2025
2025-10-10 09:50:00+00:00,2025-10-10 11:05:00+00:00,short,121382.42,121655.59,SL,-10.4526,1034.8071,2025
2025-10-10 13:00:00+00:00,2025-10-10 13:35:00+00:00,long,121889.09,122422.71,TP,20.6961,1055.5033,2025
2025-10-10 13:50:00+00:00,2025-10-10 13:55:00+00:00,short,121428.01,121684.2,SL,-10.555,1044.9483,2025
2025-10-10 17:00:00+00:00,2025-10-10 17:50:00+00:00,short,118105.76,117590.7,TP,20.899,1065.8472,2025
2025-10-10 19:10:00+00:00,2025-10-10 19:25:00+00:00,short,116827.4,116040.38,TP,21.3169,1087.1642,2025
2025-10-10 20:50:00+00:00,2025-10-10 20:55:00+00:00,short,115406.0,114266.82,TP,21.7433,1108.9075,2025
2025-10-11 00:00:00+00:00,2025-10-11 00:15:00+00:00,short,112777.95,111767.96,TP,22.1781,1131.0856,2025
2025-10-11 01:00:00+00:00,2025-10-11 01:15:00+00:00,short,112222.73,111607.08,TP,22.6217,1153.7073,2025
2025-10-11 03:20:00+00:00,2025-10-11 03:55:00+00:00,short,112072.17,112300.01,SL,-11.5371,1142.1702,2025
2025-10-11 04:30:00+00:00,2025-10-11 04:50:00+00:00,short,111951.8,112756.63,SL,-11.4217,1130.7485,2025
2025-10-11 05:20:00+00:00,2025-10-11 05:45:00+00:00,short,112066.51,112425.25,SL,-11.3075,1119.4411,2025
2025-10-11 06:00:00+00:00,2025-10-11 06:10:00+00:00,short,112134.02,112366.16,SL,-11.1944,1108.2466,2025
2025-10-11 06:35:00+00:00,2025-10-11 07:00:00+00:00,short,112149.5,111422.01,TP,22.1649,1130.4116,2025
2025-10-11 11:00:00+00:00,2025-10-11 11:25:00+00:00,short,111914.91,112350.0,SL,-11.3041,1119.1075,2025
2025-10-11 11:45:00+00:00,2025-10-11 12:20:00+00:00,short,112147.69,112375.72,SL,-11.1911,1107.9164,2025
2025-10-11 15:40:00+00:00,2025-10-11 19:15:00+00:00,short,111939.85,111250.01,TP,22.1583,1130.0747,2025
2025-10-11 23:15:00+00:00,2025-10-12 00:00:00+00:00,short,110973.72,110483.3,TP,22.6015,1152.6762,2025
2025-10-12 04:05:00+00:00,2025-10-12 04:10:00+00:00,short,110830.0,111075.16,SL,-11.5268,1141.1494,2025
2025-10-12 05:50:00+00:00,2025-10-12 07:10:00+00:00,long,111812.28,111581.29,SL,-11.4115,1129.738,2025
2025-10-12 08:25:00+00:00,2025-10-12 08:45:00+00:00,long,111762.09,111483.04,SL,-11.2974,1118.4406,2025
2025-10-12 09:35:00+00:00,2025-10-12 10:00:00+00:00,long,111510.07,111998.41,TP,22.3688,1140.8094,2025
2025-10-12 11:05:00+00:00,2025-10-12 11:20:00+00:00,long,111816.8,111584.69,SL,-11.4081,1129.4013,2025
2025-10-12 11:30:00+00:00,2025-10-12 13:45:00+00:00,long,111870.0,111411.4,SL,-11.294,1118.1073,2025
2025-10-12 14:45:00+00:00,2025-10-12 14:50:00+00:00,long,112099.98,112933.35,TP,22.3621,1140.4694,2025
2025-10-12 16:40:00+00:00,2025-10-12 17:50:00+00:00,long,114243.06,113850.73,SL,-11.4047,1129.0647,2025
2025-10-12 19:10:00+00:00,2025-10-12 20:20:00+00:00,long,114347.29,114827.3,TP,22.5813,1151.646,2025
2025-10-12 21:10:00+00:00,2025-10-12 21:20:00+00:00,long,115361.13,115020.44,SL,-11.5165,1140.1296,2025
2025-10-12 22:10:00+00:00,2025-10-12 23:00:00+00:00,long,115374.57,114975.49,SL,-11.4013,1128.7283,2025
2025-10-13 00:15:00+00:00,2025-10-13 00:20:00+00:00,long,115661.62,115358.22,SL,-11.2873,1117.441,2025
2025-10-13 00:55:00+00:00,2025-10-13 03:30:00+00:00,long,115280.84,114906.45,SL,-11.1744,1106.2666,2025
2025-10-13 05:05:00+00:00,2025-10-13 06:50:00+00:00,long,114700.52,115226.03,TP,22.1253,1128.3919,2025
2025-10-13 09:55:00+00:00,2025-10-13 10:25:00+00:00,long,115127.04,114884.69,SL,-11.2839,1117.108,2025
2025-10-13 14:25:00+00:00,2025-10-13 14:35:00+00:00,short,114318.48,114639.6,SL,-11.1711,1105.9369,2025
2025-10-13 16:40:00+00:00,2025-10-13 16:55:00+00:00,short,114392.02,114669.24,SL,-11.0594,1094.8775,2025
2025-10-13 17:15:00+00:00,2025-10-13 17:55:00+00:00,short,114496.61,115040.55,SL,-10.9488,1083.9288,2025
2025-10-14 00:20:00+00:00,2025-10-14 00:50:00+00:00,long,115213.99,114940.01,SL,-10.8393,1073.0895,2025
2025-10-14 04:45:00+00:00,2025-10-14 05:05:00+00:00,short,113010.55,113309.87,SL,-10.7309,1062.3586,2025
2025-10-14 05:35:00+00:00,2025-10-14 06:30:00+00:00,short,112671.99,112136.56,TP,21.2472,1083.6058,2025
2025-10-14 09:35:00+00:00,2025-10-14 09:50:00+00:00,short,111626.01,111119.09,TP,21.6721,1105.2779,2025
2025-10-14 12:30:00+00:00,2025-10-14 13:15:00+00:00,short,111028.99,110455.5,TP,22.1056,1127.3834,2025
2025-10-14 15:05:00+00:00,2025-10-14 15:30:00+00:00,short,111320.99,111623.63,SL,-11.2738,1116.1096,2025
2025-10-14 18:05:00+00:00,2025-10-14 18:40:00+00:00,long,113105.58,112849.06,SL,-11.1611,1104.9485,2025
2025-10-14 19:20:00+00:00,2025-10-14 19:35:00+00:00,long,113461.13,112702.2,SL,-11.0495,1093.899,2025
2025-10-14 20:40:00+00:00,2025-10-14 22:00:00+00:00,long,112874.97,113427.79,TP,21.878,1115.777,2025
2025-10-14 23:05:00+00:00,2025-10-14 23:45:00+00:00,long,113491.36,113255.62,SL,-11.1578,1104.6192,2025
2025-10-15 01:55:00+00:00,2025-10-15 02:25:00+00:00,long,112738.17,113568.96,TP,22.0924,1126.7116,2025
2025-10-15 03:00:00+00:00,2025-10-15 03:35:00+00:00,short,112619.09,112130.65,TP,22.5342,1149.2458,2025
2025-10-15 06:05:00+00:00,2025-10-15 06:55:00+00:00,short,112235.76,112460.47,SL,-11.4925,1137.7534,2025
2025-10-15 12:25:00+00:00,2025-10-15 12:45:00+00:00,short,111469.76,111713.02,SL,-11.3775,1126.3758,2025
2025-10-15 13:00:00+00:00,2025-10-15 13:45:00+00:00,short,111512.56,111043.14,TP,22.5275,1148.9034,2025
2025-10-15 14:45:00+00:00,2025-10-15 17:05:00+00:00,short,111064.01,110404.12,TP,22.9781,1171.8814,2025
2025-10-15 19:35:00+00:00,2025-10-15 20:00:00+00:00,short,111213.71,111473.01,SL,-11.7188,1160.1626,2025
2025-10-15 20:25:00+00:00,2025-10-15 20:30:00+00:00,short,111060.54,110555.69,TP,23.2033,1183.3659,2025
2025-10-15 21:50:00+00:00,2025-10-15 22:10:00+00:00,short,110711.25,111064.91,SL,-11.8337,1171.5322,2025
2025-10-15 22:50:00+00:00,2025-10-16 01:10:00+00:00,short,110750.56,111005.02,SL,-11.7153,1159.8169,2025
2025-10-16 03:20:00+00:00,2025-10-16 03:55:00+00:00,long,111701.07,111329.48,SL,-11.5982,1148.2187,2025
2025-10-16 05:35:00+00:00,2025-10-16 05:50:00+00:00,long,111411.14,110851.52,SL,-11.4822,1136.7365,2025
2025-10-16 06:25:00+00:00,2025-10-16 07:20:00+00:00,long,111316.46,110798.25,SL,-11.3674,1125.3692,2025
2025-10-16 09:30:00+00:00,2025-10-16 09:40:00+00:00,short,109747.87,111230.0,SL,-11.2537,1114.1155,2025
2025-10-16 09:45:00+00:00,2025-10-16 09:50:00+00:00,long,111632.05,111159.32,SL,-11.1412,1102.9743,2025
2025-10-16 12:00:00+00:00,2025-10-16 12:10:00+00:00,long,111842.01,111535.16,SL,-11.0297,1091.9446,2025
2025-10-16 14:40:00+00:00,2025-10-16 14:45:00+00:00,long,111352.01,111058.22,SL,-10.9194,1081.0251,2025
2025-10-16 15:20:00+00:00,2025-10-16 15:40:00+00:00,short,110347.12,109240.7,TP,21.6205,1102.6456,2025
2025-10-16 18:05:00+00:00,2025-10-16 18:35:00+00:00,short,107847.58,108284.45,SL,-11.0265,1091.6192,2025
2025-10-16 19:30:00+00:00,2025-10-16 19:45:00+00:00,short,107774.97,108239.18,SL,-10.9162,1080.703,2025
2025-10-16 20:30:00+00:00,2025-10-16 20:35:00+00:00,short,107460.45,107763.21,SL,-10.807,1069.896,2025
2025-10-16 22:20:00+00:00,2025-10-16 23:20:00+00:00,short,108055.64,108400.02,SL,-10.699,1059.197,2025
2025-10-17 01:35:00+00:00,2025-10-17 02:55:00+00:00,short,108739.99,108972.97,SL,-10.592,1048.605,2025
2025-10-17 03:40:00+00:00,2025-10-17 03:55:00+00:00,short,108910.45,109176.74,SL,-10.4861,1038.119,2025
2025-10-17 10:15:00+00:00,2025-10-17 10:20:00+00:00,short,104212.01,103735.04,TP,20.7624,1058.8814,2025
2025-10-17 12:20:00+00:00,2025-10-17 12:55:00+00:00,short,105804.43,105350.4,TP,21.1776,1080.059,2025
2025-10-17 13:40:00+00:00,2025-10-17 13:50:00+00:00,short,105326.67,105934.89,SL,-10.8006,1069.2584,2025
2025-10-17 14:05:00+00:00,2025-10-17 14:10:00+00:00,short,105204.12,105419.59,SL,-10.6926,1058.5658,2025
2025-10-17 14:55:00+00:00,2025-10-17 15:00:00+00:00,short,105163.42,105537.93,SL,-10.5857,1047.9801,2025
2025-10-17 18:15:00+00:00,2025-10-17 19:30:00+00:00,long,106685.04,106345.99,SL,-10.4798,1037.5003,2025
2025-10-17 20:15:00+00:00,2025-10-17 21:05:00+00:00,long,106808.0,107261.82,TP,20.75,1058.2504,2025
2025-10-18 00:25:00+00:00,2025-10-18 01:25:00+00:00,long,106744.04,107283.61,TP,21.165,1079.4154,2025
2025-10-18 03:20:00+00:00,2025-10-18 04:05:00+00:00,long,106917.06,106560.03,SL,-10.7942,1068.6212,2025
2025-10-18 09:20:00+00:00,2025-10-18 16:30:00+00:00,long,106829.39,106560.88,SL,-10.6862,1057.935,2025
2025-10-18 21:50:00+00:00,2025-10-19 00:35:00+00:00,long,107171.07,106952.92,SL,-10.5793,1047.3556,2025
2025-10-19 02:40:00+00:00,2025-10-19 03:15:00+00:00,short,106858.8,107120.46,SL,-10.4736,1036.8821,2025
2025-10-19 08:30:00+00:00,2025-10-19 09:25:00+00:00,short,106620.01,106153.3,TP,20.7376,1057.6197,2025
2025-10-19 09:40:00+00:00,2025-10-19 09:45:00+00:00,long,106953.44,107928.96,TP,21.1524,1078.7721,2025
2025-10-19 13:35:00+00:00,2025-10-19 14:15:00+00:00,long,107710.32,108409.99,TP,21.5754,1100.3476,2025
2025-10-19 16:40:00+00:00,2025-10-19 16:45:00+00:00,long,108904.55,108683.3,SL,-11.0035,1089.3441,2025
2025-10-19 21:55:00+00:00,2025-10-19 22:15:00+00:00,long,108744.82,109198.54,TP,21.7869,1111.131,2025
2025-10-20 05:55:00+00:00,2025-10-20 08:30:00+00:00,long,111033.79,111483.6,TP,22.2226,1133.3536,2025
2025-10-20 10:05:00+00:00,2025-10-20 10:50:00+00:00,long,110966.25,110743.07,SL,-11.3335,1122.0201,2025
2025-10-20 11:30:00+00:00,2025-10-20 14:25:00+00:00,long,110802.14,111275.05,TP,22.4404,1144.4605,2025
2025-10-20 22:30:00+00:00,2025-10-20 23:15:00+00:00,long,110779.99,110545.46,SL,-11.4446,1133.0159,2025
2025-10-20 23:25:00+00:00,2025-10-20 23:55:00+00:00,long,110759.9,110532.09,SL,-11.3302,1121.6857,2025
2025-10-21 01:10:00+00:00,2025-10-21 02:00:00+00:00,short,110139.08,109621.2,TP,22.4337,1144.1194,2025
2025-10-21 03:55:00+00:00,2025-10-21 04:05:00+00:00,short,109059.22,108300.0,TP,22.8824,1167.0018,2025
2025-10-21 08:10:00+00:00,2025-10-21 10:45:00+00:00,short,107804.31,108588.56,SL,-11.67,1155.3318,2025
2025-10-21 12:10:00+00:00,2025-10-21 12:15:00+00:00,short,108472.93,108774.07,SL,-11.5533,1143.7785,2025
2025-10-21 12:55:00+00:00,2025-10-21 13:05:00+00:00,short,108793.4,108316.01,TP,22.8756,1166.654,2025
2025-10-21 14:05:00+00:00,2025-10-21 14:10:00+00:00,long,109181.89,109744.9,TP,23.3331,1189.9871,2025
2025-10-21 19:00:00+00:00,2025-10-21 19:20:00+00:00,long,112053.45,111651.22,SL,-11.8999,1178.0872,2025
2025-10-21 19:45:00+00:00,2025-10-21 20:00:00+00:00,long,111920.0,111663.71,SL,-11.7809,1166.3064,2025
2025-10-21 21:10:00+00:00,2025-10-21 21:20:00+00:00,long,111095.21,110280.71,SL,-11.6631,1154.6433,2025
2025-10-21 21:35:00+00:00,2025-10-21 22:05:00+00:00,long,110782.83,110290.33,SL,-11.5464,1143.0969,2025
2025-10-21 22:15:00+00:00,2025-10-21 22:25:00+00:00,short,110426.88,109623.55,TP,22.8619,1165.9588,2025
2025-10-21 23:35:00+00:00,2025-10-21 23:50:00+00:00,short,108310.84,108567.34,SL,-11.6596,1154.2992,2025
2025-10-22 02:55:00+00:00,2025-10-22 04:05:00+00:00,short,108198.85,108462.44,SL,-11.543,1142.7562,2025
2025-10-22 05:15:00+00:00,2025-10-22 07:05:00+00:00,short,108265.25,107677.7,TP,22.8551,1165.6114,2025
2025-10-22 09:05:00+00:00,2025-10-22 10:55:00+00:00,short,108098.7,107657.98,TP,23.3122,1188.9236,2025
2025-10-22 11:45:00+00:00,2025-10-22 12:05:00+00:00,short,107488.81,107723.53,SL,-11.8892,1177.0343,2025
2025-10-22 13:30:00+00:00,2025-10-22 13:35:00+00:00,short,107738.01,108457.99,SL,-11.7703,1165.264,2025
2025-10-22 13:45:00+00:00,2025-10-22 13:50:00+00:00,short,107902.54,108301.77,SL,-11.6526,1153.6114,2025
2025-10-22 13:55:00+00:00,2025-10-22 14:00:00+00:00,long,108783.36,108292.28,SL,-11.5361,1142.0752,2025
2025-10-22 14:15:00+00:00,2025-10-22 14:55:00+00:00,short,108162.13,108947.5,SL,-11.4208,1130.6545,2025
2025-10-22 15:20:00+00:00,2025-10-22 15:35:00+00:00,short,108017.99,108488.07,SL,-11.3065,1119.348,2025
2025-10-22 15:40:00+00:00,2025-10-22 16:20:00+00:00,long,108462.89,108187.26,SL,-11.1935,1108.1545,2025
2025-10-22 16:30:00+00:00,2025-10-22 16:55:00+00:00,long,108546.48,108226.0,SL,-11.0815,1097.0729,2025
2025-10-22 19:50:00+00:00,2025-10-22 20:50:00+00:00,short,107977.21,107500.01,TP,21.9415,1119.0144,2025
2025-10-23 00:25:00+00:00,2025-10-23 00:30:00+00:00,short,107597.04,107819.99,SL,-11.1901,1107.8242,2025
2025-10-23 03:05:00+00:00,2025-10-23 06:05:00+00:00,long,108527.84,109020.0,TP,22.1565,1129.9807,2025
2025-10-23 08:30:00+00:00,2025-10-23 08:55:00+00:00,long,109755.0,109505.44,SL,-11.2998,1118.6809,2025
2025-10-23 10:00:00+00:00,2025-10-23 11:30:00+00:00,long,109491.48,109241.08,SL,-11.1868,1107.4941,2025
2025-10-23 12:45:00+00:00,2025-10-23 13:05:00+00:00,long,109119.73,108882.62,SL,-11.0749,1096.4192,2025
2025-10-23 14:10:00+00:00,2025-10-23 14:20:00+00:00,short,108902.04,109309.16,SL,-10.9642,1085.455,2025
2025-10-23 14:30:00+00:00,2025-10-23 15:30:00+00:00,long,109609.0,110066.69,TP,21.7091,1107.1641,2025
2025-10-23 16:50:00+00:00,2025-10-23 16:55:00+00:00,long,110533.5,110263.74,SL,-11.0716,1096.0924,2025
2025-10-23 17:25:00+00:00,2025-10-23 17:35:00+00:00,long,110206.45,110900.06,TP,21.9218,1118.0143,2025
2025-10-24 02:45:00+00:00,2025-10-24 03:30:00+00:00,long,110632.21,110324.63,SL,-11.1801,1106.8341,2025
2025-10-24 04:10:00+00:00,2025-10-24 04:30:00+00:00,long,110613.61,111288.45,TP,22.1367,1128.9708,2025
2025-10-24 06:35:00+00:00,2025-10-24 07:10:00+00:00,long,111487.99,111140.69,SL,-11.2897,1117.6811,2025
2025-10-24 08:45:00+00:00,2025-10-24 11:30:00+00:00,long,111148.95,110852.49,SL,-11.1768,1106.5043,2025
2025-10-24 12:00:00+00:00,2025-10-24 12:15:00+00:00,long,111196.39,110923.2,SL,-11.065,1095.4393,2025
2025-10-24 12:30:00+00:00,2025-10-24 12:50:00+00:00,long,111556.51,111253.19,SL,-10.9544,1084.4849,2025
2025-10-24 16:00:00+00:00,2025-10-24 16:15:00+00:00,short,109943.73,110212.86,SL,-10.8448,1073.64,2025
2025-10-24 20:45:00+00:00,2025-10-25 04:15:00+00:00,long,110849.36,111421.74,TP,21.4728,1095.1128,2025
2025-10-25 05:45:00+00:00,2025-10-25 08:55:00+00:00,long,111317.58,111763.8,TP,21.9023,1117.0151,2025
2025-10-25 10:40:00+00:00,2025-10-25 15:05:00+00:00,long,111675.9,111444.04,SL,-11.1702,1105.8449,2025
2025-10-25 16:45:00+00:00,2025-10-26 09:20:00+00:00,long,111424.24,112352.38,TP,22.1169,1127.9618,2025
2025-10-26 11:20:00+00:00,2025-10-26 11:40:00+00:00,long,112718.61,113324.21,TP,22.5592,1150.5211,2025
2025-10-26 16:40:00+00:00,2025-10-26 20:25:00+00:00,long,113626.23,113372.23,SL,-11.5052,1139.0158,2025
2025-10-26 21:40:00+00:00,2025-10-26 22:00:00+00:00,long,113455.75,114774.49,TP,22.7803,1161.7962,2025
2025-10-27 00:15:00+00:00,2025-10-27 00:45:00+00:00,long,114970.57,114717.57,SL,-11.618,1150.1782,2025
2025-10-27 01:20:00+00:00,2025-10-27 02:30:00+00:00,long,115149.99,114837.66,SL,-11.5018,1138.6764,2025
2025-10-27 04:10:00+00:00,2025-10-27 06:15:00+00:00,long,115210.85,115681.71,TP,22.7735,1161.4499,2025
2025-10-27 06:25:00+00:00,2025-10-27 08:00:00+00:00,long,115746.68,115507.68,SL,-11.6145,1149.8354,2025
2025-10-27 09:30:00+00:00,2025-10-27 13:35:00+00:00,long,115156.7,114731.65,SL,-11.4984,1138.3371,2025
2025-10-27 13:50:00+00:00,2025-10-27 14:00:00+00:00,long,115348.89,115016.0,SL,-11.3834,1126.9537,2025
2025-10-27 14:05:00+00:00,2025-10-27 15:10:00+00:00,short,114773.83,115055.99,SL,-11.2695,1115.6842,2025
2025-10-27 17:50:00+00:00,2025-10-27 18:55:00+00:00,long,115620.31,115342.19,SL,-11.1568,1104.5273,2025
2025-10-27 22:50:00+00:00,2025-10-28 01:40:00+00:00,short,114156.05,114467.16,SL,-11.0453,1093.4821,2025
2025-10-28 02:15:00+00:00,2025-10-28 02:45:00+00:00,short,114166.69,113661.95,TP,21.8696,1115.3517,2025
2025-10-28 05:15:00+00:00,2025-10-28 06:45:00+00:00,short,113831.74,114061.73,SL,-11.1535,1104.1982,2025
2025-10-28 07:55:00+00:00,2025-10-28 08:30:00+00:00,short,114188.37,114429.22,SL,-11.042,1093.1562,2025
2025-10-28 09:55:00+00:00,2025-10-28 12:05:00+00:00,long,114528.6,114266.66,SL,-10.9316,1082.2246,2025
2025-10-28 12:45:00+00:00,2025-10-28 13:20:00+00:00,long,114491.41,115143.88,TP,21.6445,1103.8691,2025
2025-10-28 16:25:00+00:00,2025-10-28 17:20:00+00:00,long,115076.48,115563.33,TP,22.0774,1125.9465,2025
2025-10-28 23:20:00+00:00,2025-10-29 00:55:00+00:00,short,112906.94,112442.88,TP,22.5189,1148.4655,2025
2025-10-29 03:10:00+00:00,2025-10-29 04:15:00+00:00,short,112458.33,112736.84,SL,-11.4847,1136.9808,2025
2025-10-29 06:00:00+00:00,2025-10-29 06:50:00+00:00,short,113039.03,113339.3,SL,-11.3698,1125.611,2025
2025-10-29 07:40:00+00:00,2025-10-29 07:50:00+00:00,short,113293.2,113542.17,SL,-11.2561,1114.3549,2025
2025-10-29 10:55:00+00:00,2025-10-29 11:15:00+00:00,short,112870.01,113125.45,SL,-11.1435,1103.2113,2025
2025-10-29 12:30:00+00:00,2025-10-29 13:10:00+00:00,short,113115.98,113357.04,SL,-11.0321,1092.1792,2025
2025-10-29 13:35:00+00:00,2025-10-29 14:15:00+00:00,short,112997.17,112475.74,TP,21.8436,1114.0228,2025
2025-10-29 15:25:00+00:00,2025-10-29 15:45:00+00:00,short,112029.7,111579.62,TP,22.2805,1136.3033,2025
2025-10-29 18:35:00+00:00,2025-10-29 18:40:00+00:00,short,109427.1,109756.51,SL,-11.363,1124.9402,2025
2025-10-29 19:35:00+00:00,2025-10-29 19:45:00+00:00,short,110433.65,110680.06,SL,-11.2494,1113.6908,2025
2025-10-29 22:00:00+00:00,2025-10-29 22:55:00+00:00,short,111523.44,111028.2,TP,22.2738,1135.9646,2025
2025-10-30 03:10:00+00:00,2025-10-30 04:05:00+00:00,short,110778.0,110320.41,TP,22.7193,1158.6839,2025
2025-10-30 11:55:00+00:00,2025-10-30 12:20:00+00:00,short,109717.29,108994.14,TP,23.1737,1181.8576,2025
2025-10-30 13:35:00+00:00,2025-10-30 13:50:00+00:00,short,107841.83,108061.83,SL,-11.8186,1170.039,2025
2025-10-30 15:35:00+00:00,2025-10-30 16:05:00+00:00,short,107650.89,108044.56,SL,-11.7004,1158.3386,2025
2025-10-30 17:05:00+00:00,2025-10-30 17:20:00+00:00,short,107683.6,106969.08,TP,23.1668,1181.5054,2025
2025-10-30 18:35:00+00:00,2025-10-30 19:55:00+00:00,short,106985.31,106536.39,TP,23.6301,1205.1355,2025
2025-10-30 22:15:00+00:00,2025-10-30 22:55:00+00:00,short,107675.89,107912.81,SL,-12.0514,1193.0842,2025
2025-10-31 03:45:00+00:00,2025-10-31 04:20:00+00:00,long,109249.19,109810.07,TP,23.8617,1216.9459,2025
2025-10-31 07:20:00+00:00,2025-10-31 07:40:00+00:00,long,109732.17,109511.71,SL,-12.1695,1204.7764,2025
2025-10-31 08:25:00+00:00,2025-10-31 09:15:00+00:00,long,109830.83,110358.89,TP,24.0955,1228.8719,2025
2025-10-31 11:45:00+00:00,2025-10-31 12:00:00+00:00,long,110078.21,110571.37,TP,24.5774,1253.4494,2025
2025-10-31 13:50:00+00:00,2025-10-31 14:25:00+00:00,long,110074.6,109805.08,SL,-12.5345,1240.9149,2025
2025-10-31 14:40:00+00:00,2025-10-31 14:50:00+00:00,long,110028.59,110660.6,TP,24.8183,1265.7332,2025
2025-10-31 22:00:00+00:00,2025-10-31 22:15:00+00:00,short,109527.89,109801.78,SL,-12.6573,1253.0758,2025
2025-10-31 23:45:00+00:00,2025-11-01 03:15:00+00:00,long,109628.01,110168.0,TP,25.0615,1278.1373,2025
2025-11-01 07:15:00+00:00,2025-11-01 13:40:00+00:00,long,110106.98,109777.61,SL,-12.7814,1265.356,2025
2025-11-01 18:50:00+00:00,2025-11-01 21:45:00+00:00,long,110337.39,110053.72,SL,-12.6536,1252.7024,2025
2025-11-02 00:45:00+00:00,2025-11-02 02:30:00+00:00,short,109972.01,110225.96,SL,-12.527,1240.1754,2025
2025-11-02 03:20:00+00:00,2025-11-02 04:40:00+00:00,short,109976.38,110435.01,SL,-12.4018,1227.7736,2025
2025-11-02 06:45:00+00:00,2025-11-02 07:20:00+00:00,long,110691.02,110445.02,SL,-12.2777,1215.4959,2025
2025-11-02 07:40:00+00:00,2025-11-02 10:30:00+00:00,long,110690.76,110407.11,SL,-12.155,1203.3409,2025
2025-11-02 11:05:00+00:00,2025-11-02 11:55:00+00:00,long,110636.06,111196.99,TP,24.0668,1227.4078,2025
2025-11-02 14:00:00+00:00,2025-11-02 14:20:00+00:00,long,110655.38,110433.15,SL,-12.2741,1215.1337,2025
2025-11-02 14:25:00+00:00,2025-11-02 15:30:00+00:00,short,110307.99,110540.16,SL,-12.1513,1202.9823,2025
2025-11-02 15:45:00+00:00,2025-11-02 22:30:00+00:00,short,110230.77,109534.91,TP,24.0596,1227.042,2025
2025-11-03 02:25:00+00:00,2025-11-03 02:45:00+00:00,short,109249.74,108811.23,TP,24.5408,1251.5828,2025
2025-11-03 06:10:00+00:00,2025-11-03 07:20:00+00:00,short,107347.08,107737.95,SL,-12.5158,1239.067,2025
2025-11-03 08:25:00+00:00,2025-11-03 08:50:00+00:00,short,107228.36,107533.1,SL,-12.3907,1226.6763,2025
2025-11-03 09:30:00+00:00,2025-11-03 10:20:00+00:00,short,107301.3,107557.06,SL,-12.2668,1214.4096,2025
2025-11-03 10:40:00+00:00,2025-11-03 11:10:00+00:00,short,107246.09,107527.29,SL,-12.1441,1202.2655,2025
2025-11-03 12:40:00+00:00,2025-11-03 14:05:00+00:00,short,107841.98,108064.01,SL,-12.0227,1190.2428,2025
2025-11-03 14:15:00+00:00,2025-11-03 14:55:00+00:00,short,107824.39,108059.99,SL,-11.9024,1178.3404,2025
2025-11-03 15:05:00+00:00,2025-11-03 15:20:00+00:00,short,107700.0,107119.0,TP,23.5668,1201.9072,2025
2025-11-03 18:25:00+00:00,2025-11-03 19:00:00+00:00,short,107262.24,106740.68,TP,24.0381,1225.9453,2025
2025-11-03 20:05:00+00:00,2025-11-03 22:20:00+00:00,short,106870.58,106362.93,TP,24.5189,1250.4642,2025
2025-11-03 23:00:00+00:00,2025-11-03 23:15:00+00:00,short,106108.0,106331.02,SL,-12.5046,1237.9596,2025
2025-11-04 00:15:00+00:00,2025-11-04 00:35:00+00:00,short,106272.36,106687.6,SL,-12.3796,1225.58,2025
2025-11-04 02:10:00+00:00,2025-11-04 02:20:00+00:00,short,106922.18,107186.3,SL,-12.2558,1213.3242,2025
2025-11-04 02:30:00+00:00,2025-11-04 02:45:00+00:00,short,106941.7,106513.29,TP,24.2665,1237.5907,2025
2025-11-04 04:25:00+00:00,2025-11-04 05:00:00+00:00,short,106939.09,106511.18,TP,24.7518,1262.3425,2025
2025-11-04 08:10:00+00:00,2025-11-04 08:20:00+00:00,short,103880.07,104378.87,SL,-12.6234,1249.7191,2025
2025-11-04 09:05:00+00:00,2025-11-04 09:30:00+00:00,short,103870.78,104090.15,SL,-12.4972,1237.2219,2025
2025-11-04 12:15:00+00:00,2025-11-04 13:05:00+00:00,short,104215.18,103797.44,TP,24.7444,1261.9663,2025
2025-11-04 14:20:00+00:00,2025-11-04 14:35:00+00:00,short,103847.48,103080.72,TP,25.2393,1287.2057,2025
2025-11-04 15:45:00+00:00,2025-11-04 15:55:00+00:00,short,103739.99,103197.01,TP,25.7441,1312.9498,2025
2025-11-04 18:00:00+00:00,2025-11-04 18:05:00+00:00,short,100649.15,101048.57,SL,-13.1295,1299.8203,2025
2025-11-04 18:15:00+00:00,2025-11-04 18:20:00+00:00,short,100384.03,100706.48,SL,-12.9982,1286.8221,2025
2025-11-04 19:55:00+00:00,2025-11-04 20:20:00+00:00,short,100542.64,100113.83,TP,25.7364,1312.5585,2025
2025-11-04 21:20:00+00:00,2025-11-04 21:30:00+00:00,short,100017.51,99119.75,TP,26.2512,1338.8097,2025
2025-11-04 23:25:00+00:00,2025-11-04 23:45:00+00:00,short,101235.25,101555.38,SL,-13.3881,1325.4216,2025
2025-11-05 00:05:00+00:00,2025-11-05 00:15:00+00:00,short,101120.85,101434.83,SL,-13.2542,1312.1674,2025
2025-11-05 06:30:00+00:00,2025-11-05 06:35:00+00:00,long,102041.06,101822.0,SL,-13.1217,1299.0457,2025
2025-11-05 07:15:00+00:00,2025-11-05 08:20:00+00:00,short,101863.34,101271.83,TP,25.9809,1325.0266,2025
2025-11-05 10:15:00+00:00,2025-11-05 10:50:00+00:00,short,101733.75,101309.05,TP,26.5005,1351.5271,2025
2025-11-05 13:45:00+00:00,2025-11-05 14:10:00+00:00,long,102933.58,102651.86,SL,-13.5153,1338.0119,2025
2025-11-05 14:50:00+00:00,2025-11-05 15:00:00+00:00,long,103279.99,102860.22,SL,-13.3801,1324.6318,2025
2025-11-05 16:45:00+00:00,2025-11-05 17:05:00+00:00,long,103894.49,103508.58,SL,-13.2463,1311.3854,2025
2025-11-05 18:20:00+00:00,2025-11-05 20:10:00+00:00,long,104027.84,104520.0,TP,26.2277,1337.6131,2025
2025-11-05 22:40:00+00:00,2025-11-05 23:40:00+00:00,long,103571.83,104090.71,TP,26.7523,1364.3654,2025
2025-11-06 01:45:00+00:00,2025-11-06 02:10:00+00:00,long,103406.01,102944.3,SL,-13.6437,1350.7217,2025
2025-11-06 06:25:00+00:00,2025-11-06 07:00:00+00:00,long,103508.78,103259.99,SL,-13.5072,1337.2145,2025
2025-11-06 07:15:00+00:00,2025-11-06 07:20:00+00:00,short,102945.41,103514.12,SL,-13.3721,1323.8424,2025
2025-11-06 07:35:00+00:00,2025-11-06 08:15:00+00:00,short,103128.49,103373.65,SL,-13.2384,1310.604,2025
2025-11-06 09:00:00+00:00,2025-11-06 09:10:00+00:00,short,102881.21,103118.78,SL,-13.106,1297.4979,2025
2025-11-06 11:05:00+00:00,2025-11-06 11:15:00+00:00,short,102840.92,103050.0,SL,-12.975,1284.5229,2025
2025-11-06 12:10:00+00:00,2025-11-06 12:40:00+00:00,short,103014.41,102449.13,TP,25.6905,1310.2134,2025
2025-11-06 14:05:00+00:00,2025-11-06 14:10:00+00:00,short,102774.2,103030.78,SL,-13.1021,1297.1113,2025
2025-11-06 16:10:00+00:00,2025-11-06 16:35:00+00:00,short,101790.98,100962.77,TP,25.9422,1323.0535,2025
2025-11-06 19:35:00+00:00,2025-11-06 20:15:00+00:00,short,101591.7,101167.18,TP,26.4611,1349.5146,2025
2025-11-06 23:35:00+00:00,2025-11-07 00:00:00+00:00,short,101189.9,101512.97,SL,-13.4951,1336.0194,2025
2025-11-07 00:15:00+00:00,2025-11-07 00:30:00+00:00,short,101042.3,101249.99,SL,-13.3602,1322.6592,2025
2025-11-07 01:10:00+00:00,2025-11-07 01:15:00+00:00,short,101315.18,101580.58,SL,-13.2266,1309.4326,2025
2025-11-07 01:35:00+00:00,2025-11-07 01:55:00+00:00,short,101236.88,101538.96,SL,-13.0943,1296.3383,2025
2025-11-07 02:25:00+00:00,2025-11-07 02:30:00+00:00,short,101243.01,101508.82,SL,-12.9634,1283.3749,2025
2025-11-07 05:00:00+00:00,2025-11-07 06:50:00+00:00,long,102199.98,101924.39,SL,-12.8337,1270.5412,2025
2025-11-07 07:50:00+00:00,2025-11-07 08:30:00+00:00,long,102000.0,101694.99,SL,-12.7054,1257.8358,2025
2025-11-07 10:20:00+00:00,2025-11-07 10:40:00+00:00,short,100656.13,100944.85,SL,-12.5784,1245.2574,2025
2025-11-07 11:05:00+00:00,2025-11-07 11:25:00+00:00,short,100404.52,99918.02,TP,24.9051,1270.1626,2025
2025-11-07 12:30:00+00:00,2025-11-07 12:45:00+00:00,short,99815.99,99411.77,TP,25.4033,1295.5658,2025
2025-11-07 14:35:00+00:00,2025-11-07 14:40:00+00:00,short,99590.01,100793.33,SL,-12.9557,1282.6101,2025
2025-11-07 15:40:00+00:00,2025-11-07 15:45:00+00:00,short,100669.91,100883.16,SL,-12.8261,1269.784,2025
2025-11-07 16:00:00+00:00,2025-11-07 16:20:00+00:00,short,100762.57,101352.44,SL,-12.6978,1257.0862,2025
2025-11-07 17:00:00+00:00,2025-11-07 17:10:00+00:00,short,101080.98,101631.76,SL,-12.5709,1244.5153,2025
2025-11-07 19:40:00+00:00,2025-11-07 20:40:00+00:00,long,103257.05,103837.26,TP,24.8903,1269.4056,2025
2025-11-07 22:05:00+00:00,2025-11-07 22:10:00+00:00,long,103985.61,103685.32,SL,-12.6941,1256.7116,2025
2025-11-08 01:15:00+00:00,2025-11-08 02:50:00+00:00,long,103065.04,102768.82,SL,-12.5671,1244.1445,2025
2025-11-08 03:15:00+00:00,2025-11-08 03:35:00+00:00,long,103263.34,102938.85,SL,-12.4414,1231.703,2025
2025-11-08 04:45:00+00:00,2025-11-08 05:20:00+00:00,long,102744.7,102494.56,SL,-12.317,1219.386,2025
2025-11-08 05:50:00+00:00,2025-11-08 07:20:00+00:00,short,102385.16,101972.07,TP,24.3877,1243.7737,2025
2025-11-08 09:05:00+00:00,2025-11-08 09:30:00+00:00,short,102278.15,102569.44,SL,-12.4377,1231.336,2025
2025-11-08 09:50:00+00:00,2025-11-08 10:30:00+00:00,short,102346.0,102569.55,SL,-12.3134,1219.0226,2025
2025-11-08 11:30:00+00:00,2025-11-08 11:50:00+00:00,short,102348.17,101803.2,TP,24.3805,1243.4031,2025
2025-11-08 13:55:00+00:00,2025-11-08 18:25:00+00:00,short,101804.63,102009.23,SL,-12.434,1230.969,2025
2025-11-08 19:15:00+00:00,2025-11-08 19:55:00+00:00,short,101779.76,101989.65,SL,-12.3097,1218.6594,2025
2025-11-08 21:10:00+00:00,2025-11-08 21:40:00+00:00,short,102040.11,102327.24,SL,-12.1866,1206.4728,2025
2025-11-08 22:55:00+00:00,2025-11-09 00:10:00+00:00,long,102377.46,102051.25,SL,-12.0647,1194.408,2025
2025-11-09 01:30:00+00:00,2025-11-09 01:40:00+00:00,short,101737.54,101998.99,SL,-11.9441,1182.464,2025
2025-11-09 02:35:00+00:00,2025-11-09 04:15:00+00:00,short,101760.54,102042.32,SL,-11.8246,1170.6393,2025
2025-11-09 04:55:00+00:00,2025-11-09 05:25:00+00:00,short,101724.91,101982.79,SL,-11.7064,1158.9329,2025
2025-11-09 06:30:00+00:00,2025-11-09 09:10:00+00:00,short,101835.73,102044.64,SL,-11.5893,1147.3436,2025
2025-11-09 09:40:00+00:00,2025-11-09 11:10:00+00:00,short,101905.82,102187.08,SL,-11.4734,1135.8702,2025
2025-11-09 13:15:00+00:00,2025-11-09 13:45:00+00:00,long,102400.61,102900.0,TP,22.7174,1158.5876,2025
2025-11-09 15:30:00+00:00,2025-11-09 16:10:00+00:00,long,103680.06,103414.9,SL,-11.5859,1147.0017,2025
2025-11-09 18:40:00+00:00,2025-11-09 18:45:00+00:00,long,103818.69,104315.76,TP,22.94,1169.9417,2025
2025-11-09 22:50:00+00:00,2025-11-09 23:45:00+00:00,long,104778.55,104551.92,SL,-11.6994,1158.2423,2025
2025-11-10 00:10:00+00:00,2025-11-10 00:20:00+00:00,long,105028.26,105699.23,TP,23.1648,1181.4071,2025
2025-11-10 03:00:00+00:00,2025-11-10 03:10:00+00:00,long,106211.6,105894.72,SL,-11.8141,1169.5931,2025
2025-11-10 03:35:00+00:00,2025-11-10 04:20:00+00:00,long,106141.22,105911.01,SL,-11.6959,1157.8971,2025
2025-11-10 04:55:00+00:00,2025-11-10 08:35:00+00:00,long,106153.14,105908.94,SL,-11.579,1146.3182,2025
2025-11-10 09:20:00+00:00,2025-11-10 10:55:00+00:00,long,106226.2,105995.26,SL,-11.4632,1134.855,2025
2025-11-10 11:30:00+00:00,2025-11-10 12:00:00+00:00,long,106190.21,105919.53,SL,-11.3485,1123.5064,2025
2025-11-10 13:00:00+00:00,2025-11-10 14:30:00+00:00,long,106200.0,105924.87,SL,-11.2351,1112.2714,2025
2025-11-10 15:50:00+00:00,2025-11-10 16:05:00+00:00,short,104883.53,105134.8,SL,-11.1227,1101.1487,2025
2025-11-10 19:45:00+00:00,2025-11-10 21:05:00+00:00,long,105924.07,105666.79,SL,-11.0115,1090.1372,2025
2025-11-11 01:00:00+00:00,2025-11-11 01:15:00+00:00,long,106045.21,107357.87,TP,21.8027,1111.9399,2025
2025-11-11 02:35:00+00:00,2025-11-11 02:45:00+00:00,long,106872.77,106553.72,SL,-11.1194,1100.8205,2025
2025-11-11 06:05:00+00:00,2025-11-11 06:55:00+00:00,short,104995.21,105261.27,SL,-11.0082,1089.8123,2025
2025-11-11 07:45:00+00:00,2025-11-11 08:05:00+00:00,short,104778.29,104998.37,SL,-10.8981,1078.9142,2025
2025-11-11 09:50:00+00:00,2025-11-11 11:00:00+00:00,short,105012.66,105369.68,SL,-10.7891,1068.1251,2025
2025-11-11 11:55:00+00:00,2025-11-11 12:35:00+00:00,short,105311.9,104816.56,TP,21.3625,1089.4876,2025
2025-11-11 14:45:00+00:00,2025-11-11 14:55:00+00:00,short,103912.13,104560.16,SL,-10.8949,1078.5927,2025
2025-11-11 15:25:00+00:00,2025-11-11 16:05:00+00:00,short,103706.55,103207.16,TP,21.5719,1100.1645,2025
2025-11-11 17:40:00+00:00,2025-11-11 17:50:00+00:00,short,102990.0,103207.64,SL,-11.0016,1089.1629,2025
2025-11-11 20:00:00+00:00,2025-11-11 21:35:00+00:00,short,103032.78,102513.24,TP,21.7833,1110.9461,2025
2025-11-11 23:50:00+00:00,2025-11-12 00:00:00+00:00,short,102986.37,103256.0,SL,-11.1095,1099.8367,2025
2025-11-12 00:30:00+00:00,2025-11-12 01:15:00+00:00,short,102978.43,103243.09,SL,-10.9984,1088.8383,2025
2025-11-12 02:30:00+00:00,2025-11-12 03:15:00+00:00,short,103048.63,103316.19,SL,-10.8884,1077.9499,2025
2025-11-12 04:20:00+00:00,2025-11-12 06:10:00+00:00,short,103327.25,103544.76,SL,-10.7795,1067.1704,2025
2025-11-12 06:40:00+00:00,2025-11-12 08:20:00+00:00,short,103432.58,103701.45,SL,-10.6717,1056.4987,2025
2025-11-12 12:15:00+00:00,2025-11-12 12:25:00+00:00,long,105231.35,104963.35,SL,-10.565,1045.9337,2025
2025-11-12 13:45:00+00:00,2025-11-12 14:00:00+00:00,long,105165.21,104824.55,SL,-10.4593,1035.4744,2025
2025-11-12 19:10:00+00:00,2025-11-12 19:40:00+00:00,short,101157.12,101403.14,SL,-10.3547,1025.1197,2025
2025-11-12 22:05:00+00:00,2025-11-12 22:50:00+00:00,short,101671.26,101921.68,SL,-10.2512,1014.8685,2025
2025-11-12 23:05:00+00:00,2025-11-13 00:35:00+00:00,short,101711.9,101933.25,SL,-10.1487,1004.7198,2025
2025-11-13 01:55:00+00:00,2025-11-13 02:15:00+00:00,short,102007.0,102287.58,SL,-10.0472,994.6726,2025
2025-11-13 03:35:00+00:00,2025-11-13 03:55:00+00:00,long,102408.36,102130.21,SL,-9.9467,984.7259,2025
2025-11-13 04:05:00+00:00,2025-11-13 04:15:00+00:00,short,101841.2,102158.91,SL,-9.8473,974.8786,2025
2025-11-13 04:30:00+00:00,2025-11-13 05:30:00+00:00,short,102068.18,102375.0,SL,-9.7488,965.1298,2025
2025-11-13 10:15:00+00:00,2025-11-13 10:35:00+00:00,long,103175.08,102943.33,SL,-9.6513,955.4785,2025
2025-11-13 11:30:00+00:00,2025-11-13 11:45:00+00:00,short,102773.86,102990.18,SL,-9.5548,945.9237,2025
2025-11-13 14:50:00+00:00,2025-11-13 15:00:00+00:00,long,102909.9,102197.38,SL,-9.4592,936.4645,2025
2025-11-13 15:30:00+00:00,2025-11-13 15:45:00+00:00,short,101866.04,101304.46,TP,18.7293,955.1938,2025
2025-11-13 23:50:00+00:00,2025-11-14 00:05:00+00:00,short,99795.29,99220.0,TP,19.1039,974.2977,2025
2025-11-14 03:05:00+00:00,2025-11-14 03:40:00+00:00,short,99467.86,98912.23,TP,19.486,993.7836,2025
2025-11-14 06:35:00+00:00,2025-11-14 06:55:00+00:00,short,96775.56,97569.13,SL,-9.9378,983.8458,2025
2025-11-14 08:10:00+00:00,2025-11-14 08:15:00+00:00,short,96909.66,97425.89,SL,-9.8385,974.0073,2025
2025-11-14 09:30:00+00:00,2025-11-14 09:35:00+00:00,short,96773.21,96977.15,SL,-9.7401,964.2672,2025
2025-11-14 10:55:00+00:00,2025-11-14 11:30:00+00:00,short,96752.2,96280.14,TP,19.2853,983.5526,2025
2025-11-14 13:15:00+00:00,2025-11-14 13:50:00+00:00,short,94960.01,95298.0,SL,-9.8355,973.7171,2025
2025-11-14 16:05:00+00:00,2025-11-14 16:25:00+00:00,short,96610.82,96974.13,SL,-9.7372,963.9799,2025
2025-11-14 17:00:00+00:00,2025-11-14 17:30:00+00:00,short,97082.01,96610.24,TP,19.2796,983.2595,2025
2025-11-14 20:25:00+00:00,2025-11-14 20:40:00+00:00,short,94934.15,94377.76,TP,19.6652,1002.9247,2025
2025-11-14 23:00:00+00:00,2025-11-14 23:15:00+00:00,short,94477.21,94714.04,SL,-10.0292,992.8954,2025
2025-11-15 01:00:00+00:00,2025-11-15 01:10:00+00:00,short,94842.13,95082.36,SL,-9.929,982.9665,2025
2025-11-15 05:50:00+00:00,2025-11-15 06:40:00+00:00,long,96381.98,96109.59,SL,-9.8297,973.1368,2025
2025-11-15 07:50:00+00:00,2025-11-15 08:00:00+00:00,long,96307.97,96095.59,SL,-9.7314,963.4054,2025
2025-11-15 09:20:00+00:00,2025-11-15 09:30:00+00:00,long,96091.7,95870.61,SL,-9.6341,953.7714,2025
2025-11-15 09:55:00+00:00,2025-11-15 10:40:00+00:00,short,95808.44,96052.48,SL,-9.5377,944.2337,2025
2025-11-15 11:15:00+00:00,2025-11-15 13:20:00+00:00,short,95810.86,96094.46,SL,-9.4423,934.7913,2025
2025-11-15 16:50:00+00:00,2025-11-15 17:05:00+00:00,long,96178.97,95964.66,SL,-9.3479,925.4434,2025
2025-11-15 17:15:00+00:00,2025-11-15 17:20:00+00:00,short,95924.56,96279.49,SL,-9.2544,916.189,2025
2025-11-15 21:40:00+00:00,2025-11-15 22:10:00+00:00,short,95225.37,95545.1,SL,-9.1619,907.0271,2025
2025-11-16 00:05:00+00:00,2025-11-16 01:40:00+00:00,short,95411.38,95003.54,TP,18.1405,925.1676,2025
2025-11-16 05:05:00+00:00,2025-11-16 09:50:00+00:00,long,95956.32,96410.0,TP,18.5034,943.671,2025
2025-11-16 13:25:00+00:00,2025-11-16 14:40:00+00:00,short,95390.01,95596.23,SL,-9.4367,934.2343,2025
2025-11-16 15:45:00+00:00,2025-11-16 15:50:00+00:00,short,95257.81,94709.99,TP,18.6847,952.919,2025
2025-11-16 18:45:00+00:00,2025-11-16 18:50:00+00:00,short,93907.8,94119.99,SL,-9.5292,943.3898,2025
2025-11-16 19:40:00+00:00,2025-11-16 20:10:00+00:00,short,94176.27,94375.79,SL,-9.4339,933.9559,2025
2025-11-16 20:55:00+00:00,2025-11-16 21:15:00+00:00,short,94090.0,93682.75,TP,18.6791,952.635,2025
2025-11-17 00:15:00+00:00,2025-11-17 00:20:00+00:00,short,93857.5,94097.52,SL,-9.5264,943.1087,2025
2025-11-17 00:25:00+00:00,2025-11-17 00:55:00+00:00,long,94723.65,95290.01,TP,18.8622,961.9708,2025
2025-11-17 03:20:00+00:00,2025-11-17 03:35:00+00:00,long,95440.32,95221.65,SL,-9.6197,952.3511,2025
2025-11-17 05:50:00+00:00,2025-11-17 06:10:00+00:00,long,95151.84,94959.38,SL,-9.5235,942.8276,2025
2025-11-17 06:50:00+00:00,2025-11-17 07:35:00+00:00,long,95207.0,95692.3,TP,18.8566,961.6842,2025
2025-11-17 10:45:00+00:00,2025-11-17 11:45:00+00:00,long,95776.81,95420.0,SL,-9.6168,952.0673,2025
2025-11-17 15:15:00+00:00,2025-11-17 15:20:00+00:00,short,93895.0,94142.41,SL,-9.5207,942.5466,2025
2025-11-17 17:35:00+00:00,2025-11-17 17:40:00+00:00,short,93253.33,92852.39,TP,18.8509,961.3976,2025
2025-11-17 19:15:00+00:00,2025-11-17 19:50:00+00:00,short,92226.76,91766.69,TP,19.228,980.6255,2025
2025-11-17 23:10:00+00:00,2025-11-17 23:55:00+00:00,short,92020.12,92215.14,SL,-9.8063,970.8193,2025
2025-11-18 00:30:00+00:00,2025-11-18 00:40:00+00:00,short,91822.56,91426.01,TP,19.4164,990.2357,2025
2025-11-18 01:25:00+00:00,2025-11-18 01:30:00+00:00,short,91798.86,92013.11,SL,-9.9024,980.3333,2025
2025-11-18 04:20:00+00:00,2025-11-18 05:10:00+00:00,short,89993.99,90233.89,SL,-9.8033,970.53,2025
2025-11-18 06:35:00+00:00,2025-11-18 07:05:00+00:00,short,89615.89,89806.43,SL,-9.7053,960.8247,2025
2025-11-18 09:05:00+00:00,2025-11-18 09:15:00+00:00,short,91010.27,91428.45,SL,-9.6082,951.2164,2025
2025-11-18 12:40:00+00:00,2025-11-18 12:50:00+00:00,long,91807.95,91505.81,SL,-9.5122,941.7043,2025
2025-11-18 13:10:00+00:00,2025-11-18 13:35:00+00:00,short,91486.66,91096.0,TP,18.8341,960.5383,2025
2025-11-18 14:20:00+00:00,2025-11-18 14:30:00+00:00,long,91527.98,92071.98,TP,19.2108,979.7491,2025
2025-11-18 14:55:00+00:00,2025-11-18 15:05:00+00:00,short,91359.29,91795.12,SL,-9.7975,969.9516,2025
2025-11-18 15:10:00+00:00,2025-11-18 15:20:00+00:00,long,92037.89,92725.82,TP,19.399,989.3507,2025
2025-11-18 21:15:00+00:00,2025-11-18 21:30:00+00:00,long,92966.25,92664.7,SL,-9.8935,979.4571,2025
2025-11-18 22:05:00+00:00,2025-11-18 22:20:00+00:00,long,92836.04,93214.01,TP,19.5891,999.0463,2025
2025-11-19 00:50:00+00:00,2025-11-19 01:00:00+00:00,long,92573.99,92250.0,SL,-9.9905,989.0558,2025
2025-11-19 03:05:00+00:00,2025-11-19 03:35:00+00:00,short,92416.18,91874.01,TP,19.7811,1008.8369,2025
2025-11-19 08:35:00+00:00,2025-11-19 09:00:00+00:00,short,91659.25,91190.81,TP,20.1767,1029.0137,2025
2025-11-19 10:30:00+00:00,2025-11-19 11:10:00+00:00,short,91419.42,91642.19,SL,-10.2901,1018.7235,2025
2025-11-19 11:50:00+00:00,2025-11-19 12:45:00+00:00,short,91409.87,91599.1,SL,-10.1872,1008.5363,2025
2025-11-19 13:35:00+00:00,2025-11-19 14:40:00+00:00,short,91392.59,91784.04,SL,-10.0854,998.4509,2025
2025-11-19 15:25:00+00:00,2025-11-19 15:30:00+00:00,short,91235.13,90723.48,TP,19.969,1018.42,2025
2025-11-19 19:35:00+00:00,2025-11-19 19:50:00+00:00,short,88733.55,89028.08,SL,-10.1842,1008.2358,2025
2025-11-19 20:05:00+00:00,2025-11-19 20:15:00+00:00,short,88645.07,88990.0,SL,-10.0824,998.1534,2025
2025-11-19 22:15:00+00:00,2025-11-19 22:25:00+00:00,short,90272.34,90594.86,SL,-9.9815,988.1719,2025
2025-11-19 23:05:00+00:00,2025-11-20 00:20:00+00:00,long,91352.77,91781.31,TP,19.7634,1007.9353,2025
2025-11-20 00:25:00+00:00,2025-11-20 00:40:00+00:00,long,91855.18,92232.72,TP,20.1587,1028.094,2025
2025-11-20 01:15:00+00:00,2025-11-20 01:25:00+00:00,long,92447.72,92227.82,SL,-10.2809,1017.8131,2025
2025-11-20 01:35:00+00:00,2025-11-20 04:15:00+00:00,long,92559.14,92139.29,SL,-10.1781,1007.6349,2025
2025-11-20 04:50:00+00:00,2025-11-20 06:20:00+00:00,long,92660.0,92399.77,SL,-10.0763,997.5586,2025
2025-11-20 07:35:00+00:00,2025-11-20 09:15:00+00:00,long,92117.87,91930.39,SL,-9.9756,987.583,2025
2025-11-20 10:25:00+00:00,2025-11-20 10:35:00+00:00,long,91973.05,91764.87,SL,-9.8758,977.7072,2025
2025-11-20 11:25:00+00:00,2025-11-20 11:35:00+00:00,short,91564.79,91767.82,SL,-9.7771,967.9301,2025
2025-11-20 13:05:00+00:00,2025-11-20 13:10:00+00:00,short,91766.03,92011.38,SL,-9.6793,958.2508,2025
2025-11-20 13:40:00+00:00,2025-11-20 13:50:00+00:00,short,91627.72,91840.02,SL,-9.5825,948.6683,2025
2025-11-20 23:05:00+00:00,2025-11-20 23:25:00+00:00,short,87647.82,87265.51,TP,18.9734,967.6417,2025
2025-11-21 01:15:00+00:00,2025-11-21 01:20:00+00:00,short,86927.84,87162.35,SL,-9.6764,957.9652,2025
2025-11-21 01:35:00+00:00,2025-11-21 02:05:00+00:00,short,87100.0,86672.07,TP,19.1593,977.1245,2025
2025-11-21 06:10:00+00:00,2025-11-21 06:25:00+00:00,short,85977.51,85633.4,TP,19.5425,996.667,2025
2025-11-21 08:45:00+00:00,2025-11-21 09:00:00+00:00,short,83720.01,83923.34,SL,-9.9667,986.7004,2025
2025-11-21 09:25:00+00:00,2025-11-21 09:35:00+00:00,short,83079.79,82686.74,TP,19.734,1006.4344,2025
2025-11-21 11:50:00+00:00,2025-11-21 12:20:00+00:00,short,82257.17,81099.99,TP,20.1287,1026.5631,2025
2025-11-21 14:15:00+00:00,2025-11-21 14:30:00+00:00,short,83626.68,84769.87,SL,-10.2656,1016.2974,2025
2025-11-21 15:05:00+00:00,2025-11-21 15:20:00+00:00,short,84466.28,84065.85,TP,20.3259,1036.6234,2025
2025-11-21 19:40:00+00:00,2025-11-21 20:05:00+00:00,short,84446.1,83926.5,TP,20.7325,1057.3559,2025
2025-11-21 23:25:00+00:00,2025-11-22 00:05:00+00:00,long,85032.63,85389.47,TP,21.1471,1078.503,2025
2025-11-22 01:35:00+00:00,2025-11-22 02:10:00+00:00,long,85043.47,84723.99,SL,-10.785,1067.7179,2025
2025-11-22 03:20:00+00:00,2025-11-22 04:15:00+00:00,short,84356.55,83968.0,TP,21.3544,1089.0723,2025
2025-11-22 07:15:00+00:00,2025-11-22 08:30:00+00:00,short,84466.0,84068.08,TP,21.7814,1110.8537,2025
2025-11-22 09:40:00+00:00,2025-11-22 10:10:00+00:00,short,83940.01,84166.73,SL,-11.1085,1099.7452,2025
2025-11-22 10:20:00+00:00,2025-11-22 11:10:00+00:00,short,83830.81,84017.6,SL,-10.9975,1088.7478,2025
2025-11-22 12:05:00+00:00,2025-11-22 13:05:00+00:00,short,83754.4,83928.23,SL,-10.8875,1077.8603,2025
2025-11-22 16:10:00+00:00,2025-11-22 20:40:00+00:00,long,84592.93,84423.01,SL,-10.7786,1067.0817,2025
2025-11-22 21:50:00+00:00,2025-11-22 22:40:00+00:00,long,84418.28,84760.58,TP,21.3416,1088.4233,2025
2025-11-23 00:10:00+00:00,2025-11-23 00:35:00+00:00,long,85187.01,85006.67,SL,-10.8842,1077.5391,2025
2025-11-23 01:05:00+00:00,2025-11-23 01:35:00+00:00,long,85260.38,85705.83,TP,21.5508,1099.0899,2025
2025-11-23 04:05:00+00:00,2025-11-23 05:25:00+00:00,long,86447.65,86235.61,SL,-10.9909,1088.099,2025
2025-11-23 07:55:00+00:00,2025-11-23 08:55:00+00:00,long,85782.19,86137.19,TP,21.762,1109.8609,2025
2025-11-23 11:40:00+00:00,2025-11-23 12:15:00+00:00,long,86256.38,86784.42,TP,22.1972,1132.0582,2025
2025-11-23 13:45:00+00:00,2025-11-23 14:15:00+00:00,long,86878.99,86656.47,SL,-11.3206,1120.7376,2025
2025-11-23 15:35:00+00:00,2025-11-23 16:35:00+00:00,long,86994.02,87369.04,TP,22.4148,1143.1523,2025
2025-11-23 18:15:00+00:00,2025-11-23 18:25:00+00:00,long,87098.65,86888.47,SL,-11.4315,1131.7208,2025
2025-11-23 20:20:00+00:00,2025-11-23 20:30:00+00:00,long,87672.34,87443.97,SL,-11.3172,1120.4036,2025
2025-11-23 21:35:00+00:00,2025-11-23 23:05:00+00:00,long,87696.68,87507.47,SL,-11.204,1109.1996,2025
2025-11-24 00:35:00+00:00,2025-11-24 01:00:00+00:00,long,86871.23,86657.82,SL,-11.092,1098.1076,2025
2025-11-24 05:05:00+00:00,2025-11-24 06:00:00+00:00,long,87461.57,87260.01,SL,-10.9811,1087.1265,2025
2025-11-24 08:05:00+00:00,2025-11-24 09:15:00+00:00,short,86828.68,86280.13,TP,21.7425,1108.869,2025
2025-11-24 12:15:00+00:00,2025-11-24 12:25:00+00:00,short,85959.59,86199.98,SL,-11.0887,1097.7803,2025
2025-11-24 12:40:00+00:00,2025-11-24 13:05:00+00:00,short,85945.63,86333.99,SL,-10.9778,1086.8025,2025
2025-11-24 14:00:00+00:00,2025-11-24 14:30:00+00:00,short,86091.92,86482.43,SL,-10.868,1075.9345,2025
2025-11-24 17:25:00+00:00,2025-11-24 17:55:00+00:00,long,87717.41,88369.91,TP,21.5187,1097.4532,2025
2025-11-24 20:35:00+00:00,2025-11-24 22:50:00+00:00,long,88913.29,88615.2,SL,-10.9745,1086.4787,2025
2025-11-25 00:40:00+00:00,2025-11-25 01:15:00+00:00,long,88187.03,87968.73,SL,-10.8648,1075.6139,2025
2025-11-25 01:45:00+00:00,2025-11-25 04:05:00+00:00,short,87792.78,88031.67,SL,-10.7561,1064.8577,2025
2025-11-25 08:35:00+00:00,2025-11-25 09:00:00+00:00,short,87347.82,86973.91,TP,21.2972,1086.1549,2025
2025-11-25 12:35:00+00:00,2025-11-25 12:40:00+00:00,short,87448.13,87650.01,SL,-10.8615,1075.2933,2025
2025-11-25 21:35:00+00:00,2025-11-25 22:00:00+00:00,short,87121.95,86735.98,TP,21.5059,1096.7992,2025
2025-11-25 22:35:00+00:00,2025-11-25 22:40:00+00:00,long,87531.1,87339.6,SL,-10.968,1085.8312,2025
2025-11-26 00:25:00+00:00,2025-11-26 01:00:00+00:00,long,87630.66,87402.11,SL,-10.8583,1074.9729,2025
2025-11-26 01:30:00+00:00,2025-11-26 03:30:00+00:00,long,87834.5,87484.73,SL,-10.7497,1064.2232,2025
2025-11-26 06:40:00+00:00,2025-11-26 08:50:00+00:00,long,87670.09,87458.89,SL,-10.6422,1053.5809,2025
2025-11-26 12:10:00+00:00,2025-11-26 13:20:00+00:00,short,86559.81,86747.67,SL,-10.5358,1043.0451,2025
2025-11-26 14:55:00+00:00,2025-11-26 15:05:00+00:00,short,86899.73,87162.45,SL,-10.4305,1032.6147,2025
2025-11-26 16:05:00+00:00,2025-11-26 16:20:00+00:00,long,87334.46,87699.79,TP,20.6523,1053.267,2025
2025-11-26 21:25:00+00:00,2025-11-27 01:00:00+00:00,long,90270.0,90664.39,TP,21.0653,1074.3323,2025
2025-11-27 05:20:00+00:00,2025-11-27 05:35:00+00:00,long,91494.32,91165.92,SL,-10.7433,1063.589,2025
2025-11-27 06:20:00+00:00,2025-11-27 09:15:00+00:00,long,91342.47,91767.61,TP,21.2718,1084.8608,2025
2025-11-27 13:50:00+00:00,2025-11-27 14:15:00+00:00,long,90984.53,90656.42,SL,-10.8486,1074.0122,2025
2025-11-27 18:40:00+00:00,2025-11-27 19:30:00+00:00,long,91760.31,91526.94,SL,-10.7401,1063.272,2025
2025-11-27 21:25:00+00:00,2025-11-27 22:40:00+00:00,long,91528.5,91232.39,SL,-10.6327,1052.6393,2025
2025-11-27 23:10:00+00:00,2025-11-27 23:30:00+00:00,long,91510.0,91229.55,SL,-10.5264,1042.1129,2025
2025-11-28 00:30:00+00:00,2025-11-28 00:45:00+00:00,long,91346.15,91150.01,SL,-10.4211,1031.6918,2025
2025-11-28 05:05:00+00:00,2025-11-28 06:30:00+00:00,long,91482.28,91251.54,SL,-10.3169,1021.3749,2025
2025-11-28 07:20:00+00:00,2025-11-28 07:30:00+00:00,long,91498.38,91261.01,SL,-10.2137,1011.1611,2025
2025-11-28 10:50:00+00:00,2025-11-28 11:05:00+00:00,long,91860.14,91588.86,SL,-10.1116,1001.0495,2025
2025-11-28 12:05:00+00:00,2025-11-28 13:45:00+00:00,long,91556.57,92325.47,TP,20.021,1021.0705,2025
2025-11-28 15:25:00+00:00,2025-11-28 15:45:00+00:00,long,92668.55,92441.85,SL,-10.2107,1010.8598,2025
2025-11-28 21:15:00+00:00,2025-11-28 21:40:00+00:00,short,91029.23,91239.68,SL,-10.1086,1000.7512,2025
2025-11-28 23:35:00+00:00,2025-11-29 02:30:00+00:00,short,90981.13,90595.46,TP,20.015,1020.7662,2025
2025-11-29 03:40:00+00:00,2025-11-29 04:55:00+00:00,short,90686.55,90901.56,SL,-10.2077,1010.5586,2025
2025-11-29 05:50:00+00:00,2025-11-29 15:15:00+00:00,short,90733.22,90935.28,SL,-10.1056,1000.453,2025
2025-11-29 20:00:00+00:00,2025-11-29 20:25:00+00:00,short,90467.48,90654.1,SL,-10.0045,990.4484,2025
2025-11-29 23:35:00+00:00,2025-11-30 03:05:00+00:00,long,90881.73,90638.13,SL,-9.9045,980.544,2025
2025-11-30 03:40:00+00:00,2025-11-30 05:20:00+00:00,long,90903.49,90693.11,SL,-9.8054,970.7385,2025
2025-11-30 12:15:00+00:00,2025-11-30 13:15:00+00:00,long,91269.28,91713.17,TP,19.4148,990.1533,2025
2025-11-30 16:10:00+00:00,2025-11-30 18:00:00+00:00,long,91499.98,91310.17,SL,-9.9015,980.2518,2025
2025-11-30 18:35:00+00:00,2025-11-30 20:30:00+00:00,long,91420.8,91213.83,SL,-9.8025,970.4492,2025
2025-11-30 22:40:00+00:00,2025-11-30 23:25:00+00:00,short,91089.98,90660.45,TP,19.409,989.8582,2025
2025-12-01 04:25:00+00:00,2025-12-01 04:35:00+00:00,short,85733.67,85933.99,SL,-9.8986,979.9596,2025
2025-12-01 09:10:00+00:00,2025-12-01 09:40:00+00:00,short,86642.43,86842.3,SL,-9.7996,970.1601,2025
2025-12-01 14:55:00+00:00,2025-12-01 15:10:00+00:00,short,86067.9,85594.49,TP,19.4032,989.5633,2025
2025-12-01 18:40:00+00:00,2025-12-01 18:55:00+00:00,short,84791.92,85199.48,SL,-9.8956,979.6676,2025
2025-12-02 00:55:00+00:00,2025-12-02 01:05:00+00:00,long,86513.33,86989.34,TP,19.5934,999.261,2025
2025-12-02 02:20:00+00:00,2025-12-02 02:55:00+00:00,long,86792.49,86554.47,SL,-9.9926,989.2684,2025
2025-12-02 03:40:00+00:00,2025-12-02 08:10:00+00:00,long,86974.0,86765.74,SL,-9.8927,979.3757,2025
2025-12-02 09:10:00+00:00,2025-12-02 10:40:00+00:00,long,86655.67,87063.42,TP,19.5875,998.9632,2025
2025-12-02 13:35:00+00:00,2025-12-02 14:05:00+00:00,long,87523.14,88095.47,TP,19.9793,1018.9425,2025
2025-12-02 17:20:00+00:00,2025-12-02 17:55:00+00:00,long,91682.5,91458.4,SL,-10.1894,1008.753,2025
2025-12-02 21:15:00+00:00,2025-12-02 21:50:00+00:00,long,91213.89,91622.68,TP,20.1751,1028.9281,2025
2025-12-03 00:45:00+00:00,2025-12-03 01:45:00+00:00,long,91623.54,92233.88,TP,20.5786,1049.5067,2025
2025-12-03 04:35:00+00:00,2025-12-03 05:05:00+00:00,long,93051.26,93514.57,TP,20.9901,1070.4968,2025
2025-12-03 09:00:00+00:00,2025-12-03 10:20:00+00:00,long,92905.2,93358.79,TP,21.4099,1091.9067,2025
2025-12-03 11:55:00+00:00,2025-12-03 12:25:00+00:00,long,93005.68,92730.7,SL,-10.9191,1080.9877,2025
2025-12-03 12:45:00+00:00,2025-12-03 14:00:00+00:00,long,92979.99,91754.55,SL,-10.8099,1070.1778,2025
2025-12-03 14:40:00+00:00,2025-12-03 14:45:00+00:00,long,93502.76,92963.71,SL,-10.7018,1059.476,2025
2025-12-03 15:10:00+00:00,2025-12-03 15:30:00+00:00,short,92246.84,92601.82,SL,-10.5948,1048.8812,2025
2025-12-03 15:45:00+00:00,2025-12-03 15:55:00+00:00,long,92615.72,92373.3,SL,-10.4888,1038.3924,2025
2025-12-03 16:00:00+00:00,2025-12-03 16:05:00+00:00,short,92269.06,91890.79,TP,20.7678,1059.1603,2025
2025-12-03 16:30:00+00:00,2025-12-03 16:55:00+00:00,long,92506.17,92242.24,SL,-10.5916,1048.5687,2025
2025-12-03 19:50:00+00:00,2025-12-03 21:30:00+00:00,long,92994.6,93386.62,TP,20.9714,1069.54,2025
2025-12-03 22:45:00+00:00,2025-12-03 23:30:00+00:00,long,93762.17,93560.91,SL,-10.6954,1058.8446,2025
2025-12-04 01:05:00+00:00,2025-12-04 01:10:00+00:00,long,93218.95,93691.82,TP,21.1769,1080.0215,2025
2025-12-04 08:40:00+00:00,2025-12-04 11:25:00+00:00,long,93332.81,93006.71,SL,-10.8002,1069.2213,2025
2025-12-04 13:00:00+00:00,2025-12-04 13:20:00+00:00,short,92582.5,92810.72,SL,-10.6922,1058.5291,2025
2025-12-04 13:45:00+00:00,2025-12-04 14:25:00+00:00,short,92477.55,92791.49,SL,-10.5853,1047.9438,2025
2025-12-04 14:45:00+00:00,2025-12-04 14:50:00+00:00,short,92431.0,91977.77,TP,20.9589,1068.9027,2025
2025-12-04 16:35:00+00:00,2025-12-04 17:15:00+00:00,short,92575.4,92090.43,TP,21.3781,1090.2808,2025
2025-12-04 18:50:00+00:00,2025-12-04 19:10:00+00:00,short,92049.99,91289.34,TP,21.8056,1112.0864,2025
2025-12-04 21:35:00+00:00,2025-12-05 02:15:00+00:00,short,92341.41,92536.06,SL,-11.1209,1100.9655,2025
2025-12-05 05:30:00+00:00,2025-12-05 06:50:00+00:00,short,91933.29,92212.28,SL,-11.0097,1089.9558,2025
2025-12-05 07:50:00+00:00,2025-12-05 09:10:00+00:00,short,92240.1,91866.67,TP,21.7991,1111.755,2025
2025-12-05 11:40:00+00:00,2025-12-05 11:45:00+00:00,short,91128.41,91399.99,SL,-11.1175,1100.6374,2025
2025-12-05 12:40:00+00:00,2025-12-05 13:35:00+00:00,short,91178.17,90613.99,TP,22.0127,1122.6502,2025
2025-12-05 15:55:00+00:00,2025-12-05 16:05:00+00:00,short,90459.35,89492.41,TP,22.453,1145.1032,2025
2025-12-05 18:55:00+00:00,2025-12-05 19:10:00+00:00,short,88936.04,89123.52,SL,-11.451,1133.6521,2025
2025-12-05 20:35:00+00:00,2025-12-05 22:10:00+00:00,short,89353.38,88949.31,TP,22.673,1156.3252,2025
2025-12-05 23:05:00+00:00,2025-12-05 23:35:00+00:00,short,89089.03,89315.85,SL,-11.5633,1144.7619,2025
2025-12-06 00:10:00+00:00,2025-12-06 00:30:00+00:00,short,89114.88,89373.19,SL,-11.4476,1133.3143,2025
2025-12-06 01:35:00+00:00,2025-12-06 03:00:00+00:00,short,89316.33,89564.57,SL,-11.3331,1121.9812,2025
2025-12-06 04:10:00+00:00,2025-12-06 13:40:00+00:00,short,89583.22,89783.15,SL,-11.2198,1110.7613,2025
2025-12-06 16:05:00+00:00,2025-12-06 16:45:00+00:00,long,89974.2,89752.0,SL,-11.1076,1099.6537,2025
2025-12-06 18:10:00+00:00,2025-12-06 18:50:00+00:00,long,89766.14,89574.56,SL,-10.9965,1088.6572,2025
2025-12-06 21:30:00+00:00,2025-12-06 23:20:00+00:00,short,89416.86,88950.01,TP,21.7731,1110.4303,2025
2025-12-07 01:35:00+00:00,2025-12-07 02:55:00+00:00,short,89402.6,89621.96,SL,-11.1043,1099.326,2025
2025-12-07 06:00:00+00:00,2025-12-07 07:30:00+00:00,long,89549.99,89310.97,SL,-10.9933,1088.3328,2025
2025-12-07 09:20:00+00:00,2025-12-07 10:45:00+00:00,short,89128.25,89359.04,SL,-10.8833,1077.4495,2025
2025-12-07 11:45:00+00:00,2025-12-07 12:45:00+00:00,short,89162.72,89526.47,SL,-10.7745,1066.675,2025
2025-12-07 13:20:00+00:00,2025-12-07 14:20:00+00:00,short,88917.91,88368.87,TP,21.3335,1088.0085,2025
2025-12-07 22:40:00+00:00,2025-12-07 22:50:00+00:00,long,90075.48,89646.28,SL,-10.8801,1077.1284,2025
2025-12-08 02:55:00+00:00,2025-12-08 03:10:00+00:00,long,91364.18,91155.48,SL,-10.7713,1066.3571,2025
2025-12-08 04:30:00+00:00,2025-12-08 05:00:00+00:00,long,91371.0,91118.53,SL,-10.6636,1055.6935,2025
2025-12-08 05:20:00+00:00,2025-12-08 07:35:00+00:00,long,91335.49,91792.53,TP,21.1139,1076.8074,2025
2025-12-08 08:25:00+00:00,2025-12-08 09:05:00+00:00,long,91707.77,92097.29,TP,21.5361,1098.3435,2025
2025-12-08 10:30:00+00:00,2025-12-08 11:30:00+00:00,long,92151.0,91916.98,SL,-10.9834,1087.3601,2025
2025-12-08 13:05:00+00:00,2025-12-08 13:15:00+00:00,long,91879.91,91659.15,SL,-10.8736,1076.4865,2025
2025-12-08 18:55:00+00:00,2025-12-08 19:05:00+00:00,short,89921.68,90164.98,SL,-10.7649,1065.7216,2025
2025-12-09 00:30:00+00:00,2025-12-09 01:40:00+00:00,short,90444.53,90047.93,TP,21.3144,1087.0361,2025
2025-12-09 03:10:00+00:00,2025-12-09 03:30:00+00:00,short,89985.42,90219.79,SL,-10.8704,1076.1657,2025
2025-12-09 04:35:00+00:00,2025-12-09 05:30:00+00:00,short,89870.72,90138.37,SL,-10.7617,1065.404,2025
2025-12-09 06:30:00+00:00,2025-12-09 06:45:00+00:00,short,89781.89,90051.6,SL,-10.654,1054.75,2025
2025-12-09 13:25:00+00:00,2025-12-09 13:35:00+00:00,long,90694.83,90493.55,SL,-10.5475,1044.2025,2025
2025-12-09 15:00:00+00:00,2025-12-09 15:05:00+00:00,long,90893.02,90661.67,SL,-10.442,1033.7605,2025
2025-12-09 21:25:00+00:00,2025-12-09 21:40:00+00:00,long,93106.26,92679.71,SL,-10.3376,1023.4229,2025
2025-12-09 22:15:00+00:00,2025-12-10 00:15:00+00:00,long,92657.74,92396.24,SL,-10.2342,1013.1886,2025
2025-12-10 01:25:00+00:00,2025-12-10 01:30:00+00:00,long,92276.93,92061.64,SL,-10.1319,1003.0568,2025
2025-12-10 01:40:00+00:00,2025-12-10 02:05:00+00:00,long,92253.49,92028.01,SL,-10.0306,993.0262,2025
2025-12-10 06:40:00+00:00,2025-12-10 09:20:00+00:00,long,92687.82,92467.19,SL,-9.9303,983.0959,2025
2025-12-10 09:45:00+00:00,2025-12-10 10:25:00+00:00,long,92823.57,92450.16,SL,-9.831,973.265,2025
2025-12-10 12:35:00+00:00,2025-12-10 13:05:00+00:00,short,91836.69,92027.6,SL,-9.7326,963.5323,2025
2025-12-10 14:30:00+00:00,2025-12-10 16:10:00+00:00,short,91965.26,92239.09,SL,-9.6353,953.897,2025
2025-12-10 17:00:00+00:00,2025-12-10 17:15:00+00:00,short,92181.59,92407.53,SL,-9.539,944.358,2025
2025-12-10 17:20:00+00:00,2025-12-10 18:15:00+00:00,long,92450.51,92241.32,SL,-9.4436,934.9145,2025
2025-12-10 18:35:00+00:00,2025-12-10 18:40:00+00:00,long,93006.22,92582.13,SL,-9.3491,925.5653,2025
2025-12-10 19:00:00+00:00,2025-12-10 19:05:00+00:00,short,92015.76,92704.46,SL,-9.2557,916.3097,2025
2025-12-10 19:10:00+00:00,2025-12-10 19:15:00+00:00,long,93001.71,92679.94,SL,-9.1631,907.1466,2025
2025-12-10 22:05:00+00:00,2025-12-10 22:10:00+00:00,long,92648.04,92190.8,SL,-9.0715,898.0751,2025
2025-12-10 22:35:00+00:00,2025-12-10 23:05:00+00:00,long,92455.88,92259.96,SL,-8.9808,889.0943,2025
2025-12-10 23:25:00+00:00,2025-12-11 00:30:00+00:00,short,92134.67,91489.47,TP,17.7819,906.8762,2025
2025-12-11 01:50:00+00:00,2025-12-11 02:05:00+00:00,short,90730.29,90305.34,TP,18.1375,925.0137,2025
2025-12-11 03:10:00+00:00,2025-12-11 03:20:00+00:00,short,89633.05,89891.2,SL,-9.2501,915.7636,2025
2025-12-11 06:15:00+00:00,2025-12-11 06:35:00+00:00,short,90194.98,90436.53,SL,-9.1576,906.606,2025
2025-12-11 07:00:00+00:00,2025-12-11 14:45:00+00:00,short,90256.16,89839.8,TP,18.1321,924.7381,2025
2025-12-11 14:50:00+00:00,2025-12-11 15:00:00+00:00,short,89481.01,89695.61,SL,-9.2474,915.4907,2025
2025-12-11 15:40:00+00:00,2025-12-11 16:05:00+00:00,short,89806.84,89412.8,TP,18.3098,933.8005,2025
2025-12-11 20:40:00+00:00,2025-12-11 21:05:00+00:00,long,91573.46,92247.05,TP,18.676,952.4765,2025
2025-12-12 01:30:00+00:00,2025-12-12 02:00:00+00:00,long,92265.51,91996.81,SL,-9.5248,942.9518,2025
2025-12-12 04:50:00+00:00,2025-12-12 05:10:00+00:00,long,92392.8,92206.27,SL,-9.4295,933.5223,2025
2025-12-12 05:40:00+00:00,2025-12-12 09:25:00+00:00,long,92331.17,92113.56,SL,-9.3352,924.187,2025
2025-12-12 09:50:00+00:00,2025-12-12 12:25:00+00:00,long,92391.72,92182.65,SL,-9.2419,914.9452,2025
2025-12-12 12:50:00+00:00,2025-12-12 14:05:00+00:00,long,92393.31,92207.35,SL,-9.1495,905.7957,2025
2025-12-12 14:35:00+00:00,2025-12-12 15:00:00+00:00,long,92433.16,92164.23,SL,-9.058,896.7378,2025
2025-12-12 15:05:00+00:00,2025-12-12 15:20:00+00:00,short,91981.0,91517.55,TP,17.9348,914.6725,2025
2025-12-12 19:10:00+00:00,2025-12-12 19:20:00+00:00,short,90040.16,90359.0,SL,-9.1467,905.5258,2025
2025-12-12 20:05:00+00:00,2025-12-12 20:50:00+00:00,short,90129.61,90318.17,SL,-9.0553,896.4705,2025
2025-12-12 22:50:00+00:00,2025-12-13 08:15:00+00:00,short,90268.12,90463.22,SL,-8.9647,887.5058,2025
2025-12-13 09:20:00+00:00,2025-12-13 14:25:00+00:00,short,90461.52,89961.12,TP,17.7501,905.2559,2025
2025-12-13 14:55:00+00:00,2025-12-13 23:50:00+00:00,short,90079.7,90263.31,SL,-9.0526,896.2034,2025
2025-12-14 00:05:00+00:00,2025-12-14 00:30:00+00:00,short,90169.41,90416.37,SL,-8.962,887.2413,2025
2025-12-14 01:15:00+00:00,2025-12-14 01:40:00+00:00,long,90419.74,90226.01,SL,-8.8724,878.3689,2025
2025-12-14 02:30:00+00:00,2025-12-14 04:40:00+00:00,long,90384.0,90164.78,SL,-8.7837,869.5852,2025
2025-12-14 06:30:00+00:00,2025-12-14 11:00:00+00:00,short,90099.77,89644.01,TP,17.3917,886.9769,2025
2025-12-14 13:15:00+00:00,2025-12-14 13:55:00+00:00,short,89200.01,89489.5,SL,-8.8698,878.1072,2025
2025-12-14 14:30:00+00:00,2025-12-14 16:20:00+00:00,short,89075.86,89261.09,SL,-8.7811,869.3261,2025
2025-12-14 16:40:00+00:00,2025-12-14 18:15:00+00:00,short,88815.67,89038.73,SL,-8.6933,860.6328,2025
2025-12-14 19:10:00+00:00,2025-12-14 22:25:00+00:00,short,88748.98,88382.68,TP,17.2127,877.8455,2025
2025-12-14 23:05:00+00:00,2025-12-15 00:15:00+00:00,short,88198.9,88401.48,SL,-8.7785,869.067,2025
2025-12-15 04:40:00+00:00,2025-12-15 12:05:00+00:00,long,89673.17,89444.0,SL,-8.6907,860.3764,2025
2025-12-15 12:30:00+00:00,2025-12-15 13:05:00+00:00,long,89712.7,89479.96,SL,-8.6038,851.7726,2025
2025-12-15 14:00:00+00:00,2025-12-15 14:30:00+00:00,long,89537.61,89068.98,SL,-8.5177,843.2549,2025
2025-12-15 16:45:00+00:00,2025-12-15 16:50:00+00:00,short,86202.46,86408.76,SL,-8.4325,834.8223,2025
2025-12-15 20:10:00+00:00,2025-12-15 20:30:00+00:00,short,85761.62,85946.12,SL,-8.3482,826.4741,2025
2025-12-15 22:45:00+00:00,2025-12-15 22:55:00+00:00,short,86016.45,86259.31,SL,-8.2647,818.2094,2025
2025-12-16 00:10:00+00:00,2025-12-16 00:55:00+00:00,short,86323.21,85865.48,TP,16.3642,834.5736,2025
2025-12-16 03:05:00+00:00,2025-12-16 04:45:00+00:00,short,85835.41,85411.69,TP,16.6915,851.265,2025
2025-12-16 07:10:00+00:00,2025-12-16 07:40:00+00:00,short,86337.68,85896.35,TP,17.0253,868.2903,2025
2025-12-16 08:35:00+00:00,2025-12-16 08:40:00+00:00,short,86087.65,86280.0,SL,-8.6829,859.6074,2025
2025-12-16 11:50:00+00:00,2025-12-16 13:30:00+00:00,long,87235.32,86867.25,SL,-8.5961,851.0114,2025
2025-12-16 14:30:00+00:00,2025-12-16 15:45:00+00:00,long,87107.99,87623.08,TP,17.0202,868.0316,2025
2025-12-16 18:30:00+00:00,2025-12-16 19:05:00+00:00,long,87717.89,87485.91,SL,-8.6803,859.3513,2025
2025-12-16 19:50:00+00:00,2025-12-16 20:10:00+00:00,long,87680.42,87467.51,SL,-8.5935,850.7578,2025
2025-12-16 20:30:00+00:00,2025-12-17 00:30:00+00:00,long,87629.96,87453.27,SL,-8.5076,842.2502,2025
2025-12-17 01:00:00+00:00,2025-12-17 02:05:00+00:00,long,87655.02,87393.49,SL,-8.4225,833.8277,2025
2025-12-17 02:50:00+00:00,2025-12-17 03:35:00+00:00,long,87419.81,87232.0,SL,-8.3383,825.4894,2025
2025-12-17 04:15:00+00:00,2025-12-17 04:55:00+00:00,short,87118.82,86752.26,TP,16.5098,841.9992,2025
2025-12-17 07:15:00+00:00,2025-12-17 07:30:00+00:00,short,86611.53,86995.35,SL,-8.42,833.5792,2025
2025-12-17 08:15:00+00:00,2025-12-17 08:50:00+00:00,short,86764.07,86411.52,TP,16.6716,850.2508,2025
2025-12-17 12:40:00+00:00,2025-12-17 12:50:00+00:00,short,86847.47,87024.0,SL,-8.5025,841.7483,2025
2025-12-17 13:35:00+00:00,2025-12-17 13:55:00+00:00,long,87183.09,87631.37,TP,16.835,858.5832,2025
2025-12-17 14:50:00+00:00,2025-12-17 14:55:00+00:00,long,89282.71,89675.85,TP,17.1717,875.7549,2025
2025-12-17 18:40:00+00:00,2025-12-17 19:00:00+00:00,short,85938.46,85592.58,TP,17.5151,893.27,2025
2025-12-17 21:25:00+00:00,2025-12-17 22:05:00+00:00,short,85844.68,86080.29,SL,-8.9327,884.3373,2025
2025-12-17 23:10:00+00:00,2025-12-17 23:55:00+00:00,short,86001.02,86243.22,SL,-8.8434,875.4939,2025
2025-12-18 00:15:00+00:00,2025-12-18 00:30:00+00:00,short,86110.73,86313.71,SL,-8.7549,866.739,2025
2025-12-18 01:00:00+00:00,2025-12-18 02:10:00+00:00,short,86068.78,86492.98,SL,-8.6674,858.0716,2025
2025-12-18 03:20:00+00:00,2025-12-18 04:00:00+00:00,short,86456.79,86846.14,SL,-8.5807,849.4909,2025
2025-12-18 08:15:00+00:00,2025-12-18 09:30:00+00:00,long,86840.0,87250.4,TP,16.9898,866.4807,2025
2025-12-18 12:00:00+00:00,2025-12-18 12:10:00+00:00,long,87335.0,87159.79,SL,-8.6648,857.8159,2025
2025-12-18 12:35:00+00:00,2025-12-18 12:50:00+00:00,long,87378.42,87178.4,SL,-8.5782,849.2377,2025
2025-12-18 13:00:00+00:00,2025-12-18 13:30:00+00:00,long,87672.33,88125.39,TP,16.9848,866.2225,2025
2025-12-18 15:35:00+00:00,2025-12-18 15:40:00+00:00,long,89318.98,89077.12,SL,-8.6622,857.5603,2025
2025-12-18 19:00:00+00:00,2025-12-18 19:05:00+00:00,short,85504.02,85882.7,SL,-8.5756,848.9847,2025
2025-12-18 23:15:00+00:00,2025-12-19 01:25:00+00:00,short,85547.04,85167.34,TP,16.9797,865.9644,2025
2025-12-19 06:50:00+00:00,2025-12-19 07:00:00+00:00,long,87199.99,87744.81,TP,17.3193,883.2836,2025
2025-12-19 10:55:00+00:00,2025-12-19 12:00:00+00:00,long,88267.09,88066.93,SL,-8.8328,874.4508,2025
2025-12-19 13:35:00+00:00,2025-12-19 14:30:00+00:00,long,88111.18,87758.81,SL,-8.7445,865.7063,2025
2025-12-19 14:40:00+00:00,2025-12-19 14:45:00+00:00,long,88501.78,88196.87,SL,-8.6571,857.0492,2025
2025-12-19 16:10:00+00:00,2025-12-19 16:30:00+00:00,long,88380.0,88736.4,TP,17.141,874.1902,2025
2025-12-19 22:15:00+00:00,2025-12-20 00:50:00+00:00,long,88188.82,87972.99,SL,-8.7419,865.4483,2025
2025-12-20 01:20:00+00:00,2025-12-21 02:20:00+00:00,long,88163.82,87924.38,SL,-8.6545,856.7938,2025
2025-12-21 04:55:00+00:00,2025-12-21 08:25:00+00:00,short,88065.83,88259.0,SL,-8.5679,848.2259,2025
2025-12-21 12:10:00+00:00,2025-12-21 12:40:00+00:00,long,88754.05,88572.6,SL,-8.4823,839.7436,2025
2025-12-21 18:45:00+00:00,2025-12-21 23:00:00+00:00,long,88292.63,88706.42,TP,16.7949,856.5385,2025
2025-12-21 23:35:00+00:00,2025-12-22 00:05:00+00:00,long,88550.78,88939.99,TP,17.1308,873.6693,2025
2025-12-22 01:35:00+00:00,2025-12-22 01:40:00+00:00,long,89263.38,89081.86,SL,-8.7367,864.9326,2025
2025-12-22 03:05:00+00:00,2025-12-22 04:20:00+00:00,long,88623.03,88998.34,TP,17.2987,882.2312,2025
2025-12-22 06:40:00+00:00,2025-12-22 08:15:00+00:00,long,88970.01,89480.0,TP,17.6446,899.8759,2025
2025-12-22 09:35:00+00:00,2025-12-22 12:05:00+00:00,long,89664.76,90057.97,TP,17.9975,917.8734,2025
2025-12-22 14:50:00+00:00,2025-12-22 15:00:00+00:00,long,90267.5,89988.01,SL,-9.1787,908.6946,2025
2025-12-22 16:00:00+00:00,2025-12-22 16:30:00+00:00,long,89858.68,89677.67,SL,-9.0869,899.6077,2025
2025-12-22 19:00:00+00:00,2025-12-22 19:30:00+00:00,short,88800.0,88418.82,TP,17.9922,917.5999,2025
2025-12-22 23:40:00+00:00,2025-12-23 00:30:00+00:00,short,88504.79,88762.78,SL,-9.176,908.4239,2025
2025-12-23 01:10:00+00:00,2025-12-23 02:40:00+00:00,short,88626.6,88270.01,TP,18.1685,926.5923,2025
2025-12-23 04:45:00+00:00,2025-12-23 05:30:00+00:00,short,88089.32,87624.1,TP,18.5318,945.1242,2025
2025-12-23 08:50:00+00:00,2025-12-23 10:45:00+00:00,short,87445.13,87640.0,SL,-9.4512,935.6729,2025
2025-12-23 12:15:00+00:00,2025-12-23 14:45:00+00:00,short,87727.49,87115.51,TP,18.7135,954.3864,2025
2025-12-23 17:25:00+00:00,2025-12-23 17:55:00+00:00,short,87733.19,87180.01,TP,19.0877,973.4741,2025
2025-12-23 19:20:00+00:00,2025-12-23 20:40:00+00:00,short,87842.0,88198.44,SL,-9.7347,963.7394,2025
2025-12-23 21:00:00+00:00,2025-12-23 21:15:00+00:00,short,87613.62,87807.68,SL,-9.6374,954.102,2025
2025-12-24 01:40:00+00:00,2025-12-24 02:40:00+00:00,short,87536.5,87096.43,TP,19.082,973.184,2025
2025-12-24 04:45:00+00:00,2025-12-24 05:40:00+00:00,short,87270.01,86846.67,TP,19.4637,992.6477,2025
2025-12-24 08:00:00+00:00,2025-12-24 10:50:00+00:00,short,86953.67,87140.0,SL,-9.9265,982.7212,2025
2025-12-24 11:45:00+00:00,2025-12-24 12:55:00+00:00,short,87244.01,87428.51,SL,-9.8272,972.894,2025
2025-12-24 14:10:00+00:00,2025-12-24 14:30:00+00:00,long,87415.32,87088.82,SL,-9.7289,963.1651,2025
2025-12-24 18:45:00+00:00,2025-12-24 22:30:00+00:00,long,87500.0,87946.92,TP,19.2633,982.4284,2025
2025-12-25 01:10:00+00:00,2025-12-25 08:20:00+00:00,long,87660.0,87376.76,SL,-9.8243,972.6041,2025
2025-12-25 10:35:00+00:00,2025-12-25 11:00:00+00:00,short,87279.99,87508.14,SL,-9.726,962.8781,2025
2025-12-25 13:05:00+00:00,2025-12-25 14:05:00+00:00,short,87492.65,87692.67,SL,-9.6288,953.2493,2025
2025-12-25 14:35:00+00:00,2025-12-25 15:10:00+00:00,short,87577.82,87771.99,SL,-9.5325,943.7168,2025
2025-12-25 18:05:00+00:00,2025-12-25 19:20:00+00:00,long,88282.89,88092.96,SL,-9.4372,934.2796,2025
2025-12-25 21:10:00+00:00,2025-12-25 22:40:00+00:00,long,87982.0,87709.82,SL,-9.3428,924.9368,2025
2025-12-26 06:10:00+00:00,2025-12-26 07:20:00+00:00,long,89091.08,89474.8,TP,18.4987,943.4356,2025
2025-12-26 08:50:00+00:00,2025-12-26 11:45:00+00:00,long,88741.99,88552.62,SL,-9.4344,934.0012,2025
2025-12-26 12:10:00+00:00,2025-12-26 14:40:00+00:00,long,88690.52,88405.94,SL,-9.34,924.6612,2025
2025-12-26 21:05:00+00:00,2025-12-27 22:10:00+00:00,short,87592.04,87864.31,SL,-9.2466,915.4146,2025
2025-12-27 23:30:00+00:00,2025-12-29 00:30:00+00:00,long,87664.48,88121.7,TP,18.3083,933.7229,2025
2025-12-29 01:45:00+00:00,2025-12-29 02:00:00+00:00,long,88393.18,88869.23,TP,18.6745,952.3973,2025
2025-12-29 08:10:00+00:00,2025-12-29 08:50:00+00:00,long,89659.29,89471.01,SL,-9.524,942.8733,2025
2025-12-29 12:10:00+00:00,2025-12-29 12:20:00+00:00,short,86962.74,87198.0,SL,-9.4287,933.4446,2025
2025-12-29 15:00:00+00:00,2025-12-29 15:10:00+00:00,short,87314.0,87733.23,SL,-9.3344,924.1102,2025
2025-12-29 15:50:00+00:00,2025-12-29 17:50:00+00:00,short,87617.61,87798.19,SL,-9.2411,914.8691,2025
2025-12-29 18:35:00+00:00,2025-12-29 20:35:00+00:00,short,87659.99,87295.84,TP,18.2974,933.1665,2025
2025-12-29 22:05:00+00:00,2025-12-29 22:20:00+00:00,short,87085.5,87260.03,SL,-9.3317,923.8348,2025
2025-12-29 23:25:00+00:00,2025-12-30 04:00:00+00:00,short,87206.15,87405.7,SL,-9.2383,914.5964,2025
2025-12-30 04:50:00+00:00,2025-12-30 07:10:00+00:00,short,87345.53,87524.06,SL,-9.146,905.4505,2025
2025-12-30 07:20:00+00:00,2025-12-30 08:00:00+00:00,short,87392.64,87717.17,SL,-9.0545,896.396,2025
2025-12-30 09:55:00+00:00,2025-12-30 11:50:00+00:00,long,87992.7,87774.0,SL,-8.964,887.432,2025
2025-12-30 12:15:00+00:00,2025-12-30 14:00:00+00:00,long,88064.54,87860.01,SL,-8.8743,878.5577,2025
2025-12-30 14:15:00+00:00,2025-12-30 14:30:00+00:00,long,88188.29,87980.43,SL,-8.7856,869.7721,2025
2025-12-30 14:45:00+00:00,2025-12-30 14:50:00+00:00,long,88328.56,88875.68,TP,17.3954,887.1676,2025
2025-12-30 19:25:00+00:00,2025-12-30 20:05:00+00:00,long,88344.88,88126.09,SL,-8.8717,878.2959,2025
2025-12-30 20:25:00+00:00,2025-12-30 21:30:00+00:00,short,88068.31,88259.26,SL,-8.783,869.5129,2025
2025-12-31 01:15:00+00:00,2025-12-31 03:35:00+00:00,long,88610.73,88390.08,SL,-8.6951,860.8178,2025
2025-12-31 05:05:00+00:00,2025-12-31 10:10:00+00:00,long,88430.44,88796.95,TP,17.2164,878.0341,2025
2025-12-31 13:50:00+00:00,2025-12-31 14:30:00+00:00,long,88998.06,88781.72,SL,-8.7803,869.2538,2025
2025-12-31 16:20:00+00:00,2025-12-31 18:25:00+00:00,short,87760.05,87940.48,SL,-8.6925,860.5613,2025
2025-12-31 19:30:00+00:00,2025-12-31 22:25:00+00:00,short,87670.03,87854.51,SL,-8.6056,851.9557,2025
2025-12-31 22:30:00+00:00,2026-01-01 01:05:00+00:00,short,87739.56,87957.14,SL,-8.5196,843.4361,2026
2026-01-01 02:25:00+00:00,2026-01-01 04:15:00+00:00,short,87957.63,87562.07,TP,16.8687,860.3048,2026
2026-01-01 07:25:00+00:00,2026-01-01 08:05:00+00:00,short,87605.68,87811.13,SL,-8.603,851.7018,2026
2026-01-01 11:10:00+00:00,2026-01-01 17:30:00+00:00,long,87940.0,88359.3,TP,17.034,868.7358,2026
2026-01-01 19:35:00+00:00,2026-01-01 22:50:00+00:00,long,88270.17,88662.24,TP,17.3747,886.1105,2026
2026-01-02 02:50:00+00:00,2026-01-02 03:40:00+00:00,long,88610.74,88973.49,TP,17.7222,903.8327,2026
2026-01-02 05:50:00+00:00,2026-01-02 08:55:00+00:00,long,88775.96,89178.13,TP,18.0767,921.9094,2026
2026-01-02 09:45:00+00:00,2026-01-02 10:15:00+00:00,long,89481.37,89871.0,TP,18.4382,940.3476,2026
2026-01-02 13:15:00+00:00,2026-01-02 13:35:00+00:00,long,89620.0,89416.94,SL,-9.4035,930.9441,2026
2026-01-02 14:45:00+00:00,2026-01-02 14:55:00+00:00,long,89794.85,89580.0,SL,-9.3094,921.6347,2026
2026-01-02 15:20:00+00:00,2026-01-02 15:25:00+00:00,short,88925.87,89128.64,SL,-9.2163,912.4183,2026
2026-01-02 15:30:00+00:00,2026-01-02 16:20:00+00:00,long,89454.01,90022.01,TP,18.2484,930.6667,2026
2026-01-02 19:40:00+00:00,2026-01-02 20:05:00+00:00,long,90001.89,89817.21,SL,-9.3067,921.36,2026
2026-01-02 20:10:00+00:00,2026-01-02 20:30:00+00:00,long,90070.5,89884.84,SL,-9.2136,912.1464,2026
2026-01-02 21:15:00+00:00,2026-01-02 22:00:00+00:00,long,89860.97,90234.73,TP,18.2429,930.3893,2026
2026-01-03 00:20:00+00:00,2026-01-03 06:40:00+00:00,long,90082.35,89888.0,SL,-9.3039,921.0854,2026
2026-01-03 10:10:00+00:00,2026-01-03 12:45:00+00:00,short,89729.07,89971.73,SL,-9.2109,911.8746,2026
2026-01-03 14:20:00+00:00,2026-01-03 15:15:00+00:00,long,90193.27,89980.37,SL,-9.1187,902.7558,2026
2026-01-03 16:30:00+00:00,2026-01-03 21:30:00+00:00,long,90138.32,90573.99,TP,18.0551,920.811,2026
2026-01-03 22:20:00+00:00,2026-01-04 00:05:00+00:00,long,90680.98,91253.41,TP,18.4162,939.2272,2026
2026-01-04 03:10:00+00:00,2026-01-04 03:30:00+00:00,long,91338.6,91098.66,SL,-9.3923,929.8349,2026
2026-01-04 03:45:00+00:00,2026-01-04 06:05:00+00:00,long,91294.27,91696.64,TP,18.5967,948.4316,2026
2026-01-04 07:40:00+00:00,2026-01-04 08:00:00+00:00,long,91490.67,91296.8,SL,-9.4843,938.9473,2026
2026-01-04 08:45:00+00:00,2026-01-04 11:50:00+00:00,long,91436.41,91245.99,SL,-9.3895,929.5578,2026
2026-01-04 13:25:00+00:00,2026-01-04 19:05:00+00:00,long,91191.16,90930.11,SL,-9.2956,920.2622,2026
2026-01-04 23:00:00+00:00,2026-01-05 00:10:00+00:00,long,91473.6,91895.35,TP,18.4052,938.6675,2026
2026-01-05 05:15:00+00:00,2026-01-05 05:50:00+00:00,long,92649.56,92361.59,SL,-9.3867,929.2808,2026
2026-01-05 06:45:00+00:00,2026-01-05 10:10:00+00:00,long,92474.65,92915.65,TP,18.5856,947.8664,2026
2026-01-05 11:20:00+00:00,2026-01-05 11:35:00+00:00,long,93111.47,92905.45,SL,-9.4787,938.3878,2026
2026-01-05 11:55:00+00:00,2026-01-05 12:25:00+00:00,long,93134.26,92927.81,SL,-9.3839,929.0039,2026
2026-01-05 14:05:00+00:00,2026-01-05 14:40:00+00:00,long,92786.87,93283.28,TP,18.5801,947.584,2026
2026-01-05 17:50:00+00:00,2026-01-05 18:55:00+00:00,long,94039.29,94449.62,TP,18.9517,966.5356,2026
2026-01-05 20:25:00+00:00,2026-01-05 20:30:00+00:00,long,94744.43,94352.84,SL,-9.6654,956.8703,2026
2026-01-05 21:55:00+00:00,2026-01-05 23:35:00+00:00,long,94095.78,93874.03,SL,-9.5687,947.3016,2026
2026-01-06 00:55:00+00:00,2026-01-06 02:30:00+00:00,long,93816.7,93603.22,SL,-9.473,937.8286,2026
2026-01-06 03:05:00+00:00,2026-01-06 07:10:00+00:00,long,93743.75,93551.66,SL,-9.3783,928.4503,2026
2026-01-06 14:05:00+00:00,2026-01-06 14:20:00+00:00,long,93957.21,94353.92,TP,18.569,947.0193,2026
2026-01-06 15:25:00+00:00,2026-01-06 15:35:00+00:00,long,94130.53,93566.66,SL,-9.4702,937.5491,2026
2026-01-06 17:40:00+00:00,2026-01-06 17:45:00+00:00,short,92236.06,91834.4,TP,18.751,956.3001,2026
2026-01-06 21:05:00+00:00,2026-01-06 21:10:00+00:00,short,92383.95,92896.54,SL,-9.563,946.7371,2026
2026-01-06 23:10:00+00:00,2026-01-07 00:30:00+00:00,long,93479.51,93247.73,SL,-9.4674,937.2697,2026
2026-01-07 03:45:00+00:00,2026-01-07 09:10:00+00:00,short,92792.89,92286.81,TP,18.7454,956.0151,2026
2026-01-07 12:25:00+00:00,2026-01-07 14:05:00+00:00,short,92068.0,91664.37,TP,19.1203,975.1354,2026
2026-01-07 15:15:00+00:00,2026-01-07 15:40:00+00:00,short,91164.74,91367.1,SL,-9.7514,965.384,2026
2026-01-07 16:50:00+00:00,2026-01-07 17:15:00+00:00,short,91254.56,91484.78,SL,-9.6538,955.7302,2026
2026-01-07 17:55:00+00:00,2026-01-07 19:05:00+00:00,short,91252.14,90830.66,TP,19.1146,974.8448,2026
2026-01-07 20:25:00+00:00,2026-01-07 20:35:00+00:00,short,90901.08,91099.8,SL,-9.7484,965.0964,2026
2026-01-07 21:55:00+00:00,2026-01-07 23:15:00+00:00,short,91089.5,91400.65,SL,-9.651,955.4454,2026
2026-01-08 00:10:00+00:00,2026-01-08 00:50:00+00:00,short,91219.19,91417.54,SL,-9.5545,945.8909,2026
2026-01-08 01:45:00+00:00,2026-01-08 02:35:00+00:00,short,91402.1,90917.28,TP,18.9178,964.8088,2026
2026-01-08 05:40:00+00:00,2026-01-08 06:10:00+00:00,short,90894.56,90516.54,TP,19.2962,984.1049,2026
2026-01-08 08:45:00+00:00,2026-01-08 10:00:00+00:00,short,90282.59,89856.4,TP,19.6821,1003.787,2026
2026-01-08 11:35:00+00:00,2026-01-08 14:25:00+00:00,short,90074.14,89643.89,TP,20.0757,1023.8628,2026
2026-01-08 16:30:00+00:00,2026-01-08 16:40:00+00:00,short,90498.8,90712.08,SL,-10.2386,1013.6241,2026
2026-01-08 16:55:00+00:00,2026-01-08 17:50:00+00:00,long,90926.84,91408.0,TP,20.2725,1033.8966,2026
2026-01-08 20:50:00+00:00,2026-01-08 21:35:00+00:00,long,90871.94,91286.64,TP,20.6779,1054.5746,2026
2026-01-09 00:40:00+00:00,2026-01-09 01:35:00+00:00,long,91225.87,90971.24,SL,-10.5457,1044.0288,2026
2026-01-09 02:05:00+00:00,2026-01-09 02:45:00+00:00,long,91361.82,91127.05,SL,-10.4403,1033.5885,2026
2026-01-09 03:40:00+00:00,2026-01-09 04:30:00+00:00,long,91190.73,90989.25,SL,-10.3359,1023.2526,2026
2026-01-09 05:05:00+00:00,2026-01-09 05:15:00+00:00,long,91109.49,90921.78,SL,-10.2325,1013.0201,2026
2026-01-09 05:50:00+00:00,2026-01-09 07:55:00+00:00,long,91033.01,90741.84,SL,-10.1302,1002.8899,2026
2026-01-09 11:45:00+00:00,2026-01-09 13:50:00+00:00,short,90494.0,90713.3,SL,-10.0289,992.861,2026
2026-01-09 14:05:00+00:00,2026-01-09 14:25:00+00:00,short,90332.26,90556.92,SL,-9.9286,982.9324,2026
2026-01-09 15:20:00+00:00,2026-01-09 15:25:00+00:00,long,90907.39,91680.59,TP,19.6586,1002.5911,2026
2026-01-09 23:45:00+00:00,2026-01-11 12:25:00+00:00,short,90665.81,90871.65,SL,-10.0259,992.5651,2026
2026-01-11 14:15:00+00:00,2026-01-11 15:45:00+00:00,long,90949.18,90764.18,SL,-9.9257,982.6395,2026
2026-01-11 16:20:00+00:00,2026-01-11 19:40:00+00:00,long,90994.21,90781.02,SL,-9.8264,972.8131,2026
2026-01-11 22:05:00+00:00,2026-01-11 22:20:00+00:00,short,90504.81,90722.0,SL,-9.7281,963.085,2026
2026-01-11 22:50:00+00:00,2026-01-11 23:15:00+00:00,short,90548.54,91036.79,SL,-9.6309,953.4541,2026
2026-01-12 00:55:00+00:00,2026-01-12 01:00:00+00:00,long,91258.65,91627.71,TP,19.0691,972.5232,2026
2026-01-12 02:10:00+00:00,2026-01-12 02:45:00+00:00,long,91731.66,92188.87,TP,19.4505,991.9737,2026
2026-01-12 13:05:00+00:00,2026-01-12 13:30:00+00:00,short,90562.76,90753.06,SL,-9.9197,982.0539,2026
2026-01-12 13:40:00+00:00,2026-01-12 14:20:00+00:00,short,90653.05,90218.95,TP,19.6411,1001.695,2026
2026-01-12 18:25:00+00:00,2026-01-12 18:30:00+00:00,long,91924.0,91563.17,SL,-10.0169,991.6781,2026
2026-01-12 19:15:00+00:00,2026-01-12 20:30:00+00:00,long,91788.52,91546.08,SL,-9.9168,981.7613,2026
2026-01-12 22:10:00+00:00,2026-01-12 23:00:00+00:00,long,91414.05,91059.99,SL,-9.8176,971.9437,2026
2026-01-13 02:35:00+00:00,2026-01-13 03:20:00+00:00,short,91165.77,91425.81,SL,-9.7194,962.2242,2026
2026-01-13 04:55:00+00:00,2026-01-13 05:15:00+00:00,long,91515.16,92052.87,TP,19.2445,981.4687,2026
2026-01-13 06:55:00+00:00,2026-01-13 07:15:00+00:00,long,92184.36,91945.28,SL,-9.8147,971.654,2026
2026-01-13 08:35:00+00:00,2026-01-13 09:20:00+00:00,long,92135.93,92547.83,TP,19.4331,991.0871,2026
2026-01-13 12:25:00+00:00,2026-01-13 14:30:00+00:00,long,92074.5,92452.29,TP,19.8217,1010.9088,2026
2026-01-13 15:30:00+00:00,2026-01-13 15:55:00+00:00,long,92825.52,93449.99,TP,20.2182,1031.127,2026
2026-01-13 18:20:00+00:00,2026-01-13 19:35:00+00:00,long,93610.45,94033.29,TP,20.6225,1051.7496,2026
2026-01-13 22:10:00+00:00,2026-01-13 22:15:00+00:00,long,95604.1,95329.81,SL,-10.5175,1041.2321,2026
2026-01-14 02:15:00+00:00,2026-01-14 05:00:00+00:00,long,95420.06,95218.07,SL,-10.4123,1030.8197,2026
2026-01-14 06:45:00+00:00,2026-01-14 14:05:00+00:00,long,94907.06,95294.59,TP,20.6164,1051.4361,2026
2026-01-14 16:05:00+00:00,2026-01-14 17:10:00+00:00,long,97236.44,97682.49,TP,21.0287,1072.4649,2026
2026-01-14 19:10:00+00:00,2026-01-14 19:25:00+00:00,long,96994.11,97561.58,TP,21.4493,1093.9142,2026
2026-01-14 20:55:00+00:00,2026-01-14 22:00:00+00:00,long,97655.28,97447.6,SL,-10.9391,1082.975,2026
2026-01-15 01:00:00+00:00,2026-01-15 01:20:00+00:00,long,96917.01,96507.36,SL,-10.8298,1072.1453,2026
2026-01-15 01:25:00+00:00,2026-01-15 03:25:00+00:00,short,96390.36,95919.86,TP,21.4429,1093.5882,2026
2026-01-15 06:35:00+00:00,2026-01-15 07:20:00+00:00,short,96243.01,96482.77,SL,-10.9359,1082.6523,2026
2026-01-15 07:25:00+00:00,2026-01-15 09:35:00+00:00,long,96478.28,96974.98,TP,21.653,1104.3053,2026
2026-01-15 12:40:00+00:00,2026-01-15 14:10:00+00:00,long,96746.99,97139.27,TP,22.0861,1126.3914,2026
2026-01-15 15:55:00+00:00,2026-01-15 16:05:00+00:00,long,96737.04,96344.84,SL,-11.2639,1115.1275,2026
2026-01-15 20:25:00+00:00,2026-01-15 21:00:00+00:00,short,95198.86,95395.8,SL,-11.1513,1103.9762,2026
2026-01-15 23:00:00+00:00,2026-01-15 23:20:00+00:00,short,95500.01,95718.3,SL,-11.0398,1092.9365,2026
2026-01-15 23:25:00+00:00,2026-01-16 00:30:00+00:00,short,95567.99,95776.99,SL,-10.9294,1082.0071,2026
2026-01-16 00:55:00+00:00,2026-01-16 04:40:00+00:00,short,95633.5,95232.6,TP,21.6401,1103.6473,2026
2026-01-16 07:15:00+00:00,2026-01-16 11:00:00+00:00,short,95675.44,95271.01,TP,22.0729,1125.7202,2026
2026-01-16 13:00:00+00:00,2026-01-16 14:25:00+00:00,short,95442.89,95714.1,SL,-11.2572,1114.463,2026
2026-01-16 14:35:00+00:00,2026-01-16 15:05:00+00:00,short,95289.78,95581.95,SL,-11.1446,1103.3184,2026
2026-01-16 15:15:00+00:00,2026-01-16 15:45:00+00:00,short,94902.48,94433.49,TP,22.0664,1125.3847,2026
2026-01-16 18:55:00+00:00,2026-01-16 20:40:00+00:00,short,95001.19,95250.02,SL,-11.2538,1114.1309,2026
2026-01-16 23:25:00+00:00,2026-01-17 02:00:00+00:00,long,95557.0,95351.61,SL,-11.1413,1102.9896,2026
2026-01-17 02:50:00+00:00,2026-01-17 07:00:00+00:00,long,95370.92,95125.94,SL,-11.0299,1091.9597,2026
2026-01-17 09:35:00+00:00,2026-01-17 13:40:00+00:00,short,95206.93,95433.12,SL,-10.9196,1081.0401,2026
2026-01-17 15:05:00+00:00,2026-01-17 16:20:00+00:00,long,95561.74,95322.57,SL,-10.8104,1070.2297,2026
2026-01-17 17:25:00+00:00,2026-01-17 22:10:00+00:00,long,95412.86,95188.0,SL,-10.7023,1059.5274,2026
2026-01-18 00:50:00+00:00,2026-01-18 09:50:00+00:00,short,95098.63,95295.34,SL,-10.5953,1048.9321,2026
2026-01-18 10:00:00+00:00,2026-01-18 14:15:00+00:00,short,95089.45,95286.92,SL,-10.4893,1038.4428,2026
2026-01-18 14:45:00+00:00,2026-01-18 17:25:00+00:00,short,95073.01,95268.28,SL,-10.3844,1028.0584,2026
2026-01-18 18:25:00+00:00,2026-01-18 23:00:00+00:00,long,95363.31,95034.7,SL,-10.2806,1017.7778,2026
2026-01-19 05:20:00+00:00,2026-01-19 07:50:00+00:00,short,92613.99,92815.47,SL,-10.1778,1007.6,2026
2026-01-19 09:15:00+00:00,2026-01-19 11:35:00+00:00,short,92976.04,93265.59,SL,-10.076,997.524,2026
2026-01-19 12:05:00+00:00,2026-01-19 16:50:00+00:00,short,93115.26,93358.99,SL,-9.9752,987.5488,2026
2026-01-19 17:30:00+00:00,2026-01-19 22:45:00+00:00,short,93191.49,92810.81,TP,19.751,1007.2997,2026
2026-01-20 02:00:00+00:00,2026-01-20 04:20:00+00:00,short,92619.49,92248.13,TP,20.146,1027.4457,2026
2026-01-20 06:10:00+00:00,2026-01-20 06:15:00+00:00,short,91457.4,90915.83,TP,20.5489,1047.9947,2026
2026-01-20 08:40:00+00:00,2026-01-20 08:55:00+00:00,short,90855.29,91116.0,SL,-10.4799,1037.5147,2026
2026-01-20 11:45:00+00:00,2026-01-20 13:10:00+00:00,short,91334.81,90920.83,TP,20.7503,1058.265,2026
2026-01-20 14:15:00+00:00,2026-01-20 14:20:00+00:00,short,90756.91,90939.26,SL,-10.5826,1047.6824,2026
2026-01-20 14:45:00+00:00,2026-01-20 15:05:00+00:00,short,90449.78,89956.99,TP,20.9536,1068.636,2026
2026-01-20 16:40:00+00:00,2026-01-20 17:05:00+00:00,short,90128.04,90407.94,SL,-10.6864,1057.9496,2026
2026-01-20 17:30:00+00:00,2026-01-20 18:35:00+00:00,short,89972.19,89588.8,TP,21.159,1079.1086,2026
2026-01-20 21:30:00+00:00,2026-01-20 22:30:00+00:00,short,89496.01,88238.58,TP,21.5822,1100.6908,2026
2026-01-21 02:30:00+00:00,2026-01-21 03:10:00+00:00,short,89025.5,89225.34,SL,-11.0069,1089.6839,2026
2026-01-21 04:15:00+00:00,2026-01-21 04:40:00+00:00,short,89395.09,89579.23,SL,-10.8968,1078.7871,2026
2026-01-21 04:50:00+00:00,2026-01-21 05:30:00+00:00,short,89494.21,89703.01,SL,-10.7879,1067.9992,2026
2026-01-21 08:35:00+00:00,2026-01-21 09:00:00+00:00,short,89057.93,89272.71,SL,-10.68,1057.3192,2026
2026-01-21 09:55:00+00:00,2026-01-21 10:00:00+00:00,short,89112.3,89324.86,SL,-10.5732,1046.746,2026
2026-01-21 10:55:00+00:00,2026-01-21 11:55:00+00:00,short,89248.99,88789.99,TP,20.9349,1067.6809,2026
2026-01-22 00:20:00+00:00,2026-01-22 02:10:00+00:00,long,89799.99,90183.96,TP,21.3536,1089.0345,2026
2026-01-22 04:20:00+00:00,2026-01-22 13:40:00+00:00,long,89917.1,89622.76,SL,-10.8903,1078.1442,2026
2026-01-22 18:50:00+00:00,2026-01-22 19:30:00+00:00,short,89415.81,89668.85,SL,-10.7814,1067.3628,2026
2026-01-22 19:35:00+00:00,2026-01-22 19:45:00+00:00,long,89842.01,89658.72,SL,-10.6736,1056.6891,2026
2026-01-22 20:25:00+00:00,2026-01-22 23:00:00+00:00,short,89574.44,89181.36,TP,21.1338,1077.8229,2026
2026-01-23 00:55:00+00:00,2026-01-23 01:30:00+00:00,short,89520.01,89795.02,SL,-10.7782,1067.0447,2026
2026-01-23 03:25:00+00:00,2026-01-23 05:20:00+00:00,long,89897.74,89643.52,SL,-10.6704,1056.3742,2026
2026-01-23 06:15:00+00:00,2026-01-23 06:25:00+00:00,long,89758.87,89473.16,SL,-10.5637,1045.8105,2026
2026-01-23 06:50:00+00:00,2026-01-23 09:15:00+00:00,short,89534.99,89057.45,TP,20.9162,1066.7267,2026
2026-01-23 12:15:00+00:00,2026-01-23 13:05:00+00:00,short,89140.01,89327.32,SL,-10.6673,1056.0594,2026
2026-01-23 13:35:00+00:00,2026-01-23 14:10:00+00:00,short,89275.66,89459.29,SL,-10.5606,1045.4988,2026
2026-01-23 14:30:00+00:00,2026-01-23 14:35:00+00:00,short,89145.6,88671.64,TP,20.91,1066.4088,2026
2026-01-23 20:15:00+00:00,2026-01-23 20:25:00+00:00,long,90056.01,89814.37,SL,-10.6641,1055.7447,2026
2026-01-23 23:40:00+00:00,2026-01-24 02:50:00+00:00,short,89517.1,89700.6,SL,-10.5574,1045.1873,2026
2026-01-24 05:20:00+00:00,2026-01-24 06:15:00+00:00,long,89837.99,89651.24,SL,-10.4519,1034.7354,2026
2026-01-24 09:30:00+00:00,2026-01-24 16:00:00+00:00,short,89615.93,89252.58,TP,20.6947,1055.4301,2026
2026-01-24 18:55:00+00:00,2026-01-25 03:25:00+00:00,short,89395.23,89035.32,TP,21.1086,1076.5387,2026
2026-01-25 05:30:00+00:00,2026-01-25 08:35:00+00:00,short,88913.19,88438.16,TP,21.5308,1098.0695,2026
2026-01-25 11:50:00+00:00,2026-01-25 12:35:00+00:00,short,88552.33,88733.99,SL,-10.9807,1087.0888,2026
2026-01-25 13:25:00+00:00,2026-01-25 13:45:00+00:00,short,88697.45,88890.55,SL,-10.8709,1076.2179,2026
2026-01-25 14:15:00+00:00,2026-01-25 15:50:00+00:00,short,88824.88,88407.37,TP,21.5244,1097.7423,2026
2026-01-25 18:20:00+00:00,2026-01-25 18:40:00+00:00,short,87637.74,87079.93,TP,21.9548,1119.6971,2026
2026-01-25 22:05:00+00:00,2026-01-25 22:40:00+00:00,short,86431.18,86634.6,SL,-11.197,1108.5001,2026
2026-01-26 00:40:00+00:00,2026-01-26 00:55:00+00:00,short,86632.44,86854.86,SL,-11.085,1097.4151,2026
2026-01-26 02:05:00+00:00,2026-01-26 02:20:00+00:00,short,87456.83,87816.76,SL,-10.9742,1086.441,2026
2026-01-26 02:25:00+00:00,2026-01-26 02:40:00+00:00,long,87915.62,87625.22,SL,-10.8644,1075.5766,2026
2026-01-26 04:20:00+00:00,2026-01-26 08:20:00+00:00,long,87780.0,88192.99,TP,21.5115,1097.0881,2026
2026-01-26 10:10:00+00:00,2026-01-26 15:00:00+00:00,long,87842.47,88271.07,TP,21.9418,1119.0299,2026
2026-01-26 15:40:00+00:00,2026-01-26 16:20:00+00:00,short,87476.6,87833.44,SL,-11.1903,1107.8396,2026
2026-01-26 16:50:00+00:00,2026-01-26 16:55:00+00:00,long,87835.9,87606.99,SL,-11.0784,1096.7612,2026
2026-01-26 17:10:00+00:00,2026-01-26 17:50:00+00:00,short,87426.07,87731.84,SL,-10.9676,1085.7936,2026
2026-01-26 23:15:00+00:00,2026-01-26 23:35:00+00:00,long,88222.98,88626.0,TP,21.7159,1107.5094,2026
2026-01-27 01:30:00+00:00,2026-01-27 06:25:00+00:00,long,88594.9,88391.99,SL,-11.0751,1096.4343,2026
2026-01-27 07:00:00+00:00,2026-01-27 08:20:00+00:00,long,88431.68,88252.04,SL,-10.9643,1085.47,2026
2026-01-27 10:40:00+00:00,2026-01-27 11:40:00+00:00,short,87828.62,88055.01,SL,-10.8547,1074.6153,2026
2026-01-27 12:50:00+00:00,2026-01-27 14:10:00+00:00,short,88008.77,88296.59,SL,-10.7462,1063.8691,2026
2026-01-27 14:35:00+00:00,2026-01-27 15:55:00+00:00,short,87835.37,88047.46,SL,-10.6387,1053.2305,2026
2026-01-27 23:25:00+00:00,2026-01-27 23:50:00+00:00,long,89502.7,89285.78,SL,-10.5323,1042.6982,2026
2026-01-28 00:55:00+00:00,2026-01-28 01:30:00+00:00,long,89467.72,89276.36,SL,-10.427,1032.2712,2026
2026-01-28 02:00:00+00:00,2026-01-28 02:30:00+00:00,long,89407.99,89227.9,SL,-10.3227,1021.9485,2026
2026-01-28 03:50:00+00:00,2026-01-28 04:05:00+00:00,long,89177.55,88991.11,SL,-10.2195,1011.729,2026
2026-01-28 04:35:00+00:00,2026-01-28 09:55:00+00:00,long,89064.74,89567.25,TP,20.2346,1031.9636,2026
2026-01-28 11:40:00+00:00,2026-01-28 11:50:00+00:00,long,89667.52,90044.0,TP,20.6393,1052.6028,2026
2026-01-28 12:35:00+00:00,2026-01-28 13:40:00+00:00,long,89963.87,90415.58,TP,21.0521,1073.6549,2026
2026-01-28 15:50:00+00:00,2026-01-28 16:10:00+00:00,long,89546.68,89264.94,SL,-10.7365,1062.9183,2026
2026-01-28 17:35:00+00:00,2026-01-28 17:50:00+00:00,long,89653.89,90469.15,TP,21.2584,1084.1767,2026
2026-01-28 20:00:00+00:00,2026-01-28 20:35:00+00:00,long,89561.51,89325.72,SL,-10.8418,1073.3349,2026
2026-01-28 20:40:00+00:00,2026-01-28 21:40:00+00:00,short,89234.8,89426.09,SL,-10.7333,1062.6016,2026
2026-01-28 22:35:00+00:00,2026-01-28 22:55:00+00:00,short,89215.65,89396.15,SL,-10.626,1051.9756,2026
2026-01-28 23:35:00+00:00,2026-01-29 01:25:00+00:00,short,89228.84,88831.59,TP,21.0395,1073.0151,2026
2026-01-29 05:55:00+00:00,2026-01-29 07:00:00+00:00,short,88186.54,88375.29,SL,-10.7302,1062.2849,2026
2026-01-29 07:25:00+00:00,2026-01-29 08:25:00+00:00,short,88265.89,88452.4,SL,-10.6228,1051.6621,2026
2026-01-29 08:40:00+00:00,2026-01-29 11:45:00+00:00,short,88125.19,87753.03,TP,21.0332,1072.6953,2026
2026-01-29 13:45:00+00:00,2026-01-29 14:40:00+00:00,short,88072.38,87682.65,TP,21.4539,1094.1492,2026
2026-01-29 17:55:00+00:00,2026-01-29 18:00:00+00:00,short,84261.66,84489.42,SL,-10.9415,1083.2077,2026
2026-01-29 22:15:00+00:00,2026-01-29 23:30:00+00:00,short,84429.55,84697.73,SL,-10.8321,1072.3757,2026
2026-01-30 00:10:00+00:00,2026-01-30 00:50:00+00:00,short,84542.28,84195.91,TP,21.4475,1093.8232,2026
2026-01-30 05:15:00+00:00,2026-01-30 05:25:00+00:00,short,82971.83,83259.54,SL,-10.9382,1082.8849,2026
2026-01-30 05:45:00+00:00,2026-01-30 06:15:00+00:00,short,83044.68,82686.51,TP,21.6577,1104.5426,2026
2026-01-30 08:30:00+00:00,2026-01-30 09:00:00+00:00,short,82519.89,82753.0,SL,-11.0454,1093.4972,2026
2026-01-30 09:10:00+00:00,2026-01-30 09:45:00+00:00,short,82642.46,82290.01,TP,21.8699,1115.3672,2026
2026-01-30 12:20:00+00:00,2026-01-30 13:40:00+00:00,short,82717.21,82930.28,SL,-11.1537,1104.2135,2026
2026-01-30 13:45:00+00:00,2026-01-30 14:00:00+00:00,short,82731.68,82899.0,SL,-11.0421,1093.1713,2026
2026-01-30 15:20:00+00:00,2026-01-30 15:25:00+00:00,short,83100.0,82620.28,TP,21.8634,1115.0348,2026
2026-01-30 16:35:00+00:00,2026-01-30 17:00:00+00:00,long,83282.61,82740.0,SL,-11.1503,1103.8844,2026
2026-01-30 17:25:00+00:00,2026-01-30 17:30:00+00:00,long,83385.68,82990.46,SL,-11.0388,1092.8456,2026
2026-01-30 17:55:00+00:00,2026-01-30 18:00:00+00:00,short,82943.23,83148.45,SL,-10.9285,1081.9171,2026
2026-01-30 18:05:00+00:00,2026-01-30 18:15:00+00:00,short,82904.65,82232.62,TP,21.6383,1103.5555,2026
2026-01-30 18:45:00+00:00,2026-01-30 18:55:00+00:00,long,83571.93,83931.13,TP,22.0711,1125.6266,2026
2026-01-30 21:20:00+00:00,2026-01-30 21:35:00+00:00,long,84351.57,84089.82,SL,-11.2563,1114.3703,2026
2026-01-30 23:40:00+00:00,2026-01-31 00:50:00+00:00,long,84231.99,84045.07,SL,-11.1437,1103.2266,2026
2026-01-31 02:40:00+00:00,2026-01-31 04:50:00+00:00,long,84138.66,83950.0,SL,-11.0323,1092.1943,2026
2026-01-31 05:35:00+00:00,2026-01-31 06:20:00+00:00,long,84087.54,83907.93,SL,-10.9219,1081.2724,2026
2026-01-31 11:40:00+00:00,2026-01-31 13:30:00+00:00,short,82984.0,82536.33,TP,21.6254,1102.8978,2026
2026-01-31 14:10:00+00:00,2026-01-31 14:20:00+00:00,short,82449.53,81967.6,TP,22.058,1124.9558,2026
2026-01-31 16:45:00+00:00,2026-01-31 17:05:00+00:00,short,80452.64,79507.43,TP,22.4991,1147.4549,2026
2026-01-31 18:35:00+00:00,2026-01-31 18:45:00+00:00,short,77548.79,78008.27,SL,-11.4745,1135.9804,2026
2026-01-31 22:45:00+00:00,2026-01-31 23:00:00+00:00,short,78022.96,78219.85,SL,-11.3598,1124.6206,2026
2026-02-01 00:30:00+00:00,2026-02-01 01:05:00+00:00,short,79001.88,78640.01,TP,22.4924,1147.113,2026
2026-02-01 03:25:00+00:00,2026-02-01 04:10:00+00:00,short,78742.93,78964.13,SL,-11.4711,1135.6418,2026
2026-02-01 05:00:00+00:00,2026-02-01 06:45:00+00:00,short,78815.31,78317.62,TP,22.7128,1158.3547,2026
2026-02-01 10:30:00+00:00,2026-02-01 10:40:00+00:00,short,78790.0,78384.93,TP,23.1671,1181.5218,2026
2026-02-01 12:20:00+00:00,2026-02-01 12:30:00+00:00,short,78305.0,78488.75,SL,-11.8152,1169.7066,2026
2026-02-01 13:50:00+00:00,2026-02-01 14:25:00+00:00,short,78359.6,77849.34,TP,23.3941,1193.1007,2026
2026-02-01 15:10:00+00:00,2026-02-01 15:25:00+00:00,short,77618.62,76984.0,TP,23.862,1216.9627,2026
2026-02-01 18:50:00+00:00,2026-02-01 18:55:00+00:00,short,77833.46,78029.28,SL,-12.1696,1204.7931,2026
2026-02-01 21:00:00+00:00,2026-02-01 21:05:00+00:00,short,76876.06,76461.4,TP,24.0959,1228.8889,2026
2026-02-01 21:55:00+00:00,2026-02-01 22:00:00+00:00,short,76526.03,76893.35,SL,-12.2889,1216.6001,2026
2026-02-01 23:05:00+00:00,2026-02-01 23:10:00+00:00,short,76008.07,76639.72,SL,-12.166,1204.4341,2026
2026-02-02 01:05:00+00:00,2026-02-02 01:10:00+00:00,short,77316.77,76824.0,TP,24.0887,1228.5227,2026
2026-02-02 05:10:00+00:00,2026-02-02 05:25:00+00:00,short,75525.66,75088.0,TP,24.5705,1253.0932,2026
2026-02-02 08:30:00+00:00,2026-02-02 08:35:00+00:00,short,76774.08,77016.08,SL,-12.5309,1240.5623,2026
2026-02-02 09:30:00+00:00,2026-02-02 09:45:00+00:00,long,77246.14,77793.08,TP,24.8112,1265.3735,2026
2026-02-02 11:35:00+00:00,2026-02-02 11:55:00+00:00,long,77952.69,77759.99,SL,-12.6537,1252.7198,2026
2026-02-02 12:20:00+00:00,2026-02-02 12:30:00+00:00,long,78133.46,77953.93,SL,-12.5272,1240.1926,2026
2026-02-02 13:55:00+00:00,2026-02-02 14:00:00+00:00,long,78224.79,78022.32,SL,-12.4019,1227.7906,2026
2026-02-02 14:30:00+00:00,2026-02-02 14:55:00+00:00,long,78368.24,77844.79,SL,-12.2779,1215.5127,2026
2026-02-02 15:15:00+00:00,2026-02-02 15:35:00+00:00,long,78453.13,79026.35,TP,24.3103,1239.823,2026
2026-02-02 20:05:00+00:00,2026-02-02 20:30:00+00:00,long,78537.81,78290.74,SL,-12.3982,1227.4248,2026
2026-02-02 21:10:00+00:00,2026-02-02 22:05:00+00:00,long,78345.26,78748.25,TP,24.5485,1251.9733,2026
2026-02-02 23:40:00+00:00,2026-02-03 00:00:00+00:00,long,78892.42,78534.0,SL,-12.5197,1239.4535,2026
2026-02-03 00:30:00+00:00,2026-02-03 02:10:00+00:00,long,78823.41,78527.78,SL,-12.3945,1227.059,2026
2026-02-03 03:30:00+00:00,2026-02-03 03:55:00+00:00,long,78372.16,78753.32,TP,24.5412,1251.6002,2026
2026-02-03 06:25:00+00:00,2026-02-03 08:25:00+00:00,long,78566.97,78882.2,TP,25.032,1276.6322,2026
2026-02-03 08:30:00+00:00,2026-02-03 09:10:00+00:00,long,78886.9,78180.8,SL,-12.7663,1263.8659,2026
2026-02-03 10:35:00+00:00,2026-02-03 12:45:00+00:00,short,78247.45,78412.07,SL,-12.6387,1251.2272,2026
2026-02-03 13:50:00+00:00,2026-02-03 14:25:00+00:00,short,78247.5,78425.83,SL,-12.5123,1238.7149,2026
2026-02-03 16:15:00+00:00,2026-02-03 16:20:00+00:00,short,77181.61,76734.0,TP,24.7743,1263.4892,2026
2026-02-03 21:35:00+00:00,2026-02-03 22:05:00+00:00,short,76227.67,75829.0,TP,25.2698,1288.759,2026
2026-02-03 23:50:00+00:00,2026-02-04 00:20:00+00:00,short,75730.3,75916.0,SL,-12.8876,1275.8714,2026
2026-02-04 02:00:00+00:00,2026-02-04 02:30:00+00:00,short,76381.8,76047.07,TP,25.5174,1301.3888,2026
2026-02-04 03:10:00+00:00,2026-02-04 03:20:00+00:00,long,76638.0,76441.38,SL,-13.0139,1288.375,2026
2026-02-04 06:10:00+00:00,2026-02-04 07:05:00+00:00,long,76550.62,76346.55,SL,-12.8837,1275.4912,2026
2026-02-04 07:10:00+00:00,2026-02-04 07:20:00+00:00,long,76612.23,76406.18,SL,-12.7549,1262.7363,2026
2026-02-04 09:15:00+00:00,2026-02-04 11:05:00+00:00,short,76253.8,75814.08,TP,25.2547,1287.991,2026
2026-02-04 13:15:00+00:00,2026-02-04 13:35:00+00:00,short,75927.6,75556.25,TP,25.7598,1313.7508,2026
2026-02-04 14:55:00+00:00,2026-02-04 15:05:00+00:00,short,74359.53,74963.9,SL,-13.1375,1300.6133,2026
2026-02-04 15:30:00+00:00,2026-02-04 15:40:00+00:00,short,74165.1,74363.46,SL,-13.0061,1287.6072,2026
2026-02-04 16:30:00+00:00,2026-02-04 16:35:00+00:00,short,73574.54,73192.33,TP,25.7521,1313.3593,2026
2026-02-04 17:20:00+00:00,2026-02-04 17:25:00+00:00,short,72800.32,72473.56,TP,26.2672,1339.6265,2026
2026-02-04 19:35:00+00:00,2026-02-04 19:40:00+00:00,short,73230.01,73604.47,SL,-13.3963,1326.2303,2026
2026-02-04 20:30:00+00:00,2026-02-04 21:20:00+00:00,short,73540.2,73219.57,TP,26.5246,1352.7549,2026
2026-02-04 23:00:00+00:00,2026-02-04 23:10:00+00:00,short,72586.93,72849.91,SL,-13.5275,1339.2273,2026
2026-02-05 00:10:00+00:00,2026-02-05 00:20:00+00:00,short,72778.45,73100.0,SL,-13.3923,1325.835,2026
2026-02-05 01:15:00+00:00,2026-02-05 01:25:00+00:00,short,72492.76,72967.15,SL,-13.2584,1312.5767,2026
2026-02-05 02:45:00+00:00,2026-02-05 02:55:00+00:00,short,71907.81,71454.44,TP,26.2515,1338.8282,2026
2026-02-05 05:20:00+00:00,2026-02-05 05:30:00+00:00,short,70305.17,70467.24,SL,-13.3883,1325.4399,2026
2026-02-05 07:55:00+00:00,2026-02-05 08:05:00+00:00,short,70756.85,70918.0,SL,-13.2544,1312.1855,2026
2026-02-05 08:55:00+00:00,2026-02-05 09:00:00+00:00,short,71054.99,71316.38,SL,-13.1219,1299.0637,2026
2026-02-05 09:45:00+00:00,2026-02-05 09:50:00+00:00,short,71488.9,71674.75,SL,-12.9906,1286.0731,2026
2026-02-05 15:00:00+00:00,2026-02-05 15:05:00+00:00,short,68981.35,68627.96,TP,25.7215,1311.7945,2026
2026-02-05 17:15:00+00:00,2026-02-05 17:20:00+00:00,short,66875.88,67592.88,SL,-13.1179,1298.6766,2026
2026-02-05 17:30:00+00:00,2026-02-05 17:40:00+00:00,short,66774.24,67109.93,SL,-12.9868,1285.6898,2026
2026-02-05 19:50:00+00:00,2026-02-05 20:05:00+00:00,short,65312.1,65629.0,SL,-12.8569,1272.8329,2026
2026-02-05 21:15:00+00:00,2026-02-05 21:20:00+00:00,short,62960.83,63922.45,SL,-12.7283,1260.1046,2026
2026-02-05 23:40:00+00:00,2026-02-05 23:50:00+00:00,short,63472.08,63012.45,TP,25.2021,1285.3067,2026
2026-02-06 02:20:00+00:00,2026-02-06 02:25:00+00:00,short,64382.71,64612.73,SL,-12.8531,1272.4536,2026
2026-02-06 06:20:00+00:00,2026-02-06 06:30:00+00:00,short,65798.55,65399.56,TP,25.4491,1297.9027,2026
2026-02-06 08:15:00+00:00,2026-02-06 08:30:00+00:00,short,64846.54,64585.23,TP,25.9581,1323.8607,2026
2026-02-06 11:40:00+00:00,2026-02-06 11:55:00+00:00,long,66322.23,66631.32,TP,26.4772,1350.3379,2026
2026-02-06 13:00:00+00:00,2026-02-06 13:05:00+00:00,long,66876.7,66638.01,SL,-13.5034,1336.8346,2026
2026-02-06 14:35:00+00:00,2026-02-06 15:20:00+00:00,long,68038.32,68470.0,TP,26.7367,1363.5713,2026
2026-02-06 16:00:00+00:00,2026-02-06 16:05:00+00:00,long,68908.84,69270.0,TP,27.2714,1390.8427,2026
2026-02-06 19:30:00+00:00,2026-02-06 19:50:00+00:00,long,70400.01,70774.35,TP,27.8169,1418.6595,2026
2026-02-06 20:30:00+00:00,2026-02-06 20:35:00+00:00,long,70787.54,70440.0,SL,-14.1866,1404.4729,2026
2026-02-06 21:55:00+00:00,2026-02-06 22:05:00+00:00,long,70358.43,70650.01,TP,28.0895,1432.5624,2026
2026-02-07 01:20:00+00:00,2026-02-07 01:40:00+00:00,long,69978.19,70287.56,TP,28.6512,1461.2137,2026
2026-02-07 03:05:00+00:00,2026-02-07 03:25:00+00:00,long,70520.35,70861.62,TP,29.2243,1490.4379,2026
2026-02-07 06:35:00+00:00,2026-02-07 06:40:00+00:00,long,70230.28,70063.41,SL,-14.9044,1475.5335,2026
2026-02-07 09:40:00+00:00,2026-02-07 10:35:00+00:00,short,68116.99,67630.0,TP,29.5107,1505.0442,2026
2026-02-07 13:10:00+00:00,2026-02-07 13:15:00+00:00,short,68994.0,69141.03,SL,-15.0504,1489.9938,2026
2026-02-07 15:10:00+00:00,2026-02-07 15:30:00+00:00,long,69114.22,69504.64,TP,29.7999,1519.7936,2026
2026-02-07 17:35:00+00:00,2026-02-07 17:45:00+00:00,long,69406.8,69250.01,SL,-15.1979,1504.5957,2026
2026-02-07 18:10:00+00:00,2026-02-07 18:15:00+00:00,short,69050.43,69266.6,SL,-15.046,1489.5498,2026
2026-02-07 20:30:00+00:00,2026-02-07 22:45:00+00:00,long,69536.24,69374.37,SL,-14.8955,1474.6543,2026
2026-02-07 23:45:00+00:00,2026-02-08 00:15:00+00:00,long,69362.0,69135.68,SL,-14.7465,1459.9077,2026
2026-02-08 00:25:00+00:00,2026-02-08 01:00:00+00:00,short,69050.0,69269.24,SL,-14.5991,1445.3086,2026
2026-02-08 06:15:00+00:00,2026-02-08 07:55:00+00:00,long,69385.5,69710.69,TP,28.9062,1474.2148,2026
2026-02-08 11:05:00+00:00,2026-02-08 11:30:00+00:00,long,70429.15,70846.82,TP,29.4843,1503.6991,2026
2026-02-08 12:55:00+00:00,2026-02-08 13:00:00+00:00,long,71249.95,71090.01,SL,-15.037,1488.6621,2026
2026-02-08 13:15:00+00:00,2026-02-08 13:35:00+00:00,long,71430.01,71256.26,SL,-14.8866,1473.7755,2026
2026-02-08 13:55:00+00:00,2026-02-08 14:05:00+00:00,long,71514.77,71285.4,SL,-14.7378,1459.0377,2026
2026-02-08 17:35:00+00:00,2026-02-08 18:30:00+00:00,long,70706.0,71242.3,TP,29.1808,1488.2185,2026
2026-02-08 19:40:00+00:00,2026-02-08 20:00:00+00:00,long,71304.68,71059.53,SL,-14.8822,1473.3363,2026
2026-02-08 22:15:00+00:00,2026-02-08 23:00:00+00:00,long,70910.38,71404.6,TP,29.4667,1502.803,2026
2026-02-08 23:25:00+00:00,2026-02-08 23:30:00+00:00,short,70514.0,70154.79,TP,30.0561,1532.8591,2026
2026-02-09 00:20:00+00:00,2026-02-09 00:25:00+00:00,long,70727.79,70479.39,SL,-15.3286,1517.5305,2026
2026-02-09 00:40:00+00:00,2026-02-09 00:45:00+00:00,short,70278.68,70486.01,SL,-15.1753,1502.3552,2026
2026-02-09 01:45:00+00:00,2026-02-09 01:50:00+00:00,short,70086.38,70356.0,SL,-15.0236,1487.3316,2026
2026-02-09 07:40:00+00:00,2026-02-09 08:25:00+00:00,short,70432.07,70087.2,TP,29.7466,1517.0783,2026
2026-02-09 10:00:00+00:00,2026-02-09 10:05:00+00:00,short,69462.99,69629.03,SL,-15.1708,1501.9075,2026
2026-02-09 13:45:00+00:00,2026-02-09 13:55:00+00:00,short,68969.62,68594.57,TP,30.0382,1531.9456,2026
2026-02-09 15:25:00+00:00,2026-02-09 15:35:00+00:00,short,68921.04,69429.39,SL,-15.3195,1516.6262,2026
2026-02-09 16:10:00+00:00,2026-02-09 16:20:00+00:00,short,69205.01,69472.45,SL,-15.1663,1501.4599,2026
2026-02-09 19:30:00+00:00,2026-02-09 20:05:00+00:00,long,70764.0,71060.57,TP,30.0292,1531.4891,2026
2026-02-09 22:05:00+00:00,2026-02-09 23:45:00+00:00,long,70400.0,70204.75,SL,-15.3149,1516.1742,2026
2026-02-10 05:25:00+00:00,2026-02-10 06:20:00+00:00,short,69526.8,69159.19,TP,30.3235,1546.4977,2026
2026-02-10 09:45:00+00:00,2026-02-10 10:05:00+00:00,short,69018.64,69165.96,SL,-15.465,1531.0327,2026
2026-02-10 11:40:00+00:00,2026-02-10 13:30:00+00:00,short,68666.41,69032.62,SL,-15.3103,1515.7224,2026
2026-02-10 14:35:00+00:00,2026-02-10 14:40:00+00:00,short,68580.86,68229.65,TP,30.3144,1546.0369,2026
2026-02-10 17:20:00+00:00,2026-02-10 18:20:00+00:00,long,69670.0,69335.34,SL,-15.4604,1530.5765,2026
2026-02-10 20:15:00+00:00,2026-02-10 21:30:00+00:00,short,68873.4,68499.01,TP,30.6115,1561.188,2026
2026-02-11 01:20:00+00:00,2026-02-11 02:45:00+00:00,short,68996.91,68627.16,TP,31.2238,1592.4118,2026
2026-02-11 06:10:00+00:00,2026-02-11 06:20:00+00:00,short,66916.36,67082.41,SL,-15.9241,1576.4877,2026
2026-02-11 09:15:00+00:00,2026-02-11 09:25:00+00:00,short,66825.43,66978.43,SL,-15.7649,1560.7228,2026
2026-02-11 09:45:00+00:00,2026-02-11 11:20:00+00:00,short,66748.76,67023.62,SL,-15.6072,1545.1156,2026
2026-02-11 12:50:00+00:00,2026-02-11 13:15:00+00:00,short,67141.36,66829.89,TP,30.9023,1576.0179,2026
2026-02-11 14:35:00+00:00,2026-02-11 14:45:00+00:00,short,67253.0,66909.02,TP,31.5204,1607.5382,2026
2026-02-11 16:40:00+00:00,2026-02-11 17:10:00+00:00,short,66127.5,66263.59,SL,-16.0754,1591.4628,2026
2026-02-11 21:20:00+00:00,2026-02-11 21:55:00+00:00,long,67961.92,67811.17,SL,-15.9146,1575.5482,2026
2026-02-12 03:55:00+00:00,2026-02-12 04:15:00+00:00,long,67580.99,67379.99,SL,-15.7555,1559.7927,2026
2026-02-12 04:20:00+00:00,2026-02-12 04:55:00+00:00,short,67298.6,67018.4,TP,31.1959,1590.9886,2026
2026-02-12 07:05:00+00:00,2026-02-12 07:20:00+00:00,short,67007.44,67217.99,SL,-15.9099,1575.0787,2026
2026-02-12 08:20:00+00:00,2026-02-12 09:20:00+00:00,short,67083.53,67277.21,SL,-15.7508,1559.3279,2026
2026-02-12 13:40:00+00:00,2026-02-12 14:15:00+00:00,long,68116.83,67960.14,SL,-15.5933,1543.7346,2026
2026-02-12 14:30:00+00:00,2026-02-12 14:35:00+00:00,long,68197.93,67884.34,SL,-15.4373,1528.2973,2026
2026-02-12 20:25:00+00:00,2026-02-12 21:00:00+00:00,short,65505.7,65642.42,SL,-15.283,1513.0143,2026
2026-02-12 23:40:00+00:00,2026-02-13 00:00:00+00:00,short,66247.44,66452.28,SL,-15.1301,1497.8842,2026
2026-02-13 05:55:00+00:00,2026-02-13 06:55:00+00:00,short,66175.79,66359.28,SL,-14.9788,1482.9053,2026
2026-02-13 07:40:00+00:00,2026-02-13 07:50:00+00:00,short,66127.51,66304.37,SL,-14.8291,1468.0763,2026
2026-02-13 11:55:00+00:00,2026-02-13 12:00:00+00:00,long,67171.42,67021.22,SL,-14.6808,1453.3955,2026
2026-02-13 12:50:00+00:00,2026-02-13 13:05:00+00:00,long,67212.27,66986.13,SL,-14.534,1438.8616,2026
2026-02-13 13:25:00+00:00,2026-02-13 14:00:00+00:00,long,67337.21,67166.0,SL,-14.3886,1424.4729,2026
2026-02-13 14:30:00+00:00,2026-02-13 14:35:00+00:00,long,67543.19,67377.03,SL,-14.2447,1410.2282,2026
2026-02-13 21:05:00+00:00,2026-02-13 21:35:00+00:00,long,68990.88,68833.98,SL,-14.1023,1396.1259,2026
2026-02-13 22:30:00+00:00,2026-02-14 06:05:00+00:00,long,68888.32,68743.68,SL,-13.9613,1382.1647,2026
2026-02-14 06:15:00+00:00,2026-02-14 07:40:00+00:00,long,68848.74,69181.6,TP,27.6433,1409.808,2026
2026-02-14 11:05:00+00:00,2026-02-14 11:20:00+00:00,long,69821.39,70334.79,TP,28.1962,1438.0041,2026
2026-02-14 14:15:00+00:00,2026-02-14 15:20:00+00:00,long,69533.89,69958.73,TP,28.7601,1466.7642,2026
2026-02-14 16:50:00+00:00,2026-02-14 20:55:00+00:00,long,69738.0,70023.09,TP,29.3353,1496.0995,2026
2026-02-14 22:40:00+00:00,2026-02-14 23:20:00+00:00,long,69988.09,69814.04,SL,-14.961,1481.1385,2026
2026-02-15 00:55:00+00:00,2026-02-15 01:20:00+00:00,long,69777.07,69572.0,SL,-14.8114,1466.3271,2026
2026-02-15 01:25:00+00:00,2026-02-15 01:55:00+00:00,short,69529.34,69717.65,SL,-14.6633,1451.6638,2026
2026-02-15 02:05:00+00:00,2026-02-15 03:45:00+00:00,short,69511.03,69902.29,SL,-14.5166,1437.1472,2026
2026-02-15 07:15:00+00:00,2026-02-15 08:25:00+00:00,long,70791.8,70568.02,SL,-14.3715,1422.7757,2026
2026-02-15 09:30:00+00:00,2026-02-15 09:50:00+00:00,long,70597.18,70396.03,SL,-14.2278,1408.548,2026
2026-02-15 10:45:00+00:00,2026-02-15 11:30:00+00:00,long,70507.8,70326.29,SL,-14.0855,1394.4625,2026
2026-02-15 12:25:00+00:00,2026-02-15 12:35:00+00:00,long,70370.31,70182.46,SL,-13.9446,1380.5179,2026
2026-02-15 17:40:00+00:00,2026-02-15 17:45:00+00:00,short,68823.06,68289.31,TP,27.6104,1408.1282,2026
2026-02-15 18:45:00+00:00,2026-02-15 19:05:00+00:00,short,68423.33,68142.02,TP,28.1626,1436.2908,2026
2026-02-15 23:00:00+00:00,2026-02-15 23:05:00+00:00,short,68682.22,68382.91,TP,28.7258,1465.0166,2026
2026-02-16 01:20:00+00:00,2026-02-16 02:20:00+00:00,short,68710.54,68430.0,TP,29.3003,1494.3169,2026
2026-02-16 05:10:00+00:00,2026-02-16 07:10:00+00:00,short,68473.16,68611.54,SL,-14.9432,1479.3738,2026
2026-02-16 11:50:00+00:00,2026-02-16 12:25:00+00:00,long,68818.71,69505.01,TP,29.5875,1508.9613,2026
2026-02-16 15:30:00+00:00,2026-02-16 15:50:00+00:00,short,67440.91,67634.51,SL,-15.0896,1493.8716,2026
2026-02-16 18:45:00+00:00,2026-02-16 19:40:00+00:00,short,67923.8,68096.25,SL,-14.9387,1478.9329,2026
2026-02-16 19:55:00+00:00,2026-02-16 20:20:00+00:00,short,67913.43,68068.09,SL,-14.7893,1464.1436,2026
2026-02-16 21:55:00+00:00,2026-02-16 22:20:00+00:00,long,68862.88,68684.19,SL,-14.6414,1449.5022,2026
2026-02-16 23:50:00+00:00,2026-02-17 00:00:00+00:00,long,68978.65,68825.08,SL,-14.495,1435.0071,2026
2026-02-17 00:45:00+00:00,2026-02-17 00:55:00+00:00,long,69035.58,68878.27,SL,-14.3501,1420.6571,2026
2026-02-17 02:15:00+00:00,2026-02-17 02:55:00+00:00,long,69010.34,68838.48,SL,-14.2066,1406.4505,2026
2026-02-17 04:20:00+00:00,2026-02-17 04:30:00+00:00,long,68682.71,68372.8,SL,-14.0645,1392.386,2026
2026-02-17 05:10:00+00:00,2026-02-17 05:20:00+00:00,short,68346.01,68019.88,TP,27.8477,1420.2337,2026
2026-02-17 07:20:00+00:00,2026-02-17 07:35:00+00:00,short,68304.1,68464.86,SL,-14.2023,1406.0314,2026
2026-02-17 08:15:00+00:00,2026-02-17 10:15:00+00:00,short,68284.19,67846.18,TP,28.1206,1434.152,2026
2026-02-17 13:00:00+00:00,2026-02-17 13:05:00+00:00,short,67776.87,67961.28,SL,-14.3415,1419.8105,2026
2026-02-17 13:20:00+00:00,2026-02-17 13:25:00+00:00,long,68341.7,68122.14,SL,-14.1981,1405.6124,2026
2026-02-17 13:40:00+00:00,2026-02-17 13:50:00+00:00,short,68019.92,68212.01,SL,-14.0561,1391.5563,2026
2026-02-17 14:20:00+00:00,2026-02-17 14:35:00+00:00,short,68021.75,67608.53,TP,27.8311,1419.3874,2026
2026-02-17 17:10:00+00:00,2026-02-17 17:25:00+00:00,short,67266.89,67467.46,SL,-14.1939,1405.1935,2026
2026-02-17 19:30:00+00:00,2026-02-17 20:05:00+00:00,short,67872.22,67563.25,TP,28.1039,1433.2974,2026
2026-02-17 21:15:00+00:00,2026-02-17 23:05:00+00:00,short,67739.06,67445.83,TP,28.6659,1461.9633,2026
2026-02-18 00:45:00+00:00,2026-02-18 01:25:00+00:00,short,67364.73,67053.18,TP,29.2393,1491.2026,2026
2026-02-18 06:25:00+00:00,2026-02-18 07:20:00+00:00,long,67869.16,67702.71,SL,-14.912,1476.2906,2026
2026-02-18 07:40:00+00:00,2026-02-18 08:20:00+00:00,long,68074.0,68377.66,TP,29.5258,1505.8164,2026
2026-02-18 13:40:00+00:00,2026-02-18 14:45:00+00:00,short,67287.84,66771.54,TP,30.1163,1535.9327,2026
2026-02-18 16:05:00+00:00,2026-02-18 17:05:00+00:00,short,67138.07,67308.93,SL,-15.3593,1520.5734,2026
2026-02-18 17:40:00+00:00,2026-02-18 18:40:00+00:00,short,67096.7,66342.3,TP,30.4115,1550.9848,2026
2026-02-18 23:15:00+00:00,2026-02-19 00:05:00+00:00,short,66353.98,66550.84,SL,-15.5098,1535.475,2026
2026-02-19 00:25:00+00:00,2026-02-19 01:00:00+00:00,short,66405.07,66573.49,SL,-15.3547,1520.1202,2026
2026-02-19 02:35:00+00:00,2026-02-19 02:55:00+00:00,short,66690.65,66835.2,SL,-15.2012,1504.919,2026
2026-02-19 03:20:00+00:00,2026-02-19 04:40:00+00:00,long,66956.5,66816.04,SL,-15.0492,1489.8699,2026
2026-02-19 05:55:00+00:00,2026-02-19 06:20:00+00:00,long,66871.35,67197.72,TP,29.7974,1519.6673,2026
2026-02-19 07:15:00+00:00,2026-02-19 08:20:00+00:00,long,67175.78,66962.69,SL,-15.1967,1504.4706,2026
2026-02-19 09:15:00+00:00,2026-02-19 09:45:00+00:00,long,67012.71,66794.11,SL,-15.0447,1489.4259,2026
2026-02-19 10:35:00+00:00,2026-02-19 10:50:00+00:00,long,66949.81,66792.95,SL,-14.8943,1474.5316,2026
2026-02-19 11:35:00+00:00,2026-02-19 13:05:00+00:00,short,66698.25,66339.6,TP,29.4906,1504.0222,2026
2026-02-19 14:30:00+00:00,2026-02-19 14:35:00+00:00,short,65737.13,66105.0,SL,-15.0402,1488.982,2026
2026-02-19 16:05:00+00:00,2026-02-19 16:15:00+00:00,short,66143.62,66323.49,SL,-14.8898,1474.0922,2026
2026-02-19 17:45:00+00:00,2026-02-19 18:10:00+00:00,short,66445.59,66639.09,SL,-14.7409,1459.3513,2026
2026-02-19 18:20:00+00:00,2026-02-19 19:05:00+00:00,long,66821.95,67091.21,TP,29.187,1488.5383,2026
2026-02-19 20:55:00+00:00,2026-02-19 21:20:00+00:00,long,67149.11,67000.0,SL,-14.8854,1473.6529,2026
2026-02-19 22:55:00+00:00,2026-02-20 00:10:00+00:00,long,66915.14,67191.72,TP,29.4731,1503.126,2026
2026-02-20 03:20:00+00:00,2026-02-20 04:15:00+00:00,long,67384.14,67173.27,SL,-15.0313,1488.0947,2026
2026-02-20 05:20:00+00:00,2026-02-20 05:30:00+00:00,long,67348.26,67897.97,TP,29.7619,1517.8566,2026
2026-02-20 09:00:00+00:00,2026-02-20 10:50:00+00:00,long,68181.3,67979.99,SL,-15.1786,1502.6781,2026
2026-02-20 13:10:00+00:00,2026-02-20 13:35:00+00:00,short,67143.24,66511.58,TP,30.0536,1532.7316,2026
2026-02-20 16:45:00+00:00,2026-02-20 17:05:00+00:00,long,67657.24,67322.19,SL,-15.3273,1517.4043,2026
2026-02-20 17:50:00+00:00,2026-02-20 18:30:00+00:00,long,67587.5,67874.01,TP,30.3481,1547.7524,2026
2026-02-20 21:05:00+00:00,2026-02-20 22:50:00+00:00,long,67775.21,68049.95,TP,30.955,1578.7074,2026
2026-02-21 01:35:00+00:00,2026-02-21 03:00:00+00:00,long,67985.99,67796.17,SL,-15.7871,1562.9204,2026
2026-02-21 04:25:00+00:00,2026-02-21 08:30:00+00:00,long,67717.0,67988.94,TP,31.2584,1594.1788,2026
2026-02-21 12:50:00+00:00,2026-02-21 14:20:00+00:00,long,68184.67,68499.99,TP,31.8836,1626.0623,2026
2026-02-21 15:40:00+00:00,2026-02-21 16:00:00+00:00,long,68631.72,68402.41,SL,-16.2606,1609.8017,2026
2026-02-21 17:35:00+00:00,2026-02-21 19:05:00+00:00,long,68351.97,68643.98,TP,32.196,1641.9978,2026
2026-02-21 21:50:00+00:00,2026-02-21 22:35:00+00:00,long,68343.14,68155.87,SL,-16.42,1625.5778,2026
2026-02-22 00:25:00+00:00,2026-02-22 01:00:00+00:00,short,67856.03,67992.72,SL,-16.2558,1609.322,2026
2026-02-22 02:25:00+00:00,2026-02-22 11:05:00+00:00,short,68056.09,68207.46,SL,-16.0932,1593.2288,2026
2026-02-22 14:40:00+00:00,2026-02-22 15:25:00+00:00,short,67440.0,67599.03,SL,-15.9323,1577.2965,2026
2026-02-22 16:30:00+00:00,2026-02-22 17:35:00+00:00,short,67544.65,67272.31,TP,31.5459,1608.8424,2026
2026-02-22 20:10:00+00:00,2026-02-22 21:30:00+00:00,short,67385.78,67521.29,SL,-16.0884,1592.754,2026
2026-02-22 22:15:00+00:00,2026-02-22 22:40:00+00:00,short,67532.77,67679.27,SL,-15.9275,1576.8265,2026
2026-02-22 23:05:00+00:00,2026-02-23 00:30:00+00:00,short,67580.47,67299.19,TP,31.5365,1608.363,2026
2026-02-23 08:00:00+00:00,2026-02-23 09:30:00+00:00,short,65816.08,66150.24,SL,-16.0836,1592.2794,2026
2026-02-23 12:40:00+00:00,2026-02-23 12:55:00+00:00,long,66419.33,66280.4,SL,-15.9228,1576.3566,2026
2026-02-23 13:15:00+00:00,2026-02-23 13:40:00+00:00,short,66192.6,66353.16,SL,-15.7636,1560.593,2026
2026-02-23 13:55:00+00:00,2026-02-23 14:35:00+00:00,short,66132.66,65845.29,TP,31.2119,1591.8049,2026
2026-02-23 15:25:00+00:00,2026-02-23 16:00:00+00:00,short,65806.54,65415.21,TP,31.8361,1623.641,2026
2026-02-23 17:10:00+00:00,2026-02-23 17:15:00+00:00,short,65081.03,64788.47,TP,32.4728,1656.1138,2026
2026-02-23 19:25:00+00:00,2026-02-23 19:35:00+00:00,short,64463.84,64144.88,TP,33.1223,1689.236,2026
2026-02-23 22:50:00+00:00,2026-02-23 23:05:00+00:00,short,64697.61,64891.99,SL,-16.8924,1672.3437,2026
2026-02-24 01:05:00+00:00,2026-02-24 01:10:00+00:00,short,64625.13,64324.95,TP,33.4469,1705.7906,2026
2026-02-24 03:00:00+00:00,2026-02-24 03:45:00+00:00,short,63859.52,63552.32,TP,34.1158,1739.9064,2026
2026-02-24 05:25:00+00:00,2026-02-24 05:30:00+00:00,short,62820.77,62947.4,SL,-17.3991,1722.5073,2026
2026-02-24 07:45:00+00:00,2026-02-24 07:55:00+00:00,short,63039.55,63192.96,SL,-17.2251,1705.2822,2026
2026-02-24 09:15:00+00:00,2026-02-24 10:50:00+00:00,short,63171.4,63320.44,SL,-17.0528,1688.2294,2026
2026-02-24 11:15:00+00:00,2026-02-24 13:20:00+00:00,short,63212.39,62929.36,TP,33.7646,1721.994,2026
2026-02-24 17:05:00+00:00,2026-02-24 17:15:00+00:00,long,64429.87,64253.89,SL,-17.2199,1704.7741,2026
2026-02-24 18:40:00+00:00,2026-02-24 21:00:00+00:00,long,64370.98,64164.0,SL,-17.0477,1687.7263,2026
2026-02-24 22:05:00+00:00,2026-02-24 22:50:00+00:00,long,64183.99,64027.97,SL,-16.8773,1670.8491,2026
2026-02-24 23:05:00+00:00,2026-02-24 23:10:00+00:00,short,63872.55,64071.98,SL,-16.7085,1654.1406,2026
2026-02-24 23:15:00+00:00,2026-02-25 00:10:00+00:00,long,64107.15,63919.23,SL,-16.5414,1637.5992,2026
2026-02-25 00:35:00+00:00,2026-02-25 01:10:00+00:00,long,64180.66,65606.34,TP,32.752,1670.3511,2026
2026-02-25 04:35:00+00:00,2026-02-25 04:50:00+00:00,long,65612.91,65461.97,SL,-16.7035,1653.6476,2026
2026-02-25 06:20:00+00:00,2026-02-25 06:50:00+00:00,long,65089.08,64905.21,SL,-16.5365,1637.1112,2026
2026-02-25 11:40:00+00:00,2026-02-25 12:15:00+00:00,long,65433.81,65716.43,TP,32.7422,1669.8534,2026
2026-02-25 14:55:00+00:00,2026-02-25 15:05:00+00:00,long,66973.2,66826.97,SL,-16.6985,1653.1548,2026
2026-02-25 18:25:00+00:00,2026-02-25 19:00:00+00:00,long,69348.39,69126.0,SL,-16.5315,1636.6233,2026
2026-02-25 20:45:00+00:00,2026-02-25 21:10:00+00:00,long,69252.0,68990.91,SL,-16.3662,1620.2571,2026
2026-02-25 21:35:00+00:00,2026-02-25 21:40:00+00:00,long,69388.95,69221.59,SL,-16.2026,1604.0545,2026
2026-02-26 00:10:00+00:00,2026-02-26 00:30:00+00:00,long,68153.57,68482.96,TP,32.0811,1636.1356,2026
2026-02-26 02:45:00+00:00,2026-02-26 04:05:00+00:00,long,68130.59,68447.46,TP,32.7227,1668.8583,2026
2026-02-26 08:15:00+00:00,2026-02-26 09:35:00+00:00,long,68074.42,68460.44,TP,33.3772,1702.2355,2026
2026-02-26 12:15:00+00:00,2026-02-26 12:40:00+00:00,long,68228.99,68082.32,SL,-17.0224,1685.2131,2026
2026-02-26 13:10:00+00:00,2026-02-26 14:05:00+00:00,short,68032.95,67738.68,TP,33.7043,1718.9174,2026
2026-02-26 14:20:00+00:00,2026-02-26 14:35:00+00:00,long,68120.76,67860.97,SL,-17.1892,1701.7282,2026
2026-02-26 14:40:00+00:00,2026-02-26 14:45:00+00:00,short,67799.74,67361.75,TP,34.0346,1735.7628,2026
2026-02-26 16:50:00+00:00,2026-02-26 17:00:00+00:00,short,66604.68,66909.99,SL,-17.3576,1718.4051,2026
2026-02-26 20:20:00+00:00,2026-02-26 20:50:00+00:00,short,67618.25,67333.05,TP,34.3681,1752.7732,2026
2026-02-26 22:20:00+00:00,2026-02-26 22:35:00+00:00,short,67379.46,67554.0,SL,-17.5277,1735.2455,2026
2026-02-26 23:05:00+00:00,2026-02-27 00:35:00+00:00,short,67469.09,67132.82,TP,34.7049,1769.9504,2026
2026-02-27 02:55:00+00:00,2026-02-27 03:45:00+00:00,short,67266.58,67435.0,SL,-17.6995,1752.2509,2026
2026-02-27 07:50:00+00:00,2026-02-27 09:05:00+00:00,long,67734.49,68021.67,TP,35.045,1787.2959,2026
2026-02-27 14:45:00+00:00,2026-02-27 15:05:00+00:00,short,65885.62,66074.17,SL,-17.873,1769.423,2026
2026-02-27 16:10:00+00:00,2026-02-27 16:20:00+00:00,short,65897.56,66044.85,SL,-17.6942,1751.7287,2026
2026-02-27 16:35:00+00:00,2026-02-27 16:45:00+00:00,short,65915.62,65494.21,TP,35.0346,1786.7633,2026
2026-02-27 18:55:00+00:00,2026-02-27 20:00:00+00:00,short,65314.76,65491.33,SL,-17.8676,1768.8957,2026
2026-02-27 21:40:00+00:00,2026-02-27 22:30:00+00:00,short,65621.37,64986.0,TP,35.3779,1804.2736,2026
2026-02-28 00:20:00+00:00,2026-02-28 02:50:00+00:00,short,65872.25,66018.84,SL,-18.0427,1786.2309,2026
2026-02-28 03:05:00+00:00,2026-02-28 04:30:00+00:00,short,65882.81,65603.17,TP,35.7246,1821.9555,2026
2026-02-28 05:30:00+00:00,2026-02-28 06:15:00+00:00,short,65574.96,64944.0,TP,36.4391,1858.3946,2026
2026-02-28 11:45:00+00:00,2026-02-28 13:45:00+00:00,short,64042.53,64534.19,SL,-18.5839,1839.8106,2026
2026-02-28 14:50:00+00:00,2026-02-28 15:20:00+00:00,short,64432.82,64576.73,SL,-18.3981,1821.4125,2026
2026-02-28 15:40:00+00:00,2026-02-28 16:40:00+00:00,long,64832.4,65162.62,TP,36.4282,1857.8408,2026
2026-02-28 17:55:00+00:00,2026-02-28 18:10:00+00:00,long,65442.62,65273.58,SL,-18.5784,1839.2624,2026
2026-02-28 18:30:00+00:00,2026-02-28 18:35:00+00:00,long,65445.89,65717.99,TP,36.7852,1876.0476,2026
2026-02-28 19:30:00+00:00,2026-02-28 19:35:00+00:00,long,66276.46,66589.61,TP,37.521,1913.5686,2026
2026-02-28 22:20:00+00:00,2026-02-28 22:35:00+00:00,long,67048.57,67534.57,TP,38.2714,1951.8399,2026
2026-03-01 01:40:00+00:00,2026-03-01 01:45:00+00:00,long,66626.57,67340.16,TP,39.0368,1990.8767,2026
2026-03-01 05:15:00+00:00,2026-03-01 06:00:00+00:00,long,67410.47,67266.64,SL,-19.9088,1970.968,2026
2026-03-01 07:15:00+00:00,2026-03-01 08:10:00+00:00,long,66999.5,67269.74,TP,39.4194,2010.3873,2026
2026-03-01 12:30:00+00:00,2026-03-01 12:40:00+00:00,short,66294.41,66491.27,SL,-20.1039,1990.2835,2026
2026-03-01 15:10:00+00:00,2026-03-01 15:55:00+00:00,long,67115.18,66842.42,SL,-19.9028,1970.3806,2026
2026-03-01 19:15:00+00:00,2026-03-01 20:05:00+00:00,short,66057.6,65587.59,TP,39.4076,2009.7882,2026
2026-03-01 22:35:00+00:00,2026-03-01 23:00:00+00:00,short,65300.0,65699.99,SL,-20.0979,1989.6904,2026
2026-03-02 03:15:00+00:00,2026-03-02 04:25:00+00:00,long,66632.44,66937.99,TP,39.7938,2029.4842,2026
2026-03-02 04:30:00+00:00,2026-03-02 04:45:00+00:00,long,66927.0,66674.32,SL,-20.2948,2009.1893,2026
2026-03-02 05:45:00+00:00,2026-03-02 05:55:00+00:00,long,66893.0,66730.78,SL,-20.0919,1989.0974,2026
2026-03-02 09:55:00+00:00,2026-03-02 10:05:00+00:00,short,66168.62,66316.26,SL,-19.891,1969.2065,2026
2026-03-02 11:45:00+00:00,2026-03-02 12:15:00+00:00,long,66350.58,66212.29,SL,-19.6921,1949.5144,2026
2026-03-02 12:20:00+00:00,2026-03-02 13:05:00+00:00,short,66116.97,65841.22,TP,38.9903,1988.5047,2026
2026-03-02 19:55:00+00:00,2026-03-02 20:10:00+00:00,long,68966.53,68738.01,SL,-19.885,1968.6196,2026
2026-03-02 20:20:00+00:00,2026-03-02 20:45:00+00:00,long,68979.09,69397.72,TP,39.3724,2007.992,2026
2026-03-03 00:35:00+00:00,2026-03-03 01:15:00+00:00,long,69102.16,68905.0,SL,-20.0799,1987.9121,2026
2026-03-03 03:25:00+00:00,2026-03-03 04:35:00+00:00,long,68419.34,68268.46,SL,-19.8791,1968.033,2026
2026-03-03 04:45:00+00:00,2026-03-03 05:05:00+00:00,short,68098.0,68289.64,SL,-19.6803,1948.3527,2026
2026-03-03 05:40:00+00:00,2026-03-03 07:15:00+00:00,short,68079.39,68221.71,SL,-19.4835,1928.8691,2026
2026-03-03 08:10:00+00:00,2026-03-03 08:30:00+00:00,short,68010.75,67631.78,TP,38.5774,1967.4465,2026
2026-03-03 12:55:00+00:00,2026-03-03 13:10:00+00:00,short,67399.85,66979.93,TP,39.3489,2006.7954,2026
2026-03-03 14:30:00+00:00,2026-03-03 14:40:00+00:00,short,66869.99,66464.0,TP,40.1359,2046.9313,2026
2026-03-03 18:25:00+00:00,2026-03-03 18:35:00+00:00,long,68465.88,68762.48,TP,40.9386,2087.87,2026
2026-03-03 22:00:00+00:00,2026-03-03 23:10:00+00:00,long,68308.63,68695.92,TP,41.7574,2129.6274,2026
2026-03-04 01:05:00+00:00,2026-03-04 01:15:00+00:00,long,68246.45,68093.03,SL,-21.2963,2108.3311,2026
2026-03-04 01:25:00+00:00,2026-03-04 01:35:00+00:00,long,68251.99,68682.5,TP,42.1666,2150.4977,2026
2026-03-04 02:55:00+00:00,2026-03-04 03:00:00+00:00,long,68323.33,68138.25,SL,-21.505,2128.9927,2026
2026-03-04 03:05:00+00:00,2026-03-04 03:25:00+00:00,long,68271.56,67976.25,SL,-21.2899,2107.7028,2026
2026-03-04 07:25:00+00:00,2026-03-04 07:45:00+00:00,long,68766.45,69426.02,TP,42.1541,2149.8569,2026
2026-03-04 12:50:00+00:00,2026-03-04 13:05:00+00:00,long,71140.57,71524.21,TP,42.9971,2192.854,2026
2026-03-04 15:10:00+00:00,2026-03-04 15:15:00+00:00,long,72003.76,72362.55,TP,43.8571,2236.7111,2026
2026-03-04 17:10:00+00:00,2026-03-04 17:15:00+00:00,long,73545.44,73285.05,SL,-22.3671,2214.344,2026
2026-03-04 18:50:00+00:00,2026-03-04 19:15:00+00:00,long,73606.42,73980.09,TP,44.2869,2258.6309,2026
2026-03-04 21:40:00+00:00,2026-03-04 22:40:00+00:00,long,73237.6,72917.01,SL,-22.5863,2236.0446,2026
2026-03-04 23:45:00+00:00,2026-03-05 01:05:00+00:00,long,72701.19,73070.04,TP,44.7209,2280.7654,2026
2026-03-05 02:20:00+00:00,2026-03-05 02:30:00+00:00,long,72763.79,72460.47,SL,-22.8077,2257.9578,2026
2026-03-05 03:05:00+00:00,2026-03-05 03:30:00+00:00,long,72637.91,72410.01,SL,-22.5796,2235.3782,2026
2026-03-05 03:55:00+00:00,2026-03-05 04:25:00+00:00,long,72497.89,72793.66,TP,44.7076,2280.0858,2026
2026-03-05 06:35:00+00:00,2026-03-05 07:30:00+00:00,long,72526.99,72343.93,SL,-22.8009,2257.2849,2026
2026-03-05 07:35:00+00:00,2026-03-05 07:50:00+00:00,short,72231.22,71792.55,TP,45.1457,2302.4306,2026
2026-03-05 12:50:00+00:00,2026-03-05 13:00:00+00:00,long,72992.67,72762.01,SL,-23.0243,2279.4063,2026
2026-03-05 14:10:00+00:00,2026-03-05 14:35:00+00:00,long,72613.91,72212.75,SL,-22.7941,2256.6122,2026
2026-03-05 14:55:00+00:00,2026-03-05 15:00:00+00:00,long,72609.29,72271.04,SL,-22.5661,2234.0461,2026
2026-03-05 15:05:00+00:00,2026-03-05 15:20:00+00:00,short,71845.29,71529.03,TP,44.6809,2278.727,2026
2026-03-05 17:30:00+00:00,2026-03-05 17:35:00+00:00,short,70767.22,70911.44,SL,-22.7873,2255.9398,2026
2026-03-05 19:50:00+00:00,2026-03-05 20:10:00+00:00,short,70935.86,71100.0,SL,-22.5594,2233.3804,2026
2026-03-05 21:40:00+00:00,2026-03-05 23:30:00+00:00,short,71189.0,70892.99,TP,44.6676,2278.048,2026
2026-03-06 01:10:00+00:00,2026-03-06 01:25:00+00:00,short,70800.0,70465.03,TP,45.561,2323.6089,2026
2026-03-06 03:05:00+00:00,2026-03-06 04:10:00+00:00,short,71236.76,70910.91,TP,46.4722,2370.0811,2026
2026-03-06 08:20:00+00:00,2026-03-06 09:10:00+00:00,short,70904.61,70572.0,TP,47.4016,2417.4827,2026
2026-03-06 10:50:00+00:00,2026-03-06 11:55:00+00:00,short,70531.07,70212.95,TP,48.3497,2465.8324,2026
2026-03-06 13:55:00+00:00,2026-03-06 14:05:00+00:00,short,69208.0,68662.2,TP,49.3166,2515.1491,2026
2026-03-06 17:30:00+00:00,2026-03-06 17:35:00+00:00,short,68152.3,67858.74,TP,50.303,2565.452,2026
2026-03-06 19:35:00+00:00,2026-03-06 20:25:00+00:00,short,68172.59,67832.74,TP,51.309,2616.7611,2026
2026-03-06 23:10:00+00:00,2026-03-07 03:10:00+00:00,short,68334.55,68515.19,SL,-26.1676,2590.5935,2026
2026-03-07 03:35:00+00:00,2026-03-07 04:00:00+00:00,short,68191.12,67903.11,TP,51.8119,2642.4053,2026
2026-03-07 05:15:00+00:00,2026-03-07 05:40:00+00:00,short,67943.72,68081.8,SL,-26.4241,2615.9813,2026
2026-03-07 06:10:00+00:00,2026-03-07 07:00:00+00:00,short,67951.11,67570.45,TP,52.3196,2668.3009,2026
2026-03-07 09:00:00+00:00,2026-03-07 09:10:00+00:00,short,67788.0,67970.87,SL,-26.683,2641.6179,2026
2026-03-07 10:20:00+00:00,2026-03-07 11:10:00+00:00,short,67950.01,68186.93,SL,-26.4162,2615.2017,2026
2026-03-07 11:55:00+00:00,2026-03-07 14:05:00+00:00,short,68010.01,67701.0,TP,52.304,2667.5058,2026
2026-03-07 15:35:00+00:00,2026-03-07 18:30:00+00:00,short,67822.86,67521.74,TP,53.3501,2720.8559,2026
2026-03-07 22:15:00+00:00,2026-03-08 02:45:00+00:00,short,67362.43,67078.65,TP,54.4171,2775.273,2026
2026-03-08 04:45:00+00:00,2026-03-08 05:15:00+00:00,short,66879.94,67020.73,SL,-27.7527,2747.5203,2026
2026-03-08 06:25:00+00:00,2026-03-08 07:00:00+00:00,short,67055.04,67267.47,SL,-27.4752,2720.0451,2026
2026-03-08 07:45:00+00:00,2026-03-08 08:40:00+00:00,short,67264.76,67500.11,SL,-27.2005,2692.8446,2026
2026-03-08 10:10:00+00:00,2026-03-08 11:05:00+00:00,long,67879.29,67560.15,SL,-26.9284,2665.9162,2026
2026-03-08 13:10:00+00:00,2026-03-08 13:25:00+00:00,short,66974.1,67163.88,SL,-26.6592,2639.257,2026
2026-03-08 15:30:00+00:00,2026-03-08 18:15:00+00:00,short,67130.89,66811.04,TP,52.7851,2692.0421,2026
2026-03-08 20:10:00+00:00,2026-03-08 20:30:00+00:00,short,67101.68,67364.01,SL,-26.9204,2665.1217,2026
2026-03-08 20:35:00+00:00,2026-03-08 20:55:00+00:00,long,67377.29,67238.8,SL,-26.6512,2638.4705,2026
2026-03-09 01:55:00+00:00,2026-03-09 02:35:00+00:00,short,66196.01,66462.68,SL,-26.3847,2612.0858,2026
2026-03-09 04:25:00+00:00,2026-03-09 04:50:00+00:00,long,67575.86,67389.21,SL,-26.1209,2585.9649,2026
2026-03-09 05:40:00+00:00,2026-03-09 06:00:00+00:00,long,67932.25,67769.13,SL,-25.8596,2560.1053,2026
2026-03-09 07:40:00+00:00,2026-03-09 08:20:00+00:00,long,67427.67,67715.46,TP,51.2021,2611.3074,2026
2026-03-09 11:50:00+00:00,2026-03-09 12:20:00+00:00,long,67789.15,68080.2,TP,52.2261,2663.5335,2026
2026-03-09 16:45:00+00:00,2026-03-09 17:20:00+00:00,long,69015.95,68776.36,SL,-26.6353,2636.8982,2026
2026-03-09 18:30:00+00:00,2026-03-09 18:35:00+00:00,long,68661.6,68514.75,SL,-26.369,2610.5292,2026
2026-03-09 19:00:00+00:00,2026-03-09 19:15:00+00:00,long,68487.05,68847.48,TP,52.2106,2662.7398,2026
2026-03-09 21:10:00+00:00,2026-03-09 21:20:00+00:00,long,69054.0,68872.11,SL,-26.6274,2636.1124,2026
2026-03-10 00:15:00+00:00,2026-03-10 00:25:00+00:00,long,68678.65,68980.01,TP,52.7222,2688.8347,2026
2026-03-10 01:50:00+00:00,2026-03-10 02:30:00+00:00,long,69253.27,70001.2,TP,53.7767,2742.6113,2026
2026-03-10 04:45:00+00:00,2026-03-10 05:15:00+00:00,long,69960.01,70243.71,TP,54.8522,2797.4636,2026
2026-03-10 06:35:00+00:00,2026-03-10 06:50:00+00:00,long,70086.46,69900.08,SL,-27.9746,2769.4889,2026
2026-03-10 07:10:00+00:00,2026-03-10 08:05:00+00:00,long,70240.36,70924.57,TP,55.3898,2824.8787,2026
2026-03-10 09:25:00+00:00,2026-03-10 09:40:00+00:00,long,71228.0,71075.63,SL,-28.2488,2796.6299,2026
2026-03-10 12:45:00+00:00,2026-03-10 13:20:00+00:00,long,70503.52,70858.92,TP,55.9326,2852.5625,2026
2026-03-10 13:35:00+00:00,2026-03-10 13:40:00+00:00,short,69774.57,69916.54,SL,-28.5256,2824.0369,2026
2026-03-10 14:35:00+00:00,2026-03-10 14:45:00+00:00,long,70177.38,70643.7,TP,56.4807,2880.5176,2026
2026-03-10 16:20:00+00:00,2026-03-10 16:25:00+00:00,long,71531.39,71364.42,SL,-28.8052,2851.7125,2026
2026-03-10 19:30:00+00:00,2026-03-10 19:40:00+00:00,short,69821.2,69990.2,SL,-28.5171,2823.1953,2026
2026-03-10 21:20:00+00:00,2026-03-10 21:40:00+00:00,short,70053.72,69746.41,TP,56.4639,2879.6592,2026
2026-03-11 00:40:00+00:00,2026-03-11 00:50:00+00:00,short,69838.71,70116.09,SL,-28.7966,2850.8627,2026
2026-03-11 01:35:00+00:00,2026-03-11 01:50:00+00:00,short,69901.62,70069.51,SL,-28.5086,2822.354,2026
2026-03-11 05:25:00+00:00,2026-03-11 05:40:00+00:00,short,69943.67,69538.41,TP,56.4471,2878.8011,2026
2026-03-11 07:25:00+00:00,2026-03-11 08:25:00+00:00,short,69791.28,69503.53,TP,57.576,2936.3771,2026
2026-03-11 08:50:00+00:00,2026-03-11 10:40:00+00:00,short,69535.85,69683.21,SL,-29.3638,2907.0134,2026
2026-03-11 11:25:00+00:00,2026-03-11 12:00:00+00:00,short,69447.45,69089.63,TP,58.1403,2965.1536,2026
2026-03-11 16:20:00+00:00,2026-03-11 16:30:00+00:00,long,70400.0,70713.25,TP,59.3031,3024.4567,2026
2026-03-11 19:40:00+00:00,2026-03-11 20:00:00+00:00,long,70674.86,70505.62,SL,-30.2446,2994.2121,2026
2026-03-11 20:45:00+00:00,2026-03-11 22:30:00+00:00,long,70537.26,70379.15,SL,-29.9421,2964.27,2026
2026-03-12 00:20:00+00:00,2026-03-12 00:30:00+00:00,long,70345.9,70174.34,SL,-29.6427,2934.6273,2026
2026-03-12 01:00:00+00:00,2026-03-12 02:15:00+00:00,short,69969.57,69605.38,TP,58.6925,2993.3199,2026
2026-03-12 04:55:00+00:00,2026-03-12 05:40:00+00:00,short,69372.0,69511.01,SL,-29.9332,2963.3867,2026
2026-03-12 08:35:00+00:00,2026-03-12 09:40:00+00:00,short,69821.34,70278.4,SL,-29.6339,2933.7528,2026
2026-03-12 14:10:00+00:00,2026-03-12 14:15:00+00:00,long,70381.33,70141.9,SL,-29.3375,2904.4153,2026
2026-03-12 14:25:00+00:00,2026-03-12 14:35:00+00:00,short,69953.32,69577.62,TP,58.0883,2962.5036,2026
2026-03-12 21:15:00+00:00,2026-03-12 22:15:00+00:00,long,70321.8,70155.48,SL,-29.625,2932.8785,2026
2026-03-12 23:00:00+00:00,2026-03-13 00:10:00+00:00,long,70413.27,71118.58,TP,58.6576,2991.5361,2026
2026-03-13 03:50:00+00:00,2026-03-13 04:25:00+00:00,long,71471.72,71319.52,SL,-29.9154,2961.6207,2026
2026-03-13 05:25:00+00:00,2026-03-13 06:25:00+00:00,long,71413.8,71241.61,SL,-29.6162,2932.0045,2026
2026-03-13 07:10:00+00:00,2026-03-13 08:35:00+00:00,long,71423.43,72034.5,TP,58.6401,2990.6446,2026
2026-03-13 09:45:00+00:00,2026-03-13 10:15:00+00:00,long,71985.59,72469.99,TP,59.8129,3050.4575,2026
2026-03-13 12:45:00+00:00,2026-03-13 13:15:00+00:00,long,72745.93,73235.37,TP,61.0091,3111.4667,2026
2026-03-13 17:40:00+00:00,2026-03-13 20:10:00+00:00,short,71198.81,71353.0,SL,-31.1147,3080.352,2026
2026-03-13 21:25:00+00:00,2026-03-13 22:00:00+00:00,short,71165.41,70800.14,TP,61.607,3141.959,2026
2026-03-14 00:40:00+00:00,2026-03-14 01:00:00+00:00,short,70568.75,70743.95,SL,-31.4196,3110.5394,2026
2026-03-14 02:40:00+00:00,2026-03-14 03:05:00+00:00,short,70770.33,70999.0,SL,-31.1054,3079.4341,2026
2026-03-14 04:50:00+00:00,2026-03-14 06:20:00+00:00,short,71088.09,70794.3,TP,61.5887,3141.0227,2026
2026-03-14 07:50:00+00:00,2026-03-14 08:10:00+00:00,short,70514.13,70697.04,SL,-31.4102,3109.6125,2026
2026-03-14 09:45:00+00:00,2026-03-14 11:00:00+00:00,short,70448.25,70645.05,SL,-31.0961,3078.5164,2026
2026-03-14 12:30:00+00:00,2026-03-14 13:15:00+00:00,short,70725.95,70914.8,SL,-30.7852,3047.7312,2026
2026-03-14 13:55:00+00:00,2026-03-14 15:35:00+00:00,short,70847.35,70563.71,TP,60.9546,3108.6858,2026
2026-03-14 17:50:00+00:00,2026-03-14 20:15:00+00:00,short,70590.02,70742.17,SL,-31.0869,3077.599,2026
2026-03-14 21:05:00+00:00,2026-03-14 23:00:00+00:00,short,70734.36,70879.55,SL,-30.776,3046.823,2026
2026-03-15 02:00:00+00:00,2026-03-15 02:45:00+00:00,long,71189.04,71624.08,TP,60.9365,3107.7595,2026
2026-03-15 04:10:00+00:00,2026-03-15 06:35:00+00:00,long,71586.04,71420.43,SL,-31.0776,3076.6819,2026
2026-03-15 07:10:00+00:00,2026-03-15 07:40:00+00:00,long,71612.56,71446.96,SL,-30.7668,3045.915,2026
2026-03-15 08:10:00+00:00,2026-03-15 09:05:00+00:00,long,71594.53,71919.6,TP,60.9183,3106.8333,2026
2026-03-15 11:50:00+00:00,2026-03-15 12:10:00+00:00,long,71858.66,71702.74,SL,-31.0683,3075.765,2026
2026-03-15 13:50:00+00:00,2026-03-15 17:50:00+00:00,long,71522.68,71964.84,TP,61.5153,3137.2803,2026
2026-03-15 19:55:00+00:00,2026-03-15 20:35:00+00:00,long,71549.94,71853.9,TP,62.7456,3200.0259,2026
2026-03-15 22:35:00+00:00,2026-03-15 22:50:00+00:00,long,72310.71,72691.55,TP,64.0005,3264.0264,2026
2026-03-16 01:45:00+00:00,2026-03-16 02:25:00+00:00,long,72628.92,72451.44,SL,-32.6403,3231.3862,2026
2026-03-16 03:15:00+00:00,2026-03-16 03:30:00+00:00,long,72602.25,73728.64,TP,64.6277,3296.0139,2026
2026-03-16 04:50:00+00:00,2026-03-16 04:55:00+00:00,long,74345.52,73835.62,SL,-32.9601,3263.0538,2026
2026-03-16 09:20:00+00:00,2026-03-16 10:50:00+00:00,long,73181.97,73566.82,TP,65.2611,3328.3148,2026
2026-03-16 12:20:00+00:00,2026-03-16 13:30:00+00:00,long,73761.83,74313.66,TP,66.5663,3394.8811,2026
2026-03-16 15:20:00+00:00,2026-03-16 15:35:00+00:00,long,73859.72,73652.24,SL,-33.9488,3360.9323,2026
2026-03-16 16:30:00+00:00,2026-03-16 16:45:00+00:00,long,73420.01,73729.37,TP,67.2186,3428.151,2026
2026-03-16 20:40:00+00:00,2026-03-16 21:00:00+00:00,long,74041.62,74458.16,TP,68.563,3496.714,2026
2026-03-16 23:40:00+00:00,2026-03-17 00:00:00+00:00,long,74874.93,74715.26,SL,-34.9671,3461.7468,2026
2026-03-17 00:55:00+00:00,2026-03-17 01:00:00+00:00,long,75318.48,75134.31,SL,-34.6175,3427.1294,2026
2026-03-17 05:45:00+00:00,2026-03-17 05:50:00+00:00,short,73872.56,74059.19,SL,-34.2713,3392.8581,2026
2026-03-17 08:20:00+00:00,2026-03-17 09:50:00+00:00,short,74273.83,73962.35,TP,67.8572,3460.7152,2026
2026-03-17 12:25:00+00:00,2026-03-17 13:35:00+00:00,short,73793.9,74036.16,SL,-34.6072,3426.1081,2026
2026-03-17 13:50:00+00:00,2026-03-17 14:05:00+00:00,short,73560.0,73717.02,SL,-34.2611,3391.847,2026
2026-03-17 15:25:00+00:00,2026-03-17 16:15:00+00:00,short,74054.35,74226.36,SL,-33.9185,3357.9285,2026
2026-03-17 16:20:00+00:00,2026-03-17 16:30:00+00:00,long,74339.4,74111.7,SL,-33.5793,3324.3493,2026
2026-03-17 18:35:00+00:00,2026-03-17 20:00:00+00:00,long,74640.17,74437.16,SL,-33.2435,3291.1058,2026
2026-03-17 21:10:00+00:00,2026-03-17 21:25:00+00:00,long,74705.09,74554.87,SL,-32.9111,3258.1947,2026
2026-03-18 03:20:00+00:00,2026-03-18 04:20:00+00:00,long,74502.33,74323.76,SL,-32.5819,3225.6128,2026
2026-03-18 07:00:00+00:00,2026-03-18 08:35:00+00:00,short,73944.01,74109.64,SL,-32.2561,3193.3566,2026
2026-03-18 10:00:00+00:00,2026-03-18 11:00:00+00:00,short,74136.01,73828.02,TP,63.8671,3257.2238,2026
2026-03-18 14:15:00+00:00,2026-03-18 14:40:00+00:00,short,71927.41,71493.45,TP,65.1445,3322.3682,2026
2026-03-18 18:30:00+00:00,2026-03-18 18:50:00+00:00,short,71486.21,71090.49,TP,66.4474,3388.8156,2026
2026-03-18 22:00:00+00:00,2026-03-18 23:30:00+00:00,short,71118.43,71321.73,SL,-33.8882,3354.9274,2026
2026-03-19 00:10:00+00:00,2026-03-19 03:15:00+00:00,short,71179.85,71567.86,SL,-33.5493,3321.3782,2026
2026-03-19 03:50:00+00:00,2026-03-19 04:05:00+00:00,short,71279.32,70840.01,TP,66.4276,3387.8057,2026
2026-03-19 05:30:00+00:00,2026-03-19 06:05:00+00:00,short,70706.11,70876.58,SL,-33.8781,3353.9277,2026
2026-03-19 06:35:00+00:00,2026-03-19 07:05:00+00:00,short,70704.0,70311.29,TP,67.0786,3421.0062,2026
2026-03-19 10:35:00+00:00,2026-03-19 11:55:00+00:00,short,70237.11,69952.75,TP,68.4201,3489.4264,2026
2026-03-19 14:25:00+00:00,2026-03-19 14:30:00+00:00,short,69165.75,69329.56,SL,-34.8943,3454.5321,2026
2026-03-19 15:25:00+00:00,2026-03-19 15:40:00+00:00,short,69206.82,68900.01,TP,69.0906,3523.6227,2026
2026-03-19 17:05:00+00:00,2026-03-19 17:15:00+00:00,short,69148.98,69445.35,SL,-35.2362,3488.3865,2026
2026-03-19 18:30:00+00:00,2026-03-19 18:55:00+00:00,short,69655.14,69821.21,SL,-34.8839,3453.5026,2026
2026-03-19 21:10:00+00:00,2026-03-19 21:30:00+00:00,long,70688.5,70478.29,SL,-34.535,3418.9676,2026
2026-03-20 02:55:00+00:00,2026-03-20 03:30:00+00:00,long,70415.47,70697.77,TP,68.3794,3487.347,2026
2026-03-20 07:25:00+00:00,2026-03-20 07:35:00+00:00,long,70451.32,70740.9,TP,69.7469,3557.0939,2026
2026-03-20 10:40:00+00:00,2026-03-20 11:35:00+00:00,long,70533.48,70338.69,SL,-35.5709,3521.523,2026
2026-03-20 11:40:00+00:00,2026-03-20 12:05:00+00:00,short,70395.29,70667.85,SL,-35.2152,3486.3077,2026
2026-03-20 12:30:00+00:00,2026-03-20 13:20:00+00:00,short,70360.74,70512.46,SL,-34.8631,3451.4447,2026
2026-03-20 13:30:00+00:00,2026-03-20 13:40:00+00:00,short,70020.7,70323.01,SL,-34.5144,3416.9302,2026
2026-03-20 14:50:00+00:00,2026-03-20 15:25:00+00:00,short,69664.66,69826.4,SL,-34.1693,3382.7609,2026
2026-03-20 16:40:00+00:00,2026-03-20 17:00:00+00:00,short,69771.65,69939.25,SL,-33.8276,3348.9333,2026
2026-03-20 17:20:00+00:00,2026-03-20 17:55:00+00:00,short,69737.12,70000.0,SL,-33.4893,3315.444,2026
2026-03-20 18:30:00+00:00,2026-03-20 19:00:00+00:00,short,69691.88,69865.47,SL,-33.1544,3282.2895,2026
2026-03-20 20:30:00+00:00,2026-03-20 20:45:00+00:00,short,69830.49,70044.61,SL,-32.8229,3249.4666,2026
2026-03-21 00:20:00+00:00,2026-03-21 01:40:00+00:00,long,70689.06,70519.66,SL,-32.4947,3216.972,2026
2026-03-21 02:25:00+00:00,2026-03-21 14:10:00+00:00,long,70644.57,71020.08,TP,64.3394,3281.3114,2026
2026-03-21 19:35:00+00:00,2026-03-21 20:35:00+00:00,short,70330.8,70480.5,SL,-32.8131,3248.4983,2026
2026-03-21 21:10:00+00:00,2026-03-21 23:45:00+00:00,short,70373.24,69591.39,TP,64.97,3313.4683,2026
2026-03-22 04:20:00+00:00,2026-03-22 07:40:00+00:00,short,69270.08,68951.59,TP,66.2694,3379.7376,2026
2026-03-22 10:40:00+00:00,2026-03-22 11:45:00+00:00,short,68620.11,68311.13,TP,67.5948,3447.3324,2026
2026-03-22 13:40:00+00:00,2026-03-22 14:10:00+00:00,short,68627.92,68780.0,SL,-34.4733,3412.8591,2026
2026-03-22 14:50:00+00:00,2026-03-22 15:05:00+00:00,short,68698.29,68852.2,SL,-34.1286,3378.7305,2026
2026-03-22 15:35:00+00:00,2026-03-22 18:35:00+00:00,short,68745.04,68462.1,TP,67.5746,3446.3051,2026
2026-03-22 21:00:00+00:00,2026-03-22 21:10:00+00:00,short,68090.59,67780.83,TP,68.9261,3515.2312,2026
2026-03-22 23:30:00+00:00,2026-03-23 00:35:00+00:00,short,68015.22,67604.19,TP,70.3046,3585.5358,2026
2026-03-23 03:25:00+00:00,2026-03-23 04:35:00+00:00,short,68204.2,68357.08,SL,-35.8554,3549.6804,2026
2026-03-23 05:55:00+00:00,2026-03-23 06:00:00+00:00,long,68899.92,68741.35,SL,-35.4968,3514.1836,2026
2026-03-23 09:00:00+00:00,2026-03-23 10:00:00+00:00,short,68304.92,68448.0,SL,-35.1418,3479.0418,2026
2026-03-23 13:40:00+00:00,2026-03-23 14:00:00+00:00,long,71219.99,71558.13,TP,69.5808,3548.6226,2026
2026-03-23 16:45:00+00:00,2026-03-23 17:20:00+00:00,long,70649.16,70463.83,SL,-35.4862,3513.1364,2026
2026-03-23 20:35:00+00:00,2026-03-23 22:00:00+00:00,long,70920.62,70610.92,SL,-35.1314,3478.005,2026
2026-03-23 22:55:00+00:00,2026-03-23 23:05:00+00:00,long,70780.22,70603.58,SL,-34.7801,3443.225,2026
2026-03-23 23:35:00+00:00,2026-03-24 01:35:00+00:00,long,70699.68,70457.72,SL,-34.4323,3408.7927,2026
2026-03-24 02:25:00+00:00,2026-03-24 04:30:00+00:00,long,70559.73,70385.64,SL,-34.0879,3374.7048,2026
2026-03-24 09:40:00+00:00,2026-03-24 11:00:00+00:00,long,71242.7,71015.7,SL,-33.747,3340.9578,2026
2026-03-24 11:45:00+00:00,2026-03-24 11:50:00+00:00,long,71281.15,71101.28,SL,-33.4096,3307.5482,2026
2026-03-24 16:30:00+00:00,2026-03-24 16:35:00+00:00,short,69727.65,69403.04,TP,66.151,3373.6992,2026
2026-03-24 19:40:00+00:00,2026-03-24 20:20:00+00:00,short,69445.56,69963.52,SL,-33.737,3339.9622,2026
2026-03-24 21:20:00+00:00,2026-03-24 21:25:00+00:00,short,69902.14,70059.91,SL,-33.3996,3306.5625,2026
2026-03-24 21:35:00+00:00,2026-03-24 22:05:00+00:00,long,70200.52,70512.41,TP,66.1312,3372.6938,2026
2026-03-24 23:20:00+00:00,2026-03-25 00:35:00+00:00,long,70542.27,70897.4,TP,67.4539,3440.1477,2026
2026-03-25 03:35:00+00:00,2026-03-25 05:05:00+00:00,long,70767.74,71209.22,TP,68.803,3508.9506,2026
2026-03-25 08:25:00+00:00,2026-03-25 08:30:00+00:00,long,71192.19,71494.94,TP,70.179,3579.1296,2026
2026-03-25 10:05:00+00:00,2026-03-25 11:15:00+00:00,long,71396.05,71698.99,TP,71.5826,3650.7122,2026
2026-03-25 13:00:00+00:00,2026-03-25 13:55:00+00:00,long,71734.08,71581.42,SL,-36.5071,3614.2051,2026
2026-03-25 17:15:00+00:00,2026-03-25 20:05:00+00:00,short,71026.32,70710.18,TP,72.2841,3686.4892,2026
2026-03-25 22:05:00+00:00,2026-03-25 22:30:00+00:00,short,70984.76,71220.61,SL,-36.8649,3649.6243,2026
2026-03-26 00:45:00+00:00,2026-03-26 00:50:00+00:00,long,71389.29,71232.4,SL,-36.4962,3613.1281,2026
2026-03-26 03:20:00+00:00,2026-03-26 03:55:00+00:00,short,70759.77,70921.47,SL,-36.1313,3576.9968,2026
2026-03-26 05:05:00+00:00,2026-03-26 05:50:00+00:00,short,70555.83,70115.31,TP,71.5399,3648.5367,2026
2026-03-26 08:20:00+00:00,2026-03-26 08:55:00+00:00,short,69874.53,70024.77,SL,-36.4854,3612.0514,2026
2026-03-26 09:30:00+00:00,2026-03-26 10:15:00+00:00,short,69469.15,69661.65,SL,-36.1205,3575.9308,2026
2026-03-26 11:25:00+00:00,2026-03-26 13:05:00+00:00,short,69321.37,69504.1,SL,-35.7593,3540.1715,2026
2026-03-26 13:35:00+00:00,2026-03-26 13:40:00+00:00,short,69317.01,69547.35,SL,-35.4017,3504.7698,2026
2026-03-26 14:45:00+00:00,2026-03-26 15:10:00+00:00,short,69437.28,68950.99,TP,70.0954,3574.8652,2026
2026-03-26 16:35:00+00:00,2026-03-26 17:00:00+00:00,short,68855.88,69007.61,SL,-35.7487,3539.1166,2026
2026-03-26 17:50:00+00:00,2026-03-26 17:55:00+00:00,short,68762.64,68486.86,TP,70.7823,3609.8989,2026
2026-03-26 21:05:00+00:00,2026-03-26 21:20:00+00:00,short,68912.9,69146.67,SL,-36.099,3573.7999,2026
2026-03-27 00:30:00+00:00,2026-03-27 01:15:00+00:00,short,68730.29,68889.68,SL,-35.738,3538.0619,2026
2026-03-27 02:35:00+00:00,2026-03-27 04:00:00+00:00,short,68938.94,68543.87,TP,70.7612,3608.8232,2026
2026-03-27 06:55:00+00:00,2026-03-27 07:10:00+00:00,short,68656.15,68851.44,SL,-36.0882,3572.7349,2026
2026-03-27 07:40:00+00:00,2026-03-27 08:25:00+00:00,short,68602.44,68239.13,TP,71.4547,3644.1896,2026
2026-03-27 10:35:00+00:00,2026-03-27 10:50:00+00:00,short,66984.09,66639.68,TP,72.8838,3717.0734,2026
2026-03-27 13:50:00+00:00,2026-03-27 14:20:00+00:00,short,66238.62,65920.89,TP,74.3415,3791.4149,2026
2026-03-27 16:00:00+00:00,2026-03-27 17:05:00+00:00,short,65950.0,66170.01,SL,-37.9141,3753.5007,2026
2026-03-27 17:30:00+00:00,2026-03-27 17:40:00+00:00,short,65898.66,65631.7,TP,75.07,3828.5707,2026
2026-03-27 20:30:00+00:00,2026-03-27 20:45:00+00:00,short,65856.91,66012.85,SL,-38.2857,3790.285,2026
2026-03-27 21:45:00+00:00,2026-03-27 23:35:00+00:00,short,66100.81,66239.28,SL,-37.9029,3752.3822,2026
2026-03-28 00:55:00+00:00,2026-03-28 01:10:00+00:00,short,66431.55,66154.94,TP,75.0476,3827.4298,2026
2026-03-28 05:05:00+00:00,2026-03-28 05:20:00+00:00,short,66221.0,66362.13,SL,-38.2743,3789.1555,2026
2026-03-28 06:45:00+00:00,2026-03-28 07:50:00+00:00,short,66365.36,66502.43,SL,-37.8916,3751.264,2026
2026-03-28 07:55:00+00:00,2026-03-28 08:40:00+00:00,long,66561.48,66421.61,SL,-37.5126,3713.7513,2026
2026-03-28 10:20:00+00:00,2026-03-28 12:10:00+00:00,short,66254.31,66406.28,SL,-37.1375,3676.6138,2026
2026-03-28 15:20:00+00:00,2026-03-28 15:25:00+00:00,long,67242.88,67028.67,SL,-36.7661,3639.8477,2026
2026-03-28 18:05:00+00:00,2026-03-28 21:45:00+00:00,long,66924.0,66777.45,SL,-36.3985,3603.4492,2026
2026-03-28 22:30:00+00:00,2026-03-28 23:05:00+00:00,long,66758.51,66583.99,SL,-36.0345,3567.4147,2026
2026-03-29 05:55:00+00:00,2026-03-29 07:00:00+00:00,long,66771.94,66606.76,SL,-35.6741,3531.7406,2026
2026-03-29 09:15:00+00:00,2026-03-29 11:15:00+00:00,short,66667.26,66810.88,SL,-35.3174,3496.4232,2026
2026-03-29 15:25:00+00:00,2026-03-29 16:15:00+00:00,short,66420.74,66632.3,SL,-34.9642,3461.4589,2026
2026-03-29 17:00:00+00:00,2026-03-29 17:20:00+00:00,short,66482.15,66200.3,TP,69.2292,3530.6881,2026
2026-03-29 19:40:00+00:00,2026-03-29 20:15:00+00:00,short,66391.74,66554.0,SL,-35.3069,3495.3812,2026
2026-03-29 21:05:00+00:00,2026-03-29 21:50:00+00:00,short,66558.3,66697.42,SL,-34.9538,3460.4274,2026
2026-03-29 22:00:00+00:00,2026-03-29 22:40:00+00:00,short,66397.06,65684.25,TP,69.2085,3529.636,2026
2026-03-30 02:40:00+00:00,2026-03-30 02:45:00+00:00,long,67038.75,67330.01,TP,70.5927,3600.2287,2026
2026-03-30 04:10:00+00:00,2026-03-30 05:05:00+00:00,long,67432.49,67752.94,TP,72.0046,3672.2333,2026
2026-03-30 07:45:00+00:00,2026-03-30 08:00:00+00:00,long,67451.52,67778.82,TP,73.4447,3745.6779,2026
2026-03-30 10:55:00+00:00,2026-03-30 12:00:00+00:00,long,67488.53,67788.74,TP,74.9136,3820.5915,2026
2026-03-30 13:20:00+00:00,2026-03-30 13:25:00+00:00,long,68030.02,67878.85,SL,-38.2059,3782.3856,2026
2026-03-30 14:55:00+00:00,2026-03-30 15:05:00+00:00,long,67799.54,67608.5,SL,-37.8239,3744.5617,2026
2026-03-30 19:05:00+00:00,2026-03-30 20:05:00+00:00,short,66440.4,66637.81,SL,-37.4456,3707.1161,2026
2026-03-30 22:05:00+00:00,2026-03-30 23:05:00+00:00,short,66739.33,66463.89,TP,74.1423,3781.2584,2026
2026-03-31 00:15:00+00:00,2026-03-31 00:25:00+00:00,short,66614.08,66815.48,SL,-37.8126,3743.4458,2026
2026-03-31 05:30:00+00:00,2026-03-31 06:05:00+00:00,long,67682.96,67546.38,SL,-37.4345,3706.0114,2026
2026-03-31 07:00:00+00:00,2026-03-31 07:10:00+00:00,long,67507.99,67294.69,SL,-37.0601,3668.9513,2026
2026-03-31 07:45:00+00:00,2026-03-31 08:30:00+00:00,long,67396.98,67145.28,SL,-36.6895,3632.2617,2026
2026-03-31 12:55:00+00:00,2026-03-31 13:05:00+00:00,short,66653.26,66805.14,SL,-36.3226,3595.9391,2026
2026-03-31 16:20:00+00:00,2026-03-31 16:30:00+00:00,long,67185.11,67032.0,SL,-35.9594,3559.9797,2026
2026-03-31 20:05:00+00:00,2026-03-31 21:50:00+00:00,long,68053.55,68379.3,TP,71.1996,3631.1793,2026
2026-03-31 23:15:00+00:00,2026-04-01 00:00:00+00:00,long,68348.57,68197.33,SL,-36.3118,3594.8675,2026
2026-04-01 00:50:00+00:00,2026-04-01 01:15:00+00:00,long,68293.43,68086.0,SL,-35.9487,3558.9189,2026
2026-04-01 03:00:00+00:00,2026-04-01 03:05:00+00:00,long,67794.98,68070.01,TP,71.1784,3630.0972,2026
2026-04-01 06:10:00+00:00,2026-04-01 06:30:00+00:00,long,68649.99,68950.01,TP,72.6019,3702.6992,2026
2026-04-01 09:50:00+00:00,2026-04-01 10:10:00+00:00,long,68651.62,68509.26,SL,-37.027,3665.6722,2026
2026-04-01 10:45:00+00:00,2026-04-01 12:30:00+00:00,long,68583.01,68415.75,SL,-36.6567,3629.0155,2026
2026-04-01 13:20:00+00:00,2026-04-01 13:40:00+00:00,long,68474.01,68114.95,SL,-36.2902,3592.7253,2026
2026-04-01 14:20:00+00:00,2026-04-01 15:20:00+00:00,long,68406.62,68800.0,TP,71.8545,3664.5798,2026
2026-04-01 16:40:00+00:00,2026-04-01 17:10:00+00:00,long,68937.66,68747.3,SL,-36.6458,3627.934,2026
2026-04-01 22:00:00+00:00,2026-04-02 00:40:00+00:00,short,68276.27,68526.06,SL,-36.2793,3591.6547,2026
2026-04-02 01:05:00+00:00,2026-04-02 01:15:00+00:00,short,68168.42,67598.0,TP,71.8331,3663.4878,2026
2026-04-02 04:40:00+00:00,2026-04-02 05:00:00+00:00,short,66287.03,66432.31,SL,-36.6349,3626.8529,2026
2026-04-02 08:15:00+00:00,2026-04-02 09:05:00+00:00,short,66684.75,66308.13,TP,72.5371,3699.39,2026
2026-04-02 10:10:00+00:00,2026-04-02 10:30:00+00:00,short,66262.53,66439.45,SL,-36.9939,3662.3961,2026
2026-04-02 11:40:00+00:00,2026-04-02 12:15:00+00:00,short,66340.0,66060.01,TP,73.2479,3735.644,2026
2026-04-02 12:55:00+00:00,2026-04-02 13:55:00+00:00,short,66052.71,66270.87,SL,-37.3564,3698.2875,2026
2026-04-02 15:30:00+00:00,2026-04-02 15:35:00+00:00,short,66783.74,66928.45,SL,-36.9829,3661.3047,2026
2026-04-02 16:40:00+00:00,2026-04-02 17:00:00+00:00,long,67172.97,66925.72,SL,-36.613,3624.6916,2026
2026-04-02 17:15:00+00:00,2026-04-02 17:30:00+00:00,long,67336.99,67028.64,SL,-36.2469,3588.4447,2026
2026-04-02 18:50:00+00:00,2026-04-02 20:00:00+00:00,long,67000.37,66849.68,SL,-35.8844,3552.5603,2026
2026-04-02 20:25:00+00:00,2026-04-02 21:00:00+00:00,long,67052.99,66901.92,SL,-35.5256,3517.0347,2026
2026-04-02 22:00:00+00:00,2026-04-03 00:15:00+00:00,long,66995.1,66844.77,SL,-35.1703,3481.8643,2026
2026-04-03 01:35:00+00:00,2026-04-03 02:15:00+00:00,short,66514.17,66707.36,SL,-34.8186,3447.0457,2026
2026-04-03 02:25:00+00:00,2026-04-03 03:05:00+00:00,short,66460.64,66604.33,SL,-34.4705,3412.5752,2026
2026-04-03 04:30:00+00:00,2026-04-03 05:30:00+00:00,short,66537.7,66721.83,SL,-34.1258,3378.4495,2026
2026-04-03 06:00:00+00:00,2026-04-03 06:35:00+00:00,short,66570.36,66719.84,SL,-33.7845,3344.665,2026
2026-04-03 10:50:00+00:00,2026-04-03 12:55:00+00:00,long,66869.66,66722.16,SL,-33.4466,3311.2183,2026
2026-04-03 16:25:00+00:00,2026-04-03 17:15:00+00:00,long,66993.14,66806.16,SL,-33.1122,3278.1061,2026
2026-04-03 18:25:00+00:00,2026-04-04 10:50:00+00:00,long,66882.24,67162.75,TP,65.5621,3343.6682,2026
2026-04-04 13:35:00+00:00,2026-04-04 14:35:00+00:00,long,67240.09,67077.28,SL,-33.4367,3310.2316,2026
2026-04-04 15:05:00+00:00,2026-04-05 01:00:00+00:00,long,67305.67,67165.66,SL,-33.1023,3277.1293,2026
2026-04-05 04:05:00+00:00,2026-04-05 06:05:00+00:00,short,67108.03,66704.81,TP,65.5426,3342.6718,2026
2026-04-05 10:10:00+00:00,2026-04-05 10:35:00+00:00,short,66975.67,67117.73,SL,-33.4267,3309.2451,2026
2026-04-05 10:55:00+00:00,2026-04-05 12:30:00+00:00,short,67046.01,66764.52,TP,66.1849,3375.43,2026
2026-04-05 13:25:00+00:00,2026-04-05 13:35:00+00:00,short,66703.66,66842.14,SL,-33.7543,3341.6757,2026
2026-04-05 17:55:00+00:00,2026-04-05 20:35:00+00:00,long,67373.64,67688.6,TP,66.8335,3408.5092,2026
2026-04-05 22:00:00+00:00,2026-04-05 22:10:00+00:00,long,67746.01,67534.8,SL,-34.0851,3374.4241,2026
2026-04-05 22:40:00+00:00,2026-04-05 22:55:00+00:00,long,67964.31,68338.43,TP,67.4885,3441.9126,2026
2026-04-06 02:15:00+00:00,2026-04-06 03:15:00+00:00,long,69255.33,69083.47,SL,-34.4191,3407.4935,2026
2026-04-06 04:45:00+00:00,2026-04-06 06:25:00+00:00,long,69151.34,68844.9,SL,-34.0749,3373.4186,2026
2026-04-06 07:20:00+00:00,2026-04-06 09:10:00+00:00,long,69086.29,69633.59,TP,67.4684,3440.8869,2026
2026-04-06 13:25:00+00:00,2026-04-06 13:35:00+00:00,long,69474.58,69306.0,SL,-34.4089,3406.4781,2026
2026-04-06 13:50:00+00:00,2026-04-06 14:00:00+00:00,long,69431.27,69202.38,SL,-34.0648,3372.4133,2026
2026-04-06 14:15:00+00:00,2026-04-06 15:30:00+00:00,long,69467.95,69759.22,TP,67.4483,3439.8616,2026
2026-04-06 18:10:00+00:00,2026-04-06 21:35:00+00:00,long,69754.97,69527.49,SL,-34.3986,3405.4629,2026
2026-04-07 01:05:00+00:00,2026-04-07 01:15:00+00:00,short,68591.15,68762.68,SL,-34.0546,3371.4083,2026
2026-04-07 01:45:00+00:00,2026-04-07 03:00:00+00:00,short,68550.0,68698.0,SL,-33.7141,3337.6942,2026
2026-04-07 04:10:00+00:00,2026-04-07 04:30:00+00:00,short,68674.44,68818.05,SL,-33.3769,3304.3173,2026
2026-04-07 05:20:00+00:00,2026-04-07 08:40:00+00:00,short,68752.46,68919.01,SL,-33.0432,3271.2741,2026
2026-04-07 13:45:00+00:00,2026-04-07 13:50:00+00:00,short,68289.2,68439.54,SL,-32.7127,3238.5614,2026
2026-04-07 19:45:00+00:00,2026-04-07 20:00:00+00:00,long,68822.34,69368.91,TP,64.7712,3303.3326,2026
2026-04-07 21:05:00+00:00,2026-04-07 21:20:00+00:00,long,69895.51,69752.56,SL,-33.0333,3270.2993,2026
2026-04-08 03:30:00+00:00,2026-04-08 05:15:00+00:00,long,71395.06,71693.57,TP,65.406,3335.7053,2026
2026-04-08 06:15:00+00:00,2026-04-08 06:55:00+00:00,long,71880.05,71732.69,SL,-33.3571,3302.3482,2026
2026-04-08 08:15:00+00:00,2026-04-08 09:40:00+00:00,long,71805.6,71593.29,SL,-33.0235,3269.3247,2026
2026-04-08 11:10:00+00:00,2026-04-08 11:35:00+00:00,long,71636.84,71488.92,SL,-32.6932,3236.6315,2026
2026-04-08 11:50:00+00:00,2026-04-08 12:55:00+00:00,long,71722.01,72071.95,TP,64.7326,3301.3641,2026
2026-04-09 00:20:00+00:00,2026-04-09 01:05:00+00:00,short,70935.55,70576.83,TP,66.0273,3367.3914,2026
2026-04-09 03:20:00+00:00,2026-04-09 08:35:00+00:00,short,70986.62,71142.41,SL,-33.6739,3333.7175,2026
2026-04-09 09:45:00+00:00,2026-04-09 11:10:00+00:00,long,71355.1,71193.88,SL,-33.3372,3300.3803,2026
2026-04-09 12:25:00+00:00,2026-04-09 13:10:00+00:00,long,71275.99,71114.55,SL,-33.0038,3267.3765,2026
2026-04-09 17:10:00+00:00,2026-04-09 17:30:00+00:00,long,72481.24,72183.26,SL,-32.6738,3234.7027,2026
2026-04-09 19:40:00+00:00,2026-04-09 20:30:00+00:00,long,72116.21,72436.32,TP,64.6941,3299.3968,2026
2026-04-09 22:10:00+00:00,2026-04-09 22:15:00+00:00,long,72512.39,72810.0,TP,65.9879,3365.3847,2026
2026-04-10 00:10:00+00:00,2026-04-10 00:15:00+00:00,long,71816.0,71623.3,SL,-33.6538,3331.7309,2026
2026-04-10 00:25:00+00:00,2026-04-10 01:30:00+00:00,long,71836.95,72173.48,TP,66.6346,3398.3655,2026
2026-04-10 04:05:00+00:00,2026-04-10 05:20:00+00:00,long,71929.41,72222.53,TP,67.9673,3466.3328,2026
2026-04-10 10:25:00+00:00,2026-04-10 10:50:00+00:00,short,71730.82,71899.89,SL,-34.6633,3431.6695,2026
2026-04-10 12:40:00+00:00,2026-04-10 13:30:00+00:00,long,72315.35,72102.62,SL,-34.3167,3397.3528,2026
2026-04-10 14:00:00+00:00,2026-04-10 14:15:00+00:00,long,72432.86,72758.57,TP,67.9471,3465.2998,2026
2026-04-10 16:50:00+00:00,2026-04-10 19:55:00+00:00,long,72903.22,73236.11,TP,69.306,3534.6058,2026
2026-04-10 20:50:00+00:00,2026-04-10 21:10:00+00:00,long,73279.0,73079.24,SL,-35.3461,3499.2598,2026
2026-04-10 23:30:00+00:00,2026-04-11 01:15:00+00:00,long,72897.87,72736.96,SL,-34.9926,3464.2672,2026
2026-04-11 01:30:00+00:00,2026-04-11 04:15:00+00:00,long,72900.28,72734.36,SL,-34.6427,3429.6245,2026
2026-04-11 05:25:00+00:00,2026-04-11 06:05:00+00:00,long,72810.15,72662.15,SL,-34.2962,3395.3283,2026
2026-04-11 07:50:00+00:00,2026-04-11 09:20:00+00:00,short,72696.91,72849.11,SL,-33.9533,3361.375,2026
2026-04-11 11:50:00+00:00,2026-04-11 13:05:00+00:00,long,72911.99,72752.17,SL,-33.6138,3327.7612,2026
2026-04-11 18:25:00+00:00,2026-04-11 18:35:00+00:00,long,73196.53,73582.51,TP,66.5552,3394.3164,2026
2026-04-11 21:40:00+00:00,2026-04-11 22:35:00+00:00,long,73437.07,73289.72,SL,-33.9432,3360.3733,2026
2026-04-12 01:30:00+00:00,2026-04-12 01:35:00+00:00,short,72606.01,72242.03,TP,67.2075,3427.5807,2026
2026-04-12 06:50:00+00:00,2026-04-12 12:05:00+00:00,short,71658.91,71368.24,TP,68.5516,3496.1324,2026
2026-04-12 12:30:00+00:00,2026-04-12 13:00:00+00:00,short,71357.04,71010.01,TP,69.9226,3566.055,2026
2026-04-12 14:45:00+00:00,2026-04-12 15:50:00+00:00,short,70770.01,70916.79,SL,-35.6606,3530.3945,2026
2026-04-12 18:45:00+00:00,2026-04-12 20:40:00+00:00,short,71118.45,71321.85,SL,-35.3039,3495.0905,2026
2026-04-12 21:45:00+00:00,2026-04-12 22:00:00+00:00,short,71225.1,70752.6,TP,69.9018,3564.9923,2026
2026-04-12 23:45:00+00:00,2026-04-12 23:55:00+00:00,short,70594.68,70740.98,SL,-35.6499,3529.3424,2026
2026-04-13 01:45:00+00:00,2026-04-13 05:05:00+00:00,short,71138.86,70817.47,TP,70.5868,3599.9293,2026
2026-04-13 07:10:00+00:00,2026-04-13 08:40:00+00:00,short,70896.13,70600.01,TP,71.9986,3671.9278,2026
2026-04-13 10:50:00+00:00,2026-04-13 11:10:00+00:00,short,70722.13,70870.78,SL,-36.7193,3635.2086,2026
2026-04-13 12:25:00+00:00,2026-04-13 12:50:00+00:00,short,70862.06,71208.05,SL,-36.3521,3598.8565,2026
2026-04-13 13:35:00+00:00,2026-04-13 13:40:00+00:00,short,70845.26,71038.44,SL,-35.9886,3562.8679,2026
2026-04-13 13:45:00+00:00,2026-04-13 14:40:00+00:00,long,71616.45,71989.14,TP,71.2574,3634.1253,2026
2026-04-13 16:20:00+00:00,2026-04-13 19:15:00+00:00,long,72222.87,72542.56,TP,72.6825,3706.8078,2026
2026-04-13 22:10:00+00:00,2026-04-13 22:15:00+00:00,long,73753.26,74188.8,TP,74.1362,3780.9439,2026
2026-04-14 01:50:00+00:00,2026-04-14 05:50:00+00:00,long,74404.6,74220.88,SL,-37.8094,3743.1345,2026
2026-04-14 06:15:00+00:00,2026-04-14 07:05:00+00:00,long,74399.99,74917.65,TP,74.8627,3817.9972,2026
2026-04-14 08:30:00+00:00,2026-04-14 08:40:00+00:00,long,74806.67,74653.38,SL,-38.18,3779.8172,2026
2026-04-14 11:45:00+00:00,2026-04-14 13:30:00+00:00,long,74422.6,74743.36,TP,75.5963,3855.4136,2026
2026-04-14 15:50:00+00:00,2026-04-14 16:20:00+00:00,long,75433.2,75214.0,SL,-38.5541,3816.8594,2026
2026-04-14 18:00:00+00:00,2026-04-14 18:20:00+00:00,long,74768.28,74491.47,SL,-38.1686,3778.6908,2026
2026-04-14 18:30:00+00:00,2026-04-14 18:45:00+00:00,short,74419.41,73857.55,TP,75.5738,3854.2646,2026
2026-04-14 21:30:00+00:00,2026-04-14 21:50:00+00:00,short,74051.01,74213.57,SL,-38.5426,3815.722,2026
2026-04-14 22:25:00+00:00,2026-04-14 22:50:00+00:00,short,73911.82,74070.74,SL,-38.1572,3777.5648,2026
2026-04-15 05:10:00+00:00,2026-04-15 05:35:00+00:00,short,74207.36,73888.01,TP,75.5513,3853.1161,2026
2026-04-15 07:15:00+00:00,2026-04-15 08:10:00+00:00,short,73639.27,73846.59,SL,-38.5312,3814.5849,2026
2026-04-15 09:30:00+00:00,2026-04-15 10:05:00+00:00,short,73930.97,74134.38,SL,-38.1458,3776.4391,2026
2026-04-15 10:20:00+00:00,2026-04-15 11:50:00+00:00,short,73979.09,74222.75,SL,-37.7644,3738.6747,2026
2026-04-15 14:20:00+00:00,2026-04-15 14:35:00+00:00,long,74426.29,73996.62,SL,-37.3867,3701.2879,2026
2026-04-15 14:40:00+00:00,2026-04-15 14:50:00+00:00,short,73962.75,74154.47,SL,-37.0129,3664.275,2026
2026-04-15 15:10:00+00:00,2026-04-15 15:20:00+00:00,long,74275.11,74044.18,SL,-36.6427,3627.6323,2026
2026-04-15 16:50:00+00:00,2026-04-15 17:00:00+00:00,short,73842.77,74073.59,SL,-36.2763,3591.356,2026
2026-04-15 22:00:00+00:00,2026-04-15 23:00:00+00:00,long,74999.24,74820.01,SL,-35.9136,3555.4424,2026
2026-04-16 00:35:00+00:00,2026-04-16 01:05:00+00:00,long,74774.37,74595.99,SL,-35.5544,3519.888,2026
2026-04-16 01:40:00+00:00,2026-04-16 02:35:00+00:00,long,74688.0,75048.63,TP,70.3978,3590.2857,2026
2026-04-16 04:40:00+00:00,2026-04-16 04:45:00+00:00,long,75109.36,74826.01,SL,-35.9029,3554.3829,2026
2026-04-16 05:20:00+00:00,2026-04-16 07:30:00+00:00,long,75045.78,74888.7,SL,-35.5438,3518.8391,2026
2026-04-16 09:50:00+00:00,2026-04-16 10:45:00+00:00,short,74649.99,74277.34,TP,70.3768,3589.2158,2026
2026-04-16 12:55:00+00:00,2026-04-16 13:10:00+00:00,short,74624.0,74819.06,SL,-35.8922,3553.3237,2026
2026-04-16 13:40:00+00:00,2026-04-16 13:50:00+00:00,short,74601.26,73432.33,TP,71.0665,3624.3902,2026
2026-04-16 16:30:00+00:00,2026-04-16 17:10:00+00:00,short,74312.01,73963.24,TP,72.4878,3696.878,2026
2026-04-16 23:05:00+00:00,2026-04-17 01:20:00+00:00,long,74989.24,74683.71,SL,-36.9688,3659.9092,2026
2026-04-17 05:05:00+00:00,2026-04-17 06:10:00+00:00,short,74593.79,74757.62,SL,-36.5991,3623.3101,2026
2026-04-17 08:30:00+00:00,2026-04-17 08:50:00+00:00,long,75351.97,75760.77,TP,72.4662,3695.7763,2026
2026-04-17 11:30:00+00:00,2026-04-17 11:40:00+00:00,long,75555.49,75391.7,SL,-36.9578,3658.8185,2026
2026-04-17 18:40:00+00:00,2026-04-17 18:50:00+00:00,long,77377.45,77180.3,SL,-36.5882,3622.2303,2026
2026-04-17 19:10:00+00:00,2026-04-17 20:00:00+00:00,long,77233.44,77562.95,TP,72.4446,3694.6749,2026
2026-04-17 21:10:00+00:00,2026-04-17 23:05:00+00:00,long,77381.04,77211.0,SL,-36.9467,3657.7282,2026
2026-04-18 00:00:00+00:00,2026-04-18 00:40:00+00:00,long,77175.63,77018.01,SL,-36.5773,3621.1509,2026
2026-04-18 02:10:00+00:00,2026-04-18 03:50:00+00:00,long,77294.67,77009.97,SL,-36.2115,3584.9394,2026
2026-04-18 04:50:00+00:00,2026-04-18 08:10:00+00:00,long,77090.94,76803.51,SL,-35.8494,3549.09,2026
2026-04-18 10:05:00+00:00,2026-04-18 11:35:00+00:00,short,76260.01,75826.46,TP,70.9818,3620.0718,2026
2026-04-18 13:30:00+00:00,2026-04-18 14:10:00+00:00,short,75999.29,76169.33,SL,-36.2007,3583.8711,2026
2026-04-18 15:35:00+00:00,2026-04-18 17:05:00+00:00,short,76186.85,75868.16,TP,71.6774,3655.5485,2026
2026-04-18 18:00:00+00:00,2026-04-19 03:00:00+00:00,short,75773.13,75456.98,TP,73.111,3728.6595,2026
2026-04-19 04:40:00+00:00,2026-04-19 07:05:00+00:00,short,75535.22,75230.31,TP,74.5732,3803.2327,2026
2026-04-19 09:20:00+00:00,2026-04-19 10:50:00+00:00,short,75042.49,75195.11,SL,-38.0323,3765.2003,2026
2026-04-19 12:25:00+00:00,2026-04-19 13:00:00+00:00,short,75520.0,75676.43,SL,-37.652,3727.5483,2026
2026-04-19 13:05:00+00:00,2026-04-19 14:45:00+00:00,long,75770.0,76096.0,TP,74.551,3802.0993,2026
2026-04-19 20:15:00+00:00,2026-04-19 20:30:00+00:00,short,74680.0,74863.24,SL,-38.021,3764.0783,2026
2026-04-19 20:40:00+00:00,2026-04-19 20:50:00+00:00,short,74537.0,74698.62,SL,-37.6408,3726.4375,2026
2026-04-19 21:50:00+00:00,2026-04-19 22:00:00+00:00,short,74405.61,73886.32,TP,74.5288,3800.9663,2026
2026-04-20 02:10:00+00:00,2026-04-20 03:40:00+00:00,short,74393.71,74575.64,SL,-38.0097,3762.9566,2026
2026-04-20 04:10:00+00:00,2026-04-20 05:20:00+00:00,short,74506.78,74150.0,TP,75.2591,3838.2158,2026
2026-04-20 09:10:00+00:00,2026-04-20 10:10:00+00:00,long,75032.24,75342.96,TP,76.7643,3914.9801,2026
2026-04-20 12:10:00+00:00,2026-04-20 13:00:00+00:00,long,75354.1,75201.62,SL,-39.1498,3875.8303,2026
2026-04-20 14:20:00+00:00,2026-04-20 14:40:00+00:00,long,75524.11,75329.8,SL,-38.7583,3837.072,2026
2026-04-20 15:25:00+00:00,2026-04-20 15:30:00+00:00,long,75754.4,75576.28,SL,-38.3707,3798.7012,2026
2026-04-20 17:10:00+00:00,2026-04-20 18:00:00+00:00,long,75644.87,76071.4,TP,75.974,3874.6753,2026
2026-04-20 18:50:00+00:00,2026-04-20 19:15:00+00:00,long,76408.24,76232.01,SL,-38.7468,3835.9285,2026
2026-04-20 22:05:00+00:00,2026-04-20 23:00:00+00:00,long,76052.48,75818.4,SL,-38.3593,3797.5692,2026
2026-04-20 23:45:00+00:00,2026-04-21 01:05:00+00:00,long,75866.01,76180.01,TP,75.9514,3873.5206,2026
2026-04-21 06:30:00+00:00,2026-04-21 07:00:00+00:00,long,76066.69,75888.93,SL,-38.7352,3834.7854,2026
2026-04-21 08:20:00+00:00,2026-04-21 08:45:00+00:00,long,76332.1,76659.01,TP,76.6957,3911.4811,2026
2026-04-21 10:20:00+00:00,2026-04-21 11:10:00+00:00,long,76572.0,76405.37,SL,-39.1148,3872.3663,2026
2026-04-21 15:00:00+00:00,2026-04-21 15:15:00+00:00,short,75676.3,75979.01,SL,-38.7237,3833.6426,2026
2026-04-21 17:00:00+00:00,2026-04-21 17:15:00+00:00,short,75742.38,75101.3,TP,76.6729,3910.3155,2026
2026-04-21 19:35:00+00:00,2026-04-21 19:40:00+00:00,short,75255.19,74866.0,TP,78.2063,3988.5218,2026
2026-04-21 21:25:00+00:00,2026-04-21 23:00:00+00:00,short,75577.84,75757.37,SL,-39.8852,3948.6366,2026
2026-04-22 02:10:00+00:00,2026-04-22 02:25:00+00:00,long,76739.94,77239.56,TP,78.9727,4027.6093,2026
2026-04-22 05:20:00+00:00,2026-04-22 05:35:00+00:00,long,78225.33,78034.37,SL,-40.2761,3987.3332,2026
2026-04-22 08:05:00+00:00,2026-04-22 08:40:00+00:00,long,78106.14,77944.2,SL,-39.8733,3947.4599,2026
2026-04-22 09:25:00+00:00,2026-04-22 09:50:00+00:00,long,78157.12,77999.86,SL,-39.4746,3907.9853,2026
2026-04-22 10:30:00+00:00,2026-04-22 13:40:00+00:00,long,78167.84,78616.93,TP,78.1597,3986.145,2026
2026-04-22 15:35:00+00:00,2026-04-22 16:20:00+00:00,long,79259.99,78989.91,SL,-39.8614,3946.2836,2026
2026-04-22 17:50:00+00:00,2026-04-22 19:00:00+00:00,long,78994.4,78785.89,SL,-39.4628,3906.8207,2026
2026-04-22 19:25:00+00:00,2026-04-22 19:40:00+00:00,long,79027.6,78860.1,SL,-39.0682,3867.7525,2026
2026-04-22 21:15:00+00:00,2026-04-22 23:20:00+00:00,long,78575.77,78240.89,SL,-38.6775,3829.075,2026
2026-04-23 01:15:00+00:00,2026-04-23 01:45:00+00:00,short,78150.0,78382.63,SL,-38.2908,3790.7842,2026
2026-04-23 02:15:00+00:00,2026-04-23 03:10:00+00:00,short,78106.01,77725.09,TP,75.8157,3866.5999,2026
2026-04-23 05:35:00+00:00,2026-04-23 05:45:00+00:00,short,77794.13,77985.13,SL,-38.666,3827.9339,2026
2026-04-23 10:05:00+00:00,2026-04-23 11:00:00+00:00,short,77300.0,77495.3,SL,-38.2793,3789.6546,2026
2026-04-23 13:10:00+00:00,2026-04-23 14:30:00+00:00,short,77661.49,77822.0,SL,-37.8965,3751.758,2026
2026-04-23 18:05:00+00:00,2026-04-23 18:55:00+00:00,long,77961.94,77678.65,SL,-37.5176,3714.2405,2026
2026-04-23 19:00:00+00:00,2026-04-23 19:15:00+00:00,short,77625.72,77828.58,SL,-37.1424,3677.0981,2026
2026-04-23 19:30:00+00:00,2026-04-23 20:05:00+00:00,short,77704.58,77898.09,SL,-36.771,3640.3271,2026
2026-04-24 00:10:00+00:00,2026-04-24 01:15:00+00:00,long,78295.92,78078.94,SL,-36.4033,3603.9238,2026
2026-04-24 01:50:00+00:00,2026-04-24 02:50:00+00:00,long,78396.15,78146.01,SL,-36.0392,3567.8846,2026
2026-04-24 04:35:00+00:00,2026-04-24 04:45:00+00:00,short,77576.0,77735.27,SL,-35.6788,3532.2057,2026
2026-04-24 06:55:00+00:00,2026-04-24 09:05:00+00:00,short,77789.75,77441.97,TP,70.6441,3602.8498,2026
2026-04-24 14:55:00+00:00,2026-04-24 15:00:00+00:00,long,78037.64,77850.0,SL,-36.0285,3566.8213,2026
2026-04-24 15:05:00+00:00,2026-04-24 15:20:00+00:00,short,77632.04,77819.34,SL,-35.6682,3531.1531,2026
2026-04-24 15:40:00+00:00,2026-04-24 16:10:00+00:00,long,77983.7,77792.45,SL,-35.3115,3495.8416,2026
2026-04-24 16:20:00+00:00,2026-04-24 18:15:00+00:00,short,77746.47,77415.79,TP,69.9168,3565.7584,2026
2026-04-24 20:20:00+00:00,2026-04-24 20:55:00+00:00,short,77513.52,77718.31,SL,-35.6576,3530.1008,2026
2026-04-24 21:30:00+00:00,2026-04-24 22:35:00+00:00,short,77614.32,77303.31,TP,70.602,3600.7029,2026
2026-04-25 00:25:00+00:00,2026-04-25 01:10:00+00:00,short,77318.99,77514.19,SL,-36.007,3564.6958,2026
2026-04-25 03:05:00+00:00,2026-04-25 09:50:00+00:00,short,77600.0,77761.35,SL,-35.647,3529.0489,2026
2026-04-25 13:10:00+00:00,2026-04-25 15:50:00+00:00,long,77645.35,77332.07,SL,-35.2905,3493.7584,2026
