entry_time,exit_time,direction,entry,exit,result,pnl,capital
2025-04-25 18:05:00+00:00,2025-04-25 18:40:00+00:00,long,94727.41,95194.95,TP,2.0,102.0
2025-04-25 19:50:00+00:00,2025-04-25 20:20:00+00:00,long,95231.99,94973.3,SL,-1.02,100.98
2025-04-25 22:10:00+00:00,2025-04-26 00:30:00+00:00,long,94803.11,94609.45,SL,-1.0098,99.9702
2025-04-26 00:50:00+00:00,2025-04-26 04:00:00+00:00,long,94928.57,94720.28,SL,-0.9997,98.9705
2025-04-27 00:15:00+00:00,2025-04-27 01:20:00+00:00,long,94979.99,94698.45,SL,-0.9897,97.9808
2025-04-27 12:00:00+00:00,2025-04-27 14:15:00+00:00,short,93912.8,94173.91,SL,-0.9798,97.001
2025-04-27 14:50:00+00:00,2025-04-27 18:10:00+00:00,short,93962.41,94157.41,SL,-0.97,96.031
2025-04-27 23:45:00+00:00,2025-04-28 01:15:00+00:00,short,93709.98,93234.33,TP,1.9206,97.9516
2025-04-28 10:35:00+00:00,2025-04-28 13:30:00+00:00,long,95140.0,94794.0,SL,-0.9795,96.9721
2025-04-28 14:25:00+00:00,2025-04-28 14:30:00+00:00,long,94644.68,94384.4,SL,-0.9697,96.0024
2025-04-28 14:35:00+00:00,2025-04-28 14:50:00+00:00,long,94615.2,94416.0,SL,-0.96,95.0423
2025-04-28 22:00:00+00:00,2025-04-28 23:05:00+00:00,long,94552.02,94990.0,TP,1.9008,96.9432
2025-04-29 01:05:00+00:00,2025-04-29 01:10:00+00:00,long,95239.91,95034.92,SL,-0.9694,95.9737
2025-04-29 01:40:00+00:00,2025-04-29 01:50:00+00:00,long,95255.74,95005.24,SL,-0.9597,95.014
2025-04-29 03:30:00+00:00,2025-04-29 04:45:00+00:00,long,94717.92,94434.92,SL,-0.9501,94.0639
2025-04-29 11:10:00+00:00,2025-04-29 12:20:00+00:00,long,95200.0,94926.74,SL,-0.9406,93.1232
2025-04-29 13:50:00+00:00,2025-04-29 16:30:00+00:00,long,94911.43,95365.96,TP,1.8625,94.9857
2025-04-29 17:25:00+00:00,2025-04-29 20:15:00+00:00,long,95221.19,95014.03,SL,-0.9499,94.0358
2025-04-30 02:40:00+00:00,2025-04-30 11:25:00+00:00,long,94710.9,95114.22,TP,1.8807,95.9166
2025-04-30 16:15:00+00:00,2025-04-30 16:35:00+00:00,short,93662.12,94004.5,SL,-0.9592,94.9574
2025-04-30 18:35:00+00:00,2025-04-30 20:00:00+00:00,short,94076.81,94288.13,SL,-0.4748,94.4826
2025-05-01 04:55:00+00:00,2025-05-01 09:20:00+00:00,long,94860.51,95348.91,TP,0.4724,94.955
2025-05-01 12:45:00+00:00,2025-05-01 13:35:00+00:00,long,96409.99,96186.0,SL,-0.4748,94.4802
2025-05-01 14:25:00+00:00,2025-05-01 14:55:00+00:00,long,96404.01,96827.99,TP,0.9448,95.425
2025-05-01 16:35:00+00:00,2025-05-01 16:50:00+00:00,long,97326.91,97096.33,SL,-0.4771,94.9479
2025-05-01 18:45:00+00:00,2025-05-01 19:05:00+00:00,long,96908.57,96580.0,SL,-0.4747,94.4732
2025-05-01 19:45:00+00:00,2025-05-01 20:00:00+00:00,long,96611.12,96326.01,SL,-0.4724,94.0008
2025-05-01 20:10:00+00:00,2025-05-01 20:45:00+00:00,long,96724.0,96493.55,SL,-0.47,93.5308
2025-05-01 21:10:00+00:00,2025-05-01 21:55:00+00:00,long,96697.0,96464.55,SL,-0.4677,93.0632
2025-05-01 23:45:00+00:00,2025-05-02 00:20:00+00:00,long,96399.99,96801.58,TP,0.9306,93.9938
2025-05-02 03:00:00+00:00,2025-05-02 05:15:00+00:00,long,97065.57,96852.06,SL,-0.47,93.5238
2025-05-02 06:25:00+00:00,2025-05-02 07:00:00+00:00,long,96820.75,96572.01,SL,-0.4676,93.0562
2025-05-02 07:20:00+00:00,2025-05-02 07:35:00+00:00,long,96635.35,96424.23,SL,-0.4653,92.5909
2025-05-02 09:45:00+00:00,2025-05-02 12:50:00+00:00,long,96701.24,97107.99,TP,0.9259,93.5168
2025-05-02 14:15:00+00:00,2025-05-02 14:35:00+00:00,long,96978.23,97604.0,TP,0.9352,94.452
2025-05-02 16:10:00+00:00,2025-05-02 16:55:00+00:00,long,97613.2,97348.69,SL,-0.9445,93.5075
2025-05-02 18:00:00+00:00,2025-05-02 18:50:00+00:00,long,97467.47,97266.0,SL,-0.9351,92.5724
2025-05-03 14:35:00+00:00,2025-05-03 17:15:00+00:00,short,96330.5,95917.79,TP,0.9257,93.4981
2025-05-03 20:30:00+00:00,2025-05-03 23:30:00+00:00,short,96301.02,95880.35,TP,1.87,95.3681
2025-05-04 00:35:00+00:00,2025-05-04 01:50:00+00:00,short,95786.23,95991.6,SL,-0.9537,94.4144
2025-05-04 02:40:00+00:00,2025-05-04 06:00:00+00:00,short,95919.99,96134.46,SL,-0.9441,93.4703
2025-05-04 06:25:00+00:00,2025-05-04 08:30:00+00:00,short,95947.42,95488.61,TP,1.8694,95.3397
2025-05-04 09:55:00+00:00,2025-05-04 20:25:00+00:00,short,95485.01,95717.4,SL,-0.9534,94.3863
2025-05-05 01:20:00+00:00,2025-05-05 01:30:00+00:00,short,94313.01,93914.84,TP,1.8877,96.274
2025-05-05 03:25:00+00:00,2025-05-05 04:15:00+00:00,short,94016.61,94280.17,SL,-0.9627,95.3113
2025-05-05 06:45:00+00:00,2025-05-05 10:35:00+00:00,short,94662.01,94160.54,TP,1.9062,97.2175
2025-05-05 13:30:00+00:00,2025-05-05 15:05:00+00:00,short,94108.0,93656.99,TP,2.9165,100.134
2025-05-06 01:40:00+00:00,2025-05-06 04:50:00+00:00,short,94382.83,94573.58,SL,-1.502,98.632
2025-05-06 05:15:00+00:00,2025-05-06 08:25:00+00:00,short,94425.43,94036.67,TP,2.959,101.591
2025-05-06 09:35:00+00:00,2025-05-06 11:50:00+00:00,short,94136.77,93723.53,TP,3.0477,104.6387
2025-05-06 13:10:00+00:00,2025-05-06 13:40:00+00:00,short,93735.53,93952.68,SL,-1.5696,103.0691
2025-05-06 13:50:00+00:00,2025-05-06 14:00:00+00:00,short,93465.62,93955.7,SL,-1.546,101.5231
2025-05-06 15:05:00+00:00,2025-05-06 15:10:00+00:00,short,94086.91,94330.1,SL,-1.5228,100.0002
2025-05-07 00:20:00+00:00,2025-05-07 00:30:00+00:00,long,97384.0,97150.79,SL,-1.5,98.5002
2025-05-07 03:50:00+00:00,2025-05-07 05:35:00+00:00,long,96557.26,96334.99,SL,-1.4775,97.0227
2025-05-07 08:30:00+00:00,2025-05-07 13:15:00+00:00,long,96979.76,96783.3,SL,-1.4553,95.5674
2025-05-07 13:40:00+00:00,2025-05-07 13:45:00+00:00,long,97231.84,96895.94,SL,-1.4335,94.1339
2025-05-07 16:50:00+00:00,2025-05-07 17:15:00+00:00,long,96922.01,96674.61,SL,-1.412,92.7219
2025-05-07 18:30:00+00:00,2025-05-07 18:40:00+00:00,long,96767.19,96397.89,SL,-0.9272,91.7946
2025-05-08 00:55:00+00:00,2025-05-08 02:15:00+00:00,long,97770.01,98187.67,TP,0.9179,92.7126
2025-05-08 04:00:00+00:00,2025-05-08 04:50:00+00:00,long,99236.98,98982.58,SL,-0.9271,91.7855
2025-05-08 06:45:00+00:00,2025-05-08 07:25:00+00:00,long,98905.06,99319.47,TP,1.8357,93.6212
2025-05-08 13:20:00+00:00,2025-05-08 13:45:00+00:00,long,99370.21,99118.86,SL,-0.9362,92.685
2025-05-08 14:00:00+00:00,2025-05-08 14:10:00+00:00,long,99373.38,99174.6,SL,-0.9268,91.7581
2025-05-08 20:00:00+00:00,2025-05-08 20:35:00+00:00,long,101485.99,102191.28,TP,0.9176,92.6757
2025-05-09 01:45:00+00:00,2025-05-09 02:30:00+00:00,long,102893.32,102686.54,SL,-0.9268,91.7489
2025-05-09 04:05:00+00:00,2025-05-09 06:20:00+00:00,long,102619.04,103087.71,TP,0.9175,92.6664
2025-05-09 10:00:00+00:00,2025-05-09 10:45:00+00:00,long,102887.61,103355.99,TP,0.9267,93.5931
2025-05-09 12:30:00+00:00,2025-05-09 12:55:00+00:00,long,103133.03,102899.99,SL,-0.9359,92.6572
2025-05-09 13:10:00+00:00,2025-05-09 13:45:00+00:00,long,103149.99,103710.0,TP,0.9266,93.5837
2025-05-09 16:20:00+00:00,2025-05-09 16:45:00+00:00,long,102860.01,102582.68,SL,-0.4679,93.1158
2025-05-09 17:05:00+00:00,2025-05-09 18:30:00+00:00,long,102841.7,103268.65,TP,0.9312,94.047
2025-05-09 20:00:00+00:00,2025-05-09 21:10:00+00:00,long,103247.52,103007.55,SL,-0.9405,93.1065
2025-05-09 22:05:00+00:00,2025-05-09 22:55:00+00:00,long,103016.0,102784.66,SL,-0.9311,92.1754
2025-05-09 23:20:00+00:00,2025-05-10 05:55:00+00:00,long,102914.99,103361.0,TP,1.8435,94.0189
2025-05-10 08:25:00+00:00,2025-05-10 08:50:00+00:00,long,104000.0,103637.23,SL,-1.4103,92.6087
2025-05-10 09:40:00+00:00,2025-05-10 11:30:00+00:00,long,103744.88,103505.49,SL,-1.3891,91.2195
2025-05-10 12:10:00+00:00,2025-05-10 15:35:00+00:00,long,103605.56,103337.5,SL,-1.3683,89.8512
2025-05-10 23:10:00+00:00,2025-05-10 23:15:00+00:00,long,103988.99,104724.0,TP,2.6955,92.5468
2025-05-11 03:25:00+00:00,2025-05-11 06:40:00+00:00,long,104000.0,103765.79,SL,-1.3882,91.1586
2025-05-11 10:20:00+00:00,2025-05-11 13:55:00+00:00,long,104460.32,103959.99,SL,-1.3674,89.7912
2025-05-11 14:40:00+00:00,2025-05-11 15:50:00+00:00,long,104242.25,103929.13,SL,-1.3469,88.4443
2025-05-11 21:50:00+00:00,2025-05-11 22:00:00+00:00,long,104343.95,103982.86,SL,-0.8844,87.5599
2025-05-12 09:35:00+00:00,2025-05-12 10:05:00+00:00,long,104513.19,104247.49,SL,-0.8756,86.6843
2025-05-12 10:35:00+00:00,2025-05-12 11:40:00+00:00,long,104535.0,104164.34,SL,-0.8668,85.8174
2025-05-12 17:45:00+00:00,2025-05-12 18:05:00+00:00,short,102588.07,101876.67,TP,0.8582,86.6756
2025-05-12 21:25:00+00:00,2025-05-12 21:35:00+00:00,short,102354.13,102571.42,SL,-0.8668,85.8089
2025-05-12 23:35:00+00:00,2025-05-13 00:40:00+00:00,short,102847.1,102246.65,TP,0.8581,86.6669
2025-05-13 01:35:00+00:00,2025-05-13 01:50:00+00:00,short,102261.21,102499.99,SL,-0.4333,86.2336
2025-05-13 02:10:00+00:00,2025-05-13 03:25:00+00:00,short,102095.46,101602.31,TP,0.8623,87.0959
2025-05-13 05:30:00+00:00,2025-05-13 06:00:00+00:00,short,102354.83,102657.55,SL,-0.4355,86.6605
2025-05-13 08:20:00+00:00,2025-05-13 09:00:00+00:00,short,102613.26,102824.24,SL,-0.4333,86.2272
2025-05-13 15:05:00+00:00,2025-05-13 16:10:00+00:00,long,103471.79,104314.44,TP,0.8623,87.0894
2025-05-13 17:45:00+00:00,2025-05-13 19:30:00+00:00,long,104207.58,104687.38,TP,0.8709,87.9603
2025-05-13 23:40:00+00:00,2025-05-14 00:20:00+00:00,long,104147.61,103882.39,SL,-0.8796,87.0807
2025-05-14 01:00:00+00:00,2025-05-14 02:00:00+00:00,long,103899.99,103676.47,SL,-0.4354,86.6453
2025-05-14 13:30:00+00:00,2025-05-14 13:40:00+00:00,long,104264.88,103712.79,SL,-0.4332,86.2121
2025-05-14 19:45:00+00:00,2025-05-14 20:50:00+00:00,short,103441.78,103650.79,SL,-0.4311,85.781
2025-05-14 21:30:00+00:00,2025-05-15 00:15:00+00:00,short,103529.62,103809.52,SL,-0.4289,85.3521
2025-05-15 03:15:00+00:00,2025-05-15 05:30:00+00:00,short,102878.56,102460.31,TP,0.8535,86.2056
2025-05-15 06:40:00+00:00,2025-05-15 07:55:00+00:00,short,102190.47,101779.99,TP,0.8621,87.0677
2025-05-15 09:20:00+00:00,2025-05-15 11:15:00+00:00,short,101939.99,102276.38,SL,-0.8707,86.197
2025-05-15 23:35:00+00:00,2025-05-16 01:00:00+00:00,long,103838.16,103619.99,SL,-0.862,85.3351
2025-05-16 01:35:00+00:00,2025-05-16 04:40:00+00:00,long,104072.52,103830.51,SL,-0.8534,84.4817
2025-05-16 05:10:00+00:00,2025-05-16 07:50:00+00:00,long,103997.62,103761.9,SL,-0.8448,83.6369
2025-05-16 15:00:00+00:00,2025-05-16 16:00:00+00:00,long,104028.62,104480.0,TP,1.6727,85.3096
2025-05-16 17:15:00+00:00,2025-05-16 17:35:00+00:00,long,104281.78,103961.51,SL,-0.8531,84.4565
2025-05-16 19:35:00+00:00,2025-05-16 20:45:00+00:00,long,103803.55,103557.4,SL,-0.8446,83.612
2025-05-17 04:45:00+00:00,2025-05-17 09:15:00+00:00,short,103493.61,103073.89,TP,0.8361,84.4481
2025-05-17 11:10:00+00:00,2025-05-17 11:35:00+00:00,short,102767.25,103007.37,SL,-0.8445,83.6036
2025-05-17 12:55:00+00:00,2025-05-17 14:50:00+00:00,short,102927.57,103169.28,SL,-0.418,83.1856
2025-05-17 15:40:00+00:00,2025-05-17 20:50:00+00:00,short,103056.92,103406.75,SL,-0.4159,82.7697
2025-05-18 07:20:00+00:00,2025-05-18 08:05:00+00:00,long,103594.11,104036.0,TP,0.8277,83.5974
2025-05-18 11:20:00+00:00,2025-05-18 13:40:00+00:00,long,103906.81,104459.99,TP,0.836,84.4333
2025-05-18 17:05:00+00:00,2025-05-18 17:25:00+00:00,long,105811.18,105550.0,SL,-0.4222,84.0112
2025-05-18 19:00:00+00:00,2025-05-18 19:30:00+00:00,long,104542.08,104231.57,SL,-0.4201,83.5911
2025-05-18 22:20:00+00:00,2025-05-18 22:30:00+00:00,long,104702.02,105176.39,TP,0.8359,84.427
2025-05-19 02:35:00+00:00,2025-05-19 02:50:00+00:00,long,104970.22,104610.95,SL,-0.8443,83.5827
2025-05-19 09:05:00+00:00,2025-05-19 09:30:00+00:00,short,103037.29,103260.9,SL,-0.8358,82.7469
2025-05-19 12:00:00+00:00,2025-05-19 12:35:00+00:00,short,102782.51,102156.12,TP,1.6549,84.4019
2025-05-19 19:30:00+00:00,2025-05-19 20:00:00+00:00,long,105239.57,105686.99,TP,1.688,86.0899
2025-05-19 22:05:00+00:00,2025-05-19 22:15:00+00:00,long,105539.04,105271.85,SL,-0.8609,85.229
2025-05-19 22:45:00+00:00,2025-05-20 00:15:00+00:00,long,105622.88,106495.32,TP,1.7046,86.9336
2025-05-20 00:35:00+00:00,2025-05-20 00:45:00+00:00,long,106090.9,105744.99,SL,-1.304,85.6296
2025-05-20 01:20:00+00:00,2025-05-20 02:05:00+00:00,long,106240.28,106670.24,TP,2.5689,88.1985
2025-05-20 04:35:00+00:00,2025-05-20 04:55:00+00:00,long,105747.79,106219.99,TP,2.646,90.8444
2025-05-20 07:25:00+00:00,2025-05-20 07:35:00+00:00,long,105540.0,105136.36,SL,-1.3627,89.4817
2025-05-20 17:05:00+00:00,2025-05-20 17:40:00+00:00,long,105745.41,106206.31,TP,2.6845,92.1662
2025-05-20 19:20:00+00:00,2025-05-20 19:45:00+00:00,long,106261.42,106735.86,TP,2.765,94.9312
2025-05-20 20:45:00+00:00,2025-05-20 20:50:00+00:00,long,107241.98,106934.47,SL,-1.424,93.5072
2025-05-20 22:45:00+00:00,2025-05-20 23:15:00+00:00,long,106587.9,107125.99,TP,2.8052,96.3124
2025-05-21 00:10:00+00:00,2025-05-21 00:20:00+00:00,long,107000.0,106772.71,SL,-1.4447,94.8677
2025-05-21 01:05:00+00:00,2025-05-21 01:20:00+00:00,long,107031.37,106749.99,SL,-1.423,93.4447
2025-05-21 02:35:00+00:00,2025-05-21 04:35:00+00:00,long,106809.52,107527.92,TP,2.8033,96.2481
2025-05-21 06:25:00+00:00,2025-05-21 07:10:00+00:00,long,107865.09,107440.97,SL,-1.4437,94.8044
2025-05-21 12:15:00+00:00,2025-05-21 12:50:00+00:00,long,106717.07,106492.06,SL,-1.4221,93.3823
2025-05-21 13:35:00+00:00,2025-05-21 13:45:00+00:00,long,106763.22,107198.81,TP,2.8015,96.1838
2025-05-21 16:45:00+00:00,2025-05-21 16:55:00+00:00,long,109693.01,109131.7,SL,-1.4428,94.741
2025-05-21 21:45:00+00:00,2025-05-21 23:05:00+00:00,long,108517.03,108953.14,TP,2.8422,97.5832
2025-05-22 01:00:00+00:00,2025-05-22 01:05:00+00:00,long,110524.49,110229.07,SL,-1.4637,96.1195
2025-05-22 02:20:00+00:00,2025-05-22 03:40:00+00:00,long,110466.16,111313.95,TP,2.8836,99.0031
2025-05-22 07:30:00+00:00,2025-05-22 08:30:00+00:00,long,110854.78,110445.99,SL,-1.485,97.518
2025-05-22 09:25:00+00:00,2025-05-22 12:15:00+00:00,long,110678.65,111228.47,TP,2.9255,100.4436
2025-05-22 15:15:00+00:00,2025-05-22 17:20:00+00:00,long,111141.95,111912.02,TP,3.0133,103.4569
2025-05-22 18:30:00+00:00,2025-05-22 19:00:00+00:00,long,111794.81,111512.93,SL,-1.5519,101.905
2025-05-22 19:25:00+00:00,2025-05-22 19:30:00+00:00,long,111898.74,111612.52,SL,-1.5286,100.3764
2025-05-22 21:15:00+00:00,2025-05-22 21:25:00+00:00,long,111055.05,110804.88,SL,-1.5056,98.8708
2025-05-22 21:35:00+00:00,2025-05-22 23:30:00+00:00,long,110956.53,111423.74,TP,2.9661,101.8369
2025-05-23 02:10:00+00:00,2025-05-23 02:40:00+00:00,long,111477.49,111247.81,SL,-1.5276,100.3094
2025-05-23 18:05:00+00:00,2025-05-23 18:55:00+00:00,short,109288.68,108794.09,TP,3.0093,103.3186
2025-05-23 19:25:00+00:00,2025-05-23 20:30:00+00:00,short,108918.3,108435.28,TP,3.0996,106.4182
2025-05-23 22:40:00+00:00,2025-05-23 22:50:00+00:00,short,108097.55,107654.55,TP,3.1925,109.6107
2025-05-24 02:00:00+00:00,2025-05-24 02:15:00+00:00,short,107520.05,107817.46,SL,-1.6442,107.9666
2025-05-24 04:55:00+00:00,2025-05-24 06:15:00+00:00,short,108485.07,108037.3,TP,3.239,111.2056
2025-05-24 07:50:00+00:00,2025-05-24 08:40:00+00:00,short,107768.76,108070.89,SL,-1.6681,109.5375
2025-05-24 09:55:00+00:00,2025-05-24 10:25:00+00:00,short,108161.69,108393.99,SL,-1.6431,107.8944
2025-05-25 00:45:00+00:00,2025-05-25 01:20:00+00:00,short,107525.61,107762.0,SL,-1.6184,106.276
2025-05-25 04:00:00+00:00,2025-05-25 07:20:00+00:00,short,108061.37,107611.66,TP,3.1883,109.4643
2025-05-25 08:25:00+00:00,2025-05-25 08:50:00+00:00,short,107440.32,107000.01,TP,3.2839,112.7482
2025-05-25 09:35:00+00:00,2025-05-25 09:50:00+00:00,short,106851.59,107108.96,SL,-1.6912,111.057
2025-05-25 11:00:00+00:00,2025-05-25 11:25:00+00:00,short,106929.62,107175.8,SL,-1.6659,109.3912
2025-05-25 13:10:00+00:00,2025-05-25 13:35:00+00:00,short,107371.51,107682.09,SL,-1.6409,107.7503
2025-05-25 14:00:00+00:00,2025-05-25 15:20:00+00:00,short,107523.43,106857.99,TP,3.2325,110.9828
2025-05-25 18:55:00+00:00,2025-05-25 19:30:00+00:00,short,107413.34,107641.0,SL,-1.6647,109.3181
2025-05-25 21:20:00+00:00,2025-05-25 22:05:00+00:00,short,107533.55,108179.99,SL,-1.6398,107.6783
2025-05-26 01:45:00+00:00,2025-05-26 02:30:00+00:00,long,109718.22,109377.99,SL,-1.6152,106.0631
2025-05-26 03:30:00+00:00,2025-05-26 05:10:00+00:00,long,109659.5,109436.83,SL,-1.5909,104.4722
2025-05-26 05:40:00+00:00,2025-05-26 07:05:00+00:00,long,109659.11,110179.87,TP,3.1342,107.6063
2025-05-26 09:20:00+00:00,2025-05-26 09:40:00+00:00,long,109924.53,109689.44,SL,-1.6141,105.9922
2025-05-26 10:20:00+00:00,2025-05-26 10:50:00+00:00,long,109811.77,109571.43,SL,-1.5899,104.4023
2025-05-26 11:40:00+00:00,2025-05-26 13:50:00+00:00,long,109802.82,109574.46,SL,-1.044,103.3583
2025-05-26 15:05:00+00:00,2025-05-26 15:30:00+00:00,long,109665.9,110136.36,TP,1.0336,104.3919
2025-05-26 22:05:00+00:00,2025-05-26 23:20:00+00:00,long,109384.36,109154.49,SL,-0.522,103.8699
2025-05-26 23:45:00+00:00,2025-05-27 00:55:00+00:00,long,109399.49,109136.37,SL,-0.5193,103.3506
2025-05-27 06:55:00+00:00,2025-05-27 07:05:00+00:00,short,108828.19,109071.48,SL,-0.5168,102.8338
2025-05-27 09:55:00+00:00,2025-05-27 11:15:00+00:00,long,109830.25,109496.79,SL,-0.5142,102.3197
2025-05-27 12:05:00+00:00,2025-05-27 12:40:00+00:00,long,109776.2,109485.97,SL,-0.5116,101.8081
2025-05-27 15:25:00+00:00,2025-05-27 15:50:00+00:00,long,109658.28,110181.59,TP,1.0181,102.8262
2025-05-27 19:45:00+00:00,2025-05-27 20:55:00+00:00,long,109844.0,109551.69,SL,-0.5141,102.312
2025-05-28 04:20:00+00:00,2025-05-28 04:35:00+00:00,short,108663.17,109010.99,SL,-0.2558,102.0562
2025-05-28 06:00:00+00:00,2025-05-28 10:15:00+00:00,short,108893.65,108355.07,TP,0.5103,102.5665
2025-05-28 12:50:00+00:00,2025-05-28 13:45:00+00:00,short,108817.44,108363.64,TP,1.0257,103.5922
2025-05-28 18:30:00+00:00,2025-05-28 19:50:00+00:00,short,107520.75,107042.07,TP,1.0359,104.6281
2025-05-28 22:10:00+00:00,2025-05-28 23:00:00+00:00,short,107306.5,107590.84,SL,-0.5231,104.105
2025-05-29 00:00:00+00:00,2025-05-29 00:25:00+00:00,short,107629.1,108010.0,SL,-0.5205,103.5844
2025-05-29 01:20:00+00:00,2025-05-29 01:50:00+00:00,short,107913.31,108227.27,SL,-0.5179,103.0665
2025-05-29 07:45:00+00:00,2025-05-29 08:15:00+00:00,short,107831.49,108090.13,SL,-0.5153,102.5512
2025-05-29 15:55:00+00:00,2025-05-29 17:40:00+00:00,short,107019.89,106156.42,TP,1.0255,103.5767
2025-05-29 18:55:00+00:00,2025-05-29 20:00:00+00:00,short,105837.13,106124.61,SL,-0.5179,103.0588
2025-05-29 22:20:00+00:00,2025-05-29 23:15:00+00:00,short,106322.19,105799.04,TP,1.0306,104.0894
2025-05-30 00:45:00+00:00,2025-05-30 00:55:00+00:00,short,105460.0,104939.99,TP,2.0818,106.1712
2025-05-30 03:10:00+00:00,2025-05-30 05:30:00+00:00,short,106004.77,106224.56,SL,-1.5926,104.5786
2025-05-30 05:50:00+00:00,2025-05-30 06:50:00+00:00,short,106093.95,105549.19,TP,2.0916,106.6702
2025-05-30 11:30:00+00:00,2025-05-30 12:10:00+00:00,short,105809.53,105342.3,TP,3.2001,109.8703
2025-05-30 12:55:00+00:00,2025-05-30 13:45:00+00:00,short,105684.96,105899.7,SL,-1.6481,108.2223
2025-05-30 13:50:00+00:00,2025-05-30 16:25:00+00:00,short,105561.85,104685.85,TP,3.2467,111.4689
2025-05-30 19:40:00+00:00,2025-05-30 21:20:00+00:00,short,104624.94,104873.5,SL,-1.672,109.7969
2025-05-30 21:45:00+00:00,2025-05-30 22:40:00+00:00,short,104655.72,103994.2,TP,3.2939,113.0908
2025-05-31 01:30:00+00:00,2025-05-31 01:35:00+00:00,short,103472.62,103897.5,SL,-1.6964,111.3944
2025-05-31 02:45:00+00:00,2025-05-31 03:45:00+00:00,short,103414.1,103642.88,SL,-1.6709,109.7235
2025-05-31 05:25:00+00:00,2025-05-31 06:40:00+00:00,short,103668.24,103900.0,SL,-1.6459,108.0777
2025-05-31 07:15:00+00:00,2025-05-31 12:45:00+00:00,short,103676.75,103924.53,SL,-1.6212,106.4565
2025-06-01 01:20:00+00:00,2025-06-01 04:30:00+00:00,short,104341.46,104608.65,SL,-1.5968,104.8597
2025-06-01 09:10:00+00:00,2025-06-01 09:50:00+00:00,short,104223.32,103788.67,TP,2.0972,106.9568
2025-06-01 10:35:00+00:00,2025-06-01 11:20:00+00:00,short,103795.41,104024.55,SL,-1.6044,105.3525
2025-06-01 12:30:00+00:00,2025-06-01 13:10:00+00:00,short,103891.68,104225.09,SL,-1.5803,103.7722
2025-06-01 21:30:00+00:00,2025-06-01 22:10:00+00:00,long,105298.39,105737.82,TP,3.1132,106.8854
2025-06-01 23:05:00+00:00,2025-06-02 00:15:00+00:00,long,105782.82,105523.81,SL,-1.6033,105.2821
2025-06-02 01:20:00+00:00,2025-06-02 01:30:00+00:00,long,105603.59,105391.93,SL,-1.5792,103.7029
2025-06-02 12:00:00+00:00,2025-06-02 13:30:00+00:00,short,104027.18,104275.44,SL,-1.5555,102.1473
2025-06-02 13:50:00+00:00,2025-06-02 14:00:00+00:00,short,103788.3,103998.64,SL,-1.0215,101.1258
2025-06-02 15:00:00+00:00,2025-06-02 15:10:00+00:00,short,103994.93,104220.9,SL,-0.5056,100.6202
2025-06-02 16:10:00+00:00,2025-06-02 18:20:00+00:00,short,104240.43,104606.5,SL,-0.5031,100.1171
2025-06-02 18:40:00+00:00,2025-06-02 20:05:00+00:00,short,104390.74,104726.42,SL,-0.5006,99.6165
2025-06-03 00:15:00+00:00,2025-06-03 02:25:00+00:00,long,106269.38,106052.29,SL,-0.249,99.3675
2025-06-03 04:00:00+00:00,2025-06-03 04:30:00+00:00,long,105476.41,105202.66,SL,-0.2484,99.1191
2025-06-03 05:00:00+00:00,2025-06-03 08:10:00+00:00,long,105292.43,105037.12,SL,-0.2478,98.8713
2025-06-03 12:10:00+00:00,2025-06-03 14:25:00+00:00,long,105360.0,105789.96,TP,0.4944,99.3656
2025-06-03 18:35:00+00:00,2025-06-03 20:25:00+00:00,long,105980.0,105631.45,SL,-0.2484,99.1172
2025-06-04 03:15:00+00:00,2025-06-04 03:55:00+00:00,long,105732.13,105519.27,SL,-0.2478,98.8694
2025-06-04 09:40:00+00:00,2025-06-04 11:25:00+00:00,long,105680.53,105442.78,SL,-0.2472,98.6222
2025-06-04 13:55:00+00:00,2025-06-04 14:55:00+00:00,short,104761.17,105033.3,SL,-0.2466,98.3757
2025-06-04 16:10:00+00:00,2025-06-04 16:50:00+00:00,short,105242.72,105459.98,SL,-0.2459,98.1297
2025-06-04 20:00:00+00:00,2025-06-04 21:45:00+00:00,short,104800.0,105028.68,SL,-0.2453,97.8844
2025-06-04 22:45:00+00:00,2025-06-05 01:00:00+00:00,short,104808.0,105045.4,SL,-0.2447,97.6397
2025-06-05 01:35:00+00:00,2025-06-05 02:30:00+00:00,short,104829.08,105080.25,SL,-0.2441,97.3956
2025-06-05 03:05:00+00:00,2025-06-05 04:50:00+00:00,short,104990.55,105216.94,SL,-0.2435,97.1521
2025-06-05 10:20:00+00:00,2025-06-05 12:10:00+00:00,short,104754.72,105104.09,SL,-0.2429,96.9092
2025-06-05 16:15:00+00:00,2025-06-05 16:50:00+00:00,short,104092.04,103486.03,TP,0.4845,97.3938
2025-06-05 17:45:00+00:00,2025-06-05 18:10:00+00:00,short,103220.01,102736.39,TP,0.487,97.8808
2025-06-05 19:10:00+00:00,2025-06-05 19:15:00+00:00,short,102634.14,101811.0,TP,0.4894,98.3702
2025-06-05 23:55:00+00:00,2025-06-06 00:35:00+00:00,short,101508.68,101732.25,SL,-0.2459,98.1242
2025-06-06 01:50:00+00:00,2025-06-06 02:55:00+00:00,short,101801.18,102203.52,SL,-0.2453,97.8789
2025-06-06 04:20:00+00:00,2025-06-06 04:35:00+00:00,short,102450.0,102700.0,SL,-0.2447,97.6342
2025-06-06 17:55:00+00:00,2025-06-06 18:10:00+00:00,long,104922.14,104655.99,SL,-0.2441,97.3901
2025-06-06 20:10:00+00:00,2025-06-07 00:10:00+00:00,long,104326.07,104087.57,SL,-0.2435,97.1467
2025-06-07 00:40:00+00:00,2025-06-07 03:20:00+00:00,long,104337.29,104794.43,TP,0.4857,97.6324
2025-06-07 05:45:00+00:00,2025-06-07 08:50:00+00:00,long,104982.14,104737.32,SL,-0.4882,97.1442
2025-06-07 09:15:00+00:00,2025-06-07 12:25:00+00:00,long,104876.0,105298.99,TP,0.4857,97.63
2025-06-07 12:35:00+00:00,2025-06-07 19:20:00+00:00,long,105401.56,105837.21,TP,0.9763,98.6063
2025-06-07 20:10:00+00:00,2025-06-07 23:20:00+00:00,long,105870.06,105651.26,SL,-0.493,98.1132
2025-06-08 00:30:00+00:00,2025-06-08 03:05:00+00:00,long,105634.95,105399.06,SL,-0.4906,97.6227
2025-06-08 03:40:00+00:00,2025-06-08 09:25:00+00:00,long,105479.99,105196.58,SL,-0.4881,97.1346
2025-06-08 13:30:00+00:00,2025-06-08 13:55:00+00:00,long,105847.99,105627.9,SL,-0.4857,96.6489
2025-06-08 14:55:00+00:00,2025-06-08 17:00:00+00:00,long,105829.66,106259.55,TP,0.9665,97.6154
2025-06-08 17:20:00+00:00,2025-06-08 17:55:00+00:00,long,106298.97,106082.95,SL,-0.9762,96.6392
2025-06-08 18:35:00+00:00,2025-06-08 22:05:00+00:00,long,106289.19,105996.91,SL,-0.9664,95.6728
2025-06-09 08:35:00+00:00,2025-06-09 09:25:00+00:00,long,105712.53,106152.74,TP,1.9135,97.5863
2025-06-09 11:40:00+00:00,2025-06-09 13:25:00+00:00,long,107737.42,107489.8,SL,-1.4638,96.1225
2025-06-09 14:25:00+00:00,2025-06-09 17:05:00+00:00,long,107576.03,108099.99,TP,1.9224,98.0449
2025-06-09 17:10:00+00:00,2025-06-09 20:30:00+00:00,long,108275.37,108732.37,TP,1.9609,100.0058
2025-06-09 21:00:00+00:00,2025-06-09 21:15:00+00:00,long,108833.2,109459.78,TP,2.0001,102.0059
2025-06-09 22:30:00+00:00,2025-06-09 23:00:00+00:00,long,110346.69,110124.87,SL,-1.5301,100.4759
2025-06-10 02:45:00+00:00,2025-06-10 03:10:00+00:00,long,109640.05,109400.14,SL,-1.5071,98.9687
2025-06-10 03:45:00+00:00,2025-06-10 05:30:00+00:00,long,109564.68,109251.97,SL,-1.4845,97.4842
2025-06-10 06:25:00+00:00,2025-06-10 07:35:00+00:00,long,109400.01,109179.17,SL,-1.4623,96.0219
2025-06-10 08:40:00+00:00,2025-06-10 11:25:00+00:00,long,109246.53,109745.28,TP,2.8807,98.9026
2025-06-10 12:55:00+00:00,2025-06-10 13:30:00+00:00,long,109697.76,109428.59,SL,-1.4835,97.419
2025-06-10 20:50:00+00:00,2025-06-10 21:20:00+00:00,long,109887.21,109610.26,SL,-1.4613,95.9578
2025-06-10 22:05:00+00:00,2025-06-10 22:35:00+00:00,long,110088.32,109822.82,SL,-0.9596,94.9982
2025-06-10 23:35:00+00:00,2025-06-11 00:20:00+00:00,long,110070.13,109839.26,SL,-0.475,94.5232
2025-06-11 02:05:00+00:00,2025-06-11 02:20:00+00:00,long,109858.22,109575.81,SL,-0.4726,94.0506
2025-06-11 02:50:00+00:00,2025-06-11 06:45:00+00:00,long,109657.97,109401.36,SL,-0.4703,93.5803
2025-06-11 07:45:00+00:00,2025-06-11 09:35:00+00:00,long,109584.54,109317.89,SL,-0.4679,93.1124
2025-06-11 12:30:00+00:00,2025-06-11 12:35:00+00:00,long,109765.25,109519.82,SL,-0.4656,92.6469
2025-06-11 14:10:00+00:00,2025-06-11 15:05:00+00:00,long,109990.0,109765.5,SL,-0.4632,92.1836
2025-06-12 00:30:00+00:00,2025-06-12 00:40:00+00:00,short,108435.68,108658.87,SL,-0.4609,91.7227
2025-06-12 01:10:00+00:00,2025-06-12 03:20:00+00:00,short,108568.01,107849.71,TP,0.9172,92.6399
2025-06-12 07:25:00+00:00,2025-06-12 11:15:00+00:00,short,107663.08,107197.5,TP,0.9264,93.5663
2025-06-12 11:20:00+00:00,2025-06-12 12:40:00+00:00,short,107125.2,107407.35,SL,-0.4678,93.0985
2025-06-12 13:25:00+00:00,2025-06-12 13:35:00+00:00,short,106833.28,107083.2,SL,-0.4655,92.633
2025-06-12 15:20:00+00:00,2025-06-12 16:25:00+00:00,short,107391.62,107723.07,SL,-0.2316,92.4014
2025-06-13 00:00:00+00:00,2025-06-13 00:10:00+00:00,short,104796.22,104328.68,TP,0.462,92.8634
2025-06-13 04:15:00+00:00,2025-06-13 04:30:00+00:00,short,103927.19,104205.38,SL,-0.2322,92.6313
2025-06-13 05:25:00+00:00,2025-06-13 06:25:00+00:00,short,104313.74,103848.63,TP,0.4632,93.0944
2025-06-13 08:40:00+00:00,2025-06-13 12:10:00+00:00,short,104920.94,105180.22,SL,-0.4655,92.629
2025-06-13 12:35:00+00:00,2025-06-13 13:35:00+00:00,short,104962.24,105250.0,SL,-0.4631,92.1658
2025-06-13 13:55:00+00:00,2025-06-13 14:25:00+00:00,short,104732.44,104157.01,TP,0.4608,92.6266
2025-06-14 02:25:00+00:00,2025-06-14 07:05:00+00:00,short,105384.77,104954.0,TP,0.9263,93.5529
2025-06-14 08:10:00+00:00,2025-06-14 08:45:00+00:00,short,104896.74,105111.33,SL,-0.4678,93.0851
2025-06-14 09:35:00+00:00,2025-06-14 16:45:00+00:00,short,104966.0,104482.0,TP,0.9309,94.016
2025-06-14 18:35:00+00:00,2025-06-14 18:50:00+00:00,short,104447.07,104701.17,SL,-0.9402,93.0758
2025-06-14 19:50:00+00:00,2025-06-14 20:35:00+00:00,short,104739.52,104955.34,SL,-0.9308,92.1451
2025-06-15 07:50:00+00:00,2025-06-15 08:30:00+00:00,long,105453.45,105231.55,SL,-0.9215,91.2236
2025-06-15 11:30:00+00:00,2025-06-15 12:15:00+00:00,short,104946.0,105159.85,SL,-0.9122,90.3114
2025-06-16 04:15:00+00:00,2025-06-16 05:15:00+00:00,long,106026.73,106484.0,TP,1.8062,92.1176
2025-06-16 07:30:00+00:00,2025-06-16 08:20:00+00:00,long,107216.66,107000.0,SL,-1.3818,90.7359
2025-06-16 10:15:00+00:00,2025-06-16 10:45:00+00:00,long,107140.01,106805.86,SL,-1.361,89.3748
2025-06-16 11:40:00+00:00,2025-06-16 12:15:00+00:00,long,106955.0,106706.59,SL,-0.8937,88.4811
2025-06-16 12:45:00+00:00,2025-06-16 14:15:00+00:00,long,106781.0,107219.99,TP,0.8848,89.3659
2025-06-16 17:15:00+00:00,2025-06-16 19:05:00+00:00,long,107897.18,108697.18,TP,1.7873,91.1532
2025-06-16 22:10:00+00:00,2025-06-16 22:30:00+00:00,long,108783.77,108562.78,SL,-1.3673,89.7859
2025-06-17 13:05:00+00:00,2025-06-17 13:35:00+00:00,short,105488.73,105722.99,SL,-1.3468,88.4391
2025-06-17 13:45:00+00:00,2025-06-17 14:10:00+00:00,short,105372.2,105672.55,SL,-0.8844,87.5547
2025-06-17 14:20:00+00:00,2025-06-17 14:55:00+00:00,short,105288.07,104847.33,TP,1.7511,89.3058
2025-06-17 16:50:00+00:00,2025-06-17 17:20:00+00:00,short,103554.34,103856.48,SL,-0.8931,88.4128
2025-06-17 20:00:00+00:00,2025-06-17 21:05:00+00:00,short,104729.03,104296.32,TP,1.7683,90.181
2025-06-17 22:00:00+00:00,2025-06-17 22:05:00+00:00,short,104424.88,104653.05,SL,-1.3527,88.8283
2025-06-17 22:30:00+00:00,2025-06-17 23:35:00+00:00,short,104483.08,104699.99,SL,-0.8883,87.94
2025-06-18 00:20:00+00:00,2025-06-18 00:55:00+00:00,short,104595.35,104842.78,SL,-0.4397,87.5003
2025-06-18 01:40:00+00:00,2025-06-18 02:25:00+00:00,short,104805.24,105058.9,SL,-0.4375,87.0628
2025-06-18 02:55:00+00:00,2025-06-18 03:30:00+00:00,short,104856.06,105144.5,SL,-0.4353,86.6275
2025-06-18 08:40:00+00:00,2025-06-18 09:00:00+00:00,short,104807.5,105137.64,SL,-0.4331,86.1944
2025-06-18 09:25:00+00:00,2025-06-18 10:30:00+00:00,short,104883.3,104457.19,TP,0.8619,87.0563
2025-06-18 12:40:00+00:00,2025-06-18 13:10:00+00:00,short,104487.69,104054.85,TP,0.8706,87.9269
2025-06-18 14:55:00+00:00,2025-06-18 15:35:00+00:00,short,104619.88,104909.99,SL,-0.8793,87.0476
2025-06-18 16:00:00+00:00,2025-06-18 17:00:00+00:00,short,104699.91,104179.37,TP,0.8705,87.9181
2025-06-18 18:55:00+00:00,2025-06-18 19:00:00+00:00,short,103623.39,103933.17,SL,-0.8792,87.0389
2025-06-18 19:55:00+00:00,2025-06-18 20:15:00+00:00,short,103808.41,104021.96,SL,-0.8704,86.1685
2025-06-19 01:00:00+00:00,2025-06-19 02:35:00+00:00,short,104583.92,104976.55,SL,-0.8617,85.3068
2025-06-19 07:55:00+00:00,2025-06-19 08:10:00+00:00,short,104642.85,104888.19,SL,-0.4265,84.8803
2025-06-19 12:40:00+00:00,2025-06-19 13:55:00+00:00,short,104711.85,104283.33,TP,0.8488,85.7291
2025-06-19 14:40:00+00:00,2025-06-19 17:35:00+00:00,short,104350.0,104663.0,SL,-0.4286,85.3004
2025-06-19 18:30:00+00:00,2025-06-19 22:35:00+00:00,short,104439.99,104676.16,SL,-0.4265,84.8739
2025-06-20 02:30:00+00:00,2025-06-20 07:15:00+00:00,short,104559.46,104999.99,SL,-0.4244,84.4496
2025-06-20 12:35:00+00:00,2025-06-20 13:45:00+00:00,long,106083.99,105576.61,SL,-0.4222,84.0273
2025-06-20 21:10:00+00:00,2025-06-20 22:15:00+00:00,short,103534.49,103113.0,TP,0.8403,84.8676
2025-06-21 01:05:00+00:00,2025-06-21 01:40:00+00:00,short,103223.58,103454.0,SL,-0.4243,84.4433
2025-06-21 02:25:00+00:00,2025-06-21 03:15:00+00:00,short,103382.17,103644.74,SL,-0.4222,84.021
2025-06-21 03:50:00+00:00,2025-06-21 08:55:00+00:00,short,103563.96,103826.03,SL,-0.4201,83.6009
2025-06-21 14:50:00+00:00,2025-06-21 18:50:00+00:00,short,103479.99,102928.08,TP,0.836,84.4369
2025-06-21 21:20:00+00:00,2025-06-21 21:25:00+00:00,short,101581.2,101848.0,SL,-0.4222,84.0148
2025-06-21 23:20:00+00:00,2025-06-21 23:30:00+00:00,short,101453.05,101012.95,TP,0.8401,84.8549
2025-06-22 01:15:00+00:00,2025-06-22 02:00:00+00:00,short,102562.02,102841.22,SL,-0.8485,84.0064
2025-06-22 03:20:00+00:00,2025-06-22 04:05:00+00:00,short,102217.99,102717.06,SL,-0.42,83.5863
2025-06-22 05:40:00+00:00,2025-06-22 06:10:00+00:00,short,102677.0,102910.3,SL,-0.4179,83.1684
2025-06-22 09:20:00+00:00,2025-06-22 11:05:00+00:00,short,102369.11,102593.99,SL,-0.4158,82.7526
2025-06-22 18:15:00+00:00,2025-06-22 19:25:00+00:00,short,99505.28,99093.14,TP,0.4138,83.1663
2025-06-22 21:55:00+00:00,2025-06-22 22:00:00+00:00,short,99173.83,99832.0,SL,-0.4158,82.7505
2025-06-23 11:20:00+00:00,2025-06-23 12:45:00+00:00,short,101227.99,101524.01,SL,-0.4138,82.3367
2025-06-23 13:20:00+00:00,2025-06-23 13:35:00+00:00,short,101153.84,101682.6,SL,-0.4117,81.9251
2025-06-23 20:15:00+00:00,2025-06-23 21:20:00+00:00,long,103643.89,104085.56,TP,0.8193,82.7443
2025-06-23 22:05:00+00:00,2025-06-23 22:20:00+00:00,long,105055.37,105753.0,TP,0.8274,83.5717
2025-06-24 01:50:00+00:00,2025-06-24 02:05:00+00:00,long,105308.0,104962.67,SL,-0.4179,83.1539
2025-06-24 03:20:00+00:00,2025-06-24 04:05:00+00:00,long,105113.39,104877.08,SL,-0.4158,82.7381
2025-06-24 04:35:00+00:00,2025-06-24 05:35:00+00:00,long,104886.14,105349.61,TP,0.8274,83.5655
2025-06-24 08:55:00+00:00,2025-06-24 14:15:00+00:00,long,104996.77,105470.02,TP,1.6713,85.2368
2025-06-24 16:35:00+00:00,2025-06-24 16:50:00+00:00,long,105531.54,106000.0,TP,1.7047,86.9415
2025-06-24 17:40:00+00:00,2025-06-24 18:15:00+00:00,long,106069.15,105676.0,SL,-1.3041,85.6374
2025-06-24 19:55:00+00:00,2025-06-24 20:55:00+00:00,long,105643.19,106087.3,TP,2.5691,88.2065
2025-06-24 21:45:00+00:00,2025-06-24 22:00:00+00:00,long,106109.42,105772.0,SL,-1.3231,86.8834
2025-06-24 23:50:00+00:00,2025-06-25 00:10:00+00:00,long,105949.5,106438.21,TP,2.6065,89.49
2025-06-25 00:55:00+00:00,2025-06-25 01:15:00+00:00,long,106407.34,106133.35,SL,-1.3423,88.1476
2025-06-25 01:40:00+00:00,2025-06-25 04:10:00+00:00,long,106412.99,106178.08,SL,-1.3222,86.8254
2025-06-25 05:00:00+00:00,2025-06-25 07:40:00+00:00,long,106236.09,106672.03,TP,2.6048,89.4301
2025-06-25 09:00:00+00:00,2025-06-25 10:25:00+00:00,long,106647.05,107108.63,TP,2.6829,92.1131
2025-06-25 11:40:00+00:00,2025-06-25 12:30:00+00:00,long,107186.86,106971.4,SL,-1.3817,90.7314
2025-06-25 13:00:00+00:00,2025-06-25 13:15:00+00:00,long,107232.1,107756.57,TP,2.7219,93.4533
2025-06-25 16:10:00+00:00,2025-06-25 16:45:00+00:00,long,107358.29,107006.09,SL,-1.4018,92.0515
2025-06-25 17:00:00+00:00,2025-06-25 19:05:00+00:00,long,107186.3,107664.01,TP,2.7615,94.813
2025-06-25 20:50:00+00:00,2025-06-25 21:10:00+00:00,long,107836.88,107573.2,SL,-1.4222,93.3908
2025-06-25 23:15:00+00:00,2025-06-26 01:15:00+00:00,long,107359.72,107108.14,SL,-1.4009,91.99
2025-06-26 01:30:00+00:00,2025-06-26 03:00:00+00:00,long,107680.39,108199.23,TP,2.7597,94.7497
2025-06-26 06:10:00+00:00,2025-06-26 09:05:00+00:00,long,107741.3,107453.74,SL,-1.4212,93.3284
2025-06-26 17:00:00+00:00,2025-06-26 20:30:00+00:00,long,107399.0,107835.45,TP,2.7999,96.1283
2025-06-27 03:30:00+00:00,2025-06-27 06:05:00+00:00,long,107420.98,107205.89,SL,-1.4419,94.6864
2025-06-27 06:50:00+00:00,2025-06-27 07:35:00+00:00,long,107375.55,107072.61,SL,-1.4203,93.2661
2025-06-27 12:20:00+00:00,2025-06-27 12:35:00+00:00,long,107160.9,106859.11,SL,-1.399,91.8671
2025-06-28 03:20:00+00:00,2025-06-29 08:30:00+00:00,long,107165.38,107627.72,TP,2.756,94.6231
2025-06-29 11:50:00+00:00,2025-06-29 12:10:00+00:00,long,108425.0,108176.43,SL,-1.4193,93.2037
2025-06-29 14:10:00+00:00,2025-06-29 14:35:00+00:00,long,108207.59,107868.47,SL,-1.3981,91.8057
2025-06-29 15:35:00+00:00,2025-06-29 16:05:00+00:00,long,107934.87,107667.46,SL,-1.3771,90.4286
2025-06-30 00:20:00+00:00,2025-06-30 02:00:00+00:00,long,108686.38,108468.6,SL,-0.9043,89.5243
2025-06-30 06:05:00+00:00,2025-06-30 06:35:00+00:00,long,108252.68,107871.99,SL,-0.8952,88.6291
2025-06-30 17:50:00+00:00,2025-06-30 21:50:00+00:00,short,107534.28,107074.89,TP,1.7726,90.4017
2025-06-30 22:50:00+00:00,2025-07-01 00:10:00+00:00,short,107090.07,107335.08,SL,-0.904,89.4976
2025-07-01 01:45:00+00:00,2025-07-01 04:50:00+00:00,short,107356.53,106903.22,TP,0.895,90.3926
2025-07-01 07:20:00+00:00,2025-07-01 07:30:00+00:00,short,106694.12,106999.02,SL,-0.9039,89.4887
2025-07-01 08:20:00+00:00,2025-07-01 09:40:00+00:00,short,106950.0,106509.91,TP,0.8949,90.3836
2025-07-01 10:25:00+00:00,2025-07-01 12:00:00+00:00,short,106470.49,106699.01,SL,-0.9038,89.4797
2025-07-01 12:25:00+00:00,2025-07-01 13:25:00+00:00,short,106400.0,106615.17,SL,-0.4474,89.0323
2025-07-01 14:30:00+00:00,2025-07-01 14:45:00+00:00,short,106432.49,105829.23,TP,0.8903,89.9227
2025-07-01 18:15:00+00:00,2025-07-01 19:00:00+00:00,short,106007.11,105574.52,TP,1.7985,91.7211
2025-07-01 21:50:00+00:00,2025-07-01 23:10:00+00:00,short,105819.22,105384.73,TP,1.8344,93.5555
2025-07-02 00:45:00+00:00,2025-07-02 01:40:00+00:00,short,105465.99,105764.37,SL,-1.4033,92.1522
2025-07-02 02:20:00+00:00,2025-07-02 02:45:00+00:00,short,105561.76,105874.04,SL,-0.9215,91.2307
2025-07-02 13:00:00+00:00,2025-07-02 14:10:00+00:00,long,107458.66,107994.81,TP,1.8246,93.0553
2025-07-02 18:50:00+00:00,2025-07-02 20:50:00+00:00,long,109455.45,109221.98,SL,-1.3958,91.6595
2025-07-02 21:30:00+00:00,2025-07-02 22:50:00+00:00,long,109353.17,109119.23,SL,-1.3749,90.2846
2025-07-03 00:05:00+00:00,2025-07-03 00:30:00+00:00,long,108979.99,108761.8,SL,-0.9028,89.3817
2025-07-03 00:35:00+00:00,2025-07-03 02:25:00+00:00,long,108834.99,108603.52,SL,-0.8938,88.4879
2025-07-03 03:05:00+00:00,2025-07-03 05:30:00+00:00,long,108720.0,109235.1,TP,1.7698,90.2577
2025-07-03 08:15:00+00:00,2025-07-03 09:20:00+00:00,long,109462.0,109940.83,TP,2.7077,92.9654
2025-07-03 13:10:00+00:00,2025-07-03 13:30:00+00:00,long,109339.84,109811.72,TP,2.789,95.7544
2025-07-03 16:35:00+00:00,2025-07-03 19:00:00+00:00,long,109319.5,109812.19,TP,2.8726,98.627
2025-07-03 20:00:00+00:00,2025-07-03 23:15:00+00:00,long,109870.64,109605.33,SL,-1.4794,97.1476
2025-07-04 00:05:00+00:00,2025-07-04 02:15:00+00:00,long,109626.91,109293.36,SL,-1.4572,95.6904
2025-07-04 16:10:00+00:00,2025-07-04 16:45:00+00:00,short,107447.98,107671.45,SL,-1.4354,94.255
2025-07-04 18:20:00+00:00,2025-07-04 21:45:00+00:00,short,107685.03,107913.81,SL,-1.4138,92.8412
2025-07-04 23:05:00+00:00,2025-07-05 04:25:00+00:00,short,108148.0,108380.65,SL,-1.3926,91.4486
2025-07-05 06:05:00+00:00,2025-07-06 13:20:00+00:00,short,108064.01,108377.55,SL,-1.3717,90.0769
2025-07-06 17:30:00+00:00,2025-07-06 18:25:00+00:00,long,108923.56,108554.78,SL,-1.3512,88.7257
2025-07-06 19:50:00+00:00,2025-07-06 21:10:00+00:00,long,108472.24,108921.67,TP,1.7745,90.5002
2025-07-07 01:30:00+00:00,2025-07-07 02:15:00+00:00,long,109035.45,109499.13,TP,1.81,92.3102
2025-07-07 03:25:00+00:00,2025-07-07 03:55:00+00:00,long,109615.99,109389.47,SL,-0.9231,91.3871
2025-07-07 06:10:00+00:00,2025-07-07 06:40:00+00:00,long,109136.0,108822.2,SL,-0.9139,90.4732
2025-07-07 16:00:00+00:00,2025-07-07 17:00:00+00:00,short,108320.0,107850.0,TP,1.8095,92.2827
2025-07-07 17:55:00+00:00,2025-07-07 19:00:00+00:00,short,107943.15,108165.19,SL,-0.9228,91.3599
2025-07-07 20:00:00+00:00,2025-07-07 20:30:00+00:00,short,107916.95,108140.49,SL,-0.9136,90.4463
2025-07-07 20:40:00+00:00,2025-07-07 23:30:00+00:00,short,108004.98,108280.0,SL,-0.9045,89.5418
2025-07-08 00:20:00+00:00,2025-07-08 00:40:00+00:00,short,108246.0,108522.35,SL,-0.8954,88.6464
2025-07-08 00:55:00+00:00,2025-07-08 01:50:00+00:00,short,108299.99,107826.21,TP,1.7729,90.4193
2025-07-08 02:45:00+00:00,2025-07-08 03:00:00+00:00,short,107566.85,107805.58,SL,-0.9042,89.5151
2025-07-08 12:55:00+00:00,2025-07-08 13:35:00+00:00,long,108949.19,108642.0,SL,-0.4476,89.0676
2025-07-08 13:45:00+00:00,2025-07-08 14:05:00+00:00,long,109024.0,108719.43,SL,-0.4453,88.6222
2025-07-08 21:30:00+00:00,2025-07-09 03:10:00+00:00,long,108803.5,108468.01,SL,-0.2216,88.4007
2025-07-09 06:50:00+00:00,2025-07-09 09:05:00+00:00,long,108853.73,108604.77,SL,-0.221,88.1797
2025-07-09 09:45:00+00:00,2025-07-09 12:05:00+00:00,long,108768.58,109230.99,TP,0.4409,88.6206
2025-07-09 13:05:00+00:00,2025-07-09 13:30:00+00:00,long,109728.99,109466.0,SL,-0.4431,88.1775
2025-07-09 15:20:00+00:00,2025-07-09 18:05:00+00:00,long,109014.63,109450.72,TP,0.8818,89.0592
2025-07-09 22:45:00+00:00,2025-07-10 00:25:00+00:00,long,111399.99,111147.33,SL,-0.4453,88.6139
2025-07-10 01:30:00+00:00,2025-07-10 10:45:00+00:00,long,111156.34,110903.32,SL,-0.4431,88.1709
2025-07-10 10:55:00+00:00,2025-07-10 12:10:00+00:00,long,111088.51,110812.87,SL,-0.4409,87.73
2025-07-10 13:00:00+00:00,2025-07-10 13:45:00+00:00,long,110911.27,110629.32,SL,-0.4386,87.2914
2025-07-10 20:40:00+00:00,2025-07-10 21:15:00+00:00,long,113566.3,116195.25,TP,0.4365,87.7278
2025-07-11 01:20:00+00:00,2025-07-11 02:05:00+00:00,long,115951.81,115709.28,SL,-0.4386,87.2892
2025-07-11 02:10:00+00:00,2025-07-11 02:35:00+00:00,long,115976.45,116463.49,TP,0.8729,88.1621
2025-07-11 03:55:00+00:00,2025-07-11 04:05:00+00:00,long,116881.7,116642.79,SL,-0.4408,87.7213
2025-07-11 04:55:00+00:00,2025-07-11 05:25:00+00:00,long,116918.16,117493.81,TP,0.8772,88.5985
2025-07-11 08:25:00+00:00,2025-07-11 09:35:00+00:00,long,117985.31,118783.94,TP,0.886,89.4845
2025-07-11 12:00:00+00:00,2025-07-11 13:15:00+00:00,long,117980.5,117700.1,SL,-0.8948,88.5896
2025-07-11 13:55:00+00:00,2025-07-11 14:50:00+00:00,long,117989.18,117619.99,SL,-0.8859,87.7037
2025-07-11 16:30:00+00:00,2025-07-11 19:15:00+00:00,long,117328.52,117979.78,TP,0.877,88.5808
2025-07-11 22:55:00+00:00,2025-07-12 00:35:00+00:00,long,117615.89,117263.99,SL,-0.8858,87.6949
2025-07-12 01:00:00+00:00,2025-07-12 09:20:00+00:00,long,117554.99,118032.32,TP,1.7539,89.4488
2025-07-12 10:30:00+00:00,2025-07-12 11:40:00+00:00,long,118122.64,117676.3,SL,-1.3417,88.1071
2025-07-12 19:00:00+00:00,2025-07-12 20:50:00+00:00,long,117543.2,117197.94,SL,-1.3216,86.7855
2025-07-13 02:50:00+00:00,2025-07-13 12:15:00+00:00,long,117646.85,118119.06,TP,2.6036,89.3891
2025-07-13 13:30:00+00:00,2025-07-13 14:15:00+00:00,long,118531.57,119265.87,TP,2.6817,92.0707
2025-07-13 17:35:00+00:00,2025-07-13 19:25:00+00:00,long,118760.25,119253.19,TP,2.7621,94.8329
2025-07-13 20:25:00+00:00,2025-07-13 21:00:00+00:00,long,119280.0,119028.74,SL,-1.4225,93.4104
2025-07-13 22:35:00+00:00,2025-07-14 00:20:00+00:00,long,118690.33,119268.0,TP,2.8023,96.2127
2025-07-14 02:15:00+00:00,2025-07-14 02:25:00+00:00,long,119179.99,119834.51,TP,2.8864,99.0991
2025-07-14 05:20:00+00:00,2025-07-14 05:45:00+00:00,long,122404.41,121925.2,SL,-1.4865,97.6126
2025-07-14 07:35:00+00:00,2025-07-14 08:00:00+00:00,long,122896.11,122521.37,SL,-1.4642,96.1484
2025-07-14 10:35:00+00:00,2025-07-14 11:00:00+00:00,long,122122.0,121820.43,SL,-1.4422,94.7062
2025-07-14 12:00:00+00:00,2025-07-14 13:30:00+00:00,long,121623.69,121320.0,SL,-1.4206,93.2856
2025-07-14 13:45:00+00:00,2025-07-14 14:05:00+00:00,long,121925.8,121654.0,SL,-1.3993,91.8863
2025-07-15 03:00:00+00:00,2025-07-15 04:00:00+00:00,short,117529.25,117004.58,TP,2.7566,94.6429
2025-07-15 04:05:00+00:00,2025-07-15 04:10:00+00:00,short,116726.33,116984.15,SL,-1.4196,93.2232
2025-07-15 05:45:00+00:00,2025-07-15 07:35:00+00:00,short,117192.74,116700.03,TP,2.7967,96.0199
2025-07-15 08:15:00+00:00,2025-07-15 09:05:00+00:00,short,116634.01,117023.63,SL,-1.4403,94.5796
2025-07-15 09:55:00+00:00,2025-07-15 10:30:00+00:00,short,116779.99,117029.86,SL,-1.4187,93.1609
2025-07-15 11:10:00+00:00,2025-07-15 11:55:00+00:00,short,116780.0,117113.98,SL,-1.3974,91.7635
2025-07-15 12:40:00+00:00,2025-07-15 12:45:00+00:00,short,116533.55,116882.9,SL,-1.3765,90.3871
2025-07-15 14:20:00+00:00,2025-07-15 14:35:00+00:00,short,117764.0,117040.0,TP,1.8077,92.1948
2025-07-15 18:00:00+00:00,2025-07-15 18:25:00+00:00,short,117272.02,116785.99,TP,2.7658,94.9607
2025-07-15 19:35:00+00:00,2025-07-15 21:10:00+00:00,short,116615.23,116955.34,SL,-1.4244,93.5362
2025-07-16 12:30:00+00:00,2025-07-16 12:55:00+00:00,long,118965.34,118613.43,SL,-1.403,92.1332
2025-07-16 13:30:00+00:00,2025-07-16 13:35:00+00:00,long,118906.0,118609.96,SL,-0.9213,91.2119
2025-07-16 14:40:00+00:00,2025-07-16 15:00:00+00:00,long,118632.71,119310.91,TP,0.9121,92.124
2025-07-16 15:45:00+00:00,2025-07-16 16:00:00+00:00,long,119295.99,118774.95,SL,-0.9212,91.2027
2025-07-16 16:35:00+00:00,2025-07-16 18:40:00+00:00,long,119181.99,119710.06,TP,0.912,92.1148
2025-07-16 20:15:00+00:00,2025-07-16 20:35:00+00:00,long,119277.21,119764.48,TP,0.9211,93.0359
2025-07-17 08:10:00+00:00,2025-07-17 08:40:00+00:00,short,118133.28,118392.67,SL,-0.9304,92.1056
2025-07-17 17:05:00+00:00,2025-07-17 17:35:00+00:00,long,118928.0,118543.29,SL,-0.9211,91.1845
2025-07-17 17:45:00+00:00,2025-07-17 18:20:00+00:00,long,119059.99,119561.91,TP,1.8237,93.0082
2025-07-17 20:40:00+00:00,2025-07-17 21:00:00+00:00,long,119261.05,119799.6,TP,2.7902,95.7984
2025-07-18 00:25:00+00:00,2025-07-18 01:10:00+00:00,long,119501.0,120272.01,TP,2.874,98.6724
2025-07-18 03:50:00+00:00,2025-07-18 04:05:00+00:00,long,120234.54,119910.7,SL,-1.4801,97.1923
2025-07-18 04:35:00+00:00,2025-07-18 07:15:00+00:00,long,120300.0,119849.34,SL,-1.4579,95.7344
2025-07-18 18:05:00+00:00,2025-07-18 19:20:00+00:00,short,117452.79,117829.94,SL,-1.436,94.2984
2025-07-18 19:55:00+00:00,2025-07-18 20:30:00+00:00,short,117374.76,116819.36,TP,2.829,97.1274
2025-07-18 22:00:00+00:00,2025-07-18 22:20:00+00:00,short,117478.71,117760.0,SL,-1.4569,95.6705
2025-07-18 22:50:00+00:00,2025-07-18 23:30:00+00:00,short,117642.87,117899.99,SL,-1.4351,94.2354
2025-07-19 00:35:00+00:00,2025-07-19 02:45:00+00:00,short,117912.02,118191.31,SL,-1.4135,92.8219
2025-07-19 13:50:00+00:00,2025-07-19 21:10:00+00:00,short,118131.19,117599.99,TP,2.7847,95.6065
2025-07-20 00:05:00+00:00,2025-07-20 01:00:00+00:00,short,117743.47,117987.18,SL,-1.4341,94.1724
2025-07-20 01:55:00+00:00,2025-07-20 07:40:00+00:00,short,117941.25,118215.3,SL,-1.4126,92.7598
2025-07-20 12:00:00+00:00,2025-07-20 12:20:00+00:00,short,117776.42,118055.41,SL,-1.3914,91.3684
2025-07-20 12:35:00+00:00,2025-07-20 12:50:00+00:00,short,117846.88,118106.36,SL,-1.3705,89.9979
2025-07-20 16:00:00+00:00,2025-07-20 16:15:00+00:00,long,118853.33,118515.45,SL,-0.9,89.0979
2025-07-20 18:25:00+00:00,2025-07-20 20:00:00+00:00,long,118214.13,117939.3,SL,-0.891,88.207
2025-07-20 20:45:00+00:00,2025-07-20 21:00:00+00:00,long,118262.99,117925.1,SL,-0.441,87.7659
2025-07-20 23:30:00+00:00,2025-07-21 00:15:00+00:00,short,117120.01,116636.84,TP,0.8777,88.6436
2025-07-21 01:35:00+00:00,2025-07-21 01:45:00+00:00,short,116813.1,117074.0,SL,-0.4432,88.2004
2025-07-21 10:20:00+00:00,2025-07-21 10:35:00+00:00,long,118689.56,118426.47,SL,-0.441,87.7594
2025-07-21 10:50:00+00:00,2025-07-21 11:45:00+00:00,long,118568.19,118296.86,SL,-0.4388,87.3206
2025-07-21 12:20:00+00:00,2025-07-21 12:30:00+00:00,long,118562.9,118265.32,SL,-0.2183,87.1023
2025-07-21 18:45:00+00:00,2025-07-21 20:00:00+00:00,short,117221.99,116750.97,TP,0.4355,87.5378
2025-07-21 23:00:00+00:00,2025-07-21 23:30:00+00:00,short,117206.92,117490.0,SL,-0.2188,87.3189
2025-07-22 00:00:00+00:00,2025-07-22 01:40:00+00:00,short,117303.24,117647.36,SL,-0.2183,87.1006
2025-07-22 02:40:00+00:00,2025-07-22 03:15:00+00:00,short,117297.17,116806.91,TP,0.4355,87.5361
2025-07-22 04:45:00+00:00,2025-07-22 05:10:00+00:00,short,116787.99,117201.8,SL,-0.2188,87.3173
2025-07-22 14:40:00+00:00,2025-07-22 16:15:00+00:00,long,118742.13,119280.0,TP,0.4366,87.7539
2025-07-22 17:35:00+00:00,2025-07-22 18:50:00+00:00,long,119187.82,119985.99,TP,0.8775,88.6314
2025-07-22 20:20:00+00:00,2025-07-22 21:10:00+00:00,long,119831.99,119551.17,SL,-0.4432,88.1883
2025-07-22 22:10:00+00:00,2025-07-22 23:10:00+00:00,long,119642.78,120199.99,TP,0.8819,89.0701
2025-07-23 01:50:00+00:00,2025-07-23 02:00:00+00:00,long,119536.7,119233.76,SL,-0.4454,88.6248
2025-07-23 12:30:00+00:00,2025-07-23 12:50:00+00:00,short,118540.0,117936.0,TP,0.8862,89.511
2025-07-23 16:15:00+00:00,2025-07-23 17:55:00+00:00,short,117819.83,118131.99,SL,-0.8951,88.6159
2025-07-23 19:30:00+00:00,2025-07-23 20:30:00+00:00,short,118285.67,117672.01,TP,1.7723,90.3882
2025-07-24 03:20:00+00:00,2025-07-24 03:45:00+00:00,long,119139.22,118680.98,SL,-1.3558,89.0324
2025-07-24 07:00:00+00:00,2025-07-24 07:05:00+00:00,short,117260.25,117600.0,SL,-1.3355,87.6969
2025-07-24 13:50:00+00:00,2025-07-24 14:35:00+00:00,short,118387.2,118688.99,SL,-1.3155,86.3815
2025-07-24 15:55:00+00:00,2025-07-24 16:15:00+00:00,long,119092.65,118852.32,SL,-0.8638,85.5177
2025-07-24 17:15:00+00:00,2025-07-24 21:10:00+00:00,long,118878.06,118589.93,SL,-0.8552,84.6625
2025-07-25 02:25:00+00:00,2025-07-25 02:55:00+00:00,short,117100.0,116353.67,TP,1.6932,86.3557
2025-07-25 06:25:00+00:00,2025-07-25 07:15:00+00:00,short,115287.87,115801.08,SL,-1.2953,85.0604
2025-07-25 07:45:00+00:00,2025-07-25 08:00:00+00:00,short,115193.36,115477.19,SL,-1.2759,83.7845
2025-07-25 08:40:00+00:00,2025-07-25 08:45:00+00:00,short,115106.6,115448.83,SL,-0.8378,82.9467
2025-07-25 11:40:00+00:00,2025-07-25 12:30:00+00:00,short,116527.12,116033.44,TP,1.6589,84.6056
2025-07-25 17:35:00+00:00,2025-07-25 18:10:00+00:00,short,116029.25,116403.35,SL,-1.2691,83.3365
2025-07-26 05:30:00+00:00,2025-07-26 10:40:00+00:00,long,117507.65,118197.48,TP,1.6667,85.0032
2025-07-26 13:00:00+00:00,2025-07-27 15:15:00+00:00,long,118042.42,118536.36,TP,2.5501,87.5533
2025-07-27 15:55:00+00:00,2025-07-27 16:10:00+00:00,long,118585.74,119157.64,TP,2.6266,90.1799
2025-07-27 20:00:00+00:00,2025-07-27 20:50:00+00:00,long,119098.66,118770.44,SL,-1.3527,88.8272
2025-07-27 21:25:00+00:00,2025-07-27 22:00:00+00:00,long,119043.73,119524.0,TP,2.6648,91.4921
2025-07-28 00:20:00+00:00,2025-07-28 00:40:00+00:00,long,119641.85,119252.7,SL,-1.3724,90.1197
2025-07-28 02:15:00+00:00,2025-07-28 07:05:00+00:00,long,119368.45,118950.26,SL,-1.3518,88.7679
2025-07-28 17:00:00+00:00,2025-07-28 18:05:00+00:00,short,118024.93,117540.0,TP,1.7754,90.5432
2025-07-28 19:45:00+00:00,2025-07-28 19:50:00+00:00,short,117626.06,117939.99,SL,-1.3581,89.1851
2025-07-28 20:10:00+00:00,2025-07-28 20:55:00+00:00,short,117768.06,118044.93,SL,-0.8919,88.2932
2025-07-28 22:05:00+00:00,2025-07-29 00:20:00+00:00,short,118145.68,118412.24,SL,-0.8829,87.4103
2025-07-29 00:30:00+00:00,2025-07-29 01:05:00+00:00,short,117820.01,118064.46,SL,-0.8741,86.5362
2025-07-29 01:50:00+00:00,2025-07-29 03:00:00+00:00,short,117935.6,118237.75,SL,-0.8654,85.6708
2025-07-29 08:15:00+00:00,2025-07-29 08:25:00+00:00,long,119049.98,118796.71,SL,-0.8567,84.8141
2025-07-29 16:35:00+00:00,2025-07-29 16:40:00+00:00,short,117085.83,117459.39,SL,-0.8481,83.966
2025-07-29 18:05:00+00:00,2025-07-29 19:10:00+00:00,short,117535.39,117780.0,SL,-0.4198,83.5462
2025-07-29 19:25:00+00:00,2025-07-29 20:20:00+00:00,short,117462.94,117712.0,SL,-0.4177,83.1284
2025-07-29 20:30:00+00:00,2025-07-29 20:55:00+00:00,short,117214.77,117514.28,SL,-0.4156,82.7128
2025-07-29 23:40:00+00:00,2025-07-30 02:10:00+00:00,short,117772.59,118097.73,SL,-0.4136,82.2992
2025-07-30 10:50:00+00:00,2025-07-30 11:50:00+00:00,short,118064.45,117555.58,TP,0.823,83.1222
2025-07-30 17:50:00+00:00,2025-07-30 18:45:00+00:00,short,117705.0,116909.29,TP,0.8312,83.9534
2025-07-30 21:35:00+00:00,2025-07-30 21:55:00+00:00,short,117040.68,117326.82,SL,-0.4198,83.5337
2025-07-31 06:30:00+00:00,2025-07-31 13:20:00+00:00,long,118422.81,118144.01,SL,-0.4177,83.116
2025-07-31 13:50:00+00:00,2025-07-31 14:05:00+00:00,long,118648.47,118376.21,SL,-0.2078,82.9082
2025-07-31 19:05:00+00:00,2025-07-31 19:30:00+00:00,short,117564.01,117027.46,TP,0.4145,83.3228
2025-07-31 22:05:00+00:00,2025-07-31 23:50:00+00:00,short,116200.01,115573.46,TP,0.4166,83.7394
2025-08-01 00:45:00+00:00,2025-08-01 01:10:00+00:00,short,115250.01,114649.9,TP,0.8374,84.5768
2025-08-01 03:40:00+00:00,2025-08-01 06:25:00+00:00,short,115842.5,115258.0,TP,0.8458,85.4225
2025-08-01 08:20:00+00:00,2025-08-01 08:40:00+00:00,short,114359.85,114590.88,SL,-0.4271,84.9954
2025-08-01 10:25:00+00:00,2025-08-01 11:45:00+00:00,short,115020.08,115304.21,SL,-0.425,84.5704
2025-08-01 15:10:00+00:00,2025-08-01 15:50:00+00:00,short,115133.99,115463.12,SL,-0.4229,84.1476
2025-08-01 16:45:00+00:00,2025-08-01 17:00:00+00:00,short,115329.27,114711.66,TP,0.8415,84.9891
2025-08-01 18:55:00+00:00,2025-08-01 19:20:00+00:00,short,113836.93,113328.83,TP,1.6998,86.6888
2025-08-01 22:05:00+00:00,2025-08-01 22:15:00+00:00,short,113536.0,113796.0,SL,-1.3003,85.3885
2025-08-02 01:25:00+00:00,2025-08-02 03:05:00+00:00,short,113560.0,113889.31,SL,-1.2808,84.1077
2025-08-02 04:15:00+00:00,2025-08-02 13:25:00+00:00,short,113865.69,113284.65,TP,2.5232,86.6309
2025-08-02 14:15:00+00:00,2025-08-02 16:05:00+00:00,short,113237.76,112758.34,TP,2.5989,89.2298
2025-08-02 17:45:00+00:00,2025-08-02 18:10:00+00:00,short,113035.62,112500.01,TP,2.6769,91.9067
2025-08-02 20:00:00+00:00,2025-08-02 20:25:00+00:00,short,112170.0,112427.95,SL,-1.3786,90.5281
2025-08-02 22:15:00+00:00,2025-08-02 22:50:00+00:00,short,112685.26,112949.92,SL,-1.3579,89.1702
2025-08-03 00:20:00+00:00,2025-08-03 00:40:00+00:00,short,112361.77,112634.7,SL,-1.3376,87.8327
2025-08-03 20:55:00+00:00,2025-08-03 22:15:00+00:00,long,114423.77,114184.0,SL,-1.3175,86.5152
2025-08-03 22:50:00+00:00,2025-08-04 00:05:00+00:00,long,114369.55,114136.0,SL,-1.2977,85.2174
2025-08-04 02:55:00+00:00,2025-08-04 04:15:00+00:00,long,114797.9,114557.39,SL,-1.2783,83.9392
2025-08-04 05:50:00+00:00,2025-08-04 13:55:00+00:00,long,114339.75,114913.88,TP,2.5182,86.4574
2025-08-04 16:10:00+00:00,2025-08-04 17:05:00+00:00,long,115015.81,115536.4,TP,2.5937,89.0511
2025-08-04 20:30:00+00:00,2025-08-05 01:50:00+00:00,long,115015.81,114710.04,SL,-1.3358,87.7153
2025-08-05 14:10:00+00:00,2025-08-05 14:20:00+00:00,short,113864.58,113287.98,TP,2.6315,90.3468
2025-08-05 18:35:00+00:00,2025-08-05 19:00:00+00:00,short,113463.73,113746.52,SL,-1.3552,88.9916
2025-08-05 19:30:00+00:00,2025-08-05 20:25:00+00:00,short,113655.76,113989.91,SL,-1.3349,87.6567
2025-08-05 20:40:00+00:00,2025-08-05 22:30:00+00:00,short,113658.77,113890.52,SL,-1.3149,86.3418
2025-08-06 02:05:00+00:00,2025-08-06 05:10:00+00:00,short,113623.39,113927.69,SL,-1.2951,85.0467
2025-08-06 12:10:00+00:00,2025-08-06 12:30:00+00:00,short,113955.95,114225.99,SL,-0.8505,84.1963
2025-08-06 17:40:00+00:00,2025-08-06 19:45:00+00:00,long,115460.71,115214.8,SL,-0.421,83.7753
2025-08-06 21:10:00+00:00,2025-08-06 21:35:00+00:00,long,115219.68,114887.0,SL,-0.4189,83.3564
2025-08-06 22:00:00+00:00,2025-08-07 00:05:00+00:00,long,115136.96,114903.25,SL,-0.4168,82.9396
2025-08-07 00:30:00+00:00,2025-08-07 01:55:00+00:00,long,115004.58,114763.46,SL,-0.4147,82.5249
2025-08-07 08:00:00+00:00,2025-08-07 10:00:00+00:00,long,114988.54,115462.99,TP,0.4126,82.9375
2025-08-07 13:35:00+00:00,2025-08-07 14:05:00+00:00,long,116723.57,116317.46,SL,-0.2073,82.7302
2025-08-07 15:20:00+00:00,2025-08-07 16:40:00+00:00,long,116590.52,116100.01,SL,-0.2068,82.5234
2025-08-07 17:25:00+00:00,2025-08-07 19:35:00+00:00,long,116398.83,116896.0,TP,0.4126,82.936
2025-08-07 22:20:00+00:00,2025-08-08 00:15:00+00:00,long,117480.0,116878.05,SL,-0.4147,82.5213
2025-08-08 00:40:00+00:00,2025-08-08 00:55:00+00:00,long,117573.88,117264.12,SL,-0.4126,82.1087
2025-08-08 02:30:00+00:00,2025-08-08 05:45:00+00:00,long,116794.0,116556.0,SL,-0.4105,81.6982
2025-08-08 13:20:00+00:00,2025-08-08 14:35:00+00:00,long,116739.8,116494.14,SL,-0.4085,81.2897
2025-08-08 20:30:00+00:00,2025-08-09 08:40:00+00:00,long,116557.05,117155.65,TP,0.4064,81.6961
2025-08-09 13:00:00+00:00,2025-08-09 13:10:00+00:00,long,117136.57,116900.0,SL,-0.2042,81.4919
2025-08-09 13:45:00+00:00,2025-08-09 16:20:00+00:00,long,117000.37,116730.19,SL,-0.2037,81.2881
2025-08-10 06:55:00+00:00,2025-08-10 07:35:00+00:00,long,118074.24,117700.01,SL,-0.2032,81.0849
2025-08-10 08:15:00+00:00,2025-08-10 12:15:00+00:00,long,118119.7,118628.45,TP,0.4054,81.4903
2025-08-10 14:20:00+00:00,2025-08-10 17:20:00+00:00,long,118769.98,118465.31,SL,-0.2037,81.2866
2025-08-10 18:35:00+00:00,2025-08-10 20:15:00+00:00,long,118529.95,118158.02,SL,-0.2032,81.0834
2025-08-10 20:40:00+00:00,2025-08-10 20:55:00+00:00,long,118688.14,118323.16,SL,-0.2027,80.8807
2025-08-10 21:45:00+00:00,2025-08-10 22:50:00+00:00,long,118495.94,118990.36,TP,0.4044,81.2851
2025-08-10 23:30:00+00:00,2025-08-11 01:15:00+00:00,long,119259.99,118981.99,SL,-0.4064,80.8787
2025-08-11 01:30:00+00:00,2025-08-11 02:00:00+00:00,long,119764.25,120694.02,TP,0.8088,81.6875
2025-08-11 05:10:00+00:00,2025-08-11 05:20:00+00:00,long,122304.02,121852.03,SL,-0.4084,81.279
2025-08-11 06:50:00+00:00,2025-08-11 07:05:00+00:00,long,122324.72,122068.31,SL,-0.4064,80.8726
2025-08-11 08:35:00+00:00,2025-08-11 09:15:00+00:00,long,121675.82,121415.45,SL,-0.4044,80.4683
2025-08-11 09:55:00+00:00,2025-08-11 10:05:00+00:00,long,121439.75,121181.49,SL,-0.4023,80.0659
2025-08-11 10:20:00+00:00,2025-08-11 10:45:00+00:00,long,121368.0,121067.33,SL,-0.4003,79.6656
2025-08-12 02:00:00+00:00,2025-08-12 02:25:00+00:00,short,118834.52,119121.09,SL,-0.1992,79.4664
2025-08-12 02:55:00+00:00,2025-08-12 05:30:00+00:00,short,119054.13,118506.82,TP,0.3973,79.8638
2025-08-12 07:45:00+00:00,2025-08-12 09:45:00+00:00,short,119018.31,118541.6,TP,0.7986,80.6624
2025-08-12 12:10:00+00:00,2025-08-12 12:30:00+00:00,short,118371.43,118940.09,SL,-0.4033,80.2591
2025-08-12 13:40:00+00:00,2025-08-12 14:00:00+00:00,short,118742.52,119027.57,SL,-0.4013,79.8578
2025-08-12 18:10:00+00:00,2025-08-12 18:45:00+00:00,long,119784.31,119483.28,SL,-0.3993,79.4585
2025-08-12 19:20:00+00:00,2025-08-12 20:45:00+00:00,long,119754.15,120249.99,TP,0.7946,80.2531
2025-08-12 22:50:00+00:00,2025-08-13 00:55:00+00:00,long,119956.23,119713.19,SL,-0.4013,79.8518
2025-08-13 05:25:00+00:00,2025-08-13 05:40:00+00:00,long,119600.01,119180.0,SL,-0.3993,79.4526
2025-08-13 10:05:00+00:00,2025-08-13 13:45:00+00:00,long,120258.67,121056.21,TP,0.7945,80.2471
2025-08-13 16:00:00+00:00,2025-08-13 17:20:00+00:00,long,121236.26,121839.66,TP,0.8025,81.0496
2025-08-13 18:00:00+00:00,2025-08-13 18:05:00+00:00,long,121922.01,121644.81,SL,-0.8105,80.2391
2025-08-13 18:10:00+00:00,2025-08-13 18:25:00+00:00,long,121908.97,121627.74,SL,-0.8024,79.4367
2025-08-13 19:10:00+00:00,2025-08-13 19:20:00+00:00,long,121934.01,122505.39,TP,0.7944,80.231
2025-08-13 20:45:00+00:00,2025-08-13 21:25:00+00:00,long,122939.99,122689.19,SL,-0.8023,79.4287
2025-08-13 22:15:00+00:00,2025-08-13 22:40:00+00:00,long,122931.61,123518.76,TP,0.7943,80.223
2025-08-13 23:30:00+00:00,2025-08-14 00:25:00+00:00,long,123428.99,124243.32,TP,1.6045,81.8275
2025-08-14 02:45:00+00:00,2025-08-14 03:50:00+00:00,long,123613.73,123350.01,SL,-1.2274,80.6001
2025-08-14 15:25:00+00:00,2025-08-14 16:10:00+00:00,short,118150.62,117646.41,TP,2.418,83.0181
2025-08-14 18:20:00+00:00,2025-08-14 18:25:00+00:00,short,117495.59,117855.0,SL,-1.2453,81.7728
2025-08-14 19:55:00+00:00,2025-08-14 22:20:00+00:00,short,117945.92,118204.38,SL,-1.2266,80.5462
2025-08-14 23:55:00+00:00,2025-08-15 01:40:00+00:00,short,118295.09,118621.99,SL,-1.2082,79.338
2025-08-15 02:50:00+00:00,2025-08-15 03:20:00+00:00,short,118687.59,118927.54,SL,-1.1901,78.1479
2025-08-15 08:55:00+00:00,2025-08-15 13:30:00+00:00,short,118878.72,118302.78,TP,1.563,79.7109
2025-08-15 14:20:00+00:00,2025-08-15 14:50:00+00:00,short,117842.0,117347.99,TP,2.3913,82.1022
2025-08-15 18:15:00+00:00,2025-08-15 22:50:00+00:00,short,117300.38,117691.77,SL,-1.2315,80.8707
2025-08-15 23:10:00+00:00,2025-08-16 00:30:00+00:00,short,117326.03,117606.53,SL,-1.2131,79.6576
2025-08-16 02:00:00+00:00,2025-08-17 04:50:00+00:00,short,117645.93,118146.36,SL,-1.1949,78.4628
2025-08-17 11:00:00+00:00,2025-08-17 13:05:00+00:00,long,118365.12,118109.75,SL,-1.1769,77.2858
2025-08-17 13:35:00+00:00,2025-08-17 16:15:00+00:00,long,118279.99,118026.9,SL,-1.1593,76.1265
2025-08-17 23:10:00+00:00,2025-08-18 00:15:00+00:00,short,117779.54,117300.01,TP,1.5225,77.6491
2025-08-18 01:25:00+00:00,2025-08-18 01:50:00+00:00,short,116670.05,116188.55,TP,1.553,79.2021
2025-08-18 05:40:00+00:00,2025-08-18 05:50:00+00:00,short,115163.67,115501.27,SL,-1.188,78.014
2025-08-18 06:20:00+00:00,2025-08-18 07:00:00+00:00,short,115142.72,115436.75,SL,-1.1702,76.8438
2025-08-18 08:00:00+00:00,2025-08-18 09:25:00+00:00,short,115181.47,114677.79,TP,1.5369,78.3807
2025-08-18 11:20:00+00:00,2025-08-18 12:30:00+00:00,short,114966.0,115233.64,SL,-1.1757,77.205
2025-08-18 13:45:00+00:00,2025-08-18 13:55:00+00:00,short,115321.24,114839.13,TP,1.5441,78.7491
2025-08-19 01:30:00+00:00,2025-08-19 03:05:00+00:00,short,116009.05,115515.52,TP,1.575,80.3241
2025-08-19 05:55:00+00:00,2025-08-19 08:50:00+00:00,short,114972.9,115292.31,SL,-1.2049,79.1192
2025-08-19 10:00:00+00:00,2025-08-19 11:05:00+00:00,short,115318.43,115552.89,SL,-0.7912,78.328
2025-08-19 13:35:00+00:00,2025-08-19 14:10:00+00:00,short,115305.61,114797.22,TP,1.5666,79.8946
2025-08-19 17:00:00+00:00,2025-08-19 17:30:00+00:00,short,113312.11,113562.91,SL,-1.1984,78.6961
2025-08-19 18:35:00+00:00,2025-08-19 19:20:00+00:00,short,113092.62,113323.14,SL,-1.1804,77.5157
2025-08-19 20:10:00+00:00,2025-08-19 20:25:00+00:00,short,112976.0,113298.08,SL,-1.1627,76.353
2025-08-19 21:45:00+00:00,2025-08-19 23:00:00+00:00,short,113469.17,112990.01,TP,1.5271,77.88
2025-08-20 01:25:00+00:00,2025-08-20 02:10:00+00:00,short,112944.8,113272.3,SL,-0.7788,77.1012
2025-08-20 03:45:00+00:00,2025-08-20 05:50:00+00:00,short,113464.22,113724.38,SL,-0.771,76.3302
2025-08-20 06:05:00+00:00,2025-08-20 08:30:00+00:00,short,113636.11,113923.4,SL,-0.7633,75.5669
2025-08-20 11:10:00+00:00,2025-08-20 12:00:00+00:00,short,113593.99,113858.58,SL,-0.7557,74.8112
2025-08-20 13:00:00+00:00,2025-08-20 13:45:00+00:00,short,113536.87,112764.0,TP,1.4962,76.3075
2025-08-20 15:50:00+00:00,2025-08-20 16:15:00+00:00,short,113473.69,113937.98,SL,-1.1446,75.1629
2025-08-21 01:15:00+00:00,2025-08-21 01:30:00+00:00,short,113966.45,114243.99,SL,-0.7516,74.4112
2025-08-21 06:10:00+00:00,2025-08-21 07:35:00+00:00,short,113652.43,113903.62,SL,-0.3721,74.0392
2025-08-21 08:25:00+00:00,2025-08-21 10:00:00+00:00,short,113760.01,113285.36,TP,0.7404,74.7796
2025-08-21 11:45:00+00:00,2025-08-21 12:20:00+00:00,short,113080.61,113330.08,SL,-0.7478,74.0318
2025-08-21 12:45:00+00:00,2025-08-21 13:00:00+00:00,short,113004.0,113243.81,SL,-0.3702,73.6616
2025-08-21 14:35:00+00:00,2025-08-21 15:10:00+00:00,short,113262.05,112700.03,TP,0.7366,74.3982
2025-08-21 19:25:00+00:00,2025-08-21 20:50:00+00:00,short,112258.59,112725.99,SL,-0.372,74.0262
2025-08-21 22:30:00+00:00,2025-08-22 00:30:00+00:00,short,112536.0,112808.0,SL,-0.3701,73.6561
2025-08-22 01:00:00+00:00,2025-08-22 01:40:00+00:00,short,112634.49,112911.52,SL,-0.3683,73.2878
2025-08-22 06:35:00+00:00,2025-08-22 07:05:00+00:00,short,112926.67,113176.97,SL,-0.3664,72.9214
2025-08-22 10:10:00+00:00,2025-08-22 11:10:00+00:00,short,112771.79,112314.0,TP,0.3646,73.286
2025-08-22 12:10:00+00:00,2025-08-22 12:45:00+00:00,short,112079.02,112669.01,SL,-0.3664,72.9196
2025-08-22 18:05:00+00:00,2025-08-22 18:20:00+00:00,long,117218.0,116849.99,SL,-0.3646,72.555
2025-08-22 20:15:00+00:00,2025-08-22 22:20:00+00:00,long,116899.53,116631.57,SL,-0.3628,72.1922
2025-08-22 23:25:00+00:00,2025-08-23 01:35:00+00:00,long,116743.52,116422.01,SL,-0.1805,72.0117
2025-08-23 03:10:00+00:00,2025-08-23 03:15:00+00:00,long,116003.83,115747.21,SL,-0.18,71.8317
2025-08-23 07:15:00+00:00,2025-08-23 10:55:00+00:00,long,115825.88,115575.72,SL,-0.1796,71.6521
2025-08-23 22:05:00+00:00,2025-08-24 02:55:00+00:00,long,115271.48,115005.15,SL,-0.1791,71.473
2025-08-24 10:15:00+00:00,2025-08-24 16:55:00+00:00,short,114776.49,114275.0,TP,0.3574,71.8303
2025-08-24 17:15:00+00:00,2025-08-24 18:10:00+00:00,short,114321.01,114738.98,SL,-0.1796,71.6508
2025-08-24 19:00:00+00:00,2025-08-24 19:30:00+00:00,short,114552.89,113864.08,TP,0.3583,72.009
2025-08-24 23:55:00+00:00,2025-08-25 00:30:00+00:00,short,113493.59,112979.59,TP,0.7201,72.7291
2025-08-25 03:25:00+00:00,2025-08-25 03:55:00+00:00,short,113371.82,112916.84,TP,0.7273,73.4564
2025-08-25 06:30:00+00:00,2025-08-25 07:45:00+00:00,short,112140.47,111582.01,TP,0.7346,74.191
2025-08-25 10:20:00+00:00,2025-08-25 12:25:00+00:00,short,111335.87,111682.49,SL,-0.7419,73.449
2025-08-25 13:30:00+00:00,2025-08-25 13:55:00+00:00,short,111200.0,111491.69,SL,-0.7345,72.7146
2025-08-25 15:10:00+00:00,2025-08-25 15:15:00+00:00,short,111994.63,112258.04,SL,-0.3636,72.351
2025-08-25 23:15:00+00:00,2025-08-26 00:20:00+00:00,short,110019.99,109519.99,TP,0.7235,73.0745
2025-08-26 02:40:00+00:00,2025-08-26 03:20:00+00:00,short,109643.0,109924.98,SL,-0.7307,72.3438
2025-08-26 05:55:00+00:00,2025-08-26 07:30:00+00:00,short,110196.01,110438.56,SL,-0.7234,71.6203
2025-08-26 08:25:00+00:00,2025-08-26 08:45:00+00:00,short,110074.45,110349.63,SL,-0.7162,70.9041
2025-08-26 09:40:00+00:00,2025-08-26 10:05:00+00:00,short,110072.98,110302.96,SL,-0.3545,70.5496
2025-08-26 10:50:00+00:00,2025-08-26 11:30:00+00:00,short,110175.75,109694.89,TP,0.7055,71.2551
2025-08-26 13:25:00+00:00,2025-08-26 13:30:00+00:00,short,109855.63,110136.0,SL,-0.7126,70.5425
2025-08-26 14:10:00+00:00,2025-08-26 14:20:00+00:00,short,109895.92,110468.0,SL,-0.7054,69.8371
2025-08-26 15:25:00+00:00,2025-08-26 15:40:00+00:00,short,110075.2,109599.99,TP,1.3967,71.2339
2025-08-26 17:40:00+00:00,2025-08-26 17:55:00+00:00,short,109664.32,109988.07,SL,-1.0685,70.1653
2025-08-27 03:40:00+00:00,2025-08-27 04:05:00+00:00,long,111192.0,111680.47,TP,2.105,72.2703
2025-08-27 16:50:00+00:00,2025-08-27 19:05:00+00:00,long,112155.68,111897.1,SL,-1.0841,71.1862
2025-08-27 20:25:00+00:00,2025-08-27 21:15:00+00:00,long,112083.8,111845.6,SL,-1.0678,70.1185
2025-08-28 03:10:00+00:00,2025-08-28 04:25:00+00:00,long,111855.73,112303.8,TP,2.1036,72.222
2025-08-28 06:55:00+00:00,2025-08-28 09:25:00+00:00,long,113213.78,112984.48,SL,-1.0833,71.1387
2025-08-28 10:30:00+00:00,2025-08-28 13:45:00+00:00,long,112998.02,112740.01,SL,-0.7114,70.4273
2025-08-28 14:40:00+00:00,2025-08-28 15:20:00+00:00,long,112988.37,112613.11,SL,-0.3521,70.0752
2025-08-28 16:10:00+00:00,2025-08-28 16:55:00+00:00,long,112925.99,112329.44,SL,-0.3504,69.7248
2025-08-28 23:40:00+00:00,2025-08-29 00:40:00+00:00,long,112480.79,112236.46,SL,-0.3486,69.3762
2025-08-29 04:35:00+00:00,2025-08-29 06:15:00+00:00,short,111558.1,111030.52,TP,0.6938,70.0699
2025-08-29 07:10:00+00:00,2025-08-29 07:40:00+00:00,short,110545.0,110061.31,TP,0.7007,70.7706
2025-08-29 08:55:00+00:00,2025-08-29 09:45:00+00:00,short,109628.02,109881.58,SL,-0.3539,70.4168
2025-08-29 11:40:00+00:00,2025-08-29 12:05:00+00:00,short,109900.9,110200.0,SL,-0.3521,70.0647
2025-08-29 13:15:00+00:00,2025-08-29 13:35:00+00:00,short,110447.53,109787.98,TP,0.7006,70.7653
2025-08-29 17:15:00+00:00,2025-08-29 17:50:00+00:00,short,108287.49,108527.99,SL,-0.7077,70.0577
2025-08-29 18:15:00+00:00,2025-08-29 19:15:00+00:00,short,108302.0,108619.86,SL,-0.7006,69.3571
2025-08-29 20:00:00+00:00,2025-08-29 20:40:00+00:00,short,108082.56,107624.0,TP,0.6936,70.0507
2025-08-29 22:40:00+00:00,2025-08-29 23:15:00+00:00,short,108240.0,108498.22,SL,-0.7005,69.3502
2025-08-29 23:55:00+00:00,2025-08-30 01:45:00+00:00,short,108377.4,107912.97,TP,1.387,70.7372
2025-08-30 04:50:00+00:00,2025-08-30 08:25:00+00:00,short,108464.49,108727.25,SL,-0.7074,70.0298
2025-08-30 08:50:00+00:00,2025-08-30 15:35:00+00:00,short,108572.46,108916.0,SL,-0.7003,69.3295
2025-08-31 09:30:00+00:00,2025-08-31 10:15:00+00:00,short,108817.26,108370.27,TP,0.6933,70.0228
2025-08-31 13:00:00+00:00,2025-08-31 15:00:00+00:00,short,108290.53,108638.33,SL,-0.7002,69.3226
2025-09-01 02:15:00+00:00,2025-09-01 03:20:00+00:00,short,107887.76,107447.45,TP,1.3865,70.709
2025-09-01 04:35:00+00:00,2025-09-01 05:20:00+00:00,short,107374.41,107671.99,SL,-0.7071,70.0019
2025-09-01 15:00:00+00:00,2025-09-01 15:15:00+00:00,long,109269.01,108984.85,SL,-0.7,69.3019
2025-09-01 16:10:00+00:00,2025-09-01 16:50:00+00:00,long,109018.46,108775.33,SL,-0.693,68.6089
2025-09-01 17:40:00+00:00,2025-09-01 19:00:00+00:00,long,108844.52,109285.71,TP,1.3722,69.9811
2025-09-02 01:45:00+00:00,2025-09-02 01:55:00+00:00,long,109595.26,109313.0,SL,-1.0497,68.9313
2025-09-02 02:25:00+00:00,2025-09-02 02:55:00+00:00,long,109523.64,110246.01,TP,2.0679,70.9993
2025-09-02 06:10:00+00:00,2025-09-02 07:50:00+00:00,long,110359.99,110056.0,SL,-1.065,69.9343
2025-09-02 08:25:00+00:00,2025-09-02 11:10:00+00:00,long,110306.95,110080.01,SL,-0.6993,69.235
2025-09-02 17:25:00+00:00,2025-09-02 18:05:00+00:00,long,110866.68,110567.9,SL,-0.6924,68.5426
2025-09-02 18:50:00+00:00,2025-09-02 19:10:00+00:00,long,110807.09,110541.61,SL,-0.6854,67.8572
2025-09-02 19:35:00+00:00,2025-09-02 20:10:00+00:00,long,110686.8,111195.99,TP,0.6786,68.5357
2025-09-02 22:55:00+00:00,2025-09-02 23:30:00+00:00,long,111259.99,111017.79,SL,-0.6854,67.8504
2025-09-02 23:55:00+00:00,2025-09-03 01:20:00+00:00,long,111240.01,110931.47,SL,-0.6785,67.1719
2025-09-03 02:10:00+00:00,2025-09-03 05:15:00+00:00,long,111098.31,110844.66,SL,-0.3359,66.836
2025-09-03 09:25:00+00:00,2025-09-03 11:00:00+00:00,long,111134.53,111675.96,TP,0.6684,67.5044
2025-09-03 13:30:00+00:00,2025-09-03 14:10:00+00:00,long,111449.74,111222.26,SL,-0.3375,67.1669
2025-09-03 14:30:00+00:00,2025-09-03 14:40:00+00:00,long,111839.99,112475.99,TP,0.6717,67.8385
2025-09-03 17:10:00+00:00,2025-09-03 18:25:00+00:00,long,112380.33,112136.54,SL,-0.6784,67.1601
2025-09-03 19:50:00+00:00,2025-09-03 21:35:00+00:00,long,112137.3,111864.95,SL,-0.3358,66.8243
2025-09-03 22:10:00+00:00,2025-09-03 22:45:00+00:00,long,112096.27,111839.87,SL,-0.3341,66.4902
2025-09-04 00:15:00+00:00,2025-09-04 02:20:00+00:00,long,111896.01,111633.58,SL,-0.3325,66.1578
2025-09-04 10:45:00+00:00,2025-09-04 13:45:00+00:00,short,110921.85,110415.52,TP,0.6616,66.8194
2025-09-04 14:55:00+00:00,2025-09-04 15:15:00+00:00,short,109842.01,109369.62,TP,0.6682,67.4875
2025-09-04 19:15:00+00:00,2025-09-04 20:20:00+00:00,short,110018.12,110358.1,SL,-0.6749,66.8127
2025-09-05 04:35:00+00:00,2025-09-05 06:55:00+00:00,long,111365.94,111911.99,TP,0.6681,67.4808
2025-09-05 10:35:00+00:00,2025-09-05 12:30:00+00:00,long,112350.81,112894.01,TP,1.3496,68.8304
2025-09-06 00:00:00+00:00,2025-09-06 01:10:00+00:00,short,110619.99,110842.94,SL,-0.6883,68.1421
2025-09-06 02:15:00+00:00,2025-09-06 02:45:00+00:00,short,110817.33,111102.0,SL,-0.6814,67.4607
2025-09-06 03:40:00+00:00,2025-09-06 15:40:00+00:00,short,111073.6,110609.07,TP,1.3492,68.8099
2025-09-06 19:40:00+00:00,2025-09-07 00:40:00+00:00,short,110052.0,110292.19,SL,-1.0321,67.7778
2025-09-07 11:00:00+00:00,2025-09-07 17:15:00+00:00,long,111264.24,110960.0,SL,-1.0167,66.7611
2025-09-07 18:50:00+00:00,2025-09-07 23:20:00+00:00,long,110967.52,111473.99,TP,1.3352,68.0963
2025-09-08 08:25:00+00:00,2025-09-08 09:55:00+00:00,long,111594.94,112094.99,TP,2.0429,70.1392
2025-09-08 12:00:00+00:00,2025-09-08 14:30:00+00:00,long,112063.74,112658.6,TP,2.1042,72.2434
2025-09-08 17:25:00+00:00,2025-09-08 17:40:00+00:00,long,112518.12,112250.98,SL,-1.0837,71.1597
2025-09-08 18:15:00+00:00,2025-09-08 19:05:00+00:00,long,112430.0,112204.35,SL,-1.0674,70.0923
2025-09-09 05:55:00+00:00,2025-09-09 06:10:00+00:00,long,112200.0,112686.44,TP,2.1028,72.1951
2025-09-09 12:10:00+00:00,2025-09-09 14:00:00+00:00,long,112723.3,112361.62,SL,-1.0829,71.1122
2025-09-09 20:10:00+00:00,2025-09-09 20:45:00+00:00,short,111209.72,111451.25,SL,-1.0667,70.0455
2025-09-09 21:40:00+00:00,2025-09-10 01:25:00+00:00,short,111437.67,110946.66,TP,2.1014,72.1469
2025-09-10 03:40:00+00:00,2025-09-10 06:25:00+00:00,short,111457.0,111755.59,SL,-1.0822,71.0647
2025-09-10 10:35:00+00:00,2025-09-10 12:30:00+00:00,long,112374.22,113333.0,TP,2.1319,73.1966
2025-09-10 14:20:00+00:00,2025-09-10 14:30:00+00:00,long,114249.66,113985.22,SL,-1.0979,72.0986
2025-09-10 17:05:00+00:00,2025-09-10 17:25:00+00:00,long,113899.98,113482.01,SL,-1.0815,71.0172
2025-09-10 18:00:00+00:00,2025-09-10 18:15:00+00:00,long,113846.99,113590.44,SL,-1.0653,69.9519
2025-09-10 19:45:00+00:00,2025-09-10 22:00:00+00:00,long,113446.91,113952.02,TP,2.0986,72.0505
2025-09-10 23:05:00+00:00,2025-09-11 00:30:00+00:00,long,114013.43,113737.25,SL,-1.0808,70.9697
2025-09-11 01:00:00+00:00,2025-09-11 03:55:00+00:00,long,113925.63,114400.01,TP,2.1291,73.0988
2025-09-11 05:40:00+00:00,2025-09-11 07:05:00+00:00,long,114292.52,114049.32,SL,-1.0965,72.0023
2025-09-11 08:15:00+00:00,2025-09-11 09:40:00+00:00,long,114112.02,113851.99,SL,-1.08,70.9223
2025-09-11 10:05:00+00:00,2025-09-11 13:10:00+00:00,long,113944.01,113489.08,SL,-1.0638,69.8584
2025-09-11 13:35:00+00:00,2025-09-11 13:55:00+00:00,long,114083.99,114628.08,TP,2.0958,71.9542
2025-09-11 16:35:00+00:00,2025-09-11 18:15:00+00:00,long,114524.99,114170.26,SL,-1.0793,70.8749
2025-09-11 19:25:00+00:00,2025-09-11 22:20:00+00:00,long,114335.77,115020.0,TP,1.4175,72.2924
2025-09-12 00:00:00+00:00,2025-09-12 00:45:00+00:00,long,115636.0,116282.18,TP,1.4458,73.7382
2025-09-12 04:10:00+00:00,2025-09-12 08:05:00+00:00,long,115287.85,114999.61,SL,-1.1061,72.6322
2025-09-12 08:25:00+00:00,2025-09-12 09:20:00+00:00,long,115185.19,114934.57,SL,-1.0895,71.5427
2025-09-12 12:25:00+00:00,2025-09-12 13:35:00+00:00,long,115126.66,114861.84,SL,-0.7154,70.8273
2025-09-12 13:50:00+00:00,2025-09-12 14:40:00+00:00,long,115097.23,114865.31,SL,-0.7083,70.119
2025-09-12 15:45:00+00:00,2025-09-12 17:20:00+00:00,long,115217.5,115920.14,TP,1.4024,71.5214
2025-09-12 22:05:00+00:00,2025-09-13 01:50:00+00:00,long,116019.62,115711.99,SL,-0.7152,70.8061
2025-09-13 02:25:00+00:00,2025-09-13 04:50:00+00:00,long,115978.96,115697.15,SL,-0.7081,70.0981
2025-09-13 05:20:00+00:00,2025-09-13 16:20:00+00:00,long,115807.6,115510.71,SL,-0.3505,69.7476
2025-09-13 23:15:00+00:00,2025-09-14 03:05:00+00:00,long,115964.0,115730.01,SL,-0.3487,69.3989
2025-09-15 01:05:00+00:00,2025-09-15 01:25:00+00:00,short,114874.01,115164.51,SL,-0.347,69.0519
2025-09-15 03:35:00+00:00,2025-09-15 04:20:00+00:00,short,115436.05,115930.59,SL,-0.3453,68.7066
2025-09-15 12:25:00+00:00,2025-09-15 13:25:00+00:00,short,114794.01,115042.44,SL,-0.3435,68.3631
2025-09-15 13:40:00+00:00,2025-09-15 13:50:00+00:00,short,114468.99,114851.41,SL,-0.3418,68.0213
2025-09-15 15:00:00+00:00,2025-09-15 15:55:00+00:00,short,114609.66,114842.9,SL,-0.1701,67.8512
2025-09-15 16:55:00+00:00,2025-09-15 17:40:00+00:00,short,114662.57,114896.26,SL,-0.1696,67.6816
2025-09-15 18:35:00+00:00,2025-09-15 18:50:00+00:00,short,114915.64,115267.43,SL,-0.1692,67.5124
2025-09-15 19:25:00+00:00,2025-09-15 19:35:00+00:00,short,115100.71,115465.65,SL,-0.1688,67.3436
2025-09-16 01:50:00+00:00,2025-09-16 03:30:00+00:00,short,115076.03,115381.27,SL,-0.1684,67.1752
2025-09-16 04:10:00+00:00,2025-09-16 04:40:00+00:00,short,115110.21,115366.67,SL,-0.1679,67.0073
2025-09-16 08:10:00+00:00,2025-09-16 08:30:00+00:00,long,115947.54,115600.01,SL,-0.1675,66.8398
2025-09-16 10:25:00+00:00,2025-09-16 11:00:00+00:00,long,115511.04,115279.92,SL,-0.1671,66.6727
2025-09-16 19:50:00+00:00,2025-09-17 03:35:00+00:00,long,116717.34,116478.43,SL,-0.1667,66.506
2025-09-17 05:00:00+00:00,2025-09-17 05:55:00+00:00,long,116492.61,117108.3,TP,0.3325,66.8385
2025-09-17 18:15:00+00:00,2025-09-17 18:20:00+00:00,short,115490.42,115774.47,SL,-0.1671,66.6714
2025-09-17 18:30:00+00:00,2025-09-17 19:05:00+00:00,short,115361.69,115840.98,SL,-0.1667,66.5047
2025-09-17 20:40:00+00:00,2025-09-17 21:40:00+00:00,short,115700.01,115951.11,SL,-0.1663,66.3385
2025-09-18 02:50:00+00:00,2025-09-18 03:05:00+00:00,long,116845.47,117336.65,TP,0.3317,66.6702
2025-09-18 07:00:00+00:00,2025-09-18 14:15:00+00:00,long,117170.19,117719.11,TP,0.3333,67.0035
2025-09-18 16:00:00+00:00,2025-09-18 19:30:00+00:00,long,117668.85,117309.6,SL,-0.1675,66.836
2025-09-18 20:25:00+00:00,2025-09-18 22:00:00+00:00,long,117501.44,117247.66,SL,-0.1671,66.6689
2025-09-19 11:45:00+00:00,2025-09-19 15:00:00+00:00,short,116310.0,115650.34,TP,0.3333,67.0023
2025-09-19 17:10:00+00:00,2025-09-19 19:05:00+00:00,short,115810.11,115316.91,TP,0.335,67.3373
2025-09-19 19:30:00+00:00,2025-09-19 22:00:00+00:00,short,115261.98,115517.46,SL,-0.3367,67.0006
2025-09-19 23:05:00+00:00,2025-09-20 07:35:00+00:00,short,115553.08,115839.99,SL,-0.335,66.6656
2025-09-20 22:00:00+00:00,2025-09-21 16:45:00+00:00,short,115778.01,115239.15,TP,0.6667,67.3323
2025-09-21 18:50:00+00:00,2025-09-22 00:30:00+00:00,short,115532.19,114971.87,TP,0.6733,68.0056
2025-09-22 01:55:00+00:00,2025-09-22 02:05:00+00:00,short,114273.45,114520.43,SL,-0.6801,67.3255
2025-09-22 04:50:00+00:00,2025-09-22 05:55:00+00:00,short,114435.4,113691.19,TP,1.3465,68.672
2025-09-22 09:20:00+00:00,2025-09-22 10:15:00+00:00,short,112339.83,112619.0,SL,-1.0301,67.6419
2025-09-22 12:00:00+00:00,2025-09-22 13:10:00+00:00,short,112716.94,112949.98,SL,-1.0146,66.6273
2025-09-22 13:35:00+00:00,2025-09-22 13:50:00+00:00,short,112561.27,112840.08,SL,-0.9994,65.6279
2025-09-22 14:40:00+00:00,2025-09-22 17:00:00+00:00,short,112986.82,112471.99,TP,1.9688,67.5967
2025-09-22 18:55:00+00:00,2025-09-22 20:50:00+00:00,short,112429.13,112772.67,SL,-1.014,66.5828
2025-09-22 22:05:00+00:00,2025-09-23 01:40:00+00:00,short,112742.25,112266.0,TP,1.9975,68.5803
2025-09-23 02:20:00+00:00,2025-09-23 03:00:00+00:00,short,112131.19,111670.69,TP,2.0574,70.6377
2025-09-23 04:25:00+00:00,2025-09-23 04:35:00+00:00,short,112020.01,112275.55,SL,-1.0596,69.5781
2025-09-23 06:00:00+00:00,2025-09-23 06:20:00+00:00,short,112616.94,112866.49,SL,-1.0437,68.5345
2025-09-23 11:05:00+00:00,2025-09-23 11:40:00+00:00,short,112738.43,113056.64,SL,-1.028,67.5064
2025-09-23 13:40:00+00:00,2025-09-23 14:05:00+00:00,short,112796.0,113193.03,SL,-1.0126,66.4938
2025-09-23 14:25:00+00:00,2025-09-23 17:30:00+00:00,short,112814.87,112301.65,TP,1.9948,68.4887
2025-09-23 22:25:00+00:00,2025-09-24 00:20:00+00:00,short,112002.16,112319.22,SL,-1.0273,67.4613
2025-09-24 02:10:00+00:00,2025-09-24 03:45:00+00:00,short,112171.7,111718.93,TP,2.0238,69.4852
2025-09-24 14:15:00+00:00,2025-09-24 14:50:00+00:00,long,113119.99,113787.12,TP,2.0846,71.5697
2025-09-24 16:40:00+00:00,2025-09-24 19:30:00+00:00,long,113676.82,113425.54,SL,-1.0735,70.4962
2025-09-24 20:10:00+00:00,2025-09-24 22:50:00+00:00,long,113530.78,113267.24,SL,-1.0574,69.4387
2025-09-24 23:55:00+00:00,2025-09-25 00:55:00+00:00,long,113307.0,113062.35,SL,-1.0416,68.3971
2025-09-25 01:15:00+00:00,2025-09-25 01:30:00+00:00,long,113257.23,112874.36,SL,-0.684,67.7132
2025-09-25 04:10:00+00:00,2025-09-25 04:35:00+00:00,short,112279.96,111738.18,TP,1.3543,69.0674
2025-09-25 08:45:00+00:00,2025-09-25 09:25:00+00:00,short,111765.88,112079.77,SL,-0.6907,68.3768
2025-09-25 09:45:00+00:00,2025-09-25 12:25:00+00:00,short,111717.47,111125.76,TP,1.3675,69.7443
2025-09-25 12:35:00+00:00,2025-09-25 13:00:00+00:00,short,111329.82,110861.7,TP,2.0923,71.8366
2025-09-25 13:40:00+00:00,2025-09-25 13:50:00+00:00,short,110720.91,110969.57,SL,-1.0775,70.7591
2025-09-25 15:10:00+00:00,2025-09-25 15:55:00+00:00,short,111317.95,111580.77,SL,-1.0614,69.6977
2025-09-25 16:25:00+00:00,2025-09-25 17:05:00+00:00,short,111116.0,110665.66,TP,2.0909,71.7886
2025-09-25 20:05:00+00:00,2025-09-25 21:05:00+00:00,short,109286.03,109630.19,SL,-1.0768,70.7118
2025-09-25 22:50:00+00:00,2025-09-25 23:00:00+00:00,short,109286.24,109651.81,SL,-0.7071,70.0047
2025-09-25 23:30:00+00:00,2025-09-26 00:50:00+00:00,short,109132.99,109482.61,SL,-0.7,69.3046
2025-09-26 02:20:00+00:00,2025-09-26 05:45:00+00:00,short,109593.48,109122.23,TP,1.3861,70.6907
2025-09-26 07:30:00+00:00,2025-09-26 07:55:00+00:00,short,108990.62,109320.02,SL,-1.0604,69.6304
2025-09-26 09:35:00+00:00,2025-09-26 10:15:00+00:00,short,109481.29,109039.78,TP,2.0889,71.7193
2025-09-26 13:20:00+00:00,2025-09-26 13:35:00+00:00,short,109209.48,109567.53,SL,-1.0758,70.6435
2025-09-26 14:10:00+00:00,2025-09-26 14:30:00+00:00,short,109309.0,108850.01,TP,2.1193,72.7628
2025-09-27 07:25:00+00:00,2025-09-28 00:25:00+00:00,short,109494.19,109787.74,SL,-1.0914,71.6713
2025-09-28 03:40:00+00:00,2025-09-28 13:55:00+00:00,short,109409.17,109639.0,SL,-0.7167,70.9546
2025-09-28 17:00:00+00:00,2025-09-28 20:30:00+00:00,long,110306.62,110784.0,TP,1.4191,72.3737
2025-09-28 22:05:00+00:00,2025-09-28 22:45:00+00:00,long,111460.91,111928.92,TP,2.1712,74.5449
2025-09-29 03:25:00+00:00,2025-09-29 08:40:00+00:00,long,111756.7,112260.24,TP,2.2363,76.7813
2025-09-29 11:50:00+00:00,2025-09-29 13:40:00+00:00,long,112079.55,113300.0,TP,2.3034,79.0847
2025-09-29 17:45:00+00:00,2025-09-30 00:45:00+00:00,long,113940.59,114500.0,TP,2.3725,81.4573
2025-09-30 06:15:00+00:00,2025-09-30 07:35:00+00:00,long,113899.99,113658.27,SL,-1.2219,80.2354
2025-09-30 14:45:00+00:00,2025-09-30 15:10:00+00:00,long,113497.26,113219.51,SL,-1.2035,79.0319
2025-09-30 20:55:00+00:00,2025-09-30 21:10:00+00:00,long,114626.36,114386.13,SL,-1.1855,77.8464
2025-09-30 23:35:00+00:00,2025-10-01 01:40:00+00:00,long,113941.75,114413.36,TP,2.3354,80.1818
2025-10-01 03:30:00+00:00,2025-10-01 03:45:00+00:00,long,114503.23,114143.3,SL,-1.2027,78.9791
2025-10-01 04:15:00+00:00,2025-10-01 06:50:00+00:00,long,114508.23,114252.36,SL,-1.1847,77.7944
2025-10-01 07:20:00+00:00,2025-10-01 08:25:00+00:00,long,114464.54,115089.82,TP,2.3338,80.1282
2025-10-01 11:55:00+00:00,2025-10-01 12:40:00+00:00,long,116789.58,116453.18,SL,-1.2019,78.9263
2025-10-01 13:55:00+00:00,2025-10-01 14:15:00+00:00,long,116806.96,117388.99,TP,2.3678,81.2941
2025-10-01 15:25:00+00:00,2025-10-01 17:40:00+00:00,long,117499.63,117148.77,SL,-1.2194,80.0747
2025-10-01 18:35:00+00:00,2025-10-01 21:10:00+00:00,long,117109.3,117579.43,TP,2.4022,82.4769
2025-10-01 22:00:00+00:00,2025-10-01 23:15:00+00:00,long,117741.34,118359.01,TP,2.4743,84.9512
2025-10-02 03:00:00+00:00,2025-10-02 04:25:00+00:00,long,118815.29,118568.18,SL,-1.2743,83.6769
2025-10-02 06:20:00+00:00,2025-10-02 12:20:00+00:00,long,118420.0,119080.49,TP,2.5103,86.1873
2025-10-02 13:40:00+00:00,2025-10-02 14:40:00+00:00,long,119542.14,118999.99,SL,-1.2928,84.8944
2025-10-02 15:25:00+00:00,2025-10-02 15:55:00+00:00,long,119428.12,119910.78,TP,2.5468,87.4413
2025-10-02 17:55:00+00:00,2025-10-02 18:55:00+00:00,long,119917.52,120506.61,TP,2.6232,90.0645
2025-10-02 23:00:00+00:00,2025-10-03 01:20:00+00:00,long,120350.27,120022.86,SL,-1.351,88.7135
2025-10-03 02:10:00+00:00,2025-10-03 05:40:00+00:00,long,120132.51,119849.71,SL,-1.3307,87.3828
2025-10-03 06:10:00+00:00,2025-10-03 07:05:00+00:00,long,120045.13,119795.01,SL,-1.3107,86.0721
2025-10-03 12:55:00+00:00,2025-10-03 14:15:00+00:00,long,120358.07,119983.21,SL,-1.2911,84.781
2025-10-03 14:35:00+00:00,2025-10-03 15:15:00+00:00,long,120680.0,121260.69,TP,2.5434,87.3244
2025-10-03 18:35:00+00:00,2025-10-03 18:50:00+00:00,long,122687.6,122441.15,SL,-1.3099,86.0146
2025-10-03 20:45:00+00:00,2025-10-03 21:15:00+00:00,long,122607.9,122288.43,SL,-1.2902,84.7244
2025-10-03 22:00:00+00:00,2025-10-04 00:00:00+00:00,long,122403.45,122121.37,SL,-1.2709,83.4535
2025-10-04 01:10:00+00:00,2025-10-04 01:45:00+00:00,long,122089.99,121767.71,SL,-1.2518,82.2017
2025-10-04 02:05:00+00:00,2025-10-04 04:40:00+00:00,long,121957.98,122481.77,TP,2.4661,84.6677
2025-10-04 08:05:00+00:00,2025-10-04 09:50:00+00:00,long,122474.87,122203.11,SL,-1.27,83.3977
2025-10-04 10:25:00+00:00,2025-10-04 11:10:00+00:00,long,122292.43,122032.28,SL,-1.251,82.1468
2025-10-04 21:10:00+00:00,2025-10-05 02:25:00+00:00,long,122142.21,122853.91,TP,1.6429,83.7897
2025-10-05 04:45:00+00:00,2025-10-05 05:05:00+00:00,long,125285.11,124996.18,SL,-1.2568,82.5329
2025-10-06 00:15:00+00:00,2025-10-06 00:20:00+00:00,long,124336.44,123929.62,SL,-0.8253,81.7075
2025-10-06 01:25:00+00:00,2025-10-06 02:30:00+00:00,long,123851.35,123525.98,SL,-0.4085,81.299
2025-10-06 02:55:00+00:00,2025-10-06 03:45:00+00:00,long,124110.61,123785.12,SL,-0.4065,80.8925
2025-10-06 05:45:00+00:00,2025-10-06 07:40:00+00:00,long,123720.9,123440.0,SL,-0.4045,80.488
2025-10-06 08:25:00+00:00,2025-10-06 11:25:00+00:00,long,123760.0,124365.91,TP,0.8049,81.2929
2025-10-06 12:55:00+00:00,2025-10-06 14:05:00+00:00,long,124556.64,125267.15,TP,0.8129,82.1058
2025-10-06 15:20:00+00:00,2025-10-06 15:55:00+00:00,long,125253.81,125000.0,SL,-0.4105,81.6953
2025-10-06 16:40:00+00:00,2025-10-06 17:20:00+00:00,long,125209.99,125786.78,TP,0.817,82.5123
2025-10-06 18:45:00+00:00,2025-10-06 19:35:00+00:00,long,125729.99,125462.55,SL,-0.4126,82.0997
2025-10-06 21:55:00+00:00,2025-10-06 23:15:00+00:00,long,125097.85,124824.99,SL,-0.4105,81.6892
2025-10-07 00:15:00+00:00,2025-10-07 01:20:00+00:00,long,124831.84,124546.11,SL,-0.4084,81.2808
2025-10-07 11:30:00+00:00,2025-10-07 13:40:00+00:00,long,124455.46,123792.2,SL,-0.4064,80.8744
2025-10-07 18:00:00+00:00,2025-10-07 19:00:00+00:00,short,120956.89,121242.67,SL,-0.4044,80.47
2025-10-07 21:00:00+00:00,2025-10-07 21:25:00+00:00,short,121993.15,122248.21,SL,-0.4023,80.0676
2025-10-08 02:40:00+00:00,2025-10-08 03:30:00+00:00,short,121910.78,121391.75,TP,0.8007,80.8683
2025-10-08 05:25:00+00:00,2025-10-08 06:45:00+00:00,short,121390.2,121648.86,SL,-0.4043,80.464
2025-10-08 07:35:00+00:00,2025-10-08 08:00:00+00:00,short,121407.86,121802.71,SL,-0.4023,80.0616
2025-10-08 20:20:00+00:00,2025-10-08 20:30:00+00:00,long,123666.3,123413.39,SL,-0.4003,79.6613
2025-10-08 21:30:00+00:00,2025-10-09 00:30:00+00:00,long,123279.45,122937.82,SL,-0.3983,79.263
2025-10-09 05:15:00+00:00,2025-10-09 08:25:00+00:00,short,121900.0,121180.0,TP,0.3963,79.6593
2025-10-09 16:50:00+00:00,2025-10-09 17:45:00+00:00,short,120290.35,120615.51,SL,-0.3983,79.2611
2025-10-09 20:15:00+00:00,2025-10-09 20:50:00+00:00,short,120892.82,121137.39,SL,-0.3963,78.8647
2025-10-10 04:35:00+00:00,2025-10-10 05:20:00+00:00,short,121095.71,121426.07,SL,-0.3943,78.4704
2025-10-10 09:50:00+00:00,2025-10-10 11:05:00+00:00,short,121382.42,121655.59,SL,-0.3924,78.0781
2025-10-10 13:50:00+00:00,2025-10-10 13:55:00+00:00,short,121428.01,121684.2,SL,-0.3904,77.6877
2025-10-10 17:00:00+00:00,2025-10-10 17:50:00+00:00,short,118105.76,117590.7,TP,0.3884,78.0761
2025-10-10 19:10:00+00:00,2025-10-10 19:25:00+00:00,short,116827.4,116040.38,TP,0.3904,78.4665
2025-10-10 20:50:00+00:00,2025-10-10 20:55:00+00:00,short,115406.0,114266.82,TP,0.7847,79.2512
2025-10-11 00:00:00+00:00,2025-10-11 00:15:00+00:00,short,112777.95,111767.96,TP,0.7925,80.0437
2025-10-11 01:00:00+00:00,2025-10-11 01:15:00+00:00,short,112222.73,111607.08,TP,0.8004,80.8441
2025-10-11 03:20:00+00:00,2025-10-11 03:55:00+00:00,short,112072.17,112300.01,SL,-0.8084,80.0357
2025-10-11 04:30:00+00:00,2025-10-11 04:50:00+00:00,short,111951.8,112756.63,SL,-0.8004,79.2353
2025-10-11 05:20:00+00:00,2025-10-11 05:45:00+00:00,short,112066.51,112425.25,SL,-0.7924,78.443
2025-10-11 06:00:00+00:00,2025-10-11 06:10:00+00:00,short,112134.02,112366.16,SL,-0.7844,77.6585
2025-10-11 06:35:00+00:00,2025-10-11 07:00:00+00:00,short,112149.5,111422.01,TP,1.5532,79.2117
2025-10-11 11:00:00+00:00,2025-10-11 11:25:00+00:00,short,111914.91,112350.0,SL,-0.7921,78.4196
2025-10-11 11:45:00+00:00,2025-10-11 12:20:00+00:00,short,112147.69,112375.72,SL,-0.7842,77.6354
2025-10-11 15:40:00+00:00,2025-10-11 19:15:00+00:00,short,111939.85,111250.01,TP,1.5527,79.1881
2025-10-11 23:15:00+00:00,2025-10-12 00:00:00+00:00,short,110973.72,110483.3,TP,2.3756,81.5637
2025-10-12 04:05:00+00:00,2025-10-12 04:10:00+00:00,short,110830.0,111075.16,SL,-1.2235,80.3403
2025-10-12 21:10:00+00:00,2025-10-12 21:20:00+00:00,long,115361.13,115020.44,SL,-1.2051,79.1352
2025-10-12 22:10:00+00:00,2025-10-12 23:00:00+00:00,long,115374.57,114975.49,SL,-1.187,77.9481
2025-10-13 00:15:00+00:00,2025-10-13 00:20:00+00:00,long,115661.62,115358.22,SL,-1.1692,76.7789
2025-10-13 00:55:00+00:00,2025-10-13 03:30:00+00:00,long,115280.84,114906.45,SL,-1.1517,75.6272
2025-10-13 05:05:00+00:00,2025-10-13 06:50:00+00:00,long,114700.52,115226.03,TP,2.2688,77.8961
2025-10-13 09:55:00+00:00,2025-10-13 10:25:00+00:00,long,115127.04,114884.69,SL,-1.1684,76.7276
2025-10-13 17:55:00+00:00,2025-10-13 18:10:00+00:00,long,115040.55,114751.33,SL,-1.1509,75.5767
2025-10-14 00:20:00+00:00,2025-10-14 00:50:00+00:00,long,115213.99,114940.01,SL,-0.7558,74.8209
2025-10-14 05:35:00+00:00,2025-10-14 06:30:00+00:00,short,112671.99,112136.56,TP,0.7482,75.5691
2025-10-14 09:35:00+00:00,2025-10-14 09:50:00+00:00,short,111626.01,111119.09,TP,0.7557,76.3248
2025-10-14 12:30:00+00:00,2025-10-14 13:15:00+00:00,short,111028.99,110455.5,TP,0.7632,77.0881
2025-10-14 15:05:00+00:00,2025-10-14 15:30:00+00:00,short,111320.99,111623.63,SL,-0.7709,76.3172
2025-10-15 03:00:00+00:00,2025-10-15 03:35:00+00:00,short,112619.09,112130.65,TP,1.5263,77.8436
2025-10-15 06:05:00+00:00,2025-10-15 06:55:00+00:00,short,112235.76,112460.47,SL,-1.1677,76.6759
2025-10-15 12:25:00+00:00,2025-10-15 12:45:00+00:00,short,111469.76,111713.02,SL,-1.1501,75.5258
2025-10-15 13:00:00+00:00,2025-10-15 13:45:00+00:00,short,111512.56,111043.14,TP,1.5105,77.0363
2025-10-15 14:45:00+00:00,2025-10-15 17:05:00+00:00,short,111064.01,110404.12,TP,2.3111,79.3474
2025-10-15 19:35:00+00:00,2025-10-15 20:00:00+00:00,short,111213.71,111473.01,SL,-1.1902,78.1572
2025-10-15 20:25:00+00:00,2025-10-15 20:30:00+00:00,short,111060.54,110555.69,TP,2.3447,80.5019
2025-10-15 21:50:00+00:00,2025-10-15 22:10:00+00:00,short,110711.25,111064.91,SL,-1.2075,79.2943
2025-10-15 22:50:00+00:00,2025-10-16 01:10:00+00:00,short,110750.56,111005.02,SL,-1.1894,78.1049
2025-10-16 05:50:00+00:00,2025-10-16 06:20:00+00:00,short,110851.52,111088.8,SL,-1.1716,76.9334
2025-10-16 07:20:00+00:00,2025-10-16 09:30:00+00:00,short,110798.25,109747.87,TP,2.308,79.2414
2025-10-16 15:20:00+00:00,2025-10-16 15:40:00+00:00,short,110347.12,109240.7,TP,2.3772,81.6186
2025-10-16 18:05:00+00:00,2025-10-16 18:35:00+00:00,short,107847.58,108284.45,SL,-1.2243,80.3943
2025-10-16 19:30:00+00:00,2025-10-16 19:45:00+00:00,short,107774.97,108239.18,SL,-1.2059,79.1884
2025-10-16 20:30:00+00:00,2025-10-16 20:35:00+00:00,short,107460.45,107763.21,SL,-1.1878,78.0006
2025-10-16 22:20:00+00:00,2025-10-16 23:20:00+00:00,short,108055.64,108400.02,SL,-1.17,76.8306
2025-10-17 01:35:00+00:00,2025-10-17 02:55:00+00:00,short,108739.99,108972.97,SL,-1.1525,75.6781
2025-10-17 03:40:00+00:00,2025-10-17 03:55:00+00:00,short,108910.45,109176.74,SL,-1.1352,74.5429
2025-10-17 10:15:00+00:00,2025-10-17 10:20:00+00:00,short,104212.01,103735.04,TP,1.4909,76.0338
2025-10-17 12:20:00+00:00,2025-10-17 12:55:00+00:00,short,105804.43,105350.4,TP,1.5207,77.5545
2025-10-17 13:40:00+00:00,2025-10-17 13:50:00+00:00,short,105326.67,105934.89,SL,-1.1633,76.3911
2025-10-17 14:05:00+00:00,2025-10-17 14:10:00+00:00,short,105204.12,105419.59,SL,-0.7639,75.6272
2025-10-17 14:55:00+00:00,2025-10-17 15:00:00+00:00,short,105163.42,105537.93,SL,-0.7563,74.871
2025-10-17 18:50:00+00:00,2025-10-17 20:20:00+00:00,short,106605.23,106920.04,SL,-0.7487,74.1223
2025-10-18 04:05:00+00:00,2025-10-18 05:50:00+00:00,short,106560.03,106778.72,SL,-0.3706,73.7516
2025-10-18 11:00:00+00:00,2025-10-18 11:40:00+00:00,short,106808.01,107028.77,SL,-0.3688,73.3829
2025-10-19 02:40:00+00:00,2025-10-19 03:15:00+00:00,short,106858.8,107120.46,SL,-0.3669,73.016
2025-10-19 08:30:00+00:00,2025-10-19 09:25:00+00:00,short,106620.01,106153.3,TP,0.3651,73.3811
2025-10-19 16:40:00+00:00,2025-10-19 16:45:00+00:00,long,108904.55,108683.3,SL,-0.3669,73.0141
2025-10-19 21:55:00+00:00,2025-10-19 22:15:00+00:00,long,108744.82,109198.54,TP,0.7301,73.7443
2025-10-20 05:55:00+00:00,2025-10-20 08:30:00+00:00,long,111033.79,111483.6,TP,0.7374,74.4817
2025-10-20 10:05:00+00:00,2025-10-20 10:50:00+00:00,long,110966.25,110743.07,SL,-0.3724,74.1093
2025-10-20 11:30:00+00:00,2025-10-20 14:25:00+00:00,long,110802.14,111275.05,TP,0.7411,74.8504
2025-10-20 22:30:00+00:00,2025-10-20 23:15:00+00:00,long,110779.99,110545.46,SL,-0.3743,74.4762
2025-10-20 23:25:00+00:00,2025-10-20 23:55:00+00:00,long,110759.9,110532.09,SL,-0.3724,74.1038
2025-10-21 08:10:00+00:00,2025-10-21 10:45:00+00:00,short,107804.31,108588.56,SL,-0.3705,73.7333
2025-10-21 12:10:00+00:00,2025-10-21 12:15:00+00:00,short,108472.93,108774.07,SL,-0.3687,73.3646
2025-10-21 12:55:00+00:00,2025-10-21 13:05:00+00:00,short,108793.4,108316.01,TP,0.7336,74.0982
2025-10-21 19:00:00+00:00,2025-10-21 19:20:00+00:00,long,112053.45,111651.22,SL,-0.741,73.3573
2025-10-21 19:45:00+00:00,2025-10-21 20:00:00+00:00,long,111920.0,111663.71,SL,-0.3668,72.9905
2025-10-21 21:10:00+00:00,2025-10-21 21:20:00+00:00,long,111095.21,110280.71,SL,-0.365,72.6255
2025-10-21 21:35:00+00:00,2025-10-21 22:05:00+00:00,long,110782.83,110290.33,SL,-0.3631,72.2624
2025-10-22 05:15:00+00:00,2025-10-22 07:05:00+00:00,short,108265.25,107677.7,TP,0.7226,72.985
2025-10-22 09:05:00+00:00,2025-10-22 10:55:00+00:00,short,108098.7,107657.98,TP,0.7298,73.7149
2025-10-22 11:45:00+00:00,2025-10-22 12:05:00+00:00,short,107488.81,107723.53,SL,-0.7371,72.9777
2025-10-22 13:30:00+00:00,2025-10-22 13:35:00+00:00,short,107738.01,108457.99,SL,-0.7298,72.2479
2025-10-22 13:45:00+00:00,2025-10-22 13:50:00+00:00,short,107902.54,108301.77,SL,-0.7225,71.5255
2025-10-22 14:15:00+00:00,2025-10-22 14:55:00+00:00,short,108162.13,108947.5,SL,-0.7153,70.8102
2025-10-22 15:20:00+00:00,2025-10-22 15:35:00+00:00,short,108017.99,108488.07,SL,-0.3541,70.4562
2025-10-22 16:20:00+00:00,2025-10-22 16:25:00+00:00,short,108187.26,108546.27,SL,-0.3523,70.1039
2025-10-22 16:45:00+00:00,2025-10-22 17:35:00+00:00,short,108374.81,107843.09,TP,0.701,70.8049
2025-10-22 19:50:00+00:00,2025-10-22 20:50:00+00:00,short,107977.21,107500.01,TP,0.708,71.513
2025-10-23 00:25:00+00:00,2025-10-23 00:30:00+00:00,short,107597.04,107819.99,SL,-0.3576,71.1554
2025-10-23 08:30:00+00:00,2025-10-23 08:55:00+00:00,long,109755.0,109505.44,SL,-0.3558,70.7996
2025-10-23 10:00:00+00:00,2025-10-23 11:30:00+00:00,long,109491.48,109241.08,SL,-0.354,70.4456
2025-10-23 12:45:00+00:00,2025-10-23 13:05:00+00:00,long,109119.73,108882.62,SL,-0.3522,70.0934
2025-10-23 14:30:00+00:00,2025-10-23 15:30:00+00:00,long,109609.0,110066.69,TP,0.7009,70.7943
2025-10-23 16:50:00+00:00,2025-10-23 16:55:00+00:00,long,110533.5,110263.74,SL,-0.354,70.4404
2025-10-23 17:25:00+00:00,2025-10-23 17:35:00+00:00,long,110206.45,110900.06,TP,0.7044,71.1448
2025-10-24 02:45:00+00:00,2025-10-24 03:30:00+00:00,long,110632.21,110324.63,SL,-0.3557,70.789
2025-10-24 04:10:00+00:00,2025-10-24 04:30:00+00:00,long,110613.61,111288.45,TP,0.7079,71.4969
2025-10-24 06:35:00+00:00,2025-10-24 07:10:00+00:00,long,111487.99,111140.69,SL,-0.715,70.782
2025-10-24 08:45:00+00:00,2025-10-24 11:30:00+00:00,long,111148.95,110852.49,SL,-0.7078,70.0741
2025-10-24 12:00:00+00:00,2025-10-24 12:15:00+00:00,long,111196.39,110923.2,SL,-0.3504,69.7238
2025-10-24 12:30:00+00:00,2025-10-24 12:50:00+00:00,long,111556.51,111253.19,SL,-0.3486,69.3752
2025-10-24 20:45:00+00:00,2025-10-25 04:15:00+00:00,long,110849.36,111421.74,TP,0.6938,70.0689
2025-10-25 05:45:00+00:00,2025-10-25 08:55:00+00:00,long,111317.58,111763.8,TP,0.7007,70.7696
2025-10-25 10:40:00+00:00,2025-10-25 15:05:00+00:00,long,111675.9,111444.04,SL,-0.7077,70.0619
2025-10-25 16:45:00+00:00,2025-10-26 09:20:00+00:00,long,111424.24,112352.38,TP,1.4012,71.4631
2025-10-26 11:20:00+00:00,2025-10-26 11:40:00+00:00,long,112718.61,113324.21,TP,2.1439,73.607
2025-10-26 16:40:00+00:00,2025-10-26 20:25:00+00:00,long,113626.23,113372.23,SL,-1.1041,72.5029
2025-10-26 21:40:00+00:00,2025-10-26 22:00:00+00:00,long,113455.75,114774.49,TP,2.1751,74.678
2025-10-27 00:15:00+00:00,2025-10-27 00:45:00+00:00,long,114970.57,114717.57,SL,-1.1202,73.5578
2025-10-27 01:20:00+00:00,2025-10-27 02:30:00+00:00,long,115149.99,114837.66,SL,-1.1034,72.4545
2025-10-27 04:10:00+00:00,2025-10-27 06:15:00+00:00,long,115210.85,115681.71,TP,2.1736,74.6281
2025-10-27 06:25:00+00:00,2025-10-27 08:00:00+00:00,long,115746.68,115507.68,SL,-1.1194,73.5087
2025-10-27 09:30:00+00:00,2025-10-27 13:35:00+00:00,long,115156.7,114731.65,SL,-1.1026,72.4061
2025-10-27 13:50:00+00:00,2025-10-27 14:00:00+00:00,long,115348.89,115016.0,SL,-1.0861,71.32
2025-10-27 14:35:00+00:00,2025-10-27 14:50:00+00:00,long,114976.9,114730.14,SL,-1.0698,70.2502
2025-10-27 17:50:00+00:00,2025-10-27 18:55:00+00:00,long,115620.31,115342.19,SL,-0.7025,69.5477
2025-10-28 08:25:00+00:00,2025-10-28 13:15:00+00:00,long,114371.73,114900.01,TP,1.391,70.9386
2025-10-28 16:25:00+00:00,2025-10-28 17:20:00+00:00,long,115076.48,115563.33,TP,1.4188,72.3574
2025-10-28 23:20:00+00:00,2025-10-29 00:55:00+00:00,short,112906.94,112442.88,TP,2.1707,74.5281
2025-10-29 03:10:00+00:00,2025-10-29 04:15:00+00:00,short,112458.33,112736.84,SL,-1.1179,73.4102
2025-10-29 06:00:00+00:00,2025-10-29 06:50:00+00:00,short,113039.03,113339.3,SL,-1.1012,72.309
2025-10-29 07:40:00+00:00,2025-10-29 07:50:00+00:00,short,113293.2,113542.17,SL,-1.0846,71.2244
2025-10-29 10:55:00+00:00,2025-10-29 11:15:00+00:00,short,112870.01,113125.45,SL,-1.0684,70.156
2025-10-29 12:30:00+00:00,2025-10-29 13:10:00+00:00,short,113115.98,113357.04,SL,-0.7016,69.4545
2025-10-29 15:25:00+00:00,2025-10-29 15:45:00+00:00,short,112029.7,111579.62,TP,1.3891,70.8436
2025-10-29 18:35:00+00:00,2025-10-29 18:40:00+00:00,short,109427.1,109756.51,SL,-0.7084,70.1351
2025-10-29 19:35:00+00:00,2025-10-29 19:45:00+00:00,short,110433.65,110680.06,SL,-0.3507,69.7845
2025-10-29 22:00:00+00:00,2025-10-29 22:55:00+00:00,short,111523.44,111028.2,TP,0.6978,70.4823
2025-10-30 03:10:00+00:00,2025-10-30 04:05:00+00:00,short,110778.0,110320.41,TP,0.7048,71.1871
2025-10-30 11:55:00+00:00,2025-10-30 12:20:00+00:00,short,109717.29,108994.14,TP,1.4237,72.6109
2025-10-30 13:35:00+00:00,2025-10-30 13:50:00+00:00,short,107841.83,108061.83,SL,-1.0892,71.5217
2025-10-30 15:35:00+00:00,2025-10-30 16:05:00+00:00,short,107650.89,108044.56,SL,-0.7152,70.8065
2025-10-30 17:05:00+00:00,2025-10-30 17:20:00+00:00,short,107683.6,106969.08,TP,1.4161,72.2226
2025-10-30 18:35:00+00:00,2025-10-30 19:55:00+00:00,short,106985.31,106536.39,TP,2.1667,74.3893
2025-10-30 22:15:00+00:00,2025-10-30 22:55:00+00:00,short,107675.89,107912.81,SL,-1.1158,73.2735
2025-10-31 22:00:00+00:00,2025-10-31 22:15:00+00:00,short,109527.89,109801.78,SL,-1.0991,72.1743
2025-11-01 00:00:00+00:00,2025-11-01 00:45:00+00:00,short,109444.44,109734.87,SL,-1.0826,71.0917
2025-11-01 08:00:00+00:00,2025-11-01 10:10:00+00:00,long,110148.19,109893.99,SL,-1.0664,70.0254
2025-11-01 10:40:00+00:00,2025-11-01 13:40:00+00:00,long,110080.0,109777.61,SL,-0.7003,69.3251
2025-11-01 18:50:00+00:00,2025-11-01 21:45:00+00:00,long,110337.39,110053.72,SL,-0.3466,68.9785
2025-11-02 02:30:00+00:00,2025-11-02 02:50:00+00:00,long,110225.96,109979.88,SL,-0.3449,68.6336
2025-11-02 06:45:00+00:00,2025-11-02 07:20:00+00:00,long,110691.02,110445.02,SL,-0.3432,68.2904
2025-11-02 07:40:00+00:00,2025-11-02 10:30:00+00:00,long,110690.76,110407.11,SL,-0.3415,67.949
2025-11-02 11:05:00+00:00,2025-11-02 11:55:00+00:00,long,110636.06,111196.99,TP,0.6795,68.6285
2025-11-02 14:00:00+00:00,2025-11-02 14:20:00+00:00,long,110655.38,110433.15,SL,-0.6863,67.9422
2025-11-02 14:50:00+00:00,2025-11-02 15:45:00+00:00,long,110485.26,110230.77,SL,-0.3397,67.6025
2025-11-02 22:00:00+00:00,2025-11-02 22:30:00+00:00,short,109986.76,109534.91,TP,0.676,68.2785
2025-11-03 02:25:00+00:00,2025-11-03 02:45:00+00:00,short,109249.74,108811.23,TP,1.3656,69.6441
2025-11-03 06:10:00+00:00,2025-11-03 07:20:00+00:00,short,107347.08,107737.95,SL,-0.6964,68.9476
2025-11-03 08:25:00+00:00,2025-11-03 08:50:00+00:00,short,107228.36,107533.1,SL,-0.3447,68.6029
2025-11-03 09:30:00+00:00,2025-11-03 10:20:00+00:00,short,107301.3,107557.06,SL,-0.343,68.2599
2025-11-03 10:40:00+00:00,2025-11-03 11:10:00+00:00,short,107246.09,107527.29,SL,-0.3413,67.9186
2025-11-03 12:40:00+00:00,2025-11-03 14:05:00+00:00,short,107841.98,108064.01,SL,-0.3396,67.579
2025-11-03 15:05:00+00:00,2025-11-03 15:20:00+00:00,short,107700.0,107119.0,TP,0.3379,67.9169
2025-11-03 18:25:00+00:00,2025-11-03 19:00:00+00:00,short,107262.24,106740.68,TP,0.3396,68.2564
2025-11-03 20:05:00+00:00,2025-11-03 22:20:00+00:00,short,106870.58,106362.93,TP,0.6826,68.939
2025-11-03 23:00:00+00:00,2025-11-03 23:15:00+00:00,short,106108.0,106331.02,SL,-0.3447,68.5943
2025-11-04 00:15:00+00:00,2025-11-04 00:35:00+00:00,short,106272.36,106687.6,SL,-0.343,68.2513
2025-11-04 02:10:00+00:00,2025-11-04 02:20:00+00:00,short,106922.18,107186.3,SL,-0.3413,67.9101
2025-11-04 02:30:00+00:00,2025-11-04 02:45:00+00:00,short,106941.7,106513.29,TP,0.6791,68.5892
2025-11-04 04:25:00+00:00,2025-11-04 05:00:00+00:00,short,106939.09,106511.18,TP,1.3718,69.961
2025-11-04 08:10:00+00:00,2025-11-04 08:20:00+00:00,short,103880.07,104378.87,SL,-1.0494,68.9116
2025-11-04 09:05:00+00:00,2025-11-04 09:30:00+00:00,short,103870.78,104090.15,SL,-1.0337,67.8779
2025-11-04 12:15:00+00:00,2025-11-04 13:05:00+00:00,short,104215.18,103797.44,TP,2.0363,69.9142
2025-11-04 14:20:00+00:00,2025-11-04 14:35:00+00:00,short,103847.48,103080.72,TP,2.0974,72.0116
2025-11-04 15:45:00+00:00,2025-11-04 15:55:00+00:00,short,103739.99,103197.01,TP,2.1604,74.172
2025-11-04 18:00:00+00:00,2025-11-04 18:05:00+00:00,short,100649.15,101048.57,SL,-1.1126,73.0594
2025-11-04 18:15:00+00:00,2025-11-04 18:20:00+00:00,short,100384.03,100706.48,SL,-1.0959,71.9635
2025-11-04 19:55:00+00:00,2025-11-04 20:20:00+00:00,short,100542.64,100113.83,TP,2.1589,74.1224
2025-11-04 21:20:00+00:00,2025-11-04 21:30:00+00:00,short,100017.51,99119.75,TP,2.2237,76.3461
2025-11-04 23:25:00+00:00,2025-11-04 23:45:00+00:00,short,101235.25,101555.38,SL,-1.1452,75.2009
2025-11-05 00:05:00+00:00,2025-11-05 00:15:00+00:00,short,101120.85,101434.83,SL,-1.128,74.0729
2025-11-05 07:15:00+00:00,2025-11-05 08:20:00+00:00,short,101863.34,101271.83,TP,2.2222,76.2951
2025-11-05 10:15:00+00:00,2025-11-05 10:50:00+00:00,short,101733.75,101309.05,TP,2.2889,78.5839
2025-11-06 01:45:00+00:00,2025-11-06 02:10:00+00:00,long,103406.01,102944.3,SL,-1.1788,77.4052
2025-11-06 07:15:00+00:00,2025-11-06 07:20:00+00:00,short,102945.41,103514.12,SL,-1.1611,76.2441
2025-11-06 07:35:00+00:00,2025-11-06 08:15:00+00:00,short,103128.49,103373.65,SL,-1.1437,75.1004
2025-11-06 09:00:00+00:00,2025-11-06 09:10:00+00:00,short,102881.21,103118.78,SL,-1.1265,73.9739
2025-11-06 11:05:00+00:00,2025-11-06 11:15:00+00:00,short,102840.92,103050.0,SL,-1.1096,72.8643
2025-11-06 12:10:00+00:00,2025-11-06 12:40:00+00:00,short,103014.41,102449.13,TP,2.1859,75.0503
2025-11-06 14:05:00+00:00,2025-11-06 14:10:00+00:00,short,102774.2,103030.78,SL,-1.1258,73.9245
2025-11-06 16:10:00+00:00,2025-11-06 16:35:00+00:00,short,101790.98,100962.77,TP,2.2177,76.1422
2025-11-06 19:35:00+00:00,2025-11-06 20:15:00+00:00,short,101591.7,101167.18,TP,2.2843,78.4265
2025-11-06 23:35:00+00:00,2025-11-07 00:00:00+00:00,short,101189.9,101512.97,SL,-1.1764,77.2501
2025-11-07 00:15:00+00:00,2025-11-07 00:30:00+00:00,short,101042.3,101249.99,SL,-1.1588,76.0913
2025-11-07 01:10:00+00:00,2025-11-07 01:15:00+00:00,short,101315.18,101580.58,SL,-1.1414,74.95
2025-11-07 01:35:00+00:00,2025-11-07 01:55:00+00:00,short,101236.88,101538.96,SL,-0.7495,74.2005
2025-11-07 02:25:00+00:00,2025-11-07 02:30:00+00:00,short,101243.01,101508.82,SL,-0.742,73.4585
2025-11-07 08:30:00+00:00,2025-11-07 09:05:00+00:00,short,101694.99,101249.04,TP,1.4692,74.9276
2025-11-07 10:20:00+00:00,2025-11-07 10:40:00+00:00,short,100656.13,100944.85,SL,-0.7493,74.1784
2025-11-07 11:05:00+00:00,2025-11-07 11:25:00+00:00,short,100404.52,99918.02,TP,0.7418,74.9202
2025-11-07 12:30:00+00:00,2025-11-07 12:45:00+00:00,short,99815.99,99411.77,TP,1.4984,76.4186
2025-11-07 14:35:00+00:00,2025-11-07 14:40:00+00:00,short,99590.01,100793.33,SL,-1.1463,75.2723
2025-11-07 15:40:00+00:00,2025-11-07 15:45:00+00:00,short,100669.91,100883.16,SL,-0.7527,74.5196
2025-11-07 16:00:00+00:00,2025-11-07 16:20:00+00:00,short,100762.57,101352.44,SL,-0.3726,74.147
2025-11-07 17:00:00+00:00,2025-11-07 17:10:00+00:00,short,101080.98,101631.76,SL,-0.3707,73.7762
2025-11-07 22:05:00+00:00,2025-11-07 22:10:00+00:00,long,103985.61,103685.32,SL,-0.3689,73.4073
2025-11-08 01:15:00+00:00,2025-11-08 02:50:00+00:00,long,103065.04,102768.82,SL,-0.367,73.0403
2025-11-08 03:15:00+00:00,2025-11-08 03:35:00+00:00,long,103263.34,102938.85,SL,-0.3652,72.6751
2025-11-08 04:45:00+00:00,2025-11-08 05:20:00+00:00,long,102744.7,102494.56,SL,-0.3634,72.3117
2025-11-08 10:25:00+00:00,2025-11-08 11:35:00+00:00,long,102520.02,102123.33,SL,-0.3616,71.9502
2025-11-08 13:55:00+00:00,2025-11-08 18:25:00+00:00,short,101804.63,102009.23,SL,-0.3598,71.5904
2025-11-08 19:15:00+00:00,2025-11-08 19:55:00+00:00,short,101779.76,101989.65,SL,-0.179,71.4114
2025-11-08 21:10:00+00:00,2025-11-08 21:40:00+00:00,short,102040.11,102327.24,SL,-0.1785,71.2329
2025-11-09 01:30:00+00:00,2025-11-09 01:40:00+00:00,short,101737.54,101998.99,SL,-0.1781,71.0548
2025-11-09 02:35:00+00:00,2025-11-09 04:15:00+00:00,short,101760.54,102042.32,SL,-0.1776,70.8772
2025-11-09 04:55:00+00:00,2025-11-09 05:25:00+00:00,short,101724.91,101982.79,SL,-0.1772,70.7
2025-11-09 06:30:00+00:00,2025-11-09 09:10:00+00:00,short,101835.73,102044.64,SL,-0.1767,70.5232
2025-11-09 09:40:00+00:00,2025-11-09 11:10:00+00:00,short,101905.82,102187.08,SL,-0.1763,70.3469
2025-11-09 15:30:00+00:00,2025-11-09 16:10:00+00:00,long,103680.06,103414.9,SL,-0.1759,70.1711
2025-11-09 18:40:00+00:00,2025-11-09 18:45:00+00:00,long,103818.69,104315.76,TP,0.3509,70.5219
2025-11-09 22:50:00+00:00,2025-11-09 23:45:00+00:00,long,104778.55,104551.92,SL,-0.1763,70.3456
2025-11-10 00:10:00+00:00,2025-11-10 00:20:00+00:00,long,105028.26,105699.23,TP,0.3517,70.6974
2025-11-10 03:00:00+00:00,2025-11-10 03:10:00+00:00,long,106211.6,105894.72,SL,-0.1767,70.5206
2025-11-10 03:35:00+00:00,2025-11-10 04:20:00+00:00,long,106141.22,105911.01,SL,-0.1763,70.3443
2025-11-10 04:55:00+00:00,2025-11-10 08:35:00+00:00,long,106153.14,105908.94,SL,-0.1759,70.1684
2025-11-10 09:20:00+00:00,2025-11-10 10:55:00+00:00,long,106226.2,105995.26,SL,-0.1754,69.993
2025-11-10 11:30:00+00:00,2025-11-10 12:00:00+00:00,long,106190.21,105919.53,SL,-0.175,69.818
2025-11-10 13:00:00+00:00,2025-11-10 14:30:00+00:00,long,106200.0,105924.87,SL,-0.1745,69.6435
2025-11-10 19:45:00+00:00,2025-11-10 21:05:00+00:00,long,105924.07,105666.79,SL,-0.1741,69.4694
2025-11-11 01:00:00+00:00,2025-11-11 01:15:00+00:00,long,106045.21,107357.87,TP,0.3473,69.8167
2025-11-11 02:35:00+00:00,2025-11-11 02:45:00+00:00,long,106872.77,106553.72,SL,-0.1745,69.6422
2025-11-11 14:45:00+00:00,2025-11-11 14:55:00+00:00,short,103912.13,104560.16,SL,-0.1741,69.4681
2025-11-11 15:25:00+00:00,2025-11-11 16:05:00+00:00,short,103706.55,103207.16,TP,0.3473,69.8154
2025-11-11 17:40:00+00:00,2025-11-11 17:50:00+00:00,short,102990.0,103207.64,SL,-0.1745,69.6409
2025-11-11 20:00:00+00:00,2025-11-11 21:35:00+00:00,short,103032.78,102513.24,TP,0.3482,69.9891
2025-11-11 23:50:00+00:00,2025-11-12 00:00:00+00:00,short,102986.37,103256.0,SL,-0.3499,69.6391
2025-11-12 00:30:00+00:00,2025-11-12 01:15:00+00:00,short,102978.43,103243.09,SL,-0.3482,69.291
2025-11-12 02:30:00+00:00,2025-11-12 03:15:00+00:00,short,103048.63,103316.19,SL,-0.3465,68.9445
2025-11-12 04:20:00+00:00,2025-11-12 06:10:00+00:00,short,103327.25,103544.76,SL,-0.3447,68.5998
2025-11-12 06:40:00+00:00,2025-11-12 08:20:00+00:00,short,103432.58,103701.45,SL,-0.343,68.2568
2025-11-12 13:45:00+00:00,2025-11-12 14:00:00+00:00,long,105165.21,104824.55,SL,-0.1706,68.0861
2025-11-12 19:10:00+00:00,2025-11-12 19:40:00+00:00,short,101157.12,101403.14,SL,-0.1702,67.9159
2025-11-12 22:05:00+00:00,2025-11-12 22:50:00+00:00,short,101671.26,101921.68,SL,-0.1698,67.7461
2025-11-12 23:05:00+00:00,2025-11-13 00:35:00+00:00,short,101711.9,101933.25,SL,-0.1694,67.5768
2025-11-13 01:55:00+00:00,2025-11-13 02:15:00+00:00,short,102007.0,102287.58,SL,-0.1689,67.4078
2025-11-13 04:05:00+00:00,2025-11-13 04:15:00+00:00,short,101841.2,102158.91,SL,-0.1685,67.2393
2025-11-13 04:30:00+00:00,2025-11-13 05:30:00+00:00,short,102068.18,102375.0,SL,-0.1681,67.0712
2025-11-13 11:30:00+00:00,2025-11-13 11:45:00+00:00,short,102773.86,102990.18,SL,-0.1677,66.9035
2025-11-13 15:30:00+00:00,2025-11-13 15:45:00+00:00,short,101866.04,101304.46,TP,0.3345,67.238
2025-11-13 23:50:00+00:00,2025-11-14 00:05:00+00:00,short,99795.29,99220.0,TP,0.3362,67.5742
2025-11-14 03:05:00+00:00,2025-11-14 03:40:00+00:00,short,99467.86,98912.23,TP,0.3379,67.9121
2025-11-14 06:35:00+00:00,2025-11-14 06:55:00+00:00,short,96775.56,97569.13,SL,-0.3396,67.5725
2025-11-14 08:10:00+00:00,2025-11-14 08:15:00+00:00,short,96909.66,97425.89,SL,-0.3379,67.2347
2025-11-14 09:30:00+00:00,2025-11-14 09:35:00+00:00,short,96773.21,96977.15,SL,-0.1681,67.0666
2025-11-14 10:55:00+00:00,2025-11-14 11:30:00+00:00,short,96752.2,96280.14,TP,0.3353,67.4019
2025-11-14 13:15:00+00:00,2025-11-14 13:50:00+00:00,short,94960.01,95298.0,SL,-0.1685,67.2334
2025-11-14 16:05:00+00:00,2025-11-14 16:25:00+00:00,short,96610.82,96974.13,SL,-0.1681,67.0653
2025-11-14 17:00:00+00:00,2025-11-14 17:30:00+00:00,short,97082.01,96610.24,TP,0.3353,67.4007
2025-11-14 20:25:00+00:00,2025-11-14 20:40:00+00:00,short,94934.15,94377.76,TP,0.674,68.0747
2025-11-14 23:00:00+00:00,2025-11-14 23:15:00+00:00,short,94477.21,94714.04,SL,-0.3404,67.7343
2025-11-15 01:00:00+00:00,2025-11-15 01:10:00+00:00,short,94842.13,95082.36,SL,-0.3387,67.3956
2025-11-15 09:55:00+00:00,2025-11-15 10:40:00+00:00,short,95808.44,96052.48,SL,-0.337,67.0586
2025-11-15 11:15:00+00:00,2025-11-15 13:20:00+00:00,short,95810.86,96094.46,SL,-0.3353,66.7234
2025-11-15 17:15:00+00:00,2025-11-15 17:20:00+00:00,short,95924.56,96279.49,SL,-0.3336,66.3897
2025-11-15 21:40:00+00:00,2025-11-15 22:10:00+00:00,short,95225.37,95545.1,SL,-0.3319,66.0578
2025-11-16 00:05:00+00:00,2025-11-16 01:40:00+00:00,short,95411.38,95003.54,TP,0.6606,66.7184
2025-11-16 13:25:00+00:00,2025-11-16 14:40:00+00:00,short,95390.01,95596.23,SL,-0.6672,66.0512
2025-11-16 15:45:00+00:00,2025-11-16 15:50:00+00:00,short,95257.81,94709.99,TP,1.321,67.3722
2025-11-16 18:45:00+00:00,2025-11-16 18:50:00+00:00,short,93907.8,94119.99,SL,-1.0106,66.3616
2025-11-16 19:40:00+00:00,2025-11-16 20:10:00+00:00,short,94176.27,94375.79,SL,-0.6636,65.698
2025-11-16 20:55:00+00:00,2025-11-16 21:15:00+00:00,short,94090.0,93682.75,TP,0.657,66.355
2025-11-17 00:15:00+00:00,2025-11-17 00:20:00+00:00,short,93857.5,94097.52,SL,-0.3318,66.0232
2025-11-17 15:15:00+00:00,2025-11-17 15:20:00+00:00,short,93895.0,94142.41,SL,-0.3301,65.6931
2025-11-17 17:35:00+00:00,2025-11-17 17:40:00+00:00,short,93253.33,92852.39,TP,0.6569,66.35
2025-11-17 19:15:00+00:00,2025-11-17 19:50:00+00:00,short,92226.76,91766.69,TP,1.327,67.677
2025-11-17 23:10:00+00:00,2025-11-17 23:55:00+00:00,short,92020.12,92215.14,SL,-0.6768,67.0003
2025-11-18 00:30:00+00:00,2025-11-18 00:40:00+00:00,short,91822.56,91426.01,TP,1.34,68.3403
2025-11-18 01:25:00+00:00,2025-11-18 01:30:00+00:00,short,91798.86,92013.11,SL,-1.0251,67.3152
2025-11-18 04:20:00+00:00,2025-11-18 05:10:00+00:00,short,89993.99,90233.89,SL,-0.6732,66.642
2025-11-18 06:35:00+00:00,2025-11-18 07:05:00+00:00,short,89615.89,89806.43,SL,-0.3332,66.3088
2025-11-18 09:05:00+00:00,2025-11-18 09:15:00+00:00,short,91010.27,91428.45,SL,-0.3315,65.9773
2025-11-18 13:10:00+00:00,2025-11-18 13:35:00+00:00,short,91486.66,91096.0,TP,0.6598,66.637
2025-11-18 14:55:00+00:00,2025-11-18 15:05:00+00:00,short,91359.29,91795.12,SL,-0.6664,65.9707
2025-11-19 01:00:00+00:00,2025-11-19 01:55:00+00:00,short,92250.0,92439.99,SL,-0.6597,65.3109
2025-11-19 03:05:00+00:00,2025-11-19 03:35:00+00:00,short,92416.18,91874.01,TP,1.3062,66.6172
2025-11-19 08:35:00+00:00,2025-11-19 09:00:00+00:00,short,91659.25,91190.81,TP,1.9985,68.6157
2025-11-19 10:30:00+00:00,2025-11-19 11:10:00+00:00,short,91419.42,91642.19,SL,-1.0292,67.5864
2025-11-19 11:50:00+00:00,2025-11-19 12:45:00+00:00,short,91409.87,91599.1,SL,-1.0138,66.5726
2025-11-19 13:35:00+00:00,2025-11-19 14:40:00+00:00,short,91392.59,91784.04,SL,-0.6657,65.9069
2025-11-19 15:25:00+00:00,2025-11-19 15:30:00+00:00,short,91235.13,90723.48,TP,1.3181,67.2251
2025-11-19 19:35:00+00:00,2025-11-19 19:50:00+00:00,short,88733.55,89028.08,SL,-1.0084,66.2167
2025-11-19 20:05:00+00:00,2025-11-19 20:15:00+00:00,short,88645.07,88990.0,SL,-0.6622,65.5545
2025-11-19 22:15:00+00:00,2025-11-19 22:25:00+00:00,short,90272.34,90594.86,SL,-0.6555,64.899
2025-11-20 07:35:00+00:00,2025-11-20 09:15:00+00:00,long,92117.87,91930.39,SL,-0.649,64.25
2025-11-20 10:25:00+00:00,2025-11-20 10:35:00+00:00,long,91973.05,91764.87,SL,-0.3212,63.9287
2025-11-20 11:35:00+00:00,2025-11-20 13:55:00+00:00,long,91767.82,91529.36,SL,-0.3196,63.6091
2025-11-20 23:05:00+00:00,2025-11-20 23:25:00+00:00,short,87647.82,87265.51,TP,0.6361,64.2452
2025-11-21 01:15:00+00:00,2025-11-21 01:20:00+00:00,short,86927.84,87162.35,SL,-0.3212,63.924
2025-11-21 01:35:00+00:00,2025-11-21 02:05:00+00:00,short,87100.0,86672.07,TP,0.6392,64.5632
2025-11-21 06:10:00+00:00,2025-11-21 06:25:00+00:00,short,85977.51,85633.4,TP,0.6456,65.2088
2025-11-21 08:45:00+00:00,2025-11-21 09:00:00+00:00,short,83720.01,83923.34,SL,-0.6521,64.5567
2025-11-21 09:25:00+00:00,2025-11-21 09:35:00+00:00,short,83079.79,82686.74,TP,1.2911,65.8479
2025-11-21 11:50:00+00:00,2025-11-21 12:20:00+00:00,short,82257.17,81099.99,TP,1.317,67.1648
2025-11-21 14:15:00+00:00,2025-11-21 14:30:00+00:00,short,83626.68,84769.87,SL,-1.0075,66.1574
2025-11-21 15:05:00+00:00,2025-11-21 15:20:00+00:00,short,84466.28,84065.85,TP,1.9847,68.1421
2025-11-21 19:40:00+00:00,2025-11-21 20:05:00+00:00,short,84446.1,83926.5,TP,2.0443,70.1863
2025-11-22 02:10:00+00:00,2025-11-22 02:35:00+00:00,short,84723.99,84365.1,TP,2.1056,72.2919
2025-11-22 03:20:00+00:00,2025-11-22 04:15:00+00:00,short,84356.55,83968.0,TP,2.1688,74.4607
2025-11-22 07:15:00+00:00,2025-11-22 08:30:00+00:00,short,84466.0,84068.08,TP,2.2338,76.6945
2025-11-22 09:40:00+00:00,2025-11-22 10:10:00+00:00,short,83940.01,84166.73,SL,-1.1504,75.5441
2025-11-22 10:20:00+00:00,2025-11-22 11:10:00+00:00,short,83830.81,84017.6,SL,-1.1332,74.4109
2025-11-22 12:05:00+00:00,2025-11-22 13:05:00+00:00,short,83754.4,83928.23,SL,-1.1162,73.2948
2025-11-23 07:55:00+00:00,2025-11-23 08:55:00+00:00,long,85782.19,86137.19,TP,2.1988,75.4936
2025-11-23 11:40:00+00:00,2025-11-23 12:15:00+00:00,long,86256.38,86784.42,TP,2.2648,77.7584
2025-11-23 13:45:00+00:00,2025-11-23 14:15:00+00:00,long,86878.99,86656.47,SL,-1.1664,76.592
2025-11-23 15:35:00+00:00,2025-11-23 16:35:00+00:00,long,86994.02,87369.04,TP,2.2978,78.8898
2025-11-23 18:15:00+00:00,2025-11-23 18:25:00+00:00,long,87098.65,86888.47,SL,-1.1833,77.7065
2025-11-23 20:20:00+00:00,2025-11-23 20:30:00+00:00,long,87672.34,87443.97,SL,-1.1656,76.5409
2025-11-23 21:35:00+00:00,2025-11-23 23:05:00+00:00,long,87696.68,87507.47,SL,-1.1481,75.3927
2025-11-24 00:35:00+00:00,2025-11-24 01:00:00+00:00,long,86871.23,86657.82,SL,-1.1309,74.2619
2025-11-24 05:05:00+00:00,2025-11-24 06:00:00+00:00,long,87461.57,87260.01,SL,-1.1139,73.1479
2025-11-24 17:25:00+00:00,2025-11-24 17:55:00+00:00,long,87717.41,88369.91,TP,2.1944,75.3424
2025-11-24 20:35:00+00:00,2025-11-24 22:50:00+00:00,long,88913.29,88615.2,SL,-1.1301,74.2122
2025-11-25 00:40:00+00:00,2025-11-25 01:15:00+00:00,long,88187.03,87968.73,SL,-1.1132,73.099
2025-11-25 02:15:00+00:00,2025-11-25 02:25:00+00:00,long,87854.01,87627.96,SL,-1.0965,72.0026
2025-11-25 21:35:00+00:00,2025-11-25 22:00:00+00:00,short,87121.95,86735.98,TP,2.1601,74.1626
2025-11-26 00:25:00+00:00,2025-11-26 01:00:00+00:00,long,87630.66,87402.11,SL,-1.1124,73.0502
2025-11-26 01:30:00+00:00,2025-11-26 03:30:00+00:00,long,87834.5,87484.73,SL,-0.7305,72.3197
2025-11-26 06:40:00+00:00,2025-11-26 08:50:00+00:00,long,87670.09,87458.89,SL,-0.3616,71.9581
2025-11-26 12:10:00+00:00,2025-11-26 13:20:00+00:00,short,86559.81,86747.67,SL,-0.3598,71.5983
2025-11-26 14:55:00+00:00,2025-11-26 15:05:00+00:00,short,86899.73,87162.45,SL,-0.358,71.2403
2025-11-26 21:25:00+00:00,2025-11-27 01:00:00+00:00,long,90270.0,90664.39,TP,0.7124,71.9527
2025-11-27 05:20:00+00:00,2025-11-27 05:35:00+00:00,long,91494.32,91165.92,SL,-0.3598,71.593
2025-11-27 06:20:00+00:00,2025-11-27 09:15:00+00:00,long,91342.47,91767.61,TP,0.7159,72.3089
2025-11-27 13:50:00+00:00,2025-11-27 14:15:00+00:00,long,90984.53,90656.42,SL,-0.3615,71.9473
2025-11-27 18:40:00+00:00,2025-11-27 19:30:00+00:00,long,91760.31,91526.94,SL,-0.3597,71.5876
2025-11-27 21:25:00+00:00,2025-11-27 22:40:00+00:00,long,91528.5,91232.39,SL,-0.179,71.4086
2025-11-27 23:10:00+00:00,2025-11-27 23:30:00+00:00,long,91510.0,91229.55,SL,-0.1785,71.2301
2025-11-28 00:30:00+00:00,2025-11-28 00:45:00+00:00,long,91346.15,91150.01,SL,-0.1781,71.052
2025-11-28 05:05:00+00:00,2025-11-28 06:30:00+00:00,long,91482.28,91251.54,SL,-0.1776,70.8744
2025-11-28 07:20:00+00:00,2025-11-28 07:30:00+00:00,long,91498.38,91261.01,SL,-0.1772,70.6972
2025-11-28 10:50:00+00:00,2025-11-28 11:05:00+00:00,long,91860.14,91588.86,SL,-0.1767,70.5205
2025-11-28 12:05:00+00:00,2025-11-28 13:45:00+00:00,long,91556.57,92325.47,TP,0.3526,70.8731
2025-11-28 15:25:00+00:00,2025-11-28 15:45:00+00:00,long,92668.55,92441.85,SL,-0.1772,70.6959
2025-11-29 09:15:00+00:00,2025-11-29 12:05:00+00:00,short,90583.1,90790.26,SL,-0.1767,70.5192
2025-11-29 12:25:00+00:00,2025-11-29 13:25:00+00:00,short,90557.25,90765.73,SL,-0.1763,70.3429
2025-11-29 14:10:00+00:00,2025-11-29 15:15:00+00:00,short,90734.0,90935.28,SL,-0.1759,70.167
2025-11-29 20:00:00+00:00,2025-11-29 20:25:00+00:00,short,90467.48,90654.1,SL,-0.1754,69.9916
2025-11-29 23:35:00+00:00,2025-11-30 03:05:00+00:00,long,90881.73,90638.13,SL,-0.175,69.8166
2025-11-30 03:40:00+00:00,2025-11-30 05:20:00+00:00,long,90903.49,90693.11,SL,-0.1745,69.6421
2025-11-30 12:15:00+00:00,2025-11-30 13:15:00+00:00,long,91269.28,91713.17,TP,0.3482,69.9903
2025-11-30 16:10:00+00:00,2025-11-30 18:00:00+00:00,long,91499.98,91310.17,SL,-0.175,69.8153
2025-11-30 18:35:00+00:00,2025-11-30 20:30:00+00:00,long,91420.8,91213.83,SL,-0.1745,69.6408
2025-12-01 04:25:00+00:00,2025-12-01 04:35:00+00:00,short,85733.67,85933.99,SL,-0.1741,69.4667
2025-12-01 09:10:00+00:00,2025-12-01 09:40:00+00:00,short,86642.43,86842.3,SL,-0.1737,69.293
2025-12-01 14:55:00+00:00,2025-12-01 15:10:00+00:00,short,86067.9,85594.49,TP,0.3465,69.6395
2025-12-01 18:40:00+00:00,2025-12-01 18:55:00+00:00,short,84791.92,85199.48,SL,-0.1741,69.4654
2025-12-02 17:20:00+00:00,2025-12-02 17:55:00+00:00,long,91682.5,91458.4,SL,-0.1737,69.2917
2025-12-02 21:15:00+00:00,2025-12-02 21:50:00+00:00,long,91213.89,91622.68,TP,0.3465,69.6381
2025-12-03 00:45:00+00:00,2025-12-03 01:45:00+00:00,long,91623.54,92233.88,TP,0.3482,69.9863
2025-12-03 04:35:00+00:00,2025-12-03 05:05:00+00:00,long,93051.26,93514.57,TP,0.6999,70.6862
2025-12-03 09:00:00+00:00,2025-12-03 10:20:00+00:00,long,92905.2,93358.79,TP,0.7069,71.3931
2025-12-03 11:55:00+00:00,2025-12-03 12:25:00+00:00,long,93005.68,92730.7,SL,-0.7139,70.6791
2025-12-03 12:45:00+00:00,2025-12-03 14:00:00+00:00,long,92979.99,91754.55,SL,-0.3534,70.3257
2025-12-03 14:40:00+00:00,2025-12-03 14:45:00+00:00,long,93502.76,92963.71,SL,-0.3516,69.9741
2025-12-03 15:45:00+00:00,2025-12-03 15:55:00+00:00,long,92615.72,92373.3,SL,-0.3499,69.6242
2025-12-03 16:30:00+00:00,2025-12-03 16:55:00+00:00,long,92506.17,92242.24,SL,-0.3481,69.2761
2025-12-03 19:50:00+00:00,2025-12-03 21:30:00+00:00,long,92994.6,93386.62,TP,0.6928,69.9689
2025-12-03 22:45:00+00:00,2025-12-03 23:30:00+00:00,long,93762.17,93560.91,SL,-0.6997,69.2692
2025-12-04 01:05:00+00:00,2025-12-04 01:10:00+00:00,long,93218.95,93691.82,TP,1.3854,70.6546
2025-12-04 08:40:00+00:00,2025-12-04 11:25:00+00:00,long,93332.81,93006.71,SL,-1.0598,69.5948
2025-12-05 11:40:00+00:00,2025-12-05 11:45:00+00:00,short,91128.41,91399.99,SL,-0.6959,68.8988
2025-12-05 12:40:00+00:00,2025-12-05 13:35:00+00:00,short,91178.17,90613.99,TP,1.378,70.2768
2025-12-05 15:55:00+00:00,2025-12-05 16:05:00+00:00,short,90459.35,89492.41,TP,2.1083,72.3851
2025-12-05 18:55:00+00:00,2025-12-05 19:10:00+00:00,short,88936.04,89123.52,SL,-1.0858,71.2993
2025-12-05 20:35:00+00:00,2025-12-05 22:10:00+00:00,short,89353.38,88949.31,TP,2.139,73.4383
2025-12-05 23:05:00+00:00,2025-12-05 23:35:00+00:00,short,89089.03,89315.85,SL,-1.1016,72.3367
2025-12-06 00:10:00+00:00,2025-12-06 00:30:00+00:00,short,89114.88,89373.19,SL,-1.0851,71.2517
2025-12-06 01:35:00+00:00,2025-12-06 03:00:00+00:00,short,89316.33,89564.57,SL,-1.0688,70.1829
2025-12-06 04:10:00+00:00,2025-12-06 13:40:00+00:00,short,89583.22,89783.15,SL,-1.0527,69.1301
2025-12-06 18:45:00+00:00,2025-12-06 23:00:00+00:00,short,89612.94,89100.43,TP,1.3826,70.5127
2025-12-07 01:35:00+00:00,2025-12-07 02:55:00+00:00,short,89402.6,89621.96,SL,-0.7051,69.8076
2025-12-07 09:20:00+00:00,2025-12-07 10:45:00+00:00,short,89128.25,89359.04,SL,-0.349,69.4586
2025-12-07 11:45:00+00:00,2025-12-07 12:45:00+00:00,short,89162.72,89526.47,SL,-0.3473,69.1113
2025-12-07 13:20:00+00:00,2025-12-07 14:20:00+00:00,short,88917.91,88368.87,TP,0.6911,69.8024
2025-12-07 22:40:00+00:00,2025-12-07 22:50:00+00:00,long,90075.48,89646.28,SL,-0.698,69.1044
2025-12-08 02:55:00+00:00,2025-12-08 03:10:00+00:00,long,91364.18,91155.48,SL,-0.691,68.4133
2025-12-08 04:30:00+00:00,2025-12-08 05:00:00+00:00,long,91371.0,91118.53,SL,-0.6841,67.7292
2025-12-08 05:20:00+00:00,2025-12-08 07:35:00+00:00,long,91335.49,91792.53,TP,0.6773,68.4065
2025-12-08 08:25:00+00:00,2025-12-08 09:05:00+00:00,long,91707.77,92097.29,TP,1.3681,69.7746
2025-12-08 10:30:00+00:00,2025-12-08 11:30:00+00:00,long,92151.0,91916.98,SL,-0.6977,69.0769
2025-12-08 13:05:00+00:00,2025-12-08 13:15:00+00:00,long,91879.91,91659.15,SL,-0.6908,68.3861
2025-12-09 00:30:00+00:00,2025-12-09 01:40:00+00:00,short,90444.53,90047.93,TP,1.3677,69.7538
2025-12-09 03:10:00+00:00,2025-12-09 03:30:00+00:00,short,89985.42,90219.79,SL,-0.6975,69.0563
2025-12-09 04:35:00+00:00,2025-12-09 05:30:00+00:00,short,89870.72,90138.37,SL,-0.3453,68.711
2025-12-09 06:30:00+00:00,2025-12-09 06:45:00+00:00,short,89781.89,90051.6,SL,-0.3436,68.3675
2025-12-09 15:00:00+00:00,2025-12-09 15:05:00+00:00,long,90893.02,90661.67,SL,-0.3418,68.0256
2025-12-09 21:25:00+00:00,2025-12-09 21:40:00+00:00,long,93106.26,92679.71,SL,-0.3401,67.6855
2025-12-09 22:15:00+00:00,2025-12-10 00:15:00+00:00,long,92657.74,92396.24,SL,-0.3384,67.3471
2025-12-10 01:25:00+00:00,2025-12-10 01:30:00+00:00,long,92276.93,92061.64,SL,-0.3367,67.0103
2025-12-10 01:40:00+00:00,2025-12-10 02:05:00+00:00,long,92253.49,92028.01,SL,-0.3351,66.6753
2025-12-10 06:40:00+00:00,2025-12-10 09:20:00+00:00,long,92687.82,92467.19,SL,-0.1667,66.5086
2025-12-10 09:45:00+00:00,2025-12-10 10:25:00+00:00,long,92823.57,92450.16,SL,-0.1663,66.3423
2025-12-10 17:20:00+00:00,2025-12-10 18:15:00+00:00,long,92450.51,92241.32,SL,-0.1659,66.1765
2025-12-10 18:35:00+00:00,2025-12-10 18:40:00+00:00,long,93006.22,92582.13,SL,-0.1654,66.011
2025-12-10 19:10:00+00:00,2025-12-10 19:15:00+00:00,long,93001.71,92679.94,SL,-0.165,65.846
2025-12-10 22:05:00+00:00,2025-12-10 22:10:00+00:00,long,92648.04,92190.8,SL,-0.1646,65.6814
2025-12-10 22:35:00+00:00,2025-12-10 23:05:00+00:00,long,92455.88,92259.96,SL,-0.1642,65.5172
2025-12-11 03:10:00+00:00,2025-12-11 03:20:00+00:00,short,89633.05,89891.2,SL,-0.1638,65.3534
2025-12-11 06:15:00+00:00,2025-12-11 06:35:00+00:00,short,90194.98,90436.53,SL,-0.1634,65.19
2025-12-11 07:00:00+00:00,2025-12-11 14:45:00+00:00,short,90256.16,89839.8,TP,0.326,65.516
2025-12-11 14:50:00+00:00,2025-12-11 15:00:00+00:00,short,89481.01,89695.61,SL,-0.1638,65.3522
2025-12-11 15:40:00+00:00,2025-12-11 16:05:00+00:00,short,89806.84,89412.8,TP,0.3268,65.6789
2025-12-12 01:30:00+00:00,2025-12-12 02:00:00+00:00,long,92265.51,91996.81,SL,-0.1642,65.5147
2025-12-12 04:50:00+00:00,2025-12-12 05:10:00+00:00,long,92392.8,92206.27,SL,-0.1638,65.3509
2025-12-12 05:40:00+00:00,2025-12-12 09:25:00+00:00,long,92331.17,92113.56,SL,-0.1634,65.1876
2025-12-12 09:50:00+00:00,2025-12-12 12:25:00+00:00,long,92391.72,92182.65,SL,-0.163,65.0246
2025-12-12 12:50:00+00:00,2025-12-12 14:05:00+00:00,long,92393.31,92207.35,SL,-0.1626,64.862
2025-12-12 14:35:00+00:00,2025-12-12 15:00:00+00:00,long,92433.16,92164.23,SL,-0.1622,64.6999
2025-12-12 19:10:00+00:00,2025-12-12 19:20:00+00:00,short,90040.16,90359.0,SL,-0.1618,64.5381
2025-12-12 20:05:00+00:00,2025-12-12 20:50:00+00:00,short,90129.61,90318.17,SL,-0.1613,64.3768
2025-12-12 22:50:00+00:00,2025-12-13 08:15:00+00:00,short,90268.12,90463.22,SL,-0.1609,64.2158
2025-12-13 09:20:00+00:00,2025-12-13 14:25:00+00:00,short,90461.52,89961.12,TP,0.3211,64.5369
2025-12-13 14:55:00+00:00,2025-12-13 23:50:00+00:00,short,90079.7,90263.31,SL,-0.1613,64.3756
2025-12-14 00:05:00+00:00,2025-12-14 00:30:00+00:00,short,90169.41,90416.37,SL,-0.1609,64.2146
2025-12-14 04:40:00+00:00,2025-12-14 10:10:00+00:00,short,90164.78,89802.55,TP,0.3211,64.5357
2025-12-14 13:15:00+00:00,2025-12-14 13:55:00+00:00,short,89200.01,89489.5,SL,-0.1613,64.3744
2025-12-14 14:30:00+00:00,2025-12-14 16:20:00+00:00,short,89075.86,89261.09,SL,-0.1609,64.2134
2025-12-14 16:40:00+00:00,2025-12-14 18:15:00+00:00,short,88815.67,89038.73,SL,-0.1605,64.0529
2025-12-14 19:10:00+00:00,2025-12-14 22:25:00+00:00,short,88748.98,88382.68,TP,0.3203,64.3732
2025-12-14 23:05:00+00:00,2025-12-15 00:15:00+00:00,short,88198.9,88401.48,SL,-0.3219,64.0513
2025-12-15 14:30:00+00:00,2025-12-15 14:35:00+00:00,short,89068.98,89444.93,SL,-0.1601,63.8912
2025-12-15 16:45:00+00:00,2025-12-15 16:50:00+00:00,short,86202.46,86408.76,SL,-0.1597,63.7314
2025-12-15 20:10:00+00:00,2025-12-15 20:30:00+00:00,short,85761.62,85946.12,SL,-0.1593,63.5721
2025-12-15 22:45:00+00:00,2025-12-15 22:55:00+00:00,short,86016.45,86259.31,SL,-0.1589,63.4132
2025-12-16 00:10:00+00:00,2025-12-16 00:55:00+00:00,short,86323.21,85865.48,TP,0.3171,63.7303
2025-12-16 03:05:00+00:00,2025-12-16 04:45:00+00:00,short,85835.41,85411.69,TP,0.3187,64.0489
2025-12-16 07:10:00+00:00,2025-12-16 07:40:00+00:00,short,86337.68,85896.35,TP,0.6405,64.6894
2025-12-16 08:35:00+00:00,2025-12-16 08:40:00+00:00,short,86087.65,86280.0,SL,-0.3234,64.3659
2025-12-17 03:30:00+00:00,2025-12-17 04:35:00+00:00,short,87295.65,86870.73,TP,0.6437,65.0096
2025-12-17 07:15:00+00:00,2025-12-17 07:30:00+00:00,short,86611.53,86995.35,SL,-0.6501,64.3595
2025-12-17 08:15:00+00:00,2025-12-17 08:50:00+00:00,short,86764.07,86411.52,TP,1.2872,65.6467
2025-12-17 12:40:00+00:00,2025-12-17 12:50:00+00:00,short,86847.47,87024.0,SL,-0.9847,64.662
2025-12-17 18:40:00+00:00,2025-12-17 19:00:00+00:00,short,85938.46,85592.58,TP,1.2932,65.9552
2025-12-17 21:25:00+00:00,2025-12-17 22:05:00+00:00,short,85844.68,86080.29,SL,-0.9893,64.9659
2025-12-17 23:10:00+00:00,2025-12-17 23:55:00+00:00,short,86001.02,86243.22,SL,-0.9745,63.9914
2025-12-18 00:15:00+00:00,2025-12-18 00:30:00+00:00,short,86110.73,86313.71,SL,-0.6399,63.3515
2025-12-18 01:00:00+00:00,2025-12-18 02:10:00+00:00,short,86068.78,86492.98,SL,-0.6335,62.718
2025-12-18 03:20:00+00:00,2025-12-18 04:00:00+00:00,short,86456.79,86846.14,SL,-0.6272,62.0908
2025-12-18 13:00:00+00:00,2025-12-18 13:30:00+00:00,long,87672.33,88125.39,TP,1.2418,63.3326
2025-12-18 15:35:00+00:00,2025-12-18 15:40:00+00:00,long,89318.98,89077.12,SL,-0.6333,62.6993
2025-12-18 23:15:00+00:00,2025-12-19 01:25:00+00:00,short,85547.04,85167.34,TP,1.254,63.9533
2025-12-19 10:55:00+00:00,2025-12-19 12:00:00+00:00,long,88267.09,88066.93,SL,-0.9593,62.994
2025-12-19 13:35:00+00:00,2025-12-19 14:30:00+00:00,long,88111.18,87758.81,SL,-0.9449,62.0491
2025-12-19 14:40:00+00:00,2025-12-19 14:45:00+00:00,long,88501.78,88196.87,SL,-0.9307,61.1183
2025-12-19 16:10:00+00:00,2025-12-19 16:30:00+00:00,long,88380.0,88736.4,TP,1.8336,62.9519
2025-12-19 22:15:00+00:00,2025-12-20 00:50:00+00:00,long,88188.82,87972.99,SL,-0.9443,62.0076
2025-12-20 01:20:00+00:00,2025-12-21 02:20:00+00:00,long,88163.82,87924.38,SL,-0.6201,61.3875
2025-12-21 07:55:00+00:00,2025-12-21 08:40:00+00:00,long,88174.79,88605.96,TP,0.6139,62.0014
2025-12-21 12:10:00+00:00,2025-12-21 12:40:00+00:00,long,88754.05,88572.6,SL,-0.62,61.3814
2025-12-21 18:45:00+00:00,2025-12-21 23:00:00+00:00,long,88292.63,88706.42,TP,0.6138,61.9952
2025-12-21 23:35:00+00:00,2025-12-22 00:05:00+00:00,long,88550.78,88939.99,TP,1.2399,63.2351
2025-12-22 01:35:00+00:00,2025-12-22 01:40:00+00:00,long,89263.38,89081.86,SL,-0.6324,62.6028
2025-12-22 03:05:00+00:00,2025-12-22 04:20:00+00:00,long,88623.03,88998.34,TP,1.2521,63.8548
2025-12-22 06:40:00+00:00,2025-12-22 08:15:00+00:00,long,88970.01,89480.0,TP,1.2771,65.1319
2025-12-22 09:35:00+00:00,2025-12-22 12:05:00+00:00,long,89664.76,90057.97,TP,1.954,67.0859
2025-12-22 14:50:00+00:00,2025-12-22 15:00:00+00:00,long,90267.5,89988.01,SL,-1.0063,66.0796
2025-12-22 16:00:00+00:00,2025-12-22 16:30:00+00:00,long,89858.68,89677.67,SL,-0.9912,65.0884
2025-12-23 01:10:00+00:00,2025-12-23 02:40:00+00:00,short,88626.6,88270.01,TP,1.9527,67.041
2025-12-23 04:45:00+00:00,2025-12-23 05:30:00+00:00,short,88089.32,87624.1,TP,2.0112,69.0523
2025-12-23 08:50:00+00:00,2025-12-23 10:45:00+00:00,short,87445.13,87640.0,SL,-1.0358,68.0165
2025-12-23 12:15:00+00:00,2025-12-23 14:45:00+00:00,short,87727.49,87115.51,TP,2.0405,70.057
2025-12-23 17:25:00+00:00,2025-12-23 17:55:00+00:00,short,87733.19,87180.01,TP,2.1017,72.1587
2025-12-23 19:20:00+00:00,2025-12-23 20:40:00+00:00,short,87842.0,88198.44,SL,-1.0824,71.0763
2025-12-23 21:00:00+00:00,2025-12-23 21:15:00+00:00,short,87613.62,87807.68,SL,-1.0661,70.0102
2025-12-24 01:40:00+00:00,2025-12-24 02:40:00+00:00,short,87536.5,87096.43,TP,2.1003,72.1105
2025-12-24 04:45:00+00:00,2025-12-24 05:40:00+00:00,short,87270.01,86846.67,TP,2.1633,74.2738
2025-12-24 08:00:00+00:00,2025-12-24 10:50:00+00:00,short,86953.67,87140.0,SL,-1.1141,73.1597
2025-12-24 11:45:00+00:00,2025-12-24 12:55:00+00:00,short,87244.01,87428.51,SL,-1.0974,72.0623
2025-12-24 14:25:00+00:00,2025-12-24 14:35:00+00:00,short,87241.03,86630.13,TP,2.1619,74.2242
2025-12-25 05:40:00+00:00,2025-12-25 08:20:00+00:00,long,87760.05,87376.76,SL,-1.1134,73.1108
2025-12-25 13:05:00+00:00,2025-12-25 14:05:00+00:00,short,87492.65,87692.67,SL,-1.0967,72.0141
2025-12-25 14:35:00+00:00,2025-12-25 15:10:00+00:00,short,87577.82,87771.99,SL,-1.0802,70.9339
2025-12-25 18:05:00+00:00,2025-12-25 19:20:00+00:00,long,88282.89,88092.96,SL,-1.064,69.8699
2025-12-25 21:10:00+00:00,2025-12-25 22:40:00+00:00,long,87982.0,87709.82,SL,-1.048,68.8219
2025-12-26 06:10:00+00:00,2025-12-26 07:20:00+00:00,long,89091.08,89474.8,TP,2.0647,70.8865
2025-12-26 08:50:00+00:00,2025-12-26 11:45:00+00:00,long,88741.99,88552.62,SL,-1.0633,69.8232
2025-12-26 12:10:00+00:00,2025-12-26 14:40:00+00:00,long,88690.52,88405.94,SL,-1.0473,68.7759
2025-12-26 21:05:00+00:00,2025-12-27 22:10:00+00:00,short,87592.04,87864.31,SL,-1.0316,67.7442
2025-12-28 04:10:00+00:00,2025-12-28 05:25:00+00:00,long,87813.93,87625.52,SL,-0.6774,67.0668
2025-12-28 05:50:00+00:00,2025-12-28 19:25:00+00:00,long,87707.38,87511.28,SL,-0.3353,66.7315
2025-12-28 23:35:00+00:00,2025-12-29 00:35:00+00:00,long,87788.03,88181.8,TP,0.6673,67.3988
2025-12-29 01:45:00+00:00,2025-12-29 02:00:00+00:00,long,88393.18,88869.23,TP,0.674,68.0728
2025-12-29 08:10:00+00:00,2025-12-29 08:50:00+00:00,long,89659.29,89471.01,SL,-0.3404,67.7324
2025-12-29 18:35:00+00:00,2025-12-29 20:35:00+00:00,short,87659.99,87295.84,TP,0.6773,68.4097
2025-12-29 22:05:00+00:00,2025-12-29 22:20:00+00:00,short,87085.5,87260.03,SL,-0.6841,67.7256
2025-12-29 23:25:00+00:00,2025-12-30 04:00:00+00:00,short,87206.15,87405.7,SL,-0.3386,67.387
2025-12-30 04:50:00+00:00,2025-12-30 07:10:00+00:00,short,87345.53,87524.06,SL,-0.3369,67.0501
2025-12-30 07:20:00+00:00,2025-12-30 08:00:00+00:00,short,87392.64,87717.17,SL,-0.3352,66.7148
2025-12-30 14:15:00+00:00,2025-12-30 14:30:00+00:00,long,88188.29,87980.43,SL,-0.3336,66.3812
2025-12-30 19:25:00+00:00,2025-12-30 20:05:00+00:00,long,88344.88,88126.09,SL,-0.166,66.2153
2025-12-30 20:30:00+00:00,2025-12-30 20:50:00+00:00,long,88148.07,87889.12,SL,-0.1655,66.0497
2025-12-31 01:15:00+00:00,2025-12-31 03:35:00+00:00,long,88610.73,88390.08,SL,-0.1651,65.8846
2025-12-31 05:05:00+00:00,2025-12-31 10:10:00+00:00,long,88430.44,88796.95,TP,0.3294,66.214
2025-12-31 13:50:00+00:00,2025-12-31 14:30:00+00:00,long,88998.06,88781.72,SL,-0.3311,65.883
2025-12-31 22:30:00+00:00,2026-01-01 01:05:00+00:00,short,87739.56,87957.14,SL,-0.3294,65.5536
2026-01-01 02:25:00+00:00,2026-01-01 04:15:00+00:00,short,87957.63,87562.07,TP,0.3278,65.8813
2026-01-01 07:25:00+00:00,2026-01-01 08:05:00+00:00,short,87605.68,87811.13,SL,-0.3294,65.5519
2026-01-01 19:35:00+00:00,2026-01-01 22:50:00+00:00,long,88270.17,88662.24,TP,0.6555,66.2074
2026-01-02 02:50:00+00:00,2026-01-02 03:40:00+00:00,long,88610.74,88973.49,TP,0.6621,66.8695
2026-01-02 05:50:00+00:00,2026-01-02 08:55:00+00:00,long,88775.96,89178.13,TP,1.3374,68.2069
2026-01-02 09:45:00+00:00,2026-01-02 10:15:00+00:00,long,89481.37,89871.0,TP,2.0462,70.2531
2026-01-02 13:15:00+00:00,2026-01-02 13:35:00+00:00,long,89620.0,89416.94,SL,-1.0538,69.1993
2026-01-02 14:45:00+00:00,2026-01-02 14:55:00+00:00,long,89794.85,89580.0,SL,-0.692,68.5073
2026-01-02 15:30:00+00:00,2026-01-02 16:20:00+00:00,long,89454.01,90022.01,TP,1.3701,69.8775
2026-01-02 19:40:00+00:00,2026-01-02 20:05:00+00:00,long,90001.89,89817.21,SL,-0.6988,69.1787
2026-01-02 20:10:00+00:00,2026-01-02 20:30:00+00:00,long,90070.5,89884.84,SL,-0.6918,68.4869
2026-01-02 21:15:00+00:00,2026-01-02 22:00:00+00:00,long,89860.97,90234.73,TP,1.3697,69.8566
2026-01-03 00:20:00+00:00,2026-01-03 06:40:00+00:00,long,90082.35,89888.0,SL,-1.0478,68.8088
2026-01-03 10:35:00+00:00,2026-01-03 12:05:00+00:00,long,89870.03,89664.93,SL,-1.0321,67.7767
2026-01-03 14:20:00+00:00,2026-01-03 15:15:00+00:00,long,90193.27,89980.37,SL,-1.0167,66.76
2026-01-03 16:30:00+00:00,2026-01-03 21:30:00+00:00,long,90138.32,90573.99,TP,2.0028,68.7628
2026-01-03 22:20:00+00:00,2026-01-04 00:05:00+00:00,long,90680.98,91253.41,TP,2.0629,70.8257
2026-01-04 03:10:00+00:00,2026-01-04 03:30:00+00:00,long,91338.6,91098.66,SL,-1.0624,69.7633
2026-01-04 03:45:00+00:00,2026-01-04 06:05:00+00:00,long,91294.27,91696.64,TP,2.0929,71.8562
2026-01-04 07:40:00+00:00,2026-01-04 08:00:00+00:00,long,91490.67,91296.8,SL,-1.0778,70.7784
2026-01-04 08:45:00+00:00,2026-01-04 11:50:00+00:00,long,91436.41,91245.99,SL,-1.0617,69.7167
2026-01-04 13:25:00+00:00,2026-01-04 19:05:00+00:00,long,91191.16,90930.11,SL,-1.0457,68.6709
2026-01-04 23:00:00+00:00,2026-01-05 00:10:00+00:00,long,91473.6,91895.35,TP,2.0601,70.7311
2026-01-05 05:15:00+00:00,2026-01-05 05:50:00+00:00,long,92649.56,92361.59,SL,-1.061,69.6701
2026-01-05 06:45:00+00:00,2026-01-05 10:10:00+00:00,long,92474.65,92915.65,TP,2.0901,71.7602
2026-01-05 11:20:00+00:00,2026-01-05 11:35:00+00:00,long,93111.47,92905.45,SL,-1.0764,70.6838
2026-01-05 11:55:00+00:00,2026-01-05 12:25:00+00:00,long,93134.26,92927.81,SL,-0.7068,69.977
2026-01-05 14:05:00+00:00,2026-01-05 14:40:00+00:00,long,92786.87,93283.28,TP,1.3995,71.3765
2026-01-05 17:50:00+00:00,2026-01-05 18:55:00+00:00,long,94039.29,94449.62,TP,2.1413,73.5178
2026-01-05 20:25:00+00:00,2026-01-05 20:30:00+00:00,long,94744.43,94352.84,SL,-1.1028,72.415
2026-01-05 21:55:00+00:00,2026-01-05 23:35:00+00:00,long,94095.78,93874.03,SL,-1.0862,71.3288
2026-01-06 00:55:00+00:00,2026-01-06 02:30:00+00:00,long,93816.7,93603.22,SL,-1.0699,70.2589
2026-01-06 03:05:00+00:00,2026-01-06 07:10:00+00:00,long,93743.75,93551.66,SL,-0.7026,69.5563
2026-01-06 14:05:00+00:00,2026-01-06 14:20:00+00:00,long,93957.21,94353.92,TP,1.3911,70.9474
2026-01-06 15:25:00+00:00,2026-01-06 15:35:00+00:00,long,94130.53,93566.66,SL,-1.0642,69.8832
2026-01-07 03:45:00+00:00,2026-01-07 09:10:00+00:00,short,92792.89,92286.81,TP,2.0965,71.9797
2026-01-07 12:25:00+00:00,2026-01-07 14:05:00+00:00,short,92068.0,91664.37,TP,2.1594,74.1391
2026-01-07 15:15:00+00:00,2026-01-07 15:40:00+00:00,short,91164.74,91367.1,SL,-1.1121,73.027
2026-01-07 16:50:00+00:00,2026-01-07 17:15:00+00:00,short,91254.56,91484.78,SL,-1.0954,71.9316
2026-01-07 17:55:00+00:00,2026-01-07 19:05:00+00:00,short,91252.14,90830.66,TP,1.4386,73.3702
2026-01-07 20:25:00+00:00,2026-01-07 20:35:00+00:00,short,90901.08,91099.8,SL,-1.1006,72.2697
2026-01-07 21:55:00+00:00,2026-01-07 23:15:00+00:00,short,91089.5,91400.65,SL,-1.084,71.1856
2026-01-08 00:10:00+00:00,2026-01-08 00:50:00+00:00,short,91219.19,91417.54,SL,-1.0678,70.1179
2026-01-08 01:45:00+00:00,2026-01-08 02:35:00+00:00,short,91402.1,90917.28,TP,1.4024,71.5202
2026-01-08 05:40:00+00:00,2026-01-08 06:10:00+00:00,short,90894.56,90516.54,TP,2.1456,73.6658
2026-01-08 08:45:00+00:00,2026-01-08 10:00:00+00:00,short,90282.59,89856.4,TP,2.21,75.8758
2026-01-08 11:35:00+00:00,2026-01-08 14:25:00+00:00,short,90074.14,89643.89,TP,2.2763,78.1521
2026-01-08 16:30:00+00:00,2026-01-08 16:40:00+00:00,short,90498.8,90712.08,SL,-1.1723,76.9798
2026-01-09 05:15:00+00:00,2026-01-09 06:40:00+00:00,short,90921.78,91117.38,SL,-1.1547,75.8251
2026-01-09 11:45:00+00:00,2026-01-09 13:50:00+00:00,short,90494.0,90713.3,SL,-1.1374,74.6877
2026-01-09 14:05:00+00:00,2026-01-09 14:25:00+00:00,short,90332.26,90556.92,SL,-1.1203,73.5674
2026-01-09 23:45:00+00:00,2026-01-11 12:25:00+00:00,short,90665.81,90871.65,SL,-1.1035,72.4639
2026-01-11 14:15:00+00:00,2026-01-11 15:45:00+00:00,long,90949.18,90764.18,SL,-1.087,71.3769
2026-01-11 16:20:00+00:00,2026-01-11 19:40:00+00:00,long,90994.21,90781.02,SL,-1.0707,70.3063
2026-01-11 23:15:00+00:00,2026-01-11 23:20:00+00:00,long,91036.79,90781.42,SL,-0.7031,69.6032
2026-01-12 00:55:00+00:00,2026-01-12 01:00:00+00:00,long,91258.65,91627.71,TP,1.3921,70.9953
2026-01-12 02:10:00+00:00,2026-01-12 02:45:00+00:00,long,91731.66,92188.87,TP,1.4199,72.4152
2026-01-12 18:25:00+00:00,2026-01-12 18:30:00+00:00,long,91924.0,91563.17,SL,-0.7242,71.691
2026-01-12 19:15:00+00:00,2026-01-12 20:30:00+00:00,long,91788.52,91546.08,SL,-0.7169,70.9741
2026-01-12 22:10:00+00:00,2026-01-12 23:00:00+00:00,long,91414.05,91059.99,SL,-0.7097,70.2644
2026-01-13 04:55:00+00:00,2026-01-13 05:15:00+00:00,long,91515.16,92052.87,TP,0.7026,70.967
2026-01-13 06:55:00+00:00,2026-01-13 07:15:00+00:00,long,92184.36,91945.28,SL,-0.7097,70.2574
2026-01-13 08:35:00+00:00,2026-01-13 09:20:00+00:00,long,92135.93,92547.83,TP,1.4051,71.6625
2026-01-13 12:25:00+00:00,2026-01-13 14:30:00+00:00,long,92074.5,92452.29,TP,2.1499,73.8124
2026-01-13 15:30:00+00:00,2026-01-13 15:55:00+00:00,long,92825.52,93449.99,TP,2.2144,76.0267
2026-01-13 18:20:00+00:00,2026-01-13 19:35:00+00:00,long,93610.45,94033.29,TP,2.2808,78.3075
2026-01-13 22:10:00+00:00,2026-01-13 22:15:00+00:00,long,95604.1,95329.81,SL,-1.1746,77.1329
2026-01-14 02:15:00+00:00,2026-01-14 05:00:00+00:00,long,95420.06,95218.07,SL,-0.7713,76.3616
2026-01-14 06:45:00+00:00,2026-01-14 14:05:00+00:00,long,94907.06,95294.59,TP,1.5272,77.8888
2026-01-14 16:05:00+00:00,2026-01-14 17:10:00+00:00,long,97236.44,97682.49,TP,2.3367,80.2255
2026-01-14 19:10:00+00:00,2026-01-14 19:25:00+00:00,long,96994.11,97561.58,TP,2.4068,82.6323
2026-01-14 20:55:00+00:00,2026-01-14 22:00:00+00:00,long,97655.28,97447.6,SL,-1.2395,81.3928
2026-01-15 01:00:00+00:00,2026-01-15 01:20:00+00:00,long,96917.01,96507.36,SL,-1.2209,80.1719
2026-01-15 01:50:00+00:00,2026-01-15 02:35:00+00:00,long,96525.74,96278.76,SL,-1.2026,78.9693
2026-01-15 07:25:00+00:00,2026-01-15 09:35:00+00:00,long,96478.28,96974.98,TP,2.3691,81.3384
2026-01-15 12:40:00+00:00,2026-01-15 14:10:00+00:00,long,96746.99,97139.27,TP,2.4402,83.7785
2026-01-15 15:55:00+00:00,2026-01-15 16:05:00+00:00,long,96737.04,96344.84,SL,-1.2567,82.5219
2026-01-16 03:30:00+00:00,2026-01-16 05:55:00+00:00,short,95453.68,95660.37,SL,-1.2378,81.284
2026-01-16 07:15:00+00:00,2026-01-16 11:00:00+00:00,short,95675.44,95271.01,TP,2.4385,83.7226
2026-01-16 13:00:00+00:00,2026-01-16 14:25:00+00:00,short,95442.89,95714.1,SL,-1.2558,82.4667
2026-01-16 14:35:00+00:00,2026-01-16 15:05:00+00:00,short,95289.78,95581.95,SL,-1.237,81.2297
2026-01-16 15:15:00+00:00,2026-01-16 15:45:00+00:00,short,94902.48,94433.49,TP,2.4369,83.6666
2026-01-16 18:55:00+00:00,2026-01-16 20:40:00+00:00,short,95001.19,95250.02,SL,-1.255,82.4116
2026-01-17 04:20:00+00:00,2026-01-17 14:25:00+00:00,short,95272.36,95476.38,SL,-1.2362,81.1754
2026-01-17 21:35:00+00:00,2026-01-18 01:05:00+00:00,short,95288.25,94895.99,TP,2.4353,83.6107
2026-01-18 02:35:00+00:00,2026-01-18 03:25:00+00:00,short,94908.45,95135.54,SL,-1.2542,82.3565
2026-01-18 04:20:00+00:00,2026-01-18 18:25:00+00:00,short,95129.01,95363.31,SL,-1.2353,81.1212
2026-01-18 23:00:00+00:00,2026-01-18 23:25:00+00:00,short,95034.7,94607.18,TP,2.4336,83.5548
2026-01-19 05:20:00+00:00,2026-01-19 07:50:00+00:00,short,92613.99,92815.47,SL,-1.2533,82.3015
2026-01-19 09:15:00+00:00,2026-01-19 11:35:00+00:00,short,92976.04,93265.59,SL,-1.2345,81.067
2026-01-19 12:05:00+00:00,2026-01-19 16:50:00+00:00,short,93115.26,93358.99,SL,-0.8107,80.2563
2026-01-19 17:30:00+00:00,2026-01-19 22:45:00+00:00,short,93191.49,92810.81,TP,0.8026,81.0589
2026-01-20 02:00:00+00:00,2026-01-20 04:20:00+00:00,short,92619.49,92248.13,TP,1.6212,82.6801
2026-01-20 06:10:00+00:00,2026-01-20 06:15:00+00:00,short,91457.4,90915.83,TP,2.4804,85.1605
2026-01-20 08:40:00+00:00,2026-01-20 08:55:00+00:00,short,90855.29,91116.0,SL,-1.2774,83.8831
2026-01-20 11:45:00+00:00,2026-01-20 13:10:00+00:00,short,91334.81,90920.83,TP,2.5165,86.3995
2026-01-20 14:15:00+00:00,2026-01-20 14:20:00+00:00,short,90756.91,90939.26,SL,-1.296,85.1036
2026-01-20 14:45:00+00:00,2026-01-20 15:05:00+00:00,short,90449.78,89956.99,TP,2.5531,87.6567
2026-01-20 16:40:00+00:00,2026-01-20 17:05:00+00:00,short,90128.04,90407.94,SL,-1.3149,86.3418
2026-01-20 17:30:00+00:00,2026-01-20 18:35:00+00:00,short,89972.19,89588.8,TP,2.5903,88.9321
2026-01-20 21:30:00+00:00,2026-01-20 22:30:00+00:00,short,89496.01,88238.58,TP,2.668,91.6
2026-01-21 02:30:00+00:00,2026-01-21 03:10:00+00:00,short,89025.5,89225.34,SL,-1.374,90.226
2026-01-21 04:15:00+00:00,2026-01-21 04:40:00+00:00,short,89395.09,89579.23,SL,-1.3534,88.8726
2026-01-21 04:50:00+00:00,2026-01-21 05:30:00+00:00,short,89494.21,89703.01,SL,-1.3331,87.5395
2026-01-21 08:35:00+00:00,2026-01-21 09:00:00+00:00,short,89057.93,89272.71,SL,-1.3131,86.2265
2026-01-21 09:55:00+00:00,2026-01-21 10:00:00+00:00,short,89112.3,89324.86,SL,-1.2934,84.9331
2026-01-21 10:55:00+00:00,2026-01-21 11:55:00+00:00,short,89248.99,88789.99,TP,2.548,87.481
2026-01-22 13:35:00+00:00,2026-01-22 14:20:00+00:00,short,89864.25,89418.18,TP,2.6244,90.1055
2026-01-22 18:50:00+00:00,2026-01-22 19:30:00+00:00,short,89415.81,89668.85,SL,-1.3516,88.7539
2026-01-22 20:25:00+00:00,2026-01-22 23:00:00+00:00,short,89574.44,89181.36,TP,2.6626,91.4165
2026-01-23 00:55:00+00:00,2026-01-23 01:30:00+00:00,short,89520.01,89795.02,SL,-1.3712,90.0453
2026-01-23 06:20:00+00:00,2026-01-23 08:30:00+00:00,short,89586.01,89214.0,TP,2.7014,92.7466
2026-01-23 12:15:00+00:00,2026-01-23 13:05:00+00:00,short,89140.01,89327.32,SL,-1.3912,91.3554
2026-01-23 13:35:00+00:00,2026-01-23 14:10:00+00:00,short,89275.66,89459.29,SL,-1.3703,89.9851
2026-01-23 14:30:00+00:00,2026-01-23 14:35:00+00:00,short,89145.6,88671.64,TP,2.6996,92.6846
2026-01-23 20:15:00+00:00,2026-01-23 20:25:00+00:00,long,90056.01,89814.37,SL,-1.3903,91.2944
2026-01-24 09:30:00+00:00,2026-01-24 16:00:00+00:00,short,89615.93,89252.58,TP,2.7388,94.0332
2026-01-24 18:55:00+00:00,2026-01-25 03:25:00+00:00,short,89395.23,89035.32,TP,2.821,96.8542
2026-01-25 05:30:00+00:00,2026-01-25 08:35:00+00:00,short,88913.19,88438.16,TP,2.9056,99.7598
2026-01-25 11:50:00+00:00,2026-01-25 12:35:00+00:00,short,88552.33,88733.99,SL,-1.4964,98.2634
2026-01-25 13:25:00+00:00,2026-01-25 13:45:00+00:00,short,88697.45,88890.55,SL,-1.474,96.7895
2026-01-25 14:15:00+00:00,2026-01-25 15:50:00+00:00,short,88824.88,88407.37,TP,2.9037,99.6932
2026-01-25 18:20:00+00:00,2026-01-25 18:40:00+00:00,short,87637.74,87079.93,TP,2.9908,102.684
2026-01-25 22:05:00+00:00,2026-01-25 22:40:00+00:00,short,86431.18,86634.6,SL,-1.5403,101.1437
2026-01-26 00:40:00+00:00,2026-01-26 00:55:00+00:00,short,86632.44,86854.86,SL,-1.5172,99.6265
2026-01-26 02:05:00+00:00,2026-01-26 02:20:00+00:00,short,87456.83,87816.76,SL,-1.4944,98.1321
2026-01-26 14:10:00+00:00,2026-01-26 14:30:00+00:00,short,87688.02,87908.06,SL,-1.472,96.6602
2026-01-26 15:40:00+00:00,2026-01-26 16:20:00+00:00,short,87476.6,87833.44,SL,-1.4499,95.2103
2026-01-26 17:10:00+00:00,2026-01-26 17:50:00+00:00,short,87426.07,87731.84,SL,-1.4282,93.7821
2026-01-27 02:35:00+00:00,2026-01-27 04:50:00+00:00,long,88751.95,88544.49,SL,-1.4067,92.3754
2026-01-27 06:10:00+00:00,2026-01-27 06:30:00+00:00,long,88498.99,88305.76,SL,-0.9238,91.4516
2026-01-27 07:00:00+00:00,2026-01-27 08:20:00+00:00,long,88431.68,88252.04,SL,-0.9145,90.5371
2026-01-27 12:50:00+00:00,2026-01-27 14:10:00+00:00,short,88008.77,88296.59,SL,-0.4527,90.0844
2026-01-27 23:25:00+00:00,2026-01-27 23:50:00+00:00,long,89502.7,89285.78,SL,-0.4504,89.634
2026-01-28 00:55:00+00:00,2026-01-28 01:30:00+00:00,long,89467.72,89276.36,SL,-0.4482,89.1858
2026-01-28 02:00:00+00:00,2026-01-28 02:30:00+00:00,long,89407.99,89227.9,SL,-0.4459,88.7399
2026-01-28 03:50:00+00:00,2026-01-28 04:05:00+00:00,long,89177.55,88991.11,SL,-0.4437,88.2962
2026-01-28 04:35:00+00:00,2026-01-28 09:55:00+00:00,long,89064.74,89567.25,TP,0.4415,88.7377
2026-01-28 11:40:00+00:00,2026-01-28 11:50:00+00:00,long,89667.52,90044.0,TP,0.4437,89.1814
2026-01-28 12:35:00+00:00,2026-01-28 13:40:00+00:00,long,89963.87,90415.58,TP,0.4459,89.6273
2026-01-28 15:50:00+00:00,2026-01-28 16:10:00+00:00,long,89546.68,89264.94,SL,-0.4481,89.1791
2026-01-28 17:35:00+00:00,2026-01-28 17:50:00+00:00,long,89653.89,90469.15,TP,0.8918,90.0709
2026-01-28 20:00:00+00:00,2026-01-28 20:35:00+00:00,long,89561.51,89325.72,SL,-0.4504,89.6206
2026-01-29 05:55:00+00:00,2026-01-29 07:00:00+00:00,short,88186.54,88375.29,SL,-0.2241,89.3965
2026-01-29 07:25:00+00:00,2026-01-29 08:25:00+00:00,short,88265.89,88452.4,SL,-0.2235,89.173
2026-01-29 08:40:00+00:00,2026-01-29 11:45:00+00:00,short,88125.19,87753.03,TP,0.4459,89.6189
2026-01-29 13:45:00+00:00,2026-01-29 14:40:00+00:00,short,88072.38,87682.65,TP,0.8962,90.5151
2026-01-29 17:55:00+00:00,2026-01-29 18:00:00+00:00,short,84261.66,84489.42,SL,-0.4526,90.0625
2026-01-29 22:15:00+00:00,2026-01-29 23:30:00+00:00,short,84429.55,84697.73,SL,-0.4503,89.6122
2026-01-30 00:10:00+00:00,2026-01-30 00:50:00+00:00,short,84542.28,84195.91,TP,0.8961,90.5083
2026-01-30 05:15:00+00:00,2026-01-30 05:25:00+00:00,short,82971.83,83259.54,SL,-0.9051,89.6032
2026-01-30 05:45:00+00:00,2026-01-30 06:15:00+00:00,short,83044.68,82686.51,TP,1.7921,91.3953
2026-01-30 08:30:00+00:00,2026-01-30 09:00:00+00:00,short,82519.89,82753.0,SL,-1.3709,90.0244
2026-01-30 09:10:00+00:00,2026-01-30 09:45:00+00:00,short,82642.46,82290.01,TP,2.7007,92.7251
2026-01-30 12:20:00+00:00,2026-01-30 13:40:00+00:00,short,82717.21,82930.28,SL,-1.3909,91.3342
2026-01-30 13:45:00+00:00,2026-01-30 14:00:00+00:00,short,82731.68,82899.0,SL,-1.37,89.9642
2026-01-30 15:20:00+00:00,2026-01-30 15:25:00+00:00,short,83100.0,82620.28,TP,2.6989,92.6631
2026-01-30 17:00:00+00:00,2026-01-30 17:15:00+00:00,short,82740.0,82999.99,SL,-1.3899,91.2732
2026-01-30 17:55:00+00:00,2026-01-30 18:00:00+00:00,short,82943.23,83148.45,SL,-1.3691,89.9041
2026-01-30 18:05:00+00:00,2026-01-30 18:15:00+00:00,short,82904.65,82232.62,TP,2.6971,92.6012
2026-01-31 11:40:00+00:00,2026-01-31 13:30:00+00:00,short,82984.0,82536.33,TP,2.778,95.3793
2026-01-31 14:10:00+00:00,2026-01-31 14:20:00+00:00,short,82449.53,81967.6,TP,2.8614,98.2406
2026-01-31 16:45:00+00:00,2026-01-31 17:05:00+00:00,short,80452.64,79507.43,TP,2.9472,101.1879
2026-01-31 18:35:00+00:00,2026-01-31 18:45:00+00:00,short,77548.79,78008.27,SL,-1.5178,99.67
2026-01-31 22:45:00+00:00,2026-01-31 23:00:00+00:00,short,78022.96,78219.85,SL,-1.4951,98.175
2026-02-01 00:30:00+00:00,2026-02-01 01:05:00+00:00,short,79001.88,78640.01,TP,2.9453,101.1202
2026-02-01 03:25:00+00:00,2026-02-01 04:10:00+00:00,short,78742.93,78964.13,SL,-1.5168,99.6034
2026-02-01 05:00:00+00:00,2026-02-01 06:45:00+00:00,short,78815.31,78317.62,TP,2.9881,102.5915
2026-02-01 10:30:00+00:00,2026-02-01 10:40:00+00:00,short,78790.0,78384.93,TP,3.0777,105.6693
2026-02-01 12:20:00+00:00,2026-02-01 12:30:00+00:00,short,78305.0,78488.75,SL,-1.585,104.0842
2026-02-01 13:50:00+00:00,2026-02-01 14:25:00+00:00,short,78359.6,77849.34,TP,3.1225,107.2068
2026-02-01 15:10:00+00:00,2026-02-01 15:25:00+00:00,short,77618.62,76984.0,TP,3.2162,110.423
2026-02-01 18:50:00+00:00,2026-02-01 18:55:00+00:00,short,77833.46,78029.28,SL,-1.6563,108.7666
2026-02-01 21:00:00+00:00,2026-02-01 21:05:00+00:00,short,76876.06,76461.4,TP,3.263,112.0296
2026-02-01 21:55:00+00:00,2026-02-01 22:00:00+00:00,short,76526.03,76893.35,SL,-1.6804,110.3492
2026-02-01 23:05:00+00:00,2026-02-01 23:10:00+00:00,short,76008.07,76639.72,SL,-1.6552,108.6939
2026-02-02 01:05:00+00:00,2026-02-02 01:10:00+00:00,short,77316.77,76824.0,TP,3.2608,111.9548
2026-02-02 05:10:00+00:00,2026-02-02 05:25:00+00:00,short,75525.66,75088.0,TP,3.3586,115.3134
2026-02-02 08:30:00+00:00,2026-02-02 08:35:00+00:00,short,76774.08,77016.08,SL,-1.7297,113.5837
2026-02-03 00:30:00+00:00,2026-02-03 02:10:00+00:00,long,78823.41,78527.78,SL,-1.7038,111.8799
2026-02-03 06:25:00+00:00,2026-02-03 08:25:00+00:00,long,78566.97,78882.2,TP,3.3564,115.2363
2026-02-03 08:30:00+00:00,2026-02-03 09:10:00+00:00,long,78886.9,78180.8,SL,-1.7285,113.5078
2026-02-03 10:35:00+00:00,2026-02-03 12:45:00+00:00,short,78247.45,78412.07,SL,-1.7026,111.8052
2026-02-03 13:50:00+00:00,2026-02-03 14:25:00+00:00,short,78247.5,78425.83,SL,-1.6771,110.1281
2026-02-03 16:15:00+00:00,2026-02-03 16:20:00+00:00,short,77181.61,76734.0,TP,3.3038,113.4319
2026-02-03 21:35:00+00:00,2026-02-03 22:05:00+00:00,short,76227.67,75829.0,TP,3.403,116.8349
2026-02-03 23:50:00+00:00,2026-02-04 00:20:00+00:00,short,75730.3,75916.0,SL,-1.7525,115.0824
2026-02-04 02:00:00+00:00,2026-02-04 02:30:00+00:00,short,76381.8,76047.07,TP,3.4525,118.5349
2026-02-04 07:05:00+00:00,2026-02-04 07:10:00+00:00,short,76346.55,76612.23,SL,-1.778,116.7568
2026-02-04 07:15:00+00:00,2026-02-04 08:25:00+00:00,short,76512.6,76126.07,TP,3.5027,120.2595
2026-02-04 09:15:00+00:00,2026-02-04 11:05:00+00:00,short,76253.8,75814.08,TP,3.6078,123.8673
2026-02-04 13:15:00+00:00,2026-02-04 13:35:00+00:00,short,75927.6,75556.25,TP,3.716,127.5833
2026-02-04 14:55:00+00:00,2026-02-04 15:05:00+00:00,short,74359.53,74963.9,SL,-1.9138,125.6696
2026-02-04 15:30:00+00:00,2026-02-04 15:40:00+00:00,short,74165.1,74363.46,SL,-1.885,123.7845
2026-02-04 16:30:00+00:00,2026-02-04 16:35:00+00:00,short,73574.54,73192.33,TP,3.7135,127.4981
2026-02-04 17:20:00+00:00,2026-02-04 17:25:00+00:00,short,72800.32,72473.56,TP,3.8249,131.323
2026-02-04 19:35:00+00:00,2026-02-04 19:40:00+00:00,short,73230.01,73604.47,SL,-1.9698,129.3532
2026-02-04 20:30:00+00:00,2026-02-04 21:20:00+00:00,short,73540.2,73219.57,TP,3.8806,133.2338
2026-02-04 23:00:00+00:00,2026-02-04 23:10:00+00:00,short,72586.93,72849.91,SL,-1.9985,131.2353
2026-02-05 00:10:00+00:00,2026-02-05 00:20:00+00:00,short,72778.45,73100.0,SL,-1.9685,129.2667
2026-02-05 01:15:00+00:00,2026-02-05 01:25:00+00:00,short,72492.76,72967.15,SL,-1.939,127.3277
2026-02-05 02:45:00+00:00,2026-02-05 02:55:00+00:00,short,71907.81,71454.44,TP,3.8198,131.1476
2026-02-05 05:20:00+00:00,2026-02-05 05:30:00+00:00,short,70305.17,70467.24,SL,-1.9672,129.1804
2026-02-05 07:55:00+00:00,2026-02-05 08:05:00+00:00,short,70756.85,70918.0,SL,-1.9377,127.2427
2026-02-05 08:55:00+00:00,2026-02-05 09:00:00+00:00,short,71054.99,71316.38,SL,-1.9086,125.334
2026-02-05 09:45:00+00:00,2026-02-05 09:50:00+00:00,short,71488.9,71674.75,SL,-1.88,123.454
2026-02-05 15:00:00+00:00,2026-02-05 15:05:00+00:00,short,68981.35,68627.96,TP,3.7036,127.1576
2026-02-05 17:15:00+00:00,2026-02-05 17:20:00+00:00,short,66875.88,67592.88,SL,-1.9074,125.2503
2026-02-05 17:30:00+00:00,2026-02-05 17:40:00+00:00,short,66774.24,67109.93,SL,-1.8788,123.3715
2026-02-05 19:50:00+00:00,2026-02-05 20:05:00+00:00,short,65312.1,65629.0,SL,-1.8506,121.5209
2026-02-05 21:15:00+00:00,2026-02-05 21:20:00+00:00,short,62960.83,63922.45,SL,-1.2152,120.3057
2026-02-05 23:40:00+00:00,2026-02-05 23:50:00+00:00,short,63472.08,63012.45,TP,1.2031,121.5088
2026-02-06 02:20:00+00:00,2026-02-06 02:25:00+00:00,short,64382.71,64612.73,SL,-0.6075,120.9012
2026-02-06 06:20:00+00:00,2026-02-06 06:30:00+00:00,short,65798.55,65399.56,TP,1.209,122.1102
2026-02-06 08:15:00+00:00,2026-02-06 08:30:00+00:00,short,64846.54,64585.23,TP,2.4422,124.5525
2026-02-06 20:30:00+00:00,2026-02-06 20:35:00+00:00,long,70787.54,70440.0,SL,-1.2455,123.3069
2026-02-06 21:55:00+00:00,2026-02-06 22:05:00+00:00,long,70358.43,70650.01,TP,1.2331,124.54
2026-02-07 01:20:00+00:00,2026-02-07 01:40:00+00:00,long,69978.19,70287.56,TP,2.4908,127.0308
2026-02-07 03:05:00+00:00,2026-02-07 03:25:00+00:00,long,70520.35,70861.62,TP,2.5406,129.5714
2026-02-07 06:35:00+00:00,2026-02-07 06:40:00+00:00,long,70230.28,70063.41,SL,-1.9436,127.6278
2026-02-07 13:10:00+00:00,2026-02-07 13:15:00+00:00,short,68994.0,69141.03,SL,-1.9144,125.7134
2026-02-07 18:10:00+00:00,2026-02-07 18:15:00+00:00,short,69050.43,69266.6,SL,-1.8857,123.8277
2026-02-07 23:45:00+00:00,2026-02-08 00:15:00+00:00,long,69362.0,69135.68,SL,-1.2383,122.5894
2026-02-08 01:00:00+00:00,2026-02-08 02:20:00+00:00,long,69269.24,69614.47,TP,2.4518,125.0412
2026-02-08 06:15:00+00:00,2026-02-08 07:55:00+00:00,long,69385.5,69710.69,TP,3.7512,128.7925
2026-02-08 11:05:00+00:00,2026-02-08 11:30:00+00:00,long,70429.15,70846.82,TP,3.8638,132.6562
2026-02-08 12:55:00+00:00,2026-02-08 13:00:00+00:00,long,71249.95,71090.01,SL,-1.9898,130.6664
2026-02-08 13:15:00+00:00,2026-02-08 13:35:00+00:00,long,71430.01,71256.26,SL,-1.96,128.7064
2026-02-08 13:55:00+00:00,2026-02-08 14:05:00+00:00,long,71514.77,71285.4,SL,-1.9306,126.7758
2026-02-08 17:35:00+00:00,2026-02-08 18:30:00+00:00,long,70706.0,71242.3,TP,3.8033,130.5791
2026-02-08 19:40:00+00:00,2026-02-08 20:00:00+00:00,long,71304.68,71059.53,SL,-1.9587,128.6204
2026-02-08 22:15:00+00:00,2026-02-08 23:00:00+00:00,long,70910.38,71404.6,TP,3.8586,132.479
2026-02-09 00:20:00+00:00,2026-02-09 00:25:00+00:00,long,70727.79,70479.39,SL,-1.9872,130.4918
2026-02-09 13:45:00+00:00,2026-02-09 13:55:00+00:00,short,68969.62,68594.57,TP,3.9148,134.4066
2026-02-09 15:25:00+00:00,2026-02-09 15:35:00+00:00,short,68921.04,69429.39,SL,-2.0161,132.3905
2026-02-09 16:10:00+00:00,2026-02-09 16:20:00+00:00,short,69205.01,69472.45,SL,-1.9859,130.4046
2026-02-09 22:05:00+00:00,2026-02-09 23:45:00+00:00,long,70400.0,70204.75,SL,-1.9561,128.4486
2026-02-10 09:45:00+00:00,2026-02-10 10:05:00+00:00,short,69018.64,69165.96,SL,-1.9267,126.5218
2026-02-10 11:40:00+00:00,2026-02-10 13:30:00+00:00,short,68666.41,69032.62,SL,-1.2652,125.2566
2026-02-10 14:35:00+00:00,2026-02-10 14:40:00+00:00,short,68580.86,68229.65,TP,1.2526,126.5092
2026-02-10 20:15:00+00:00,2026-02-10 21:30:00+00:00,short,68873.4,68499.01,TP,2.5302,129.0394
2026-02-11 01:20:00+00:00,2026-02-11 02:45:00+00:00,short,68996.91,68627.16,TP,3.8712,132.9105
2026-02-11 06:10:00+00:00,2026-02-11 06:20:00+00:00,short,66916.36,67082.41,SL,-1.9937,130.9169
2026-02-11 09:15:00+00:00,2026-02-11 09:25:00+00:00,short,66825.43,66978.43,SL,-1.9638,128.9531
2026-02-11 09:45:00+00:00,2026-02-11 11:20:00+00:00,short,66748.76,67023.62,SL,-1.9343,127.0188
2026-02-11 12:50:00+00:00,2026-02-11 13:15:00+00:00,short,67141.36,66829.89,TP,2.5404,129.5592
2026-02-11 14:35:00+00:00,2026-02-11 14:45:00+00:00,short,67253.0,66909.02,TP,2.5912,132.1504
2026-02-11 16:40:00+00:00,2026-02-11 17:10:00+00:00,short,66127.5,66263.59,SL,-1.9823,130.1681
2026-02-12 04:20:00+00:00,2026-02-12 04:55:00+00:00,short,67298.6,67018.4,TP,3.905,134.0732
2026-02-12 07:05:00+00:00,2026-02-12 07:20:00+00:00,short,67007.44,67217.99,SL,-2.0111,132.0621
2026-02-12 08:20:00+00:00,2026-02-12 09:20:00+00:00,short,67083.53,67277.21,SL,-1.9809,130.0811
2026-02-12 20:25:00+00:00,2026-02-12 21:00:00+00:00,short,65505.7,65642.42,SL,-1.9512,128.1299
2026-02-12 23:40:00+00:00,2026-02-13 00:00:00+00:00,short,66247.44,66452.28,SL,-1.2813,126.8486
2026-02-13 05:55:00+00:00,2026-02-13 06:55:00+00:00,short,66175.79,66359.28,SL,-1.2685,125.5801
2026-02-13 07:40:00+00:00,2026-02-13 07:50:00+00:00,short,66127.51,66304.37,SL,-0.6279,124.9522
2026-02-13 21:05:00+00:00,2026-02-13 21:35:00+00:00,long,68990.88,68833.98,SL,-0.6248,124.3275
2026-02-13 22:30:00+00:00,2026-02-14 06:05:00+00:00,long,68888.32,68743.68,SL,-0.6216,123.7058
2026-02-14 06:15:00+00:00,2026-02-14 07:40:00+00:00,long,68848.74,69181.6,TP,1.2371,124.9429
2026-02-14 11:05:00+00:00,2026-02-14 11:20:00+00:00,long,69821.39,70334.79,TP,2.4989,127.4418
2026-02-14 14:15:00+00:00,2026-02-14 15:20:00+00:00,long,69533.89,69958.73,TP,3.8233,131.265
2026-02-14 16:50:00+00:00,2026-02-14 20:55:00+00:00,long,69738.0,70023.09,TP,3.9379,135.203
2026-02-14 22:40:00+00:00,2026-02-14 23:20:00+00:00,long,69988.09,69814.04,SL,-2.028,133.1749
2026-02-15 00:55:00+00:00,2026-02-15 01:20:00+00:00,long,69777.07,69572.0,SL,-1.3317,131.8432
2026-02-15 03:45:00+00:00,2026-02-15 04:05:00+00:00,long,69902.29,70270.21,TP,2.6369,134.48
2026-02-15 07:15:00+00:00,2026-02-15 08:25:00+00:00,long,70791.8,70568.02,SL,-2.0172,132.4628
2026-02-15 09:30:00+00:00,2026-02-15 09:50:00+00:00,long,70597.18,70396.03,SL,-1.9869,130.4759
2026-02-15 10:45:00+00:00,2026-02-15 11:30:00+00:00,long,70507.8,70326.29,SL,-1.3048,129.1711
2026-02-15 12:25:00+00:00,2026-02-15 12:35:00+00:00,long,70370.31,70182.46,SL,-0.6459,128.5253
2026-02-15 23:00:00+00:00,2026-02-15 23:05:00+00:00,short,68682.22,68382.91,TP,1.2853,129.8105
2026-02-16 01:20:00+00:00,2026-02-16 02:20:00+00:00,short,68710.54,68430.0,TP,1.2981,131.1086
2026-02-16 05:10:00+00:00,2026-02-16 07:10:00+00:00,short,68473.16,68611.54,SL,-1.3111,129.7975
2026-02-16 15:30:00+00:00,2026-02-16 15:50:00+00:00,short,67440.91,67634.51,SL,-1.298,128.4996
2026-02-16 18:45:00+00:00,2026-02-16 19:40:00+00:00,short,67923.8,68096.25,SL,-1.285,127.2146
2026-02-16 19:55:00+00:00,2026-02-16 20:20:00+00:00,short,67913.43,68068.09,SL,-1.2721,125.9424
2026-02-17 04:30:00+00:00,2026-02-17 05:20:00+00:00,short,68372.8,68019.88,TP,2.5188,128.4613
2026-02-17 07:20:00+00:00,2026-02-17 07:35:00+00:00,short,68304.1,68464.86,SL,-1.9269,126.5344
2026-02-17 08:15:00+00:00,2026-02-17 10:15:00+00:00,short,68284.19,67846.18,TP,3.796,130.3304
2026-02-17 13:00:00+00:00,2026-02-17 13:05:00+00:00,short,67776.87,67961.28,SL,-1.955,128.3754
2026-02-17 13:40:00+00:00,2026-02-17 13:50:00+00:00,short,68019.92,68212.01,SL,-1.9256,126.4498
2026-02-17 14:20:00+00:00,2026-02-17 14:35:00+00:00,short,68021.75,67608.53,TP,2.529,128.9788
2026-02-17 17:10:00+00:00,2026-02-17 17:25:00+00:00,short,67266.89,67467.46,SL,-1.2898,127.689
2026-02-17 19:30:00+00:00,2026-02-17 20:05:00+00:00,short,67872.22,67563.25,TP,1.2769,128.9659
2026-02-17 21:15:00+00:00,2026-02-17 23:05:00+00:00,short,67739.06,67445.83,TP,2.5793,131.5452
2026-02-18 00:45:00+00:00,2026-02-18 01:25:00+00:00,short,67364.73,67053.18,TP,3.9464,135.4916
2026-02-18 13:40:00+00:00,2026-02-18 14:45:00+00:00,short,67287.84,66771.54,TP,4.0647,139.5563
2026-02-18 16:05:00+00:00,2026-02-18 17:05:00+00:00,short,67138.07,67308.93,SL,-2.0933,137.463
2026-02-18 17:40:00+00:00,2026-02-18 18:40:00+00:00,short,67096.7,66342.3,TP,4.1239,141.5869
2026-02-18 23:15:00+00:00,2026-02-19 00:05:00+00:00,short,66353.98,66550.84,SL,-2.1238,139.4631
2026-02-19 00:25:00+00:00,2026-02-19 01:00:00+00:00,short,66405.07,66573.49,SL,-2.0919,137.3711
2026-02-19 02:35:00+00:00,2026-02-19 02:55:00+00:00,short,66690.65,66835.2,SL,-2.0606,135.3106
2026-02-19 03:35:00+00:00,2026-02-19 04:00:00+00:00,short,66863.69,67022.0,SL,-2.0297,133.2809
2026-02-19 04:20:00+00:00,2026-02-19 06:15:00+00:00,short,66869.01,67126.11,SL,-1.9992,131.2817
2026-02-19 09:45:00+00:00,2026-02-19 10:35:00+00:00,short,66794.11,66949.81,SL,-1.9692,129.3125
2026-02-19 10:50:00+00:00,2026-02-19 11:50:00+00:00,short,66792.95,66511.03,TP,3.8794,133.1918
2026-02-19 13:00:00+00:00,2026-02-19 13:35:00+00:00,short,66440.0,66107.93,TP,3.9958,137.1876
2026-02-19 14:30:00+00:00,2026-02-19 14:35:00+00:00,short,65737.13,66105.0,SL,-2.0578,135.1298
2026-02-19 16:05:00+00:00,2026-02-19 16:15:00+00:00,short,66143.62,66323.49,SL,-2.0269,133.1028
2026-02-19 17:45:00+00:00,2026-02-19 18:10:00+00:00,short,66445.59,66639.09,SL,-1.9965,131.1063
2026-02-20 03:20:00+00:00,2026-02-20 04:15:00+00:00,long,67384.14,67173.27,SL,-1.9666,129.1397
2026-02-20 05:20:00+00:00,2026-02-20 05:30:00+00:00,long,67348.26,67897.97,TP,3.8742,133.0139
2026-02-20 09:00:00+00:00,2026-02-20 10:50:00+00:00,long,68181.3,67979.99,SL,-1.9952,131.0187
2026-02-20 16:45:00+00:00,2026-02-20 17:05:00+00:00,long,67657.24,67322.19,SL,-1.9653,129.0534
2026-02-20 17:50:00+00:00,2026-02-20 18:30:00+00:00,long,67587.5,67874.01,TP,2.5811,131.6345
2026-02-20 21:05:00+00:00,2026-02-20 22:50:00+00:00,long,67775.21,68049.95,TP,2.6327,134.2671
2026-02-21 01:35:00+00:00,2026-02-21 03:00:00+00:00,long,67985.99,67796.17,SL,-1.3427,132.9245
2026-02-21 04:25:00+00:00,2026-02-21 08:30:00+00:00,long,67717.0,67988.94,TP,1.3292,134.2537
2026-02-21 12:50:00+00:00,2026-02-21 14:20:00+00:00,long,68184.67,68499.99,TP,2.6851,136.9388
2026-02-21 15:40:00+00:00,2026-02-21 16:00:00+00:00,long,68631.72,68402.41,SL,-1.3694,135.5694
2026-02-21 17:35:00+00:00,2026-02-21 19:05:00+00:00,long,68351.97,68643.98,TP,2.7114,138.2808
2026-02-21 21:50:00+00:00,2026-02-21 22:35:00+00:00,long,68343.14,68155.87,SL,-2.0742,136.2066
2026-02-22 16:30:00+00:00,2026-02-22 17:35:00+00:00,short,67544.65,67272.31,TP,4.0862,140.2928
2026-02-22 20:10:00+00:00,2026-02-22 21:30:00+00:00,short,67385.78,67521.29,SL,-2.1044,138.1884
2026-02-22 22:15:00+00:00,2026-02-22 22:40:00+00:00,short,67532.77,67679.27,SL,-2.0728,136.1156
2026-02-22 23:05:00+00:00,2026-02-23 00:30:00+00:00,short,67580.47,67299.19,TP,4.0835,140.199
2026-02-23 08:00:00+00:00,2026-02-23 09:30:00+00:00,short,65816.08,66150.24,SL,-2.103,138.096
2026-02-23 13:15:00+00:00,2026-02-23 13:40:00+00:00,short,66192.6,66353.16,SL,-2.0714,136.0246
2026-02-23 13:55:00+00:00,2026-02-23 14:35:00+00:00,short,66132.66,65845.29,TP,4.0807,140.1053
2026-02-23 15:25:00+00:00,2026-02-23 16:00:00+00:00,short,65806.54,65415.21,TP,4.2032,144.3085
2026-02-23 17:10:00+00:00,2026-02-23 17:15:00+00:00,short,65081.03,64788.47,TP,4.3293,148.6378
2026-02-23 19:25:00+00:00,2026-02-23 19:35:00+00:00,short,64463.84,64144.88,TP,4.4591,153.0969
2026-02-23 22:50:00+00:00,2026-02-23 23:05:00+00:00,short,64697.61,64891.99,SL,-2.2965,150.8004
2026-02-24 01:05:00+00:00,2026-02-24 01:10:00+00:00,short,64625.13,64324.95,TP,4.524,155.3244
2026-02-24 03:00:00+00:00,2026-02-24 03:45:00+00:00,short,63859.52,63552.32,TP,4.6597,159.9842
2026-02-24 05:25:00+00:00,2026-02-24 05:30:00+00:00,short,62820.77,62947.4,SL,-2.3998,157.5844
2026-02-24 07:45:00+00:00,2026-02-24 07:55:00+00:00,short,63039.55,63192.96,SL,-2.3638,155.2207
2026-02-24 09:15:00+00:00,2026-02-24 10:50:00+00:00,short,63171.4,63320.44,SL,-2.3283,152.8923
2026-02-24 11:15:00+00:00,2026-02-24 13:20:00+00:00,short,63212.39,62929.36,TP,4.5868,157.4791
2026-02-24 23:05:00+00:00,2026-02-24 23:10:00+00:00,short,63872.55,64071.98,SL,-2.3622,155.1169
2026-02-25 04:35:00+00:00,2026-02-25 04:50:00+00:00,long,65612.91,65461.97,SL,-2.3268,152.7902
2026-02-25 06:20:00+00:00,2026-02-25 06:50:00+00:00,long,65089.08,64905.21,SL,-2.2919,150.4983
2026-02-25 11:40:00+00:00,2026-02-25 12:15:00+00:00,long,65433.81,65716.43,TP,4.5149,155.0133
2026-02-25 14:55:00+00:00,2026-02-25 15:05:00+00:00,long,66973.2,66826.97,SL,-2.3252,152.6881
2026-02-25 18:25:00+00:00,2026-02-25 19:00:00+00:00,long,69348.39,69126.0,SL,-2.2903,150.3978
2026-02-25 20:45:00+00:00,2026-02-25 21:10:00+00:00,long,69252.0,68990.91,SL,-2.256,148.1418
2026-02-25 21:35:00+00:00,2026-02-25 21:40:00+00:00,long,69388.95,69221.59,SL,-2.2221,145.9197
2026-02-26 00:10:00+00:00,2026-02-26 00:30:00+00:00,long,68153.57,68482.96,TP,4.3776,150.2972
2026-02-26 02:45:00+00:00,2026-02-26 04:05:00+00:00,long,68130.59,68447.46,TP,4.5089,154.8062
2026-02-26 08:15:00+00:00,2026-02-26 09:35:00+00:00,long,68074.42,68460.44,TP,4.6442,159.4503
2026-02-26 12:15:00+00:00,2026-02-26 12:40:00+00:00,long,68228.99,68082.32,SL,-2.3918,157.0586
2026-02-26 13:45:00+00:00,2026-02-26 13:55:00+00:00,long,68103.77,67905.35,SL,-2.3559,154.7027
2026-02-26 14:20:00+00:00,2026-02-26 14:35:00+00:00,long,68120.76,67860.97,SL,-1.547,153.1557
2026-02-27 07:50:00+00:00,2026-02-27 09:05:00+00:00,long,67734.49,68021.67,TP,3.0631,156.2188
2026-02-27 14:45:00+00:00,2026-02-27 15:05:00+00:00,short,65885.62,66074.17,SL,-1.5622,154.6566
2026-02-27 16:10:00+00:00,2026-02-27 16:20:00+00:00,short,65897.56,66044.85,SL,-0.7733,153.8833
2026-02-27 16:35:00+00:00,2026-02-27 16:45:00+00:00,short,65915.62,65494.21,TP,1.5388,155.4222
2026-02-27 18:55:00+00:00,2026-02-27 20:00:00+00:00,short,65314.76,65491.33,SL,-1.5542,153.8679
2026-02-27 21:40:00+00:00,2026-02-27 22:30:00+00:00,short,65621.37,64986.0,TP,3.0774,156.9453
2026-02-28 00:20:00+00:00,2026-02-28 02:50:00+00:00,short,65872.25,66018.84,SL,-1.5695,155.3758
2026-02-28 03:05:00+00:00,2026-02-28 04:30:00+00:00,short,65882.81,65603.17,TP,3.1075,158.4834
2026-02-28 05:30:00+00:00,2026-02-28 06:15:00+00:00,short,65574.96,64944.0,TP,4.7545,163.2379
2026-02-28 11:45:00+00:00,2026-02-28 13:45:00+00:00,short,64042.53,64534.19,SL,-2.4486,160.7893
2026-02-28 14:50:00+00:00,2026-02-28 15:20:00+00:00,short,64432.82,64576.73,SL,-2.4118,158.3775
2026-02-28 22:20:00+00:00,2026-02-28 22:35:00+00:00,long,67048.57,67534.57,TP,4.7513,163.1288
2026-03-01 01:40:00+00:00,2026-03-01 01:45:00+00:00,long,66626.57,67340.16,TP,4.8939,168.0226
2026-03-01 05:15:00+00:00,2026-03-01 06:00:00+00:00,long,67410.47,67266.64,SL,-2.5203,165.5023
2026-03-01 07:15:00+00:00,2026-03-01 08:10:00+00:00,long,66999.5,67269.74,TP,4.9651,170.4674
2026-03-01 15:10:00+00:00,2026-03-01 15:55:00+00:00,long,67115.18,66842.42,SL,-2.557,167.9104
2026-03-01 22:35:00+00:00,2026-03-01 23:00:00+00:00,short,65300.0,65699.99,SL,-2.5187,165.3917
2026-03-02 11:45:00+00:00,2026-03-02 12:15:00+00:00,long,66350.58,66212.29,SL,-2.4809,162.9108
2026-03-02 19:55:00+00:00,2026-03-02 20:10:00+00:00,long,68966.53,68738.01,SL,-2.4437,160.4672
2026-03-02 20:20:00+00:00,2026-03-02 20:45:00+00:00,long,68979.09,69397.72,TP,4.814,165.2812
2026-03-03 00:35:00+00:00,2026-03-03 01:15:00+00:00,long,69102.16,68905.0,SL,-2.4792,162.802
2026-03-03 03:25:00+00:00,2026-03-03 04:35:00+00:00,long,68419.34,68268.46,SL,-2.442,160.3599
2026-03-03 14:30:00+00:00,2026-03-03 14:40:00+00:00,short,66869.99,66464.0,TP,4.8108,165.1707
2026-03-03 18:25:00+00:00,2026-03-03 18:35:00+00:00,long,68465.88,68762.48,TP,4.9551,170.1259
2026-03-03 22:00:00+00:00,2026-03-03 23:10:00+00:00,long,68308.63,68695.92,TP,5.1038,175.2296
2026-03-04 01:05:00+00:00,2026-03-04 01:15:00+00:00,long,68246.45,68093.03,SL,-2.6284,172.6012
2026-03-04 01:25:00+00:00,2026-03-04 01:35:00+00:00,long,68251.99,68682.5,TP,5.178,177.7792
2026-03-04 02:55:00+00:00,2026-03-04 03:00:00+00:00,long,68323.33,68138.25,SL,-2.6667,175.1125
2026-03-04 03:05:00+00:00,2026-03-04 03:25:00+00:00,long,68271.56,67976.25,SL,-2.6267,172.4859
2026-03-04 07:25:00+00:00,2026-03-04 07:45:00+00:00,long,68766.45,69426.02,TP,5.1746,177.6604
2026-03-04 12:50:00+00:00,2026-03-04 13:05:00+00:00,long,71140.57,71524.21,TP,5.3298,182.9902
2026-03-04 15:10:00+00:00,2026-03-04 15:15:00+00:00,long,72003.76,72362.55,TP,5.4897,188.4799
2026-03-04 17:10:00+00:00,2026-03-04 17:15:00+00:00,long,73545.44,73285.05,SL,-2.8272,185.6527
2026-03-04 18:50:00+00:00,2026-03-04 19:15:00+00:00,long,73606.42,73980.09,TP,5.5696,191.2223
2026-03-04 21:40:00+00:00,2026-03-04 22:40:00+00:00,long,73237.6,72917.01,SL,-2.8683,188.354
2026-03-04 23:45:00+00:00,2026-03-05 01:05:00+00:00,long,72701.19,73070.04,TP,5.6506,194.0046
2026-03-05 02:20:00+00:00,2026-03-05 02:30:00+00:00,long,72763.79,72460.47,SL,-2.9101,191.0945
2026-03-05 03:05:00+00:00,2026-03-05 03:30:00+00:00,long,72637.91,72410.01,SL,-2.8664,188.2281
2026-03-05 03:55:00+00:00,2026-03-05 04:25:00+00:00,long,72497.89,72793.66,TP,5.6468,193.875
2026-03-05 06:35:00+00:00,2026-03-05 07:30:00+00:00,long,72526.99,72343.93,SL,-2.9081,190.9668
2026-03-05 12:50:00+00:00,2026-03-05 13:00:00+00:00,long,72992.67,72762.01,SL,-2.8645,188.1023
2026-03-05 14:10:00+00:00,2026-03-05 14:35:00+00:00,long,72613.91,72212.75,SL,-2.8215,185.2808
2026-03-05 14:55:00+00:00,2026-03-05 15:00:00+00:00,long,72609.29,72271.04,SL,-2.7792,182.5016
2026-03-06 01:10:00+00:00,2026-03-06 01:25:00+00:00,short,70800.0,70465.03,TP,5.475,187.9766
2026-03-06 03:05:00+00:00,2026-03-06 04:10:00+00:00,short,71236.76,70910.91,TP,5.6393,193.6159
2026-03-06 08:20:00+00:00,2026-03-06 09:10:00+00:00,short,70904.61,70572.0,TP,5.8085,199.4244
2026-03-06 10:50:00+00:00,2026-03-06 11:55:00+00:00,short,70531.07,70212.95,TP,5.9827,205.4072
2026-03-06 13:55:00+00:00,2026-03-06 14:05:00+00:00,short,69208.0,68662.2,TP,6.1622,211.5694
2026-03-06 17:30:00+00:00,2026-03-06 17:35:00+00:00,short,68152.3,67858.74,TP,6.3471,217.9164
2026-03-06 19:35:00+00:00,2026-03-06 20:25:00+00:00,short,68172.59,67832.74,TP,6.5375,224.4539
2026-03-06 23:10:00+00:00,2026-03-07 03:10:00+00:00,short,68334.55,68515.19,SL,-3.3668,221.0871
2026-03-07 03:35:00+00:00,2026-03-07 04:00:00+00:00,short,68191.12,67903.11,TP,6.6326,227.7197
2026-03-07 05:15:00+00:00,2026-03-07 05:40:00+00:00,short,67943.72,68081.8,SL,-3.4158,224.304
2026-03-07 06:10:00+00:00,2026-03-07 07:00:00+00:00,short,67951.11,67570.45,TP,6.7291,231.0331
2026-03-07 09:00:00+00:00,2026-03-07 09:10:00+00:00,short,67788.0,67970.87,SL,-3.4655,227.5676
2026-03-07 10:20:00+00:00,2026-03-07 11:10:00+00:00,short,67950.01,68186.93,SL,-3.4135,224.1541
2026-03-07 11:55:00+00:00,2026-03-07 14:05:00+00:00,short,68010.01,67701.0,TP,6.7246,230.8787
2026-03-07 15:35:00+00:00,2026-03-07 18:30:00+00:00,short,67822.86,67521.74,TP,6.9264,237.805
2026-03-07 22:15:00+00:00,2026-03-08 02:45:00+00:00,short,67362.43,67078.65,TP,7.1342,244.9392
2026-03-08 04:45:00+00:00,2026-03-08 05:15:00+00:00,short,66879.94,67020.73,SL,-3.6741,241.2651
2026-03-08 06:25:00+00:00,2026-03-08 07:00:00+00:00,short,67055.04,67267.47,SL,-3.619,237.6461
2026-03-08 07:45:00+00:00,2026-03-08 08:40:00+00:00,short,67264.76,67500.11,SL,-3.5647,234.0814
2026-03-08 13:10:00+00:00,2026-03-08 13:25:00+00:00,short,66974.1,67163.88,SL,-3.5112,230.5702
2026-03-08 15:30:00+00:00,2026-03-08 18:15:00+00:00,short,67130.89,66811.04,TP,6.9171,237.4873
2026-03-08 20:10:00+00:00,2026-03-08 20:30:00+00:00,short,67101.68,67364.01,SL,-3.5623,233.925
2026-03-08 20:55:00+00:00,2026-03-08 21:05:00+00:00,short,67238.8,66930.27,TP,7.0178,240.9428
2026-03-09 01:55:00+00:00,2026-03-09 02:35:00+00:00,short,66196.01,66462.68,SL,-3.6141,237.3286
2026-03-09 16:45:00+00:00,2026-03-09 17:20:00+00:00,long,69015.95,68776.36,SL,-3.5599,233.7687
2026-03-09 18:30:00+00:00,2026-03-09 18:35:00+00:00,long,68661.6,68514.75,SL,-3.5065,230.2622
2026-03-09 19:00:00+00:00,2026-03-09 19:15:00+00:00,long,68487.05,68847.48,TP,6.9079,237.17
2026-03-09 21:10:00+00:00,2026-03-09 21:20:00+00:00,long,69054.0,68872.11,SL,-3.5575,233.6125
2026-03-10 00:15:00+00:00,2026-03-10 00:25:00+00:00,long,68678.65,68980.01,TP,7.0084,240.6208
2026-03-10 01:50:00+00:00,2026-03-10 02:30:00+00:00,long,69253.27,70001.2,TP,7.2186,247.8395
2026-03-10 04:45:00+00:00,2026-03-10 05:15:00+00:00,long,69960.01,70243.71,TP,7.4352,255.2747
2026-03-10 06:35:00+00:00,2026-03-10 06:50:00+00:00,long,70086.46,69900.08,SL,-3.8291,251.4455
2026-03-10 07:10:00+00:00,2026-03-10 08:05:00+00:00,long,70240.36,70924.57,TP,7.5434,258.9889
2026-03-10 09:25:00+00:00,2026-03-10 09:40:00+00:00,long,71228.0,71075.63,SL,-3.8848,255.1041
2026-03-10 12:45:00+00:00,2026-03-10 13:20:00+00:00,long,70503.52,70858.92,TP,7.6531,262.7572
2026-03-10 14:35:00+00:00,2026-03-10 14:45:00+00:00,long,70177.38,70643.7,TP,7.8827,270.6399
2026-03-10 16:20:00+00:00,2026-03-10 16:25:00+00:00,long,71531.39,71364.42,SL,-4.0596,266.5803
2026-03-11 16:20:00+00:00,2026-03-11 16:30:00+00:00,long,70400.0,70713.25,TP,7.9974,274.5777
2026-03-11 19:40:00+00:00,2026-03-11 20:00:00+00:00,long,70674.86,70505.62,SL,-4.1187,270.4591
2026-03-11 20:45:00+00:00,2026-03-11 22:30:00+00:00,long,70537.26,70379.15,SL,-4.0569,266.4022
2026-03-12 00:20:00+00:00,2026-03-12 00:30:00+00:00,long,70345.9,70174.34,SL,-3.996,262.4061
2026-03-12 08:35:00+00:00,2026-03-12 09:40:00+00:00,short,69821.34,70278.4,SL,-3.9361,258.47
2026-03-12 14:10:00+00:00,2026-03-12 14:15:00+00:00,long,70381.33,70141.9,SL,-3.8771,254.593
2026-03-12 21:15:00+00:00,2026-03-12 22:15:00+00:00,long,70321.8,70155.48,SL,-3.8189,250.7741
2026-03-12 23:00:00+00:00,2026-03-13 00:10:00+00:00,long,70413.27,71118.58,TP,7.5232,258.2973
2026-03-13 03:50:00+00:00,2026-03-13 04:25:00+00:00,long,71471.72,71319.52,SL,-3.8745,254.4229
2026-03-13 05:25:00+00:00,2026-03-13 06:25:00+00:00,long,71413.8,71241.61,SL,-3.8163,250.6065
2026-03-13 07:10:00+00:00,2026-03-13 08:35:00+00:00,long,71423.43,72034.5,TP,7.5182,258.1247
2026-03-13 09:45:00+00:00,2026-03-13 10:15:00+00:00,long,71985.59,72469.99,TP,7.7437,265.8685
2026-03-13 12:45:00+00:00,2026-03-13 13:15:00+00:00,long,72745.93,73235.37,TP,7.9761,273.8445
2026-03-14 02:40:00+00:00,2026-03-14 03:05:00+00:00,short,70770.33,70999.0,SL,-4.1077,269.7368
2026-03-14 04:50:00+00:00,2026-03-14 06:20:00+00:00,short,71088.09,70794.3,TP,8.0921,277.8289
2026-03-14 07:50:00+00:00,2026-03-14 08:10:00+00:00,short,70514.13,70697.04,SL,-4.1674,273.6615
2026-03-14 09:45:00+00:00,2026-03-14 11:00:00+00:00,short,70448.25,70645.05,SL,-4.1049,269.5566
2026-03-14 12:30:00+00:00,2026-03-14 13:15:00+00:00,short,70725.95,70914.8,SL,-4.0433,265.5132
2026-03-14 13:55:00+00:00,2026-03-14 15:35:00+00:00,short,70847.35,70563.71,TP,5.3103,270.8235
2026-03-14 17:50:00+00:00,2026-03-14 20:15:00+00:00,short,70590.02,70742.17,SL,-2.7082,268.1153
2026-03-14 21:05:00+00:00,2026-03-14 23:00:00+00:00,short,70734.36,70879.55,SL,-2.6812,265.4341
2026-03-15 02:00:00+00:00,2026-03-15 02:45:00+00:00,long,71189.04,71624.08,TP,2.6543,268.0885
2026-03-15 04:10:00+00:00,2026-03-15 06:35:00+00:00,long,71586.04,71420.43,SL,-2.6809,265.4076
2026-03-15 07:10:00+00:00,2026-03-15 07:40:00+00:00,long,71612.56,71446.96,SL,-2.6541,262.7535
2026-03-15 08:10:00+00:00,2026-03-15 09:05:00+00:00,long,71594.53,71919.6,TP,5.2551,268.0086
2026-03-15 11:50:00+00:00,2026-03-15 12:10:00+00:00,long,71858.66,71702.74,SL,-4.0201,263.9884
2026-03-15 13:50:00+00:00,2026-03-15 17:50:00+00:00,long,71522.68,71964.84,TP,7.9197,271.9081
2026-03-15 19:55:00+00:00,2026-03-15 20:35:00+00:00,long,71549.94,71853.9,TP,8.1572,280.0653
2026-03-15 22:35:00+00:00,2026-03-15 22:50:00+00:00,long,72310.71,72691.55,TP,8.402,288.4673
2026-03-16 01:45:00+00:00,2026-03-16 02:25:00+00:00,long,72628.92,72451.44,SL,-4.327,284.1403
2026-03-16 03:15:00+00:00,2026-03-16 03:30:00+00:00,long,72602.25,73728.64,TP,8.5242,292.6645
2026-03-16 04:50:00+00:00,2026-03-16 04:55:00+00:00,long,74345.52,73835.62,SL,-4.39,288.2745
2026-03-16 09:20:00+00:00,2026-03-16 10:50:00+00:00,long,73181.97,73566.82,TP,8.6482,296.9228
2026-03-16 12:20:00+00:00,2026-03-16 13:30:00+00:00,long,73761.83,74313.66,TP,8.9077,305.8304
2026-03-16 15:20:00+00:00,2026-03-16 15:35:00+00:00,long,73859.72,73652.24,SL,-4.5875,301.243
2026-03-16 16:30:00+00:00,2026-03-16 16:45:00+00:00,long,73420.01,73729.37,TP,9.0373,310.2803
2026-03-16 20:40:00+00:00,2026-03-16 21:00:00+00:00,long,74041.62,74458.16,TP,9.3084,319.5887
2026-03-16 23:40:00+00:00,2026-03-17 00:00:00+00:00,long,74874.93,74715.26,SL,-4.7938,314.7949
2026-03-17 00:55:00+00:00,2026-03-17 01:00:00+00:00,long,75318.48,75134.31,SL,-4.7219,310.0729
2026-03-17 08:45:00+00:00,2026-03-17 08:55:00+00:00,long,74402.2,74188.38,SL,-4.6511,305.4218
2026-03-17 16:20:00+00:00,2026-03-17 16:30:00+00:00,long,74339.4,74111.7,SL,-4.5813,300.8405
2026-03-17 18:35:00+00:00,2026-03-17 20:00:00+00:00,long,74640.17,74437.16,SL,-4.5126,296.3279
2026-03-17 21:10:00+00:00,2026-03-17 21:25:00+00:00,long,74705.09,74554.87,SL,-4.4449,291.883
2026-03-18 03:20:00+00:00,2026-03-18 04:20:00+00:00,long,74502.33,74323.76,SL,-4.3782,287.5047
2026-03-18 14:15:00+00:00,2026-03-18 14:40:00+00:00,short,71927.41,71493.45,TP,8.6251,296.1299
2026-03-18 18:30:00+00:00,2026-03-18 18:50:00+00:00,short,71486.21,71090.49,TP,8.8839,305.0138
2026-03-18 22:00:00+00:00,2026-03-18 23:30:00+00:00,short,71118.43,71321.73,SL,-4.5752,300.4386
2026-03-19 00:10:00+00:00,2026-03-19 03:15:00+00:00,short,71179.85,71567.86,SL,-4.5066,295.932
2026-03-19 03:50:00+00:00,2026-03-19 04:05:00+00:00,short,71279.32,70840.01,TP,8.878,304.81
2026-03-19 05:30:00+00:00,2026-03-19 06:05:00+00:00,short,70706.11,70876.58,SL,-4.5721,300.2378
2026-03-19 06:35:00+00:00,2026-03-19 07:05:00+00:00,short,70704.0,70311.29,TP,9.0071,309.2449
2026-03-19 10:35:00+00:00,2026-03-19 11:55:00+00:00,short,70237.11,69952.75,TP,9.2773,318.5223
2026-03-19 14:25:00+00:00,2026-03-19 14:30:00+00:00,short,69165.75,69329.56,SL,-4.7778,313.7444
2026-03-19 15:25:00+00:00,2026-03-19 15:40:00+00:00,short,69206.82,68900.01,TP,9.4123,323.1568
2026-03-19 17:05:00+00:00,2026-03-19 17:15:00+00:00,short,69148.98,69445.35,SL,-4.8474,318.3094
2026-03-19 18:30:00+00:00,2026-03-19 18:55:00+00:00,short,69655.14,69821.21,SL,-4.7746,313.5348
2026-03-20 11:40:00+00:00,2026-03-20 12:05:00+00:00,short,70395.29,70667.85,SL,-3.1353,310.3994
2026-03-20 12:30:00+00:00,2026-03-20 13:20:00+00:00,short,70360.74,70512.46,SL,-1.552,308.8474
2026-03-20 13:30:00+00:00,2026-03-20 13:40:00+00:00,short,70020.7,70323.01,SL,-1.5442,307.3032
2026-03-20 14:50:00+00:00,2026-03-20 15:25:00+00:00,short,69664.66,69826.4,SL,-1.5365,305.7667
2026-03-20 16:40:00+00:00,2026-03-20 17:00:00+00:00,short,69771.65,69939.25,SL,-1.5288,304.2379
2026-03-20 17:20:00+00:00,2026-03-20 17:55:00+00:00,short,69737.12,70000.0,SL,-1.5212,302.7167
2026-03-20 18:30:00+00:00,2026-03-20 19:00:00+00:00,short,69691.88,69865.47,SL,-1.5136,301.2031
2026-03-20 20:30:00+00:00,2026-03-20 20:45:00+00:00,short,69830.49,70044.61,SL,-1.506,299.6971
2026-03-21 07:20:00+00:00,2026-03-21 08:15:00+00:00,long,70819.46,70618.4,SL,-1.4985,298.1986
2026-03-21 11:00:00+00:00,2026-03-21 14:10:00+00:00,long,70607.86,71020.08,TP,2.982,301.1806
2026-03-21 19:35:00+00:00,2026-03-21 20:35:00+00:00,short,70330.8,70480.5,SL,-1.5059,299.6747
2026-03-21 21:10:00+00:00,2026-03-21 23:45:00+00:00,short,70373.24,69591.39,TP,2.9967,302.6714
2026-03-22 04:20:00+00:00,2026-03-22 07:40:00+00:00,short,69270.08,68951.59,TP,3.0267,305.6981
2026-03-22 10:40:00+00:00,2026-03-22 11:45:00+00:00,short,68620.11,68311.13,TP,3.057,308.7551
2026-03-22 13:40:00+00:00,2026-03-22 14:10:00+00:00,short,68627.92,68780.0,SL,-3.0876,305.6676
2026-03-22 14:50:00+00:00,2026-03-22 15:05:00+00:00,short,68698.29,68852.2,SL,-1.5283,304.1392
2026-03-22 15:35:00+00:00,2026-03-22 18:35:00+00:00,short,68745.04,68462.1,TP,3.0414,307.1806
2026-03-22 21:00:00+00:00,2026-03-22 21:10:00+00:00,short,68090.59,67780.83,TP,3.0718,310.2524
2026-03-22 23:30:00+00:00,2026-03-23 00:35:00+00:00,short,68015.22,67604.19,TP,3.1025,313.3549
2026-03-23 03:25:00+00:00,2026-03-23 04:35:00+00:00,short,68204.2,68357.08,SL,-3.1335,310.2214
2026-03-23 09:00:00+00:00,2026-03-23 10:00:00+00:00,short,68304.92,68448.0,SL,-3.1022,307.1192
2026-03-23 13:40:00+00:00,2026-03-23 14:00:00+00:00,long,71219.99,71558.13,TP,6.1424,313.2616
2026-03-23 16:45:00+00:00,2026-03-23 17:20:00+00:00,long,70649.16,70463.83,SL,-4.6989,308.5626
2026-03-23 20:35:00+00:00,2026-03-23 22:00:00+00:00,long,70920.62,70610.92,SL,-4.6284,303.9342
2026-03-23 22:55:00+00:00,2026-03-23 23:05:00+00:00,long,70780.22,70603.58,SL,-4.559,299.3752
2026-03-23 23:35:00+00:00,2026-03-24 01:35:00+00:00,long,70699.68,70457.72,SL,-4.4906,294.8846
2026-03-24 02:25:00+00:00,2026-03-24 04:30:00+00:00,long,70559.73,70385.64,SL,-4.4233,290.4613
2026-03-24 09:40:00+00:00,2026-03-24 11:00:00+00:00,long,71242.7,71015.7,SL,-4.3569,286.1044
2026-03-24 11:45:00+00:00,2026-03-24 11:50:00+00:00,long,71281.15,71101.28,SL,-4.2916,281.8128
2026-03-24 19:40:00+00:00,2026-03-24 20:20:00+00:00,short,69445.56,69963.52,SL,-4.2272,277.5856
2026-03-24 21:20:00+00:00,2026-03-24 21:25:00+00:00,short,69902.14,70059.91,SL,-2.7759,274.8098
2026-03-25 03:35:00+00:00,2026-03-25 05:05:00+00:00,long,70767.74,71209.22,TP,5.4962,280.306
2026-03-25 08:25:00+00:00,2026-03-25 08:30:00+00:00,long,71192.19,71494.94,TP,5.6061,285.9121
2026-03-25 10:05:00+00:00,2026-03-25 11:15:00+00:00,long,71396.05,71698.99,TP,5.7182,291.6303
2026-03-25 13:00:00+00:00,2026-03-25 13:55:00+00:00,long,71734.08,71581.42,SL,-2.9163,288.714
2026-03-25 18:20:00+00:00,2026-03-25 18:30:00+00:00,long,71091.99,70921.17,SL,-2.8871,285.8269
2026-03-25 22:30:00+00:00,2026-03-26 02:15:00+00:00,long,71220.61,70940.87,SL,-2.8583,282.9686
2026-03-26 08:20:00+00:00,2026-03-26 08:55:00+00:00,short,69874.53,70024.77,SL,-1.4148,281.5538
2026-03-26 09:30:00+00:00,2026-03-26 10:15:00+00:00,short,69469.15,69661.65,SL,-1.4078,280.146
2026-03-26 11:25:00+00:00,2026-03-26 13:05:00+00:00,short,69321.37,69504.1,SL,-0.7004,279.4456
2026-03-26 13:35:00+00:00,2026-03-26 13:40:00+00:00,short,69317.01,69547.35,SL,-0.6986,278.747
2026-03-26 14:45:00+00:00,2026-03-26 15:10:00+00:00,short,69437.28,68950.99,TP,1.3937,280.1408
2026-03-26 16:35:00+00:00,2026-03-26 17:00:00+00:00,short,68855.88,69007.61,SL,-0.7004,279.4404
2026-03-26 17:50:00+00:00,2026-03-26 17:55:00+00:00,short,68762.64,68486.86,TP,1.3972,280.8376
2026-03-26 21:05:00+00:00,2026-03-26 21:20:00+00:00,short,68912.9,69146.67,SL,-1.4042,279.4334
2026-03-27 00:30:00+00:00,2026-03-27 01:15:00+00:00,short,68730.29,68889.68,SL,-1.3972,278.0362
2026-03-27 02:35:00+00:00,2026-03-27 04:00:00+00:00,short,68938.94,68543.87,TP,2.7804,280.8166
2026-03-27 06:55:00+00:00,2026-03-27 07:10:00+00:00,short,68656.15,68851.44,SL,-1.4041,279.4125
2026-03-27 07:40:00+00:00,2026-03-27 08:25:00+00:00,short,68602.44,68239.13,TP,2.7941,282.2067
2026-03-27 10:35:00+00:00,2026-03-27 10:50:00+00:00,short,66984.09,66639.68,TP,5.6441,287.8508
2026-03-27 13:50:00+00:00,2026-03-27 14:20:00+00:00,short,66238.62,65920.89,TP,8.6355,296.4863
2026-03-27 16:00:00+00:00,2026-03-27 17:05:00+00:00,short,65950.0,66170.01,SL,-4.4473,292.039
2026-03-27 17:30:00+00:00,2026-03-27 17:40:00+00:00,short,65898.66,65631.7,TP,8.7612,300.8002
2026-03-27 20:30:00+00:00,2026-03-27 20:45:00+00:00,short,65856.91,66012.85,SL,-4.512,296.2882
2026-03-27 21:45:00+00:00,2026-03-27 23:35:00+00:00,short,66100.81,66239.28,SL,-2.9629,293.3253
2026-03-28 00:55:00+00:00,2026-03-28 01:10:00+00:00,short,66431.55,66154.94,TP,5.8665,299.1918
2026-03-28 05:05:00+00:00,2026-03-28 05:20:00+00:00,short,66221.0,66362.13,SL,-4.4879,294.7039
2026-03-28 06:45:00+00:00,2026-03-28 07:50:00+00:00,short,66365.36,66502.43,SL,-4.4206,290.2834
2026-03-28 10:20:00+00:00,2026-03-28 12:10:00+00:00,short,66254.31,66406.28,SL,-4.3543,285.9291
2026-03-28 23:05:00+00:00,2026-03-29 02:45:00+00:00,short,66583.99,66728.38,SL,-4.2889,281.6402
2026-03-29 06:30:00+00:00,2026-03-29 10:30:00+00:00,short,66691.6,66422.3,TP,8.4492,290.0894
2026-03-29 15:25:00+00:00,2026-03-29 16:15:00+00:00,short,66420.74,66632.3,SL,-4.3513,285.738
2026-03-29 17:00:00+00:00,2026-03-29 17:20:00+00:00,short,66482.15,66200.3,TP,8.5721,294.3102
2026-03-29 19:40:00+00:00,2026-03-29 20:15:00+00:00,short,66391.74,66554.0,SL,-4.4147,289.8955
2026-03-29 21:05:00+00:00,2026-03-29 21:50:00+00:00,short,66558.3,66697.42,SL,-4.3484,285.5471
2026-03-29 22:00:00+00:00,2026-03-29 22:40:00+00:00,short,66397.06,65684.25,TP,8.5664,294.1135
2026-03-30 07:45:00+00:00,2026-03-30 08:00:00+00:00,long,67451.52,67778.82,TP,8.8234,302.9369
2026-03-30 10:55:00+00:00,2026-03-30 12:00:00+00:00,long,67488.53,67788.74,TP,9.0881,312.025
2026-03-30 13:20:00+00:00,2026-03-30 13:25:00+00:00,long,68030.02,67878.85,SL,-4.6804,307.3447
2026-03-30 14:55:00+00:00,2026-03-30 15:05:00+00:00,long,67799.54,67608.5,SL,-4.6102,302.7345
2026-03-30 22:05:00+00:00,2026-03-30 23:05:00+00:00,short,66739.33,66463.89,TP,9.082,311.8165
2026-03-31 00:15:00+00:00,2026-03-31 00:25:00+00:00,short,66614.08,66815.48,SL,-4.6772,307.1393
2026-03-31 05:30:00+00:00,2026-03-31 06:05:00+00:00,long,67682.96,67546.38,SL,-4.6071,302.5322
2026-03-31 07:00:00+00:00,2026-03-31 07:10:00+00:00,long,67507.99,67294.69,SL,-3.0253,299.5069
2026-03-31 07:45:00+00:00,2026-03-31 08:30:00+00:00,long,67396.98,67145.28,SL,-2.9951,296.5118
2026-03-31 12:55:00+00:00,2026-03-31 13:05:00+00:00,short,66653.26,66805.14,SL,-2.9651,293.5467
2026-03-31 20:05:00+00:00,2026-03-31 21:50:00+00:00,long,68053.55,68379.3,TP,2.9355,296.4821
2026-03-31 23:15:00+00:00,2026-04-01 00:00:00+00:00,long,68348.57,68197.33,SL,-2.9648,293.5173
2026-04-01 00:50:00+00:00,2026-04-01 01:15:00+00:00,long,68293.43,68086.0,SL,-2.9352,290.5821
2026-04-01 03:00:00+00:00,2026-04-01 03:05:00+00:00,long,67794.98,68070.01,TP,5.8116,296.3938
2026-04-01 06:10:00+00:00,2026-04-01 06:30:00+00:00,long,68649.99,68950.01,TP,8.8918,305.2856
2026-04-01 09:50:00+00:00,2026-04-01 10:10:00+00:00,long,68651.62,68509.26,SL,-4.5793,300.7063
2026-04-01 10:45:00+00:00,2026-04-01 12:30:00+00:00,long,68583.01,68415.75,SL,-4.5106,296.1957
2026-04-01 13:20:00+00:00,2026-04-01 13:40:00+00:00,long,68474.01,68114.95,SL,-2.962,293.2338
2026-04-01 14:20:00+00:00,2026-04-01 15:20:00+00:00,long,68406.62,68800.0,TP,5.8647,299.0984
2026-04-01 16:40:00+00:00,2026-04-01 17:10:00+00:00,long,68937.66,68747.3,SL,-4.4865,294.612
2026-04-02 04:40:00+00:00,2026-04-02 05:00:00+00:00,short,66287.03,66432.31,SL,-2.9461,291.6658
2026-04-02 08:15:00+00:00,2026-04-02 09:05:00+00:00,short,66684.75,66308.13,TP,2.9167,294.5825
2026-04-02 10:10:00+00:00,2026-04-02 10:30:00+00:00,short,66262.53,66439.45,SL,-1.4729,293.1096
2026-04-02 11:40:00+00:00,2026-04-02 12:15:00+00:00,short,66340.0,66060.01,TP,2.9311,296.0407
2026-04-02 12:55:00+00:00,2026-04-02 13:55:00+00:00,short,66052.71,66270.87,SL,-2.9604,293.0803
2026-04-02 15:30:00+00:00,2026-04-02 15:35:00+00:00,short,66783.74,66928.45,SL,-1.4654,291.6149
2026-04-02 20:00:00+00:00,2026-04-02 20:15:00+00:00,short,66849.68,66993.34,SL,-1.4581,290.1568
2026-04-03 01:35:00+00:00,2026-04-03 02:15:00+00:00,short,66514.17,66707.36,SL,-1.4508,288.706
2026-04-03 02:25:00+00:00,2026-04-03 03:05:00+00:00,short,66460.64,66604.33,SL,-1.4435,287.2625
2026-04-03 04:30:00+00:00,2026-04-03 05:30:00+00:00,short,66537.7,66721.83,SL,-1.4363,285.8262
2026-04-03 06:00:00+00:00,2026-04-03 06:35:00+00:00,short,66570.36,66719.84,SL,-1.4291,284.397
2026-04-03 12:35:00+00:00,2026-04-03 13:45:00+00:00,short,66834.73,66508.1,TP,2.844,287.241
2026-04-03 17:15:00+00:00,2026-04-03 21:40:00+00:00,short,66806.16,66940.26,SL,-1.4362,285.8048
2026-04-03 22:05:00+00:00,2026-04-04 06:45:00+00:00,short,66850.0,67002.71,SL,-1.429,284.3758
2026-04-04 13:35:00+00:00,2026-04-04 14:35:00+00:00,long,67240.09,67077.28,SL,-1.4219,282.9539
2026-04-04 15:05:00+00:00,2026-04-05 01:00:00+00:00,long,67305.67,67165.66,SL,-0.7074,282.2465
2026-04-05 10:10:00+00:00,2026-04-05 10:35:00+00:00,short,66975.67,67117.73,SL,-0.7056,281.5409
2026-04-05 13:25:00+00:00,2026-04-05 13:35:00+00:00,short,66703.66,66842.14,SL,-0.7039,280.8371
2026-04-05 18:35:00+00:00,2026-04-05 19:45:00+00:00,long,67439.29,67276.68,SL,-0.7021,280.135
2026-04-05 20:25:00+00:00,2026-04-05 22:40:00+00:00,long,67479.04,67964.31,TP,1.4007,281.5356
2026-04-06 02:15:00+00:00,2026-04-06 03:15:00+00:00,long,69255.33,69083.47,SL,-0.7038,280.8318
2026-04-06 04:45:00+00:00,2026-04-06 06:25:00+00:00,long,69151.34,68844.9,SL,-0.7021,280.1297
2026-04-06 07:20:00+00:00,2026-04-06 09:10:00+00:00,long,69086.29,69633.59,TP,1.4006,281.5304
2026-04-06 13:25:00+00:00,2026-04-06 13:35:00+00:00,long,69474.58,69306.0,SL,-0.7038,280.8265
2026-04-06 13:50:00+00:00,2026-04-06 14:00:00+00:00,long,69431.27,69202.38,SL,-0.7021,280.1245
2026-04-06 14:15:00+00:00,2026-04-06 15:30:00+00:00,long,69467.95,69759.22,TP,1.4006,281.5251
2026-04-06 18:10:00+00:00,2026-04-06 21:35:00+00:00,long,69754.97,69527.49,SL,-0.7038,280.8213
2026-04-07 13:45:00+00:00,2026-04-07 13:50:00+00:00,short,68289.2,68439.54,SL,-0.7021,280.1192
2026-04-07 21:05:00+00:00,2026-04-07 21:20:00+00:00,long,69895.51,69752.56,SL,-0.7003,279.4189
2026-04-08 03:30:00+00:00,2026-04-08 05:15:00+00:00,long,71395.06,71693.57,TP,1.3971,280.816
2026-04-08 06:15:00+00:00,2026-04-08 06:55:00+00:00,long,71880.05,71732.69,SL,-1.4041,279.4119
2026-04-08 08:15:00+00:00,2026-04-08 09:40:00+00:00,long,71805.6,71593.29,SL,-1.3971,278.0149
2026-04-08 11:10:00+00:00,2026-04-08 11:35:00+00:00,long,71636.84,71488.92,SL,-0.695,277.3198
2026-04-08 11:50:00+00:00,2026-04-08 12:55:00+00:00,long,71722.01,72071.95,TP,1.3866,278.7064
2026-04-09 08:30:00+00:00,2026-04-09 09:15:00+00:00,long,71083.62,71377.14,TP,2.7871,281.4935
2026-04-09 09:45:00+00:00,2026-04-09 11:10:00+00:00,long,71355.1,71193.88,SL,-1.4075,280.086
2026-04-09 12:25:00+00:00,2026-04-09 13:10:00+00:00,long,71275.99,71114.55,SL,-1.4004,278.6856
2026-04-09 17:10:00+00:00,2026-04-09 17:30:00+00:00,long,72481.24,72183.26,SL,-1.3934,277.2922
2026-04-09 19:40:00+00:00,2026-04-09 20:30:00+00:00,long,72116.21,72436.32,TP,2.7729,280.0651
2026-04-09 22:10:00+00:00,2026-04-09 22:15:00+00:00,long,72512.39,72810.0,TP,5.6013,285.6664
2026-04-10 00:10:00+00:00,2026-04-10 00:15:00+00:00,long,71816.0,71623.3,SL,-2.8567,282.8097
2026-04-10 00:25:00+00:00,2026-04-10 01:30:00+00:00,long,71836.95,72173.48,TP,5.6562,288.4659
2026-04-10 04:05:00+00:00,2026-04-10 05:20:00+00:00,long,71929.41,72222.53,TP,8.654,297.1199
2026-04-10 12:40:00+00:00,2026-04-10 13:30:00+00:00,long,72315.35,72102.62,SL,-4.4568,292.6631
2026-04-10 14:00:00+00:00,2026-04-10 14:15:00+00:00,long,72432.86,72758.57,TP,8.7799,301.443
2026-04-10 16:50:00+00:00,2026-04-10 19:55:00+00:00,long,72903.22,73236.11,TP,9.0433,310.4863
2026-04-10 20:50:00+00:00,2026-04-10 21:10:00+00:00,long,73279.0,73079.24,SL,-4.6573,305.829
2026-04-10 23:30:00+00:00,2026-04-11 01:15:00+00:00,long,72897.87,72736.96,SL,-4.5874,301.2416
2026-04-11 01:30:00+00:00,2026-04-11 04:15:00+00:00,long,72900.28,72734.36,SL,-4.5186,296.723
2026-04-11 05:25:00+00:00,2026-04-11 06:05:00+00:00,long,72810.15,72662.15,SL,-4.4508,292.2721
2026-04-11 08:10:00+00:00,2026-04-11 13:10:00+00:00,long,72770.73,72605.99,SL,-4.3841,287.888
2026-04-11 18:25:00+00:00,2026-04-11 18:35:00+00:00,long,73196.53,73582.51,TP,8.6366,296.5247
2026-04-11 21:40:00+00:00,2026-04-11 22:35:00+00:00,long,73437.07,73289.72,SL,-4.4479,292.0768
2026-04-12 06:50:00+00:00,2026-04-12 12:05:00+00:00,short,71658.91,71368.24,TP,8.7623,300.8391
2026-04-12 12:30:00+00:00,2026-04-12 13:00:00+00:00,short,71357.04,71010.01,TP,9.0252,309.8643
2026-04-12 14:45:00+00:00,2026-04-12 15:50:00+00:00,short,70770.01,70916.79,SL,-4.648,305.2163
2026-04-12 18:45:00+00:00,2026-04-12 20:40:00+00:00,short,71118.45,71321.85,SL,-4.5782,300.6381
2026-04-12 21:45:00+00:00,2026-04-12 22:00:00+00:00,short,71225.1,70752.6,TP,9.0191,309.6572
2026-04-12 23:45:00+00:00,2026-04-12 23:55:00+00:00,short,70594.68,70740.98,SL,-4.6449,305.0123
2026-04-13 01:45:00+00:00,2026-04-13 05:05:00+00:00,short,71138.86,70817.47,TP,9.1504,314.1627
2026-04-13 07:10:00+00:00,2026-04-13 08:40:00+00:00,short,70896.13,70600.01,TP,9.4249,323.5876
2026-04-13 10:50:00+00:00,2026-04-13 11:10:00+00:00,short,70722.13,70870.78,SL,-4.8538,318.7338
2026-04-13 12:25:00+00:00,2026-04-13 12:50:00+00:00,short,70862.06,71208.05,SL,-4.781,313.9528
2026-04-13 13:35:00+00:00,2026-04-13 13:40:00+00:00,short,70845.26,71038.44,SL,-4.7093,309.2435
2026-04-13 18:55:00+00:00,2026-04-13 19:20:00+00:00,long,72424.86,72766.52,TP,9.2773,318.5208
2026-04-13 22:10:00+00:00,2026-04-13 22:15:00+00:00,long,73753.26,74188.8,TP,9.5556,328.0764
2026-04-14 01:50:00+00:00,2026-04-14 05:50:00+00:00,long,74404.6,74220.88,SL,-4.9211,323.1553
2026-04-14 06:15:00+00:00,2026-04-14 07:05:00+00:00,long,74399.99,74917.65,TP,9.6947,332.8499
2026-04-14 08:30:00+00:00,2026-04-14 08:40:00+00:00,long,74806.67,74653.38,SL,-4.9927,327.8572
2026-04-14 11:45:00+00:00,2026-04-14 13:30:00+00:00,long,74422.6,74743.36,TP,9.8357,337.6929
2026-04-14 15:50:00+00:00,2026-04-14 16:20:00+00:00,long,75433.2,75214.0,SL,-5.0654,332.6275
2026-04-14 18:00:00+00:00,2026-04-14 18:20:00+00:00,long,74768.28,74491.47,SL,-4.9894,327.6381
2026-04-15 14:20:00+00:00,2026-04-15 14:35:00+00:00,long,74426.29,73996.62,SL,-4.9146,322.7235
2026-04-15 15:10:00+00:00,2026-04-15 15:20:00+00:00,long,74275.11,74044.18,SL,-4.8409,317.8827
2026-04-15 22:00:00+00:00,2026-04-15 23:00:00+00:00,long,74999.24,74820.01,SL,-4.7682,313.1144
2026-04-16 00:35:00+00:00,2026-04-16 01:05:00+00:00,long,74774.37,74595.99,SL,-3.1311,309.9833
2026-04-16 01:40:00+00:00,2026-04-16 02:35:00+00:00,long,74688.0,75048.63,TP,6.1997,316.1829
2026-04-16 04:40:00+00:00,2026-04-16 04:45:00+00:00,long,75109.36,74826.01,SL,-4.7427,311.4402
2026-04-16 05:20:00+00:00,2026-04-16 07:30:00+00:00,long,75045.78,74888.7,SL,-3.1144,308.3258
2026-04-16 13:05:00+00:00,2026-04-16 13:40:00+00:00,long,74754.52,74601.26,SL,-3.0833,305.2425
2026-04-16 23:05:00+00:00,2026-04-17 01:20:00+00:00,long,74989.24,74683.71,SL,-1.5262,303.7163
2026-04-17 06:10:00+00:00,2026-04-17 07:05:00+00:00,long,74757.62,75085.52,TP,3.0372,306.7535
2026-04-17 08:30:00+00:00,2026-04-17 08:50:00+00:00,long,75351.97,75760.77,TP,3.0675,309.821
2026-04-17 11:30:00+00:00,2026-04-17 11:40:00+00:00,long,75555.49,75391.7,SL,-3.0982,306.7228
2026-04-17 18:40:00+00:00,2026-04-17 18:50:00+00:00,long,77377.45,77180.3,SL,-3.0672,303.6556
2026-04-17 19:10:00+00:00,2026-04-17 20:00:00+00:00,long,77233.44,77562.95,TP,3.0366,306.6921
2026-04-17 21:10:00+00:00,2026-04-17 23:05:00+00:00,long,77381.04,77211.0,SL,-1.5335,305.1587
2026-04-18 00:00:00+00:00,2026-04-18 00:40:00+00:00,long,77175.63,77018.01,SL,-1.5258,303.6329
2026-04-18 02:10:00+00:00,2026-04-18 03:50:00+00:00,long,77294.67,77009.97,SL,-1.5182,302.1147
2026-04-18 04:50:00+00:00,2026-04-18 08:10:00+00:00,long,77090.94,76803.51,SL,-1.5106,300.6042
2026-04-18 18:00:00+00:00,2026-04-19 03:00:00+00:00,short,75773.13,75456.98,TP,1.503,302.1072
2026-04-19 04:40:00+00:00,2026-04-19 07:05:00+00:00,short,75535.22,75230.31,TP,3.0211,305.1282
2026-04-19 09:20:00+00:00,2026-04-19 10:50:00+00:00,short,75042.49,75195.11,SL,-1.5256,303.6026
2026-04-19 12:25:00+00:00,2026-04-19 13:00:00+00:00,short,75520.0,75676.43,SL,-1.518,302.0846
2026-04-19 20:15:00+00:00,2026-04-19 20:30:00+00:00,short,74680.0,74863.24,SL,-1.5104,300.5742
2026-04-19 20:40:00+00:00,2026-04-19 20:50:00+00:00,short,74537.0,74698.62,SL,-1.5029,299.0713
2026-04-19 21:50:00+00:00,2026-04-19 22:00:00+00:00,short,74405.61,73886.32,TP,2.9907,302.062
2026-04-20 02:10:00+00:00,2026-04-20 03:40:00+00:00,short,74393.71,74575.64,SL,-1.5103,300.5517
2026-04-20 04:10:00+00:00,2026-04-20 05:20:00+00:00,short,74506.78,74150.0,TP,3.0055,303.5572
2026-04-20 17:10:00+00:00,2026-04-20 18:00:00+00:00,long,75644.87,76071.4,TP,6.0711,309.6284
2026-04-20 18:50:00+00:00,2026-04-20 19:15:00+00:00,long,76408.24,76232.01,SL,-4.6444,304.9839
2026-04-20 22:05:00+00:00,2026-04-20 23:00:00+00:00,long,76052.48,75818.4,SL,-4.5748,300.4092
2026-04-20 23:45:00+00:00,2026-04-21 01:05:00+00:00,long,75866.01,76180.01,TP,6.0082,306.4174
2026-04-21 06:30:00+00:00,2026-04-21 07:00:00+00:00,long,76066.69,75888.93,SL,-3.0642,303.3532
2026-04-21 08:20:00+00:00,2026-04-21 08:45:00+00:00,long,76332.1,76659.01,TP,6.0671,309.4202
2026-04-21 10:20:00+00:00,2026-04-21 11:10:00+00:00,long,76572.0,76405.37,SL,-4.6413,304.7789
2026-04-21 21:25:00+00:00,2026-04-21 23:00:00+00:00,short,75577.84,75757.37,SL,-3.0478,301.7312
2026-04-22 02:10:00+00:00,2026-04-22 02:25:00+00:00,long,76739.94,77239.56,TP,6.0346,307.7658
2026-04-22 05:20:00+00:00,2026-04-22 05:35:00+00:00,long,78225.33,78034.37,SL,-4.6165,303.1493
2026-04-22 08:05:00+00:00,2026-04-22 08:40:00+00:00,long,78106.14,77944.2,SL,-4.5472,298.6021
2026-04-22 09:25:00+00:00,2026-04-22 09:50:00+00:00,long,78157.12,77999.86,SL,-4.479,294.123
2026-04-22 10:30:00+00:00,2026-04-22 13:40:00+00:00,long,78167.84,78616.93,TP,5.8825,300.0055
2026-04-22 15:35:00+00:00,2026-04-22 16:20:00+00:00,long,79259.99,78989.91,SL,-3.0001,297.0054
2026-04-22 17:50:00+00:00,2026-04-22 19:00:00+00:00,long,78994.4,78785.89,SL,-2.9701,294.0354
2026-04-22 19:25:00+00:00,2026-04-22 19:40:00+00:00,long,79027.6,78860.1,SL,-2.9404,291.095
2026-04-22 21:15:00+00:00,2026-04-22 23:20:00+00:00,long,78575.77,78240.89,SL,-2.911,288.1841
2026-04-23 01:45:00+00:00,2026-04-23 02:10:00+00:00,long,78382.63,78164.09,SL,-2.8818,285.3022
2026-04-23 18:05:00+00:00,2026-04-23 18:55:00+00:00,long,77961.94,77678.65,SL,-1.4265,283.8757
2026-04-24 00:10:00+00:00,2026-04-24 01:15:00+00:00,long,78295.92,78078.94,SL,-1.4194,282.4563
2026-04-24 01:50:00+00:00,2026-04-24 02:50:00+00:00,long,78396.15,78146.01,SL,-1.4123,281.0441
2026-04-24 14:55:00+00:00,2026-04-24 15:00:00+00:00,long,78037.64,77850.0,SL,-0.7026,280.3414
2026-04-24 15:40:00+00:00,2026-04-24 16:10:00+00:00,long,77983.7,77792.45,SL,-0.7009,279.6406
2026-04-25 00:25:00+00:00,2026-04-25 01:10:00+00:00,short,77318.99,77514.19,SL,-0.6991,278.9415
2026-04-25 03:05:00+00:00,2026-04-25 09:50:00+00:00,short,77600.0,77761.35,SL,-0.6974,278.2441
