entry_time,exit_time,direction,entry,exit,result,pnl,capital,risk_pct
2023-04-26 19:05:00+00:00,2023-04-26 19:15:00+00:00,short,29578.48,29346.93,TP,2.0,102.0,1.0
2023-04-26 22:45:00+00:00,2023-04-26 23:10:00+00:00,short,28330.0,28450.16,SL,-1.02,100.98,1.0
2023-04-26 23:35:00+00:00,2023-04-26 23:50:00+00:00,short,28314.36,28382.23,SL,-1.0098,99.9702,1.0
2023-04-27 01:15:00+00:00,2023-04-27 01:20:00+00:00,short,29068.1,28651.41,TP,1.9994,101.9696,1.0
2023-04-27 02:30:00+00:00,2023-04-27 02:40:00+00:00,long,29050.0,28972.31,SL,-1.0197,100.9499,1.0
2023-04-27 03:00:00+00:00,2023-04-27 03:45:00+00:00,short,28936.9,29023.83,SL,-1.0095,99.9404,1.0
2023-04-27 03:55:00+00:00,2023-04-27 04:10:00+00:00,short,28885.79,28963.63,SL,-0.9994,98.941,1.0
2023-04-27 04:40:00+00:00,2023-04-27 05:20:00+00:00,long,29038.68,29186.07,TP,1.9788,100.9198,1.0
2023-04-27 09:20:00+00:00,2023-04-27 09:30:00+00:00,short,28874.96,28941.3,SL,-1.0092,99.9106,1.0
2023-04-27 09:35:00+00:00,2023-04-27 09:55:00+00:00,long,29006.86,28931.71,SL,-0.9991,98.9115,1.0
2023-04-27 10:15:00+00:00,2023-04-27 11:35:00+00:00,long,28999.99,28929.92,SL,-0.9891,97.9224,1.0
2023-04-27 12:15:00+00:00,2023-04-27 12:20:00+00:00,long,29050.76,28978.86,SL,-0.9792,96.9432,1.0
2023-04-27 12:30:00+00:00,2023-04-27 12:35:00+00:00,short,28855.43,28734.69,TP,1.9389,98.882,1.0
2023-04-27 15:15:00+00:00,2023-04-27 15:20:00+00:00,long,29052.73,29407.79,TP,1.9776,100.8597,1.0
2023-04-27 17:10:00+00:00,2023-04-27 17:30:00+00:00,long,29174.04,29302.73,TP,2.0172,102.8769,1.0
2023-04-27 21:10:00+00:00,2023-04-27 21:30:00+00:00,long,29752.72,29661.72,SL,-1.0288,101.8481,1.0
2023-04-27 23:30:00+00:00,2023-04-28 00:20:00+00:00,long,29474.85,29397.59,SL,-1.0185,100.8296,1.0
2023-04-28 00:30:00+00:00,2023-04-28 03:05:00+00:00,long,29444.67,29378.94,SL,-1.0083,99.8213,1.0
2023-04-28 03:40:00+00:00,2023-04-28 05:35:00+00:00,long,29407.68,29531.48,TP,1.9964,101.8178,1.0
2023-04-28 07:10:00+00:00,2023-04-28 08:05:00+00:00,long,29499.33,29433.81,SL,-1.0182,100.7996,1.0
2023-04-28 11:45:00+00:00,2023-04-28 12:20:00+00:00,short,29240.5,29337.33,SL,-1.008,99.7916,1.0
2023-04-28 12:55:00+00:00,2023-04-28 13:15:00+00:00,short,29229.29,29309.09,SL,-0.9979,98.7937,1.0
2023-04-28 13:40:00+00:00,2023-04-28 13:55:00+00:00,short,28950.09,29029.48,SL,-0.9879,97.8057,1.0
2023-04-28 15:00:00+00:00,2023-04-28 15:25:00+00:00,short,29005.13,29073.44,SL,-0.9781,96.8277,1.0
2023-04-28 17:30:00+00:00,2023-04-28 19:00:00+00:00,short,29204.98,29398.89,SL,-0.9683,95.8594,1.0
2023-04-28 20:05:00+00:00,2023-04-28 20:30:00+00:00,long,29380.48,29307.42,SL,-0.9586,94.9008,1.0
2023-04-28 22:10:00+00:00,2023-04-28 23:20:00+00:00,long,29380.73,29310.3,SL,-0.949,93.9518,1.0
2023-04-29 04:20:00+00:00,2023-04-29 06:25:00+00:00,long,29402.66,29318.11,SL,-0.9395,93.0123,1.0
2023-04-29 07:05:00+00:00,2023-04-29 08:20:00+00:00,long,29354.69,29281.5,SL,-0.9301,92.0822,1.0
2023-04-29 09:00:00+00:00,2023-04-29 13:25:00+00:00,short,29288.36,29347.42,SL,-0.9208,91.1613,1.0
2023-04-29 17:25:00+00:00,2023-04-29 17:35:00+00:00,short,29241.04,29102.09,TP,1.8232,92.9846,1.0
2023-04-29 20:40:00+00:00,2023-04-30 01:55:00+00:00,short,29228.93,29096.99,TP,1.8597,94.8443,1.0
2023-04-30 07:15:00+00:00,2023-04-30 10:40:00+00:00,long,29289.41,29222.15,SL,-0.9484,93.8958,1.0
2023-04-30 14:35:00+00:00,2023-04-30 15:00:00+00:00,long,29373.01,29583.5,TP,1.8779,95.7737,1.0
2023-04-30 16:00:00+00:00,2023-04-30 16:10:00+00:00,long,29830.32,29729.36,SL,-0.9577,94.816,1.0
2023-04-30 22:40:00+00:00,2023-04-30 23:55:00+00:00,short,29398.33,29233.21,TP,1.8963,96.7123,1.0
2023-05-01 01:10:00+00:00,2023-05-01 01:35:00+00:00,short,29257.46,28780.04,TP,1.9342,98.6466,1.0
2023-05-01 05:40:00+00:00,2023-05-01 05:55:00+00:00,short,28421.52,28483.68,SL,-0.9865,97.6601,1.0
2023-05-01 08:00:00+00:00,2023-05-01 10:35:00+00:00,short,28619.74,28500.6,TP,1.9532,99.6133,1.0
2023-05-01 12:00:00+00:00,2023-05-01 12:25:00+00:00,short,28481.04,28573.95,SL,-0.9961,98.6172,1.0
2023-05-01 13:35:00+00:00,2023-05-01 14:00:00+00:00,short,28566.33,28447.13,TP,1.9723,100.5895,1.0
2023-05-01 18:15:00+00:00,2023-05-01 19:10:00+00:00,short,28195.84,28035.42,TP,2.0118,102.6013,1.0
2023-05-01 20:55:00+00:00,2023-05-01 21:00:00+00:00,short,27678.09,27828.15,SL,-1.026,101.5753,1.0
2023-05-01 23:50:00+00:00,2023-05-02 01:50:00+00:00,short,28084.44,27950.0,TP,2.0315,103.6068,1.0
2023-05-02 03:20:00+00:00,2023-05-02 03:35:00+00:00,short,27952.99,28016.64,SL,-1.0361,102.5707,1.0
2023-05-02 04:25:00+00:00,2023-05-02 06:10:00+00:00,short,27976.16,28035.01,SL,-1.0257,101.545,1.0
2023-05-02 06:35:00+00:00,2023-05-02 07:10:00+00:00,short,27985.39,28077.61,SL,-1.0154,100.5296,1.0
2023-05-02 07:45:00+00:00,2023-05-02 08:00:00+00:00,short,28021.95,28078.59,SL,-1.0053,99.5243,1.0
2023-05-02 08:30:00+00:00,2023-05-02 12:40:00+00:00,short,28069.42,28214.11,SL,-0.9952,98.529,1.0
2023-05-02 13:10:00+00:00,2023-05-02 14:15:00+00:00,short,28063.5,28135.03,SL,-0.9853,97.5437,1.0
2023-05-02 17:55:00+00:00,2023-05-02 18:45:00+00:00,long,28583.52,28744.82,TP,1.9509,99.4946,1.0
2023-05-02 22:00:00+00:00,2023-05-03 00:10:00+00:00,long,28681.66,28598.42,SL,-0.9949,98.4997,1.0
2023-05-03 01:35:00+00:00,2023-05-03 02:00:00+00:00,long,28557.22,28482.02,SL,-0.985,97.5147,1.0
2023-05-03 02:05:00+00:00,2023-05-03 02:30:00+00:00,short,28414.21,28487.76,SL,-0.9751,96.5395,1.0
2023-05-03 02:35:00+00:00,2023-05-03 06:50:00+00:00,long,28495.69,28626.01,TP,1.9308,98.4703,1.0
2023-05-03 08:30:00+00:00,2023-05-03 09:00:00+00:00,long,28741.32,28673.71,SL,-0.9847,97.4856,1.0
2023-05-03 11:30:00+00:00,2023-05-03 11:55:00+00:00,long,28632.2,28543.74,SL,-0.9749,96.5107,1.0
2023-05-03 14:35:00+00:00,2023-05-03 14:40:00+00:00,short,28185.89,28247.75,SL,-0.9651,95.5456,1.0
2023-05-03 20:40:00+00:00,2023-05-03 20:45:00+00:00,short,28323.73,28382.19,SL,-0.9555,94.5902,1.0
2023-05-04 01:55:00+00:00,2023-05-04 02:00:00+00:00,long,29070.67,29190.04,TP,1.8918,96.482,1.0
2023-05-04 03:10:00+00:00,2023-05-04 03:35:00+00:00,long,29091.14,29026.81,SL,-0.9648,95.5172,1.0
2023-05-04 03:55:00+00:00,2023-05-04 08:10:00+00:00,long,29096.86,28994.65,SL,-0.9552,94.562,1.0
2023-05-04 08:30:00+00:00,2023-05-04 10:30:00+00:00,long,29095.82,29222.67,TP,1.8912,96.4532,1.0
2023-05-04 17:25:00+00:00,2023-05-04 18:20:00+00:00,short,28868.63,28742.82,TP,1.9291,98.3823,1.0
2023-05-04 20:45:00+00:00,2023-05-05 00:30:00+00:00,short,28831.08,28904.84,SL,-0.9838,97.3985,1.0
2023-05-05 01:30:00+00:00,2023-05-05 01:40:00+00:00,long,29163.53,29318.61,TP,1.948,99.3464,1.0
2023-05-05 08:15:00+00:00,2023-05-05 12:30:00+00:00,long,29096.84,28918.73,SL,-0.9935,98.353,1.0
2023-05-05 15:55:00+00:00,2023-05-05 16:00:00+00:00,long,29356.45,29554.85,TP,1.9671,100.32,1.0
2023-05-05 17:00:00+00:00,2023-05-05 17:10:00+00:00,long,29637.3,29563.94,SL,-1.0032,99.3168,1.0
2023-05-05 19:35:00+00:00,2023-05-05 22:45:00+00:00,long,29453.3,29643.43,TP,1.9863,101.3032,1.0
2023-05-06 00:20:00+00:00,2023-05-06 00:35:00+00:00,long,29581.88,29780.02,TP,2.0261,103.3292,1.0
2023-05-06 06:30:00+00:00,2023-05-06 06:45:00+00:00,short,29305.75,29369.51,SL,-1.0333,102.2959,1.0
2023-05-06 07:55:00+00:00,2023-05-06 08:00:00+00:00,short,29363.35,29172.54,TP,2.0459,104.3419,1.0
2023-05-06 09:25:00+00:00,2023-05-06 12:35:00+00:00,short,29295.02,29111.78,TP,2.0868,106.4287,1.0
2023-05-06 19:15:00+00:00,2023-05-06 21:35:00+00:00,short,28865.17,28692.89,TP,2.1286,108.5573,1.0
2023-05-06 23:35:00+00:00,2023-05-07 00:45:00+00:00,short,28818.91,28907.73,SL,-1.0856,107.4717,1.0
2023-05-07 01:50:00+00:00,2023-05-07 03:35:00+00:00,short,28883.61,28763.45,TP,2.1494,109.6211,1.0
2023-05-07 07:20:00+00:00,2023-05-07 08:30:00+00:00,long,28941.49,28868.46,SL,-1.0962,108.5249,1.0
2023-05-07 11:15:00+00:00,2023-05-07 11:35:00+00:00,short,28779.19,28878.96,SL,-1.0852,107.4397,1.0
2023-05-07 14:30:00+00:00,2023-05-07 15:20:00+00:00,long,29014.97,28937.86,SL,-1.0744,106.3653,1.0
2023-05-07 17:00:00+00:00,2023-05-07 17:25:00+00:00,long,28999.99,28926.11,SL,-1.0637,105.3016,1.0
2023-05-07 18:30:00+00:00,2023-05-07 18:55:00+00:00,long,28933.42,28857.62,SL,-1.053,104.2486,1.0
2023-05-07 20:50:00+00:00,2023-05-07 22:05:00+00:00,short,28885.09,28758.34,TP,2.085,106.3336,1.0
2023-05-07 23:40:00+00:00,2023-05-07 23:50:00+00:00,short,28666.92,28454.22,TP,2.1267,108.4603,1.0
2023-05-08 01:25:00+00:00,2023-05-08 01:30:00+00:00,short,28458.88,28553.25,SL,-1.0846,107.3757,1.0
2023-05-08 01:40:00+00:00,2023-05-08 01:45:00+00:00,short,28102.61,28159.16,SL,-1.0738,106.3019,1.0
2023-05-08 03:40:00+00:00,2023-05-08 03:45:00+00:00,short,28090.79,28165.59,SL,-1.063,105.2389,1.0
2023-05-08 05:10:00+00:00,2023-05-08 05:15:00+00:00,short,28100.45,28161.47,SL,-1.0524,104.1865,1.0
2023-05-08 06:40:00+00:00,2023-05-08 07:45:00+00:00,short,28161.96,27905.76,TP,2.0837,106.2702,1.0
2023-05-08 12:00:00+00:00,2023-05-08 12:50:00+00:00,short,27915.42,27788.23,TP,2.1254,108.3956,1.0
2023-05-08 14:05:00+00:00,2023-05-08 14:40:00+00:00,short,27778.86,27846.69,SL,-1.084,107.3117,1.0
2023-05-08 15:40:00+00:00,2023-05-08 17:55:00+00:00,short,27868.26,27530.0,TP,2.1462,109.4579,1.0
2023-05-08 23:05:00+00:00,2023-05-08 23:20:00+00:00,short,27603.8,27676.69,SL,-1.0946,108.3633,1.0
2023-05-08 23:35:00+00:00,2023-05-09 01:30:00+00:00,short,27648.99,27729.79,SL,-1.0836,107.2797,1.0
2023-05-09 02:15:00+00:00,2023-05-09 02:55:00+00:00,short,27579.02,27641.55,SL,-1.0728,106.2069,1.0
2023-05-09 04:40:00+00:00,2023-05-09 06:10:00+00:00,short,27598.03,27480.87,TP,2.1241,108.331,1.0
2023-05-09 08:30:00+00:00,2023-05-09 10:40:00+00:00,short,27576.8,27633.4,SL,-1.0833,107.2477,1.0
2023-05-09 11:05:00+00:00,2023-05-09 11:30:00+00:00,short,27555.96,27620.85,SL,-1.0725,106.1752,1.0
2023-05-09 15:50:00+00:00,2023-05-09 16:45:00+00:00,short,27428.18,27556.34,SL,-1.0618,105.1135,1.0
2023-05-09 18:40:00+00:00,2023-05-09 18:50:00+00:00,long,27661.96,27531.87,SL,-1.0511,104.0624,1.0
2023-05-09 19:50:00+00:00,2023-05-09 21:15:00+00:00,long,27665.57,27607.27,SL,-1.0406,103.0217,1.0
2023-05-10 01:20:00+00:00,2023-05-10 01:30:00+00:00,long,27800.34,27723.73,SL,-1.0302,101.9915,1.0
2023-05-10 03:40:00+00:00,2023-05-10 06:00:00+00:00,long,27701.97,27606.57,SL,-1.0199,100.9716,1.0
2023-05-10 07:00:00+00:00,2023-05-10 11:45:00+00:00,short,27592.39,27654.04,SL,-1.0097,99.9619,1.0
2023-05-10 16:15:00+00:00,2023-05-10 16:35:00+00:00,long,28269.11,28208.16,SL,-0.9996,98.9623,1.0
2023-05-11 00:00:00+00:00,2023-05-11 00:40:00+00:00,short,27590.77,27473.78,TP,1.9792,100.9415,1.0
2023-05-11 02:45:00+00:00,2023-05-11 04:20:00+00:00,short,27519.99,27402.12,TP,2.0188,102.9603,1.0
2023-05-11 06:35:00+00:00,2023-05-11 07:05:00+00:00,short,27467.89,27534.35,SL,-1.0296,101.9307,1.0
2023-05-11 07:50:00+00:00,2023-05-11 09:00:00+00:00,short,27490.68,27379.23,TP,2.0386,103.9694,1.0
2023-05-11 11:15:00+00:00,2023-05-11 12:05:00+00:00,short,27410.42,27520.93,SL,-1.0397,102.9297,1.0
2023-05-11 12:40:00+00:00,2023-05-11 12:45:00+00:00,short,27355.87,27420.23,SL,-1.0293,101.9004,1.0
2023-05-11 13:45:00+00:00,2023-05-11 13:55:00+00:00,short,27340.08,27206.61,TP,2.038,103.9384,1.0
2023-05-11 17:00:00+00:00,2023-05-11 17:20:00+00:00,short,27091.23,26856.13,TP,2.0788,106.0171,1.0
2023-05-11 19:35:00+00:00,2023-05-11 19:45:00+00:00,short,26794.94,26857.44,SL,-1.0602,104.957,1.0
2023-05-11 21:55:00+00:00,2023-05-11 23:05:00+00:00,short,26977.99,26820.01,TP,2.0991,107.0561,1.0
2023-05-12 00:35:00+00:00,2023-05-12 00:40:00+00:00,short,26953.63,27026.25,SL,-1.0706,105.9855,1.0
2023-05-12 01:20:00+00:00,2023-05-12 02:30:00+00:00,short,26935.01,26750.0,TP,2.1197,108.1053,1.0
2023-05-12 05:40:00+00:00,2023-05-12 05:50:00+00:00,short,26575.4,26250.06,TP,2.1621,110.2674,1.0
2023-05-12 10:30:00+00:00,2023-05-12 12:30:00+00:00,short,26345.27,26454.57,SL,-1.1027,109.1647,1.0
2023-05-12 13:10:00+00:00,2023-05-12 13:30:00+00:00,short,26400.0,26473.3,SL,-1.0916,108.073,1.0
2023-05-12 14:35:00+00:00,2023-05-12 14:50:00+00:00,short,26461.42,26334.48,TP,2.1615,110.2345,1.0
2023-05-12 16:50:00+00:00,2023-05-12 17:10:00+00:00,short,26267.63,26335.78,SL,-1.1023,109.1322,1.0
2023-05-12 18:50:00+00:00,2023-05-12 19:20:00+00:00,short,26309.19,26196.39,TP,2.1826,111.3148,1.0
2023-05-12 19:55:00+00:00,2023-05-12 20:10:00+00:00,long,26459.62,26398.99,SL,-1.1131,110.2017,1.0
2023-05-12 23:55:00+00:00,2023-05-13 00:15:00+00:00,long,26795.01,26735.77,SL,-1.102,109.0996,1.0
2023-05-13 00:55:00+00:00,2023-05-13 01:20:00+00:00,long,26838.99,26975.83,TP,2.182,111.2816,1.0
2023-05-13 03:35:00+00:00,2023-05-13 04:50:00+00:00,long,26811.45,26755.62,SL,-1.1128,110.1688,1.0
2023-05-13 05:15:00+00:00,2023-05-13 05:30:00+00:00,long,26821.85,26756.97,SL,-1.1017,109.0671,1.0
2023-05-13 07:00:00+00:00,2023-05-13 09:55:00+00:00,long,26730.0,26842.05,TP,2.1813,111.2485,1.0
2023-05-13 10:55:00+00:00,2023-05-13 14:25:00+00:00,long,26830.69,26768.07,SL,-1.1125,110.136,1.0
2023-05-13 15:30:00+00:00,2023-05-13 18:45:00+00:00,long,26806.86,27006.92,TP,2.2027,112.3387,1.0
2023-05-13 19:15:00+00:00,2023-05-13 19:35:00+00:00,long,26917.25,26827.18,SL,-1.1234,111.2153,1.0
2023-05-13 20:30:00+00:00,2023-05-13 23:40:00+00:00,long,26881.87,26773.7,SL,-1.1122,110.1032,1.0
2023-05-14 06:15:00+00:00,2023-05-14 12:00:00+00:00,long,26842.2,26774.38,SL,-1.101,109.0021,1.0
2023-05-14 14:50:00+00:00,2023-05-14 15:05:00+00:00,long,26916.27,27133.09,TP,2.18,111.1822,1.0
2023-05-14 18:40:00+00:00,2023-05-14 19:00:00+00:00,long,26935.0,26878.25,SL,-1.1118,110.0703,1.0
2023-05-14 19:05:00+00:00,2023-05-14 19:20:00+00:00,long,26937.88,26881.51,SL,-1.1007,108.9696,1.0
2023-05-14 22:20:00+00:00,2023-05-14 23:05:00+00:00,long,26928.39,26873.61,SL,-1.0897,107.8799,1.0
2023-05-14 23:30:00+00:00,2023-05-15 00:15:00+00:00,long,26925.38,26804.48,SL,-1.0788,106.8011,1.0
2023-05-15 04:55:00+00:00,2023-05-15 06:15:00+00:00,long,27289.04,27409.01,TP,2.136,108.9372,1.0
2023-05-15 09:00:00+00:00,2023-05-15 09:15:00+00:00,long,27452.47,27393.26,SL,-1.0894,107.8478,1.0
2023-05-15 10:40:00+00:00,2023-05-15 11:45:00+00:00,long,27398.9,27330.48,SL,-1.0785,106.7693,1.0
2023-05-15 12:35:00+00:00,2023-05-15 14:05:00+00:00,long,27369.99,27280.48,SL,-1.0677,105.7016,1.0
2023-05-15 14:45:00+00:00,2023-05-15 17:00:00+00:00,long,27410.38,27525.13,TP,2.114,107.8157,1.0
2023-05-15 19:50:00+00:00,2023-05-15 20:15:00+00:00,long,27417.92,27347.96,SL,-1.0782,106.7375,1.0
2023-05-15 21:25:00+00:00,2023-05-15 22:40:00+00:00,long,27351.33,27292.84,SL,-1.0674,105.6701,1.0
2023-05-16 01:15:00+00:00,2023-05-16 01:20:00+00:00,short,27130.57,27003.7,TP,2.1134,107.7835,1.0
2023-05-16 04:55:00+00:00,2023-05-16 07:15:00+00:00,short,27114.73,27211.59,SL,-1.0778,106.7057,1.0
2023-05-16 08:30:00+00:00,2023-05-16 10:05:00+00:00,short,27193.93,27071.97,TP,2.1341,108.8398,1.0
2023-05-16 12:35:00+00:00,2023-05-16 12:40:00+00:00,short,27003.35,27127.77,SL,-1.0884,107.7514,1.0
2023-05-16 13:00:00+00:00,2023-05-16 13:40:00+00:00,short,27031.46,27085.65,SL,-1.0775,106.6739,1.0
2023-05-16 13:50:00+00:00,2023-05-16 15:25:00+00:00,short,26996.25,27079.2,SL,-1.0667,105.6072,1.0
2023-05-16 16:25:00+00:00,2023-05-16 16:50:00+00:00,short,27016.12,27077.09,SL,-1.0561,104.5511,1.0
2023-05-16 17:05:00+00:00,2023-05-16 17:45:00+00:00,short,27016.94,27083.38,SL,-1.0455,103.5056,1.0
2023-05-16 18:20:00+00:00,2023-05-16 19:50:00+00:00,short,27025.41,26914.35,TP,2.0701,105.5757,1.0
2023-05-16 21:05:00+00:00,2023-05-16 21:25:00+00:00,short,26942.67,27023.24,SL,-1.0558,104.5199,1.0
2023-05-16 22:35:00+00:00,2023-05-17 00:10:00+00:00,short,26994.94,27052.0,SL,-1.0452,103.4747,1.0
2023-05-17 00:20:00+00:00,2023-05-17 00:35:00+00:00,short,26992.3,27098.73,SL,-1.0347,102.44,1.0
2023-05-17 03:40:00+00:00,2023-05-17 03:55:00+00:00,long,27117.29,27060.04,SL,-1.0244,101.4156,1.0
2023-05-17 04:40:00+00:00,2023-05-17 05:10:00+00:00,long,27084.21,27026.3,SL,-1.0142,100.4014,1.0
2023-05-17 07:40:00+00:00,2023-05-17 07:45:00+00:00,short,26950.2,26834.44,TP,2.008,102.4095,1.0
2023-05-17 11:05:00+00:00,2023-05-17 11:35:00+00:00,short,26828.62,26704.12,TP,2.0482,104.4576,1.0
2023-05-17 13:50:00+00:00,2023-05-17 14:15:00+00:00,short,26605.61,26672.01,SL,-1.0446,103.4131,1.0
2023-05-17 14:30:00+00:00,2023-05-17 14:40:00+00:00,short,26630.06,26765.28,SL,-1.0341,102.3789,1.0
2023-05-17 16:10:00+00:00,2023-05-17 16:35:00+00:00,short,26763.42,26856.35,SL,-1.0238,101.3552,1.0
2023-05-17 19:10:00+00:00,2023-05-17 19:50:00+00:00,long,27301.39,27410.79,TP,2.0271,103.3823,1.0
2023-05-17 23:05:00+00:00,2023-05-18 01:40:00+00:00,long,27387.99,27317.85,SL,-1.0338,102.3484,1.0
2023-05-18 02:35:00+00:00,2023-05-18 05:25:00+00:00,long,27336.6,27267.17,SL,-1.0235,101.3249,1.0
2023-05-18 06:40:00+00:00,2023-05-18 07:45:00+00:00,long,27247.75,27425.16,TP,2.0265,103.3514,1.0
2023-05-18 10:05:00+00:00,2023-05-18 10:20:00+00:00,long,27418.08,27360.69,SL,-1.0335,102.3179,1.0
2023-05-18 11:40:00+00:00,2023-05-18 12:05:00+00:00,long,27386.26,27330.44,SL,-1.0232,101.2948,1.0
2023-05-18 12:10:00+00:00,2023-05-18 12:25:00+00:00,long,27440.57,27327.7,SL,-1.0129,100.2818,1.0
2023-05-18 14:50:00+00:00,2023-05-18 15:55:00+00:00,short,27223.42,27086.77,TP,2.0056,102.2874,1.0
2023-05-18 17:35:00+00:00,2023-05-18 17:45:00+00:00,short,26811.03,26633.96,TP,2.0457,104.3332,1.0
2023-05-18 22:20:00+00:00,2023-05-19 01:40:00+00:00,short,26885.99,26778.26,TP,2.0867,106.4199,1.0
2023-05-19 02:35:00+00:00,2023-05-19 03:20:00+00:00,short,26788.57,26848.24,SL,-1.0642,105.3557,1.0
2023-05-19 04:15:00+00:00,2023-05-19 04:50:00+00:00,short,26812.04,26870.0,SL,-1.0536,104.3021,1.0
2023-05-19 05:15:00+00:00,2023-05-19 05:45:00+00:00,short,26831.85,26886.97,SL,-1.043,103.2591,1.0
2023-05-19 06:55:00+00:00,2023-05-19 14:10:00+00:00,short,26902.72,26785.29,TP,2.0652,105.3243,1.0
2023-05-19 15:05:00+00:00,2023-05-19 15:10:00+00:00,short,26772.47,26905.1,SL,-1.0532,104.271,1.0
2023-05-19 15:35:00+00:00,2023-05-19 15:40:00+00:00,short,26802.69,26951.03,SL,-1.0427,103.2283,1.0
2023-05-19 16:30:00+00:00,2023-05-19 16:40:00+00:00,short,26810.09,26883.64,SL,-1.0323,102.196,1.0
2023-05-19 17:20:00+00:00,2023-05-19 19:05:00+00:00,long,26931.76,26865.37,SL,-1.022,101.1741,1.0
2023-05-19 23:30:00+00:00,2023-05-20 00:40:00+00:00,long,26892.7,26833.16,SL,-1.0117,100.1623,1.0
2023-05-20 02:30:00+00:00,2023-05-20 08:50:00+00:00,short,26845.25,26915.0,SL,-1.0016,99.1607,1.0
2023-05-20 12:05:00+00:00,2023-05-20 17:40:00+00:00,long,26910.05,27029.17,TP,1.9832,101.1439,1.0
2023-05-20 21:30:00+00:00,2023-05-21 00:45:00+00:00,long,27041.77,27241.58,TP,2.0229,103.1668,1.0
2023-05-21 03:40:00+00:00,2023-05-21 05:10:00+00:00,long,27180.0,27119.24,SL,-1.0317,102.1351,1.0
2023-05-21 06:45:00+00:00,2023-05-21 08:05:00+00:00,long,27093.3,27028.37,SL,-1.0214,101.1138,1.0
2023-05-21 08:10:00+00:00,2023-05-21 10:40:00+00:00,long,27068.93,26999.59,SL,-1.0111,100.1026,1.0
2023-05-21 14:55:00+00:00,2023-05-21 15:00:00+00:00,short,26898.32,26972.35,SL,-1.001,99.1016,1.0
2023-05-21 15:10:00+00:00,2023-05-21 15:40:00+00:00,short,26936.8,26812.94,TP,1.982,101.0836,1.0
2023-05-21 17:45:00+00:00,2023-05-21 19:35:00+00:00,short,26844.82,26902.97,SL,-1.0108,100.0728,1.0
2023-05-21 20:30:00+00:00,2023-05-21 21:05:00+00:00,short,26885.67,26765.4,TP,2.0015,102.0743,1.0
2023-05-21 23:55:00+00:00,2023-05-22 00:30:00+00:00,short,26747.78,26603.11,TP,2.0415,104.1157,1.0
2023-05-22 01:55:00+00:00,2023-05-22 02:15:00+00:00,short,26584.17,26644.25,SL,-1.0412,103.0746,1.0
2023-05-22 11:45:00+00:00,2023-05-22 12:50:00+00:00,long,26814.58,26741.05,SL,-1.0307,102.0438,1.0
2023-05-22 16:10:00+00:00,2023-05-22 16:20:00+00:00,long,26905.75,26840.68,SL,-1.0204,101.0234,1.0
2023-05-22 17:45:00+00:00,2023-05-23 01:25:00+00:00,long,26855.76,26976.93,TP,2.0205,103.0439,1.0
2023-05-23 02:55:00+00:00,2023-05-23 03:15:00+00:00,long,27128.42,27258.73,TP,2.0609,105.1048,1.0
2023-05-23 07:55:00+00:00,2023-05-23 13:40:00+00:00,long,27304.4,27227.59,SL,-1.051,104.0537,1.0
2023-05-23 14:05:00+00:00,2023-05-23 16:45:00+00:00,long,27285.65,27206.52,SL,-1.0405,103.0132,1.0
2023-05-23 17:20:00+00:00,2023-05-23 17:25:00+00:00,long,27254.69,27197.52,SL,-1.0301,101.983,1.0
2023-05-23 20:30:00+00:00,2023-05-23 20:45:00+00:00,short,27153.97,27214.97,SL,-1.0198,100.9632,1.0
2023-05-23 21:35:00+00:00,2023-05-23 23:25:00+00:00,short,27194.78,27249.37,SL,-1.0096,99.9536,1.0
2023-05-24 00:00:00+00:00,2023-05-24 03:05:00+00:00,short,27207.04,27095.41,TP,1.9991,101.9526,1.0
2023-05-24 06:50:00+00:00,2023-05-24 07:10:00+00:00,short,26692.27,26755.47,SL,-1.0195,100.9331,1.0
2023-05-24 09:55:00+00:00,2023-05-24 13:40:00+00:00,short,26750.8,26635.92,TP,2.0187,102.9518,1.0
2023-05-24 16:40:00+00:00,2023-05-24 17:20:00+00:00,short,26191.3,26297.93,SL,-1.0295,101.9223,1.0
2023-05-24 18:25:00+00:00,2023-05-24 19:15:00+00:00,short,26239.83,26303.94,SL,-1.0192,100.903,1.0
2023-05-24 19:55:00+00:00,2023-05-24 20:20:00+00:00,short,26252.33,26358.14,SL,-1.009,99.894,1.0
2023-05-24 21:30:00+00:00,2023-05-25 00:25:00+00:00,short,26392.54,26283.36,TP,1.9979,101.8919,1.0
2023-05-25 05:40:00+00:00,2023-05-25 06:50:00+00:00,short,26235.22,26288.37,SL,-1.0189,100.873,1.0
2023-05-25 06:55:00+00:00,2023-05-25 07:35:00+00:00,short,26261.27,26138.02,TP,2.0175,102.8904,1.0
2023-05-25 10:15:00+00:00,2023-05-25 12:00:00+00:00,short,26250.99,26345.12,SL,-1.0289,101.8615,1.0
2023-05-25 14:35:00+00:00,2023-05-25 14:50:00+00:00,long,26418.23,26348.26,SL,-1.0186,100.8429,1.0
2023-05-25 19:05:00+00:00,2023-05-26 05:15:00+00:00,long,26441.06,26381.3,SL,-1.0084,99.8345,1.0
2023-05-26 10:35:00+00:00,2023-05-26 12:30:00+00:00,long,26472.56,26403.43,SL,-0.9983,98.8361,1.0
2023-05-26 13:00:00+00:00,2023-05-26 14:05:00+00:00,long,26476.34,26632.68,TP,1.9767,100.8129,1.0
2023-05-26 18:40:00+00:00,2023-05-26 22:55:00+00:00,long,26744.53,26686.0,SL,-1.0081,99.8047,1.0
2023-05-26 23:40:00+00:00,2023-05-27 00:25:00+00:00,long,26718.43,26658.38,SL,-0.998,98.8067,1.0
2023-05-27 01:05:00+00:00,2023-05-27 03:40:00+00:00,long,26655.32,26772.53,TP,1.9761,100.7828,1.0
2023-05-27 04:40:00+00:00,2023-05-27 06:20:00+00:00,long,26773.29,26716.29,SL,-1.0078,99.775,1.0
2023-05-27 06:45:00+00:00,2023-05-27 08:15:00+00:00,long,26740.78,26686.04,SL,-0.9978,98.7772,1.0
2023-05-27 10:30:00+00:00,2023-05-27 13:20:00+00:00,short,26692.54,26761.8,SL,-0.9878,97.7895,1.0
2023-05-27 16:30:00+00:00,2023-05-27 17:35:00+00:00,short,26658.56,26728.93,SL,-0.9779,96.8116,1.0
2023-05-27 21:00:00+00:00,2023-05-28 00:40:00+00:00,long,26752.01,26996.73,TP,1.9362,98.7478,1.0
2023-05-28 03:45:00+00:00,2023-05-28 12:35:00+00:00,long,27178.1,27121.92,SL,-0.9875,97.7603,1.0
2023-05-28 13:15:00+00:00,2023-05-28 15:55:00+00:00,long,27153.6,27272.17,TP,1.9552,99.7155,1.0
2023-05-28 17:30:00+00:00,2023-05-28 18:15:00+00:00,long,27290.41,27414.23,TP,1.9943,101.7098,1.0
2023-05-28 21:25:00+00:00,2023-05-28 21:45:00+00:00,long,27633.32,27866.29,TP,2.0342,103.744,1.0
2023-05-29 00:15:00+00:00,2023-05-29 00:30:00+00:00,long,28350.57,28261.83,SL,-1.0374,102.7066,1.0
2023-05-29 04:55:00+00:00,2023-05-29 07:30:00+00:00,long,27947.07,27864.99,SL,-1.0271,101.6795,1.0
2023-05-29 08:05:00+00:00,2023-05-29 08:25:00+00:00,long,27921.42,27864.83,SL,-1.0168,100.6627,1.0
2023-05-29 08:35:00+00:00,2023-05-29 10:45:00+00:00,long,27907.86,27771.11,SL,-1.0066,99.6561,1.0
2023-05-29 11:25:00+00:00,2023-05-29 14:40:00+00:00,long,27879.64,27811.79,SL,-0.9966,98.6595,1.0
2023-05-29 18:45:00+00:00,2023-05-29 21:10:00+00:00,short,27637.79,27693.32,SL,-0.9866,97.673,1.0
2023-05-29 21:35:00+00:00,2023-05-29 23:05:00+00:00,short,27661.18,27729.99,SL,-0.9767,96.6962,1.0
2023-05-30 01:05:00+00:00,2023-05-30 03:15:00+00:00,long,27770.0,27922.84,TP,1.9339,98.6301,1.0
2023-05-30 08:25:00+00:00,2023-05-30 10:25:00+00:00,long,27796.8,27925.14,TP,1.9726,100.6027,1.0
2023-05-30 11:55:00+00:00,2023-05-30 12:20:00+00:00,long,28021.4,27927.38,SL,-1.006,99.5967,1.0
2023-05-30 13:15:00+00:00,2023-05-30 13:45:00+00:00,long,27945.33,27861.41,SL,-0.996,98.6008,1.0
2023-05-30 23:15:00+00:00,2023-05-31 00:50:00+00:00,short,27681.39,27739.27,SL,-0.986,97.6147,1.0
2023-05-31 01:55:00+00:00,2023-05-31 02:05:00+00:00,short,27742.09,27616.42,TP,1.9523,99.567,1.0
2023-05-31 04:35:00+00:00,2023-05-31 04:45:00+00:00,short,27616.79,27362.17,TP,1.9913,101.5584,1.0
2023-05-31 08:45:00+00:00,2023-05-31 11:05:00+00:00,short,27130.78,27004.7,TP,2.0312,103.5895,1.0
2023-05-31 12:35:00+00:00,2023-05-31 13:10:00+00:00,short,27076.9,27166.68,SL,-1.0359,102.5537,1.0
2023-05-31 14:00:00+00:00,2023-05-31 14:15:00+00:00,short,27104.91,26910.68,TP,2.0511,104.6047,1.0
2023-05-31 15:10:00+00:00,2023-05-31 15:20:00+00:00,short,26925.35,26983.8,SL,-1.046,103.5587,1.0
2023-05-31 18:50:00+00:00,2023-05-31 19:45:00+00:00,short,27034.99,27104.21,SL,-1.0356,102.5231,1.0
2023-05-31 19:55:00+00:00,2023-05-31 20:20:00+00:00,short,27010.57,27084.5,SL,-1.0252,101.4979,1.0
2023-05-31 21:15:00+00:00,2023-05-31 22:35:00+00:00,short,27100.13,27154.85,SL,-1.015,100.4829,1.0
2023-06-01 01:40:00+00:00,2023-06-01 02:45:00+00:00,short,27118.33,26821.07,TP,2.0097,102.4925,1.0
2023-06-01 06:40:00+00:00,2023-06-01 08:50:00+00:00,short,26834.92,26888.99,SL,-1.0249,101.4676,1.0
2023-06-01 09:50:00+00:00,2023-06-01 16:50:00+00:00,short,26919.36,27051.53,SL,-1.0147,100.4529,1.0
2023-06-01 18:15:00+00:00,2023-06-01 18:35:00+00:00,long,27028.86,26972.94,SL,-1.0045,99.4484,1.0
2023-06-01 22:05:00+00:00,2023-06-02 00:20:00+00:00,short,26883.22,26734.01,TP,1.989,101.4374,1.0
2023-06-02 04:20:00+00:00,2023-06-02 05:35:00+00:00,long,27035.26,27157.99,TP,2.0287,103.4661,1.0
2023-06-02 08:25:00+00:00,2023-06-02 13:45:00+00:00,long,27104.82,26958.15,SL,-1.0347,102.4315,1.0
2023-06-02 18:45:00+00:00,2023-06-02 19:35:00+00:00,long,27143.22,27278.75,TP,2.0486,104.4801,1.0
2023-06-02 21:45:00+00:00,2023-06-03 00:40:00+00:00,long,27239.14,27173.68,SL,-1.0448,103.4353,1.0
2023-06-03 02:05:00+00:00,2023-06-03 15:55:00+00:00,long,27143.71,27305.26,TP,2.0687,105.504,1.0
2023-06-03 18:55:00+00:00,2023-06-03 21:10:00+00:00,short,27147.43,27006.61,TP,2.1101,107.6141,1.0
2023-06-03 23:50:00+00:00,2023-06-04 06:40:00+00:00,short,27052.41,27114.13,SL,-1.0761,106.5379,1.0
2023-06-04 09:10:00+00:00,2023-06-04 22:15:00+00:00,long,27199.78,27380.0,TP,2.1308,108.6687,1.0
2023-06-05 02:50:00+00:00,2023-06-05 03:55:00+00:00,short,26960.01,26843.58,TP,2.1734,110.8421,1.0
2023-06-05 06:55:00+00:00,2023-06-05 07:25:00+00:00,short,26765.34,26827.55,SL,-1.1084,109.7337,1.0
2023-06-05 08:45:00+00:00,2023-06-05 12:40:00+00:00,short,26820.53,26702.93,TP,2.1947,111.9283,1.0
2023-06-05 15:00:00+00:00,2023-06-05 15:20:00+00:00,short,26676.67,26568.84,TP,2.2386,114.1669,1.0
2023-06-05 19:25:00+00:00,2023-06-05 19:30:00+00:00,short,25449.25,25556.4,SL,-1.1417,113.0252,1.0
2023-06-05 21:20:00+00:00,2023-06-05 21:25:00+00:00,short,25546.63,25599.84,SL,-1.1303,111.895,1.0
2023-06-05 23:50:00+00:00,2023-06-06 01:30:00+00:00,short,25738.08,25623.07,TP,2.2379,114.1329,1.0
2023-06-06 03:30:00+00:00,2023-06-06 04:50:00+00:00,short,25729.42,25796.57,SL,-1.1413,112.9915,1.0
2023-06-06 05:20:00+00:00,2023-06-06 12:10:00+00:00,short,25767.22,25460.2,TP,2.2598,115.2514,1.0
2023-06-06 16:00:00+00:00,2023-06-06 16:50:00+00:00,long,26169.6,26279.27,TP,2.305,117.5564,1.0
2023-06-06 19:35:00+00:00,2023-06-06 19:50:00+00:00,long,26891.98,27161.82,TP,2.3511,119.9075,1.0
2023-06-06 22:35:00+00:00,2023-06-06 23:25:00+00:00,long,27109.42,27288.05,TP,2.3981,122.3057,1.0
2023-06-07 00:40:00+00:00,2023-06-07 00:45:00+00:00,long,27311.25,27243.0,SL,-1.2231,121.0826,1.0
2023-06-07 03:50:00+00:00,2023-06-07 06:35:00+00:00,long,26877.89,26818.3,SL,-1.2108,119.8718,1.0
2023-06-07 07:30:00+00:00,2023-06-07 07:50:00+00:00,long,26893.93,26827.95,SL,-1.1987,118.6731,1.0
2023-06-07 08:20:00+00:00,2023-06-07 09:15:00+00:00,long,26820.9,26709.19,SL,-1.1867,117.4863,1.0
2023-06-07 12:40:00+00:00,2023-06-07 12:50:00+00:00,long,26862.37,26794.24,SL,-1.1749,116.3115,1.0
2023-06-07 15:50:00+00:00,2023-06-07 16:00:00+00:00,short,26323.57,26394.23,SL,-1.1631,115.1484,1.0
2023-06-07 18:45:00+00:00,2023-06-07 20:10:00+00:00,short,26470.01,26362.44,TP,2.303,117.4513,1.0
2023-06-07 21:50:00+00:00,2023-06-07 21:55:00+00:00,short,26295.8,26156.0,TP,2.349,119.8004,1.0
2023-06-08 01:50:00+00:00,2023-06-08 03:20:00+00:00,short,26431.78,26306.75,TP,2.396,122.1964,1.0
2023-06-08 05:45:00+00:00,2023-06-08 06:40:00+00:00,short,26378.86,26471.82,SL,-1.222,120.9744,1.0
2023-06-08 07:50:00+00:00,2023-06-08 10:55:00+00:00,short,26430.0,26484.77,SL,-1.2097,119.7647,1.0
2023-06-08 11:30:00+00:00,2023-06-08 12:35:00+00:00,short,26417.5,26503.96,SL,-1.1976,118.567,1.0
2023-06-08 13:00:00+00:00,2023-06-08 13:20:00+00:00,short,26346.61,26404.86,SL,-1.1857,117.3813,1.0
2023-06-09 02:15:00+00:00,2023-06-09 02:20:00+00:00,short,26496.32,26334.11,TP,2.3476,119.729,1.0
2023-06-09 04:20:00+00:00,2023-06-09 04:50:00+00:00,short,26434.92,26504.23,SL,-1.1973,118.5317,1.0
2023-06-09 05:40:00+00:00,2023-06-09 06:15:00+00:00,short,26476.22,26540.47,SL,-1.1853,117.3464,1.0
2023-06-09 06:55:00+00:00,2023-06-09 08:15:00+00:00,short,26492.93,26578.51,SL,-1.1735,116.1729,1.0
2023-06-09 09:45:00+00:00,2023-06-09 10:25:00+00:00,long,26669.97,26614.65,SL,-1.1617,115.0112,1.0
2023-06-09 12:00:00+00:00,2023-06-09 13:15:00+00:00,long,26629.99,26741.34,TP,2.3002,117.3114,1.0
2023-06-09 14:25:00+00:00,2023-06-09 14:35:00+00:00,long,26686.21,26596.0,SL,-1.1731,116.1383,1.0
2023-06-09 17:10:00+00:00,2023-06-09 17:15:00+00:00,short,26434.0,26498.12,SL,-1.1614,114.9769,1.0
2023-06-09 18:30:00+00:00,2023-06-10 01:10:00+00:00,short,26447.92,26503.39,SL,-1.1498,113.8271,1.0
2023-06-10 01:20:00+00:00,2023-06-10 02:55:00+00:00,short,26453.66,26326.92,TP,2.2765,116.1037,1.0
2023-06-10 04:20:00+00:00,2023-06-10 04:50:00+00:00,short,25889.99,25780.21,TP,2.3221,118.4257,1.0
2023-06-10 05:50:00+00:00,2023-06-10 06:00:00+00:00,short,25491.94,25587.52,SL,-1.1843,117.2415,1.0
2023-06-10 09:15:00+00:00,2023-06-10 10:50:00+00:00,short,25639.98,25692.22,SL,-1.1724,116.0691,1.0
2023-06-10 12:10:00+00:00,2023-06-10 17:00:00+00:00,short,25669.11,25531.09,TP,2.3214,118.3905,1.0
2023-06-10 21:05:00+00:00,2023-06-10 21:45:00+00:00,short,25721.0,25783.83,SL,-1.1839,117.2066,1.0
2023-06-11 01:30:00+00:00,2023-06-11 02:50:00+00:00,long,25809.18,25757.22,SL,-1.1721,116.0345,1.0
2023-06-11 06:30:00+00:00,2023-06-11 11:40:00+00:00,short,25777.62,25833.02,SL,-1.1603,114.8741,1.0
2023-06-11 14:30:00+00:00,2023-06-11 16:10:00+00:00,short,25721.73,25779.82,SL,-1.1487,113.7254,1.0
2023-06-11 19:20:00+00:00,2023-06-11 21:35:00+00:00,long,26073.29,26018.89,SL,-1.1373,112.5881,1.0
2023-06-12 02:00:00+00:00,2023-06-12 02:15:00+00:00,long,25954.6,25896.07,SL,-1.1259,111.4623,1.0
2023-06-12 05:45:00+00:00,2023-06-12 06:25:00+00:00,short,25784.01,25867.09,SL,-1.1146,110.3476,1.0
2023-06-12 07:20:00+00:00,2023-06-12 08:25:00+00:00,short,25833.7,25915.0,SL,-1.1035,109.2442,1.0
2023-06-12 12:00:00+00:00,2023-06-12 12:15:00+00:00,long,25978.51,25923.97,SL,-1.0924,108.1517,1.0
2023-06-12 16:55:00+00:00,2023-06-12 17:45:00+00:00,short,25825.41,25929.99,SL,-1.0815,107.0702,1.0
2023-06-12 18:10:00+00:00,2023-06-12 18:50:00+00:00,short,25783.64,25856.4,SL,-1.0707,105.9995,1.0
2023-06-12 19:20:00+00:00,2023-06-12 20:20:00+00:00,short,25789.95,25855.52,SL,-1.06,104.9395,1.0
2023-06-12 21:55:00+00:00,2023-06-13 00:50:00+00:00,long,25930.52,25840.0,SL,-1.0494,103.8901,1.0
2023-06-13 01:25:00+00:00,2023-06-13 01:50:00+00:00,long,26003.98,25948.61,SL,-1.0389,102.8512,1.0
2023-06-13 05:05:00+00:00,2023-06-13 08:45:00+00:00,long,26063.36,26233.37,TP,2.057,104.9082,1.0
2023-06-13 10:35:00+00:00,2023-06-13 11:35:00+00:00,long,26162.04,26106.98,SL,-1.0491,103.8592,1.0
2023-06-13 12:00:00+00:00,2023-06-13 12:40:00+00:00,long,26222.99,26093.06,SL,-1.0386,102.8206,1.0
2023-06-13 18:45:00+00:00,2023-06-13 19:15:00+00:00,short,25850.04,25915.23,SL,-1.0282,101.7924,1.0
2023-06-13 19:35:00+00:00,2023-06-13 23:55:00+00:00,short,25881.08,25934.25,SL,-1.0179,100.7744,1.0
2023-06-14 01:50:00+00:00,2023-06-14 03:00:00+00:00,long,26033.08,25976.13,SL,-1.0077,99.7667,1.0
2023-06-14 04:20:00+00:00,2023-06-14 05:30:00+00:00,long,25998.65,25925.27,SL,-0.9977,98.769,1.0
2023-06-14 11:30:00+00:00,2023-06-14 17:00:00+00:00,long,26007.91,25947.55,SL,-0.9877,97.7813,1.0
2023-06-14 17:40:00+00:00,2023-06-14 18:05:00+00:00,long,25968.1,25867.93,SL,-0.9778,96.8035,1.0
2023-06-14 18:40:00+00:00,2023-06-14 18:55:00+00:00,long,25975.41,25915.03,SL,-0.968,95.8355,1.0
2023-06-14 19:25:00+00:00,2023-06-14 20:00:00+00:00,short,25898.67,25726.32,TP,1.9167,97.7522,1.0
2023-06-15 01:25:00+00:00,2023-06-15 04:05:00+00:00,short,25120.0,25019.1,TP,1.955,99.7072,1.0
2023-06-15 05:30:00+00:00,2023-06-15 06:10:00+00:00,short,25003.64,25071.1,SL,-0.9971,98.7102,1.0
2023-06-15 06:30:00+00:00,2023-06-15 08:10:00+00:00,short,24968.6,25024.8,SL,-0.9871,97.7231,1.0
2023-06-15 08:55:00+00:00,2023-06-15 11:45:00+00:00,short,24974.26,25030.2,SL,-0.9772,96.7458,1.0
2023-06-15 12:20:00+00:00,2023-06-15 13:05:00+00:00,short,24954.75,25005.38,SL,-0.9675,95.7784,1.0
2023-06-15 14:15:00+00:00,2023-06-15 16:00:00+00:00,short,25051.7,24929.0,TP,1.9156,97.6939,1.0
2023-06-15 21:00:00+00:00,2023-06-15 21:30:00+00:00,long,25605.21,25718.1,TP,1.9539,99.6478,1.0
2023-06-16 01:30:00+00:00,2023-06-16 04:15:00+00:00,long,25494.65,25605.91,TP,1.993,101.6408,1.0
2023-06-16 05:55:00+00:00,2023-06-16 11:30:00+00:00,long,25553.04,25491.25,SL,-1.0164,100.6244,1.0
2023-06-16 12:15:00+00:00,2023-06-16 14:45:00+00:00,long,25521.95,25346.94,SL,-1.0062,99.6181,1.0
2023-06-16 15:00:00+00:00,2023-06-16 15:55:00+00:00,long,25594.0,25840.01,TP,1.9924,101.6105,1.0
2023-06-16 22:15:00+00:00,2023-06-17 00:30:00+00:00,long,26383.87,26327.06,SL,-1.0161,100.5944,1.0
2023-06-17 02:30:00+00:00,2023-06-17 05:05:00+00:00,long,26254.42,26383.33,TP,2.0119,102.6063,1.0
2023-06-17 09:45:00+00:00,2023-06-17 11:25:00+00:00,long,26612.86,26549.99,SL,-1.0261,101.5802,1.0
2023-06-17 12:20:00+00:00,2023-06-17 12:50:00+00:00,long,26571.43,26513.61,SL,-1.0158,100.5644,1.0
2023-06-17 16:15:00+00:00,2023-06-17 17:50:00+00:00,long,26477.26,26405.95,SL,-1.0056,99.5588,1.0
2023-06-17 18:15:00+00:00,2023-06-17 22:10:00+00:00,long,26452.37,26580.54,TP,1.9912,101.5499,1.0
2023-06-18 05:15:00+00:00,2023-06-18 08:55:00+00:00,long,26553.09,26499.32,SL,-1.0155,100.5344,1.0
2023-06-18 09:35:00+00:00,2023-06-18 12:30:00+00:00,long,26520.27,26465.99,SL,-1.0053,99.5291,1.0
2023-06-18 12:40:00+00:00,2023-06-18 13:35:00+00:00,long,26554.0,26499.99,SL,-0.9953,98.5338,1.0
2023-06-18 14:25:00+00:00,2023-06-18 19:25:00+00:00,long,26533.43,26641.5,TP,1.9707,100.5045,1.0
2023-06-18 21:55:00+00:00,2023-06-19 06:00:00+00:00,short,26415.34,26475.62,SL,-1.005,99.4994,1.0
2023-06-19 06:20:00+00:00,2023-06-19 12:20:00+00:00,short,26449.2,26505.11,SL,-0.995,98.5044,1.0
2023-06-19 13:30:00+00:00,2023-06-19 14:00:00+00:00,long,26576.01,26507.01,SL,-0.985,97.5194,1.0
2023-06-19 15:35:00+00:00,2023-06-19 16:30:00+00:00,long,26452.37,26352.13,SL,-0.9752,96.5442,1.0
2023-06-19 16:35:00+00:00,2023-06-19 17:35:00+00:00,long,26515.99,26666.0,TP,1.9309,98.4751,1.0
2023-06-19 20:00:00+00:00,2023-06-19 20:50:00+00:00,long,26788.0,26728.0,SL,-0.9848,97.4903,1.0
2023-06-19 21:50:00+00:00,2023-06-20 00:20:00+00:00,long,26768.95,26916.46,TP,1.9498,99.4401,1.0
2023-06-20 03:10:00+00:00,2023-06-20 03:55:00+00:00,long,26953.25,26896.52,SL,-0.9944,98.4457,1.0
2023-06-20 04:15:00+00:00,2023-06-20 05:35:00+00:00,long,26948.75,26861.92,SL,-0.9845,97.4613,1.0
2023-06-20 07:05:00+00:00,2023-06-20 09:30:00+00:00,long,26796.04,26725.39,SL,-0.9746,96.4867,1.0
2023-06-20 09:35:00+00:00,2023-06-20 11:55:00+00:00,long,26800.3,26907.99,TP,1.9297,98.4164,1.0
2023-06-20 13:30:00+00:00,2023-06-20 13:35:00+00:00,long,26926.09,26856.0,SL,-0.9842,97.4322,1.0
2023-06-20 17:45:00+00:00,2023-06-20 17:50:00+00:00,long,27841.92,27759.99,SL,-0.9743,96.4579,1.0
2023-06-20 18:50:00+00:00,2023-06-20 19:00:00+00:00,long,28083.99,27918.61,SL,-0.9646,95.4933,1.0
2023-06-20 20:45:00+00:00,2023-06-20 20:50:00+00:00,long,28206.91,28119.42,SL,-0.9549,94.5384,1.0
2023-06-20 23:25:00+00:00,2023-06-20 23:30:00+00:00,long,28332.0,28256.0,SL,-0.9454,93.593,1.0
2023-06-21 00:45:00+00:00,2023-06-21 01:00:00+00:00,long,28380.02,28722.63,TP,1.8719,95.4649,1.0
2023-06-21 04:55:00+00:00,2023-06-21 05:50:00+00:00,long,28785.53,28905.23,TP,1.9093,97.3742,1.0
2023-06-21 07:35:00+00:00,2023-06-21 08:30:00+00:00,long,28893.02,28819.03,SL,-0.9737,96.4004,1.0
2023-06-21 09:15:00+00:00,2023-06-21 10:25:00+00:00,long,28896.49,29050.01,TP,1.928,98.3284,1.0
2023-06-21 11:35:00+00:00,2023-06-21 12:20:00+00:00,long,28933.35,29072.0,TP,1.9666,100.295,1.0
2023-06-21 13:20:00+00:00,2023-06-21 13:45:00+00:00,long,29041.64,29282.58,TP,2.0059,102.3009,1.0
2023-06-21 18:20:00+00:00,2023-06-21 18:45:00+00:00,long,30261.68,30109.5,SL,-1.023,101.2779,1.0
2023-06-21 20:00:00+00:00,2023-06-21 20:05:00+00:00,long,30113.75,30052.18,SL,-1.0128,100.2651,1.0
2023-06-21 20:10:00+00:00,2023-06-21 20:15:00+00:00,long,30110.48,30025.18,SL,-1.0027,99.2625,1.0
2023-06-21 21:20:00+00:00,2023-06-21 21:25:00+00:00,long,30009.99,29943.45,SL,-0.9926,98.2698,1.0
2023-06-21 22:15:00+00:00,2023-06-21 22:45:00+00:00,long,29943.29,30134.24,TP,1.9654,100.2352,1.0
2023-06-22 00:30:00+00:00,2023-06-22 00:50:00+00:00,long,30219.02,30130.77,SL,-1.0024,99.2329,1.0
2023-06-22 02:20:00+00:00,2023-06-22 02:30:00+00:00,long,30204.35,30335.0,TP,1.9847,101.2176,1.0
2023-06-22 04:55:00+00:00,2023-06-22 05:30:00+00:00,long,30350.0,30284.99,SL,-1.0122,100.2054,1.0
2023-06-22 07:05:00+00:00,2023-06-22 07:20:00+00:00,long,30178.45,30111.99,SL,-1.0021,99.2033,1.0
2023-06-22 07:50:00+00:00,2023-06-22 10:25:00+00:00,long,30104.73,30236.01,TP,1.9841,101.1874,1.0
2023-06-22 12:10:00+00:00,2023-06-22 13:20:00+00:00,long,30074.06,30317.99,TP,2.0237,103.2111,1.0
2023-06-22 19:40:00+00:00,2023-06-22 20:25:00+00:00,long,30175.74,30097.42,SL,-1.0321,102.179,1.0
2023-06-22 23:55:00+00:00,2023-06-23 00:10:00+00:00,short,29884.92,29996.81,SL,-1.0218,101.1572,1.0
2023-06-23 01:45:00+00:00,2023-06-23 02:05:00+00:00,short,29987.01,29853.85,TP,2.0231,103.1804,1.0
2023-06-23 04:50:00+00:00,2023-06-23 09:50:00+00:00,short,30011.43,30156.12,SL,-1.0318,102.1486,1.0
2023-06-23 11:55:00+00:00,2023-06-23 12:30:00+00:00,long,30140.87,30054.95,SL,-1.0215,101.1271,1.0
2023-06-23 13:05:00+00:00,2023-06-23 13:20:00+00:00,long,30154.38,30092.02,SL,-1.0113,100.1158,1.0
2023-06-23 14:15:00+00:00,2023-06-23 14:55:00+00:00,long,30158.0,30282.04,TP,2.0023,102.1181,1.0
2023-06-23 20:05:00+00:00,2023-06-23 21:30:00+00:00,long,30860.0,30749.85,SL,-1.0212,101.097,1.0
2023-06-23 22:45:00+00:00,2023-06-23 23:25:00+00:00,long,30643.67,30578.84,SL,-1.011,100.086,1.0
2023-06-24 00:35:00+00:00,2023-06-24 01:55:00+00:00,short,30533.42,30605.3,SL,-1.0009,99.0851,1.0
2023-06-24 05:20:00+00:00,2023-06-24 06:05:00+00:00,long,30756.07,30691.62,SL,-0.9909,98.0943,1.0
2023-06-24 06:50:00+00:00,2023-06-24 07:30:00+00:00,long,30718.55,30656.65,SL,-0.9809,97.1133,1.0
2023-06-24 08:30:00+00:00,2023-06-24 10:15:00+00:00,short,30591.49,30675.19,SL,-0.9711,96.1422,1.0
2023-06-24 12:20:00+00:00,2023-06-24 13:05:00+00:00,long,30756.02,30664.95,SL,-0.9614,95.1808,1.0
2023-06-24 14:30:00+00:00,2023-06-24 15:10:00+00:00,long,30679.59,30608.11,SL,-0.9518,94.229,1.0
2023-06-24 23:45:00+00:00,2023-06-25 00:10:00+00:00,short,30491.93,30582.0,SL,-0.9423,93.2867,1.0
2023-06-25 00:25:00+00:00,2023-06-25 01:10:00+00:00,short,30472.5,30566.0,SL,-0.9329,92.3538,1.0
2023-06-25 03:10:00+00:00,2023-06-25 04:00:00+00:00,long,30686.48,30840.51,TP,1.8471,94.2009,1.0
2023-06-25 06:30:00+00:00,2023-06-25 06:40:00+00:00,long,30915.86,30851.89,SL,-0.942,93.2589,1.0
2023-06-25 08:10:00+00:00,2023-06-25 08:40:00+00:00,long,30747.98,30684.95,SL,-0.9326,92.3263,1.0
2023-06-25 08:50:00+00:00,2023-06-25 09:20:00+00:00,long,30757.75,30615.01,SL,-0.9233,91.403,1.0
2023-06-25 09:45:00+00:00,2023-06-25 10:15:00+00:00,long,30700.75,30614.61,SL,-0.914,90.489,1.0
2023-06-25 12:45:00+00:00,2023-06-25 14:00:00+00:00,short,30655.14,30726.29,SL,-0.9049,89.5841,1.0
2023-06-25 14:45:00+00:00,2023-06-25 18:00:00+00:00,short,30599.11,30462.56,TP,1.7917,91.3758,1.0
2023-06-25 19:35:00+00:00,2023-06-25 19:55:00+00:00,short,30367.69,30429.78,SL,-0.9138,90.462,1.0
2023-06-25 20:50:00+00:00,2023-06-25 21:00:00+00:00,short,30319.68,30388.77,SL,-0.9046,89.5574,1.0
2023-06-25 23:00:00+00:00,2023-06-26 01:00:00+00:00,short,30489.56,30317.98,TP,1.7911,91.3486,1.0
2023-06-26 04:25:00+00:00,2023-06-26 06:25:00+00:00,short,30228.0,30291.48,SL,-0.9135,90.4351,1.0
2023-06-26 07:30:00+00:00,2023-06-26 07:50:00+00:00,short,30349.39,30411.17,SL,-0.9044,89.5307,1.0
2023-06-26 12:20:00+00:00,2023-06-26 12:40:00+00:00,short,30298.79,30383.01,SL,-0.8953,88.6354,1.0
2023-06-26 15:45:00+00:00,2023-06-26 16:20:00+00:00,long,30441.34,30365.99,SL,-0.8864,87.7491,1.0
2023-06-26 20:30:00+00:00,2023-06-26 23:45:00+00:00,short,30199.36,30285.8,SL,-0.8775,86.8716,1.0
2023-06-27 00:30:00+00:00,2023-06-27 00:35:00+00:00,short,30250.66,30363.97,SL,-0.8687,86.0029,1.0
2023-06-27 01:50:00+00:00,2023-06-27 05:00:00+00:00,long,30384.95,30323.69,SL,-0.86,85.1428,1.0
2023-06-27 06:20:00+00:00,2023-06-27 06:55:00+00:00,short,30252.62,30320.14,SL,-0.8514,84.2914,1.0
2023-06-27 10:00:00+00:00,2023-06-27 10:05:00+00:00,long,30447.37,30571.71,TP,1.6858,85.9772,1.0
2023-06-27 11:50:00+00:00,2023-06-27 12:00:00+00:00,long,30726.87,30665.2,SL,-0.8598,85.1174,1.0
2023-06-27 14:00:00+00:00,2023-06-27 14:10:00+00:00,long,30849.84,30752.01,SL,-0.8512,84.2663,1.0
2023-06-27 16:30:00+00:00,2023-06-27 20:35:00+00:00,long,30637.38,30564.71,SL,-0.8427,83.4236,1.0
2023-06-27 21:00:00+00:00,2023-06-28 00:15:00+00:00,long,30633.94,30516.81,SL,-0.8342,82.5894,1.0
2023-06-28 00:55:00+00:00,2023-06-28 01:30:00+00:00,long,30614.0,30546.93,SL,-0.8259,81.7635,1.0
2023-06-28 02:50:00+00:00,2023-06-28 07:30:00+00:00,short,30422.41,30235.45,TP,1.6353,83.3988,1.0
2023-06-28 11:55:00+00:00,2023-06-28 12:35:00+00:00,short,30310.73,30154.02,TP,1.668,85.0667,1.0
2023-06-28 19:25:00+00:00,2023-06-28 19:55:00+00:00,short,30028.89,30100.0,SL,-0.8507,84.2161,1.0
2023-06-28 22:40:00+00:00,2023-06-29 01:15:00+00:00,short,30114.12,30200.0,SL,-0.8422,83.3739,1.0
2023-06-29 02:05:00+00:00,2023-06-29 05:05:00+00:00,short,30166.67,30246.0,SL,-0.8337,82.5402,1.0
2023-06-29 06:40:00+00:00,2023-06-29 07:10:00+00:00,long,30234.13,30406.57,TP,1.6508,84.191,1.0
2023-06-29 09:50:00+00:00,2023-06-29 10:20:00+00:00,long,30460.01,30601.99,TP,1.6838,85.8748,1.0
2023-06-29 13:10:00+00:00,2023-06-29 13:40:00+00:00,long,30741.61,30680.01,SL,-0.8587,85.016,1.0
2023-06-29 15:25:00+00:00,2023-06-29 17:00:00+00:00,long,30528.77,30452.67,SL,-0.8502,84.1659,1.0
2023-06-29 17:05:00+00:00,2023-06-29 17:10:00+00:00,long,30570.01,30451.99,SL,-0.8417,83.3242,1.0
2023-06-29 18:20:00+00:00,2023-06-29 19:15:00+00:00,long,30575.14,30506.62,SL,-0.8332,82.491,1.0
2023-06-29 19:55:00+00:00,2023-06-29 20:10:00+00:00,long,30584.99,30494.61,SL,-0.8249,81.6661,1.0
2023-06-29 23:00:00+00:00,2023-06-29 23:25:00+00:00,short,30401.99,30482.19,SL,-0.8167,80.8494,1.0
2023-06-30 00:10:00+00:00,2023-06-30 00:25:00+00:00,short,30421.54,30485.28,SL,-0.8085,80.0409,1.0
2023-06-30 00:50:00+00:00,2023-06-30 02:10:00+00:00,short,30451.99,30539.07,SL,-0.8004,79.2405,1.0
2023-06-30 04:35:00+00:00,2023-06-30 04:40:00+00:00,long,30962.05,31164.7,TP,1.5848,80.8253,1.0
2023-06-30 07:05:00+00:00,2023-06-30 07:25:00+00:00,long,30740.3,30676.0,SL,-0.8083,80.0171,1.0
2023-06-30 10:15:00+00:00,2023-06-30 10:25:00+00:00,long,30864.74,30787.99,SL,-0.8002,79.2169,1.0
2023-06-30 10:55:00+00:00,2023-06-30 12:00:00+00:00,long,30811.52,30960.01,TP,1.5843,80.8012,1.0
2023-06-30 17:55:00+00:00,2023-06-30 18:40:00+00:00,short,30455.8,30329.82,TP,1.616,82.4172,1.0
2023-06-30 19:55:00+00:00,2023-06-30 20:25:00+00:00,short,30372.36,30491.74,SL,-0.8242,81.5931,1.0
2023-06-30 20:50:00+00:00,2023-06-30 21:35:00+00:00,short,30398.96,30460.95,SL,-0.8159,80.7771,1.0
2023-06-30 22:45:00+00:00,2023-07-01 04:20:00+00:00,short,30481.39,30346.95,TP,1.6155,82.3927,1.0
2023-07-01 06:30:00+00:00,2023-07-01 08:00:00+00:00,short,30404.17,30466.22,SL,-0.8239,81.5688,1.0
2023-07-01 08:20:00+00:00,2023-07-01 11:40:00+00:00,short,30448.56,30545.25,SL,-0.8157,80.7531,1.0
2023-07-01 14:45:00+00:00,2023-07-02 02:15:00+00:00,long,30593.17,30518.73,SL,-0.8075,79.9455,1.0
2023-07-02 02:30:00+00:00,2023-07-02 03:00:00+00:00,long,30588.14,30523.24,SL,-0.7995,79.1461,1.0
2023-07-02 05:30:00+00:00,2023-07-02 12:00:00+00:00,short,30494.19,30574.74,SL,-0.7915,78.3546,1.0
2023-07-02 12:40:00+00:00,2023-07-02 15:20:00+00:00,long,30556.9,30283.5,SL,-0.7835,77.5711,1.0
2023-07-02 16:10:00+00:00,2023-07-02 17:55:00+00:00,long,30552.01,30441.2,SL,-0.7757,76.7954,1.0
2023-07-02 21:25:00+00:00,2023-07-02 22:30:00+00:00,long,30600.76,30763.34,TP,1.5359,78.3313,1.0
2023-07-03 00:00:00+00:00,2023-07-03 02:25:00+00:00,long,30625.23,30754.99,TP,1.5666,79.8979,1.0
2023-07-03 06:50:00+00:00,2023-07-03 10:00:00+00:00,long,30650.12,30583.01,SL,-0.799,79.0989,1.0
2023-07-03 11:45:00+00:00,2023-07-03 14:30:00+00:00,short,30641.26,30708.01,SL,-0.791,78.3079,1.0
2023-07-03 18:40:00+00:00,2023-07-03 19:25:00+00:00,long,31110.0,31326.0,TP,1.5662,79.8741,1.0
2023-07-03 22:10:00+00:00,2023-07-04 01:25:00+00:00,long,31070.0,31204.26,TP,1.5975,81.4716,1.0
2023-07-04 05:25:00+00:00,2023-07-04 05:55:00+00:00,long,31056.01,30972.7,SL,-0.8147,80.6569,1.0
2023-07-04 07:45:00+00:00,2023-07-04 09:10:00+00:00,short,30934.21,31002.5,SL,-0.8066,79.8503,1.0
2023-07-04 10:30:00+00:00,2023-07-04 10:40:00+00:00,short,30967.55,31034.0,SL,-0.7985,79.0518,1.0
2023-07-04 10:45:00+00:00,2023-07-04 14:00:00+00:00,long,31050.34,30977.99,SL,-0.7905,78.2613,1.0
2023-07-04 14:30:00+00:00,2023-07-04 14:40:00+00:00,long,31045.99,30981.78,SL,-0.7826,77.4787,1.0
2023-07-04 16:50:00+00:00,2023-07-04 19:10:00+00:00,short,30953.13,30786.01,TP,1.5496,79.0282,1.0
2023-07-04 22:30:00+00:00,2023-07-04 23:05:00+00:00,short,30777.53,30843.73,SL,-0.7903,78.2379,1.0
2023-07-04 23:45:00+00:00,2023-07-05 02:30:00+00:00,short,30789.81,30860.0,SL,-0.7824,77.4556,1.0
2023-07-05 02:55:00+00:00,2023-07-05 08:15:00+00:00,short,30837.99,30703.98,TP,1.5491,79.0047,1.0
2023-07-05 09:25:00+00:00,2023-07-05 10:30:00+00:00,short,30737.87,30610.68,TP,1.5801,80.5848,1.0
2023-07-05 13:00:00+00:00,2023-07-05 13:40:00+00:00,short,30288.9,30374.34,SL,-0.8058,79.7789,1.0
2023-07-05 15:10:00+00:00,2023-07-05 16:15:00+00:00,short,30340.01,30426.85,SL,-0.7978,78.9811,1.0
2023-07-05 17:55:00+00:00,2023-07-05 23:00:00+00:00,short,30523.21,30392.01,TP,1.5796,80.5608,1.0
2023-07-06 00:10:00+00:00,2023-07-06 00:20:00+00:00,short,30452.92,30523.26,SL,-0.8056,79.7552,1.0
2023-07-06 00:30:00+00:00,2023-07-06 02:05:00+00:00,short,30440.45,30518.83,SL,-0.7976,78.9576,1.0
2023-07-06 02:55:00+00:00,2023-07-06 05:35:00+00:00,short,30471.65,30573.88,SL,-0.7896,78.168,1.0
2023-07-06 08:35:00+00:00,2023-07-06 08:45:00+00:00,long,30941.79,31234.55,TP,1.5634,79.7314,1.0
2023-07-06 13:50:00+00:00,2023-07-06 14:05:00+00:00,short,30405.53,30245.96,TP,1.5946,81.326,1.0
2023-07-06 16:40:00+00:00,2023-07-06 17:00:00+00:00,short,30257.14,30330.8,SL,-0.8133,80.5128,1.0
2023-07-06 18:40:00+00:00,2023-07-06 18:55:00+00:00,short,30223.3,30378.01,SL,-0.8051,79.7076,1.0
2023-07-06 19:35:00+00:00,2023-07-06 21:05:00+00:00,short,30268.79,30345.18,SL,-0.7971,78.9105,1.0
2023-07-06 21:20:00+00:00,2023-07-06 23:00:00+00:00,short,30215.2,30078.62,TP,1.5782,80.4888,1.0
2023-07-07 03:00:00+00:00,2023-07-07 03:20:00+00:00,short,30079.64,30142.7,SL,-0.8049,79.6839,1.0
2023-07-07 03:25:00+00:00,2023-07-07 04:00:00+00:00,short,30101.7,30166.4,SL,-0.7968,78.887,1.0
2023-07-07 04:15:00+00:00,2023-07-07 05:20:00+00:00,short,30113.75,30218.39,SL,-0.7889,78.0982,1.0
2023-07-07 06:15:00+00:00,2023-07-07 07:30:00+00:00,short,30199.96,30074.25,TP,1.562,79.6601,1.0
2023-07-07 10:15:00+00:00,2023-07-07 11:25:00+00:00,short,30109.83,30171.49,SL,-0.7966,78.8635,1.0
2023-07-07 11:45:00+00:00,2023-07-07 12:30:00+00:00,short,30126.13,30312.17,SL,-0.7886,78.0749,1.0
2023-07-07 13:05:00+00:00,2023-07-07 13:10:00+00:00,short,30156.8,30223.86,SL,-0.7807,77.2941,1.0
2023-07-07 14:55:00+00:00,2023-07-07 15:05:00+00:00,long,30411.49,30349.5,SL,-0.7729,76.5212,1.0
2023-07-07 16:10:00+00:00,2023-07-07 16:20:00+00:00,long,30410.88,30328.62,SL,-0.7652,75.756,1.0
2023-07-07 22:15:00+00:00,2023-07-08 01:05:00+00:00,long,30328.82,30260.32,SL,-0.7576,74.9984,1.0
2023-07-08 01:45:00+00:00,2023-07-08 05:00:00+00:00,long,30290.7,30222.7,SL,-0.75,74.2484,1.0
2023-07-08 06:20:00+00:00,2023-07-08 08:15:00+00:00,short,30167.19,30272.75,SL,-0.7425,73.506,1.0
2023-07-08 09:20:00+00:00,2023-07-08 19:20:00+00:00,short,30252.1,30079.99,TP,1.4701,74.9761,1.0
2023-07-08 22:25:00+00:00,2023-07-08 23:00:00+00:00,short,30166.02,30244.98,SL,-0.7498,74.2263,1.0
2023-07-08 23:50:00+00:00,2023-07-09 01:10:00+00:00,long,30266.68,30388.0,TP,1.4845,75.7108,1.0
2023-07-09 03:35:00+00:00,2023-07-09 06:00:00+00:00,long,30315.95,30253.99,SL,-0.7571,74.9537,1.0
2023-07-09 06:40:00+00:00,2023-07-09 20:30:00+00:00,long,30262.33,30173.41,SL,-0.7495,74.2042,1.0
2023-07-09 21:50:00+00:00,2023-07-10 00:20:00+00:00,short,30142.01,30017.18,TP,1.4841,75.6883,1.0
2023-07-10 00:45:00+00:00,2023-07-10 01:30:00+00:00,short,30056.51,30136.53,SL,-0.7569,74.9314,1.0
2023-07-10 01:55:00+00:00,2023-07-10 02:35:00+00:00,short,30048.8,30110.68,SL,-0.7493,74.1821,1.0
2023-07-10 03:40:00+00:00,2023-07-10 10:45:00+00:00,short,30167.51,30229.98,SL,-0.7418,73.4403,1.0
2023-07-10 11:55:00+00:00,2023-07-10 12:40:00+00:00,long,30240.0,30171.64,SL,-0.7344,72.7059,1.0
2023-07-10 13:35:00+00:00,2023-07-10 13:55:00+00:00,long,30275.99,30209.7,SL,-0.7271,71.9788,1.0
2023-07-10 14:50:00+00:00,2023-07-10 18:40:00+00:00,long,30297.99,30441.68,TP,1.4396,73.4184,1.0
2023-07-10 23:00:00+00:00,2023-07-11 01:30:00+00:00,long,30390.62,30513.25,TP,1.4684,74.8867,1.0
2023-07-11 04:00:00+00:00,2023-07-11 05:00:00+00:00,long,30497.46,30434.64,SL,-0.7489,74.1379,1.0
2023-07-11 05:30:00+00:00,2023-07-11 06:45:00+00:00,long,30454.08,30582.16,TP,1.4828,75.6206,1.0
2023-07-11 12:10:00+00:00,2023-07-11 13:30:00+00:00,short,30381.08,30472.79,SL,-0.7562,74.8644,1.0
2023-07-11 14:05:00+00:00,2023-07-11 14:20:00+00:00,short,30402.67,30469.79,SL,-0.7486,74.1158,1.0
2023-07-11 16:50:00+00:00,2023-07-11 17:00:00+00:00,long,30679.99,30609.59,SL,-0.7412,73.3746,1.0
2023-07-11 17:25:00+00:00,2023-07-11 17:50:00+00:00,long,30649.08,30550.01,SL,-0.7337,72.6409,1.0
2023-07-11 19:15:00+00:00,2023-07-11 23:25:00+00:00,long,30518.08,30643.77,TP,1.4528,74.0937,1.0
2023-07-12 01:45:00+00:00,2023-07-12 06:05:00+00:00,long,30546.27,30680.01,TP,1.4819,75.5756,1.0
2023-07-12 06:25:00+00:00,2023-07-12 08:40:00+00:00,long,30741.29,30679.67,SL,-0.7558,74.8198,1.0
2023-07-12 09:45:00+00:00,2023-07-12 10:50:00+00:00,long,30730.99,30660.1,SL,-0.7482,74.0716,1.0
2023-07-12 11:15:00+00:00,2023-07-12 12:35:00+00:00,long,30699.99,30842.0,TP,1.4814,75.5531,1.0
2023-07-12 13:10:00+00:00,2023-07-12 13:25:00+00:00,long,30838.22,30658.0,SL,-0.7555,74.7975,1.0
2023-07-12 14:05:00+00:00,2023-07-12 15:15:00+00:00,long,30776.28,30707.49,SL,-0.748,74.0495,1.0
2023-07-12 19:20:00+00:00,2023-07-12 23:15:00+00:00,short,30316.79,30379.22,SL,-0.7405,73.3091,1.0
2023-07-13 00:30:00+00:00,2023-07-13 09:00:00+00:00,short,30382.0,30459.47,SL,-0.7331,72.576,1.0
2023-07-13 10:40:00+00:00,2023-07-13 11:05:00+00:00,long,30632.34,30559.58,SL,-0.7258,71.8502,1.0
2023-07-13 13:10:00+00:00,2023-07-13 15:25:00+00:00,long,30561.02,30817.0,TP,1.437,73.2872,1.0
2023-07-13 17:35:00+00:00,2023-07-13 18:05:00+00:00,long,31074.6,31278.52,TP,1.4657,74.753,1.0
2023-07-13 19:15:00+00:00,2023-07-13 19:25:00+00:00,long,31379.07,31670.0,TP,1.4951,76.248,1.0
2023-07-13 22:00:00+00:00,2023-07-13 23:40:00+00:00,long,31279.13,31479.7,TP,1.525,77.773,1.0
2023-07-14 00:35:00+00:00,2023-07-14 00:50:00+00:00,long,31492.03,31393.42,SL,-0.7777,76.9952,1.0
2023-07-14 02:10:00+00:00,2023-07-14 05:00:00+00:00,long,31451.27,31372.0,SL,-0.77,76.2253,1.0
2023-07-14 06:10:00+00:00,2023-07-14 06:45:00+00:00,long,31378.52,31315.61,SL,-0.7623,75.463,1.0
2023-07-14 08:10:00+00:00,2023-07-14 09:20:00+00:00,long,31226.45,31160.0,SL,-0.7546,74.7084,1.0
2023-07-14 09:30:00+00:00,2023-07-14 09:45:00+00:00,short,31152.39,31215.99,SL,-0.7471,73.9613,1.0
2023-07-14 10:10:00+00:00,2023-07-14 11:25:00+00:00,short,31162.82,31225.41,SL,-0.7396,73.2217,1.0
2023-07-14 12:30:00+00:00,2023-07-14 13:50:00+00:00,short,31180.54,31268.01,SL,-0.7322,72.4895,1.0
2023-07-15 00:10:00+00:00,2023-07-15 00:55:00+00:00,short,30267.63,30328.76,SL,-0.7249,71.7646,1.0
2023-07-15 02:00:00+00:00,2023-07-16 02:15:00+00:00,short,30332.28,30190.01,TP,1.4353,73.1999,1.0
2023-07-16 03:25:00+00:00,2023-07-16 06:35:00+00:00,short,30198.89,30266.76,SL,-0.732,72.4679,1.0
2023-07-16 07:30:00+00:00,2023-07-16 14:20:00+00:00,short,30273.64,30364.0,SL,-0.7247,71.7432,1.0
2023-07-16 17:15:00+00:00,2023-07-16 18:25:00+00:00,long,30390.18,30325.99,SL,-0.7174,71.0258,1.0
2023-07-17 00:45:00+00:00,2023-07-17 01:30:00+00:00,short,30221.47,30300.0,SL,-0.7103,70.3155,1.0
2023-07-17 02:35:00+00:00,2023-07-17 10:15:00+00:00,short,30279.99,30141.47,TP,1.4063,71.7218,1.0
2023-07-17 12:00:00+00:00,2023-07-17 13:20:00+00:00,short,30145.99,30246.0,SL,-0.7172,71.0046,1.0
2023-07-17 16:10:00+00:00,2023-07-17 16:30:00+00:00,long,30241.03,30129.99,SL,-0.71,70.2946,1.0
2023-07-17 17:45:00+00:00,2023-07-17 18:30:00+00:00,short,30032.99,29818.0,TP,1.4059,71.7005,1.0
2023-07-18 00:35:00+00:00,2023-07-18 02:35:00+00:00,long,30178.32,30113.75,SL,-0.717,70.9835,1.0
2023-07-18 05:35:00+00:00,2023-07-18 08:00:00+00:00,short,30052.89,29924.77,TP,1.4197,72.4031,1.0
2023-07-18 09:15:00+00:00,2023-07-18 11:20:00+00:00,short,29980.01,30046.68,SL,-0.724,71.6791,1.0
2023-07-18 11:45:00+00:00,2023-07-18 12:10:00+00:00,short,29980.0,29859.99,TP,1.4336,73.1127,1.0
2023-07-18 15:15:00+00:00,2023-07-18 16:45:00+00:00,short,29898.0,29704.7,TP,1.4623,74.5749,1.0
2023-07-18 19:20:00+00:00,2023-07-18 19:45:00+00:00,short,29854.88,29729.51,TP,1.4915,76.0664,1.0
2023-07-18 22:15:00+00:00,2023-07-18 23:25:00+00:00,short,29774.88,29836.34,SL,-0.7607,75.3058,1.0
2023-07-19 03:10:00+00:00,2023-07-19 07:40:00+00:00,long,30070.04,29992.7,SL,-0.7531,74.5527,1.0
2023-07-19 08:25:00+00:00,2023-07-19 08:45:00+00:00,long,30007.57,29913.69,SL,-0.7455,73.8072,1.0
2023-07-19 09:15:00+00:00,2023-07-19 12:35:00+00:00,long,29984.01,29922.0,SL,-0.7381,73.0691,1.0
2023-07-19 14:10:00+00:00,2023-07-19 15:50:00+00:00,short,29893.71,29980.01,SL,-0.7307,72.3384,1.0
2023-07-19 16:35:00+00:00,2023-07-19 17:10:00+00:00,short,29900.01,29997.66,SL,-0.7234,71.615,1.0
2023-07-19 18:25:00+00:00,2023-07-19 21:00:00+00:00,long,30018.69,29921.56,SL,-0.7161,70.8989,1.0
2023-07-19 22:35:00+00:00,2023-07-20 00:30:00+00:00,short,29881.98,29950.68,SL,-0.709,70.1899,1.0
2023-07-20 01:40:00+00:00,2023-07-20 03:25:00+00:00,long,30017.21,29927.12,SL,-0.7019,69.488,1.0
2023-07-20 04:15:00+00:00,2023-07-20 05:35:00+00:00,long,29969.51,30097.08,TP,1.3898,70.8778,1.0
2023-07-20 07:25:00+00:00,2023-07-20 09:30:00+00:00,long,30209.1,30334.0,TP,1.4176,72.2953,1.0
2023-07-20 10:35:00+00:00,2023-07-20 10:50:00+00:00,long,30402.41,30288.3,SL,-0.723,71.5724,1.0
2023-07-20 13:30:00+00:00,2023-07-20 14:05:00+00:00,long,30258.29,30191.96,SL,-0.7157,70.8566,1.0
2023-07-20 18:25:00+00:00,2023-07-20 18:30:00+00:00,short,29599.46,29722.35,SL,-0.7086,70.1481,1.0
2023-07-20 20:20:00+00:00,2023-07-20 21:00:00+00:00,short,29687.23,29747.99,SL,-0.7015,69.4466,1.0
2023-07-20 22:20:00+00:00,2023-07-21 02:10:00+00:00,short,29829.05,29901.99,SL,-0.6945,68.7521,1.0
2023-07-21 03:10:00+00:00,2023-07-21 04:15:00+00:00,long,29926.01,29864.99,SL,-0.6875,68.0646,1.0
2023-07-21 07:20:00+00:00,2023-07-21 13:05:00+00:00,short,29815.24,29888.94,SL,-0.6806,67.384,1.0
2023-07-21 14:45:00+00:00,2023-07-21 18:00:00+00:00,long,29864.98,29990.0,TP,1.3477,68.7316,1.0
2023-07-21 20:30:00+00:00,2023-07-22 18:05:00+00:00,long,29879.8,29819.98,SL,-0.6873,68.0443,1.0
2023-07-22 19:00:00+00:00,2023-07-22 23:30:00+00:00,short,29805.01,29675.99,TP,1.3609,69.4052,1.0
2023-07-23 02:05:00+00:00,2023-07-23 02:25:00+00:00,short,29811.36,29880.04,SL,-0.6941,68.7111,1.0
2023-07-23 04:35:00+00:00,2023-07-23 17:50:00+00:00,long,29879.87,30004.66,TP,1.3742,70.0854,1.0
2023-07-23 22:20:00+00:00,2023-07-24 01:20:00+00:00,long,30019.91,29942.01,SL,-0.7009,69.3845,1.0
2023-07-24 03:05:00+00:00,2023-07-24 04:20:00+00:00,short,29717.28,29783.82,SL,-0.6938,68.6907,1.0
2023-07-24 06:10:00+00:00,2023-07-24 07:40:00+00:00,short,29775.99,29846.55,SL,-0.6869,68.0038,1.0
2023-07-24 08:15:00+00:00,2023-07-24 09:45:00+00:00,short,29796.89,29615.0,TP,1.3601,69.3638,1.0
2023-07-24 14:00:00+00:00,2023-07-24 15:05:00+00:00,short,29130.52,28948.0,TP,1.3873,70.7511,1.0
2023-07-24 17:30:00+00:00,2023-07-24 18:45:00+00:00,short,29049.99,29126.92,SL,-0.7075,70.0436,1.0
2023-07-24 19:50:00+00:00,2023-07-24 21:20:00+00:00,short,29106.0,29168.0,SL,-0.7004,69.3432,1.0
2023-07-24 22:20:00+00:00,2023-07-25 09:35:00+00:00,short,29161.71,29276.0,SL,-0.6934,68.6497,1.0
2023-07-25 09:55:00+00:00,2023-07-25 13:30:00+00:00,short,29167.31,29247.82,SL,-0.6865,67.9632,1.0
2023-07-25 16:10:00+00:00,2023-07-26 00:20:00+00:00,long,29249.84,29179.22,SL,-0.6796,67.2836,1.0
2023-07-26 05:25:00+00:00,2023-07-26 09:40:00+00:00,long,29228.55,29170.0,SL,-0.6728,66.6108,1.0
2023-07-26 11:45:00+00:00,2023-07-26 12:25:00+00:00,short,29175.55,29237.68,SL,-0.6661,65.9447,1.0
2023-07-26 15:15:00+00:00,2023-07-26 19:05:00+00:00,long,29299.99,29238.28,SL,-0.6594,65.2852,1.0
2023-07-26 19:35:00+00:00,2023-07-26 20:15:00+00:00,long,29370.19,29512.46,TP,1.3057,66.5909,1.0
2023-07-27 02:40:00+00:00,2023-07-27 09:20:00+00:00,long,29376.05,29517.5,TP,1.3318,67.9227,1.0
2023-07-27 11:40:00+00:00,2023-07-27 12:40:00+00:00,long,29524.37,29461.02,SL,-0.6792,67.2435,1.0
2023-07-27 13:30:00+00:00,2023-07-27 14:00:00+00:00,long,29502.5,29417.85,SL,-0.6724,66.5711,1.0
2023-07-27 17:15:00+00:00,2023-07-27 18:35:00+00:00,short,29240.83,29099.99,TP,1.3314,67.9025,1.0
2023-07-27 22:45:00+00:00,2023-07-28 00:45:00+00:00,short,29216.53,29275.24,SL,-0.679,67.2235,1.0
2023-07-28 01:40:00+00:00,2023-07-28 07:45:00+00:00,short,29273.21,29140.16,TP,1.3445,68.5679,1.0
2023-07-28 09:05:00+00:00,2023-07-28 09:45:00+00:00,short,29126.1,29197.48,SL,-0.6857,67.8823,1.0
2023-07-28 11:15:00+00:00,2023-07-28 12:25:00+00:00,short,29214.55,29284.92,SL,-0.6788,67.2034,1.0
2023-07-28 14:10:00+00:00,2023-07-28 14:30:00+00:00,long,29353.41,29471.35,TP,1.3441,68.5475,1.0
2023-07-28 20:05:00+00:00,2023-07-28 21:10:00+00:00,short,29284.69,29346.0,SL,-0.6855,67.862,1.0
2023-07-28 23:15:00+00:00,2023-07-30 15:00:00+00:00,long,29302.01,29442.03,TP,1.3572,69.2193,1.0
2023-07-30 17:35:00+00:00,2023-07-30 19:45:00+00:00,long,29396.49,29265.16,SL,-0.6922,68.5271,1.0
2023-07-30 22:25:00+00:00,2023-07-30 23:10:00+00:00,short,29160.88,29230.0,SL,-0.6853,67.8418,1.0
2023-07-31 05:20:00+00:00,2023-07-31 09:30:00+00:00,long,29408.9,29349.53,SL,-0.6784,67.1634,1.0
2023-07-31 09:55:00+00:00,2023-07-31 14:30:00+00:00,long,29383.96,29302.93,SL,-0.6716,66.4918,1.0
2023-07-31 15:30:00+00:00,2023-07-31 19:55:00+00:00,short,29292.81,29157.48,TP,1.3298,67.8216,1.0
2023-07-31 20:00:00+00:00,2023-07-31 20:05:00+00:00,short,29132.01,29205.65,SL,-0.6782,67.1434,1.0
2023-07-31 20:45:00+00:00,2023-07-31 21:20:00+00:00,short,29175.01,29257.98,SL,-0.6714,66.4719,1.0
2023-07-31 22:05:00+00:00,2023-08-01 00:45:00+00:00,short,29216.48,29279.0,SL,-0.6647,65.8072,1.0
2023-08-01 01:30:00+00:00,2023-08-01 02:05:00+00:00,short,29230.68,29042.0,TP,1.3161,67.1234,1.0
2023-08-01 07:00:00+00:00,2023-08-01 08:55:00+00:00,short,28922.6,28994.91,SL,-0.6712,66.4521,1.0
2023-08-01 09:20:00+00:00,2023-08-01 12:20:00+00:00,short,28953.89,28832.95,TP,1.329,67.7812,1.0
2023-08-01 14:10:00+00:00,2023-08-01 15:40:00+00:00,short,28833.1,28902.44,SL,-0.6778,67.1034,1.0
2023-08-01 16:35:00+00:00,2023-08-01 16:50:00+00:00,short,28866.14,28926.65,SL,-0.671,66.4323,1.0
2023-08-01 17:05:00+00:00,2023-08-01 18:20:00+00:00,long,28978.99,29120.63,TP,1.3286,67.761,1.0
2023-08-01 22:50:00+00:00,2023-08-01 23:05:00+00:00,long,29243.52,29362.65,TP,1.3552,69.1162,1.0
2023-08-02 01:05:00+00:00,2023-08-02 02:00:00+00:00,long,29890.1,29797.69,SL,-0.6912,68.425,1.0
2023-08-02 04:30:00+00:00,2023-08-02 04:50:00+00:00,long,29713.42,29647.78,SL,-0.6843,67.7408,1.0
2023-08-02 07:10:00+00:00,2023-08-02 07:55:00+00:00,long,29641.9,29577.26,SL,-0.6774,67.0634,1.0
2023-08-02 08:55:00+00:00,2023-08-02 09:40:00+00:00,long,29489.55,29425.99,SL,-0.6706,66.3927,1.0
2023-08-02 16:25:00+00:00,2023-08-02 16:40:00+00:00,short,29262.5,29322.5,SL,-0.6639,65.7288,1.0
2023-08-02 16:50:00+00:00,2023-08-02 17:15:00+00:00,short,29076.58,29198.99,SL,-0.6573,65.0715,1.0
2023-08-02 18:30:00+00:00,2023-08-02 18:55:00+00:00,short,29084.01,29148.1,SL,-0.6507,64.4208,1.0
2023-08-02 20:10:00+00:00,2023-08-02 22:05:00+00:00,short,29143.79,29204.87,SL,-0.6442,63.7766,1.0
2023-08-02 22:45:00+00:00,2023-08-03 01:45:00+00:00,short,29188.0,29268.92,SL,-0.6378,63.1388,1.0
2023-08-03 02:20:00+00:00,2023-08-03 06:50:00+00:00,short,29206.0,29066.01,TP,1.2628,64.4016,1.0
2023-08-03 11:00:00+00:00,2023-08-03 14:00:00+00:00,short,29165.16,29233.32,SL,-0.644,63.7576,1.0
2023-08-03 16:40:00+00:00,2023-08-03 17:40:00+00:00,long,29310.0,29250.66,SL,-0.6376,63.12,1.0
2023-08-03 18:45:00+00:00,2023-08-03 22:20:00+00:00,long,29245.21,29183.42,SL,-0.6312,62.4888,1.0
2023-08-03 22:55:00+00:00,2023-08-04 00:05:00+00:00,long,29235.25,29167.63,SL,-0.6249,61.8639,1.0
2023-08-04 02:05:00+00:00,2023-08-04 05:50:00+00:00,short,29176.39,29235.29,SL,-0.6186,61.2453,1.0
2023-08-04 07:55:00+00:00,2023-08-04 10:45:00+00:00,long,29212.92,29154.42,SL,-0.6125,60.6328,1.0
2023-08-04 14:00:00+00:00,2023-08-04 14:15:00+00:00,short,29171.48,29245.81,SL,-0.6063,60.0265,1.0
2023-08-04 14:50:00+00:00,2023-08-04 17:35:00+00:00,long,29285.07,29217.55,SL,-0.6003,59.4263,1.0
2023-08-04 20:45:00+00:00,2023-08-04 21:05:00+00:00,short,28938.01,29085.37,SL,-0.5943,58.832,1.0
2023-08-04 22:55:00+00:00,2023-08-04 23:40:00+00:00,short,29057.62,29117.71,SL,-0.5883,58.2437,1.0
2023-08-05 01:00:00+00:00,2023-08-05 12:40:00+00:00,short,29124.9,28996.42,TP,1.1649,59.4085,1.0
2023-08-05 15:15:00+00:00,2023-08-06 05:55:00+00:00,short,29035.71,29103.25,SL,-0.5941,58.8145,1.0
2023-08-06 07:10:00+00:00,2023-08-06 13:35:00+00:00,long,29076.64,29018.32,SL,-0.5881,58.2263,1.0
2023-08-06 13:55:00+00:00,2023-08-06 16:50:00+00:00,short,29016.01,29081.21,SL,-0.5823,57.6441,1.0
2023-08-06 20:50:00+00:00,2023-08-06 21:50:00+00:00,long,29146.01,29079.4,SL,-0.5764,57.0676,1.0
2023-08-07 04:25:00+00:00,2023-08-07 05:35:00+00:00,long,29197.82,29139.0,SL,-0.5707,56.4969,1.0
2023-08-07 09:05:00+00:00,2023-08-07 10:35:00+00:00,short,29050.27,29110.44,SL,-0.565,55.932,1.0
2023-08-07 12:50:00+00:00,2023-08-07 13:05:00+00:00,long,29118.0,29058.31,SL,-0.5593,55.3726,1.0
2023-08-07 13:15:00+00:00,2023-08-07 15:15:00+00:00,short,29054.52,28927.97,TP,1.1075,56.4801,1.0
2023-08-07 20:00:00+00:00,2023-08-08 05:40:00+00:00,long,29162.01,29291.0,TP,1.1296,57.6097,1.0
2023-08-08 08:25:00+00:00,2023-08-08 11:00:00+00:00,long,29204.0,29342.0,TP,1.1522,58.7619,1.0
2023-08-08 14:35:00+00:00,2023-08-08 16:10:00+00:00,long,29469.05,29602.29,TP,1.1752,59.9371,1.0
2023-08-08 18:10:00+00:00,2023-08-08 18:30:00+00:00,long,29894.47,29834.01,SL,-0.5994,59.3378,1.0
2023-08-08 20:20:00+00:00,2023-08-08 21:20:00+00:00,long,29964.35,30144.99,TP,1.1868,60.5245,1.0
2023-08-08 23:05:00+00:00,2023-08-09 02:25:00+00:00,long,29808.69,29712.0,SL,-0.6052,59.9193,1.0
2023-08-09 03:20:00+00:00,2023-08-09 06:20:00+00:00,long,29738.71,29678.44,SL,-0.5992,59.3201,1.0
2023-08-09 06:50:00+00:00,2023-08-09 11:00:00+00:00,long,29724.62,29894.04,TP,1.1864,60.5065,1.0
2023-08-09 11:45:00+00:00,2023-08-09 12:45:00+00:00,long,29866.09,29986.36,TP,1.2101,61.7166,1.0
2023-08-09 14:45:00+00:00,2023-08-09 14:50:00+00:00,long,29912.49,29792.0,SL,-0.6172,61.0994,1.0
2023-08-09 16:35:00+00:00,2023-08-09 16:45:00+00:00,short,29696.09,29547.88,TP,1.222,62.3214,1.0
2023-08-09 19:50:00+00:00,2023-08-09 21:25:00+00:00,short,29450.01,29530.0,SL,-0.6232,61.6982,1.0
2023-08-09 23:40:00+00:00,2023-08-10 09:30:00+00:00,short,29607.4,29484.91,TP,1.234,62.9322,1.0
2023-08-10 11:20:00+00:00,2023-08-10 12:30:00+00:00,short,29528.04,29594.05,SL,-0.6293,62.3029,1.0
2023-08-10 13:10:00+00:00,2023-08-10 13:30:00+00:00,short,29536.0,29613.38,SL,-0.623,61.6798,1.0
2023-08-10 15:50:00+00:00,2023-08-11 14:20:00+00:00,short,29462.89,29546.62,SL,-0.6168,61.063,1.0
2023-08-11 16:40:00+00:00,2023-08-11 16:50:00+00:00,short,29298.0,29368.15,SL,-0.6106,60.4524,1.0
2023-08-11 20:40:00+00:00,2023-08-12 16:15:00+00:00,short,29405.81,29465.0,SL,-0.6045,59.8479,1.0
2023-08-12 18:40:00+00:00,2023-08-13 05:15:00+00:00,long,29436.25,29376.0,SL,-0.5985,59.2494,1.0
2023-08-13 07:50:00+00:00,2023-08-13 19:45:00+00:00,short,29397.38,29466.48,SL,-0.5925,58.6569,1.0
2023-08-14 00:40:00+00:00,2023-08-14 02:40:00+00:00,short,29259.0,29353.56,SL,-0.5866,58.0703,1.0
2023-08-14 07:40:00+00:00,2023-08-14 12:20:00+00:00,long,29430.4,29365.01,SL,-0.5807,57.4896,1.0
2023-08-14 13:05:00+00:00,2023-08-14 14:05:00+00:00,short,29358.29,29422.0,SL,-0.5749,56.9147,1.0
2023-08-15 00:20:00+00:00,2023-08-15 01:35:00+00:00,long,29454.23,29385.58,SL,-0.5691,56.3456,1.0
2023-08-15 02:55:00+00:00,2023-08-15 08:30:00+00:00,short,29383.98,29443.1,SL,-0.5635,55.7821,1.0
2023-08-15 09:25:00+00:00,2023-08-15 11:30:00+00:00,long,29448.01,29370.0,SL,-0.5578,55.2243,1.0
2023-08-15 13:55:00+00:00,2023-08-15 14:30:00+00:00,short,29375.44,29445.51,SL,-0.5522,54.6721,1.0
2023-08-15 15:15:00+00:00,2023-08-15 19:05:00+00:00,short,29375.45,29115.3,TP,1.0934,55.7655,1.0
2023-08-15 22:35:00+00:00,2023-08-16 14:00:00+00:00,short,29200.36,29066.01,TP,1.1153,56.8808,1.0
2023-08-16 15:45:00+00:00,2023-08-16 16:10:00+00:00,short,29147.99,29023.9,TP,1.1376,58.0184,1.0
2023-08-16 23:05:00+00:00,2023-08-16 23:40:00+00:00,short,28871.3,28753.19,TP,1.1604,59.1788,1.0
2023-08-17 04:30:00+00:00,2023-08-17 06:40:00+00:00,short,28632.05,28696.01,SL,-0.5918,58.587,1.0
2023-08-17 07:05:00+00:00,2023-08-17 09:05:00+00:00,short,28658.82,28531.99,TP,1.1717,59.7588,1.0
2023-08-17 10:40:00+00:00,2023-08-17 13:40:00+00:00,short,28550.99,28426.0,TP,1.1952,60.9539,1.0
2023-08-17 15:35:00+00:00,2023-08-17 15:55:00+00:00,short,28067.0,27934.02,TP,1.2191,62.173,1.0
2023-08-17 18:35:00+00:00,2023-08-17 19:15:00+00:00,short,27893.63,27971.16,SL,-0.6217,61.5513,1.0
2023-08-17 20:10:00+00:00,2023-08-17 20:35:00+00:00,short,27875.77,27752.01,TP,1.231,62.7823,1.0
2023-08-17 21:35:00+00:00,2023-08-17 21:40:00+00:00,short,27578.74,25188.01,TP,1.2556,64.038,1.0
2023-08-18 01:10:00+00:00,2023-08-18 01:40:00+00:00,short,26590.17,26649.99,SL,-0.6404,63.3976,1.0
2023-08-18 02:40:00+00:00,2023-08-18 03:40:00+00:00,short,26518.47,26411.12,TP,1.268,64.6655,1.0
2023-08-18 04:15:00+00:00,2023-08-18 04:25:00+00:00,short,26343.95,26207.63,TP,1.2933,65.9588,1.0
2023-08-18 06:55:00+00:00,2023-08-18 08:55:00+00:00,short,26502.66,26591.69,SL,-0.6596,65.2992,1.0
2023-08-18 09:35:00+00:00,2023-08-18 11:25:00+00:00,short,26511.56,26401.06,TP,1.306,66.6052,1.0
2023-08-18 12:10:00+00:00,2023-08-18 13:05:00+00:00,short,26391.58,26284.0,TP,1.3321,67.9373,1.0
2023-08-18 14:05:00+00:00,2023-08-18 14:40:00+00:00,short,26202.02,26287.71,SL,-0.6794,67.258,1.0
2023-08-18 14:50:00+00:00,2023-08-18 15:00:00+00:00,short,26009.99,26139.15,SL,-0.6726,66.5854,1.0
2023-08-18 15:35:00+00:00,2023-08-18 16:55:00+00:00,short,26060.0,25904.91,TP,1.3317,67.9171,1.0
2023-08-18 19:15:00+00:00,2023-08-18 20:10:00+00:00,short,26053.99,26133.99,SL,-0.6792,67.2379,1.0
2023-08-18 20:55:00+00:00,2023-08-18 21:15:00+00:00,short,26083.78,26153.31,SL,-0.6724,66.5655,1.0
2023-08-18 23:10:00+00:00,2023-08-19 00:40:00+00:00,short,26051.91,26139.42,SL,-0.6657,65.8999,1.0
2023-08-19 01:20:00+00:00,2023-08-19 03:15:00+00:00,short,26042.73,25938.28,TP,1.318,67.2179,1.0
2023-08-19 05:25:00+00:00,2023-08-19 06:55:00+00:00,short,25949.14,25836.28,TP,1.3444,68.5622,1.0
2023-08-19 09:00:00+00:00,2023-08-19 13:25:00+00:00,short,25911.89,25966.0,SL,-0.6856,67.8766,1.0
2023-08-19 13:55:00+00:00,2023-08-19 14:15:00+00:00,short,25925.24,25988.0,SL,-0.6788,67.1979,1.0
2023-08-19 14:55:00+00:00,2023-08-19 15:05:00+00:00,short,25975.0,26041.38,SL,-0.672,66.5259,1.0
2023-08-19 16:55:00+00:00,2023-08-19 17:00:00+00:00,long,26253.3,26196.78,SL,-0.6653,65.8606,1.0
2023-08-19 18:40:00+00:00,2023-08-19 20:40:00+00:00,long,26128.87,26049.1,SL,-0.6586,65.202,1.0
2023-08-19 21:40:00+00:00,2023-08-20 13:00:00+00:00,long,26084.97,26198.99,TP,1.304,66.5061,1.0
2023-08-20 15:40:00+00:00,2023-08-20 17:35:00+00:00,short,26055.99,26116.76,SL,-0.6651,65.841,1.0
2023-08-20 20:00:00+00:00,2023-08-20 20:40:00+00:00,long,26153.63,26264.42,TP,1.3168,67.1578,1.0
2023-08-20 22:25:00+00:00,2023-08-20 23:10:00+00:00,long,26209.27,26152.0,SL,-0.6716,66.4862,1.0
2023-08-20 23:55:00+00:00,2023-08-21 00:10:00+00:00,long,26189.99,26133.37,SL,-0.6649,65.8214,1.0
2023-08-21 01:00:00+00:00,2023-08-21 02:30:00+00:00,long,26155.0,26086.1,SL,-0.6582,65.1632,1.0
2023-08-21 04:00:00+00:00,2023-08-21 05:25:00+00:00,short,26069.94,26137.91,SL,-0.6516,64.5115,1.0
2023-08-21 06:30:00+00:00,2023-08-21 10:05:00+00:00,short,26084.0,25973.99,TP,1.2902,65.8018,1.0
2023-08-21 12:50:00+00:00,2023-08-21 13:35:00+00:00,short,26018.0,26075.46,SL,-0.658,65.1437,1.0
2023-08-21 14:40:00+00:00,2023-08-21 15:05:00+00:00,long,26110.41,26046.58,SL,-0.6514,64.4923,1.0
2023-08-21 18:30:00+00:00,2023-08-21 19:40:00+00:00,short,26043.21,26118.0,SL,-0.6449,63.8474,1.0
2023-08-21 21:30:00+00:00,2023-08-21 22:55:00+00:00,long,26185.05,26132.0,SL,-0.6385,63.2089,1.0
2023-08-22 03:25:00+00:00,2023-08-22 07:05:00+00:00,short,26031.27,26084.17,SL,-0.6321,62.5768,1.0
2023-08-22 09:55:00+00:00,2023-08-22 12:40:00+00:00,short,26048.07,26100.22,SL,-0.6258,61.951,1.0
2023-08-22 13:00:00+00:00,2023-08-22 15:50:00+00:00,short,26049.28,25940.99,TP,1.239,63.1901,1.0
2023-08-22 17:30:00+00:00,2023-08-22 17:40:00+00:00,short,25906.07,25767.42,TP,1.2638,64.4539,1.0
2023-08-22 19:35:00+00:00,2023-08-22 21:25:00+00:00,short,25850.02,25635.01,TP,1.2891,65.7429,1.0
2023-08-23 04:30:00+00:00,2023-08-23 06:45:00+00:00,long,26024.74,26169.99,TP,1.3149,67.0578,1.0
2023-08-23 07:15:00+00:00,2023-08-23 07:30:00+00:00,long,26130.25,26064.01,SL,-0.6706,66.3872,1.0
2023-08-23 09:40:00+00:00,2023-08-23 10:25:00+00:00,long,26047.38,25984.06,SL,-0.6639,65.7234,1.0
2023-08-23 10:45:00+00:00,2023-08-23 11:00:00+00:00,long,26017.99,25951.59,SL,-0.6572,65.0661,1.0
2023-08-23 12:30:00+00:00,2023-08-23 13:50:00+00:00,short,25900.0,25986.02,SL,-0.6507,64.4155,1.0
2023-08-23 16:10:00+00:00,2023-08-23 16:15:00+00:00,long,26196.0,26320.0,TP,1.2883,65.7038,1.0
2023-08-23 19:40:00+00:00,2023-08-23 19:55:00+00:00,long,26696.03,26632.0,SL,-0.657,65.0467,1.0
2023-08-23 20:25:00+00:00,2023-08-23 20:45:00+00:00,long,26657.51,26584.04,SL,-0.6505,64.3963,1.0
2023-08-23 22:35:00+00:00,2023-08-24 01:40:00+00:00,long,26456.0,26375.44,SL,-0.644,63.7523,1.0
2023-08-24 02:25:00+00:00,2023-08-24 09:00:00+00:00,long,26397.2,26516.72,TP,1.275,65.0273,1.0
2023-08-24 10:35:00+00:00,2023-08-24 12:10:00+00:00,long,26454.77,26394.01,SL,-0.6503,64.3771,1.0
2023-08-24 15:55:00+00:00,2023-08-24 16:05:00+00:00,short,25996.34,26068.38,SL,-0.6438,63.7333,1.0
2023-08-24 17:30:00+00:00,2023-08-24 19:20:00+00:00,short,26024.01,26085.0,SL,-0.6373,63.096,1.0
2023-08-24 20:00:00+00:00,2023-08-24 20:10:00+00:00,short,26017.99,26104.67,SL,-0.631,62.465,1.0
2023-08-24 20:35:00+00:00,2023-08-24 21:50:00+00:00,short,26033.99,26093.23,SL,-0.6247,61.8404,1.0
2023-08-24 23:00:00+00:00,2023-08-24 23:45:00+00:00,short,26107.99,26187.35,SL,-0.6184,61.222,1.0
2023-08-25 00:20:00+00:00,2023-08-25 04:55:00+00:00,short,26132.54,26026.08,TP,1.2244,62.4464,1.0
2023-08-25 06:30:00+00:00,2023-08-25 08:25:00+00:00,short,26025.4,26106.0,SL,-0.6245,61.8219,1.0
2023-08-25 09:45:00+00:00,2023-08-25 13:00:00+00:00,short,26089.77,26149.77,SL,-0.6182,61.2037,1.0
2023-08-25 13:50:00+00:00,2023-08-25 14:40:00+00:00,short,26068.01,25921.61,TP,1.2241,62.4278,1.0
2023-08-25 16:50:00+00:00,2023-08-25 17:05:00+00:00,short,25905.19,25963.81,SL,-0.6243,61.8035,1.0
2023-08-25 17:20:00+00:00,2023-08-25 18:25:00+00:00,short,25914.81,25974.05,SL,-0.618,61.1855,1.0
2023-08-25 19:35:00+00:00,2023-08-25 20:15:00+00:00,short,25959.98,26015.99,SL,-0.6119,60.5736,1.0
2023-08-25 20:30:00+00:00,2023-08-25 20:50:00+00:00,short,25997.99,26059.53,SL,-0.6057,59.9679,1.0
2023-08-25 21:55:00+00:00,2023-08-26 08:30:00+00:00,long,26081.86,26006.72,SL,-0.5997,59.3682,1.0
2023-08-26 12:15:00+00:00,2023-08-27 10:30:00+00:00,short,26041.11,26094.42,SL,-0.5937,58.7745,1.0
2023-08-27 12:45:00+00:00,2023-08-28 00:50:00+00:00,long,26066.26,26011.97,SL,-0.5877,58.1868,1.0
2023-08-28 03:10:00+00:00,2023-08-28 07:25:00+00:00,short,26020.65,25915.97,TP,1.1637,59.3505,1.0
2023-08-28 09:15:00+00:00,2023-08-28 11:30:00+00:00,short,25915.25,25969.71,SL,-0.5935,58.757,1.0
2023-08-28 15:35:00+00:00,2023-08-28 15:45:00+00:00,long,26178.92,26108.31,SL,-0.5876,58.1694,1.0
2023-08-28 16:35:00+00:00,2023-08-28 19:15:00+00:00,long,26146.93,26070.65,SL,-0.5817,57.5877,1.0
2023-08-29 01:20:00+00:00,2023-08-29 01:50:00+00:00,long,26153.16,26097.71,SL,-0.5759,57.0119,1.0
2023-08-29 03:50:00+00:00,2023-08-29 06:20:00+00:00,long,26087.52,26030.02,SL,-0.5701,56.4417,1.0
2023-08-29 07:50:00+00:00,2023-08-29 13:40:00+00:00,short,25996.9,26064.83,SL,-0.5644,55.8773,1.0
2023-08-29 16:25:00+00:00,2023-08-29 16:30:00+00:00,long,27908.06,27840.37,SL,-0.5588,55.3186,1.0
2023-08-29 21:30:00+00:00,2023-08-29 22:15:00+00:00,long,27688.51,27619.99,SL,-0.5532,54.7654,1.0
2023-08-29 22:40:00+00:00,2023-08-30 00:30:00+00:00,long,27624.4,27740.43,TP,1.0953,55.8607,1.0
2023-08-30 03:30:00+00:00,2023-08-30 08:35:00+00:00,long,27372.5,27483.94,TP,1.1172,56.9779,1.0
2023-08-30 09:55:00+00:00,2023-08-30 11:40:00+00:00,long,27426.8,27341.36,SL,-0.5698,56.4081,1.0
2023-08-30 12:20:00+00:00,2023-08-30 12:35:00+00:00,long,27408.96,27337.71,SL,-0.5641,55.844,1.0
2023-08-30 12:40:00+00:00,2023-08-30 12:45:00+00:00,short,27296.39,27397.35,SL,-0.5584,55.2856,1.0
2023-08-30 12:50:00+00:00,2023-08-30 13:10:00+00:00,short,27357.2,27422.05,SL,-0.5529,54.7327,1.0
2023-08-30 13:40:00+00:00,2023-08-30 13:50:00+00:00,short,27297.83,27391.83,SL,-0.5473,54.1854,1.0
2023-08-30 14:00:00+00:00,2023-08-30 14:20:00+00:00,long,27415.6,27295.85,SL,-0.5419,53.6436,1.0
2023-08-30 16:15:00+00:00,2023-08-30 16:25:00+00:00,short,27111.25,27167.25,SL,-0.5364,53.1071,1.0
2023-08-30 16:35:00+00:00,2023-08-30 16:55:00+00:00,short,27095.49,27155.37,SL,-0.5311,52.576,1.0
2023-08-30 18:05:00+00:00,2023-08-30 18:35:00+00:00,short,27128.75,27195.41,SL,-0.5258,52.0503,1.0
2023-08-30 19:55:00+00:00,2023-08-30 20:10:00+00:00,short,27178.28,27254.53,SL,-0.5205,51.5298,1.0
2023-08-30 20:55:00+00:00,2023-08-30 22:00:00+00:00,short,27250.15,27314.21,SL,-0.5153,51.0145,1.0
2023-08-30 22:15:00+00:00,2023-08-31 11:35:00+00:00,short,27268.79,27325.68,SL,-0.5101,50.5043,1.0
2023-08-31 12:00:00+00:00,2023-08-31 12:10:00+00:00,short,27191.85,27266.0,SL,-0.505,49.9993,1.0
2023-08-31 15:35:00+00:00,2023-08-31 15:40:00+00:00,short,27093.41,26915.71,TP,1.0,50.9993,1.0
2023-08-31 20:55:00+00:00,2023-08-31 21:05:00+00:00,short,26022.61,25779.76,TP,1.02,52.0193,1.0
2023-08-31 23:30:00+00:00,2023-09-01 00:25:00+00:00,short,25973.07,26028.72,SL,-0.5202,51.4991,1.0
2023-09-01 01:20:00+00:00,2023-09-01 02:40:00+00:00,short,26008.38,26086.37,SL,-0.515,50.9841,1.0
2023-09-01 03:15:00+00:00,2023-09-01 12:15:00+00:00,short,26050.2,26118.3,SL,-0.5098,50.4742,1.0
2023-09-01 12:40:00+00:00,2023-09-01 12:55:00+00:00,short,26006.4,26063.27,SL,-0.5047,49.9695,1.0
2023-09-01 17:00:00+00:00,2023-09-01 17:10:00+00:00,short,25761.74,25615.82,TP,0.9994,50.9689,1.0
2023-09-01 21:25:00+00:00,2023-09-01 22:15:00+00:00,short,25757.68,25809.21,SL,-0.5097,50.4592,1.0
2023-09-01 23:55:00+00:00,2023-09-02 14:40:00+00:00,short,25805.05,25869.23,SL,-0.5046,49.9546,1.0
2023-09-02 23:10:00+00:00,2023-09-03 12:35:00+00:00,long,25863.32,26015.0,TP,0.9991,50.9537,1.0
2023-09-03 14:35:00+00:00,2023-09-03 15:35:00+00:00,long,25934.69,25863.24,SL,-0.5095,50.4442,1.0
2023-09-03 16:30:00+00:00,2023-09-03 18:15:00+00:00,short,25864.57,25977.94,SL,-0.5044,49.9397,1.0
2023-09-03 19:30:00+00:00,2023-09-04 00:10:00+00:00,long,25992.59,25939.99,SL,-0.4994,49.4403,1.0
2023-09-04 06:20:00+00:00,2023-09-04 09:45:00+00:00,long,25977.71,25919.02,SL,-0.4944,48.9459,1.0
2023-09-04 11:15:00+00:00,2023-09-04 15:15:00+00:00,short,25890.37,25759.04,TP,0.9789,49.9248,1.0
2023-09-04 15:40:00+00:00,2023-09-04 16:05:00+00:00,short,25797.41,25865.89,SL,-0.4992,49.4256,1.0
2023-09-04 18:25:00+00:00,2023-09-04 21:10:00+00:00,short,25900.56,25771.64,TP,0.9885,50.4141,1.0
2023-09-05 00:20:00+00:00,2023-09-05 02:55:00+00:00,short,25776.26,25670.49,TP,1.0083,51.4224,1.0
2023-09-05 06:25:00+00:00,2023-09-05 08:05:00+00:00,short,25710.22,25767.32,SL,-0.5142,50.9082,1.0
2023-09-05 08:25:00+00:00,2023-09-05 09:45:00+00:00,short,25703.34,25771.36,SL,-0.5091,50.3991,1.0
2023-09-05 10:40:00+00:00,2023-09-05 12:50:00+00:00,short,25757.22,25824.16,SL,-0.504,49.8951,1.0
2023-09-05 13:30:00+00:00,2023-09-05 15:10:00+00:00,short,25761.63,25823.2,SL,-0.499,49.3961,1.0
2023-09-05 16:50:00+00:00,2023-09-05 23:35:00+00:00,short,25747.98,25801.24,SL,-0.494,48.9022,1.0
2023-09-06 00:05:00+00:00,2023-09-06 04:45:00+00:00,long,25818.98,25765.85,SL,-0.489,48.4132,1.0
2023-09-06 07:50:00+00:00,2023-09-06 14:00:00+00:00,short,25746.05,25638.48,TP,0.9683,49.3814,1.0
2023-09-06 16:10:00+00:00,2023-09-06 16:45:00+00:00,short,25567.41,25619.99,SL,-0.4938,48.8876,1.0
2023-09-06 17:05:00+00:00,2023-09-06 17:20:00+00:00,short,25490.0,25598.67,SL,-0.4889,48.3987,1.0
2023-09-06 18:25:00+00:00,2023-09-06 21:25:00+00:00,short,25687.04,25747.43,SL,-0.484,47.9147,1.0
2023-09-06 23:15:00+00:00,2023-09-07 10:35:00+00:00,long,25782.25,25726.1,SL,-0.4791,47.4356,1.0
2023-09-07 11:00:00+00:00,2023-09-07 11:35:00+00:00,long,25754.65,25701.26,SL,-0.4744,46.9612,1.0
2023-09-07 12:30:00+00:00,2023-09-07 14:40:00+00:00,short,25685.27,25740.44,SL,-0.4696,46.4916,1.0
2023-09-07 16:10:00+00:00,2023-09-07 17:45:00+00:00,long,25803.61,25917.84,TP,0.9298,47.4215,1.0
2023-09-07 20:10:00+00:00,2023-09-07 20:55:00+00:00,long,25896.28,26006.25,TP,0.9484,48.3699,1.0
2023-09-07 22:35:00+00:00,2023-09-07 23:10:00+00:00,long,26370.09,26238.0,SL,-0.4837,47.8862,1.0
2023-09-08 00:25:00+00:00,2023-09-08 00:50:00+00:00,long,26275.01,26383.95,TP,0.9577,48.8439,1.0
2023-09-08 03:30:00+00:00,2023-09-08 04:45:00+00:00,long,26254.99,26370.15,TP,0.9769,49.8208,1.0
2023-09-08 07:05:00+00:00,2023-09-08 08:35:00+00:00,long,26250.33,26196.93,SL,-0.4982,49.3226,1.0
2023-09-08 14:45:00+00:00,2023-09-08 16:35:00+00:00,short,25884.73,25774.78,TP,0.9865,50.309,1.0
2023-09-08 18:30:00+00:00,2023-09-08 19:25:00+00:00,short,25781.41,25843.94,SL,-0.5031,49.806,1.0
2023-09-08 21:05:00+00:00,2023-09-10 04:25:00+00:00,short,25889.31,25781.28,TP,0.9961,50.8021,1.0
2023-09-10 06:55:00+00:00,2023-09-10 15:00:00+00:00,short,25852.01,25738.55,TP,1.016,51.8181,1.0
2023-09-10 16:30:00+00:00,2023-09-10 20:05:00+00:00,short,25754.95,25822.6,SL,-0.5182,51.2999,1.0
2023-09-10 21:10:00+00:00,2023-09-10 23:25:00+00:00,long,25883.23,25824.83,SL,-0.513,50.7869,1.0
2023-09-11 00:10:00+00:00,2023-09-11 00:20:00+00:00,long,25873.66,25813.38,SL,-0.5079,50.2791,1.0
2023-09-11 02:00:00+00:00,2023-09-11 02:25:00+00:00,short,25665.26,25722.19,SL,-0.5028,49.7763,1.0
2023-09-11 04:05:00+00:00,2023-09-11 05:00:00+00:00,short,25728.48,25785.94,SL,-0.4978,49.2785,1.0
2023-09-11 08:50:00+00:00,2023-09-11 09:20:00+00:00,long,25811.37,25689.49,SL,-0.4928,48.7857,1.0
2023-09-11 11:25:00+00:00,2023-09-11 12:40:00+00:00,short,25629.72,25684.78,SL,-0.4879,48.2979,1.0
2023-09-11 13:45:00+00:00,2023-09-11 14:05:00+00:00,short,25630.95,25504.15,TP,0.966,49.2638,1.0
2023-09-11 19:00:00+00:00,2023-09-11 19:40:00+00:00,short,25152.69,25014.99,TP,0.9853,50.2491,1.0
2023-09-11 22:00:00+00:00,2023-09-11 22:30:00+00:00,short,25130.51,25184.9,SL,-0.5025,49.7466,1.0
2023-09-11 22:45:00+00:00,2023-09-12 00:10:00+00:00,short,25136.25,25191.05,SL,-0.4975,49.2491,1.0
2023-09-12 00:30:00+00:00,2023-09-12 00:45:00+00:00,short,25150.0,25211.04,SL,-0.4925,48.7567,1.0
2023-09-12 01:10:00+00:00,2023-09-12 02:35:00+00:00,short,25163.09,25217.59,SL,-0.4876,48.2691,1.0
2023-09-12 07:40:00+00:00,2023-09-12 10:15:00+00:00,long,25811.69,25918.38,TP,0.9654,49.2345,1.0
2023-09-12 13:45:00+00:00,2023-09-12 14:25:00+00:00,long,26225.92,26149.78,SL,-0.4923,48.7421,1.0
2023-09-12 15:30:00+00:00,2023-09-12 16:25:00+00:00,long,26193.27,26306.55,TP,0.9748,49.717,1.0
2023-09-12 18:25:00+00:00,2023-09-12 19:15:00+00:00,long,25971.94,26177.29,TP,0.9943,50.7113,1.0
2023-09-12 21:10:00+00:00,2023-09-12 22:00:00+00:00,long,26129.92,26057.91,SL,-0.5071,50.2042,1.0
2023-09-13 02:25:00+00:00,2023-09-13 07:35:00+00:00,short,25936.73,26065.73,SL,-0.502,49.7022,1.0
2023-09-13 07:50:00+00:00,2023-09-13 08:20:00+00:00,short,25901.76,25958.27,SL,-0.497,49.2051,1.0
2023-09-13 09:20:00+00:00,2023-09-13 09:35:00+00:00,long,25980.98,26093.79,TP,0.9841,50.1892,1.0
2023-09-13 11:30:00+00:00,2023-09-13 12:30:00+00:00,long,26187.71,26091.47,SL,-0.5019,49.6873,1.0
2023-09-13 13:45:00+00:00,2023-09-13 13:50:00+00:00,long,26198.72,26136.88,SL,-0.4969,49.1905,1.0
2023-09-13 14:25:00+00:00,2023-09-13 14:40:00+00:00,long,26169.98,26291.78,TP,0.9838,50.1743,1.0
2023-09-13 16:20:00+00:00,2023-09-13 17:00:00+00:00,long,26330.21,26270.46,SL,-0.5017,49.6725,1.0
2023-09-13 18:45:00+00:00,2023-09-13 21:30:00+00:00,long,26146.48,26267.42,TP,0.9935,50.666,1.0
2023-09-13 22:15:00+00:00,2023-09-13 23:30:00+00:00,long,26261.75,26207.47,SL,-0.5067,50.1593,1.0
2023-09-14 00:35:00+00:00,2023-09-14 00:50:00+00:00,long,26267.56,26447.23,TP,1.0032,51.1625,1.0
2023-09-14 02:40:00+00:00,2023-09-14 05:20:00+00:00,long,26249.76,26185.26,SL,-0.5116,50.6509,1.0
2023-09-14 06:00:00+00:00,2023-09-14 07:40:00+00:00,long,26216.39,26345.42,TP,1.013,51.6639,1.0
2023-09-14 10:10:00+00:00,2023-09-14 11:50:00+00:00,long,26314.3,26420.95,TP,1.0333,52.6972,1.0
2023-09-14 13:00:00+00:00,2023-09-14 13:20:00+00:00,long,26490.0,26609.1,TP,1.0539,53.7511,1.0
2023-09-14 14:45:00+00:00,2023-09-14 15:25:00+00:00,long,26678.0,26598.95,SL,-0.5375,53.2136,1.0
2023-09-14 16:00:00+00:00,2023-09-14 16:05:00+00:00,long,26726.37,26661.36,SL,-0.5321,52.6815,1.0
2023-09-14 17:40:00+00:00,2023-09-14 20:45:00+00:00,long,26621.63,26560.47,SL,-0.5268,52.1547,1.0
2023-09-14 21:15:00+00:00,2023-09-14 21:40:00+00:00,long,26613.3,26558.01,SL,-0.5215,51.6331,1.0
2023-09-14 22:15:00+00:00,2023-09-14 23:35:00+00:00,long,26598.06,26539.3,SL,-0.5163,51.1168,1.0
2023-09-15 00:40:00+00:00,2023-09-15 00:55:00+00:00,long,26542.84,26481.44,SL,-0.5112,50.6056,1.0
2023-09-15 01:00:00+00:00,2023-09-15 02:00:00+00:00,short,26489.23,26569.19,SL,-0.5061,50.0996,1.0
2023-09-15 04:00:00+00:00,2023-09-15 06:40:00+00:00,long,26622.86,26567.25,SL,-0.501,49.5986,1.0
2023-09-15 07:35:00+00:00,2023-09-15 11:20:00+00:00,long,26578.73,26506.85,SL,-0.496,49.1026,1.0
2023-09-15 14:25:00+00:00,2023-09-15 14:55:00+00:00,short,26367.13,26238.14,TP,0.9821,50.0846,1.0
2023-09-15 17:25:00+00:00,2023-09-15 19:10:00+00:00,short,26335.84,26404.97,SL,-0.5008,49.5838,1.0
2023-09-15 20:00:00+00:00,2023-09-15 21:10:00+00:00,short,26396.25,26479.47,SL,-0.4958,49.0879,1.0
2023-09-16 02:00:00+00:00,2023-09-16 04:00:00+00:00,long,26669.03,26590.44,SL,-0.4909,48.5971,1.0
2023-09-16 06:00:00+00:00,2023-09-16 09:35:00+00:00,short,26518.08,26575.0,SL,-0.486,48.1111,1.0
2023-09-16 09:55:00+00:00,2023-09-16 12:45:00+00:00,short,26501.44,26563.58,SL,-0.4811,47.63,1.0
2023-09-16 13:15:00+00:00,2023-09-16 17:40:00+00:00,short,26522.43,26604.54,SL,-0.4763,47.1537,1.0
2023-09-16 20:10:00+00:00,2023-09-17 00:50:00+00:00,long,26546.22,26480.99,SL,-0.4715,46.6821,1.0
2023-09-17 04:05:00+00:00,2023-09-17 09:50:00+00:00,short,26514.04,26573.88,SL,-0.4668,46.2153,1.0
2023-09-17 14:25:00+00:00,2023-09-17 16:15:00+00:00,long,26564.89,26510.75,SL,-0.4622,45.7532,1.0
2023-09-17 17:55:00+00:00,2023-09-17 23:50:00+00:00,short,26480.0,26533.0,SL,-0.4575,45.2956,1.0
2023-09-18 00:25:00+00:00,2023-09-18 02:20:00+00:00,short,26487.4,26593.27,SL,-0.453,44.8427,1.0
2023-09-18 05:20:00+00:00,2023-09-18 09:00:00+00:00,long,26641.54,26752.54,TP,0.8969,45.7395,1.0
2023-09-18 12:30:00+00:00,2023-09-18 13:20:00+00:00,long,27339.31,27276.33,SL,-0.4574,45.2821,1.0
2023-09-18 15:00:00+00:00,2023-09-18 16:20:00+00:00,long,27276.76,27200.01,SL,-0.4528,44.8293,1.0
2023-09-18 23:10:00+00:00,2023-09-19 00:25:00+00:00,short,26798.84,26688.9,TP,0.8966,45.7259,1.0
2023-09-19 04:00:00+00:00,2023-09-19 07:30:00+00:00,short,26808.76,26864.37,SL,-0.4573,45.2687,1.0
2023-09-19 11:55:00+00:00,2023-09-19 12:35:00+00:00,long,27237.56,27126.04,SL,-0.4527,44.816,1.0
2023-09-19 13:35:00+00:00,2023-09-19 13:50:00+00:00,long,27204.16,27095.97,SL,-0.4482,44.3678,1.0
2023-09-19 14:25:00+00:00,2023-09-19 14:35:00+00:00,long,27133.57,27077.01,SL,-0.4437,43.9241,1.0
2023-09-19 19:00:00+00:00,2023-09-19 21:25:00+00:00,long,27139.4,27028.46,SL,-0.4392,43.4849,1.0
2023-09-19 21:50:00+00:00,2023-09-19 22:15:00+00:00,long,27166.36,27094.2,SL,-0.4348,43.05,1.0
2023-09-20 00:10:00+00:00,2023-09-20 00:20:00+00:00,long,27246.0,27189.99,SL,-0.4305,42.6195,1.0
2023-09-20 01:00:00+00:00,2023-09-20 02:35:00+00:00,long,27252.8,27188.09,SL,-0.4262,42.1933,1.0
2023-09-20 05:10:00+00:00,2023-09-20 06:00:00+00:00,short,27061.77,26952.77,TP,0.8439,43.0372,1.0
2023-09-20 12:30:00+00:00,2023-09-20 13:45:00+00:00,short,27074.99,27167.04,SL,-0.4304,42.6068,1.0
2023-09-20 15:45:00+00:00,2023-09-20 19:05:00+00:00,long,27186.95,27127.27,SL,-0.4261,42.1808,1.0
2023-09-20 22:00:00+00:00,2023-09-20 23:30:00+00:00,short,27096.65,27151.92,SL,-0.4218,41.759,1.0
2023-09-21 00:00:00+00:00,2023-09-21 01:25:00+00:00,short,27106.2,26982.21,TP,0.8352,42.5941,1.0
2023-09-21 02:20:00+00:00,2023-09-21 03:40:00+00:00,short,26957.56,27022.42,SL,-0.4259,42.1682,1.0
2023-09-21 05:15:00+00:00,2023-09-21 08:55:00+00:00,short,27052.3,26926.74,TP,0.8434,43.0116,1.0
2023-09-21 10:55:00+00:00,2023-09-21 11:00:00+00:00,short,26649.89,26726.47,SL,-0.4301,42.5814,1.0
2023-09-21 12:30:00+00:00,2023-09-21 13:30:00+00:00,short,26640.69,26469.18,TP,0.8516,43.4331,1.0
2023-09-21 16:10:00+00:00,2023-09-21 17:05:00+00:00,short,26561.0,26633.12,SL,-0.4343,42.9987,1.0
2023-09-21 18:15:00+00:00,2023-09-21 20:25:00+00:00,short,26653.27,26541.7,TP,0.86,43.8587,1.0
2023-09-21 21:35:00+00:00,2023-09-22 00:30:00+00:00,short,26563.55,26631.24,SL,-0.4386,43.4201,1.0
2023-09-22 01:50:00+00:00,2023-09-22 06:00:00+00:00,short,26616.13,26684.72,SL,-0.4342,42.9859,1.0
2023-09-22 07:50:00+00:00,2023-09-22 09:20:00+00:00,long,26687.2,26628.39,SL,-0.4299,42.5561,1.0
2023-09-22 12:30:00+00:00,2023-09-22 14:05:00+00:00,short,26606.68,26662.6,SL,-0.4256,42.1305,1.0
2023-09-22 19:40:00+00:00,2023-09-23 18:05:00+00:00,short,26566.07,26621.98,SL,-0.4213,41.7092,1.0
2023-09-23 23:00:00+00:00,2023-09-24 13:00:00+00:00,short,26561.6,26615.49,SL,-0.4171,41.2921,1.0
2023-09-24 14:55:00+00:00,2023-09-24 18:00:00+00:00,long,26588.1,26699.99,TP,0.8258,42.118,1.0
2023-09-24 18:20:00+00:00,2023-09-24 18:30:00+00:00,short,26538.61,26617.91,SL,-0.4212,41.6968,1.0
2023-09-24 23:00:00+00:00,2023-09-24 23:25:00+00:00,short,26467.58,26244.49,TP,0.8339,42.5307,1.0
2023-09-25 01:55:00+00:00,2023-09-25 02:15:00+00:00,short,26164.01,26243.78,SL,-0.4253,42.1054,1.0
2023-09-25 02:20:00+00:00,2023-09-25 05:45:00+00:00,short,26194.77,26078.64,TP,0.8421,42.9475,1.0
2023-09-25 06:05:00+00:00,2023-09-25 06:30:00+00:00,short,26080.01,26153.24,SL,-0.4295,42.518,1.0
2023-09-25 07:35:00+00:00,2023-09-25 07:45:00+00:00,short,26122.25,26182.57,SL,-0.4252,42.0929,1.0
2023-09-25 08:25:00+00:00,2023-09-25 15:15:00+00:00,short,26137.58,26195.66,SL,-0.4209,41.6719,1.0
2023-09-25 18:15:00+00:00,2023-09-25 19:00:00+00:00,long,26358.92,26294.17,SL,-0.4167,41.2552,1.0
2023-09-25 19:55:00+00:00,2023-09-25 21:30:00+00:00,long,26331.83,26271.65,SL,-0.4126,40.8427,1.0
2023-09-25 22:15:00+00:00,2023-09-26 09:10:00+00:00,long,26288.47,26230.39,SL,-0.4084,40.4342,1.0
2023-09-26 10:15:00+00:00,2023-09-26 12:05:00+00:00,short,26233.71,26293.29,SL,-0.4043,40.0299,1.0
2023-09-26 12:35:00+00:00,2023-09-26 16:40:00+00:00,short,26211.68,26265.0,SL,-0.4003,39.6296,1.0
2023-09-26 17:25:00+00:00,2023-09-26 20:05:00+00:00,short,26211.79,26288.68,SL,-0.3963,39.2333,1.0
2023-09-26 20:30:00+00:00,2023-09-27 04:00:00+00:00,short,26227.91,26282.79,SL,-0.3923,38.841,1.0
2023-09-27 05:40:00+00:00,2023-09-27 09:50:00+00:00,long,26258.66,26384.99,TP,0.7768,39.6178,1.0
2023-09-27 17:35:00+00:00,2023-09-27 17:45:00+00:00,short,26182.0,26254.99,SL,-0.3962,39.2216,1.0
2023-09-27 18:10:00+00:00,2023-09-27 18:25:00+00:00,short,26177.65,26232.46,SL,-0.3922,38.8294,1.0
2023-09-27 20:00:00+00:00,2023-09-27 22:10:00+00:00,short,26253.65,26313.5,SL,-0.3883,38.4411,1.0
2023-09-27 23:15:00+00:00,2023-09-27 23:35:00+00:00,short,26307.0,26365.13,SL,-0.3844,38.0567,1.0
2023-09-28 02:00:00+00:00,2023-09-28 02:20:00+00:00,long,26480.05,26398.25,SL,-0.3806,37.6761,1.0
2023-09-28 03:50:00+00:00,2023-09-28 05:25:00+00:00,long,26376.28,26483.0,TP,0.7535,38.4296,1.0
2023-09-28 06:55:00+00:00,2023-09-28 08:10:00+00:00,long,26477.93,26421.48,SL,-0.3843,38.0453,1.0
2023-09-28 09:45:00+00:00,2023-09-28 10:40:00+00:00,long,26440.38,26562.23,TP,0.7609,38.8062,1.0
2023-09-28 12:30:00+00:00,2023-09-28 12:45:00+00:00,long,26547.96,26483.53,SL,-0.3881,38.4182,1.0
2023-09-28 13:15:00+00:00,2023-09-28 14:30:00+00:00,long,26527.13,26636.4,TP,0.7684,39.1865,1.0
2023-09-28 19:25:00+00:00,2023-09-28 21:15:00+00:00,long,27075.79,26985.44,SL,-0.3919,38.7947,1.0
2023-09-28 22:20:00+00:00,2023-09-29 02:30:00+00:00,long,27023.89,26950.01,SL,-0.3879,38.4067,1.0
2023-09-29 03:35:00+00:00,2023-09-29 06:45:00+00:00,long,26932.61,27046.03,TP,0.7681,39.1749,1.0
2023-09-29 10:00:00+00:00,2023-09-29 11:30:00+00:00,long,27034.81,26975.0,SL,-0.3917,38.7831,1.0
2023-09-29 12:35:00+00:00,2023-09-29 13:45:00+00:00,long,26998.99,26908.16,SL,-0.3878,38.3953,1.0
2023-09-29 14:35:00+00:00,2023-09-29 14:55:00+00:00,long,26988.93,26908.12,SL,-0.384,38.0113,1.0
2023-09-29 15:25:00+00:00,2023-09-29 15:55:00+00:00,short,26827.29,26888.57,SL,-0.3801,37.6312,1.0
2023-09-29 16:35:00+00:00,2023-09-29 18:50:00+00:00,short,26835.55,26895.0,SL,-0.3763,37.2549,1.0
2023-09-29 20:10:00+00:00,2023-09-30 10:40:00+00:00,short,26922.61,26978.04,SL,-0.3725,36.8824,1.0
2023-09-30 11:15:00+00:00,2023-09-30 11:40:00+00:00,long,26989.84,26924.2,SL,-0.3688,36.5135,1.0
2023-09-30 13:30:00+00:00,2023-09-30 20:20:00+00:00,long,26943.31,27054.44,TP,0.7303,37.2438,1.0
2023-10-01 03:30:00+00:00,2023-10-01 09:10:00+00:00,long,27046.61,27159.67,TP,0.7449,37.9887,1.0
2023-10-01 11:35:00+00:00,2023-10-01 11:45:00+00:00,long,27237.33,27175.43,SL,-0.3799,37.6088,1.0
2023-10-01 12:45:00+00:00,2023-10-01 14:35:00+00:00,long,27199.14,27135.53,SL,-0.3761,37.2327,1.0
2023-10-01 15:35:00+00:00,2023-10-01 17:40:00+00:00,long,27144.18,27082.71,SL,-0.3723,36.8604,1.0
2023-10-01 20:05:00+00:00,2023-10-01 21:40:00+00:00,short,27087.8,27159.79,SL,-0.3686,36.4918,1.0
2023-10-02 02:15:00+00:00,2023-10-02 03:40:00+00:00,long,27963.03,28097.61,TP,0.7298,37.2216,1.0
2023-10-02 06:25:00+00:00,2023-10-02 07:20:00+00:00,long,28047.54,28180.87,TP,0.7444,37.966,1.0
2023-10-02 11:20:00+00:00,2023-10-02 11:40:00+00:00,long,28347.53,28248.7,SL,-0.3797,37.5864,1.0
2023-10-02 12:25:00+00:00,2023-10-02 13:40:00+00:00,long,28299.84,28426.46,TP,0.7517,38.3381,1.0
2023-10-02 15:20:00+00:00,2023-10-02 15:40:00+00:00,long,28360.66,28283.31,SL,-0.3834,37.9547,1.0
2023-10-02 15:45:00+00:00,2023-10-02 16:00:00+00:00,short,28087.5,27912.37,TP,0.7591,38.7138,1.0
2023-10-02 18:35:00+00:00,2023-10-02 18:45:00+00:00,short,27733.53,27814.41,SL,-0.3871,38.3267,1.0
2023-10-02 21:30:00+00:00,2023-10-02 21:40:00+00:00,short,27765.49,27595.22,TP,0.7665,39.0932,1.0
2023-10-03 00:45:00+00:00,2023-10-03 01:30:00+00:00,short,27445.6,27503.88,SL,-0.3909,38.7023,1.0
2023-10-03 03:25:00+00:00,2023-10-03 03:35:00+00:00,short,27567.41,27624.38,SL,-0.387,38.3153,1.0
2023-10-03 03:50:00+00:00,2023-10-03 06:45:00+00:00,short,27584.31,27644.75,SL,-0.3832,37.9321,1.0
2023-10-03 07:15:00+00:00,2023-10-03 12:05:00+00:00,short,27587.15,27476.09,TP,0.7586,38.6908,1.0
2023-10-03 12:50:00+00:00,2023-10-03 13:20:00+00:00,short,27472.14,27530.68,SL,-0.3869,38.3038,1.0
2023-10-03 14:00:00+00:00,2023-10-03 15:50:00+00:00,short,27386.64,27259.99,TP,0.7661,39.0699,1.0
2023-10-03 18:00:00+00:00,2023-10-03 18:55:00+00:00,short,27417.6,27300.48,TP,0.7814,39.8513,1.0
2023-10-03 19:35:00+00:00,2023-10-03 20:20:00+00:00,short,27313.77,27370.87,SL,-0.3985,39.4528,1.0
2023-10-03 22:00:00+00:00,2023-10-03 23:00:00+00:00,short,27367.64,27426.43,SL,-0.3945,39.0583,1.0
2023-10-04 00:05:00+00:00,2023-10-04 00:35:00+00:00,short,27399.99,27281.55,TP,0.7812,39.8394,1.0
2023-10-04 01:30:00+00:00,2023-10-04 02:05:00+00:00,short,27305.59,27424.0,SL,-0.3984,39.4411,1.0
2023-10-04 06:15:00+00:00,2023-10-04 07:00:00+00:00,short,27367.18,27425.42,SL,-0.3944,39.0466,1.0
2023-10-04 11:30:00+00:00,2023-10-04 13:40:00+00:00,long,27580.9,27487.25,SL,-0.3905,38.6562,1.0
2023-10-04 17:45:00+00:00,2023-10-04 19:00:00+00:00,long,27562.4,27703.71,TP,0.7731,39.4293,1.0
2023-10-04 20:35:00+00:00,2023-10-04 20:50:00+00:00,long,27712.78,27654.94,SL,-0.3943,39.035,1.0
2023-10-04 21:15:00+00:00,2023-10-05 00:45:00+00:00,long,27726.25,27848.92,TP,0.7807,39.8157,1.0
2023-10-05 03:10:00+00:00,2023-10-05 06:25:00+00:00,long,27689.22,27626.85,SL,-0.3982,39.4176,1.0
2023-10-05 06:45:00+00:00,2023-10-05 07:20:00+00:00,long,27664.32,27596.73,SL,-0.3942,39.0234,1.0
2023-10-05 10:45:00+00:00,2023-10-05 13:10:00+00:00,long,27711.74,27851.41,TP,0.7805,39.8038,1.0
2023-10-05 19:40:00+00:00,2023-10-06 01:35:00+00:00,short,27454.01,27526.29,SL,-0.398,39.4058,1.0
2023-10-06 06:45:00+00:00,2023-10-06 07:20:00+00:00,short,27473.72,27558.54,SL,-0.3941,39.0117,1.0
2023-10-06 09:45:00+00:00,2023-10-06 11:00:00+00:00,long,27700.01,27618.49,SL,-0.3901,38.6216,1.0
2023-10-06 11:55:00+00:00,2023-10-06 12:20:00+00:00,long,27760.0,27702.42,SL,-0.3862,38.2354,1.0
2023-10-06 13:30:00+00:00,2023-10-06 13:35:00+00:00,long,27667.21,27518.69,SL,-0.3824,37.8531,1.0
2023-10-06 17:35:00+00:00,2023-10-06 18:05:00+00:00,long,27998.99,27922.05,SL,-0.3785,37.4745,1.0
2023-10-06 19:25:00+00:00,2023-10-06 19:40:00+00:00,long,28019.2,27923.7,SL,-0.3747,37.0998,1.0
2023-10-06 20:20:00+00:00,2023-10-06 21:10:00+00:00,long,27996.39,27932.72,SL,-0.371,36.7288,1.0
2023-10-06 21:35:00+00:00,2023-10-06 21:40:00+00:00,long,28228.06,28105.8,SL,-0.3673,36.3615,1.0
2023-10-07 00:35:00+00:00,2023-10-08 02:15:00+00:00,long,27909.19,28048.88,TP,0.7272,37.0887,1.0
2023-10-08 03:20:00+00:00,2023-10-08 04:10:00+00:00,long,28075.01,27968.2,SL,-0.3709,36.7178,1.0
2023-10-08 06:50:00+00:00,2023-10-08 13:10:00+00:00,short,27896.01,27735.72,TP,0.7344,37.4522,1.0
2023-10-08 14:25:00+00:00,2023-10-08 14:40:00+00:00,short,27878.96,27957.05,SL,-0.3745,37.0777,1.0
2023-10-08 16:50:00+00:00,2023-10-08 18:15:00+00:00,long,27910.66,27815.03,SL,-0.3708,36.7069,1.0
2023-10-08 20:20:00+00:00,2023-10-08 21:10:00+00:00,short,27878.96,27943.46,SL,-0.3671,36.3398,1.0
2023-10-08 22:55:00+00:00,2023-10-09 00:15:00+00:00,long,27919.01,27858.8,SL,-0.3634,35.9764,1.0
2023-10-09 03:05:00+00:00,2023-10-09 05:20:00+00:00,long,27962.07,27897.62,SL,-0.3598,35.6167,1.0
2023-10-09 07:15:00+00:00,2023-10-09 08:30:00+00:00,short,27868.16,27750.8,TP,0.7123,36.329,1.0
2023-10-09 09:35:00+00:00,2023-10-09 09:45:00+00:00,short,27699.04,27520.44,TP,0.7266,37.0556,1.0
2023-10-09 13:00:00+00:00,2023-10-09 13:20:00+00:00,short,27402.1,27476.13,SL,-0.3706,36.685,1.0
2023-10-09 14:45:00+00:00,2023-10-09 16:35:00+00:00,short,27468.74,27340.0,TP,0.7337,37.4187,1.0
2023-10-09 18:50:00+00:00,2023-10-09 19:20:00+00:00,short,27585.43,27640.88,SL,-0.3742,37.0445,1.0
2023-10-09 22:10:00+00:00,2023-10-10 02:55:00+00:00,short,27596.05,27680.52,SL,-0.3704,36.6741,1.0
2023-10-10 08:15:00+00:00,2023-10-10 10:35:00+00:00,long,27695.0,27624.81,SL,-0.3667,36.3074,1.0
2023-10-10 12:35:00+00:00,2023-10-10 13:40:00+00:00,short,27492.4,27360.91,TP,0.7261,37.0335,1.0
2023-10-10 14:55:00+00:00,2023-10-10 18:45:00+00:00,short,27440.68,27320.3,TP,0.7407,37.7742,1.0
2023-10-10 20:20:00+00:00,2023-10-10 21:10:00+00:00,short,27368.19,27425.0,SL,-0.3777,37.3964,1.0
2023-10-10 22:15:00+00:00,2023-10-11 02:30:00+00:00,short,27443.4,27037.19,TP,0.7479,38.1444,1.0
2023-10-11 06:50:00+00:00,2023-10-11 09:10:00+00:00,short,27069.43,27144.39,SL,-0.3814,37.7629,1.0
2023-10-11 14:25:00+00:00,2023-10-11 15:25:00+00:00,short,27050.45,26826.12,TP,0.7553,38.5182,1.0
2023-10-11 20:15:00+00:00,2023-10-11 22:25:00+00:00,short,26708.37,26763.49,SL,-0.3852,38.133,1.0
2023-10-12 00:15:00+00:00,2023-10-12 02:45:00+00:00,short,26829.4,26899.49,SL,-0.3813,37.7517,1.0
2023-10-12 03:20:00+00:00,2023-10-12 06:35:00+00:00,short,26851.63,26906.21,SL,-0.3775,37.3741,1.0
2023-10-12 07:00:00+00:00,2023-10-12 09:20:00+00:00,short,26860.01,26752.3,TP,0.7475,38.1216,1.0
2023-10-12 13:20:00+00:00,2023-10-12 14:35:00+00:00,short,26788.99,26640.0,TP,0.7624,38.8841,1.0
2023-10-12 15:45:00+00:00,2023-10-12 15:50:00+00:00,short,26632.28,26699.15,SL,-0.3888,38.4952,1.0
2023-10-12 17:00:00+00:00,2023-10-12 18:25:00+00:00,short,26633.21,26704.67,SL,-0.385,38.1103,1.0
2023-10-12 20:55:00+00:00,2023-10-13 00:10:00+00:00,short,26745.0,26802.8,SL,-0.3811,37.7292,1.0
2023-10-13 03:00:00+00:00,2023-10-13 09:50:00+00:00,long,26821.8,26765.57,SL,-0.3773,37.3519,1.0
2023-10-13 12:00:00+00:00,2023-10-13 12:10:00+00:00,short,26794.53,26853.2,SL,-0.3735,36.9783,1.0
2023-10-13 17:20:00+00:00,2023-10-13 20:50:00+00:00,short,26752.88,26951.47,SL,-0.3698,36.6086,1.0
2023-10-13 23:55:00+00:00,2023-10-14 21:25:00+00:00,long,26862.0,26807.5,SL,-0.3661,36.2425,1.0
2023-10-15 00:00:00+00:00,2023-10-15 01:40:00+00:00,short,26842.32,26896.98,SL,-0.3624,35.8801,1.0
2023-10-15 03:20:00+00:00,2023-10-15 12:00:00+00:00,long,26899.85,26844.36,SL,-0.3588,35.5213,1.0
2023-10-15 13:55:00+00:00,2023-10-15 16:00:00+00:00,short,26861.13,26915.53,SL,-0.3552,35.166,1.0
2023-10-15 16:30:00+00:00,2023-10-15 18:40:00+00:00,long,26907.99,27040.65,TP,0.7033,35.8694,1.0
2023-10-15 20:30:00+00:00,2023-10-15 20:45:00+00:00,long,27092.91,27214.99,TP,0.7174,36.5867,1.0
2023-10-15 21:20:00+00:00,2023-10-15 22:45:00+00:00,long,27188.9,27120.01,SL,-0.3659,36.2209,1.0
2023-10-15 23:50:00+00:00,2023-10-16 01:30:00+00:00,long,27138.45,27277.71,TP,0.7244,36.9453,1.0
2023-10-16 02:20:00+00:00,2023-10-16 02:40:00+00:00,long,27253.45,27197.66,SL,-0.3695,36.5758,1.0
2023-10-16 03:40:00+00:00,2023-10-16 05:15:00+00:00,long,27227.7,27722.88,TP,0.7315,37.3074,1.0
2023-10-16 09:55:00+00:00,2023-10-16 10:25:00+00:00,long,27768.07,27710.59,SL,-0.3731,36.9343,1.0
2023-10-16 11:55:00+00:00,2023-10-16 12:55:00+00:00,long,27749.6,27887.99,TP,0.7387,37.673,1.0
2023-10-16 16:15:00+00:00,2023-10-16 16:30:00+00:00,long,28152.27,28079.22,SL,-0.3767,37.2962,1.0
2023-10-16 17:00:00+00:00,2023-10-16 18:00:00+00:00,long,28149.1,28279.81,TP,0.7459,38.0422,1.0
2023-10-16 21:50:00+00:00,2023-10-16 23:10:00+00:00,long,28416.26,28538.24,TP,0.7608,38.803,1.0
2023-10-16 23:55:00+00:00,2023-10-17 00:25:00+00:00,long,28500.78,28344.02,SL,-0.388,38.415,1.0
2023-10-17 01:30:00+00:00,2023-10-17 02:20:00+00:00,long,28350.92,28291.76,SL,-0.3841,38.0308,1.0
2023-10-17 04:35:00+00:00,2023-10-17 04:45:00+00:00,long,28223.31,28155.68,SL,-0.3803,37.6505,1.0
2023-10-17 06:10:00+00:00,2023-10-17 06:55:00+00:00,short,28125.56,28229.61,SL,-0.3765,37.274,1.0
2023-10-17 10:05:00+00:00,2023-10-17 12:10:00+00:00,long,28470.15,28403.51,SL,-0.3727,36.9013,1.0
2023-10-17 16:35:00+00:00,2023-10-17 17:15:00+00:00,long,28537.02,28408.51,SL,-0.369,36.5323,1.0
2023-10-17 18:35:00+00:00,2023-10-17 18:50:00+00:00,long,28452.36,28368.74,SL,-0.3653,36.1669,1.0
2023-10-17 19:20:00+00:00,2023-10-17 21:25:00+00:00,long,28440.21,28554.1,TP,0.7233,36.8903,1.0
2023-10-17 23:20:00+00:00,2023-10-18 00:10:00+00:00,long,28442.9,28374.89,SL,-0.3689,36.5214,1.0
2023-10-18 00:15:00+00:00,2023-10-18 00:35:00+00:00,long,28423.94,28350.66,SL,-0.3652,36.1562,1.0
2023-10-18 01:25:00+00:00,2023-10-18 02:00:00+00:00,short,28346.3,28404.38,SL,-0.3616,35.7946,1.0
2023-10-18 04:45:00+00:00,2023-10-18 04:55:00+00:00,long,28554.99,28730.72,TP,0.7159,36.5105,1.0
2023-10-18 08:30:00+00:00,2023-10-18 09:55:00+00:00,long,28532.12,28267.58,SL,-0.3651,36.1454,1.0
2023-10-18 11:05:00+00:00,2023-10-18 14:35:00+00:00,short,28342.57,28224.7,TP,0.7229,36.8683,1.0
2023-10-18 17:35:00+00:00,2023-10-18 20:35:00+00:00,short,28346.73,28228.64,TP,0.7374,37.6057,1.0
2023-10-18 23:20:00+00:00,2023-10-19 00:50:00+00:00,short,28320.73,28392.22,SL,-0.3761,37.2296,1.0
2023-10-19 01:35:00+00:00,2023-10-19 01:40:00+00:00,short,28335.0,28130.48,TP,0.7446,37.9742,1.0
2023-10-19 05:45:00+00:00,2023-10-19 08:05:00+00:00,short,28296.16,28357.06,SL,-0.3797,37.5945,1.0
2023-10-19 09:25:00+00:00,2023-10-19 10:05:00+00:00,long,28360.01,28493.33,TP,0.7519,38.3463,1.0
2023-10-19 12:05:00+00:00,2023-10-19 14:45:00+00:00,long,28474.1,28606.27,TP,0.7669,39.1133,1.0
2023-10-19 15:45:00+00:00,2023-10-19 16:20:00+00:00,long,28730.0,28866.49,TP,0.7823,39.8955,1.0
2023-10-19 18:15:00+00:00,2023-10-19 19:35:00+00:00,long,28624.76,28757.98,TP,0.7979,40.6934,1.0
2023-10-19 20:40:00+00:00,2023-10-19 20:55:00+00:00,long,28833.68,28715.38,SL,-0.4069,40.2865,1.0
2023-10-19 22:20:00+00:00,2023-10-20 01:00:00+00:00,long,28679.99,28621.32,SL,-0.4029,39.8836,1.0
2023-10-20 01:45:00+00:00,2023-10-20 02:20:00+00:00,long,28639.74,28809.87,TP,0.7977,40.6813,1.0
2023-10-20 06:45:00+00:00,2023-10-20 08:15:00+00:00,long,29266.87,29438.96,TP,0.8136,41.4949,1.0
2023-10-20 10:15:00+00:00,2023-10-20 10:25:00+00:00,long,29962.53,29840.02,SL,-0.4149,41.08,1.0
2023-10-20 10:35:00+00:00,2023-10-20 10:45:00+00:00,long,29995.71,29914.43,SL,-0.4108,40.6692,1.0
2023-10-20 13:35:00+00:00,2023-10-20 14:10:00+00:00,long,29602.72,29460.01,SL,-0.4067,40.2625,1.0
2023-10-20 15:50:00+00:00,2023-10-20 16:10:00+00:00,long,29549.11,29473.59,SL,-0.4026,39.8599,1.0
2023-10-20 16:20:00+00:00,2023-10-20 17:00:00+00:00,long,29548.01,29451.2,SL,-0.3986,39.4613,1.0
2023-10-20 17:40:00+00:00,2023-10-20 19:20:00+00:00,long,29495.63,29418.89,SL,-0.3946,39.0667,1.0
2023-10-20 19:50:00+00:00,2023-10-20 22:55:00+00:00,long,29541.55,29661.67,TP,0.7813,39.848,1.0
2023-10-20 23:00:00+00:00,2023-10-21 00:40:00+00:00,long,29683.55,29616.36,SL,-0.3985,39.4495,1.0
2023-10-21 06:00:00+00:00,2023-10-21 06:35:00+00:00,long,29594.24,29713.27,TP,0.789,40.2385,1.0
2023-10-21 07:25:00+00:00,2023-10-21 08:10:00+00:00,long,29716.24,29656.25,SL,-0.4024,39.8361,1.0
2023-10-21 09:40:00+00:00,2023-10-21 14:45:00+00:00,long,29732.02,29886.78,TP,0.7967,40.6329,1.0
2023-10-21 15:40:00+00:00,2023-10-21 17:40:00+00:00,long,29875.76,30074.66,TP,0.8127,41.4455,1.0
2023-10-21 18:35:00+00:00,2023-10-21 20:20:00+00:00,long,30113.21,29951.68,SL,-0.4145,41.0311,1.0
2023-10-21 21:30:00+00:00,2023-10-21 22:25:00+00:00,long,30039.96,29968.19,SL,-0.4103,40.6207,1.0
2023-10-21 22:45:00+00:00,2023-10-21 23:05:00+00:00,long,29999.91,29931.12,SL,-0.4062,40.2145,1.0
2023-10-22 00:10:00+00:00,2023-10-22 01:10:00+00:00,long,29943.0,30065.6,TP,0.8043,41.0188,1.0
2023-10-22 01:30:00+00:00,2023-10-22 04:35:00+00:00,short,29894.14,29968.29,SL,-0.4102,40.6086,1.0
2023-10-22 05:50:00+00:00,2023-10-22 07:10:00+00:00,long,30062.65,29979.18,SL,-0.4061,40.2026,1.0
2023-10-22 11:00:00+00:00,2023-10-22 12:25:00+00:00,short,29883.15,29951.94,SL,-0.402,39.8005,1.0
2023-10-22 12:50:00+00:00,2023-10-22 21:55:00+00:00,short,29903.09,29750.01,TP,0.796,40.5965,1.0
2023-10-23 00:45:00+00:00,2023-10-23 01:20:00+00:00,long,30103.11,30250.5,TP,0.8119,41.4085,1.0
2023-10-23 03:40:00+00:00,2023-10-23 03:45:00+00:00,long,30496.27,30663.31,TP,0.8282,42.2366,1.0
2023-10-23 05:20:00+00:00,2023-10-23 05:55:00+00:00,long,30854.19,30788.62,SL,-0.4224,41.8143,1.0
2023-10-23 08:45:00+00:00,2023-10-23 09:25:00+00:00,long,30599.53,30491.01,SL,-0.4181,41.3961,1.0
2023-10-23 10:15:00+00:00,2023-10-23 11:15:00+00:00,long,30504.76,30628.26,TP,0.8279,42.224,1.0
2023-10-23 14:05:00+00:00,2023-10-23 14:50:00+00:00,long,30657.89,30797.63,TP,0.8445,43.0685,1.0
2023-10-23 16:40:00+00:00,2023-10-23 16:50:00+00:00,long,31020.31,31199.29,TP,0.8614,43.9299,1.0
2023-10-23 18:55:00+00:00,2023-10-23 19:00:00+00:00,long,31168.3,31340.01,TP,0.8786,44.8085,1.0
2023-10-23 22:10:00+00:00,2023-10-23 22:25:00+00:00,long,31886.12,32182.71,TP,0.8962,45.7047,1.0
2023-10-24 00:30:00+00:00,2023-10-24 00:35:00+00:00,long,33530.0,33429.99,SL,-0.457,45.2476,1.0
2023-10-24 01:55:00+00:00,2023-10-24 02:00:00+00:00,long,34190.94,34439.7,TP,0.905,46.1526,1.0
2023-10-24 05:15:00+00:00,2023-10-24 05:40:00+00:00,long,34475.99,34337.91,SL,-0.4615,45.691,1.0
2023-10-24 07:15:00+00:00,2023-10-24 07:20:00+00:00,long,33964.13,33886.48,SL,-0.4569,45.2341,1.0
2023-10-24 07:40:00+00:00,2023-10-24 08:05:00+00:00,long,33888.78,34057.07,TP,0.9047,46.1388,1.0
2023-10-24 10:35:00+00:00,2023-10-24 11:10:00+00:00,long,34445.21,34683.55,TP,0.9228,47.0616,1.0
2023-10-24 12:35:00+00:00,2023-10-24 12:45:00+00:00,long,34764.43,34651.83,SL,-0.4706,46.591,1.0
2023-10-24 14:45:00+00:00,2023-10-24 15:10:00+00:00,long,34410.06,34313.3,SL,-0.4659,46.1251,1.0
2023-10-24 16:10:00+00:00,2023-10-24 16:30:00+00:00,long,33885.54,34275.85,TP,0.9225,47.0476,1.0
2023-10-24 20:45:00+00:00,2023-10-24 21:00:00+00:00,short,33748.8,33581.09,TP,0.941,47.9885,1.0
2023-10-24 21:50:00+00:00,2023-10-24 22:00:00+00:00,long,34063.29,33972.91,SL,-0.4799,47.5086,1.0
2023-10-25 00:45:00+00:00,2023-10-25 01:05:00+00:00,long,33995.94,34201.79,TP,0.9502,48.4588,1.0
2023-10-25 04:05:00+00:00,2023-10-25 04:15:00+00:00,long,34030.0,33961.28,SL,-0.4846,47.9742,1.0
2023-10-25 04:20:00+00:00,2023-10-25 04:55:00+00:00,long,34035.52,34193.55,TP,0.9595,48.9337,1.0
2023-10-25 06:10:00+00:00,2023-10-25 07:20:00+00:00,long,34106.13,34025.36,SL,-0.4893,48.4444,1.0
2023-10-25 10:30:00+00:00,2023-10-25 11:05:00+00:00,long,34180.01,34319.99,TP,0.9689,49.4133,1.0
2023-10-25 12:10:00+00:00,2023-10-25 12:35:00+00:00,long,34388.85,34293.45,SL,-0.4941,48.9191,1.0
2023-10-25 13:05:00+00:00,2023-10-25 13:20:00+00:00,long,34434.04,34589.31,TP,0.9784,49.8975,1.0
2023-10-25 14:30:00+00:00,2023-10-25 15:30:00+00:00,long,34671.5,34969.48,TP,0.998,50.8955,1.0
2023-10-25 16:05:00+00:00,2023-10-25 16:15:00+00:00,long,34963.94,34870.0,SL,-0.509,50.3865,1.0
2023-10-25 17:55:00+00:00,2023-10-25 18:20:00+00:00,long,34660.15,34513.53,SL,-0.5039,49.8826,1.0
2023-10-25 18:50:00+00:00,2023-10-25 19:15:00+00:00,long,34660.0,34561.56,SL,-0.4988,49.3838,1.0
2023-10-25 22:30:00+00:00,2023-10-25 23:00:00+00:00,long,34622.73,34374.27,SL,-0.4938,48.89,1.0
2023-10-25 23:55:00+00:00,2023-10-26 00:55:00+00:00,long,34496.05,34660.0,TP,0.9778,49.8678,1.0
2023-10-26 03:00:00+00:00,2023-10-26 04:30:00+00:00,long,34770.97,34696.44,SL,-0.4987,49.3691,1.0
2023-10-26 08:10:00+00:00,2023-10-26 09:25:00+00:00,short,34553.87,34410.01,TP,0.9874,50.3565,1.0
2023-10-26 10:35:00+00:00,2023-10-26 11:25:00+00:00,short,34340.19,34171.96,TP,1.0071,51.3636,1.0
2023-10-26 13:55:00+00:00,2023-10-26 14:00:00+00:00,short,34176.0,34281.95,SL,-0.5136,50.85,1.0
2023-10-26 14:20:00+00:00,2023-10-26 14:25:00+00:00,short,34202.28,34285.3,SL,-0.5085,50.3415,1.0
2023-10-26 14:30:00+00:00,2023-10-26 14:45:00+00:00,short,34054.69,34182.86,SL,-0.5034,49.8381,1.0
2023-10-26 16:40:00+00:00,2023-10-26 18:00:00+00:00,short,33883.82,33998.99,SL,-0.4984,49.3397,1.0
2023-10-26 19:20:00+00:00,2023-10-26 19:50:00+00:00,short,33964.0,34036.72,SL,-0.4934,48.8463,1.0
2023-10-26 21:15:00+00:00,2023-10-26 22:55:00+00:00,short,34145.9,34227.74,SL,-0.4885,48.3578,1.0
2023-10-26 23:30:00+00:00,2023-10-27 00:40:00+00:00,short,34165.55,34027.99,TP,0.9672,49.325,1.0
2023-10-27 01:45:00+00:00,2023-10-27 02:10:00+00:00,short,33908.0,33978.31,SL,-0.4933,48.8317,1.0
2023-10-27 04:00:00+00:00,2023-10-27 04:45:00+00:00,short,34087.69,34155.99,SL,-0.4883,48.3434,1.0
2023-10-27 05:05:00+00:00,2023-10-27 06:10:00+00:00,short,34063.0,34145.91,SL,-0.4834,47.86,1.0
2023-10-27 07:20:00+00:00,2023-10-27 07:50:00+00:00,short,34116.91,33954.36,TP,0.9572,48.8172,1.0
2023-10-27 12:25:00+00:00,2023-10-27 12:30:00+00:00,short,33949.68,34032.34,SL,-0.4882,48.329,1.0
2023-10-27 14:00:00+00:00,2023-10-27 14:25:00+00:00,short,34068.02,33924.18,TP,0.9666,49.2956,1.0
2023-10-27 16:35:00+00:00,2023-10-27 17:05:00+00:00,short,33930.84,33647.88,TP,0.9859,50.2815,1.0
2023-10-27 21:25:00+00:00,2023-10-27 21:30:00+00:00,short,33775.65,33848.52,SL,-0.5028,49.7787,1.0
2023-10-28 00:15:00+00:00,2023-10-28 02:45:00+00:00,short,33862.71,33958.26,SL,-0.4978,49.2809,1.0
2023-10-28 05:00:00+00:00,2023-10-28 07:55:00+00:00,long,34118.35,34044.99,SL,-0.4928,48.7881,1.0
2023-10-28 08:20:00+00:00,2023-10-28 11:20:00+00:00,long,34079.1,34378.19,TP,0.9758,49.7638,1.0
2023-10-28 13:35:00+00:00,2023-10-28 15:50:00+00:00,long,34074.87,34231.51,TP,0.9953,50.7591,1.0
2023-10-28 18:35:00+00:00,2023-10-28 23:05:00+00:00,long,34151.63,34082.81,SL,-0.5076,50.2515,1.0
2023-10-29 00:00:00+00:00,2023-10-29 08:15:00+00:00,short,34068.74,34140.0,SL,-0.5025,49.749,1.0
2023-10-29 11:20:00+00:00,2023-10-29 12:45:00+00:00,long,34257.72,34395.0,TP,0.995,50.744,1.0
2023-10-29 14:30:00+00:00,2023-10-29 16:25:00+00:00,long,34461.19,34375.31,SL,-0.5074,50.2365,1.0
2023-10-29 17:15:00+00:00,2023-10-29 17:35:00+00:00,long,34432.31,34621.55,TP,1.0047,51.2413,1.0
2023-10-29 21:05:00+00:00,2023-10-29 21:55:00+00:00,long,34606.67,34437.44,SL,-0.5124,50.7289,1.0
2023-10-29 22:20:00+00:00,2023-10-29 23:45:00+00:00,long,34598.0,34513.28,SL,-0.5073,50.2216,1.0
2023-10-30 01:10:00+00:00,2023-10-30 01:50:00+00:00,long,34505.53,34427.18,SL,-0.5022,49.7194,1.0
2023-10-30 05:20:00+00:00,2023-10-30 08:40:00+00:00,short,34273.6,34377.63,SL,-0.4972,49.2222,1.0
2023-10-30 11:45:00+00:00,2023-10-30 12:25:00+00:00,long,34640.09,34822.67,TP,0.9844,50.2066,1.0
2023-10-30 13:35:00+00:00,2023-10-30 14:35:00+00:00,long,34695.85,34622.84,SL,-0.5021,49.7045,1.0
2023-10-30 15:15:00+00:00,2023-10-30 15:25:00+00:00,long,34747.05,34645.33,SL,-0.497,49.2075,1.0
2023-10-30 20:15:00+00:00,2023-10-30 20:50:00+00:00,short,34350.01,34426.94,SL,-0.4921,48.7154,1.0
2023-10-31 00:10:00+00:00,2023-10-31 01:15:00+00:00,long,34516.79,34446.93,SL,-0.4872,48.2283,1.0
2023-10-31 06:30:00+00:00,2023-10-31 06:35:00+00:00,short,34202.41,34288.68,SL,-0.4823,47.746,1.0
2023-10-31 11:00:00+00:00,2023-10-31 12:25:00+00:00,long,34465.4,34393.12,SL,-0.4775,47.2685,1.0
2023-10-31 15:40:00+00:00,2023-10-31 16:05:00+00:00,short,34207.85,34284.76,SL,-0.4727,46.7958,1.0
2023-10-31 18:50:00+00:00,2023-10-31 20:10:00+00:00,long,34439.99,34582.92,TP,0.9359,47.7318,1.0
2023-10-31 22:35:00+00:00,2023-11-01 00:40:00+00:00,long,34577.77,34508.41,SL,-0.4773,47.2544,1.0
2023-11-01 01:30:00+00:00,2023-11-01 02:00:00+00:00,long,34553.08,34472.37,SL,-0.4725,46.7819,1.0
2023-11-01 02:35:00+00:00,2023-11-01 03:35:00+00:00,long,34487.93,34413.64,SL,-0.4678,46.3141,1.0
2023-11-01 04:00:00+00:00,2023-11-01 07:20:00+00:00,short,34395.98,34482.5,SL,-0.4631,45.8509,1.0
2023-11-01 09:30:00+00:00,2023-11-01 10:35:00+00:00,long,34473.56,34397.6,SL,-0.4585,45.3924,1.0
2023-11-01 12:25:00+00:00,2023-11-01 12:35:00+00:00,short,34363.55,34462.08,SL,-0.4539,44.9385,1.0
2023-11-01 17:30:00+00:00,2023-11-01 17:40:00+00:00,short,34390.6,34517.09,SL,-0.4494,44.4891,1.0
2023-11-01 19:00:00+00:00,2023-11-01 19:10:00+00:00,long,34629.55,34513.82,SL,-0.4449,44.0442,1.0
2023-11-01 19:25:00+00:00,2023-11-01 19:35:00+00:00,long,34678.38,34572.95,SL,-0.4404,43.6038,1.0
2023-11-01 20:10:00+00:00,2023-11-01 20:25:00+00:00,long,34652.08,34793.83,TP,0.8721,44.4759,1.0
2023-11-02 00:10:00+00:00,2023-11-02 00:35:00+00:00,long,35540.77,35426.37,SL,-0.4448,44.0311,1.0
2023-11-02 01:25:00+00:00,2023-11-02 02:40:00+00:00,long,35559.59,35731.99,TP,0.8806,44.9117,1.0
2023-11-02 06:25:00+00:00,2023-11-02 09:30:00+00:00,long,35189.21,35367.49,TP,0.8982,45.81,1.0
2023-11-02 12:35:00+00:00,2023-11-02 12:55:00+00:00,long,35425.65,35351.13,SL,-0.4581,45.3519,1.0
2023-11-02 15:20:00+00:00,2023-11-02 15:40:00+00:00,short,34668.39,34746.34,SL,-0.4535,44.8983,1.0
2023-11-02 16:20:00+00:00,2023-11-02 16:35:00+00:00,short,34505.01,34582.0,SL,-0.449,44.4494,1.0
2023-11-02 20:25:00+00:00,2023-11-03 00:30:00+00:00,short,34903.93,34715.6,TP,0.889,45.3383,1.0
2023-11-03 04:15:00+00:00,2023-11-03 04:45:00+00:00,short,34630.0,34399.99,TP,0.9068,46.2451,1.0
2023-11-03 06:55:00+00:00,2023-11-03 08:05:00+00:00,short,34444.92,34528.68,SL,-0.4625,45.7827,1.0
2023-11-03 08:40:00+00:00,2023-11-03 09:50:00+00:00,short,34401.87,34235.68,TP,0.9157,46.6983,1.0
2023-11-03 23:00:00+00:00,2023-11-04 06:00:00+00:00,long,34665.61,34843.37,TP,0.934,47.6323,1.0
2023-11-04 07:20:00+00:00,2023-11-04 07:50:00+00:00,long,34867.12,34791.17,SL,-0.4763,47.156,1.0
2023-11-04 08:45:00+00:00,2023-11-04 09:55:00+00:00,long,34840.01,34757.01,SL,-0.4716,46.6844,1.0
2023-11-04 11:20:00+00:00,2023-11-04 13:50:00+00:00,long,34750.0,34680.01,SL,-0.4668,46.2176,1.0
2023-11-04 14:15:00+00:00,2023-11-04 22:05:00+00:00,long,34726.98,34884.83,TP,0.9244,47.1419,1.0
2023-11-05 01:45:00+00:00,2023-11-05 03:50:00+00:00,long,35024.69,35205.0,TP,0.9428,48.0847,1.0
2023-11-05 07:20:00+00:00,2023-11-05 08:45:00+00:00,long,35113.35,35035.18,SL,-0.4808,47.6039,1.0
2023-11-05 09:35:00+00:00,2023-11-05 13:50:00+00:00,long,35110.18,35022.24,SL,-0.476,47.1279,1.0
2023-11-05 19:15:00+00:00,2023-11-05 19:40:00+00:00,long,35085.3,35009.24,SL,-0.4713,46.6566,1.0
2023-11-05 20:25:00+00:00,2023-11-05 20:50:00+00:00,long,35084.5,34984.18,SL,-0.4666,46.19,1.0
2023-11-06 01:00:00+00:00,2023-11-06 01:35:00+00:00,long,35067.7,34971.21,SL,-0.4619,45.7281,1.0
2023-11-06 03:05:00+00:00,2023-11-06 03:30:00+00:00,short,34854.35,34943.94,SL,-0.4573,45.2708,1.0
2023-11-06 04:20:00+00:00,2023-11-06 05:40:00+00:00,short,34883.54,34740.43,TP,0.9054,46.1762,1.0
2023-11-06 08:15:00+00:00,2023-11-06 08:55:00+00:00,short,34841.62,34955.34,SL,-0.4618,45.7145,1.0
2023-11-06 14:05:00+00:00,2023-11-06 16:15:00+00:00,long,35095.5,35017.89,SL,-0.4571,45.2573,1.0
2023-11-06 18:10:00+00:00,2023-11-06 18:45:00+00:00,short,34881.32,34986.89,SL,-0.4526,44.8048,1.0
2023-11-06 20:10:00+00:00,2023-11-06 22:00:00+00:00,short,34960.01,35049.99,SL,-0.448,44.3567,1.0
2023-11-07 01:20:00+00:00,2023-11-07 01:45:00+00:00,short,34856.11,34930.48,SL,-0.4436,43.9132,1.0
2023-11-07 02:25:00+00:00,2023-11-07 04:00:00+00:00,short,34860.0,34938.85,SL,-0.4391,43.474,1.0
2023-11-07 04:20:00+00:00,2023-11-07 06:35:00+00:00,short,34857.42,34929.07,SL,-0.4347,43.0393,1.0
2023-11-07 07:20:00+00:00,2023-11-07 08:05:00+00:00,short,34890.13,34969.87,SL,-0.4304,42.6089,1.0
2023-11-07 08:20:00+00:00,2023-11-07 09:35:00+00:00,short,34911.21,34760.0,TP,0.8522,43.4611,1.0
2023-11-07 12:05:00+00:00,2023-11-07 12:15:00+00:00,short,34567.79,34690.25,SL,-0.4346,43.0265,1.0
2023-11-07 13:35:00+00:00,2023-11-07 13:45:00+00:00,short,34638.33,34739.09,SL,-0.4303,42.5962,1.0
2023-11-07 15:05:00+00:00,2023-11-07 17:00:00+00:00,short,34760.01,34607.97,TP,0.8519,43.4481,1.0
2023-11-07 20:45:00+00:00,2023-11-07 20:50:00+00:00,long,35684.03,35848.93,TP,0.869,44.3171,1.0
2023-11-07 23:15:00+00:00,2023-11-08 00:20:00+00:00,long,35402.2,35320.6,SL,-0.4432,43.8739,1.0
2023-11-08 00:55:00+00:00,2023-11-08 03:10:00+00:00,long,35359.82,35288.65,SL,-0.4387,43.4352,1.0
2023-11-08 04:00:00+00:00,2023-11-08 06:00:00+00:00,long,35295.43,35198.42,SL,-0.4344,43.0008,1.0
2023-11-08 06:30:00+00:00,2023-11-08 07:55:00+00:00,long,35298.44,35226.4,SL,-0.43,42.5708,1.0
2023-11-08 08:15:00+00:00,2023-11-08 11:00:00+00:00,long,35273.49,35420.21,TP,0.8514,43.4222,1.0
2023-11-08 12:55:00+00:00,2023-11-08 13:20:00+00:00,long,35391.09,35316.88,SL,-0.4342,42.988,1.0
2023-11-08 13:50:00+00:00,2023-11-08 14:35:00+00:00,long,35393.36,35316.78,SL,-0.4299,42.5581,1.0
2023-11-08 18:05:00+00:00,2023-11-08 18:45:00+00:00,long,35425.49,35569.58,TP,0.8512,43.4093,1.0
2023-11-08 19:40:00+00:00,2023-11-08 20:30:00+00:00,long,35682.08,35582.87,SL,-0.4341,42.9752,1.0
2023-11-08 21:05:00+00:00,2023-11-08 21:10:00+00:00,long,35753.6,35598.0,SL,-0.4298,42.5454,1.0
2023-11-08 22:00:00+00:00,2023-11-08 23:50:00+00:00,long,35771.28,35681.2,SL,-0.4255,42.12,1.0
2023-11-09 00:35:00+00:00,2023-11-09 01:45:00+00:00,long,35841.96,36034.63,TP,0.8424,42.9624,1.0
2023-11-09 03:30:00+00:00,2023-11-09 03:45:00+00:00,long,36492.04,36376.77,SL,-0.4296,42.5328,1.0
2023-11-09 04:35:00+00:00,2023-11-09 04:50:00+00:00,long,36767.57,36688.6,SL,-0.4253,42.1074,1.0
2023-11-09 06:15:00+00:00,2023-11-09 07:05:00+00:00,long,36761.37,36673.76,SL,-0.4211,41.6864,1.0
2023-11-09 08:50:00+00:00,2023-11-09 09:05:00+00:00,long,36671.34,36594.42,SL,-0.4169,41.2695,1.0
2023-11-09 11:50:00+00:00,2023-11-09 12:15:00+00:00,long,36791.29,36949.27,TP,0.8254,42.0949,1.0
2023-11-09 13:45:00+00:00,2023-11-09 14:05:00+00:00,long,37060.87,37304.84,TP,0.8419,42.9368,1.0
2023-11-09 19:15:00+00:00,2023-11-09 19:30:00+00:00,short,36218.39,36293.78,SL,-0.4294,42.5074,1.0
2023-11-09 20:35:00+00:00,2023-11-09 20:40:00+00:00,short,36172.2,36245.53,SL,-0.4251,42.0823,1.0
2023-11-09 21:50:00+00:00,2023-11-09 22:00:00+00:00,short,36491.92,36573.49,SL,-0.4208,41.6615,1.0
2023-11-09 22:05:00+00:00,2023-11-09 22:20:00+00:00,long,36637.79,36550.69,SL,-0.4166,41.2449,1.0
2023-11-09 23:35:00+00:00,2023-11-10 00:20:00+00:00,long,36683.21,36594.88,SL,-0.4124,40.8325,1.0
2023-11-10 01:20:00+00:00,2023-11-10 02:35:00+00:00,long,36640.06,36787.42,TP,0.8166,41.6491,1.0
2023-11-10 05:55:00+00:00,2023-11-10 06:15:00+00:00,long,36754.5,36647.07,SL,-0.4165,41.2326,1.0
2023-11-10 07:00:00+00:00,2023-11-10 07:05:00+00:00,long,36679.3,36601.1,SL,-0.4123,40.8203,1.0
2023-11-10 12:55:00+00:00,2023-11-10 13:20:00+00:00,long,37185.32,37093.46,SL,-0.4082,40.4121,1.0
2023-11-10 15:05:00+00:00,2023-11-10 15:25:00+00:00,long,37133.55,37032.24,SL,-0.4041,40.008,1.0
2023-11-10 16:00:00+00:00,2023-11-10 16:05:00+00:00,long,37130.0,37356.64,TP,0.8002,40.8081,1.0
2023-11-10 18:50:00+00:00,2023-11-10 20:05:00+00:00,long,37256.81,37133.46,SL,-0.4081,40.4,1.0
2023-11-10 20:50:00+00:00,2023-11-10 22:40:00+00:00,long,37272.14,37163.69,SL,-0.404,39.996,1.0
2023-11-10 22:50:00+00:00,2023-11-10 23:55:00+00:00,long,37382.2,37301.63,SL,-0.4,39.5961,1.0
2023-11-11 00:25:00+00:00,2023-11-11 00:30:00+00:00,long,37398.34,37312.35,SL,-0.396,39.2001,1.0
2023-11-11 04:20:00+00:00,2023-11-11 04:50:00+00:00,short,36990.15,37067.06,SL,-0.392,38.8081,1.0
2023-11-11 06:00:00+00:00,2023-11-11 13:35:00+00:00,short,37058.16,37188.99,SL,-0.3881,38.42,1.0
2023-11-11 16:35:00+00:00,2023-11-11 17:10:00+00:00,long,37152.2,37059.93,SL,-0.3842,38.0358,1.0
2023-11-11 17:40:00+00:00,2023-11-11 20:30:00+00:00,long,37117.68,37019.99,SL,-0.3804,37.6555,1.0
2023-11-11 23:05:00+00:00,2023-11-11 23:35:00+00:00,short,36826.64,36914.0,SL,-0.3766,37.2789,1.0
2023-11-12 00:35:00+00:00,2023-11-12 00:45:00+00:00,short,36927.92,36770.18,TP,0.7456,38.0245,1.0
2023-11-12 02:20:00+00:00,2023-11-12 03:50:00+00:00,short,36901.11,36978.7,SL,-0.3802,37.6443,1.0
2023-11-12 04:35:00+00:00,2023-11-12 04:55:00+00:00,short,36927.41,37006.0,SL,-0.3764,37.2678,1.0
2023-11-12 10:25:00+00:00,2023-11-12 12:25:00+00:00,long,37070.23,36991.1,SL,-0.3727,36.8951,1.0
2023-11-12 13:15:00+00:00,2023-11-12 23:15:00+00:00,long,37110.78,37024.92,SL,-0.369,36.5262,1.0
2023-11-13 05:10:00+00:00,2023-11-13 05:30:00+00:00,short,36828.01,36911.11,SL,-0.3653,36.1609,1.0
2023-11-13 06:30:00+00:00,2023-11-13 06:35:00+00:00,short,36821.74,36900.75,SL,-0.3616,35.7993,1.0
2023-11-13 07:55:00+00:00,2023-11-13 11:40:00+00:00,short,36960.29,36780.0,TP,0.716,36.5153,1.0
2023-11-13 13:45:00+00:00,2023-11-13 14:40:00+00:00,short,36827.07,36675.0,TP,0.7303,37.2456,1.0
2023-11-13 16:50:00+00:00,2023-11-13 17:15:00+00:00,short,36838.53,36680.01,TP,0.7449,37.9905,1.0
2023-11-13 20:30:00+00:00,2023-11-13 21:10:00+00:00,short,36785.48,36520.61,TP,0.7598,38.7503,1.0
2023-11-14 00:00:00+00:00,2023-11-14 00:20:00+00:00,short,36441.4,36258.66,TP,0.775,39.5253,1.0
2023-11-14 03:55:00+00:00,2023-11-14 05:05:00+00:00,short,36448.07,36524.99,SL,-0.3953,39.1301,1.0
2023-11-14 08:25:00+00:00,2023-11-14 09:15:00+00:00,long,36727.4,36637.65,SL,-0.3913,38.7388,1.0
2023-11-14 11:00:00+00:00,2023-11-14 11:55:00+00:00,short,36407.4,36259.18,TP,0.7748,39.5136,1.0
2023-11-14 17:15:00+00:00,2023-11-14 17:20:00+00:00,short,36130.72,36277.99,SL,-0.3951,39.1184,1.0
2023-11-14 17:45:00+00:00,2023-11-14 18:05:00+00:00,short,36180.56,35960.0,TP,0.7824,39.9008,1.0
2023-11-14 23:35:00+00:00,2023-11-15 01:55:00+00:00,short,35587.99,35424.17,TP,0.798,40.6988,1.0
2023-11-15 02:40:00+00:00,2023-11-15 02:55:00+00:00,short,35405.65,35480.6,SL,-0.407,40.2918,1.0
2023-11-15 03:35:00+00:00,2023-11-15 04:20:00+00:00,short,35407.85,35485.91,SL,-0.4029,39.8889,1.0
2023-11-15 06:05:00+00:00,2023-11-15 07:35:00+00:00,short,35559.33,35648.5,SL,-0.3989,39.49,1.0
2023-11-15 07:50:00+00:00,2023-11-15 08:00:00+00:00,short,35573.99,35651.15,SL,-0.3949,39.0951,1.0
2023-11-15 10:55:00+00:00,2023-11-15 11:20:00+00:00,long,35868.56,36117.41,TP,0.7819,39.877,1.0
2023-11-15 12:25:00+00:00,2023-11-15 12:30:00+00:00,long,36324.32,36227.04,SL,-0.3988,39.4782,1.0
2023-11-15 14:20:00+00:00,2023-11-15 14:30:00+00:00,long,36202.0,36055.12,SL,-0.3948,39.0835,1.0
2023-11-15 15:00:00+00:00,2023-11-15 15:45:00+00:00,long,36197.83,36372.0,TP,0.7817,39.8651,1.0
2023-11-15 17:35:00+00:00,2023-11-15 18:10:00+00:00,long,36430.35,37055.62,TP,0.7973,40.6624,1.0
2023-11-15 22:40:00+00:00,2023-11-15 23:20:00+00:00,long,37757.78,37648.99,SL,-0.4066,40.2558,1.0
2023-11-15 23:35:00+00:00,2023-11-16 00:30:00+00:00,long,37830.0,37740.98,SL,-0.4026,39.8532,1.0
2023-11-16 02:40:00+00:00,2023-11-16 04:10:00+00:00,long,37465.93,37363.55,SL,-0.3985,39.4547,1.0
2023-11-16 04:25:00+00:00,2023-11-16 05:20:00+00:00,long,37421.99,37346.7,SL,-0.3945,39.0602,1.0
2023-11-16 05:35:00+00:00,2023-11-16 07:00:00+00:00,long,37414.13,37620.06,TP,0.7812,39.8414,1.0
2023-11-16 09:15:00+00:00,2023-11-16 09:35:00+00:00,long,37413.99,37330.01,SL,-0.3984,39.443,1.0
2023-11-16 09:50:00+00:00,2023-11-16 11:25:00+00:00,long,37361.87,37517.28,TP,0.7889,40.2318,1.0
2023-11-16 15:45:00+00:00,2023-11-16 15:50:00+00:00,short,36479.28,36329.48,TP,0.8046,41.0365,1.0
2023-11-16 17:55:00+00:00,2023-11-16 18:20:00+00:00,short,36313.27,36103.74,TP,0.8207,41.8572,1.0
2023-11-16 19:05:00+00:00,2023-11-16 19:15:00+00:00,short,36124.78,35965.21,TP,0.8371,42.6943,1.0
2023-11-16 23:05:00+00:00,2023-11-16 23:35:00+00:00,short,36100.0,36180.0,SL,-0.4269,42.2674,1.0
2023-11-16 23:55:00+00:00,2023-11-17 00:35:00+00:00,short,36163.51,36300.83,SL,-0.4227,41.8447,1.0
2023-11-17 03:55:00+00:00,2023-11-17 04:10:00+00:00,long,36483.99,36401.28,SL,-0.4184,41.4263,1.0
2023-11-17 04:35:00+00:00,2023-11-17 04:50:00+00:00,long,36514.0,36440.2,SL,-0.4143,41.012,1.0
2023-11-17 05:00:00+00:00,2023-11-17 07:20:00+00:00,short,36406.01,36246.0,TP,0.8202,41.8322,1.0
2023-11-17 08:10:00+00:00,2023-11-17 08:15:00+00:00,short,36194.35,36292.02,SL,-0.4183,41.4139,1.0
2023-11-17 09:30:00+00:00,2023-11-17 10:55:00+00:00,short,36264.01,36363.94,SL,-0.4141,40.9998,1.0
2023-11-17 12:00:00+00:00,2023-11-17 12:55:00+00:00,short,36352.16,36525.69,SL,-0.41,40.5898,1.0
2023-11-17 16:45:00+00:00,2023-11-17 17:00:00+00:00,short,35974.82,36418.56,SL,-0.4059,40.1839,1.0
2023-11-17 20:15:00+00:00,2023-11-17 20:35:00+00:00,long,36453.37,36339.63,SL,-0.4018,39.782,1.0
2023-11-17 20:50:00+00:00,2023-11-17 21:20:00+00:00,long,36468.74,36350.72,SL,-0.3978,39.3842,1.0
2023-11-17 22:05:00+00:00,2023-11-17 23:05:00+00:00,long,36449.98,36665.61,TP,0.7877,40.1719,1.0
2023-11-18 01:35:00+00:00,2023-11-18 03:25:00+00:00,long,36453.64,36370.34,SL,-0.4017,39.7702,1.0
2023-11-18 05:00:00+00:00,2023-11-18 07:00:00+00:00,short,36365.83,36216.01,TP,0.7954,40.5656,1.0
2023-11-18 10:50:00+00:00,2023-11-18 15:25:00+00:00,long,36459.62,36619.29,TP,0.8113,41.3769,1.0
2023-11-18 18:40:00+00:00,2023-11-18 20:10:00+00:00,long,36672.52,36546.86,SL,-0.4138,40.9631,1.0
2023-11-18 22:05:00+00:00,2023-11-18 22:20:00+00:00,long,36555.65,36477.99,SL,-0.4096,40.5535,1.0
2023-11-19 00:35:00+00:00,2023-11-19 06:00:00+00:00,short,36519.09,36593.04,SL,-0.4055,40.148,1.0
2023-11-19 08:10:00+00:00,2023-11-19 10:05:00+00:00,long,36664.62,36584.77,SL,-0.4015,39.7465,1.0
2023-11-19 14:05:00+00:00,2023-11-19 15:20:00+00:00,short,36429.12,36528.86,SL,-0.3975,39.349,1.0
2023-11-19 17:30:00+00:00,2023-11-19 18:35:00+00:00,long,36597.6,36749.98,TP,0.787,40.136,1.0
2023-11-19 21:20:00+00:00,2023-11-19 23:00:00+00:00,long,36996.0,37246.0,TP,0.8027,40.9387,1.0
2023-11-20 02:50:00+00:00,2023-11-20 03:30:00+00:00,long,37313.77,37207.1,SL,-0.4094,40.5293,1.0
2023-11-20 04:30:00+00:00,2023-11-20 05:35:00+00:00,long,37161.09,37080.66,SL,-0.4053,40.124,1.0
2023-11-20 06:00:00+00:00,2023-11-20 08:40:00+00:00,long,37162.83,37070.0,SL,-0.4012,39.7228,1.0
2023-11-20 09:20:00+00:00,2023-11-20 11:00:00+00:00,long,37193.82,37364.98,TP,0.7945,40.5173,1.0
2023-11-20 12:55:00+00:00,2023-11-20 14:10:00+00:00,long,37143.1,36873.85,SL,-0.4052,40.1121,1.0
2023-11-20 14:35:00+00:00,2023-11-20 14:50:00+00:00,long,37143.98,37310.01,TP,0.8022,40.9143,1.0
2023-11-20 17:40:00+00:00,2023-11-20 17:45:00+00:00,long,37387.94,37685.59,TP,0.8183,41.7326,1.0
2023-11-20 18:45:00+00:00,2023-11-20 19:10:00+00:00,long,37580.33,37504.58,SL,-0.4173,41.3153,1.0
2023-11-20 19:25:00+00:00,2023-11-20 20:10:00+00:00,long,37593.69,37509.08,SL,-0.4132,40.9021,1.0
2023-11-20 21:55:00+00:00,2023-11-20 23:10:00+00:00,long,37415.99,37586.48,TP,0.818,41.7202,1.0
2023-11-21 00:25:00+00:00,2023-11-21 00:35:00+00:00,long,37513.91,37419.49,SL,-0.4172,41.303,1.0
2023-11-21 01:25:00+00:00,2023-11-21 01:55:00+00:00,long,37434.37,37600.61,TP,0.8261,42.129,1.0
2023-11-21 02:35:00+00:00,2023-11-21 02:45:00+00:00,long,37579.11,37498.45,SL,-0.4213,41.7077,1.0
2023-11-21 07:05:00+00:00,2023-11-21 08:25:00+00:00,short,37298.63,37379.48,SL,-0.4171,41.2907,1.0
2023-11-21 09:35:00+00:00,2023-11-21 11:25:00+00:00,short,37359.36,37193.52,TP,0.8258,42.1165,1.0
2023-11-21 13:35:00+00:00,2023-11-21 14:05:00+00:00,short,37096.59,36910.4,TP,0.8423,42.9588,1.0
2023-11-21 17:35:00+00:00,2023-11-21 17:40:00+00:00,short,37044.02,36828.57,TP,0.8592,43.818,1.0
2023-11-21 20:05:00+00:00,2023-11-21 20:15:00+00:00,short,36894.83,36999.86,SL,-0.4382,43.3798,1.0
2023-11-21 20:30:00+00:00,2023-11-21 20:35:00+00:00,short,36919.99,37048.0,SL,-0.4338,42.946,1.0
2023-11-21 20:55:00+00:00,2023-11-21 21:45:00+00:00,short,36935.9,36757.99,TP,0.8589,43.8049,1.0
2023-11-22 04:20:00+00:00,2023-11-22 04:40:00+00:00,short,36373.75,36459.54,SL,-0.438,43.3669,1.0
2023-11-22 04:50:00+00:00,2023-11-22 06:30:00+00:00,short,36404.52,36513.32,SL,-0.4337,42.9332,1.0
2023-11-22 07:15:00+00:00,2023-11-22 09:35:00+00:00,short,36508.74,36655.75,SL,-0.4293,42.5039,1.0
2023-11-22 13:20:00+00:00,2023-11-22 13:30:00+00:00,short,36464.34,36623.17,SL,-0.425,42.0788,1.0
2023-11-22 14:25:00+00:00,2023-11-22 14:50:00+00:00,short,36527.61,36318.1,TP,0.8416,42.9204,1.0
2023-11-22 16:35:00+00:00,2023-11-22 17:00:00+00:00,short,36403.99,36512.65,SL,-0.4292,42.4912,1.0
2023-11-22 20:40:00+00:00,2023-11-22 21:05:00+00:00,long,37470.0,37651.55,TP,0.8498,43.341,1.0
2023-11-22 23:50:00+00:00,2023-11-23 00:30:00+00:00,long,37448.8,37358.17,SL,-0.4334,42.9076,1.0
2023-11-23 01:15:00+00:00,2023-11-23 03:05:00+00:00,long,37379.91,37264.01,SL,-0.4291,42.4786,1.0
2023-11-23 03:30:00+00:00,2023-11-23 08:35:00+00:00,long,37327.06,37487.2,TP,0.8496,43.3281,1.0
2023-11-23 09:40:00+00:00,2023-11-23 10:55:00+00:00,long,37541.91,37461.36,SL,-0.4333,42.8948,1.0
2023-11-23 12:05:00+00:00,2023-11-23 12:50:00+00:00,long,37394.61,37276.12,SL,-0.4289,42.4659,1.0
2023-11-23 13:30:00+00:00,2023-11-23 13:45:00+00:00,long,37347.15,37242.22,SL,-0.4247,42.0412,1.0
2023-11-23 15:10:00+00:00,2023-11-23 15:50:00+00:00,short,37146.31,36916.54,TP,0.8408,42.8821,1.0
2023-11-23 19:00:00+00:00,2023-11-23 19:45:00+00:00,short,37205.64,37282.23,SL,-0.4288,42.4532,1.0
2023-11-23 19:55:00+00:00,2023-11-24 01:10:00+00:00,long,37281.42,37433.5,TP,0.8491,43.3023,1.0
2023-11-24 04:35:00+00:00,2023-11-24 07:50:00+00:00,long,37324.58,37480.76,TP,0.866,44.1684,1.0
2023-11-24 09:20:00+00:00,2023-11-24 09:40:00+00:00,long,37548.69,37700.01,TP,0.8834,45.0517,1.0
2023-11-24 11:30:00+00:00,2023-11-24 11:35:00+00:00,long,37945.26,37816.02,SL,-0.4505,44.6012,1.0
2023-11-24 12:15:00+00:00,2023-11-24 12:30:00+00:00,long,37916.44,37809.0,SL,-0.446,44.1552,1.0
2023-11-24 14:50:00+00:00,2023-11-24 15:20:00+00:00,long,37771.4,38121.13,TP,0.8831,45.0383,1.0
2023-11-24 18:05:00+00:00,2023-11-24 18:20:00+00:00,long,37886.73,37759.87,SL,-0.4504,44.5879,1.0
2023-11-24 19:10:00+00:00,2023-11-24 21:00:00+00:00,long,37703.91,37861.1,TP,0.8918,45.4797,1.0
2023-11-25 02:40:00+00:00,2023-11-25 09:35:00+00:00,long,37794.23,37712.01,SL,-0.4548,45.0249,1.0
2023-11-25 10:05:00+00:00,2023-11-25 17:45:00+00:00,short,37721.1,37796.79,SL,-0.4502,44.5746,1.0
2023-11-25 18:35:00+00:00,2023-11-25 22:55:00+00:00,long,37801.46,37725.01,SL,-0.4457,44.1289,1.0
2023-11-25 23:05:00+00:00,2023-11-26 01:55:00+00:00,long,37761.47,37680.53,SL,-0.4413,43.6876,1.0
2023-11-26 04:05:00+00:00,2023-11-26 07:45:00+00:00,short,37711.59,37790.0,SL,-0.4369,43.2507,1.0
2023-11-26 08:15:00+00:00,2023-11-26 10:30:00+00:00,long,37795.72,37718.75,SL,-0.4325,42.8182,1.0
2023-11-26 11:45:00+00:00,2023-11-26 12:20:00+00:00,short,37680.92,37505.0,TP,0.8564,43.6746,1.0
2023-11-26 13:20:00+00:00,2023-11-26 16:25:00+00:00,short,37489.99,37292.95,TP,0.8735,44.5481,1.0
2023-11-26 18:35:00+00:00,2023-11-26 19:05:00+00:00,short,37190.5,37309.89,SL,-0.4455,44.1026,1.0
2023-11-26 21:20:00+00:00,2023-11-26 21:45:00+00:00,short,37497.99,37602.94,SL,-0.441,43.6616,1.0
2023-11-26 21:50:00+00:00,2023-11-26 23:00:00+00:00,long,37634.01,37542.88,SL,-0.4366,43.2249,1.0
2023-11-27 00:25:00+00:00,2023-11-27 02:15:00+00:00,long,37518.0,37406.93,SL,-0.4322,42.7927,1.0
2023-11-27 05:45:00+00:00,2023-11-27 07:30:00+00:00,short,37332.68,37161.99,TP,0.8559,43.6485,1.0
2023-11-27 09:55:00+00:00,2023-11-27 10:30:00+00:00,short,37371.09,37186.48,TP,0.873,44.5215,1.0
2023-11-27 12:30:00+00:00,2023-11-27 12:45:00+00:00,short,36956.49,37051.32,SL,-0.4452,44.0763,1.0
2023-11-27 13:30:00+00:00,2023-11-27 15:05:00+00:00,short,36889.0,36987.45,SL,-0.4408,43.6355,1.0
2023-11-27 15:50:00+00:00,2023-11-27 16:15:00+00:00,short,36837.87,36935.33,SL,-0.4364,43.1992,1.0
2023-11-27 17:45:00+00:00,2023-11-27 19:40:00+00:00,short,37020.0,36864.01,TP,0.864,44.0632,1.0
2023-11-27 20:25:00+00:00,2023-11-27 21:15:00+00:00,short,36862.24,36966.47,SL,-0.4406,43.6225,1.0
2023-11-28 00:40:00+00:00,2023-11-28 00:55:00+00:00,long,37342.75,37258.13,SL,-0.4362,43.1863,1.0
2023-11-28 02:45:00+00:00,2023-11-28 03:45:00+00:00,long,37195.0,37102.47,SL,-0.4319,42.7544,1.0
2023-11-28 04:10:00+00:00,2023-11-28 04:40:00+00:00,long,37143.34,37068.34,SL,-0.4275,42.3269,1.0
2023-11-28 07:25:00+00:00,2023-11-28 07:45:00+00:00,short,37000.0,37074.95,SL,-0.4233,41.9036,1.0
2023-11-28 08:15:00+00:00,2023-11-28 09:35:00+00:00,short,37018.75,37103.83,SL,-0.419,41.4846,1.0
2023-11-28 10:20:00+00:00,2023-11-28 11:15:00+00:00,short,37042.58,37145.67,SL,-0.4148,41.0697,1.0
2023-11-28 12:30:00+00:00,2023-11-28 13:00:00+00:00,long,37276.89,37165.97,SL,-0.4107,40.6591,1.0
2023-11-28 13:30:00+00:00,2023-11-28 15:40:00+00:00,long,37304.87,37484.96,TP,0.8132,41.4722,1.0
2023-11-28 15:45:00+00:00,2023-11-28 16:35:00+00:00,long,37526.56,37709.98,TP,0.8294,42.3017,1.0
2023-11-28 19:40:00+00:00,2023-11-28 19:45:00+00:00,long,38286.51,38153.01,SL,-0.423,41.8787,1.0
2023-11-28 20:55:00+00:00,2023-11-28 21:05:00+00:00,long,38198.4,38120.01,SL,-0.4188,41.4599,1.0
2023-11-29 00:25:00+00:00,2023-11-29 00:50:00+00:00,long,37763.05,37916.63,TP,0.8292,42.2891,1.0
2023-11-29 03:05:00+00:00,2023-11-29 04:15:00+00:00,long,37969.21,37891.57,SL,-0.4229,41.8662,1.0
2023-11-29 04:55:00+00:00,2023-11-29 06:40:00+00:00,long,37931.86,38121.09,TP,0.8373,42.7035,1.0
2023-11-29 08:45:00+00:00,2023-11-29 10:20:00+00:00,long,38249.58,38171.32,SL,-0.427,42.2765,1.0
2023-11-29 11:20:00+00:00,2023-11-29 12:30:00+00:00,long,38067.07,38255.99,TP,0.8455,43.122,1.0
2023-11-29 16:35:00+00:00,2023-11-29 16:40:00+00:00,short,37655.48,37747.17,SL,-0.4312,42.6908,1.0
2023-11-29 19:35:00+00:00,2023-11-29 20:35:00+00:00,short,37805.98,37648.14,TP,0.8538,43.5446,1.0
2023-11-29 21:45:00+00:00,2023-11-29 22:05:00+00:00,short,37691.11,37782.64,SL,-0.4354,43.1092,1.0
2023-11-29 23:05:00+00:00,2023-11-29 23:25:00+00:00,short,37756.01,37845.85,SL,-0.4311,42.6781,1.0
2023-11-30 00:05:00+00:00,2023-11-30 02:35:00+00:00,short,37801.64,37884.34,SL,-0.4268,42.2513,1.0
2023-11-30 07:05:00+00:00,2023-11-30 07:20:00+00:00,long,37898.77,37802.51,SL,-0.4225,41.8288,1.0
2023-11-30 11:00:00+00:00,2023-11-30 11:30:00+00:00,short,37679.63,37766.4,SL,-0.4183,41.4105,1.0
2023-11-30 13:40:00+00:00,2023-11-30 13:45:00+00:00,long,37913.34,37821.1,SL,-0.4141,40.9964,1.0
2023-11-30 15:40:00+00:00,2023-11-30 16:30:00+00:00,short,37576.97,37670.64,SL,-0.41,40.5864,1.0
2023-11-30 18:50:00+00:00,2023-11-30 22:10:00+00:00,short,37723.09,37800.01,SL,-0.4059,40.1805,1.0
2023-12-01 00:10:00+00:00,2023-12-01 01:15:00+00:00,short,37633.33,37743.11,SL,-0.4018,39.7787,1.0
2023-12-01 02:40:00+00:00,2023-12-01 04:20:00+00:00,long,37966.0,38127.98,TP,0.7956,40.5743,1.0
2023-12-01 06:45:00+00:00,2023-12-01 07:15:00+00:00,long,38162.01,38327.91,TP,0.8115,41.3858,1.0
2023-12-01 08:15:00+00:00,2023-12-01 08:25:00+00:00,long,38339.99,38238.01,SL,-0.4139,40.9719,1.0
2023-12-01 09:00:00+00:00,2023-12-01 09:15:00+00:00,long,38351.63,38570.0,TP,0.8194,41.7914,1.0
2023-12-01 13:35:00+00:00,2023-12-01 14:05:00+00:00,long,38387.8,38280.14,SL,-0.4179,41.3735,1.0
2023-12-01 14:25:00+00:00,2023-12-01 16:15:00+00:00,long,38350.24,38596.14,TP,0.8275,42.2009,1.0
2023-12-01 19:55:00+00:00,2023-12-01 23:30:00+00:00,long,38762.4,38672.89,SL,-0.422,41.7789,1.0
2023-12-02 00:05:00+00:00,2023-12-02 13:50:00+00:00,long,38688.3,38856.89,TP,0.8356,42.6145,1.0
2023-12-02 14:25:00+00:00,2023-12-02 15:00:00+00:00,long,38821.95,38710.64,SL,-0.4261,42.1884,1.0
2023-12-02 15:30:00+00:00,2023-12-02 16:45:00+00:00,long,38804.0,38724.0,SL,-0.4219,41.7665,1.0
2023-12-02 17:15:00+00:00,2023-12-02 19:00:00+00:00,long,38765.47,38927.99,TP,0.8353,42.6018,1.0
2023-12-02 20:55:00+00:00,2023-12-02 21:05:00+00:00,long,39574.61,39494.36,SL,-0.426,42.1758,1.0
2023-12-02 23:30:00+00:00,2023-12-03 02:50:00+00:00,long,39462.58,39374.68,SL,-0.4218,41.754,1.0
2023-12-03 03:50:00+00:00,2023-12-03 10:55:00+00:00,long,39373.2,39541.0,TP,0.8351,42.5891,1.0
2023-12-03 13:10:00+00:00,2023-12-03 15:45:00+00:00,long,39560.82,39736.38,TP,0.8518,43.4409,1.0
2023-12-03 16:45:00+00:00,2023-12-03 16:55:00+00:00,long,39756.93,39666.67,SL,-0.4344,43.0065,1.0
2023-12-03 18:15:00+00:00,2023-12-03 19:15:00+00:00,long,39578.18,39490.96,SL,-0.4301,42.5764,1.0
2023-12-03 19:30:00+00:00,2023-12-03 21:50:00+00:00,long,39563.05,39752.64,TP,0.8515,43.4279,1.0
2023-12-04 00:15:00+00:00,2023-12-04 01:15:00+00:00,long,40134.0,40346.86,TP,0.8686,44.2965,1.0
2023-12-04 03:25:00+00:00,2023-12-04 03:30:00+00:00,long,40872.04,40774.33,SL,-0.443,43.8535,1.0
2023-12-04 04:50:00+00:00,2023-12-04 05:05:00+00:00,long,40869.97,41152.0,TP,0.8771,44.7306,1.0
2023-12-04 08:30:00+00:00,2023-12-04 09:05:00+00:00,long,41601.1,41769.99,TP,0.8946,45.6252,1.0
2023-12-04 09:30:00+00:00,2023-12-04 09:50:00+00:00,long,41724.07,41589.18,SL,-0.4563,45.169,1.0
2023-12-04 10:25:00+00:00,2023-12-04 10:45:00+00:00,long,41790.0,41958.58,TP,0.9034,46.0723,1.0
2023-12-04 12:20:00+00:00,2023-12-04 12:30:00+00:00,long,41821.37,41610.0,SL,-0.4607,45.6116,1.0
2023-12-04 16:20:00+00:00,2023-12-04 16:50:00+00:00,long,41357.55,41567.01,TP,0.9122,46.5239,1.0
2023-12-04 18:30:00+00:00,2023-12-04 19:15:00+00:00,long,41703.36,41872.32,TP,0.9305,47.4543,1.0
2023-12-04 21:45:00+00:00,2023-12-04 22:05:00+00:00,long,41904.74,42099.99,TP,0.9491,48.4034,1.0
2023-12-05 00:45:00+00:00,2023-12-05 01:15:00+00:00,long,41877.53,41714.98,SL,-0.484,47.9194,1.0
2023-12-05 01:50:00+00:00,2023-12-05 02:05:00+00:00,long,41795.0,41690.02,SL,-0.4792,47.4402,1.0
2023-12-05 02:25:00+00:00,2023-12-05 05:35:00+00:00,long,41740.0,41911.81,TP,0.9488,48.389,1.0
2023-12-05 08:40:00+00:00,2023-12-05 08:55:00+00:00,short,41465.67,41614.13,SL,-0.4839,47.9051,1.0
2023-12-05 11:55:00+00:00,2023-12-05 13:05:00+00:00,long,41726.09,41935.6,TP,0.9581,48.8632,1.0
2023-12-05 13:40:00+00:00,2023-12-05 13:50:00+00:00,long,41943.9,41838.23,SL,-0.4886,48.3746,1.0
2023-12-05 14:20:00+00:00,2023-12-05 14:55:00+00:00,long,41997.76,42194.0,TP,0.9675,49.3421,1.0
2023-12-05 16:30:00+00:00,2023-12-05 16:40:00+00:00,long,42432.45,42704.51,TP,0.9868,50.3289,1.0
2023-12-05 18:35:00+00:00,2023-12-05 18:45:00+00:00,long,43877.99,43738.04,SL,-0.5033,49.8256,1.0
2023-12-05 21:10:00+00:00,2023-12-05 21:45:00+00:00,long,43782.2,44025.57,TP,0.9965,50.8221,1.0
2023-12-06 00:55:00+00:00,2023-12-06 01:05:00+00:00,long,44139.0,44047.66,SL,-0.5082,50.3139,1.0
2023-12-06 02:45:00+00:00,2023-12-06 03:30:00+00:00,long,43840.01,43708.65,SL,-0.5031,49.8108,1.0
2023-12-06 04:00:00+00:00,2023-12-06 04:20:00+00:00,long,43840.01,43705.23,SL,-0.4981,49.3127,1.0
2023-12-06 05:00:00+00:00,2023-12-06 05:35:00+00:00,long,43762.14,43604.94,SL,-0.4931,48.8195,1.0
2023-12-06 06:35:00+00:00,2023-12-06 07:10:00+00:00,long,43679.63,43565.27,SL,-0.4882,48.3313,1.0
2023-12-06 07:40:00+00:00,2023-12-06 08:30:00+00:00,long,43642.0,43834.02,TP,0.9666,49.298,1.0
2023-12-06 09:40:00+00:00,2023-12-06 10:05:00+00:00,long,43850.45,44057.2,TP,0.986,50.2839,1.0
2023-12-06 12:05:00+00:00,2023-12-06 14:20:00+00:00,long,43990.01,44181.15,TP,1.0057,51.2896,1.0
2023-12-06 14:40:00+00:00,2023-12-06 14:45:00+00:00,long,44220.5,44089.51,SL,-0.5129,50.7767,1.0
2023-12-06 16:20:00+00:00,2023-12-06 16:45:00+00:00,long,43950.22,43833.12,SL,-0.5078,50.2689,1.0
2023-12-06 19:15:00+00:00,2023-12-06 20:50:00+00:00,long,43973.45,43846.41,SL,-0.5027,49.7663,1.0
2023-12-06 22:50:00+00:00,2023-12-06 22:55:00+00:00,short,43664.0,43766.84,SL,-0.4977,49.2686,1.0
2023-12-07 01:55:00+00:00,2023-12-07 08:05:00+00:00,long,43926.98,43831.53,SL,-0.4927,48.7759,1.0
2023-12-07 10:15:00+00:00,2023-12-07 10:30:00+00:00,short,43130.35,43277.13,SL,-0.4878,48.2881,1.0
2023-12-07 12:00:00+00:00,2023-12-07 12:25:00+00:00,short,43059.92,43174.45,SL,-0.4829,47.8053,1.0
2023-12-07 13:45:00+00:00,2023-12-07 14:05:00+00:00,short,43221.07,43316.11,SL,-0.4781,47.3272,1.0
2023-12-07 14:15:00+00:00,2023-12-07 14:25:00+00:00,short,43261.11,43381.1,SL,-0.4733,46.8539,1.0
2023-12-07 22:30:00+00:00,2023-12-08 00:20:00+00:00,short,43282.29,43378.09,SL,-0.4685,46.3854,1.0
2023-12-08 01:10:00+00:00,2023-12-08 01:30:00+00:00,short,43318.6,43405.91,SL,-0.4639,45.9215,1.0
2023-12-08 04:15:00+00:00,2023-12-08 05:30:00+00:00,long,43494.78,43406.22,SL,-0.4592,45.4623,1.0
2023-12-08 06:10:00+00:00,2023-12-08 06:35:00+00:00,long,43483.43,43376.0,SL,-0.4546,45.0077,1.0
2023-12-08 09:50:00+00:00,2023-12-08 10:40:00+00:00,short,43139.31,43265.81,SL,-0.4501,44.5576,1.0
2023-12-08 12:35:00+00:00,2023-12-08 13:35:00+00:00,long,43729.74,43530.61,SL,-0.4456,44.1121,1.0
2023-12-08 14:30:00+00:00,2023-12-08 14:40:00+00:00,long,43739.55,43921.99,TP,0.8822,44.9943,1.0
2023-12-08 18:00:00+00:00,2023-12-08 19:55:00+00:00,long,43769.99,43945.11,TP,0.8999,45.8942,1.0
2023-12-09 00:25:00+00:00,2023-12-09 01:00:00+00:00,long,44260.0,44141.6,SL,-0.4589,45.4352,1.0
2023-12-09 01:45:00+00:00,2023-12-09 05:20:00+00:00,long,44111.87,44319.67,TP,0.9087,46.3439,1.0
2023-12-09 06:05:00+00:00,2023-12-09 06:40:00+00:00,long,44330.57,44217.53,SL,-0.4634,45.8805,1.0
2023-12-09 11:30:00+00:00,2023-12-09 12:50:00+00:00,short,43797.7,43888.78,SL,-0.4588,45.4217,1.0
2023-12-09 14:35:00+00:00,2023-12-09 14:45:00+00:00,short,43967.37,43770.52,TP,0.9084,46.3301,1.0
2023-12-09 15:45:00+00:00,2023-12-09 17:05:00+00:00,long,44030.68,43911.59,SL,-0.4633,45.8668,1.0
2023-12-09 18:30:00+00:00,2023-12-09 20:05:00+00:00,long,43983.6,43893.2,SL,-0.4587,45.4082,1.0
2023-12-09 20:40:00+00:00,2023-12-09 21:10:00+00:00,long,43976.11,43878.36,SL,-0.4541,44.9541,1.0
2023-12-10 02:15:00+00:00,2023-12-10 03:55:00+00:00,short,43741.84,43845.32,SL,-0.4495,44.5045,1.0
2023-12-10 07:45:00+00:00,2023-12-10 08:20:00+00:00,long,43963.01,43866.0,SL,-0.445,44.0595,1.0
2023-12-10 13:25:00+00:00,2023-12-10 13:45:00+00:00,short,43775.23,43895.53,SL,-0.4406,43.6189,1.0
2023-12-10 14:05:00+00:00,2023-12-10 14:30:00+00:00,long,43858.3,43755.01,SL,-0.4362,43.1827,1.0
2023-12-10 14:50:00+00:00,2023-12-10 17:25:00+00:00,long,43865.77,43777.01,SL,-0.4318,42.7509,1.0
2023-12-11 00:40:00+00:00,2023-12-11 01:05:00+00:00,short,43681.03,43370.01,TP,0.855,43.6059,1.0
2023-12-11 05:35:00+00:00,2023-12-11 06:35:00+00:00,short,41987.61,41794.01,TP,0.8721,44.478,1.0
2023-12-11 08:05:00+00:00,2023-12-11 08:30:00+00:00,short,42046.64,42131.21,SL,-0.4448,44.0332,1.0
2023-12-11 10:25:00+00:00,2023-12-11 11:15:00+00:00,short,42356.68,42462.94,SL,-0.4403,43.5929,1.0
2023-12-11 15:45:00+00:00,2023-12-11 15:50:00+00:00,short,41773.54,41863.69,SL,-0.4359,43.157,1.0
2023-12-11 15:55:00+00:00,2023-12-11 16:10:00+00:00,short,41803.44,41605.42,TP,0.8631,44.0201,1.0
2023-12-11 17:30:00+00:00,2023-12-11 17:50:00+00:00,short,41577.97,41309.73,TP,0.8804,44.9005,1.0
2023-12-11 19:15:00+00:00,2023-12-11 19:35:00+00:00,short,40591.88,40314.01,TP,0.898,45.7985,1.0
2023-12-11 22:55:00+00:00,2023-12-12 00:15:00+00:00,short,41286.28,41378.03,SL,-0.458,45.3406,1.0
2023-12-12 00:20:00+00:00,2023-12-12 00:30:00+00:00,long,41672.0,41538.03,SL,-0.4534,44.8871,1.0
2023-12-12 02:25:00+00:00,2023-12-12 03:40:00+00:00,long,41885.86,41755.73,SL,-0.4489,44.4383,1.0
2023-12-12 06:05:00+00:00,2023-12-12 06:45:00+00:00,short,41462.28,41601.75,SL,-0.4444,43.9939,1.0
2023-12-12 08:45:00+00:00,2023-12-12 09:00:00+00:00,long,42014.0,41927.76,SL,-0.4399,43.554,1.0
2023-12-12 11:05:00+00:00,2023-12-12 11:35:00+00:00,long,41795.71,41683.86,SL,-0.4355,43.1184,1.0
2023-12-12 12:15:00+00:00,2023-12-12 13:05:00+00:00,long,41794.9,41981.1,TP,0.8624,43.9808,1.0
2023-12-12 16:05:00+00:00,2023-12-12 16:20:00+00:00,short,41195.11,41294.0,SL,-0.4398,43.541,1.0
2023-12-12 17:20:00+00:00,2023-12-12 17:30:00+00:00,short,41026.96,40800.01,TP,0.8708,44.4118,1.0
2023-12-12 19:20:00+00:00,2023-12-12 19:30:00+00:00,short,41102.0,41239.57,SL,-0.4441,43.9677,1.0
2023-12-12 20:40:00+00:00,2023-12-12 20:45:00+00:00,short,41134.86,41251.82,SL,-0.4397,43.528,1.0
2023-12-12 21:40:00+00:00,2023-12-12 23:05:00+00:00,short,41213.65,41303.1,SL,-0.4353,43.0927,1.0
2023-12-13 00:05:00+00:00,2023-12-13 00:40:00+00:00,short,41389.36,41476.08,SL,-0.4309,42.6618,1.0
2023-12-13 03:50:00+00:00,2023-12-13 04:00:00+00:00,short,40790.78,40876.0,SL,-0.4266,42.2352,1.0
2023-12-13 04:10:00+00:00,2023-12-13 04:25:00+00:00,short,40740.8,40831.77,SL,-0.4224,41.8128,1.0
2023-12-13 06:40:00+00:00,2023-12-13 07:05:00+00:00,short,40938.43,41121.11,SL,-0.4181,41.3947,1.0
2023-12-13 10:10:00+00:00,2023-12-13 10:25:00+00:00,long,41250.0,41153.13,SL,-0.4139,40.9807,1.0
2023-12-13 12:15:00+00:00,2023-12-13 13:25:00+00:00,long,41170.87,41371.1,TP,0.8196,41.8004,1.0
2023-12-13 15:00:00+00:00,2023-12-13 16:05:00+00:00,long,41785.26,42189.84,TP,0.836,42.6364,1.0
2023-12-13 17:45:00+00:00,2023-12-13 19:00:00+00:00,long,42101.09,42367.95,TP,0.8527,43.4891,1.0
2023-12-13 21:55:00+00:00,2023-12-13 22:10:00+00:00,long,42988.49,43361.51,TP,0.8698,44.3589,1.0
2023-12-14 01:05:00+00:00,2023-12-14 02:30:00+00:00,long,42815.98,42725.12,SL,-0.4436,43.9153,1.0
2023-12-14 03:00:00+00:00,2023-12-14 03:20:00+00:00,long,42781.77,42687.43,SL,-0.4392,43.4761,1.0
2023-12-14 04:00:00+00:00,2023-12-14 06:15:00+00:00,long,42729.92,42942.01,TP,0.8695,44.3457,1.0
2023-12-14 08:10:00+00:00,2023-12-14 08:45:00+00:00,long,42953.93,42817.5,SL,-0.4435,43.9022,1.0
2023-12-14 09:40:00+00:00,2023-12-14 11:30:00+00:00,long,42850.24,43032.54,TP,0.878,44.7802,1.0
2023-12-14 15:25:00+00:00,2023-12-14 15:45:00+00:00,short,42327.39,42429.62,SL,-0.4478,44.3324,1.0
2023-12-14 19:50:00+00:00,2023-12-14 20:15:00+00:00,long,43032.0,42908.87,SL,-0.4433,43.8891,1.0
2023-12-14 21:05:00+00:00,2023-12-15 00:55:00+00:00,long,42999.58,42888.99,SL,-0.4389,43.4502,1.0
2023-12-15 01:20:00+00:00,2023-12-15 02:10:00+00:00,long,43009.48,42864.12,SL,-0.4345,43.0157,1.0
2023-12-15 02:45:00+00:00,2023-12-15 03:10:00+00:00,long,42919.82,42831.05,SL,-0.4302,42.5856,1.0
2023-12-15 05:30:00+00:00,2023-12-15 08:35:00+00:00,short,42654.04,42752.11,SL,-0.4259,42.1597,1.0
2023-12-15 12:50:00+00:00,2023-12-15 13:20:00+00:00,short,42627.98,42455.02,TP,0.8432,43.0029,1.0
2023-12-15 15:30:00+00:00,2023-12-15 16:00:00+00:00,short,41846.03,41970.0,SL,-0.43,42.5729,1.0
2023-12-15 19:45:00+00:00,2023-12-15 20:00:00+00:00,short,42013.99,42136.43,SL,-0.4257,42.1471,1.0
2023-12-15 20:35:00+00:00,2023-12-15 20:50:00+00:00,short,42128.09,42246.0,SL,-0.4215,41.7257,1.0
2023-12-15 21:15:00+00:00,2023-12-15 23:25:00+00:00,short,42169.98,41973.57,TP,0.8345,42.5602,1.0
2023-12-16 00:25:00+00:00,2023-12-16 01:00:00+00:00,short,41875.91,41960.86,SL,-0.4256,42.1346,1.0
2023-12-16 02:50:00+00:00,2023-12-16 03:30:00+00:00,short,42115.57,42217.54,SL,-0.4213,41.7132,1.0
2023-12-16 06:05:00+00:00,2023-12-16 06:20:00+00:00,long,42297.14,42185.2,SL,-0.4171,41.2961,1.0
2023-12-16 07:10:00+00:00,2023-12-16 07:20:00+00:00,long,42268.01,42170.97,SL,-0.413,40.8832,1.0
2023-12-16 07:30:00+00:00,2023-12-16 09:05:00+00:00,short,42182.92,42278.83,SL,-0.4088,40.4743,1.0
2023-12-16 09:45:00+00:00,2023-12-16 11:30:00+00:00,short,42191.39,42283.0,SL,-0.4047,40.0696,1.0
2023-12-16 15:00:00+00:00,2023-12-16 15:15:00+00:00,long,42438.01,42328.0,SL,-0.4007,39.6689,1.0
2023-12-16 15:30:00+00:00,2023-12-16 16:35:00+00:00,long,42470.57,42668.16,TP,0.7934,40.4623,1.0
2023-12-16 19:00:00+00:00,2023-12-16 19:05:00+00:00,long,42513.25,42418.0,SL,-0.4046,40.0576,1.0
2023-12-16 19:20:00+00:00,2023-12-16 19:35:00+00:00,long,42447.28,42333.01,SL,-0.4006,39.6571,1.0
2023-12-16 20:05:00+00:00,2023-12-16 21:05:00+00:00,long,42388.27,42292.0,SL,-0.3966,39.2605,1.0
2023-12-16 22:00:00+00:00,2023-12-17 01:35:00+00:00,short,42271.98,42098.05,TP,0.7852,40.0457,1.0
2023-12-17 02:30:00+00:00,2023-12-17 05:50:00+00:00,short,42018.04,41811.09,TP,0.8009,40.8466,1.0
2023-12-17 06:30:00+00:00,2023-12-17 06:55:00+00:00,short,41872.02,41997.46,SL,-0.4085,40.4381,1.0
2023-12-17 07:50:00+00:00,2023-12-17 08:15:00+00:00,short,41886.25,41701.09,TP,0.8088,41.2469,1.0
2023-12-17 09:40:00+00:00,2023-12-17 09:45:00+00:00,short,41837.04,41939.43,SL,-0.4125,40.8344,1.0
2023-12-17 10:40:00+00:00,2023-12-17 14:30:00+00:00,short,41910.02,41687.0,TP,0.8167,41.6511,1.0
2023-12-17 15:25:00+00:00,2023-12-17 15:35:00+00:00,short,41653.99,41741.13,SL,-0.4165,41.2346,1.0
2023-12-17 18:55:00+00:00,2023-12-17 19:30:00+00:00,long,42173.21,42084.7,SL,-0.4123,40.8223,1.0
2023-12-17 23:10:00+00:00,2023-12-17 23:30:00+00:00,short,41663.85,41289.97,TP,0.8164,41.6387,1.0
2023-12-18 01:30:00+00:00,2023-12-18 02:35:00+00:00,short,41078.02,40852.0,TP,0.8328,42.4715,1.0
2023-12-18 05:15:00+00:00,2023-12-18 06:25:00+00:00,short,41111.03,41222.47,SL,-0.4247,42.0468,1.0
2023-12-18 07:40:00+00:00,2023-12-18 09:20:00+00:00,short,41174.6,40814.0,TP,0.8409,42.8877,1.0
2023-12-18 10:05:00+00:00,2023-12-18 10:25:00+00:00,short,40960.0,40721.1,TP,0.8578,43.7455,1.0
2023-12-18 12:40:00+00:00,2023-12-18 13:20:00+00:00,short,41005.68,41121.1,SL,-0.4375,43.308,1.0
2023-12-18 16:45:00+00:00,2023-12-18 17:20:00+00:00,long,41394.36,41560.0,TP,0.8662,44.1742,1.0
2023-12-18 18:40:00+00:00,2023-12-18 20:00:00+00:00,long,41548.69,41726.94,TP,0.8835,45.0577,1.0
2023-12-18 20:30:00+00:00,2023-12-18 20:50:00+00:00,long,41807.1,41975.55,TP,0.9012,45.9588,1.0
2023-12-18 22:10:00+00:00,2023-12-18 22:20:00+00:00,long,42670.32,42557.99,SL,-0.4596,45.4992,1.0
2023-12-19 01:35:00+00:00,2023-12-19 01:45:00+00:00,long,42810.65,43031.56,TP,0.91,46.4092,1.0
2023-12-19 05:25:00+00:00,2023-12-19 06:05:00+00:00,long,42977.78,42889.84,SL,-0.4641,45.9451,1.0
2023-12-19 06:30:00+00:00,2023-12-19 08:05:00+00:00,long,42908.79,43114.01,TP,0.9189,46.864,1.0
2023-12-19 10:35:00+00:00,2023-12-19 11:55:00+00:00,long,43095.65,42976.11,SL,-0.4686,46.3954,1.0
2023-12-19 13:05:00+00:00,2023-12-19 13:55:00+00:00,long,43004.33,42861.75,SL,-0.464,45.9314,1.0
2023-12-19 16:40:00+00:00,2023-12-19 17:00:00+00:00,short,42460.28,42282.5,TP,0.9186,46.85,1.0
2023-12-19 20:25:00+00:00,2023-12-19 21:20:00+00:00,short,42292.94,42380.98,SL,-0.4685,46.3815,1.0
2023-12-19 22:15:00+00:00,2023-12-20 00:35:00+00:00,short,42327.7,42422.15,SL,-0.4638,45.9177,1.0
2023-12-20 01:25:00+00:00,2023-12-20 03:05:00+00:00,short,42377.46,42470.57,SL,-0.4592,45.4586,1.0
2023-12-20 03:40:00+00:00,2023-12-20 04:15:00+00:00,short,42400.01,42559.75,SL,-0.4546,45.004,1.0
2023-12-20 06:15:00+00:00,2023-12-20 06:20:00+00:00,long,42803.34,42982.51,TP,0.9001,45.904,1.0
2023-12-20 09:25:00+00:00,2023-12-20 09:35:00+00:00,long,42949.72,42853.99,SL,-0.459,45.445,1.0
2023-12-20 10:40:00+00:00,2023-12-20 13:00:00+00:00,long,42832.21,43058.48,TP,0.9089,46.3539,1.0
2023-12-20 15:10:00+00:00,2023-12-20 15:15:00+00:00,long,44272.2,44119.59,SL,-0.4635,45.8904,1.0
2023-12-20 17:35:00+00:00,2023-12-20 18:05:00+00:00,long,43917.11,44099.83,TP,0.9178,46.8082,1.0
2023-12-20 21:10:00+00:00,2023-12-20 21:40:00+00:00,long,43643.41,43530.29,SL,-0.4681,46.3401,1.0
2023-12-20 21:50:00+00:00,2023-12-20 22:00:00+00:00,short,43424.23,43514.18,SL,-0.4634,45.8767,1.0
2023-12-20 22:10:00+00:00,2023-12-21 00:30:00+00:00,long,43531.1,43717.04,TP,0.9175,46.7942,1.0
2023-12-21 02:50:00+00:00,2023-12-21 03:10:00+00:00,short,43378.9,43544.96,SL,-0.4679,46.3263,1.0
2023-12-21 06:25:00+00:00,2023-12-21 06:55:00+00:00,long,43628.15,43808.04,TP,0.9265,47.2528,1.0
2023-12-21 08:20:00+00:00,2023-12-21 08:50:00+00:00,long,43904.0,43748.32,SL,-0.4725,46.7803,1.0
2023-12-21 10:00:00+00:00,2023-12-21 11:05:00+00:00,long,43836.44,44063.04,TP,0.9356,47.7159,1.0
2023-12-21 12:15:00+00:00,2023-12-21 13:00:00+00:00,long,44099.0,43940.39,SL,-0.4772,47.2387,1.0
2023-12-21 13:45:00+00:00,2023-12-21 14:05:00+00:00,long,44167.56,44050.01,SL,-0.4724,46.7663,1.0
2023-12-21 15:25:00+00:00,2023-12-21 15:35:00+00:00,long,43854.79,43748.0,SL,-0.4677,46.2987,1.0
2023-12-21 16:35:00+00:00,2023-12-21 17:45:00+00:00,short,43606.47,43400.01,TP,0.926,47.2247,1.0
2023-12-21 19:25:00+00:00,2023-12-21 19:50:00+00:00,short,43471.1,43586.85,SL,-0.4722,46.7524,1.0
2023-12-22 00:25:00+00:00,2023-12-22 00:55:00+00:00,long,43930.99,43828.94,SL,-0.4675,46.2849,1.0
2023-12-22 01:00:00+00:00,2023-12-22 01:35:00+00:00,long,43927.13,44199.81,TP,0.9257,47.2106,1.0
2023-12-22 04:20:00+00:00,2023-12-22 06:30:00+00:00,long,44045.24,44390.0,TP,0.9442,48.1548,1.0
2023-12-22 09:15:00+00:00,2023-12-22 09:25:00+00:00,short,43506.57,43597.34,SL,-0.4815,47.6732,1.0
2023-12-22 11:05:00+00:00,2023-12-22 11:15:00+00:00,short,43647.9,43768.3,SL,-0.4767,47.1965,1.0
2023-12-22 12:05:00+00:00,2023-12-22 13:35:00+00:00,short,43648.0,43758.81,SL,-0.472,46.7246,1.0
2023-12-22 14:10:00+00:00,2023-12-22 14:50:00+00:00,short,43535.37,43672.01,SL,-0.4672,46.2573,1.0
2023-12-22 16:35:00+00:00,2023-12-22 17:40:00+00:00,short,43554.19,43713.31,SL,-0.4626,45.7947,1.0
2023-12-22 20:55:00+00:00,2023-12-22 21:30:00+00:00,short,43645.22,43747.93,SL,-0.4579,45.3368,1.0
2023-12-22 22:10:00+00:00,2023-12-22 22:35:00+00:00,short,43668.0,43772.41,SL,-0.4534,44.8834,1.0
2023-12-23 04:00:00+00:00,2023-12-23 05:15:00+00:00,short,43441.65,43570.25,SL,-0.4488,44.4346,1.0
2023-12-23 07:20:00+00:00,2023-12-23 12:45:00+00:00,short,43599.99,43713.08,SL,-0.4443,43.9902,1.0
2023-12-23 14:15:00+00:00,2023-12-23 20:15:00+00:00,long,43756.72,43664.71,SL,-0.4399,43.5503,1.0
2023-12-23 20:45:00+00:00,2023-12-24 00:15:00+00:00,long,43724.53,43621.22,SL,-0.4355,43.1148,1.0
2023-12-24 02:00:00+00:00,2023-12-24 05:20:00+00:00,long,43809.06,43710.57,SL,-0.4311,42.6837,1.0
2023-12-24 09:00:00+00:00,2023-12-24 09:45:00+00:00,short,43599.9,43693.62,SL,-0.4268,42.2568,1.0
2023-12-24 10:10:00+00:00,2023-12-24 13:25:00+00:00,short,43630.16,43721.93,SL,-0.4226,41.8343,1.0
2023-12-24 17:20:00+00:00,2023-12-24 20:45:00+00:00,short,43626.59,43439.72,TP,0.8367,42.671,1.0
2023-12-24 22:10:00+00:00,2023-12-24 22:20:00+00:00,short,43043.32,43131.68,SL,-0.4267,42.2443,1.0
2023-12-25 00:20:00+00:00,2023-12-25 00:25:00+00:00,short,42824.7,42917.79,SL,-0.4224,41.8218,1.0
2023-12-25 02:20:00+00:00,2023-12-25 02:50:00+00:00,short,42948.09,43069.83,SL,-0.4182,41.4036,1.0
2023-12-25 04:25:00+00:00,2023-12-25 05:55:00+00:00,short,43151.66,43238.0,SL,-0.414,40.9896,1.0
2023-12-25 06:45:00+00:00,2023-12-25 09:35:00+00:00,short,43254.0,43072.21,TP,0.8198,41.8093,1.0
2023-12-25 11:10:00+00:00,2023-12-25 11:25:00+00:00,short,43085.01,43223.76,SL,-0.4181,41.3913,1.0
2023-12-25 12:00:00+00:00,2023-12-25 12:45:00+00:00,short,43114.58,43330.0,SL,-0.4139,40.9773,1.0
2023-12-25 17:20:00+00:00,2023-12-25 17:40:00+00:00,long,43641.85,43554.16,SL,-0.4098,40.5676,1.0
2023-12-25 18:05:00+00:00,2023-12-25 18:50:00+00:00,long,43614.77,43463.88,SL,-0.4057,40.1619,1.0
2023-12-25 19:50:00+00:00,2023-12-25 20:10:00+00:00,long,43485.49,43396.73,SL,-0.4016,39.7603,1.0
2023-12-25 20:25:00+00:00,2023-12-25 21:55:00+00:00,short,43406.54,43523.41,SL,-0.3976,39.3627,1.0
2023-12-26 01:20:00+00:00,2023-12-26 01:35:00+00:00,long,43525.84,43435.16,SL,-0.3936,38.969,1.0
2023-12-26 01:40:00+00:00,2023-12-26 02:30:00+00:00,long,43508.37,43412.53,SL,-0.3897,38.5794,1.0
2023-12-26 02:40:00+00:00,2023-12-26 02:55:00+00:00,long,43531.04,43407.61,SL,-0.3858,38.1936,1.0
2023-12-26 03:05:00+00:00,2023-12-26 05:10:00+00:00,short,43445.49,43232.97,TP,0.7639,38.9574,1.0
2023-12-26 09:15:00+00:00,2023-12-26 09:45:00+00:00,short,42656.49,42392.0,TP,0.7791,39.7366,1.0
2023-12-26 13:25:00+00:00,2023-12-26 14:20:00+00:00,short,42675.25,42785.91,SL,-0.3974,39.3392,1.0
2023-12-26 14:40:00+00:00,2023-12-26 15:50:00+00:00,short,42672.94,42418.79,TP,0.7868,40.126,1.0
2023-12-26 17:35:00+00:00,2023-12-26 17:40:00+00:00,short,41777.43,41979.25,SL,-0.4013,39.7247,1.0
2023-12-26 18:30:00+00:00,2023-12-26 18:40:00+00:00,short,41890.31,41993.02,SL,-0.3972,39.3275,1.0
2023-12-26 20:00:00+00:00,2023-12-26 21:05:00+00:00,short,42124.67,42211.13,SL,-0.3933,38.9342,1.0
2023-12-26 22:55:00+00:00,2023-12-27 02:40:00+00:00,short,42469.99,42270.0,TP,0.7787,39.7129,1.0
2023-12-27 08:25:00+00:00,2023-12-27 10:00:00+00:00,long,42563.01,42735.0,TP,0.7943,40.5072,1.0
2023-12-27 10:20:00+00:00,2023-12-27 10:35:00+00:00,long,42878.84,43136.38,TP,0.8101,41.3173,1.0
2023-12-27 13:30:00+00:00,2023-12-27 16:25:00+00:00,long,42925.0,43141.1,TP,0.8263,42.1436,1.0
2023-12-27 18:05:00+00:00,2023-12-27 18:10:00+00:00,long,43053.36,42960.37,SL,-0.4214,41.7222,1.0
2023-12-27 18:40:00+00:00,2023-12-27 20:20:00+00:00,long,43035.07,43258.08,TP,0.8344,42.5567,1.0
2023-12-27 22:10:00+00:00,2023-12-27 22:20:00+00:00,long,43624.01,43500.66,SL,-0.4256,42.1311,1.0
2023-12-28 00:10:00+00:00,2023-12-28 00:35:00+00:00,long,43438.01,43744.0,TP,0.8426,42.9737,1.0
2023-12-28 03:20:00+00:00,2023-12-28 04:25:00+00:00,long,43408.79,43624.74,TP,0.8595,43.8332,1.0
2023-12-28 09:05:00+00:00,2023-12-28 09:30:00+00:00,short,42921.44,43014.0,SL,-0.4383,43.3949,1.0
2023-12-28 11:05:00+00:00,2023-12-28 12:30:00+00:00,short,43083.94,42908.32,TP,0.8679,44.2628,1.0
2023-12-28 14:05:00+00:00,2023-12-28 15:15:00+00:00,short,42689.72,42503.38,TP,0.8853,45.148,1.0
2023-12-28 18:05:00+00:00,2023-12-28 18:25:00+00:00,short,42442.3,42578.89,SL,-0.4515,44.6965,1.0
2023-12-28 18:35:00+00:00,2023-12-28 19:00:00+00:00,short,42442.28,42538.0,SL,-0.447,44.2496,1.0
2023-12-28 20:00:00+00:00,2023-12-28 21:05:00+00:00,short,42493.69,42590.01,SL,-0.4425,43.8071,1.0
2023-12-28 21:40:00+00:00,2023-12-28 22:10:00+00:00,short,42454.01,42592.26,SL,-0.4381,43.369,1.0
2023-12-28 23:55:00+00:00,2023-12-29 00:10:00+00:00,short,42563.76,42670.0,SL,-0.4337,42.9353,1.0
2023-12-29 04:20:00+00:00,2023-12-29 07:30:00+00:00,short,42628.01,42356.91,TP,0.8587,43.794,1.0
2023-12-29 11:15:00+00:00,2023-12-29 13:15:00+00:00,long,42850.01,42739.39,SL,-0.4379,43.3561,1.0
2023-12-29 13:45:00+00:00,2023-12-29 14:40:00+00:00,long,42847.69,43031.64,TP,0.8671,44.2232,1.0
2023-12-29 20:20:00+00:00,2023-12-29 21:10:00+00:00,short,42060.08,42198.31,SL,-0.4422,43.781,1.0
2023-12-29 21:20:00+00:00,2023-12-29 22:15:00+00:00,short,41976.61,41758.92,TP,0.8756,44.6566,1.0
2023-12-30 01:00:00+00:00,2023-12-30 01:30:00+00:00,short,42084.33,42180.01,SL,-0.4466,44.21,1.0
2023-12-30 01:50:00+00:00,2023-12-30 02:40:00+00:00,short,42174.66,41966.66,TP,0.8842,45.0942,1.0
2023-12-30 06:20:00+00:00,2023-12-30 08:20:00+00:00,short,42042.04,41849.15,TP,0.9019,45.9961,1.0
2023-12-30 12:40:00+00:00,2023-12-30 13:55:00+00:00,short,41941.99,42029.35,SL,-0.46,45.5361,1.0
2023-12-30 14:00:00+00:00,2023-12-30 15:50:00+00:00,long,42169.19,42386.01,TP,0.9107,46.4469,1.0
2023-12-30 17:35:00+00:00,2023-12-30 17:45:00+00:00,long,42560.0,42462.99,SL,-0.4645,45.9824,1.0
2023-12-30 19:30:00+00:00,2023-12-30 20:30:00+00:00,long,42440.75,42291.1,SL,-0.4598,45.5226,1.0
2023-12-30 21:25:00+00:00,2023-12-30 22:50:00+00:00,long,42309.96,42184.08,SL,-0.4552,45.0673,1.0
2023-12-30 23:15:00+00:00,2023-12-30 23:40:00+00:00,long,42270.43,42179.36,SL,-0.4507,44.6167,1.0
2023-12-30 23:55:00+00:00,2023-12-31 00:10:00+00:00,short,42140.28,42257.85,SL,-0.4462,44.1705,1.0
2023-12-31 05:45:00+00:00,2023-12-31 07:25:00+00:00,long,42278.01,42533.71,TP,0.8834,45.0539,1.0
2023-12-31 09:05:00+00:00,2023-12-31 09:20:00+00:00,long,42543.98,42777.0,TP,0.9011,45.955,1.0
2023-12-31 12:30:00+00:00,2023-12-31 12:35:00+00:00,long,42639.89,42542.0,SL,-0.4596,45.4954,1.0
2023-12-31 13:20:00+00:00,2023-12-31 14:05:00+00:00,long,42538.87,42434.81,SL,-0.455,45.0405,1.0
2023-12-31 14:15:00+00:00,2023-12-31 14:25:00+00:00,short,42409.07,42504.07,SL,-0.4504,44.5901,1.0
2023-12-31 15:30:00+00:00,2023-12-31 15:35:00+00:00,short,42405.61,42511.37,SL,-0.4459,44.1442,1.0
2023-12-31 16:10:00+00:00,2023-12-31 22:45:00+00:00,long,42556.15,42429.22,SL,-0.4414,43.7027,1.0
2024-01-01 05:45:00+00:00,2024-01-01 06:15:00+00:00,short,42237.98,42342.01,SL,-0.437,43.2657,1.0
2024-01-01 08:50:00+00:00,2024-01-01 10:45:00+00:00,long,42544.37,42723.79,TP,0.8653,44.131,1.0
2024-01-01 11:00:00+00:00,2024-01-01 11:20:00+00:00,long,42754.0,42665.14,SL,-0.4413,43.6897,1.0
2024-01-01 12:35:00+00:00,2024-01-01 12:50:00+00:00,long,42777.76,42683.99,SL,-0.4369,43.2528,1.0
2024-01-01 13:20:00+00:00,2024-01-01 14:20:00+00:00,long,42720.07,42615.99,SL,-0.4325,42.8203,1.0
2024-01-01 15:15:00+00:00,2024-01-01 15:40:00+00:00,long,42644.72,42845.96,TP,0.8564,43.6767,1.0
2024-01-01 17:50:00+00:00,2024-01-01 18:05:00+00:00,long,42818.22,43009.94,TP,0.8735,44.5502,1.0
2024-01-01 23:00:00+00:00,2024-01-01 23:25:00+00:00,long,43681.55,43989.99,TP,0.891,45.4412,1.0
2024-01-02 02:40:00+00:00,2024-01-02 03:00:00+00:00,long,45294.75,45140.0,SL,-0.4544,44.9868,1.0
2024-01-02 06:40:00+00:00,2024-01-02 06:55:00+00:00,long,45295.0,45168.75,SL,-0.4499,44.537,1.0
2024-01-02 07:05:00+00:00,2024-01-02 07:40:00+00:00,long,45335.81,45526.42,TP,0.8907,45.4277,1.0
2024-01-02 12:20:00+00:00,2024-01-02 12:50:00+00:00,long,45425.39,45311.75,SL,-0.4543,44.9734,1.0
2024-01-02 13:05:00+00:00,2024-01-02 13:40:00+00:00,long,45429.59,45662.48,TP,0.8995,45.8729,1.0
2024-01-02 15:45:00+00:00,2024-01-02 16:05:00+00:00,long,45230.7,45094.08,SL,-0.4587,45.4142,1.0
2024-01-02 16:15:00+00:00,2024-01-02 16:25:00+00:00,short,44991.09,45189.19,SL,-0.4541,44.96,1.0
2024-01-02 17:30:00+00:00,2024-01-02 18:30:00+00:00,short,45075.12,45237.6,SL,-0.4496,44.5104,1.0
2024-01-02 19:20:00+00:00,2024-01-02 20:00:00+00:00,short,44966.88,45071.53,SL,-0.4451,44.0653,1.0
2024-01-02 20:30:00+00:00,2024-01-02 21:05:00+00:00,short,44936.65,44682.95,TP,0.8813,44.9466,1.0
2024-01-02 22:40:00+00:00,2024-01-02 22:45:00+00:00,short,44927.37,45051.28,SL,-0.4495,44.4972,1.0
2024-01-03 02:25:00+00:00,2024-01-03 03:05:00+00:00,long,45322.78,45209.41,SL,-0.445,44.0522,1.0
2024-01-03 05:10:00+00:00,2024-01-03 07:45:00+00:00,long,45229.99,45064.73,SL,-0.4405,43.6117,1.0
2024-01-03 08:40:00+00:00,2024-01-03 08:55:00+00:00,short,45051.1,45200.0,SL,-0.4361,43.1755,1.0
2024-01-03 16:50:00+00:00,2024-01-03 17:15:00+00:00,short,43035.96,42618.01,TP,0.8635,44.039,1.0
2024-01-03 18:25:00+00:00,2024-01-03 18:55:00+00:00,short,42749.12,42255.72,TP,0.8808,44.9198,1.0
2024-01-03 21:10:00+00:00,2024-01-03 21:15:00+00:00,short,42630.01,42834.18,SL,-0.4492,44.4706,1.0
2024-01-03 22:20:00+00:00,2024-01-04 00:05:00+00:00,short,42780.36,42884.98,SL,-0.4447,44.0259,1.0
2024-01-04 01:05:00+00:00,2024-01-04 01:20:00+00:00,short,42831.27,42631.99,TP,0.8805,44.9064,1.0
2024-01-04 03:30:00+00:00,2024-01-04 03:55:00+00:00,short,43016.1,43102.8,SL,-0.4491,44.4574,1.0
2024-01-04 05:35:00+00:00,2024-01-04 05:45:00+00:00,long,43258.01,43151.11,SL,-0.4446,44.0128,1.0
2024-01-04 06:00:00+00:00,2024-01-04 06:10:00+00:00,long,43226.73,43111.8,SL,-0.4401,43.5727,1.0
2024-01-04 07:00:00+00:00,2024-01-04 07:05:00+00:00,long,43246.3,43134.33,SL,-0.4357,43.137,1.0
2024-01-04 10:20:00+00:00,2024-01-04 10:30:00+00:00,short,42776.01,42893.36,SL,-0.4314,42.7056,1.0
2024-01-04 13:50:00+00:00,2024-01-04 13:55:00+00:00,long,43474.9,43346.68,SL,-0.4271,42.2785,1.0
2024-01-04 14:45:00+00:00,2024-01-04 14:55:00+00:00,long,43460.53,43676.07,TP,0.8456,43.1241,1.0
2024-01-04 17:20:00+00:00,2024-01-04 17:25:00+00:00,long,44182.21,44085.6,SL,-0.4312,42.6929,1.0
2024-01-04 18:45:00+00:00,2024-01-04 19:15:00+00:00,long,44096.01,44353.97,TP,0.8539,43.5467,1.0
2024-01-04 20:35:00+00:00,2024-01-04 20:40:00+00:00,long,44441.09,44328.9,SL,-0.4355,43.1112,1.0
2024-01-05 00:55:00+00:00,2024-01-05 01:15:00+00:00,long,44211.1,43977.68,SL,-0.4311,42.6801,1.0
2024-01-05 04:15:00+00:00,2024-01-05 04:30:00+00:00,short,43322.01,43420.24,SL,-0.4268,42.2533,1.0
2024-01-05 06:25:00+00:00,2024-01-05 06:40:00+00:00,short,43601.68,43709.29,SL,-0.4225,41.8308,1.0
2024-01-05 06:45:00+00:00,2024-01-05 09:00:00+00:00,long,43767.34,44123.55,TP,0.8366,42.6674,1.0
2024-01-05 12:20:00+00:00,2024-01-05 13:35:00+00:00,long,43954.01,43801.91,SL,-0.4267,42.2407,1.0
2024-01-05 13:55:00+00:00,2024-01-05 14:05:00+00:00,long,43986.01,43871.85,SL,-0.4224,41.8183,1.0
2024-01-05 15:40:00+00:00,2024-01-05 16:45:00+00:00,short,43532.97,43262.56,TP,0.8364,42.6547,1.0
2024-01-05 19:55:00+00:00,2024-01-05 20:25:00+00:00,short,43600.0,43714.03,SL,-0.4265,42.2282,1.0
2024-01-05 21:55:00+00:00,2024-01-05 22:35:00+00:00,long,43946.26,43823.06,SL,-0.4223,41.8059,1.0
2024-01-05 23:00:00+00:00,2024-01-05 23:45:00+00:00,long,44136.0,44033.9,SL,-0.4181,41.3878,1.0
2024-01-06 00:05:00+00:00,2024-01-06 00:15:00+00:00,long,44195.66,44072.75,SL,-0.4139,40.9739,1.0
2024-01-06 03:15:00+00:00,2024-01-06 05:10:00+00:00,long,43919.28,43829.02,SL,-0.4097,40.5642,1.0
2024-01-06 09:50:00+00:00,2024-01-06 14:00:00+00:00,short,43685.44,43789.95,SL,-0.4056,40.1586,1.0
2024-01-06 15:10:00+00:00,2024-01-06 18:45:00+00:00,long,43884.0,44116.25,TP,0.8032,40.9617,1.0
2024-01-06 21:15:00+00:00,2024-01-06 23:05:00+00:00,long,43855.62,43752.91,SL,-0.4096,40.5521,1.0
2024-01-06 23:30:00+00:00,2024-01-07 00:35:00+00:00,long,43878.62,44161.11,TP,0.811,41.3631,1.0
2024-01-07 03:15:00+00:00,2024-01-07 03:30:00+00:00,long,44031.21,43916.24,SL,-0.4136,40.9495,1.0
2024-01-07 03:50:00+00:00,2024-01-07 05:55:00+00:00,long,43980.01,43885.47,SL,-0.4095,40.54,1.0
2024-01-07 06:15:00+00:00,2024-01-07 09:30:00+00:00,long,44043.51,43925.81,SL,-0.4054,40.1346,1.0
2024-01-07 12:15:00+00:00,2024-01-07 13:15:00+00:00,long,44086.0,44307.56,TP,0.8027,40.9373,1.0
2024-01-07 16:25:00+00:00,2024-01-07 16:45:00+00:00,long,44168.02,43997.07,SL,-0.4094,40.5279,1.0
2024-01-07 19:05:00+00:00,2024-01-07 19:25:00+00:00,short,44046.14,44159.99,SL,-0.4053,40.1227,1.0
2024-01-07 21:25:00+00:00,2024-01-07 21:35:00+00:00,long,44243.2,44133.46,SL,-0.4012,39.7214,1.0
2024-01-08 00:45:00+00:00,2024-01-08 01:10:00+00:00,short,43701.11,43806.72,SL,-0.3972,39.3242,1.0
2024-01-08 02:30:00+00:00,2024-01-08 02:45:00+00:00,short,43645.58,43404.56,TP,0.7865,40.1107,1.0
2024-01-08 05:30:00+00:00,2024-01-08 05:45:00+00:00,short,43520.23,43611.11,SL,-0.4011,39.7096,1.0
2024-01-08 10:20:00+00:00,2024-01-08 11:05:00+00:00,long,43955.45,44149.99,TP,0.7942,40.5038,1.0
2024-01-08 15:45:00+00:00,2024-01-08 17:10:00+00:00,long,44930.87,45131.51,TP,0.8101,41.3139,1.0
2024-01-08 21:40:00+00:00,2024-01-08 21:55:00+00:00,long,47178.97,47071.41,SL,-0.4131,40.9007,1.0
2024-01-08 23:20:00+00:00,2024-01-08 23:25:00+00:00,long,47060.0,46963.69,SL,-0.409,40.4917,1.0
2024-01-09 00:05:00+00:00,2024-01-09 00:25:00+00:00,long,47031.18,46900.0,SL,-0.4049,40.0868,1.0
2024-01-09 02:05:00+00:00,2024-01-09 02:35:00+00:00,long,46547.78,46766.79,TP,0.8017,40.8885,1.0
2024-01-09 06:05:00+00:00,2024-01-09 08:40:00+00:00,long,46794.62,46678.0,SL,-0.4089,40.4797,1.0
2024-01-09 10:05:00+00:00,2024-01-09 10:45:00+00:00,long,46603.83,46454.0,SL,-0.4048,40.0749,1.0
2024-01-09 11:10:00+00:00,2024-01-09 12:10:00+00:00,long,46529.99,46723.98,TP,0.8015,40.8764,1.0
2024-01-09 12:55:00+00:00,2024-01-09 13:00:00+00:00,short,46166.35,46597.99,SL,-0.4088,40.4676,1.0
2024-01-09 13:20:00+00:00,2024-01-09 13:40:00+00:00,long,46710.0,46607.88,SL,-0.4047,40.0629,1.0
2024-01-09 15:25:00+00:00,2024-01-09 15:35:00+00:00,long,46717.76,46914.78,TP,0.8013,40.8642,1.0
2024-01-09 18:50:00+00:00,2024-01-09 19:35:00+00:00,long,46650.34,46862.16,TP,0.8173,41.6815,1.0
2024-01-09 21:10:00+00:00,2024-01-09 21:15:00+00:00,long,47918.36,46522.02,SL,-0.4168,41.2646,1.0
2024-01-09 21:20:00+00:00,2024-01-09 21:25:00+00:00,short,46112.0,45887.67,TP,0.8253,42.0899,1.0
2024-01-10 00:30:00+00:00,2024-01-10 01:05:00+00:00,short,45918.82,45714.63,TP,0.8418,42.9317,1.0
2024-01-10 03:50:00+00:00,2024-01-10 05:20:00+00:00,short,46117.94,45931.46,TP,0.8586,43.7904,1.0
2024-01-10 07:10:00+00:00,2024-01-10 08:35:00+00:00,short,45887.49,45643.99,TP,0.8758,44.6662,1.0
2024-01-10 10:55:00+00:00,2024-01-10 11:10:00+00:00,short,45532.0,45659.41,SL,-0.4467,44.2195,1.0
2024-01-10 11:20:00+00:00,2024-01-10 12:25:00+00:00,short,45520.0,45240.98,TP,0.8844,45.1039,1.0
2024-01-10 14:50:00+00:00,2024-01-10 15:00:00+00:00,short,44892.0,44982.0,SL,-0.451,44.6529,1.0
2024-01-10 16:55:00+00:00,2024-01-10 17:05:00+00:00,short,45311.1,45407.33,SL,-0.4465,44.2063,1.0
2024-01-10 21:05:00+00:00,2024-01-10 21:15:00+00:00,long,46069.48,45701.45,SL,-0.4421,43.7643,1.0
2024-01-10 21:20:00+00:00,2024-01-10 21:35:00+00:00,short,45753.55,45280.01,TP,0.8753,44.6396,1.0
2024-01-10 21:55:00+00:00,2024-01-10 22:00:00+00:00,long,45946.0,45827.09,SL,-0.4464,44.1932,1.0
2024-01-11 01:20:00+00:00,2024-01-11 01:30:00+00:00,long,46688.51,46573.73,SL,-0.4419,43.7512,1.0
2024-01-11 02:50:00+00:00,2024-01-11 03:10:00+00:00,long,46600.0,46424.31,SL,-0.4375,43.3137,1.0
2024-01-11 03:55:00+00:00,2024-01-11 04:10:00+00:00,long,46502.16,46407.88,SL,-0.4331,42.8806,1.0
2024-01-11 04:15:00+00:00,2024-01-11 05:00:00+00:00,long,46459.01,46332.5,SL,-0.4288,42.4518,1.0
2024-01-11 10:20:00+00:00,2024-01-11 10:40:00+00:00,long,46472.52,46732.01,TP,0.849,43.3008,1.0
2024-01-11 12:00:00+00:00,2024-01-11 12:10:00+00:00,long,47148.35,47016.52,SL,-0.433,42.8678,1.0
2024-01-11 12:40:00+00:00,2024-01-11 13:10:00+00:00,long,47287.43,47171.76,SL,-0.4287,42.4391,1.0
2024-01-11 14:00:00+00:00,2024-01-11 14:25:00+00:00,long,47639.35,47878.74,TP,0.8488,43.2879,1.0
2024-01-11 20:30:00+00:00,2024-01-11 20:35:00+00:00,short,46548.24,46356.75,TP,0.8658,44.1537,1.0
2024-01-12 00:00:00+00:00,2024-01-12 00:30:00+00:00,short,46323.56,46131.1,TP,0.8831,45.0367,1.0
2024-01-12 01:00:00+00:00,2024-01-12 01:20:00+00:00,short,46208.42,45941.22,TP,0.9007,45.9375,1.0
2024-01-12 02:35:00+00:00,2024-01-12 02:40:00+00:00,short,46091.1,46241.0,SL,-0.4594,45.4781,1.0
2024-01-12 03:05:00+00:00,2024-01-12 04:50:00+00:00,short,46094.31,45886.58,TP,0.9096,46.3877,1.0
2024-01-12 06:50:00+00:00,2024-01-12 07:10:00+00:00,short,46154.0,45910.06,TP,0.9278,47.3154,1.0
2024-01-12 09:20:00+00:00,2024-01-12 09:30:00+00:00,short,45665.42,45785.28,SL,-0.4732,46.8423,1.0
2024-01-12 11:50:00+00:00,2024-01-12 12:45:00+00:00,short,45995.49,45694.72,TP,0.9368,47.7791,1.0
2024-01-12 14:35:00+00:00,2024-01-12 14:50:00+00:00,short,45399.9,45491.31,SL,-0.4778,47.3013,1.0
2024-01-12 21:15:00+00:00,2024-01-12 21:30:00+00:00,short,43723.0,43485.61,TP,0.946,48.2473,1.0
2024-01-13 01:05:00+00:00,2024-01-13 01:20:00+00:00,short,42722.02,42530.63,TP,0.9649,49.2123,1.0
2024-01-13 02:50:00+00:00,2024-01-13 04:10:00+00:00,short,42561.11,42677.47,SL,-0.4921,48.7202,1.0
2024-01-13 06:30:00+00:00,2024-01-13 07:05:00+00:00,short,43086.07,43206.01,SL,-0.4872,48.233,1.0
2024-01-13 07:25:00+00:00,2024-01-13 09:15:00+00:00,short,43164.42,42965.8,TP,0.9647,49.1976,1.0
2024-01-13 11:40:00+00:00,2024-01-13 12:00:00+00:00,short,42556.53,42680.57,SL,-0.492,48.7056,1.0
2024-01-13 14:10:00+00:00,2024-01-13 14:30:00+00:00,short,42654.0,42878.0,SL,-0.4871,48.2186,1.0
2024-01-13 16:00:00+00:00,2024-01-13 16:50:00+00:00,short,43042.51,42869.68,TP,0.9644,49.183,1.0
2024-01-13 19:55:00+00:00,2024-01-13 20:40:00+00:00,short,42786.25,42913.48,SL,-0.4918,48.6911,1.0
2024-01-13 21:45:00+00:00,2024-01-13 21:50:00+00:00,short,42830.0,42921.55,SL,-0.4869,48.2042,1.0
2024-01-13 22:30:00+00:00,2024-01-14 00:25:00+00:00,short,42928.81,42738.75,TP,0.9641,49.1683,1.0
2024-01-14 02:15:00+00:00,2024-01-14 02:45:00+00:00,short,42706.01,42826.0,SL,-0.4917,48.6766,1.0
2024-01-14 03:25:00+00:00,2024-01-14 06:10:00+00:00,short,42728.33,42871.78,SL,-0.4868,48.1899,1.0
2024-01-14 09:55:00+00:00,2024-01-14 10:15:00+00:00,long,43052.41,42965.54,SL,-0.4819,47.708,1.0
2024-01-14 12:55:00+00:00,2024-01-14 13:50:00+00:00,short,42758.0,42917.99,SL,-0.4771,47.2309,1.0
2024-01-14 14:50:00+00:00,2024-01-14 14:55:00+00:00,long,42906.0,42811.99,SL,-0.4723,46.7586,1.0
2024-01-14 15:30:00+00:00,2024-01-14 19:15:00+00:00,long,42900.01,42793.99,SL,-0.4676,46.291,1.0
2024-01-14 20:55:00+00:00,2024-01-14 21:20:00+00:00,short,42507.92,42329.99,TP,0.9258,47.2168,1.0
2024-01-14 22:30:00+00:00,2024-01-14 22:35:00+00:00,short,42181.11,42311.49,SL,-0.4722,46.7446,1.0
2024-01-15 02:05:00+00:00,2024-01-15 02:10:00+00:00,short,42215.79,42329.98,SL,-0.4674,46.2772,1.0
2024-01-15 02:20:00+00:00,2024-01-15 02:55:00+00:00,short,42302.0,42399.72,SL,-0.4628,45.8144,1.0
2024-01-15 05:05:00+00:00,2024-01-15 06:40:00+00:00,long,42725.39,42639.34,SL,-0.4581,45.3563,1.0
2024-01-15 07:50:00+00:00,2024-01-15 08:05:00+00:00,long,42749.57,42641.11,SL,-0.4536,44.9027,1.0
2024-01-15 09:45:00+00:00,2024-01-15 10:20:00+00:00,long,42726.72,42623.09,SL,-0.449,44.4537,1.0
2024-01-15 11:45:00+00:00,2024-01-15 13:45:00+00:00,long,42662.93,42876.98,TP,0.8891,45.3428,1.0
2024-01-15 14:05:00+00:00,2024-01-15 14:25:00+00:00,short,42621.1,42440.67,TP,0.9069,46.2496,1.0
2024-01-15 15:50:00+00:00,2024-01-15 16:00:00+00:00,short,42204.11,42315.0,SL,-0.4625,45.7871,1.0
2024-01-15 22:40:00+00:00,2024-01-15 22:45:00+00:00,long,42773.17,42685.01,SL,-0.4579,45.3292,1.0
2024-01-15 23:15:00+00:00,2024-01-15 23:45:00+00:00,short,42518.84,42618.24,SL,-0.4533,44.876,1.0
2024-01-16 01:35:00+00:00,2024-01-16 02:10:00+00:00,short,42588.91,42681.11,SL,-0.4488,44.4272,1.0
2024-01-16 05:30:00+00:00,2024-01-16 05:55:00+00:00,long,42910.0,42773.82,SL,-0.4443,43.9829,1.0
2024-01-16 07:35:00+00:00,2024-01-16 08:45:00+00:00,long,42758.48,43007.97,TP,0.8797,44.8626,1.0
2024-01-16 11:55:00+00:00,2024-01-16 12:30:00+00:00,long,42900.54,43096.43,TP,0.8973,45.7598,1.0
2024-01-16 15:15:00+00:00,2024-01-16 15:30:00+00:00,long,42995.02,43171.99,TP,0.9152,46.675,1.0
2024-01-16 19:05:00+00:00,2024-01-16 20:15:00+00:00,long,43097.74,43348.0,TP,0.9335,47.6085,1.0
2024-01-16 21:10:00+00:00,2024-01-16 22:55:00+00:00,long,43328.61,43206.0,SL,-0.4761,47.1324,1.0
2024-01-17 00:55:00+00:00,2024-01-17 01:50:00+00:00,long,43092.0,42974.01,SL,-0.4713,46.6611,1.0
2024-01-17 03:30:00+00:00,2024-01-17 07:40:00+00:00,short,42928.3,42756.0,TP,0.9332,47.5943,1.0
2024-01-17 09:55:00+00:00,2024-01-17 10:40:00+00:00,short,42678.57,42829.26,SL,-0.4759,47.1184,1.0
2024-01-17 11:25:00+00:00,2024-01-17 12:10:00+00:00,short,42753.68,42572.12,TP,0.9424,48.0608,1.0
2024-01-17 13:20:00+00:00,2024-01-17 14:40:00+00:00,short,42612.54,42733.69,SL,-0.4806,47.5802,1.0
2024-01-17 15:35:00+00:00,2024-01-17 16:15:00+00:00,short,42614.0,42428.0,TP,0.9516,48.5318,1.0
2024-01-17 19:55:00+00:00,2024-01-17 20:25:00+00:00,short,42611.11,42699.76,SL,-0.4853,48.0464,1.0
2024-01-17 20:30:00+00:00,2024-01-17 21:00:00+00:00,long,42761.1,42609.98,SL,-0.4805,47.566,1.0
2024-01-17 22:55:00+00:00,2024-01-18 01:10:00+00:00,long,42722.14,42600.0,SL,-0.4757,47.0903,1.0
2024-01-18 03:10:00+00:00,2024-01-18 05:15:00+00:00,short,42624.92,42734.91,SL,-0.4709,46.6194,1.0
2024-01-18 07:05:00+00:00,2024-01-18 08:45:00+00:00,long,42896.25,42766.05,SL,-0.4662,46.1532,1.0
2024-01-18 09:35:00+00:00,2024-01-18 10:00:00+00:00,long,42804.01,42715.85,SL,-0.4615,45.6917,1.0
2024-01-18 17:50:00+00:00,2024-01-18 17:55:00+00:00,short,41704.03,41816.71,SL,-0.4569,45.2348,1.0
2024-01-18 19:55:00+00:00,2024-01-18 20:05:00+00:00,short,41022.32,41136.07,SL,-0.4523,44.7824,1.0
2024-01-18 23:15:00+00:00,2024-01-19 00:25:00+00:00,short,41290.31,41119.01,TP,0.8956,45.6781,1.0
2024-01-19 01:00:00+00:00,2024-01-19 01:50:00+00:00,short,41231.27,41324.0,SL,-0.4568,45.2213,1.0
2024-01-19 02:15:00+00:00,2024-01-19 03:00:00+00:00,short,41228.14,41049.46,TP,0.9044,46.1257,1.0
2024-01-19 07:25:00+00:00,2024-01-19 08:05:00+00:00,short,41419.99,41244.01,TP,0.9225,47.0482,1.0
2024-01-19 09:35:00+00:00,2024-01-19 09:45:00+00:00,short,41269.02,41365.46,SL,-0.4705,46.5778,1.0
2024-01-19 10:40:00+00:00,2024-01-19 10:50:00+00:00,short,41358.28,41441.11,SL,-0.4658,46.112,1.0
2024-01-19 10:55:00+00:00,2024-01-19 11:40:00+00:00,long,41486.06,41401.09,SL,-0.4611,45.6509,1.0
2024-01-19 13:20:00+00:00,2024-01-19 13:40:00+00:00,long,41428.01,41300.32,SL,-0.4565,45.1943,1.0
2024-01-19 13:45:00+00:00,2024-01-19 14:20:00+00:00,short,41311.22,41113.98,TP,0.9039,46.0982,1.0
2024-01-19 15:25:00+00:00,2024-01-19 15:35:00+00:00,short,40826.02,40911.1,SL,-0.461,45.6372,1.0
2024-01-19 16:15:00+00:00,2024-01-19 16:35:00+00:00,short,40746.12,40453.08,TP,0.9127,46.55,1.0
2024-01-19 20:10:00+00:00,2024-01-19 20:20:00+00:00,long,42162.85,41985.99,SL,-0.4655,46.0845,1.0
2024-01-19 22:50:00+00:00,2024-01-20 00:05:00+00:00,long,41668.69,41582.19,SL,-0.4608,45.6236,1.0
2024-01-20 01:10:00+00:00,2024-01-20 07:35:00+00:00,long,41584.51,41760.86,TP,0.9125,46.5361,1.0
2024-01-20 11:05:00+00:00,2024-01-20 11:45:00+00:00,short,41488.94,41592.01,SL,-0.4654,46.0708,1.0
2024-01-20 12:35:00+00:00,2024-01-20 12:45:00+00:00,short,41555.28,41653.95,SL,-0.4607,45.61,1.0
2024-01-20 15:20:00+00:00,2024-01-20 20:20:00+00:00,long,41587.29,41764.01,TP,0.9122,46.5222,1.0
2024-01-20 23:00:00+00:00,2024-01-20 23:15:00+00:00,long,41797.28,41708.17,SL,-0.4652,46.057,1.0
2024-01-21 01:10:00+00:00,2024-01-21 06:15:00+00:00,long,41674.0,41576.13,SL,-0.4606,45.5965,1.0
2024-01-21 09:05:00+00:00,2024-01-21 16:15:00+00:00,long,41699.08,41606.47,SL,-0.456,45.1405,1.0
2024-01-21 19:05:00+00:00,2024-01-21 20:15:00+00:00,short,41664.0,41761.1,SL,-0.4514,44.6891,1.0
2024-01-21 21:25:00+00:00,2024-01-21 23:10:00+00:00,long,41714.32,41584.09,SL,-0.4469,44.2422,1.0
2024-01-22 00:35:00+00:00,2024-01-22 00:45:00+00:00,short,41476.77,41673.27,SL,-0.4424,43.7998,1.0
2024-01-22 01:15:00+00:00,2024-01-22 03:25:00+00:00,short,41348.02,41176.0,TP,0.876,44.6758,1.0
2024-01-22 04:10:00+00:00,2024-01-22 04:50:00+00:00,short,41107.46,40896.52,TP,0.8935,45.5693,1.0
2024-01-22 07:15:00+00:00,2024-01-22 08:00:00+00:00,short,41139.83,40967.06,TP,0.9114,46.4807,1.0
2024-01-22 09:50:00+00:00,2024-01-22 10:25:00+00:00,short,40818.53,40386.79,TP,0.9296,47.4103,1.0
2024-01-22 12:15:00+00:00,2024-01-22 12:40:00+00:00,short,40755.45,40860.61,SL,-0.4741,46.9362,1.0
2024-01-22 13:40:00+00:00,2024-01-22 14:15:00+00:00,short,40879.59,40621.96,TP,0.9387,47.8749,1.0
2024-01-22 16:25:00+00:00,2024-01-22 16:45:00+00:00,short,40465.83,40604.63,SL,-0.4787,47.3962,1.0
2024-01-22 18:20:00+00:00,2024-01-22 18:45:00+00:00,short,40622.55,40291.11,TP,0.9479,48.3441,1.0
2024-01-22 21:35:00+00:00,2024-01-22 22:40:00+00:00,short,39945.89,39780.01,TP,0.9669,49.311,1.0
2024-01-22 23:10:00+00:00,2024-01-22 23:40:00+00:00,short,39763.54,39573.6,TP,0.9862,50.2972,1.0
2024-01-23 01:35:00+00:00,2024-01-23 01:50:00+00:00,short,39744.01,39843.77,SL,-0.503,49.7942,1.0
2024-01-23 03:25:00+00:00,2024-01-23 04:05:00+00:00,short,40000.0,40100.0,SL,-0.4979,49.2963,1.0
2024-01-23 04:45:00+00:00,2024-01-23 07:10:00+00:00,short,40099.99,39938.85,TP,0.9859,50.2822,1.0
2024-01-23 09:55:00+00:00,2024-01-23 10:15:00+00:00,short,38961.39,39040.6,SL,-0.5028,49.7794,1.0
2024-01-23 11:45:00+00:00,2024-01-23 11:55:00+00:00,short,38699.99,38845.56,SL,-0.4978,49.2816,1.0
2024-01-23 13:55:00+00:00,2024-01-23 14:05:00+00:00,short,38864.16,38643.77,TP,0.9856,50.2672,1.0
2024-01-23 16:15:00+00:00,2024-01-23 16:20:00+00:00,short,38935.99,39072.11,SL,-0.5027,49.7645,1.0
2024-01-23 17:55:00+00:00,2024-01-23 18:05:00+00:00,short,39398.89,39529.44,SL,-0.4976,49.2669,1.0
2024-01-23 20:55:00+00:00,2024-01-23 22:00:00+00:00,short,39175.06,39275.0,SL,-0.4927,48.7742,1.0
2024-01-24 00:40:00+00:00,2024-01-24 00:50:00+00:00,long,40004.39,40206.46,TP,0.9755,49.7497,1.0
2024-01-24 04:15:00+00:00,2024-01-24 06:30:00+00:00,long,39649.99,39842.01,TP,0.995,50.7447,1.0
2024-01-24 08:10:00+00:00,2024-01-24 08:15:00+00:00,long,40065.89,39952.0,SL,-0.5074,50.2373,1.0
2024-01-24 09:10:00+00:00,2024-01-24 09:20:00+00:00,long,40100.01,39993.36,SL,-0.5024,49.7349,1.0
2024-01-24 10:10:00+00:00,2024-01-24 10:40:00+00:00,long,40059.99,40292.01,TP,0.9947,50.7296,1.0
2024-01-24 14:30:00+00:00,2024-01-24 14:45:00+00:00,long,40031.99,39946.01,SL,-0.5073,50.2223,1.0
2024-01-24 16:25:00+00:00,2024-01-24 16:35:00+00:00,long,40055.21,39959.28,SL,-0.5022,49.7201,1.0
2024-01-24 16:45:00+00:00,2024-01-24 18:05:00+00:00,long,40084.54,39999.01,SL,-0.4972,49.2229,1.0
2024-01-24 19:40:00+00:00,2024-01-24 19:55:00+00:00,short,39679.89,39803.05,SL,-0.4922,48.7306,1.0
2024-01-24 20:45:00+00:00,2024-01-24 21:10:00+00:00,short,39587.97,39691.9,SL,-0.4873,48.2433,1.0
2024-01-25 03:15:00+00:00,2024-01-25 04:45:00+00:00,long,40004.36,39912.25,SL,-0.4824,47.7609,1.0
2024-01-25 10:45:00+00:00,2024-01-25 11:20:00+00:00,long,40061.09,40239.36,TP,0.9552,48.7161,1.0
2024-01-25 15:15:00+00:00,2024-01-25 15:45:00+00:00,short,39935.12,39669.97,TP,0.9743,49.6904,1.0
2024-01-25 17:00:00+00:00,2024-01-25 17:30:00+00:00,short,39661.1,39754.24,SL,-0.4969,49.1935,1.0
2024-01-25 18:45:00+00:00,2024-01-25 19:25:00+00:00,short,39798.0,39882.22,SL,-0.4919,48.7016,1.0
2024-01-25 19:30:00+00:00,2024-01-25 20:40:00+00:00,long,39920.45,39758.58,SL,-0.487,48.2146,1.0
2024-01-26 01:35:00+00:00,2024-01-26 02:15:00+00:00,long,39920.81,40102.0,TP,0.9643,49.1789,1.0
2024-01-26 04:35:00+00:00,2024-01-26 05:15:00+00:00,long,40198.74,40107.8,SL,-0.4918,48.6871,1.0
2024-01-26 10:25:00+00:00,2024-01-26 10:35:00+00:00,long,40288.51,40455.83,TP,0.9737,49.6608,1.0
2024-01-26 14:30:00+00:00,2024-01-26 14:50:00+00:00,long,41221.46,41408.0,TP,0.9932,50.654,1.0
2024-01-26 16:05:00+00:00,2024-01-26 16:15:00+00:00,long,41551.54,41728.0,TP,1.0131,51.6671,1.0
2024-01-26 18:35:00+00:00,2024-01-26 19:00:00+00:00,long,42131.51,42026.0,SL,-0.5167,51.1504,1.0
2024-01-26 20:10:00+00:00,2024-01-26 20:15:00+00:00,long,42209.59,42067.44,SL,-0.5115,50.6389,1.0
2024-01-26 21:40:00+00:00,2024-01-26 22:10:00+00:00,long,41961.03,41838.93,SL,-0.5064,50.1326,1.0
2024-01-26 22:55:00+00:00,2024-01-27 00:00:00+00:00,long,41906.28,41787.35,SL,-0.5013,49.6312,1.0
2024-01-27 01:00:00+00:00,2024-01-27 06:50:00+00:00,long,41809.91,41711.77,SL,-0.4963,49.1349,1.0
2024-01-27 07:45:00+00:00,2024-01-27 08:05:00+00:00,long,41698.0,41613.09,SL,-0.4913,48.6436,1.0
2024-01-27 08:55:00+00:00,2024-01-27 09:15:00+00:00,short,41470.01,41567.3,SL,-0.4864,48.1571,1.0
2024-01-27 14:20:00+00:00,2024-01-27 19:35:00+00:00,long,41776.08,41949.98,TP,0.9631,49.1203,1.0
2024-01-28 01:05:00+00:00,2024-01-28 04:00:00+00:00,long,42080.01,42305.87,TP,0.9824,50.1027,1.0
2024-01-28 07:15:00+00:00,2024-01-28 07:45:00+00:00,long,42504.31,42395.98,SL,-0.501,49.6017,1.0
2024-01-28 08:20:00+00:00,2024-01-28 09:10:00+00:00,long,42536.0,42442.71,SL,-0.496,49.1056,1.0
2024-01-28 09:25:00+00:00,2024-01-28 11:20:00+00:00,long,42567.73,42472.89,SL,-0.4911,48.6146,1.0
2024-01-28 12:55:00+00:00,2024-01-28 13:15:00+00:00,long,42417.04,42312.6,SL,-0.4861,48.1284,1.0
2024-01-28 13:30:00+00:00,2024-01-28 13:40:00+00:00,short,42302.0,42401.59,SL,-0.4813,47.6472,1.0
2024-01-28 16:10:00+00:00,2024-01-28 16:30:00+00:00,long,42327.59,42161.11,SL,-0.4765,47.1707,1.0
2024-01-28 17:05:00+00:00,2024-01-28 18:20:00+00:00,short,42191.21,41958.0,TP,0.9434,48.1141,1.0
2024-01-28 19:30:00+00:00,2024-01-28 20:10:00+00:00,short,41926.01,41705.49,TP,0.9623,49.0764,1.0
2024-01-28 22:35:00+00:00,2024-01-28 22:45:00+00:00,short,41695.85,41795.32,SL,-0.4908,48.5856,1.0
2024-01-29 00:15:00+00:00,2024-01-29 00:25:00+00:00,short,41888.14,41978.43,SL,-0.4859,48.0998,1.0
2024-01-29 00:50:00+00:00,2024-01-29 01:05:00+00:00,short,41952.58,42043.57,SL,-0.481,47.6188,1.0
2024-01-29 03:15:00+00:00,2024-01-29 03:55:00+00:00,long,42435.98,42331.2,SL,-0.4762,47.1426,1.0
2024-01-29 06:15:00+00:00,2024-01-29 07:35:00+00:00,long,42209.9,42119.99,SL,-0.4714,46.6711,1.0
2024-01-29 07:40:00+00:00,2024-01-29 09:30:00+00:00,short,42103.79,42200.14,SL,-0.4667,46.2044,1.0
2024-01-29 10:35:00+00:00,2024-01-29 11:50:00+00:00,long,42311.51,42214.81,SL,-0.462,45.7424,1.0
2024-01-29 14:30:00+00:00,2024-01-29 15:10:00+00:00,short,41903.98,42027.99,SL,-0.4574,45.285,1.0
2024-01-29 20:50:00+00:00,2024-01-30 01:10:00+00:00,long,43144.4,43368.0,TP,0.9057,46.1907,1.0
2024-01-30 06:15:00+00:00,2024-01-30 06:35:00+00:00,long,43399.99,43283.99,SL,-0.4619,45.7288,1.0
2024-01-30 07:00:00+00:00,2024-01-30 08:00:00+00:00,long,43365.29,43261.09,SL,-0.4573,45.2715,1.0
2024-01-30 08:15:00+00:00,2024-01-30 12:00:00+00:00,long,43384.37,43570.07,TP,0.9054,46.1769,1.0
2024-01-30 14:15:00+00:00,2024-01-30 16:15:00+00:00,long,43363.62,43245.35,SL,-0.4618,45.7151,1.0
2024-01-30 16:50:00+00:00,2024-01-30 17:30:00+00:00,long,43469.68,43380.94,SL,-0.4572,45.258,1.0
2024-01-30 18:30:00+00:00,2024-01-30 18:45:00+00:00,long,43482.01,43373.99,SL,-0.4526,44.8054,1.0
2024-01-30 19:15:00+00:00,2024-01-30 20:25:00+00:00,long,43442.02,43692.01,TP,0.8961,45.7015,1.0
2024-01-31 04:30:00+00:00,2024-01-31 05:00:00+00:00,short,42891.6,42986.16,SL,-0.457,45.2445,1.0
2024-01-31 05:20:00+00:00,2024-01-31 05:45:00+00:00,short,42938.72,43041.1,SL,-0.4524,44.792,1.0
2024-01-31 06:35:00+00:00,2024-01-31 07:55:00+00:00,short,42955.59,43050.01,SL,-0.4479,44.3441,1.0
2024-01-31 08:05:00+00:00,2024-01-31 09:25:00+00:00,short,42982.3,42782.01,TP,0.8869,45.231,1.0
2024-01-31 10:40:00+00:00,2024-01-31 10:55:00+00:00,short,42648.38,42384.73,TP,0.9046,46.1356,1.0
2024-01-31 13:05:00+00:00,2024-01-31 13:30:00+00:00,short,42575.98,42717.77,SL,-0.4614,45.6743,1.0
2024-01-31 15:15:00+00:00,2024-01-31 15:20:00+00:00,short,42745.9,42865.99,SL,-0.4567,45.2175,1.0
2024-01-31 15:25:00+00:00,2024-01-31 15:30:00+00:00,long,43016.8,43278.0,TP,0.9043,46.1219,1.0
2024-02-01 00:15:00+00:00,2024-02-01 00:35:00+00:00,short,42564.42,42308.01,TP,0.9224,47.0443,1.0
2024-02-01 04:30:00+00:00,2024-02-01 04:35:00+00:00,short,41949.99,42075.55,SL,-0.4704,46.5739,1.0
2024-02-01 07:00:00+00:00,2024-02-01 07:30:00+00:00,short,42167.12,42268.93,SL,-0.4657,46.1081,1.0
2024-02-01 07:55:00+00:00,2024-02-01 10:20:00+00:00,short,42190.16,42293.53,SL,-0.4611,45.6471,1.0
2024-02-01 11:45:00+00:00,2024-02-01 12:05:00+00:00,short,42147.08,41978.0,TP,0.9129,46.56,1.0
2024-02-01 13:00:00+00:00,2024-02-01 13:25:00+00:00,short,42074.4,42172.87,SL,-0.4656,46.0944,1.0
2024-02-01 17:00:00+00:00,2024-02-01 17:10:00+00:00,long,42758.16,42932.98,TP,0.9219,47.0163,1.0
2024-02-01 19:40:00+00:00,2024-02-01 19:50:00+00:00,long,43000.81,43233.12,TP,0.9403,47.9566,1.0
2024-02-01 21:15:00+00:00,2024-02-01 21:30:00+00:00,long,43200.0,43076.59,SL,-0.4796,47.477,1.0
2024-02-01 23:30:00+00:00,2024-02-02 00:15:00+00:00,long,43054.81,43313.98,TP,0.9495,48.4266,1.0
2024-02-02 04:00:00+00:00,2024-02-02 05:05:00+00:00,long,43046.73,42951.1,SL,-0.4843,47.9423,1.0
2024-02-02 05:15:00+00:00,2024-02-02 06:25:00+00:00,long,43001.99,43203.82,TP,0.9588,48.9012,1.0
2024-02-02 09:25:00+00:00,2024-02-02 10:00:00+00:00,long,43050.0,42956.62,SL,-0.489,48.4122,1.0
2024-02-02 10:05:00+00:00,2024-02-02 10:30:00+00:00,short,42961.1,43118.0,SL,-0.4841,47.928,1.0
2024-02-02 12:15:00+00:00,2024-02-02 12:50:00+00:00,long,43199.31,43104.11,SL,-0.4793,47.4488,1.0
2024-02-02 20:45:00+00:00,2024-02-02 22:15:00+00:00,short,42992.78,43078.93,SL,-0.4745,46.9743,1.0
2024-02-03 00:15:00+00:00,2024-02-03 01:50:00+00:00,long,43307.03,43208.36,SL,-0.4697,46.5045,1.0
2024-02-03 03:15:00+00:00,2024-02-03 05:25:00+00:00,long,43203.63,43111.2,SL,-0.465,46.0395,1.0
2024-02-03 05:55:00+00:00,2024-02-03 07:05:00+00:00,long,43168.78,43080.7,SL,-0.4604,45.5791,1.0
2024-02-03 07:50:00+00:00,2024-02-03 16:10:00+00:00,short,43073.02,43160.0,SL,-0.4558,45.1233,1.0
2024-02-03 17:40:00+00:00,2024-02-03 18:35:00+00:00,long,43196.33,43082.26,SL,-0.4512,44.6721,1.0
2024-02-03 21:30:00+00:00,2024-02-04 06:25:00+00:00,short,43033.33,42829.45,TP,0.8934,45.5655,1.0
2024-02-04 09:00:00+00:00,2024-02-04 09:20:00+00:00,short,42779.75,42869.12,SL,-0.4557,45.1098,1.0
2024-02-04 10:20:00+00:00,2024-02-04 11:10:00+00:00,short,42891.1,42999.99,SL,-0.4511,44.6587,1.0
2024-02-04 14:30:00+00:00,2024-02-04 14:45:00+00:00,long,43007.51,42911.4,SL,-0.4466,44.2122,1.0
2024-02-04 17:20:00+00:00,2024-02-04 19:05:00+00:00,short,42865.98,42644.1,TP,0.8842,45.0964,1.0
2024-02-04 21:50:00+00:00,2024-02-04 22:35:00+00:00,short,42775.57,42431.1,TP,0.9019,45.9983,1.0
2024-02-05 00:15:00+00:00,2024-02-05 00:20:00+00:00,short,42473.51,42616.51,SL,-0.46,45.5383,1.0
2024-02-05 00:35:00+00:00,2024-02-05 03:10:00+00:00,short,42450.0,42536.05,SL,-0.4554,45.083,1.0
2024-02-05 05:55:00+00:00,2024-02-05 07:30:00+00:00,long,42777.24,42972.56,TP,0.9017,45.9846,1.0
2024-02-05 10:00:00+00:00,2024-02-05 11:15:00+00:00,long,43187.43,43097.95,SL,-0.4598,45.5248,1.0
2024-02-05 12:00:00+00:00,2024-02-05 13:20:00+00:00,long,43192.31,43425.58,TP,0.9105,46.4353,1.0
2024-02-05 18:20:00+00:00,2024-02-05 18:55:00+00:00,short,42613.95,42730.89,SL,-0.4644,45.9709,1.0
2024-02-05 20:00:00+00:00,2024-02-05 20:20:00+00:00,short,42701.01,42368.37,TP,0.9194,46.8903,1.0
2024-02-06 00:20:00+00:00,2024-02-06 01:40:00+00:00,short,42629.99,42725.15,SL,-0.4689,46.4214,1.0
2024-02-06 02:00:00+00:00,2024-02-06 02:05:00+00:00,short,42650.51,42787.23,SL,-0.4642,45.9572,1.0
2024-02-06 11:45:00+00:00,2024-02-06 12:45:00+00:00,long,42841.09,42740.19,SL,-0.4596,45.4977,1.0
2024-02-06 12:50:00+00:00,2024-02-06 12:55:00+00:00,short,42672.01,42789.36,SL,-0.455,45.0427,1.0
2024-02-06 13:10:00+00:00,2024-02-06 14:35:00+00:00,long,42824.64,43047.99,TP,0.9009,45.9435,1.0
2024-02-06 15:15:00+00:00,2024-02-06 16:20:00+00:00,long,43103.81,43357.41,TP,0.9189,46.8624,1.0
2024-02-06 19:15:00+00:00,2024-02-06 20:25:00+00:00,long,43208.5,43122.03,SL,-0.4686,46.3938,1.0
2024-02-06 21:15:00+00:00,2024-02-06 23:20:00+00:00,long,43161.6,43063.83,SL,-0.4639,45.9298,1.0
2024-02-07 00:25:00+00:00,2024-02-07 00:35:00+00:00,long,43175.25,43088.26,SL,-0.4593,45.4705,1.0
2024-02-07 01:00:00+00:00,2024-02-07 03:05:00+00:00,long,43109.87,43002.51,SL,-0.4547,45.0158,1.0
2024-02-07 06:15:00+00:00,2024-02-07 09:30:00+00:00,short,42945.49,43063.06,SL,-0.4502,44.5657,1.0
2024-02-07 14:45:00+00:00,2024-02-07 14:50:00+00:00,long,43275.35,43082.07,SL,-0.4457,44.12,1.0
2024-02-07 15:30:00+00:00,2024-02-07 15:45:00+00:00,long,43165.98,43062.65,SL,-0.4412,43.6788,1.0
2024-02-07 16:05:00+00:00,2024-02-07 16:20:00+00:00,long,43141.74,43023.98,SL,-0.4368,43.242,1.0
2024-02-07 16:45:00+00:00,2024-02-07 17:15:00+00:00,long,43156.92,43390.01,TP,0.8648,44.1069,1.0
2024-02-07 20:00:00+00:00,2024-02-07 20:15:00+00:00,long,43737.94,44135.5,TP,0.8821,44.989,1.0
2024-02-07 23:50:00+00:00,2024-02-08 00:30:00+00:00,long,44329.99,44547.99,TP,0.8998,45.8888,1.0
2024-02-08 03:20:00+00:00,2024-02-08 03:40:00+00:00,long,44685.15,44581.1,SL,-0.4589,45.4299,1.0
2024-02-08 05:20:00+00:00,2024-02-08 06:10:00+00:00,long,44594.01,44498.41,SL,-0.4543,44.9756,1.0
2024-02-08 07:20:00+00:00,2024-02-08 08:40:00+00:00,long,44499.92,44706.0,TP,0.8995,45.8751,1.0
2024-02-08 09:35:00+00:00,2024-02-08 12:35:00+00:00,long,44768.47,44660.2,SL,-0.4588,45.4164,1.0
2024-02-08 13:10:00+00:00,2024-02-08 13:55:00+00:00,long,44799.45,44984.0,TP,0.9083,46.3247,1.0
2024-02-08 15:20:00+00:00,2024-02-08 16:30:00+00:00,long,45311.46,45200.45,SL,-0.4632,45.8614,1.0
2024-02-08 17:35:00+00:00,2024-02-08 17:45:00+00:00,long,45216.13,45073.76,SL,-0.4586,45.4028,1.0
2024-02-08 18:10:00+00:00,2024-02-08 18:50:00+00:00,long,45109.91,45292.53,TP,0.9081,46.3109,1.0
2024-02-08 20:10:00+00:00,2024-02-08 20:20:00+00:00,long,45484.87,45372.36,SL,-0.4631,45.8478,1.0
2024-02-08 23:10:00+00:00,2024-02-08 23:25:00+00:00,long,45361.47,45262.82,SL,-0.4585,45.3893,1.0
2024-02-08 23:45:00+00:00,2024-02-09 00:45:00+00:00,long,45345.68,45251.34,SL,-0.4539,44.9354,1.0
2024-02-09 01:15:00+00:00,2024-02-09 02:15:00+00:00,long,45366.0,45718.68,TP,0.8987,45.8341,1.0
2024-02-09 05:30:00+00:00,2024-02-09 07:35:00+00:00,long,46145.64,46358.11,TP,0.9167,46.7508,1.0
2024-02-09 08:15:00+00:00,2024-02-09 08:55:00+00:00,long,46401.07,46639.99,TP,0.935,47.6858,1.0
2024-02-09 10:55:00+00:00,2024-02-09 11:40:00+00:00,long,46779.52,47014.18,TP,0.9537,48.6395,1.0
2024-02-09 15:30:00+00:00,2024-02-09 17:15:00+00:00,long,47191.89,47477.29,TP,0.9728,49.6123,1.0
2024-02-09 20:10:00+00:00,2024-02-09 20:55:00+00:00,long,47649.49,47511.29,SL,-0.4961,49.1162,1.0
2024-02-09 21:55:00+00:00,2024-02-09 22:20:00+00:00,long,47507.25,47386.0,SL,-0.4912,48.625,1.0
2024-02-10 00:00:00+00:00,2024-02-10 00:35:00+00:00,long,47195.12,47048.87,SL,-0.4863,48.1388,1.0
2024-02-10 00:45:00+00:00,2024-02-10 01:20:00+00:00,short,47079.75,47197.89,SL,-0.4814,47.6574,1.0
2024-02-10 06:55:00+00:00,2024-02-10 07:45:00+00:00,long,47349.99,47253.73,SL,-0.4766,47.1808,1.0
2024-02-10 09:55:00+00:00,2024-02-10 11:50:00+00:00,short,47066.0,47172.0,SL,-0.4718,46.709,1.0
2024-02-10 13:15:00+00:00,2024-02-10 13:45:00+00:00,short,47171.13,47332.99,SL,-0.4671,46.2419,1.0
2024-02-10 15:55:00+00:00,2024-02-10 16:25:00+00:00,long,47353.48,47254.05,SL,-0.4624,45.7795,1.0
2024-02-10 18:00:00+00:00,2024-02-10 19:20:00+00:00,long,47228.59,47478.0,TP,0.9156,46.6951,1.0
2024-02-10 20:20:00+00:00,2024-02-10 20:40:00+00:00,long,47618.53,47903.65,TP,0.9339,47.629,1.0
2024-02-10 21:25:00+00:00,2024-02-10 21:35:00+00:00,long,48074.0,47862.02,SL,-0.4763,47.1527,1.0
2024-02-10 23:15:00+00:00,2024-02-10 23:30:00+00:00,long,47855.5,47703.44,SL,-0.4715,46.6812,1.0
2024-02-11 00:35:00+00:00,2024-02-11 01:20:00+00:00,long,47768.99,47654.6,SL,-0.4668,46.2144,1.0
2024-02-11 01:40:00+00:00,2024-02-11 03:10:00+00:00,long,47695.32,47936.32,TP,0.9243,47.1387,1.0
2024-02-11 07:05:00+00:00,2024-02-11 07:30:00+00:00,long,48324.59,48179.43,SL,-0.4714,46.6673,1.0
2024-02-11 08:10:00+00:00,2024-02-11 08:25:00+00:00,long,48255.91,48157.81,SL,-0.4667,46.2006,1.0
2024-02-11 09:10:00+00:00,2024-02-11 10:45:00+00:00,long,48168.93,48036.0,SL,-0.462,45.7386,1.0
2024-02-11 11:00:00+00:00,2024-02-11 11:55:00+00:00,long,48206.85,48411.71,TP,0.9148,46.6534,1.0
2024-02-11 14:35:00+00:00,2024-02-11 17:05:00+00:00,long,48102.98,48309.37,TP,0.9331,47.5864,1.0
2024-02-11 18:50:00+00:00,2024-02-11 20:35:00+00:00,long,48310.76,48151.09,SL,-0.4759,47.1106,1.0
2024-02-11 23:00:00+00:00,2024-02-11 23:25:00+00:00,short,48082.01,48180.0,SL,-0.4711,46.6395,1.0
2024-02-12 03:30:00+00:00,2024-02-12 04:00:00+00:00,long,48216.97,48113.19,SL,-0.4664,46.1731,1.0
2024-02-12 04:10:00+00:00,2024-02-12 05:25:00+00:00,short,48059.61,48170.0,SL,-0.4617,45.7113,1.0
2024-02-12 06:40:00+00:00,2024-02-12 07:05:00+00:00,short,48068.29,48213.31,SL,-0.4571,45.2542,1.0
2024-02-12 11:00:00+00:00,2024-02-12 12:25:00+00:00,short,47842.01,47940.0,SL,-0.4525,44.8017,1.0
2024-02-12 13:30:00+00:00,2024-02-12 14:05:00+00:00,short,47906.54,48053.82,SL,-0.448,44.3537,1.0
2024-02-12 17:30:00+00:00,2024-02-12 17:35:00+00:00,long,50234.0,49986.73,SL,-0.4435,43.9101,1.0
2024-02-12 20:15:00+00:00,2024-02-12 20:45:00+00:00,long,49879.25,50100.01,TP,0.8782,44.7883,1.0
2024-02-12 23:45:00+00:00,2024-02-13 01:00:00+00:00,long,49999.8,50199.99,TP,0.8958,45.6841,1.0
2024-02-13 04:10:00+00:00,2024-02-13 06:10:00+00:00,long,49871.21,50072.45,TP,0.9137,46.5978,1.0
2024-02-13 07:10:00+00:00,2024-02-13 07:35:00+00:00,long,50096.4,49969.23,SL,-0.466,46.1318,1.0
2024-02-13 08:20:00+00:00,2024-02-13 10:45:00+00:00,long,50042.51,49914.29,SL,-0.4613,45.6705,1.0
2024-02-13 11:40:00+00:00,2024-02-13 12:20:00+00:00,long,49979.36,49873.5,SL,-0.4567,45.2138,1.0
2024-02-13 12:50:00+00:00,2024-02-13 13:05:00+00:00,short,49819.04,49919.0,SL,-0.4521,44.7616,1.0
2024-02-13 13:25:00+00:00,2024-02-13 13:35:00+00:00,short,49757.12,49499.99,TP,0.8952,45.6569,1.0
2024-02-13 17:00:00+00:00,2024-02-13 17:30:00+00:00,short,48499.99,48706.58,SL,-0.4566,45.2003,1.0
2024-02-13 19:05:00+00:00,2024-02-13 19:25:00+00:00,short,49008.01,49167.23,SL,-0.452,44.7483,1.0
2024-02-13 19:50:00+00:00,2024-02-13 20:05:00+00:00,short,49019.69,49181.51,SL,-0.4475,44.3008,1.0
2024-02-13 23:35:00+00:00,2024-02-14 00:35:00+00:00,long,49556.0,49440.89,SL,-0.443,43.8578,1.0
2024-02-14 02:05:00+00:00,2024-02-14 04:30:00+00:00,long,49475.98,49319.42,SL,-0.4386,43.4192,1.0
2024-02-14 05:10:00+00:00,2024-02-14 07:00:00+00:00,long,49458.85,49689.26,TP,0.8684,44.2876,1.0
2024-02-14 08:45:00+00:00,2024-02-14 08:50:00+00:00,long,49914.0,50223.38,TP,0.8858,45.1734,1.0
2024-02-14 12:00:00+00:00,2024-02-14 12:05:00+00:00,long,51641.06,51510.58,SL,-0.4517,44.7216,1.0
2024-02-14 12:25:00+00:00,2024-02-14 13:10:00+00:00,long,51652.0,51521.11,SL,-0.4472,44.2744,1.0
2024-02-14 13:40:00+00:00,2024-02-14 14:00:00+00:00,long,51777.09,51665.22,SL,-0.4427,43.8317,1.0
2024-02-14 14:45:00+00:00,2024-02-14 15:05:00+00:00,long,51832.43,51678.0,SL,-0.4383,43.3933,1.0
2024-02-14 15:30:00+00:00,2024-02-14 15:40:00+00:00,long,51924.33,51724.85,SL,-0.4339,42.9594,1.0
2024-02-14 16:45:00+00:00,2024-02-14 17:05:00+00:00,long,51657.96,51526.01,SL,-0.4296,42.5298,1.0
2024-02-14 17:10:00+00:00,2024-02-14 17:30:00+00:00,long,51692.79,51572.46,SL,-0.4253,42.1045,1.0
2024-02-14 17:45:00+00:00,2024-02-14 18:10:00+00:00,long,51596.24,51441.1,SL,-0.421,41.6835,1.0
2024-02-14 19:35:00+00:00,2024-02-14 19:50:00+00:00,long,51426.24,51651.52,TP,0.8337,42.5171,1.0
2024-02-14 21:50:00+00:00,2024-02-14 22:05:00+00:00,long,51754.14,51608.01,SL,-0.4252,42.092,1.0
2024-02-15 00:05:00+00:00,2024-02-15 00:20:00+00:00,long,51863.11,52323.79,TP,0.8418,42.9338,1.0
2024-02-15 02:15:00+00:00,2024-02-15 02:30:00+00:00,long,52151.11,52041.09,SL,-0.4293,42.5045,1.0
2024-02-15 06:35:00+00:00,2024-02-15 07:40:00+00:00,long,51987.61,51727.99,SL,-0.425,42.0794,1.0
2024-02-15 08:25:00+00:00,2024-02-15 09:15:00+00:00,long,51942.01,52173.19,TP,0.8416,42.921,1.0
2024-02-15 10:40:00+00:00,2024-02-15 12:15:00+00:00,long,52290.26,52182.56,SL,-0.4292,42.4918,1.0
2024-02-15 14:20:00+00:00,2024-02-15 14:30:00+00:00,long,52294.79,52763.99,TP,0.8498,43.3416,1.0
2024-02-15 16:25:00+00:00,2024-02-15 17:30:00+00:00,long,52271.01,52159.99,SL,-0.4334,42.9082,1.0
2024-02-15 17:35:00+00:00,2024-02-15 19:15:00+00:00,short,52054.0,51788.52,TP,0.8582,43.7664,1.0
2024-02-15 20:15:00+00:00,2024-02-15 20:35:00+00:00,short,51687.12,51847.76,SL,-0.4377,43.3287,1.0
2024-02-15 21:25:00+00:00,2024-02-15 21:55:00+00:00,short,51664.28,51327.27,TP,0.8666,44.1953,1.0
2024-02-16 00:25:00+00:00,2024-02-16 00:40:00+00:00,short,51834.01,51966.67,SL,-0.442,43.7534,1.0
2024-02-16 00:50:00+00:00,2024-02-16 03:10:00+00:00,long,51963.03,52271.12,TP,0.8751,44.6284,1.0
2024-02-16 03:35:00+00:00,2024-02-16 04:45:00+00:00,long,52262.02,52153.99,SL,-0.4463,44.1821,1.0
2024-02-16 06:25:00+00:00,2024-02-16 06:40:00+00:00,long,52159.99,52000.0,SL,-0.4418,43.7403,1.0
2024-02-16 09:05:00+00:00,2024-02-16 09:15:00+00:00,short,51651.1,51798.29,SL,-0.4374,43.3029,1.0
2024-02-16 12:55:00+00:00,2024-02-16 13:30:00+00:00,long,52383.44,52181.08,SL,-0.433,42.8699,1.0
2024-02-16 17:05:00+00:00,2024-02-16 19:50:00+00:00,short,51941.11,51689.97,TP,0.8574,43.7273,1.0
2024-02-16 22:20:00+00:00,2024-02-16 23:05:00+00:00,short,51912.59,52030.65,SL,-0.4373,43.29,1.0
2024-02-17 02:10:00+00:00,2024-02-17 02:35:00+00:00,long,52009.0,51901.09,SL,-0.4329,42.8571,1.0
2024-02-17 05:10:00+00:00,2024-02-17 08:45:00+00:00,short,51921.05,51706.11,TP,0.8571,43.7143,1.0
2024-02-17 09:55:00+00:00,2024-02-17 13:25:00+00:00,short,51676.4,51381.75,TP,0.8743,44.5885,1.0
2024-02-17 14:30:00+00:00,2024-02-17 14:45:00+00:00,short,50953.99,50683.95,TP,0.8918,45.4803,1.0
2024-02-17 19:00:00+00:00,2024-02-17 19:15:00+00:00,short,51236.02,51411.09,SL,-0.4548,45.0255,1.0
2024-02-17 19:55:00+00:00,2024-02-17 20:50:00+00:00,short,51394.43,51531.35,SL,-0.4503,44.5753,1.0
2024-02-18 01:00:00+00:00,2024-02-18 01:40:00+00:00,long,51749.73,51593.38,SL,-0.4458,44.1295,1.0
2024-02-18 07:15:00+00:00,2024-02-18 09:00:00+00:00,long,51628.0,51841.93,TP,0.8826,45.0121,1.0
2024-02-18 11:55:00+00:00,2024-02-18 12:30:00+00:00,long,51832.01,51680.5,SL,-0.4501,44.562,1.0
2024-02-18 16:55:00+00:00,2024-02-18 18:25:00+00:00,long,51835.57,51716.97,SL,-0.4456,44.1163,1.0
2024-02-18 19:25:00+00:00,2024-02-18 20:05:00+00:00,long,51821.09,51704.0,SL,-0.4412,43.6752,1.0
2024-02-18 20:45:00+00:00,2024-02-18 22:10:00+00:00,long,51758.46,52200.01,TP,0.8735,44.5487,1.0
2024-02-19 00:35:00+00:00,2024-02-19 00:40:00+00:00,long,52350.37,52177.99,SL,-0.4455,44.1032,1.0
2024-02-19 02:05:00+00:00,2024-02-19 03:35:00+00:00,long,52111.1,51994.03,SL,-0.441,43.6622,1.0
2024-02-19 04:20:00+00:00,2024-02-19 05:35:00+00:00,long,52124.11,52000.0,SL,-0.4366,43.2255,1.0
2024-02-19 05:55:00+00:00,2024-02-19 06:10:00+00:00,long,52130.42,52342.81,TP,0.8645,44.0901,1.0
2024-02-19 09:25:00+00:00,2024-02-19 13:35:00+00:00,long,52302.99,52168.4,SL,-0.4409,43.6492,1.0
2024-02-19 14:35:00+00:00,2024-02-19 14:40:00+00:00,long,52182.14,52072.01,SL,-0.4365,43.2127,1.0
2024-02-19 15:50:00+00:00,2024-02-19 16:40:00+00:00,short,52085.91,52205.83,SL,-0.4321,42.7805,1.0
2024-02-19 16:50:00+00:00,2024-02-19 17:25:00+00:00,short,51889.87,52104.53,SL,-0.4278,42.3527,1.0
2024-02-19 18:45:00+00:00,2024-02-19 20:05:00+00:00,short,51997.99,51771.06,TP,0.8471,43.1998,1.0
2024-02-19 21:35:00+00:00,2024-02-19 21:55:00+00:00,short,51769.45,51904.42,SL,-0.432,42.7678,1.0
2024-02-19 23:00:00+00:00,2024-02-19 23:45:00+00:00,short,51950.17,51740.17,TP,0.8554,43.6231,1.0
2024-02-20 03:50:00+00:00,2024-02-20 04:25:00+00:00,short,51625.96,51738.0,SL,-0.4362,43.1869,1.0
2024-02-20 09:15:00+00:00,2024-02-20 09:50:00+00:00,short,51598.01,51739.82,SL,-0.4319,42.755,1.0
2024-02-20 13:30:00+00:00,2024-02-20 13:35:00+00:00,long,52612.75,52899.99,TP,0.8551,43.6101,1.0
2024-02-20 16:55:00+00:00,2024-02-20 17:15:00+00:00,short,51396.33,51164.0,TP,0.8722,44.4823,1.0
2024-02-20 22:40:00+00:00,2024-02-21 00:50:00+00:00,long,52257.72,52145.39,SL,-0.4448,44.0375,1.0
2024-02-21 02:30:00+00:00,2024-02-21 03:55:00+00:00,long,52117.99,52001.99,SL,-0.4404,43.5971,1.0
2024-02-21 05:35:00+00:00,2024-02-21 07:00:00+00:00,short,51866.85,51635.0,TP,0.8719,44.4691,1.0
2024-02-21 07:45:00+00:00,2024-02-21 08:25:00+00:00,short,51584.4,51767.87,SL,-0.4447,44.0244,1.0
2024-02-21 09:10:00+00:00,2024-02-21 09:40:00+00:00,short,51527.51,51261.37,TP,0.8805,44.9049,1.0
2024-02-21 11:30:00+00:00,2024-02-21 12:15:00+00:00,short,51050.01,51193.36,SL,-0.449,44.4558,1.0
2024-02-21 13:25:00+00:00,2024-02-21 15:20:00+00:00,short,51096.62,51271.8,SL,-0.4446,44.0113,1.0
2024-02-21 16:30:00+00:00,2024-02-21 16:40:00+00:00,short,51123.7,51273.09,SL,-0.4401,43.5712,1.0
2024-02-21 17:25:00+00:00,2024-02-21 17:40:00+00:00,short,51203.84,50946.0,TP,0.8714,44.4426,1.0
2024-02-21 20:45:00+00:00,2024-02-21 21:00:00+00:00,short,50890.02,50997.6,SL,-0.4444,43.9982,1.0
2024-02-22 02:20:00+00:00,2024-02-22 03:45:00+00:00,long,51419.29,51631.73,TP,0.88,44.8781,1.0
2024-02-22 05:25:00+00:00,2024-02-22 05:50:00+00:00,long,51620.87,51488.37,SL,-0.4488,44.4293,1.0
2024-02-22 06:05:00+00:00,2024-02-22 07:15:00+00:00,long,51579.86,51859.26,TP,0.8886,45.3179,1.0
2024-02-22 09:45:00+00:00,2024-02-22 10:30:00+00:00,long,51963.35,51849.99,SL,-0.4532,44.8648,1.0
2024-02-22 12:05:00+00:00,2024-02-22 12:35:00+00:00,long,51684.01,51499.99,SL,-0.4486,44.4161,1.0
2024-02-22 16:25:00+00:00,2024-02-22 16:30:00+00:00,short,51444.61,51552.07,SL,-0.4442,43.9719,1.0
2024-02-22 17:30:00+00:00,2024-02-22 19:35:00+00:00,long,51631.09,51505.85,SL,-0.4397,43.5322,1.0
2024-02-22 20:15:00+00:00,2024-02-22 20:25:00+00:00,long,51659.56,51915.19,TP,0.8706,44.4029,1.0
2024-02-23 01:50:00+00:00,2024-02-23 02:55:00+00:00,short,51371.13,51096.39,TP,0.8881,45.2909,1.0
2024-02-23 05:40:00+00:00,2024-02-23 06:05:00+00:00,short,51157.98,51267.99,SL,-0.4529,44.838,1.0
2024-02-23 07:10:00+00:00,2024-02-23 07:45:00+00:00,short,51249.85,50903.0,TP,0.8968,45.7348,1.0
2024-02-23 08:30:00+00:00,2024-02-23 10:20:00+00:00,short,50981.1,51119.93,SL,-0.4573,45.2774,1.0
2024-02-23 12:00:00+00:00,2024-02-23 14:35:00+00:00,short,51121.09,50891.44,TP,0.9055,46.183,1.0
2024-02-23 14:40:00+00:00,2024-02-23 14:50:00+00:00,short,50916.01,51100.61,SL,-0.4618,45.7211,1.0
2024-02-23 15:05:00+00:00,2024-02-23 16:10:00+00:00,short,50990.42,50695.15,TP,0.9144,46.6356,1.0
2024-02-23 18:10:00+00:00,2024-02-23 18:20:00+00:00,short,51011.09,51131.1,SL,-0.4664,46.1692,1.0
2024-02-23 18:25:00+00:00,2024-02-23 19:05:00+00:00,long,51153.95,51039.95,SL,-0.4617,45.7075,1.0
2024-02-23 19:35:00+00:00,2024-02-23 20:15:00+00:00,long,51185.02,51075.38,SL,-0.4571,45.2504,1.0
2024-02-23 21:55:00+00:00,2024-02-23 23:00:00+00:00,short,50986.12,50719.2,TP,0.905,46.1555,1.0
2024-02-24 01:15:00+00:00,2024-02-24 04:10:00+00:00,short,50769.47,50892.1,SL,-0.4616,45.6939,1.0
2024-02-24 05:20:00+00:00,2024-02-24 17:00:00+00:00,long,51031.5,51249.99,TP,0.9139,46.6078,1.0
2024-02-24 19:50:00+00:00,2024-02-24 20:05:00+00:00,long,51604.15,51499.99,SL,-0.4661,46.1417,1.0
2024-02-24 21:50:00+00:00,2024-02-25 00:30:00+00:00,long,51579.35,51456.73,SL,-0.4614,45.6803,1.0
2024-02-25 01:00:00+00:00,2024-02-25 02:05:00+00:00,long,51542.52,51824.58,TP,0.9136,46.5939,1.0
2024-02-25 03:55:00+00:00,2024-02-25 15:45:00+00:00,long,51624.99,51499.01,SL,-0.4659,46.128,1.0
2024-02-25 19:20:00+00:00,2024-02-25 19:25:00+00:00,short,51525.99,51659.58,SL,-0.4613,45.6667,1.0
2024-02-25 22:15:00+00:00,2024-02-25 22:55:00+00:00,long,51816.65,51702.01,SL,-0.4567,45.21,1.0
2024-02-26 00:30:00+00:00,2024-02-26 01:05:00+00:00,long,51769.4,51665.6,SL,-0.4521,44.7579,1.0
2024-02-26 05:25:00+00:00,2024-02-26 05:40:00+00:00,short,51445.36,51570.56,SL,-0.4476,44.3103,1.0
2024-02-26 06:15:00+00:00,2024-02-26 07:55:00+00:00,short,51517.17,51293.26,TP,0.8862,45.1965,1.0
2024-02-26 08:50:00+00:00,2024-02-26 09:25:00+00:00,short,51280.04,51054.01,TP,0.9039,46.1005,1.0
2024-02-26 11:35:00+00:00,2024-02-26 12:45:00+00:00,short,51086.47,51197.01,SL,-0.461,45.6395,1.0
2024-02-26 13:50:00+00:00,2024-02-26 14:25:00+00:00,short,51254.59,51362.0,SL,-0.4564,45.1831,1.0
2024-02-26 19:15:00+00:00,2024-02-26 19:20:00+00:00,long,54096.0,54382.2,TP,0.9037,46.0867,1.0
2024-02-27 00:10:00+00:00,2024-02-27 00:15:00+00:00,long,54606.81,54484.33,SL,-0.4609,45.6259,1.0
2024-02-27 00:25:00+00:00,2024-02-27 00:35:00+00:00,long,54592.83,54471.1,SL,-0.4563,45.1696,1.0
2024-02-27 01:00:00+00:00,2024-02-27 01:35:00+00:00,long,54571.2,54789.98,TP,0.9034,46.073,1.0
2024-02-27 05:40:00+00:00,2024-02-27 06:35:00+00:00,long,56086.01,56384.74,TP,0.9215,46.9944,1.0
2024-02-27 08:10:00+00:00,2024-02-27 09:30:00+00:00,long,56308.66,56562.63,TP,0.9399,47.9343,1.0
2024-02-27 12:05:00+00:00,2024-02-27 12:20:00+00:00,long,56633.4,56871.78,TP,0.9587,48.893,1.0
2024-02-27 13:15:00+00:00,2024-02-27 13:20:00+00:00,long,57174.52,56895.59,SL,-0.4889,48.4041,1.0
2024-02-27 14:35:00+00:00,2024-02-27 14:40:00+00:00,long,57304.73,56865.85,SL,-0.484,47.9201,1.0
2024-02-27 15:00:00+00:00,2024-02-27 15:05:00+00:00,long,57099.99,56851.1,SL,-0.4792,47.4409,1.0
2024-02-27 15:15:00+00:00,2024-02-27 15:40:00+00:00,long,57154.35,56943.99,SL,-0.4744,46.9664,1.0
2024-02-27 16:35:00+00:00,2024-02-27 17:35:00+00:00,long,56987.18,56728.72,SL,-0.4697,46.4968,1.0
2024-02-27 18:25:00+00:00,2024-02-27 19:30:00+00:00,long,56986.62,57222.13,TP,0.9299,47.4267,1.0
2024-02-27 22:15:00+00:00,2024-02-27 23:15:00+00:00,long,56815.55,57064.0,TP,0.9485,48.3752,1.0
2024-02-28 02:25:00+00:00,2024-02-28 04:50:00+00:00,long,56918.49,57213.26,TP,0.9675,49.3428,1.0
2024-02-28 07:05:00+00:00,2024-02-28 07:30:00+00:00,long,57234.99,57495.0,TP,0.9869,50.3296,1.0
2024-02-28 12:30:00+00:00,2024-02-28 13:05:00+00:00,long,59357.99,59792.72,TP,1.0066,51.3362,1.0
2024-02-28 14:55:00+00:00,2024-02-28 15:00:00+00:00,long,60971.11,60780.89,SL,-0.5134,50.8228,1.0
2024-02-28 16:30:00+00:00,2024-02-28 16:50:00+00:00,long,61723.01,62031.52,TP,1.0165,51.8393,1.0
2024-02-28 18:55:00+00:00,2024-02-28 19:00:00+00:00,long,61101.99,61401.95,TP,1.0368,52.8761,1.0
2024-02-28 21:15:00+00:00,2024-02-28 22:00:00+00:00,long,60321.41,60743.2,TP,1.0575,53.9336,1.0
2024-02-29 02:00:00+00:00,2024-02-29 02:10:00+00:00,long,61472.7,61329.58,SL,-0.5393,53.3943,1.0
2024-02-29 02:30:00+00:00,2024-02-29 02:45:00+00:00,long,61358.85,61609.97,TP,1.0679,54.4622,1.0
2024-02-29 03:50:00+00:00,2024-02-29 04:20:00+00:00,long,61501.1,61757.99,TP,1.0892,55.5514,1.0
2024-02-29 05:50:00+00:00,2024-02-29 06:00:00+00:00,long,62436.23,62879.71,TP,1.111,56.6624,1.0
2024-02-29 09:05:00+00:00,2024-02-29 09:10:00+00:00,long,62897.97,62749.99,SL,-0.5666,56.0958,1.0
2024-02-29 09:55:00+00:00,2024-02-29 10:00:00+00:00,long,62686.39,62544.34,SL,-0.561,55.5348,1.0
2024-02-29 10:40:00+00:00,2024-02-29 11:05:00+00:00,long,62522.4,62891.09,TP,1.1107,56.6455,1.0
2024-02-29 13:10:00+00:00,2024-02-29 13:20:00+00:00,long,62770.08,62417.1,SL,-0.5665,56.0791,1.0
2024-02-29 13:35:00+00:00,2024-02-29 14:05:00+00:00,long,62786.09,63109.02,TP,1.1216,57.2007,1.0
2024-02-29 15:25:00+00:00,2024-02-29 15:40:00+00:00,long,63183.64,62984.23,SL,-0.572,56.6287,1.0
2024-02-29 18:30:00+00:00,2024-02-29 19:10:00+00:00,short,60688.35,60844.55,SL,-0.5663,56.0624,1.0
2024-02-29 21:00:00+00:00,2024-02-29 21:05:00+00:00,short,61633.54,61115.42,TP,1.1212,57.1836,1.0
2024-02-29 22:15:00+00:00,2024-02-29 22:30:00+00:00,short,61097.68,61245.86,SL,-0.5718,56.6118,1.0
2024-02-29 22:35:00+00:00,2024-02-29 22:40:00+00:00,short,60989.97,60688.34,TP,1.1322,57.744,1.0
2024-03-01 00:00:00+00:00,2024-03-01 00:05:00+00:00,short,61129.92,61297.55,SL,-0.5774,57.1666,1.0
2024-03-01 01:05:00+00:00,2024-03-01 01:20:00+00:00,short,61311.09,61526.21,SL,-0.5717,56.5949,1.0
2024-03-01 03:25:00+00:00,2024-03-01 03:40:00+00:00,short,60791.76,61003.64,SL,-0.5659,56.029,1.0
2024-03-01 05:30:00+00:00,2024-03-01 06:15:00+00:00,short,61412.31,61740.0,SL,-0.5603,55.4687,1.0
2024-03-01 07:05:00+00:00,2024-03-01 07:25:00+00:00,long,61662.01,61486.08,SL,-0.5547,54.914,1.0
2024-03-01 08:15:00+00:00,2024-03-01 08:35:00+00:00,long,61809.95,62106.82,TP,1.0983,56.0123,1.0
2024-03-01 12:10:00+00:00,2024-03-01 12:35:00+00:00,long,62010.2,62354.68,TP,1.1202,57.1325,1.0
2024-03-01 20:20:00+00:00,2024-03-01 20:50:00+00:00,long,62384.37,62771.75,TP,1.1426,58.2752,1.0
2024-03-01 21:10:00+00:00,2024-03-01 21:15:00+00:00,long,62721.76,62582.94,SL,-0.5828,57.6924,1.0
2024-03-01 21:20:00+00:00,2024-03-01 21:50:00+00:00,long,62707.3,62580.63,SL,-0.5769,57.1155,1.0
2024-03-01 23:10:00+00:00,2024-03-01 23:35:00+00:00,long,62661.08,62413.47,SL,-0.5712,56.5443,1.0
2024-03-02 01:40:00+00:00,2024-03-02 02:00:00+00:00,long,62136.69,61987.91,SL,-0.5654,55.9789,1.0
2024-03-02 06:55:00+00:00,2024-03-02 08:40:00+00:00,short,61946.0,62073.46,SL,-0.5598,55.4191,1.0
2024-03-02 09:15:00+00:00,2024-03-02 10:15:00+00:00,short,61844.32,61995.91,SL,-0.5542,54.8649,1.0
2024-03-02 10:50:00+00:00,2024-03-02 11:00:00+00:00,short,61847.99,62017.96,SL,-0.5486,54.3163,1.0
2024-03-02 11:20:00+00:00,2024-03-02 12:25:00+00:00,short,61867.15,62011.48,SL,-0.5432,53.7731,1.0
2024-03-02 13:10:00+00:00,2024-03-02 14:00:00+00:00,short,61953.5,61635.45,TP,1.0755,54.8486,1.0
2024-03-02 15:50:00+00:00,2024-03-02 17:30:00+00:00,short,61748.52,61911.75,SL,-0.5485,54.3001,1.0
2024-03-02 17:55:00+00:00,2024-03-02 18:15:00+00:00,short,61761.11,61924.47,SL,-0.543,53.7571,1.0
2024-03-02 21:15:00+00:00,2024-03-02 21:50:00+00:00,long,61978.29,61848.01,SL,-0.5376,53.2195,1.0
2024-03-02 22:20:00+00:00,2024-03-02 23:15:00+00:00,short,61821.1,62010.0,SL,-0.5322,52.6873,1.0
2024-03-03 00:05:00+00:00,2024-03-03 04:05:00+00:00,short,61876.45,62011.09,SL,-0.5269,52.1604,1.0
2024-03-03 06:25:00+00:00,2024-03-03 06:50:00+00:00,long,62006.01,61865.01,SL,-0.5216,51.6388,1.0
2024-03-03 10:00:00+00:00,2024-03-03 10:35:00+00:00,short,61652.19,61790.0,SL,-0.5164,51.1224,1.0
2024-03-03 10:50:00+00:00,2024-03-03 11:50:00+00:00,short,61690.0,61816.9,SL,-0.5112,50.6112,1.0
2024-03-03 16:10:00+00:00,2024-03-03 16:35:00+00:00,long,62282.47,62538.6,TP,1.0122,51.6234,1.0
2024-03-03 18:55:00+00:00,2024-03-03 19:50:00+00:00,long,62811.1,62677.63,SL,-0.5162,51.1072,1.0
2024-03-03 20:30:00+00:00,2024-03-03 21:10:00+00:00,long,62835.76,62652.03,SL,-0.5111,50.5961,1.0
2024-03-03 21:40:00+00:00,2024-03-03 22:20:00+00:00,long,62778.01,63165.98,TP,1.0119,51.6081,1.0
2024-03-03 23:50:00+00:00,2024-03-04 00:15:00+00:00,long,63072.22,63432.97,TP,1.0322,52.6402,1.0
2024-03-04 00:45:00+00:00,2024-03-04 00:50:00+00:00,short,62404.92,63260.01,SL,-0.5264,52.1138,1.0
2024-03-04 01:25:00+00:00,2024-03-04 01:45:00+00:00,long,63816.79,63548.83,SL,-0.5211,51.5927,1.0
2024-03-04 02:35:00+00:00,2024-03-04 02:50:00+00:00,long,63866.13,63737.33,SL,-0.5159,51.0768,1.0
2024-03-04 04:30:00+00:00,2024-03-04 04:45:00+00:00,long,63734.8,63565.77,SL,-0.5108,50.566,1.0
2024-03-04 06:10:00+00:00,2024-03-04 07:30:00+00:00,long,63500.0,63774.99,TP,1.0113,51.5773,1.0
2024-03-04 11:55:00+00:00,2024-03-04 12:05:00+00:00,long,65230.0,65080.0,SL,-0.5158,51.0615,1.0
2024-03-04 12:55:00+00:00,2024-03-04 13:30:00+00:00,long,65123.7,65412.84,TP,1.0212,52.0828,1.0
2024-03-04 14:30:00+00:00,2024-03-04 14:35:00+00:00,long,65564.75,65901.1,TP,1.0417,53.1244,1.0
2024-03-04 15:55:00+00:00,2024-03-04 16:10:00+00:00,long,66451.65,66758.65,TP,1.0625,54.1869,1.0
2024-03-04 17:20:00+00:00,2024-03-04 17:25:00+00:00,long,66874.22,67314.43,TP,1.0837,55.2706,1.0
2024-03-04 19:20:00+00:00,2024-03-04 19:30:00+00:00,long,66804.21,67127.01,TP,1.1054,56.3761,1.0
2024-03-04 22:00:00+00:00,2024-03-04 22:20:00+00:00,long,67619.1,67317.72,SL,-0.5638,55.8123,1.0
2024-03-04 22:35:00+00:00,2024-03-04 22:55:00+00:00,long,67529.26,67929.11,TP,1.1162,56.9285,1.0
2024-03-05 00:00:00+00:00,2024-03-05 00:20:00+00:00,long,68272.85,68096.16,SL,-0.5693,56.3593,1.0
2024-03-05 01:10:00+00:00,2024-03-05 01:50:00+00:00,long,68337.4,68656.28,TP,1.1272,57.4864,1.0
2024-03-05 03:40:00+00:00,2024-03-05 04:10:00+00:00,long,68179.26,67793.52,SL,-0.5749,56.9116,1.0
2024-03-05 07:25:00+00:00,2024-03-05 07:35:00+00:00,short,66861.19,66572.6,TP,1.1382,58.0498,1.0
2024-03-05 09:40:00+00:00,2024-03-05 10:00:00+00:00,short,66368.07,66554.62,SL,-0.5805,57.4693,1.0
2024-03-05 11:10:00+00:00,2024-03-05 12:10:00+00:00,short,66708.71,67029.7,SL,-0.5747,56.8946,1.0
2024-03-05 14:40:00+00:00,2024-03-05 14:50:00+00:00,long,68360.96,68731.0,TP,1.1379,58.0325,1.0
2024-03-05 18:50:00+00:00,2024-03-05 18:55:00+00:00,short,63720.31,63988.37,SL,-0.5803,57.4522,1.0
2024-03-05 22:20:00+00:00,2024-03-05 22:25:00+00:00,short,62496.2,63155.69,SL,-0.5745,56.8777,1.0
2024-03-06 00:05:00+00:00,2024-03-06 00:15:00+00:00,short,63660.56,63903.38,SL,-0.5688,56.3089,1.0
2024-03-06 00:35:00+00:00,2024-03-06 00:45:00+00:00,short,63895.72,63621.99,TP,1.1262,57.4351,1.0
2024-03-06 02:25:00+00:00,2024-03-06 02:35:00+00:00,short,63152.3,63328.69,SL,-0.5744,56.8607,1.0
2024-03-06 02:50:00+00:00,2024-03-06 03:15:00+00:00,short,62942.01,63137.99,SL,-0.5686,56.2921,1.0
2024-03-06 08:00:00+00:00,2024-03-06 08:10:00+00:00,long,66735.21,67301.3,TP,1.1258,57.4179,1.0
2024-03-06 10:55:00+00:00,2024-03-06 11:20:00+00:00,long,66660.36,67051.47,TP,1.1484,58.5663,1.0
2024-03-06 13:35:00+00:00,2024-03-06 13:40:00+00:00,long,66243.74,65902.96,SL,-0.5857,57.9806,1.0
2024-03-06 13:45:00+00:00,2024-03-06 13:50:00+00:00,long,66200.0,66616.79,TP,1.1596,59.1403,1.0
2024-03-06 15:30:00+00:00,2024-03-06 15:45:00+00:00,long,66627.28,66268.6,SL,-0.5914,58.5489,1.0
2024-03-06 16:50:00+00:00,2024-03-06 16:55:00+00:00,long,66774.31,67086.0,TP,1.171,59.7198,1.0
2024-03-06 17:45:00+00:00,2024-03-06 17:55:00+00:00,long,67053.5,67324.84,TP,1.1944,60.9142,1.0
2024-03-06 18:20:00+00:00,2024-03-06 18:30:00+00:00,long,67199.99,66783.15,SL,-0.6091,60.3051,1.0
2024-03-06 19:25:00+00:00,2024-03-06 19:30:00+00:00,long,67175.0,66918.87,SL,-0.6031,59.702,1.0
2024-03-06 20:10:00+00:00,2024-03-06 20:25:00+00:00,long,67150.18,66916.84,SL,-0.597,59.105,1.0
2024-03-06 20:50:00+00:00,2024-03-06 20:55:00+00:00,long,67152.58,66888.24,SL,-0.591,58.514,1.0
2024-03-07 01:05:00+00:00,2024-03-07 01:10:00+00:00,short,65633.41,65796.02,SL,-0.5851,57.9288,1.0
2024-03-07 02:30:00+00:00,2024-03-07 03:05:00+00:00,short,66030.0,66196.58,SL,-0.5793,57.3495,1.0
2024-03-07 03:35:00+00:00,2024-03-07 04:25:00+00:00,short,65940.0,66138.37,SL,-0.5735,56.776,1.0
2024-03-07 04:50:00+00:00,2024-03-07 05:10:00+00:00,short,65867.6,66038.35,SL,-0.5678,56.2083,1.0
2024-03-07 05:40:00+00:00,2024-03-07 06:00:00+00:00,short,65737.99,65902.0,SL,-0.5621,55.6462,1.0
2024-03-07 06:55:00+00:00,2024-03-07 07:15:00+00:00,short,65871.97,66009.99,SL,-0.5565,55.0897,1.0
2024-03-07 11:00:00+00:00,2024-03-07 11:15:00+00:00,long,67036.16,66644.78,SL,-0.5509,54.5388,1.0
2024-03-07 12:00:00+00:00,2024-03-07 12:20:00+00:00,long,67050.0,66873.27,SL,-0.5454,53.9935,1.0
2024-03-07 13:30:00+00:00,2024-03-07 14:25:00+00:00,long,66887.99,67249.59,TP,1.0799,55.0733,1.0
2024-03-07 15:45:00+00:00,2024-03-07 16:10:00+00:00,long,67380.0,67091.99,SL,-0.5507,54.5226,1.0
2024-03-07 16:20:00+00:00,2024-03-07 16:35:00+00:00,long,67361.68,67110.0,SL,-0.5452,53.9774,1.0
2024-03-07 17:00:00+00:00,2024-03-07 17:05:00+00:00,long,67393.66,67664.65,TP,1.0795,55.0569,1.0
2024-03-07 20:05:00+00:00,2024-03-07 21:00:00+00:00,long,67577.88,67382.27,SL,-0.5506,54.5063,1.0
2024-03-07 22:05:00+00:00,2024-03-07 22:35:00+00:00,long,67419.99,67236.85,SL,-0.5451,53.9613,1.0
2024-03-07 22:40:00+00:00,2024-03-07 22:45:00+00:00,short,67056.49,67209.44,SL,-0.5396,53.4217,1.0
2024-03-08 02:00:00+00:00,2024-03-08 02:50:00+00:00,short,66907.6,67073.46,SL,-0.5342,52.8874,1.0
2024-03-08 10:15:00+00:00,2024-03-08 11:40:00+00:00,long,67245.67,67525.18,TP,1.0577,53.9452,1.0
2024-03-08 13:40:00+00:00,2024-03-08 14:15:00+00:00,long,67652.97,67951.02,TP,1.0789,55.0241,1.0
2024-03-08 16:50:00+00:00,2024-03-08 17:25:00+00:00,long,67794.0,68253.62,TP,1.1005,56.1246,1.0
2024-03-08 19:55:00+00:00,2024-03-08 20:00:00+00:00,long,68863.99,69334.8,TP,1.1225,57.2471,1.0
2024-03-08 23:10:00+00:00,2024-03-08 23:35:00+00:00,long,68238.0,68078.15,SL,-0.5725,56.6746,1.0
2024-03-09 01:10:00+00:00,2024-03-09 01:25:00+00:00,short,67921.1,68100.0,SL,-0.5667,56.1079,1.0
2024-03-09 01:55:00+00:00,2024-03-09 02:25:00+00:00,short,67910.95,68074.34,SL,-0.5611,55.5468,1.0
2024-03-09 04:35:00+00:00,2024-03-09 10:20:00+00:00,long,68285.17,68100.01,SL,-0.5555,54.9913,1.0
2024-03-09 10:50:00+00:00,2024-03-09 12:55:00+00:00,long,68197.92,68475.18,TP,1.0998,56.0911,1.0
2024-03-09 15:25:00+00:00,2024-03-09 16:25:00+00:00,long,68272.72,68133.51,SL,-0.5609,55.5302,1.0
2024-03-09 17:10:00+00:00,2024-03-09 17:35:00+00:00,short,68031.91,68181.38,SL,-0.5553,54.9749,1.0
2024-03-09 20:05:00+00:00,2024-03-10 01:00:00+00:00,long,68307.91,68606.01,TP,1.0995,56.0744,1.0
2024-03-10 03:55:00+00:00,2024-03-10 04:10:00+00:00,long,69136.79,69479.08,TP,1.1215,57.1959,1.0
2024-03-10 07:00:00+00:00,2024-03-10 09:40:00+00:00,long,69361.4,69735.33,TP,1.1439,58.3398,1.0
2024-03-10 09:45:00+00:00,2024-03-10 11:30:00+00:00,long,69739.99,69435.06,SL,-0.5834,57.7564,1.0
2024-03-10 12:20:00+00:00,2024-03-10 12:35:00+00:00,long,69759.99,69558.32,SL,-0.5776,57.1789,1.0
2024-03-10 12:45:00+00:00,2024-03-10 13:25:00+00:00,long,69761.09,69578.19,SL,-0.5718,56.6071,1.0
2024-03-10 15:00:00+00:00,2024-03-10 15:10:00+00:00,long,69378.78,69098.92,SL,-0.5661,56.041,1.0
2024-03-10 19:25:00+00:00,2024-03-10 21:25:00+00:00,long,69325.06,69128.65,SL,-0.5604,55.4806,1.0
2024-03-11 00:25:00+00:00,2024-03-11 00:40:00+00:00,short,68560.74,68218.02,TP,1.1096,56.5902,1.0
2024-03-11 04:35:00+00:00,2024-03-11 05:00:00+00:00,short,68561.1,68726.7,SL,-0.5659,56.0243,1.0
2024-03-11 05:25:00+00:00,2024-03-11 06:50:00+00:00,short,68657.04,69007.98,SL,-0.5602,55.4641,1.0
2024-03-11 11:45:00+00:00,2024-03-11 11:50:00+00:00,long,72192.2,71500.0,SL,-0.5546,54.9094,1.0
2024-03-11 12:30:00+00:00,2024-03-11 12:45:00+00:00,long,72014.25,71841.1,SL,-0.5491,54.3603,1.0
2024-03-11 13:15:00+00:00,2024-03-11 13:40:00+00:00,long,72090.01,71856.0,SL,-0.5436,53.8167,1.0
2024-03-11 14:15:00+00:00,2024-03-11 14:20:00+00:00,long,72246.2,72029.4,SL,-0.5382,53.2786,1.0
2024-03-11 14:55:00+00:00,2024-03-11 15:10:00+00:00,long,72170.68,72464.58,TP,1.0656,54.3441,1.0
2024-03-11 16:25:00+00:00,2024-03-11 17:05:00+00:00,long,72454.63,72276.21,SL,-0.5434,53.8007,1.0
2024-03-11 19:00:00+00:00,2024-03-11 19:30:00+00:00,long,72554.78,72364.0,SL,-0.538,53.2627,1.0
2024-03-11 20:35:00+00:00,2024-03-11 21:55:00+00:00,long,72166.45,72517.32,TP,1.0653,54.3279,1.0
2024-03-12 00:30:00+00:00,2024-03-12 00:50:00+00:00,long,72265.66,72071.93,SL,-0.5433,53.7847,1.0
2024-03-12 01:10:00+00:00,2024-03-12 03:05:00+00:00,long,72252.0,72050.59,SL,-0.5378,53.2468,1.0
2024-03-12 04:15:00+00:00,2024-03-12 04:55:00+00:00,long,71958.36,71809.3,SL,-0.5325,52.7143,1.0
2024-03-12 06:10:00+00:00,2024-03-12 06:50:00+00:00,short,71762.14,72175.95,SL,-0.5271,52.1872,1.0
2024-03-12 09:10:00+00:00,2024-03-12 10:20:00+00:00,long,71886.73,71680.92,SL,-0.5219,51.6653,1.0
2024-03-12 10:45:00+00:00,2024-03-12 11:20:00+00:00,long,71972.41,72341.1,TP,1.0333,52.6986,1.0
2024-03-12 12:50:00+00:00,2024-03-12 13:35:00+00:00,long,72066.53,71825.1,SL,-0.527,52.1716,1.0
2024-03-12 13:55:00+00:00,2024-03-12 14:05:00+00:00,long,72293.8,72063.98,SL,-0.5217,51.6499,1.0
2024-03-12 14:10:00+00:00,2024-03-12 14:20:00+00:00,short,71765.92,72029.0,SL,-0.5165,51.1334,1.0
2024-03-12 15:20:00+00:00,2024-03-12 15:40:00+00:00,long,72063.34,71896.0,SL,-0.5113,50.6221,1.0
2024-03-12 15:55:00+00:00,2024-03-12 16:15:00+00:00,short,71703.41,71274.75,TP,1.0124,51.6345,1.0
2024-03-12 19:50:00+00:00,2024-03-12 20:25:00+00:00,short,71331.95,70918.3,TP,1.0327,52.6672,1.0
2024-03-13 00:15:00+00:00,2024-03-13 00:45:00+00:00,short,71373.72,71648.01,SL,-0.5267,52.1406,1.0
2024-03-13 01:25:00+00:00,2024-03-13 03:15:00+00:00,long,71804.61,72095.69,TP,1.0428,53.1834,1.0
2024-03-13 04:40:00+00:00,2024-03-13 06:30:00+00:00,long,72185.58,72507.72,TP,1.0637,54.247,1.0
2024-03-13 08:10:00+00:00,2024-03-13 08:25:00+00:00,long,73190.02,73487.71,TP,1.0849,55.332,1.0
2024-03-13 09:10:00+00:00,2024-03-13 09:15:00+00:00,long,73607.8,73440.11,SL,-0.5533,54.7787,1.0
2024-03-13 11:10:00+00:00,2024-03-13 11:20:00+00:00,long,73459.66,73295.49,SL,-0.5478,54.2309,1.0
2024-03-13 13:10:00+00:00,2024-03-13 13:20:00+00:00,long,72913.98,72763.87,SL,-0.5423,53.6886,1.0
2024-03-13 14:10:00+00:00,2024-03-13 14:30:00+00:00,long,72673.6,72416.62,SL,-0.5369,53.1517,1.0
2024-03-13 16:05:00+00:00,2024-03-13 16:20:00+00:00,short,72430.92,72639.92,SL,-0.5315,52.6202,1.0
2024-03-13 16:25:00+00:00,2024-03-13 17:00:00+00:00,long,72721.11,73040.01,TP,1.0524,53.6726,1.0
2024-03-13 18:30:00+00:00,2024-03-13 19:20:00+00:00,long,73136.13,72908.34,SL,-0.5367,53.1358,1.0
2024-03-13 19:55:00+00:00,2024-03-13 20:00:00+00:00,long,73349.24,73154.74,SL,-0.5314,52.6045,1.0
2024-03-13 21:55:00+00:00,2024-03-13 22:25:00+00:00,long,73240.2,73035.06,SL,-0.526,52.0784,1.0
2024-03-13 23:10:00+00:00,2024-03-13 23:25:00+00:00,long,73108.66,72956.0,SL,-0.5208,51.5576,1.0
2024-03-13 23:35:00+00:00,2024-03-14 00:45:00+00:00,long,73008.15,72841.11,SL,-0.5156,51.0421,1.0
2024-03-14 01:50:00+00:00,2024-03-14 03:20:00+00:00,long,72870.0,73228.25,TP,1.0208,52.0629,1.0
2024-03-14 05:45:00+00:00,2024-03-14 06:15:00+00:00,long,73113.36,73420.0,TP,1.0413,53.1042,1.0
2024-03-14 08:20:00+00:00,2024-03-14 08:55:00+00:00,long,73472.25,73321.11,SL,-0.531,52.5731,1.0
2024-03-14 09:10:00+00:00,2024-03-14 09:35:00+00:00,long,73456.89,73265.48,SL,-0.5257,52.0474,1.0
2024-03-14 12:30:00+00:00,2024-03-14 12:55:00+00:00,short,72667.97,72829.93,SL,-0.5205,51.5269,1.0
2024-03-14 13:15:00+00:00,2024-03-14 13:30:00+00:00,short,72621.12,72264.75,TP,1.0305,52.5575,1.0
2024-03-14 14:40:00+00:00,2024-03-14 14:45:00+00:00,short,71794.47,71480.74,TP,1.0512,53.6086,1.0
2024-03-14 15:20:00+00:00,2024-03-14 15:25:00+00:00,short,71346.25,70843.78,TP,1.0722,54.6808,1.0
2024-03-14 18:05:00+00:00,2024-03-14 18:15:00+00:00,short,70647.82,70321.11,TP,1.0936,55.7744,1.0
2024-03-14 23:00:00+00:00,2024-03-14 23:10:00+00:00,short,71466.16,71700.01,SL,-0.5577,55.2167,1.0
2024-03-15 00:25:00+00:00,2024-03-15 00:30:00+00:00,long,72089.0,72404.0,TP,1.1043,56.321,1.0
2024-03-15 04:40:00+00:00,2024-03-15 04:45:00+00:00,short,66995.92,67508.0,SL,-0.5632,55.7578,1.0
2024-03-15 08:05:00+00:00,2024-03-15 08:20:00+00:00,short,68401.0,67898.85,TP,1.1152,56.8729,1.0
2024-03-15 10:55:00+00:00,2024-03-15 11:05:00+00:00,short,67250.78,66887.27,TP,1.1375,58.0104,1.0
2024-03-15 13:20:00+00:00,2024-03-15 13:35:00+00:00,short,67749.99,68229.4,SL,-0.5801,57.4303,1.0
2024-03-15 14:10:00+00:00,2024-03-15 14:20:00+00:00,short,67967.99,68278.32,SL,-0.5743,56.856,1.0
2024-03-15 15:20:00+00:00,2024-03-15 16:00:00+00:00,short,68309.19,67989.18,TP,1.1371,57.9931,1.0
2024-03-15 17:00:00+00:00,2024-03-15 17:05:00+00:00,short,67692.08,67839.83,SL,-0.5799,57.4132,1.0
2024-03-16 03:10:00+00:00,2024-03-16 04:00:00+00:00,long,69312.97,69056.72,SL,-0.5741,56.839,1.0
2024-03-16 04:20:00+00:00,2024-03-16 04:30:00+00:00,long,69295.15,68941.28,SL,-0.5684,56.2707,1.0
2024-03-16 05:35:00+00:00,2024-03-16 07:20:00+00:00,long,68992.0,69321.1,TP,1.1254,57.3961,1.0
2024-03-16 12:50:00+00:00,2024-03-16 13:00:00+00:00,short,67900.22,68121.19,SL,-0.574,56.8221,1.0
2024-03-16 13:55:00+00:00,2024-03-16 14:10:00+00:00,short,67704.31,67958.22,SL,-0.5682,56.2539,1.0
2024-03-16 16:35:00+00:00,2024-03-16 17:25:00+00:00,short,68299.99,67810.0,TP,1.1251,57.379,1.0
2024-03-16 19:55:00+00:00,2024-03-16 20:25:00+00:00,short,66911.52,67075.5,SL,-0.5738,56.8052,1.0
2024-03-16 21:05:00+00:00,2024-03-16 21:10:00+00:00,short,66702.33,66981.1,SL,-0.5681,56.2371,1.0
2024-03-16 23:05:00+00:00,2024-03-16 23:10:00+00:00,short,65959.58,65340.01,TP,1.1247,57.3619,1.0
2024-03-17 00:55:00+00:00,2024-03-17 01:00:00+00:00,short,65220.55,65513.99,SL,-0.5736,56.7882,1.0
2024-03-17 03:15:00+00:00,2024-03-17 03:35:00+00:00,short,66267.98,66432.0,SL,-0.5679,56.2204,1.0
2024-03-17 04:05:00+00:00,2024-03-17 05:35:00+00:00,short,66400.0,66095.13,TP,1.1244,57.3448,1.0
2024-03-17 09:45:00+00:00,2024-03-17 10:05:00+00:00,short,66419.98,66600.75,SL,-0.5734,56.7713,1.0
2024-03-17 10:15:00+00:00,2024-03-17 10:40:00+00:00,long,67039.96,66879.99,SL,-0.5677,56.2036,1.0
2024-03-17 13:15:00+00:00,2024-03-17 13:20:00+00:00,long,67275.99,66969.98,SL,-0.562,55.6416,1.0
2024-03-17 14:10:00+00:00,2024-03-17 14:35:00+00:00,long,67091.89,67375.54,TP,1.1128,56.7544,1.0
2024-03-17 15:30:00+00:00,2024-03-17 15:45:00+00:00,long,67599.99,68061.57,TP,1.1351,57.8895,1.0
2024-03-17 17:50:00+00:00,2024-03-17 18:00:00+00:00,long,68627.74,68320.7,SL,-0.5789,57.3106,1.0
2024-03-17 19:45:00+00:00,2024-03-17 20:50:00+00:00,long,68442.12,68284.66,SL,-0.5731,56.7375,1.0
2024-03-17 22:05:00+00:00,2024-03-17 22:35:00+00:00,long,68480.0,68871.0,TP,1.1347,57.8722,1.0
2024-03-17 23:50:00+00:00,2024-03-17 23:55:00+00:00,long,68616.01,68393.48,SL,-0.5787,57.2935,1.0
2024-03-18 04:30:00+00:00,2024-03-18 04:45:00+00:00,long,68129.74,68471.92,TP,1.1459,58.4394,1.0
2024-03-18 08:55:00+00:00,2024-03-18 09:05:00+00:00,long,68035.46,67698.86,SL,-0.5844,57.855,1.0
2024-03-18 10:10:00+00:00,2024-03-18 10:15:00+00:00,short,67751.61,67900.05,SL,-0.5786,57.2764,1.0
2024-03-18 10:30:00+00:00,2024-03-18 11:20:00+00:00,long,68015.99,68309.69,TP,1.1455,58.422,1.0
2024-03-18 12:35:00+00:00,2024-03-18 13:00:00+00:00,long,68428.39,68279.38,SL,-0.5842,57.8378,1.0
2024-03-18 16:50:00+00:00,2024-03-18 17:05:00+00:00,short,67063.85,66732.35,TP,1.1568,58.9945,1.0
2024-03-18 18:35:00+00:00,2024-03-18 18:45:00+00:00,short,66993.79,67130.0,SL,-0.5899,58.4046,1.0
2024-03-18 19:50:00+00:00,2024-03-18 20:05:00+00:00,short,66999.2,67179.99,SL,-0.584,57.8205,1.0
2024-03-18 22:00:00+00:00,2024-03-18 22:55:00+00:00,short,67548.0,67692.0,SL,-0.5782,57.2423,1.0
2024-03-18 23:00:00+00:00,2024-03-18 23:55:00+00:00,long,67801.43,67609.99,SL,-0.5724,56.6699,1.0
2024-03-19 00:15:00+00:00,2024-03-19 00:20:00+00:00,long,68117.19,67745.2,SL,-0.5667,56.1032,1.0
2024-03-19 03:30:00+00:00,2024-03-19 03:45:00+00:00,short,65221.99,65616.1,SL,-0.561,55.5422,1.0
2024-03-19 05:15:00+00:00,2024-03-19 05:25:00+00:00,short,65151.17,64774.04,TP,1.1108,56.653,1.0
2024-03-19 06:35:00+00:00,2024-03-19 06:55:00+00:00,short,64722.23,64927.99,SL,-0.5665,56.0865,1.0
2024-03-19 08:20:00+00:00,2024-03-19 08:35:00+00:00,short,63930.0,64057.91,SL,-0.5609,55.5256,1.0
2024-03-19 10:20:00+00:00,2024-03-19 10:45:00+00:00,short,63159.46,63368.0,SL,-0.5553,54.9704,1.0
2024-03-19 13:40:00+00:00,2024-03-19 13:55:00+00:00,short,63166.47,63564.01,SL,-0.5497,54.4207,1.0
2024-03-19 19:20:00+00:00,2024-03-19 19:25:00+00:00,long,65219.94,64846.76,SL,-0.5442,53.8764,1.0
2024-03-19 22:15:00+00:00,2024-03-19 22:35:00+00:00,short,63239.99,62890.0,TP,1.0775,54.954,1.0
2024-03-20 01:20:00+00:00,2024-03-20 01:25:00+00:00,short,62025.4,62381.1,SL,-0.5495,54.4044,1.0
2024-03-20 03:40:00+00:00,2024-03-20 03:45:00+00:00,short,62676.94,62390.01,TP,1.0881,55.4925,1.0
2024-03-20 08:35:00+00:00,2024-03-20 09:20:00+00:00,short,62830.72,63174.85,SL,-0.5549,54.9376,1.0
2024-03-20 11:20:00+00:00,2024-03-20 11:25:00+00:00,long,63397.33,63831.66,TP,1.0988,56.0363,1.0
2024-03-20 12:05:00+00:00,2024-03-20 12:15:00+00:00,long,63661.11,63949.23,TP,1.1207,57.1571,1.0
2024-03-20 14:10:00+00:00,2024-03-20 14:25:00+00:00,long,63812.02,64147.37,TP,1.1431,58.3002,1.0
2024-03-20 17:10:00+00:00,2024-03-20 17:15:00+00:00,long,63655.95,64508.35,TP,1.166,59.4662,1.0
2024-03-20 18:40:00+00:00,2024-03-20 18:45:00+00:00,long,64439.99,64734.63,TP,1.1893,60.6555,1.0
2024-03-21 04:30:00+00:00,2024-03-21 04:35:00+00:00,long,66892.0,66517.85,SL,-0.6066,60.049,1.0
2024-03-21 04:45:00+00:00,2024-03-21 05:05:00+00:00,long,66733.17,66522.84,SL,-0.6005,59.4485,1.0
2024-03-21 05:30:00+00:00,2024-03-21 05:35:00+00:00,long,66655.89,66445.95,SL,-0.5945,58.854,1.0
2024-03-21 08:10:00+00:00,2024-03-21 08:30:00+00:00,long,67413.83,67269.06,SL,-0.5885,58.2655,1.0
2024-03-21 08:50:00+00:00,2024-03-21 08:55:00+00:00,long,67488.44,67283.55,SL,-0.5827,57.6828,1.0
2024-03-21 10:50:00+00:00,2024-03-21 11:20:00+00:00,long,67007.48,66828.0,SL,-0.5768,57.106,1.0
2024-03-21 12:50:00+00:00,2024-03-21 13:25:00+00:00,long,67270.13,67588.01,TP,1.1421,58.2481,1.0
2024-03-21 14:25:00+00:00,2024-03-21 14:30:00+00:00,long,67180.78,66990.98,SL,-0.5825,57.6656,1.0
2024-03-21 17:25:00+00:00,2024-03-21 17:45:00+00:00,short,66204.56,65842.0,TP,1.1533,58.8189,1.0
2024-03-21 20:05:00+00:00,2024-03-21 20:10:00+00:00,short,64780.0,65481.1,SL,-0.5882,58.2308,1.0
2024-03-21 22:30:00+00:00,2024-03-21 22:35:00+00:00,short,65475.99,65610.0,SL,-0.5823,57.6484,1.0
2024-03-21 22:45:00+00:00,2024-03-22 00:05:00+00:00,short,65541.29,65787.29,SL,-0.5765,57.072,1.0
2024-03-22 00:35:00+00:00,2024-03-22 00:40:00+00:00,short,65418.0,65651.61,SL,-0.5707,56.5012,1.0
2024-03-22 01:30:00+00:00,2024-03-22 01:55:00+00:00,short,65678.69,65243.99,TP,1.13,57.6313,1.0
2024-03-22 04:20:00+00:00,2024-03-22 04:50:00+00:00,short,65857.16,66259.88,SL,-0.5763,57.055,1.0
2024-03-22 05:25:00+00:00,2024-03-22 06:05:00+00:00,long,66201.45,66614.82,TP,1.1411,58.1961,1.0
2024-03-22 11:50:00+00:00,2024-03-22 12:05:00+00:00,short,64206.36,64556.33,SL,-0.582,57.6141,1.0
2024-03-22 13:30:00+00:00,2024-03-22 13:45:00+00:00,short,63837.99,63394.0,TP,1.1523,58.7664,1.0
2024-03-22 16:20:00+00:00,2024-03-22 16:25:00+00:00,short,63350.0,63500.22,SL,-0.5877,58.1787,1.0
2024-03-22 19:10:00+00:00,2024-03-22 19:30:00+00:00,short,63529.23,63738.95,SL,-0.5818,57.5969,1.0
2024-03-22 20:05:00+00:00,2024-03-22 21:00:00+00:00,short,63648.52,63366.18,TP,1.1519,58.7489,1.0
2024-03-23 00:35:00+00:00,2024-03-23 01:00:00+00:00,short,63585.44,63726.75,SL,-0.5875,58.1614,1.0
2024-03-23 04:05:00+00:00,2024-03-23 04:10:00+00:00,long,63922.61,63774.18,SL,-0.5816,57.5798,1.0
2024-03-23 07:05:00+00:00,2024-03-23 07:15:00+00:00,long,64538.01,64810.01,TP,1.1516,58.7314,1.0
2024-03-23 08:00:00+00:00,2024-03-23 08:10:00+00:00,long,64748.0,64552.87,SL,-0.5873,58.144,1.0
2024-03-23 10:00:00+00:00,2024-03-23 10:10:00+00:00,long,64594.82,64435.22,SL,-0.5814,57.5626,1.0
2024-03-23 11:25:00+00:00,2024-03-23 12:50:00+00:00,long,64580.44,64850.0,TP,1.1513,58.7139,1.0
2024-03-23 14:20:00+00:00,2024-03-23 14:30:00+00:00,long,64608.79,65289.79,TP,1.1743,59.8881,1.0
2024-03-23 16:15:00+00:00,2024-03-23 16:30:00+00:00,long,65129.99,65482.4,TP,1.1978,61.0859,1.0
2024-03-23 17:30:00+00:00,2024-03-23 17:35:00+00:00,long,65958.01,65810.0,SL,-0.6109,60.475,1.0
2024-03-23 20:25:00+00:00,2024-03-23 21:25:00+00:00,long,65007.12,64872.34,SL,-0.6048,59.8703,1.0
2024-03-23 22:50:00+00:00,2024-03-23 23:25:00+00:00,short,64824.99,64414.0,TP,1.1974,61.0677,1.0
2024-03-24 02:15:00+00:00,2024-03-24 03:05:00+00:00,short,64368.0,63984.0,TP,1.2214,62.289,1.0
2024-03-24 04:25:00+00:00,2024-03-24 04:50:00+00:00,short,63923.99,64113.99,SL,-0.6229,61.6662,1.0
2024-03-24 06:30:00+00:00,2024-03-24 07:40:00+00:00,short,64219.99,64395.2,SL,-0.6167,61.0495,1.0
2024-03-24 10:45:00+00:00,2024-03-24 11:00:00+00:00,long,65199.92,65042.0,SL,-0.6105,60.439,1.0
2024-03-24 11:50:00+00:00,2024-03-24 12:20:00+00:00,long,65268.59,65539.99,TP,1.2088,61.6478,1.0
2024-03-24 14:20:00+00:00,2024-03-24 14:30:00+00:00,long,65895.88,65702.61,SL,-0.6165,61.0313,1.0
2024-03-24 15:50:00+00:00,2024-03-24 16:20:00+00:00,long,65718.62,65515.61,SL,-0.6103,60.421,1.0
2024-03-24 17:40:00+00:00,2024-03-24 18:05:00+00:00,long,65404.64,65722.27,TP,1.2084,61.6294,1.0
2024-03-24 19:45:00+00:00,2024-03-24 20:00:00+00:00,long,65950.0,65798.35,SL,-0.6163,61.0131,1.0
2024-03-24 20:10:00+00:00,2024-03-24 21:55:00+00:00,long,66215.88,66530.01,TP,1.2203,62.2334,1.0
2024-03-24 22:00:00+00:00,2024-03-24 23:00:00+00:00,long,66774.2,67176.0,TP,1.2447,63.478,1.0
2024-03-25 02:20:00+00:00,2024-03-25 03:05:00+00:00,long,66609.4,66880.0,TP,1.2696,64.7476,1.0
2024-03-25 05:25:00+00:00,2024-03-25 05:45:00+00:00,long,67559.17,67313.4,SL,-0.6475,64.1001,1.0
2024-03-25 08:10:00+00:00,2024-03-25 08:45:00+00:00,long,67065.59,66874.0,SL,-0.641,63.4591,1.0
2024-03-25 09:40:00+00:00,2024-03-25 10:05:00+00:00,long,66932.55,67287.99,TP,1.2692,64.7283,1.0
2024-03-25 12:00:00+00:00,2024-03-25 13:50:00+00:00,long,66952.01,67522.62,TP,1.2946,66.0229,1.0
2024-03-25 17:05:00+00:00,2024-03-25 17:35:00+00:00,long,70530.02,70353.99,SL,-0.6602,65.3626,1.0
2024-03-25 19:55:00+00:00,2024-03-25 20:10:00+00:00,long,70960.89,70779.59,SL,-0.6536,64.709,1.0
2024-03-25 22:10:00+00:00,2024-03-25 23:25:00+00:00,long,70381.1,70161.09,SL,-0.6471,64.0619,1.0
2024-03-26 00:30:00+00:00,2024-03-26 00:45:00+00:00,long,70172.18,70020.0,SL,-0.6406,63.4213,1.0
2024-03-26 04:00:00+00:00,2024-03-26 05:00:00+00:00,long,70665.8,70523.09,SL,-0.6342,62.7871,1.0
2024-03-26 06:30:00+00:00,2024-03-26 06:40:00+00:00,long,70558.01,70398.0,SL,-0.6279,62.1592,1.0
2024-03-26 09:15:00+00:00,2024-03-26 09:45:00+00:00,long,70880.0,71199.99,TP,1.2432,63.4024,1.0
2024-03-26 12:15:00+00:00,2024-03-26 13:35:00+00:00,long,70840.01,70296.13,SL,-0.634,62.7684,1.0
2024-03-26 16:20:00+00:00,2024-03-26 17:25:00+00:00,short,69800.0,70057.99,SL,-0.6277,62.1407,1.0
2024-03-26 18:55:00+00:00,2024-03-26 19:55:00+00:00,short,69932.0,69477.67,TP,1.2428,63.3835,1.0
2024-03-26 22:05:00+00:00,2024-03-26 22:40:00+00:00,short,69880.0,70037.38,SL,-0.6338,62.7497,1.0
2024-03-26 23:30:00+00:00,2024-03-27 00:30:00+00:00,short,70071.6,70243.85,SL,-0.6275,62.1222,1.0
2024-03-27 02:50:00+00:00,2024-03-27 03:40:00+00:00,long,70515.99,70366.44,SL,-0.6212,61.501,1.0
2024-03-27 05:15:00+00:00,2024-03-27 06:45:00+00:00,long,70384.0,70185.53,SL,-0.615,60.8859,1.0
2024-03-27 08:50:00+00:00,2024-03-27 09:20:00+00:00,short,69632.92,69818.58,SL,-0.6089,60.2771,1.0
2024-03-27 13:00:00+00:00,2024-03-27 13:10:00+00:00,long,70833.22,71238.79,TP,1.2055,61.4826,1.0
2024-03-27 15:10:00+00:00,2024-03-27 15:40:00+00:00,short,69431.4,69140.97,TP,1.2297,62.7123,1.0
2024-03-27 17:55:00+00:00,2024-03-27 19:10:00+00:00,short,68680.01,68930.02,SL,-0.6271,62.0852,1.0
2024-03-27 21:55:00+00:00,2024-03-27 22:20:00+00:00,short,68941.99,69174.8,SL,-0.6209,61.4643,1.0
2024-03-27 23:15:00+00:00,2024-03-27 23:50:00+00:00,short,69288.94,69559.99,SL,-0.6146,60.8497,1.0
2024-03-27 23:55:00+00:00,2024-03-28 00:15:00+00:00,long,69469.99,69838.0,TP,1.217,62.0667,1.0
2024-03-28 03:40:00+00:00,2024-03-28 03:50:00+00:00,short,69090.0,69281.02,SL,-0.6207,61.446,1.0
2024-03-28 06:10:00+00:00,2024-03-28 06:40:00+00:00,long,69987.31,70356.98,TP,1.2289,62.6749,1.0
2024-03-28 08:35:00+00:00,2024-03-28 10:15:00+00:00,long,70636.61,70490.0,SL,-0.6267,62.0482,1.0
2024-03-28 10:55:00+00:00,2024-03-28 11:40:00+00:00,long,70800.0,70565.2,SL,-0.6205,61.4277,1.0
2024-03-28 12:55:00+00:00,2024-03-28 13:15:00+00:00,long,70839.16,70656.0,SL,-0.6143,60.8134,1.0
2024-03-28 14:25:00+00:00,2024-03-28 14:30:00+00:00,long,71042.0,71370.01,TP,1.2163,62.0297,1.0
2024-03-28 17:35:00+00:00,2024-03-28 18:45:00+00:00,long,70758.99,70514.01,SL,-0.6203,61.4094,1.0
2024-03-28 19:15:00+00:00,2024-03-28 22:05:00+00:00,long,70758.61,70606.0,SL,-0.6141,60.7953,1.0
2024-03-28 22:30:00+00:00,2024-03-29 00:30:00+00:00,long,70832.41,70686.8,SL,-0.608,60.1873,1.0
2024-03-29 01:10:00+00:00,2024-03-29 02:25:00+00:00,long,70817.77,70661.1,SL,-0.6019,59.5855,1.0
2024-03-29 05:20:00+00:00,2024-03-29 06:30:00+00:00,short,70222.01,70433.99,SL,-0.5959,58.9896,1.0
2024-03-29 07:20:00+00:00,2024-03-29 07:35:00+00:00,short,70276.0,69932.0,TP,1.1798,60.1694,1.0
2024-03-29 09:30:00+00:00,2024-03-29 10:10:00+00:00,short,69689.24,69882.32,SL,-0.6017,59.5677,1.0
2024-03-29 12:05:00+00:00,2024-03-29 12:30:00+00:00,short,70008.0,70163.46,SL,-0.5957,58.972,1.0
2024-03-29 20:45:00+00:00,2024-03-29 22:30:00+00:00,short,69576.01,69763.02,SL,-0.5897,58.3823,1.0
2024-03-30 00:55:00+00:00,2024-03-30 03:50:00+00:00,long,69932.9,69763.53,SL,-0.5838,57.7985,1.0
2024-03-30 04:25:00+00:00,2024-03-30 05:00:00+00:00,long,69855.65,70245.99,TP,1.156,58.9544,1.0
2024-03-30 08:20:00+00:00,2024-03-30 13:05:00+00:00,long,69955.99,70241.59,TP,1.1791,60.1335,1.0
2024-03-30 16:25:00+00:00,2024-03-30 19:00:00+00:00,long,70010.36,69826.65,SL,-0.6013,59.5322,1.0
2024-03-30 21:05:00+00:00,2024-03-31 00:30:00+00:00,short,69764.72,69910.16,SL,-0.5953,58.9369,1.0
2024-03-31 02:15:00+00:00,2024-03-31 03:05:00+00:00,long,70079.47,69927.0,SL,-0.5894,58.3475,1.0
2024-03-31 04:25:00+00:00,2024-03-31 05:45:00+00:00,long,69967.99,70443.47,TP,1.1669,59.5145,1.0
2024-03-31 08:00:00+00:00,2024-03-31 13:10:00+00:00,long,70322.03,70682.92,TP,1.1903,60.7048,1.0
2024-03-31 16:05:00+00:00,2024-03-31 18:35:00+00:00,long,70514.11,70969.0,TP,1.2141,61.9188,1.0
2024-03-31 22:00:00+00:00,2024-03-31 23:35:00+00:00,long,71008.16,71319.62,TP,1.2384,63.1572,1.0
2024-04-01 02:40:00+00:00,2024-04-01 03:10:00+00:00,long,70849.98,70705.89,SL,-0.6316,62.5257,1.0
2024-04-01 04:20:00+00:00,2024-04-01 05:35:00+00:00,short,70533.0,70218.0,TP,1.2505,63.7762,1.0
2024-04-01 08:20:00+00:00,2024-04-01 08:40:00+00:00,short,69348.01,69519.79,SL,-0.6378,63.1384,1.0
2024-04-01 10:20:00+00:00,2024-04-01 10:45:00+00:00,short,69341.9,69547.05,SL,-0.6314,62.507,1.0
2024-04-01 11:35:00+00:00,2024-04-01 12:15:00+00:00,short,69470.0,69700.62,SL,-0.6251,61.8819,1.0
2024-04-01 13:20:00+00:00,2024-04-01 13:25:00+00:00,short,69721.99,70015.99,SL,-0.6188,61.2631,1.0
2024-04-01 13:55:00+00:00,2024-04-01 14:20:00+00:00,short,69880.0,69559.99,TP,1.2253,62.4884,1.0
2024-04-01 20:20:00+00:00,2024-04-01 20:35:00+00:00,short,69350.01,69550.58,SL,-0.6249,61.8635,1.0
2024-04-02 02:05:00+00:00,2024-04-02 02:25:00+00:00,short,69220.0,68447.76,TP,1.2373,63.1008,1.0
2024-04-02 07:15:00+00:00,2024-04-02 07:45:00+00:00,short,66822.66,66551.98,TP,1.262,64.3628,1.0
2024-04-02 08:50:00+00:00,2024-04-02 09:00:00+00:00,short,66265.05,65815.03,TP,1.2873,65.65,1.0
2024-04-02 09:30:00+00:00,2024-04-02 09:45:00+00:00,short,66049.57,66264.0,SL,-0.6565,64.9935,1.0
2024-04-02 10:00:00+00:00,2024-04-02 10:15:00+00:00,short,65992.67,66189.76,SL,-0.6499,64.3436,1.0
2024-04-02 10:45:00+00:00,2024-04-02 10:55:00+00:00,short,65724.3,65984.0,SL,-0.6434,63.7002,1.0
2024-04-02 12:50:00+00:00,2024-04-02 13:20:00+00:00,short,65275.99,64905.92,TP,1.274,64.9742,1.0
2024-04-02 15:30:00+00:00,2024-04-02 15:35:00+00:00,short,65676.0,65336.02,TP,1.2995,66.2737,1.0
2024-04-02 16:40:00+00:00,2024-04-02 16:45:00+00:00,short,65183.99,65640.01,SL,-0.6627,65.6109,1.0
2024-04-02 17:45:00+00:00,2024-04-02 17:55:00+00:00,short,65340.0,65608.01,SL,-0.6561,64.9548,1.0
2024-04-02 19:55:00+00:00,2024-04-02 20:10:00+00:00,short,65914.9,66093.04,SL,-0.6495,64.3053,1.0
2024-04-02 23:20:00+00:00,2024-04-03 00:10:00+00:00,short,65639.99,65343.99,TP,1.2861,65.5914,1.0
2024-04-03 03:00:00+00:00,2024-04-03 03:15:00+00:00,short,65792.69,66016.4,SL,-0.6559,64.9355,1.0
2024-04-03 03:20:00+00:00,2024-04-03 03:40:00+00:00,short,65874.18,66060.1,SL,-0.6494,64.2861,1.0
2024-04-03 06:20:00+00:00,2024-04-03 07:00:00+00:00,long,66316.14,66172.5,SL,-0.6429,63.6432,1.0
2024-04-03 07:10:00+00:00,2024-04-03 07:25:00+00:00,long,66432.01,66285.78,SL,-0.6364,63.0068,1.0
2024-04-03 08:35:00+00:00,2024-04-03 10:05:00+00:00,long,66527.48,66365.26,SL,-0.6301,62.3767,1.0
2024-04-03 12:35:00+00:00,2024-04-03 13:05:00+00:00,short,65819.41,65982.88,SL,-0.6238,61.753,1.0
2024-04-03 13:20:00+00:00,2024-04-03 13:30:00+00:00,short,65671.95,65876.92,SL,-0.6175,61.1355,1.0
2024-04-03 16:20:00+00:00,2024-04-03 17:25:00+00:00,long,66244.56,66068.0,SL,-0.6114,60.5241,1.0
2024-04-03 20:00:00+00:00,2024-04-03 21:30:00+00:00,short,65696.01,65831.79,SL,-0.6052,59.9189,1.0
2024-04-04 00:40:00+00:00,2024-04-04 01:35:00+00:00,long,66256.0,66082.99,SL,-0.5992,59.3197,1.0
2024-04-04 04:10:00+00:00,2024-04-04 04:20:00+00:00,short,65475.25,65139.97,TP,1.1864,60.5061,1.0
2024-04-04 10:25:00+00:00,2024-04-04 11:10:00+00:00,long,66364.14,66142.47,SL,-0.6051,59.901,1.0
2024-04-04 11:40:00+00:00,2024-04-04 12:40:00+00:00,long,66411.8,66721.74,TP,1.198,61.099,1.0
2024-04-04 14:05:00+00:00,2024-04-04 14:40:00+00:00,long,67592.0,67892.0,TP,1.222,62.321,1.0
2024-04-04 16:20:00+00:00,2024-04-04 16:35:00+00:00,long,68023.44,67857.16,SL,-0.6232,61.6978,1.0
2024-04-04 17:35:00+00:00,2024-04-04 17:50:00+00:00,long,68123.53,68766.24,TP,1.234,62.9317,1.0
2024-04-04 21:00:00+00:00,2024-04-04 21:05:00+00:00,long,68114.16,67916.0,SL,-0.6293,62.3024,1.0
2024-04-04 21:50:00+00:00,2024-04-04 22:00:00+00:00,long,67866.65,67730.57,SL,-0.623,61.6794,1.0
2024-04-05 00:55:00+00:00,2024-04-05 01:10:00+00:00,long,68606.0,68448.01,SL,-0.6168,61.0626,1.0
2024-04-05 03:10:00+00:00,2024-04-05 04:30:00+00:00,long,67853.89,67708.71,SL,-0.6106,60.452,1.0
2024-04-05 04:35:00+00:00,2024-04-05 05:15:00+00:00,short,67678.0,66851.58,TP,1.209,61.661,1.0
2024-04-05 08:55:00+00:00,2024-04-05 09:05:00+00:00,short,67151.21,66853.99,TP,1.2332,62.8942,1.0
2024-04-05 11:25:00+00:00,2024-04-05 11:50:00+00:00,short,66803.36,66509.94,TP,1.2579,64.1521,1.0
2024-04-05 12:30:00+00:00,2024-04-05 12:45:00+00:00,short,66279.86,66523.41,SL,-0.6415,63.5106,1.0
2024-04-05 16:00:00+00:00,2024-04-05 16:05:00+00:00,long,68352.6,68128.56,SL,-0.6351,62.8755,1.0
2024-04-05 18:35:00+00:00,2024-04-05 19:30:00+00:00,long,67633.04,67988.57,TP,1.2575,64.133,1.0
2024-04-05 20:35:00+00:00,2024-04-05 21:55:00+00:00,long,67710.13,67515.45,SL,-0.6413,63.4917,1.0
2024-04-05 22:35:00+00:00,2024-04-05 22:55:00+00:00,long,67771.63,67628.53,SL,-0.6349,62.8568,1.0
2024-04-06 00:35:00+00:00,2024-04-06 01:05:00+00:00,long,68028.11,67869.06,SL,-0.6286,62.2282,1.0
2024-04-06 03:05:00+00:00,2024-04-06 05:25:00+00:00,long,67697.1,67999.99,TP,1.2446,63.4728,1.0
2024-04-06 06:40:00+00:00,2024-04-06 07:25:00+00:00,long,68106.74,67967.53,SL,-0.6347,62.838,1.0
2024-04-06 08:55:00+00:00,2024-04-06 09:30:00+00:00,long,68012.14,67870.0,SL,-0.6284,62.2097,1.0
2024-04-06 10:50:00+00:00,2024-04-06 11:30:00+00:00,long,67833.05,67681.79,SL,-0.6221,61.5876,1.0
2024-04-06 13:25:00+00:00,2024-04-06 14:00:00+00:00,short,67580.0,67802.9,SL,-0.6159,60.9717,1.0
2024-04-06 17:15:00+00:00,2024-04-06 22:05:00+00:00,long,68188.75,68506.01,TP,1.2194,62.1911,1.0
2024-04-07 01:10:00+00:00,2024-04-07 01:25:00+00:00,long,69212.02,69499.99,TP,1.2438,63.4349,1.0
2024-04-07 02:25:00+00:00,2024-04-07 02:35:00+00:00,long,69643.43,69414.36,SL,-0.6343,62.8006,1.0
2024-04-07 05:00:00+00:00,2024-04-07 06:35:00+00:00,long,69339.55,69196.0,SL,-0.628,62.1726,1.0
2024-04-07 07:05:00+00:00,2024-04-07 14:50:00+00:00,long,69325.97,69608.66,TP,1.2435,63.416,1.0
2024-04-07 16:10:00+00:00,2024-04-07 16:30:00+00:00,long,69900.0,70185.99,TP,1.2683,64.6844,1.0
2024-04-07 19:20:00+00:00,2024-04-07 19:30:00+00:00,long,69497.99,69268.0,SL,-0.6468,64.0375,1.0
2024-04-07 19:50:00+00:00,2024-04-07 20:00:00+00:00,short,68970.74,69187.27,SL,-0.6404,63.3971,1.0
2024-04-07 21:35:00+00:00,2024-04-07 22:35:00+00:00,short,69116.06,69323.99,SL,-0.634,62.7632,1.0
2024-04-08 00:00:00+00:00,2024-04-08 01:10:00+00:00,short,69268.56,69526.02,SL,-0.6276,62.1355,1.0
2024-04-08 04:30:00+00:00,2024-04-08 05:05:00+00:00,short,69324.71,69490.2,SL,-0.6214,61.5142,1.0
2024-04-08 07:00:00+00:00,2024-04-08 07:30:00+00:00,long,69942.0,70378.99,TP,1.2303,62.7445,1.0
2024-04-08 12:10:00+00:00,2024-04-08 12:15:00+00:00,long,72719.99,72568.68,SL,-0.6274,62.117,1.0
2024-04-08 15:00:00+00:00,2024-04-08 15:25:00+00:00,long,71840.09,71654.0,SL,-0.6212,61.4958,1.0
2024-04-08 17:55:00+00:00,2024-04-08 18:40:00+00:00,long,71699.23,72064.14,TP,1.2299,62.7258,1.0
2024-04-08 20:55:00+00:00,2024-04-09 00:20:00+00:00,long,71711.99,71540.01,SL,-0.6273,62.0985,1.0
2024-04-09 03:35:00+00:00,2024-04-09 04:15:00+00:00,short,71352.28,71010.99,TP,1.242,63.3405,1.0
2024-04-09 05:10:00+00:00,2024-04-09 05:20:00+00:00,short,71069.24,71222.21,SL,-0.6334,62.7071,1.0
2024-04-09 05:35:00+00:00,2024-04-09 06:30:00+00:00,short,71024.0,71244.02,SL,-0.6271,62.08,1.0
2024-04-09 06:35:00+00:00,2024-04-09 07:10:00+00:00,short,70738.71,70896.64,SL,-0.6208,61.4592,1.0
2024-04-09 09:55:00+00:00,2024-04-09 10:45:00+00:00,short,70392.18,70590.59,SL,-0.6146,60.8446,1.0
2024-04-09 11:50:00+00:00,2024-04-09 12:00:00+00:00,short,70712.02,70898.0,SL,-0.6084,60.2362,1.0
2024-04-09 12:05:00+00:00,2024-04-09 12:45:00+00:00,short,70672.84,70931.98,SL,-0.6024,59.6338,1.0
2024-04-09 12:55:00+00:00,2024-04-09 13:45:00+00:00,short,70690.0,70347.63,TP,1.1927,60.8265,1.0
2024-04-09 16:55:00+00:00,2024-04-09 17:25:00+00:00,short,68601.24,68790.77,SL,-0.6083,60.2182,1.0
2024-04-09 19:10:00+00:00,2024-04-09 19:20:00+00:00,short,68721.13,68925.1,SL,-0.6022,59.616,1.0
2024-04-09 21:05:00+00:00,2024-04-09 21:15:00+00:00,short,68943.33,69106.77,SL,-0.5962,59.0199,1.0
2024-04-09 23:00:00+00:00,2024-04-09 23:25:00+00:00,short,69291.41,68986.34,TP,1.1804,60.2003,1.0
2024-04-10 00:35:00+00:00,2024-04-10 01:20:00+00:00,short,69058.72,68701.29,TP,1.204,61.4043,1.0
2024-04-10 02:40:00+00:00,2024-04-10 03:15:00+00:00,short,68748.02,68975.67,SL,-0.614,60.7902,1.0
2024-04-10 06:00:00+00:00,2024-04-10 06:25:00+00:00,short,69274.02,69457.42,SL,-0.6079,60.1823,1.0
2024-04-10 10:15:00+00:00,2024-04-10 10:50:00+00:00,short,68781.56,68960.02,SL,-0.6018,59.5805,1.0
2024-04-10 12:20:00+00:00,2024-04-10 12:30:00+00:00,short,68896.3,68260.0,TP,1.1916,60.7721,1.0
2024-04-10 15:15:00+00:00,2024-04-10 15:25:00+00:00,short,68412.99,68632.25,SL,-0.6077,60.1644,1.0
2024-04-10 15:40:00+00:00,2024-04-10 15:50:00+00:00,short,68500.0,68697.64,SL,-0.6016,59.5627,1.0
2024-04-10 19:25:00+00:00,2024-04-10 19:45:00+00:00,long,69519.85,69868.33,TP,1.1913,60.754,1.0
2024-04-10 21:55:00+00:00,2024-04-10 22:00:00+00:00,long,70017.0,70390.0,TP,1.2151,61.9691,1.0
2024-04-11 01:05:00+00:00,2024-04-11 02:05:00+00:00,long,70582.53,70888.05,TP,1.2394,63.2085,1.0
2024-04-11 03:20:00+00:00,2024-04-11 03:30:00+00:00,long,70983.57,70815.98,SL,-0.6321,62.5764,1.0
2024-04-11 05:05:00+00:00,2024-04-11 07:05:00+00:00,long,70619.99,70963.16,TP,1.2515,63.8279,1.0
2024-04-11 08:35:00+00:00,2024-04-11 09:20:00+00:00,long,70990.99,70804.2,SL,-0.6383,63.1896,1.0
2024-04-11 11:25:00+00:00,2024-04-11 11:35:00+00:00,long,70553.14,70268.17,SL,-0.6319,62.5577,1.0
2024-04-11 12:30:00+00:00,2024-04-11 13:35:00+00:00,long,70710.01,70276.89,SL,-0.6256,61.9322,1.0
2024-04-11 16:35:00+00:00,2024-04-11 16:45:00+00:00,short,69592.48,69864.0,SL,-0.6193,61.3128,1.0
2024-04-11 18:15:00+00:00,2024-04-11 19:25:00+00:00,short,70155.58,70313.8,SL,-0.6131,60.6997,1.0
2024-04-11 22:35:00+00:00,2024-04-12 00:10:00+00:00,short,70075.03,70242.73,SL,-0.607,60.0927,1.0
2024-04-12 01:15:00+00:00,2024-04-12 02:05:00+00:00,short,70214.61,70416.0,SL,-0.6009,59.4918,1.0
2024-04-12 04:45:00+00:00,2024-04-12 05:15:00+00:00,long,71154.2,70990.29,SL,-0.5949,58.8969,1.0
2024-04-12 08:05:00+00:00,2024-04-12 08:30:00+00:00,long,70839.99,70627.99,SL,-0.589,58.3079,1.0
2024-04-12 10:10:00+00:00,2024-04-12 12:35:00+00:00,long,70720.0,70490.57,SL,-0.5831,57.7248,1.0
2024-04-12 14:25:00+00:00,2024-04-12 14:50:00+00:00,short,69737.71,69400.0,TP,1.1545,58.8793,1.0
2024-04-12 16:15:00+00:00,2024-04-12 17:05:00+00:00,short,68883.99,68572.0,TP,1.1776,60.0569,1.0
2024-04-12 18:25:00+00:00,2024-04-12 18:30:00+00:00,short,67624.44,66560.0,TP,1.2011,61.258,1.0
2024-04-12 21:05:00+00:00,2024-04-12 22:05:00+00:00,short,66839.68,67029.04,SL,-0.6126,60.6455,1.0
2024-04-12 23:05:00+00:00,2024-04-12 23:25:00+00:00,short,66822.18,66974.23,SL,-0.6065,60.039,1.0
2024-04-13 00:15:00+00:00,2024-04-13 01:10:00+00:00,short,66910.89,66501.82,TP,1.2008,61.2398,1.0
2024-04-13 05:20:00+00:00,2024-04-13 05:55:00+00:00,short,67685.29,67345.48,TP,1.2248,62.4646,1.0
2024-04-13 07:50:00+00:00,2024-04-13 11:05:00+00:00,short,67351.65,67772.0,SL,-0.6246,61.8399,1.0
2024-04-13 11:40:00+00:00,2024-04-13 12:05:00+00:00,short,67508.89,67236.0,TP,1.2368,63.0767,1.0
2024-04-13 13:40:00+00:00,2024-04-13 14:10:00+00:00,short,67512.65,67658.48,SL,-0.6308,62.446,1.0
2024-04-13 14:20:00+00:00,2024-04-13 14:35:00+00:00,long,67651.17,67403.62,SL,-0.6245,61.8215,1.0
2024-04-13 15:20:00+00:00,2024-04-13 16:10:00+00:00,long,67680.0,67489.01,SL,-0.6182,61.2033,1.0
2024-04-13 19:45:00+00:00,2024-04-13 19:50:00+00:00,short,66019.97,64665.0,TP,1.2241,62.4274,1.0
2024-04-13 23:45:00+00:00,2024-04-13 23:55:00+00:00,short,64426.63,63924.51,TP,1.2485,63.6759,1.0
2024-04-14 02:10:00+00:00,2024-04-14 02:30:00+00:00,short,63657.0,63358.27,TP,1.2735,64.9494,1.0
2024-04-14 06:00:00+00:00,2024-04-14 06:20:00+00:00,short,64217.0,64546.64,SL,-0.6495,64.2999,1.0
2024-04-14 07:00:00+00:00,2024-04-14 07:15:00+00:00,short,64656.99,64794.87,SL,-0.643,63.6569,1.0
2024-04-14 08:30:00+00:00,2024-04-14 08:45:00+00:00,long,64759.14,64512.18,SL,-0.6366,63.0204,1.0
2024-04-14 11:10:00+00:00,2024-04-14 11:40:00+00:00,short,64239.16,63870.0,TP,1.2604,64.2808,1.0
2024-04-14 13:35:00+00:00,2024-04-14 14:00:00+00:00,short,64478.02,64024.89,TP,1.2856,65.5664,1.0
2024-04-14 17:10:00+00:00,2024-04-14 17:20:00+00:00,short,63757.0,62751.46,TP,1.3113,66.8777,1.0
2024-04-14 19:10:00+00:00,2024-04-14 19:40:00+00:00,short,64097.15,64263.42,SL,-0.6688,66.2089,1.0
2024-04-14 20:10:00+00:00,2024-04-14 20:30:00+00:00,short,64036.73,64190.3,SL,-0.6621,65.5468,1.0
2024-04-15 03:05:00+00:00,2024-04-15 03:50:00+00:00,long,65287.38,65145.0,SL,-0.6555,64.8914,1.0
2024-04-15 05:00:00+00:00,2024-04-15 05:45:00+00:00,long,65019.79,65290.27,TP,1.2978,66.1892,1.0
2024-04-15 09:20:00+00:00,2024-04-15 10:15:00+00:00,long,66610.03,66464.82,SL,-0.6619,65.5273,1.0
2024-04-15 12:35:00+00:00,2024-04-15 13:35:00+00:00,long,66089.72,65957.47,SL,-0.6553,64.872,1.0
2024-04-15 16:35:00+00:00,2024-04-15 16:45:00+00:00,short,64014.15,64182.42,SL,-0.6487,64.2233,1.0
2024-04-15 17:35:00+00:00,2024-04-15 17:45:00+00:00,short,63922.01,63463.05,TP,1.2845,65.5078,1.0
2024-04-15 18:15:00+00:00,2024-04-15 18:40:00+00:00,short,63540.56,63853.35,SL,-0.6551,64.8527,1.0
2024-04-15 18:55:00+00:00,2024-04-15 19:00:00+00:00,short,63170.87,62748.03,TP,1.2971,66.1498,1.0
2024-04-15 20:55:00+00:00,2024-04-15 21:00:00+00:00,short,63112.96,63240.0,SL,-0.6615,65.4883,1.0
2024-04-15 21:20:00+00:00,2024-04-15 21:25:00+00:00,short,62862.79,63028.63,SL,-0.6549,64.8334,1.0
2024-04-15 22:20:00+00:00,2024-04-15 22:25:00+00:00,short,62847.21,63048.0,SL,-0.6483,64.185,1.0
2024-04-16 00:05:00+00:00,2024-04-16 00:10:00+00:00,short,63328.0,63581.83,SL,-0.6419,63.5432,1.0
2024-04-16 00:25:00+00:00,2024-04-16 01:05:00+00:00,short,63268.0,63471.7,SL,-0.6354,62.9078,1.0
2024-04-16 01:50:00+00:00,2024-04-16 02:25:00+00:00,short,63172.9,62795.53,TP,1.2582,64.1659,1.0
2024-04-16 03:30:00+00:00,2024-04-16 03:50:00+00:00,short,63067.41,62799.99,TP,1.2833,65.4492,1.0
2024-04-16 08:10:00+00:00,2024-04-16 10:15:00+00:00,short,63369.99,62638.12,TP,1.309,66.7582,1.0
2024-04-16 13:10:00+00:00,2024-04-16 13:25:00+00:00,short,62979.9,63175.78,SL,-0.6676,66.0906,1.0
2024-04-16 13:30:00+00:00,2024-04-16 13:40:00+00:00,short,63066.11,62551.3,TP,1.3218,67.4124,1.0
2024-04-16 14:25:00+00:00,2024-04-16 14:55:00+00:00,short,62424.17,62092.13,TP,1.3482,68.7607,1.0
2024-04-16 17:50:00+00:00,2024-04-16 18:00:00+00:00,short,62434.64,62609.43,SL,-0.6876,68.0731,1.0
2024-04-16 18:55:00+00:00,2024-04-16 19:10:00+00:00,long,63003.92,62873.44,SL,-0.6807,67.3924,1.0
2024-04-16 19:30:00+00:00,2024-04-16 20:05:00+00:00,short,62856.27,62589.23,TP,1.3478,68.7402,1.0
2024-04-17 00:45:00+00:00,2024-04-17 01:00:00+00:00,long,64119.65,63971.59,SL,-0.6874,68.0528,1.0
2024-04-17 01:50:00+00:00,2024-04-17 02:20:00+00:00,long,64023.98,63781.74,SL,-0.6805,67.3723,1.0
2024-04-17 03:15:00+00:00,2024-04-17 03:45:00+00:00,long,63993.61,63763.28,SL,-0.6737,66.6986,1.0
2024-04-17 04:35:00+00:00,2024-04-17 05:15:00+00:00,long,64127.03,64424.38,TP,1.334,68.0325,1.0
2024-04-17 08:55:00+00:00,2024-04-17 09:15:00+00:00,short,63325.75,63475.9,SL,-0.6803,67.3522,1.0
2024-04-17 10:00:00+00:00,2024-04-17 10:10:00+00:00,short,63180.0,62898.6,TP,1.347,68.6992,1.0
2024-04-17 11:50:00+00:00,2024-04-17 12:25:00+00:00,short,62686.54,62428.16,TP,1.374,70.0732,1.0
2024-04-17 14:10:00+00:00,2024-04-17 14:15:00+00:00,short,62115.23,61510.06,TP,1.4015,71.4747,1.0
2024-04-17 18:55:00+00:00,2024-04-17 19:00:00+00:00,short,61445.57,61193.39,TP,1.4295,72.9042,1.0
2024-04-17 20:45:00+00:00,2024-04-17 21:05:00+00:00,short,61000.01,61225.13,SL,-0.729,72.1751,1.0
2024-04-17 21:45:00+00:00,2024-04-17 22:30:00+00:00,short,61261.67,61519.7,SL,-0.7218,71.4534,1.0
2024-04-17 23:20:00+00:00,2024-04-18 00:10:00+00:00,short,61389.76,61118.0,TP,1.4291,72.8825,1.0
2024-04-18 02:20:00+00:00,2024-04-18 02:50:00+00:00,short,61509.0,61632.32,SL,-0.7288,72.1536,1.0
2024-04-18 03:00:00+00:00,2024-04-18 03:05:00+00:00,long,61807.99,62081.47,TP,1.4431,73.5967,1.0
2024-04-18 08:15:00+00:00,2024-04-18 08:25:00+00:00,short,60912.0,61138.8,SL,-0.736,72.8607,1.0
2024-04-18 10:20:00+00:00,2024-04-18 10:35:00+00:00,short,61542.76,61729.14,SL,-0.7286,72.1321,1.0
2024-04-18 13:30:00+00:00,2024-04-18 13:35:00+00:00,long,62394.07,61987.14,SL,-0.7213,71.4108,1.0
2024-04-18 13:45:00+00:00,2024-04-18 13:50:00+00:00,long,62604.52,62453.78,SL,-0.7141,70.6967,1.0
2024-04-18 18:40:00+00:00,2024-04-18 18:50:00+00:00,long,63181.8,63028.08,SL,-0.707,69.9897,1.0
2024-04-18 22:40:00+00:00,2024-04-18 23:35:00+00:00,long,63535.99,63402.19,SL,-0.6999,69.2898,1.0
2024-04-19 05:05:00+00:00,2024-04-19 05:45:00+00:00,short,62125.24,62326.21,SL,-0.6929,68.5969,1.0
2024-04-19 06:35:00+00:00,2024-04-19 06:40:00+00:00,long,62911.77,63630.76,TP,1.3719,69.9689,1.0
2024-04-19 11:35:00+00:00,2024-04-19 11:45:00+00:00,long,65332.03,64966.2,SL,-0.6997,69.2692,1.0
2024-04-19 12:15:00+00:00,2024-04-19 12:35:00+00:00,long,65308.15,65157.76,SL,-0.6927,68.5765,1.0
2024-04-19 14:55:00+00:00,2024-04-19 16:05:00+00:00,long,64452.12,64266.06,SL,-0.6858,67.8907,1.0
2024-04-19 16:50:00+00:00,2024-04-19 17:40:00+00:00,long,64070.12,64517.07,TP,1.3578,69.2485,1.0
2024-04-19 19:20:00+00:00,2024-04-19 19:35:00+00:00,long,64348.38,64206.71,SL,-0.6925,68.5561,1.0
2024-04-19 21:05:00+00:00,2024-04-19 22:05:00+00:00,long,64164.25,64426.01,TP,1.3711,69.9272,1.0
2024-04-19 22:30:00+00:00,2024-04-19 22:35:00+00:00,short,64019.89,64165.99,SL,-0.6993,69.2279,1.0
2024-04-20 00:50:00+00:00,2024-04-20 01:45:00+00:00,short,63564.29,63761.98,SL,-0.6923,68.5356,1.0
2024-04-20 03:45:00+00:00,2024-04-20 04:35:00+00:00,short,63857.14,64122.88,SL,-0.6854,67.8503,1.0
2024-04-20 05:30:00+00:00,2024-04-20 06:00:00+00:00,long,64205.49,64067.53,SL,-0.6785,67.1718,1.0
2024-04-20 12:20:00+00:00,2024-04-20 12:40:00+00:00,short,63652.02,63816.61,SL,-0.6717,66.5001,1.0
2024-04-20 12:45:00+00:00,2024-04-20 14:20:00+00:00,long,63913.08,63775.89,SL,-0.665,65.8351,1.0
2024-04-20 14:50:00+00:00,2024-04-20 15:05:00+00:00,long,63977.02,63812.95,SL,-0.6584,65.1767,1.0
2024-04-20 15:25:00+00:00,2024-04-20 15:35:00+00:00,long,63955.2,64369.23,TP,1.3035,66.4802,1.0
2024-04-20 17:05:00+00:00,2024-04-20 18:35:00+00:00,long,65096.14,64960.23,SL,-0.6648,65.8154,1.0
2024-04-20 20:05:00+00:00,2024-04-20 20:15:00+00:00,long,64968.74,64835.91,SL,-0.6582,65.1573,1.0
2024-04-20 21:10:00+00:00,2024-04-20 21:35:00+00:00,long,64790.75,64641.43,SL,-0.6516,64.5057,1.0
2024-04-20 21:40:00+00:00,2024-04-20 22:00:00+00:00,long,64802.09,64630.36,SL,-0.6451,63.8607,1.0
2024-04-20 22:20:00+00:00,2024-04-21 01:20:00+00:00,long,64711.78,64987.94,TP,1.2772,65.1379,1.0
2024-04-21 05:05:00+00:00,2024-04-21 07:25:00+00:00,long,65100.01,64944.75,SL,-0.6514,64.4865,1.0
2024-04-21 07:50:00+00:00,2024-04-21 08:20:00+00:00,long,65152.0,65012.12,SL,-0.6449,63.8416,1.0
2024-04-21 09:55:00+00:00,2024-04-21 11:10:00+00:00,long,64900.32,65183.99,TP,1.2768,65.1185,1.0
2024-04-21 15:05:00+00:00,2024-04-21 16:00:00+00:00,long,64948.01,64740.0,SL,-0.6512,64.4673,1.0
2024-04-21 19:10:00+00:00,2024-04-21 21:05:00+00:00,short,64714.0,65122.62,SL,-0.6447,63.8226,1.0
2024-04-21 21:45:00+00:00,2024-04-21 22:05:00+00:00,short,64746.01,64978.0,SL,-0.6382,63.1844,1.0
2024-04-21 22:10:00+00:00,2024-04-22 00:30:00+00:00,long,65020.01,64813.99,SL,-0.6318,62.5525,1.0
2024-04-22 01:15:00+00:00,2024-04-22 01:20:00+00:00,long,65222.71,65587.98,TP,1.251,63.8036,1.0
2024-04-22 01:35:00+00:00,2024-04-22 03:00:00+00:00,short,64740.0,64918.0,SL,-0.638,63.1655,1.0
2024-04-22 05:45:00+00:00,2024-04-22 05:55:00+00:00,long,66103.29,66377.99,TP,1.2633,64.4289,1.0
2024-04-22 08:30:00+00:00,2024-04-22 08:40:00+00:00,long,66187.78,66049.8,SL,-0.6443,63.7846,1.0
2024-04-22 10:05:00+00:00,2024-04-22 11:30:00+00:00,long,66016.0,65862.0,SL,-0.6378,63.1467,1.0
2024-04-22 12:25:00+00:00,2024-04-22 13:05:00+00:00,long,65927.35,66213.2,TP,1.2629,64.4097,1.0
2024-04-22 13:50:00+00:00,2024-04-22 14:25:00+00:00,long,66080.0,66455.03,TP,1.2882,65.6978,1.0
2024-04-22 15:55:00+00:00,2024-04-22 16:15:00+00:00,long,65994.38,66324.0,TP,1.314,67.0118,1.0
2024-04-22 16:55:00+00:00,2024-04-22 17:25:00+00:00,long,66154.73,66734.0,TP,1.3402,68.352,1.0
2024-04-22 19:50:00+00:00,2024-04-22 22:10:00+00:00,long,66436.58,66767.46,TP,1.367,69.7191,1.0
2024-04-23 00:50:00+00:00,2024-04-23 01:45:00+00:00,long,67023.54,66884.02,SL,-0.6972,69.0219,1.0
2024-04-23 06:50:00+00:00,2024-04-23 08:05:00+00:00,short,66353.95,66084.24,TP,1.3804,70.4023,1.0
2024-04-23 09:50:00+00:00,2024-04-23 10:30:00+00:00,short,66057.99,66254.45,SL,-0.704,69.6983,1.0
2024-04-23 11:05:00+00:00,2024-04-23 13:35:00+00:00,short,66066.4,66378.24,SL,-0.697,69.0013,1.0
2024-04-23 16:45:00+00:00,2024-04-23 19:15:00+00:00,long,66743.01,66577.69,SL,-0.69,68.3113,1.0
2024-04-23 23:00:00+00:00,2024-04-23 23:15:00+00:00,short,66176.0,66324.68,SL,-0.6831,67.6282,1.0
2024-04-24 03:40:00+00:00,2024-04-24 04:45:00+00:00,long,66656.69,66971.56,TP,1.3526,68.9808,1.0
2024-04-24 06:45:00+00:00,2024-04-24 07:45:00+00:00,long,66774.7,66597.01,SL,-0.6898,68.2909,1.0
2024-04-24 10:05:00+00:00,2024-04-24 10:30:00+00:00,short,66248.01,66435.11,SL,-0.6829,67.608,1.0
2024-04-24 12:40:00+00:00,2024-04-24 13:00:00+00:00,short,66469.94,66139.13,TP,1.3522,68.9602,1.0
2024-04-24 14:20:00+00:00,2024-04-24 14:25:00+00:00,short,65866.01,65456.01,TP,1.3792,70.3394,1.0
2024-04-24 15:40:00+00:00,2024-04-24 15:45:00+00:00,short,64569.99,64745.7,SL,-0.7034,69.636,1.0
2024-04-24 18:15:00+00:00,2024-04-24 18:45:00+00:00,short,64740.0,64413.82,TP,1.3927,71.0287,1.0
2024-04-24 19:55:00+00:00,2024-04-24 20:00:00+00:00,short,63976.06,64224.01,SL,-0.7103,70.3184,1.0
2024-04-24 22:20:00+00:00,2024-04-24 23:00:00+00:00,short,64170.73,63878.86,TP,1.4064,71.7248,1.0
2024-04-25 01:10:00+00:00,2024-04-25 01:50:00+00:00,short,64456.98,64159.41,TP,1.4345,73.1593,1.0
2024-04-25 04:05:00+00:00,2024-04-25 04:30:00+00:00,short,64108.81,64297.57,SL,-0.7316,72.4277,1.0
2024-04-25 05:10:00+00:00,2024-04-25 06:30:00+00:00,short,64188.7,64391.98,SL,-0.7243,71.7034,1.0
2024-04-25 06:45:00+00:00,2024-04-25 07:40:00+00:00,short,64244.27,63921.99,TP,1.4341,73.1375,1.0
2024-04-25 09:45:00+00:00,2024-04-25 10:20:00+00:00,short,63853.24,63445.17,TP,1.4627,74.6003,1.0
2024-04-25 12:40:00+00:00,2024-04-25 12:50:00+00:00,short,63764.79,63378.97,TP,1.492,76.0923,1.0
2024-04-25 14:50:00+00:00,2024-04-25 14:55:00+00:00,short,63257.47,63384.96,SL,-0.7609,75.3313,1.0
2024-04-25 20:00:00+00:00,2024-04-25 20:05:00+00:00,long,64986.04,64621.37,SL,-0.7533,74.578,1.0
2024-04-25 20:35:00+00:00,2024-04-25 21:50:00+00:00,long,64864.45,64710.86,SL,-0.7458,73.8322,1.0
2024-04-26 03:00:00+00:00,2024-04-26 03:15:00+00:00,short,64314.28,64459.35,SL,-0.7383,73.0939,1.0
2024-04-26 06:35:00+00:00,2024-04-26 06:45:00+00:00,short,64318.0,64452.61,SL,-0.7309,72.363,1.0
2024-04-26 07:25:00+00:00,2024-04-26 07:30:00+00:00,long,64483.64,64346.0,SL,-0.7236,71.6394,1.0
2024-04-26 08:10:00+00:00,2024-04-26 10:40:00+00:00,long,64427.44,64278.46,SL,-0.7164,70.923,1.0
2024-04-26 12:50:00+00:00,2024-04-26 12:55:00+00:00,short,63980.01,64142.79,SL,-0.7092,70.2137,1.0
2024-04-26 13:45:00+00:00,2024-04-26 14:10:00+00:00,long,64369.82,64725.0,TP,1.4043,71.618,1.0
2024-04-26 14:35:00+00:00,2024-04-26 15:05:00+00:00,short,64026.0,63732.62,TP,1.4324,73.0504,1.0
2024-04-26 18:45:00+00:00,2024-04-27 00:25:00+00:00,short,63965.83,63528.6,TP,1.461,74.5114,1.0
2024-04-27 04:10:00+00:00,2024-04-27 04:25:00+00:00,short,62958.95,63132.0,SL,-0.7451,73.7663,1.0
2024-04-27 04:50:00+00:00,2024-04-27 07:10:00+00:00,short,62967.32,63108.89,SL,-0.7377,73.0286,1.0
2024-04-27 07:45:00+00:00,2024-04-27 10:45:00+00:00,short,63006.25,62751.28,TP,1.4606,74.4892,1.0
2024-04-27 14:25:00+00:00,2024-04-27 15:45:00+00:00,short,63154.1,62886.0,TP,1.4898,75.979,1.0
2024-04-27 16:25:00+00:00,2024-04-27 17:25:00+00:00,short,62788.01,62930.65,SL,-0.7598,75.2192,1.0
2024-04-27 18:20:00+00:00,2024-04-27 18:35:00+00:00,short,63076.01,63207.78,SL,-0.7522,74.467,1.0
2024-04-27 18:50:00+00:00,2024-04-27 19:00:00+00:00,long,63424.79,63192.08,SL,-0.7447,73.7223,1.0
2024-04-27 20:00:00+00:00,2024-04-27 20:10:00+00:00,long,63432.0,63281.9,SL,-0.7372,72.9851,1.0
2024-04-27 21:40:00+00:00,2024-04-27 23:50:00+00:00,long,63270.02,63535.7,TP,1.4597,74.4448,1.0
2024-04-28 02:35:00+00:00,2024-04-28 03:00:00+00:00,long,63708.55,63987.35,TP,1.4889,75.9337,1.0
2024-04-28 05:50:00+00:00,2024-04-28 06:25:00+00:00,long,63935.99,63801.71,SL,-0.7593,75.1743,1.0
2024-04-28 06:40:00+00:00,2024-04-28 08:40:00+00:00,long,63941.99,63668.19,SL,-0.7517,74.4226,1.0
2024-04-28 09:25:00+00:00,2024-04-28 10:10:00+00:00,long,63812.02,63584.0,SL,-0.7442,73.6784,1.0
2024-04-28 11:20:00+00:00,2024-04-28 13:05:00+00:00,short,63497.99,63630.47,SL,-0.7368,72.9416,1.0
2024-04-28 17:20:00+00:00,2024-04-28 17:45:00+00:00,short,63609.01,63754.34,SL,-0.7294,72.2122,1.0
2024-04-28 22:05:00+00:00,2024-04-28 22:30:00+00:00,short,63583.39,63209.65,TP,1.4442,73.6564,1.0
2024-04-29 01:20:00+00:00,2024-04-29 01:35:00+00:00,short,63110.0,63298.0,SL,-0.7366,72.9198,1.0
2024-04-29 02:15:00+00:00,2024-04-29 02:35:00+00:00,short,63149.98,62814.0,TP,1.4584,74.3782,1.0
2024-04-29 03:55:00+00:00,2024-04-29 04:05:00+00:00,short,62279.67,62445.04,SL,-0.7438,73.6345,1.0
2024-04-29 05:25:00+00:00,2024-04-29 06:45:00+00:00,short,62344.01,62067.85,TP,1.4727,75.1072,1.0
2024-04-29 09:05:00+00:00,2024-04-29 09:50:00+00:00,short,62305.87,62579.86,SL,-0.7511,74.3561,1.0
2024-04-29 10:40:00+00:00,2024-04-29 12:30:00+00:00,short,62456.0,62160.05,TP,1.4871,75.8432,1.0
2024-04-29 13:30:00+00:00,2024-04-29 13:40:00+00:00,short,62391.99,61976.99,TP,1.5169,77.3601,1.0
2024-04-29 17:25:00+00:00,2024-04-29 17:35:00+00:00,long,63184.22,62988.0,SL,-0.7736,76.5865,1.0
2024-04-29 19:40:00+00:00,2024-04-29 20:05:00+00:00,long,62750.44,63024.38,TP,1.5317,78.1182,1.0
2024-04-29 21:50:00+00:00,2024-04-29 22:15:00+00:00,long,63092.18,63367.18,TP,1.5624,79.6806,1.0
2024-04-30 00:45:00+00:00,2024-04-30 01:25:00+00:00,long,64400.4,64249.99,SL,-0.7968,78.8838,1.0
2024-04-30 02:50:00+00:00,2024-04-30 03:00:00+00:00,long,63862.99,63681.15,SL,-0.7888,78.0949,1.0
2024-04-30 03:25:00+00:00,2024-04-30 04:15:00+00:00,long,63741.68,63575.22,SL,-0.7809,77.314,1.0
2024-04-30 07:40:00+00:00,2024-04-30 08:10:00+00:00,short,63287.98,62837.61,TP,1.5463,78.8602,1.0
2024-04-30 11:30:00+00:00,2024-04-30 12:05:00+00:00,short,61349.99,61070.39,TP,1.5772,80.4374,1.0
2024-04-30 13:50:00+00:00,2024-04-30 14:20:00+00:00,short,60791.24,60924.53,SL,-0.8044,79.6331,1.0
2024-04-30 15:20:00+00:00,2024-04-30 15:50:00+00:00,short,60938.31,60691.09,TP,1.5927,81.2257,1.0
2024-04-30 17:10:00+00:00,2024-04-30 17:20:00+00:00,short,60264.71,60449.33,SL,-0.8123,80.4135,1.0
2024-04-30 18:45:00+00:00,2024-04-30 18:50:00+00:00,short,60118.5,60249.99,SL,-0.8041,79.6093,1.0
2024-04-30 19:10:00+00:00,2024-04-30 19:15:00+00:00,short,60000.01,60216.02,SL,-0.7961,78.8133,1.0
2024-04-30 23:00:00+00:00,2024-04-30 23:30:00+00:00,short,60503.99,60669.62,SL,-0.7881,78.0251,1.0
2024-05-01 00:00:00+00:00,2024-05-01 00:25:00+00:00,short,60688.39,60425.57,TP,1.5605,79.5856,1.0
2024-05-01 01:55:00+00:00,2024-05-01 02:05:00+00:00,short,60133.78,59799.99,TP,1.5917,81.1773,1.0
2024-05-01 05:05:00+00:00,2024-05-01 05:45:00+00:00,short,60267.49,60005.41,TP,1.6235,82.8009,1.0
2024-05-01 12:50:00+00:00,2024-05-01 13:30:00+00:00,short,57873.52,57378.99,TP,1.656,84.4569,1.0
2024-05-01 14:35:00+00:00,2024-05-01 14:40:00+00:00,short,57331.1,57456.0,SL,-0.8446,83.6123,1.0
2024-05-01 15:05:00+00:00,2024-05-01 15:15:00+00:00,short,57108.2,56792.18,TP,1.6722,85.2846,1.0
2024-05-01 17:10:00+00:00,2024-05-01 17:15:00+00:00,short,56773.99,56894.99,SL,-0.8528,84.4317,1.0
2024-05-01 22:50:00+00:00,2024-05-01 23:35:00+00:00,short,57969.81,58221.99,SL,-0.8443,83.5874,1.0
2024-05-02 04:45:00+00:00,2024-05-02 06:10:00+00:00,short,57441.7,57581.11,SL,-0.8359,82.7515,1.0
2024-05-02 07:40:00+00:00,2024-05-02 08:25:00+00:00,short,57689.54,57905.86,SL,-0.8275,81.924,1.0
2024-05-02 10:45:00+00:00,2024-05-02 11:05:00+00:00,long,57883.81,58221.1,TP,1.6385,83.5625,1.0
2024-05-02 14:30:00+00:00,2024-05-02 14:40:00+00:00,long,58863.6,59261.08,TP,1.6712,85.2338,1.0
2024-05-02 17:55:00+00:00,2024-05-02 18:15:00+00:00,long,59190.24,59050.0,SL,-0.8523,84.3814,1.0
2024-05-02 18:35:00+00:00,2024-05-02 19:10:00+00:00,long,59305.08,59105.62,SL,-0.8438,83.5376,1.0
2024-05-02 19:55:00+00:00,2024-05-02 20:05:00+00:00,long,59351.11,59231.98,SL,-0.8354,82.7022,1.0
2024-05-02 21:25:00+00:00,2024-05-02 21:35:00+00:00,long,58999.0,59546.82,TP,1.654,84.3563,1.0
2024-05-03 00:55:00+00:00,2024-05-03 01:05:00+00:00,long,59031.81,59345.99,TP,1.6871,86.0434,1.0
2024-05-03 03:05:00+00:00,2024-05-03 04:30:00+00:00,long,59774.99,59600.0,SL,-0.8604,85.183,1.0
2024-05-03 07:10:00+00:00,2024-05-03 07:35:00+00:00,long,59415.23,59220.0,SL,-0.8518,84.3311,1.0
2024-05-03 08:10:00+00:00,2024-05-03 09:45:00+00:00,long,59251.18,59547.59,TP,1.6866,86.0178,1.0
2024-05-03 16:30:00+00:00,2024-05-03 16:45:00+00:00,long,61902.25,61705.96,SL,-0.8602,85.1576,1.0
2024-05-03 19:40:00+00:00,2024-05-03 20:05:00+00:00,long,61830.89,62108.01,TP,1.7032,86.8607,1.0
2024-05-03 22:30:00+00:00,2024-05-03 22:50:00+00:00,long,62984.0,62801.35,SL,-0.8686,85.9921,1.0
2024-05-03 23:25:00+00:00,2024-05-03 23:40:00+00:00,long,63111.98,62968.57,SL,-0.8599,85.1322,1.0
2024-05-04 00:45:00+00:00,2024-05-04 01:00:00+00:00,long,63079.41,62894.0,SL,-0.8513,84.2809,1.0
2024-05-04 01:20:00+00:00,2024-05-04 01:25:00+00:00,long,63106.0,63566.01,TP,1.6856,85.9665,1.0
2024-05-04 03:10:00+00:00,2024-05-04 04:45:00+00:00,long,62722.81,62980.02,TP,1.7193,87.6858,1.0
2024-05-04 07:40:00+00:00,2024-05-04 10:25:00+00:00,long,63064.5,63342.48,TP,1.7537,89.4395,1.0
2024-05-04 14:25:00+00:00,2024-05-04 15:30:00+00:00,long,63726.65,63440.0,SL,-0.8944,88.5451,1.0
2024-05-04 16:30:00+00:00,2024-05-04 17:50:00+00:00,long,63569.35,63427.15,SL,-0.8855,87.6597,1.0
2024-05-04 18:20:00+00:00,2024-05-04 19:50:00+00:00,long,63579.96,64013.34,TP,1.7532,89.4129,1.0
2024-05-04 23:10:00+00:00,2024-05-05 00:40:00+00:00,long,63805.32,63468.01,SL,-0.8941,88.5188,1.0
2024-05-05 03:30:00+00:00,2024-05-05 03:45:00+00:00,short,63038.2,63168.0,SL,-0.8852,87.6336,1.0
2024-05-05 05:30:00+00:00,2024-05-05 07:05:00+00:00,short,63327.99,63466.0,SL,-0.8763,86.7572,1.0
2024-05-05 10:10:00+00:00,2024-05-05 10:45:00+00:00,long,63764.0,63602.67,SL,-0.8676,85.8897,1.0
2024-05-05 11:15:00+00:00,2024-05-05 13:15:00+00:00,long,63749.99,64098.01,TP,1.7178,87.6075,1.0
2024-05-05 14:55:00+00:00,2024-05-05 15:40:00+00:00,long,64100.0,64399.16,TP,1.7522,89.3596,1.0
2024-05-05 19:25:00+00:00,2024-05-05 20:15:00+00:00,long,63954.19,63738.69,SL,-0.8936,88.466,1.0
2024-05-06 01:05:00+00:00,2024-05-06 01:30:00+00:00,long,64376.0,64165.95,SL,-0.8847,87.5814,1.0
2024-05-06 06:10:00+00:00,2024-05-06 06:40:00+00:00,long,64394.01,64263.73,SL,-0.8758,86.7055,1.0
2024-05-06 07:35:00+00:00,2024-05-06 08:15:00+00:00,long,64438.01,64968.01,TP,1.7341,88.4396,1.0
2024-05-06 12:25:00+00:00,2024-05-06 12:35:00+00:00,short,63821.01,63989.74,SL,-0.8844,87.5553,1.0
2024-05-06 13:20:00+00:00,2024-05-06 13:30:00+00:00,short,63486.0,63636.21,SL,-0.8756,86.6797,1.0
2024-05-06 14:45:00+00:00,2024-05-06 14:55:00+00:00,short,63707.48,63271.97,TP,1.7336,88.4133,1.0
2024-05-06 16:40:00+00:00,2024-05-06 17:30:00+00:00,short,63368.07,63025.28,TP,1.7683,90.1816,1.0
2024-05-06 19:15:00+00:00,2024-05-06 19:50:00+00:00,short,62976.41,63172.75,SL,-0.9018,89.2797,1.0
2024-05-06 22:10:00+00:00,2024-05-06 23:35:00+00:00,short,63465.41,63158.18,TP,1.7856,91.0653,1.0
2024-05-07 08:15:00+00:00,2024-05-07 08:45:00+00:00,long,63996.73,64268.9,TP,1.8213,92.8866,1.0
2024-05-07 11:00:00+00:00,2024-05-07 11:35:00+00:00,long,64053.0,63823.32,SL,-0.9289,91.9578,1.0
2024-05-07 13:40:00+00:00,2024-05-07 13:55:00+00:00,short,63488.0,63213.16,TP,1.8392,93.7969,1.0
2024-05-07 16:05:00+00:00,2024-05-07 16:25:00+00:00,long,63855.58,63657.51,SL,-0.938,92.859,1.0
2024-05-07 20:55:00+00:00,2024-05-07 21:20:00+00:00,short,62974.94,63158.96,SL,-0.9286,91.9304,1.0
2024-05-07 21:45:00+00:00,2024-05-07 21:55:00+00:00,short,62925.7,63074.01,SL,-0.9193,91.0111,1.0
2024-05-07 22:05:00+00:00,2024-05-07 22:30:00+00:00,short,62949.5,63087.24,SL,-0.9101,90.101,1.0
2024-05-07 22:55:00+00:00,2024-05-07 23:00:00+00:00,short,62850.92,62415.13,TP,1.802,91.903,1.0
2024-05-08 03:15:00+00:00,2024-05-08 03:40:00+00:00,short,62649.3,62922.01,SL,-0.919,90.9839,1.0
2024-05-08 04:25:00+00:00,2024-05-08 04:55:00+00:00,short,62796.55,62520.15,TP,1.8197,92.8036,1.0
2024-05-08 06:15:00+00:00,2024-05-08 08:45:00+00:00,short,62406.0,62131.71,TP,1.8561,94.6597,1.0
2024-05-08 09:30:00+00:00,2024-05-08 09:50:00+00:00,short,62141.28,62268.01,SL,-0.9466,93.7131,1.0
2024-05-08 11:10:00+00:00,2024-05-08 11:45:00+00:00,short,62236.89,62372.0,SL,-0.9371,92.776,1.0
2024-05-08 12:30:00+00:00,2024-05-08 13:10:00+00:00,short,62250.15,61909.69,TP,1.8555,94.6315,1.0
2024-05-08 15:05:00+00:00,2024-05-08 15:15:00+00:00,short,62321.67,62040.06,TP,1.8926,96.5241,1.0
2024-05-08 22:15:00+00:00,2024-05-08 23:05:00+00:00,short,61267.68,61009.41,TP,1.9305,98.4546,1.0
2024-05-09 03:10:00+00:00,2024-05-09 03:50:00+00:00,short,61549.95,61700.3,SL,-0.9845,97.4701,1.0
2024-05-09 04:00:00+00:00,2024-05-09 07:45:00+00:00,short,61648.8,61329.4,TP,1.9494,99.4195,1.0
2024-05-09 09:10:00+00:00,2024-05-09 09:20:00+00:00,short,61251.97,60998.0,TP,1.9884,101.4078,1.0
2024-05-09 10:25:00+00:00,2024-05-09 10:45:00+00:00,short,61018.57,61144.26,SL,-1.0141,100.3938,1.0
2024-05-09 10:55:00+00:00,2024-05-09 11:10:00+00:00,short,60805.99,60956.91,SL,-1.0039,99.3898,1.0
2024-05-09 13:25:00+00:00,2024-05-09 13:40:00+00:00,short,61357.2,61047.99,TP,1.9878,101.3776,1.0
2024-05-09 18:20:00+00:00,2024-05-09 19:50:00+00:00,long,62114.01,62449.98,TP,2.0276,103.4052,1.0
2024-05-09 20:45:00+00:00,2024-05-09 21:05:00+00:00,long,62550.5,62812.51,TP,2.0681,105.4733,1.0
2024-05-09 22:25:00+00:00,2024-05-09 22:45:00+00:00,long,62759.99,63190.99,TP,2.1095,107.5828,1.0
2024-05-10 01:35:00+00:00,2024-05-10 01:40:00+00:00,long,62914.47,62755.88,SL,-1.0758,106.5069,1.0
2024-05-10 01:50:00+00:00,2024-05-10 05:20:00+00:00,long,62864.42,62731.77,SL,-1.0651,105.4419,1.0
2024-05-10 06:05:00+00:00,2024-05-10 06:50:00+00:00,long,62880.0,63194.0,TP,2.1088,107.5507,1.0
2024-05-10 09:35:00+00:00,2024-05-10 11:55:00+00:00,long,63004.0,63299.63,TP,2.151,109.7017,1.0
2024-05-10 13:50:00+00:00,2024-05-10 14:00:00+00:00,long,63077.47,62910.0,SL,-1.097,108.6047,1.0
2024-05-10 17:20:00+00:00,2024-05-10 17:40:00+00:00,short,60443.03,60592.64,SL,-1.086,107.5186,1.0
2024-05-10 17:45:00+00:00,2024-05-10 18:25:00+00:00,short,60347.52,60469.75,SL,-1.0752,106.4435,1.0
2024-05-10 20:30:00+00:00,2024-05-10 22:05:00+00:00,short,60643.59,60768.25,SL,-1.0644,105.379,1.0
2024-05-10 23:50:00+00:00,2024-05-11 01:10:00+00:00,short,60888.0,61052.0,SL,-1.0538,104.3252,1.0
2024-05-11 01:45:00+00:00,2024-05-11 06:30:00+00:00,short,60872.0,61026.32,SL,-1.0433,103.282,1.0
2024-05-11 06:50:00+00:00,2024-05-11 11:05:00+00:00,short,60931.99,60588.3,TP,2.0656,105.3476,1.0
2024-05-11 12:55:00+00:00,2024-05-11 13:05:00+00:00,short,60710.01,60844.39,SL,-1.0535,104.2941,1.0
2024-05-11 14:25:00+00:00,2024-05-11 15:10:00+00:00,short,60860.0,61150.0,SL,-1.0429,103.2512,1.0
2024-05-11 18:25:00+00:00,2024-05-11 20:25:00+00:00,long,61122.01,60964.0,SL,-1.0325,102.2187,1.0
2024-05-11 23:35:00+00:00,2024-05-12 00:25:00+00:00,short,60853.99,61016.97,SL,-1.0222,101.1965,1.0
2024-05-12 01:20:00+00:00,2024-05-12 04:35:00+00:00,short,60925.13,61050.01,SL,-1.012,100.1845,1.0
2024-05-12 10:15:00+00:00,2024-05-12 15:45:00+00:00,long,61208.32,61460.0,TP,2.0037,102.1882,1.0
2024-05-12 17:50:00+00:00,2024-05-12 18:15:00+00:00,long,61632.56,61501.5,SL,-1.0219,101.1663,1.0
2024-05-12 19:40:00+00:00,2024-05-12 21:00:00+00:00,long,61398.01,61218.81,SL,-1.0117,100.1547,1.0
2024-05-12 21:50:00+00:00,2024-05-12 23:50:00+00:00,long,61254.43,61549.99,TP,2.0031,102.1578,1.0
2024-05-13 05:25:00+00:00,2024-05-13 06:05:00+00:00,short,60917.16,61039.61,SL,-1.0216,101.1362,1.0
2024-05-13 11:50:00+00:00,2024-05-13 12:15:00+00:00,long,62716.54,62543.98,SL,-1.0114,100.1248,1.0
2024-05-13 12:30:00+00:00,2024-05-13 13:35:00+00:00,long,62769.04,62626.0,SL,-1.0012,99.1236,1.0
2024-05-13 14:05:00+00:00,2024-05-13 14:55:00+00:00,long,62890.17,62747.87,SL,-0.9912,98.1324,1.0
2024-05-13 15:20:00+00:00,2024-05-13 16:30:00+00:00,long,63019.66,63374.03,TP,1.9626,100.095,1.0
2024-05-13 18:40:00+00:00,2024-05-13 19:15:00+00:00,long,62719.98,63030.49,TP,2.0019,102.0969,1.0
2024-05-13 23:05:00+00:00,2024-05-14 01:40:00+00:00,long,62887.97,62708.93,SL,-1.021,101.0759,1.0
2024-05-14 03:45:00+00:00,2024-05-14 04:10:00+00:00,short,62412.17,62566.21,SL,-1.0108,100.0652,1.0
2024-05-14 06:05:00+00:00,2024-05-14 06:10:00+00:00,short,62275.51,61783.34,TP,2.0013,102.0665,1.0
2024-05-14 10:00:00+00:00,2024-05-14 11:25:00+00:00,short,61740.0,61870.01,SL,-1.0207,101.0458,1.0
2024-05-14 12:30:00+00:00,2024-05-14 12:40:00+00:00,short,61568.1,61800.75,SL,-1.0105,100.0354,1.0
2024-05-14 13:55:00+00:00,2024-05-14 14:15:00+00:00,short,61695.98,61178.98,TP,2.0007,102.0361,1.0
2024-05-14 14:50:00+00:00,2024-05-14 14:55:00+00:00,short,61605.46,61803.74,SL,-1.0204,101.0157,1.0
2024-05-14 15:45:00+00:00,2024-05-14 15:50:00+00:00,short,61720.76,61871.96,SL,-1.0102,100.0055,1.0
2024-05-14 17:35:00+00:00,2024-05-14 18:10:00+00:00,short,61215.6,61422.81,SL,-1.0001,99.0055,1.0
2024-05-14 20:50:00+00:00,2024-05-15 00:45:00+00:00,short,61666.26,61398.79,TP,1.9801,100.9856,1.0
2024-05-15 03:10:00+00:00,2024-05-15 07:35:00+00:00,long,61925.1,62178.32,TP,2.0197,103.0053,1.0
2024-05-15 09:40:00+00:00,2024-05-15 09:45:00+00:00,long,62452.38,62723.19,TP,2.0601,105.0654,1.0
2024-05-15 12:25:00+00:00,2024-05-15 12:30:00+00:00,long,62661.63,63763.64,TP,2.1013,107.1667,1.0
2024-05-15 15:10:00+00:00,2024-05-15 15:40:00+00:00,long,64877.12,64675.01,SL,-1.0717,106.0951,1.0
2024-05-15 18:15:00+00:00,2024-05-15 18:55:00+00:00,long,65243.32,65717.28,TP,2.1219,108.217,1.0
2024-05-15 21:45:00+00:00,2024-05-15 21:50:00+00:00,long,66139.93,65862.61,SL,-1.0822,107.1348,1.0
2024-05-15 22:15:00+00:00,2024-05-16 00:00:00+00:00,long,66117.65,66426.65,TP,2.1427,109.2775,1.0
2024-05-16 02:10:00+00:00,2024-05-16 02:30:00+00:00,long,66113.09,65956.1,SL,-1.0928,108.1847,1.0
2024-05-16 03:15:00+00:00,2024-05-16 04:45:00+00:00,long,65966.67,65821.45,SL,-1.0818,107.1029,1.0
2024-05-16 05:35:00+00:00,2024-05-16 06:00:00+00:00,long,65843.54,65688.03,SL,-1.071,106.0318,1.0
2024-05-16 06:15:00+00:00,2024-05-16 07:25:00+00:00,long,65826.68,66099.98,TP,2.1206,108.1525,1.0
2024-05-16 09:00:00+00:00,2024-05-16 09:20:00+00:00,long,66349.99,66136.15,SL,-1.0815,107.0709,1.0
2024-05-16 09:50:00+00:00,2024-05-16 10:00:00+00:00,long,66347.99,66189.9,SL,-1.0707,106.0002,1.0
2024-05-16 11:45:00+00:00,2024-05-16 12:35:00+00:00,long,66256.61,66065.99,SL,-1.06,104.9402,1.0
2024-05-16 13:35:00+00:00,2024-05-16 14:10:00+00:00,long,66170.05,66013.99,SL,-1.0494,103.8908,1.0
2024-05-16 14:20:00+00:00,2024-05-16 14:30:00+00:00,short,65831.69,65976.01,SL,-1.0389,102.8519,1.0
2024-05-16 16:20:00+00:00,2024-05-16 16:30:00+00:00,short,65604.8,65315.75,TP,2.057,104.909,1.0
2024-05-16 20:05:00+00:00,2024-05-16 20:35:00+00:00,short,65102.01,65249.99,SL,-1.0491,103.8599,1.0
2024-05-16 22:05:00+00:00,2024-05-16 22:40:00+00:00,short,65245.99,65426.19,SL,-1.0386,102.8213,1.0
2024-05-16 23:05:00+00:00,2024-05-17 00:15:00+00:00,short,65279.25,65433.99,SL,-1.0282,101.7931,1.0
2024-05-17 00:45:00+00:00,2024-05-17 00:55:00+00:00,short,65300.0,65508.69,SL,-1.0179,100.7751,1.0
2024-05-17 01:15:00+00:00,2024-05-17 01:35:00+00:00,short,65211.26,65398.58,SL,-1.0078,99.7674,1.0
2024-05-17 02:05:00+00:00,2024-05-17 02:40:00+00:00,short,65200.0,65450.06,SL,-0.9977,98.7697,1.0
2024-05-17 05:40:00+00:00,2024-05-17 06:45:00+00:00,long,65640.01,65964.0,TP,1.9754,100.7451,1.0
2024-05-17 09:45:00+00:00,2024-05-17 13:05:00+00:00,long,66329.94,66156.09,SL,-1.0075,99.7376,1.0
2024-05-17 14:15:00+00:00,2024-05-17 14:30:00+00:00,long,66147.65,66417.46,TP,1.9948,101.7324,1.0
2024-05-17 18:45:00+00:00,2024-05-17 19:25:00+00:00,long,66621.07,66897.98,TP,2.0346,103.767,1.0
2024-05-17 22:50:00+00:00,2024-05-18 07:20:00+00:00,long,66759.99,67239.74,TP,2.0753,105.8424,1.0
2024-05-18 08:15:00+00:00,2024-05-18 11:05:00+00:00,long,67075.58,67380.78,TP,2.1168,107.9592,1.0
2024-05-18 14:20:00+00:00,2024-05-18 14:40:00+00:00,long,67000.0,66682.1,SL,-1.0796,106.8796,1.0
2024-05-18 17:30:00+00:00,2024-05-18 20:20:00+00:00,short,66822.09,66960.0,SL,-1.0688,105.8108,1.0
2024-05-18 22:45:00+00:00,2024-05-19 02:50:00+00:00,long,66930.47,67238.02,TP,2.1162,107.9271,1.0
2024-05-19 05:00:00+00:00,2024-05-19 06:30:00+00:00,long,67130.0,66979.99,SL,-1.0793,106.8478,1.0
2024-05-19 07:20:00+00:00,2024-05-19 09:25:00+00:00,long,67149.99,66990.11,SL,-1.0685,105.7793,1.0
2024-05-19 09:55:00+00:00,2024-05-19 10:30:00+00:00,long,67180.01,67511.5,TP,2.1156,107.8949,1.0
2024-05-19 11:45:00+00:00,2024-05-19 12:15:00+00:00,long,67308.38,67039.07,SL,-1.0789,106.816,1.0
2024-05-19 14:45:00+00:00,2024-05-19 16:50:00+00:00,short,66920.0,66598.99,TP,2.1363,108.9523,1.0
2024-05-19 18:30:00+00:00,2024-05-19 19:05:00+00:00,short,66621.4,66281.59,TP,2.179,111.1313,1.0
2024-05-19 23:05:00+00:00,2024-05-20 00:35:00+00:00,short,66268.0,66432.93,SL,-1.1113,110.02,1.0
2024-05-20 01:25:00+00:00,2024-05-20 01:50:00+00:00,short,66288.01,66467.29,SL,-1.1002,108.9198,1.0
2024-05-20 04:30:00+00:00,2024-05-20 05:00:00+00:00,long,66887.82,67170.01,TP,2.1784,111.0982,1.0
2024-05-20 07:35:00+00:00,2024-05-20 10:05:00+00:00,long,66825.94,67111.97,TP,2.222,113.3202,1.0
2024-05-20 13:10:00+00:00,2024-05-20 13:35:00+00:00,long,67039.0,66788.88,SL,-1.1332,112.187,1.0
2024-05-20 13:50:00+00:00,2024-05-20 14:10:00+00:00,long,67119.99,66830.46,SL,-1.1219,111.0651,1.0
2024-05-20 14:55:00+00:00,2024-05-20 15:20:00+00:00,long,67006.01,67324.01,TP,2.2213,113.2864,1.0
2024-05-20 18:55:00+00:00,2024-05-20 19:20:00+00:00,long,68728.41,69202.02,TP,2.2657,115.5521,1.0
2024-05-20 21:55:00+00:00,2024-05-20 23:10:00+00:00,long,69717.79,70063.81,TP,2.311,117.8632,1.0
2024-05-21 02:40:00+00:00,2024-05-21 04:05:00+00:00,long,71301.8,71129.98,SL,-1.1786,116.6845,1.0
2024-05-21 05:35:00+00:00,2024-05-21 06:35:00+00:00,long,71010.38,71349.77,TP,2.3337,119.0182,1.0
2024-05-21 09:00:00+00:00,2024-05-21 10:10:00+00:00,long,70915.0,71268.41,TP,2.3804,121.3986,1.0
2024-05-21 11:15:00+00:00,2024-05-21 13:10:00+00:00,long,71162.45,71011.99,SL,-1.214,120.1846,1.0
2024-05-21 15:35:00+00:00,2024-05-21 16:15:00+00:00,short,70077.4,70229.13,SL,-1.2018,118.9828,1.0
2024-05-21 16:55:00+00:00,2024-05-21 17:05:00+00:00,short,69668.03,69888.0,SL,-1.1898,117.7929,1.0
2024-05-21 19:25:00+00:00,2024-05-21 20:05:00+00:00,short,69377.29,69562.69,SL,-1.1779,116.615,1.0
2024-05-21 21:20:00+00:00,2024-05-21 21:50:00+00:00,short,69547.88,69688.52,SL,-1.1662,115.4488,1.0
2024-05-22 02:00:00+00:00,2024-05-22 02:40:00+00:00,long,70190.36,70030.0,SL,-1.1545,114.2944,1.0
2024-05-22 06:45:00+00:00,2024-05-22 08:30:00+00:00,short,69845.06,70070.16,SL,-1.1429,113.1514,1.0
2024-05-22 09:10:00+00:00,2024-05-22 09:30:00+00:00,short,69900.92,70064.01,SL,-1.1315,112.0199,1.0
2024-05-22 09:35:00+00:00,2024-05-22 10:25:00+00:00,short,69941.65,70108.98,SL,-1.1202,110.8997,1.0
2024-05-22 12:25:00+00:00,2024-05-22 12:30:00+00:00,long,70039.56,69891.27,SL,-1.109,109.7907,1.0
2024-05-22 13:25:00+00:00,2024-05-22 14:45:00+00:00,short,69721.9,69970.0,SL,-1.0979,108.6928,1.0
2024-05-22 20:30:00+00:00,2024-05-22 20:35:00+00:00,short,69400.0,69564.52,SL,-1.0869,107.6059,1.0
2024-05-22 22:30:00+00:00,2024-05-23 00:15:00+00:00,short,69235.0,69407.85,SL,-1.0761,106.5298,1.0
2024-05-23 01:10:00+00:00,2024-05-23 01:25:00+00:00,short,69365.99,69520.58,SL,-1.0653,105.4645,1.0
2024-05-23 01:55:00+00:00,2024-05-23 07:30:00+00:00,short,69483.16,69625.39,SL,-1.0546,104.4099,1.0
2024-05-23 09:15:00+00:00,2024-05-23 10:50:00+00:00,long,69749.93,69565.07,SL,-1.0441,103.3658,1.0
2024-05-23 11:15:00+00:00,2024-05-23 12:55:00+00:00,long,69773.91,69428.53,SL,-1.0337,102.3321,1.0
2024-05-23 17:50:00+00:00,2024-05-23 18:05:00+00:00,short,67721.98,67360.35,TP,2.0466,104.3788,1.0
2024-05-23 20:00:00+00:00,2024-05-23 20:05:00+00:00,short,66664.01,66921.13,SL,-1.0438,103.335,1.0
2024-05-23 21:25:00+00:00,2024-05-23 21:30:00+00:00,short,67433.99,67756.13,SL,-1.0333,102.3016,1.0
2024-05-23 22:10:00+00:00,2024-05-23 23:50:00+00:00,short,67781.46,67931.76,SL,-1.023,101.2786,1.0
2024-05-24 00:20:00+00:00,2024-05-24 00:35:00+00:00,short,67702.08,67958.0,SL,-1.0128,100.2658,1.0
2024-05-24 01:00:00+00:00,2024-05-24 02:55:00+00:00,short,67771.78,67978.37,SL,-1.0027,99.2632,1.0
2024-05-24 03:50:00+00:00,2024-05-24 05:15:00+00:00,short,67855.02,67574.74,TP,1.9853,101.2484,1.0
2024-05-24 06:30:00+00:00,2024-05-24 06:55:00+00:00,short,67249.74,66887.01,TP,2.025,103.2734,1.0
2024-05-24 08:20:00+00:00,2024-05-24 08:35:00+00:00,short,66826.36,66979.9,SL,-1.0327,102.2407,1.0
2024-05-24 10:55:00+00:00,2024-05-24 12:20:00+00:00,short,67353.43,67499.0,SL,-1.0224,101.2182,1.0
2024-05-24 12:35:00+00:00,2024-05-24 13:50:00+00:00,short,67399.98,66954.0,TP,2.0244,103.2426,1.0
2024-05-24 14:20:00+00:00,2024-05-24 14:30:00+00:00,long,67609.16,67937.63,TP,2.0649,105.3075,1.0
2024-05-24 17:00:00+00:00,2024-05-24 17:55:00+00:00,long,68565.61,68919.02,TP,2.1061,107.4136,1.0
2024-05-24 20:05:00+00:00,2024-05-24 20:15:00+00:00,long,69165.89,68962.39,SL,-1.0741,106.3395,1.0
2024-05-25 00:15:00+00:00,2024-05-25 08:15:00+00:00,long,68660.01,68938.72,TP,2.1268,108.4663,1.0
2024-05-25 09:10:00+00:00,2024-05-25 10:40:00+00:00,long,68933.18,69216.0,TP,2.1693,110.6356,1.0
2024-05-25 13:25:00+00:00,2024-05-25 13:35:00+00:00,long,69232.4,68987.11,SL,-1.1064,109.5292,1.0
2024-05-25 14:30:00+00:00,2024-05-25 16:00:00+00:00,long,69044.02,68903.46,SL,-1.0953,108.4339,1.0
2024-05-25 17:05:00+00:00,2024-05-25 18:15:00+00:00,long,68951.61,69233.27,TP,2.1687,110.6026,1.0
2024-05-25 21:25:00+00:00,2024-05-26 02:20:00+00:00,long,69162.16,68931.59,SL,-1.106,109.4966,1.0
2024-05-26 05:00:00+00:00,2024-05-26 05:55:00+00:00,short,68951.07,69139.6,SL,-1.095,108.4016,1.0
2024-05-26 07:10:00+00:00,2024-05-26 08:10:00+00:00,long,69140.01,69467.02,TP,2.168,110.5697,1.0
2024-05-26 10:10:00+00:00,2024-05-26 12:20:00+00:00,long,69130.0,68984.39,SL,-1.1057,109.464,1.0
2024-05-26 18:05:00+00:00,2024-05-26 19:05:00+00:00,short,68744.0,68888.81,SL,-1.0946,108.3693,1.0
2024-05-26 20:15:00+00:00,2024-05-26 21:30:00+00:00,short,68824.24,68425.57,TP,2.1674,110.5367,1.0
2024-05-26 23:10:00+00:00,2024-05-27 00:30:00+00:00,short,68500.0,68648.15,SL,-1.1054,109.4313,1.0
2024-05-27 06:55:00+00:00,2024-05-27 07:25:00+00:00,short,68393.23,68540.0,SL,-1.0943,108.337,1.0
2024-05-27 08:45:00+00:00,2024-05-27 13:05:00+00:00,short,68560.21,68738.27,SL,-1.0834,107.2537,1.0
2024-05-27 20:25:00+00:00,2024-05-27 23:15:00+00:00,long,69636.62,69432.72,SL,-1.0725,106.1811,1.0
2024-05-28 00:25:00+00:00,2024-05-28 01:30:00+00:00,short,69313.99,69506.98,SL,-1.0618,105.1193,1.0
2024-05-28 01:45:00+00:00,2024-05-28 03:05:00+00:00,short,68700.0,68409.38,TP,2.1024,107.2217,1.0
2024-05-28 04:20:00+00:00,2024-05-28 04:30:00+00:00,short,67824.0,67500.01,TP,2.1444,109.3661,1.0
2024-05-28 07:15:00+00:00,2024-05-28 08:25:00+00:00,short,67826.72,68014.77,SL,-1.0937,108.2725,1.0
2024-05-28 10:40:00+00:00,2024-05-28 11:10:00+00:00,short,68483.13,68636.03,SL,-1.0827,107.1897,1.0
2024-05-28 12:40:00+00:00,2024-05-28 13:35:00+00:00,short,68300.0,68021.28,TP,2.1438,109.3335,1.0
2024-05-28 16:25:00+00:00,2024-05-28 17:10:00+00:00,short,67871.68,68048.18,SL,-1.0933,108.2402,1.0
2024-05-28 18:00:00+00:00,2024-05-28 18:35:00+00:00,short,67864.02,67294.29,TP,2.1648,110.405,1.0
2024-05-28 21:30:00+00:00,2024-05-29 01:15:00+00:00,long,68492.01,68354.7,SL,-1.104,109.301,1.0
2024-05-29 01:40:00+00:00,2024-05-29 02:05:00+00:00,long,68671.97,68518.67,SL,-1.093,108.208,1.0
2024-05-29 03:35:00+00:00,2024-05-29 05:10:00+00:00,long,68798.71,68595.8,SL,-1.0821,107.1259,1.0
2024-05-29 11:15:00+00:00,2024-05-29 13:10:00+00:00,short,67891.51,68196.0,SL,-1.0713,106.0546,1.0
2024-05-29 13:25:00+00:00,2024-05-29 15:30:00+00:00,short,67830.01,67418.0,TP,2.1211,108.1757,1.0
2024-05-29 18:15:00+00:00,2024-05-29 19:25:00+00:00,short,67456.0,67710.01,SL,-1.0818,107.0939,1.0
2024-05-29 19:45:00+00:00,2024-05-29 21:30:00+00:00,short,67396.71,67559.1,SL,-1.0709,106.023,1.0
2024-05-29 22:45:00+00:00,2024-05-30 01:45:00+00:00,short,67656.44,67836.01,SL,-1.0602,104.9628,1.0
2024-05-30 03:55:00+00:00,2024-05-30 06:05:00+00:00,long,68118.2,67942.92,SL,-1.0496,103.9131,1.0
2024-05-30 07:35:00+00:00,2024-05-30 07:50:00+00:00,long,67929.72,67586.26,SL,-1.0391,102.874,1.0
2024-05-30 12:35:00+00:00,2024-05-30 13:45:00+00:00,long,68023.87,68600.99,TP,2.0575,104.9315,1.0
2024-05-30 15:55:00+00:00,2024-05-30 16:15:00+00:00,long,68530.76,68388.03,SL,-1.0493,103.8822,1.0
2024-05-30 16:45:00+00:00,2024-05-30 17:20:00+00:00,long,68600.0,69104.76,TP,2.0776,105.9598,1.0
2024-05-30 20:45:00+00:00,2024-05-30 21:10:00+00:00,long,68538.5,68357.3,SL,-1.0596,104.9002,1.0
2024-05-31 00:30:00+00:00,2024-05-31 01:00:00+00:00,short,68330.0,68589.54,SL,-1.049,103.8512,1.0
2024-05-31 01:45:00+00:00,2024-05-31 02:05:00+00:00,short,68376.4,68539.99,SL,-1.0385,102.8127,1.0
2024-05-31 02:10:00+00:00,2024-05-31 05:00:00+00:00,long,68618.31,68459.81,SL,-1.0281,101.7846,1.0
2024-05-31 05:55:00+00:00,2024-05-31 06:10:00+00:00,long,68442.72,68303.58,SL,-1.0178,100.7667,1.0
2024-05-31 06:30:00+00:00,2024-05-31 09:15:00+00:00,short,68326.8,67932.0,TP,2.0153,102.7821,1.0
2024-05-31 12:20:00+00:00,2024-05-31 12:30:00+00:00,long,68525.75,68877.0,TP,2.0556,104.8377,1.0
2024-05-31 16:05:00+00:00,2024-05-31 16:25:00+00:00,short,66850.12,67000.01,SL,-1.0484,103.7893,1.0
2024-05-31 18:30:00+00:00,2024-05-31 18:35:00+00:00,short,67179.99,67374.05,SL,-1.0379,102.7514,1.0
2024-05-31 20:20:00+00:00,2024-05-31 23:20:00+00:00,short,67635.01,67312.8,TP,2.055,104.8065,1.0
2024-06-01 01:20:00+00:00,2024-06-01 02:45:00+00:00,short,67560.0,67701.47,SL,-1.0481,103.7584,1.0
2024-06-01 03:15:00+00:00,2024-06-01 12:45:00+00:00,short,67630.81,67804.0,SL,-1.0376,102.7208,1.0
2024-06-01 14:30:00+00:00,2024-06-01 15:55:00+00:00,long,67865.04,67691.28,SL,-1.0272,101.6936,1.0
2024-06-01 19:40:00+00:00,2024-06-02 09:25:00+00:00,long,67782.64,67585.43,SL,-1.0169,100.6767,1.0
2024-06-02 13:50:00+00:00,2024-06-02 15:15:00+00:00,long,68190.97,68047.98,SL,-1.0068,99.6699,1.0
2024-06-02 17:00:00+00:00,2024-06-02 17:15:00+00:00,long,68091.95,67926.38,SL,-0.9967,98.6732,1.0
2024-06-02 19:20:00+00:00,2024-06-02 19:30:00+00:00,short,67525.0,67675.34,SL,-0.9867,97.6865,1.0
2024-06-02 21:55:00+00:00,2024-06-02 22:30:00+00:00,short,67816.14,67971.01,SL,-0.9769,96.7096,1.0
2024-06-02 22:55:00+00:00,2024-06-02 23:50:00+00:00,long,67927.99,67783.96,SL,-0.9671,95.7425,1.0
2024-06-03 04:40:00+00:00,2024-06-03 05:40:00+00:00,long,68423.61,68763.11,TP,1.9148,97.6574,1.0
2024-06-03 08:20:00+00:00,2024-06-03 09:15:00+00:00,long,69114.22,68975.91,SL,-0.9766,96.6808,1.0
2024-06-03 10:25:00+00:00,2024-06-03 10:45:00+00:00,long,69175.32,69010.0,SL,-0.9668,95.714,1.0
2024-06-03 11:20:00+00:00,2024-06-03 11:35:00+00:00,long,69185.04,69030.0,SL,-0.9571,94.7569,1.0
2024-06-03 15:35:00+00:00,2024-06-03 15:55:00+00:00,long,69277.24,69615.28,TP,1.8951,96.652,1.0
2024-06-03 17:25:00+00:00,2024-06-03 18:45:00+00:00,long,69162.32,69443.35,TP,1.933,98.585,1.0
2024-06-03 20:00:00+00:00,2024-06-03 20:55:00+00:00,long,69277.26,69101.28,SL,-0.9859,97.5992,1.0
2024-06-03 22:30:00+00:00,2024-06-03 23:05:00+00:00,long,69133.21,68994.61,SL,-0.976,96.6232,1.0
2024-06-03 23:15:00+00:00,2024-06-04 01:30:00+00:00,short,68952.0,69138.28,SL,-0.9662,95.657,1.0
2024-06-04 03:10:00+00:00,2024-06-04 03:35:00+00:00,long,69332.21,69189.54,SL,-0.9566,94.7004,1.0
2024-06-04 04:30:00+00:00,2024-06-04 04:50:00+00:00,long,69265.0,69118.2,SL,-0.947,93.7534,1.0
2024-06-04 08:50:00+00:00,2024-06-04 09:15:00+00:00,short,68920.0,68642.71,TP,1.8751,95.6285,1.0
2024-06-04 12:05:00+00:00,2024-06-04 12:15:00+00:00,short,68873.66,69020.0,SL,-0.9563,94.6722,1.0
2024-06-04 12:50:00+00:00,2024-06-04 13:00:00+00:00,short,68925.81,69071.78,SL,-0.9467,93.7254,1.0
2024-06-04 13:10:00+00:00,2024-06-04 13:40:00+00:00,long,69230.79,69548.0,TP,1.8745,95.6,1.0
2024-06-04 15:15:00+00:00,2024-06-04 15:50:00+00:00,long,70059.07,70477.01,TP,1.912,97.512,1.0
2024-06-04 18:15:00+00:00,2024-06-04 18:55:00+00:00,long,70855.74,70693.67,SL,-0.9751,96.5368,1.0
2024-06-04 20:40:00+00:00,2024-06-04 22:00:00+00:00,long,70346.46,70640.93,TP,1.9307,98.4676,1.0
2024-06-05 00:20:00+00:00,2024-06-05 01:25:00+00:00,long,70629.99,71002.12,TP,1.9694,100.4369,1.0
2024-06-05 04:10:00+00:00,2024-06-05 07:40:00+00:00,long,70948.99,71346.91,TP,2.0087,102.4457,1.0
2024-06-05 10:50:00+00:00,2024-06-05 13:20:00+00:00,long,70856.09,71140.01,TP,2.0489,104.4946,1.0
2024-06-05 13:35:00+00:00,2024-06-05 14:05:00+00:00,short,70770.02,70465.66,TP,2.0899,106.5845,1.0
2024-06-05 14:35:00+00:00,2024-06-05 15:15:00+00:00,long,70908.0,71259.95,TP,2.1317,108.7162,1.0
2024-06-05 19:35:00+00:00,2024-06-05 23:25:00+00:00,long,71097.18,70850.0,SL,-1.0872,107.629,1.0
2024-06-06 00:00:00+00:00,2024-06-06 00:50:00+00:00,long,71135.73,70991.99,SL,-1.0763,106.5527,1.0
2024-06-06 01:25:00+00:00,2024-06-06 04:10:00+00:00,long,71099.99,70948.01,SL,-1.0655,105.4872,1.0
2024-06-06 05:10:00+00:00,2024-06-06 07:50:00+00:00,short,70874.22,71016.81,SL,-1.0549,104.4323,1.0
2024-06-06 08:20:00+00:00,2024-06-06 09:05:00+00:00,short,70913.83,71104.18,SL,-1.0443,103.388,1.0
2024-06-06 09:40:00+00:00,2024-06-06 11:35:00+00:00,short,70949.98,71100.0,SL,-1.0339,102.3541,1.0
2024-06-06 13:35:00+00:00,2024-06-06 13:55:00+00:00,long,71328.37,71123.09,SL,-1.0235,101.3306,1.0
2024-06-06 14:35:00+00:00,2024-06-06 15:25:00+00:00,long,71292.86,71596.76,TP,2.0266,103.3572,1.0
2024-06-06 17:15:00+00:00,2024-06-06 18:05:00+00:00,long,71129.24,70895.98,SL,-1.0336,102.3236,1.0
2024-06-06 18:10:00+00:00,2024-06-06 18:35:00+00:00,short,70909.99,71055.99,SL,-1.0232,101.3004,1.0
2024-06-06 19:10:00+00:00,2024-06-06 19:50:00+00:00,short,70900.01,70544.17,TP,2.026,103.3264,1.0
2024-06-06 23:25:00+00:00,2024-06-07 03:25:00+00:00,short,70803.39,70990.38,SL,-1.0333,102.2931,1.0
2024-06-07 05:15:00+00:00,2024-06-07 07:35:00+00:00,long,71276.85,71133.82,SL,-1.0229,101.2702,1.0
2024-06-07 08:30:00+00:00,2024-06-07 11:30:00+00:00,long,71130.0,71542.1,TP,2.0254,103.2956,1.0
2024-06-07 12:30:00+00:00,2024-06-07 12:55:00+00:00,short,70937.98,71234.09,SL,-1.033,102.2626,1.0
2024-06-07 13:25:00+00:00,2024-06-07 13:30:00+00:00,long,71377.96,71209.75,SL,-1.0226,101.24,1.0
2024-06-07 14:40:00+00:00,2024-06-07 15:15:00+00:00,long,71413.45,71222.88,SL,-1.0124,100.2276,1.0
2024-06-07 16:45:00+00:00,2024-06-07 17:15:00+00:00,short,70921.76,70578.27,TP,2.0046,102.2321,1.0
2024-06-07 23:25:00+00:00,2024-06-08 00:40:00+00:00,short,69335.02,69476.73,SL,-1.0223,101.2098,1.0
2024-06-08 01:10:00+00:00,2024-06-08 03:10:00+00:00,short,69339.99,69483.15,SL,-1.0121,100.1977,1.0
2024-06-08 03:55:00+00:00,2024-06-08 07:55:00+00:00,short,69432.0,69582.2,SL,-1.002,99.1958,1.0
2024-06-08 08:10:00+00:00,2024-06-09 02:35:00+00:00,short,69469.25,69169.99,TP,1.9839,101.1797,1.0
2024-06-09 05:05:00+00:00,2024-06-09 06:50:00+00:00,short,69234.74,69389.99,SL,-1.0118,100.1679,1.0
2024-06-09 08:50:00+00:00,2024-06-09 12:45:00+00:00,long,69355.9,69663.64,TP,2.0034,102.1712,1.0
2024-06-09 14:55:00+00:00,2024-06-09 18:10:00+00:00,long,69490.12,69770.69,TP,2.0434,104.2147,1.0
2024-06-09 19:05:00+00:00,2024-06-09 20:00:00+00:00,long,69804.0,69652.0,SL,-1.0421,103.1725,1.0
2024-06-09 21:00:00+00:00,2024-06-10 00:05:00+00:00,long,69734.69,69570.0,SL,-1.0317,102.1408,1.0
2024-06-10 01:00:00+00:00,2024-06-10 06:45:00+00:00,long,69582.81,69439.95,SL,-1.0214,101.1194,1.0
2024-06-10 07:35:00+00:00,2024-06-10 11:40:00+00:00,short,69379.16,69530.46,SL,-1.0112,100.1082,1.0
2024-06-10 12:10:00+00:00,2024-06-10 12:25:00+00:00,short,69372.01,69520.0,SL,-1.0011,99.1071,1.0
2024-06-10 12:40:00+00:00,2024-06-10 14:35:00+00:00,short,69402.07,69587.51,SL,-0.9911,98.116,1.0
2024-06-10 17:55:00+00:00,2024-06-10 18:25:00+00:00,long,70043.0,69872.0,SL,-0.9812,97.1349,1.0
2024-06-10 20:30:00+00:00,2024-06-10 22:00:00+00:00,long,69653.64,69500.0,SL,-0.9713,96.1635,1.0
2024-06-11 00:35:00+00:00,2024-06-11 01:50:00+00:00,short,69439.99,68965.07,TP,1.9233,98.0868,1.0
2024-06-11 04:20:00+00:00,2024-06-11 06:20:00+00:00,short,67977.29,67600.34,TP,1.9617,100.0485,1.0
2024-06-11 06:30:00+00:00,2024-06-11 07:05:00+00:00,short,67638.79,67787.78,SL,-1.0005,99.048,1.0
2024-06-11 07:50:00+00:00,2024-06-11 09:35:00+00:00,short,67555.47,67273.59,TP,1.981,101.029,1.0
2024-06-11 10:55:00+00:00,2024-06-11 11:10:00+00:00,short,66961.99,67109.0,SL,-1.0103,100.0187,1.0
2024-06-11 11:30:00+00:00,2024-06-11 12:05:00+00:00,short,66885.0,67073.77,SL,-1.0002,99.0185,1.0
2024-06-11 12:35:00+00:00,2024-06-11 12:40:00+00:00,short,66830.01,67070.48,SL,-0.9902,98.0283,1.0
2024-06-11 13:45:00+00:00,2024-06-11 14:10:00+00:00,short,66832.03,67027.42,SL,-0.9803,97.0481,1.0
2024-06-11 15:00:00+00:00,2024-06-11 15:10:00+00:00,short,66803.0,67052.02,SL,-0.9705,96.0776,1.0
2024-06-11 15:25:00+00:00,2024-06-11 15:40:00+00:00,short,66862.69,66125.68,TP,1.9216,97.9991,1.0
2024-06-11 17:20:00+00:00,2024-06-11 17:30:00+00:00,short,66261.45,66424.26,SL,-0.98,97.0191,1.0
2024-06-11 19:30:00+00:00,2024-06-11 19:45:00+00:00,short,67213.76,67425.5,SL,-0.9702,96.0489,1.0
2024-06-11 22:00:00+00:00,2024-06-11 22:30:00+00:00,long,67485.15,67347.99,SL,-0.9605,95.0885,1.0
2024-06-11 23:05:00+00:00,2024-06-11 23:15:00+00:00,long,67552.0,67416.0,SL,-0.9509,94.1376,1.0
2024-06-12 04:10:00+00:00,2024-06-12 05:25:00+00:00,long,67517.7,67370.08,SL,-0.9414,93.1962,1.0
2024-06-12 06:35:00+00:00,2024-06-12 09:50:00+00:00,long,67369.99,67694.83,TP,1.8639,95.0601,1.0
2024-06-12 12:25:00+00:00,2024-06-12 12:30:00+00:00,long,68010.0,69299.9,TP,1.9012,96.9613,1.0
2024-06-12 14:25:00+00:00,2024-06-12 15:40:00+00:00,long,69867.87,69550.01,SL,-0.9696,95.9917,1.0
2024-06-12 17:25:00+00:00,2024-06-12 18:00:00+00:00,long,69657.13,69259.98,SL,-0.9599,95.0318,1.0
2024-06-12 22:25:00+00:00,2024-06-13 00:15:00+00:00,short,68306.53,68005.86,TP,1.9006,96.9324,1.0
2024-06-13 01:20:00+00:00,2024-06-13 02:40:00+00:00,short,68143.99,67865.98,TP,1.9386,98.8711,1.0
2024-06-13 05:00:00+00:00,2024-06-13 05:10:00+00:00,short,67414.85,67570.39,SL,-0.9887,97.8824,1.0
2024-06-13 06:10:00+00:00,2024-06-13 07:20:00+00:00,short,67459.99,67679.74,SL,-0.9788,96.9035,1.0
2024-06-13 08:25:00+00:00,2024-06-13 09:35:00+00:00,short,67590.48,67270.59,TP,1.9381,98.8416,1.0
2024-06-13 11:50:00+00:00,2024-06-13 12:30:00+00:00,short,67725.0,68108.97,SL,-0.9884,97.8532,1.0
2024-06-13 12:35:00+00:00,2024-06-13 13:20:00+00:00,short,67774.07,67925.36,SL,-0.9785,96.8747,1.0
2024-06-13 13:50:00+00:00,2024-06-13 14:20:00+00:00,short,67697.45,67340.0,TP,1.9375,98.8122,1.0
2024-06-13 19:05:00+00:00,2024-06-13 21:45:00+00:00,short,66759.9,66901.79,SL,-0.9881,97.824,1.0
2024-06-13 22:50:00+00:00,2024-06-14 01:05:00+00:00,short,66901.14,66585.05,TP,1.9565,99.7805,1.0
2024-06-14 03:10:00+00:00,2024-06-14 05:30:00+00:00,short,66762.74,66920.01,SL,-0.9978,98.7827,1.0
2024-06-14 06:25:00+00:00,2024-06-14 07:50:00+00:00,short,66911.01,67064.16,SL,-0.9878,97.7949,1.0
2024-06-14 07:55:00+00:00,2024-06-14 08:05:00+00:00,short,66904.98,67059.26,SL,-0.9779,96.8169,1.0
2024-06-14 08:10:00+00:00,2024-06-14 09:15:00+00:00,long,67188.9,67004.31,SL,-0.9682,95.8488,1.0
2024-06-14 13:20:00+00:00,2024-06-14 13:55:00+00:00,long,67250.46,67070.5,SL,-0.9585,94.8903,1.0
2024-06-14 15:05:00+00:00,2024-06-14 15:30:00+00:00,short,66812.01,66962.19,SL,-0.9489,93.9414,1.0
2024-06-14 15:40:00+00:00,2024-06-14 16:00:00+00:00,short,66645.59,66365.52,TP,1.8788,95.8202,1.0
2024-06-14 22:05:00+00:00,2024-06-15 00:15:00+00:00,short,65984.02,66116.4,SL,-0.9582,94.862,1.0
2024-06-15 01:15:00+00:00,2024-06-15 03:00:00+00:00,short,66115.26,66268.06,SL,-0.9486,93.9134,1.0
2024-06-15 04:05:00+00:00,2024-06-15 07:05:00+00:00,long,66286.46,66125.14,SL,-0.9391,92.9742,1.0
2024-06-15 09:30:00+00:00,2024-06-15 10:30:00+00:00,short,66108.01,66269.27,SL,-0.9297,92.0445,1.0
2024-06-15 13:20:00+00:00,2024-06-15 14:30:00+00:00,long,66319.58,66186.04,SL,-0.9204,91.1241,1.0
2024-06-15 15:05:00+00:00,2024-06-15 16:45:00+00:00,long,66334.52,66191.97,SL,-0.9112,90.2128,1.0
2024-06-15 17:25:00+00:00,2024-06-15 18:45:00+00:00,long,66276.01,66140.04,SL,-0.9021,89.3107,1.0
2024-06-15 20:10:00+00:00,2024-06-15 23:05:00+00:00,short,66100.0,66239.99,SL,-0.8931,88.4176,1.0
2024-06-16 02:45:00+00:00,2024-06-16 05:55:00+00:00,short,66116.84,66264.0,SL,-0.8842,87.5334,1.0
2024-06-16 06:50:00+00:00,2024-06-16 09:10:00+00:00,long,66358.21,66202.7,SL,-0.8753,86.6581,1.0
2024-06-16 09:25:00+00:00,2024-06-16 10:50:00+00:00,long,66384.51,66710.0,TP,1.7332,88.3912,1.0
2024-06-16 13:05:00+00:00,2024-06-16 14:55:00+00:00,long,66659.99,66519.02,SL,-0.8839,87.5073,1.0
2024-06-16 15:40:00+00:00,2024-06-16 17:45:00+00:00,long,66680.0,66544.26,SL,-0.8751,86.6322,1.0
2024-06-16 18:05:00+00:00,2024-06-16 21:40:00+00:00,long,66609.72,66463.75,SL,-0.8663,85.7659,1.0
2024-06-16 21:55:00+00:00,2024-06-16 22:05:00+00:00,long,66525.0,66950.02,TP,1.7153,87.4812,1.0
2024-06-17 00:30:00+00:00,2024-06-17 00:50:00+00:00,long,66819.98,66640.92,SL,-0.8748,86.6064,1.0
2024-06-17 03:50:00+00:00,2024-06-17 04:25:00+00:00,short,66216.0,66358.01,SL,-0.8661,85.7404,1.0
2024-06-17 05:50:00+00:00,2024-06-17 07:10:00+00:00,short,66304.59,65988.24,TP,1.7148,87.4552,1.0
2024-06-17 08:30:00+00:00,2024-06-17 08:40:00+00:00,short,66028.34,66188.01,SL,-0.8746,86.5806,1.0
2024-06-17 09:20:00+00:00,2024-06-17 09:55:00+00:00,short,66145.09,65722.08,TP,1.7316,88.3122,1.0
2024-06-17 12:00:00+00:00,2024-06-17 13:30:00+00:00,short,65780.03,65444.01,TP,1.7662,90.0785,1.0
2024-06-17 13:35:00+00:00,2024-06-17 13:55:00+00:00,short,65466.03,65200.01,TP,1.8016,91.88,1.0
2024-06-17 15:20:00+00:00,2024-06-17 15:40:00+00:00,short,65357.92,65580.29,SL,-0.9188,90.9612,1.0
2024-06-17 15:50:00+00:00,2024-06-17 16:00:00+00:00,short,65312.0,65514.56,SL,-0.9096,90.0516,1.0
2024-06-17 16:15:00+00:00,2024-06-17 16:20:00+00:00,short,65225.26,65724.0,SL,-0.9005,89.1511,1.0
2024-06-17 21:15:00+00:00,2024-06-18 00:05:00+00:00,long,66553.4,66418.11,SL,-0.8915,88.2596,1.0
2024-06-18 05:40:00+00:00,2024-06-18 06:50:00+00:00,short,65722.0,65422.02,TP,1.7652,90.0248,1.0
2024-06-18 08:25:00+00:00,2024-06-18 08:50:00+00:00,short,65606.88,65750.0,SL,-0.9002,89.1246,1.0
2024-06-18 09:15:00+00:00,2024-06-18 11:10:00+00:00,short,65576.0,65311.29,TP,1.7825,90.907,1.0
2024-06-18 12:20:00+00:00,2024-06-18 13:30:00+00:00,short,65110.84,64776.99,TP,1.8181,92.7252,1.0
2024-06-18 15:00:00+00:00,2024-06-18 15:40:00+00:00,short,64620.03,64812.0,SL,-0.9273,91.7979,1.0
2024-06-18 16:10:00+00:00,2024-06-18 16:25:00+00:00,short,64466.02,64635.52,SL,-0.918,90.88,1.0
2024-06-18 16:45:00+00:00,2024-06-18 16:50:00+00:00,short,64376.0,64516.19,SL,-0.9088,89.9712,1.0
2024-06-18 18:00:00+00:00,2024-06-18 18:05:00+00:00,short,64419.6,64640.0,SL,-0.8997,89.0714,1.0
2024-06-18 18:55:00+00:00,2024-06-18 19:40:00+00:00,short,64678.01,64390.18,TP,1.7814,90.8529,1.0
2024-06-19 00:50:00+00:00,2024-06-19 01:15:00+00:00,long,65164.01,65483.63,TP,1.8171,92.6699,1.0
2024-06-19 01:35:00+00:00,2024-06-19 02:05:00+00:00,short,65074.34,65232.0,SL,-0.9267,91.7432,1.0
2024-06-19 02:10:00+00:00,2024-06-19 02:25:00+00:00,long,65186.01,65462.01,TP,1.8349,93.5781,1.0
2024-06-19 04:10:00+00:00,2024-06-19 04:45:00+00:00,long,65616.01,65459.19,SL,-0.9358,92.6423,1.0
2024-06-19 06:30:00+00:00,2024-06-19 07:25:00+00:00,long,65530.62,65238.0,SL,-0.9264,91.7159,1.0
2024-06-19 11:35:00+00:00,2024-06-19 11:40:00+00:00,short,65045.88,65195.18,SL,-0.9172,90.7987,1.0
2024-06-19 13:50:00+00:00,2024-06-19 20:10:00+00:00,short,65076.0,64805.1,TP,1.816,92.6147,1.0
2024-06-19 20:40:00+00:00,2024-06-19 21:05:00+00:00,short,64782.68,64947.86,SL,-0.9261,91.6886,1.0
2024-06-19 22:10:00+00:00,2024-06-20 00:55:00+00:00,short,64951.45,65098.01,SL,-0.9169,90.7717,1.0
2024-06-20 03:55:00+00:00,2024-06-20 05:45:00+00:00,long,65189.99,65455.02,TP,1.8154,92.5871,1.0
2024-06-20 07:15:00+00:00,2024-06-20 08:10:00+00:00,long,65930.27,65784.0,SL,-0.9259,91.6612,1.0
2024-06-20 10:30:00+00:00,2024-06-20 10:55:00+00:00,long,65751.61,66209.49,TP,1.8332,93.4945,1.0
2024-06-20 16:15:00+00:00,2024-06-20 16:35:00+00:00,short,64610.13,64747.82,SL,-0.9349,92.5595,1.0
2024-06-20 19:05:00+00:00,2024-06-20 20:05:00+00:00,short,65030.01,65160.75,SL,-0.9256,91.6339,1.0
2024-06-20 20:25:00+00:00,2024-06-20 21:25:00+00:00,short,65038.0,65182.66,SL,-0.9163,90.7176,1.0
2024-06-20 21:35:00+00:00,2024-06-21 00:10:00+00:00,short,65054.58,64723.82,TP,1.8144,92.5319,1.0
2024-06-21 01:10:00+00:00,2024-06-21 01:20:00+00:00,short,64671.74,64839.62,SL,-0.9253,91.6066,1.0
2024-06-21 02:30:00+00:00,2024-06-21 03:55:00+00:00,short,64814.0,64506.14,TP,1.8321,93.4387,1.0
2024-06-21 06:55:00+00:00,2024-06-21 07:50:00+00:00,short,64627.64,64326.01,TP,1.8688,95.3075,1.0
2024-06-21 11:35:00+00:00,2024-06-21 12:15:00+00:00,short,63821.06,63553.99,TP,1.9062,97.2137,1.0
2024-06-21 13:50:00+00:00,2024-06-21 13:55:00+00:00,short,63433.92,63615.21,SL,-0.9721,96.2415,1.0
2024-06-21 15:20:00+00:00,2024-06-21 15:35:00+00:00,short,63978.02,63578.02,TP,1.9248,98.1664,1.0
2024-06-21 17:20:00+00:00,2024-06-21 17:40:00+00:00,short,63479.12,63722.0,SL,-0.9817,97.1847,1.0
2024-06-21 22:05:00+00:00,2024-06-22 00:35:00+00:00,long,64140.0,63986.73,SL,-0.9718,96.2129,1.0
2024-06-22 01:05:00+00:00,2024-06-22 05:45:00+00:00,long,64162.01,64424.0,TP,1.9243,98.1371,1.0
2024-06-22 07:40:00+00:00,2024-06-22 08:15:00+00:00,long,64487.38,64357.03,SL,-0.9814,97.1557,1.0
2024-06-22 09:40:00+00:00,2024-06-23 14:50:00+00:00,long,64307.33,64154.97,SL,-0.9716,96.1842,1.0
2024-06-23 16:50:00+00:00,2024-06-23 17:15:00+00:00,short,64003.99,64168.41,SL,-0.9618,95.2223,1.0
2024-06-23 19:35:00+00:00,2024-06-23 20:30:00+00:00,short,64094.46,63710.0,TP,1.9044,97.1268,1.0
2024-06-23 23:00:00+00:00,2024-06-23 23:35:00+00:00,short,63643.81,63314.02,TP,1.9425,99.0693,1.0
2024-06-24 02:45:00+00:00,2024-06-24 04:05:00+00:00,short,63034.81,62753.82,TP,1.9814,101.0507,1.0
2024-06-24 05:15:00+00:00,2024-06-24 05:40:00+00:00,short,62634.0,62283.25,TP,2.021,103.0717,1.0
2024-06-24 09:05:00+00:00,2024-06-24 09:25:00+00:00,short,62546.0,62149.5,TP,2.0614,105.1332,1.0
2024-06-24 13:10:00+00:00,2024-06-24 13:20:00+00:00,short,61045.15,61190.0,SL,-1.0513,104.0818,1.0
2024-06-24 14:30:00+00:00,2024-06-24 15:45:00+00:00,short,61287.99,60973.49,TP,2.0816,106.1635,1.0
2024-06-24 19:20:00+00:00,2024-06-24 19:45:00+00:00,short,59955.56,59680.41,TP,2.1233,108.2867,1.0
2024-06-24 22:55:00+00:00,2024-06-24 23:10:00+00:00,short,60048.98,60214.8,SL,-1.0829,107.2039,1.0
2024-06-25 00:00:00+00:00,2024-06-25 00:15:00+00:00,short,60318.01,60452.01,SL,-1.072,106.1318,1.0
2024-06-25 00:55:00+00:00,2024-06-25 02:00:00+00:00,short,60409.11,60572.01,SL,-1.0613,105.0705,1.0
2024-06-25 02:25:00+00:00,2024-06-25 02:30:00+00:00,short,60470.41,60608.0,SL,-1.0507,104.0198,1.0
2024-06-25 06:40:00+00:00,2024-06-25 07:10:00+00:00,long,61115.14,60978.0,SL,-1.0402,102.9796,1.0
2024-06-25 11:20:00+00:00,2024-06-25 11:25:00+00:00,long,61433.56,61222.0,SL,-1.0298,101.9498,1.0
2024-06-25 13:15:00+00:00,2024-06-25 13:35:00+00:00,long,61170.02,61043.07,SL,-1.0195,100.9303,1.0
2024-06-25 13:40:00+00:00,2024-06-25 14:15:00+00:00,long,61199.99,61531.52,TP,2.0186,102.9489,1.0
2024-06-25 15:35:00+00:00,2024-06-25 16:20:00+00:00,long,61850.0,61524.05,SL,-1.0295,101.9194,1.0
2024-06-25 17:20:00+00:00,2024-06-25 17:55:00+00:00,long,61655.65,61381.44,SL,-1.0192,100.9002,1.0
2024-06-25 18:20:00+00:00,2024-06-25 18:25:00+00:00,long,61736.01,61991.9,TP,2.018,102.9182,1.0
2024-06-25 22:00:00+00:00,2024-06-25 22:50:00+00:00,long,62043.66,61902.97,SL,-1.0292,101.8891,1.0
2024-06-26 00:05:00+00:00,2024-06-26 01:50:00+00:00,long,61772.31,62069.99,TP,2.0378,103.9268,1.0
2024-06-26 08:10:00+00:00,2024-06-26 10:05:00+00:00,short,61550.36,61292.0,TP,2.0785,106.0054,1.0
2024-06-26 12:35:00+00:00,2024-06-26 12:50:00+00:00,short,61343.18,61495.42,SL,-1.0601,104.9453,1.0
2024-06-26 13:05:00+00:00,2024-06-26 13:25:00+00:00,short,61394.92,61523.98,SL,-1.0495,103.8959,1.0
2024-06-26 16:45:00+00:00,2024-06-26 17:05:00+00:00,short,61233.3,60888.01,TP,2.0779,105.9738,1.0
2024-06-26 17:40:00+00:00,2024-06-26 17:55:00+00:00,short,61014.01,61242.0,SL,-1.0597,104.914,1.0
2024-06-26 18:55:00+00:00,2024-06-26 19:50:00+00:00,short,60910.02,61056.99,SL,-1.0491,103.8649,1.0
2024-06-26 20:25:00+00:00,2024-06-26 20:55:00+00:00,short,60800.01,60993.36,SL,-1.0386,102.8263,1.0
2024-06-26 22:15:00+00:00,2024-06-27 03:20:00+00:00,short,61000.12,61212.12,SL,-1.0283,101.798,1.0
2024-06-27 03:45:00+00:00,2024-06-27 04:15:00+00:00,short,61022.01,61147.66,SL,-1.018,100.78,1.0
2024-06-27 04:55:00+00:00,2024-06-27 05:50:00+00:00,short,61114.02,60853.53,TP,2.0156,102.7956,1.0
2024-06-27 12:05:00+00:00,2024-06-27 12:30:00+00:00,long,61412.4,61232.01,SL,-1.028,101.7677,1.0
2024-06-27 13:00:00+00:00,2024-06-27 13:55:00+00:00,long,61558.0,61990.0,TP,2.0354,103.803,1.0
2024-06-27 16:35:00+00:00,2024-06-27 19:05:00+00:00,long,61750.0,61617.11,SL,-1.038,102.765,1.0
2024-06-27 20:20:00+00:00,2024-06-28 01:15:00+00:00,long,61500.01,61803.73,TP,2.0553,104.8203,1.0
2024-06-28 03:30:00+00:00,2024-06-28 04:00:00+00:00,long,61891.85,61740.77,SL,-1.0482,103.7721,1.0
2024-06-28 04:55:00+00:00,2024-06-28 05:15:00+00:00,long,61750.44,61584.47,SL,-1.0377,102.7344,1.0
2024-06-28 06:00:00+00:00,2024-06-28 06:10:00+00:00,short,61525.28,61666.67,SL,-1.0273,101.707,1.0
2024-06-28 07:20:00+00:00,2024-06-28 07:45:00+00:00,short,61504.01,61240.01,TP,2.0341,103.7412,1.0
2024-06-28 11:00:00+00:00,2024-06-28 11:15:00+00:00,short,61523.38,61700.83,SL,-1.0374,102.7037,1.0
2024-06-28 13:35:00+00:00,2024-06-28 13:55:00+00:00,long,61622.85,61297.99,SL,-1.027,101.6767,1.0
2024-06-28 14:00:00+00:00,2024-06-28 14:25:00+00:00,short,61360.0,61082.0,TP,2.0335,103.7102,1.0
2024-06-28 17:50:00+00:00,2024-06-28 19:15:00+00:00,short,60796.01,60393.05,TP,2.0742,105.7844,1.0
2024-06-29 05:35:00+00:00,2024-06-29 07:05:00+00:00,short,60750.01,60884.01,SL,-1.0578,104.7266,1.0
2024-06-29 09:55:00+00:00,2024-06-30 02:45:00+00:00,long,60970.0,60780.0,SL,-1.0473,103.6793,1.0
2024-06-30 04:25:00+00:00,2024-06-30 06:35:00+00:00,short,60798.78,60930.28,SL,-1.0368,102.6425,1.0
2024-06-30 11:15:00+00:00,2024-06-30 12:35:00+00:00,long,61628.0,61356.01,SL,-1.0264,101.6161,1.0
2024-06-30 13:15:00+00:00,2024-06-30 18:40:00+00:00,long,61570.11,61826.0,TP,2.0323,103.6484,1.0
2024-06-30 20:20:00+00:00,2024-06-30 20:45:00+00:00,long,62244.7,62034.31,SL,-1.0365,102.612,1.0
2024-06-30 22:05:00+00:00,2024-06-30 22:20:00+00:00,long,62023.58,62347.33,TP,2.0522,104.6642,1.0
2024-07-01 01:00:00+00:00,2024-07-01 01:05:00+00:00,long,62991.53,63306.34,TP,2.0933,106.7575,1.0
2024-07-01 05:15:00+00:00,2024-07-01 08:20:00+00:00,long,63359.02,63114.36,SL,-1.0676,105.6899,1.0
2024-07-01 09:35:00+00:00,2024-07-01 11:05:00+00:00,long,62896.01,62762.94,SL,-1.0569,104.633,1.0
2024-07-01 11:20:00+00:00,2024-07-01 12:40:00+00:00,short,62726.01,62856.12,SL,-1.0463,103.5867,1.0
2024-07-01 13:40:00+00:00,2024-07-01 14:25:00+00:00,short,62705.99,62832.01,SL,-1.0359,102.5508,1.0
2024-07-01 17:30:00+00:00,2024-07-01 17:55:00+00:00,long,63418.0,63697.66,TP,2.051,104.6018,1.0
2024-07-01 20:25:00+00:00,2024-07-01 21:15:00+00:00,long,63348.01,63210.02,SL,-1.046,103.5558,1.0
2024-07-02 01:40:00+00:00,2024-07-02 02:05:00+00:00,short,62854.0,62991.04,SL,-1.0356,102.5202,1.0
2024-07-02 10:00:00+00:00,2024-07-02 10:45:00+00:00,short,62613.3,62750.0,SL,-1.0252,101.495,1.0
2024-07-02 12:25:00+00:00,2024-07-02 12:40:00+00:00,short,62754.44,62908.57,SL,-1.015,100.4801,1.0
2024-07-02 13:30:00+00:00,2024-07-02 13:35:00+00:00,short,62796.99,62967.94,SL,-1.0048,99.4753,1.0
2024-07-02 19:05:00+00:00,2024-07-02 19:45:00+00:00,short,62227.55,61933.34,TP,1.9895,101.4648,1.0
2024-07-02 21:10:00+00:00,2024-07-02 21:45:00+00:00,short,61929.79,62079.03,SL,-1.0146,100.4501,1.0
2024-07-03 00:50:00+00:00,2024-07-03 01:50:00+00:00,short,62157.41,61906.23,TP,2.009,102.4592,1.0
2024-07-03 06:50:00+00:00,2024-07-03 08:50:00+00:00,short,60997.0,60660.0,TP,2.0492,104.5083,1.0
2024-07-03 10:10:00+00:00,2024-07-03 10:30:00+00:00,short,60269.99,59911.1,TP,2.0902,106.5985,1.0
2024-07-03 12:30:00+00:00,2024-07-03 13:00:00+00:00,short,60103.93,59844.0,TP,2.132,108.7305,1.0
2024-07-03 14:30:00+00:00,2024-07-03 15:00:00+00:00,short,60406.01,60063.49,TP,2.1746,110.9051,1.0
2024-07-03 15:45:00+00:00,2024-07-03 16:15:00+00:00,short,60210.77,60365.98,SL,-1.1091,109.796,1.0
2024-07-03 17:20:00+00:00,2024-07-03 19:00:00+00:00,short,60437.99,60081.95,TP,2.1959,111.992,1.0
2024-07-03 21:00:00+00:00,2024-07-03 21:05:00+00:00,short,59508.91,59785.37,SL,-1.1199,110.872,1.0
2024-07-03 23:10:00+00:00,2024-07-04 01:00:00+00:00,short,60338.0,60465.77,SL,-1.1087,109.7633,1.0
2024-07-04 01:05:00+00:00,2024-07-04 01:30:00+00:00,short,60270.0,59822.39,TP,2.1953,111.9586,1.0
2024-07-04 06:15:00+00:00,2024-07-04 06:40:00+00:00,short,58785.99,58926.0,SL,-1.1196,110.839,1.0
2024-07-04 07:15:00+00:00,2024-07-04 07:50:00+00:00,short,58571.47,58172.0,TP,2.2168,113.0558,1.0
2024-07-04 12:00:00+00:00,2024-07-04 12:45:00+00:00,short,57673.98,57353.24,TP,2.2611,115.3169,1.0
2024-07-04 16:30:00+00:00,2024-07-04 16:35:00+00:00,short,57820.0,58047.48,SL,-1.1532,114.1637,1.0
2024-07-04 17:10:00+00:00,2024-07-04 17:25:00+00:00,short,58149.98,58324.0,SL,-1.1416,113.0221,1.0
2024-07-04 19:10:00+00:00,2024-07-04 19:30:00+00:00,long,58303.99,58566.67,TP,2.2604,115.2825,1.0
2024-07-04 21:00:00+00:00,2024-07-04 21:20:00+00:00,long,58333.89,58647.15,TP,2.3056,117.5882,1.0
2024-07-04 21:55:00+00:00,2024-07-04 22:25:00+00:00,long,58494.01,58365.99,SL,-1.1759,116.4123,1.0
2024-07-05 02:30:00+00:00,2024-07-05 02:50:00+00:00,short,56761.09,56334.02,TP,2.3282,118.7405,1.0
2024-07-05 04:15:00+00:00,2024-07-05 04:20:00+00:00,short,53778.14,54026.3,SL,-1.1874,117.5531,1.0
2024-07-05 04:55:00+00:00,2024-07-05 05:05:00+00:00,short,53941.1,54219.99,SL,-1.1755,116.3776,1.0
2024-07-05 06:35:00+00:00,2024-07-05 06:40:00+00:00,short,54016.01,54288.0,SL,-1.1638,115.2138,1.0
2024-07-05 08:55:00+00:00,2024-07-05 09:20:00+00:00,short,54088.0,54219.66,SL,-1.1521,114.0617,1.0
2024-07-05 12:00:00+00:00,2024-07-05 12:15:00+00:00,short,55332.47,55474.0,SL,-1.1406,112.9211,1.0
2024-07-05 14:15:00+00:00,2024-07-05 14:40:00+00:00,short,55559.99,55686.28,SL,-1.1292,111.7919,1.0
2024-07-05 14:50:00+00:00,2024-07-05 15:00:00+00:00,long,55809.98,56038.01,TP,2.2358,114.0277,1.0
2024-07-05 17:25:00+00:00,2024-07-05 17:30:00+00:00,long,56850.0,56724.0,SL,-1.1403,112.8874,1.0
2024-07-05 18:45:00+00:00,2024-07-05 19:00:00+00:00,long,56589.99,56383.32,SL,-1.1289,111.7585,1.0
2024-07-05 19:20:00+00:00,2024-07-05 19:55:00+00:00,long,56581.1,56465.42,SL,-1.1176,110.641,1.0
2024-07-05 21:10:00+00:00,2024-07-05 22:20:00+00:00,long,56488.0,56719.99,TP,2.2128,112.8538,1.0
2024-07-05 23:05:00+00:00,2024-07-06 00:00:00+00:00,long,56691.14,56515.99,SL,-1.1285,111.7252,1.0
2024-07-06 00:35:00+00:00,2024-07-06 00:45:00+00:00,long,56880.0,56690.95,SL,-1.1173,110.608,1.0
2024-07-06 02:30:00+00:00,2024-07-06 03:30:00+00:00,long,56414.21,56282.99,SL,-1.1061,109.5019,1.0
2024-07-06 05:05:00+00:00,2024-07-06 06:20:00+00:00,long,56331.28,56568.0,TP,2.19,111.6919,1.0
2024-07-06 07:05:00+00:00,2024-07-06 08:45:00+00:00,long,56651.09,56522.0,SL,-1.1169,110.575,1.0
2024-07-06 09:50:00+00:00,2024-07-06 13:45:00+00:00,long,56680.01,57092.0,TP,2.2115,112.7865,1.0
2024-07-06 14:45:00+00:00,2024-07-06 15:30:00+00:00,long,57020.01,57347.99,TP,2.2557,115.0423,1.0
2024-07-06 16:15:00+00:00,2024-07-06 16:25:00+00:00,long,57390.02,57760.0,TP,2.3008,117.3431,1.0
2024-07-06 17:15:00+00:00,2024-07-06 17:25:00+00:00,long,57972.01,57850.0,SL,-1.1734,116.1697,1.0
2024-07-06 19:50:00+00:00,2024-07-06 20:30:00+00:00,long,57909.74,58166.01,TP,2.3234,118.4931,1.0
2024-07-06 21:00:00+00:00,2024-07-06 21:10:00+00:00,long,58218.0,58078.0,SL,-1.1849,117.3081,1.0
2024-07-06 22:15:00+00:00,2024-07-06 23:15:00+00:00,long,58046.76,58349.68,TP,2.3462,119.6543,1.0
2024-07-07 01:45:00+00:00,2024-07-07 02:10:00+00:00,long,58016.11,58279.43,TP,2.3931,122.0474,1.0
2024-07-07 05:20:00+00:00,2024-07-07 07:05:00+00:00,long,57740.14,57571.63,SL,-1.2205,120.8269,1.0
2024-07-07 10:15:00+00:00,2024-07-07 10:20:00+00:00,short,57605.65,57726.0,SL,-1.2083,119.6186,1.0
2024-07-07 10:25:00+00:00,2024-07-07 10:40:00+00:00,long,57746.0,57604.99,SL,-1.1962,118.4225,1.0
2024-07-07 12:40:00+00:00,2024-07-07 13:15:00+00:00,short,57229.98,56922.0,TP,2.3685,120.7909,1.0
2024-07-07 17:20:00+00:00,2024-07-07 17:50:00+00:00,short,56899.74,57138.62,SL,-1.2079,119.583,1.0
2024-07-07 18:40:00+00:00,2024-07-07 21:10:00+00:00,short,57200.0,56734.0,TP,2.3917,121.9747,1.0
2024-07-07 23:40:00+00:00,2024-07-08 00:00:00+00:00,short,56056.0,55724.6,TP,2.4395,124.4142,1.0
2024-07-08 00:35:00+00:00,2024-07-08 00:55:00+00:00,short,55329.88,55094.0,TP,2.4883,126.9024,1.0
2024-07-08 03:20:00+00:00,2024-07-08 03:30:00+00:00,short,54951.1,55224.5,SL,-1.269,125.6334,1.0
2024-07-08 04:00:00+00:00,2024-07-08 04:05:00+00:00,short,55009.39,55274.01,SL,-1.2563,124.3771,1.0
2024-07-08 05:25:00+00:00,2024-07-08 06:15:00+00:00,short,55408.0,55663.95,SL,-1.2438,123.1333,1.0
2024-07-08 07:00:00+00:00,2024-07-08 07:20:00+00:00,short,55563.16,55717.89,SL,-1.2313,121.902,1.0
2024-07-08 07:35:00+00:00,2024-07-08 07:45:00+00:00,short,55652.0,55786.37,SL,-1.219,120.683,1.0
2024-07-08 12:40:00+00:00,2024-07-08 13:30:00+00:00,long,57201.18,57074.6,SL,-1.2068,119.4761,1.0
2024-07-08 14:05:00+00:00,2024-07-08 14:15:00+00:00,long,57182.01,56992.01,SL,-1.1948,118.2814,1.0
2024-07-08 15:50:00+00:00,2024-07-08 16:05:00+00:00,short,55830.0,56028.02,SL,-1.1828,117.0985,1.0
2024-07-08 16:15:00+00:00,2024-07-08 16:25:00+00:00,short,55760.01,55535.89,TP,2.342,119.4405,1.0
2024-07-08 19:00:00+00:00,2024-07-08 19:50:00+00:00,short,56281.32,56519.01,SL,-1.1944,118.2461,1.0
2024-07-08 20:05:00+00:00,2024-07-08 20:20:00+00:00,short,56295.49,56448.01,SL,-1.1825,117.0637,1.0
2024-07-08 21:15:00+00:00,2024-07-08 22:05:00+00:00,long,56442.0,56724.51,TP,2.3413,119.4049,1.0
2024-07-09 01:05:00+00:00,2024-07-09 01:10:00+00:00,long,56769.99,57079.53,TP,2.3881,121.793,1.0
2024-07-09 02:20:00+00:00,2024-07-09 02:45:00+00:00,long,56700.01,57102.19,TP,2.4359,124.2289,1.0
2024-07-09 03:50:00+00:00,2024-07-09 06:20:00+00:00,long,57217.83,57498.0,TP,2.4846,126.7135,1.0
2024-07-09 08:15:00+00:00,2024-07-09 08:30:00+00:00,long,57393.18,57688.58,TP,2.5343,129.2477,1.0
2024-07-09 11:25:00+00:00,2024-07-09 11:45:00+00:00,long,57540.37,57421.97,SL,-1.2925,127.9553,1.0
2024-07-09 12:50:00+00:00,2024-07-09 13:00:00+00:00,long,57428.15,57290.41,SL,-1.2796,126.6757,1.0
2024-07-09 14:00:00+00:00,2024-07-09 14:10:00+00:00,long,57254.57,57851.15,TP,2.5335,129.2092,1.0
2024-07-09 15:50:00+00:00,2024-07-09 16:20:00+00:00,long,57418.01,57747.23,TP,2.5842,131.7934,1.0
2024-07-09 18:15:00+00:00,2024-07-09 18:35:00+00:00,long,57717.58,58023.03,TP,2.6359,134.4293,1.0
2024-07-09 20:25:00+00:00,2024-07-09 21:50:00+00:00,long,57901.98,57783.68,SL,-1.3443,133.085,1.0
2024-07-09 22:35:00+00:00,2024-07-10 00:15:00+00:00,long,57944.01,57747.98,SL,-1.3309,131.7541,1.0
2024-07-10 01:25:00+00:00,2024-07-10 03:35:00+00:00,long,57781.96,58075.67,TP,2.6351,134.3892,1.0
2024-07-10 09:10:00+00:00,2024-07-10 09:20:00+00:00,long,58733.88,58588.23,SL,-1.3439,133.0453,1.0
2024-07-10 10:05:00+00:00,2024-07-10 10:10:00+00:00,long,58544.08,58379.89,SL,-1.3305,131.7149,1.0
2024-07-10 10:20:00+00:00,2024-07-10 11:30:00+00:00,long,58570.0,58448.0,SL,-1.3171,130.3977,1.0
2024-07-10 16:45:00+00:00,2024-07-10 19:10:00+00:00,short,57645.0,57391.84,TP,2.608,133.0057,1.0
2024-07-10 19:55:00+00:00,2024-07-10 22:00:00+00:00,short,57392.03,57559.91,SL,-1.3301,131.6756,1.0
2024-07-10 23:05:00+00:00,2024-07-10 23:30:00+00:00,short,57620.84,57739.51,SL,-1.3168,130.3589,1.0
2024-07-10 23:55:00+00:00,2024-07-11 00:30:00+00:00,short,57725.85,57484.0,TP,2.6072,132.966,1.0
2024-07-11 01:15:00+00:00,2024-07-11 01:35:00+00:00,short,57515.5,57836.34,SL,-1.3297,131.6364,1.0
2024-07-11 06:45:00+00:00,2024-07-11 08:05:00+00:00,long,58062.27,58323.0,TP,2.6327,134.2691,1.0
2024-07-11 09:15:00+00:00,2024-07-11 09:35:00+00:00,long,58263.24,58134.01,SL,-1.3427,132.9264,1.0
2024-07-11 10:00:00+00:00,2024-07-11 10:10:00+00:00,long,58384.75,58238.54,SL,-1.3293,131.5971,1.0
2024-07-11 10:35:00+00:00,2024-07-11 11:35:00+00:00,long,58380.5,58649.54,TP,2.6319,134.2291,1.0
2024-07-11 12:30:00+00:00,2024-07-11 12:35:00+00:00,long,59258.0,59138.58,SL,-1.3423,132.8868,1.0
2024-07-11 15:40:00+00:00,2024-07-11 15:50:00+00:00,short,57560.31,57298.0,TP,2.6577,135.5445,1.0
2024-07-11 18:50:00+00:00,2024-07-11 19:20:00+00:00,short,57813.84,57439.86,TP,2.7109,138.2554,1.0
2024-07-11 21:30:00+00:00,2024-07-11 21:55:00+00:00,short,57332.0,57460.02,SL,-1.3826,136.8729,1.0
2024-07-11 22:50:00+00:00,2024-07-12 00:25:00+00:00,short,57282.04,57488.0,SL,-1.3687,135.5041,1.0
2024-07-12 00:55:00+00:00,2024-07-12 01:00:00+00:00,short,57178.0,57298.78,SL,-1.355,134.1491,1.0
2024-07-12 03:15:00+00:00,2024-07-12 03:30:00+00:00,short,56960.01,57123.49,SL,-1.3415,132.8076,1.0
2024-07-12 07:05:00+00:00,2024-07-12 07:30:00+00:00,short,57256.56,56982.91,TP,2.6562,135.4638,1.0
2024-07-12 09:20:00+00:00,2024-07-12 09:50:00+00:00,short,57186.02,56868.59,TP,2.7093,138.173,1.0
2024-07-12 12:35:00+00:00,2024-07-12 12:50:00+00:00,short,57147.99,57379.66,SL,-1.3817,136.7913,1.0
2024-07-12 12:55:00+00:00,2024-07-12 13:15:00+00:00,long,57382.3,57740.01,TP,2.7358,139.5271,1.0
2024-07-12 15:50:00+00:00,2024-07-12 16:10:00+00:00,long,58154.0,58032.96,SL,-1.3953,138.1319,1.0
2024-07-12 16:30:00+00:00,2024-07-12 16:35:00+00:00,long,58281.99,58144.48,SL,-1.3813,136.7505,1.0
2024-07-12 18:35:00+00:00,2024-07-12 18:50:00+00:00,long,58440.13,58300.01,SL,-1.3675,135.383,1.0
2024-07-13 01:15:00+00:00,2024-07-13 02:10:00+00:00,long,57932.28,57815.31,SL,-1.3538,134.0292,1.0
2024-07-13 02:45:00+00:00,2024-07-13 04:00:00+00:00,long,57928.6,57795.45,SL,-1.3403,132.6889,1.0
2024-07-13 05:05:00+00:00,2024-07-13 06:20:00+00:00,long,57860.02,58180.0,TP,2.6538,135.3427,1.0
2024-07-13 07:55:00+00:00,2024-07-13 08:45:00+00:00,long,58170.32,58040.0,SL,-1.3534,133.9893,1.0
2024-07-13 09:25:00+00:00,2024-07-13 09:50:00+00:00,long,58206.01,58440.0,TP,2.6798,136.6691,1.0
2024-07-13 11:50:00+00:00,2024-07-13 12:10:00+00:00,long,58583.0,58444.01,SL,-1.3667,135.3024,1.0
2024-07-13 12:25:00+00:00,2024-07-13 12:50:00+00:00,long,58633.01,58879.35,TP,2.706,138.0084,1.0
2024-07-13 14:45:00+00:00,2024-07-13 16:15:00+00:00,long,58664.0,58916.0,TP,2.7602,140.7686,1.0
2024-07-13 17:55:00+00:00,2024-07-13 18:45:00+00:00,long,58708.0,58588.0,SL,-1.4077,139.3609,1.0
2024-07-13 19:05:00+00:00,2024-07-13 22:20:00+00:00,long,58663.25,58464.0,SL,-1.3936,137.9673,1.0
2024-07-13 22:40:00+00:00,2024-07-13 22:50:00+00:00,long,58776.0,59226.42,TP,2.7593,140.7266,1.0
2024-07-14 00:45:00+00:00,2024-07-14 01:15:00+00:00,long,59656.0,59448.11,SL,-1.4073,139.3194,1.0
2024-07-14 03:25:00+00:00,2024-07-14 04:15:00+00:00,long,59481.09,59880.01,TP,2.7864,142.1057,1.0
2024-07-14 07:50:00+00:00,2024-07-14 10:50:00+00:00,long,60121.34,59962.01,SL,-1.4211,140.6847,1.0
2024-07-14 11:35:00+00:00,2024-07-14 12:05:00+00:00,long,60074.99,59928.13,SL,-1.4068,139.2778,1.0
2024-07-14 13:20:00+00:00,2024-07-14 13:30:00+00:00,long,59735.99,59604.0,SL,-1.3928,137.8851,1.0
2024-07-14 16:55:00+00:00,2024-07-14 17:10:00+00:00,long,60107.33,59980.01,SL,-1.3789,136.5062,1.0
2024-07-14 18:50:00+00:00,2024-07-14 20:05:00+00:00,long,60018.23,59893.69,SL,-1.3651,135.1412,1.0
2024-07-14 20:20:00+00:00,2024-07-14 21:05:00+00:00,long,59989.95,60302.15,TP,2.7028,137.844,1.0
2024-07-14 23:30:00+00:00,2024-07-14 23:45:00+00:00,long,61151.66,61014.0,SL,-1.3784,136.4655,1.0
2024-07-15 00:45:00+00:00,2024-07-15 01:05:00+00:00,long,61145.99,61402.0,TP,2.7293,139.1948,1.0
2024-07-15 02:25:00+00:00,2024-07-15 02:50:00+00:00,long,62206.95,62474.0,TP,2.7839,141.9787,1.0
2024-07-15 05:45:00+00:00,2024-07-15 05:50:00+00:00,long,62958.0,62720.28,SL,-1.4198,140.559,1.0
2024-07-15 08:25:00+00:00,2024-07-15 08:50:00+00:00,long,62999.99,62813.55,SL,-1.4056,139.1534,1.0
2024-07-15 10:20:00+00:00,2024-07-15 10:45:00+00:00,long,62788.01,62635.47,SL,-1.3915,137.7618,1.0
2024-07-15 11:45:00+00:00,2024-07-15 13:15:00+00:00,long,62549.99,62804.01,TP,2.7552,140.5171,1.0
2024-07-15 13:40:00+00:00,2024-07-15 14:55:00+00:00,long,62882.41,63218.06,TP,2.8103,143.3274,1.0
2024-07-15 16:25:00+00:00,2024-07-15 16:50:00+00:00,long,63222.88,63596.12,TP,2.8665,146.194,1.0
2024-07-15 18:35:00+00:00,2024-07-15 19:20:00+00:00,long,63484.17,63760.0,TP,2.9239,149.1178,1.0
2024-07-15 19:30:00+00:00,2024-07-15 19:45:00+00:00,long,63613.25,63411.0,SL,-1.4912,147.6267,1.0
2024-07-15 20:25:00+00:00,2024-07-15 22:10:00+00:00,long,63604.01,64135.64,TP,2.9525,150.5792,1.0
2024-07-16 01:55:00+00:00,2024-07-16 02:10:00+00:00,long,64848.08,64615.08,SL,-1.5058,149.0734,1.0
2024-07-16 03:00:00+00:00,2024-07-16 04:15:00+00:00,long,64739.99,64562.37,SL,-1.4907,147.5827,1.0
2024-07-16 06:45:00+00:00,2024-07-16 06:50:00+00:00,short,63338.0,62983.07,TP,2.9517,150.5343,1.0
2024-07-16 08:30:00+00:00,2024-07-16 08:40:00+00:00,short,62546.0,62726.0,SL,-1.5053,149.029,1.0
2024-07-16 11:05:00+00:00,2024-07-16 11:10:00+00:00,short,63341.23,63502.0,SL,-1.4903,147.5387,1.0
2024-07-16 14:50:00+00:00,2024-07-16 15:05:00+00:00,long,63738.01,64082.01,TP,2.9508,150.4895,1.0
2024-07-16 17:50:00+00:00,2024-07-16 19:05:00+00:00,long,64571.31,64841.05,TP,3.0098,153.4993,1.0
2024-07-16 19:55:00+00:00,2024-07-16 20:10:00+00:00,long,65165.43,64997.44,SL,-1.535,151.9643,1.0
2024-07-16 22:45:00+00:00,2024-07-16 23:10:00+00:00,long,64582.0,64870.33,TP,3.0393,155.0035,1.0
2024-07-17 03:50:00+00:00,2024-07-17 04:30:00+00:00,long,65732.01,65552.0,SL,-1.55,153.4535,1.0
2024-07-17 04:50:00+00:00,2024-07-17 05:50:00+00:00,long,65787.99,65647.34,SL,-1.5345,151.919,1.0
2024-07-17 08:30:00+00:00,2024-07-17 08:40:00+00:00,long,65411.46,65217.78,SL,-1.5192,150.3998,1.0
2024-07-17 10:40:00+00:00,2024-07-17 10:45:00+00:00,long,65300.01,65136.6,SL,-1.504,148.8958,1.0
2024-07-17 15:45:00+00:00,2024-07-17 16:10:00+00:00,short,64832.0,64392.03,TP,2.9779,151.8737,1.0
2024-07-17 20:05:00+00:00,2024-07-17 21:00:00+00:00,short,64546.01,64096.73,TP,3.0375,154.9112,1.0
2024-07-17 22:10:00+00:00,2024-07-18 00:10:00+00:00,short,64242.47,63916.8,TP,3.0982,158.0094,1.0
2024-07-18 02:15:00+00:00,2024-07-18 02:25:00+00:00,short,64406.0,64639.94,SL,-1.5801,156.4293,1.0
2024-07-18 03:15:00+00:00,2024-07-18 04:20:00+00:00,long,64826.76,64696.0,SL,-1.5643,154.865,1.0
2024-07-18 05:35:00+00:00,2024-07-18 06:15:00+00:00,long,64694.0,64965.54,TP,3.0973,157.9623,1.0
2024-07-18 08:45:00+00:00,2024-07-18 10:10:00+00:00,long,64794.0,64660.2,SL,-1.5796,156.3827,1.0
2024-07-18 13:30:00+00:00,2024-07-18 14:15:00+00:00,short,64658.87,64343.99,TP,3.1277,159.5103,1.0
2024-07-18 15:55:00+00:00,2024-07-18 16:10:00+00:00,short,63538.12,63679.99,SL,-1.5951,157.9152,1.0
2024-07-18 17:50:00+00:00,2024-07-18 19:20:00+00:00,short,63613.3,63265.04,TP,3.1583,161.0735,1.0
2024-07-18 21:50:00+00:00,2024-07-18 22:15:00+00:00,short,63810.64,63952.01,SL,-1.6107,159.4628,1.0
2024-07-18 22:20:00+00:00,2024-07-19 00:00:00+00:00,long,64084.1,63915.24,SL,-1.5946,157.8682,1.0
2024-07-19 02:50:00+00:00,2024-07-19 03:00:00+00:00,short,63741.21,64019.57,SL,-1.5787,156.2895,1.0
2024-07-19 06:05:00+00:00,2024-07-19 06:20:00+00:00,long,64461.29,64300.42,SL,-1.5629,154.7266,1.0
2024-07-19 09:45:00+00:00,2024-07-19 10:05:00+00:00,short,63772.16,63901.93,SL,-1.5473,153.1793,1.0
2024-07-19 11:35:00+00:00,2024-07-19 11:55:00+00:00,short,63980.01,64116.0,SL,-1.5318,151.6475,1.0
2024-07-19 12:00:00+00:00,2024-07-19 13:35:00+00:00,long,64171.98,64761.99,TP,3.033,154.6805,1.0
2024-07-19 16:05:00+00:00,2024-07-19 16:30:00+00:00,long,66100.01,66398.84,TP,3.0936,157.7741,1.0
2024-07-19 19:00:00+00:00,2024-07-19 19:30:00+00:00,long,66932.01,67277.44,TP,3.1555,160.9296,1.0
2024-07-19 21:15:00+00:00,2024-07-19 21:30:00+00:00,long,67236.31,67077.23,SL,-1.6093,159.3203,1.0
2024-07-20 00:05:00+00:00,2024-07-20 00:20:00+00:00,long,66788.27,66578.0,SL,-1.5932,157.7271,1.0
2024-07-20 01:05:00+00:00,2024-07-20 01:50:00+00:00,long,66574.79,66293.49,SL,-1.5773,156.1498,1.0
2024-07-20 02:10:00+00:00,2024-07-20 15:55:00+00:00,long,66483.69,66825.0,TP,3.123,159.2728,1.0
2024-07-20 17:10:00+00:00,2024-07-20 17:15:00+00:00,long,67078.53,67389.0,TP,3.1855,162.4583,1.0
2024-07-20 20:35:00+00:00,2024-07-20 21:00:00+00:00,long,67400.01,66976.18,SL,-1.6246,160.8337,1.0
2024-07-20 21:55:00+00:00,2024-07-20 22:40:00+00:00,long,67092.41,66882.0,SL,-1.6083,159.2254,1.0
2024-07-20 23:00:00+00:00,2024-07-21 01:45:00+00:00,long,67101.34,67376.0,TP,3.1845,162.4099,1.0
2024-07-21 06:15:00+00:00,2024-07-21 09:10:00+00:00,short,66748.0,66898.0,SL,-1.6241,160.7858,1.0
2024-07-21 10:20:00+00:00,2024-07-21 13:35:00+00:00,short,66924.0,66629.19,TP,3.2157,164.0015,1.0
2024-07-21 14:10:00+00:00,2024-07-21 14:35:00+00:00,long,66950.01,67266.0,TP,3.28,167.2815,1.0
2024-07-21 15:30:00+00:00,2024-07-21 15:40:00+00:00,long,67416.0,67212.0,SL,-1.6728,165.6087,1.0
2024-07-21 16:50:00+00:00,2024-07-21 17:00:00+00:00,long,67574.01,67413.99,SL,-1.6561,163.9526,1.0
2024-07-21 18:30:00+00:00,2024-07-21 18:35:00+00:00,long,67196.01,66986.61,SL,-1.6395,162.3131,1.0
2024-07-21 21:40:00+00:00,2024-07-21 23:45:00+00:00,long,68086.44,67930.0,SL,-1.6231,160.6899,1.0
2024-07-22 00:05:00+00:00,2024-07-22 00:45:00+00:00,long,68137.28,68424.01,TP,3.2138,163.9037,1.0
2024-07-22 02:25:00+00:00,2024-07-22 03:20:00+00:00,long,68114.01,67964.0,SL,-1.639,162.2647,1.0
2024-07-22 04:50:00+00:00,2024-07-22 05:15:00+00:00,long,67925.0,67760.01,SL,-1.6226,160.6421,1.0
2024-07-22 06:15:00+00:00,2024-07-22 06:30:00+00:00,long,67676.0,67489.37,SL,-1.6064,159.0356,1.0
2024-07-22 08:50:00+00:00,2024-07-22 09:15:00+00:00,short,67122.0,67313.46,SL,-1.5904,157.4453,1.0
2024-07-22 10:50:00+00:00,2024-07-22 12:20:00+00:00,short,67390.01,67618.01,SL,-1.5745,155.8708,1.0
2024-07-22 19:10:00+00:00,2024-07-22 19:45:00+00:00,long,67689.99,68114.0,TP,3.1174,158.9882,1.0
2024-07-22 23:40:00+00:00,2024-07-23 01:00:00+00:00,long,67574.0,67422.01,SL,-1.5899,157.3984,1.0
2024-07-23 03:40:00+00:00,2024-07-23 04:35:00+00:00,short,67516.01,67096.01,TP,3.148,160.5463,1.0
2024-07-23 09:55:00+00:00,2024-07-23 11:00:00+00:00,short,66938.2,66662.68,TP,3.2109,163.7573,1.0
2024-07-23 12:10:00+00:00,2024-07-23 13:45:00+00:00,short,66544.01,66214.01,TP,3.2751,167.0324,1.0
2024-07-23 15:20:00+00:00,2024-07-23 15:25:00+00:00,short,66908.0,66438.02,TP,3.3406,170.3731,1.0
2024-07-23 19:35:00+00:00,2024-07-23 20:45:00+00:00,short,65661.98,65913.17,SL,-1.7037,168.6693,1.0
2024-07-23 22:15:00+00:00,2024-07-23 23:00:00+00:00,short,65848.0,65990.01,SL,-1.6867,166.9826,1.0
2024-07-23 23:20:00+00:00,2024-07-24 00:00:00+00:00,short,65844.7,65990.0,SL,-1.6698,165.3128,1.0
2024-07-24 00:30:00+00:00,2024-07-24 01:20:00+00:00,short,65836.0,65988.37,SL,-1.6531,163.6597,1.0
2024-07-24 01:45:00+00:00,2024-07-24 02:50:00+00:00,short,65638.79,65789.94,SL,-1.6366,162.0231,1.0
2024-07-24 04:10:00+00:00,2024-07-24 05:20:00+00:00,short,65946.31,65677.67,TP,3.2405,165.2635,1.0
2024-07-24 10:15:00+00:00,2024-07-24 10:25:00+00:00,long,66549.67,66410.45,SL,-1.6526,163.6109,1.0
2024-07-24 12:30:00+00:00,2024-07-24 12:40:00+00:00,long,66515.4,66356.01,SL,-1.6361,161.9748,1.0
2024-07-24 13:15:00+00:00,2024-07-24 13:35:00+00:00,long,66486.01,66816.0,TP,3.2395,165.2143,1.0
2024-07-24 14:15:00+00:00,2024-07-24 15:05:00+00:00,long,66759.8,66597.84,SL,-1.6521,163.5622,1.0
2024-07-24 19:50:00+00:00,2024-07-24 20:00:00+00:00,short,65595.99,65822.0,SL,-1.6356,161.9265,1.0
2024-07-24 21:15:00+00:00,2024-07-24 21:40:00+00:00,short,65682.0,65410.63,TP,3.2385,165.1651,1.0
2024-07-24 22:35:00+00:00,2024-07-25 00:20:00+00:00,short,65422.0,65588.31,SL,-1.6517,163.5134,1.0
2024-07-25 01:05:00+00:00,2024-07-25 01:10:00+00:00,short,64374.54,64550.0,SL,-1.6351,161.8783,1.0
2024-07-25 06:10:00+00:00,2024-07-25 06:40:00+00:00,short,64168.0,64306.0,SL,-1.6188,160.2595,1.0
2024-07-25 07:45:00+00:00,2024-07-25 08:50:00+00:00,short,64208.63,64385.01,SL,-1.6026,158.6569,1.0
2024-07-25 09:45:00+00:00,2024-07-25 12:40:00+00:00,short,64262.0,63958.01,TP,3.1731,161.83,1.0
2024-07-25 13:50:00+00:00,2024-07-25 14:05:00+00:00,short,63970.0,63538.01,TP,3.2366,165.0666,1.0
2024-07-25 16:20:00+00:00,2024-07-25 17:25:00+00:00,long,64954.01,64806.92,SL,-1.6507,163.416,1.0
2024-07-25 18:00:00+00:00,2024-07-25 18:20:00+00:00,long,65070.0,64882.01,SL,-1.6342,161.7818,1.0
2024-07-25 19:25:00+00:00,2024-07-25 19:35:00+00:00,long,64965.37,64727.91,SL,-1.6178,160.164,1.0
2024-07-25 20:25:00+00:00,2024-07-25 20:50:00+00:00,long,64770.0,65034.0,TP,3.2033,163.3673,1.0
2024-07-26 00:10:00+00:00,2024-07-26 00:30:00+00:00,long,66062.63,65917.78,SL,-1.6337,161.7336,1.0
2024-07-26 02:20:00+00:00,2024-07-26 02:55:00+00:00,long,66666.0,67014.01,TP,3.2347,164.9683,1.0
2024-07-26 06:10:00+00:00,2024-07-26 07:55:00+00:00,long,67029.99,66890.56,SL,-1.6497,163.3186,1.0
2024-07-26 08:15:00+00:00,2024-07-26 09:45:00+00:00,long,67098.01,67398.0,TP,3.2664,166.585,1.0
2024-07-26 11:55:00+00:00,2024-07-26 12:40:00+00:00,long,67322.0,67130.0,SL,-1.6659,164.9191,1.0
2024-07-26 13:05:00+00:00,2024-07-26 13:35:00+00:00,long,67275.7,67639.99,TP,3.2984,168.2175,1.0
2024-07-26 15:10:00+00:00,2024-07-26 16:55:00+00:00,long,67545.46,67396.0,SL,-1.6822,166.5353,1.0
2024-07-26 18:05:00+00:00,2024-07-26 19:20:00+00:00,long,67533.22,67846.01,TP,3.3307,169.866,1.0
2024-07-26 21:20:00+00:00,2024-07-26 21:45:00+00:00,long,67870.0,68200.0,TP,3.3973,173.2633,1.0
2024-07-27 02:20:00+00:00,2024-07-27 02:50:00+00:00,long,67782.63,68061.6,TP,3.4653,176.7286,1.0
2024-07-27 04:15:00+00:00,2024-07-27 07:05:00+00:00,long,67874.0,68211.51,TP,3.5346,180.2632,1.0
2024-07-27 09:15:00+00:00,2024-07-27 12:00:00+00:00,long,68072.06,68392.01,TP,3.6053,183.8684,1.0
2024-07-27 16:30:00+00:00,2024-07-27 16:45:00+00:00,long,68874.37,68722.0,SL,-1.8387,182.0298,1.0
2024-07-27 18:00:00+00:00,2024-07-27 18:20:00+00:00,long,68628.01,68904.0,TP,3.6406,185.6704,1.0
2024-07-27 19:00:00+00:00,2024-07-27 19:20:00+00:00,short,68321.12,68491.93,SL,-1.8567,183.8137,1.0
2024-07-28 02:15:00+00:00,2024-07-28 02:55:00+00:00,short,68000.01,68149.45,SL,-1.8381,181.9755,1.0
2024-07-28 03:15:00+00:00,2024-07-28 04:30:00+00:00,short,68042.01,67704.01,TP,3.6395,185.615,1.0
2024-07-28 08:35:00+00:00,2024-07-28 09:00:00+00:00,short,67256.0,67448.01,SL,-1.8561,183.7589,1.0
2024-07-28 12:05:00+00:00,2024-07-28 12:30:00+00:00,short,67766.01,67994.01,SL,-1.8376,181.9213,1.0
2024-07-28 15:55:00+00:00,2024-07-28 17:00:00+00:00,short,67645.0,67808.01,SL,-1.8192,180.1021,1.0
2024-07-28 21:35:00+00:00,2024-07-29 00:05:00+00:00,long,68069.0,68728.77,TP,3.602,183.7041,1.0
2024-07-29 02:15:00+00:00,2024-07-29 02:30:00+00:00,long,69130.01,69585.17,TP,3.6741,187.3782,1.0
2024-07-29 05:15:00+00:00,2024-07-29 08:40:00+00:00,long,69552.01,69410.01,SL,-1.8738,185.5044,1.0
2024-07-29 09:20:00+00:00,2024-07-29 10:05:00+00:00,long,69558.03,69398.0,SL,-1.855,183.6494,1.0
2024-07-29 10:20:00+00:00,2024-07-29 12:50:00+00:00,long,69540.8,69823.3,TP,3.673,187.3224,1.0
2024-07-29 16:25:00+00:00,2024-07-29 16:40:00+00:00,short,67345.93,66896.0,TP,3.7464,191.0688,1.0
2024-07-29 17:25:00+00:00,2024-07-29 17:30:00+00:00,short,66727.34,66938.31,SL,-1.9107,189.1581,1.0
2024-07-29 19:55:00+00:00,2024-07-29 21:55:00+00:00,short,67303.05,67500.0,SL,-1.8916,187.2665,1.0
2024-07-29 22:35:00+00:00,2024-07-29 23:10:00+00:00,short,67260.01,66725.99,TP,3.7453,191.0119,1.0
2024-07-30 01:45:00+00:00,2024-07-30 02:05:00+00:00,short,66230.01,66450.01,SL,-1.9101,189.1017,1.0
2024-07-30 02:20:00+00:00,2024-07-30 02:35:00+00:00,short,66053.73,66227.38,SL,-1.891,187.2107,1.0
2024-07-30 05:10:00+00:00,2024-07-30 05:30:00+00:00,short,66664.67,66360.01,TP,3.7442,190.9549,1.0
2024-07-30 08:05:00+00:00,2024-07-30 09:45:00+00:00,short,66855.01,66574.01,TP,3.8191,194.774,1.0
2024-07-30 12:15:00+00:00,2024-07-30 12:40:00+00:00,short,66518.0,66810.0,SL,-1.9477,192.8263,1.0
2024-07-30 13:35:00+00:00,2024-07-30 13:50:00+00:00,short,66616.0,66344.69,TP,3.8565,196.6828,1.0
2024-07-30 17:00:00+00:00,2024-07-30 18:00:00+00:00,short,65999.25,65682.0,TP,3.9337,200.6165,1.0
2024-07-30 18:45:00+00:00,2024-07-30 18:55:00+00:00,short,65644.01,65824.01,SL,-3.0092,197.6072,1.5
2024-07-30 19:10:00+00:00,2024-07-30 19:15:00+00:00,short,65608.01,65754.0,SL,-1.9761,195.6312,1.0
2024-07-30 20:05:00+00:00,2024-07-30 20:10:00+00:00,short,65417.44,65706.01,SL,-1.9563,193.6749,1.0
2024-07-30 21:20:00+00:00,2024-07-30 21:25:00+00:00,short,65966.0,66142.01,SL,-1.9367,191.7381,1.0
2024-07-30 22:25:00+00:00,2024-07-31 00:10:00+00:00,short,66267.89,65932.01,TP,3.8348,195.5729,1.0
2024-07-31 01:30:00+00:00,2024-07-31 01:55:00+00:00,short,66138.0,66296.0,SL,-1.9557,193.6171,1.0
2024-07-31 02:25:00+00:00,2024-07-31 02:35:00+00:00,long,66371.99,66126.0,SL,-1.9362,191.681,1.0
2024-07-31 08:45:00+00:00,2024-07-31 10:00:00+00:00,long,66329.13,66188.0,SL,-1.9168,189.7642,1.0
2024-07-31 15:40:00+00:00,2024-07-31 17:40:00+00:00,long,66486.0,66774.01,TP,3.7953,193.5594,1.0
2024-07-31 18:50:00+00:00,2024-07-31 19:05:00+00:00,long,66516.01,66268.0,SL,-1.9356,191.6238,1.0
2024-07-31 23:35:00+00:00,2024-08-01 00:35:00+00:00,short,64688.0,64818.01,SL,-1.9162,189.7076,1.0
2024-08-01 00:45:00+00:00,2024-08-01 00:50:00+00:00,short,64472.39,64606.0,SL,-1.8971,187.8105,1.0
2024-08-01 01:15:00+00:00,2024-08-01 01:35:00+00:00,short,64514.0,64242.0,TP,3.7562,191.5667,1.0
2024-08-01 03:10:00+00:00,2024-08-01 03:20:00+00:00,short,63830.02,63988.01,SL,-1.9157,189.6511,1.0
2024-08-01 04:45:00+00:00,2024-08-01 05:10:00+00:00,short,63717.19,63949.81,SL,-1.8965,187.7546,1.0
2024-08-01 06:55:00+00:00,2024-08-01 07:05:00+00:00,short,64226.0,64373.66,SL,-1.8775,185.877,1.0
2024-08-01 07:25:00+00:00,2024-08-01 08:35:00+00:00,short,64386.0,64530.01,SL,-1.8588,184.0182,1.0
2024-08-01 09:35:00+00:00,2024-08-01 12:00:00+00:00,short,64577.99,64726.46,SL,-1.8402,182.1781,1.0
2024-08-01 22:15:00+00:00,2024-08-01 22:55:00+00:00,long,65357.36,65184.37,SL,-1.8218,180.3563,1.0
2024-08-02 02:05:00+00:00,2024-08-02 02:10:00+00:00,long,64781.99,64631.99,SL,-1.8036,178.5527,1.0
2024-08-02 05:00:00+00:00,2024-08-02 05:50:00+00:00,short,64413.99,64139.99,TP,3.5711,182.1238,1.0
2024-08-02 07:50:00+00:00,2024-08-02 08:30:00+00:00,short,64226.0,64394.01,SL,-1.8212,180.3025,1.0
2024-08-02 10:45:00+00:00,2024-08-02 11:00:00+00:00,long,64586.07,64859.99,TP,3.6061,183.9086,1.0
2024-08-02 12:55:00+00:00,2024-08-02 13:05:00+00:00,long,64846.0,64635.99,SL,-1.8391,182.0695,1.0
2024-08-02 18:00:00+00:00,2024-08-02 18:20:00+00:00,short,63053.99,63184.0,SL,-1.8207,180.2488,1.0
2024-08-02 18:45:00+00:00,2024-08-02 19:45:00+00:00,short,62916.0,62524.36,TP,3.605,183.8538,1.0
2024-08-02 20:30:00+00:00,2024-08-02 20:55:00+00:00,short,62399.99,62622.01,SL,-1.8385,182.0152,1.0
2024-08-02 22:35:00+00:00,2024-08-02 22:50:00+00:00,short,61746.0,61392.01,TP,3.6403,185.6556,1.0
2024-08-03 00:50:00+00:00,2024-08-03 01:00:00+00:00,short,61200.0,60933.99,TP,3.7131,189.3687,1.0
2024-08-03 04:20:00+00:00,2024-08-03 04:50:00+00:00,short,61762.0,61473.11,TP,3.7874,193.156,1.0
2024-08-03 07:20:00+00:00,2024-08-03 09:05:00+00:00,short,61758.0,61510.01,TP,3.8631,197.0192,1.0
2024-08-03 12:00:00+00:00,2024-08-03 12:20:00+00:00,short,61900.0,62079.45,SL,-1.9702,195.049,1.0
2024-08-03 12:50:00+00:00,2024-08-03 14:30:00+00:00,short,61980.01,62106.01,SL,-1.9505,193.0985,1.0
2024-08-03 18:35:00+00:00,2024-08-03 19:25:00+00:00,short,60267.4,59953.04,TP,3.862,196.9604,1.0
2024-08-03 21:00:00+00:00,2024-08-03 21:15:00+00:00,short,60168.0,60445.37,SL,-1.9696,194.9908,1.0
2024-08-03 22:40:00+00:00,2024-08-03 23:20:00+00:00,short,60538.13,60771.99,SL,-1.9499,193.0409,1.0
2024-08-04 00:05:00+00:00,2024-08-04 01:30:00+00:00,short,60758.39,60436.24,TP,3.8608,196.9018,1.0
2024-08-04 03:00:00+00:00,2024-08-04 04:55:00+00:00,short,60824.89,60564.12,TP,3.938,200.8398,1.0
2024-08-04 07:05:00+00:00,2024-08-04 07:30:00+00:00,short,60782.38,60459.99,TP,6.0252,206.865,1.5
2024-08-04 10:10:00+00:00,2024-08-04 10:20:00+00:00,short,60535.99,60744.01,SL,-3.103,203.762,1.5
2024-08-04 10:35:00+00:00,2024-08-04 10:55:00+00:00,short,60664.0,60812.01,SL,-3.0564,200.7056,1.5
2024-08-04 12:00:00+00:00,2024-08-04 13:55:00+00:00,long,60947.22,60822.01,SL,-3.0106,197.695,1.5
2024-08-04 17:00:00+00:00,2024-08-04 17:15:00+00:00,short,58562.0,58274.94,TP,3.9539,201.6489,1.0
2024-08-04 20:25:00+00:00,2024-08-04 20:35:00+00:00,short,59218.01,58922.0,TP,6.0495,207.6984,1.5
2024-08-04 23:05:00+00:00,2024-08-04 23:45:00+00:00,short,58553.99,58230.46,TP,6.2309,213.9293,1.5
2024-08-05 04:50:00+00:00,2024-08-05 05:00:00+00:00,short,53505.99,52961.88,TP,6.4179,220.3472,1.5
2024-08-05 05:55:00+00:00,2024-08-05 06:00:00+00:00,short,52718.0,52473.39,TP,6.6104,226.9576,1.5
2024-08-05 08:45:00+00:00,2024-08-05 08:55:00+00:00,short,52448.1,52752.0,SL,-3.4044,223.5532,1.5
2024-08-05 11:30:00+00:00,2024-08-05 11:40:00+00:00,short,50902.01,51072.0,SL,-3.3533,220.1999,1.5
2024-08-05 12:15:00+00:00,2024-08-05 12:25:00+00:00,short,50418.02,50162.01,TP,6.606,226.8059,1.5
2024-08-05 17:50:00+00:00,2024-08-05 17:55:00+00:00,long,54934.0,54707.99,SL,-3.4021,223.4038,1.5
2024-08-05 19:45:00+00:00,2024-08-05 19:50:00+00:00,short,52746.0,53055.87,SL,-3.3511,220.0528,1.5
2024-08-05 22:25:00+00:00,2024-08-05 22:30:00+00:00,long,54922.0,54782.01,SL,-3.3008,216.752,1.5
2024-08-06 00:10:00+00:00,2024-08-06 00:15:00+00:00,long,54995.5,55414.38,TP,6.5026,223.2546,1.5
2024-08-06 05:30:00+00:00,2024-08-06 05:45:00+00:00,long,55555.11,55967.99,TP,6.6976,229.9522,1.5
2024-08-06 07:40:00+00:00,2024-08-06 08:05:00+00:00,long,55973.1,55811.18,SL,-3.4493,226.5029,1.5
2024-08-06 12:35:00+00:00,2024-08-06 12:50:00+00:00,short,55012.0,54754.02,TP,6.7951,233.298,1.5
2024-08-06 13:30:00+00:00,2024-08-06 13:40:00+00:00,long,55124.0,54727.97,SL,-3.4995,229.7985,1.5
2024-08-06 13:45:00+00:00,2024-08-06 13:50:00+00:00,short,54778.0,55070.0,SL,-3.447,226.3516,1.5
2024-08-06 16:05:00+00:00,2024-08-06 16:10:00+00:00,long,56454.0,56710.0,TP,6.7905,233.1421,1.5
2024-08-06 16:45:00+00:00,2024-08-06 17:35:00+00:00,long,56772.3,56650.11,SL,-3.4971,229.645,1.5
2024-08-06 18:30:00+00:00,2024-08-06 18:55:00+00:00,long,56919.23,56729.99,SL,-3.4447,226.2003,1.5
2024-08-06 21:45:00+00:00,2024-08-06 22:05:00+00:00,long,56391.89,56834.01,TP,6.786,232.9863,1.5
2024-08-07 00:30:00+00:00,2024-08-07 01:00:00+00:00,long,56050.0,56371.99,TP,6.9896,239.9759,1.5
2024-08-07 04:15:00+00:00,2024-08-07 05:40:00+00:00,long,57045.5,56830.01,SL,-3.5996,236.3763,1.5
2024-08-07 07:40:00+00:00,2024-08-07 07:45:00+00:00,long,56806.66,57044.0,TP,7.0913,243.4675,1.5
2024-08-07 12:20:00+00:00,2024-08-07 12:55:00+00:00,long,57028.0,57292.0,TP,7.304,250.7716,1.5
2024-08-07 17:15:00+00:00,2024-08-07 17:20:00+00:00,short,55510.02,55744.48,SL,-3.7616,247.01,1.5
2024-08-07 22:10:00+00:00,2024-08-07 22:15:00+00:00,short,55020.0,54756.01,TP,7.4103,254.4203,1.5
2024-08-07 23:30:00+00:00,2024-08-08 00:00:00+00:00,short,55088.12,55236.19,SL,-3.8163,250.604,1.5
2024-08-08 05:45:00+00:00,2024-08-08 06:55:00+00:00,long,56960.18,57216.0,TP,7.5181,258.1221,1.5
2024-08-08 08:45:00+00:00,2024-08-08 09:00:00+00:00,long,57331.27,57200.0,SL,-3.8718,254.2503,1.5
2024-08-08 09:45:00+00:00,2024-08-08 10:25:00+00:00,long,57243.12,57484.62,TP,7.6275,261.8778,1.5
2024-08-08 11:10:00+00:00,2024-08-08 11:40:00+00:00,long,57484.02,57322.92,SL,-3.9282,257.9496,1.5
2024-08-08 12:30:00+00:00,2024-08-08 12:35:00+00:00,long,58382.01,58187.25,SL,-3.8692,254.0804,1.5
2024-08-08 14:25:00+00:00,2024-08-08 14:45:00+00:00,long,58178.64,58712.51,TP,7.6224,261.7028,1.5
2024-08-08 19:15:00+00:00,2024-08-08 19:55:00+00:00,long,59736.84,59414.51,SL,-3.9255,257.7772,1.5
2024-08-08 21:05:00+00:00,2024-08-08 21:40:00+00:00,long,59657.62,60510.05,TP,7.7333,265.5106,1.5
2024-08-09 01:40:00+00:00,2024-08-09 02:00:00+00:00,long,61400.0,61277.0,SL,-3.9827,261.5279,1.5
2024-08-09 02:45:00+00:00,2024-08-09 02:55:00+00:00,long,61398.0,61235.51,SL,-3.9229,257.605,1.5
2024-08-09 05:30:00+00:00,2024-08-09 06:25:00+00:00,long,60932.0,60799.99,SL,-3.8641,253.7409,1.5
2024-08-09 08:30:00+00:00,2024-08-09 09:30:00+00:00,long,61017.54,60880.0,SL,-3.8061,249.9348,1.5
2024-08-09 11:00:00+00:00,2024-08-09 11:25:00+00:00,long,60682.76,60482.73,SL,-3.749,246.1858,1.5
2024-08-09 12:25:00+00:00,2024-08-09 12:55:00+00:00,short,60398.01,60551.99,SL,-3.6928,242.493,1.5
2024-08-09 13:00:00+00:00,2024-08-09 13:10:00+00:00,long,60596.97,60376.0,SL,-3.6374,238.8556,1.5
2024-08-09 13:15:00+00:00,2024-08-09 13:30:00+00:00,short,60320.0,60057.98,TP,7.1657,246.0213,1.5
2024-08-09 14:30:00+00:00,2024-08-09 14:45:00+00:00,short,59755.62,60171.13,SL,-3.6903,242.3309,1.5
2024-08-09 15:00:00+00:00,2024-08-09 15:05:00+00:00,long,60561.94,60417.2,SL,-3.635,238.696,1.5
2024-08-09 15:35:00+00:00,2024-08-09 16:35:00+00:00,short,60024.98,60209.28,SL,-3.5804,235.1155,1.5
2024-08-09 17:50:00+00:00,2024-08-09 18:20:00+00:00,short,60214.81,59842.45,TP,7.0535,242.169,1.5
2024-08-09 21:55:00+00:00,2024-08-09 22:05:00+00:00,long,60732.01,60401.75,SL,-3.6325,238.5365,1.5
2024-08-09 23:35:00+00:00,2024-08-10 00:15:00+00:00,long,60737.32,60983.99,TP,7.1561,245.6926,1.5
2024-08-10 02:20:00+00:00,2024-08-10 03:00:00+00:00,long,60656.0,60418.0,SL,-3.6854,242.0072,1.5
2024-08-10 04:00:00+00:00,2024-08-10 05:20:00+00:00,short,60306.04,60432.03,SL,-3.6301,238.3771,1.5
2024-08-10 09:10:00+00:00,2024-08-10 12:55:00+00:00,long,60859.8,60722.81,SL,-3.5757,234.8014,1.5
2024-08-10 15:55:00+00:00,2024-08-10 16:20:00+00:00,short,60515.89,60644.39,SL,-3.522,231.2794,1.5
2024-08-10 16:25:00+00:00,2024-08-10 18:10:00+00:00,long,60693.93,61115.99,TP,6.9384,238.2178,1.5
2024-08-10 19:30:00+00:00,2024-08-10 19:50:00+00:00,long,61094.2,60967.62,SL,-3.5733,234.6445,1.5
2024-08-10 21:10:00+00:00,2024-08-10 21:40:00+00:00,long,61142.33,60988.52,SL,-3.5197,231.1248,1.5
2024-08-10 23:50:00+00:00,2024-08-11 00:05:00+00:00,long,60861.14,61117.99,TP,6.9337,238.0586,1.5
2024-08-11 01:50:00+00:00,2024-08-11 02:40:00+00:00,long,61130.0,61001.51,SL,-3.5709,234.4877,1.5
2024-08-11 03:05:00+00:00,2024-08-11 04:10:00+00:00,long,61138.86,60949.28,SL,-3.5173,230.9704,1.5
2024-08-11 05:25:00+00:00,2024-08-11 08:00:00+00:00,long,61029.99,61296.01,TP,6.9291,237.8995,1.5
2024-08-11 08:45:00+00:00,2024-08-11 09:35:00+00:00,long,61347.99,61176.72,SL,-3.5685,234.331,1.5
2024-08-11 12:45:00+00:00,2024-08-11 12:55:00+00:00,short,60310.0,60492.09,SL,-3.515,230.816,1.5
2024-08-11 14:50:00+00:00,2024-08-11 15:00:00+00:00,short,60306.0,60053.02,TP,6.9245,237.7405,1.5
2024-08-11 15:35:00+00:00,2024-08-11 19:15:00+00:00,short,60204.81,59898.64,TP,7.1322,244.8727,1.5
2024-08-11 23:55:00+00:00,2024-08-12 00:10:00+00:00,short,58712.59,58884.0,SL,-3.6731,241.1996,1.5
2024-08-12 00:25:00+00:00,2024-08-12 00:35:00+00:00,short,58650.63,58303.85,TP,7.236,248.4356,1.5
2024-08-12 02:35:00+00:00,2024-08-12 02:55:00+00:00,short,58411.51,58717.25,SL,-3.7265,244.7091,1.5
2024-08-12 03:55:00+00:00,2024-08-12 04:45:00+00:00,short,58509.5,58651.71,SL,-3.6706,241.0385,1.5
2024-08-12 05:45:00+00:00,2024-08-12 05:50:00+00:00,short,58460.79,58581.11,SL,-3.6156,237.4229,1.5
2024-08-12 08:40:00+00:00,2024-08-12 08:55:00+00:00,short,58630.88,58317.43,TP,7.1227,244.5456,1.5
2024-08-12 14:20:00+00:00,2024-08-12 14:30:00+00:00,long,59604.27,59902.86,TP,7.3364,251.8819,1.5
2024-08-12 16:00:00+00:00,2024-08-12 16:10:00+00:00,long,60204.8,59956.53,SL,-3.7782,248.1037,1.5
2024-08-12 20:55:00+00:00,2024-08-12 21:05:00+00:00,short,58841.96,58559.22,TP,7.4431,255.5468,1.5
2024-08-12 22:40:00+00:00,2024-08-12 23:00:00+00:00,short,58937.98,59172.0,SL,-3.8332,251.7136,1.5
2024-08-13 00:25:00+00:00,2024-08-13 00:30:00+00:00,long,59654.51,59507.99,SL,-3.7757,247.9379,1.5
2024-08-13 00:45:00+00:00,2024-08-13 02:10:00+00:00,long,59647.12,59471.99,SL,-3.7191,244.2189,1.5
2024-08-13 06:15:00+00:00,2024-08-13 06:35:00+00:00,short,59052.0,59252.0,SL,-3.6633,240.5556,1.5
2024-08-13 07:25:00+00:00,2024-08-13 07:35:00+00:00,short,59108.0,59261.36,SL,-3.6083,236.9472,1.5
2024-08-13 10:20:00+00:00,2024-08-13 10:25:00+00:00,short,58528.01,58714.01,SL,-3.5542,233.393,1.5
2024-08-13 13:20:00+00:00,2024-08-13 13:30:00+00:00,short,58896.0,59068.56,SL,-3.5009,229.8921,1.5
2024-08-13 13:35:00+00:00,2024-08-13 13:55:00+00:00,long,59151.97,59395.25,TP,6.8968,236.7889,1.5
2024-08-13 14:45:00+00:00,2024-08-13 15:05:00+00:00,long,59623.3,59453.97,SL,-3.5518,233.2371,1.5
2024-08-13 16:10:00+00:00,2024-08-13 16:30:00+00:00,long,59732.06,60140.51,TP,6.9971,240.2342,1.5
2024-08-13 19:55:00+00:00,2024-08-13 20:15:00+00:00,long,60820.15,60673.69,SL,-3.6035,236.6307,1.5
2024-08-13 21:20:00+00:00,2024-08-13 22:05:00+00:00,long,60875.29,60719.01,SL,-3.5495,233.0812,1.5
2024-08-13 23:50:00+00:00,2024-08-14 00:00:00+00:00,long,60581.88,60445.85,SL,-3.4962,229.585,1.5
2024-08-14 01:40:00+00:00,2024-08-14 01:45:00+00:00,long,60770.49,60607.6,SL,-3.4438,226.1412,1.5
2024-08-14 02:20:00+00:00,2024-08-14 03:20:00+00:00,long,60711.0,60954.0,TP,6.7842,232.9254,1.5
2024-08-14 06:50:00+00:00,2024-08-14 08:15:00+00:00,long,60828.06,60667.99,SL,-3.4939,229.4316,1.5
2024-08-14 08:30:00+00:00,2024-08-14 10:20:00+00:00,long,60903.97,61201.97,TP,6.8829,236.3145,1.5
2024-08-14 11:35:00+00:00,2024-08-14 12:25:00+00:00,long,61293.0,61688.0,TP,7.0894,243.4039,1.5
2024-08-14 16:30:00+00:00,2024-08-14 16:45:00+00:00,short,59005.79,59124.7,SL,-3.6511,239.7529,1.5
2024-08-14 18:40:00+00:00,2024-08-14 19:00:00+00:00,short,58929.51,59099.99,SL,-3.5963,236.1566,1.5
2024-08-14 21:30:00+00:00,2024-08-14 22:00:00+00:00,short,58932.0,58628.0,TP,7.0847,243.2413,1.5
2024-08-14 23:35:00+00:00,2024-08-15 00:35:00+00:00,short,58848.0,58993.99,SL,-3.6486,239.5927,1.5
2024-08-15 01:25:00+00:00,2024-08-15 01:55:00+00:00,short,58833.43,58204.93,TP,7.1878,246.7805,1.5
2024-08-15 04:15:00+00:00,2024-08-15 05:20:00+00:00,short,58301.3,58588.23,SL,-3.7017,243.0787,1.5
2024-08-15 06:00:00+00:00,2024-08-15 06:20:00+00:00,short,58372.9,58054.0,TP,7.2924,250.3711,1.5
2024-08-15 10:00:00+00:00,2024-08-15 11:25:00+00:00,short,58411.99,58736.39,SL,-3.7556,246.6155,1.5
2024-08-15 12:10:00+00:00,2024-08-15 12:30:00+00:00,short,58647.92,58837.22,SL,-3.6992,242.9163,1.5
2024-08-15 12:35:00+00:00,2024-08-15 12:50:00+00:00,long,59265.23,58986.2,SL,-3.6437,239.2726,1.5
2024-08-15 13:25:00+00:00,2024-08-15 13:55:00+00:00,long,59167.09,59451.34,TP,7.1782,246.4507,1.5
2024-08-15 14:35:00+00:00,2024-08-15 14:55:00+00:00,long,59574.03,59416.35,SL,-3.6968,242.754,1.5
2024-08-15 16:00:00+00:00,2024-08-15 16:10:00+00:00,long,59770.05,59604.49,SL,-3.6413,239.1127,1.5
2024-08-15 16:25:00+00:00,2024-08-15 16:30:00+00:00,long,59825.74,59636.7,SL,-3.5867,235.526,1.5
2024-08-15 23:10:00+00:00,2024-08-16 00:25:00+00:00,short,57658.57,57402.23,TP,7.0658,242.5918,1.5
2024-08-16 04:35:00+00:00,2024-08-16 06:30:00+00:00,long,58156.01,58417.93,TP,7.2778,249.8695,1.5
2024-08-16 08:05:00+00:00,2024-08-16 08:15:00+00:00,long,58594.73,58476.41,SL,-3.748,246.1215,1.5
2024-08-16 09:20:00+00:00,2024-08-16 10:10:00+00:00,long,58506.24,58388.01,SL,-3.6918,242.4296,1.5
2024-08-16 11:20:00+00:00,2024-08-16 11:25:00+00:00,long,58604.0,58475.21,SL,-3.6364,238.7932,1.5
2024-08-16 12:00:00+00:00,2024-08-16 12:10:00+00:00,long,58474.13,58264.3,SL,-3.5819,235.2113,1.5
2024-08-16 14:05:00+00:00,2024-08-16 14:15:00+00:00,short,58115.61,58294.88,SL,-3.5282,231.6831,1.5
2024-08-16 19:20:00+00:00,2024-08-16 20:05:00+00:00,long,59716.09,59587.61,SL,-3.4752,228.2079,1.5
2024-08-16 22:15:00+00:00,2024-08-16 23:00:00+00:00,long,59076.52,58913.2,SL,-3.4231,224.7848,1.5
2024-08-16 23:25:00+00:00,2024-08-16 23:50:00+00:00,long,59003.99,58874.01,SL,-3.3718,221.413,1.5
2024-08-17 03:55:00+00:00,2024-08-17 09:30:00+00:00,long,59158.37,59400.68,TP,6.6424,228.0554,1.5
2024-08-17 12:00:00+00:00,2024-08-17 13:25:00+00:00,long,59154.26,59405.64,TP,6.8417,234.897,1.5
2024-08-17 14:40:00+00:00,2024-08-17 17:00:00+00:00,long,59393.7,59662.44,TP,7.0469,241.944,1.5
2024-08-17 19:05:00+00:00,2024-08-17 21:15:00+00:00,long,59446.94,59322.89,SL,-3.6292,238.3148,1.5
2024-08-18 02:35:00+00:00,2024-08-18 02:50:00+00:00,long,59558.15,59877.0,TP,7.1494,245.4642,1.5
2024-08-18 04:55:00+00:00,2024-08-18 08:55:00+00:00,long,59456.0,59706.02,TP,7.3639,252.8282,1.5
2024-08-18 09:45:00+00:00,2024-08-18 10:15:00+00:00,long,59830.48,60132.95,TP,7.5848,260.413,1.5
2024-08-18 12:00:00+00:00,2024-08-18 13:55:00+00:00,long,60020.01,59828.0,SL,-3.9062,256.5068,1.5
2024-08-18 15:25:00+00:00,2024-08-18 17:10:00+00:00,long,59848.23,59718.89,SL,-3.8476,252.6592,1.5
2024-08-19 04:10:00+00:00,2024-08-19 05:30:00+00:00,short,58657.08,58386.59,TP,7.5798,260.239,1.5
2024-08-19 06:05:00+00:00,2024-08-19 06:30:00+00:00,short,58390.83,58547.59,SL,-3.9036,256.3354,1.5
2024-08-19 07:30:00+00:00,2024-08-19 09:45:00+00:00,short,58548.01,58196.75,TP,7.6901,264.0255,1.5
2024-08-19 13:45:00+00:00,2024-08-19 13:50:00+00:00,short,58536.01,58244.01,TP,7.9208,271.9462,1.5
2024-08-19 16:05:00+00:00,2024-08-19 16:50:00+00:00,short,58487.9,58662.0,SL,-4.0792,267.867,1.5
2024-08-19 16:55:00+00:00,2024-08-19 17:30:00+00:00,long,58705.99,59259.34,TP,8.036,275.9031,1.5
2024-08-19 18:40:00+00:00,2024-08-19 18:55:00+00:00,long,59141.07,59011.99,SL,-4.1385,271.7645,1.5
2024-08-19 20:20:00+00:00,2024-08-19 21:10:00+00:00,long,59120.01,58987.91,SL,-4.0765,267.688,1.5
2024-08-19 22:35:00+00:00,2024-08-19 23:45:00+00:00,long,59172.0,59448.0,TP,8.0306,275.7187,1.5
2024-08-20 04:05:00+00:00,2024-08-20 05:15:00+00:00,long,60745.99,61275.97,TP,8.2716,283.9902,1.5
2024-08-20 09:00:00+00:00,2024-08-20 10:30:00+00:00,long,60853.56,60718.2,SL,-4.2599,279.7304,1.5
2024-08-20 12:05:00+00:00,2024-08-20 13:10:00+00:00,long,60615.0,60467.6,SL,-4.196,275.5344,1.5
2024-08-20 13:40:00+00:00,2024-08-20 14:05:00+00:00,long,60774.98,60599.74,SL,-4.133,271.4014,1.5
2024-08-20 19:15:00+00:00,2024-08-20 19:30:00+00:00,short,59279.49,59409.56,SL,-4.071,267.3304,1.5
2024-08-20 20:30:00+00:00,2024-08-20 21:00:00+00:00,short,59505.08,59241.24,TP,8.0199,275.3503,1.5
2024-08-20 23:10:00+00:00,2024-08-20 23:55:00+00:00,short,59291.35,59013.8,TP,8.2605,283.6108,1.5
2024-08-21 00:55:00+00:00,2024-08-21 01:40:00+00:00,short,58989.0,59117.12,SL,-4.2542,279.3567,1.5
2024-08-21 03:15:00+00:00,2024-08-21 06:10:00+00:00,short,59342.11,59512.01,SL,-4.1903,275.1663,1.5
2024-08-21 08:00:00+00:00,2024-08-21 08:05:00+00:00,long,59836.15,59555.98,SL,-4.1275,271.0388,1.5
2024-08-21 11:40:00+00:00,2024-08-21 12:25:00+00:00,short,59324.45,59443.33,SL,-4.0656,266.9732,1.5
2024-08-21 13:55:00+00:00,2024-08-21 14:10:00+00:00,long,59928.0,59548.01,SL,-4.0046,262.9686,1.5
2024-08-21 14:50:00+00:00,2024-08-21 15:00:00+00:00,short,59302.25,59459.99,SL,-3.9445,259.0241,1.5
2024-08-21 15:35:00+00:00,2024-08-21 15:55:00+00:00,long,59707.99,59511.8,SL,-3.8854,255.1387,1.5
2024-08-21 16:30:00+00:00,2024-08-21 17:25:00+00:00,long,59673.15,59933.62,TP,7.6542,262.7929,1.5
2024-08-21 22:30:00+00:00,2024-08-21 22:40:00+00:00,long,61451.39,61286.0,SL,-3.9419,258.851,1.5
2024-08-22 01:30:00+00:00,2024-08-22 01:40:00+00:00,long,60932.98,60810.0,SL,-3.8828,254.9682,1.5
2024-08-22 01:55:00+00:00,2024-08-22 02:15:00+00:00,long,60970.0,60768.65,SL,-3.8245,251.1437,1.5
2024-08-22 06:00:00+00:00,2024-08-22 06:20:00+00:00,long,60871.82,60718.78,SL,-3.7672,247.3766,1.5
2024-08-22 07:40:00+00:00,2024-08-22 10:30:00+00:00,long,60849.99,61197.65,TP,7.4213,254.7979,1.5
2024-08-22 14:45:00+00:00,2024-08-22 14:50:00+00:00,short,60378.87,60502.0,SL,-3.822,250.9759,1.5
2024-08-22 15:30:00+00:00,2024-08-22 16:20:00+00:00,short,60352.01,60488.72,SL,-3.7646,247.2113,1.5
2024-08-22 17:45:00+00:00,2024-08-22 18:15:00+00:00,short,60266.0,60498.0,SL,-3.7082,243.5031,1.5
2024-08-22 19:05:00+00:00,2024-08-22 20:00:00+00:00,short,60341.54,60504.51,SL,-3.6525,239.8505,1.5
2024-08-22 21:55:00+00:00,2024-08-23 00:25:00+00:00,short,60545.47,60679.98,SL,-3.5978,236.2528,1.5
2024-08-23 04:10:00+00:00,2024-08-23 05:10:00+00:00,long,60650.0,60894.84,TP,7.0876,243.3404,1.5
2024-08-23 06:00:00+00:00,2024-08-23 06:30:00+00:00,long,60975.74,60844.77,SL,-3.6501,239.6903,1.5
2024-08-23 06:45:00+00:00,2024-08-23 07:20:00+00:00,long,61186.0,61053.12,SL,-3.5954,236.0949,1.5
2024-08-23 08:20:00+00:00,2024-08-23 09:45:00+00:00,long,61244.07,61089.39,SL,-3.5414,232.5535,1.5
2024-08-23 12:05:00+00:00,2024-08-23 12:45:00+00:00,long,60853.09,61105.64,TP,6.9766,239.5301,1.5
2024-08-23 13:55:00+00:00,2024-08-23 14:00:00+00:00,long,61119.99,61614.12,TP,7.1859,246.716,1.5
2024-08-23 14:45:00+00:00,2024-08-23 14:55:00+00:00,short,60809.01,60994.91,SL,-3.7007,243.0152,1.5
2024-08-23 15:35:00+00:00,2024-08-23 15:50:00+00:00,long,61690.0,61541.13,SL,-3.6452,239.37,1.5
2024-08-23 16:35:00+00:00,2024-08-23 16:40:00+00:00,long,61745.82,61597.99,SL,-3.5905,235.7795,1.5
2024-08-23 16:50:00+00:00,2024-08-23 17:35:00+00:00,long,61705.99,61974.0,TP,7.0734,242.8529,1.5
2024-08-23 19:20:00+00:00,2024-08-23 20:45:00+00:00,long,63695.99,63567.42,SL,-3.6428,239.2101,1.5
2024-08-23 21:20:00+00:00,2024-08-23 22:30:00+00:00,long,64375.76,64843.91,TP,7.1763,246.3864,1.5
2024-08-24 00:55:00+00:00,2024-08-24 01:15:00+00:00,long,63961.78,63762.98,SL,-3.6958,242.6906,1.5
2024-08-24 01:55:00+00:00,2024-08-24 06:35:00+00:00,long,63836.48,64150.0,TP,7.2807,249.9713,1.5
2024-08-24 08:55:00+00:00,2024-08-24 09:05:00+00:00,long,64416.0,64253.0,SL,-3.7496,246.2217,1.5
2024-08-24 10:00:00+00:00,2024-08-24 10:45:00+00:00,long,64358.62,64219.01,SL,-3.6933,242.5284,1.5
2024-08-24 12:15:00+00:00,2024-08-24 15:40:00+00:00,long,64083.0,63952.97,SL,-3.6379,238.8905,1.5
2024-08-24 16:15:00+00:00,2024-08-24 18:10:00+00:00,long,64085.99,63946.0,SL,-3.5834,235.3071,1.5
2024-08-24 18:25:00+00:00,2024-08-24 18:40:00+00:00,long,64400.0,64177.81,SL,-3.5296,231.7775,1.5
2024-08-25 02:30:00+00:00,2024-08-25 02:45:00+00:00,long,64269.0,64138.99,SL,-3.4767,228.3008,1.5
2024-08-25 04:25:00+00:00,2024-08-25 07:05:00+00:00,long,64078.0,63935.45,SL,-3.4245,224.8763,1.5
2024-08-25 09:15:00+00:00,2024-08-25 11:25:00+00:00,short,63845.0,63980.99,SL,-3.3731,221.5032,1.5
2024-08-25 11:55:00+00:00,2024-08-25 13:20:00+00:00,short,63873.91,64029.18,SL,-3.3225,218.1806,1.5
2024-08-25 15:25:00+00:00,2024-08-25 15:30:00+00:00,long,64241.0,64094.01,SL,-3.2727,214.9079,1.5
2024-08-25 17:35:00+00:00,2024-08-25 21:25:00+00:00,long,64134.01,64466.66,TP,6.4472,221.3552,1.5
2024-08-25 23:00:00+00:00,2024-08-25 23:40:00+00:00,long,64607.0,64386.0,SL,-3.3203,218.0348,1.5
2024-08-26 01:40:00+00:00,2024-08-26 04:00:00+00:00,short,63996.0,64161.0,SL,-3.2705,214.7643,1.5
2024-08-26 04:40:00+00:00,2024-08-26 06:50:00+00:00,short,64036.0,63721.01,TP,6.4429,221.2072,1.5
2024-08-26 07:45:00+00:00,2024-08-26 08:10:00+00:00,short,63657.0,63788.14,SL,-3.3181,217.8891,1.5
2024-08-26 09:05:00+00:00,2024-08-26 09:55:00+00:00,short,63668.62,63856.99,SL,-3.2683,214.6208,1.5
2024-08-26 10:50:00+00:00,2024-08-26 11:25:00+00:00,short,63801.01,63957.99,SL,-3.2193,211.4015,1.5
2024-08-26 11:45:00+00:00,2024-08-26 12:40:00+00:00,short,63883.96,63554.0,TP,6.342,217.7435,1.5
2024-08-26 13:50:00+00:00,2024-08-26 13:55:00+00:00,short,63592.99,63766.0,SL,-3.2662,214.4774,1.5
2024-08-26 14:10:00+00:00,2024-08-26 14:35:00+00:00,short,63536.02,63184.5,TP,6.4343,220.9117,1.5
2024-08-26 17:35:00+00:00,2024-08-26 17:50:00+00:00,short,63519.0,63206.99,TP,6.6273,227.539,1.5
2024-08-26 19:25:00+00:00,2024-08-26 20:05:00+00:00,short,63509.28,63253.0,TP,6.8262,234.3652,1.5
2024-08-26 21:10:00+00:00,2024-08-26 21:20:00+00:00,short,63244.78,62983.0,TP,7.031,241.3962,1.5
2024-08-26 22:35:00+00:00,2024-08-26 23:20:00+00:00,short,62973.99,63139.01,SL,-3.6209,237.7752,1.5
2024-08-26 23:50:00+00:00,2024-08-27 00:35:00+00:00,short,62861.65,63030.01,SL,-3.5666,234.2086,1.5
2024-08-27 00:55:00+00:00,2024-08-27 01:00:00+00:00,short,62722.0,63072.72,SL,-3.5131,230.6955,1.5
2024-08-27 02:35:00+00:00,2024-08-27 03:00:00+00:00,short,63077.99,62800.0,TP,6.9209,237.6163,1.5
2024-08-27 06:00:00+00:00,2024-08-27 06:35:00+00:00,short,63071.7,62809.0,TP,7.1285,244.7448,1.5
2024-08-27 08:20:00+00:00,2024-08-27 09:15:00+00:00,short,62762.31,62931.09,SL,-3.6712,241.0737,1.5
2024-08-27 09:40:00+00:00,2024-08-27 10:20:00+00:00,short,62630.99,62273.07,TP,7.2322,248.3059,1.5
2024-08-27 12:25:00+00:00,2024-08-27 13:25:00+00:00,short,62315.0,62451.01,SL,-3.7246,244.5813,1.5
2024-08-27 13:35:00+00:00,2024-08-27 13:45:00+00:00,short,62177.99,62305.0,SL,-3.6687,240.9126,1.5
2024-08-27 16:50:00+00:00,2024-08-27 17:20:00+00:00,short,61567.65,61731.0,SL,-3.6137,237.2989,1.5
2024-08-27 19:30:00+00:00,2024-08-27 21:10:00+00:00,short,62060.0,61586.42,TP,7.119,244.4178,1.5
2024-08-28 04:35:00+00:00,2024-08-28 05:05:00+00:00,short,59545.0,59305.68,TP,7.3325,251.7504,1.5
2024-08-28 10:35:00+00:00,2024-08-28 11:05:00+00:00,short,59702.0,59836.0,SL,-3.7763,247.9741,1.5
2024-08-28 11:30:00+00:00,2024-08-28 11:40:00+00:00,long,60059.0,59904.17,SL,-3.7196,244.2545,1.5
2024-08-28 16:15:00+00:00,2024-08-28 16:20:00+00:00,short,58183.01,57946.34,TP,7.3276,251.5821,1.5
2024-08-28 18:00:00+00:00,2024-08-28 18:10:00+00:00,short,58722.92,58887.1,SL,-3.7737,247.8084,1.5
2024-08-28 19:35:00+00:00,2024-08-28 19:55:00+00:00,short,59220.0,58898.85,TP,7.4343,255.2427,1.5
2024-08-28 21:50:00+00:00,2024-08-28 22:10:00+00:00,short,59239.01,58997.01,TP,7.6573,262.8999,1.5
2024-08-29 00:30:00+00:00,2024-08-29 00:35:00+00:00,short,58935.0,59064.0,SL,-3.9435,258.9564,1.5
2024-08-29 01:15:00+00:00,2024-08-29 02:05:00+00:00,short,58957.0,59081.09,SL,-3.8843,255.0721,1.5
2024-08-29 03:15:00+00:00,2024-08-29 04:05:00+00:00,short,59066.01,59186.0,SL,-3.8261,251.246,1.5
2024-08-29 04:15:00+00:00,2024-08-29 05:15:00+00:00,short,59112.61,59335.0,SL,-3.7687,247.4773,1.5
2024-08-29 09:00:00+00:00,2024-08-29 11:15:00+00:00,long,59646.99,59896.01,TP,7.4243,254.9016,1.5
2024-08-29 13:10:00+00:00,2024-08-29 13:20:00+00:00,long,60419.99,60271.99,SL,-3.8235,251.0781,1.5
2024-08-29 13:55:00+00:00,2024-08-29 14:40:00+00:00,long,60626.01,60879.99,TP,7.5323,258.6105,1.5
2024-08-29 15:25:00+00:00,2024-08-29 15:50:00+00:00,long,61019.99,60813.99,SL,-3.8792,254.7313,1.5
2024-08-29 17:35:00+00:00,2024-08-29 18:05:00+00:00,long,60501.0,60238.99,SL,-3.821,250.9103,1.5
2024-08-29 18:10:00+00:00,2024-08-29 18:15:00+00:00,short,59999.99,59621.11,TP,7.5273,258.4376,1.5
2024-08-29 22:00:00+00:00,2024-08-29 22:05:00+00:00,short,59304.96,58891.11,TP,7.7531,266.1908,1.5
2024-08-30 00:10:00+00:00,2024-08-30 00:25:00+00:00,short,59200.0,59324.0,SL,-3.9929,262.1979,1.5
2024-08-30 00:55:00+00:00,2024-08-30 03:10:00+00:00,short,59204.01,58932.01,TP,7.8659,270.0639,1.5
2024-08-30 05:00:00+00:00,2024-08-30 05:15:00+00:00,short,59017.99,58777.29,TP,8.1019,278.1658,1.5
2024-08-30 07:50:00+00:00,2024-08-30 08:10:00+00:00,short,59276.0,59397.75,SL,-4.1725,273.9933,1.5
2024-08-30 09:20:00+00:00,2024-08-30 11:15:00+00:00,long,59582.06,59453.52,SL,-4.1099,269.8834,1.5
2024-08-30 12:15:00+00:00,2024-08-30 13:45:00+00:00,long,59531.0,59202.0,SL,-4.0483,265.8351,1.5
2024-08-30 14:00:00+00:00,2024-08-30 14:05:00+00:00,long,59765.02,59571.78,SL,-3.9875,261.8476,1.5
2024-08-30 14:10:00+00:00,2024-08-30 14:40:00+00:00,short,59314.83,58860.14,TP,7.8554,269.703,1.5
2024-08-30 19:10:00+00:00,2024-08-30 19:55:00+00:00,short,58950.99,58700.02,TP,8.0911,277.7941,1.5
2024-08-30 20:55:00+00:00,2024-08-31 00:20:00+00:00,long,59048.0,59312.0,TP,8.3338,286.1279,1.5
2024-08-31 03:30:00+00:00,2024-08-31 07:20:00+00:00,long,59235.0,59085.0,SL,-4.2919,281.836,1.5
2024-08-31 07:45:00+00:00,2024-08-31 08:45:00+00:00,long,59171.01,59029.0,SL,-4.2275,277.6085,1.5
2024-08-31 12:40:00+00:00,2024-08-31 13:50:00+00:00,long,59203.99,59052.01,SL,-4.1641,273.4444,1.5
2024-08-31 14:35:00+00:00,2024-08-31 15:25:00+00:00,long,59123.01,58986.99,SL,-4.1017,269.3427,1.5
2024-08-31 16:45:00+00:00,2024-08-31 18:05:00+00:00,short,58923.59,59100.0,SL,-4.0401,265.3026,1.5
2024-08-31 18:50:00+00:00,2024-08-31 21:35:00+00:00,short,58910.0,59038.0,SL,-3.9795,261.323,1.5
2024-09-01 00:05:00+00:00,2024-09-01 00:40:00+00:00,long,59035.76,58908.99,SL,-3.9198,257.4032,1.5
2024-09-01 04:55:00+00:00,2024-09-01 05:20:00+00:00,short,58442.0,58054.01,TP,7.7221,265.1253,1.5
2024-09-01 08:30:00+00:00,2024-09-01 09:30:00+00:00,short,58220.0,58346.73,SL,-3.9769,261.1484,1.5
2024-09-01 09:50:00+00:00,2024-09-01 10:20:00+00:00,short,58212.0,57943.01,TP,7.8345,268.9828,1.5
2024-09-01 12:35:00+00:00,2024-09-01 13:45:00+00:00,short,58044.01,57809.01,TP,8.0695,277.0523,1.5
2024-09-01 14:10:00+00:00,2024-09-01 14:15:00+00:00,short,57519.74,57807.95,SL,-4.1558,272.8965,1.5
2024-09-01 16:30:00+00:00,2024-09-01 18:15:00+00:00,short,58112.01,58257.99,SL,-4.0934,268.8031,1.5
2024-09-01 20:10:00+00:00,2024-09-01 20:35:00+00:00,long,58577.98,58450.0,SL,-4.032,264.771,1.5
2024-09-02 02:35:00+00:00,2024-09-02 02:50:00+00:00,short,57305.0,57470.18,SL,-3.9716,260.7995,1.5
2024-09-02 04:20:00+00:00,2024-09-02 05:40:00+00:00,short,57650.0,57816.0,SL,-3.912,256.8875,1.5
2024-09-02 06:25:00+00:00,2024-09-02 07:35:00+00:00,short,57745.0,57435.0,TP,7.7066,264.5941,1.5
2024-09-02 08:10:00+00:00,2024-09-02 08:25:00+00:00,long,57833.01,58161.09,TP,7.9378,272.5319,1.5
2024-09-02 09:50:00+00:00,2024-09-02 11:20:00+00:00,long,58320.01,58593.0,TP,8.176,280.7079,1.5
2024-09-02 11:25:00+00:00,2024-09-02 11:35:00+00:00,long,58666.6,58546.0,SL,-4.2106,276.4973,1.5
2024-09-02 14:25:00+00:00,2024-09-02 14:30:00+00:00,long,58410.33,58663.99,TP,8.2949,284.7922,1.5
2024-09-02 17:30:00+00:00,2024-09-02 20:50:00+00:00,long,58450.99,59096.99,TP,8.5438,293.336,1.5
2024-09-02 23:05:00+00:00,2024-09-02 23:20:00+00:00,long,59345.0,59211.99,SL,-4.4,288.9359,1.5
2024-09-03 00:55:00+00:00,2024-09-03 02:05:00+00:00,long,59257.99,59651.79,TP,8.6681,297.604,1.5
2024-09-03 04:30:00+00:00,2024-09-03 04:50:00+00:00,long,59195.5,59047.99,SL,-4.4641,293.1399,1.5
2024-09-03 05:05:00+00:00,2024-09-03 06:00:00+00:00,long,59169.0,59023.0,SL,-4.3971,288.7428,1.5
2024-09-03 07:15:00+00:00,2024-09-03 08:35:00+00:00,long,58950.0,58811.99,SL,-4.3311,284.4117,1.5
2024-09-03 11:30:00+00:00,2024-09-03 13:30:00+00:00,long,59071.01,58861.99,SL,-4.2662,280.1455,1.5
2024-09-03 18:00:00+00:00,2024-09-03 18:10:00+00:00,short,57623.0,57776.0,SL,-4.2022,275.9433,1.5
2024-09-03 19:35:00+00:00,2024-09-03 20:00:00+00:00,short,57938.03,58123.0,SL,-4.1391,271.8042,1.5
2024-09-03 20:45:00+00:00,2024-09-03 20:55:00+00:00,short,58084.0,58228.0,SL,-4.0771,267.7271,1.5
2024-09-03 21:00:00+00:00,2024-09-03 22:30:00+00:00,short,58174.0,57935.0,TP,8.0318,275.7589,1.5
2024-09-04 00:55:00+00:00,2024-09-04 01:00:00+00:00,short,57140.02,55657.13,TP,8.2728,284.0317,1.5
2024-09-04 04:20:00+00:00,2024-09-04 04:50:00+00:00,short,56591.11,56725.01,SL,-4.2605,279.7712,1.5
2024-09-04 05:10:00+00:00,2024-09-04 05:35:00+00:00,short,56561.11,56322.99,TP,8.3931,288.1644,1.5
2024-09-04 08:40:00+00:00,2024-09-04 09:00:00+00:00,short,56706.21,56845.01,SL,-4.3225,283.8419,1.5
2024-09-04 13:05:00+00:00,2024-09-04 13:30:00+00:00,short,56483.65,56680.44,SL,-4.2576,279.5843,1.5
2024-09-04 13:35:00+00:00,2024-09-04 14:05:00+00:00,short,56382.99,56714.01,SL,-4.1938,275.3905,1.5
2024-09-04 14:15:00+00:00,2024-09-04 14:30:00+00:00,short,56387.0,56647.99,SL,-4.1309,271.2597,1.5
2024-09-04 19:20:00+00:00,2024-09-04 20:00:00+00:00,long,57857.99,58126.0,TP,8.1378,279.3974,1.5
2024-09-04 21:50:00+00:00,2024-09-04 22:10:00+00:00,long,58088.01,58371.0,TP,8.3819,287.7794,1.5
2024-09-05 00:15:00+00:00,2024-09-05 00:55:00+00:00,long,58173.0,57997.75,SL,-4.3167,283.4627,1.5
2024-09-05 01:30:00+00:00,2024-09-05 01:50:00+00:00,long,58169.57,58045.41,SL,-4.2519,279.2107,1.5
2024-09-05 06:20:00+00:00,2024-09-05 06:25:00+00:00,short,56570.92,56851.99,SL,-4.1882,275.0226,1.5
2024-09-05 08:30:00+00:00,2024-09-05 09:20:00+00:00,short,57022.01,56768.99,TP,8.2507,283.2733,1.5
2024-09-05 12:00:00+00:00,2024-09-05 12:10:00+00:00,short,56644.85,56842.99,SL,-4.2491,279.0242,1.5
2024-09-05 12:15:00+00:00,2024-09-05 12:55:00+00:00,short,56545.88,56662.0,SL,-4.1854,274.8388,1.5
2024-09-05 14:45:00+00:00,2024-09-05 15:00:00+00:00,short,56771.0,56298.96,TP,8.2452,283.084,1.5
2024-09-05 18:55:00+00:00,2024-09-05 19:15:00+00:00,short,56548.99,56272.0,TP,8.4925,291.5765,1.5
2024-09-05 22:10:00+00:00,2024-09-05 23:10:00+00:00,short,56014.03,56135.99,SL,-4.3736,287.2028,1.5
2024-09-06 00:35:00+00:00,2024-09-06 00:55:00+00:00,short,56021.0,56182.0,SL,-4.308,282.8948,1.5
2024-09-06 07:10:00+00:00,2024-09-06 07:15:00+00:00,short,56196.0,55943.99,TP,8.4868,291.3816,1.5
2024-09-06 11:15:00+00:00,2024-09-06 12:15:00+00:00,short,56109.59,55848.01,TP,8.7414,300.1231,1.5
2024-09-06 12:30:00+00:00,2024-09-06 12:35:00+00:00,long,56414.0,56735.01,TP,9.0037,309.1268,1.5
2024-09-06 13:35:00+00:00,2024-09-06 13:45:00+00:00,short,56272.12,56012.57,TP,9.2738,318.4006,1.5
2024-09-06 18:00:00+00:00,2024-09-06 18:50:00+00:00,short,53802.01,53567.0,TP,9.552,327.9526,1.5
2024-09-06 19:35:00+00:00,2024-09-06 19:40:00+00:00,short,53292.01,53424.21,SL,-4.9193,323.0333,1.5
2024-09-06 20:30:00+00:00,2024-09-06 20:40:00+00:00,short,53196.0,53404.43,SL,-4.8455,318.1878,1.5
2024-09-06 22:55:00+00:00,2024-09-06 23:20:00+00:00,short,53644.01,53791.1,SL,-4.7728,313.415,1.5
2024-09-07 00:25:00+00:00,2024-09-07 00:40:00+00:00,short,53940.01,54052.0,SL,-4.7012,308.7138,1.5
2024-09-07 00:50:00+00:00,2024-09-07 05:05:00+00:00,short,53972.0,54322.4,SL,-4.6307,304.0831,1.5
2024-09-07 05:55:00+00:00,2024-09-07 06:50:00+00:00,short,54185.01,54348.05,SL,-4.5612,299.5218,1.5
2024-09-07 08:40:00+00:00,2024-09-07 09:20:00+00:00,long,54352.0,54222.11,SL,-4.4928,295.029,1.5
2024-09-07 10:10:00+00:00,2024-09-07 12:45:00+00:00,long,54302.0,54592.99,TP,8.8509,303.8799,1.5
2024-09-07 13:30:00+00:00,2024-09-07 13:40:00+00:00,long,54619.0,54481.09,SL,-4.5582,299.3217,1.5
2024-09-07 15:00:00+00:00,2024-09-07 16:35:00+00:00,long,54656.0,54529.0,SL,-4.4898,294.8318,1.5
2024-09-07 20:20:00+00:00,2024-09-07 21:10:00+00:00,short,54259.71,53992.01,TP,8.845,303.6768,1.5
2024-09-07 22:15:00+00:00,2024-09-07 23:25:00+00:00,short,53904.81,54052.0,SL,-4.5552,299.1216,1.5
2024-09-08 00:40:00+00:00,2024-09-08 00:50:00+00:00,short,54000.0,54141.0,SL,-4.4868,294.6348,1.5
2024-09-08 01:45:00+00:00,2024-09-08 02:00:00+00:00,short,54196.0,54321.99,SL,-4.4195,290.2153,1.5
2024-09-08 04:05:00+00:00,2024-09-08 06:35:00+00:00,long,54423.89,54298.0,SL,-4.3532,285.8621,1.5
2024-09-08 07:10:00+00:00,2024-09-08 08:05:00+00:00,long,54485.01,54362.01,SL,-4.2879,281.5741,1.5
2024-09-08 08:40:00+00:00,2024-09-08 11:10:00+00:00,long,54439.87,54666.88,TP,8.4472,290.0213,1.5
2024-09-08 15:10:00+00:00,2024-09-08 15:50:00+00:00,short,54051.0,53766.24,TP,8.7006,298.722,1.5
2024-09-08 21:00:00+00:00,2024-09-08 21:05:00+00:00,long,54377.48,54611.45,TP,8.9617,307.6836,1.5
2024-09-08 23:45:00+00:00,2024-09-08 23:50:00+00:00,long,54964.94,54824.0,SL,-4.6153,303.0684,1.5
2024-09-09 00:15:00+00:00,2024-09-09 00:30:00+00:00,long,55112.29,54942.49,SL,-4.546,298.5224,1.5
2024-09-09 01:00:00+00:00,2024-09-09 01:05:00+00:00,long,55309.99,55167.99,SL,-4.4778,294.0445,1.5
2024-09-09 01:45:00+00:00,2024-09-09 02:00:00+00:00,long,55211.53,54981.01,SL,-4.4107,289.6339,1.5
2024-09-09 02:55:00+00:00,2024-09-09 03:15:00+00:00,long,55113.0,54841.27,SL,-4.3445,285.2894,1.5
2024-09-09 03:30:00+00:00,2024-09-09 04:15:00+00:00,long,55131.01,55020.0,SL,-4.2793,281.01,1.5
2024-09-09 05:35:00+00:00,2024-09-09 05:40:00+00:00,long,54926.0,54708.0,SL,-4.2152,276.7949,1.5
2024-09-09 06:10:00+00:00,2024-09-09 07:35:00+00:00,long,54770.0,55010.87,TP,8.3038,285.0987,1.5
2024-09-09 10:25:00+00:00,2024-09-09 11:00:00+00:00,long,55440.0,55281.11,SL,-4.2765,280.8222,1.5
2024-09-09 12:50:00+00:00,2024-09-09 13:50:00+00:00,long,55338.0,55646.0,TP,8.4247,289.2469,1.5
2024-09-09 15:25:00+00:00,2024-09-09 16:05:00+00:00,long,55249.27,55540.0,TP,8.6774,297.9243,1.5
2024-09-09 19:25:00+00:00,2024-09-09 19:50:00+00:00,long,56871.51,57109.98,TP,8.9377,306.862,1.5
2024-09-09 21:05:00+00:00,2024-09-09 21:10:00+00:00,long,57158.0,57504.13,TP,9.2059,316.0679,1.5
2024-09-10 00:50:00+00:00,2024-09-10 01:30:00+00:00,long,56935.98,56814.01,SL,-4.741,311.3269,1.5
2024-09-10 01:55:00+00:00,2024-09-10 02:05:00+00:00,long,56900.0,56755.92,SL,-4.6699,306.657,1.5
2024-09-10 02:35:00+00:00,2024-09-10 03:10:00+00:00,long,56778.0,56663.99,SL,-4.5999,302.0571,1.5
2024-09-10 04:15:00+00:00,2024-09-10 04:35:00+00:00,long,56692.02,56499.0,SL,-4.5309,297.5263,1.5
2024-09-10 07:20:00+00:00,2024-09-10 08:05:00+00:00,long,57108.49,57356.37,TP,8.9258,306.452,1.5
2024-09-10 09:45:00+00:00,2024-09-10 10:05:00+00:00,long,57190.0,57062.01,SL,-4.5968,301.8553,1.5
2024-09-10 10:30:00+00:00,2024-09-10 11:35:00+00:00,long,57166.0,57035.31,SL,-4.5278,297.3274,1.5
2024-09-10 11:50:00+00:00,2024-09-10 13:00:00+00:00,long,57256.12,57094.28,SL,-4.4599,292.8675,1.5
2024-09-10 14:25:00+00:00,2024-09-10 15:00:00+00:00,long,57005.16,56836.0,SL,-4.393,288.4745,1.5
2024-09-10 15:50:00+00:00,2024-09-10 16:35:00+00:00,short,56682.0,56832.9,SL,-4.3271,284.1474,1.5
2024-09-10 19:40:00+00:00,2024-09-10 20:10:00+00:00,long,57932.0,57812.0,SL,-4.2622,279.8852,1.5
2024-09-10 22:50:00+00:00,2024-09-10 23:20:00+00:00,long,57562.5,57806.02,TP,8.3966,288.2817,1.5
2024-09-11 00:40:00+00:00,2024-09-11 01:20:00+00:00,long,57650.0,57445.99,SL,-4.3242,283.9575,1.5
2024-09-11 03:25:00+00:00,2024-09-11 03:35:00+00:00,short,56724.01,56866.0,SL,-4.2594,279.6982,1.5
2024-09-11 04:15:00+00:00,2024-09-11 04:25:00+00:00,short,56339.02,56500.0,SL,-4.1955,275.5027,1.5
2024-09-11 05:20:00+00:00,2024-09-11 06:10:00+00:00,short,56292.01,56412.48,SL,-4.1325,271.3701,1.5
2024-09-11 08:15:00+00:00,2024-09-11 08:40:00+00:00,short,56598.75,56356.47,TP,8.1411,279.5112,1.5
2024-09-11 10:15:00+00:00,2024-09-11 11:15:00+00:00,short,56596.01,56718.01,SL,-4.1927,275.3186,1.5
2024-09-11 12:30:00+00:00,2024-09-11 12:55:00+00:00,short,56600.0,56748.01,SL,-4.1298,271.1888,1.5
2024-09-11 13:00:00+00:00,2024-09-11 13:05:00+00:00,long,57012.01,56876.0,SL,-4.0678,267.121,1.5
2024-09-11 13:30:00+00:00,2024-09-11 13:50:00+00:00,short,56420.01,55876.01,TP,8.0136,275.1346,1.5
2024-09-11 22:05:00+00:00,2024-09-11 22:20:00+00:00,long,57399.99,57249.59,SL,-4.127,271.0076,1.5
2024-09-11 22:30:00+00:00,2024-09-12 00:20:00+00:00,long,57362.0,57664.13,TP,8.1302,279.1378,1.5
2024-09-12 01:25:00+00:00,2024-09-12 01:55:00+00:00,long,57773.99,58137.74,TP,8.3741,287.5119,1.5
2024-09-12 03:05:00+00:00,2024-09-12 05:35:00+00:00,long,58181.09,58024.27,SL,-4.3127,283.1993,1.5
2024-09-12 07:00:00+00:00,2024-09-12 07:05:00+00:00,long,58038.0,57915.31,SL,-4.248,278.9513,1.5
2024-09-12 11:15:00+00:00,2024-09-12 12:35:00+00:00,long,58032.22,57755.29,SL,-4.1843,274.767,1.5
2024-09-12 13:45:00+00:00,2024-09-12 13:50:00+00:00,short,57399.92,57604.15,SL,-4.1215,270.6455,1.5
2024-09-12 14:55:00+00:00,2024-09-12 15:00:00+00:00,short,57541.29,57741.61,SL,-4.0597,266.5858,1.5
2024-09-12 22:15:00+00:00,2024-09-13 01:00:00+00:00,long,58021.81,57900.71,SL,-3.9988,262.587,1.5
2024-09-13 01:50:00+00:00,2024-09-13 03:35:00+00:00,long,58074.08,57910.0,SL,-3.9388,258.6482,1.5
2024-09-13 04:40:00+00:00,2024-09-13 05:40:00+00:00,short,57860.49,57998.27,SL,-3.8797,254.7685,1.5
2024-09-13 06:10:00+00:00,2024-09-13 07:40:00+00:00,short,57868.01,57987.59,SL,-3.8215,250.947,1.5
2024-09-13 09:20:00+00:00,2024-09-13 11:50:00+00:00,long,58121.11,57994.0,SL,-3.7642,247.1828,1.5
2024-09-13 19:15:00+00:00,2024-09-13 19:50:00+00:00,long,59875.36,59687.99,SL,-3.7077,243.475,1.5
2024-09-13 20:40:00+00:00,2024-09-13 21:20:00+00:00,long,59947.52,60187.9,TP,7.3042,250.7793,1.5
2024-09-14 01:25:00+00:00,2024-09-14 01:55:00+00:00,long,60548.03,60406.06,SL,-3.7617,247.0176,1.5
2024-09-14 03:20:00+00:00,2024-09-14 04:10:00+00:00,long,60413.9,60291.69,SL,-3.7053,243.3123,1.5
2024-09-14 06:40:00+00:00,2024-09-14 10:45:00+00:00,long,60013.99,59823.99,SL,-3.6497,239.6626,1.5
2024-09-14 13:20:00+00:00,2024-09-14 14:20:00+00:00,short,59701.11,59823.99,SL,-3.5949,236.0677,1.5
2024-09-14 16:45:00+00:00,2024-09-14 18:00:00+00:00,long,59968.01,59834.01,SL,-3.541,232.5267,1.5
2024-09-14 22:00:00+00:00,2024-09-15 10:25:00+00:00,long,60070.02,59945.12,SL,-3.4879,229.0388,1.5
2024-09-15 11:05:00+00:00,2024-09-15 12:55:00+00:00,short,59927.99,60104.39,SL,-3.4356,225.6032,1.5
2024-09-15 14:00:00+00:00,2024-09-15 14:10:00+00:00,long,60216.16,60029.99,SL,-3.384,222.2191,1.5
2024-09-15 14:50:00+00:00,2024-09-15 16:30:00+00:00,long,60197.98,60062.0,SL,-3.3333,218.8859,1.5
2024-09-15 19:35:00+00:00,2024-09-15 21:00:00+00:00,short,59891.99,59579.99,TP,6.5666,225.4524,1.5
2024-09-15 22:05:00+00:00,2024-09-15 23:05:00+00:00,short,59461.5,58931.79,TP,6.7636,232.216,1.5
2024-09-16 00:15:00+00:00,2024-09-16 01:10:00+00:00,short,58830.5,58528.0,TP,6.9665,239.1825,1.5
2024-09-16 02:30:00+00:00,2024-09-16 02:35:00+00:00,short,58298.0,58459.65,SL,-3.5877,235.5948,1.5
2024-09-16 03:00:00+00:00,2024-09-16 03:15:00+00:00,short,58261.1,58407.98,SL,-3.5339,232.0608,1.5
2024-09-16 04:45:00+00:00,2024-09-16 05:05:00+00:00,short,58384.0,58525.99,SL,-3.4809,228.5799,1.5
2024-09-16 06:50:00+00:00,2024-09-16 07:10:00+00:00,short,58660.68,58797.99,SL,-3.4287,225.1512,1.5
2024-09-16 08:15:00+00:00,2024-09-16 08:20:00+00:00,short,58891.1,59099.06,SL,-3.3773,221.774,1.5
2024-09-16 08:40:00+00:00,2024-09-16 09:40:00+00:00,short,58972.01,58699.99,TP,6.6532,228.4272,1.5
2024-09-16 11:55:00+00:00,2024-09-16 12:05:00+00:00,short,58663.99,58783.72,SL,-3.4264,225.0008,1.5
2024-09-16 12:25:00+00:00,2024-09-16 13:30:00+00:00,short,58606.75,58254.01,TP,6.75,231.7508,1.5
2024-09-16 17:05:00+00:00,2024-09-16 17:40:00+00:00,short,57648.0,57852.42,SL,-3.4763,228.2745,1.5
2024-09-16 18:25:00+00:00,2024-09-16 18:55:00+00:00,short,57780.0,57896.0,SL,-3.4241,224.8504,1.5
2024-09-16 20:25:00+00:00,2024-09-16 21:50:00+00:00,short,57804.01,57964.2,SL,-3.3728,221.4777,1.5
2024-09-17 03:55:00+00:00,2024-09-17 04:20:00+00:00,short,58060.0,58189.99,SL,-3.3222,218.1555,1.5
2024-09-17 07:35:00+00:00,2024-09-17 09:05:00+00:00,long,58661.1,58914.02,TP,6.5447,224.7001,1.5
2024-09-17 09:45:00+00:00,2024-09-17 10:30:00+00:00,long,58891.09,59173.99,TP,6.741,231.4412,1.5
2024-09-17 12:40:00+00:00,2024-09-17 13:30:00+00:00,long,59310.01,59108.0,SL,-3.4716,227.9695,1.5
2024-09-17 14:10:00+00:00,2024-09-17 14:20:00+00:00,long,59739.32,60200.0,TP,6.8391,234.8086,1.5
2024-09-17 20:25:00+00:00,2024-09-17 20:35:00+00:00,long,60184.15,60052.27,SL,-3.5221,231.2865,1.5
2024-09-17 22:40:00+00:00,2024-09-17 23:05:00+00:00,long,60276.0,60078.01,SL,-3.4693,227.8172,1.5
2024-09-17 23:35:00+00:00,2024-09-18 00:15:00+00:00,long,60235.0,60080.0,SL,-3.4173,224.3999,1.5
2024-09-18 00:50:00+00:00,2024-09-18 01:00:00+00:00,long,60272.01,60122.01,SL,-3.366,221.0339,1.5
2024-09-18 02:10:00+00:00,2024-09-18 03:00:00+00:00,long,60220.86,60624.34,TP,6.631,227.665,1.5
2024-09-18 06:15:00+00:00,2024-09-18 08:10:00+00:00,long,60345.99,60192.0,SL,-3.415,224.25,1.5
2024-09-18 12:10:00+00:00,2024-09-18 12:20:00+00:00,short,59751.35,59896.37,SL,-3.3638,220.8862,1.5
2024-09-18 13:30:00+00:00,2024-09-18 13:45:00+00:00,short,59832.0,59558.11,TP,6.6266,227.5128,1.5
2024-09-18 15:40:00+00:00,2024-09-18 16:05:00+00:00,short,59374.0,59531.01,SL,-3.4127,224.1001,1.5
2024-09-18 17:20:00+00:00,2024-09-18 17:25:00+00:00,short,59661.55,59790.52,SL,-3.3615,220.7386,1.5
2024-09-18 17:30:00+00:00,2024-09-18 17:35:00+00:00,long,59987.99,59843.57,SL,-3.3111,217.4275,1.5
2024-09-18 20:45:00+00:00,2024-09-18 21:35:00+00:00,long,60183.89,60480.0,TP,6.5228,223.9504,1.5
2024-09-18 22:15:00+00:00,2024-09-18 22:55:00+00:00,long,60434.0,60684.78,TP,6.7185,230.6689,1.5
2024-09-19 02:40:00+00:00,2024-09-19 03:00:00+00:00,long,62278.0,62127.82,SL,-3.46,227.2089,1.5
2024-09-19 05:00:00+00:00,2024-09-19 05:25:00+00:00,long,62139.66,61986.0,SL,-3.4081,223.8007,1.5
2024-09-19 06:25:00+00:00,2024-09-19 08:50:00+00:00,long,62032.0,61903.98,SL,-3.357,220.4437,1.5
2024-09-19 09:10:00+00:00,2024-09-19 10:05:00+00:00,long,62118.91,62520.01,TP,6.6133,227.057,1.5
2024-09-19 11:30:00+00:00,2024-09-19 12:05:00+00:00,long,62555.65,63045.99,TP,6.8117,233.8687,1.5
2024-09-19 13:10:00+00:00,2024-09-19 13:30:00+00:00,long,63220.0,63034.0,SL,-3.508,230.3607,1.5
2024-09-19 14:15:00+00:00,2024-09-19 14:20:00+00:00,long,63344.34,63210.0,SL,-3.4554,226.9053,1.5
2024-09-19 15:45:00+00:00,2024-09-19 15:55:00+00:00,long,63302.19,63154.04,SL,-3.4036,223.5017,1.5
2024-09-19 16:25:00+00:00,2024-09-19 16:50:00+00:00,long,63300.0,63653.81,TP,6.7051,230.2068,1.5
2024-09-19 17:40:00+00:00,2024-09-19 18:05:00+00:00,long,63819.93,63635.82,SL,-3.4531,226.7537,1.5
2024-09-19 21:50:00+00:00,2024-09-19 22:00:00+00:00,long,62994.83,62851.95,SL,-3.4013,223.3524,1.5
2024-09-19 22:30:00+00:00,2024-09-20 00:25:00+00:00,long,62937.46,62786.5,SL,-3.3503,220.0021,1.5
2024-09-20 01:30:00+00:00,2024-09-20 02:20:00+00:00,long,62966.0,62819.85,SL,-3.3,216.702,1.5
2024-09-20 09:00:00+00:00,2024-09-20 10:40:00+00:00,long,63352.27,63656.02,TP,6.5011,223.2031,1.5
2024-09-20 15:10:00+00:00,2024-09-20 15:35:00+00:00,short,62934.0,63137.76,SL,-3.348,219.8551,1.5
2024-09-20 16:20:00+00:00,2024-09-20 17:00:00+00:00,short,63089.99,62810.0,TP,6.5957,226.4507,1.5
2024-09-20 20:00:00+00:00,2024-09-20 21:00:00+00:00,short,62843.4,63033.99,SL,-3.3968,223.0539,1.5
2024-09-20 22:00:00+00:00,2024-09-20 23:05:00+00:00,long,63248.0,63084.01,SL,-3.3458,219.7081,1.5
2024-09-21 00:20:00+00:00,2024-09-21 00:25:00+00:00,long,63283.99,63120.65,SL,-3.2956,216.4125,1.5
2024-09-21 00:30:00+00:00,2024-09-21 01:10:00+00:00,long,63161.99,63034.09,SL,-3.2462,213.1663,1.5
2024-09-21 04:10:00+00:00,2024-09-21 06:10:00+00:00,short,62863.0,63020.79,SL,-3.1975,209.9688,1.5
2024-09-21 07:00:00+00:00,2024-09-21 12:55:00+00:00,short,63008.0,63151.98,SL,-3.1495,206.8193,1.5
2024-09-21 13:20:00+00:00,2024-09-21 17:15:00+00:00,long,63127.99,63392.01,TP,6.2046,213.0239,1.5
2024-09-21 19:05:00+00:00,2024-09-21 19:20:00+00:00,long,63335.49,63194.01,SL,-3.1954,209.8285,1.5
2024-09-22 05:00:00+00:00,2024-09-22 09:25:00+00:00,short,63059.9,62801.21,TP,6.2949,216.1234,1.5
2024-09-22 11:00:00+00:00,2024-09-22 11:30:00+00:00,short,62616.01,62762.01,SL,-3.2419,212.8815,1.5
2024-09-22 12:40:00+00:00,2024-09-22 14:00:00+00:00,short,62779.99,62505.27,TP,6.3864,219.268,1.5
2024-09-22 16:00:00+00:00,2024-09-22 16:35:00+00:00,short,62627.98,62762.5,SL,-3.289,215.979,1.5
2024-09-22 19:50:00+00:00,2024-09-22 21:55:00+00:00,long,63082.11,62779.99,SL,-3.2397,212.7393,1.5
2024-09-22 22:35:00+00:00,2024-09-22 22:45:00+00:00,long,63342.01,63653.34,TP,6.3822,219.1214,1.5
2024-09-23 00:50:00+00:00,2024-09-23 02:55:00+00:00,long,63679.9,63940.47,TP,6.5736,225.6951,1.5
2024-09-23 03:00:00+00:00,2024-09-23 03:10:00+00:00,long,63970.14,64312.46,TP,6.7709,232.4659,1.5
2024-09-23 06:35:00+00:00,2024-09-23 07:05:00+00:00,long,63710.0,63500.94,SL,-3.487,228.979,1.5
2024-09-23 07:40:00+00:00,2024-09-23 08:00:00+00:00,long,63588.02,63429.5,SL,-3.4347,225.5443,1.5
2024-09-23 10:10:00+00:00,2024-09-23 13:05:00+00:00,short,63504.01,63234.51,TP,6.7663,232.3106,1.5
2024-09-23 13:35:00+00:00,2024-09-23 14:05:00+00:00,short,63216.01,63462.89,SL,-3.4847,228.8259,1.5
2024-09-23 14:40:00+00:00,2024-09-23 14:50:00+00:00,short,63229.16,63442.46,SL,-3.4324,225.3935,1.5
2024-09-23 15:25:00+00:00,2024-09-23 15:50:00+00:00,long,63494.0,63765.87,TP,6.7618,232.1554,1.5
2024-09-23 16:20:00+00:00,2024-09-23 18:40:00+00:00,short,63397.96,63548.01,SL,-3.4823,228.673,1.5
2024-09-23 21:00:00+00:00,2024-09-24 00:45:00+00:00,short,63338.75,62954.01,TP,6.8602,235.5332,1.5
2024-09-24 04:15:00+00:00,2024-09-24 05:05:00+00:00,short,63002.0,63138.0,SL,-3.533,232.0002,1.5
2024-09-24 10:25:00+00:00,2024-09-24 10:50:00+00:00,long,63684.0,63555.78,SL,-3.48,228.5202,1.5
2024-09-24 11:35:00+00:00,2024-09-24 12:45:00+00:00,long,63578.35,63444.0,SL,-3.4278,225.0924,1.5
2024-09-24 13:20:00+00:00,2024-09-24 14:00:00+00:00,long,63541.98,63204.37,SL,-3.3764,221.716,1.5
2024-09-24 19:45:00+00:00,2024-09-24 19:50:00+00:00,long,64056.01,64327.4,TP,6.6515,228.3675,1.5
2024-09-24 22:10:00+00:00,2024-09-24 22:15:00+00:00,long,64458.0,64323.99,SL,-3.4255,224.942,1.5
2024-09-25 00:40:00+00:00,2024-09-25 00:50:00+00:00,long,64392.06,64016.57,SL,-3.3741,221.5679,1.5
2024-09-25 01:25:00+00:00,2024-09-25 01:35:00+00:00,long,64389.19,64767.99,TP,6.647,228.2149,1.5
2024-09-25 02:35:00+00:00,2024-09-25 03:00:00+00:00,long,64524.0,64359.91,SL,-3.4232,224.7917,1.5
2024-09-25 03:50:00+00:00,2024-09-25 04:30:00+00:00,long,64435.61,64265.99,SL,-3.3719,221.4198,1.5
2024-09-25 09:20:00+00:00,2024-09-25 10:00:00+00:00,short,63734.0,63428.01,TP,6.6426,228.0624,1.5
2024-09-25 11:15:00+00:00,2024-09-25 11:35:00+00:00,short,63568.01,63743.25,SL,-3.4209,224.6415,1.5
2024-09-25 12:45:00+00:00,2024-09-25 13:55:00+00:00,short,63629.93,63761.34,SL,-3.3696,221.2718,1.5
2024-09-25 15:30:00+00:00,2024-09-25 17:05:00+00:00,short,63693.36,63409.62,TP,6.6382,227.91,1.5
2024-09-25 19:55:00+00:00,2024-09-25 20:10:00+00:00,short,63181.5,63343.99,SL,-3.4186,224.4913,1.5
2024-09-25 22:00:00+00:00,2024-09-25 22:40:00+00:00,short,63450.0,63170.45,TP,6.7347,231.2261,1.5
2024-09-26 00:45:00+00:00,2024-09-26 01:45:00+00:00,short,62853.91,63035.89,SL,-3.4684,227.7577,1.5
2024-09-26 05:20:00+00:00,2024-09-26 07:15:00+00:00,long,63523.67,63822.89,TP,6.8327,234.5904,1.5
2024-09-26 07:35:00+00:00,2024-09-26 08:55:00+00:00,long,63844.8,63709.5,SL,-3.5189,231.0716,1.5
2024-09-26 09:30:00+00:00,2024-09-26 10:25:00+00:00,long,63836.0,64207.36,TP,6.9321,238.0037,1.5
2024-09-26 14:05:00+00:00,2024-09-26 14:20:00+00:00,long,64759.99,65029.99,TP,7.1401,245.1438,1.5
2024-09-26 15:25:00+00:00,2024-09-26 15:30:00+00:00,long,64999.01,65399.51,TP,7.3543,252.4981,1.5
2024-09-26 17:05:00+00:00,2024-09-26 17:15:00+00:00,long,65661.98,65446.22,SL,-3.7875,248.7107,1.5
2024-09-26 19:00:00+00:00,2024-09-26 19:40:00+00:00,long,65236.69,65088.12,SL,-3.7307,244.98,1.5
2024-09-26 21:05:00+00:00,2024-09-26 22:00:00+00:00,long,64833.25,65150.01,TP,7.3494,252.3294,1.5
2024-09-26 23:45:00+00:00,2024-09-27 02:20:00+00:00,long,65151.17,64972.0,SL,-3.7849,248.5445,1.5
2024-09-27 03:20:00+00:00,2024-09-27 03:40:00+00:00,long,65006.7,65286.0,TP,7.4563,256.0008,1.5
2024-09-27 06:00:00+00:00,2024-09-27 08:20:00+00:00,long,65389.99,65690.0,TP,7.68,263.6808,1.5
2024-09-27 12:00:00+00:00,2024-09-27 12:40:00+00:00,long,65485.99,65790.92,TP,7.9104,271.5912,1.5
2024-09-27 14:00:00+00:00,2024-09-27 14:20:00+00:00,long,65841.99,66270.14,TP,8.1477,279.739,1.5
2024-09-27 16:50:00+00:00,2024-09-27 17:05:00+00:00,long,66281.19,66084.0,SL,-4.1961,275.5429,1.5
2024-09-27 18:50:00+00:00,2024-09-27 19:55:00+00:00,long,65801.1,65657.99,SL,-4.1331,271.4098,1.5
2024-09-27 20:15:00+00:00,2024-09-28 01:55:00+00:00,long,65719.91,65994.0,TP,8.1423,279.552,1.5
2024-09-28 08:05:00+00:00,2024-09-28 23:45:00+00:00,short,65684.4,65822.15,SL,-4.1933,275.3588,1.5
2024-09-29 01:45:00+00:00,2024-09-29 05:30:00+00:00,long,65811.48,65586.0,SL,-4.1304,271.2284,1.5
2024-09-29 08:25:00+00:00,2024-09-29 08:35:00+00:00,short,65440.01,65589.47,SL,-4.0684,267.16,1.5
2024-09-29 09:50:00+00:00,2024-09-29 12:00:00+00:00,short,65579.9,65742.0,SL,-4.0074,263.1526,1.5
2024-09-29 13:15:00+00:00,2024-09-29 20:00:00+00:00,long,65750.0,66058.13,TP,7.8946,271.0471,1.5
2024-09-29 21:20:00+00:00,2024-09-29 21:50:00+00:00,long,65942.0,65810.01,SL,-4.0657,266.9814,1.5
2024-09-29 22:05:00+00:00,2024-09-29 22:10:00+00:00,long,65894.06,65726.01,SL,-4.0047,262.9767,1.5
2024-09-30 00:10:00+00:00,2024-09-30 00:30:00+00:00,short,65500.01,65122.14,TP,7.8893,270.866,1.5
2024-09-30 01:20:00+00:00,2024-09-30 01:45:00+00:00,short,65222.01,64834.01,TP,8.126,278.992,1.5
2024-09-30 06:35:00+00:00,2024-09-30 07:10:00+00:00,short,64460.01,64613.99,SL,-4.1849,274.8071,1.5
2024-09-30 08:05:00+00:00,2024-09-30 08:35:00+00:00,short,64456.01,64189.35,TP,8.2442,283.0513,1.5
2024-09-30 13:35:00+00:00,2024-09-30 14:15:00+00:00,short,63913.57,63639.91,TP,8.4915,291.5429,1.5
2024-09-30 15:35:00+00:00,2024-09-30 18:10:00+00:00,short,63669.69,63388.01,TP,8.7463,300.2891,1.5
2024-09-30 18:15:00+00:00,2024-09-30 18:35:00+00:00,short,63200.0,63351.87,SL,-4.5043,295.7848,1.5
2024-09-30 21:25:00+00:00,2024-09-30 22:55:00+00:00,short,63787.27,63481.98,TP,8.8735,304.6584,1.5
2024-10-01 00:10:00+00:00,2024-10-01 00:25:00+00:00,short,63207.82,63350.04,SL,-4.5699,300.0885,1.5
2024-10-01 01:55:00+00:00,2024-10-01 03:10:00+00:00,short,63458.0,63625.71,SL,-4.5013,295.5872,1.5
2024-10-01 06:05:00+00:00,2024-10-01 10:10:00+00:00,long,63889.26,63753.91,SL,-4.4338,291.1533,1.5
2024-10-01 10:45:00+00:00,2024-10-01 11:35:00+00:00,long,63914.0,63756.57,SL,-4.3673,286.786,1.5
2024-10-01 12:35:00+00:00,2024-10-01 13:15:00+00:00,short,63719.99,63437.99,TP,8.6036,295.3896,1.5
2024-10-01 15:00:00+00:00,2024-10-01 15:25:00+00:00,short,62135.54,62372.01,SL,-4.4308,290.9588,1.5
2024-10-01 16:30:00+00:00,2024-10-01 16:55:00+00:00,short,62176.13,62448.0,SL,-4.3644,286.5944,1.5
2024-10-01 18:55:00+00:00,2024-10-01 20:00:00+00:00,short,61987.99,61620.68,TP,8.5978,295.1922,1.5
2024-10-01 22:45:00+00:00,2024-10-01 22:50:00+00:00,short,60661.98,60786.64,SL,-4.4279,290.7644,1.5
2024-10-02 03:20:00+00:00,2024-10-02 04:20:00+00:00,short,61772.0,61518.0,TP,8.7229,299.4873,1.5
2024-10-02 06:05:00+00:00,2024-10-02 06:10:00+00:00,short,61411.99,61559.99,SL,-4.4923,294.995,1.5
2024-10-02 08:00:00+00:00,2024-10-02 08:30:00+00:00,short,61732.16,61873.99,SL,-4.4249,290.57,1.5
2024-10-02 08:35:00+00:00,2024-10-02 09:00:00+00:00,long,61887.11,61721.82,SL,-4.3586,286.2115,1.5
2024-10-02 11:05:00+00:00,2024-10-02 11:10:00+00:00,short,60888.89,61246.0,SL,-4.2932,281.9183,1.5
2024-10-02 12:05:00+00:00,2024-10-02 12:35:00+00:00,short,61008.0,61137.09,SL,-4.2288,277.6895,1.5
2024-10-02 12:50:00+00:00,2024-10-02 13:20:00+00:00,short,60860.23,60988.01,SL,-4.1653,273.5242,1.5
2024-10-02 13:35:00+00:00,2024-10-02 13:45:00+00:00,short,60617.99,61187.76,SL,-4.1029,269.4213,1.5
2024-10-02 14:55:00+00:00,2024-10-02 15:00:00+00:00,short,61077.78,61385.99,SL,-4.0413,265.38,1.5
2024-10-02 22:05:00+00:00,2024-10-02 22:45:00+00:00,short,60596.01,60737.77,SL,-3.9807,261.3993,1.5
2024-10-02 23:35:00+00:00,2024-10-03 00:10:00+00:00,short,60666.0,60818.0,SL,-3.921,257.4783,1.5
2024-10-03 01:45:00+00:00,2024-10-03 02:05:00+00:00,short,61008.0,61161.99,SL,-3.8622,253.6162,1.5
2024-10-03 02:50:00+00:00,2024-10-03 03:10:00+00:00,long,61248.0,61119.99,SL,-3.8042,249.8119,1.5
2024-10-03 03:25:00+00:00,2024-10-03 05:35:00+00:00,long,61264.07,61109.9,SL,-3.7472,246.0647,1.5
2024-10-03 06:15:00+00:00,2024-10-03 07:40:00+00:00,long,61280.0,61095.83,SL,-3.691,242.3738,1.5
2024-10-03 11:20:00+00:00,2024-10-03 11:40:00+00:00,short,60689.02,60835.01,SL,-3.6356,238.7382,1.5
2024-10-03 13:35:00+00:00,2024-10-03 13:55:00+00:00,short,60184.95,60382.05,SL,-3.5811,235.1571,1.5
2024-10-03 14:55:00+00:00,2024-10-03 15:20:00+00:00,short,60172.01,60329.99,SL,-3.5274,231.6297,1.5
2024-10-03 16:30:00+00:00,2024-10-03 17:10:00+00:00,short,60205.11,60379.99,SL,-3.4744,228.1553,1.5
2024-10-03 18:40:00+00:00,2024-10-03 19:30:00+00:00,short,60656.01,60904.79,SL,-3.4223,224.733,1.5
2024-10-03 22:25:00+00:00,2024-10-03 23:20:00+00:00,long,60896.0,60742.01,SL,-3.371,221.362,1.5
2024-10-04 01:15:00+00:00,2024-10-04 01:25:00+00:00,long,60740.0,61075.99,TP,6.6409,228.0028,1.5
2024-10-04 04:10:00+00:00,2024-10-04 06:20:00+00:00,long,61006.44,61306.0,TP,6.8401,234.8429,1.5
2024-10-04 07:25:00+00:00,2024-10-04 08:20:00+00:00,long,61320.99,61591.85,TP,7.0453,241.8882,1.5
2024-10-04 10:40:00+00:00,2024-10-04 12:50:00+00:00,long,61365.99,61753.99,TP,7.2566,249.1448,1.5
2024-10-04 13:35:00+00:00,2024-10-04 13:50:00+00:00,long,61790.89,61647.8,SL,-3.7372,245.4077,1.5
2024-10-04 15:00:00+00:00,2024-10-04 15:50:00+00:00,long,61516.79,61764.0,TP,7.3622,252.7699,1.5
2024-10-04 18:35:00+00:00,2024-10-04 23:05:00+00:00,long,62228.0,62036.83,SL,-3.7915,248.9783,1.5
2024-10-04 23:55:00+00:00,2024-10-05 02:45:00+00:00,long,62086.0,61894.13,SL,-3.7347,245.2437,1.5
2024-10-05 03:25:00+00:00,2024-10-05 06:35:00+00:00,long,61942.0,62213.79,TP,7.3573,252.601,1.5
2024-10-05 08:30:00+00:00,2024-10-05 16:50:00+00:00,long,62174.0,62014.0,SL,-3.789,248.812,1.5
2024-10-05 18:10:00+00:00,2024-10-05 22:20:00+00:00,short,61903.0,62039.9,SL,-3.7322,245.0798,1.5
2024-10-05 23:05:00+00:00,2024-10-06 01:25:00+00:00,short,61992.0,62116.01,SL,-3.6762,241.4036,1.5
2024-10-06 02:05:00+00:00,2024-10-06 09:45:00+00:00,short,61982.86,62147.66,SL,-3.6211,237.7825,1.5
2024-10-06 11:25:00+00:00,2024-10-06 13:00:00+00:00,long,62065.55,62351.99,TP,7.1335,244.916,1.5
2024-10-06 14:25:00+00:00,2024-10-06 14:55:00+00:00,long,62398.0,62715.99,TP,7.3475,252.2635,1.5
2024-10-06 15:55:00+00:00,2024-10-06 17:55:00+00:00,long,62720.01,62591.2,SL,-3.784,248.4795,1.5
2024-10-06 18:25:00+00:00,2024-10-06 20:45:00+00:00,long,62729.59,62604.01,SL,-3.7272,244.7523,1.5
2024-10-06 22:15:00+00:00,2024-10-06 23:20:00+00:00,long,62529.99,62782.72,TP,7.3426,252.0949,1.5
2024-10-07 00:35:00+00:00,2024-10-07 00:45:00+00:00,long,63213.89,63596.61,TP,7.5628,259.6578,1.5
2024-10-07 04:20:00+00:00,2024-10-07 04:55:00+00:00,long,63620.99,63466.66,SL,-3.8949,255.7629,1.5
2024-10-07 05:10:00+00:00,2024-10-07 05:30:00+00:00,long,63602.19,63451.79,SL,-3.8364,251.9265,1.5
2024-10-07 06:10:00+00:00,2024-10-07 09:15:00+00:00,long,63494.0,63279.99,SL,-3.7789,248.1476,1.5
2024-10-07 12:55:00+00:00,2024-10-07 13:15:00+00:00,short,62883.33,63056.01,SL,-3.7222,244.4253,1.5
2024-10-07 16:50:00+00:00,2024-10-07 17:10:00+00:00,long,63840.01,63710.01,SL,-3.6664,240.759,1.5
2024-10-07 17:55:00+00:00,2024-10-07 18:05:00+00:00,long,63819.99,63546.55,SL,-3.6114,237.1476,1.5
2024-10-07 20:30:00+00:00,2024-10-07 21:25:00+00:00,short,63118.48,63262.0,SL,-3.5572,233.5904,1.5
2024-10-07 22:30:00+00:00,2024-10-07 22:50:00+00:00,short,63069.45,62775.99,TP,7.0077,240.5981,1.5
2024-10-08 02:20:00+00:00,2024-10-08 02:50:00+00:00,short,62467.84,62640.46,SL,-3.609,236.9891,1.5
2024-10-08 03:40:00+00:00,2024-10-08 05:50:00+00:00,short,62649.99,62380.01,TP,7.1097,244.0988,1.5
2024-10-08 07:15:00+00:00,2024-10-08 07:30:00+00:00,short,62093.47,62255.55,SL,-3.6615,240.4373,1.5
2024-10-08 10:30:00+00:00,2024-10-08 11:35:00+00:00,short,62440.0,62566.66,SL,-3.6066,236.8307,1.5
2024-10-08 12:10:00+00:00,2024-10-08 13:30:00+00:00,short,62550.02,62758.09,SL,-3.5525,233.2783,1.5
2024-10-08 14:15:00+00:00,2024-10-08 14:55:00+00:00,short,62571.9,62778.0,SL,-3.4992,229.7791,1.5
2024-10-08 15:00:00+00:00,2024-10-08 15:15:00+00:00,long,62700.31,62536.0,SL,-3.4467,226.3324,1.5
2024-10-08 17:20:00+00:00,2024-10-08 17:55:00+00:00,short,62244.0,62393.94,SL,-3.395,222.9374,1.5
2024-10-08 18:25:00+00:00,2024-10-08 18:45:00+00:00,short,62196.01,61934.88,TP,6.6881,229.6256,1.5
2024-10-08 22:00:00+00:00,2024-10-08 22:50:00+00:00,short,62444.0,62160.0,TP,6.8888,236.5143,1.5
2024-10-09 00:40:00+00:00,2024-10-09 01:00:00+00:00,short,62061.97,62188.0,SL,-3.5477,232.9666,1.5
2024-10-09 02:15:00+00:00,2024-10-09 05:20:00+00:00,short,62320.92,62480.99,SL,-3.4945,229.4721,1.5
2024-10-09 10:25:00+00:00,2024-10-09 12:45:00+00:00,short,62111.66,61846.0,TP,6.8842,236.3563,1.5
2024-10-09 13:30:00+00:00,2024-10-09 13:45:00+00:00,short,61828.0,61980.0,SL,-3.5453,232.8109,1.5
2024-10-09 13:55:00+00:00,2024-10-09 14:15:00+00:00,short,61800.99,61993.79,SL,-3.4922,229.3188,1.5
2024-10-09 14:45:00+00:00,2024-10-09 14:55:00+00:00,short,61741.62,61872.99,SL,-3.4398,225.879,1.5
2024-10-09 16:10:00+00:00,2024-10-09 16:25:00+00:00,short,62078.0,61822.0,TP,6.7764,232.6554,1.5
2024-10-09 17:50:00+00:00,2024-10-09 18:15:00+00:00,short,61694.76,61325.99,TP,6.9797,239.635,1.5
2024-10-09 20:50:00+00:00,2024-10-09 21:10:00+00:00,short,60488.01,60624.3,SL,-3.5945,236.0405,1.5
2024-10-09 23:20:00+00:00,2024-10-10 01:35:00+00:00,short,60639.99,60775.68,SL,-3.5406,232.4999,1.5
2024-10-10 03:00:00+00:00,2024-10-10 05:45:00+00:00,short,60872.0,61013.99,SL,-3.4875,229.0124,1.5
2024-10-10 07:20:00+00:00,2024-10-10 09:05:00+00:00,short,61052.71,60800.92,TP,6.8704,235.8828,1.5
2024-10-10 13:20:00+00:00,2024-10-10 13:30:00+00:00,long,61254.0,60962.0,SL,-3.5382,232.3445,1.5
2024-10-10 13:35:00+00:00,2024-10-10 13:45:00+00:00,short,60964.01,60710.01,TP,6.9703,239.3148,1.5
2024-10-10 15:25:00+00:00,2024-10-10 15:40:00+00:00,short,60486.0,60639.99,SL,-3.5897,235.7251,1.5
2024-10-10 16:35:00+00:00,2024-10-10 16:55:00+00:00,short,60547.45,60298.12,TP,7.0718,242.7969,1.5
2024-10-10 23:30:00+00:00,2024-10-11 01:50:00+00:00,short,60270.01,60496.01,SL,-3.642,239.1549,1.5
2024-10-11 05:05:00+00:00,2024-10-11 09:50:00+00:00,long,60715.99,61076.0,TP,7.1746,246.3296,1.5
2024-10-11 11:50:00+00:00,2024-10-11 13:30:00+00:00,long,61246.02,61692.29,TP,7.3899,253.7195,1.5
2024-10-11 15:10:00+00:00,2024-10-11 15:20:00+00:00,long,62217.41,62062.22,SL,-3.8058,249.9137,1.5
2024-10-11 15:50:00+00:00,2024-10-11 16:50:00+00:00,long,62292.18,62135.49,SL,-3.7487,246.165,1.5
2024-10-11 17:30:00+00:00,2024-10-11 19:00:00+00:00,long,62684.02,62942.96,TP,7.3849,253.5499,1.5
2024-10-11 19:05:00+00:00,2024-10-11 19:20:00+00:00,long,63247.99,63039.98,SL,-3.8032,249.7467,1.5
2024-10-11 23:10:00+00:00,2024-10-11 23:20:00+00:00,long,62648.01,62495.45,SL,-3.7462,246.0005,1.5
2024-10-12 03:55:00+00:00,2024-10-12 09:55:00+00:00,long,62568.0,62843.32,TP,7.38,253.3805,1.5
2024-10-12 12:55:00+00:00,2024-10-12 14:45:00+00:00,long,63056.26,63390.74,TP,7.6014,260.9819,1.5
2024-10-12 17:20:00+00:00,2024-10-12 17:30:00+00:00,long,63259.99,63132.07,SL,-3.9147,257.0672,1.5
2024-10-12 19:20:00+00:00,2024-10-12 22:50:00+00:00,long,63023.08,63303.04,TP,7.712,264.7792,1.5
2024-10-13 00:40:00+00:00,2024-10-13 01:00:00+00:00,long,63270.01,63091.69,SL,-3.9717,260.8075,1.5
2024-10-13 03:40:00+00:00,2024-10-13 04:25:00+00:00,short,62701.71,62849.99,SL,-3.9121,256.8954,1.5
2024-10-13 05:55:00+00:00,2024-10-13 11:40:00+00:00,short,62853.92,62530.0,TP,7.7069,264.6022,1.5
2024-10-13 13:50:00+00:00,2024-10-13 14:50:00+00:00,short,62648.24,62232.0,TP,7.9381,272.5403,1.5
2024-10-13 17:40:00+00:00,2024-10-13 17:50:00+00:00,short,62448.0,62575.75,SL,-4.0881,268.4522,1.5
2024-10-13 20:25:00+00:00,2024-10-13 21:20:00+00:00,short,62637.99,62860.0,SL,-4.0268,264.4254,1.5
2024-10-13 23:50:00+00:00,2024-10-14 00:10:00+00:00,long,62852.63,62697.11,SL,-3.9664,260.459,1.5
2024-10-14 02:00:00+00:00,2024-10-14 02:35:00+00:00,short,62484.17,62618.81,SL,-3.9069,256.5522,1.5
2024-10-14 06:35:00+00:00,2024-10-14 07:05:00+00:00,long,64188.37,64049.83,SL,-3.8483,252.7039,1.5
2024-10-14 07:35:00+00:00,2024-10-14 07:50:00+00:00,long,64240.0,64618.28,TP,7.5811,260.285,1.5
2024-10-14 09:35:00+00:00,2024-10-14 11:25:00+00:00,long,64716.0,64988.0,TP,7.8086,268.0935,1.5
2024-10-14 13:45:00+00:00,2024-10-14 13:50:00+00:00,long,65222.01,65008.77,SL,-4.0214,264.0721,1.5
2024-10-14 17:45:00+00:00,2024-10-14 17:55:00+00:00,long,65792.92,65640.01,SL,-3.9611,260.1111,1.5
2024-10-14 18:05:00+00:00,2024-10-14 22:15:00+00:00,long,65815.98,66122.0,TP,7.8033,267.9144,1.5
2024-10-15 00:25:00+00:00,2024-10-15 00:30:00+00:00,long,66330.0,66117.99,SL,-4.0187,263.8957,1.5
2024-10-15 02:20:00+00:00,2024-10-15 02:35:00+00:00,long,65873.14,65726.01,SL,-3.9584,259.9372,1.5
2024-10-15 04:15:00+00:00,2024-10-15 05:15:00+00:00,long,65552.03,65407.88,SL,-3.8991,256.0382,1.5
2024-10-15 08:15:00+00:00,2024-10-15 09:05:00+00:00,long,65788.0,65604.59,SL,-3.8406,252.1976,1.5
2024-10-15 10:25:00+00:00,2024-10-15 11:05:00+00:00,long,65749.99,65611.02,SL,-3.783,248.4146,1.5
2024-10-15 15:35:00+00:00,2024-10-15 16:05:00+00:00,long,66026.0,66404.81,TP,7.4524,255.8671,1.5
2024-10-15 18:00:00+00:00,2024-10-15 18:45:00+00:00,long,67081.05,66942.02,SL,-3.838,252.0291,1.5
2024-10-15 20:05:00+00:00,2024-10-15 20:15:00+00:00,long,67006.11,66700.36,SL,-3.7804,248.2486,1.5
2024-10-15 21:55:00+00:00,2024-10-15 22:15:00+00:00,long,66432.0,66707.6,TP,7.4475,255.6961,1.5
2024-10-15 23:25:00+00:00,2024-10-15 23:45:00+00:00,long,66783.85,67051.89,TP,7.6709,263.367,1.5
2024-10-16 01:15:00+00:00,2024-10-16 01:25:00+00:00,long,67153.69,67482.63,TP,7.901,271.268,1.5
2024-10-16 05:15:00+00:00,2024-10-16 07:05:00+00:00,long,67095.0,66912.01,SL,-4.069,267.199,1.5
2024-10-16 07:55:00+00:00,2024-10-16 09:25:00+00:00,long,66972.53,67265.46,TP,8.016,275.2149,1.5
2024-10-16 11:10:00+00:00,2024-10-16 11:25:00+00:00,long,67794.0,68118.11,TP,8.2564,283.4714,1.5
2024-10-16 14:05:00+00:00,2024-10-16 14:25:00+00:00,long,67983.6,67748.0,SL,-4.2521,279.2193,1.5
2024-10-16 15:15:00+00:00,2024-10-16 16:15:00+00:00,long,67789.99,67602.5,SL,-4.1883,275.031,1.5
2024-10-16 16:55:00+00:00,2024-10-16 20:55:00+00:00,long,67823.88,67630.01,SL,-4.1255,270.9056,1.5
2024-10-16 22:00:00+00:00,2024-10-17 01:30:00+00:00,long,67654.07,67442.0,SL,-4.0636,266.842,1.5
2024-10-17 01:55:00+00:00,2024-10-17 02:10:00+00:00,long,67893.98,67684.01,SL,-4.0026,262.8393,1.5
2024-10-17 02:15:00+00:00,2024-10-17 04:50:00+00:00,short,67535.99,67263.75,TP,7.8852,270.7245,1.5
2024-10-17 06:05:00+00:00,2024-10-17 06:25:00+00:00,short,67265.97,67418.84,SL,-4.0609,266.6637,1.5
2024-10-17 06:55:00+00:00,2024-10-17 07:55:00+00:00,short,67162.87,67303.18,SL,-4.0,262.6637,1.5
2024-10-17 09:30:00+00:00,2024-10-17 10:30:00+00:00,short,67322.34,66826.0,TP,7.8799,270.5436,1.5
2024-10-17 11:15:00+00:00,2024-10-17 12:30:00+00:00,short,66933.0,67140.0,SL,-4.0582,266.4855,1.5
2024-10-17 13:30:00+00:00,2024-10-17 13:40:00+00:00,short,66844.01,67212.0,SL,-3.9973,262.4882,1.5
2024-10-17 14:00:00+00:00,2024-10-17 14:10:00+00:00,short,66854.57,67004.0,SL,-3.9373,258.5509,1.5
2024-10-17 17:10:00+00:00,2024-10-17 17:20:00+00:00,long,67512.12,67235.4,SL,-3.8783,254.6726,1.5
2024-10-18 01:05:00+00:00,2024-10-18 01:45:00+00:00,long,67554.01,67957.99,TP,7.6402,262.3128,1.5
2024-10-18 02:55:00+00:00,2024-10-18 03:10:00+00:00,long,68103.99,67936.0,SL,-3.9347,258.3781,1.5
2024-10-18 04:35:00+00:00,2024-10-18 05:05:00+00:00,long,67836.25,67688.01,SL,-3.8757,254.5024,1.5
2024-10-18 05:10:00+00:00,2024-10-18 06:15:00+00:00,long,67829.99,68175.89,TP,7.6351,262.1375,1.5
2024-10-18 09:05:00+00:00,2024-10-18 09:30:00+00:00,long,68015.35,67819.91,SL,-3.9321,258.2054,1.5
2024-10-18 10:20:00+00:00,2024-10-18 11:55:00+00:00,long,67864.0,67702.0,SL,-3.8731,254.3323,1.5
2024-10-18 13:00:00+00:00,2024-10-18 13:40:00+00:00,long,67800.29,68181.09,TP,7.63,261.9623,1.5
2024-10-18 15:25:00+00:00,2024-10-18 16:10:00+00:00,long,68659.22,68461.99,SL,-3.9294,258.0329,1.5
2024-10-18 18:35:00+00:00,2024-10-18 19:15:00+00:00,long,68926.01,68756.0,SL,-3.8705,254.1624,1.5
2024-10-18 21:30:00+00:00,2024-10-18 21:50:00+00:00,long,68474.59,68330.01,SL,-3.8124,250.3499,1.5
2024-10-18 22:15:00+00:00,2024-10-18 22:45:00+00:00,long,68398.05,68214.46,SL,-3.7552,246.5947,1.5
2024-10-18 23:05:00+00:00,2024-10-19 03:05:00+00:00,long,68302.01,68626.27,TP,7.3978,253.9925,1.5
2024-10-19 05:25:00+00:00,2024-10-19 10:50:00+00:00,long,68411.99,68242.01,SL,-3.8099,250.1826,1.5
2024-10-19 13:20:00+00:00,2024-10-19 14:35:00+00:00,short,68141.99,68285.69,SL,-3.7527,246.4299,1.5
2024-10-19 15:20:00+00:00,2024-10-19 21:25:00+00:00,short,68207.0,68344.72,SL,-3.6964,242.7335,1.5
2024-10-19 22:35:00+00:00,2024-10-20 01:15:00+00:00,long,68344.71,68195.0,SL,-3.641,239.0925,1.5
2024-10-20 05:20:00+00:00,2024-10-20 06:55:00+00:00,short,68200.01,68400.01,SL,-3.5864,235.5061,1.5
2024-10-20 08:25:00+00:00,2024-10-20 12:55:00+00:00,long,68484.01,68268.36,SL,-3.5326,231.9735,1.5
2024-10-20 13:35:00+00:00,2024-10-20 14:15:00+00:00,long,68437.99,68750.0,TP,6.9592,238.9327,1.5
2024-10-20 17:55:00+00:00,2024-10-20 20:50:00+00:00,long,68562.0,68856.02,TP,7.168,246.1007,1.5
2024-10-20 22:00:00+00:00,2024-10-20 22:05:00+00:00,long,68994.55,68830.36,SL,-3.6915,242.4092,1.5
2024-10-21 00:15:00+00:00,2024-10-21 00:45:00+00:00,long,69372.01,69205.32,SL,-3.6361,238.773,1.5
2024-10-21 01:15:00+00:00,2024-10-21 01:50:00+00:00,long,69414.03,69261.76,SL,-3.5816,235.1914,1.5
2024-10-21 03:35:00+00:00,2024-10-21 06:55:00+00:00,long,68938.0,68699.36,SL,-3.5279,231.6635,1.5
2024-10-21 08:50:00+00:00,2024-10-21 12:40:00+00:00,short,68360.0,68076.87,TP,6.9499,238.6135,1.5
2024-10-21 15:00:00+00:00,2024-10-21 15:55:00+00:00,short,67029.99,67341.02,SL,-3.5792,235.0343,1.5
2024-10-21 18:05:00+00:00,2024-10-21 19:05:00+00:00,short,67363.99,67512.0,SL,-3.5255,231.5087,1.5
2024-10-21 20:25:00+00:00,2024-10-21 21:05:00+00:00,short,67649.11,67876.0,SL,-3.4726,228.0361,1.5
2024-10-21 21:30:00+00:00,2024-10-21 23:30:00+00:00,short,67775.99,67494.04,TP,6.8411,234.8772,1.5
2024-10-22 02:45:00+00:00,2024-10-22 05:00:00+00:00,short,67380.02,67520.15,SL,-3.5232,231.354,1.5
2024-10-22 12:15:00+00:00,2024-10-22 12:40:00+00:00,short,67270.06,66896.31,TP,6.9406,238.2947,1.5
2024-10-22 13:30:00+00:00,2024-10-22 13:35:00+00:00,short,66832.71,66974.0,SL,-3.5744,234.7202,1.5
2024-10-22 15:15:00+00:00,2024-10-22 15:30:00+00:00,short,67175.36,67343.33,SL,-3.5208,231.1994,1.5
2024-10-22 19:15:00+00:00,2024-10-22 23:45:00+00:00,long,67538.89,67335.96,SL,-3.468,227.7314,1.5
2024-10-23 02:20:00+00:00,2024-10-23 06:55:00+00:00,short,67202.61,66917.55,TP,6.8319,234.5634,1.5
2024-10-23 08:30:00+00:00,2024-10-23 09:05:00+00:00,short,66755.67,66347.99,TP,7.0369,241.6003,1.5
2024-10-23 10:55:00+00:00,2024-10-23 11:25:00+00:00,short,66398.19,66546.31,SL,-3.624,237.9763,1.5
2024-10-23 11:50:00+00:00,2024-10-23 13:40:00+00:00,short,66434.97,66645.4,SL,-3.5696,234.4066,1.5
2024-10-23 14:15:00+00:00,2024-10-23 14:25:00+00:00,short,66557.9,66728.21,SL,-3.5161,230.8905,1.5
2024-10-23 14:50:00+00:00,2024-10-23 15:10:00+00:00,short,66546.14,66233.41,TP,6.9267,237.8173,1.5
2024-10-23 16:50:00+00:00,2024-10-23 18:00:00+00:00,short,65879.55,65456.0,TP,7.1345,244.9518,1.5
2024-10-23 23:05:00+00:00,2024-10-24 00:45:00+00:00,long,66659.99,67133.99,TP,7.3486,252.3003,1.5
2024-10-24 04:50:00+00:00,2024-10-24 06:45:00+00:00,long,67396.85,67236.0,SL,-3.7845,248.5158,1.5
2024-10-24 08:10:00+00:00,2024-10-24 08:40:00+00:00,long,67224.0,67051.65,SL,-3.7277,244.7881,1.5
2024-10-24 09:45:00+00:00,2024-10-24 10:25:00+00:00,short,66833.99,67014.01,SL,-3.6718,241.1163,1.5
2024-10-24 17:30:00+00:00,2024-10-24 18:20:00+00:00,long,67640.25,67928.01,TP,7.2335,248.3498,1.5
2024-10-24 18:55:00+00:00,2024-10-24 19:30:00+00:00,long,67832.0,68152.29,TP,7.4505,255.8002,1.5
2024-10-24 21:05:00+00:00,2024-10-24 22:30:00+00:00,long,68440.05,68297.85,SL,-3.837,251.9632,1.5
2024-10-25 00:00:00+00:00,2024-10-25 00:30:00+00:00,long,68239.88,68014.0,SL,-3.7794,248.1838,1.5
2024-10-25 01:50:00+00:00,2024-10-25 03:20:00+00:00,long,67913.38,68234.34,TP,7.4455,255.6293,1.5
2024-10-25 06:35:00+00:00,2024-10-25 07:25:00+00:00,short,67669.17,67303.04,TP,7.6689,263.2982,1.5
2024-10-25 08:05:00+00:00,2024-10-25 08:20:00+00:00,short,67374.0,67575.65,SL,-3.9495,259.3487,1.5
2024-10-25 09:35:00+00:00,2024-10-25 09:50:00+00:00,short,67557.6,67765.99,SL,-3.8902,255.4585,1.5
2024-10-25 13:55:00+00:00,2024-10-25 14:20:00+00:00,long,68334.0,68640.0,TP,7.6638,263.1222,1.5
2024-10-25 17:20:00+00:00,2024-10-25 17:55:00+00:00,short,67492.89,66836.01,TP,7.8937,271.0159,1.5
2024-10-25 19:10:00+00:00,2024-10-25 19:30:00+00:00,short,66842.01,66986.9,SL,-4.0652,266.9507,1.5
2024-10-25 22:35:00+00:00,2024-10-25 22:50:00+00:00,short,67219.98,66806.1,TP,8.0085,274.9592,1.5
2024-10-26 01:15:00+00:00,2024-10-26 01:25:00+00:00,short,66612.01,66764.65,SL,-4.1244,270.8348,1.5
2024-10-26 01:35:00+00:00,2024-10-26 02:40:00+00:00,short,66634.76,66870.01,SL,-4.0625,266.7723,1.5
2024-10-26 04:05:00+00:00,2024-10-26 05:00:00+00:00,short,66872.01,67074.99,SL,-4.0016,262.7707,1.5
2024-10-26 06:00:00+00:00,2024-10-26 09:20:00+00:00,short,67082.0,67226.06,SL,-3.9416,258.8291,1.5
2024-10-26 10:25:00+00:00,2024-10-26 10:40:00+00:00,long,67169.99,67030.0,SL,-3.8824,254.9467,1.5
2024-10-26 12:15:00+00:00,2024-10-26 20:05:00+00:00,short,67050.01,67212.91,SL,-3.8242,251.1225,1.5
2024-10-26 23:40:00+00:00,2024-10-27 00:45:00+00:00,long,67126.0,66976.84,SL,-3.7668,247.3557,1.5
2024-10-27 03:00:00+00:00,2024-10-27 03:25:00+00:00,short,67026.24,67190.0,SL,-3.7103,243.6453,1.5
2024-10-27 06:55:00+00:00,2024-10-27 11:05:00+00:00,long,67186.0,67038.0,SL,-3.6547,239.9906,1.5
2024-10-27 11:15:00+00:00,2024-10-27 12:30:00+00:00,long,67143.45,67449.96,TP,7.1997,247.1904,1.5
2024-10-27 17:30:00+00:00,2024-10-27 17:55:00+00:00,long,67931.37,67759.7,SL,-3.7079,243.4825,1.5
2024-10-27 19:25:00+00:00,2024-10-27 22:00:00+00:00,long,67801.24,68117.03,TP,7.3045,250.787,1.5
2024-10-28 02:25:00+00:00,2024-10-28 04:20:00+00:00,long,67856.69,67690.29,SL,-3.7618,247.0252,1.5
2024-10-28 05:30:00+00:00,2024-10-28 05:45:00+00:00,short,67650.6,67833.98,SL,-3.7054,243.3198,1.5
2024-10-28 09:50:00+00:00,2024-10-28 12:20:00+00:00,long,68546.07,68864.93,TP,7.2996,250.6194,1.5
2024-10-28 13:05:00+00:00,2024-10-28 13:45:00+00:00,long,68989.66,69270.0,TP,7.5186,258.138,1.5
2024-10-28 16:10:00+00:00,2024-10-28 16:35:00+00:00,long,68777.92,68533.16,SL,-3.8721,254.2659,1.5
2024-10-28 18:55:00+00:00,2024-10-28 19:10:00+00:00,long,69212.12,69593.92,TP,7.628,261.8939,1.5
2024-10-28 21:45:00+00:00,2024-10-28 22:05:00+00:00,long,69795.42,70099.98,TP,7.8568,269.7507,1.5
2024-10-28 23:05:00+00:00,2024-10-28 23:10:00+00:00,long,70102.47,69924.0,SL,-4.0463,265.7044,1.5
2024-10-29 00:55:00+00:00,2024-10-29 01:55:00+00:00,long,69960.88,70310.58,TP,7.9711,273.6756,1.5
2024-10-29 06:00:00+00:00,2024-10-29 07:10:00+00:00,long,71138.88,70954.86,SL,-4.1051,269.5704,1.5
2024-10-29 08:20:00+00:00,2024-10-29 09:25:00+00:00,long,71044.01,71330.13,TP,8.0871,277.6576,1.5
2024-10-29 09:55:00+00:00,2024-10-29 10:25:00+00:00,long,71301.42,71146.0,SL,-4.1649,273.4927,1.5
2024-10-29 11:15:00+00:00,2024-10-29 11:45:00+00:00,long,71262.01,71556.0,TP,8.2048,281.6975,1.5
2024-10-29 13:35:00+00:00,2024-10-29 13:55:00+00:00,long,71378.0,71804.0,TP,8.4509,290.1484,1.5
2024-10-29 15:20:00+00:00,2024-10-29 15:30:00+00:00,long,71949.29,71788.01,SL,-4.3522,285.7962,1.5
2024-10-29 15:40:00+00:00,2024-10-29 16:05:00+00:00,long,72189.23,72509.3,TP,8.5739,294.3701,1.5
2024-10-29 18:50:00+00:00,2024-10-29 19:10:00+00:00,long,73238.93,73554.3,TP,8.8311,303.2012,1.5
2024-10-29 20:55:00+00:00,2024-10-29 22:40:00+00:00,long,72336.22,72742.0,TP,9.096,312.2972,1.5
2024-10-30 01:35:00+00:00,2024-10-30 03:25:00+00:00,long,72405.67,72259.6,SL,-4.6845,307.6127,1.5
2024-10-30 04:25:00+00:00,2024-10-30 07:45:00+00:00,long,72319.72,72131.18,SL,-4.6142,302.9985,1.5
2024-10-30 08:05:00+00:00,2024-10-30 11:10:00+00:00,long,72371.34,72226.0,SL,-4.545,298.4536,1.5
2024-10-30 13:30:00+00:00,2024-10-30 13:50:00+00:00,short,71720.01,71972.56,SL,-4.4768,293.9768,1.5
2024-10-30 15:10:00+00:00,2024-10-30 15:15:00+00:00,short,71868.03,72028.01,SL,-4.4097,289.5671,1.5
2024-10-30 17:05:00+00:00,2024-10-30 18:10:00+00:00,short,71862.0,72006.01,SL,-4.3435,285.2236,1.5
2024-10-30 19:00:00+00:00,2024-10-30 19:45:00+00:00,short,71886.69,72045.46,SL,-4.2784,280.9452,1.5
2024-10-30 19:55:00+00:00,2024-10-30 20:00:00+00:00,short,71822.01,72369.99,SL,-4.2142,276.7311,1.5
2024-10-30 22:15:00+00:00,2024-10-30 22:30:00+00:00,long,72622.0,72341.32,SL,-4.151,272.5801,1.5
2024-10-30 23:10:00+00:00,2024-10-30 23:45:00+00:00,long,72564.0,72415.18,SL,-4.0887,268.4914,1.5
2024-10-31 01:10:00+00:00,2024-10-31 01:35:00+00:00,long,72304.99,72105.99,SL,-4.0274,264.464,1.5
2024-10-31 05:20:00+00:00,2024-10-31 07:00:00+00:00,long,72327.73,72174.33,SL,-3.967,260.4971,1.5
2024-10-31 09:05:00+00:00,2024-10-31 10:55:00+00:00,long,72339.98,72639.27,TP,7.8149,268.312,1.5
2024-10-31 18:15:00+00:00,2024-10-31 18:50:00+00:00,short,70374.01,70654.58,SL,-4.0247,264.2873,1.5
2024-10-31 19:30:00+00:00,2024-10-31 19:45:00+00:00,short,70368.66,70628.01,SL,-3.9643,260.323,1.5
2024-10-31 19:50:00+00:00,2024-10-31 20:45:00+00:00,short,70308.34,69891.99,TP,7.8097,268.1327,1.5
2024-10-31 22:25:00+00:00,2024-10-31 22:40:00+00:00,short,70292.0,70492.09,SL,-4.022,264.1107,1.5
2024-10-31 23:45:00+00:00,2024-11-01 00:35:00+00:00,short,70433.99,70149.84,TP,7.9233,272.034,1.5
2024-11-01 06:05:00+00:00,2024-11-01 06:55:00+00:00,short,69522.01,69212.13,TP,8.161,280.195,1.5
2024-11-01 12:45:00+00:00,2024-11-01 13:00:00+00:00,long,70443.02,70262.78,SL,-4.2029,275.9921,1.5
2024-11-01 13:35:00+00:00,2024-11-01 13:40:00+00:00,long,70808.0,70636.0,SL,-4.1399,271.8522,1.5
2024-11-01 16:25:00+00:00,2024-11-01 16:40:00+00:00,long,70224.01,69965.94,SL,-4.0778,267.7744,1.5
2024-11-01 17:05:00+00:00,2024-11-01 17:10:00+00:00,short,69632.0,69894.0,SL,-4.0166,263.7578,1.5
2024-11-01 17:40:00+00:00,2024-11-01 17:50:00+00:00,short,69670.0,69873.99,SL,-3.9564,259.8015,1.5
2024-11-01 17:55:00+00:00,2024-11-01 18:45:00+00:00,short,69586.01,69266.6,TP,7.794,267.5955,1.5
2024-11-01 21:20:00+00:00,2024-11-01 21:50:00+00:00,short,68982.0,69221.99,SL,-4.0139,263.5816,1.5
2024-11-01 23:45:00+00:00,2024-11-02 00:10:00+00:00,short,69484.0,69632.01,SL,-3.9537,259.6278,1.5
2024-11-02 00:20:00+00:00,2024-11-02 02:05:00+00:00,short,69553.95,69730.0,SL,-3.8944,255.7334,1.5
2024-11-02 06:25:00+00:00,2024-11-02 07:30:00+00:00,short,69640.01,69816.2,SL,-3.836,251.8974,1.5
2024-11-02 09:45:00+00:00,2024-11-02 14:15:00+00:00,short,69561.44,69163.99,TP,7.5569,259.4543,1.5
2024-11-02 17:20:00+00:00,2024-11-02 23:15:00+00:00,short,69470.43,69168.63,TP,7.7836,267.238,1.5
2024-11-03 00:35:00+00:00,2024-11-03 02:10:00+00:00,short,69176.42,68686.0,TP,8.0171,275.2551,1.5
2024-11-03 05:30:00+00:00,2024-11-03 06:45:00+00:00,short,68491.7,68732.21,SL,-4.1288,271.1263,1.5
2024-11-03 07:25:00+00:00,2024-11-03 13:45:00+00:00,short,68454.0,68107.25,TP,8.1338,279.2601,1.5
2024-11-03 16:55:00+00:00,2024-11-03 17:00:00+00:00,short,68152.01,68307.95,SL,-4.1889,275.0712,1.5
2024-11-03 17:45:00+00:00,2024-11-03 18:35:00+00:00,short,68304.55,67958.0,TP,8.2521,283.3233,1.5
2024-11-04 00:55:00+00:00,2024-11-04 02:00:00+00:00,long,68712.0,69055.56,TP,8.4997,291.823,1.5
2024-11-04 06:15:00+00:00,2024-11-04 07:30:00+00:00,long,68984.0,68770.0,SL,-4.3773,287.4457,1.5
2024-11-04 11:30:00+00:00,2024-11-04 12:20:00+00:00,short,68798.0,69008.0,SL,-4.3117,283.134,1.5
2024-11-04 16:25:00+00:00,2024-11-04 16:40:00+00:00,short,68282.01,67966.0,TP,8.494,291.628,1.5
2024-11-04 20:00:00+00:00,2024-11-04 20:45:00+00:00,short,67741.6,67465.99,TP,8.7488,300.3768,1.5
2024-11-04 23:40:00+00:00,2024-11-05 00:10:00+00:00,short,67735.29,67930.0,SL,-4.5057,295.8712,1.5
2024-11-05 01:05:00+00:00,2024-11-05 01:25:00+00:00,short,67992.0,67636.0,TP,8.8761,304.7473,1.5
2024-11-05 02:45:00+00:00,2024-11-05 03:00:00+00:00,short,67863.27,68024.0,SL,-4.5712,300.1761,1.5
2024-11-05 05:35:00+00:00,2024-11-05 07:40:00+00:00,long,68566.0,68918.0,TP,9.0053,309.1814,1.5
2024-11-05 07:45:00+00:00,2024-11-05 10:00:00+00:00,long,68890.0,68697.16,SL,-4.6377,304.5437,1.5
2024-11-05 11:00:00+00:00,2024-11-05 14:20:00+00:00,long,68826.44,69280.0,TP,9.1363,313.68,1.5
2024-11-05 16:25:00+00:00,2024-11-05 16:30:00+00:00,long,69979.99,70451.42,TP,9.4104,323.0904,1.5
2024-11-05 18:50:00+00:00,2024-11-05 19:10:00+00:00,long,70222.0,70000.29,SL,-4.8464,318.244,1.5
2024-11-05 20:35:00+00:00,2024-11-05 20:50:00+00:00,long,69583.06,69443.08,SL,-4.7737,313.4704,1.5
2024-11-05 21:50:00+00:00,2024-11-05 22:15:00+00:00,short,69252.0,68922.24,TP,9.4041,322.8745,1.5
2024-11-05 22:30:00+00:00,2024-11-05 23:25:00+00:00,long,69431.57,69809.41,TP,9.6862,332.5607,1.5
2024-11-06 00:15:00+00:00,2024-11-06 00:25:00+00:00,long,69849.99,70319.98,TP,9.9768,342.5375,1.5
2024-11-06 02:15:00+00:00,2024-11-06 02:25:00+00:00,long,71978.01,72396.7,TP,10.2761,352.8137,1.5
2024-11-06 06:00:00+00:00,2024-11-06 06:05:00+00:00,long,74963.92,74722.57,SL,-5.2922,347.5215,1.5
2024-11-06 08:45:00+00:00,2024-11-06 09:00:00+00:00,long,73236.21,73748.25,TP,10.4256,357.9471,1.5
2024-11-06 10:35:00+00:00,2024-11-06 11:15:00+00:00,long,73792.0,74114.46,TP,10.7384,368.6855,1.5
2024-11-06 14:25:00+00:00,2024-11-06 14:35:00+00:00,long,74168.0,74672.02,TP,11.0606,379.7461,1.5
2024-11-06 15:10:00+00:00,2024-11-06 15:30:00+00:00,long,74344.0,74064.42,SL,-5.6962,374.0499,1.5
2024-11-06 16:35:00+00:00,2024-11-06 16:40:00+00:00,long,74414.74,74192.59,SL,-5.6107,368.4391,1.5
2024-11-06 17:05:00+00:00,2024-11-06 18:05:00+00:00,long,74484.0,74859.99,TP,11.0532,379.4923,1.5
2024-11-06 19:45:00+00:00,2024-11-06 20:10:00+00:00,long,75614.99,75943.99,TP,11.3848,390.8771,1.5
2024-11-06 20:55:00+00:00,2024-11-06 21:00:00+00:00,long,76101.99,75859.99,SL,-5.8632,385.0139,1.5
2024-11-06 21:10:00+00:00,2024-11-06 21:15:00+00:00,long,76070.64,75881.5,SL,-5.7752,379.2387,1.5
2024-11-07 01:00:00+00:00,2024-11-07 01:30:00+00:00,long,75325.98,75726.0,TP,11.3772,390.6159,1.5
2024-11-07 03:20:00+00:00,2024-11-07 03:35:00+00:00,long,75308.01,75124.15,SL,-5.8592,384.7566,1.5
2024-11-07 06:05:00+00:00,2024-11-07 06:20:00+00:00,short,74548.75,74749.72,SL,-5.7713,378.9853,1.5
2024-11-07 06:45:00+00:00,2024-11-07 06:50:00+00:00,short,74488.95,74691.99,SL,-5.6848,373.3005,1.5
2024-11-07 10:55:00+00:00,2024-11-07 11:25:00+00:00,long,75031.2,74840.55,SL,-5.5995,367.701,1.5
2024-11-07 12:05:00+00:00,2024-11-07 13:35:00+00:00,long,74931.99,74670.01,SL,-5.5155,362.1855,1.5
2024-11-07 14:45:00+00:00,2024-11-07 14:50:00+00:00,short,74679.99,74881.42,SL,-5.4328,356.7527,1.5
2024-11-07 17:15:00+00:00,2024-11-07 18:05:00+00:00,long,76178.01,75963.72,SL,-5.3513,351.4014,1.5
2024-11-07 18:35:00+00:00,2024-11-07 19:00:00+00:00,long,76611.99,76203.95,SL,-5.271,346.1304,1.5
2024-11-07 20:00:00+00:00,2024-11-07 20:40:00+00:00,long,76575.7,76370.0,SL,-5.192,340.9384,1.5
2024-11-07 22:50:00+00:00,2024-11-08 00:20:00+00:00,long,75808.97,76199.99,TP,10.2282,351.1666,1.5
2024-11-08 01:20:00+00:00,2024-11-08 01:35:00+00:00,long,76256.0,75933.94,SL,-5.2675,345.8991,1.5
2024-11-08 03:05:00+00:00,2024-11-08 03:30:00+00:00,long,75862.0,75656.0,SL,-5.1885,340.7106,1.5
2024-11-08 05:10:00+00:00,2024-11-08 07:05:00+00:00,long,75948.79,75748.75,SL,-5.1107,335.6,1.5
2024-11-08 07:30:00+00:00,2024-11-08 08:10:00+00:00,long,76005.9,75844.42,SL,-5.034,330.566,1.5
2024-11-08 09:15:00+00:00,2024-11-08 10:15:00+00:00,long,75983.98,75828.0,SL,-4.9585,325.6075,1.5
2024-11-08 10:30:00+00:00,2024-11-08 14:40:00+00:00,long,75972.04,75704.4,SL,-4.8841,320.7234,1.5
2024-11-08 15:15:00+00:00,2024-11-08 15:30:00+00:00,long,76136.0,76473.97,TP,9.6217,330.3451,1.5
2024-11-08 17:30:00+00:00,2024-11-08 18:15:00+00:00,long,76212.66,76520.0,TP,9.9104,340.2554,1.5
2024-11-08 19:40:00+00:00,2024-11-08 19:55:00+00:00,long,77087.98,76912.58,SL,-5.1038,335.1516,1.5
2024-11-08 22:00:00+00:00,2024-11-08 22:50:00+00:00,long,76599.99,76371.59,SL,-5.0273,330.1243,1.5
2024-11-08 23:15:00+00:00,2024-11-09 01:30:00+00:00,long,76460.85,76302.1,SL,-4.9519,325.1724,1.5
2024-11-09 08:00:00+00:00,2024-11-09 12:45:00+00:00,long,76485.81,76316.01,SL,-4.8776,320.2949,1.5
2024-11-09 13:20:00+00:00,2024-11-09 13:50:00+00:00,short,76307.71,76465.42,SL,-4.8044,315.4904,1.5
2024-11-09 14:15:00+00:00,2024-11-09 17:05:00+00:00,short,76289.5,75968.07,TP,9.4647,324.9551,1.5
2024-11-09 19:30:00+00:00,2024-11-09 21:20:00+00:00,short,76232.57,76387.14,SL,-4.8743,320.0808,1.5
2024-11-10 00:40:00+00:00,2024-11-10 01:05:00+00:00,long,76894.99,76706.0,SL,-4.8012,315.2796,1.5
2024-11-10 02:10:00+00:00,2024-11-10 02:20:00+00:00,long,76875.3,77224.47,TP,9.4584,324.738,1.5
2024-11-10 03:15:00+00:00,2024-11-10 03:55:00+00:00,long,77366.7,77205.96,SL,-4.8711,319.8669,1.5
2024-11-10 04:30:00+00:00,2024-11-10 04:50:00+00:00,long,77885.81,78996.51,TP,9.596,329.4629,1.5
2024-11-10 08:25:00+00:00,2024-11-10 09:30:00+00:00,long,79056.02,79418.0,TP,9.8839,339.3468,1.5
2024-11-10 10:45:00+00:00,2024-11-10 11:15:00+00:00,long,79552.03,79926.0,TP,10.1804,349.5272,1.5
2024-11-10 13:05:00+00:00,2024-11-10 14:35:00+00:00,long,79673.43,79499.93,SL,-5.2429,344.2843,1.5
2024-11-10 15:15:00+00:00,2024-11-10 17:35:00+00:00,long,79664.01,80213.56,TP,10.3285,354.6128,1.5
2024-11-10 21:20:00+00:00,2024-11-10 21:45:00+00:00,long,79295.98,79694.01,TP,10.6384,365.2512,1.5
2024-11-11 00:25:00+00:00,2024-11-11 01:00:00+00:00,long,80722.0,80500.0,SL,-5.4788,359.7725,1.5
2024-11-11 01:25:00+00:00,2024-11-11 01:35:00+00:00,long,80783.98,81210.19,TP,10.7932,370.5656,1.5
2024-11-11 03:50:00+00:00,2024-11-11 04:05:00+00:00,long,81731.99,81537.47,SL,-5.5585,365.0071,1.5
2024-11-11 06:25:00+00:00,2024-11-11 06:40:00+00:00,long,81100.98,80792.08,SL,-5.4751,359.532,1.5
2024-11-11 12:50:00+00:00,2024-11-11 13:00:00+00:00,long,82308.0,81955.51,SL,-5.393,354.1391,1.5
2024-11-11 14:00:00+00:00,2024-11-11 14:10:00+00:00,long,82132.03,81748.07,SL,-5.3121,348.827,1.5
2024-11-11 14:30:00+00:00,2024-11-11 14:40:00+00:00,long,82242.88,81941.98,SL,-5.2324,343.5946,1.5
2024-11-11 18:40:00+00:00,2024-11-11 18:50:00+00:00,long,85190.0,85728.0,TP,10.3078,353.9024,1.5
2024-11-11 20:05:00+00:00,2024-11-11 20:10:00+00:00,long,86735.99,87146.04,TP,10.6171,364.5195,1.5
2024-11-11 21:15:00+00:00,2024-11-11 21:25:00+00:00,long,87776.74,88242.62,TP,10.9356,375.4551,1.5
2024-11-11 23:00:00+00:00,2024-11-11 23:05:00+00:00,long,88868.74,88681.81,SL,-5.6318,369.8232,1.5
2024-11-12 00:55:00+00:00,2024-11-12 01:25:00+00:00,long,88978.57,88685.43,SL,-5.5473,364.2759,1.5
2024-11-12 03:30:00+00:00,2024-11-12 04:00:00+00:00,long,87704.0,88078.29,TP,10.9283,375.2042,1.5
2024-11-12 06:30:00+00:00,2024-11-12 06:40:00+00:00,long,88843.64,89419.99,TP,11.2561,386.4603,1.5
2024-11-12 09:00:00+00:00,2024-11-12 09:05:00+00:00,long,89116.01,88546.09,SL,-5.7969,380.6634,1.5
2024-11-12 12:35:00+00:00,2024-11-12 12:40:00+00:00,short,87068.0,86678.71,TP,11.4199,392.0833,1.5
2024-11-12 15:45:00+00:00,2024-11-12 16:05:00+00:00,short,86568.02,86124.01,TP,11.7625,403.8458,1.5
2024-11-12 17:55:00+00:00,2024-11-12 18:05:00+00:00,short,86966.07,87288.03,SL,-6.0577,397.7881,1.5
2024-11-12 18:20:00+00:00,2024-11-12 18:30:00+00:00,long,88016.01,88644.85,TP,11.9336,409.7217,1.5
2024-11-12 22:40:00+00:00,2024-11-12 23:00:00+00:00,long,88505.06,88039.35,SL,-6.1458,403.5759,1.5
2024-11-12 23:20:00+00:00,2024-11-12 23:25:00+00:00,short,87628.39,87970.33,SL,-6.0536,397.5223,1.5
2024-11-12 23:50:00+00:00,2024-11-12 23:55:00+00:00,long,88144.0,87952.01,SL,-5.9628,391.5594,1.5
2024-11-13 00:15:00+00:00,2024-11-13 00:25:00+00:00,short,87731.99,88206.0,SL,-5.8734,385.686,1.5
2024-11-13 01:45:00+00:00,2024-11-13 02:05:00+00:00,long,88288.0,88064.01,SL,-5.7853,379.9008,1.5
2024-11-13 02:55:00+00:00,2024-11-13 03:20:00+00:00,long,87868.0,87691.99,SL,-5.6985,374.2022,1.5
2024-11-13 03:30:00+00:00,2024-11-13 03:40:00+00:00,short,87494.6,87127.99,TP,11.2261,385.4283,1.5
2024-11-13 04:30:00+00:00,2024-11-13 04:35:00+00:00,short,87044.32,86600.06,TP,11.5628,396.9912,1.5
2024-11-13 05:50:00+00:00,2024-11-13 06:30:00+00:00,short,86656.85,86198.23,TP,11.9097,408.9009,1.5
2024-11-13 08:45:00+00:00,2024-11-13 09:10:00+00:00,short,87273.99,87499.99,SL,-6.1335,402.7674,1.5
2024-11-13 09:25:00+00:00,2024-11-13 09:30:00+00:00,long,87521.99,87294.03,SL,-6.0415,396.7259,1.5
2024-11-13 10:55:00+00:00,2024-11-13 11:15:00+00:00,long,87535.55,87952.29,TP,11.9018,408.6277,1.5
2024-11-13 12:35:00+00:00,2024-11-13 12:55:00+00:00,long,87898.17,87626.96,SL,-6.1294,402.4982,1.5
2024-11-13 13:20:00+00:00,2024-11-13 13:30:00+00:00,long,88073.57,88528.24,TP,12.0749,414.5732,1.5
2024-11-13 15:45:00+00:00,2024-11-13 16:10:00+00:00,long,92562.96,93192.03,TP,12.4372,427.0104,1.5
2024-11-13 18:30:00+00:00,2024-11-13 18:35:00+00:00,long,92647.99,92447.26,SL,-6.4052,420.6052,1.5
2024-11-13 18:40:00+00:00,2024-11-13 18:50:00+00:00,long,92703.76,93084.0,TP,12.6182,433.2234,1.5
2024-11-13 20:20:00+00:00,2024-11-13 20:25:00+00:00,long,90825.99,90556.0,SL,-6.4984,426.725,1.5
2024-11-13 20:55:00+00:00,2024-11-13 21:00:00+00:00,short,89691.99,88947.71,TP,12.8018,439.5268,1.5
2024-11-14 01:55:00+00:00,2024-11-14 02:10:00+00:00,long,90372.01,90123.95,SL,-6.5929,432.9339,1.5
2024-11-14 03:45:00+00:00,2024-11-14 04:00:00+00:00,long,89981.51,89767.38,SL,-6.494,426.4399,1.5
2024-11-14 04:45:00+00:00,2024-11-14 05:10:00+00:00,long,89966.92,89748.0,SL,-6.3966,420.0433,1.5
2024-11-14 05:40:00+00:00,2024-11-14 05:50:00+00:00,short,89790.24,90001.04,SL,-6.3006,413.7426,1.5
2024-11-14 07:35:00+00:00,2024-11-14 07:45:00+00:00,long,89978.91,90363.1,TP,12.4123,426.1549,1.5
2024-11-14 10:00:00+00:00,2024-11-14 11:00:00+00:00,long,91154.64,90820.11,SL,-6.3923,419.7626,1.5
2024-11-14 11:45:00+00:00,2024-11-14 12:40:00+00:00,long,91315.99,91093.75,SL,-6.2964,413.4661,1.5
2024-11-14 14:15:00+00:00,2024-11-14 14:30:00+00:00,long,91033.59,91699.99,TP,12.404,425.8701,1.5
2024-11-14 14:40:00+00:00,2024-11-14 14:45:00+00:00,short,89730.94,88909.36,TP,12.7761,438.6462,1.5
2024-11-14 18:40:00+00:00,2024-11-14 18:50:00+00:00,short,89074.36,89290.33,SL,-6.5797,432.0665,1.5
2024-11-14 19:45:00+00:00,2024-11-14 19:50:00+00:00,short,89239.4,89489.51,SL,-6.481,425.5855,1.5
2024-11-14 22:30:00+00:00,2024-11-14 22:35:00+00:00,short,87120.0,87402.01,SL,-6.3838,419.2018,1.5
2024-11-14 23:05:00+00:00,2024-11-15 00:00:00+00:00,short,87291.22,87687.99,SL,-6.288,412.9137,1.5
2024-11-15 01:10:00+00:00,2024-11-15 01:15:00+00:00,short,87791.71,87995.15,SL,-6.1937,406.72,1.5
2024-11-15 02:20:00+00:00,2024-11-15 02:30:00+00:00,short,87904.0,88125.03,SL,-6.1008,400.6192,1.5
2024-11-15 03:20:00+00:00,2024-11-15 03:40:00+00:00,short,88164.72,88384.85,SL,-6.0093,394.6099,1.5
2024-11-15 07:40:00+00:00,2024-11-15 08:05:00+00:00,short,87931.99,87374.83,TP,11.8383,406.4482,1.5
2024-11-15 11:55:00+00:00,2024-11-15 12:10:00+00:00,long,89741.25,90660.54,TP,12.1934,418.6417,1.5
2024-11-15 13:50:00+00:00,2024-11-15 14:00:00+00:00,long,90280.38,90051.73,SL,-6.2796,412.3621,1.5
2024-11-15 19:30:00+00:00,2024-11-15 19:40:00+00:00,long,89875.92,90585.0,TP,12.3709,424.7329,1.5
2024-11-16 00:50:00+00:00,2024-11-16 02:15:00+00:00,long,91027.99,91605.77,TP,12.742,437.4749,1.5
2024-11-16 04:45:00+00:00,2024-11-16 05:20:00+00:00,long,91245.82,91759.5,TP,13.1242,450.5991,1.5
2024-11-16 07:15:00+00:00,2024-11-16 07:35:00+00:00,long,91388.45,91162.58,SL,-6.759,443.8402,1.5
2024-11-16 08:25:00+00:00,2024-11-16 10:40:00+00:00,long,91224.98,91597.65,TP,13.3152,457.1554,1.5
2024-11-16 13:55:00+00:00,2024-11-16 14:20:00+00:00,short,90755.99,90969.7,SL,-6.8573,450.298,1.5
2024-11-16 15:10:00+00:00,2024-11-16 15:45:00+00:00,short,90536.83,90105.62,TP,13.5089,463.807,1.5
2024-11-16 22:20:00+00:00,2024-11-16 22:55:00+00:00,short,90871.57,90328.39,TP,13.9142,477.7212,1.5
2024-11-17 01:25:00+00:00,2024-11-17 01:40:00+00:00,short,90676.02,90168.7,TP,14.3316,492.0528,1.5
2024-11-17 05:30:00+00:00,2024-11-17 06:40:00+00:00,short,90522.02,90769.99,SL,-7.3808,484.672,1.5
2024-11-17 07:00:00+00:00,2024-11-17 07:40:00+00:00,short,90439.99,90643.97,SL,-7.2701,477.402,1.5
2024-11-17 07:50:00+00:00,2024-11-17 08:05:00+00:00,short,90531.31,90788.57,SL,-7.161,470.2409,1.5
2024-11-17 08:20:00+00:00,2024-11-17 08:40:00+00:00,short,90509.99,90746.97,SL,-7.0536,463.1873,1.5
2024-11-17 12:05:00+00:00,2024-11-17 13:35:00+00:00,long,90824.02,90381.96,SL,-6.9478,456.2395,1.5
2024-11-17 16:00:00+00:00,2024-11-17 16:25:00+00:00,short,90136.42,90333.33,SL,-6.8436,449.3959,1.5
2024-11-17 18:10:00+00:00,2024-11-17 18:30:00+00:00,short,90304.8,89926.89,TP,13.4819,462.8778,1.5
2024-11-17 20:25:00+00:00,2024-11-17 21:50:00+00:00,short,89679.99,89276.75,TP,13.8863,476.7641,1.5
2024-11-18 03:55:00+00:00,2024-11-18 04:55:00+00:00,long,90668.58,90441.3,SL,-7.1515,469.6127,1.5
2024-11-18 05:20:00+00:00,2024-11-18 06:20:00+00:00,long,90663.5,91076.0,TP,14.0884,483.701,1.5
2024-11-18 10:35:00+00:00,2024-11-18 10:50:00+00:00,long,91991.99,91800.0,SL,-7.2555,476.4455,1.5
2024-11-18 13:05:00+00:00,2024-11-18 13:55:00+00:00,short,89875.59,89502.23,TP,14.2934,490.7389,1.5
2024-11-19 01:50:00+00:00,2024-11-19 02:15:00+00:00,short,90824.01,91129.5,SL,-7.3611,483.3778,1.5
2024-11-19 04:25:00+00:00,2024-11-19 04:45:00+00:00,long,91628.74,91420.0,SL,-7.2507,476.1271,1.5
2024-11-19 05:55:00+00:00,2024-11-19 06:10:00+00:00,long,91877.0,91672.0,SL,-7.1419,468.9852,1.5
2024-11-19 08:55:00+00:00,2024-11-19 09:20:00+00:00,long,91780.99,91490.47,SL,-7.0348,461.9505,1.5
2024-11-19 09:55:00+00:00,2024-11-19 12:15:00+00:00,long,91694.38,92200.0,TP,13.8585,475.809,1.5
2024-11-19 14:40:00+00:00,2024-11-19 15:20:00+00:00,long,91964.01,91760.53,SL,-7.1371,468.6718,1.5
2024-11-19 16:55:00+00:00,2024-11-19 17:30:00+00:00,long,92553.79,93068.0,TP,14.0602,482.732,1.5
2024-11-19 18:10:00+00:00,2024-11-19 18:20:00+00:00,long,93286.99,93063.99,SL,-7.241,475.491,1.5
2024-11-19 19:10:00+00:00,2024-11-19 19:20:00+00:00,long,93867.65,93599.99,SL,-7.1324,468.3586,1.5
2024-11-19 21:50:00+00:00,2024-11-19 22:15:00+00:00,long,92342.37,92136.55,SL,-7.0254,461.3333,1.5
2024-11-19 22:30:00+00:00,2024-11-19 23:15:00+00:00,short,91712.0,92042.08,SL,-6.92,454.4133,1.5
2024-11-20 00:55:00+00:00,2024-11-20 01:00:00+00:00,short,92044.19,92246.1,SL,-6.8162,447.5971,1.5
2024-11-20 01:10:00+00:00,2024-11-20 02:10:00+00:00,short,92072.24,91703.57,TP,13.4279,461.025,1.5
2024-11-20 02:30:00+00:00,2024-11-20 03:40:00+00:00,short,91768.77,91987.13,SL,-6.9154,454.1096,1.5
2024-11-20 05:00:00+00:00,2024-11-20 05:20:00+00:00,short,91987.02,92325.1,SL,-6.8116,447.298,1.5
2024-11-20 07:20:00+00:00,2024-11-20 08:35:00+00:00,long,92710.93,93131.97,TP,13.4189,460.7169,1.5
2024-11-20 10:40:00+00:00,2024-11-20 10:55:00+00:00,long,93499.99,93278.5,SL,-6.9108,453.8061,1.5
2024-11-20 11:45:00+00:00,2024-11-20 13:10:00+00:00,long,93472.0,93912.01,TP,13.6142,467.4203,1.5
2024-11-20 15:35:00+00:00,2024-11-20 16:05:00+00:00,long,94764.0,94531.39,SL,-7.0113,460.409,1.5
2024-11-20 17:05:00+00:00,2024-11-20 17:10:00+00:00,long,94192.0,93969.4,SL,-6.9061,453.5029,1.5
2024-11-20 17:35:00+00:00,2024-11-20 18:15:00+00:00,long,94104.01,93876.8,SL,-6.8025,446.7003,1.5
2024-11-20 18:30:00+00:00,2024-11-20 18:35:00+00:00,long,94076.92,93506.13,SL,-6.7005,439.9998,1.5
2024-11-20 19:35:00+00:00,2024-11-20 20:00:00+00:00,long,93721.9,94115.34,TP,13.2,453.1998,1.5
2024-11-20 21:35:00+00:00,2024-11-20 22:25:00+00:00,long,94407.2,94165.76,SL,-6.798,446.4018,1.5
2024-11-20 23:50:00+00:00,2024-11-21 00:20:00+00:00,long,94174.73,94571.65,TP,13.3921,459.7939,1.5
2024-11-21 03:05:00+00:00,2024-11-21 03:25:00+00:00,long,94852.1,95692.0,TP,13.7938,473.5877,1.5
2024-11-21 08:55:00+00:00,2024-11-21 09:15:00+00:00,long,97107.99,97500.0,TP,14.2076,487.7953,1.5
2024-11-21 10:50:00+00:00,2024-11-21 11:05:00+00:00,long,97691.99,98367.5,TP,14.6339,502.4292,1.5
2024-11-21 13:50:00+00:00,2024-11-21 14:00:00+00:00,long,97622.17,97348.0,SL,-10.0486,492.3806,2.0
2024-11-21 14:15:00+00:00,2024-11-21 14:20:00+00:00,long,97504.01,97263.99,SL,-7.3857,484.9949,1.5
2024-11-21 14:45:00+00:00,2024-11-21 14:50:00+00:00,long,97568.08,96960.0,SL,-7.2749,477.72,1.5
2024-11-21 15:55:00+00:00,2024-11-21 16:25:00+00:00,long,96672.0,97147.99,TP,14.3316,492.0516,1.5
2024-11-21 19:05:00+00:00,2024-11-21 19:45:00+00:00,long,98412.12,98140.64,SL,-7.3808,484.6708,1.5
2024-11-21 22:15:00+00:00,2024-11-21 23:00:00+00:00,long,98022.36,98584.17,TP,14.5401,499.2109,1.5
2024-11-22 01:20:00+00:00,2024-11-22 01:35:00+00:00,long,98279.51,98053.41,SL,-7.4882,491.7228,1.5
2024-11-22 02:00:00+00:00,2024-11-22 03:05:00+00:00,long,98235.99,98650.0,TP,14.7517,506.4745,1.5
2024-11-22 04:00:00+00:00,2024-11-22 05:00:00+00:00,long,98928.0,98648.0,SL,-10.1295,496.345,2.0
2024-11-22 06:55:00+00:00,2024-11-22 08:40:00+00:00,long,98999.99,98785.49,SL,-7.4452,488.8998,1.5
2024-11-22 09:55:00+00:00,2024-11-22 10:10:00+00:00,long,98702.0,98496.01,SL,-7.3335,481.5663,1.5
2024-11-22 10:50:00+00:00,2024-11-22 11:30:00+00:00,long,98473.53,98871.13,TP,14.447,496.0133,1.5
2024-11-22 14:35:00+00:00,2024-11-22 15:05:00+00:00,short,97522.66,97859.36,SL,-7.4402,488.5731,1.5
2024-11-22 19:00:00+00:00,2024-11-22 20:35:00+00:00,long,99248.99,99008.0,SL,-7.3286,481.2445,1.5
2024-11-22 21:50:00+00:00,2024-11-22 22:10:00+00:00,long,99211.0,98986.99,SL,-7.2187,474.0258,1.5
2024-11-22 23:20:00+00:00,2024-11-23 01:00:00+00:00,long,98756.6,98534.0,SL,-7.1104,466.9154,1.5
2024-11-23 02:10:00+00:00,2024-11-23 02:45:00+00:00,short,98338.59,98539.78,SL,-7.0037,459.9117,1.5
2024-11-23 04:05:00+00:00,2024-11-23 13:10:00+00:00,short,98593.67,98800.0,SL,-6.8987,453.013,1.5
2024-11-23 14:45:00+00:00,2024-11-23 15:35:00+00:00,long,98778.38,98562.99,SL,-6.7952,446.2178,1.5
2024-11-23 19:15:00+00:00,2024-11-23 21:05:00+00:00,short,97575.44,97771.13,SL,-6.6933,439.5246,1.5
2024-11-23 22:25:00+00:00,2024-11-24 00:25:00+00:00,short,97765.19,97989.99,SL,-6.5929,432.9317,1.5
2024-11-24 05:00:00+00:00,2024-11-24 05:35:00+00:00,long,98164.91,97915.0,SL,-6.494,426.4377,1.5
2024-11-24 05:55:00+00:00,2024-11-24 06:15:00+00:00,long,98264.44,98060.6,SL,-6.3966,420.0412,1.5
2024-11-24 07:55:00+00:00,2024-11-24 08:30:00+00:00,long,98431.05,98157.36,SL,-6.3006,413.7405,1.5
2024-11-24 11:50:00+00:00,2024-11-24 12:30:00+00:00,short,97333.33,96894.74,TP,12.4122,426.1528,1.5
2024-11-24 14:05:00+00:00,2024-11-24 15:30:00+00:00,short,96960.01,96499.88,TP,12.7846,438.9373,1.5
2024-11-24 17:10:00+00:00,2024-11-24 18:05:00+00:00,short,95901.0,96100.0,SL,-6.5841,432.3533,1.5
2024-11-24 19:35:00+00:00,2024-11-24 20:25:00+00:00,short,96291.98,96712.53,SL,-6.4853,425.868,1.5
2024-11-24 21:20:00+00:00,2024-11-24 21:40:00+00:00,short,96597.89,96868.75,SL,-6.388,419.48,1.5
2024-11-25 02:05:00+00:00,2024-11-25 03:55:00+00:00,long,97459.99,97898.8,TP,12.5844,432.0644,1.5
2024-11-25 05:10:00+00:00,2024-11-25 06:15:00+00:00,long,97949.01,98375.23,TP,12.9619,445.0263,1.5
2024-11-25 08:10:00+00:00,2024-11-25 09:15:00+00:00,long,98208.0,98749.98,TP,13.3508,458.3771,1.5
2024-11-25 11:20:00+00:00,2024-11-25 11:40:00+00:00,long,98513.61,98108.0,SL,-6.8757,451.5014,1.5
2024-11-25 14:20:00+00:00,2024-11-25 14:40:00+00:00,short,97131.07,96595.06,TP,13.545,465.0465,1.5
2024-11-25 17:05:00+00:00,2024-11-25 17:10:00+00:00,short,95457.67,95052.0,TP,13.9514,478.9979,1.5
2024-11-25 18:45:00+00:00,2024-11-25 18:55:00+00:00,short,94936.01,95139.99,SL,-7.185,471.8129,1.5
2024-11-25 19:15:00+00:00,2024-11-25 20:00:00+00:00,short,94961.77,94504.81,TP,14.1544,485.9673,1.5
2024-11-25 21:30:00+00:00,2024-11-25 21:40:00+00:00,short,94580.0,94020.0,TP,14.579,500.5463,1.5
2024-11-25 23:35:00+00:00,2024-11-25 23:45:00+00:00,short,93288.97,92883.08,TP,20.0219,520.5681,2.0
2024-11-26 02:20:00+00:00,2024-11-26 04:05:00+00:00,short,94596.0,94076.0,TP,20.8227,541.3909,2.0
2024-11-26 05:15:00+00:00,2024-11-26 05:35:00+00:00,short,94247.09,94580.0,SL,-10.8278,530.563,2.0
2024-11-26 06:50:00+00:00,2024-11-26 07:10:00+00:00,short,94510.81,93927.56,TP,21.2225,551.7856,2.0
2024-11-26 10:20:00+00:00,2024-11-26 10:45:00+00:00,short,92992.0,92502.72,TP,22.0714,573.857,2.0
2024-11-26 14:00:00+00:00,2024-11-26 14:15:00+00:00,short,91974.52,92247.26,SL,-11.4771,562.3799,2.0
2024-11-26 15:20:00+00:00,2024-11-26 15:25:00+00:00,short,92544.01,93108.0,SL,-11.2476,551.1323,2.0
2024-11-26 15:30:00+00:00,2024-11-26 15:35:00+00:00,short,92920.0,93390.61,SL,-11.0226,540.1096,2.0
2024-11-26 15:55:00+00:00,2024-11-26 16:00:00+00:00,short,92813.0,92999.98,SL,-10.8022,529.3074,2.0
2024-11-26 16:20:00+00:00,2024-11-26 16:25:00+00:00,long,93800.01,94224.0,TP,21.1723,550.4797,2.0
2024-11-26 22:55:00+00:00,2024-11-27 00:05:00+00:00,short,91811.14,92243.97,SL,-11.0096,539.4701,2.0
2024-11-27 00:40:00+00:00,2024-11-27 01:00:00+00:00,short,91828.85,92102.49,SL,-10.7894,528.6807,2.0
2024-11-27 02:15:00+00:00,2024-11-27 02:20:00+00:00,short,92460.6,92869.99,SL,-10.5736,518.1071,2.0
2024-11-27 04:20:00+00:00,2024-11-27 04:30:00+00:00,long,93125.01,92891.96,SL,-10.3621,507.745,2.0
2024-11-27 05:35:00+00:00,2024-11-27 06:10:00+00:00,long,92739.96,93124.05,TP,20.3098,528.0548,2.0
2024-11-27 07:05:00+00:00,2024-11-27 10:30:00+00:00,long,93268.19,93689.34,TP,21.1222,549.177,2.0
2024-11-27 12:55:00+00:00,2024-11-27 13:50:00+00:00,long,93499.99,93933.99,TP,21.9671,571.144,2.0
2024-11-27 15:35:00+00:00,2024-11-27 15:50:00+00:00,long,95245.4,95829.66,TP,22.8458,593.9898,2.0
2024-11-27 17:55:00+00:00,2024-11-27 18:30:00+00:00,long,96247.24,96052.01,SL,-11.8798,582.11,2.0
2024-11-27 19:45:00+00:00,2024-11-27 20:10:00+00:00,long,96428.58,96931.71,TP,23.2844,605.3944,2.0
2024-11-27 22:30:00+00:00,2024-11-27 22:45:00+00:00,long,96474.18,96037.38,SL,-12.1079,593.2865,2.0
2024-11-28 00:00:00+00:00,2024-11-28 00:50:00+00:00,long,95950.0,96367.6,TP,23.7315,617.018,2.0
2024-11-28 01:55:00+00:00,2024-11-28 02:45:00+00:00,long,96273.95,96035.12,SL,-12.3404,604.6776,2.0
2024-11-28 03:55:00+00:00,2024-11-28 06:00:00+00:00,long,95471.43,95273.5,SL,-12.0936,592.5841,2.0
2024-11-28 06:35:00+00:00,2024-11-28 07:50:00+00:00,long,95576.01,95265.96,SL,-11.8517,580.7324,2.0
2024-11-28 08:30:00+00:00,2024-11-28 09:05:00+00:00,long,95489.83,95281.41,SL,-11.6146,569.1177,2.0
2024-11-28 09:10:00+00:00,2024-11-28 10:00:00+00:00,short,95196.51,94688.0,TP,22.7647,591.8824,2.0
2024-11-28 12:35:00+00:00,2024-11-28 12:55:00+00:00,short,95280.52,95484.01,SL,-11.8376,580.0448,2.0
2024-11-28 13:45:00+00:00,2024-11-28 14:05:00+00:00,long,95595.73,96039.93,TP,23.2018,603.2466,2.0
2024-11-28 16:25:00+00:00,2024-11-28 18:40:00+00:00,short,95061.6,95299.99,SL,-12.0649,591.1816,2.0
2024-11-28 19:20:00+00:00,2024-11-28 22:10:00+00:00,short,95075.99,95271.99,SL,-11.8236,579.358,2.0
2024-11-29 01:30:00+00:00,2024-11-29 02:00:00+00:00,long,95701.92,96172.15,TP,23.1743,602.5323,2.0
2024-11-29 05:25:00+00:00,2024-11-29 05:55:00+00:00,long,96460.32,96153.86,SL,-12.0506,590.4817,2.0
2024-11-29 06:55:00+00:00,2024-11-29 07:15:00+00:00,long,96266.19,96071.51,SL,-11.8096,578.6721,2.0
2024-11-29 11:30:00+00:00,2024-11-29 13:00:00+00:00,long,97076.99,96812.01,SL,-11.5734,567.0986,2.0
2024-11-29 13:50:00+00:00,2024-11-29 14:35:00+00:00,long,97143.42,97584.0,TP,22.6839,589.7826,2.0
2024-11-29 18:20:00+00:00,2024-11-29 19:00:00+00:00,long,97190.94,96962.0,SL,-11.7957,577.9869,2.0
2024-11-29 21:50:00+00:00,2024-11-29 23:00:00+00:00,long,97363.15,97163.23,SL,-11.5597,566.4272,2.0
2024-11-29 23:35:00+00:00,2024-11-30 00:30:00+00:00,long,97383.48,97120.01,SL,-11.3285,555.0986,2.0
2024-11-30 06:25:00+00:00,2024-11-30 10:30:00+00:00,short,96862.76,96455.15,TP,22.2039,577.3026,2.0
2024-11-30 13:50:00+00:00,2024-11-30 15:45:00+00:00,short,96499.51,96732.14,SL,-11.5461,565.7565,2.0
2024-11-30 16:15:00+00:00,2024-11-30 16:50:00+00:00,short,96581.72,96874.42,SL,-11.3151,554.4414,2.0
2024-11-30 18:50:00+00:00,2024-11-30 22:05:00+00:00,long,96974.49,96774.68,SL,-11.0888,543.3526,2.0
2024-12-01 00:55:00+00:00,2024-12-01 02:35:00+00:00,short,96340.6,95822.58,TP,21.7341,565.0867,2.0
2024-12-01 05:30:00+00:00,2024-12-01 08:10:00+00:00,short,96440.0,96717.21,SL,-11.3017,553.7849,2.0
2024-12-01 11:05:00+00:00,2024-12-01 14:45:00+00:00,long,96935.12,97324.22,TP,22.1514,575.9363,2.0
2024-12-01 16:15:00+00:00,2024-12-01 17:15:00+00:00,long,97307.99,97059.96,SL,-11.5187,564.4176,2.0
2024-12-01 17:45:00+00:00,2024-12-01 19:20:00+00:00,long,97275.49,97055.99,SL,-11.2884,553.1293,2.0
2024-12-01 20:50:00+00:00,2024-12-01 21:45:00+00:00,long,97065.99,97598.72,TP,22.1252,575.2544,2.0
2024-12-01 23:05:00+00:00,2024-12-01 23:15:00+00:00,long,97724.97,97380.21,SL,-11.5051,563.7493,2.0
2024-12-02 00:30:00+00:00,2024-12-02 00:45:00+00:00,long,97517.34,97304.01,SL,-11.275,552.4743,2.0
2024-12-02 05:50:00+00:00,2024-12-02 07:20:00+00:00,short,96377.39,95876.02,TP,22.099,574.5733,2.0
2024-12-02 08:15:00+00:00,2024-12-02 10:35:00+00:00,short,95381.98,94962.33,TP,22.9829,597.5563,2.0
2024-12-02 10:40:00+00:00,2024-12-02 10:45:00+00:00,short,94932.01,95150.0,SL,-11.9511,585.6051,2.0
2024-12-02 12:50:00+00:00,2024-12-02 13:05:00+00:00,short,94907.43,95251.87,SL,-11.7121,573.893,2.0
2024-12-02 14:15:00+00:00,2024-12-02 14:25:00+00:00,short,95585.38,95898.26,SL,-11.4779,562.4152,2.0
2024-12-02 20:40:00+00:00,2024-12-02 22:05:00+00:00,short,95679.0,95293.34,TP,22.4966,584.9118,2.0
2024-12-03 00:55:00+00:00,2024-12-03 02:35:00+00:00,short,95804.03,96100.0,SL,-11.6982,573.2135,2.0
2024-12-03 05:30:00+00:00,2024-12-03 06:55:00+00:00,long,96097.58,95632.22,SL,-11.4643,561.7493,2.0
2024-12-03 09:20:00+00:00,2024-12-03 10:40:00+00:00,short,95237.22,95482.63,SL,-11.235,550.5143,2.0
2024-12-03 10:50:00+00:00,2024-12-03 13:10:00+00:00,short,95000.0,94588.99,TP,22.0206,572.5349,2.0
2024-12-03 16:05:00+00:00,2024-12-03 16:15:00+00:00,long,95991.99,95796.36,SL,-11.4507,561.0842,2.0
2024-12-03 17:45:00+00:00,2024-12-03 18:25:00+00:00,long,95633.55,95403.46,SL,-11.2217,549.8625,2.0
2024-12-03 19:40:00+00:00,2024-12-03 21:10:00+00:00,long,95432.23,95867.97,TP,21.9945,571.857,2.0
2024-12-03 22:20:00+00:00,2024-12-03 22:25:00+00:00,long,96084.99,95885.52,SL,-11.4371,560.4198,2.0
2024-12-04 01:30:00+00:00,2024-12-04 02:00:00+00:00,long,96352.0,95969.35,SL,-11.2084,549.2114,2.0
2024-12-04 02:10:00+00:00,2024-12-04 02:20:00+00:00,short,95391.99,95643.99,SL,-10.9842,538.2272,2.0
2024-12-04 03:00:00+00:00,2024-12-04 03:20:00+00:00,long,95856.0,95632.0,SL,-10.7645,527.4627,2.0
2024-12-04 03:25:00+00:00,2024-12-04 05:15:00+00:00,long,95794.99,96211.48,TP,21.0985,548.5612,2.0
2024-12-04 08:45:00+00:00,2024-12-04 10:35:00+00:00,long,96796.0,96561.19,SL,-10.9712,537.5899,2.0
2024-12-04 13:25:00+00:00,2024-12-04 14:30:00+00:00,short,95647.14,96244.15,SL,-10.7518,526.8381,2.0
2024-12-04 15:35:00+00:00,2024-12-04 16:05:00+00:00,short,95862.74,95312.0,TP,21.0735,547.9117,2.0
2024-12-04 22:35:00+00:00,2024-12-04 22:50:00+00:00,long,98424.46,98163.04,SL,-10.9582,536.9534,2.0
2024-12-04 23:05:00+00:00,2024-12-05 00:05:00+00:00,long,98655.98,98389.1,SL,-10.7391,526.2144,2.0
2024-12-05 01:35:00+00:00,2024-12-05 01:50:00+00:00,long,98516.0,98047.58,SL,-10.5243,515.6901,2.0
2024-12-05 02:05:00+00:00,2024-12-05 02:25:00+00:00,long,98483.8,99209.32,TP,20.6276,536.3177,2.0
2024-12-05 07:25:00+00:00,2024-12-05 08:05:00+00:00,long,102098.41,102613.39,TP,21.4527,557.7704,2.0
2024-12-05 11:40:00+00:00,2024-12-05 13:10:00+00:00,long,102579.99,103008.04,TP,22.3108,580.0812,2.0
2024-12-05 14:40:00+00:00,2024-12-05 15:15:00+00:00,long,103236.02,103027.99,SL,-11.6016,568.4796,2.0
2024-12-05 17:10:00+00:00,2024-12-05 17:15:00+00:00,short,100654.31,100879.03,SL,-11.3696,557.11,2.0
2024-12-05 18:50:00+00:00,2024-12-05 19:05:00+00:00,short,100500.0,100704.0,SL,-11.1422,545.9678,2.0
2024-12-05 19:35:00+00:00,2024-12-05 19:40:00+00:00,short,100344.0,99735.99,TP,21.8387,567.8065,2.0
2024-12-05 22:10:00+00:00,2024-12-05 22:20:00+00:00,short,98535.32,98107.98,TP,22.7123,590.5188,2.0
2024-12-06 02:10:00+00:00,2024-12-06 02:15:00+00:00,short,97668.0,98096.0,SL,-11.8104,578.7084,2.0
2024-12-06 05:40:00+00:00,2024-12-06 06:05:00+00:00,short,97784.0,98011.98,SL,-11.5742,567.1342,2.0
2024-12-06 06:45:00+00:00,2024-12-06 08:00:00+00:00,short,97999.0,98235.24,SL,-11.3427,555.7915,2.0
2024-12-06 08:55:00+00:00,2024-12-06 10:00:00+00:00,short,98345.38,97868.0,TP,22.2317,578.0232,2.0
2024-12-06 11:30:00+00:00,2024-12-06 12:00:00+00:00,short,97915.0,98306.76,SL,-11.5605,566.4627,2.0
2024-12-06 12:35:00+00:00,2024-12-06 13:30:00+00:00,short,97950.03,98499.3,SL,-11.3293,555.1335,2.0
2024-12-06 15:45:00+00:00,2024-12-06 15:50:00+00:00,long,99424.32,99203.99,SL,-11.1027,544.0308,2.0
2024-12-06 16:00:00+00:00,2024-12-06 16:20:00+00:00,long,99343.22,99024.01,SL,-10.8806,533.1502,2.0
2024-12-06 17:25:00+00:00,2024-12-06 17:40:00+00:00,long,99344.9,100636.0,TP,21.326,554.4762,2.0
2024-12-06 22:40:00+00:00,2024-12-06 23:10:00+00:00,long,100477.98,100155.86,SL,-11.0895,543.3867,2.0
2024-12-07 00:00:00+00:00,2024-12-07 00:20:00+00:00,long,99828.91,100243.5,TP,21.7355,565.1221,2.0
2024-12-07 02:05:00+00:00,2024-12-07 02:55:00+00:00,long,100151.81,99930.01,SL,-11.3024,553.8197,2.0
2024-12-07 05:40:00+00:00,2024-12-07 06:00:00+00:00,short,99043.54,99262.49,SL,-11.0764,542.7433,2.0
2024-12-07 08:35:00+00:00,2024-12-07 08:45:00+00:00,short,99260.01,99547.43,SL,-10.8549,531.8884,2.0
2024-12-07 09:45:00+00:00,2024-12-07 18:40:00+00:00,short,99573.15,99980.0,SL,-10.6378,521.2507,2.0
2024-12-07 21:00:00+00:00,2024-12-07 21:15:00+00:00,long,100412.41,100097.98,SL,-10.425,510.8257,2.0
2024-12-07 23:05:00+00:00,2024-12-08 00:15:00+00:00,long,99882.49,99667.57,SL,-10.2165,500.6091,2.0
2024-12-08 00:35:00+00:00,2024-12-08 01:30:00+00:00,long,99923.13,99708.01,SL,-10.0122,490.597,2.0
2024-12-08 02:20:00+00:00,2024-12-08 04:20:00+00:00,long,100072.06,99846.42,SL,-7.359,483.238,1.5
2024-12-08 08:00:00+00:00,2024-12-08 08:50:00+00:00,short,99565.58,99166.41,TP,14.4971,497.7352,1.5
2024-12-08 09:45:00+00:00,2024-12-08 10:05:00+00:00,short,98950.29,99264.78,SL,-7.466,490.2691,1.5
2024-12-08 12:45:00+00:00,2024-12-08 13:55:00+00:00,long,99989.98,100408.8,TP,14.7081,504.9772,1.5
2024-12-08 15:50:00+00:00,2024-12-08 16:40:00+00:00,long,99952.02,99750.66,SL,-10.0995,494.8777,2.0
2024-12-08 17:00:00+00:00,2024-12-08 18:25:00+00:00,long,99888.01,99660.0,SL,-7.4232,487.4545,1.5
2024-12-08 19:35:00+00:00,2024-12-08 23:05:00+00:00,long,99823.02,100224.0,TP,14.6236,502.0781,1.5
2024-12-09 02:25:00+00:00,2024-12-09 03:45:00+00:00,short,99310.97,98831.15,TP,20.0831,522.1612,2.0
2024-12-09 06:05:00+00:00,2024-12-09 07:05:00+00:00,short,99292.0,98824.97,TP,20.8864,543.0477,2.0
2024-12-09 08:35:00+00:00,2024-12-09 08:55:00+00:00,short,99300.0,98901.15,TP,21.7219,564.7696,2.0
2024-12-09 11:20:00+00:00,2024-12-09 12:25:00+00:00,short,98260.0,98537.05,SL,-11.2954,553.4742,2.0
2024-12-09 14:30:00+00:00,2024-12-09 14:35:00+00:00,short,98903.22,99387.02,SL,-11.0695,542.4047,2.0
2024-12-09 15:15:00+00:00,2024-12-09 15:30:00+00:00,short,98617.26,98148.72,TP,21.6962,564.1009,2.0
2024-12-09 17:35:00+00:00,2024-12-09 18:15:00+00:00,short,97642.25,98066.94,SL,-11.282,552.8189,2.0
2024-12-09 19:00:00+00:00,2024-12-09 19:50:00+00:00,short,97483.99,97036.01,TP,22.1128,574.9317,2.0
2024-12-09 22:20:00+00:00,2024-12-09 22:25:00+00:00,short,96481.8,97124.01,SL,-11.4986,563.433,2.0
2024-12-09 22:35:00+00:00,2024-12-09 22:45:00+00:00,short,96365.78,97108.28,SL,-11.2687,552.1644,2.0
2024-12-10 00:00:00+00:00,2024-12-10 00:10:00+00:00,short,97080.85,97297.17,SL,-11.0433,541.1211,2.0
2024-12-10 01:10:00+00:00,2024-12-10 01:20:00+00:00,short,97620.53,97968.0,SL,-10.8224,530.2987,2.0
2024-12-10 07:15:00+00:00,2024-12-10 08:45:00+00:00,short,97165.72,97436.0,SL,-10.606,519.6927,2.0
2024-12-10 10:00:00+00:00,2024-12-10 12:20:00+00:00,long,97660.0,97382.78,SL,-10.3939,509.2988,2.0
2024-12-10 13:05:00+00:00,2024-12-10 14:25:00+00:00,long,97579.99,98015.97,TP,20.372,529.6708,2.0
2024-12-10 14:35:00+00:00,2024-12-10 14:40:00+00:00,short,97308.0,98000.01,SL,-10.5934,519.0774,2.0
2024-12-10 14:45:00+00:00,2024-12-10 14:50:00+00:00,long,98144.71,97620.0,SL,-10.3815,508.6958,2.0
2024-12-10 17:25:00+00:00,2024-12-10 17:30:00+00:00,short,94595.67,94896.76,SL,-10.1739,498.5219,2.0
2024-12-10 17:35:00+00:00,2024-12-10 17:40:00+00:00,short,94648.07,94856.02,SL,-7.4778,491.0441,1.5
2024-12-10 21:20:00+00:00,2024-12-10 21:25:00+00:00,short,96513.42,96936.41,SL,-7.3657,483.6784,1.5
2024-12-10 22:00:00+00:00,2024-12-10 22:10:00+00:00,long,97036.04,96796.51,SL,-7.2552,476.4232,1.5
2024-12-11 01:25:00+00:00,2024-12-11 01:30:00+00:00,short,95904.3,96172.66,SL,-7.1463,469.2769,1.5
2024-12-11 01:50:00+00:00,2024-12-11 02:05:00+00:00,short,95872.28,96188.01,SL,-7.0392,462.2377,1.5
2024-12-11 06:10:00+00:00,2024-12-11 07:35:00+00:00,long,97707.87,97499.34,SL,-6.9336,455.3042,1.5
2024-12-11 08:10:00+00:00,2024-12-11 08:40:00+00:00,long,97816.0,98458.41,TP,13.6591,468.9633,1.5
2024-12-11 10:50:00+00:00,2024-12-11 13:30:00+00:00,long,98238.74,98783.99,TP,14.0689,483.0322,1.5
2024-12-11 18:35:00+00:00,2024-12-11 18:50:00+00:00,long,100719.99,100480.01,SL,-7.2455,475.7867,1.5
2024-12-11 21:45:00+00:00,2024-12-11 22:55:00+00:00,long,101461.54,101209.74,SL,-7.1368,468.6499,1.5
2024-12-12 01:25:00+00:00,2024-12-12 01:30:00+00:00,long,100786.0,100520.0,SL,-7.0297,461.6202,1.5
2024-12-12 02:00:00+00:00,2024-12-12 02:55:00+00:00,long,100693.65,101824.76,TP,13.8486,475.4688,1.5
2024-12-12 05:25:00+00:00,2024-12-12 05:55:00+00:00,long,100922.79,100618.86,SL,-7.132,468.3367,1.5
2024-12-12 07:00:00+00:00,2024-12-12 09:00:00+00:00,long,100617.65,101111.0,TP,14.0501,482.3868,1.5
2024-12-12 14:20:00+00:00,2024-12-12 14:30:00+00:00,long,101415.04,101119.18,SL,-7.2358,475.151,1.5
2024-12-12 14:45:00+00:00,2024-12-12 15:10:00+00:00,long,101340.0,100814.59,SL,-7.1273,468.0238,1.5
2024-12-12 15:40:00+00:00,2024-12-12 16:00:00+00:00,long,101691.99,102243.78,TP,14.0407,482.0645,1.5
2024-12-12 18:20:00+00:00,2024-12-12 18:30:00+00:00,long,101609.98,101364.01,SL,-7.231,474.8335,1.5
2024-12-12 22:15:00+00:00,2024-12-12 22:20:00+00:00,short,99596.0,99918.76,SL,-7.1225,467.711,1.5
2024-12-12 23:20:00+00:00,2024-12-12 23:30:00+00:00,short,99908.57,100140.01,SL,-7.0157,460.6953,1.5
2024-12-13 00:55:00+00:00,2024-12-13 01:25:00+00:00,short,100083.21,99579.23,TP,13.8209,474.5162,1.5
2024-12-13 05:25:00+00:00,2024-12-13 07:45:00+00:00,short,99949.95,100199.98,SL,-7.1177,467.3985,1.5
2024-12-13 10:35:00+00:00,2024-12-13 13:20:00+00:00,long,100253.62,100040.08,SL,-7.011,460.3875,1.5
2024-12-13 13:45:00+00:00,2024-12-13 14:35:00+00:00,long,100385.09,100794.11,TP,13.8116,474.1991,1.5
2024-12-13 16:35:00+00:00,2024-12-13 17:20:00+00:00,long,100808.01,101328.08,TP,14.226,488.4251,1.5
2024-12-13 18:35:00+00:00,2024-12-13 18:45:00+00:00,long,101833.33,101545.45,SL,-7.3264,481.0987,1.5
2024-12-13 20:20:00+00:00,2024-12-13 21:15:00+00:00,long,101624.61,101411.76,SL,-7.2165,473.8822,1.5
2024-12-13 22:45:00+00:00,2024-12-14 01:00:00+00:00,long,101301.03,102017.88,TP,14.2165,488.0987,1.5
2024-12-14 03:20:00+00:00,2024-12-14 04:05:00+00:00,long,102208.85,101914.92,SL,-7.3215,480.7772,1.5
2024-12-14 05:25:00+00:00,2024-12-14 09:35:00+00:00,long,101787.99,101579.57,SL,-7.2117,473.5656,1.5
2024-12-14 10:40:00+00:00,2024-12-14 12:35:00+00:00,long,101552.83,101335.31,SL,-7.1035,466.4621,1.5
2024-12-14 16:55:00+00:00,2024-12-14 17:15:00+00:00,long,101650.76,101409.1,SL,-6.9969,459.4651,1.5
2024-12-14 20:30:00+00:00,2024-12-14 23:15:00+00:00,short,101052.03,101294.12,SL,-6.892,452.5732,1.5
2024-12-15 01:20:00+00:00,2024-12-15 01:50:00+00:00,long,101620.28,102126.15,TP,13.5772,466.1504,1.5
2024-12-15 04:10:00+00:00,2024-12-15 04:20:00+00:00,long,102175.69,102827.59,TP,13.9845,480.1349,1.5
2024-12-15 08:05:00+00:00,2024-12-15 09:45:00+00:00,long,101772.71,102210.71,TP,14.404,494.5389,1.5
2024-12-15 11:20:00+00:00,2024-12-15 12:05:00+00:00,long,102444.49,102974.01,TP,14.8362,509.3751,1.5
2024-12-15 14:10:00+00:00,2024-12-15 16:35:00+00:00,long,102900.4,103400.01,TP,20.375,529.7501,2.0
2024-12-15 17:40:00+00:00,2024-12-15 18:10:00+00:00,long,103288.35,103072.95,SL,-10.595,519.1551,2.0
2024-12-15 18:35:00+00:00,2024-12-15 21:00:00+00:00,long,103311.33,103025.0,SL,-10.3831,508.772,2.0
2024-12-15 22:15:00+00:00,2024-12-15 23:10:00+00:00,long,103153.35,103640.01,TP,20.3509,529.1229,2.0
2024-12-16 03:25:00+00:00,2024-12-16 03:40:00+00:00,long,104925.37,104689.28,SL,-10.5825,518.5404,2.0
2024-12-16 04:15:00+00:00,2024-12-16 06:05:00+00:00,long,104683.98,105148.43,TP,20.7416,539.282,2.0
2024-12-16 07:15:00+00:00,2024-12-16 07:35:00+00:00,long,105371.34,105125.85,SL,-10.7856,528.4964,2.0
2024-12-16 09:25:00+00:00,2024-12-16 10:10:00+00:00,long,104748.7,104452.64,SL,-10.5699,517.9265,2.0
2024-12-16 10:40:00+00:00,2024-12-16 11:30:00+00:00,long,104631.99,104405.31,SL,-10.3585,507.5679,2.0
2024-12-16 18:20:00+00:00,2024-12-16 18:45:00+00:00,long,107572.01,107329.47,SL,-10.1514,497.4166,2.0
2024-12-16 21:25:00+00:00,2024-12-16 23:25:00+00:00,long,105923.09,105554.32,SL,-7.4612,489.9553,1.5
2024-12-16 23:45:00+00:00,2024-12-17 02:00:00+00:00,long,106004.0,106436.0,TP,14.6987,504.654,1.5
2024-12-17 03:25:00+00:00,2024-12-17 04:15:00+00:00,long,106724.01,106481.79,SL,-10.0931,494.5609,2.0
2024-12-17 05:40:00+00:00,2024-12-17 06:35:00+00:00,long,106643.22,106374.96,SL,-7.4184,487.1425,1.5
2024-12-17 07:05:00+00:00,2024-12-17 08:35:00+00:00,long,106900.29,107440.01,TP,14.6143,501.7568,1.5
2024-12-17 11:10:00+00:00,2024-12-17 11:35:00+00:00,long,107285.45,107057.74,SL,-10.0351,491.7216,2.0
2024-12-17 12:35:00+00:00,2024-12-17 13:25:00+00:00,long,106953.03,107454.89,TP,14.7516,506.4733,1.5
2024-12-17 14:40:00+00:00,2024-12-17 14:55:00+00:00,long,107775.99,108258.39,TP,20.2589,526.7322,2.0
2024-12-17 16:10:00+00:00,2024-12-17 16:15:00+00:00,long,107035.99,106735.99,SL,-10.5346,516.1976,2.0
2024-12-17 21:35:00+00:00,2024-12-17 22:20:00+00:00,short,106383.99,105830.0,TP,20.6479,536.8455,2.0
2024-12-18 00:35:00+00:00,2024-12-18 00:40:00+00:00,short,105643.9,105967.86,SL,-10.7369,526.1086,2.0
2024-12-18 01:40:00+00:00,2024-12-18 01:50:00+00:00,short,106005.97,105122.16,TP,21.0443,547.1529,2.0
2024-12-18 08:20:00+00:00,2024-12-18 09:10:00+00:00,short,103963.53,104283.51,SL,-10.9431,536.2098,2.0
2024-12-18 09:55:00+00:00,2024-12-18 10:25:00+00:00,short,104047.99,104287.19,SL,-10.7242,525.4856,2.0
2024-12-18 12:25:00+00:00,2024-12-18 13:15:00+00:00,short,104930.11,105176.02,SL,-10.5097,514.9759,2.0
2024-12-18 16:15:00+00:00,2024-12-18 16:25:00+00:00,short,103564.78,103773.12,SL,-10.2995,504.6764,2.0
2024-12-18 18:35:00+00:00,2024-12-18 18:55:00+00:00,short,104400.0,104808.99,SL,-10.0935,494.5829,2.0
2024-12-18 23:15:00+00:00,2024-12-18 23:20:00+00:00,short,100419.68,100759.14,SL,-7.4187,487.1641,1.5
2024-12-18 23:45:00+00:00,2024-12-19 00:00:00+00:00,short,100189.31,100597.67,SL,-7.3075,479.8567,1.5
2024-12-19 01:35:00+00:00,2024-12-19 01:55:00+00:00,short,100419.51,99768.97,TP,14.3957,494.2524,1.5
2024-12-19 04:20:00+00:00,2024-12-19 04:30:00+00:00,short,100909.09,101150.66,SL,-7.4138,486.8386,1.5
2024-12-19 06:05:00+00:00,2024-12-19 07:20:00+00:00,short,101143.7,101434.24,SL,-7.3026,479.536,1.5
2024-12-19 08:10:00+00:00,2024-12-19 08:20:00+00:00,short,101384.0,101632.01,SL,-7.193,472.343,1.5
2024-12-19 08:40:00+00:00,2024-12-19 10:00:00+00:00,short,101615.83,101890.11,SL,-7.0851,465.2578,1.5
2024-12-19 10:05:00+00:00,2024-12-19 10:15:00+00:00,short,101781.5,102073.19,SL,-6.9789,458.279,1.5
2024-12-19 14:05:00+00:00,2024-12-19 14:30:00+00:00,long,102324.0,102737.83,TP,13.7484,472.0273,1.5
2024-12-19 14:45:00+00:00,2024-12-19 15:05:00+00:00,short,101039.99,100480.79,TP,14.1608,486.1881,1.5
2024-12-19 17:15:00+00:00,2024-12-19 17:30:00+00:00,short,99794.35,99301.25,TP,14.5856,500.7738,1.5
2024-12-19 19:35:00+00:00,2024-12-19 19:45:00+00:00,short,97292.21,96825.54,TP,20.031,520.8047,2.0
2024-12-19 23:20:00+00:00,2024-12-19 23:25:00+00:00,short,97602.56,97873.36,SL,-10.4161,510.3886,2.0
2024-12-20 01:35:00+00:00,2024-12-20 01:45:00+00:00,short,96698.99,96980.71,SL,-10.2078,500.1809,2.0
2024-12-20 03:35:00+00:00,2024-12-20 04:20:00+00:00,short,97188.73,97534.6,SL,-10.0036,490.1773,2.0
2024-12-20 05:00:00+00:00,2024-12-20 05:25:00+00:00,short,97402.87,96972.74,TP,14.7053,504.8826,1.5
2024-12-20 06:25:00+00:00,2024-12-20 06:55:00+00:00,short,96708.0,97281.37,SL,-10.0977,494.7849,2.0
2024-12-20 08:00:00+00:00,2024-12-20 08:10:00+00:00,short,97565.76,97129.36,TP,14.8435,509.6285,1.5
2024-12-20 11:20:00+00:00,2024-12-20 11:30:00+00:00,short,93757.59,93147.35,TP,20.3851,530.0136,2.0
2024-12-20 18:50:00+00:00,2024-12-20 18:55:00+00:00,long,97239.99,96993.58,SL,-10.6003,519.4133,2.0
2024-12-20 19:15:00+00:00,2024-12-20 19:40:00+00:00,long,97514.79,97232.9,SL,-10.3883,509.0251,2.0
2024-12-21 02:35:00+00:00,2024-12-21 03:00:00+00:00,long,97537.54,97275.82,SL,-10.1805,498.8446,2.0
2024-12-21 03:55:00+00:00,2024-12-21 05:40:00+00:00,long,97487.46,97910.51,TP,14.9653,513.8099,1.5
2024-12-21 06:45:00+00:00,2024-12-21 07:35:00+00:00,long,98737.14,99209.12,TP,20.5524,534.3623,2.0
2024-12-21 09:55:00+00:00,2024-12-21 10:35:00+00:00,long,98565.82,98221.45,SL,-10.6872,523.6751,2.0
2024-12-21 11:40:00+00:00,2024-12-21 12:00:00+00:00,long,98331.06,98089.27,SL,-10.4735,513.2016,2.0
2024-12-21 12:15:00+00:00,2024-12-21 12:25:00+00:00,long,98138.69,97853.25,SL,-10.264,502.9375,2.0
2024-12-21 15:00:00+00:00,2024-12-21 15:20:00+00:00,short,97239.27,97493.84,SL,-10.0587,492.8788,2.0
2024-12-21 16:05:00+00:00,2024-12-21 16:10:00+00:00,short,96953.85,97493.85,SL,-7.3932,485.4856,1.5
2024-12-21 16:40:00+00:00,2024-12-21 17:00:00+00:00,short,97163.49,97490.89,SL,-7.2823,478.2033,1.5
2024-12-21 18:35:00+00:00,2024-12-21 19:25:00+00:00,short,97336.0,96936.96,TP,14.3461,492.5494,1.5
2024-12-21 20:55:00+00:00,2024-12-21 21:35:00+00:00,short,97456.91,96863.99,TP,14.7765,507.3259,1.5
2024-12-22 01:30:00+00:00,2024-12-22 02:40:00+00:00,short,97128.63,96718.42,TP,20.293,527.6189,2.0
2024-12-22 04:20:00+00:00,2024-12-22 04:40:00+00:00,short,96784.0,96375.14,TP,21.1048,548.7237,2.0
2024-12-22 07:30:00+00:00,2024-12-22 08:30:00+00:00,short,96420.0,96650.59,SL,-10.9745,537.7492,2.0
2024-12-22 09:05:00+00:00,2024-12-22 09:20:00+00:00,short,96334.48,96644.0,SL,-10.755,526.9942,2.0
2024-12-22 13:25:00+00:00,2024-12-22 13:45:00+00:00,long,97221.38,96971.98,SL,-10.5399,516.4543,2.0
2024-12-22 19:15:00+00:00,2024-12-22 19:35:00+00:00,short,95908.64,95500.0,TP,20.6582,537.1125,2.0
2024-12-22 21:50:00+00:00,2024-12-22 22:00:00+00:00,short,95362.91,94822.38,TP,21.4845,558.597,2.0
2024-12-22 23:35:00+00:00,2024-12-22 23:45:00+00:00,short,95098.05,95310.94,SL,-11.1719,547.4251,2.0
2024-12-23 02:15:00+00:00,2024-12-23 02:35:00+00:00,short,93942.0,94291.99,SL,-10.9485,536.4766,2.0
2024-12-23 08:30:00+00:00,2024-12-23 08:45:00+00:00,short,95188.66,95460.0,SL,-10.7295,525.747,2.0
2024-12-23 12:20:00+00:00,2024-12-23 13:05:00+00:00,long,96229.28,96025.48,SL,-10.5149,515.2321,2.0
2024-12-23 14:40:00+00:00,2024-12-23 15:05:00+00:00,short,94290.41,93742.3,TP,20.6093,535.8414,2.0
2024-12-23 18:20:00+00:00,2024-12-23 18:50:00+00:00,short,93207.05,92710.1,TP,21.4337,557.275,2.0
2024-12-23 19:55:00+00:00,2024-12-23 20:10:00+00:00,short,93044.79,92588.25,TP,22.291,579.566,2.0
2024-12-24 03:10:00+00:00,2024-12-24 03:20:00+00:00,short,93825.39,94015.41,SL,-11.5913,567.9747,2.0
2024-12-24 04:45:00+00:00,2024-12-24 04:55:00+00:00,short,94218.64,94412.3,SL,-11.3595,556.6152,2.0
2024-12-24 09:10:00+00:00,2024-12-24 11:15:00+00:00,short,94076.93,94268.02,SL,-11.1323,545.4829,2.0
2024-12-24 12:15:00+00:00,2024-12-24 13:05:00+00:00,short,94165.85,94444.47,SL,-10.9097,534.5733,2.0
2024-12-24 15:35:00+00:00,2024-12-24 16:20:00+00:00,long,98083.28,98566.85,TP,21.3829,555.9562,2.0
2024-12-24 20:35:00+00:00,2024-12-24 20:50:00+00:00,long,97867.25,97490.91,SL,-11.1191,544.8371,2.0
2024-12-24 21:05:00+00:00,2024-12-24 21:35:00+00:00,long,97804.0,98204.81,TP,21.7935,566.6306,2.0
2024-12-25 02:35:00+00:00,2024-12-25 04:00:00+00:00,long,98177.79,97951.0,SL,-11.3326,555.2979,2.0
2024-12-25 04:10:00+00:00,2024-12-25 06:55:00+00:00,long,98154.37,97884.38,SL,-11.106,544.192,2.0
2024-12-25 07:15:00+00:00,2024-12-25 07:25:00+00:00,long,98308.2,98088.06,SL,-10.8838,533.3081,2.0
2024-12-25 07:50:00+00:00,2024-12-25 10:05:00+00:00,long,98080.51,98490.16,TP,21.3323,554.6405,2.0
2024-12-25 12:40:00+00:00,2024-12-25 12:45:00+00:00,long,98529.8,98139.15,SL,-11.0928,543.5477,2.0
2024-12-25 15:50:00+00:00,2024-12-25 16:15:00+00:00,long,98618.15,98274.37,SL,-10.871,532.6767,2.0
2024-12-25 17:20:00+00:00,2024-12-25 18:15:00+00:00,long,98445.79,98942.57,TP,21.3071,553.9838,2.0
2024-12-25 19:10:00+00:00,2024-12-25 21:15:00+00:00,long,98999.99,98696.01,SL,-11.0797,542.9041,2.0
2024-12-25 22:20:00+00:00,2024-12-25 23:00:00+00:00,long,98692.58,99150.3,TP,21.7162,564.6203,2.0
2024-12-26 01:50:00+00:00,2024-12-26 02:40:00+00:00,long,99100.01,98900.0,SL,-11.2924,553.3279,2.0
2024-12-26 02:45:00+00:00,2024-12-26 03:20:00+00:00,short,98559.94,98777.7,SL,-11.0666,542.2613,2.0
2024-12-26 03:30:00+00:00,2024-12-26 04:10:00+00:00,long,98910.0,98607.41,SL,-10.8452,531.4161,2.0
2024-12-26 06:30:00+00:00,2024-12-26 08:00:00+00:00,short,98089.94,97304.82,TP,21.2566,552.6727,2.0
2024-12-26 12:10:00+00:00,2024-12-26 12:25:00+00:00,short,95539.94,95815.59,SL,-11.0535,541.6193,2.0
2024-12-26 13:05:00+00:00,2024-12-26 13:50:00+00:00,short,95481.92,95692.78,SL,-10.8324,530.7869,2.0
2024-12-26 14:35:00+00:00,2024-12-26 14:40:00+00:00,short,95555.04,95822.12,SL,-10.6157,520.1711,2.0
2024-12-26 14:45:00+00:00,2024-12-26 15:20:00+00:00,short,95621.56,96060.0,SL,-10.4034,509.7677,2.0
2024-12-26 16:30:00+00:00,2024-12-26 16:40:00+00:00,short,95933.74,96322.0,SL,-10.1954,499.5724,2.0
2024-12-26 17:20:00+00:00,2024-12-26 18:10:00+00:00,short,96052.63,95646.0,TP,14.9872,514.5595,1.5
2024-12-26 20:20:00+00:00,2024-12-26 21:20:00+00:00,short,95447.99,95704.69,SL,-10.2912,504.2683,2.0
2024-12-26 22:35:00+00:00,2024-12-27 00:05:00+00:00,short,95710.43,95906.97,SL,-10.0854,494.183,2.0
2024-12-27 00:15:00+00:00,2024-12-27 00:20:00+00:00,short,95440.58,95631.96,SL,-7.4127,486.7702,1.5
2024-12-27 01:25:00+00:00,2024-12-27 01:35:00+00:00,short,95682.59,96030.19,SL,-7.3016,479.4687,1.5
2024-12-27 02:45:00+00:00,2024-12-27 02:55:00+00:00,short,95777.02,96073.77,SL,-7.192,472.2766,1.5
2024-12-27 03:30:00+00:00,2024-12-27 05:10:00+00:00,long,96339.99,96098.87,SL,-7.0842,465.1925,1.5
2024-12-27 06:00:00+00:00,2024-12-27 06:15:00+00:00,long,96363.47,96125.14,SL,-6.9779,458.2146,1.5
2024-12-27 07:10:00+00:00,2024-12-27 07:20:00+00:00,short,96116.04,95726.24,TP,13.7464,471.9611,1.5
2024-12-27 11:45:00+00:00,2024-12-27 13:05:00+00:00,long,96757.16,96406.77,SL,-7.0794,464.8816,1.5
2024-12-27 17:20:00+00:00,2024-12-27 17:25:00+00:00,short,93566.7,93766.36,SL,-6.9732,457.9084,1.5
2024-12-27 19:20:00+00:00,2024-12-27 19:30:00+00:00,short,94326.12,94530.69,SL,-6.8686,451.0398,1.5
2024-12-27 20:15:00+00:00,2024-12-27 20:30:00+00:00,short,94450.6,94646.73,SL,-6.7656,444.2742,1.5
2024-12-27 20:40:00+00:00,2024-12-27 20:55:00+00:00,short,94367.47,94588.12,SL,-6.6641,437.6101,1.5
2024-12-27 21:45:00+00:00,2024-12-27 23:35:00+00:00,short,94565.2,94147.58,TP,13.1283,450.7384,1.5
2024-12-27 23:55:00+00:00,2024-12-28 01:45:00+00:00,short,94299.03,94535.01,SL,-6.7611,443.9773,1.5
2024-12-28 02:45:00+00:00,2024-12-28 03:10:00+00:00,short,94338.16,94550.77,SL,-6.6597,437.3176,1.5
2024-12-28 04:15:00+00:00,2024-12-28 12:00:00+00:00,short,94587.33,94836.86,SL,-6.5598,430.7579,1.5
2024-12-28 13:20:00+00:00,2024-12-28 13:45:00+00:00,long,94745.9,94546.81,SL,-6.4614,424.2965,1.5
2024-12-28 14:05:00+00:00,2024-12-28 14:15:00+00:00,long,94711.89,95142.39,TP,12.7289,437.0254,1.5
2024-12-28 14:40:00+00:00,2024-12-28 16:45:00+00:00,short,94620.0,94871.99,SL,-6.5554,430.47,1.5
2024-12-28 19:25:00+00:00,2024-12-28 22:50:00+00:00,long,95020.01,95407.74,TP,12.9141,443.3841,1.5
2024-12-29 02:10:00+00:00,2024-12-29 14:15:00+00:00,long,95005.0,94719.73,SL,-6.6508,436.7334,1.5
2024-12-29 16:05:00+00:00,2024-12-29 16:30:00+00:00,short,94309.18,93839.45,TP,13.102,449.8354,1.5
2024-12-29 19:00:00+00:00,2024-12-29 19:20:00+00:00,short,93662.47,93853.6,SL,-6.7475,443.0878,1.5
2024-12-29 19:40:00+00:00,2024-12-29 20:40:00+00:00,short,93459.79,93679.74,SL,-6.6463,436.4415,1.5
2024-12-29 21:45:00+00:00,2024-12-29 22:40:00+00:00,short,93448.78,93655.54,SL,-6.5466,429.8949,1.5
2024-12-29 22:55:00+00:00,2024-12-29 23:20:00+00:00,short,93135.32,93336.0,SL,-6.4484,423.4465,1.5
2024-12-30 00:40:00+00:00,2024-12-30 01:15:00+00:00,short,93570.51,93802.29,SL,-6.3517,417.0948,1.5
2024-12-30 02:10:00+00:00,2024-12-30 02:50:00+00:00,short,93627.37,93831.31,SL,-6.2564,410.8383,1.5
2024-12-30 03:35:00+00:00,2024-12-30 04:55:00+00:00,short,93745.57,93280.26,TP,12.3252,423.1635,1.5
2024-12-30 07:20:00+00:00,2024-12-30 08:35:00+00:00,short,93675.0,93934.61,SL,-6.3475,416.816,1.5
2024-12-30 09:10:00+00:00,2024-12-30 10:10:00+00:00,short,93810.49,94024.65,SL,-6.2522,410.5638,1.5
2024-12-30 11:30:00+00:00,2024-12-30 13:05:00+00:00,long,93886.17,93637.0,SL,-6.1585,404.4053,1.5
2024-12-30 14:35:00+00:00,2024-12-30 14:55:00+00:00,short,92366.81,91883.99,TP,12.1322,416.5375,1.5
2024-12-30 20:20:00+00:00,2024-12-30 20:25:00+00:00,long,94984.57,94632.88,SL,-6.2481,410.2894,1.5
2024-12-31 01:05:00+00:00,2024-12-31 02:25:00+00:00,short,92367.59,92596.73,SL,-6.1543,404.1351,1.5
2024-12-31 03:05:00+00:00,2024-12-31 03:20:00+00:00,short,92327.06,92628.73,SL,-6.062,398.0731,1.5
2024-12-31 04:45:00+00:00,2024-12-31 05:20:00+00:00,short,92392.63,92616.0,SL,-5.9711,392.102,1.5
2024-12-31 06:40:00+00:00,2024-12-31 07:45:00+00:00,short,92706.93,92905.18,SL,-5.8815,386.2205,1.5
2024-12-31 08:10:00+00:00,2024-12-31 08:20:00+00:00,long,92969.21,93704.28,TP,11.5866,397.8071,1.5
2024-12-31 12:00:00+00:00,2024-12-31 12:30:00+00:00,long,94498.24,94888.81,TP,11.9342,409.7413,1.5
2024-12-31 13:05:00+00:00,2024-12-31 13:15:00+00:00,long,94878.69,95390.99,TP,12.2922,422.0335,1.5
2024-12-31 20:40:00+00:00,2024-12-31 21:35:00+00:00,short,93689.22,93961.96,SL,-6.3305,415.703,1.5
2024-12-31 22:20:00+00:00,2024-12-31 22:40:00+00:00,short,93570.0,93782.13,SL,-6.2355,409.4675,1.5
2024-12-31 22:50:00+00:00,2024-12-31 23:25:00+00:00,short,93526.81,93731.05,SL,-6.142,403.3255,1.5
2024-12-31 23:35:00+00:00,2025-01-01 00:00:00+00:00,short,93464.26,93661.2,SL,-6.0499,397.2756,1.5
2025-01-01 01:25:00+00:00,2025-01-01 02:50:00+00:00,short,93825.86,94040.01,SL,-5.9591,391.3164,1.5
2025-01-01 03:20:00+00:00,2025-01-01 08:25:00+00:00,short,93830.88,93416.41,TP,11.7395,403.0559,1.5
2025-01-01 11:00:00+00:00,2025-01-01 11:15:00+00:00,short,93215.04,93411.58,SL,-6.0458,397.0101,1.5
2025-01-01 13:10:00+00:00,2025-01-01 13:30:00+00:00,short,93658.13,93854.16,SL,-5.9552,391.0549,1.5
2025-01-01 13:45:00+00:00,2025-01-01 14:00:00+00:00,long,93897.18,94371.72,TP,11.7316,402.7866,1.5
2025-01-01 15:45:00+00:00,2025-01-01 16:15:00+00:00,long,94336.0,94113.38,SL,-6.0418,396.7448,1.5
2025-01-01 17:50:00+00:00,2025-01-01 19:45:00+00:00,long,94116.01,94742.42,TP,11.9023,408.6471,1.5
2025-01-01 21:20:00+00:00,2025-01-01 21:30:00+00:00,long,95065.69,94833.36,SL,-6.1297,402.5174,1.5
2025-01-02 00:25:00+00:00,2025-01-02 00:45:00+00:00,long,94928.71,95320.2,TP,12.0755,414.593,1.5
2025-01-02 02:45:00+00:00,2025-01-02 04:35:00+00:00,long,95072.0,95732.0,TP,12.4378,427.0307,1.5
2025-01-02 07:10:00+00:00,2025-01-02 08:50:00+00:00,long,95699.98,96150.0,TP,12.8109,439.8417,1.5
2025-01-02 12:15:00+00:00,2025-01-02 12:20:00+00:00,long,96887.27,96660.01,SL,-6.5976,433.244,1.5
2025-01-02 13:05:00+00:00,2025-01-02 13:35:00+00:00,long,96863.94,96667.69,SL,-6.4987,426.7454,1.5
2025-01-02 14:40:00+00:00,2025-01-02 14:50:00+00:00,long,96812.44,97340.0,TP,12.8024,439.5477,1.5
2025-01-02 16:15:00+00:00,2025-01-02 16:25:00+00:00,long,96971.29,97387.15,TP,13.1864,452.7342,1.5
2025-01-02 18:40:00+00:00,2025-01-02 19:05:00+00:00,long,97090.54,97561.61,TP,13.582,466.3162,1.5
2025-01-02 20:00:00+00:00,2025-01-02 20:35:00+00:00,long,97679.99,97402.53,SL,-6.9947,459.3215,1.5
2025-01-02 23:00:00+00:00,2025-01-02 23:05:00+00:00,long,97010.24,96768.91,SL,-6.8898,452.4316,1.5
2025-01-02 23:15:00+00:00,2025-01-03 05:05:00+00:00,long,96904.04,96676.35,SL,-6.7865,445.6452,1.5
2025-01-03 06:30:00+00:00,2025-01-03 07:55:00+00:00,short,96700.0,96304.0,TP,13.3694,459.0145,1.5
2025-01-03 08:30:00+00:00,2025-01-03 09:10:00+00:00,short,96125.79,96337.69,SL,-6.8852,452.1293,1.5
2025-01-03 10:20:00+00:00,2025-01-03 11:20:00+00:00,short,96467.99,96793.37,SL,-6.7819,445.3474,1.5
2025-01-03 14:05:00+00:00,2025-01-03 14:35:00+00:00,long,96813.48,97314.29,TP,13.3604,458.7078,1.5
2025-01-03 18:25:00+00:00,2025-01-03 19:10:00+00:00,long,98481.73,98900.0,TP,13.7612,472.469,1.5
2025-01-03 22:00:00+00:00,2025-01-03 23:15:00+00:00,long,98440.75,98239.99,SL,-7.087,465.382,1.5
2025-01-04 00:20:00+00:00,2025-01-04 00:35:00+00:00,long,98145.07,97941.68,SL,-6.9807,458.4012,1.5
2025-01-04 01:25:00+00:00,2025-01-04 09:45:00+00:00,long,97960.15,97630.39,SL,-6.876,451.5252,1.5
2025-01-04 13:15:00+00:00,2025-01-04 14:35:00+00:00,short,97831.08,98046.35,SL,-6.7729,444.7523,1.5
2025-01-04 15:15:00+00:00,2025-01-04 15:25:00+00:00,long,98151.52,97832.06,SL,-6.6713,438.0811,1.5
2025-01-04 19:15:00+00:00,2025-01-04 20:50:00+00:00,long,98194.66,98602.01,TP,13.1424,451.2235,1.5
2025-01-04 22:50:00+00:00,2025-01-04 23:05:00+00:00,long,98460.78,98240.05,SL,-6.7684,444.4551,1.5
2025-01-05 00:10:00+00:00,2025-01-05 01:45:00+00:00,long,98286.77,98059.61,SL,-6.6668,437.7883,1.5
2025-01-05 02:10:00+00:00,2025-01-05 08:00:00+00:00,long,98189.05,97961.48,SL,-6.5668,431.2215,1.5
2025-01-05 09:55:00+00:00,2025-01-05 12:15:00+00:00,short,97652.2,97851.83,SL,-6.4683,424.7532,1.5
2025-01-05 13:45:00+00:00,2025-01-05 14:15:00+00:00,short,97792.49,97314.35,TP,12.7426,437.4958,1.5
2025-01-05 21:50:00+00:00,2025-01-06 00:50:00+00:00,long,98513.5,98273.39,SL,-6.5624,430.9333,1.5
2025-01-06 01:40:00+00:00,2025-01-06 01:50:00+00:00,long,98275.0,98811.0,TP,12.928,443.8613,1.5
2025-01-06 03:20:00+00:00,2025-01-06 05:05:00+00:00,long,99080.68,99552.92,TP,13.3158,457.1772,1.5
2025-01-06 08:05:00+00:00,2025-01-06 08:35:00+00:00,long,99492.52,99242.42,SL,-6.8577,450.3195,1.5
2025-01-06 10:25:00+00:00,2025-01-06 10:40:00+00:00,long,99010.43,98766.79,SL,-6.7548,443.5647,1.5
2025-01-06 11:05:00+00:00,2025-01-06 12:00:00+00:00,long,98947.88,99399.99,TP,13.3069,456.8717,1.5
2025-01-06 13:50:00+00:00,2025-01-06 14:15:00+00:00,long,99462.87,98750.02,SL,-6.8531,450.0186,1.5
2025-01-06 14:40:00+00:00,2025-01-06 14:45:00+00:00,long,99527.81,100489.99,TP,13.5006,463.5191,1.5
2025-01-06 19:40:00+00:00,2025-01-06 21:40:00+00:00,long,102009.78,101769.08,SL,-6.9528,456.5664,1.5
2025-01-06 22:25:00+00:00,2025-01-07 00:25:00+00:00,long,101928.58,102380.85,TP,13.697,470.2633,1.5
2025-01-07 02:00:00+00:00,2025-01-07 02:45:00+00:00,long,101973.98,101741.52,SL,-7.054,463.2094,1.5
2025-01-07 03:55:00+00:00,2025-01-07 10:10:00+00:00,long,101708.08,101436.02,SL,-6.9481,456.2613,1.5
2025-01-07 14:15:00+00:00,2025-01-07 14:25:00+00:00,short,100508.2,100759.69,SL,-6.8439,449.4173,1.5
2025-01-07 14:30:00+00:00,2025-01-07 14:40:00+00:00,short,100437.16,100716.61,SL,-6.7413,442.6761,1.5
2025-01-07 14:45:00+00:00,2025-01-07 14:55:00+00:00,short,100493.95,99979.69,TP,13.2803,455.9564,1.5
2025-01-07 18:45:00+00:00,2025-01-07 18:50:00+00:00,short,96600.01,96840.59,SL,-6.8393,449.117,1.5
2025-01-07 19:45:00+00:00,2025-01-07 20:50:00+00:00,short,96438.12,96793.94,SL,-6.7368,442.3803,1.5
2025-01-07 22:00:00+00:00,2025-01-07 22:05:00+00:00,short,96556.78,96944.06,SL,-6.6357,435.7445,1.5
2025-01-07 23:10:00+00:00,2025-01-07 23:20:00+00:00,short,96886.06,97082.01,SL,-6.5362,429.2084,1.5
2025-01-07 23:40:00+00:00,2025-01-08 00:40:00+00:00,short,96957.01,97209.55,SL,-6.4381,422.7703,1.5
2025-01-08 01:10:00+00:00,2025-01-08 03:35:00+00:00,short,96937.68,96536.74,TP,12.6831,435.4534,1.5
2025-01-08 06:20:00+00:00,2025-01-08 06:30:00+00:00,short,96342.43,95808.71,TP,13.0636,448.517,1.5
2025-01-08 09:30:00+00:00,2025-01-08 11:00:00+00:00,short,95780.96,96015.5,SL,-6.7278,441.7892,1.5
2025-01-08 11:20:00+00:00,2025-01-08 11:30:00+00:00,short,95639.41,94923.99,TP,13.2537,455.0429,1.5
2025-01-08 12:30:00+00:00,2025-01-08 12:35:00+00:00,short,94947.79,95223.6,SL,-6.8256,448.2172,1.5
2025-01-08 12:55:00+00:00,2025-01-08 13:00:00+00:00,short,94888.01,95536.12,SL,-6.7233,441.494,1.5
2025-01-08 14:45:00+00:00,2025-01-08 15:00:00+00:00,short,95248.0,95831.15,SL,-6.6224,434.8716,1.5
2025-01-08 15:20:00+00:00,2025-01-08 15:50:00+00:00,short,94995.75,95293.19,SL,-6.5231,428.3485,1.5
2025-01-08 16:10:00+00:00,2025-01-08 16:50:00+00:00,short,95013.43,94625.78,TP,12.8505,441.199,1.5
2025-01-08 19:40:00+00:00,2025-01-08 20:00:00+00:00,short,94174.26,94386.5,SL,-6.618,434.581,1.5
2025-01-08 20:55:00+00:00,2025-01-08 21:25:00+00:00,short,93980.0,94180.46,SL,-6.5187,428.0623,1.5
2025-01-08 23:15:00+00:00,2025-01-09 01:20:00+00:00,short,95021.4,95344.11,SL,-6.4209,421.6413,1.5
2025-01-09 01:40:00+00:00,2025-01-09 02:05:00+00:00,short,95111.01,93911.36,TP,12.6492,434.2906,1.5
2025-01-09 03:10:00+00:00,2025-01-09 04:10:00+00:00,short,94363.65,93851.01,TP,13.0287,447.3193,1.5
2025-01-09 06:30:00+00:00,2025-01-09 07:20:00+00:00,short,94363.63,93937.98,TP,13.4196,460.7389,1.5
2025-01-09 10:25:00+00:00,2025-01-09 11:00:00+00:00,short,93300.76,93501.3,SL,-6.9111,453.8278,1.5
2025-01-09 11:45:00+00:00,2025-01-09 12:15:00+00:00,short,93434.08,93631.59,SL,-6.8074,447.0204,1.5
2025-01-09 12:40:00+00:00,2025-01-09 13:20:00+00:00,short,93347.06,92862.28,TP,13.4106,460.431,1.5
2025-01-09 19:40:00+00:00,2025-01-09 19:45:00+00:00,short,92668.16,92142.75,TP,13.8129,474.2439,1.5
2025-01-09 22:10:00+00:00,2025-01-09 22:20:00+00:00,short,91686.82,91976.47,SL,-7.1137,467.1302,1.5
2025-01-09 23:30:00+00:00,2025-01-09 23:50:00+00:00,short,92126.23,92410.24,SL,-7.007,460.1233,1.5
2025-01-10 05:05:00+00:00,2025-01-10 06:55:00+00:00,long,93834.5,94252.83,TP,13.8037,473.927,1.5
2025-01-10 07:10:00+00:00,2025-01-10 07:40:00+00:00,long,94247.16,94811.12,TP,14.2178,488.1448,1.5
2025-01-10 09:20:00+00:00,2025-01-10 11:30:00+00:00,long,94872.55,94636.36,SL,-7.3222,480.8226,1.5
2025-01-10 12:00:00+00:00,2025-01-10 12:10:00+00:00,long,95091.18,94884.69,SL,-7.2123,473.6103,1.5
2025-01-10 12:50:00+00:00,2025-01-10 13:30:00+00:00,long,94987.98,93472.0,SL,-7.1042,466.5061,1.5
2025-01-10 14:15:00+00:00,2025-01-10 14:35:00+00:00,long,94432.29,93803.37,SL,-6.9976,459.5085,1.5
2025-01-10 15:00:00+00:00,2025-01-10 15:05:00+00:00,short,93484.8,92939.39,TP,13.7853,473.2938,1.5
2025-01-10 16:35:00+00:00,2025-01-10 16:40:00+00:00,short,93246.32,93865.16,SL,-7.0994,466.1944,1.5
2025-01-10 19:55:00+00:00,2025-01-10 20:15:00+00:00,long,95327.06,95017.38,SL,-6.9929,459.2015,1.5
2025-01-10 22:25:00+00:00,2025-01-11 00:15:00+00:00,long,94803.53,94515.15,SL,-6.888,452.3134,1.5
2025-01-11 01:00:00+00:00,2025-01-11 01:35:00+00:00,long,94684.07,94472.2,SL,-6.7847,445.5287,1.5
2025-01-11 01:40:00+00:00,2025-01-11 04:30:00+00:00,short,94330.38,93878.79,TP,13.3659,458.8946,1.5
2025-01-11 06:50:00+00:00,2025-01-11 10:45:00+00:00,short,94254.87,94497.25,SL,-6.8834,452.0112,1.5
2025-01-11 14:30:00+00:00,2025-01-11 17:10:00+00:00,long,94475.56,94111.18,SL,-6.7802,445.231,1.5
2025-01-11 19:30:00+00:00,2025-01-11 20:05:00+00:00,short,94084.64,94286.47,SL,-6.6785,438.5526,1.5
2025-01-12 03:20:00+00:00,2025-01-12 09:20:00+00:00,short,94457.93,94057.86,TP,13.1566,451.7091,1.5
2025-01-12 13:15:00+00:00,2025-01-12 14:15:00+00:00,long,94556.52,94943.58,TP,13.5513,465.2604,1.5
2025-01-12 15:20:00+00:00,2025-01-12 16:05:00+00:00,long,95207.76,94993.45,SL,-6.9789,458.2815,1.5
2025-01-12 17:05:00+00:00,2025-01-12 19:10:00+00:00,long,95080.99,94839.03,SL,-6.8742,451.4073,1.5
2025-01-12 20:15:00+00:00,2025-01-12 21:10:00+00:00,long,94762.95,94510.75,SL,-6.7711,444.6362,1.5
2025-01-13 05:00:00+00:00,2025-01-13 06:35:00+00:00,short,94375.01,93887.84,TP,13.3391,457.9752,1.5
2025-01-13 08:15:00+00:00,2025-01-13 09:20:00+00:00,short,93305.56,92803.54,TP,13.7393,471.7145,1.5
2025-01-13 10:10:00+00:00,2025-01-13 10:20:00+00:00,short,92652.97,92118.42,TP,14.1514,485.8659,1.5
2025-01-13 11:35:00+00:00,2025-01-13 12:00:00+00:00,short,91154.5,90555.01,TP,14.576,500.4419,1.5
2025-01-13 14:05:00+00:00,2025-01-13 14:30:00+00:00,short,90840.37,89968.0,TP,20.0177,520.4596,2.0
2025-01-13 16:00:00+00:00,2025-01-13 16:20:00+00:00,short,92070.78,91502.55,TP,20.8184,541.278,2.0
2025-01-13 17:40:00+00:00,2025-01-13 17:55:00+00:00,short,91710.12,91983.96,SL,-10.8256,530.4524,2.0
2025-01-13 18:20:00+00:00,2025-01-13 18:30:00+00:00,short,91625.87,92016.62,SL,-10.609,519.8434,2.0
2025-01-13 18:40:00+00:00,2025-01-13 18:45:00+00:00,short,91813.61,92174.92,SL,-10.3969,509.4465,2.0
2025-01-13 19:15:00+00:00,2025-01-13 19:25:00+00:00,short,91734.83,92172.0,SL,-10.1889,499.2576,2.0
2025-01-13 20:10:00+00:00,2025-01-13 20:15:00+00:00,short,91966.81,92220.47,SL,-7.4889,491.7687,1.5
2025-01-13 20:30:00+00:00,2025-01-13 20:40:00+00:00,long,92478.13,92965.1,TP,14.7531,506.5218,1.5
2025-01-14 01:05:00+00:00,2025-01-14 05:05:00+00:00,long,94865.65,95433.08,TP,20.2609,526.7826,2.0
2025-01-14 06:55:00+00:00,2025-01-14 08:10:00+00:00,long,95031.94,95536.46,TP,21.0713,547.8539,2.0
2025-01-14 13:30:00+00:00,2025-01-14 13:35:00+00:00,long,96818.69,96531.95,SL,-10.9571,536.8969,2.0
2025-01-14 15:10:00+00:00,2025-01-14 15:20:00+00:00,long,96805.62,96444.09,SL,-10.7379,526.1589,2.0
2025-01-14 17:10:00+00:00,2025-01-14 17:20:00+00:00,long,96058.01,95820.23,SL,-10.5232,515.6358,2.0
2025-01-14 22:05:00+00:00,2025-01-15 00:20:00+00:00,long,96567.27,97124.99,TP,20.6254,536.2612,2.0
2025-01-15 01:20:00+00:00,2025-01-15 02:30:00+00:00,long,97088.56,96827.38,SL,-10.7252,525.536,2.0
2025-01-15 03:35:00+00:00,2025-01-15 04:00:00+00:00,long,97132.73,97672.73,TP,21.0214,546.5574,2.0
2025-01-15 06:00:00+00:00,2025-01-15 07:20:00+00:00,long,97050.01,97451.42,TP,21.8623,568.4197,2.0
2025-01-15 08:30:00+00:00,2025-01-15 08:45:00+00:00,long,97466.23,97247.33,SL,-11.3684,557.0513,2.0
2025-01-15 10:25:00+00:00,2025-01-15 11:00:00+00:00,long,97072.01,96873.3,SL,-11.141,545.9103,2.0
2025-01-15 11:05:00+00:00,2025-01-15 12:40:00+00:00,short,96746.6,97096.91,SL,-10.9182,534.9921,2.0
2025-01-15 15:00:00+00:00,2025-01-15 15:10:00+00:00,long,99568.38,99263.2,SL,-10.6998,524.2922,2.0
2025-01-15 18:25:00+00:00,2025-01-15 19:00:00+00:00,long,99087.21,99497.4,TP,20.9717,545.2639,2.0
2025-01-15 22:40:00+00:00,2025-01-15 23:35:00+00:00,long,99782.7,100193.99,TP,21.8106,567.0745,2.0
2025-01-16 01:40:00+00:00,2025-01-16 02:25:00+00:00,long,100090.04,99729.07,SL,-11.3415,555.733,2.0
2025-01-16 04:00:00+00:00,2025-01-16 08:40:00+00:00,long,99578.32,99052.09,SL,-11.1147,544.6183,2.0
2025-01-16 11:15:00+00:00,2025-01-16 11:25:00+00:00,short,98741.97,99064.8,SL,-10.8924,533.726,2.0
2025-01-16 12:00:00+00:00,2025-01-16 12:10:00+00:00,short,98956.37,99261.22,SL,-10.6745,523.0514,2.0
2025-01-16 13:05:00+00:00,2025-01-16 13:40:00+00:00,short,99010.89,99391.59,SL,-10.461,512.5904,2.0
2025-01-16 14:00:00+00:00,2025-01-16 14:15:00+00:00,short,98948.22,99165.64,SL,-10.2518,502.3386,2.0
2025-01-16 14:35:00+00:00,2025-01-16 14:40:00+00:00,short,98892.84,98260.61,TP,20.0935,522.4321,2.0
2025-01-16 17:25:00+00:00,2025-01-16 18:10:00+00:00,long,99868.92,99647.54,SL,-10.4486,511.9835,2.0
2025-01-16 19:25:00+00:00,2025-01-16 19:45:00+00:00,long,99772.05,100312.91,TP,20.4793,532.4628,2.0
2025-01-16 23:00:00+00:00,2025-01-17 00:10:00+00:00,long,99844.83,100277.8,TP,21.2985,553.7614,2.0
2025-01-17 01:30:00+00:00,2025-01-17 01:35:00+00:00,long,100539.27,101164.0,TP,22.1505,575.9118,2.0
2025-01-17 04:45:00+00:00,2025-01-17 05:10:00+00:00,long,101254.57,101668.51,TP,23.0365,598.9483,2.0
2025-01-17 07:15:00+00:00,2025-01-17 07:55:00+00:00,long,101650.0,101440.5,SL,-11.979,586.9693,2.0
2025-01-17 08:10:00+00:00,2025-01-17 08:55:00+00:00,long,101696.01,102136.01,TP,23.4788,610.4481,2.0
2025-01-17 10:20:00+00:00,2025-01-17 12:15:00+00:00,long,102160.56,102625.9,TP,24.4179,634.866,2.0
2025-01-17 14:30:00+00:00,2025-01-17 14:40:00+00:00,long,102872.8,102546.33,SL,-12.6973,622.1687,2.0
2025-01-17 14:50:00+00:00,2025-01-17 15:00:00+00:00,long,103031.74,103600.0,TP,24.8867,647.0554,2.0
2025-01-17 16:10:00+00:00,2025-01-17 16:35:00+00:00,long,104450.63,104938.58,TP,25.8822,672.9377,2.0
2025-01-17 18:40:00+00:00,2025-01-17 19:15:00+00:00,long,104723.21,105398.0,TP,26.9175,699.8552,2.0
2025-01-17 22:35:00+00:00,2025-01-17 22:45:00+00:00,long,104601.03,104320.91,SL,-13.9971,685.8581,2.0
2025-01-17 23:05:00+00:00,2025-01-17 23:45:00+00:00,long,104392.0,104180.92,SL,-13.7172,672.1409,2.0
2025-01-18 00:05:00+00:00,2025-01-18 03:35:00+00:00,long,104323.53,103788.0,SL,-13.4428,658.6981,2.0
2025-01-18 05:55:00+00:00,2025-01-18 06:00:00+00:00,short,102829.27,103089.78,SL,-13.174,645.5241,2.0
2025-01-18 07:15:00+00:00,2025-01-18 07:25:00+00:00,short,102958.93,103193.66,SL,-12.9105,632.6136,2.0
2025-01-18 09:55:00+00:00,2025-01-18 11:35:00+00:00,short,103159.29,103466.25,SL,-12.6523,619.9614,2.0
2025-01-18 12:35:00+00:00,2025-01-18 13:30:00+00:00,short,103414.88,103754.04,SL,-12.3992,607.5621,2.0
2025-01-18 13:35:00+00:00,2025-01-18 13:55:00+00:00,long,103783.54,104365.81,TP,24.3025,631.8646,2.0
2025-01-18 15:30:00+00:00,2025-01-18 15:50:00+00:00,long,104491.66,104950.01,TP,25.2746,657.1392,2.0
2025-01-18 17:20:00+00:00,2025-01-18 18:45:00+00:00,long,103913.5,104348.01,TP,26.2856,683.4248,2.0
2025-01-18 21:15:00+00:00,2025-01-18 21:35:00+00:00,long,104222.71,103947.78,SL,-13.6685,669.7563,2.0
2025-01-18 22:15:00+00:00,2025-01-18 23:35:00+00:00,long,104177.59,104641.87,TP,26.7903,696.5465,2.0
2025-01-18 23:55:00+00:00,2025-01-19 00:10:00+00:00,long,104556.23,104313.86,SL,-13.9309,682.6156,2.0
2025-01-19 01:30:00+00:00,2025-01-19 02:20:00+00:00,long,104555.29,105038.43,TP,27.3046,709.9202,2.0
2025-01-19 03:50:00+00:00,2025-01-19 04:15:00+00:00,long,105104.11,104757.07,SL,-14.1984,695.7218,2.0
2025-01-19 05:50:00+00:00,2025-01-19 06:35:00+00:00,long,104977.28,105405.44,TP,27.8289,723.5507,2.0
2025-01-19 09:35:00+00:00,2025-01-19 09:50:00+00:00,long,104629.82,105359.27,TP,28.942,752.4927,2.0
2025-01-19 11:35:00+00:00,2025-01-19 11:45:00+00:00,short,104451.6,104675.73,SL,-15.0499,737.4429,2.0
2025-01-19 12:40:00+00:00,2025-01-19 13:05:00+00:00,long,104739.52,105241.19,TP,29.4977,766.9406,2.0
2025-01-19 14:25:00+00:00,2025-01-19 14:35:00+00:00,long,105448.02,105224.01,SL,-15.3388,751.6018,2.0
2025-01-19 15:35:00+00:00,2025-01-19 15:45:00+00:00,long,105178.3,104960.0,SL,-15.032,736.5697,2.0
2025-01-19 15:50:00+00:00,2025-01-19 15:55:00+00:00,short,104695.66,104936.35,SL,-14.7314,721.8383,2.0
2025-01-19 16:25:00+00:00,2025-01-19 16:35:00+00:00,long,105158.63,104921.0,SL,-14.4368,707.4016,2.0
2025-01-19 17:45:00+00:00,2025-01-19 19:35:00+00:00,long,104987.78,105416.08,TP,28.2961,735.6976,2.0
2025-01-20 00:50:00+00:00,2025-01-20 01:25:00+00:00,short,100095.64,100320.0,SL,-14.714,720.9837,2.0
2025-01-20 03:30:00+00:00,2025-01-20 03:50:00+00:00,short,101568.28,101875.37,SL,-14.4197,706.564,2.0
2025-01-20 05:35:00+00:00,2025-01-20 05:40:00+00:00,short,102394.91,102615.56,SL,-14.1313,692.4327,2.0
2025-01-20 06:35:00+00:00,2025-01-20 06:40:00+00:00,long,103476.53,104689.49,TP,27.6973,720.13,2.0
2025-01-20 13:05:00+00:00,2025-01-20 13:30:00+00:00,long,106980.13,107752.01,TP,28.8052,748.9352,2.0
2025-01-20 14:40:00+00:00,2025-01-20 15:10:00+00:00,long,107733.67,107393.99,SL,-14.9787,733.9565,2.0
2025-01-20 16:35:00+00:00,2025-01-20 16:40:00+00:00,long,106079.9,106520.89,TP,29.3583,763.3148,2.0
2025-01-20 17:10:00+00:00,2025-01-20 17:20:00+00:00,short,104231.73,105187.24,SL,-15.2663,748.0485,2.0
2025-01-20 19:30:00+00:00,2025-01-20 19:35:00+00:00,short,102968.5,103343.91,SL,-14.961,733.0875,2.0
2025-01-20 21:25:00+00:00,2025-01-20 21:45:00+00:00,short,103710.18,103137.66,TP,29.3235,762.411,2.0
2025-01-20 23:15:00+00:00,2025-01-20 23:25:00+00:00,short,102719.08,103232.9,SL,-15.2482,747.1628,2.0
2025-01-20 23:45:00+00:00,2025-01-21 00:10:00+00:00,short,102090.88,102403.56,SL,-14.9433,732.2196,2.0
2025-01-21 00:50:00+00:00,2025-01-21 01:00:00+00:00,short,101362.29,101926.0,SL,-14.6444,717.5752,2.0
2025-01-21 01:25:00+00:00,2025-01-21 01:30:00+00:00,short,100480.0,100901.22,SL,-14.3515,703.2237,2.0
2025-01-21 04:00:00+00:00,2025-01-21 04:30:00+00:00,short,102686.71,102096.0,TP,28.1289,731.3526,2.0
2025-01-21 07:50:00+00:00,2025-01-21 08:05:00+00:00,short,101967.98,102232.0,SL,-14.6271,716.7256,2.0
2025-01-21 09:25:00+00:00,2025-01-21 09:45:00+00:00,short,102338.48,102677.59,SL,-14.3345,702.391,2.0
2025-01-21 12:15:00+00:00,2025-01-21 12:20:00+00:00,long,104700.43,104408.0,SL,-14.0478,688.3432,2.0
2025-01-21 14:25:00+00:00,2025-01-21 14:30:00+00:00,long,105240.37,104246.35,SL,-13.7669,674.5764,2.0
2025-01-21 15:40:00+00:00,2025-01-21 15:45:00+00:00,long,103814.25,103585.63,SL,-13.4915,661.0848,2.0
2025-01-21 17:20:00+00:00,2025-01-21 17:45:00+00:00,long,105657.91,106281.99,TP,26.4434,687.5282,2.0
2025-01-21 18:20:00+00:00,2025-01-21 18:35:00+00:00,long,106479.99,107146.34,TP,27.5011,715.0294,2.0
2025-01-21 21:40:00+00:00,2025-01-21 22:40:00+00:00,long,106506.58,106168.71,SL,-14.3006,700.7288,2.0
2025-01-21 23:45:00+00:00,2025-01-22 01:25:00+00:00,long,105912.53,105684.44,SL,-14.0146,686.7142,2.0
2025-01-22 02:05:00+00:00,2025-01-22 04:40:00+00:00,long,105722.4,105416.61,SL,-13.7343,672.9799,2.0
2025-01-22 05:05:00+00:00,2025-01-22 06:30:00+00:00,long,105689.75,105437.18,SL,-13.4596,659.5203,2.0
2025-01-22 07:15:00+00:00,2025-01-22 07:30:00+00:00,long,105637.61,105260.0,SL,-13.1904,646.3299,2.0
2025-01-22 10:00:00+00:00,2025-01-22 10:25:00+00:00,short,104755.81,104983.0,SL,-12.9266,633.4033,2.0
2025-01-22 11:20:00+00:00,2025-01-22 11:40:00+00:00,short,104853.22,105080.89,SL,-12.6681,620.7352,2.0
2025-01-22 12:55:00+00:00,2025-01-22 13:30:00+00:00,short,105275.86,104827.27,TP,24.8294,645.5647,2.0
2025-01-22 15:45:00+00:00,2025-01-22 15:50:00+00:00,short,104341.79,104596.83,SL,-12.9113,632.6534,2.0
2025-01-22 15:55:00+00:00,2025-01-22 16:40:00+00:00,short,104180.01,103437.96,TP,25.3061,657.9595,2.0
2025-01-22 18:25:00+00:00,2025-01-22 19:15:00+00:00,short,104310.0,104627.82,SL,-13.1592,644.8003,2.0
2025-01-22 20:20:00+00:00,2025-01-22 21:10:00+00:00,short,104408.31,103891.76,TP,25.792,670.5923,2.0
2025-01-22 22:15:00+00:00,2025-01-22 22:25:00+00:00,short,103784.91,104013.42,SL,-13.4118,657.1805,2.0
2025-01-22 23:05:00+00:00,2025-01-23 00:20:00+00:00,short,103814.0,103293.11,TP,26.2872,683.4677,2.0
2025-01-23 01:50:00+00:00,2025-01-23 02:15:00+00:00,short,102833.8,102150.01,TP,27.3387,710.8064,2.0
2025-01-23 03:55:00+00:00,2025-01-23 04:15:00+00:00,short,102461.25,101943.48,TP,28.4323,739.2387,2.0
2025-01-23 06:45:00+00:00,2025-01-23 07:45:00+00:00,short,102395.08,102644.49,SL,-14.7848,724.4539,2.0
2025-01-23 08:20:00+00:00,2025-01-23 09:30:00+00:00,short,102398.76,101917.87,TP,28.9782,753.432,2.0
2025-01-23 10:40:00+00:00,2025-01-23 10:50:00+00:00,short,101290.18,101606.97,SL,-15.0686,738.3634,2.0
2025-01-23 12:15:00+00:00,2025-01-23 12:30:00+00:00,short,101561.62,101869.99,SL,-14.7673,723.5961,2.0
2025-01-23 13:15:00+00:00,2025-01-23 13:30:00+00:00,short,101457.29,101868.01,SL,-14.4719,709.1242,2.0
2025-01-23 15:45:00+00:00,2025-01-23 15:50:00+00:00,long,105098.31,104780.04,SL,-14.1825,694.9417,2.0
2025-01-23 15:55:00+00:00,2025-01-23 16:05:00+00:00,long,105263.52,105792.0,TP,27.7977,722.7394,2.0
2025-01-23 17:50:00+00:00,2025-01-23 18:05:00+00:00,long,105992.0,105590.69,SL,-14.4548,708.2846,2.0
2025-01-23 20:20:00+00:00,2025-01-23 20:30:00+00:00,long,105880.0,105303.09,SL,-14.1657,694.1189,2.0
2025-01-23 20:50:00+00:00,2025-01-23 21:15:00+00:00,short,103153.99,102558.58,TP,27.7648,721.8837,2.0
2025-01-24 01:35:00+00:00,2025-01-24 02:45:00+00:00,short,103466.91,103047.39,TP,28.8753,750.759,2.0
2025-01-24 02:50:00+00:00,2025-01-24 03:00:00+00:00,short,103057.32,103288.01,SL,-15.0152,735.7438,2.0
2025-01-24 03:20:00+00:00,2025-01-24 03:25:00+00:00,short,102750.01,103479.98,SL,-14.7149,721.029,2.0
2025-01-24 08:10:00+00:00,2025-01-24 09:20:00+00:00,long,105229.99,105707.99,TP,28.8412,749.8701,2.0
2025-01-24 10:55:00+00:00,2025-01-24 13:15:00+00:00,long,105416.75,105122.5,SL,-14.9974,734.8727,2.0
2025-01-24 14:25:00+00:00,2025-01-24 14:30:00+00:00,long,105266.02,104846.31,SL,-14.6975,720.1753,2.0
2025-01-24 14:35:00+00:00,2025-01-24 14:40:00+00:00,long,105393.43,106222.0,TP,28.807,748.9823,2.0
2025-01-24 16:05:00+00:00,2025-01-24 16:55:00+00:00,long,105984.62,105645.89,SL,-14.9796,734.0026,2.0
2025-01-24 17:20:00+00:00,2025-01-24 18:00:00+00:00,long,106301.33,106897.48,TP,29.3601,763.3627,2.0
2025-01-24 22:55:00+00:00,2025-01-25 03:50:00+00:00,short,104777.25,105016.03,SL,-15.2673,748.0955,2.0
2025-01-25 04:30:00+00:00,2025-01-25 05:55:00+00:00,short,104809.14,104365.97,TP,29.9238,778.0193,2.0
2025-01-25 08:30:00+00:00,2025-01-25 10:45:00+00:00,short,104301.98,104587.74,SL,-15.5604,762.4589,2.0
2025-01-25 11:25:00+00:00,2025-01-25 11:45:00+00:00,short,104446.2,104664.26,SL,-15.2492,747.2097,2.0
2025-01-25 12:15:00+00:00,2025-01-25 13:00:00+00:00,short,104588.34,104830.01,SL,-14.9442,732.2655,2.0
2025-01-25 15:05:00+00:00,2025-01-25 18:30:00+00:00,long,104682.36,105165.98,TP,29.2906,761.5562,2.0
2025-01-25 20:10:00+00:00,2025-01-25 21:35:00+00:00,long,105125.85,104906.5,SL,-15.2311,746.325,2.0
2025-01-25 21:55:00+00:00,2025-01-25 23:40:00+00:00,long,105102.84,104892.45,SL,-14.9265,731.3985,2.0
2025-01-26 07:45:00+00:00,2025-01-26 09:30:00+00:00,long,105028.07,104577.19,SL,-14.628,716.7706,2.0
2025-01-26 10:40:00+00:00,2025-01-26 10:55:00+00:00,short,104500.01,104715.29,SL,-14.3354,702.4351,2.0
2025-01-26 12:35:00+00:00,2025-01-26 13:00:00+00:00,short,104717.23,104956.6,SL,-14.0487,688.3864,2.0
2025-01-26 13:45:00+00:00,2025-01-26 15:15:00+00:00,short,104848.73,105062.91,SL,-13.7677,674.6187,2.0
2025-01-26 17:35:00+00:00,2025-01-26 21:00:00+00:00,long,105025.5,104752.95,SL,-13.4924,661.1263,2.0
2025-01-26 22:55:00+00:00,2025-01-26 23:00:00+00:00,short,104330.22,103911.25,TP,26.4451,687.5714,2.0
2025-01-27 00:50:00+00:00,2025-01-27 01:10:00+00:00,short,101939.99,101434.01,TP,27.5029,715.0742,2.0
2025-01-27 04:10:00+00:00,2025-01-27 04:35:00+00:00,short,101038.38,100507.68,TP,28.603,743.6772,2.0
2025-01-27 05:35:00+00:00,2025-01-27 05:55:00+00:00,short,100106.17,100374.08,SL,-14.8735,728.8037,2.0
2025-01-27 06:20:00+00:00,2025-01-27 06:35:00+00:00,short,99934.1,99453.01,TP,29.1521,757.9558,2.0
2025-01-27 10:25:00+00:00,2025-01-27 10:50:00+00:00,short,99108.01,98499.76,TP,30.3182,788.2741,2.0
2025-01-27 13:45:00+00:00,2025-01-27 14:25:00+00:00,short,100466.97,100765.4,SL,-15.7655,772.5086,2.0
2025-01-27 14:45:00+00:00,2025-01-27 15:10:00+00:00,long,101811.41,101523.45,SL,-15.4502,757.0584,2.0
2025-01-27 17:55:00+00:00,2025-01-27 18:00:00+00:00,short,99150.01,99400.0,SL,-15.1412,741.9172,2.0
2025-01-27 23:10:00+00:00,2025-01-27 23:25:00+00:00,long,101993.52,101739.95,SL,-14.8383,727.0789,2.0
2025-01-28 00:00:00+00:00,2025-01-28 00:15:00+00:00,long,102544.6,102323.31,SL,-14.5416,712.5373,2.0
2025-01-28 02:20:00+00:00,2025-01-28 02:40:00+00:00,long,101842.94,102290.25,TP,28.5015,741.0388,2.0
2025-01-28 07:15:00+00:00,2025-01-28 07:40:00+00:00,long,103113.54,102857.83,SL,-14.8208,726.218,2.0
2025-01-28 09:00:00+00:00,2025-01-28 09:20:00+00:00,long,102843.38,102612.21,SL,-14.5244,711.6937,2.0
2025-01-28 09:50:00+00:00,2025-01-28 12:45:00+00:00,long,102779.98,102531.18,SL,-14.2339,697.4598,2.0
2025-01-28 13:05:00+00:00,2025-01-28 13:35:00+00:00,long,102800.0,102592.37,SL,-13.9492,683.5106,2.0
2025-01-28 14:30:00+00:00,2025-01-28 14:40:00+00:00,long,102652.05,102159.99,SL,-13.6702,669.8404,2.0
2025-01-28 14:45:00+00:00,2025-01-28 15:00:00+00:00,long,102436.0,103160.53,TP,26.7936,696.634,2.0
2025-01-28 17:05:00+00:00,2025-01-28 17:40:00+00:00,long,102769.99,102446.01,SL,-13.9327,682.7013,2.0
2025-01-28 18:10:00+00:00,2025-01-28 18:35:00+00:00,long,103030.41,102666.01,SL,-13.654,669.0473,2.0
2025-01-28 20:20:00+00:00,2025-01-28 20:45:00+00:00,short,102114.95,101562.34,TP,26.7619,695.8092,2.0
2025-01-29 01:25:00+00:00,2025-01-29 02:00:00+00:00,short,101677.15,102019.22,SL,-13.9162,681.893,2.0
2025-01-29 02:25:00+00:00,2025-01-29 03:45:00+00:00,short,101848.55,102072.95,SL,-13.6379,668.2551,2.0
2025-01-29 04:05:00+00:00,2025-01-29 06:20:00+00:00,long,102059.65,102599.99,TP,26.7302,694.9854,2.0
2025-01-29 08:00:00+00:00,2025-01-29 09:00:00+00:00,long,102915.32,102658.5,SL,-13.8997,681.0856,2.0
2025-01-29 10:20:00+00:00,2025-01-29 12:25:00+00:00,long,102647.28,102420.0,SL,-13.6217,667.4639,2.0
2025-01-29 15:35:00+00:00,2025-01-29 16:50:00+00:00,short,101912.77,102127.9,SL,-13.3493,654.1147,2.0
2025-01-29 18:00:00+00:00,2025-01-29 18:05:00+00:00,short,102072.81,102421.47,SL,-13.0823,641.0324,2.0
2025-01-29 18:30:00+00:00,2025-01-29 19:00:00+00:00,long,102824.99,102176.49,SL,-12.8206,628.2117,2.0
2025-01-29 19:40:00+00:00,2025-01-29 20:00:00+00:00,long,103448.29,102885.99,SL,-12.5642,615.6475,2.0
2025-01-29 23:10:00+00:00,2025-01-29 23:40:00+00:00,long,104121.98,103823.56,SL,-12.313,603.3345,2.0
2025-01-30 00:45:00+00:00,2025-01-30 01:25:00+00:00,long,103939.54,104372.22,TP,24.1334,627.4679,2.0
2025-01-30 02:30:00+00:00,2025-01-30 03:35:00+00:00,long,104473.01,104900.0,TP,25.0987,652.5666,2.0
2025-01-30 04:50:00+00:00,2025-01-30 05:45:00+00:00,long,105376.3,105029.96,SL,-13.0513,639.5153,2.0
2025-01-30 06:10:00+00:00,2025-01-30 06:15:00+00:00,long,105506.02,105259.99,SL,-12.7903,626.725,2.0
2025-01-30 08:00:00+00:00,2025-01-30 08:10:00+00:00,long,105265.98,105011.08,SL,-12.5345,614.1905,2.0
2025-01-30 11:40:00+00:00,2025-01-30 12:15:00+00:00,long,105264.01,105042.66,SL,-12.2838,601.9067,2.0
2025-01-30 13:15:00+00:00,2025-01-30 13:30:00+00:00,long,105290.82,105065.0,SL,-12.0381,589.8685,2.0
2025-01-30 14:30:00+00:00,2025-01-30 14:45:00+00:00,long,105012.0,105780.5,TP,23.5947,613.4633,2.0
2025-01-30 18:35:00+00:00,2025-01-30 20:35:00+00:00,long,105387.67,105093.12,SL,-12.2693,601.194,2.0
2025-01-30 21:40:00+00:00,2025-01-30 23:45:00+00:00,long,105142.01,104923.38,SL,-12.0239,589.1701,2.0
2025-01-31 01:20:00+00:00,2025-01-31 01:50:00+00:00,short,104518.17,104736.0,SL,-11.7834,577.3867,2.0
2025-01-31 02:20:00+00:00,2025-01-31 04:50:00+00:00,short,104431.38,103992.44,TP,23.0955,600.4822,2.0
2025-01-31 07:35:00+00:00,2025-01-31 09:10:00+00:00,short,104371.51,103950.23,TP,24.0193,624.5015,2.0
2025-01-31 12:15:00+00:00,2025-01-31 14:05:00+00:00,long,104798.86,104588.0,SL,-12.49,612.0115,2.0
2025-01-31 15:05:00+00:00,2025-01-31 15:25:00+00:00,long,104695.94,105166.25,TP,24.4805,636.4919,2.0
2025-02-01 01:55:00+00:00,2025-02-01 04:05:00+00:00,short,102566.0,102145.92,TP,25.4597,661.9516,2.0
2025-02-01 06:15:00+00:00,2025-02-01 08:30:00+00:00,short,102388.0,101971.79,TP,26.4781,688.4297,2.0
2025-02-01 13:15:00+00:00,2025-02-01 14:55:00+00:00,short,102238.23,101827.53,TP,27.5372,715.9668,2.0
2025-02-01 16:20:00+00:00,2025-02-01 17:15:00+00:00,short,101966.0,102220.01,SL,-14.3193,701.6475,2.0
2025-02-01 18:20:00+00:00,2025-02-01 19:35:00+00:00,short,102144.0,101624.43,TP,28.0659,729.7134,2.0
2025-02-01 21:55:00+00:00,2025-02-01 22:00:00+00:00,short,101199.82,101409.22,SL,-14.5943,715.1191,2.0
2025-02-01 22:15:00+00:00,2025-02-01 23:10:00+00:00,short,100818.52,100389.11,TP,28.6048,743.7239,2.0
2025-02-02 01:45:00+00:00,2025-02-02 02:15:00+00:00,short,101254.9,100773.99,TP,29.749,773.4729,2.0
2025-02-02 06:55:00+00:00,2025-02-02 07:30:00+00:00,short,100265.15,99841.68,TP,30.9389,804.4118,2.0
2025-02-02 09:05:00+00:00,2025-02-02 11:15:00+00:00,short,99644.95,99242.49,TP,32.1765,836.5883,2.0
2025-02-02 12:30:00+00:00,2025-02-02 12:55:00+00:00,short,98604.02,98178.0,TP,33.4635,870.0518,2.0
2025-02-02 15:05:00+00:00,2025-02-02 15:50:00+00:00,short,99096.63,99372.54,SL,-17.401,852.6507,2.0
2025-02-02 16:10:00+00:00,2025-02-02 16:40:00+00:00,short,98993.02,98589.29,TP,34.106,886.7568,2.0
2025-02-02 20:35:00+00:00,2025-02-02 21:15:00+00:00,short,97900.09,97408.72,TP,35.4703,922.227,2.0
2025-02-02 23:25:00+00:00,2025-02-02 23:35:00+00:00,short,97018.79,97536.89,SL,-18.4445,903.7825,2.0
2025-02-03 00:15:00+00:00,2025-02-03 00:25:00+00:00,short,96582.67,97074.0,SL,-18.0756,885.7069,2.0
2025-02-03 04:25:00+00:00,2025-02-03 04:30:00+00:00,short,93352.95,92911.0,TP,35.4283,921.1351,2.0
2025-02-03 06:55:00+00:00,2025-02-03 07:00:00+00:00,short,93911.04,94203.25,SL,-18.4227,902.7124,2.0
2025-02-03 08:40:00+00:00,2025-02-03 08:50:00+00:00,short,95022.38,95280.0,SL,-18.0542,884.6582,2.0
2025-02-03 09:15:00+00:00,2025-02-03 09:20:00+00:00,short,95354.0,95742.12,SL,-17.6932,866.965,2.0
2025-02-03 09:35:00+00:00,2025-02-03 09:55:00+00:00,short,95669.0,95277.0,TP,34.6786,901.6436,2.0
2025-02-03 11:25:00+00:00,2025-02-03 11:45:00+00:00,short,95413.87,95019.98,TP,36.0657,937.7094,2.0
2025-02-03 12:35:00+00:00,2025-02-03 13:20:00+00:00,short,95085.38,94667.03,TP,37.5084,975.2177,2.0
2025-02-03 14:00:00+00:00,2025-02-03 14:25:00+00:00,short,94344.05,94772.0,SL,-19.5044,955.7134,2.0
2025-02-03 14:30:00+00:00,2025-02-03 14:35:00+00:00,long,96089.77,96497.64,TP,38.2285,993.9419,2.0
2025-02-03 18:00:00+00:00,2025-02-03 18:10:00+00:00,long,99367.99,99070.0,SL,-19.8788,974.0631,2.0
2025-02-03 20:20:00+00:00,2025-02-03 20:35:00+00:00,long,101854.63,101597.06,SL,-19.4813,954.5818,2.0
2025-02-03 21:55:00+00:00,2025-02-03 22:05:00+00:00,long,101802.55,102269.9,TP,38.1833,992.7651,2.0
2025-02-04 01:35:00+00:00,2025-02-04 02:10:00+00:00,long,101345.01,101126.74,SL,-19.8553,972.9098,2.0
2025-02-04 07:35:00+00:00,2025-02-04 07:45:00+00:00,short,98882.27,98433.44,TP,38.9164,1011.8262,2.0
2025-02-04 08:35:00+00:00,2025-02-04 08:55:00+00:00,short,98071.44,98304.34,SL,-25.2957,986.5305,2.5
2025-02-04 11:50:00+00:00,2025-02-04 12:15:00+00:00,short,99078.06,99378.54,SL,-19.7306,966.7999,2.0
2025-02-04 12:30:00+00:00,2025-02-04 12:40:00+00:00,long,99600.01,99370.41,SL,-19.336,947.4639,2.0
2025-02-04 14:30:00+00:00,2025-02-04 15:00:00+00:00,long,100049.93,99711.99,SL,-18.9493,928.5146,2.0
2025-02-04 15:10:00+00:00,2025-02-04 15:15:00+00:00,short,99207.32,98688.71,TP,37.1406,965.6552,2.0
2025-02-04 16:10:00+00:00,2025-02-04 16:15:00+00:00,long,99861.99,99618.87,SL,-19.3131,946.3421,2.0
2025-02-04 16:40:00+00:00,2025-02-04 17:25:00+00:00,short,99294.95,98878.74,TP,37.8537,984.1958,2.0
2025-02-04 18:00:00+00:00,2025-02-04 18:15:00+00:00,short,98963.33,99168.35,SL,-19.6839,964.5119,2.0
2025-02-04 19:50:00+00:00,2025-02-04 20:05:00+00:00,short,98991.36,99232.77,SL,-19.2902,945.2216,2.0
2025-02-05 01:25:00+00:00,2025-02-05 02:00:00+00:00,short,98212.63,97738.02,TP,37.8089,983.0305,2.0
2025-02-05 04:25:00+00:00,2025-02-05 04:30:00+00:00,short,97928.0,98139.81,SL,-19.6606,963.3699,2.0
2025-02-05 04:55:00+00:00,2025-02-05 05:50:00+00:00,short,98046.0,98250.0,SL,-19.2674,944.1025,2.0
2025-02-05 06:20:00+00:00,2025-02-05 07:00:00+00:00,short,97872.0,97436.81,TP,37.7641,981.8666,2.0
2025-02-05 08:40:00+00:00,2025-02-05 09:00:00+00:00,short,97629.97,97847.81,SL,-19.6373,962.2293,2.0
2025-02-05 09:30:00+00:00,2025-02-05 10:15:00+00:00,short,97420.38,97664.04,SL,-19.2446,942.9847,2.0
2025-02-05 13:35:00+00:00,2025-02-05 14:55:00+00:00,long,98576.09,98292.27,SL,-18.8597,924.125,2.0
2025-02-05 17:20:00+00:00,2025-02-05 17:35:00+00:00,short,97480.0,97741.59,SL,-18.4825,905.6425,2.0
2025-02-05 20:40:00+00:00,2025-02-05 20:45:00+00:00,short,96903.7,97206.53,SL,-18.1129,887.5296,2.0
2025-02-05 21:45:00+00:00,2025-02-05 21:55:00+00:00,short,97313.84,96904.11,TP,35.5012,923.0308,2.0
2025-02-06 02:35:00+00:00,2025-02-06 03:00:00+00:00,short,97192.0,97394.38,SL,-18.4606,904.5702,2.0
2025-02-06 03:05:00+00:00,2025-02-06 03:40:00+00:00,short,97252.0,97476.16,SL,-18.0914,886.4788,2.0
2025-02-06 04:15:00+00:00,2025-02-06 06:15:00+00:00,long,97586.46,98086.97,TP,35.4592,921.938,2.0
2025-02-06 09:05:00+00:00,2025-02-06 10:00:00+00:00,long,98282.61,98729.26,TP,36.8775,958.8155,2.0
2025-02-06 10:50:00+00:00,2025-02-06 11:10:00+00:00,long,98960.01,98739.14,SL,-19.1763,939.6392,2.0
2025-02-06 11:50:00+00:00,2025-02-06 12:05:00+00:00,long,99069.18,98624.18,SL,-18.7928,920.8464,2.0
2025-02-06 13:30:00+00:00,2025-02-06 14:15:00+00:00,long,98637.07,98163.97,SL,-18.4169,902.4295,2.0
2025-02-06 14:30:00+00:00,2025-02-06 14:40:00+00:00,long,98651.82,98107.84,SL,-18.0486,884.3809,2.0
2025-02-06 16:20:00+00:00,2025-02-06 16:40:00+00:00,short,96985.17,96586.01,TP,35.3752,919.7561,2.0
2025-02-06 18:15:00+00:00,2025-02-06 18:45:00+00:00,short,96257.01,96554.5,SL,-18.3951,901.361,2.0
2025-02-06 19:40:00+00:00,2025-02-06 20:10:00+00:00,short,95995.37,96282.65,SL,-18.0272,883.3338,2.0
2025-02-06 21:25:00+00:00,2025-02-06 21:40:00+00:00,short,96508.76,96738.0,SL,-17.6667,865.6671,2.0
2025-02-06 22:00:00+00:00,2025-02-06 22:55:00+00:00,short,96546.7,96959.99,SL,-17.3133,848.3537,2.0
2025-02-06 23:25:00+00:00,2025-02-07 00:20:00+00:00,short,96619.57,96833.7,SL,-16.9671,831.3867,2.0
2025-02-07 00:40:00+00:00,2025-02-07 01:05:00+00:00,short,96504.59,96773.05,SL,-16.6277,814.7589,2.0
2025-02-07 04:15:00+00:00,2025-02-07 04:45:00+00:00,long,97687.99,97450.0,SL,-16.2952,798.4638,2.0
2025-02-07 07:50:00+00:00,2025-02-07 08:05:00+00:00,short,96705.19,96939.51,SL,-15.9693,782.4945,2.0
2025-02-07 11:10:00+00:00,2025-02-07 13:35:00+00:00,long,97632.91,98108.05,TP,31.2998,813.7943,2.0
2025-02-07 13:40:00+00:00,2025-02-07 13:55:00+00:00,long,98338.0,98828.01,TP,32.5518,846.346,2.0
2025-02-07 17:10:00+00:00,2025-02-07 17:15:00+00:00,long,97993.99,97455.31,SL,-16.9269,829.4191,2.0
2025-02-07 19:05:00+00:00,2025-02-07 19:50:00+00:00,short,97402.61,96981.93,TP,33.1768,862.5959,2.0
2025-02-08 01:00:00+00:00,2025-02-08 04:40:00+00:00,short,96692.98,96294.34,TP,34.5038,897.0997,2.0
2025-02-08 07:00:00+00:00,2025-02-08 07:35:00+00:00,short,95999.99,96219.86,SL,-17.942,879.1577,2.0
2025-02-08 08:35:00+00:00,2025-02-08 10:15:00+00:00,short,96022.68,96220.14,SL,-17.5832,861.5746,2.0
2025-02-08 10:45:00+00:00,2025-02-08 13:35:00+00:00,short,96100.0,96374.0,SL,-17.2315,844.3431,2.0
2025-02-08 14:15:00+00:00,2025-02-08 17:00:00+00:00,short,96019.89,96255.11,SL,-16.8869,827.4562,2.0
2025-02-08 18:25:00+00:00,2025-02-09 01:25:00+00:00,long,96405.0,96877.2,TP,33.0982,860.5545,2.0
2025-02-09 03:25:00+00:00,2025-02-09 03:55:00+00:00,long,96903.72,97300.0,TP,34.4222,894.9766,2.0
2025-02-09 06:50:00+00:00,2025-02-09 10:00:00+00:00,long,97031.36,96717.45,SL,-17.8995,877.0771,2.0
2025-02-09 10:35:00+00:00,2025-02-09 11:30:00+00:00,long,96902.73,96645.85,SL,-17.5415,859.5356,2.0
2025-02-09 12:30:00+00:00,2025-02-09 13:40:00+00:00,short,96514.41,96087.99,TP,34.3814,893.917,2.0
2025-02-09 16:30:00+00:00,2025-02-09 17:30:00+00:00,short,96459.99,95979.55,TP,35.7567,929.6737,2.0
2025-02-09 19:25:00+00:00,2025-02-09 20:20:00+00:00,short,96051.95,96261.68,SL,-18.5935,911.0802,2.0
2025-02-09 21:10:00+00:00,2025-02-09 21:30:00+00:00,short,96239.83,95851.79,TP,36.4432,947.5234,2.0
2025-02-10 05:45:00+00:00,2025-02-10 05:55:00+00:00,long,97444.0,97015.26,SL,-18.9505,928.5729,2.0
2025-02-10 07:00:00+00:00,2025-02-10 08:05:00+00:00,long,97353.8,97775.99,TP,37.1429,965.7158,2.0
2025-02-10 10:15:00+00:00,2025-02-10 12:10:00+00:00,long,97833.78,97603.78,SL,-19.3143,946.4015,2.0
2025-02-10 13:15:00+00:00,2025-02-10 13:45:00+00:00,long,97463.93,97892.49,TP,37.8561,984.2576,2.0
2025-02-10 16:05:00+00:00,2025-02-10 16:15:00+00:00,long,97281.01,97052.01,SL,-19.6852,964.5724,2.0
2025-02-10 16:30:00+00:00,2025-02-10 16:45:00+00:00,short,96961.73,97218.32,SL,-19.2914,945.281,2.0
2025-02-10 18:50:00+00:00,2025-02-10 21:15:00+00:00,long,97424.84,97136.18,SL,-18.9056,926.3754,2.0
2025-02-10 21:55:00+00:00,2025-02-11 00:25:00+00:00,long,97375.81,97767.8,TP,37.055,963.4304,2.0
2025-02-11 04:00:00+00:00,2025-02-11 04:45:00+00:00,long,97616.05,98058.83,TP,38.5372,1001.9676,2.0
2025-02-11 09:05:00+00:00,2025-02-11 09:35:00+00:00,long,98271.91,98070.8,SL,-25.0492,976.9184,2.5
2025-02-11 10:20:00+00:00,2025-02-11 12:10:00+00:00,long,98079.48,97812.0,SL,-19.5384,957.38,2.0
2025-02-11 13:20:00+00:00,2025-02-11 13:40:00+00:00,short,97647.51,97250.3,TP,38.2952,995.6752,2.0
2025-02-11 16:25:00+00:00,2025-02-11 17:00:00+00:00,short,96643.09,96236.56,TP,39.827,1035.5023,2.0
2025-02-11 18:05:00+00:00,2025-02-11 18:45:00+00:00,short,95895.3,95500.01,TP,51.7751,1087.2774,2.5
2025-02-11 22:30:00+00:00,2025-02-11 22:55:00+00:00,short,96100.0,95580.23,TP,54.3639,1141.6412,2.5
2025-02-12 00:20:00+00:00,2025-02-12 00:45:00+00:00,short,95795.78,96055.56,SL,-28.541,1113.1002,2.5
2025-02-12 01:20:00+00:00,2025-02-12 01:45:00+00:00,short,95850.5,96220.49,SL,-27.8275,1085.2727,2.5
2025-02-12 02:15:00+00:00,2025-02-12 02:55:00+00:00,short,96014.88,95579.14,TP,54.2636,1139.5363,2.5
2025-02-12 06:30:00+00:00,2025-02-12 07:05:00+00:00,short,95708.74,95900.8,SL,-28.4884,1111.0479,2.5
2025-02-12 11:05:00+00:00,2025-02-12 12:55:00+00:00,long,96216.0,95982.97,SL,-27.7762,1083.2717,2.5
2025-02-12 13:20:00+00:00,2025-02-12 13:30:00+00:00,long,96499.99,94891.3,SL,-27.0818,1056.1899,2.5
2025-02-12 16:15:00+00:00,2025-02-12 16:40:00+00:00,short,95510.94,95960.0,SL,-26.4047,1029.7852,2.5
2025-02-12 19:45:00+00:00,2025-02-12 20:45:00+00:00,long,97217.4,97003.04,SL,-25.7446,1004.0406,2.5
2025-02-12 21:15:00+00:00,2025-02-12 22:25:00+00:00,long,97533.58,97949.99,TP,50.202,1054.2426,2.5
2025-02-12 22:35:00+00:00,2025-02-12 22:55:00+00:00,long,98025.96,97806.57,SL,-26.3561,1027.8865,2.5
2025-02-12 23:00:00+00:00,2025-02-12 23:20:00+00:00,long,97952.0,97744.01,SL,-25.6972,1002.1894,2.5
2025-02-13 01:05:00+00:00,2025-02-13 02:25:00+00:00,long,97876.85,97639.88,SL,-25.0547,977.1346,2.5
2025-02-13 03:45:00+00:00,2025-02-13 04:25:00+00:00,long,97546.53,97331.28,SL,-19.5427,957.5919,2.0
2025-02-13 06:20:00+00:00,2025-02-13 06:45:00+00:00,short,96491.87,95854.71,TP,38.3037,995.8956,2.0
2025-02-13 10:35:00+00:00,2025-02-13 12:15:00+00:00,short,96180.21,95739.79,TP,39.8358,1035.7314,2.0
2025-02-13 13:00:00+00:00,2025-02-13 13:15:00+00:00,short,95770.79,95980.02,SL,-25.8933,1009.8381,2.5
2025-02-13 14:10:00+00:00,2025-02-13 15:15:00+00:00,short,95857.86,96196.08,SL,-25.246,984.5922,2.5
2025-02-13 16:00:00+00:00,2025-02-13 17:40:00+00:00,short,95742.01,95938.0,SL,-19.6918,964.9003,2.0
2025-02-13 18:10:00+00:00,2025-02-13 18:30:00+00:00,short,95530.0,95773.07,SL,-19.298,945.6023,2.0
2025-02-13 19:30:00+00:00,2025-02-13 20:10:00+00:00,short,95714.15,96030.56,SL,-18.912,926.6903,2.0
2025-02-13 20:15:00+00:00,2025-02-13 21:30:00+00:00,long,96196.71,96600.64,TP,37.0676,963.7579,2.0
2025-02-13 23:45:00+00:00,2025-02-14 03:45:00+00:00,long,96541.98,97082.99,TP,38.5503,1002.3082,2.0
2025-02-14 06:10:00+00:00,2025-02-14 12:40:00+00:00,long,96796.66,96596.2,SL,-25.0577,977.2505,2.5
2025-02-14 13:30:00+00:00,2025-02-14 13:40:00+00:00,long,96948.9,96726.87,SL,-19.545,957.7055,2.0
2025-02-14 14:25:00+00:00,2025-02-14 14:35:00+00:00,short,96614.56,97184.85,SL,-19.1541,938.5514,2.0
2025-02-14 15:10:00+00:00,2025-02-14 15:50:00+00:00,short,96652.37,96979.99,SL,-18.771,919.7804,2.0
2025-02-14 15:55:00+00:00,2025-02-14 16:15:00+00:00,long,96924.39,96600.0,SL,-18.3956,901.3848,2.0
2025-02-14 16:50:00+00:00,2025-02-14 16:55:00+00:00,long,96870.01,97658.7,TP,36.0554,937.4401,2.0
2025-02-14 21:45:00+00:00,2025-02-14 22:45:00+00:00,long,97341.54,97126.51,SL,-18.7488,918.6913,2.0
2025-02-14 22:50:00+00:00,2025-02-14 23:10:00+00:00,short,96994.11,97220.25,SL,-18.3738,900.3175,2.0
2025-02-15 00:35:00+00:00,2025-02-15 01:50:00+00:00,long,97404.44,97833.41,TP,36.0127,936.3302,2.0
2025-02-15 03:05:00+00:00,2025-02-15 03:30:00+00:00,long,97964.82,97723.28,SL,-18.7266,917.6036,2.0
2025-02-15 05:30:00+00:00,2025-02-15 07:15:00+00:00,long,97594.67,97356.01,SL,-18.3521,899.2515,2.0
2025-02-15 08:05:00+00:00,2025-02-15 08:30:00+00:00,short,97327.19,97533.34,SL,-17.985,881.2665,2.0
2025-02-15 10:30:00+00:00,2025-02-15 17:15:00+00:00,long,97622.65,97387.51,SL,-17.6253,863.6412,2.0
2025-02-15 19:50:00+00:00,2025-02-15 22:10:00+00:00,short,97531.64,97741.35,SL,-17.2728,846.3684,2.0
2025-02-15 22:25:00+00:00,2025-02-16 00:15:00+00:00,short,97450.0,97667.51,SL,-16.9274,829.441,2.0
2025-02-16 01:55:00+00:00,2025-02-16 07:00:00+00:00,long,97643.0,97443.51,SL,-16.5888,812.8522,2.0
2025-02-16 10:55:00+00:00,2025-02-16 14:00:00+00:00,short,97180.98,96778.58,TP,32.5141,845.3663,2.0
2025-02-16 17:30:00+00:00,2025-02-16 21:35:00+00:00,short,97000.0,97198.63,SL,-16.9073,828.4589,2.0
2025-02-16 22:20:00+00:00,2025-02-16 22:30:00+00:00,short,97032.08,96641.52,TP,33.1384,861.5973,2.0
2025-02-17 02:40:00+00:00,2025-02-17 05:00:00+00:00,short,96291.29,95887.53,TP,34.4639,896.0612,2.0
2025-02-17 05:20:00+00:00,2025-02-17 05:30:00+00:00,short,95927.15,96125.87,SL,-17.9212,878.14,2.0
2025-02-17 07:05:00+00:00,2025-02-17 14:05:00+00:00,short,96337.41,96642.89,SL,-17.5628,860.5772,2.0
2025-02-17 18:45:00+00:00,2025-02-17 19:50:00+00:00,short,95357.85,95576.98,SL,-17.2115,843.3656,2.0
2025-02-18 00:20:00+00:00,2025-02-18 01:05:00+00:00,short,95600.01,95900.98,SL,-16.8673,826.4983,2.0
2025-02-18 03:30:00+00:00,2025-02-18 04:50:00+00:00,long,96288.0,95987.49,SL,-16.53,809.9683,2.0
2025-02-18 08:10:00+00:00,2025-02-18 09:15:00+00:00,short,95326.0,95563.43,SL,-16.1994,793.769,2.0
2025-02-18 10:55:00+00:00,2025-02-18 12:25:00+00:00,short,95742.5,95937.86,SL,-15.8754,777.8936,2.0
2025-02-18 14:20:00+00:00,2025-02-18 14:30:00+00:00,long,96650.0,96322.01,SL,-15.5579,762.3357,2.0
2025-02-18 16:10:00+00:00,2025-02-18 16:15:00+00:00,short,95402.58,95630.0,SL,-15.2467,747.089,2.0
2025-02-18 16:25:00+00:00,2025-02-18 16:35:00+00:00,short,95266.78,94814.98,TP,29.8836,776.9726,2.0
2025-02-18 18:40:00+00:00,2025-02-18 18:50:00+00:00,short,93736.37,93970.75,SL,-15.5395,761.4331,2.0
2025-02-18 19:10:00+00:00,2025-02-18 19:20:00+00:00,short,93512.71,93762.9,SL,-15.2287,746.2045,2.0
2025-02-18 20:40:00+00:00,2025-02-18 20:55:00+00:00,short,93849.83,94196.02,SL,-14.9241,731.2804,2.0
2025-02-18 22:05:00+00:00,2025-02-18 22:20:00+00:00,short,94934.27,95171.94,SL,-14.6256,716.6548,2.0
2025-02-18 22:25:00+00:00,2025-02-19 01:15:00+00:00,long,95399.95,95107.25,SL,-14.3331,702.3217,2.0
2025-02-19 01:55:00+00:00,2025-02-19 04:55:00+00:00,long,95479.99,95213.85,SL,-14.0464,688.2752,2.0
2025-02-19 05:45:00+00:00,2025-02-19 07:05:00+00:00,long,95336.23,95735.83,TP,27.531,715.8062,2.0
2025-02-19 09:40:00+00:00,2025-02-19 10:00:00+00:00,long,95870.68,96453.46,TP,28.6322,744.4385,2.0
2025-02-19 12:05:00+00:00,2025-02-19 12:30:00+00:00,long,96481.6,96283.94,SL,-14.8888,729.5497,2.0
2025-02-19 13:40:00+00:00,2025-02-19 14:00:00+00:00,long,96367.11,96111.8,SL,-14.591,714.9587,2.0
2025-02-19 14:30:00+00:00,2025-02-19 14:35:00+00:00,long,96641.46,96436.88,SL,-14.2992,700.6596,2.0
2025-02-19 15:30:00+00:00,2025-02-19 15:45:00+00:00,long,96392.01,96192.01,SL,-14.0132,686.6464,2.0
2025-02-19 17:40:00+00:00,2025-02-19 18:05:00+00:00,long,96435.52,96152.74,SL,-13.7329,672.9134,2.0
2025-02-19 19:20:00+00:00,2025-02-19 20:15:00+00:00,long,96054.98,96447.68,TP,26.9165,699.83,2.0
2025-02-19 21:20:00+00:00,2025-02-20 00:55:00+00:00,long,96440.8,96853.98,TP,27.9932,727.8232,2.0
2025-02-20 02:05:00+00:00,2025-02-20 03:00:00+00:00,long,96850.0,97310.51,TP,29.1129,756.9361,2.0
2025-02-20 04:25:00+00:00,2025-02-20 05:25:00+00:00,long,97250.0,97035.06,SL,-15.1387,741.7974,2.0
2025-02-20 06:55:00+00:00,2025-02-20 10:50:00+00:00,long,96907.99,97299.99,TP,29.6719,771.4693,2.0
2025-02-20 12:05:00+00:00,2025-02-20 14:15:00+00:00,long,97453.73,97849.0,TP,30.8588,802.328,2.0
2025-02-20 16:10:00+00:00,2025-02-20 16:35:00+00:00,long,97413.51,97847.75,TP,32.0931,834.4212,2.0
2025-02-20 20:20:00+00:00,2025-02-20 20:35:00+00:00,long,98691.99,98477.48,SL,-16.6884,817.7327,2.0
2025-02-20 22:30:00+00:00,2025-02-21 09:15:00+00:00,long,98255.62,98873.97,TP,32.7093,850.442,2.0
2025-02-21 10:10:00+00:00,2025-02-21 12:25:00+00:00,long,98431.59,98862.79,TP,34.0177,884.4597,2.0
2025-02-21 15:10:00+00:00,2025-02-21 15:20:00+00:00,long,99195.06,98290.92,SL,-17.6892,866.7705,2.0
2025-02-21 16:10:00+00:00,2025-02-21 16:25:00+00:00,long,98587.99,98301.89,SL,-17.3354,849.4351,2.0
2025-02-21 17:15:00+00:00,2025-02-21 17:35:00+00:00,short,97987.52,97254.32,TP,33.9774,883.4125,2.0
2025-02-21 18:55:00+00:00,2025-02-21 19:15:00+00:00,short,96543.52,96111.12,TP,35.3365,918.749,2.0
2025-02-22 00:10:00+00:00,2025-02-22 00:45:00+00:00,short,95986.51,96204.51,SL,-18.375,900.374,2.0
2025-02-22 01:50:00+00:00,2025-02-22 05:30:00+00:00,short,96297.69,96492.51,SL,-18.0075,882.3666,2.0
2025-02-22 06:10:00+00:00,2025-02-22 12:30:00+00:00,short,96490.56,96731.68,SL,-17.6473,864.7192,2.0
2025-02-22 15:45:00+00:00,2025-02-22 18:50:00+00:00,long,96632.61,96430.68,SL,-17.2944,847.4248,2.0
2025-02-22 19:30:00+00:00,2025-02-23 01:35:00+00:00,long,96610.86,96415.1,SL,-16.9485,830.4764,2.0
2025-02-23 03:55:00+00:00,2025-02-23 12:10:00+00:00,short,96414.0,96016.39,TP,33.2191,863.6954,2.0
2025-02-23 14:40:00+00:00,2025-02-23 15:55:00+00:00,short,95836.0,95436.18,TP,34.5478,898.2432,2.0
2025-02-23 17:10:00+00:00,2025-02-23 17:35:00+00:00,short,95343.98,95560.5,SL,-17.9649,880.2784,2.0
2025-02-23 19:15:00+00:00,2025-02-23 23:00:00+00:00,short,95759.74,96065.55,SL,-17.6056,862.6728,2.0
2025-02-24 02:35:00+00:00,2025-02-24 02:55:00+00:00,long,96053.82,95829.35,SL,-17.2535,845.4193,2.0
2025-02-24 07:20:00+00:00,2025-02-24 09:25:00+00:00,short,95797.99,96019.5,SL,-16.9084,828.5109,2.0
2025-02-24 10:05:00+00:00,2025-02-24 12:35:00+00:00,short,95709.48,95929.99,SL,-16.5702,811.9407,2.0
2025-02-24 13:20:00+00:00,2025-02-24 13:55:00+00:00,long,95900.01,95594.57,SL,-16.2388,795.7019,2.0
2025-02-24 18:00:00+00:00,2025-02-24 18:15:00+00:00,short,94623.22,94816.9,SL,-15.914,779.7879,2.0
2025-02-24 21:00:00+00:00,2025-02-24 21:20:00+00:00,short,93900.01,94106.09,SL,-15.5958,764.1921,2.0
2025-02-24 22:00:00+00:00,2025-02-24 22:10:00+00:00,short,93603.02,93166.07,TP,30.5677,794.7598,2.0
2025-02-25 03:20:00+00:00,2025-02-25 03:40:00+00:00,short,92030.0,92294.14,SL,-15.8952,778.8646,2.0
2025-02-25 04:00:00+00:00,2025-02-25 04:15:00+00:00,short,92002.01,92209.56,SL,-15.5773,763.2873,2.0
2025-02-25 05:25:00+00:00,2025-02-25 06:30:00+00:00,short,91918.42,91500.04,TP,30.5315,793.8188,2.0
2025-02-25 09:25:00+00:00,2025-02-25 09:30:00+00:00,short,88650.0,88880.0,SL,-15.8764,777.9424,2.0
2025-02-25 12:50:00+00:00,2025-02-25 12:55:00+00:00,short,89037.64,89395.98,SL,-15.5588,762.3836,2.0
2025-02-25 13:20:00+00:00,2025-02-25 14:20:00+00:00,short,89150.95,88616.0,TP,30.4953,792.8789,2.0
2025-02-25 18:25:00+00:00,2025-02-25 18:35:00+00:00,short,86943.4,87438.73,SL,-15.8576,777.0213,2.0
2025-02-25 18:55:00+00:00,2025-02-25 19:10:00+00:00,short,87070.07,86716.98,TP,31.0809,808.1022,2.0
2025-02-25 21:00:00+00:00,2025-02-25 21:05:00+00:00,short,88344.76,87963.11,TP,32.3241,840.4263,2.0
2025-02-25 22:35:00+00:00,2025-02-25 22:45:00+00:00,short,88657.24,88844.85,SL,-16.8085,823.6178,2.0
2025-02-26 07:35:00+00:00,2025-02-26 09:15:00+00:00,short,88588.58,88865.66,SL,-16.4724,807.1454,2.0
2025-02-26 10:35:00+00:00,2025-02-26 11:25:00+00:00,long,89137.07,88947.27,SL,-16.1429,791.0025,2.0
2025-02-26 13:50:00+00:00,2025-02-26 13:55:00+00:00,short,87570.0,87191.99,TP,31.6401,822.6426,2.0
2025-02-26 16:05:00+00:00,2025-02-26 16:15:00+00:00,short,87219.73,86585.38,TP,32.9057,855.5483,2.0
2025-02-26 17:30:00+00:00,2025-02-26 17:50:00+00:00,short,86598.02,85979.86,TP,34.2219,889.7702,2.0
2025-02-26 20:10:00+00:00,2025-02-26 20:15:00+00:00,short,83160.54,82330.31,TP,35.5908,925.361,2.0
2025-02-26 22:40:00+00:00,2025-02-26 22:45:00+00:00,short,84295.25,84697.96,SL,-18.5072,906.8538,2.0
2025-02-26 22:55:00+00:00,2025-02-26 23:00:00+00:00,short,84433.51,84687.98,SL,-18.1371,888.7167,2.0
2025-02-26 23:05:00+00:00,2025-02-26 23:20:00+00:00,short,84512.26,84081.56,TP,35.5487,924.2654,2.0
2025-02-27 02:00:00+00:00,2025-02-27 02:15:00+00:00,short,84772.21,84945.16,SL,-18.4853,905.7801,2.0
2025-02-27 04:15:00+00:00,2025-02-27 04:40:00+00:00,short,84813.34,85028.74,SL,-18.1156,887.6645,2.0
2025-02-27 09:35:00+00:00,2025-02-27 10:50:00+00:00,long,86231.02,86777.04,TP,35.5066,923.1711,2.0
2025-02-27 13:35:00+00:00,2025-02-27 13:45:00+00:00,long,86676.0,86183.91,SL,-18.4634,904.7077,2.0
2025-02-27 16:25:00+00:00,2025-02-27 16:50:00+00:00,short,84918.01,84536.81,TP,36.1883,940.896,2.0
2025-02-27 19:10:00+00:00,2025-02-27 19:30:00+00:00,short,84245.48,83685.86,TP,37.6358,978.5318,2.0
2025-02-27 22:30:00+00:00,2025-02-27 22:35:00+00:00,short,84018.87,84207.54,SL,-19.5706,958.9612,2.0
2025-02-28 00:05:00+00:00,2025-02-28 00:45:00+00:00,short,84735.84,84299.78,TP,38.3584,997.3196,2.0
2025-02-28 05:30:00+00:00,2025-02-28 05:40:00+00:00,short,79646.53,79889.18,SL,-19.9464,977.3732,2.0
2025-02-28 05:50:00+00:00,2025-02-28 05:55:00+00:00,short,79387.99,79973.79,SL,-19.5475,957.8258,2.0
2025-02-28 06:45:00+00:00,2025-02-28 06:50:00+00:00,short,79268.11,79432.0,SL,-19.1565,938.6692,2.0
2025-02-28 07:40:00+00:00,2025-02-28 08:10:00+00:00,short,79242.97,78786.02,TP,37.5468,976.216,2.0
2025-02-28 10:15:00+00:00,2025-02-28 10:45:00+00:00,short,79902.56,80177.62,SL,-19.5243,956.6917,2.0
2025-02-28 12:00:00+00:00,2025-02-28 12:50:00+00:00,short,80312.7,80564.65,SL,-19.1338,937.5579,2.0
2025-02-28 14:30:00+00:00,2025-02-28 14:35:00+00:00,short,81120.0,81915.37,SL,-18.7512,918.8067,2.0
2025-02-28 14:40:00+00:00,2025-02-28 14:50:00+00:00,long,82332.8,82119.47,SL,-18.3761,900.4306,2.0
2025-02-28 18:35:00+00:00,2025-02-28 18:50:00+00:00,long,84565.68,84944.16,TP,36.0172,936.4478,2.0
2025-02-28 21:10:00+00:00,2025-02-28 21:25:00+00:00,long,84424.58,84251.3,SL,-18.729,917.7188,2.0
2025-02-28 23:30:00+00:00,2025-03-01 00:10:00+00:00,long,84185.18,84536.52,TP,36.7088,954.4276,2.0
2025-03-01 01:40:00+00:00,2025-03-01 02:25:00+00:00,long,84518.86,85088.35,TP,38.1771,992.6047,2.0
2025-03-01 04:05:00+00:00,2025-03-01 04:25:00+00:00,long,85571.41,85957.55,TP,39.7042,1032.3089,2.0
2025-03-01 07:30:00+00:00,2025-03-01 07:35:00+00:00,long,85000.0,84791.34,SL,-25.8077,1006.5012,2.5
2025-03-01 08:00:00+00:00,2025-03-01 09:05:00+00:00,long,85000.0,85348.01,TP,50.3251,1056.8262,2.5
2025-03-01 09:55:00+00:00,2025-03-01 10:00:00+00:00,long,85380.0,85160.01,SL,-26.4207,1030.4056,2.5
2025-03-01 13:20:00+00:00,2025-03-01 14:00:00+00:00,short,84458.22,84632.99,SL,-25.7601,1004.6454,2.5
2025-03-01 15:50:00+00:00,2025-03-01 16:50:00+00:00,long,84773.59,85125.93,TP,50.2323,1054.8777,2.5
2025-03-01 17:45:00+00:00,2025-03-01 18:10:00+00:00,long,85320.99,85140.03,SL,-26.3719,1028.5058,2.5
2025-03-01 18:55:00+00:00,2025-03-01 21:45:00+00:00,long,85327.57,85763.0,TP,51.4253,1079.931,2.5
2025-03-01 22:45:00+00:00,2025-03-01 23:05:00+00:00,long,86110.42,85873.72,SL,-26.9983,1052.9328,2.5
2025-03-02 00:00:00+00:00,2025-03-02 00:20:00+00:00,long,86062.81,85859.28,SL,-26.3233,1026.6094,2.5
2025-03-02 00:35:00+00:00,2025-03-02 00:55:00+00:00,long,86204.03,86026.62,SL,-25.6652,1000.9442,2.5
2025-03-02 01:55:00+00:00,2025-03-02 02:20:00+00:00,long,86354.93,86135.72,SL,-25.0236,975.9206,2.5
2025-03-02 03:40:00+00:00,2025-03-02 04:00:00+00:00,long,85949.29,85747.99,SL,-19.5184,956.4022,2.0
2025-03-02 04:45:00+00:00,2025-03-02 06:20:00+00:00,long,85781.98,86125.12,TP,38.2561,994.6583,2.0
2025-03-02 09:20:00+00:00,2025-03-02 11:30:00+00:00,long,85833.95,86220.22,TP,39.7863,1034.4446,2.0
2025-03-02 12:55:00+00:00,2025-03-02 13:15:00+00:00,long,85986.18,85716.99,SL,-25.8611,1008.5835,2.5
2025-03-02 14:00:00+00:00,2025-03-02 14:05:00+00:00,long,85881.6,85625.99,SL,-25.2146,983.3689,2.5
2025-03-02 20:15:00+00:00,2025-03-02 20:55:00+00:00,long,93947.74,94330.0,TP,39.3348,1022.7037,2.0
2025-03-02 22:25:00+00:00,2025-03-02 22:30:00+00:00,long,94342.01,94130.0,SL,-25.5676,997.1361,2.5
2025-03-02 22:50:00+00:00,2025-03-02 22:55:00+00:00,long,94459.98,94247.4,SL,-19.9427,977.1934,2.0
2025-03-02 23:00:00+00:00,2025-03-02 23:10:00+00:00,long,94694.3,94498.5,SL,-19.5439,957.6495,2.0
2025-03-03 01:55:00+00:00,2025-03-03 02:05:00+00:00,long,93084.64,92881.99,SL,-19.153,938.4965,2.0
2025-03-03 02:30:00+00:00,2025-03-03 02:45:00+00:00,long,92843.97,93243.23,TP,37.5399,976.0364,2.0
2025-03-03 03:50:00+00:00,2025-03-03 05:35:00+00:00,long,92822.75,93209.99,TP,39.0415,1015.0778,2.0
2025-03-03 07:30:00+00:00,2025-03-03 08:20:00+00:00,long,92123.99,91821.98,SL,-25.3769,989.7009,2.5
2025-03-03 08:30:00+00:00,2025-03-03 08:50:00+00:00,short,91862.0,91271.77,TP,39.588,1029.2889,2.0
2025-03-03 12:00:00+00:00,2025-03-03 12:15:00+00:00,long,93200.01,92950.62,SL,-25.7322,1003.5567,2.5
2025-03-03 13:40:00+00:00,2025-03-03 13:50:00+00:00,long,93642.06,93363.25,SL,-25.0889,978.4678,2.5
2025-03-03 18:05:00+00:00,2025-03-03 18:10:00+00:00,short,89754.72,89377.36,TP,39.1387,1017.6065,2.0
2025-03-03 19:55:00+00:00,2025-03-03 20:00:00+00:00,short,85606.0,85942.42,SL,-25.4402,992.1663,2.5
2025-03-03 23:50:00+00:00,2025-03-04 00:15:00+00:00,short,86278.5,86561.35,SL,-19.8433,972.323,2.0
2025-03-04 00:30:00+00:00,2025-03-04 01:00:00+00:00,short,86114.28,85708.42,TP,38.8929,1011.2159,2.0
2025-03-04 04:50:00+00:00,2025-03-04 05:00:00+00:00,short,83612.0,84026.0,SL,-25.2804,985.9355,2.5
2025-03-04 06:20:00+00:00,2025-03-04 06:40:00+00:00,short,84128.0,83739.51,TP,39.4374,1025.3729,2.0
2025-03-04 10:00:00+00:00,2025-03-04 10:45:00+00:00,short,83761.71,84000.0,SL,-25.6343,999.7386,2.5
2025-03-04 11:20:00+00:00,2025-03-04 11:25:00+00:00,short,83786.66,84036.94,SL,-19.9948,979.7438,2.0
2025-03-04 11:40:00+00:00,2025-03-04 12:15:00+00:00,short,83941.59,83532.54,TP,39.1898,1018.9336,2.0
2025-03-04 13:00:00+00:00,2025-03-04 13:15:00+00:00,short,83571.87,83159.81,TP,50.9467,1069.8803,2.5
2025-03-04 14:15:00+00:00,2025-03-04 14:20:00+00:00,short,82700.24,82885.08,SL,-26.747,1043.1333,2.5
2025-03-04 15:05:00+00:00,2025-03-04 15:15:00+00:00,short,82699.99,82188.72,TP,52.1567,1095.2899,2.5
2025-03-04 16:25:00+00:00,2025-03-04 16:30:00+00:00,short,82252.84,82420.34,SL,-27.3822,1067.9077,2.5
2025-03-04 18:50:00+00:00,2025-03-04 18:55:00+00:00,long,86370.59,86764.24,TP,53.3954,1121.3031,2.5
2025-03-05 01:10:00+00:00,2025-03-05 01:25:00+00:00,long,86842.21,87276.66,TP,56.0652,1177.3682,2.5
2025-03-05 02:45:00+00:00,2025-03-05 03:55:00+00:00,long,87553.69,86843.4,SL,-29.4342,1147.934,2.5
2025-03-05 05:10:00+00:00,2025-03-05 05:20:00+00:00,long,87113.59,86931.42,SL,-28.6984,1119.2357,2.5
2025-03-05 09:05:00+00:00,2025-03-05 09:25:00+00:00,long,88189.79,88621.21,TP,55.9618,1175.1974,2.5
2025-03-05 10:20:00+00:00,2025-03-05 10:25:00+00:00,long,88837.82,89612.02,TP,58.7599,1233.9573,2.5
2025-03-05 12:15:00+00:00,2025-03-05 12:20:00+00:00,long,90598.87,90271.35,SL,-30.8489,1203.1084,2.5
2025-03-05 15:50:00+00:00,2025-03-05 15:55:00+00:00,long,88621.05,88344.25,SL,-30.0777,1173.0307,2.5
2025-03-05 16:05:00+00:00,2025-03-05 16:30:00+00:00,short,88058.1,87701.94,TP,58.6515,1231.6822,2.5
2025-03-05 19:00:00+00:00,2025-03-05 19:15:00+00:00,long,90017.62,89620.27,SL,-30.7921,1200.8901,2.5
2025-03-05 20:05:00+00:00,2025-03-05 20:15:00+00:00,long,90218.7,89834.28,SL,-30.0223,1170.8679,2.5
2025-03-05 20:30:00+00:00,2025-03-05 23:30:00+00:00,long,90199.99,90672.89,TP,58.5434,1229.4113,2.5
2025-03-06 01:25:00+00:00,2025-03-06 01:45:00+00:00,long,90340.0,91847.37,TP,61.4706,1290.8818,2.5
2025-03-06 04:40:00+00:00,2025-03-06 05:40:00+00:00,long,92126.29,92536.03,TP,64.5441,1355.4259,2.5
2025-03-06 08:20:00+00:00,2025-03-06 08:45:00+00:00,long,91496.5,91222.67,SL,-33.8856,1321.5403,2.5
2025-03-06 13:55:00+00:00,2025-03-06 14:00:00+00:00,short,89569.13,89763.75,SL,-33.0385,1288.5018,2.5
2025-03-06 14:40:00+00:00,2025-03-06 14:45:00+00:00,short,89293.24,89725.97,SL,-32.2125,1256.2892,2.5
2025-03-06 21:40:00+00:00,2025-03-06 21:50:00+00:00,short,89240.58,89431.75,SL,-31.4072,1224.882,2.5
2025-03-06 21:55:00+00:00,2025-03-06 22:00:00+00:00,long,89939.0,90516.94,TP,61.2441,1286.1261,2.5
2025-03-06 22:30:00+00:00,2025-03-06 22:35:00+00:00,short,89783.27,89979.89,SL,-32.1532,1253.973,2.5
2025-03-06 22:40:00+00:00,2025-03-06 23:05:00+00:00,long,90385.14,90150.94,SL,-31.3493,1222.6236,2.5
2025-03-07 02:55:00+00:00,2025-03-07 03:05:00+00:00,short,87235.0,87618.0,SL,-30.5656,1192.058,2.5
2025-03-07 03:30:00+00:00,2025-03-07 03:45:00+00:00,short,87387.13,86800.0,TP,59.6029,1251.6609,2.5
2025-03-07 06:10:00+00:00,2025-03-07 07:05:00+00:00,short,88092.39,88447.9,SL,-31.2915,1220.3694,2.5
2025-03-07 07:35:00+00:00,2025-03-07 07:55:00+00:00,short,88177.03,88365.18,SL,-30.5092,1189.8602,2.5
2025-03-07 13:05:00+00:00,2025-03-07 13:30:00+00:00,long,89380.22,89800.83,TP,59.493,1249.3532,2.5
2025-03-07 14:45:00+00:00,2025-03-07 14:55:00+00:00,long,90676.91,90440.74,SL,-31.2338,1218.1194,2.5
2025-03-07 19:30:00+00:00,2025-03-07 19:40:00+00:00,short,88278.65,87877.92,TP,60.906,1279.0253,2.5
2025-03-08 01:05:00+00:00,2025-03-08 01:15:00+00:00,short,86568.6,86150.4,TP,63.9513,1342.9766,2.5
2025-03-08 03:10:00+00:00,2025-03-08 03:30:00+00:00,short,85653.13,85889.49,SL,-33.5744,1309.4022,2.5
2025-03-08 05:25:00+00:00,2025-03-08 06:05:00+00:00,short,86225.09,86522.82,SL,-32.7351,1276.6671,2.5
2025-03-08 06:45:00+00:00,2025-03-08 07:00:00+00:00,short,86343.67,86521.84,SL,-31.9167,1244.7504,2.5
2025-03-08 09:45:00+00:00,2025-03-08 10:25:00+00:00,short,86017.54,86220.87,SL,-31.1188,1213.6317,2.5
2025-03-08 11:05:00+00:00,2025-03-08 12:20:00+00:00,short,85994.17,86187.72,SL,-30.3408,1183.2909,2.5
2025-03-08 14:45:00+00:00,2025-03-08 15:25:00+00:00,short,86343.03,86550.0,SL,-29.5823,1153.7086,2.5
2025-03-08 15:50:00+00:00,2025-03-08 16:20:00+00:00,short,86412.27,86007.3,TP,57.6854,1211.3941,2.5
2025-03-08 19:15:00+00:00,2025-03-08 19:25:00+00:00,short,85905.03,86330.01,SL,-30.2849,1181.1092,2.5
2025-03-08 20:25:00+00:00,2025-03-08 21:15:00+00:00,short,86204.41,86398.56,SL,-29.5277,1151.5815,2.5
2025-03-08 21:40:00+00:00,2025-03-08 22:20:00+00:00,short,86314.8,85947.89,TP,57.5791,1209.1605,2.5
2025-03-08 22:55:00+00:00,2025-03-08 23:35:00+00:00,long,86350.0,86144.0,SL,-30.229,1178.9315,2.5
2025-03-08 23:40:00+00:00,2025-03-09 00:10:00+00:00,short,86133.99,86321.99,SL,-29.4733,1149.4582,2.5
2025-03-09 01:25:00+00:00,2025-03-09 06:00:00+00:00,short,86297.17,85929.95,TP,57.4729,1206.9312,2.5
2025-03-09 07:00:00+00:00,2025-03-09 07:25:00+00:00,short,85896.11,86100.0,SL,-30.1733,1176.7579,2.5
2025-03-09 08:05:00+00:00,2025-03-09 09:55:00+00:00,short,85959.79,85564.0,TP,58.8379,1235.5958,2.5
2025-03-09 12:05:00+00:00,2025-03-09 12:15:00+00:00,short,84319.07,84555.58,SL,-30.8899,1204.7059,2.5
2025-03-09 12:30:00+00:00,2025-03-09 12:35:00+00:00,short,84442.42,84686.14,SL,-30.1176,1174.5882,2.5
2025-03-09 13:20:00+00:00,2025-03-09 13:25:00+00:00,short,84302.01,84552.5,SL,-29.3647,1145.2235,2.5
2025-03-09 13:35:00+00:00,2025-03-09 13:50:00+00:00,short,84286.08,83931.68,TP,57.2612,1202.4847,2.5
2025-03-09 15:45:00+00:00,2025-03-09 16:05:00+00:00,short,82962.42,83166.83,SL,-30.0621,1172.4226,2.5
2025-03-09 16:35:00+00:00,2025-03-09 16:40:00+00:00,short,82727.85,82903.83,SL,-29.3106,1143.112,2.5
2025-03-09 19:10:00+00:00,2025-03-09 19:25:00+00:00,short,82441.18,82698.53,SL,-28.5778,1114.5342,2.5
2025-03-09 21:00:00+00:00,2025-03-09 21:10:00+00:00,short,82953.99,82580.01,TP,55.7267,1170.2609,2.5
2025-03-10 00:35:00+00:00,2025-03-10 00:40:00+00:00,short,80214.85,80792.01,SL,-29.2565,1141.0044,2.5
2025-03-10 03:00:00+00:00,2025-03-10 03:10:00+00:00,short,82240.6,81909.37,TP,57.0502,1198.0546,2.5
2025-03-10 04:40:00+00:00,2025-03-10 04:50:00+00:00,short,82349.35,82599.99,SL,-29.9514,1168.1033,2.5
2025-03-10 05:05:00+00:00,2025-03-10 05:20:00+00:00,short,82467.83,82640.2,SL,-29.2026,1138.9007,2.5
2025-03-10 07:00:00+00:00,2025-03-10 07:05:00+00:00,long,82650.0,82459.99,SL,-28.4725,1110.4282,2.5
2025-03-10 07:25:00+00:00,2025-03-10 07:50:00+00:00,short,82116.0,82359.64,SL,-27.7607,1082.6675,2.5
2025-03-10 08:00:00+00:00,2025-03-10 08:30:00+00:00,short,82172.01,81802.0,TP,54.1334,1136.8008,2.5
2025-03-10 10:10:00+00:00,2025-03-10 10:25:00+00:00,short,82232.82,81864.27,TP,56.84,1193.6409,2.5
2025-03-10 16:20:00+00:00,2025-03-10 16:30:00+00:00,short,79493.22,79690.2,SL,-29.841,1163.7998,2.5
2025-03-10 18:55:00+00:00,2025-03-10 19:10:00+00:00,short,77655.26,78006.17,SL,-29.095,1134.7049,2.5
2025-03-10 20:45:00+00:00,2025-03-10 20:50:00+00:00,short,78865.86,79474.0,SL,-28.3676,1106.3372,2.5
2025-03-10 21:55:00+00:00,2025-03-10 22:40:00+00:00,short,79565.81,79219.1,TP,55.3169,1161.6541,2.5
2025-03-10 23:10:00+00:00,2025-03-10 23:45:00+00:00,short,79409.09,78947.11,TP,58.0827,1219.7368,2.5
2025-03-11 03:25:00+00:00,2025-03-11 03:45:00+00:00,short,79422.33,79603.05,SL,-30.4934,1189.2434,2.5
2025-03-11 04:15:00+00:00,2025-03-11 04:55:00+00:00,long,80029.97,79759.91,SL,-29.7311,1159.5123,2.5
2025-03-11 06:10:00+00:00,2025-03-11 06:35:00+00:00,long,80421.6,80218.13,SL,-28.9878,1130.5245,2.5
2025-03-11 08:10:00+00:00,2025-03-11 08:45:00+00:00,long,80811.51,81350.52,TP,56.5262,1187.0507,2.5
2025-03-11 13:35:00+00:00,2025-03-11 13:40:00+00:00,long,81410.18,81165.14,SL,-29.6763,1157.3744,2.5
2025-03-11 15:05:00+00:00,2025-03-11 15:50:00+00:00,long,80928.8,81334.77,TP,57.8687,1215.2432,2.5
2025-03-11 18:00:00+00:00,2025-03-11 18:10:00+00:00,long,81915.91,82433.76,TP,60.7622,1276.0053,2.5
2025-03-11 21:25:00+00:00,2025-03-11 21:35:00+00:00,long,83215.03,83029.74,SL,-31.9001,1244.1052,2.5
2025-03-12 00:15:00+00:00,2025-03-12 00:45:00+00:00,long,82834.71,82657.94,SL,-31.1026,1213.0026,2.5
2025-03-12 01:00:00+00:00,2025-03-12 01:40:00+00:00,long,82980.87,83346.4,TP,60.6501,1273.6527,2.5
2025-03-12 06:15:00+00:00,2025-03-12 07:30:00+00:00,short,81583.57,81801.79,SL,-31.8413,1241.8114,2.5
2025-03-12 11:00:00+00:00,2025-03-12 11:55:00+00:00,long,82634.09,83004.45,TP,62.0906,1303.9019,2.5
2025-03-12 17:50:00+00:00,2025-03-12 18:10:00+00:00,short,82103.32,82365.88,SL,-32.5975,1271.3044,2.5
2025-03-12 18:20:00+00:00,2025-03-12 19:15:00+00:00,long,82583.95,82941.3,TP,63.5652,1334.8696,2.5
2025-03-12 20:35:00+00:00,2025-03-12 21:50:00+00:00,long,83167.21,82882.99,SL,-33.3717,1301.4979,2.5
2025-03-12 22:10:00+00:00,2025-03-12 23:50:00+00:00,long,83405.71,83887.25,TP,65.0749,1366.5728,2.5
2025-03-13 01:35:00+00:00,2025-03-13 01:50:00+00:00,long,83711.58,84109.19,TP,68.3286,1434.9014,2.5
2025-03-13 03:20:00+00:00,2025-03-13 03:25:00+00:00,long,84159.37,83895.16,SL,-35.8725,1399.0289,2.5
2025-03-13 05:15:00+00:00,2025-03-13 05:35:00+00:00,long,83413.68,83180.61,SL,-34.9757,1364.0531,2.5
2025-03-13 05:40:00+00:00,2025-03-13 06:50:00+00:00,short,83094.68,83267.46,SL,-34.1013,1329.9518,2.5
2025-03-13 12:45:00+00:00,2025-03-13 13:25:00+00:00,short,82697.5,82908.5,SL,-33.2488,1296.703,2.5
2025-03-13 13:35:00+00:00,2025-03-13 13:50:00+00:00,short,82522.7,81914.39,TP,64.8352,1361.5382,2.5
2025-03-13 15:05:00+00:00,2025-03-13 15:35:00+00:00,short,81653.53,81083.93,TP,68.0769,1429.6151,2.5
2025-03-13 17:15:00+00:00,2025-03-13 17:45:00+00:00,short,80383.29,80010.5,TP,71.4808,1501.0958,2.5
2025-03-13 19:35:00+00:00,2025-03-13 20:15:00+00:00,short,80432.64,80638.58,SL,-37.5274,1463.5684,2.5
2025-03-13 20:45:00+00:00,2025-03-13 21:05:00+00:00,short,80302.03,80518.4,SL,-36.5892,1426.9792,2.5
2025-03-13 23:25:00+00:00,2025-03-14 00:30:00+00:00,short,81104.01,81344.0,SL,-35.6745,1391.3047,2.5
2025-03-14 01:15:00+00:00,2025-03-14 01:30:00+00:00,short,81292.93,81681.67,SL,-34.7826,1356.5221,2.5
2025-03-14 05:35:00+00:00,2025-03-14 06:25:00+00:00,long,82024.56,81850.0,SL,-33.9131,1322.6091,2.5
2025-03-14 07:15:00+00:00,2025-03-14 07:40:00+00:00,long,82032.56,82372.05,TP,66.1305,1388.7395,2.5
2025-03-14 10:40:00+00:00,2025-03-14 12:10:00+00:00,long,83023.87,83402.5,TP,69.437,1458.1765,2.5
2025-03-14 12:20:00+00:00,2025-03-14 13:50:00+00:00,long,83387.25,83839.0,TP,72.9088,1531.0853,2.5
2025-03-14 14:55:00+00:00,2025-03-14 15:00:00+00:00,long,83524.8,83991.65,TP,76.5543,1607.6396,2.5
2025-03-14 18:35:00+00:00,2025-03-14 20:05:00+00:00,long,84617.71,84393.61,SL,-40.191,1567.4486,2.5
2025-03-14 21:20:00+00:00,2025-03-14 23:40:00+00:00,long,84286.02,83999.07,SL,-39.1862,1528.2624,2.5
2025-03-15 00:20:00+00:00,2025-03-15 01:10:00+00:00,long,84117.56,84463.7,TP,76.4131,1604.6755,2.5
2025-03-15 02:10:00+00:00,2025-03-15 06:05:00+00:00,long,84392.46,84184.99,SL,-40.1169,1564.5586,2.5
2025-03-15 09:20:00+00:00,2025-03-15 09:35:00+00:00,short,83721.66,83897.9,SL,-39.114,1525.4447,2.5
2025-03-15 10:25:00+00:00,2025-03-15 10:50:00+00:00,short,83720.66,83913.34,SL,-38.1361,1487.3085,2.5
2025-03-15 13:05:00+00:00,2025-03-16 01:30:00+00:00,long,84284.19,83968.88,SL,-37.1827,1450.1258,2.5
2025-03-16 07:35:00+00:00,2025-03-16 09:15:00+00:00,long,84314.81,84114.4,SL,-36.2531,1413.8727,2.5
2025-03-16 13:50:00+00:00,2025-03-16 14:00:00+00:00,short,82545.45,82891.84,SL,-35.3468,1378.5259,2.5
2025-03-16 18:20:00+00:00,2025-03-16 18:45:00+00:00,long,83962.66,83737.22,SL,-34.4631,1344.0627,2.5
2025-03-16 21:20:00+00:00,2025-03-16 22:05:00+00:00,short,82870.82,82404.05,TP,67.2031,1411.2659,2.5
2025-03-17 01:25:00+00:00,2025-03-17 01:35:00+00:00,short,82955.02,83150.0,SL,-35.2816,1375.9842,2.5
2025-03-17 02:10:00+00:00,2025-03-17 02:25:00+00:00,short,83049.2,83268.34,SL,-34.3996,1341.5846,2.5
2025-03-17 03:05:00+00:00,2025-03-17 04:00:00+00:00,long,83465.31,83839.7,TP,67.0792,1408.6638,2.5
2025-03-17 09:15:00+00:00,2025-03-17 10:10:00+00:00,long,83626.05,83386.68,SL,-35.2166,1373.4472,2.5
2025-03-17 11:20:00+00:00,2025-03-17 12:10:00+00:00,long,83580.85,83358.5,SL,-34.3362,1339.1111,2.5
2025-03-17 13:35:00+00:00,2025-03-17 13:40:00+00:00,long,83675.6,83423.19,SL,-33.4778,1305.6333,2.5
2025-03-17 14:00:00+00:00,2025-03-17 14:35:00+00:00,short,82835.52,83180.8,SL,-32.6408,1272.9925,2.5
2025-03-17 17:10:00+00:00,2025-03-17 17:30:00+00:00,long,83768.98,84194.03,TP,63.6496,1336.6421,2.5
2025-03-17 18:40:00+00:00,2025-03-17 20:00:00+00:00,long,84455.76,84250.0,SL,-33.4161,1303.226,2.5
2025-03-17 21:45:00+00:00,2025-03-17 23:10:00+00:00,long,84148.35,83972.24,SL,-32.5807,1270.6454,2.5
2025-03-17 23:45:00+00:00,2025-03-18 00:10:00+00:00,long,84106.99,83877.76,SL,-31.7661,1238.8792,2.5
2025-03-18 03:25:00+00:00,2025-03-18 06:15:00+00:00,short,83084.34,82733.17,TP,61.944,1300.8232,2.5
2025-03-18 09:05:00+00:00,2025-03-18 09:50:00+00:00,short,83294.37,82934.09,TP,65.0412,1365.8644,2.5
2025-03-18 11:05:00+00:00,2025-03-18 13:00:00+00:00,short,82693.09,82359.6,TP,68.2932,1434.1576,2.5
2025-03-18 16:05:00+00:00,2025-03-18 16:10:00+00:00,short,81549.83,81841.38,SL,-35.8539,1398.3036,2.5
2025-03-18 16:50:00+00:00,2025-03-18 18:00:00+00:00,short,81718.46,81376.18,TP,69.9152,1468.2188,2.5
2025-03-18 20:20:00+00:00,2025-03-18 22:10:00+00:00,short,82080.15,82274.49,SL,-36.7055,1431.5133,2.5
2025-03-19 00:25:00+00:00,2025-03-19 01:55:00+00:00,long,82930.55,82598.7,SL,-35.7878,1395.7255,2.5
2025-03-19 02:55:00+00:00,2025-03-19 05:50:00+00:00,long,82868.91,83267.97,TP,69.7863,1465.5118,2.5
2025-03-19 08:10:00+00:00,2025-03-19 10:30:00+00:00,long,83357.34,83760.35,TP,73.2756,1538.7874,2.5
2025-03-19 11:15:00+00:00,2025-03-19 12:20:00+00:00,long,83799.99,83619.45,SL,-38.4697,1500.3177,2.5
2025-03-19 13:10:00+00:00,2025-03-19 13:15:00+00:00,long,83911.9,84282.5,TP,75.0159,1575.3336,2.5
2025-03-19 14:55:00+00:00,2025-03-19 15:15:00+00:00,long,84318.59,84139.66,SL,-39.3833,1535.9502,2.5
2025-03-19 15:35:00+00:00,2025-03-19 15:50:00+00:00,long,84408.01,84817.88,TP,76.7975,1612.7478,2.5
2025-03-19 18:15:00+00:00,2025-03-19 18:25:00+00:00,long,84500.83,84267.98,SL,-40.3187,1572.4291,2.5
2025-03-19 20:00:00+00:00,2025-03-19 20:35:00+00:00,long,85680.88,85417.13,SL,-39.3107,1533.1183,2.5
2025-03-19 21:30:00+00:00,2025-03-19 21:40:00+00:00,long,85798.22,85584.91,SL,-38.328,1494.7904,2.5
2025-03-19 22:10:00+00:00,2025-03-19 22:40:00+00:00,long,85867.92,86351.91,TP,74.7395,1569.5299,2.5
2025-03-20 02:35:00+00:00,2025-03-20 04:25:00+00:00,long,85932.05,85747.08,SL,-39.2382,1530.2916,2.5
2025-03-20 05:40:00+00:00,2025-03-20 06:10:00+00:00,long,85609.89,85953.01,TP,76.5146,1606.8062,2.5
2025-03-20 07:05:00+00:00,2025-03-20 08:45:00+00:00,long,85847.38,86267.49,TP,80.3403,1687.1465,2.5
2025-03-20 12:45:00+00:00,2025-03-20 13:35:00+00:00,short,85272.73,85540.27,SL,-42.1787,1644.9679,2.5
2025-03-20 15:00:00+00:00,2025-03-20 15:05:00+00:00,short,85562.41,85912.77,SL,-41.1242,1603.8437,2.5
2025-03-20 21:10:00+00:00,2025-03-20 23:15:00+00:00,short,84336.95,83995.04,TP,80.1922,1684.0359,2.5
2025-03-21 01:25:00+00:00,2025-03-21 01:35:00+00:00,short,84383.59,84558.83,SL,-42.1009,1641.935,2.5
2025-03-21 02:15:00+00:00,2025-03-21 04:30:00+00:00,short,84574.53,84759.99,SL,-41.0484,1600.8866,2.5
2025-03-21 05:05:00+00:00,2025-03-21 06:15:00+00:00,short,84504.99,84122.65,TP,80.0443,1680.9309,2.5
2025-03-21 08:30:00+00:00,2025-03-21 08:50:00+00:00,short,83741.86,83981.45,SL,-42.0233,1638.9076,2.5
2025-03-21 10:25:00+00:00,2025-03-21 12:15:00+00:00,short,84040.1,84257.39,SL,-40.9727,1597.935,2.5
2025-03-21 12:35:00+00:00,2025-03-21 12:55:00+00:00,short,83890.25,83467.98,TP,79.8967,1677.8317,2.5
2025-03-21 15:10:00+00:00,2025-03-21 16:20:00+00:00,short,83820.62,84024.58,SL,-41.9458,1635.8859,2.5
2025-03-21 17:25:00+00:00,2025-03-21 17:40:00+00:00,short,83795.15,84076.06,SL,-40.8971,1594.9888,2.5
2025-03-21 19:00:00+00:00,2025-03-21 20:55:00+00:00,short,84024.4,84216.2,SL,-39.8747,1555.114,2.5
2025-03-22 00:15:00+00:00,2025-03-22 15:00:00+00:00,long,84158.78,83987.92,SL,-38.8779,1516.2362,2.5
2025-03-22 18:30:00+00:00,2025-03-22 23:30:00+00:00,short,84191.52,83814.38,TP,75.8118,1592.048,2.5
2025-03-23 01:55:00+00:00,2025-03-23 02:35:00+00:00,short,84067.56,84237.93,SL,-39.8012,1552.2468,2.5
2025-03-23 05:15:00+00:00,2025-03-23 10:40:00+00:00,long,84136.27,84499.99,TP,77.6123,1629.8591,2.5
2025-03-23 13:20:00+00:00,2025-03-23 16:10:00+00:00,long,84940.22,85307.52,TP,81.493,1711.3521,2.5
2025-03-23 17:00:00+00:00,2025-03-23 17:30:00+00:00,long,85376.63,85152.17,SL,-42.7838,1668.5683,2.5
2025-03-23 18:50:00+00:00,2025-03-23 22:05:00+00:00,long,85008.91,85383.84,TP,83.4284,1751.9967,2.5
2025-03-23 23:00:00+00:00,2025-03-23 23:55:00+00:00,long,85484.58,86082.5,TP,87.5998,1839.5965,2.5
2025-03-24 02:40:00+00:00,2025-03-24 03:10:00+00:00,long,85761.04,86213.87,TP,91.9798,1931.5764,2.5
2025-03-24 05:15:00+00:00,2025-03-24 07:30:00+00:00,long,87008.71,86776.9,SL,-48.2894,1883.287,2.5
2025-03-24 08:05:00+00:00,2025-03-24 08:45:00+00:00,long,87129.69,87498.99,TP,94.1643,1977.4513,2.5
2025-03-24 10:25:00+00:00,2025-03-24 10:50:00+00:00,long,87428.0,87837.56,TP,98.8726,2076.3239,2.5
2025-03-24 13:35:00+00:00,2025-03-24 14:00:00+00:00,long,87433.59,88090.83,TP,103.8162,2180.1401,2.5
2025-03-24 15:55:00+00:00,2025-03-24 16:15:00+00:00,long,88350.01,88147.45,SL,-54.5035,2125.6366,2.5
2025-03-24 17:15:00+00:00,2025-03-24 19:40:00+00:00,long,88246.0,88024.52,SL,-53.1409,2072.4957,2.5
2025-03-24 20:10:00+00:00,2025-03-24 20:30:00+00:00,long,88458.81,88265.49,SL,-51.8124,2020.6833,2.5
2025-03-24 21:25:00+00:00,2025-03-24 22:05:00+00:00,long,88198.09,87926.91,SL,-50.5171,1970.1662,2.5
2025-03-25 01:15:00+00:00,2025-03-25 02:50:00+00:00,short,87250.01,86863.55,TP,98.5083,2068.6745,2.5
2025-03-25 03:15:00+00:00,2025-03-25 06:30:00+00:00,short,86682.53,86867.8,SL,-51.7169,2016.9576,2.5
2025-03-25 06:45:00+00:00,2025-03-25 07:00:00+00:00,short,86537.3,86759.03,SL,-50.4239,1966.5337,2.5
2025-03-25 08:15:00+00:00,2025-03-25 08:20:00+00:00,short,86409.49,86624.14,SL,-49.1633,1917.3704,2.5
2025-03-25 10:15:00+00:00,2025-03-25 10:40:00+00:00,short,86984.81,87214.7,SL,-47.9343,1869.4361,2.5
2025-03-25 11:20:00+00:00,2025-03-25 12:30:00+00:00,long,87332.01,87156.11,SL,-46.7359,1822.7002,2.5
2025-03-25 13:15:00+00:00,2025-03-25 13:40:00+00:00,long,87651.76,87276.62,SL,-45.5675,1777.1327,2.5
2025-03-25 13:55:00+00:00,2025-03-25 14:40:00+00:00,long,87594.4,88152.47,TP,88.8566,1865.9893,2.5
2025-03-25 17:05:00+00:00,2025-03-25 17:20:00+00:00,long,88222.0,88044.23,SL,-46.6497,1819.3396,2.5
2025-03-25 19:05:00+00:00,2025-03-25 19:35:00+00:00,long,88064.94,87878.64,SL,-45.4835,1773.8561,2.5
2025-03-26 10:10:00+00:00,2025-03-26 12:15:00+00:00,long,88025.0,87829.66,SL,-44.3464,1729.5097,2.5
2025-03-26 13:40:00+00:00,2025-03-26 13:50:00+00:00,long,87800.0,87262.3,SL,-43.2377,1686.272,2.5
2025-03-26 16:55:00+00:00,2025-03-26 17:10:00+00:00,short,86513.99,86727.68,SL,-42.1568,1644.1152,2.5
2025-03-26 17:15:00+00:00,2025-03-26 17:35:00+00:00,short,86515.57,86696.87,SL,-41.1029,1603.0123,2.5
2025-03-26 18:45:00+00:00,2025-03-26 19:05:00+00:00,short,86403.57,86010.44,TP,80.1506,1683.1629,2.5
2025-03-26 21:15:00+00:00,2025-03-26 23:05:00+00:00,short,87087.99,86684.79,TP,84.1581,1767.321,2.5
2025-03-27 01:45:00+00:00,2025-03-27 05:50:00+00:00,long,87473.68,87278.47,SL,-44.183,1723.138,2.5
2025-03-27 06:15:00+00:00,2025-03-27 07:00:00+00:00,long,87463.89,87280.72,SL,-43.0784,1680.0596,2.5
2025-03-27 07:30:00+00:00,2025-03-27 10:45:00+00:00,long,87424.49,87164.88,SL,-42.0015,1638.0581,2.5
2025-03-27 12:55:00+00:00,2025-03-27 13:25:00+00:00,short,86761.05,86341.24,TP,81.9029,1719.961,2.5
2025-03-27 15:40:00+00:00,2025-03-27 15:50:00+00:00,short,86865.97,87079.99,SL,-42.999,1676.9619,2.5
2025-03-27 20:40:00+00:00,2025-03-27 21:30:00+00:00,long,87315.43,87695.65,TP,83.8481,1760.81,2.5
2025-03-28 00:40:00+00:00,2025-03-28 02:50:00+00:00,long,87209.57,87029.17,SL,-44.0203,1716.7898,2.5
2025-03-28 06:50:00+00:00,2025-03-28 07:30:00+00:00,short,85755.96,85376.56,TP,85.8395,1802.6293,2.5
2025-03-28 08:20:00+00:00,2025-03-28 08:45:00+00:00,short,85116.81,85395.59,SL,-45.0657,1757.5636,2.5
2025-03-28 10:55:00+00:00,2025-03-28 11:20:00+00:00,short,84941.49,85136.84,SL,-43.9391,1713.6245,2.5
2025-03-28 12:35:00+00:00,2025-03-28 12:40:00+00:00,short,84919.31,85116.94,SL,-42.8406,1670.7839,2.5
2025-03-28 12:55:00+00:00,2025-03-28 13:05:00+00:00,short,85028.27,85232.77,SL,-41.7696,1629.0143,2.5
2025-03-28 13:50:00+00:00,2025-03-28 14:05:00+00:00,short,84984.21,84423.73,TP,81.4507,1710.465,2.5
2025-03-28 16:10:00+00:00,2025-03-28 18:00:00+00:00,short,83891.33,84108.8,SL,-42.7616,1667.7033,2.5
2025-03-28 18:50:00+00:00,2025-03-28 20:35:00+00:00,short,83830.18,84008.16,SL,-41.6926,1626.0108,2.5
2025-03-28 21:00:00+00:00,2025-03-28 21:10:00+00:00,short,83758.92,83982.53,SL,-40.6503,1585.3605,2.5
2025-03-28 23:20:00+00:00,2025-03-28 23:50:00+00:00,short,84228.01,84413.0,SL,-39.634,1545.7265,2.5
2025-03-29 00:45:00+00:00,2025-03-29 02:40:00+00:00,short,84462.35,84047.76,TP,77.2863,1623.0128,2.5
2025-03-29 04:30:00+00:00,2025-03-29 07:05:00+00:00,short,84027.38,83690.29,TP,81.1506,1704.1634,2.5
2025-03-29 07:10:00+00:00,2025-03-29 08:35:00+00:00,short,83720.31,83916.23,SL,-42.6041,1661.5594,2.5
2025-03-29 09:20:00+00:00,2025-03-29 09:50:00+00:00,short,83803.83,83461.92,TP,83.078,1744.6373,2.5
2025-03-29 14:25:00+00:00,2025-03-29 16:55:00+00:00,short,82539.99,82198.43,TP,87.2319,1831.8692,2.5
2025-03-29 19:15:00+00:00,2025-03-29 19:55:00+00:00,short,82383.01,82758.4,SL,-45.7967,1786.0725,2.5
2025-03-29 20:45:00+00:00,2025-03-29 21:20:00+00:00,short,82447.82,82665.21,SL,-44.6518,1741.4206,2.5
2025-03-29 21:25:00+00:00,2025-03-30 00:05:00+00:00,short,82527.35,82694.16,SL,-43.5355,1697.8851,2.5
2025-03-30 00:35:00+00:00,2025-03-30 00:45:00+00:00,short,82503.38,82806.0,SL,-42.4471,1655.438,2.5
2025-03-30 02:05:00+00:00,2025-03-30 05:50:00+00:00,long,83174.59,83005.44,SL,-41.386,1614.0521,2.5
2025-03-30 06:40:00+00:00,2025-03-30 09:55:00+00:00,long,83163.86,83502.32,TP,80.7026,1694.7547,2.5
2025-03-30 11:15:00+00:00,2025-03-30 11:25:00+00:00,long,83334.0,83083.8,SL,-42.3689,1652.3858,2.5
2025-03-30 13:25:00+00:00,2025-03-30 16:30:00+00:00,short,82915.0,82431.05,TP,82.6193,1735.0051,2.5
2025-03-30 19:20:00+00:00,2025-03-30 21:40:00+00:00,short,82618.0,82273.46,TP,86.7503,1821.7553,2.5
2025-03-30 23:20:00+00:00,2025-03-30 23:35:00+00:00,short,82013.05,82199.58,SL,-45.5439,1776.2115,2.5
2025-03-31 00:20:00+00:00,2025-03-31 00:35:00+00:00,short,82053.29,81616.0,TP,88.8106,1865.022,2.5
2025-03-31 02:20:00+00:00,2025-03-31 02:40:00+00:00,short,81748.0,81940.01,SL,-46.6256,1818.3965,2.5
2025-03-31 03:15:00+00:00,2025-03-31 03:25:00+00:00,short,81603.01,81812.5,SL,-45.4599,1772.9366,2.5
2025-03-31 06:10:00+00:00,2025-03-31 09:05:00+00:00,short,82086.89,81718.39,TP,88.6468,1861.5834,2.5
2025-03-31 12:10:00+00:00,2025-03-31 12:30:00+00:00,short,82003.66,82201.95,SL,-46.5396,1815.0438,2.5
2025-03-31 12:40:00+00:00,2025-03-31 12:50:00+00:00,long,82491.32,82861.09,TP,90.7522,1905.796,2.5
2025-03-31 14:00:00+00:00,2025-03-31 14:10:00+00:00,long,82815.12,83338.48,TP,95.2898,2001.0858,2.5
2025-03-31 18:15:00+00:00,2025-03-31 19:25:00+00:00,long,83296.46,82937.86,SL,-50.0271,1951.0586,2.5
2025-03-31 20:30:00+00:00,2025-03-31 20:50:00+00:00,long,82763.99,82396.46,SL,-48.7765,1902.2822,2.5
2025-03-31 22:15:00+00:00,2025-03-31 23:00:00+00:00,short,82315.82,82519.36,SL,-47.5571,1854.7251,2.5
2025-04-01 01:05:00+00:00,2025-04-01 01:25:00+00:00,short,82470.01,82704.78,SL,-46.3681,1808.357,2.5
2025-04-01 01:50:00+00:00,2025-04-01 02:15:00+00:00,long,82663.19,83013.07,TP,90.4179,1898.7749,2.5
2025-04-01 04:35:00+00:00,2025-04-01 05:55:00+00:00,long,83187.34,83006.67,SL,-47.4694,1851.3055,2.5
2025-04-01 06:35:00+00:00,2025-04-01 08:05:00+00:00,long,83280.84,83625.69,TP,92.5653,1943.8708,2.5
2025-04-01 12:25:00+00:00,2025-04-01 12:35:00+00:00,long,84073.5,83850.01,SL,-48.5968,1895.274,2.5
2025-04-01 13:40:00+00:00,2025-04-01 14:00:00+00:00,long,83734.27,83313.78,SL,-47.3819,1847.8921,2.5
2025-04-01 14:40:00+00:00,2025-04-01 14:50:00+00:00,long,83507.99,84306.0,TP,92.3946,1940.2867,2.5
2025-04-01 18:55:00+00:00,2025-04-01 19:25:00+00:00,long,85126.68,84924.24,SL,-48.5072,1891.7796,2.5
2025-04-01 20:30:00+00:00,2025-04-01 21:35:00+00:00,long,85029.55,85476.0,TP,94.589,1986.3685,2.5
2025-04-01 22:15:00+00:00,2025-04-01 22:55:00+00:00,long,85354.35,85099.99,SL,-49.6592,1936.7093,2.5
2025-04-01 23:30:00+00:00,2025-04-01 23:45:00+00:00,long,85361.84,85157.57,SL,-48.4177,1888.2916,2.5
2025-04-02 01:35:00+00:00,2025-04-02 02:05:00+00:00,long,85079.91,84892.46,SL,-47.2073,1841.0843,2.5
2025-04-02 03:05:00+00:00,2025-04-02 03:35:00+00:00,long,84843.79,84561.31,SL,-46.0271,1795.0572,2.5
2025-04-02 04:35:00+00:00,2025-04-02 05:50:00+00:00,short,84503.72,84162.51,TP,89.7529,1884.8101,2.5
2025-04-02 12:35:00+00:00,2025-04-02 13:35:00+00:00,long,84785.01,85310.09,TP,94.2405,1979.0506,2.5
2025-04-02 14:55:00+00:00,2025-04-02 15:05:00+00:00,long,85877.75,86414.13,TP,98.9525,2078.0031,2.5
2025-04-02 19:30:00+00:00,2025-04-02 19:55:00+00:00,long,86428.01,86900.02,TP,103.9002,2181.9033,2.5
2025-04-02 22:05:00+00:00,2025-04-02 22:15:00+00:00,short,83938.92,83532.91,TP,109.0952,2290.9984,2.5
2025-04-03 02:20:00+00:00,2025-04-03 02:45:00+00:00,short,83496.21,83677.61,SL,-57.275,2233.7235,2.5
2025-04-03 03:00:00+00:00,2025-04-03 06:15:00+00:00,short,83632.01,83272.21,TP,111.6862,2345.4096,2.5
2025-04-03 09:10:00+00:00,2025-04-03 10:55:00+00:00,short,83605.9,83220.01,TP,117.2705,2462.6801,2.5
2025-04-03 14:45:00+00:00,2025-04-03 15:15:00+00:00,short,81539.28,81817.34,SL,-61.567,2401.1131,2.5
2025-04-03 16:50:00+00:00,2025-04-03 17:40:00+00:00,short,81822.01,82100.0,SL,-60.0278,2341.0853,2.5
2025-04-03 18:00:00+00:00,2025-04-03 18:40:00+00:00,short,81766.45,82148.68,SL,-58.5271,2282.5581,2.5
2025-04-03 19:30:00+00:00,2025-04-03 19:35:00+00:00,short,81959.83,82207.29,SL,-57.064,2225.4942,2.5
2025-04-03 19:55:00+00:00,2025-04-03 20:45:00+00:00,short,82008.7,82226.01,SL,-55.6374,2169.8568,2.5
2025-04-03 23:35:00+00:00,2025-04-03 23:45:00+00:00,long,82909.99,83284.68,TP,108.4928,2278.3497,2.5
2025-04-04 03:20:00+00:00,2025-04-04 03:30:00+00:00,long,83054.17,82773.99,SL,-56.9587,2221.3909,2.5
2025-04-04 04:30:00+00:00,2025-04-04 04:50:00+00:00,long,82916.35,82704.08,SL,-55.5348,2165.8562,2.5
2025-04-04 05:00:00+00:00,2025-04-04 05:10:00+00:00,short,82652.62,82823.32,SL,-54.1464,2111.7098,2.5
2025-04-04 07:10:00+00:00,2025-04-04 07:45:00+00:00,long,83522.84,83916.01,TP,105.5855,2217.2952,2.5
2025-04-04 13:35:00+00:00,2025-04-04 13:50:00+00:00,short,82412.07,82749.03,SL,-55.4324,2161.8629,2.5
2025-04-04 13:55:00+00:00,2025-04-04 14:05:00+00:00,long,83335.99,82833.99,SL,-54.0466,2107.8163,2.5
2025-04-04 14:30:00+00:00,2025-04-04 14:45:00+00:00,short,82415.99,81911.84,TP,105.3908,2213.2071,2.5
2025-04-04 15:00:00+00:00,2025-04-04 15:05:00+00:00,long,83341.84,82995.84,SL,-55.3302,2157.8769,2.5
2025-04-04 15:55:00+00:00,2025-04-04 16:05:00+00:00,short,82860.0,83082.01,SL,-53.9469,2103.93,2.5
2025-04-04 16:10:00+00:00,2025-04-04 16:15:00+00:00,long,83427.99,83128.96,SL,-52.5983,2051.3318,2.5
2025-04-04 16:20:00+00:00,2025-04-04 16:35:00+00:00,short,82876.99,83297.38,SL,-51.2833,2000.0485,2.5
2025-04-04 16:45:00+00:00,2025-04-04 17:35:00+00:00,long,83246.0,84171.62,TP,100.0024,2100.0509,2.5
2025-04-04 19:30:00+00:00,2025-04-04 19:35:00+00:00,long,84427.98,84248.0,SL,-52.5013,2047.5496,2.5
2025-04-04 20:50:00+00:00,2025-04-04 21:00:00+00:00,long,84250.96,84053.55,SL,-51.1887,1996.3609,2.5
2025-04-04 21:35:00+00:00,2025-04-04 22:45:00+00:00,long,84208.4,84023.1,SL,-49.909,1946.4519,2.5
2025-04-04 23:55:00+00:00,2025-04-05 00:05:00+00:00,long,83889.87,83679.05,SL,-48.6613,1897.7906,2.5
2025-04-05 00:15:00+00:00,2025-04-05 00:35:00+00:00,long,83831.73,83615.34,SL,-47.4448,1850.3458,2.5
2025-04-05 00:55:00+00:00,2025-04-05 01:20:00+00:00,long,83787.6,84151.2,TP,92.5173,1942.8631,2.5
2025-04-05 02:45:00+00:00,2025-04-05 03:05:00+00:00,long,84019.14,83819.42,SL,-48.5716,1894.2915,2.5
2025-04-05 04:15:00+00:00,2025-04-05 06:30:00+00:00,long,83761.44,83539.84,SL,-47.3573,1846.9342,2.5
2025-04-05 15:25:00+00:00,2025-04-05 17:20:00+00:00,short,82654.99,82864.25,SL,-46.1734,1800.7609,2.5
2025-04-05 19:15:00+00:00,2025-04-05 21:25:00+00:00,short,83039.89,83218.01,SL,-45.019,1755.7418,2.5
2025-04-05 21:45:00+00:00,2025-04-05 22:55:00+00:00,short,83011.72,83188.41,SL,-43.8935,1711.8483,2.5
2025-04-06 01:30:00+00:00,2025-04-06 01:40:00+00:00,long,83707.89,83485.01,SL,-42.7962,1669.0521,2.5
2025-04-06 03:50:00+00:00,2025-04-06 06:50:00+00:00,long,83351.46,83182.01,SL,-41.7263,1627.3258,2.5
2025-04-06 10:05:00+00:00,2025-04-06 13:35:00+00:00,short,82861.95,82479.0,TP,81.3663,1708.6921,2.5
2025-04-06 16:00:00+00:00,2025-04-06 16:55:00+00:00,short,82443.67,81970.0,TP,85.4346,1794.1267,2.5
2025-04-06 20:50:00+00:00,2025-04-06 21:00:00+00:00,short,78835.5,79013.78,SL,-44.8532,1749.2735,2.5
2025-04-06 22:05:00+00:00,2025-04-06 22:25:00+00:00,short,78780.0,79071.99,SL,-43.7318,1705.5417,2.5
2025-04-06 22:40:00+00:00,2025-04-06 22:50:00+00:00,short,78320.67,78004.01,TP,85.2771,1790.8188,2.5
2025-04-07 02:20:00+00:00,2025-04-07 03:00:00+00:00,short,78752.25,78417.34,TP,89.5409,1880.3597,2.5
2025-04-07 06:15:00+00:00,2025-04-07 06:25:00+00:00,short,76198.0,75817.99,TP,94.018,1974.3777,2.5
2025-04-07 09:20:00+00:00,2025-04-07 09:25:00+00:00,short,75939.99,76251.67,SL,-49.3594,1925.0182,2.5
2025-04-07 10:55:00+00:00,2025-04-07 11:00:00+00:00,short,76983.6,77236.01,SL,-48.1255,1876.8928,2.5
2025-04-07 13:20:00+00:00,2025-04-07 13:35:00+00:00,short,77065.01,76504.63,TP,93.8446,1970.7374,2.5
2025-04-07 13:55:00+00:00,2025-04-07 14:00:00+00:00,long,78365.47,78096.01,SL,-49.2684,1921.469,2.5
2025-04-07 17:20:00+00:00,2025-04-07 17:35:00+00:00,long,78396.37,78831.95,TP,96.0734,2017.5424,2.5
2025-04-07 20:20:00+00:00,2025-04-07 20:30:00+00:00,long,78534.08,78916.0,TP,100.8771,2118.4196,2.5
2025-04-07 21:45:00+00:00,2025-04-07 22:10:00+00:00,long,79287.28,79605.99,TP,105.921,2224.3405,2.5
2025-04-08 01:20:00+00:00,2025-04-08 01:35:00+00:00,long,79520.01,80359.99,TP,111.217,2335.5576,2.5
2025-04-08 04:20:00+00:00,2025-04-08 05:05:00+00:00,long,80151.0,79863.11,SL,-58.3889,2277.1686,2.5
2025-04-08 06:55:00+00:00,2025-04-08 08:05:00+00:00,long,79447.3,79248.07,SL,-56.9292,2220.2394,2.5
2025-04-08 08:10:00+00:00,2025-04-08 11:15:00+00:00,short,79060.01,79223.41,SL,-55.506,2164.7334,2.5
2025-04-08 13:05:00+00:00,2025-04-08 13:10:00+00:00,long,80230.03,80053.42,SL,-54.1183,2110.6151,2.5
2025-04-08 16:20:00+00:00,2025-04-08 16:25:00+00:00,short,77879.99,78119.81,SL,-52.7654,2057.8497,2.5
2025-04-08 19:10:00+00:00,2025-04-08 19:20:00+00:00,short,76789.99,76992.69,SL,-51.4462,2006.4035,2.5
2025-04-08 22:00:00+00:00,2025-04-08 23:25:00+00:00,short,76700.0,76352.01,TP,100.3202,2106.7236,2.5
2025-04-09 01:05:00+00:00,2025-04-09 01:10:00+00:00,short,75814.48,75316.03,TP,105.3362,2212.0598,2.5
2025-04-09 02:55:00+00:00,2025-04-09 03:40:00+00:00,short,75674.44,75281.09,TP,110.603,2322.6628,2.5
2025-04-09 07:05:00+00:00,2025-04-09 07:10:00+00:00,long,77313.13,77638.35,TP,116.1331,2438.796,2.5
2025-04-09 09:50:00+00:00,2025-04-09 10:20:00+00:00,long,77458.01,77260.0,SL,-60.9699,2377.8261,2.5
2025-04-09 16:10:00+00:00,2025-04-09 16:25:00+00:00,long,77760.99,77583.95,SL,-59.4457,2318.3804,2.5
2025-04-09 20:55:00+00:00,2025-04-09 21:35:00+00:00,long,83204.0,82901.7,SL,-57.9595,2260.4209,2.5
2025-04-10 01:05:00+00:00,2025-04-10 01:55:00+00:00,long,82452.11,82249.29,SL,-56.5105,2203.9104,2.5
2025-04-10 04:00:00+00:00,2025-04-10 04:10:00+00:00,long,81867.0,81691.72,SL,-55.0978,2148.8126,2.5
2025-04-10 08:25:00+00:00,2025-04-10 08:30:00+00:00,long,81768.4,81561.38,SL,-53.7203,2095.0923,2.5
2025-04-10 08:45:00+00:00,2025-04-10 09:00:00+00:00,long,81673.31,81466.9,SL,-52.3773,2042.715,2.5
2025-04-10 09:15:00+00:00,2025-04-10 10:40:00+00:00,long,81789.28,81606.18,SL,-51.0679,1991.6471,2.5
2025-04-10 11:35:00+00:00,2025-04-10 13:05:00+00:00,long,81772.7,81553.07,SL,-49.7912,1941.8559,2.5
2025-04-10 15:05:00+00:00,2025-04-10 15:10:00+00:00,short,81078.0,80718.05,TP,97.0928,2038.9487,2.5
2025-04-10 19:25:00+00:00,2025-04-10 19:30:00+00:00,short,79366.01,79545.06,SL,-50.9737,1987.975,2.5
2025-04-10 19:40:00+00:00,2025-04-10 19:50:00+00:00,short,79345.99,79700.82,SL,-49.6994,1938.2756,2.5
2025-04-10 21:15:00+00:00,2025-04-10 23:25:00+00:00,short,79803.72,79469.43,TP,96.9138,2035.1894,2.5
2025-04-11 00:20:00+00:00,2025-04-11 00:55:00+00:00,short,79528.36,79043.48,TP,101.7595,2136.9489,2.5
2025-04-11 03:55:00+00:00,2025-04-11 05:00:00+00:00,long,80842.99,80672.94,SL,-53.4237,2083.5252,2.5
2025-04-11 06:00:00+00:00,2025-04-11 07:35:00+00:00,long,80996.0,81336.23,TP,104.1763,2187.7014,2.5
2025-04-11 07:40:00+00:00,2025-04-11 08:00:00+00:00,long,81372.18,81208.79,SL,-54.6925,2133.0089,2.5
2025-04-11 08:35:00+00:00,2025-04-11 08:50:00+00:00,long,81702.27,81530.19,SL,-53.3252,2079.6837,2.5
2025-04-11 09:20:00+00:00,2025-04-11 09:30:00+00:00,long,81770.94,82224.35,TP,103.9842,2183.6679,2.5
2025-04-11 12:40:00+00:00,2025-04-11 12:45:00+00:00,long,82299.54,82106.2,SL,-54.5917,2129.0762,2.5
2025-04-11 13:30:00+00:00,2025-04-11 13:35:00+00:00,long,82450.5,83262.6,TP,106.4538,2235.53,2.5
2025-04-11 15:25:00+00:00,2025-04-11 15:35:00+00:00,long,82184.93,82667.76,TP,111.7765,2347.3065,2.5
2025-04-11 16:30:00+00:00,2025-04-11 17:20:00+00:00,long,82656.92,82990.01,TP,117.3653,2464.6718,2.5
2025-04-11 21:20:00+00:00,2025-04-11 21:25:00+00:00,long,84094.32,83910.01,SL,-61.6168,2403.055,2.5
2025-04-11 23:35:00+00:00,2025-04-12 01:15:00+00:00,long,83413.93,83209.6,SL,-60.0764,2342.9786,2.5
2025-04-12 02:05:00+00:00,2025-04-12 02:45:00+00:00,long,83247.93,82990.16,SL,-58.5745,2284.4042,2.5
2025-04-12 03:25:00+00:00,2025-04-12 05:15:00+00:00,long,83056.6,83433.97,TP,114.2202,2398.6244,2.5
2025-04-12 06:00:00+00:00,2025-04-12 07:45:00+00:00,long,83472.3,83812.75,TP,119.9312,2518.5556,2.5
2025-04-12 11:00:00+00:00,2025-04-12 12:35:00+00:00,long,83524.1,83923.04,TP,151.1133,2669.6689,3.0
2025-04-12 13:40:00+00:00,2025-04-12 14:05:00+00:00,long,84177.94,84714.81,TP,160.1801,2829.849,3.0
2025-04-12 15:30:00+00:00,2025-04-12 15:55:00+00:00,long,85216.47,85008.4,SL,-84.8955,2744.9536,3.0
2025-04-12 17:40:00+00:00,2025-04-12 19:15:00+00:00,long,84849.06,85195.07,TP,164.6972,2909.6508,3.0
2025-04-12 20:15:00+00:00,2025-04-12 20:35:00+00:00,long,85212.51,85632.0,TP,174.579,3084.2298,3.0
2025-04-13 00:05:00+00:00,2025-04-13 00:25:00+00:00,long,85391.3,85179.25,SL,-92.5269,2991.7029,3.0
2025-04-13 00:50:00+00:00,2025-04-13 01:50:00+00:00,long,85509.83,85209.17,SL,-89.7511,2901.9519,3.0
2025-04-13 02:55:00+00:00,2025-04-13 04:15:00+00:00,long,85302.22,84907.69,SL,-87.0586,2814.8933,3.0
2025-04-13 07:35:00+00:00,2025-04-13 09:25:00+00:00,short,84509.75,84766.44,SL,-84.4468,2730.4465,3.0
2025-04-13 10:20:00+00:00,2025-04-13 12:20:00+00:00,short,84677.72,84338.86,TP,163.8268,2894.2733,3.0
2025-04-13 12:25:00+00:00,2025-04-13 12:50:00+00:00,short,84283.01,84471.7,SL,-86.8282,2807.4451,3.0
2025-04-13 13:25:00+00:00,2025-04-13 13:50:00+00:00,short,84090.19,83613.54,TP,168.4467,2975.8918,3.0
2025-04-13 20:35:00+00:00,2025-04-13 21:20:00+00:00,short,83440.87,83699.32,SL,-89.2768,2886.615,3.0
2025-04-13 21:40:00+00:00,2025-04-13 21:50:00+00:00,short,83275.94,83585.99,SL,-86.5985,2800.0166,3.0
2025-04-14 02:25:00+00:00,2025-04-14 03:10:00+00:00,long,85026.6,84777.42,SL,-84.0005,2716.0161,3.0
2025-04-14 04:35:00+00:00,2025-04-14 05:05:00+00:00,long,84925.77,84721.71,SL,-81.4805,2634.5356,3.0
2025-04-14 06:40:00+00:00,2025-04-14 07:10:00+00:00,long,84541.74,84296.58,SL,-79.0361,2555.4995,3.0
2025-04-14 07:45:00+00:00,2025-04-14 09:10:00+00:00,long,84484.28,84868.75,TP,153.33,2708.8295,3.0
2025-04-14 10:25:00+00:00,2025-04-14 12:25:00+00:00,long,84628.9,85032.01,TP,162.5298,2871.3593,3.0
2025-04-14 14:25:00+00:00,2025-04-14 14:35:00+00:00,long,85074.28,85592.48,TP,172.2816,3043.6408,3.0
2025-04-14 15:10:00+00:00,2025-04-14 15:15:00+00:00,short,84560.55,84742.13,SL,-91.3092,2952.3316,3.0
2025-04-14 21:10:00+00:00,2025-04-14 21:20:00+00:00,long,84934.0,84754.71,SL,-88.5699,2863.7617,3.0
2025-04-14 22:55:00+00:00,2025-04-14 23:15:00+00:00,short,84500.01,84671.43,SL,-85.9129,2777.8488,3.0
2025-04-14 23:50:00+00:00,2025-04-15 00:30:00+00:00,short,84495.11,84727.03,SL,-83.3355,2694.5134,3.0
2025-04-15 03:00:00+00:00,2025-04-15 04:55:00+00:00,long,85111.48,85490.46,TP,161.6708,2856.1842,3.0
2025-04-15 07:20:00+00:00,2025-04-15 10:35:00+00:00,long,85759.29,85533.64,SL,-85.6855,2770.4986,3.0
2025-04-15 11:55:00+00:00,2025-04-15 13:35:00+00:00,long,85589.23,86080.23,TP,166.2299,2936.7286,3.0
2025-04-15 15:35:00+00:00,2025-04-15 17:50:00+00:00,short,84952.11,84479.52,TP,176.2037,3112.9323,3.0
2025-04-15 18:50:00+00:00,2025-04-15 20:50:00+00:00,short,84213.17,83834.64,TP,186.7759,3299.7082,3.0
2025-04-15 22:10:00+00:00,2025-04-16 00:05:00+00:00,short,83920.89,83458.43,TP,197.9825,3497.6907,3.0
2025-04-16 00:40:00+00:00,2025-04-16 01:45:00+00:00,short,83382.01,83624.02,SL,-104.9307,3392.76,3.0
2025-04-16 03:25:00+00:00,2025-04-16 04:40:00+00:00,short,83801.98,83465.76,TP,203.5656,3596.3256,3.0
2025-04-16 05:20:00+00:00,2025-04-16 05:40:00+00:00,short,83271.75,83464.91,SL,-107.8898,3488.4358,3.0
2025-04-16 07:20:00+00:00,2025-04-16 08:25:00+00:00,short,83391.39,83589.12,SL,-104.6531,3383.7827,3.0
2025-04-16 09:40:00+00:00,2025-04-16 10:15:00+00:00,short,83733.92,83927.13,SL,-101.5135,3282.2692,3.0
2025-04-16 11:25:00+00:00,2025-04-16 11:45:00+00:00,short,83873.82,84118.44,SL,-98.4681,3183.8012,3.0
2025-04-16 11:50:00+00:00,2025-04-16 12:45:00+00:00,long,84048.75,83813.34,SL,-95.514,3088.2871,3.0
2025-04-16 13:35:00+00:00,2025-04-16 13:50:00+00:00,long,84024.0,83693.78,SL,-92.6486,2995.6385,3.0
2025-04-16 13:55:00+00:00,2025-04-16 14:00:00+00:00,short,83736.37,83982.87,SL,-89.8692,2905.7694,3.0
2025-04-16 17:05:00+00:00,2025-04-16 17:30:00+00:00,long,85152.24,84911.99,SL,-87.1731,2818.5963,3.0
2025-04-16 21:50:00+00:00,2025-04-16 22:00:00+00:00,long,84643.35,84466.0,SL,-84.5579,2734.0384,3.0
2025-04-17 02:10:00+00:00,2025-04-17 05:15:00+00:00,short,84137.99,84318.84,SL,-82.0212,2652.0172,3.0
2025-04-17 07:25:00+00:00,2025-04-17 07:40:00+00:00,long,84934.3,84714.02,SL,-79.5605,2572.4567,3.0
2025-04-17 09:45:00+00:00,2025-04-17 10:10:00+00:00,long,84498.0,84238.99,SL,-77.1737,2495.283,3.0
2025-04-17 10:50:00+00:00,2025-04-17 11:45:00+00:00,long,84374.0,84737.07,TP,124.7642,2620.0472,2.5
2025-04-17 20:05:00+00:00,2025-04-17 22:45:00+00:00,long,85059.99,84825.54,SL,-78.6014,2541.4458,3.0
2025-04-17 23:25:00+00:00,2025-04-18 00:40:00+00:00,long,84980.54,84810.04,SL,-76.2434,2465.2024,3.0
2025-04-18 01:05:00+00:00,2025-04-18 03:05:00+00:00,long,84960.39,84772.33,SL,-61.6301,2403.5723,2.5
2025-04-18 03:50:00+00:00,2025-04-18 04:15:00+00:00,long,84818.4,84624.59,SL,-60.0893,2343.483,2.5
2025-04-18 05:00:00+00:00,2025-04-19 03:00:00+00:00,short,84634.76,84844.89,SL,-58.5871,2284.8959,2.5
2025-04-19 04:25:00+00:00,2025-04-19 06:40:00+00:00,long,85078.69,84900.0,SL,-57.1224,2227.7735,2.5
2025-04-19 07:20:00+00:00,2025-04-19 09:45:00+00:00,long,85089.52,85429.93,TP,111.3887,2339.1622,2.5
2025-04-19 11:50:00+00:00,2025-04-19 16:30:00+00:00,long,85205.63,85025.09,SL,-58.4791,2280.6832,2.5
2025-04-19 20:20:00+00:00,2025-04-20 06:40:00+00:00,long,85142.0,84969.98,SL,-57.0171,2223.6661,2.5
2025-04-20 09:35:00+00:00,2025-04-20 10:45:00+00:00,short,84536.83,84154.72,TP,111.1833,2334.8494,2.5
2025-04-20 13:15:00+00:00,2025-04-20 13:35:00+00:00,short,84188.75,84415.08,SL,-58.3712,2276.4782,2.5
2025-04-20 15:05:00+00:00,2025-04-20 19:45:00+00:00,short,84464.49,84637.66,SL,-56.912,2219.5662,2.5
2025-04-20 23:00:00+00:00,2025-04-21 00:15:00+00:00,long,85021.94,85475.01,TP,110.9783,2330.5445,2.5
2025-04-21 05:00:00+00:00,2025-04-21 11:10:00+00:00,long,87389.89,87148.8,SL,-58.2636,2272.2809,2.5
2025-04-21 12:00:00+00:00,2025-04-21 13:05:00+00:00,long,87084.9,86801.89,SL,-56.807,2215.4739,2.5
2025-04-21 13:25:00+00:00,2025-04-21 13:55:00+00:00,long,87238.17,87028.09,SL,-55.3868,2160.087,2.5
2025-04-21 15:15:00+00:00,2025-04-21 15:45:00+00:00,long,88306.56,88080.63,SL,-54.0022,2106.0849,2.5
2025-04-21 20:55:00+00:00,2025-04-21 21:05:00+00:00,long,87367.92,87170.5,SL,-52.6521,2053.4327,2.5
2025-04-21 21:45:00+00:00,2025-04-21 22:00:00+00:00,long,87284.5,87039.67,SL,-51.3358,2002.0969,2.5
2025-04-21 22:55:00+00:00,2025-04-21 23:50:00+00:00,long,87168.08,87539.08,TP,100.1048,2102.2018,2.5
2025-04-22 00:55:00+00:00,2025-04-22 01:15:00+00:00,long,87709.85,88373.77,TP,105.1101,2207.3118,2.5
2025-04-22 04:05:00+00:00,2025-04-22 04:55:00+00:00,long,88320.16,88056.79,SL,-55.1828,2152.1291,2.5
2025-04-22 05:35:00+00:00,2025-04-22 06:25:00+00:00,long,88305.89,88092.98,SL,-53.8032,2098.3258,2.5
2025-04-22 07:05:00+00:00,2025-04-22 11:20:00+00:00,long,88260.01,88619.25,TP,104.9163,2203.2421,2.5
2025-04-22 11:45:00+00:00,2025-04-22 13:00:00+00:00,long,88669.71,89152.85,TP,110.1621,2313.4042,2.5
2025-04-22 14:35:00+00:00,2025-04-22 15:00:00+00:00,long,90757.88,91179.19,TP,115.6702,2429.0744,2.5
2025-04-22 17:30:00+00:00,2025-04-22 18:55:00+00:00,long,91134.02,91504.36,TP,121.4537,2550.5282,2.5
2025-04-22 21:15:00+00:00,2025-04-22 21:30:00+00:00,long,91519.41,91324.01,SL,-76.5158,2474.0123,3.0
2025-04-22 23:25:00+00:00,2025-04-22 23:50:00+00:00,long,93591.55,93399.75,SL,-61.8503,2412.162,2.5
2025-04-23 02:25:00+00:00,2025-04-23 03:05:00+00:00,long,92999.11,92796.93,SL,-60.304,2351.858,2.5
2025-04-23 03:25:00+00:00,2025-04-23 04:45:00+00:00,long,92919.1,93370.27,TP,117.5929,2469.4509,2.5
2025-04-23 06:05:00+00:00,2025-04-23 07:55:00+00:00,long,93685.24,94133.82,TP,123.4725,2592.9234,2.5
2025-04-23 11:00:00+00:00,2025-04-23 11:35:00+00:00,long,93718.18,93500.0,SL,-77.7877,2515.1357,3.0
2025-04-23 12:05:00+00:00,2025-04-23 13:15:00+00:00,long,93624.81,94087.54,TP,150.9081,2666.0438,3.0
2025-04-23 18:05:00+00:00,2025-04-23 18:40:00+00:00,long,94024.0,93697.28,SL,-79.9813,2586.0625,3.0
2025-04-23 19:55:00+00:00,2025-04-23 22:05:00+00:00,long,93497.88,93300.0,SL,-77.5819,2508.4806,3.0
2025-04-23 22:35:00+00:00,2025-04-24 00:20:00+00:00,long,93600.5,93381.98,SL,-75.2544,2433.2262,3.0
2025-04-24 01:40:00+00:00,2025-04-24 02:40:00+00:00,long,93461.2,93250.49,SL,-60.8307,2372.3956,2.5
2025-04-24 06:10:00+00:00,2025-04-24 08:05:00+00:00,short,92506.66,92125.02,TP,118.6198,2491.0153,2.5
2025-04-24 11:05:00+00:00,2025-04-24 11:50:00+00:00,short,92383.62,92619.01,SL,-62.2754,2428.74,2.5
2025-04-24 13:45:00+00:00,2025-04-24 14:00:00+00:00,short,92636.49,93181.9,SL,-60.7185,2368.0215,2.5
2025-04-24 14:15:00+00:00,2025-04-24 14:35:00+00:00,short,92762.23,93016.91,SL,-59.2005,2308.8209,2.5
2025-04-24 14:40:00+00:00,2025-04-24 16:15:00+00:00,long,93138.59,93519.5,TP,115.441,2424.262,2.5
2025-04-24 18:05:00+00:00,2025-04-24 19:30:00+00:00,long,93168.99,93549.99,TP,121.2131,2545.4751,2.5
2025-04-24 22:05:00+00:00,2025-04-24 23:30:00+00:00,long,93477.17,93990.84,TP,152.7285,2698.2036,3.0
2025-04-25 00:55:00+00:00,2025-04-25 01:25:00+00:00,long,93896.28,93681.38,SL,-80.9461,2617.2575,3.0
2025-04-25 04:40:00+00:00,2025-04-25 05:15:00+00:00,short,93196.41,93391.3,SL,-78.5177,2538.7397,3.0
2025-04-25 06:00:00+00:00,2025-04-25 06:25:00+00:00,short,93235.48,93434.34,SL,-76.1622,2462.5776,3.0
2025-04-25 07:40:00+00:00,2025-04-25 11:20:00+00:00,long,93662.18,94085.63,TP,123.1289,2585.7064,2.5
2025-04-25 14:05:00+00:00,2025-04-25 14:10:00+00:00,long,94771.25,95299.51,TP,155.1424,2740.8488,3.0
2025-04-25 16:40:00+00:00,2025-04-25 17:35:00+00:00,long,95363.97,94820.76,SL,-82.2255,2658.6234,3.0
2025-04-25 18:30:00+00:00,2025-04-25 21:20:00+00:00,long,94960.04,94700.01,SL,-79.7587,2578.8647,3.0
2025-04-25 22:10:00+00:00,2025-04-26 00:30:00+00:00,long,94803.11,94609.45,SL,-77.3659,2501.4987,3.0
2025-04-26 00:50:00+00:00,2025-04-26 04:00:00+00:00,long,94928.57,94720.28,SL,-75.045,2426.4538,3.0
2025-04-26 07:55:00+00:00,2025-04-26 09:30:00+00:00,short,94570.31,94158.66,TP,121.3227,2547.7764,2.5
2025-04-26 11:10:00+00:00,2025-04-26 15:25:00+00:00,short,94165.96,94380.95,SL,-76.4333,2471.3431,3.0
2025-04-26 16:05:00+00:00,2025-04-26 22:00:00+00:00,short,94240.97,94448.01,SL,-61.7836,2409.5596,2.5
2025-04-27 00:15:00+00:00,2025-04-27 01:20:00+00:00,long,94979.99,94698.45,SL,-60.239,2349.3206,2.5
2025-04-27 03:50:00+00:00,2025-04-27 12:25:00+00:00,short,94159.2,93781.36,TP,117.466,2466.7866,2.5
2025-04-27 14:50:00+00:00,2025-04-27 18:10:00+00:00,short,93962.41,94157.41,SL,-61.6697,2405.1169,2.5
2025-04-27 19:30:00+00:00,2025-04-27 22:00:00+00:00,long,94380.0,94095.24,SL,-60.1279,2344.989,2.5
2025-04-27 23:45:00+00:00,2025-04-28 01:15:00+00:00,short,93709.98,93234.33,TP,117.2494,2462.2385,2.5
2025-04-28 06:00:00+00:00,2025-04-28 07:40:00+00:00,long,94345.18,94765.09,TP,123.1119,2585.3504,2.5
2025-04-28 10:35:00+00:00,2025-04-28 13:30:00+00:00,long,95140.0,94794.0,SL,-77.5605,2507.7899,3.0
2025-04-28 14:25:00+00:00,2025-04-28 14:30:00+00:00,long,94644.68,94384.4,SL,-75.2337,2432.5562,3.0
2025-04-28 14:35:00+00:00,2025-04-28 14:50:00+00:00,long,94615.2,94416.0,SL,-60.8139,2371.7423,2.5
2025-04-28 15:05:00+00:00,2025-04-28 15:45:00+00:00,short,94111.49,93630.0,TP,118.5871,2490.3294,2.5
2025-04-28 22:00:00+00:00,2025-04-28 23:05:00+00:00,long,94552.02,94990.0,TP,124.5165,2614.8459,2.5
2025-04-29 01:05:00+00:00,2025-04-29 01:10:00+00:00,long,95239.91,95034.92,SL,-78.4454,2536.4005,3.0
2025-04-29 01:40:00+00:00,2025-04-29 01:50:00+00:00,long,95255.74,95005.24,SL,-76.092,2460.3085,3.0
2025-04-29 03:30:00+00:00,2025-04-29 04:45:00+00:00,long,94717.92,94434.92,SL,-61.5077,2398.8008,2.5
2025-04-29 11:10:00+00:00,2025-04-29 12:20:00+00:00,long,95200.0,94926.74,SL,-59.97,2338.8307,2.5
2025-04-29 13:50:00+00:00,2025-04-29 16:30:00+00:00,long,94911.43,95365.96,TP,116.9415,2455.7723,2.5
2025-04-29 17:00:00+00:00,2025-04-29 17:10:00+00:00,short,94821.6,95046.2,SL,-61.3943,2394.378,2.5
2025-04-29 17:25:00+00:00,2025-04-29 20:15:00+00:00,long,95221.19,95014.03,SL,-59.8594,2334.5185,2.5
2025-04-29 22:05:00+00:00,2025-04-29 23:10:00+00:00,short,94258.39,93819.99,TP,116.7259,2451.2444,2.5
2025-04-30 01:40:00+00:00,2025-04-30 02:05:00+00:00,short,94381.84,94571.43,SL,-61.2811,2389.9633,2.5
2025-04-30 02:35:00+00:00,2025-04-30 03:30:00+00:00,short,94573.74,94775.85,SL,-59.7491,2330.2143,2.5
2025-04-30 08:25:00+00:00,2025-04-30 08:55:00+00:00,short,94527.59,94718.18,SL,-58.2554,2271.9589,2.5
2025-04-30 10:35:00+00:00,2025-04-30 12:30:00+00:00,long,94979.24,94733.6,SL,-56.799,2215.1599,2.5
2025-04-30 16:15:00+00:00,2025-04-30 16:35:00+00:00,short,93662.12,94004.5,SL,-55.379,2159.7809,2.5
2025-04-30 18:35:00+00:00,2025-04-30 20:00:00+00:00,short,94076.81,94288.13,SL,-53.9945,2105.7864,2.5
2025-05-01 04:55:00+00:00,2025-05-01 09:20:00+00:00,long,94860.51,95348.91,TP,105.2893,2211.0757,2.5
2025-05-01 12:45:00+00:00,2025-05-01 13:35:00+00:00,long,96409.99,96186.0,SL,-55.2769,2155.7988,2.5
2025-05-01 14:25:00+00:00,2025-05-01 14:55:00+00:00,long,96404.01,96827.99,TP,107.7899,2263.5888,2.5
2025-05-01 16:35:00+00:00,2025-05-01 16:50:00+00:00,long,97326.91,97096.33,SL,-56.5897,2206.9991,2.5
2025-05-01 18:45:00+00:00,2025-05-01 19:05:00+00:00,long,96908.57,96580.0,SL,-55.175,2151.8241,2.5
2025-05-01 19:45:00+00:00,2025-05-01 20:00:00+00:00,long,96611.12,96326.01,SL,-53.7956,2098.0285,2.5
2025-05-01 20:10:00+00:00,2025-05-01 20:45:00+00:00,long,96724.0,96493.55,SL,-52.4507,2045.5778,2.5
2025-05-01 21:10:00+00:00,2025-05-01 21:55:00+00:00,long,96697.0,96464.55,SL,-51.1394,1994.4383,2.5
2025-05-01 22:15:00+00:00,2025-05-01 22:30:00+00:00,long,96642.86,96431.39,SL,-49.861,1944.5774,2.5
2025-05-01 23:45:00+00:00,2025-05-02 00:20:00+00:00,long,96399.99,96801.58,TP,97.2289,2041.8062,2.5
2025-05-02 03:00:00+00:00,2025-05-02 05:15:00+00:00,long,97065.57,96852.06,SL,-51.0452,1990.7611,2.5
2025-05-02 06:25:00+00:00,2025-05-02 07:00:00+00:00,long,96820.75,96572.01,SL,-49.769,1940.992,2.5
2025-05-02 07:20:00+00:00,2025-05-02 07:35:00+00:00,long,96635.35,96424.23,SL,-48.5248,1892.4672,2.5
2025-05-02 09:40:00+00:00,2025-05-02 10:15:00+00:00,short,96594.54,96833.34,SL,-47.3117,1845.1556,2.5
2025-05-02 12:45:00+00:00,2025-05-02 13:10:00+00:00,long,97029.37,96769.85,SL,-46.1289,1799.0267,2.5
2025-05-02 14:15:00+00:00,2025-05-02 14:35:00+00:00,long,96978.23,97604.0,TP,89.9513,1888.978,2.5
2025-05-02 16:10:00+00:00,2025-05-02 16:55:00+00:00,long,97613.2,97348.69,SL,-47.2244,1841.7536,2.5
2025-05-02 18:00:00+00:00,2025-05-02 18:50:00+00:00,long,97467.47,97266.0,SL,-46.0438,1795.7097,2.5
2025-05-02 21:35:00+00:00,2025-05-03 03:15:00+00:00,short,96828.06,96433.74,TP,89.7855,1885.4952,2.5
2025-05-03 05:55:00+00:00,2025-05-03 10:40:00+00:00,short,96417.14,95937.62,TP,94.2748,1979.77,2.5
2025-05-03 14:35:00+00:00,2025-05-03 17:15:00+00:00,short,96330.5,95917.79,TP,98.9885,2078.7585,2.5
2025-05-03 20:30:00+00:00,2025-05-03 23:30:00+00:00,short,96301.02,95880.35,TP,103.9379,2182.6964,2.5
2025-05-04 00:35:00+00:00,2025-05-04 01:50:00+00:00,short,95786.23,95991.6,SL,-54.5674,2128.129,2.5
2025-05-04 02:40:00+00:00,2025-05-04 06:00:00+00:00,short,95919.99,96134.46,SL,-53.2032,2074.9258,2.5
2025-05-04 06:25:00+00:00,2025-05-04 08:30:00+00:00,short,95947.42,95488.61,TP,103.7463,2178.672,2.5
2025-05-04 09:55:00+00:00,2025-05-04 20:25:00+00:00,short,95485.01,95717.4,SL,-54.4668,2124.2052,2.5
2025-05-05 01:20:00+00:00,2025-05-05 01:30:00+00:00,short,94313.01,93914.84,TP,106.2103,2230.4155,2.5
2025-05-05 03:25:00+00:00,2025-05-05 04:15:00+00:00,short,94016.61,94280.17,SL,-55.7604,2174.6551,2.5
2025-05-05 06:45:00+00:00,2025-05-05 10:35:00+00:00,short,94662.01,94160.54,TP,108.7328,2283.3879,2.5
2025-05-05 13:30:00+00:00,2025-05-05 15:05:00+00:00,short,94108.0,93656.99,TP,114.1694,2397.5573,2.5
2025-05-05 21:00:00+00:00,2025-05-05 22:10:00+00:00,long,94441.96,94837.73,TP,119.8779,2517.4351,2.5
2025-05-06 01:10:00+00:00,2025-05-06 01:35:00+00:00,long,94750.73,94484.68,SL,-75.5231,2441.9121,3.0
2025-05-06 01:40:00+00:00,2025-05-06 04:50:00+00:00,short,94382.83,94573.58,SL,-61.0478,2380.8643,2.5
2025-05-06 05:15:00+00:00,2025-05-06 08:25:00+00:00,short,94425.43,94036.67,TP,119.0432,2499.9075,2.5
2025-05-06 09:35:00+00:00,2025-05-06 11:50:00+00:00,short,94136.77,93723.53,TP,124.9954,2624.9029,2.5
2025-05-06 13:10:00+00:00,2025-05-06 13:40:00+00:00,short,93735.53,93952.68,SL,-78.7471,2546.1558,3.0
2025-05-06 13:50:00+00:00,2025-05-06 14:00:00+00:00,short,93465.62,93955.7,SL,-76.3847,2469.7711,3.0
2025-05-06 15:05:00+00:00,2025-05-06 15:10:00+00:00,short,94086.91,94330.1,SL,-61.7443,2408.0268,2.5
2025-05-06 15:15:00+00:00,2025-05-06 16:10:00+00:00,long,94394.49,94818.01,TP,120.4013,2528.4282,2.5
2025-05-06 17:25:00+00:00,2025-05-06 19:20:00+00:00,long,94693.39,95103.92,TP,151.7057,2680.1339,3.0
2025-05-06 21:50:00+00:00,2025-05-06 22:00:00+00:00,long,94714.28,95260.01,TP,160.808,2840.9419,3.0
2025-05-07 00:20:00+00:00,2025-05-07 00:30:00+00:00,long,97384.0,97150.79,SL,-85.2283,2755.7136,3.0
2025-05-07 03:50:00+00:00,2025-05-07 05:35:00+00:00,long,96557.26,96334.99,SL,-82.6714,2673.0422,3.0
2025-05-07 06:00:00+00:00,2025-05-07 07:45:00+00:00,long,96494.01,96915.83,TP,160.3825,2833.4248,3.0
2025-05-07 08:30:00+00:00,2025-05-07 13:15:00+00:00,long,96979.76,96783.3,SL,-85.0027,2748.422,3.0
2025-05-07 13:40:00+00:00,2025-05-07 13:45:00+00:00,long,97231.84,96895.94,SL,-82.4527,2665.9694,3.0
2025-05-07 16:50:00+00:00,2025-05-07 17:15:00+00:00,long,96922.01,96674.61,SL,-79.9791,2585.9903,3.0
2025-05-07 17:35:00+00:00,2025-05-07 18:05:00+00:00,short,96627.99,95969.1,TP,155.1594,2741.1497,3.0
2025-05-07 18:30:00+00:00,2025-05-07 18:40:00+00:00,long,96767.19,96397.89,SL,-82.2345,2658.9152,3.0
2025-05-07 18:50:00+00:00,2025-05-07 18:55:00+00:00,short,96193.53,96593.59,SL,-79.7675,2579.1477,3.0
2025-05-07 19:25:00+00:00,2025-05-07 19:40:00+00:00,short,96007.95,96469.07,SL,-77.3744,2501.7733,3.0
2025-05-07 19:50:00+00:00,2025-05-07 20:10:00+00:00,short,96127.61,96403.99,SL,-75.0532,2426.7201,3.0
2025-05-08 00:55:00+00:00,2025-05-08 02:15:00+00:00,long,97770.01,98187.67,TP,121.336,2548.0561,2.5
2025-05-08 04:00:00+00:00,2025-05-08 04:50:00+00:00,long,99236.98,98982.58,SL,-76.4417,2471.6144,3.0
2025-05-08 06:45:00+00:00,2025-05-08 07:25:00+00:00,long,98905.06,99319.47,TP,123.5807,2595.1952,2.5
2025-05-08 13:20:00+00:00,2025-05-08 13:45:00+00:00,long,99370.21,99118.86,SL,-77.8559,2517.3393,3.0
2025-05-08 14:00:00+00:00,2025-05-08 14:10:00+00:00,long,99373.38,99174.6,SL,-75.5202,2441.8191,3.0
2025-05-08 20:00:00+00:00,2025-05-08 20:35:00+00:00,long,101485.99,102191.28,TP,122.091,2563.9101,2.5
2025-05-09 01:45:00+00:00,2025-05-09 02:30:00+00:00,long,102893.32,102686.54,SL,-76.9173,2486.9928,3.0
2025-05-09 04:05:00+00:00,2025-05-09 06:20:00+00:00,long,102619.04,103087.71,TP,124.3496,2611.3424,2.5
2025-05-09 10:00:00+00:00,2025-05-09 10:45:00+00:00,long,102887.61,103355.99,TP,156.6805,2768.023,3.0
2025-05-09 12:30:00+00:00,2025-05-09 12:55:00+00:00,long,103133.03,102899.99,SL,-83.0407,2684.9823,3.0
2025-05-09 13:10:00+00:00,2025-05-09 13:45:00+00:00,long,103149.99,103710.0,TP,161.0989,2846.0812,3.0
2025-05-09 16:20:00+00:00,2025-05-09 16:45:00+00:00,long,102860.01,102582.68,SL,-85.3824,2760.6988,3.0
2025-05-09 17:05:00+00:00,2025-05-09 18:30:00+00:00,long,102841.7,103268.65,TP,165.6419,2926.3407,3.0
2025-05-09 20:00:00+00:00,2025-05-09 21:10:00+00:00,long,103247.52,103007.55,SL,-87.7902,2838.5505,3.0
2025-05-09 22:05:00+00:00,2025-05-09 22:55:00+00:00,long,103016.0,102784.66,SL,-85.1565,2753.394,3.0
2025-05-09 23:20:00+00:00,2025-05-10 05:55:00+00:00,long,102914.99,103361.0,TP,165.2036,2918.5976,3.0
2025-05-10 08:25:00+00:00,2025-05-10 08:50:00+00:00,long,104000.0,103637.23,SL,-87.5579,2831.0397,3.0
2025-05-10 09:40:00+00:00,2025-05-10 11:30:00+00:00,long,103744.88,103505.49,SL,-84.9312,2746.1085,3.0
2025-05-10 12:10:00+00:00,2025-05-10 15:35:00+00:00,long,103605.56,103337.5,SL,-82.3833,2663.7252,3.0
2025-05-10 17:45:00+00:00,2025-05-10 21:45:00+00:00,short,103259.99,103517.43,SL,-79.9118,2583.8135,3.0
2025-05-10 23:10:00+00:00,2025-05-10 23:15:00+00:00,long,103988.99,104724.0,TP,155.0288,2738.8423,3.0
2025-05-11 03:25:00+00:00,2025-05-11 06:40:00+00:00,long,104000.0,103765.79,SL,-82.1653,2656.677,3.0
2025-05-11 10:20:00+00:00,2025-05-11 13:55:00+00:00,long,104460.32,103959.99,SL,-79.7003,2576.9767,3.0
2025-05-11 14:40:00+00:00,2025-05-11 15:50:00+00:00,long,104242.25,103929.13,SL,-77.3093,2499.6674,3.0
2025-05-11 21:50:00+00:00,2025-05-11 22:00:00+00:00,long,104343.95,103982.86,SL,-62.4917,2437.1757,2.5
2025-05-12 05:10:00+00:00,2025-05-12 06:25:00+00:00,short,103920.23,104201.45,SL,-60.9294,2376.2463,2.5
2025-05-12 09:35:00+00:00,2025-05-12 10:05:00+00:00,long,104513.19,104247.49,SL,-59.4062,2316.8402,2.5
2025-05-12 10:35:00+00:00,2025-05-12 11:40:00+00:00,long,104535.0,104164.34,SL,-57.921,2258.9192,2.5
2025-05-12 14:20:00+00:00,2025-05-12 14:25:00+00:00,short,103750.01,102953.74,TP,112.946,2371.8651,2.5
2025-05-12 17:45:00+00:00,2025-05-12 18:05:00+00:00,short,102588.07,101876.67,TP,118.5933,2490.4584,2.5
2025-05-12 21:25:00+00:00,2025-05-12 21:35:00+00:00,short,102354.13,102571.42,SL,-62.2615,2428.1969,2.5
2025-05-12 23:35:00+00:00,2025-05-13 00:40:00+00:00,short,102847.1,102246.65,TP,121.4098,2549.6068,2.5
2025-05-13 01:35:00+00:00,2025-05-13 01:50:00+00:00,short,102261.21,102499.99,SL,-76.4882,2473.1186,3.0
2025-05-13 02:10:00+00:00,2025-05-13 03:25:00+00:00,short,102095.46,101602.31,TP,123.6559,2596.7745,2.5
2025-05-13 05:30:00+00:00,2025-05-13 06:00:00+00:00,short,102354.83,102657.55,SL,-77.9032,2518.8712,3.0
2025-05-13 07:00:00+00:00,2025-05-13 09:15:00+00:00,long,102697.87,103199.01,TP,151.1323,2670.0035,3.0
2025-05-13 11:40:00+00:00,2025-05-13 12:10:00+00:00,long,103816.68,103520.02,SL,-80.1001,2589.9034,3.0
2025-05-13 15:05:00+00:00,2025-05-13 16:10:00+00:00,long,103471.79,104314.44,TP,155.3942,2745.2976,3.0
2025-05-13 17:45:00+00:00,2025-05-13 19:30:00+00:00,long,104207.58,104687.38,TP,164.7179,2910.0155,3.0
2025-05-13 23:40:00+00:00,2025-05-14 00:20:00+00:00,long,104147.61,103882.39,SL,-87.3005,2822.715,3.0
2025-05-14 01:00:00+00:00,2025-05-14 02:00:00+00:00,long,103899.99,103676.47,SL,-84.6814,2738.0336,3.0
2025-05-14 03:20:00+00:00,2025-05-14 04:35:00+00:00,short,103506.71,103766.35,SL,-82.141,2655.8926,3.0
2025-05-14 08:30:00+00:00,2025-05-14 09:00:00+00:00,short,103525.63,102993.77,TP,159.3536,2815.2461,3.0
2025-05-14 13:30:00+00:00,2025-05-14 13:40:00+00:00,long,104264.88,103712.79,SL,-84.4574,2730.7887,3.0
2025-05-14 16:45:00+00:00,2025-05-14 18:15:00+00:00,short,103173.56,103408.79,SL,-81.9237,2648.8651,3.0
2025-05-14 19:45:00+00:00,2025-05-14 20:50:00+00:00,short,103441.78,103650.79,SL,-79.466,2569.3991,3.0
2025-05-14 21:30:00+00:00,2025-05-15 00:15:00+00:00,short,103529.62,103809.52,SL,-77.082,2492.3171,3.0
2025-05-15 03:15:00+00:00,2025-05-15 05:30:00+00:00,short,102878.56,102460.31,TP,124.6159,2616.933,2.5
2025-05-15 06:40:00+00:00,2025-05-15 07:55:00+00:00,short,102190.47,101779.99,TP,157.016,2773.949,3.0
2025-05-15 09:20:00+00:00,2025-05-15 11:15:00+00:00,short,101939.99,102276.38,SL,-83.2185,2690.7305,3.0
2025-05-15 13:10:00+00:00,2025-05-15 13:30:00+00:00,long,102766.11,102527.22,SL,-80.7219,2610.0086,3.0
2025-05-15 19:45:00+00:00,2025-05-15 21:20:00+00:00,long,103121.85,102764.84,SL,-78.3003,2531.7083,3.0
2025-05-15 21:50:00+00:00,2025-05-15 22:10:00+00:00,long,103309.89,103777.78,TP,151.9025,2683.6108,3.0
2025-05-15 23:35:00+00:00,2025-05-16 01:00:00+00:00,long,103838.16,103619.99,SL,-80.5083,2603.1025,3.0
2025-05-16 01:35:00+00:00,2025-05-16 04:40:00+00:00,long,104072.52,103830.51,SL,-78.0931,2525.0094,3.0
2025-05-16 05:10:00+00:00,2025-05-16 07:50:00+00:00,long,103997.62,103761.9,SL,-75.7503,2449.2592,3.0
2025-05-16 13:25:00+00:00,2025-05-16 13:35:00+00:00,short,103508.99,103879.99,SL,-61.2315,2388.0277,2.5
2025-05-16 14:35:00+00:00,2025-05-16 15:00:00+00:00,short,103617.43,104028.62,SL,-59.7007,2328.327,2.5
2025-05-16 17:15:00+00:00,2025-05-16 17:35:00+00:00,long,104281.78,103961.51,SL,-58.2082,2270.1188,2.5
2025-05-16 19:35:00+00:00,2025-05-16 20:45:00+00:00,long,103803.55,103557.4,SL,-56.753,2213.3658,2.5
2025-05-16 21:15:00+00:00,2025-05-17 00:40:00+00:00,short,103640.21,103190.0,TP,110.6683,2324.0341,2.5
2025-05-17 04:45:00+00:00,2025-05-17 09:15:00+00:00,short,103493.61,103073.89,TP,116.2017,2440.2358,2.5
2025-05-17 11:10:00+00:00,2025-05-17 11:35:00+00:00,short,102767.25,103007.37,SL,-61.0059,2379.2299,2.5
2025-05-17 12:55:00+00:00,2025-05-17 14:50:00+00:00,short,102927.57,103169.28,SL,-59.4807,2319.7492,2.5
2025-05-17 15:40:00+00:00,2025-05-17 20:50:00+00:00,short,103056.92,103406.75,SL,-57.9937,2261.7555,2.5
2025-05-18 02:15:00+00:00,2025-05-18 07:50:00+00:00,long,103314.65,103840.04,TP,113.0878,2374.8432,2.5
2025-05-18 11:20:00+00:00,2025-05-18 13:40:00+00:00,long,103906.81,104459.99,TP,118.7422,2493.5854,2.5
2025-05-18 17:05:00+00:00,2025-05-18 17:25:00+00:00,long,105811.18,105550.0,SL,-62.3396,2431.2458,2.5
2025-05-18 19:00:00+00:00,2025-05-18 19:30:00+00:00,long,104542.08,104231.57,SL,-60.7811,2370.4646,2.5
2025-05-18 19:35:00+00:00,2025-05-18 20:00:00+00:00,short,104176.57,103545.97,TP,118.5232,2488.9878,2.5
2025-05-18 22:10:00+00:00,2025-05-18 22:20:00+00:00,short,104089.12,104702.02,SL,-62.2247,2426.7632,2.5
2025-05-19 02:35:00+00:00,2025-05-19 02:50:00+00:00,long,104970.22,104610.95,SL,-60.6691,2366.0941,2.5
2025-05-19 04:45:00+00:00,2025-05-19 06:30:00+00:00,short,102980.02,102264.79,TP,118.3047,2484.3988,2.5
2025-05-19 09:05:00+00:00,2025-05-19 09:30:00+00:00,short,103037.29,103260.9,SL,-62.11,2422.2888,2.5
2025-05-19 12:00:00+00:00,2025-05-19 12:35:00+00:00,short,102782.51,102156.12,TP,121.1144,2543.4032,2.5
2025-05-19 17:00:00+00:00,2025-05-19 17:10:00+00:00,long,105437.55,105045.45,SL,-76.3021,2467.1012,3.0
2025-05-19 19:30:00+00:00,2025-05-19 20:00:00+00:00,long,105239.57,105686.99,TP,123.3551,2590.4562,2.5
2025-05-19 22:05:00+00:00,2025-05-19 22:15:00+00:00,long,105539.04,105271.85,SL,-77.7137,2512.7425,3.0
2025-05-19 22:45:00+00:00,2025-05-20 00:15:00+00:00,long,105622.88,106495.32,TP,150.7646,2663.5071,3.0
2025-05-20 00:35:00+00:00,2025-05-20 00:45:00+00:00,long,106090.9,105744.99,SL,-79.9052,2583.6019,3.0
2025-05-20 01:20:00+00:00,2025-05-20 02:05:00+00:00,long,106240.28,106670.24,TP,155.0161,2738.618,3.0
2025-05-20 04:35:00+00:00,2025-05-20 04:55:00+00:00,long,105747.79,106219.99,TP,164.3171,2902.9351,3.0
2025-05-20 07:25:00+00:00,2025-05-20 07:35:00+00:00,long,105540.0,105136.36,SL,-87.0881,2815.847,3.0
2025-05-20 10:30:00+00:00,2025-05-20 11:35:00+00:00,short,105103.45,105329.0,SL,-84.4754,2731.3716,3.0
2025-05-20 12:10:00+00:00,2025-05-20 13:10:00+00:00,short,105030.55,104588.81,TP,163.8823,2895.2539,3.0
2025-05-20 17:05:00+00:00,2025-05-20 17:40:00+00:00,long,105745.41,106206.31,TP,173.7152,3068.9691,3.0
2025-05-20 19:20:00+00:00,2025-05-20 19:45:00+00:00,long,106261.42,106735.86,TP,184.1381,3253.1073,3.0
2025-05-20 20:45:00+00:00,2025-05-20 20:50:00+00:00,long,107241.98,106934.47,SL,-97.5932,3155.5141,3.0
2025-05-20 22:45:00+00:00,2025-05-20 23:15:00+00:00,long,106587.9,107125.99,TP,189.3308,3344.8449,3.0
2025-05-21 00:10:00+00:00,2025-05-21 00:20:00+00:00,long,107000.0,106772.71,SL,-100.3453,3244.4995,3.0
2025-05-21 01:05:00+00:00,2025-05-21 01:20:00+00:00,long,107031.37,106749.99,SL,-97.335,3147.1646,3.0
2025-05-21 02:35:00+00:00,2025-05-21 04:35:00+00:00,long,106809.52,107527.92,TP,188.8299,3335.9944,3.0
2025-05-21 06:25:00+00:00,2025-05-21 07:10:00+00:00,long,107865.09,107440.97,SL,-100.0798,3235.9146,3.0
2025-05-21 12:05:00+00:00,2025-05-21 12:15:00+00:00,short,106409.92,106717.07,SL,-97.0774,3138.8372,3.0
2025-05-21 12:45:00+00:00,2025-05-21 13:35:00+00:00,short,106548.72,106763.22,SL,-94.1651,3044.6721,3.0
2025-05-21 16:45:00+00:00,2025-05-21 16:55:00+00:00,long,109693.01,109131.7,SL,-91.3402,2953.3319,3.0
2025-05-21 21:45:00+00:00,2025-05-21 23:05:00+00:00,long,108517.03,108953.14,TP,177.1999,3130.5318,3.0
2025-05-22 01:00:00+00:00,2025-05-22 01:05:00+00:00,long,110524.49,110229.07,SL,-93.916,3036.6158,3.0
2025-05-22 02:20:00+00:00,2025-05-22 03:40:00+00:00,long,110466.16,111313.95,TP,182.1969,3218.8128,3.0
2025-05-22 07:30:00+00:00,2025-05-22 08:30:00+00:00,long,110854.78,110445.99,SL,-96.5644,3122.2484,3.0
2025-05-22 09:25:00+00:00,2025-05-22 12:15:00+00:00,long,110678.65,111228.47,TP,187.3349,3309.5833,3.0
2025-05-22 15:15:00+00:00,2025-05-22 17:20:00+00:00,long,111141.95,111912.02,TP,198.575,3508.1583,3.0
2025-05-22 18:30:00+00:00,2025-05-22 19:00:00+00:00,long,111794.81,111512.93,SL,-105.2447,3402.9136,3.0
2025-05-22 19:25:00+00:00,2025-05-22 19:30:00+00:00,long,111898.74,111612.52,SL,-102.0874,3300.8262,3.0
2025-05-22 21:15:00+00:00,2025-05-22 21:25:00+00:00,long,111055.05,110804.88,SL,-99.0248,3201.8014,3.0
2025-05-22 21:35:00+00:00,2025-05-22 23:30:00+00:00,long,110956.53,111423.74,TP,192.1081,3393.9095,3.0
2025-05-23 02:10:00+00:00,2025-05-23 02:40:00+00:00,long,111477.49,111247.81,SL,-101.8173,3292.0922,3.0
2025-05-23 06:10:00+00:00,2025-05-23 07:10:00+00:00,short,110513.04,110795.1,SL,-98.7628,3193.3294,3.0
2025-05-23 10:10:00+00:00,2025-05-23 11:40:00+00:00,short,110941.03,110380.0,TP,191.5998,3384.9292,3.0
2025-05-23 13:00:00+00:00,2025-05-23 13:10:00+00:00,short,108050.0,108437.56,SL,-101.5479,3283.3813,3.0
2025-05-23 15:05:00+00:00,2025-05-23 15:30:00+00:00,short,109223.58,109739.13,SL,-98.5014,3184.8799,3.0
2025-05-23 18:05:00+00:00,2025-05-23 18:55:00+00:00,short,109288.68,108794.09,TP,191.0928,3375.9727,3.0
2025-05-23 19:25:00+00:00,2025-05-23 20:30:00+00:00,short,108918.3,108435.28,TP,202.5584,3578.531,3.0
2025-05-23 22:40:00+00:00,2025-05-23 22:50:00+00:00,short,108097.55,107654.55,TP,214.7119,3793.2429,3.0
2025-05-24 02:00:00+00:00,2025-05-24 02:15:00+00:00,short,107520.05,107817.46,SL,-113.7973,3679.4456,3.0
2025-05-24 04:55:00+00:00,2025-05-24 06:15:00+00:00,short,108485.07,108037.3,TP,220.7667,3900.2123,3.0
2025-05-24 07:50:00+00:00,2025-05-24 08:40:00+00:00,short,107768.76,108070.89,SL,-117.0064,3783.206,3.0
2025-05-24 09:55:00+00:00,2025-05-24 10:25:00+00:00,short,108161.69,108393.99,SL,-113.4962,3669.7098,3.0
2025-05-24 14:15:00+00:00,2025-05-24 22:20:00+00:00,long,108833.43,108513.35,SL,-110.0913,3559.6185,3.0
2025-05-25 00:45:00+00:00,2025-05-25 01:20:00+00:00,short,107525.61,107762.0,SL,-106.7886,3452.8299,3.0
2025-05-25 04:00:00+00:00,2025-05-25 07:20:00+00:00,short,108061.37,107611.66,TP,207.1698,3659.9997,3.0
2025-05-25 08:25:00+00:00,2025-05-25 08:50:00+00:00,short,107440.32,107000.01,TP,219.6,3879.5997,3.0
2025-05-25 09:35:00+00:00,2025-05-25 09:50:00+00:00,short,106851.59,107108.96,SL,-116.388,3763.2117,3.0
2025-05-25 11:00:00+00:00,2025-05-25 11:25:00+00:00,short,106929.62,107175.8,SL,-112.8964,3650.3154,3.0
2025-05-25 13:10:00+00:00,2025-05-25 13:35:00+00:00,short,107371.51,107682.09,SL,-109.5095,3540.8059,3.0
2025-05-25 14:00:00+00:00,2025-05-25 15:20:00+00:00,short,107523.43,106857.99,TP,212.4484,3753.2543,3.0
2025-05-25 18:55:00+00:00,2025-05-25 19:30:00+00:00,short,107413.34,107641.0,SL,-112.5976,3640.6566,3.0
2025-05-25 21:05:00+00:00,2025-05-25 21:20:00+00:00,long,107816.91,107533.55,SL,-109.2197,3531.4369,3.0
2025-05-25 22:05:00+00:00,2025-05-25 22:40:00+00:00,long,108179.99,108630.35,TP,211.8862,3743.3231,3.0
2025-05-26 00:50:00+00:00,2025-05-26 01:45:00+00:00,long,109257.97,109718.22,TP,224.5994,3967.9225,3.0
2025-05-26 02:00:00+00:00,2025-05-26 02:30:00+00:00,long,109717.92,109377.99,SL,-119.0377,3848.8849,3.0
2025-05-26 03:30:00+00:00,2025-05-26 05:10:00+00:00,long,109659.5,109436.83,SL,-115.4665,3733.4183,3.0
2025-05-26 05:40:00+00:00,2025-05-26 07:05:00+00:00,long,109659.11,110179.87,TP,224.0051,3957.4234,3.0
2025-05-26 09:20:00+00:00,2025-05-26 09:40:00+00:00,long,109924.53,109689.44,SL,-118.7227,3838.7007,3.0
2025-05-26 10:20:00+00:00,2025-05-26 10:50:00+00:00,long,109811.77,109571.43,SL,-115.161,3723.5397,3.0
2025-05-26 11:40:00+00:00,2025-05-26 13:50:00+00:00,long,109802.82,109574.46,SL,-111.7062,3611.8335,3.0
2025-05-26 15:05:00+00:00,2025-05-26 15:30:00+00:00,long,109665.9,110136.36,TP,216.71,3828.5435,3.0
2025-05-26 19:05:00+00:00,2025-05-26 20:10:00+00:00,short,109000.0,109272.62,SL,-114.8563,3713.6872,3.0
2025-05-26 21:15:00+00:00,2025-05-26 22:00:00+00:00,short,109230.94,109454.55,SL,-111.4106,3602.2766,3.0
2025-05-26 22:05:00+00:00,2025-05-26 23:20:00+00:00,long,109384.36,109154.49,SL,-108.0683,3494.2083,3.0
2025-05-26 23:45:00+00:00,2025-05-27 00:55:00+00:00,long,109399.49,109136.37,SL,-104.8262,3389.382,3.0
2025-05-27 04:55:00+00:00,2025-05-27 06:30:00+00:00,short,108952.65,109205.16,SL,-101.6815,3287.7006,3.0
2025-05-27 06:55:00+00:00,2025-05-27 07:05:00+00:00,short,108828.19,109071.48,SL,-98.631,3189.0696,3.0
2025-05-27 07:20:00+00:00,2025-05-27 08:00:00+00:00,long,109182.21,109689.83,TP,191.3442,3380.4137,3.0
2025-05-27 09:55:00+00:00,2025-05-27 11:15:00+00:00,long,109830.25,109496.79,SL,-101.4124,3279.0013,3.0
2025-05-27 12:05:00+00:00,2025-05-27 12:40:00+00:00,long,109776.2,109485.97,SL,-98.37,3180.6313,3.0
2025-05-27 13:05:00+00:00,2025-05-27 13:15:00+00:00,long,110163.39,110661.6,TP,190.8379,3371.4692,3.0
2025-05-27 15:25:00+00:00,2025-05-27 15:50:00+00:00,long,109658.28,110181.59,TP,202.2882,3573.7573,3.0
2025-05-27 19:45:00+00:00,2025-05-27 20:55:00+00:00,long,109844.0,109551.69,SL,-107.2127,3466.5446,3.0
2025-05-28 00:10:00+00:00,2025-05-28 00:20:00+00:00,short,108707.6,108933.25,SL,-103.9963,3362.5483,3.0
2025-05-28 01:25:00+00:00,2025-05-28 10:15:00+00:00,short,108875.47,108355.07,TP,201.7529,3564.3011,3.0
2025-05-28 12:50:00+00:00,2025-05-28 13:45:00+00:00,short,108817.44,108363.64,TP,213.8581,3778.1592,3.0
2025-05-28 18:30:00+00:00,2025-05-28 19:50:00+00:00,short,107520.75,107042.07,TP,226.6896,4004.8488,3.0
2025-05-28 22:10:00+00:00,2025-05-28 23:00:00+00:00,short,107306.5,107590.84,SL,-120.1455,3884.7033,3.0
2025-05-29 00:00:00+00:00,2025-05-29 00:25:00+00:00,short,107629.1,108010.0,SL,-116.5411,3768.1622,3.0
2025-05-29 00:45:00+00:00,2025-05-29 04:30:00+00:00,long,108016.96,107716.71,SL,-113.0449,3655.1173,3.0
2025-05-29 07:45:00+00:00,2025-05-29 08:15:00+00:00,short,107831.49,108090.13,SL,-109.6535,3545.4638,3.0
2025-05-29 10:55:00+00:00,2025-05-29 12:40:00+00:00,long,108746.01,108429.17,SL,-106.3639,3439.0999,3.0
2025-05-29 15:55:00+00:00,2025-05-29 17:40:00+00:00,short,107019.89,106156.42,TP,206.346,3645.4459,3.0
2025-05-29 18:55:00+00:00,2025-05-29 20:00:00+00:00,short,105837.13,106124.61,SL,-109.3634,3536.0825,3.0
2025-05-29 22:20:00+00:00,2025-05-29 23:15:00+00:00,short,106322.19,105799.04,TP,212.165,3748.2475,3.0
2025-05-30 00:45:00+00:00,2025-05-30 00:55:00+00:00,short,105460.0,104939.99,TP,224.8948,3973.1423,3.0
2025-05-30 03:10:00+00:00,2025-05-30 05:30:00+00:00,short,106004.77,106224.56,SL,-119.1943,3853.9481,3.0
2025-05-30 05:50:00+00:00,2025-05-30 06:50:00+00:00,short,106093.95,105549.19,TP,231.2369,4085.1849,3.0
2025-05-30 11:30:00+00:00,2025-05-30 12:10:00+00:00,short,105809.53,105342.3,TP,245.1111,4330.296,3.0
2025-05-30 12:55:00+00:00,2025-05-30 13:45:00+00:00,short,105684.96,105899.7,SL,-129.9089,4200.3871,3.0
2025-05-30 13:50:00+00:00,2025-05-30 16:25:00+00:00,short,105561.85,104685.85,TP,252.0232,4452.4104,3.0
2025-05-30 19:40:00+00:00,2025-05-30 21:20:00+00:00,short,104624.94,104873.5,SL,-133.5723,4318.8381,3.0
2025-05-30 21:45:00+00:00,2025-05-30 22:40:00+00:00,short,104655.72,103994.2,TP,259.1303,4577.9684,3.0
2025-05-31 01:30:00+00:00,2025-05-31 01:35:00+00:00,short,103472.62,103897.5,SL,-137.3391,4440.6293,3.0
2025-05-31 02:45:00+00:00,2025-05-31 03:45:00+00:00,short,103414.1,103642.88,SL,-133.2189,4307.4104,3.0
2025-05-31 05:25:00+00:00,2025-05-31 06:40:00+00:00,short,103668.24,103900.0,SL,-129.2223,4178.1881,3.0
2025-05-31 07:15:00+00:00,2025-05-31 12:45:00+00:00,short,103676.75,103924.53,SL,-125.3456,4052.8425,3.0
2025-05-31 14:05:00+00:00,2025-05-31 21:00:00+00:00,long,104371.8,104857.16,TP,243.1705,4296.013,3.0
2025-05-31 21:30:00+00:00,2025-05-31 23:00:00+00:00,long,104809.53,104517.74,SL,-128.8804,4167.1326,3.0
2025-06-01 01:10:00+00:00,2025-06-01 01:35:00+00:00,long,104470.65,104185.01,SL,-125.014,4042.1186,3.0
2025-06-01 03:20:00+00:00,2025-06-01 03:30:00+00:00,short,103971.7,104199.93,SL,-121.2636,3920.8551,3.0
2025-06-01 09:10:00+00:00,2025-06-01 09:50:00+00:00,short,104223.32,103788.67,TP,235.2513,4156.1064,3.0
2025-06-01 10:35:00+00:00,2025-06-01 11:20:00+00:00,short,103795.41,104024.55,SL,-124.6832,4031.4232,3.0
2025-06-01 12:30:00+00:00,2025-06-01 13:10:00+00:00,short,103891.68,104225.09,SL,-120.9427,3910.4805,3.0
2025-06-01 16:05:00+00:00,2025-06-01 18:05:00+00:00,long,105176.5,104945.38,SL,-117.3144,3793.1661,3.0
2025-06-01 19:05:00+00:00,2025-06-01 21:30:00+00:00,long,104878.05,105298.39,TP,227.59,4020.7561,3.0
2025-06-01 23:05:00+00:00,2025-06-02 00:15:00+00:00,long,105782.82,105523.81,SL,-120.6227,3900.1334,3.0
2025-06-02 01:20:00+00:00,2025-06-02 01:30:00+00:00,long,105603.59,105391.93,SL,-117.004,3783.1294,3.0
2025-06-02 05:40:00+00:00,2025-06-02 06:00:00+00:00,short,104682.92,104931.43,SL,-113.4939,3669.6355,3.0
2025-06-02 12:00:00+00:00,2025-06-02 13:30:00+00:00,short,104027.18,104275.44,SL,-110.0891,3559.5464,3.0
2025-06-02 13:50:00+00:00,2025-06-02 14:00:00+00:00,short,103788.3,103998.64,SL,-106.7864,3452.76,3.0
2025-06-02 15:00:00+00:00,2025-06-02 15:10:00+00:00,short,103994.93,104220.9,SL,-103.5828,3349.1772,3.0
2025-06-02 16:10:00+00:00,2025-06-02 18:20:00+00:00,short,104240.43,104606.5,SL,-100.4753,3248.7019,3.0
2025-06-02 18:40:00+00:00,2025-06-02 20:05:00+00:00,short,104390.74,104726.42,SL,-97.4611,3151.2409,3.0
2025-06-02 22:00:00+00:00,2025-06-02 22:25:00+00:00,long,105165.1,105750.52,TP,189.0745,3340.3153,3.0
2025-06-03 00:15:00+00:00,2025-06-03 02:25:00+00:00,long,106269.38,106052.29,SL,-100.2095,3240.1058,3.0
2025-06-03 04:00:00+00:00,2025-06-03 04:30:00+00:00,long,105476.41,105202.66,SL,-97.2032,3142.9027,3.0
2025-06-03 05:00:00+00:00,2025-06-03 08:10:00+00:00,long,105292.43,105037.12,SL,-94.2871,3048.6156,3.0
2025-06-03 12:10:00+00:00,2025-06-03 14:25:00+00:00,long,105360.0,105789.96,TP,182.9169,3231.5325,3.0
2025-06-03 18:35:00+00:00,2025-06-03 20:25:00+00:00,long,105980.0,105631.45,SL,-96.946,3134.5866,3.0
2025-06-03 23:15:00+00:00,2025-06-04 02:05:00+00:00,short,105581.62,105835.37,SL,-94.0376,3040.549,3.0
2025-06-04 02:35:00+00:00,2025-06-04 03:15:00+00:00,short,105492.42,105732.13,SL,-91.2165,2949.3325,3.0
2025-06-04 03:45:00+00:00,2025-06-04 09:50:00+00:00,short,105540.91,105847.61,SL,-88.48,2860.8525,3.0
2025-06-04 13:55:00+00:00,2025-06-04 14:55:00+00:00,short,104761.17,105033.3,SL,-85.8256,2775.0269,3.0
2025-06-04 16:10:00+00:00,2025-06-04 16:50:00+00:00,short,105242.72,105459.98,SL,-83.2508,2691.7761,3.0
2025-06-04 16:55:00+00:00,2025-06-04 17:25:00+00:00,long,105445.89,105213.8,SL,-80.7533,2611.0228,3.0
2025-06-04 20:00:00+00:00,2025-06-04 21:45:00+00:00,short,104800.0,105028.68,SL,-78.3307,2532.6922,3.0
2025-06-04 22:45:00+00:00,2025-06-05 01:00:00+00:00,short,104808.0,105045.4,SL,-75.9808,2456.7114,3.0
2025-06-05 01:35:00+00:00,2025-06-05 02:30:00+00:00,short,104829.08,105080.25,SL,-61.4178,2395.2936,2.5
2025-06-05 03:05:00+00:00,2025-06-05 04:50:00+00:00,short,104990.55,105216.94,SL,-59.8823,2335.4113,2.5
2025-06-05 10:20:00+00:00,2025-06-05 12:10:00+00:00,short,104754.72,105104.09,SL,-58.3853,2277.026,2.5
2025-06-05 16:15:00+00:00,2025-06-05 16:50:00+00:00,short,104092.04,103486.03,TP,113.8513,2390.8773,2.5
2025-06-05 17:45:00+00:00,2025-06-05 18:10:00+00:00,short,103220.01,102736.39,TP,119.5439,2510.4212,2.5
2025-06-05 19:10:00+00:00,2025-06-05 19:15:00+00:00,short,102634.14,101811.0,TP,150.6253,2661.0464,3.0
2025-06-05 23:55:00+00:00,2025-06-06 00:35:00+00:00,short,101508.68,101732.25,SL,-79.8314,2581.215,3.0
2025-06-06 01:50:00+00:00,2025-06-06 02:55:00+00:00,short,101801.18,102203.52,SL,-77.4365,2503.7786,3.0
2025-06-06 04:20:00+00:00,2025-06-06 04:35:00+00:00,short,102450.0,102700.0,SL,-75.1134,2428.6652,3.0
2025-06-06 06:10:00+00:00,2025-06-06 06:20:00+00:00,long,103190.98,102941.41,SL,-60.7166,2367.9486,2.5
2025-06-06 06:30:00+00:00,2025-06-06 09:15:00+00:00,long,103195.92,103667.14,TP,118.3974,2486.346,2.5
2025-06-06 11:15:00+00:00,2025-06-06 13:40:00+00:00,long,103860.47,104370.0,TP,124.3173,2610.6633,2.5
2025-06-06 17:55:00+00:00,2025-06-06 18:10:00+00:00,long,104922.14,104655.99,SL,-78.3199,2532.3434,3.0
2025-06-06 20:10:00+00:00,2025-06-07 00:10:00+00:00,long,104326.07,104087.57,SL,-75.9703,2456.3731,3.0
2025-06-07 00:40:00+00:00,2025-06-07 03:20:00+00:00,long,104337.29,104794.43,TP,122.8187,2579.1918,2.5
2025-06-07 05:45:00+00:00,2025-06-07 08:50:00+00:00,long,104982.14,104737.32,SL,-77.3758,2501.816,3.0
2025-06-07 09:15:00+00:00,2025-06-07 12:25:00+00:00,long,104876.0,105298.99,TP,150.109,2651.925,3.0
2025-06-07 12:35:00+00:00,2025-06-07 19:20:00+00:00,long,105401.56,105837.21,TP,159.1155,2811.0405,3.0
2025-06-07 20:10:00+00:00,2025-06-07 23:20:00+00:00,long,105870.06,105651.26,SL,-84.3312,2726.7093,3.0
2025-06-08 00:30:00+00:00,2025-06-08 03:05:00+00:00,long,105634.95,105399.06,SL,-81.8013,2644.908,3.0
2025-06-08 03:40:00+00:00,2025-06-08 09:25:00+00:00,long,105479.99,105196.58,SL,-79.3472,2565.5608,3.0
2025-06-08 13:30:00+00:00,2025-06-08 13:55:00+00:00,long,105847.99,105627.9,SL,-76.9668,2488.5939,3.0
2025-06-08 14:55:00+00:00,2025-06-08 17:00:00+00:00,long,105829.66,106259.55,TP,124.4297,2613.0236,2.5
2025-06-08 17:20:00+00:00,2025-06-08 17:55:00+00:00,long,106298.97,106082.95,SL,-78.3907,2534.6329,3.0
2025-06-08 18:35:00+00:00,2025-06-08 22:05:00+00:00,long,106289.19,105996.91,SL,-76.039,2458.5939,3.0
2025-06-09 01:35:00+00:00,2025-06-09 08:50:00+00:00,short,105567.04,105898.98,SL,-61.4648,2397.1291,2.5
2025-06-09 11:40:00+00:00,2025-06-09 13:25:00+00:00,long,107737.42,107489.8,SL,-59.9282,2337.2009,2.5
2025-06-09 14:25:00+00:00,2025-06-09 17:05:00+00:00,long,107576.03,108099.99,TP,116.86,2454.0609,2.5
2025-06-09 17:10:00+00:00,2025-06-09 20:30:00+00:00,long,108275.37,108732.37,TP,122.703,2576.7639,2.5
2025-06-09 21:00:00+00:00,2025-06-09 21:15:00+00:00,long,108833.2,109459.78,TP,154.6058,2731.3698,3.0
2025-06-09 22:30:00+00:00,2025-06-09 23:00:00+00:00,long,110346.69,110124.87,SL,-81.9411,2649.4287,3.0
2025-06-10 02:45:00+00:00,2025-06-10 03:10:00+00:00,long,109640.05,109400.14,SL,-79.4829,2569.9458,3.0
2025-06-10 03:45:00+00:00,2025-06-10 05:30:00+00:00,long,109564.68,109251.97,SL,-77.0984,2492.8474,3.0
2025-06-10 06:25:00+00:00,2025-06-10 07:35:00+00:00,long,109400.01,109179.17,SL,-62.3212,2430.5263,2.5
2025-06-10 08:40:00+00:00,2025-06-10 11:25:00+00:00,long,109246.53,109745.28,TP,121.5263,2552.0526,2.5
2025-06-10 12:55:00+00:00,2025-06-10 13:30:00+00:00,long,109697.76,109428.59,SL,-76.5616,2475.491,3.0
2025-06-10 16:45:00+00:00,2025-06-10 18:40:00+00:00,short,108775.25,109082.8,SL,-61.8873,2413.6037,2.5
2025-06-10 20:50:00+00:00,2025-06-10 21:20:00+00:00,long,109887.21,109610.26,SL,-60.3401,2353.2636,2.5
2025-06-10 22:05:00+00:00,2025-06-10 22:35:00+00:00,long,110088.32,109822.82,SL,-58.8316,2294.432,2.5
2025-06-10 23:35:00+00:00,2025-06-11 00:20:00+00:00,long,110070.13,109839.26,SL,-57.3608,2237.0712,2.5
2025-06-11 02:05:00+00:00,2025-06-11 02:20:00+00:00,long,109858.22,109575.81,SL,-55.9268,2181.1445,2.5
2025-06-11 02:35:00+00:00,2025-06-11 06:45:00+00:00,long,109644.45,109401.36,SL,-54.5286,2126.6158,2.5
2025-06-11 07:40:00+00:00,2025-06-11 12:30:00+00:00,short,109504.81,109765.25,SL,-53.1654,2073.4505,2.5
2025-06-11 14:10:00+00:00,2025-06-11 15:05:00+00:00,long,109990.0,109765.5,SL,-51.8363,2021.6142,2.5
2025-06-11 17:40:00+00:00,2025-06-11 18:00:00+00:00,short,109288.63,108811.1,TP,101.0807,2122.6949,2.5
2025-06-11 21:30:00+00:00,2025-06-11 22:20:00+00:00,short,108661.32,108225.14,TP,106.1347,2228.8296,2.5
2025-06-12 00:30:00+00:00,2025-06-12 00:40:00+00:00,short,108435.68,108658.87,SL,-55.7207,2173.1089,2.5
2025-06-12 01:10:00+00:00,2025-06-12 03:20:00+00:00,short,108568.01,107849.71,TP,108.6554,2281.7644,2.5
2025-06-12 07:25:00+00:00,2025-06-12 11:15:00+00:00,short,107663.08,107197.5,TP,114.0882,2395.8526,2.5
2025-06-12 11:20:00+00:00,2025-06-12 12:40:00+00:00,short,107125.2,107407.35,SL,-59.8963,2335.9563,2.5
2025-06-12 13:25:00+00:00,2025-06-12 13:35:00+00:00,short,106833.28,107083.2,SL,-58.3989,2277.5573,2.5
2025-06-12 15:20:00+00:00,2025-06-12 16:25:00+00:00,short,107391.62,107723.07,SL,-56.9389,2220.6184,2.5
2025-06-13 00:00:00+00:00,2025-06-13 00:10:00+00:00,short,104796.22,104328.68,TP,111.0309,2331.6493,2.5
2025-06-13 04:15:00+00:00,2025-06-13 04:30:00+00:00,short,103927.19,104205.38,SL,-58.2912,2273.3581,2.5
2025-06-13 05:25:00+00:00,2025-06-13 06:25:00+00:00,short,104313.74,103848.63,TP,113.6679,2387.026,2.5
2025-06-13 08:40:00+00:00,2025-06-13 12:10:00+00:00,short,104920.94,105180.22,SL,-59.6756,2327.3504,2.5
2025-06-13 12:35:00+00:00,2025-06-13 13:35:00+00:00,short,104962.24,105250.0,SL,-58.1838,2269.1666,2.5
2025-06-13 13:55:00+00:00,2025-06-13 14:25:00+00:00,short,104732.44,104157.01,TP,113.4583,2382.6249,2.5
2025-06-13 18:55:00+00:00,2025-06-13 21:35:00+00:00,long,105193.04,105627.53,TP,119.1312,2501.7562,2.5
2025-06-13 23:00:00+00:00,2025-06-14 01:00:00+00:00,long,105839.99,105566.81,SL,-75.0527,2426.7035,3.0
2025-06-14 02:20:00+00:00,2025-06-14 03:10:00+00:00,long,105503.08,105280.0,SL,-60.6676,2366.0359,2.5
2025-06-14 06:10:00+00:00,2025-06-14 12:40:00+00:00,short,105240.02,104818.21,TP,118.3018,2484.3377,2.5
2025-06-14 13:25:00+00:00,2025-06-14 16:45:00+00:00,short,104934.21,104482.0,TP,124.2169,2608.5546,2.5
2025-06-14 18:35:00+00:00,2025-06-14 18:50:00+00:00,short,104447.07,104701.17,SL,-78.2566,2530.2979,3.0
2025-06-14 19:50:00+00:00,2025-06-14 20:35:00+00:00,short,104739.52,104955.34,SL,-75.9089,2454.389,3.0
2025-06-15 00:50:00+00:00,2025-06-15 05:55:00+00:00,long,105602.81,106073.94,TP,122.7194,2577.1085,2.5
2025-06-15 07:50:00+00:00,2025-06-15 08:30:00+00:00,long,105453.45,105231.55,SL,-77.3133,2499.7952,3.0
2025-06-15 11:30:00+00:00,2025-06-15 12:15:00+00:00,short,104946.0,105159.85,SL,-62.4949,2437.3003,2.5
2025-06-15 14:45:00+00:00,2025-06-15 16:15:00+00:00,long,105677.99,105441.18,SL,-60.9325,2376.3678,2.5
2025-06-15 17:30:00+00:00,2025-06-15 19:35:00+00:00,long,105571.15,105338.03,SL,-59.4092,2316.9586,2.5
2025-06-16 01:45:00+00:00,2025-06-16 02:15:00+00:00,long,105508.6,105952.15,TP,115.8479,2432.8066,2.5
2025-06-16 04:15:00+00:00,2025-06-16 05:15:00+00:00,long,106026.73,106484.0,TP,121.6403,2554.4469,2.5
2025-06-16 07:30:00+00:00,2025-06-16 08:20:00+00:00,long,107216.66,107000.0,SL,-76.6334,2477.8135,3.0
2025-06-16 10:15:00+00:00,2025-06-16 10:45:00+00:00,long,107140.01,106805.86,SL,-61.9453,2415.8681,2.5
2025-06-16 11:40:00+00:00,2025-06-16 12:15:00+00:00,long,106955.0,106706.59,SL,-60.3967,2355.4714,2.5
2025-06-16 12:45:00+00:00,2025-06-16 14:15:00+00:00,long,106781.0,107219.99,TP,117.7736,2473.245,2.5
2025-06-16 17:15:00+00:00,2025-06-16 19:05:00+00:00,long,107897.18,108697.18,TP,123.6623,2596.9073,2.5
2025-06-16 22:10:00+00:00,2025-06-16 22:30:00+00:00,long,108783.77,108562.78,SL,-77.9072,2519.0,3.0
2025-06-17 02:20:00+00:00,2025-06-17 02:50:00+00:00,short,106837.2,107308.0,SL,-75.57,2443.43,3.0
2025-06-17 08:45:00+00:00,2025-06-17 10:05:00+00:00,short,106520.0,106070.09,TP,122.1715,2565.6015,2.5
2025-06-17 13:05:00+00:00,2025-06-17 13:35:00+00:00,short,105488.73,105722.99,SL,-76.968,2488.6335,3.0
2025-06-17 13:45:00+00:00,2025-06-17 14:10:00+00:00,short,105372.2,105672.55,SL,-62.2158,2426.4177,2.5
2025-06-17 14:20:00+00:00,2025-06-17 14:55:00+00:00,short,105288.07,104847.33,TP,121.3209,2547.7385,2.5
2025-06-17 16:50:00+00:00,2025-06-17 17:20:00+00:00,short,103554.34,103856.48,SL,-76.4322,2471.3064,3.0
2025-06-17 20:00:00+00:00,2025-06-17 21:05:00+00:00,short,104729.03,104296.32,TP,123.5653,2594.8717,2.5
2025-06-17 22:00:00+00:00,2025-06-17 22:05:00+00:00,short,104424.88,104653.05,SL,-77.8462,2517.0256,3.0
2025-06-17 22:30:00+00:00,2025-06-17 23:35:00+00:00,short,104483.08,104699.99,SL,-75.5108,2441.5148,3.0
2025-06-18 00:20:00+00:00,2025-06-18 00:55:00+00:00,short,104595.35,104842.78,SL,-61.0379,2380.4769,2.5
2025-06-18 01:40:00+00:00,2025-06-18 02:25:00+00:00,short,104805.24,105058.9,SL,-59.5119,2320.965,2.5
2025-06-18 02:55:00+00:00,2025-06-18 03:30:00+00:00,short,104856.06,105144.5,SL,-58.0241,2262.9409,2.5
2025-06-18 04:30:00+00:00,2025-06-18 06:45:00+00:00,long,105268.65,105008.79,SL,-56.5735,2206.3673,2.5
2025-06-18 08:40:00+00:00,2025-06-18 09:00:00+00:00,short,104807.5,105137.64,SL,-55.1592,2151.2082,2.5
2025-06-18 09:25:00+00:00,2025-06-18 10:30:00+00:00,short,104883.3,104457.19,TP,107.5604,2258.7686,2.5
2025-06-18 12:40:00+00:00,2025-06-18 13:10:00+00:00,short,104487.69,104054.85,TP,112.9384,2371.707,2.5
2025-06-18 14:55:00+00:00,2025-06-18 15:35:00+00:00,short,104619.88,104909.99,SL,-59.2927,2312.4143,2.5
2025-06-18 15:45:00+00:00,2025-06-18 16:00:00+00:00,long,104949.75,104699.91,SL,-57.8104,2254.604,2.5
2025-06-18 18:55:00+00:00,2025-06-18 19:00:00+00:00,short,103623.39,103933.17,SL,-56.3651,2198.2389,2.5
2025-06-18 19:55:00+00:00,2025-06-18 20:15:00+00:00,short,103808.41,104021.96,SL,-54.956,2143.2829,2.5
2025-06-19 00:20:00+00:00,2025-06-19 01:00:00+00:00,long,104954.32,104583.92,SL,-53.5821,2089.7008,2.5
2025-06-19 02:25:00+00:00,2025-06-19 05:05:00+00:00,long,104704.9,105124.34,TP,104.485,2194.1859,2.5
2025-06-19 07:05:00+00:00,2025-06-19 13:35:00+00:00,long,104797.06,104561.14,SL,-54.8546,2139.3312,2.5
2025-06-19 14:40:00+00:00,2025-06-19 17:35:00+00:00,short,104350.0,104663.0,SL,-53.4833,2085.8479,2.5
2025-06-19 18:30:00+00:00,2025-06-19 22:35:00+00:00,short,104439.99,104676.16,SL,-52.1462,2033.7017,2.5
2025-06-19 23:10:00+00:00,2025-06-20 01:20:00+00:00,long,104725.31,104508.72,SL,-50.8425,1982.8592,2.5
2025-06-20 01:50:00+00:00,2025-06-20 02:30:00+00:00,long,104788.61,104559.46,SL,-49.5715,1933.2877,2.5
2025-06-20 03:25:00+00:00,2025-06-20 04:35:00+00:00,long,104690.91,104447.22,SL,-48.3322,1884.9555,2.5
2025-06-20 07:15:00+00:00,2025-06-20 07:40:00+00:00,long,104999.99,105468.29,TP,94.2478,1979.2033,2.5
2025-06-20 12:35:00+00:00,2025-06-20 13:45:00+00:00,long,106083.99,105576.61,SL,-49.4801,1929.7232,2.5
2025-06-20 16:55:00+00:00,2025-06-20 17:15:00+00:00,short,103670.61,103146.86,TP,96.4862,2026.2094,2.5
2025-06-20 21:10:00+00:00,2025-06-20 22:15:00+00:00,short,103534.49,103113.0,TP,101.3105,2127.5198,2.5
2025-06-21 01:05:00+00:00,2025-06-21 01:40:00+00:00,short,103223.58,103454.0,SL,-53.188,2074.3318,2.5
2025-06-21 02:25:00+00:00,2025-06-21 03:15:00+00:00,short,103382.17,103644.74,SL,-51.8583,2022.4736,2.5
2025-06-21 03:50:00+00:00,2025-06-21 08:55:00+00:00,short,103563.96,103826.03,SL,-50.5618,1971.9117,2.5
2025-06-21 12:05:00+00:00,2025-06-21 13:40:00+00:00,long,103943.43,103713.49,SL,-49.2978,1922.6139,2.5
2025-06-21 14:50:00+00:00,2025-06-21 18:50:00+00:00,short,103479.99,102928.08,TP,96.1307,2018.7446,2.5
2025-06-21 21:20:00+00:00,2025-06-21 21:25:00+00:00,short,101581.2,101848.0,SL,-50.4686,1968.276,2.5
2025-06-21 23:20:00+00:00,2025-06-21 23:30:00+00:00,short,101453.05,101012.95,TP,98.4138,2066.6898,2.5
2025-06-22 01:15:00+00:00,2025-06-22 02:00:00+00:00,short,102562.02,102841.22,SL,-51.6672,2015.0226,2.5
2025-06-22 03:20:00+00:00,2025-06-22 04:05:00+00:00,short,102217.99,102717.06,SL,-50.3756,1964.647,2.5
2025-06-22 05:40:00+00:00,2025-06-22 06:10:00+00:00,short,102677.0,102910.3,SL,-49.1162,1915.5308,2.5
2025-06-22 09:20:00+00:00,2025-06-22 11:05:00+00:00,short,102369.11,102593.99,SL,-47.8883,1867.6425,2.5
2025-06-22 18:15:00+00:00,2025-06-22 19:25:00+00:00,short,99505.28,99093.14,TP,93.3821,1961.0247,2.5
2025-06-22 21:55:00+00:00,2025-06-22 22:00:00+00:00,short,99173.83,99832.0,SL,-49.0256,1911.9991,2.5
2025-06-23 00:45:00+00:00,2025-06-23 00:50:00+00:00,long,101445.55,101221.88,SL,-47.8,1864.1991,2.5
2025-06-23 01:55:00+00:00,2025-06-23 05:25:00+00:00,long,101101.64,101514.8,TP,93.21,1957.409,2.5
2025-06-23 10:50:00+00:00,2025-06-23 11:20:00+00:00,long,101489.17,101227.99,SL,-48.9352,1908.4738,2.5
2025-06-23 11:45:00+00:00,2025-06-23 12:15:00+00:00,long,101343.37,101129.68,SL,-47.7118,1860.762,2.5
2025-06-23 12:30:00+00:00,2025-06-23 12:55:00+00:00,long,101267.67,101684.7,TP,93.0381,1953.8001,2.5
2025-06-23 13:20:00+00:00,2025-06-23 13:35:00+00:00,short,101153.84,101682.6,SL,-48.845,1904.9551,2.5
2025-06-23 20:15:00+00:00,2025-06-23 21:20:00+00:00,long,103643.89,104085.56,TP,95.2478,2000.2028,2.5
2025-06-23 22:05:00+00:00,2025-06-23 22:20:00+00:00,long,105055.37,105753.0,TP,100.0101,2100.213,2.5
2025-06-24 01:50:00+00:00,2025-06-24 02:05:00+00:00,long,105308.0,104962.67,SL,-52.5053,2047.7076,2.5
2025-06-24 03:20:00+00:00,2025-06-24 04:05:00+00:00,long,105113.39,104877.08,SL,-51.1927,1996.5149,2.5
2025-06-24 04:35:00+00:00,2025-06-24 05:35:00+00:00,long,104886.14,105349.61,TP,99.8257,2096.3407,2.5
2025-06-24 08:55:00+00:00,2025-06-24 14:15:00+00:00,long,104996.77,105470.02,TP,104.817,2201.1577,2.5
2025-06-24 16:35:00+00:00,2025-06-24 16:50:00+00:00,long,105531.54,106000.0,TP,110.0579,2311.2156,2.5
2025-06-24 17:40:00+00:00,2025-06-24 18:15:00+00:00,long,106069.15,105676.0,SL,-57.7804,2253.4352,2.5
2025-06-24 19:55:00+00:00,2025-06-24 20:55:00+00:00,long,105643.19,106087.3,TP,112.6718,2366.107,2.5
2025-06-24 21:45:00+00:00,2025-06-24 22:00:00+00:00,long,106109.42,105772.0,SL,-59.1527,2306.9543,2.5
2025-06-24 23:50:00+00:00,2025-06-25 00:10:00+00:00,long,105949.5,106438.21,TP,115.3477,2422.302,2.5
2025-06-25 00:55:00+00:00,2025-06-25 01:15:00+00:00,long,106407.34,106133.35,SL,-60.5575,2361.7445,2.5
2025-06-25 01:40:00+00:00,2025-06-25 04:10:00+00:00,long,106412.99,106178.08,SL,-59.0436,2302.7009,2.5
2025-06-25 05:00:00+00:00,2025-06-25 07:40:00+00:00,long,106236.09,106672.03,TP,115.135,2417.8359,2.5
2025-06-25 09:00:00+00:00,2025-06-25 10:25:00+00:00,long,106647.05,107108.63,TP,120.8918,2538.7277,2.5
2025-06-25 11:40:00+00:00,2025-06-25 12:30:00+00:00,long,107186.86,106971.4,SL,-76.1618,2462.5659,3.0
2025-06-25 13:00:00+00:00,2025-06-25 13:15:00+00:00,long,107232.1,107756.57,TP,123.1283,2585.6942,2.5
2025-06-25 16:10:00+00:00,2025-06-25 16:45:00+00:00,long,107358.29,107006.09,SL,-77.5708,2508.1233,3.0
2025-06-25 17:00:00+00:00,2025-06-25 19:05:00+00:00,long,107186.3,107664.01,TP,150.4874,2658.6107,3.0
2025-06-25 20:50:00+00:00,2025-06-25 21:10:00+00:00,long,107836.88,107573.2,SL,-79.7583,2578.8524,3.0
2025-06-25 23:15:00+00:00,2025-06-26 01:15:00+00:00,long,107359.72,107108.14,SL,-77.3656,2501.4868,3.0
2025-06-26 01:30:00+00:00,2025-06-26 03:00:00+00:00,long,107680.39,108199.23,TP,150.0892,2651.576,3.0
2025-06-26 06:10:00+00:00,2025-06-26 09:05:00+00:00,long,107741.3,107453.74,SL,-79.5473,2572.0288,3.0
2025-06-26 10:20:00+00:00,2025-06-26 14:30:00+00:00,short,107280.0,107626.21,SL,-77.1609,2494.8679,3.0
2025-06-26 15:20:00+00:00,2025-06-26 15:25:00+00:00,short,107376.59,106925.41,TP,124.7434,2619.6113,2.5
2025-06-26 16:15:00+00:00,2025-06-26 17:00:00+00:00,short,107105.19,107399.0,SL,-78.5883,2541.023,3.0
2025-06-26 17:55:00+00:00,2025-06-26 18:05:00+00:00,short,107192.99,107439.94,SL,-76.2307,2464.7923,3.0
2025-06-26 18:30:00+00:00,2025-06-26 19:15:00+00:00,short,107275.01,107536.5,SL,-61.6198,2403.1725,2.5
2025-06-26 20:05:00+00:00,2025-06-26 21:10:00+00:00,long,107626.0,107406.71,SL,-60.0793,2343.0932,2.5
2025-06-26 22:50:00+00:00,2025-06-27 01:05:00+00:00,short,106973.25,106525.69,TP,117.1547,2460.2478,2.5
2025-06-27 03:10:00+00:00,2025-06-27 03:30:00+00:00,short,107168.79,107420.98,SL,-61.5062,2398.7416,2.5
2025-06-27 04:50:00+00:00,2025-06-27 05:25:00+00:00,long,107557.14,107327.79,SL,-59.9685,2338.7731,2.5
2025-06-27 06:50:00+00:00,2025-06-27 07:35:00+00:00,long,107375.55,107072.61,SL,-58.4693,2280.3037,2.5
2025-06-27 10:55:00+00:00,2025-06-27 13:45:00+00:00,short,106995.32,106549.61,TP,114.0152,2394.3189,2.5
2025-06-27 14:15:00+00:00,2025-06-27 15:25:00+00:00,short,106560.54,106781.82,SL,-59.858,2334.461,2.5
2025-06-27 21:25:00+00:00,2025-06-28 00:00:00+00:00,long,107169.59,106948.34,SL,-58.3615,2276.0994,2.5
2025-06-28 01:10:00+00:00,2025-06-28 02:15:00+00:00,short,106912.5,107128.79,SL,-56.9025,2219.197,2.5
2025-06-28 03:20:00+00:00,2025-06-29 08:30:00+00:00,long,107165.38,107627.72,TP,110.9598,2330.1568,2.5
2025-06-29 11:50:00+00:00,2025-06-29 12:10:00+00:00,long,108425.0,108176.43,SL,-58.2539,2271.9029,2.5
2025-06-29 14:10:00+00:00,2025-06-29 14:35:00+00:00,long,108207.59,107868.47,SL,-56.7976,2215.1053,2.5
2025-06-29 15:35:00+00:00,2025-06-29 16:05:00+00:00,long,107934.87,107667.46,SL,-55.3776,2159.7277,2.5
2025-06-29 17:35:00+00:00,2025-06-29 17:55:00+00:00,short,107316.46,107544.44,SL,-53.9932,2105.7345,2.5
2025-06-29 19:20:00+00:00,2025-06-29 22:00:00+00:00,short,107526.39,107748.55,SL,-52.6434,2053.0911,2.5
2025-06-30 00:20:00+00:00,2025-06-30 02:00:00+00:00,long,108686.38,108468.6,SL,-51.3273,2001.7638,2.5
2025-06-30 06:05:00+00:00,2025-06-30 06:35:00+00:00,long,108252.68,107871.99,SL,-50.0441,1951.7197,2.5
2025-06-30 10:05:00+00:00,2025-06-30 11:00:00+00:00,short,107473.94,107690.09,SL,-48.793,1902.9268,2.5
2025-06-30 11:55:00+00:00,2025-06-30 14:05:00+00:00,short,107654.2,107168.73,TP,95.1463,1998.0731,2.5
2025-06-30 17:50:00+00:00,2025-06-30 21:50:00+00:00,short,107534.28,107074.89,TP,99.9037,2097.9767,2.5
2025-06-30 22:50:00+00:00,2025-07-01 00:10:00+00:00,short,107090.07,107335.08,SL,-52.4494,2045.5273,2.5
2025-07-01 01:45:00+00:00,2025-07-01 04:50:00+00:00,short,107356.53,106903.22,TP,102.2764,2147.8037,2.5
2025-07-01 07:20:00+00:00,2025-07-01 07:30:00+00:00,short,106694.12,106999.02,SL,-53.6951,2094.1086,2.5
2025-07-01 08:20:00+00:00,2025-07-01 09:40:00+00:00,short,106950.0,106509.91,TP,104.7054,2198.814,2.5
2025-07-01 10:25:00+00:00,2025-07-01 12:00:00+00:00,short,106470.49,106699.01,SL,-54.9704,2143.8437,2.5
2025-07-01 12:25:00+00:00,2025-07-01 13:25:00+00:00,short,106400.0,106615.17,SL,-53.5961,2090.2476,2.5
2025-07-01 14:30:00+00:00,2025-07-01 14:45:00+00:00,short,106432.49,105829.23,TP,104.5124,2194.76,2.5
2025-07-01 18:15:00+00:00,2025-07-01 19:00:00+00:00,short,106007.11,105574.52,TP,109.738,2304.498,2.5
2025-07-01 21:50:00+00:00,2025-07-01 23:10:00+00:00,short,105819.22,105384.73,TP,115.2249,2419.7229,2.5
2025-07-02 00:45:00+00:00,2025-07-02 01:40:00+00:00,short,105465.99,105764.37,SL,-60.4931,2359.2298,2.5
2025-07-02 02:20:00+00:00,2025-07-02 02:45:00+00:00,short,105561.76,105874.04,SL,-58.9807,2300.249,2.5
2025-07-02 04:55:00+00:00,2025-07-02 06:30:00+00:00,long,106382.86,106856.22,TP,115.0125,2415.2615,2.5
2025-07-02 07:50:00+00:00,2025-07-02 08:20:00+00:00,long,107170.87,107626.28,TP,120.7631,2536.0246,2.5
2025-07-02 13:00:00+00:00,2025-07-02 14:10:00+00:00,long,107458.66,107994.81,TP,152.1615,2688.186,3.0
2025-07-02 18:50:00+00:00,2025-07-02 20:50:00+00:00,long,109455.45,109221.98,SL,-80.6456,2607.5405,3.0
2025-07-02 21:30:00+00:00,2025-07-02 22:50:00+00:00,long,109353.17,109119.23,SL,-78.2262,2529.3143,3.0
2025-07-03 00:05:00+00:00,2025-07-03 00:30:00+00:00,long,108979.99,108761.8,SL,-75.8794,2453.4348,3.0
2025-07-03 00:35:00+00:00,2025-07-03 02:25:00+00:00,long,108834.99,108603.52,SL,-61.3359,2392.099,2.5
2025-07-03 03:05:00+00:00,2025-07-03 05:30:00+00:00,long,108720.0,109235.1,TP,119.6049,2511.7039,2.5
2025-07-03 08:15:00+00:00,2025-07-03 09:20:00+00:00,long,109462.0,109940.83,TP,150.7022,2662.4061,3.0
2025-07-03 13:10:00+00:00,2025-07-03 13:30:00+00:00,long,109339.84,109811.72,TP,159.7444,2822.1505,3.0
2025-07-03 16:35:00+00:00,2025-07-03 19:00:00+00:00,long,109319.5,109812.19,TP,169.329,2991.4795,3.0
2025-07-03 20:00:00+00:00,2025-07-03 23:15:00+00:00,long,109870.64,109605.33,SL,-89.7444,2901.7351,3.0
2025-07-04 00:05:00+00:00,2025-07-04 02:15:00+00:00,long,109626.91,109293.36,SL,-87.0521,2814.6831,3.0
2025-07-04 04:35:00+00:00,2025-07-04 08:05:00+00:00,short,109110.26,108637.8,TP,168.881,2983.5641,3.0
2025-07-04 10:20:00+00:00,2025-07-04 13:30:00+00:00,short,108940.05,108503.12,TP,179.0138,3162.5779,3.0
2025-07-04 16:10:00+00:00,2025-07-04 16:45:00+00:00,short,107447.98,107671.45,SL,-94.8773,3067.7006,3.0
2025-07-04 18:20:00+00:00,2025-07-04 21:45:00+00:00,short,107685.03,107913.81,SL,-92.031,2975.6696,3.0
2025-07-04 23:05:00+00:00,2025-07-05 04:25:00+00:00,short,108148.0,108380.65,SL,-89.2701,2886.3995,3.0
2025-07-05 06:00:00+00:00,2025-07-05 09:05:00+00:00,long,108154.73,107926.06,SL,-86.592,2799.8075,3.0
2025-07-05 11:55:00+00:00,2025-07-06 13:20:00+00:00,short,108112.21,108377.55,SL,-83.9942,2715.8133,3.0
2025-07-06 17:30:00+00:00,2025-07-06 18:25:00+00:00,long,108923.56,108554.78,SL,-81.4744,2634.3389,3.0
2025-07-06 19:50:00+00:00,2025-07-06 21:10:00+00:00,long,108472.24,108921.67,TP,158.0603,2792.3992,3.0
2025-07-07 01:30:00+00:00,2025-07-07 02:15:00+00:00,long,109035.45,109499.13,TP,167.544,2959.9432,3.0
2025-07-07 03:25:00+00:00,2025-07-07 03:55:00+00:00,long,109615.99,109389.47,SL,-88.7983,2871.1449,3.0
2025-07-07 06:10:00+00:00,2025-07-07 06:40:00+00:00,long,109136.0,108822.2,SL,-86.1343,2785.0105,3.0
2025-07-07 09:05:00+00:00,2025-07-07 12:15:00+00:00,short,108858.07,108413.33,TP,167.1006,2952.1111,3.0
2025-07-07 14:25:00+00:00,2025-07-07 15:10:00+00:00,short,108143.88,108448.54,SL,-88.5633,2863.5478,3.0
2025-07-07 16:00:00+00:00,2025-07-07 17:00:00+00:00,short,108320.0,107850.0,TP,171.8129,3035.3607,3.0
2025-07-07 17:55:00+00:00,2025-07-07 19:00:00+00:00,short,107943.15,108165.19,SL,-91.0608,2944.2999,3.0
2025-07-07 20:00:00+00:00,2025-07-07 20:30:00+00:00,short,107916.95,108140.49,SL,-88.329,2855.9709,3.0
2025-07-07 20:40:00+00:00,2025-07-07 23:30:00+00:00,short,108004.98,108280.0,SL,-85.6791,2770.2917,3.0
2025-07-08 00:20:00+00:00,2025-07-08 00:40:00+00:00,short,108246.0,108522.35,SL,-83.1088,2687.183,3.0
2025-07-08 00:55:00+00:00,2025-07-08 01:50:00+00:00,short,108299.99,107826.21,TP,161.231,2848.414,3.0
2025-07-08 02:45:00+00:00,2025-07-08 03:00:00+00:00,short,107566.85,107805.58,SL,-85.4524,2762.9615,3.0
2025-07-08 07:35:00+00:00,2025-07-08 10:35:00+00:00,long,108385.67,108831.83,TP,165.7777,2928.7392,3.0
2025-07-08 12:55:00+00:00,2025-07-08 13:35:00+00:00,long,108949.19,108642.0,SL,-87.8622,2840.8771,3.0
2025-07-08 13:45:00+00:00,2025-07-08 14:05:00+00:00,long,109024.0,108719.43,SL,-85.2263,2755.6507,3.0
2025-07-08 21:30:00+00:00,2025-07-09 03:10:00+00:00,long,108803.5,108468.01,SL,-82.6695,2672.9812,3.0
2025-07-09 06:50:00+00:00,2025-07-09 09:05:00+00:00,long,108853.73,108604.77,SL,-80.1894,2592.7918,3.0
2025-07-09 09:45:00+00:00,2025-07-09 12:05:00+00:00,long,108768.58,109230.99,TP,155.5675,2748.3593,3.0
2025-07-09 13:05:00+00:00,2025-07-09 13:30:00+00:00,long,109728.99,109466.0,SL,-82.4508,2665.9085,3.0
2025-07-09 15:20:00+00:00,2025-07-09 18:05:00+00:00,long,109014.63,109450.72,TP,159.9545,2825.863,3.0
2025-07-09 22:45:00+00:00,2025-07-10 00:25:00+00:00,long,111399.99,111147.33,SL,-84.7759,2741.0871,3.0
2025-07-10 01:30:00+00:00,2025-07-10 10:45:00+00:00,long,111156.34,110903.32,SL,-82.2326,2658.8545,3.0
2025-07-10 10:55:00+00:00,2025-07-10 12:10:00+00:00,long,111088.51,110812.87,SL,-79.7656,2579.0889,3.0
2025-07-10 13:00:00+00:00,2025-07-10 13:45:00+00:00,long,110911.27,110629.32,SL,-77.3727,2501.7162,3.0
2025-07-10 20:40:00+00:00,2025-07-10 21:15:00+00:00,long,113566.3,116195.25,TP,150.103,2651.8192,3.0
2025-07-11 01:20:00+00:00,2025-07-11 02:05:00+00:00,long,115951.81,115709.28,SL,-79.5546,2572.2646,3.0
2025-07-11 02:10:00+00:00,2025-07-11 02:35:00+00:00,long,115976.45,116463.49,TP,154.3359,2726.6005,3.0
2025-07-11 03:55:00+00:00,2025-07-11 04:05:00+00:00,long,116881.7,116642.79,SL,-81.798,2644.8025,3.0
2025-07-11 04:55:00+00:00,2025-07-11 05:25:00+00:00,long,116918.16,117493.81,TP,158.6882,2803.4906,3.0
2025-07-11 08:25:00+00:00,2025-07-11 09:35:00+00:00,long,117985.31,118783.94,TP,168.2094,2971.7001,3.0
2025-07-11 12:00:00+00:00,2025-07-11 13:15:00+00:00,long,117980.5,117700.1,SL,-89.151,2882.5491,3.0
2025-07-11 13:55:00+00:00,2025-07-11 14:50:00+00:00,long,117989.18,117619.99,SL,-86.4765,2796.0726,3.0
2025-07-11 16:30:00+00:00,2025-07-11 19:15:00+00:00,long,117328.52,117979.78,TP,167.7644,2963.837,3.0
2025-07-11 22:55:00+00:00,2025-07-12 00:35:00+00:00,long,117615.89,117263.99,SL,-88.9151,2874.9218,3.0
2025-07-12 01:00:00+00:00,2025-07-12 09:20:00+00:00,long,117554.99,118032.32,TP,172.4953,3047.4172,3.0
2025-07-12 10:30:00+00:00,2025-07-12 11:40:00+00:00,long,118122.64,117676.3,SL,-91.4225,2955.9946,3.0
2025-07-12 14:50:00+00:00,2025-07-12 19:05:00+00:00,short,117329.83,117609.99,SL,-88.6798,2867.3148,3.0
2025-07-12 19:30:00+00:00,2025-07-13 03:20:00+00:00,short,117475.37,117747.91,SL,-86.0194,2781.2954,3.0
2025-07-13 04:45:00+00:00,2025-07-13 12:50:00+00:00,long,117865.72,118511.35,TP,166.8777,2948.1731,3.0
2025-07-13 13:30:00+00:00,2025-07-13 14:15:00+00:00,long,118531.57,119265.87,TP,176.8904,3125.0635,3.0
2025-07-13 17:35:00+00:00,2025-07-13 19:25:00+00:00,long,118760.25,119253.19,TP,187.5038,3312.5673,3.0
2025-07-13 20:25:00+00:00,2025-07-13 21:00:00+00:00,long,119280.0,119028.74,SL,-99.377,3213.1903,3.0
2025-07-13 22:35:00+00:00,2025-07-14 00:20:00+00:00,long,118690.33,119268.0,TP,192.7914,3405.9817,3.0
2025-07-14 02:15:00+00:00,2025-07-14 02:25:00+00:00,long,119179.99,119834.51,TP,204.3589,3610.3406,3.0
2025-07-14 05:20:00+00:00,2025-07-14 05:45:00+00:00,long,122404.41,121925.2,SL,-108.3102,3502.0304,3.0
2025-07-14 07:35:00+00:00,2025-07-14 08:00:00+00:00,long,122896.11,122521.37,SL,-105.0609,3396.9694,3.0
2025-07-14 10:35:00+00:00,2025-07-14 11:00:00+00:00,long,122122.0,121820.43,SL,-101.9091,3295.0604,3.0
2025-07-14 12:00:00+00:00,2025-07-14 13:30:00+00:00,long,121623.69,121320.0,SL,-98.8518,3196.2085,3.0
2025-07-14 13:45:00+00:00,2025-07-14 14:05:00+00:00,long,121925.8,121654.0,SL,-95.8863,3100.3223,3.0
2025-07-14 17:50:00+00:00,2025-07-14 18:20:00+00:00,short,119840.09,120098.45,SL,-93.0097,3007.3126,3.0
2025-07-14 18:50:00+00:00,2025-07-14 19:05:00+00:00,short,119699.99,120056.49,SL,-90.2194,2917.0932,3.0
2025-07-14 19:20:00+00:00,2025-07-14 19:30:00+00:00,short,119682.36,120010.31,SL,-87.5128,2829.5804,3.0
2025-07-14 21:10:00+00:00,2025-07-14 21:50:00+00:00,short,119845.42,120183.5,SL,-84.8874,2744.693,3.0
2025-07-14 21:55:00+00:00,2025-07-14 22:25:00+00:00,short,120034.98,120288.35,SL,-82.3408,2662.3522,3.0
2025-07-14 22:45:00+00:00,2025-07-15 00:10:00+00:00,short,120121.87,119627.47,TP,159.7411,2822.0934,3.0
2025-07-15 01:55:00+00:00,2025-07-15 02:00:00+00:00,short,118431.71,118783.48,SL,-84.6628,2737.4306,3.0
2025-07-15 03:00:00+00:00,2025-07-15 04:00:00+00:00,short,117529.25,117004.58,TP,164.2458,2901.6764,3.0
2025-07-15 04:05:00+00:00,2025-07-15 04:10:00+00:00,short,116726.33,116984.15,SL,-87.0503,2814.6261,3.0
2025-07-15 05:45:00+00:00,2025-07-15 07:35:00+00:00,short,117192.74,116700.03,TP,168.8776,2983.5037,3.0
2025-07-15 08:15:00+00:00,2025-07-15 09:05:00+00:00,short,116634.01,117023.63,SL,-89.5051,2893.9986,3.0
2025-07-15 09:55:00+00:00,2025-07-15 10:30:00+00:00,short,116779.99,117029.86,SL,-86.82,2807.1786,3.0
2025-07-15 11:10:00+00:00,2025-07-15 11:55:00+00:00,short,116780.0,117113.98,SL,-84.2154,2722.9633,3.0
2025-07-15 12:40:00+00:00,2025-07-15 12:45:00+00:00,short,116533.55,116882.9,SL,-81.6889,2641.2744,3.0
2025-07-15 14:20:00+00:00,2025-07-15 14:35:00+00:00,short,117764.0,117040.0,TP,158.4765,2799.7508,3.0
2025-07-15 18:00:00+00:00,2025-07-15 18:25:00+00:00,short,117272.02,116785.99,TP,167.9851,2967.7359,3.0
2025-07-15 19:35:00+00:00,2025-07-15 21:10:00+00:00,short,116615.23,116955.34,SL,-89.0321,2878.7038,3.0
2025-07-15 22:40:00+00:00,2025-07-16 00:10:00+00:00,long,117729.27,117436.55,SL,-86.3611,2792.3427,3.0
2025-07-16 00:40:00+00:00,2025-07-16 01:25:00+00:00,long,117920.0,117663.57,SL,-83.7703,2708.5724,3.0
2025-07-16 06:25:00+00:00,2025-07-16 08:35:00+00:00,long,118060.0,118700.71,TP,162.5143,2871.0867,3.0
2025-07-16 12:30:00+00:00,2025-07-16 12:55:00+00:00,long,118965.34,118613.43,SL,-86.1326,2784.9541,3.0
2025-07-16 13:30:00+00:00,2025-07-16 13:35:00+00:00,long,118906.0,118609.96,SL,-83.5486,2701.4055,3.0
2025-07-16 14:40:00+00:00,2025-07-16 15:00:00+00:00,long,118632.71,119310.91,TP,162.0843,2863.4899,3.0
2025-07-16 15:45:00+00:00,2025-07-16 16:00:00+00:00,long,119295.99,118774.95,SL,-85.9047,2777.5852,3.0
2025-07-16 16:35:00+00:00,2025-07-16 18:40:00+00:00,long,119181.99,119710.06,TP,166.6551,2944.2403,3.0
2025-07-16 20:15:00+00:00,2025-07-16 20:35:00+00:00,long,119277.21,119764.48,TP,176.6544,3120.8947,3.0
2025-07-17 01:20:00+00:00,2025-07-17 01:45:00+00:00,short,118632.03,117763.99,TP,187.2537,3308.1484,3.0
2025-07-17 03:10:00+00:00,2025-07-17 04:10:00+00:00,short,118000.01,118266.55,SL,-99.2445,3208.9039,3.0
2025-07-17 05:35:00+00:00,2025-07-17 05:40:00+00:00,short,118296.21,118566.34,SL,-96.2671,3112.6368,3.0
2025-07-17 06:35:00+00:00,2025-07-17 07:25:00+00:00,short,118427.33,117932.73,TP,186.7582,3299.395,3.0
2025-07-17 08:10:00+00:00,2025-07-17 08:40:00+00:00,short,118133.28,118392.67,SL,-98.9818,3200.4132,3.0
2025-07-17 15:40:00+00:00,2025-07-17 16:00:00+00:00,long,119073.45,118826.82,SL,-96.0124,3104.4008,3.0
2025-07-17 17:05:00+00:00,2025-07-17 17:35:00+00:00,long,118928.0,118543.29,SL,-93.132,3011.2687,3.0
2025-07-17 17:45:00+00:00,2025-07-17 18:20:00+00:00,long,119059.99,119561.91,TP,180.6761,3191.9449,3.0
2025-07-17 20:40:00+00:00,2025-07-17 21:00:00+00:00,long,119261.05,119799.6,TP,191.5167,3383.4615,3.0
2025-07-18 00:25:00+00:00,2025-07-18 01:10:00+00:00,long,119501.0,120272.01,TP,203.0077,3586.4692,3.0
2025-07-18 03:50:00+00:00,2025-07-18 04:05:00+00:00,long,120234.54,119910.7,SL,-107.5941,3478.8752,3.0
2025-07-18 04:35:00+00:00,2025-07-18 07:15:00+00:00,long,120300.0,119849.34,SL,-104.3663,3374.5089,3.0
2025-07-18 13:00:00+00:00,2025-07-18 14:15:00+00:00,short,119029.1,118338.82,TP,202.4705,3576.9794,3.0
2025-07-18 18:05:00+00:00,2025-07-18 19:20:00+00:00,short,117452.79,117829.94,SL,-107.3094,3469.6701,3.0
2025-07-18 19:55:00+00:00,2025-07-18 20:30:00+00:00,short,117374.76,116819.36,TP,208.1802,3677.8503,3.0
2025-07-18 22:00:00+00:00,2025-07-18 22:20:00+00:00,short,117478.71,117760.0,SL,-110.3355,3567.5148,3.0
2025-07-18 22:50:00+00:00,2025-07-18 23:30:00+00:00,short,117642.87,117899.99,SL,-107.0254,3460.4893,3.0
2025-07-19 00:35:00+00:00,2025-07-19 02:45:00+00:00,short,117912.02,118191.31,SL,-103.8147,3356.6746,3.0
2025-07-19 05:40:00+00:00,2025-07-19 08:30:00+00:00,long,118269.45,117962.25,SL,-100.7002,3255.9744,3.0
2025-07-19 09:05:00+00:00,2025-07-19 14:25:00+00:00,long,118154.99,117877.57,SL,-97.6792,3158.2952,3.0
2025-07-19 16:05:00+00:00,2025-07-19 21:20:00+00:00,short,117891.38,117334.3,TP,189.4977,3347.7929,3.0
2025-07-20 00:05:00+00:00,2025-07-20 01:00:00+00:00,short,117743.47,117987.18,SL,-100.4338,3247.3591,3.0
2025-07-20 01:55:00+00:00,2025-07-20 07:40:00+00:00,short,117941.25,118215.3,SL,-97.4208,3149.9383,3.0
2025-07-20 12:00:00+00:00,2025-07-20 12:20:00+00:00,short,117776.42,118055.41,SL,-94.4981,3055.4402,3.0
2025-07-20 12:35:00+00:00,2025-07-20 12:50:00+00:00,short,117846.88,118106.36,SL,-91.6632,2963.777,3.0
2025-07-20 15:30:00+00:00,2025-07-20 16:20:00+00:00,long,118731.04,118478.73,SL,-88.9133,2874.8637,3.0
2025-07-20 18:25:00+00:00,2025-07-20 20:00:00+00:00,long,118214.13,117939.3,SL,-86.2459,2788.6177,3.0
2025-07-20 20:45:00+00:00,2025-07-20 21:00:00+00:00,long,118262.99,117925.1,SL,-83.6585,2704.9592,3.0
2025-07-20 22:00:00+00:00,2025-07-20 22:10:00+00:00,short,117652.25,116918.3,TP,162.2976,2867.2568,3.0
2025-07-20 23:30:00+00:00,2025-07-21 00:15:00+00:00,short,117120.01,116636.84,TP,172.0354,3039.2922,3.0
2025-07-21 01:35:00+00:00,2025-07-21 01:45:00+00:00,short,116813.1,117074.0,SL,-91.1788,2948.1134,3.0
2025-07-21 06:15:00+00:00,2025-07-21 06:30:00+00:00,long,118560.01,119216.98,TP,176.8868,3125.0002,3.0
2025-07-21 10:20:00+00:00,2025-07-21 10:35:00+00:00,long,118689.56,118426.47,SL,-93.75,3031.2502,3.0
2025-07-21 10:50:00+00:00,2025-07-21 11:45:00+00:00,long,118568.19,118296.86,SL,-90.9375,2940.3127,3.0
2025-07-21 12:20:00+00:00,2025-07-21 12:30:00+00:00,long,118562.9,118265.32,SL,-88.2094,2852.1033,3.0
2025-07-21 13:00:00+00:00,2025-07-21 13:25:00+00:00,short,118000.42,118302.36,SL,-85.5631,2766.5402,3.0
2025-07-21 17:35:00+00:00,2025-07-21 17:50:00+00:00,short,117523.22,117800.38,SL,-82.9962,2683.544,3.0
2025-07-21 18:45:00+00:00,2025-07-21 20:00:00+00:00,short,117221.99,116750.97,TP,161.0126,2844.5566,3.0
2025-07-21 23:00:00+00:00,2025-07-21 23:30:00+00:00,short,117206.92,117490.0,SL,-85.3367,2759.2199,3.0
2025-07-22 00:00:00+00:00,2025-07-22 01:40:00+00:00,short,117303.24,117647.36,SL,-82.7766,2676.4434,3.0
2025-07-22 02:40:00+00:00,2025-07-22 03:15:00+00:00,short,117297.17,116806.91,TP,160.5866,2837.03,3.0
2025-07-22 04:45:00+00:00,2025-07-22 05:10:00+00:00,short,116787.99,117201.8,SL,-85.1109,2751.9191,3.0
2025-07-22 08:50:00+00:00,2025-07-22 09:05:00+00:00,long,118298.46,118034.26,SL,-82.5576,2669.3615,3.0
2025-07-22 09:30:00+00:00,2025-07-22 10:55:00+00:00,long,118373.35,118955.99,TP,160.1617,2829.5232,3.0
2025-07-22 11:45:00+00:00,2025-07-22 13:45:00+00:00,long,119166.94,118880.33,SL,-84.8857,2744.6375,3.0
2025-07-22 14:40:00+00:00,2025-07-22 16:15:00+00:00,long,118742.13,119280.0,TP,164.6782,2909.3157,3.0
2025-07-22 17:35:00+00:00,2025-07-22 18:50:00+00:00,long,119187.82,119985.99,TP,174.5589,3083.8747,3.0
2025-07-22 20:20:00+00:00,2025-07-22 21:10:00+00:00,long,119831.99,119551.17,SL,-92.5162,2991.3584,3.0
2025-07-22 22:10:00+00:00,2025-07-22 23:10:00+00:00,long,119642.78,120199.99,TP,179.4815,3170.8399,3.0
2025-07-23 01:50:00+00:00,2025-07-23 02:00:00+00:00,long,119536.7,119233.76,SL,-95.1252,3075.7147,3.0
2025-07-23 05:50:00+00:00,2025-07-23 09:15:00+00:00,short,118636.5,118140.0,TP,184.5429,3260.2576,3.0
2025-07-23 12:30:00+00:00,2025-07-23 12:50:00+00:00,short,118540.0,117936.0,TP,195.6155,3455.8731,3.0
2025-07-23 16:15:00+00:00,2025-07-23 17:55:00+00:00,short,117819.83,118131.99,SL,-103.6762,3352.1969,3.0
2025-07-23 19:30:00+00:00,2025-07-23 20:30:00+00:00,short,118285.67,117672.01,TP,201.1318,3553.3287,3.0
2025-07-24 00:15:00+00:00,2025-07-24 03:50:00+00:00,long,118888.99,118622.7,SL,-106.5999,3446.7288,3.0
2025-07-24 07:00:00+00:00,2025-07-24 07:05:00+00:00,short,117260.25,117600.0,SL,-103.4019,3343.327,3.0
2025-07-24 11:00:00+00:00,2025-07-24 14:05:00+00:00,long,118356.88,117982.04,SL,-100.2998,3243.0272,3.0
2025-07-24 14:35:00+00:00,2025-07-24 15:00:00+00:00,long,118688.99,119323.21,TP,194.5816,3437.6088,3.0
2025-07-24 15:55:00+00:00,2025-07-24 16:15:00+00:00,long,119092.65,118852.32,SL,-103.1283,3334.4805,3.0
2025-07-24 17:15:00+00:00,2025-07-24 21:10:00+00:00,long,118878.06,118589.93,SL,-100.0344,3234.4461,3.0
2025-07-24 22:10:00+00:00,2025-07-25 00:25:00+00:00,short,118441.45,117964.71,TP,194.0668,3428.5129,3.0
2025-07-25 02:25:00+00:00,2025-07-25 02:55:00+00:00,short,117100.0,116353.67,TP,205.7108,3634.2237,3.0
2025-07-25 06:25:00+00:00,2025-07-25 07:15:00+00:00,short,115287.87,115801.08,SL,-109.0267,3525.1969,3.0
2025-07-25 07:45:00+00:00,2025-07-25 08:00:00+00:00,short,115193.36,115477.19,SL,-105.7559,3419.441,3.0
2025-07-25 08:40:00+00:00,2025-07-25 08:45:00+00:00,short,115106.6,115448.83,SL,-102.5832,3316.8578,3.0
2025-07-25 11:40:00+00:00,2025-07-25 12:30:00+00:00,short,116527.12,116033.44,TP,199.0115,3515.8693,3.0
2025-07-25 17:35:00+00:00,2025-07-25 18:10:00+00:00,short,116029.25,116403.35,SL,-105.4761,3410.3932,3.0
2025-07-25 20:35:00+00:00,2025-07-25 23:35:00+00:00,long,117045.99,117547.58,TP,204.6236,3615.0168,3.0
2025-07-26 02:20:00+00:00,2025-07-26 10:35:00+00:00,long,117472.85,117959.52,TP,216.901,3831.9178,3.0
2025-07-26 13:00:00+00:00,2025-07-27 15:15:00+00:00,long,118042.42,118536.36,TP,229.9151,4061.8329,3.0
2025-07-27 15:55:00+00:00,2025-07-27 16:10:00+00:00,long,118585.74,119157.64,TP,243.71,4305.5428,3.0
2025-07-27 20:00:00+00:00,2025-07-27 20:50:00+00:00,long,119098.66,118770.44,SL,-129.1663,4176.3765,3.0
2025-07-27 21:25:00+00:00,2025-07-27 22:00:00+00:00,long,119043.73,119524.0,TP,250.5826,4426.9591,3.0
2025-07-28 00:20:00+00:00,2025-07-28 00:40:00+00:00,long,119641.85,119252.7,SL,-132.8088,4294.1504,3.0
2025-07-28 02:15:00+00:00,2025-07-28 07:05:00+00:00,long,119368.45,118950.26,SL,-128.8245,4165.3259,3.0
2025-07-28 09:35:00+00:00,2025-07-28 12:20:00+00:00,short,118800.0,119093.67,SL,-124.9598,4040.3661,3.0
2025-07-28 13:00:00+00:00,2025-07-28 14:20:00+00:00,short,118766.0,118120.01,TP,242.422,4282.788,3.0
2025-07-28 16:05:00+00:00,2025-07-28 16:25:00+00:00,short,118004.41,118293.68,SL,-128.4836,4154.3044,3.0
2025-07-28 17:00:00+00:00,2025-07-28 18:05:00+00:00,short,118024.93,117540.0,TP,249.2583,4403.5627,3.0
2025-07-28 19:45:00+00:00,2025-07-28 19:50:00+00:00,short,117626.06,117939.99,SL,-132.1069,4271.4558,3.0
2025-07-28 20:10:00+00:00,2025-07-28 20:55:00+00:00,short,117768.06,118044.93,SL,-128.1437,4143.3121,3.0
2025-07-28 22:05:00+00:00,2025-07-29 00:20:00+00:00,short,118145.68,118412.24,SL,-124.2994,4019.0127,3.0
2025-07-29 00:30:00+00:00,2025-07-29 01:05:00+00:00,short,117820.01,118064.46,SL,-120.5704,3898.4424,3.0
2025-07-29 01:50:00+00:00,2025-07-29 03:00:00+00:00,short,117935.6,118237.75,SL,-116.9533,3781.4891,3.0
2025-07-29 05:50:00+00:00,2025-07-29 10:05:00+00:00,long,118851.99,118568.47,SL,-113.4447,3668.0444,3.0
2025-07-29 16:35:00+00:00,2025-07-29 16:40:00+00:00,short,117085.83,117459.39,SL,-110.0413,3558.0031,3.0
2025-07-29 18:05:00+00:00,2025-07-29 19:10:00+00:00,short,117535.39,117780.0,SL,-106.7401,3451.263,3.0
2025-07-29 19:25:00+00:00,2025-07-29 20:20:00+00:00,short,117462.94,117712.0,SL,-103.5379,3347.7251,3.0
2025-07-29 20:30:00+00:00,2025-07-29 20:55:00+00:00,short,117214.77,117514.28,SL,-100.4318,3247.2934,3.0
2025-07-29 23:40:00+00:00,2025-07-30 02:10:00+00:00,short,117772.59,118097.73,SL,-97.4188,3149.8746,3.0
2025-07-30 03:35:00+00:00,2025-07-30 05:10:00+00:00,long,118142.83,117711.48,SL,-94.4962,3055.3783,3.0
2025-07-30 05:55:00+00:00,2025-07-30 08:50:00+00:00,long,117992.26,118465.18,TP,183.3227,3238.701,3.0
2025-07-30 10:05:00+00:00,2025-07-30 10:50:00+00:00,long,118318.03,118064.45,SL,-97.161,3141.54,3.0
2025-07-30 17:50:00+00:00,2025-07-30 18:45:00+00:00,short,117705.0,116909.29,TP,188.4924,3330.0324,3.0
2025-07-30 21:35:00+00:00,2025-07-30 21:55:00+00:00,short,117040.68,117326.82,SL,-99.901,3230.1314,3.0
2025-07-31 02:45:00+00:00,2025-07-31 13:20:00+00:00,long,118418.94,118144.01,SL,-96.9039,3133.2275,3.0
2025-07-31 13:50:00+00:00,2025-07-31 14:05:00+00:00,long,118648.47,118376.21,SL,-93.9968,3039.2306,3.0
2025-07-31 14:20:00+00:00,2025-07-31 16:15:00+00:00,short,118163.63,118435.84,SL,-91.1769,2948.0537,3.0
2025-07-31 17:00:00+00:00,2025-07-31 17:50:00+00:00,short,118266.77,117780.01,TP,176.8832,3124.937,3.0
2025-07-31 19:05:00+00:00,2025-07-31 19:30:00+00:00,short,117564.01,117027.46,TP,187.4962,3312.4332,3.0
2025-07-31 22:05:00+00:00,2025-07-31 23:50:00+00:00,short,116200.01,115573.46,TP,198.746,3511.1792,3.0
2025-08-01 00:45:00+00:00,2025-08-01 01:10:00+00:00,short,115250.01,114649.9,TP,210.6707,3721.8499,3.0
2025-08-01 03:40:00+00:00,2025-08-01 06:25:00+00:00,short,115842.5,115258.0,TP,223.311,3945.1609,3.0
2025-08-01 08:20:00+00:00,2025-08-01 08:40:00+00:00,short,114359.85,114590.88,SL,-118.3548,3826.8061,3.0
2025-08-01 10:25:00+00:00,2025-08-01 11:45:00+00:00,short,115020.08,115304.21,SL,-114.8042,3712.0019,3.0
2025-08-01 15:10:00+00:00,2025-08-01 15:50:00+00:00,short,115133.99,115463.12,SL,-111.3601,3600.6418,3.0
2025-08-01 16:45:00+00:00,2025-08-01 17:00:00+00:00,short,115329.27,114711.66,TP,216.0385,3816.6803,3.0
2025-08-01 18:55:00+00:00,2025-08-01 19:20:00+00:00,short,113836.93,113328.83,TP,229.0008,4045.6812,3.0
2025-08-01 22:05:00+00:00,2025-08-01 22:15:00+00:00,short,113536.0,113796.0,SL,-121.3704,3924.3107,3.0
2025-08-02 01:25:00+00:00,2025-08-02 03:05:00+00:00,short,113560.0,113889.31,SL,-117.7293,3806.5814,3.0
2025-08-02 04:15:00+00:00,2025-08-02 13:25:00+00:00,short,113865.69,113284.65,TP,228.3949,4034.9763,3.0
2025-08-02 14:15:00+00:00,2025-08-02 16:05:00+00:00,short,113237.76,112758.34,TP,242.0986,4277.0749,3.0
2025-08-02 17:45:00+00:00,2025-08-02 18:10:00+00:00,short,113035.62,112500.01,TP,256.6245,4533.6994,3.0
2025-08-02 20:00:00+00:00,2025-08-02 20:25:00+00:00,short,112170.0,112427.95,SL,-136.011,4397.6884,3.0
2025-08-02 22:15:00+00:00,2025-08-02 22:50:00+00:00,short,112685.26,112949.92,SL,-131.9307,4265.7577,3.0
2025-08-03 00:20:00+00:00,2025-08-03 00:40:00+00:00,short,112361.77,112634.7,SL,-127.9727,4137.785,3.0
2025-08-03 03:40:00+00:00,2025-08-03 04:00:00+00:00,long,113714.42,113478.0,SL,-124.1335,4013.6515,3.0
2025-08-03 05:25:00+00:00,2025-08-03 11:10:00+00:00,long,113595.31,114231.95,TP,240.8191,4254.4705,3.0
2025-08-03 12:45:00+00:00,2025-08-03 14:15:00+00:00,long,114033.36,113794.09,SL,-127.6341,4126.8364,3.0
2025-08-03 15:15:00+00:00,2025-08-03 18:25:00+00:00,long,113820.02,114302.3,TP,247.6102,4374.4466,3.0
2025-08-03 20:55:00+00:00,2025-08-03 22:15:00+00:00,long,114423.77,114184.0,SL,-131.2334,4243.2132,3.0
2025-08-03 22:50:00+00:00,2025-08-04 00:05:00+00:00,long,114369.55,114136.0,SL,-127.2964,4115.9168,3.0
2025-08-04 00:25:00+00:00,2025-08-04 00:50:00+00:00,long,114350.47,114876.0,TP,246.955,4362.8718,3.0
2025-08-04 02:55:00+00:00,2025-08-04 04:15:00+00:00,long,114797.9,114557.39,SL,-130.8862,4231.9857,3.0
2025-08-04 05:50:00+00:00,2025-08-04 13:55:00+00:00,long,114339.75,114913.88,TP,253.9191,4485.9048,3.0
2025-08-04 16:10:00+00:00,2025-08-04 17:05:00+00:00,long,115015.81,115536.4,TP,269.1543,4755.0591,3.0
2025-08-04 20:30:00+00:00,2025-08-05 01:50:00+00:00,long,115015.81,114710.04,SL,-142.6518,4612.4073,3.0
2025-08-05 03:05:00+00:00,2025-08-05 07:35:00+00:00,short,114487.36,113855.46,TP,276.7444,4889.1518,3.0
2025-08-05 14:10:00+00:00,2025-08-05 14:20:00+00:00,short,113864.58,113287.98,TP,293.3491,5182.5009,3.0
2025-08-05 18:35:00+00:00,2025-08-05 19:00:00+00:00,short,113463.73,113746.52,SL,-181.3875,5001.1133,3.5
2025-08-05 19:30:00+00:00,2025-08-05 20:25:00+00:00,short,113655.76,113989.91,SL,-175.039,4826.0744,3.5
2025-08-05 20:40:00+00:00,2025-08-05 22:30:00+00:00,short,113658.77,113890.52,SL,-144.7822,4681.2921,3.0
2025-08-06 02:05:00+00:00,2025-08-06 05:10:00+00:00,short,113623.39,113927.69,SL,-140.4388,4540.8534,3.0
2025-08-06 07:20:00+00:00,2025-08-06 08:30:00+00:00,long,114223.97,113954.24,SL,-136.2256,4404.6278,3.0
2025-08-06 09:10:00+00:00,2025-08-06 10:20:00+00:00,long,114168.57,113915.99,SL,-132.1388,4272.4889,3.0
2025-08-06 10:40:00+00:00,2025-08-06 13:05:00+00:00,long,114121.14,113870.0,SL,-128.1747,4144.3143,3.0
2025-08-06 13:40:00+00:00,2025-08-06 14:55:00+00:00,long,114171.0,115187.96,TP,248.6589,4392.9731,3.0
2025-08-06 17:40:00+00:00,2025-08-06 19:45:00+00:00,long,115460.71,115214.8,SL,-131.7892,4261.1839,3.0
2025-08-06 21:10:00+00:00,2025-08-06 21:35:00+00:00,long,115219.68,114887.0,SL,-127.8355,4133.3484,3.0
2025-08-06 22:00:00+00:00,2025-08-07 00:05:00+00:00,long,115136.96,114903.25,SL,-124.0005,4009.348,3.0
2025-08-07 00:30:00+00:00,2025-08-07 01:55:00+00:00,long,115004.58,114763.46,SL,-120.2804,3889.0675,3.0
2025-08-07 04:40:00+00:00,2025-08-07 06:10:00+00:00,short,114434.01,114677.88,SL,-116.672,3772.3955,3.0
2025-08-07 08:00:00+00:00,2025-08-07 10:00:00+00:00,long,114988.54,115462.99,TP,226.3437,3998.7392,3.0
2025-08-07 13:35:00+00:00,2025-08-07 14:05:00+00:00,long,116723.57,116317.46,SL,-119.9622,3878.7771,3.0
2025-08-07 15:20:00+00:00,2025-08-07 16:40:00+00:00,long,116590.52,116100.01,SL,-116.3633,3762.4137,3.0
2025-08-07 17:25:00+00:00,2025-08-07 19:35:00+00:00,long,116398.83,116896.0,TP,225.7448,3988.1586,3.0
2025-08-07 22:20:00+00:00,2025-08-08 00:15:00+00:00,long,117480.0,116878.05,SL,-119.6448,3868.5138,3.0
2025-08-08 00:40:00+00:00,2025-08-08 00:55:00+00:00,long,117573.88,117264.12,SL,-116.0554,3752.4584,3.0
2025-08-08 02:30:00+00:00,2025-08-08 05:45:00+00:00,long,116794.0,116556.0,SL,-112.5738,3639.8846,3.0
2025-08-08 10:25:00+00:00,2025-08-08 11:05:00+00:00,short,116500.03,116764.69,SL,-109.1965,3530.6881,3.0
2025-08-08 12:10:00+00:00,2025-08-08 13:55:00+00:00,short,116619.86,116917.97,SL,-105.9206,3424.7675,3.0
2025-08-08 18:35:00+00:00,2025-08-08 19:15:00+00:00,short,116432.03,116679.99,SL,-102.743,3322.0244,3.0
2025-08-08 20:30:00+00:00,2025-08-09 08:40:00+00:00,long,116557.05,117155.65,TP,199.3215,3521.3459,3.0
2025-08-09 13:00:00+00:00,2025-08-09 13:10:00+00:00,long,117136.57,116900.0,SL,-105.6404,3415.7055,3.0
2025-08-09 13:45:00+00:00,2025-08-09 16:20:00+00:00,long,117000.37,116730.19,SL,-102.4712,3313.2344,3.0
2025-08-09 18:45:00+00:00,2025-08-09 20:35:00+00:00,short,116555.03,116807.8,SL,-99.397,3213.8373,3.0
2025-08-09 21:20:00+00:00,2025-08-10 02:25:00+00:00,short,116560.0,116794.25,SL,-96.4151,3117.4222,3.0
2025-08-10 06:55:00+00:00,2025-08-10 07:35:00+00:00,long,118074.24,117700.01,SL,-93.5227,3023.8995,3.0
2025-08-10 08:15:00+00:00,2025-08-10 12:15:00+00:00,long,118119.7,118628.45,TP,181.434,3205.3335,3.0
2025-08-10 14:20:00+00:00,2025-08-10 17:20:00+00:00,long,118769.98,118465.31,SL,-96.16,3109.1735,3.0
2025-08-10 18:35:00+00:00,2025-08-10 20:15:00+00:00,long,118529.95,118158.02,SL,-93.2752,3015.8983,3.0
2025-08-10 20:40:00+00:00,2025-08-10 20:55:00+00:00,long,118688.14,118323.16,SL,-90.4769,2925.4214,3.0
2025-08-10 21:00:00+00:00,2025-08-10 21:05:00+00:00,short,118100.0,118355.61,SL,-87.7626,2837.6587,3.0
2025-08-10 21:45:00+00:00,2025-08-10 22:50:00+00:00,long,118495.94,118990.36,TP,170.2595,3007.9182,3.0
2025-08-10 23:30:00+00:00,2025-08-11 01:15:00+00:00,long,119259.99,118981.99,SL,-90.2375,2917.6807,3.0
2025-08-11 01:30:00+00:00,2025-08-11 02:00:00+00:00,long,119764.25,120694.02,TP,175.0608,3092.7415,3.0
2025-08-11 05:10:00+00:00,2025-08-11 05:20:00+00:00,long,122304.02,121852.03,SL,-92.7822,2999.9593,3.0
2025-08-11 06:50:00+00:00,2025-08-11 07:05:00+00:00,long,122324.72,122068.31,SL,-89.9988,2909.9605,3.0
2025-08-11 08:35:00+00:00,2025-08-11 09:15:00+00:00,long,121675.82,121415.45,SL,-87.2988,2822.6617,3.0
2025-08-11 09:55:00+00:00,2025-08-11 10:05:00+00:00,long,121439.75,121181.49,SL,-84.6799,2737.9818,3.0
2025-08-11 10:20:00+00:00,2025-08-11 10:45:00+00:00,long,121368.0,121067.33,SL,-82.1395,2655.8424,3.0
2025-08-11 16:35:00+00:00,2025-08-11 17:15:00+00:00,short,120287.89,119765.99,TP,159.3505,2815.1929,3.0
2025-08-11 19:30:00+00:00,2025-08-11 19:50:00+00:00,short,119315.36,118773.88,TP,168.9116,2984.1045,3.0
2025-08-11 21:45:00+00:00,2025-08-11 21:55:00+00:00,short,118428.97,118712.61,SL,-89.5231,2894.5814,3.0
2025-08-12 00:05:00+00:00,2025-08-12 00:15:00+00:00,short,118593.39,118851.77,SL,-86.8374,2807.7439,3.0
2025-08-12 02:00:00+00:00,2025-08-12 02:25:00+00:00,short,118834.52,119121.09,SL,-84.2323,2723.5116,3.0
2025-08-12 02:55:00+00:00,2025-08-12 05:30:00+00:00,short,119054.13,118506.82,TP,163.4107,2886.9223,3.0
2025-08-12 07:45:00+00:00,2025-08-12 09:45:00+00:00,short,119018.31,118541.6,TP,173.2153,3060.1376,3.0
2025-08-12 12:10:00+00:00,2025-08-12 12:30:00+00:00,short,118371.43,118940.09,SL,-91.8041,2968.3335,3.0
2025-08-12 13:40:00+00:00,2025-08-12 14:00:00+00:00,short,118742.52,119027.57,SL,-89.05,2879.2835,3.0
2025-08-12 14:50:00+00:00,2025-08-12 15:30:00+00:00,long,119310.01,119950.0,TP,172.757,3052.0405,3.0
2025-08-12 18:10:00+00:00,2025-08-12 18:45:00+00:00,long,119784.31,119483.28,SL,-91.5612,2960.4793,3.0
2025-08-12 19:20:00+00:00,2025-08-12 20:45:00+00:00,long,119754.15,120249.99,TP,177.6288,3138.1081,3.0
2025-08-12 22:50:00+00:00,2025-08-13 00:55:00+00:00,long,119956.23,119713.19,SL,-94.1432,3043.9648,3.0
2025-08-13 04:40:00+00:00,2025-08-13 08:00:00+00:00,short,119400.01,119651.0,SL,-91.3189,2952.6459,3.0
2025-08-13 10:05:00+00:00,2025-08-13 13:45:00+00:00,long,120258.67,121056.21,TP,177.1588,3129.8046,3.0
2025-08-13 16:00:00+00:00,2025-08-13 17:20:00+00:00,long,121236.26,121839.66,TP,187.7883,3317.5929,3.0
2025-08-13 18:00:00+00:00,2025-08-13 18:05:00+00:00,long,121922.01,121644.81,SL,-99.5278,3218.0651,3.0
2025-08-13 18:10:00+00:00,2025-08-13 18:25:00+00:00,long,121908.97,121627.74,SL,-96.542,3121.5232,3.0
2025-08-13 19:10:00+00:00,2025-08-13 19:20:00+00:00,long,121934.01,122505.39,TP,187.2914,3308.8146,3.0
2025-08-13 20:45:00+00:00,2025-08-13 21:25:00+00:00,long,122939.99,122689.19,SL,-99.2644,3209.5501,3.0
2025-08-13 22:15:00+00:00,2025-08-13 22:40:00+00:00,long,122931.61,123518.76,TP,192.573,3402.1231,3.0
2025-08-13 23:30:00+00:00,2025-08-14 00:25:00+00:00,long,123428.99,124243.32,TP,204.1274,3606.2505,3.0
2025-08-14 02:45:00+00:00,2025-08-14 03:50:00+00:00,long,123613.73,123350.01,SL,-108.1875,3498.063,3.0
2025-08-14 09:00:00+00:00,2025-08-14 09:10:00+00:00,short,121543.76,121899.77,SL,-104.9419,3393.1211,3.0
2025-08-14 09:40:00+00:00,2025-08-14 10:50:00+00:00,short,121580.01,120904.24,TP,203.5873,3596.7084,3.0
2025-08-14 12:30:00+00:00,2025-08-14 12:35:00+00:00,short,118715.99,119004.75,SL,-107.9013,3488.8071,3.0
2025-08-14 15:25:00+00:00,2025-08-14 16:10:00+00:00,short,118150.62,117646.41,TP,209.3284,3698.1356,3.0
2025-08-14 18:20:00+00:00,2025-08-14 18:25:00+00:00,short,117495.59,117855.0,SL,-110.9441,3587.1915,3.0
2025-08-14 19:55:00+00:00,2025-08-14 22:20:00+00:00,short,117945.92,118204.38,SL,-107.6157,3479.5757,3.0
2025-08-14 23:55:00+00:00,2025-08-15 01:40:00+00:00,short,118295.09,118621.99,SL,-104.3873,3375.1885,3.0
2025-08-15 02:50:00+00:00,2025-08-15 03:20:00+00:00,short,118687.59,118927.54,SL,-101.2557,3273.9328,3.0
2025-08-15 04:10:00+00:00,2025-08-15 04:50:00+00:00,long,119106.78,118822.9,SL,-98.218,3175.7148,3.0
2025-08-15 06:00:00+00:00,2025-08-15 07:10:00+00:00,long,119135.23,118874.82,SL,-95.2714,3080.4434,3.0
2025-08-15 08:05:00+00:00,2025-08-15 09:20:00+00:00,long,119049.73,118791.54,SL,-92.4133,2988.0301,3.0
2025-08-15 10:05:00+00:00,2025-08-15 12:25:00+00:00,long,118948.62,118674.13,SL,-89.6409,2898.3892,3.0
2025-08-15 14:20:00+00:00,2025-08-15 14:50:00+00:00,short,117842.0,117347.99,TP,173.9033,3072.2925,3.0
2025-08-15 18:15:00+00:00,2025-08-15 22:50:00+00:00,short,117300.38,117691.77,SL,-92.1688,2980.1238,3.0
2025-08-15 23:10:00+00:00,2025-08-16 00:30:00+00:00,short,117326.03,117606.53,SL,-89.4037,2890.72,3.0
2025-08-16 02:00:00+00:00,2025-08-17 04:50:00+00:00,short,117645.93,118146.36,SL,-86.7216,2803.9984,3.0
2025-08-17 08:00:00+00:00,2025-08-17 13:50:00+00:00,long,118026.0,118499.29,TP,168.2399,2972.2383,3.0
2025-08-17 15:40:00+00:00,2025-08-17 16:35:00+00:00,long,118248.58,117960.0,SL,-89.1672,2883.0712,3.0
2025-08-17 18:50:00+00:00,2025-08-17 22:10:00+00:00,short,117558.72,117807.22,SL,-86.4921,2796.5791,3.0
2025-08-17 23:10:00+00:00,2025-08-18 00:15:00+00:00,short,117779.54,117300.01,TP,167.7947,2964.3738,3.0
2025-08-18 01:25:00+00:00,2025-08-18 01:50:00+00:00,short,116670.05,116188.55,TP,177.8624,3142.2362,3.0
2025-08-18 05:40:00+00:00,2025-08-18 05:50:00+00:00,short,115163.67,115501.27,SL,-94.2671,3047.9691,3.0
2025-08-18 06:20:00+00:00,2025-08-18 07:00:00+00:00,short,115142.72,115436.75,SL,-91.4391,2956.5301,3.0
2025-08-18 08:00:00+00:00,2025-08-18 09:25:00+00:00,short,115181.47,114677.79,TP,177.3918,3133.9219,3.0
2025-08-18 11:20:00+00:00,2025-08-18 12:30:00+00:00,short,114966.0,115233.64,SL,-94.0177,3039.9042,3.0
2025-08-18 13:45:00+00:00,2025-08-18 13:55:00+00:00,short,115321.24,114839.13,TP,182.3943,3222.2985,3.0
2025-08-18 17:15:00+00:00,2025-08-18 20:40:00+00:00,long,116428.98,116086.7,SL,-96.669,3125.6295,3.0
2025-08-18 21:00:00+00:00,2025-08-18 22:00:00+00:00,long,116470.06,116957.03,TP,187.5378,3313.1673,3.0
2025-08-19 00:45:00+00:00,2025-08-19 01:30:00+00:00,long,116333.73,116009.05,SL,-99.395,3213.7723,3.0
2025-08-19 03:05:00+00:00,2025-08-19 03:40:00+00:00,short,115515.52,114972.0,TP,192.8263,3406.5986,3.0
2025-08-19 05:55:00+00:00,2025-08-19 08:50:00+00:00,short,114972.9,115292.31,SL,-102.198,3304.4007,3.0
2025-08-19 10:00:00+00:00,2025-08-19 11:05:00+00:00,short,115318.43,115552.89,SL,-99.132,3205.2686,3.0
2025-08-19 11:15:00+00:00,2025-08-19 12:45:00+00:00,long,115591.6,115310.77,SL,-96.1581,3109.1106,3.0
2025-08-19 13:15:00+00:00,2025-08-19 13:35:00+00:00,long,115620.0,115305.61,SL,-93.2733,3015.8373,3.0
2025-08-19 17:00:00+00:00,2025-08-19 17:30:00+00:00,short,113312.11,113562.91,SL,-90.4751,2925.3621,3.0
2025-08-19 18:35:00+00:00,2025-08-19 19:20:00+00:00,short,113092.62,113323.14,SL,-87.7609,2837.6013,3.0
2025-08-19 20:10:00+00:00,2025-08-19 20:25:00+00:00,short,112976.0,113298.08,SL,-85.128,2752.4732,3.0
2025-08-19 21:45:00+00:00,2025-08-19 23:00:00+00:00,short,113469.17,112990.01,TP,165.1484,2917.6216,3.0
2025-08-20 01:25:00+00:00,2025-08-20 02:10:00+00:00,short,112944.8,113272.3,SL,-87.5286,2830.093,3.0
2025-08-20 03:45:00+00:00,2025-08-20 05:50:00+00:00,short,113464.22,113724.38,SL,-84.9028,2745.1902,3.0
2025-08-20 06:05:00+00:00,2025-08-20 08:30:00+00:00,short,113636.11,113923.4,SL,-82.3557,2662.8345,3.0
2025-08-20 10:50:00+00:00,2025-08-20 11:10:00+00:00,long,113841.57,113593.99,SL,-79.885,2582.9494,3.0
2025-08-20 12:00:00+00:00,2025-08-20 12:20:00+00:00,long,113858.58,113615.73,SL,-77.4885,2505.461,3.0
2025-08-20 13:00:00+00:00,2025-08-20 13:45:00+00:00,short,113536.87,112764.0,TP,150.3277,2655.7886,3.0
2025-08-20 15:50:00+00:00,2025-08-20 16:15:00+00:00,short,113473.69,113937.98,SL,-79.6737,2576.115,3.0
2025-08-20 16:25:00+00:00,2025-08-20 16:35:00+00:00,long,114267.27,114002.28,SL,-77.2834,2498.8315,3.0
2025-08-20 17:05:00+00:00,2025-08-20 17:20:00+00:00,long,114126.0,113859.26,SL,-62.4708,2436.3607,2.5
2025-08-20 17:40:00+00:00,2025-08-20 18:00:00+00:00,long,114263.29,113879.47,SL,-60.909,2375.4517,2.5
2025-08-20 19:10:00+00:00,2025-08-20 21:05:00+00:00,long,113948.07,114432.57,TP,118.7726,2494.2243,2.5
2025-08-20 21:50:00+00:00,2025-08-21 00:00:00+00:00,long,114435.63,114197.62,SL,-62.3556,2431.8687,2.5
2025-08-21 00:40:00+00:00,2025-08-21 01:15:00+00:00,long,114420.0,113966.45,SL,-60.7967,2371.072,2.5
2025-08-21 01:35:00+00:00,2025-08-21 02:15:00+00:00,long,114399.99,114039.56,SL,-59.2768,2311.7952,2.5
2025-08-21 03:05:00+00:00,2025-08-21 03:20:00+00:00,long,114479.36,114242.76,SL,-57.7949,2254.0003,2.5
2025-08-21 06:10:00+00:00,2025-08-21 07:35:00+00:00,short,113652.43,113903.62,SL,-56.35,2197.6503,2.5
2025-08-21 08:25:00+00:00,2025-08-21 10:00:00+00:00,short,113760.01,113285.36,TP,109.8825,2307.5328,2.5
2025-08-21 11:45:00+00:00,2025-08-21 12:20:00+00:00,short,113080.61,113330.08,SL,-57.6883,2249.8445,2.5
2025-08-21 12:45:00+00:00,2025-08-21 13:00:00+00:00,short,113004.0,113243.81,SL,-56.2461,2193.5984,2.5
2025-08-21 14:35:00+00:00,2025-08-21 15:10:00+00:00,short,113262.05,112700.03,TP,109.6799,2303.2783,2.5
2025-08-21 19:25:00+00:00,2025-08-21 20:50:00+00:00,short,112258.59,112725.99,SL,-57.582,2245.6963,2.5
2025-08-21 22:30:00+00:00,2025-08-22 00:30:00+00:00,short,112536.0,112808.0,SL,-56.1424,2189.5539,2.5
2025-08-22 01:00:00+00:00,2025-08-22 01:40:00+00:00,short,112634.49,112911.52,SL,-54.7388,2134.8151,2.5
2025-08-22 05:30:00+00:00,2025-08-22 09:05:00+00:00,long,113130.99,112871.72,SL,-53.3704,2081.4447,2.5
2025-08-22 09:45:00+00:00,2025-08-22 10:05:00+00:00,long,113072.97,112839.72,SL,-52.0361,2029.4086,2.5
2025-08-22 10:10:00+00:00,2025-08-22 11:10:00+00:00,short,112771.79,112314.0,TP,101.4704,2130.879,2.5
2025-08-22 12:10:00+00:00,2025-08-22 12:45:00+00:00,short,112079.02,112669.01,SL,-53.272,2077.607,2.5
2025-08-22 18:05:00+00:00,2025-08-22 18:20:00+00:00,long,117218.0,116849.99,SL,-51.9402,2025.6669,2.5
2025-08-22 20:15:00+00:00,2025-08-22 22:20:00+00:00,long,116899.53,116631.57,SL,-50.6417,1975.0252,2.5
2025-08-22 23:25:00+00:00,2025-08-23 01:35:00+00:00,long,116743.52,116422.01,SL,-49.3756,1925.6496,2.5
2025-08-23 03:10:00+00:00,2025-08-23 03:15:00+00:00,long,116003.83,115747.21,SL,-48.1412,1877.5083,2.5
2025-08-23 03:30:00+00:00,2025-08-23 04:35:00+00:00,short,115647.1,115960.66,SL,-46.9377,1830.5706,2.5
2025-08-23 07:15:00+00:00,2025-08-23 10:55:00+00:00,long,115825.88,115575.72,SL,-45.7643,1784.8063,2.5
2025-08-23 11:25:00+00:00,2025-08-23 13:25:00+00:00,short,115531.16,115019.06,TP,89.2403,1874.0467,2.5
2025-08-23 14:45:00+00:00,2025-08-23 16:50:00+00:00,short,114735.4,115028.76,SL,-46.8512,1827.1955,2.5
2025-08-23 18:25:00+00:00,2025-08-23 20:55:00+00:00,short,115073.38,115325.81,SL,-45.6799,1781.5156,2.5
2025-08-23 21:10:00+00:00,2025-08-23 23:45:00+00:00,short,115104.0,115343.9,SL,-44.5379,1736.9777,2.5
2025-08-23 23:50:00+00:00,2025-08-24 02:45:00+00:00,long,115422.45,115158.17,SL,-43.4244,1693.5533,2.5
2025-08-24 05:25:00+00:00,2025-08-24 10:35:00+00:00,short,115076.94,114604.6,TP,84.6777,1778.2309,2.5
2025-08-24 11:15:00+00:00,2025-08-24 19:30:00+00:00,short,114693.99,113864.08,TP,88.9115,1867.1425,2.5
2025-08-24 23:55:00+00:00,2025-08-25 00:30:00+00:00,short,113493.59,112979.59,TP,93.3571,1960.4996,2.5
2025-08-25 03:25:00+00:00,2025-08-25 03:55:00+00:00,short,113371.82,112916.84,TP,98.025,2058.5246,2.5
2025-08-25 06:30:00+00:00,2025-08-25 07:45:00+00:00,short,112140.47,111582.01,TP,102.9262,2161.4508,2.5
2025-08-25 10:20:00+00:00,2025-08-25 12:25:00+00:00,short,111335.87,111682.49,SL,-54.0363,2107.4146,2.5
2025-08-25 13:30:00+00:00,2025-08-25 13:55:00+00:00,short,111200.0,111491.69,SL,-52.6854,2054.7292,2.5
2025-08-25 15:10:00+00:00,2025-08-25 15:15:00+00:00,short,111994.63,112258.04,SL,-51.3682,2003.361,2.5
2025-08-25 16:15:00+00:00,2025-08-25 17:00:00+00:00,long,112656.42,112261.08,SL,-50.084,1953.2769,2.5
2025-08-25 23:15:00+00:00,2025-08-26 00:20:00+00:00,short,110019.99,109519.99,TP,97.6638,2050.9408,2.5
2025-08-26 02:40:00+00:00,2025-08-26 03:20:00+00:00,short,109643.0,109924.98,SL,-51.2735,1999.6673,2.5
2025-08-26 05:55:00+00:00,2025-08-26 07:30:00+00:00,short,110196.01,110438.56,SL,-49.9917,1949.6756,2.5
2025-08-26 08:25:00+00:00,2025-08-26 08:45:00+00:00,short,110074.45,110349.63,SL,-48.7419,1900.9337,2.5
2025-08-26 09:40:00+00:00,2025-08-26 10:05:00+00:00,short,110072.98,110302.96,SL,-47.5233,1853.4103,2.5
2025-08-26 10:50:00+00:00,2025-08-26 11:30:00+00:00,short,110175.75,109694.89,TP,92.6705,1946.0809,2.5
2025-08-26 13:25:00+00:00,2025-08-26 13:30:00+00:00,short,109855.63,110136.0,SL,-48.652,1897.4288,2.5
2025-08-26 14:10:00+00:00,2025-08-26 14:20:00+00:00,short,109895.92,110468.0,SL,-47.4357,1849.9931,2.5
2025-08-26 15:25:00+00:00,2025-08-26 15:40:00+00:00,short,110075.2,109599.99,TP,92.4997,1942.4928,2.5
2025-08-26 17:40:00+00:00,2025-08-26 17:55:00+00:00,short,109664.32,109988.07,SL,-48.5623,1893.9305,2.5
2025-08-26 20:10:00+00:00,2025-08-26 22:05:00+00:00,long,111262.68,111718.9,TP,94.6965,1988.627,2.5
2025-08-26 22:55:00+00:00,2025-08-27 00:00:00+00:00,long,111910.01,111652.74,SL,-49.7157,1938.9113,2.5
2025-08-27 02:15:00+00:00,2025-08-27 03:20:00+00:00,long,111235.83,110927.98,SL,-48.4728,1890.4385,2.5
2025-08-27 03:40:00+00:00,2025-08-27 04:05:00+00:00,long,111192.0,111680.47,TP,94.5219,1984.9604,2.5
2025-08-27 13:25:00+00:00,2025-08-27 14:15:00+00:00,long,111325.02,111862.6,TP,99.248,2084.2085,2.5
2025-08-27 16:50:00+00:00,2025-08-27 19:05:00+00:00,long,112155.68,111897.1,SL,-52.1052,2032.1033,2.5
2025-08-27 20:25:00+00:00,2025-08-27 21:15:00+00:00,long,112083.8,111845.6,SL,-50.8026,1981.3007,2.5
2025-08-27 23:40:00+00:00,2025-08-28 00:00:00+00:00,short,111118.0,111378.24,SL,-49.5325,1931.7682,2.5
2025-08-28 00:30:00+00:00,2025-08-28 00:40:00+00:00,short,110872.51,111299.3,SL,-48.2942,1883.474,2.5
2025-08-28 02:30:00+00:00,2025-08-28 03:05:00+00:00,short,111494.25,111767.99,SL,-47.0868,1836.3871,2.5
2025-08-28 03:10:00+00:00,2025-08-28 04:25:00+00:00,long,111855.73,112303.8,TP,91.8194,1928.2065,2.5
2025-08-28 06:55:00+00:00,2025-08-28 09:25:00+00:00,long,113213.78,112984.48,SL,-48.2052,1880.0013,2.5
2025-08-28 10:30:00+00:00,2025-08-28 13:45:00+00:00,long,112998.02,112740.01,SL,-47.0,1833.0013,2.5
2025-08-28 14:40:00+00:00,2025-08-28 15:20:00+00:00,long,112988.37,112613.11,SL,-45.825,1787.1762,2.5
2025-08-28 16:10:00+00:00,2025-08-28 16:55:00+00:00,long,112925.99,112329.44,SL,-44.6794,1742.4968,2.5
2025-08-28 18:00:00+00:00,2025-08-28 18:25:00+00:00,short,112304.47,112646.01,SL,-43.5624,1698.9344,2.5
2025-08-28 19:15:00+00:00,2025-08-28 23:35:00+00:00,short,112240.86,112483.12,SL,-42.4734,1656.4611,2.5
2025-08-28 23:40:00+00:00,2025-08-29 00:40:00+00:00,long,112480.79,112236.46,SL,-41.4115,1615.0495,2.5
2025-08-29 04:35:00+00:00,2025-08-29 06:15:00+00:00,short,111558.1,111030.52,TP,80.7525,1695.802,2.5
2025-08-29 07:10:00+00:00,2025-08-29 07:40:00+00:00,short,110545.0,110061.31,TP,84.7901,1780.5921,2.5
2025-08-29 08:55:00+00:00,2025-08-29 09:45:00+00:00,short,109628.02,109881.58,SL,-44.5148,1736.0773,2.5
2025-08-29 11:40:00+00:00,2025-08-29 12:05:00+00:00,short,109900.9,110200.0,SL,-43.4019,1692.6754,2.5
2025-08-29 13:15:00+00:00,2025-08-29 13:35:00+00:00,short,110447.53,109787.98,TP,84.6338,1777.3091,2.5
2025-08-29 17:15:00+00:00,2025-08-29 17:50:00+00:00,short,108287.49,108527.99,SL,-44.4327,1732.8764,2.5
2025-08-29 18:15:00+00:00,2025-08-29 19:15:00+00:00,short,108302.0,108619.86,SL,-43.3219,1689.5545,2.5
2025-08-29 20:00:00+00:00,2025-08-29 20:40:00+00:00,short,108082.56,107624.0,TP,84.4777,1774.0322,2.5
2025-08-29 22:40:00+00:00,2025-08-29 23:15:00+00:00,short,108240.0,108498.22,SL,-44.3508,1729.6814,2.5
2025-08-29 23:55:00+00:00,2025-08-30 01:45:00+00:00,short,108377.4,107912.97,TP,86.4841,1816.1655,2.5
2025-08-30 04:50:00+00:00,2025-08-30 08:25:00+00:00,short,108464.49,108727.25,SL,-45.4041,1770.7613,2.5
2025-08-30 08:50:00+00:00,2025-08-30 15:35:00+00:00,short,108572.46,108916.0,SL,-44.269,1726.4923,2.5
2025-08-30 18:50:00+00:00,2025-08-30 20:45:00+00:00,long,108839.13,108613.0,SL,-43.1623,1683.33,2.5
2025-08-31 09:30:00+00:00,2025-08-31 10:15:00+00:00,short,108817.26,108370.27,TP,84.1665,1767.4965,2.5
2025-08-31 13:00:00+00:00,2025-08-31 15:00:00+00:00,short,108290.53,108638.33,SL,-44.1874,1723.3091,2.5
2025-08-31 16:40:00+00:00,2025-08-31 23:15:00+00:00,long,108872.71,108526.55,SL,-43.0827,1680.2264,2.5
2025-09-01 02:15:00+00:00,2025-09-01 03:20:00+00:00,short,107887.76,107447.45,TP,84.0113,1764.2377,2.5
2025-09-01 04:35:00+00:00,2025-09-01 05:20:00+00:00,short,107374.41,107671.99,SL,-44.1059,1720.1317,2.5
2025-09-01 11:25:00+00:00,2025-09-01 12:35:00+00:00,long,108681.82,109138.6,TP,86.0066,1806.1383,2.5
2025-09-01 15:00:00+00:00,2025-09-01 15:15:00+00:00,long,109269.01,108984.85,SL,-45.1535,1760.9849,2.5
2025-09-01 16:10:00+00:00,2025-09-01 16:50:00+00:00,long,109018.46,108775.33,SL,-44.0246,1716.9602,2.5
2025-09-01 17:40:00+00:00,2025-09-01 19:00:00+00:00,long,108844.52,109285.71,TP,85.848,1802.8083,2.5
2025-09-02 01:45:00+00:00,2025-09-02 01:55:00+00:00,long,109595.26,109313.0,SL,-45.0702,1757.7381,2.5
2025-09-02 02:25:00+00:00,2025-09-02 02:55:00+00:00,long,109523.64,110246.01,TP,87.8869,1845.625,2.5
2025-09-02 06:10:00+00:00,2025-09-02 07:50:00+00:00,long,110359.99,110056.0,SL,-46.1406,1799.4843,2.5
2025-09-02 08:25:00+00:00,2025-09-02 11:10:00+00:00,long,110306.95,110080.01,SL,-44.9871,1754.4972,2.5
2025-09-02 17:25:00+00:00,2025-09-02 18:05:00+00:00,long,110866.68,110567.9,SL,-43.8624,1710.6348,2.5
2025-09-02 18:50:00+00:00,2025-09-02 19:10:00+00:00,long,110807.09,110541.61,SL,-42.7659,1667.8689,2.5
2025-09-02 19:35:00+00:00,2025-09-02 20:10:00+00:00,long,110686.8,111195.99,TP,83.3934,1751.2624,2.5
2025-09-02 22:55:00+00:00,2025-09-02 23:30:00+00:00,long,111259.99,111017.79,SL,-43.7816,1707.4808,2.5
2025-09-02 23:55:00+00:00,2025-09-03 01:20:00+00:00,long,111240.01,110931.47,SL,-42.687,1664.7938,2.5
2025-09-03 02:10:00+00:00,2025-09-03 05:15:00+00:00,long,111098.31,110844.66,SL,-41.6198,1623.1739,2.5
2025-09-03 09:25:00+00:00,2025-09-03 11:00:00+00:00,long,111134.53,111675.96,TP,81.1587,1704.3326,2.5
2025-09-03 13:30:00+00:00,2025-09-03 14:10:00+00:00,long,111449.74,111222.26,SL,-42.6083,1661.7243,2.5
2025-09-03 14:30:00+00:00,2025-09-03 14:40:00+00:00,long,111839.99,112475.99,TP,83.0862,1744.8105,2.5
2025-09-03 17:10:00+00:00,2025-09-03 18:25:00+00:00,long,112380.33,112136.54,SL,-43.6203,1701.1903,2.5
2025-09-03 19:50:00+00:00,2025-09-03 21:35:00+00:00,long,112137.3,111864.95,SL,-42.5298,1658.6605,2.5
2025-09-03 22:10:00+00:00,2025-09-03 22:45:00+00:00,long,112096.27,111839.87,SL,-41.4665,1617.194,2.5
2025-09-04 00:15:00+00:00,2025-09-04 02:20:00+00:00,long,111896.01,111633.58,SL,-40.4299,1576.7642,2.5
2025-09-04 03:30:00+00:00,2025-09-04 05:00:00+00:00,short,111280.3,110748.99,TP,78.8382,1655.6024,2.5
2025-09-04 06:45:00+00:00,2025-09-04 07:10:00+00:00,short,110310.01,110568.48,SL,-41.3901,1614.2123,2.5
2025-09-04 09:50:00+00:00,2025-09-04 10:10:00+00:00,short,110788.0,111018.91,SL,-40.3553,1573.857,2.5
2025-09-04 10:45:00+00:00,2025-09-04 13:45:00+00:00,short,110921.85,110415.52,TP,78.6929,1652.5499,2.5
2025-09-04 14:55:00+00:00,2025-09-04 15:15:00+00:00,short,109842.01,109369.62,TP,82.6275,1735.1773,2.5
2025-09-04 19:15:00+00:00,2025-09-04 20:20:00+00:00,short,110018.12,110358.1,SL,-43.3794,1691.7979,2.5
2025-09-04 22:25:00+00:00,2025-09-04 22:55:00+00:00,long,110823.61,111490.73,TP,84.5899,1776.3878,2.5
2025-09-05 01:20:00+00:00,2025-09-05 02:00:00+00:00,long,110796.61,111300.01,TP,88.8194,1865.2072,2.5
2025-09-05 04:35:00+00:00,2025-09-05 06:55:00+00:00,long,111365.94,111911.99,TP,93.2604,1958.4676,2.5
2025-09-05 10:35:00+00:00,2025-09-05 12:30:00+00:00,long,112350.81,112894.01,TP,97.9234,2056.3909,2.5
2025-09-05 17:40:00+00:00,2025-09-05 17:50:00+00:00,short,110359.69,110584.74,SL,-51.4098,2004.9812,2.5
2025-09-05 20:15:00+00:00,2025-09-05 20:55:00+00:00,short,111384.13,111630.3,SL,-50.1245,1954.8566,2.5
2025-09-06 00:00:00+00:00,2025-09-06 01:10:00+00:00,short,110619.99,110842.94,SL,-48.8714,1905.9852,2.5
2025-09-06 02:15:00+00:00,2025-09-06 02:45:00+00:00,short,110817.33,111102.0,SL,-47.6496,1858.3356,2.5
2025-09-06 03:40:00+00:00,2025-09-06 15:40:00+00:00,short,111073.6,110609.07,TP,92.9168,1951.2524,2.5
2025-09-06 19:40:00+00:00,2025-09-07 00:40:00+00:00,short,110052.0,110292.19,SL,-48.7813,1902.4711,2.5
2025-09-07 02:55:00+00:00,2025-09-07 08:20:00+00:00,long,110666.24,111200.01,TP,95.1236,1997.5946,2.5
2025-09-07 09:15:00+00:00,2025-09-07 09:35:00+00:00,long,111239.79,110989.79,SL,-49.9399,1947.6547,2.5
2025-09-07 11:00:00+00:00,2025-09-07 17:15:00+00:00,long,111264.24,110960.0,SL,-48.6914,1898.9634,2.5
2025-09-07 18:50:00+00:00,2025-09-07 23:20:00+00:00,long,110967.52,111473.99,TP,94.9482,1993.9115,2.5
2025-09-08 02:20:00+00:00,2025-09-08 02:30:00+00:00,short,110698.14,111057.59,SL,-49.8478,1944.0638,2.5
2025-09-08 03:45:00+00:00,2025-09-08 07:15:00+00:00,short,111058.48,111375.19,SL,-48.6016,1895.4622,2.5
2025-09-08 08:25:00+00:00,2025-09-08 09:55:00+00:00,long,111594.94,112094.99,TP,94.7731,1990.2353,2.5
2025-09-08 12:00:00+00:00,2025-09-08 14:30:00+00:00,long,112063.74,112658.6,TP,99.5118,2089.747,2.5
2025-09-08 17:25:00+00:00,2025-09-08 17:40:00+00:00,long,112518.12,112250.98,SL,-52.2437,2037.5034,2.5
2025-09-08 18:15:00+00:00,2025-09-08 19:05:00+00:00,long,112430.0,112204.35,SL,-50.9376,1986.5658,2.5
2025-09-09 02:10:00+00:00,2025-09-09 03:10:00+00:00,short,111220.9,111462.76,SL,-49.6641,1936.9016,2.5
2025-09-09 05:55:00+00:00,2025-09-09 06:10:00+00:00,long,112200.0,112686.44,TP,96.8451,2033.7467,2.5
2025-09-09 12:10:00+00:00,2025-09-09 14:00:00+00:00,long,112723.3,112361.62,SL,-50.8437,1982.903,2.5
2025-09-09 20:10:00+00:00,2025-09-09 20:45:00+00:00,short,111209.72,111451.25,SL,-49.5726,1933.3305,2.5
2025-09-09 21:40:00+00:00,2025-09-10 01:25:00+00:00,short,111437.67,110946.66,TP,96.6665,2029.997,2.5
2025-09-10 03:40:00+00:00,2025-09-10 06:25:00+00:00,short,111457.0,111755.59,SL,-50.7499,1979.2471,2.5
2025-09-10 10:35:00+00:00,2025-09-10 12:30:00+00:00,long,112374.22,113333.0,TP,98.9624,2078.2094,2.5
2025-09-10 14:20:00+00:00,2025-09-10 14:30:00+00:00,long,114249.66,113985.22,SL,-51.9552,2026.2542,2.5
2025-09-10 17:05:00+00:00,2025-09-10 17:25:00+00:00,long,113899.98,113482.01,SL,-50.6564,1975.5978,2.5
2025-09-10 18:00:00+00:00,2025-09-10 18:15:00+00:00,long,113846.99,113590.44,SL,-49.3899,1926.2079,2.5
2025-09-10 19:45:00+00:00,2025-09-10 22:00:00+00:00,long,113446.91,113952.02,TP,96.3104,2022.5183,2.5
2025-09-10 23:05:00+00:00,2025-09-11 00:30:00+00:00,long,114013.43,113737.25,SL,-50.563,1971.9553,2.5
2025-09-11 01:00:00+00:00,2025-09-11 03:55:00+00:00,long,113925.63,114400.01,TP,98.5978,2070.5531,2.5
2025-09-11 05:40:00+00:00,2025-09-11 07:05:00+00:00,long,114292.52,114049.32,SL,-51.7638,2018.7893,2.5
2025-09-11 08:15:00+00:00,2025-09-11 09:40:00+00:00,long,114112.02,113851.99,SL,-50.4697,1968.3195,2.5
2025-09-11 10:05:00+00:00,2025-09-11 13:10:00+00:00,long,113944.01,113489.08,SL,-49.208,1919.1115,2.5
2025-09-11 13:35:00+00:00,2025-09-11 13:55:00+00:00,long,114083.99,114628.08,TP,95.9556,2015.0671,2.5
2025-09-11 16:35:00+00:00,2025-09-11 18:15:00+00:00,long,114524.99,114170.26,SL,-50.3767,1964.6904,2.5
2025-09-11 19:25:00+00:00,2025-09-11 22:20:00+00:00,long,114335.77,115020.0,TP,98.2345,2062.925,2.5
2025-09-12 00:00:00+00:00,2025-09-12 00:45:00+00:00,long,115636.0,116282.18,TP,103.1462,2166.0712,2.5
2025-09-12 04:10:00+00:00,2025-09-12 08:05:00+00:00,long,115287.85,114999.61,SL,-54.1518,2111.9194,2.5
2025-09-12 08:25:00+00:00,2025-09-12 09:20:00+00:00,long,115185.19,114934.57,SL,-52.798,2059.1214,2.5
2025-09-12 11:50:00+00:00,2025-09-12 12:50:00+00:00,short,114917.73,115172.41,SL,-51.478,2007.6434,2.5
2025-09-12 13:20:00+00:00,2025-09-12 13:55:00+00:00,short,114923.87,115166.45,SL,-50.1911,1957.4523,2.5
2025-09-12 14:35:00+00:00,2025-09-12 14:55:00+00:00,short,114960.58,115260.0,SL,-48.9363,1908.516,2.5
2025-09-12 15:45:00+00:00,2025-09-12 17:20:00+00:00,long,115217.5,115920.14,TP,95.4258,2003.9418,2.5
2025-09-12 22:05:00+00:00,2025-09-13 01:50:00+00:00,long,116019.62,115711.99,SL,-50.0985,1953.8433,2.5
2025-09-13 02:25:00+00:00,2025-09-13 04:50:00+00:00,long,115978.96,115697.15,SL,-48.8461,1904.9972,2.5
2025-09-13 05:20:00+00:00,2025-09-13 16:20:00+00:00,long,115807.6,115510.71,SL,-47.6249,1857.3723,2.5
2025-09-13 23:15:00+00:00,2025-09-14 03:05:00+00:00,long,115964.0,115730.01,SL,-46.4343,1810.9379,2.5
2025-09-14 06:20:00+00:00,2025-09-14 09:20:00+00:00,short,115777.72,116019.29,SL,-45.2734,1765.6645,2.5
2025-09-14 13:15:00+00:00,2025-09-14 21:20:00+00:00,short,115658.03,115899.99,SL,-44.1416,1721.5229,2.5
2025-09-15 01:05:00+00:00,2025-09-15 01:25:00+00:00,short,114874.01,115164.51,SL,-43.0381,1678.4848,2.5
2025-09-15 03:35:00+00:00,2025-09-15 04:20:00+00:00,short,115436.05,115930.59,SL,-41.9621,1636.5227,2.5
2025-09-15 12:25:00+00:00,2025-09-15 13:25:00+00:00,short,114794.01,115042.44,SL,-40.9131,1595.6096,2.5
2025-09-15 13:40:00+00:00,2025-09-15 13:50:00+00:00,short,114468.99,114851.41,SL,-39.8902,1555.7194,2.5
2025-09-15 15:00:00+00:00,2025-09-15 15:55:00+00:00,short,114609.66,114842.9,SL,-38.893,1516.8264,2.5
2025-09-15 16:55:00+00:00,2025-09-15 17:40:00+00:00,short,114662.57,114896.26,SL,-37.9207,1478.9057,2.5
2025-09-15 18:35:00+00:00,2025-09-15 18:50:00+00:00,short,114915.64,115267.43,SL,-36.9726,1441.9331,2.5
2025-09-15 19:25:00+00:00,2025-09-15 19:35:00+00:00,short,115100.71,115465.65,SL,-36.0483,1405.8848,2.5
2025-09-15 20:10:00+00:00,2025-09-15 20:35:00+00:00,long,115465.66,115223.1,SL,-35.1471,1370.7377,2.5
2025-09-15 21:25:00+00:00,2025-09-16 00:20:00+00:00,long,115434.19,115069.06,SL,-34.2684,1336.4692,2.5
2025-09-16 01:50:00+00:00,2025-09-16 03:30:00+00:00,short,115076.03,115381.27,SL,-33.4117,1303.0575,2.5
2025-09-16 04:10:00+00:00,2025-09-16 04:40:00+00:00,short,115110.21,115366.67,SL,-32.5764,1270.481,2.5
2025-09-16 08:10:00+00:00,2025-09-16 08:30:00+00:00,long,115947.54,115600.01,SL,-31.762,1238.719,2.5
2025-09-16 10:25:00+00:00,2025-09-16 11:00:00+00:00,long,115511.04,115279.92,SL,-30.968,1207.751,2.5
2025-09-16 13:35:00+00:00,2025-09-16 15:45:00+00:00,short,115165.21,115465.82,SL,-30.1938,1177.5573,2.5
2025-09-16 19:50:00+00:00,2025-09-17 03:35:00+00:00,long,116717.34,116478.43,SL,-29.4389,1148.1183,2.5
2025-09-17 05:00:00+00:00,2025-09-17 05:55:00+00:00,long,116492.61,117108.3,TP,57.4059,1205.5243,2.5
2025-09-17 13:00:00+00:00,2025-09-17 14:25:00+00:00,short,116170.04,115656.46,TP,60.2762,1265.8005,2.5
2025-09-17 16:20:00+00:00,2025-09-17 17:35:00+00:00,short,115601.66,115864.75,SL,-31.645,1234.1555,2.5
2025-09-17 18:15:00+00:00,2025-09-17 18:20:00+00:00,short,115490.42,115774.47,SL,-30.8539,1203.3016,2.5
2025-09-17 18:30:00+00:00,2025-09-17 19:05:00+00:00,short,115361.69,115840.98,SL,-30.0825,1173.219,2.5
2025-09-17 20:40:00+00:00,2025-09-17 21:40:00+00:00,short,115700.01,115951.11,SL,-29.3305,1143.8886,2.5
2025-09-18 01:05:00+00:00,2025-09-18 03:00:00+00:00,long,116541.13,117100.89,TP,57.1944,1201.083,2.5
2025-09-18 07:00:00+00:00,2025-09-18 14:15:00+00:00,long,117170.19,117719.11,TP,60.0541,1261.1371,2.5
2025-09-18 16:00:00+00:00,2025-09-18 19:30:00+00:00,long,117668.85,117309.6,SL,-31.5284,1229.6087,2.5
2025-09-18 20:25:00+00:00,2025-09-18 22:00:00+00:00,long,117501.44,117247.66,SL,-30.7402,1198.8685,2.5
2025-09-18 22:50:00+00:00,2025-09-19 00:35:00+00:00,short,117103.44,117344.55,SL,-29.9717,1168.8968,2.5
2025-09-19 01:30:00+00:00,2025-09-19 04:00:00+00:00,short,117271.02,116731.99,TP,58.4448,1227.3416,2.5
2025-09-19 05:30:00+00:00,2025-09-19 08:15:00+00:00,short,116851.5,117090.35,SL,-30.6835,1196.6581,2.5
2025-09-19 08:45:00+00:00,2025-09-19 10:00:00+00:00,short,116928.94,116447.74,TP,59.8329,1256.491,2.5
2025-09-19 11:45:00+00:00,2025-09-19 15:00:00+00:00,short,116310.0,115650.34,TP,62.8245,1319.3155,2.5
2025-09-19 17:10:00+00:00,2025-09-19 19:05:00+00:00,short,115810.11,115316.91,TP,65.9658,1385.2813,2.5
2025-09-19 19:30:00+00:00,2025-09-19 22:00:00+00:00,short,115261.98,115517.46,SL,-34.632,1350.6493,2.5
2025-09-19 23:05:00+00:00,2025-09-20 07:35:00+00:00,short,115553.08,115839.99,SL,-33.7662,1316.883,2.5
2025-09-20 10:15:00+00:00,2025-09-21 01:45:00+00:00,long,115757.99,115514.63,SL,-32.9221,1283.961,2.5
2025-09-21 02:20:00+00:00,2025-09-21 06:05:00+00:00,short,115489.43,115787.39,SL,-32.099,1251.8619,2.5
2025-09-21 06:55:00+00:00,2025-09-21 22:15:00+00:00,short,115687.2,115220.86,TP,62.5931,1314.455,2.5
2025-09-21 23:10:00+00:00,2025-09-22 00:35:00+00:00,short,115300.01,114764.01,TP,65.7228,1380.1778,2.5
2025-09-22 01:55:00+00:00,2025-09-22 02:05:00+00:00,short,114273.45,114520.43,SL,-34.5044,1345.6733,2.5
2025-09-22 04:50:00+00:00,2025-09-22 05:55:00+00:00,short,114435.4,113691.19,TP,67.2837,1412.957,2.5
2025-09-22 09:20:00+00:00,2025-09-22 10:15:00+00:00,short,112339.83,112619.0,SL,-35.3239,1377.6331,2.5
2025-09-22 12:00:00+00:00,2025-09-22 13:10:00+00:00,short,112716.94,112949.98,SL,-34.4408,1343.1922,2.5
2025-09-22 13:35:00+00:00,2025-09-22 13:50:00+00:00,short,112561.27,112840.08,SL,-33.5798,1309.6124,2.5
2025-09-22 14:40:00+00:00,2025-09-22 17:00:00+00:00,short,112986.82,112471.99,TP,65.4806,1375.0931,2.5
2025-09-22 18:55:00+00:00,2025-09-22 20:50:00+00:00,short,112429.13,112772.67,SL,-34.3773,1340.7157,2.5
2025-09-22 22:05:00+00:00,2025-09-23 01:40:00+00:00,short,112742.25,112266.0,TP,67.0358,1407.7515,2.5
2025-09-23 02:20:00+00:00,2025-09-23 03:00:00+00:00,short,112131.19,111670.69,TP,70.3876,1478.1391,2.5
2025-09-23 04:25:00+00:00,2025-09-23 04:35:00+00:00,short,112020.01,112275.55,SL,-36.9535,1441.1856,2.5
2025-09-23 06:00:00+00:00,2025-09-23 06:20:00+00:00,short,112616.94,112866.49,SL,-36.0296,1405.156,2.5
2025-09-23 09:10:00+00:00,2025-09-23 09:25:00+00:00,long,113268.44,113007.67,SL,-35.1289,1370.0271,2.5
2025-09-23 10:55:00+00:00,2025-09-23 11:05:00+00:00,long,112969.32,112738.43,SL,-34.2507,1335.7764,2.5
2025-09-23 11:35:00+00:00,2025-09-23 14:30:00+00:00,long,112949.98,112679.99,SL,-33.3944,1302.382,2.5
2025-09-23 15:10:00+00:00,2025-09-23 16:05:00+00:00,long,112949.2,112602.18,SL,-32.5596,1269.8224,2.5
2025-09-23 16:50:00+00:00,2025-09-23 17:05:00+00:00,long,112866.0,112632.75,SL,-31.7456,1238.0769,2.5
2025-09-23 22:25:00+00:00,2025-09-24 00:20:00+00:00,short,112002.16,112319.22,SL,-30.9519,1207.125,2.5
2025-09-24 02:10:00+00:00,2025-09-24 03:45:00+00:00,short,112171.7,111718.93,TP,60.3562,1267.4812,2.5
2025-09-24 08:55:00+00:00,2025-09-24 11:10:00+00:00,long,112622.8,113086.83,TP,63.3741,1330.8553,2.5
2025-09-24 14:15:00+00:00,2025-09-24 14:50:00+00:00,long,113119.99,113787.12,TP,66.5428,1397.398,2.5
2025-09-24 16:40:00+00:00,2025-09-24 19:30:00+00:00,long,113676.82,113425.54,SL,-34.935,1362.4631,2.5
2025-09-24 20:10:00+00:00,2025-09-24 22:50:00+00:00,long,113530.78,113267.24,SL,-34.0616,1328.4015,2.5
2025-09-24 23:55:00+00:00,2025-09-25 00:55:00+00:00,long,113307.0,113062.35,SL,-33.21,1295.1915,2.5
2025-09-25 01:15:00+00:00,2025-09-25 01:30:00+00:00,long,113257.23,112874.36,SL,-32.3798,1262.8117,2.5
2025-09-25 03:15:00+00:00,2025-09-25 04:15:00+00:00,short,112566.46,111900.02,TP,63.1406,1325.9523,2.5
2025-09-25 08:45:00+00:00,2025-09-25 09:25:00+00:00,short,111765.88,112079.77,SL,-33.1488,1292.8035,2.5
2025-09-25 09:45:00+00:00,2025-09-25 12:25:00+00:00,short,111717.47,111125.76,TP,64.6402,1357.4436,2.5
2025-09-25 12:35:00+00:00,2025-09-25 13:00:00+00:00,short,111329.82,110861.7,TP,67.8722,1425.3158,2.5
2025-09-25 13:40:00+00:00,2025-09-25 13:50:00+00:00,short,110720.91,110969.57,SL,-35.6329,1389.6829,2.5
2025-09-25 15:10:00+00:00,2025-09-25 15:55:00+00:00,short,111317.95,111580.77,SL,-34.7421,1354.9408,2.5
2025-09-25 16:25:00+00:00,2025-09-25 17:05:00+00:00,short,111116.0,110665.66,TP,67.747,1422.6879,2.5
2025-09-25 20:05:00+00:00,2025-09-25 21:05:00+00:00,short,109286.03,109630.19,SL,-35.5672,1387.1207,2.5
2025-09-25 22:50:00+00:00,2025-09-25 23:00:00+00:00,short,109286.24,109651.81,SL,-34.678,1352.4427,2.5
2025-09-25 23:30:00+00:00,2025-09-26 00:50:00+00:00,short,109132.99,109482.61,SL,-33.8111,1318.6316,2.5
2025-09-26 02:20:00+00:00,2025-09-26 05:45:00+00:00,short,109593.48,109122.23,TP,65.9316,1384.5632,2.5
2025-09-26 07:30:00+00:00,2025-09-26 07:55:00+00:00,short,108990.62,109320.02,SL,-34.6141,1349.9491,2.5
2025-09-26 09:35:00+00:00,2025-09-26 10:15:00+00:00,short,109481.29,109039.78,TP,67.4975,1417.4466,2.5
2025-09-26 13:20:00+00:00,2025-09-26 13:35:00+00:00,short,109209.48,109567.53,SL,-35.4362,1382.0104,2.5
2025-09-26 14:10:00+00:00,2025-09-26 14:30:00+00:00,short,109309.0,108850.01,TP,69.1005,1451.1109,2.5
2025-09-26 23:30:00+00:00,2025-09-27 01:40:00+00:00,long,109648.1,109330.09,SL,-36.2778,1414.8331,2.5
2025-09-27 04:55:00+00:00,2025-09-27 07:30:00+00:00,long,109654.99,109433.48,SL,-35.3708,1379.4623,2.5
2025-09-27 08:55:00+00:00,2025-09-27 21:55:00+00:00,short,109252.01,109474.99,SL,-34.4866,1344.9758,2.5
2025-09-28 00:00:00+00:00,2025-09-28 01:35:00+00:00,long,109666.19,109422.54,SL,-33.6244,1311.3514,2.5
2025-09-28 02:25:00+00:00,2025-09-28 11:45:00+00:00,long,109487.06,109262.74,SL,-32.7838,1278.5676,2.5
2025-09-28 12:45:00+00:00,2025-09-28 13:15:00+00:00,short,109209.31,109464.02,SL,-31.9642,1246.6034,2.5
2025-09-28 15:40:00+00:00,2025-09-28 19:45:00+00:00,long,109929.99,110388.45,TP,62.3302,1308.9336,2.5
2025-09-28 22:05:00+00:00,2025-09-28 22:45:00+00:00,long,111460.91,111928.92,TP,65.4467,1374.3802,2.5
2025-09-29 03:25:00+00:00,2025-09-29 08:40:00+00:00,long,111756.7,112260.24,TP,68.719,1443.0992,2.5
2025-09-29 11:50:00+00:00,2025-09-29 13:40:00+00:00,long,112079.55,113300.0,TP,72.155,1515.2542,2.5
2025-09-29 17:45:00+00:00,2025-09-30 00:45:00+00:00,long,113940.59,114500.0,TP,75.7627,1591.0169,2.5
2025-09-30 06:15:00+00:00,2025-09-30 07:35:00+00:00,long,113899.99,113658.27,SL,-39.7754,1551.2415,2.5
2025-09-30 13:00:00+00:00,2025-09-30 13:15:00+00:00,short,112916.91,113149.99,SL,-38.781,1512.4605,2.5
2025-09-30 14:05:00+00:00,2025-09-30 14:45:00+00:00,short,113066.6,113497.26,SL,-37.8115,1474.6489,2.5
2025-09-30 15:15:00+00:00,2025-09-30 17:35:00+00:00,short,113122.62,113395.54,SL,-36.8662,1437.7827,2.5
2025-09-30 20:55:00+00:00,2025-09-30 21:10:00+00:00,long,114626.36,114386.13,SL,-35.9446,1401.8382,2.5
2025-09-30 23:35:00+00:00,2025-10-01 01:40:00+00:00,long,113941.75,114413.36,TP,70.0919,1471.9301,2.5
2025-10-01 03:30:00+00:00,2025-10-01 03:45:00+00:00,long,114503.23,114143.3,SL,-36.7983,1435.1318,2.5
2025-10-01 04:15:00+00:00,2025-10-01 06:50:00+00:00,long,114508.23,114252.36,SL,-35.8783,1399.2535,2.5
2025-10-01 07:20:00+00:00,2025-10-01 08:25:00+00:00,long,114464.54,115089.82,TP,69.9627,1469.2162,2.5
2025-10-01 11:55:00+00:00,2025-10-01 12:40:00+00:00,long,116789.58,116453.18,SL,-36.7304,1432.4858,2.5
2025-10-01 13:55:00+00:00,2025-10-01 14:15:00+00:00,long,116806.96,117388.99,TP,71.6243,1504.1101,2.5
2025-10-01 15:25:00+00:00,2025-10-01 17:40:00+00:00,long,117499.63,117148.77,SL,-37.6028,1466.5073,2.5
2025-10-01 18:35:00+00:00,2025-10-01 21:10:00+00:00,long,117109.3,117579.43,TP,73.3254,1539.8327,2.5
2025-10-01 22:00:00+00:00,2025-10-01 23:15:00+00:00,long,117741.34,118359.01,TP,76.9916,1616.8243,2.5
2025-10-02 03:00:00+00:00,2025-10-02 04:25:00+00:00,long,118815.29,118568.18,SL,-40.4206,1576.4037,2.5
2025-10-02 06:20:00+00:00,2025-10-02 12:20:00+00:00,long,118420.0,119080.49,TP,78.8202,1655.2239,2.5
2025-10-02 13:40:00+00:00,2025-10-02 14:40:00+00:00,long,119542.14,118999.99,SL,-41.3806,1613.8433,2.5
2025-10-02 15:25:00+00:00,2025-10-02 15:55:00+00:00,long,119428.12,119910.78,TP,80.6922,1694.5355,2.5
2025-10-02 17:55:00+00:00,2025-10-02 18:55:00+00:00,long,119917.52,120506.61,TP,84.7268,1779.2622,2.5
2025-10-02 23:00:00+00:00,2025-10-03 01:20:00+00:00,long,120350.27,120022.86,SL,-44.4816,1734.7807,2.5
2025-10-03 02:10:00+00:00,2025-10-03 05:40:00+00:00,long,120132.51,119849.71,SL,-43.3695,1691.4112,2.5
2025-10-03 06:10:00+00:00,2025-10-03 07:05:00+00:00,long,120045.13,119795.01,SL,-42.2853,1649.1259,2.5
2025-10-03 12:55:00+00:00,2025-10-03 14:15:00+00:00,long,120358.07,119983.21,SL,-41.2281,1607.8977,2.5
2025-10-03 14:35:00+00:00,2025-10-03 15:15:00+00:00,long,120680.0,121260.69,TP,80.3949,1688.2926,2.5
2025-10-03 18:35:00+00:00,2025-10-03 18:50:00+00:00,long,122687.6,122441.15,SL,-42.2073,1646.0853,2.5
2025-10-03 20:45:00+00:00,2025-10-03 21:15:00+00:00,long,122607.9,122288.43,SL,-41.1521,1604.9332,2.5
2025-10-03 22:00:00+00:00,2025-10-04 00:00:00+00:00,long,122403.45,122121.37,SL,-40.1233,1564.8099,2.5
2025-10-04 01:10:00+00:00,2025-10-04 01:45:00+00:00,long,122089.99,121767.71,SL,-39.1202,1525.6896,2.5
2025-10-04 02:05:00+00:00,2025-10-04 04:40:00+00:00,long,121957.98,122481.77,TP,76.2845,1601.9741,2.5
2025-10-04 08:05:00+00:00,2025-10-04 09:50:00+00:00,long,122474.87,122203.11,SL,-40.0494,1561.9247,2.5
2025-10-04 10:25:00+00:00,2025-10-04 11:10:00+00:00,long,122292.43,122032.28,SL,-39.0481,1522.8766,2.5
2025-10-04 16:10:00+00:00,2025-10-04 19:55:00+00:00,short,121690.56,121959.25,SL,-38.0719,1484.8047,2.5
2025-10-04 20:50:00+00:00,2025-10-04 21:15:00+00:00,short,121940.51,122200.0,SL,-37.1201,1447.6846,2.5
2025-10-04 22:45:00+00:00,2025-10-05 02:25:00+00:00,long,122334.0,122853.91,TP,72.3842,1520.0688,2.5
2025-10-05 04:45:00+00:00,2025-10-05 05:05:00+00:00,long,125285.11,124996.18,SL,-38.0017,1482.0671,2.5
2025-10-05 14:20:00+00:00,2025-10-05 19:45:00+00:00,short,123196.01,122645.49,TP,74.1034,1556.1705,2.5
2025-10-05 21:05:00+00:00,2025-10-05 22:00:00+00:00,short,122560.0,123047.74,SL,-38.9043,1517.2662,2.5
2025-10-06 00:15:00+00:00,2025-10-06 00:20:00+00:00,long,124336.44,123929.62,SL,-37.9317,1479.3345,2.5
2025-10-06 01:25:00+00:00,2025-10-06 02:30:00+00:00,long,123851.35,123525.98,SL,-36.9834,1442.3512,2.5
2025-10-06 02:55:00+00:00,2025-10-06 03:45:00+00:00,long,124110.61,123785.12,SL,-36.0588,1406.2924,2.5
2025-10-06 05:45:00+00:00,2025-10-06 07:40:00+00:00,long,123720.9,123440.0,SL,-35.1573,1371.1351,2.5
2025-10-06 08:25:00+00:00,2025-10-06 11:25:00+00:00,long,123760.0,124365.91,TP,68.5568,1439.6918,2.5
2025-10-06 12:55:00+00:00,2025-10-06 14:05:00+00:00,long,124556.64,125267.15,TP,71.9846,1511.6764,2.5
2025-10-06 15:20:00+00:00,2025-10-06 15:55:00+00:00,long,125253.81,125000.0,SL,-37.7919,1473.8845,2.5
2025-10-06 16:40:00+00:00,2025-10-06 17:20:00+00:00,long,125209.99,125786.78,TP,73.6942,1547.5787,2.5
2025-10-06 18:45:00+00:00,2025-10-06 19:35:00+00:00,long,125729.99,125462.55,SL,-38.6895,1508.8893,2.5
2025-10-06 21:55:00+00:00,2025-10-06 23:15:00+00:00,long,125097.85,124824.99,SL,-37.7222,1471.167,2.5
2025-10-07 00:15:00+00:00,2025-10-07 01:20:00+00:00,long,124831.84,124546.11,SL,-36.7792,1434.3879,2.5
2025-10-07 05:50:00+00:00,2025-10-07 07:10:00+00:00,short,124358.98,123833.12,TP,71.7194,1506.1073,2.5
2025-10-07 08:30:00+00:00,2025-10-07 08:35:00+00:00,short,123434.01,123729.56,SL,-37.6527,1468.4546,2.5
2025-10-07 10:50:00+00:00,2025-10-07 12:35:00+00:00,short,124269.76,124572.5,SL,-36.7114,1431.7432,2.5
2025-10-07 12:40:00+00:00,2025-10-07 13:35:00+00:00,long,124590.38,124309.5,SL,-35.7936,1395.9496,2.5
2025-10-07 18:00:00+00:00,2025-10-07 19:00:00+00:00,short,120956.89,121242.67,SL,-34.8987,1361.0509,2.5
2025-10-07 21:00:00+00:00,2025-10-07 21:25:00+00:00,short,121993.15,122248.21,SL,-34.0263,1327.0246,2.5
2025-10-08 02:40:00+00:00,2025-10-08 03:30:00+00:00,short,121910.78,121391.75,TP,66.3512,1393.3759,2.5
2025-10-08 05:25:00+00:00,2025-10-08 06:45:00+00:00,short,121390.2,121648.86,SL,-34.8344,1358.5415,2.5
2025-10-08 07:35:00+00:00,2025-10-08 08:00:00+00:00,short,121407.86,121802.71,SL,-33.9635,1324.5779,2.5
2025-10-08 10:40:00+00:00,2025-10-08 12:20:00+00:00,long,122974.02,122700.01,SL,-33.1144,1291.4635,2.5
2025-10-08 14:00:00+00:00,2025-10-08 14:10:00+00:00,long,123081.52,122825.01,SL,-32.2866,1259.1769,2.5
2025-10-08 16:05:00+00:00,2025-10-08 16:50:00+00:00,long,122437.27,122987.04,TP,62.9588,1322.1357,2.5
2025-10-08 20:20:00+00:00,2025-10-08 20:30:00+00:00,long,123666.3,123413.39,SL,-33.0534,1289.0823,2.5
2025-10-08 21:30:00+00:00,2025-10-09 00:30:00+00:00,long,123279.45,122937.82,SL,-32.2271,1256.8553,2.5
2025-10-09 05:15:00+00:00,2025-10-09 08:25:00+00:00,short,121900.0,121180.0,TP,62.8428,1319.698,2.5
2025-10-09 16:50:00+00:00,2025-10-09 17:45:00+00:00,short,120290.35,120615.51,SL,-32.9925,1286.7056,2.5
2025-10-09 20:15:00+00:00,2025-10-09 20:50:00+00:00,short,120892.82,121137.39,SL,-32.1676,1254.538,2.5
2025-10-09 22:35:00+00:00,2025-10-10 02:05:00+00:00,long,121665.52,121320.51,SL,-31.3634,1223.1745,2.5
2025-10-10 04:35:00+00:00,2025-10-10 05:20:00+00:00,short,121095.71,121426.07,SL,-30.5794,1192.5951,2.5
2025-10-10 09:50:00+00:00,2025-10-10 11:05:00+00:00,short,121382.42,121655.59,SL,-29.8149,1162.7803,2.5
2025-10-10 13:00:00+00:00,2025-10-10 13:35:00+00:00,long,121889.09,122422.71,TP,58.139,1220.9193,2.5
2025-10-10 13:50:00+00:00,2025-10-10 13:55:00+00:00,short,121428.01,121684.2,SL,-30.523,1190.3963,2.5
2025-10-10 17:00:00+00:00,2025-10-10 17:50:00+00:00,short,118105.76,117590.7,TP,59.5198,1249.9161,2.5
2025-10-10 19:10:00+00:00,2025-10-10 19:25:00+00:00,short,116827.4,116040.38,TP,62.4958,1312.4119,2.5
2025-10-10 20:50:00+00:00,2025-10-10 20:55:00+00:00,short,115406.0,114266.82,TP,65.6206,1378.0325,2.5
2025-10-11 00:00:00+00:00,2025-10-11 00:15:00+00:00,short,112777.95,111767.96,TP,68.9016,1446.9341,2.5
2025-10-11 01:00:00+00:00,2025-10-11 01:15:00+00:00,short,112222.73,111607.08,TP,72.3467,1519.2808,2.5
2025-10-11 03:20:00+00:00,2025-10-11 03:55:00+00:00,short,112072.17,112300.01,SL,-37.982,1481.2988,2.5
2025-10-11 04:30:00+00:00,2025-10-11 04:50:00+00:00,short,111951.8,112756.63,SL,-37.0325,1444.2664,2.5
2025-10-11 05:20:00+00:00,2025-10-11 05:45:00+00:00,short,112066.51,112425.25,SL,-36.1067,1408.1597,2.5
2025-10-11 06:00:00+00:00,2025-10-11 06:10:00+00:00,short,112134.02,112366.16,SL,-35.204,1372.9557,2.5
2025-10-11 06:35:00+00:00,2025-10-11 07:00:00+00:00,short,112149.5,111422.01,TP,68.6478,1441.6035,2.5
2025-10-11 11:00:00+00:00,2025-10-11 11:25:00+00:00,short,111914.91,112350.0,SL,-36.0401,1405.5634,2.5
2025-10-11 11:45:00+00:00,2025-10-11 12:20:00+00:00,short,112147.69,112375.72,SL,-35.1391,1370.4243,2.5
2025-10-11 15:40:00+00:00,2025-10-11 19:15:00+00:00,short,111939.85,111250.01,TP,68.5212,1438.9455,2.5
2025-10-11 23:15:00+00:00,2025-10-12 00:00:00+00:00,short,110973.72,110483.3,TP,71.9473,1510.8928,2.5
2025-10-12 04:05:00+00:00,2025-10-12 04:10:00+00:00,short,110830.0,111075.16,SL,-37.7723,1473.1205,2.5
2025-10-12 05:50:00+00:00,2025-10-12 07:10:00+00:00,long,111812.28,111581.29,SL,-36.828,1436.2925,2.5
2025-10-12 08:25:00+00:00,2025-10-12 08:45:00+00:00,long,111762.09,111483.04,SL,-35.9073,1400.3852,2.5
2025-10-12 09:35:00+00:00,2025-10-12 10:00:00+00:00,long,111510.07,111998.41,TP,70.0193,1470.4044,2.5
2025-10-12 11:05:00+00:00,2025-10-12 11:20:00+00:00,long,111816.8,111584.69,SL,-36.7601,1433.6443,2.5
2025-10-12 11:30:00+00:00,2025-10-12 13:45:00+00:00,long,111870.0,111411.4,SL,-35.8411,1397.8032,2.5
2025-10-12 14:45:00+00:00,2025-10-12 14:50:00+00:00,long,112099.98,112933.35,TP,69.8902,1467.6934,2.5
2025-10-12 16:40:00+00:00,2025-10-12 17:50:00+00:00,long,114243.06,113850.73,SL,-36.6923,1431.001,2.5
2025-10-12 19:10:00+00:00,2025-10-12 20:20:00+00:00,long,114347.29,114827.3,TP,71.5501,1502.5511,2.5
2025-10-12 21:10:00+00:00,2025-10-12 21:20:00+00:00,long,115361.13,115020.44,SL,-37.5638,1464.9873,2.5
2025-10-12 22:10:00+00:00,2025-10-12 23:00:00+00:00,long,115374.57,114975.49,SL,-36.6247,1428.3626,2.5
2025-10-13 00:15:00+00:00,2025-10-13 00:20:00+00:00,long,115661.62,115358.22,SL,-35.7091,1392.6536,2.5
2025-10-13 00:55:00+00:00,2025-10-13 03:30:00+00:00,long,115280.84,114906.45,SL,-34.8163,1357.8372,2.5
2025-10-13 05:05:00+00:00,2025-10-13 06:50:00+00:00,long,114700.52,115226.03,TP,67.8919,1425.7291,2.5
2025-10-13 09:55:00+00:00,2025-10-13 10:25:00+00:00,long,115127.04,114884.69,SL,-35.6432,1390.0858,2.5
2025-10-13 14:25:00+00:00,2025-10-13 14:35:00+00:00,short,114318.48,114639.6,SL,-34.7521,1355.3337,2.5
2025-10-13 16:40:00+00:00,2025-10-13 16:55:00+00:00,short,114392.02,114669.24,SL,-33.8833,1321.4504,2.5
2025-10-13 17:15:00+00:00,2025-10-13 17:55:00+00:00,short,114496.61,115040.55,SL,-33.0363,1288.4141,2.5
2025-10-14 00:20:00+00:00,2025-10-14 00:50:00+00:00,long,115213.99,114940.01,SL,-32.2104,1256.2037,2.5
2025-10-14 04:45:00+00:00,2025-10-14 05:05:00+00:00,short,113010.55,113309.87,SL,-31.4051,1224.7987,2.5
2025-10-14 05:35:00+00:00,2025-10-14 06:30:00+00:00,short,112671.99,112136.56,TP,61.2399,1286.0386,2.5
2025-10-14 09:35:00+00:00,2025-10-14 09:50:00+00:00,short,111626.01,111119.09,TP,64.3019,1350.3405,2.5
2025-10-14 12:30:00+00:00,2025-10-14 13:15:00+00:00,short,111028.99,110455.5,TP,67.517,1417.8575,2.5
2025-10-14 15:05:00+00:00,2025-10-14 15:30:00+00:00,short,111320.99,111623.63,SL,-35.4464,1382.4111,2.5
2025-10-14 18:05:00+00:00,2025-10-14 18:40:00+00:00,long,113105.58,112849.06,SL,-34.5603,1347.8508,2.5
2025-10-14 19:20:00+00:00,2025-10-14 19:35:00+00:00,long,113461.13,112702.2,SL,-33.6963,1314.1546,2.5
2025-10-14 20:40:00+00:00,2025-10-14 22:00:00+00:00,long,112874.97,113427.79,TP,65.7077,1379.8623,2.5
2025-10-14 23:05:00+00:00,2025-10-14 23:45:00+00:00,long,113491.36,113255.62,SL,-34.4966,1345.3657,2.5
2025-10-15 01:55:00+00:00,2025-10-15 02:25:00+00:00,long,112738.17,113568.96,TP,67.2683,1412.634,2.5
2025-10-15 03:00:00+00:00,2025-10-15 03:35:00+00:00,short,112619.09,112130.65,TP,70.6317,1483.2657,2.5
2025-10-15 06:05:00+00:00,2025-10-15 06:55:00+00:00,short,112235.76,112460.47,SL,-37.0816,1446.1841,2.5
2025-10-15 12:25:00+00:00,2025-10-15 12:45:00+00:00,short,111469.76,111713.02,SL,-36.1546,1410.0295,2.5
2025-10-15 13:00:00+00:00,2025-10-15 13:45:00+00:00,short,111512.56,111043.14,TP,70.5015,1480.5309,2.5
2025-10-15 14:45:00+00:00,2025-10-15 17:05:00+00:00,short,111064.01,110404.12,TP,74.0265,1554.5575,2.5
2025-10-15 19:35:00+00:00,2025-10-15 20:00:00+00:00,short,111213.71,111473.01,SL,-38.8639,1515.6935,2.5
2025-10-15 20:25:00+00:00,2025-10-15 20:30:00+00:00,short,111060.54,110555.69,TP,75.7847,1591.4782,2.5
2025-10-15 21:50:00+00:00,2025-10-15 22:10:00+00:00,short,110711.25,111064.91,SL,-39.787,1551.6913,2.5
2025-10-15 22:50:00+00:00,2025-10-16 01:10:00+00:00,short,110750.56,111005.02,SL,-38.7923,1512.899,2.5
2025-10-16 03:20:00+00:00,2025-10-16 03:55:00+00:00,long,111701.07,111329.48,SL,-37.8225,1475.0765,2.5
2025-10-16 05:35:00+00:00,2025-10-16 05:50:00+00:00,long,111411.14,110851.52,SL,-36.8769,1438.1996,2.5
2025-10-16 06:25:00+00:00,2025-10-16 07:20:00+00:00,long,111316.46,110798.25,SL,-35.955,1402.2446,2.5
2025-10-16 09:30:00+00:00,2025-10-16 09:40:00+00:00,short,109747.87,111230.0,SL,-35.0561,1367.1885,2.5
2025-10-16 09:45:00+00:00,2025-10-16 09:50:00+00:00,long,111632.05,111159.32,SL,-34.1797,1333.0088,2.5
2025-10-16 12:00:00+00:00,2025-10-16 12:10:00+00:00,long,111842.01,111535.16,SL,-33.3252,1299.6836,2.5
2025-10-16 14:40:00+00:00,2025-10-16 14:45:00+00:00,long,111352.01,111058.22,SL,-32.4921,1267.1915,2.5
2025-10-16 15:20:00+00:00,2025-10-16 15:40:00+00:00,short,110347.12,109240.7,TP,63.3596,1330.551,2.5
2025-10-16 18:05:00+00:00,2025-10-16 18:35:00+00:00,short,107847.58,108284.45,SL,-33.2638,1297.2873,2.5
2025-10-16 19:30:00+00:00,2025-10-16 19:45:00+00:00,short,107774.97,108239.18,SL,-32.4322,1264.8551,2.5
2025-10-16 20:30:00+00:00,2025-10-16 20:35:00+00:00,short,107460.45,107763.21,SL,-31.6214,1233.2337,2.5
2025-10-16 22:20:00+00:00,2025-10-16 23:20:00+00:00,short,108055.64,108400.02,SL,-30.8308,1202.4029,2.5
2025-10-17 01:35:00+00:00,2025-10-17 02:55:00+00:00,short,108739.99,108972.97,SL,-30.0601,1172.3428,2.5
2025-10-17 03:40:00+00:00,2025-10-17 03:55:00+00:00,short,108910.45,109176.74,SL,-29.3086,1143.0342,2.5
2025-10-17 10:15:00+00:00,2025-10-17 10:20:00+00:00,short,104212.01,103735.04,TP,57.1517,1200.1859,2.5
2025-10-17 12:20:00+00:00,2025-10-17 12:55:00+00:00,short,105804.43,105350.4,TP,60.0093,1260.1952,2.5
2025-10-17 13:40:00+00:00,2025-10-17 13:50:00+00:00,short,105326.67,105934.89,SL,-31.5049,1228.6904,2.5
2025-10-17 14:05:00+00:00,2025-10-17 14:10:00+00:00,short,105204.12,105419.59,SL,-30.7173,1197.9731,2.5
2025-10-17 14:55:00+00:00,2025-10-17 15:00:00+00:00,short,105163.42,105537.93,SL,-29.9493,1168.0238,2.5
2025-10-17 18:15:00+00:00,2025-10-17 19:30:00+00:00,long,106685.04,106345.99,SL,-29.2006,1138.8232,2.5
2025-10-17 20:15:00+00:00,2025-10-17 21:05:00+00:00,long,106808.0,107261.82,TP,56.9412,1195.7643,2.5
2025-10-18 00:25:00+00:00,2025-10-18 01:25:00+00:00,long,106744.04,107283.61,TP,59.7882,1255.5525,2.5
2025-10-18 03:20:00+00:00,2025-10-18 04:05:00+00:00,long,106917.06,106560.03,SL,-31.3888,1224.1637,2.5
2025-10-18 09:20:00+00:00,2025-10-18 16:30:00+00:00,long,106829.39,106560.88,SL,-30.6041,1193.5596,2.5
2025-10-18 21:50:00+00:00,2025-10-19 00:35:00+00:00,long,107171.07,106952.92,SL,-29.839,1163.7207,2.5
2025-10-19 02:40:00+00:00,2025-10-19 03:15:00+00:00,short,106858.8,107120.46,SL,-29.093,1134.6276,2.5
2025-10-19 08:30:00+00:00,2025-10-19 09:25:00+00:00,short,106620.01,106153.3,TP,56.7314,1191.359,2.5
2025-10-19 09:40:00+00:00,2025-10-19 09:45:00+00:00,long,106953.44,107928.96,TP,59.568,1250.927,2.5
2025-10-19 13:35:00+00:00,2025-10-19 14:15:00+00:00,long,107710.32,108409.99,TP,62.5463,1313.4733,2.5
2025-10-19 16:40:00+00:00,2025-10-19 16:45:00+00:00,long,108904.55,108683.3,SL,-32.8368,1280.6365,2.5
2025-10-19 21:55:00+00:00,2025-10-19 22:15:00+00:00,long,108744.82,109198.54,TP,64.0318,1344.6683,2.5
2025-10-20 05:55:00+00:00,2025-10-20 08:30:00+00:00,long,111033.79,111483.6,TP,67.2334,1411.9017,2.5
2025-10-20 10:05:00+00:00,2025-10-20 10:50:00+00:00,long,110966.25,110743.07,SL,-35.2975,1376.6042,2.5
2025-10-20 11:30:00+00:00,2025-10-20 14:25:00+00:00,long,110802.14,111275.05,TP,68.8302,1445.4344,2.5
2025-10-20 22:30:00+00:00,2025-10-20 23:15:00+00:00,long,110779.99,110545.46,SL,-36.1359,1409.2985,2.5
2025-10-20 23:25:00+00:00,2025-10-20 23:55:00+00:00,long,110759.9,110532.09,SL,-35.2325,1374.0661,2.5
2025-10-21 01:10:00+00:00,2025-10-21 02:00:00+00:00,short,110139.08,109621.2,TP,68.7033,1442.7694,2.5
2025-10-21 03:55:00+00:00,2025-10-21 04:05:00+00:00,short,109059.22,108300.0,TP,72.1385,1514.9078,2.5
2025-10-21 08:10:00+00:00,2025-10-21 10:45:00+00:00,short,107804.31,108588.56,SL,-37.8727,1477.0351,2.5
2025-10-21 12:10:00+00:00,2025-10-21 12:15:00+00:00,short,108472.93,108774.07,SL,-36.9259,1440.1093,2.5
2025-10-21 12:55:00+00:00,2025-10-21 13:05:00+00:00,short,108793.4,108316.01,TP,72.0055,1512.1147,2.5
2025-10-21 14:05:00+00:00,2025-10-21 14:10:00+00:00,long,109181.89,109744.9,TP,75.6057,1587.7205,2.5
2025-10-21 19:00:00+00:00,2025-10-21 19:20:00+00:00,long,112053.45,111651.22,SL,-39.693,1548.0274,2.5
2025-10-21 19:45:00+00:00,2025-10-21 20:00:00+00:00,long,111920.0,111663.71,SL,-38.7007,1509.3268,2.5
2025-10-21 21:10:00+00:00,2025-10-21 21:20:00+00:00,long,111095.21,110280.71,SL,-37.7332,1471.5936,2.5
2025-10-21 21:35:00+00:00,2025-10-21 22:05:00+00:00,long,110782.83,110290.33,SL,-36.7898,1434.8038,2.5
2025-10-21 22:15:00+00:00,2025-10-21 22:25:00+00:00,short,110426.88,109623.55,TP,71.7402,1506.5439,2.5
2025-10-21 23:35:00+00:00,2025-10-21 23:50:00+00:00,short,108310.84,108567.34,SL,-37.6636,1468.8803,2.5
2025-10-22 02:55:00+00:00,2025-10-22 04:05:00+00:00,short,108198.85,108462.44,SL,-36.722,1432.1583,2.5
2025-10-22 05:15:00+00:00,2025-10-22 07:05:00+00:00,short,108265.25,107677.7,TP,71.6079,1503.7663,2.5
2025-10-22 09:05:00+00:00,2025-10-22 10:55:00+00:00,short,108098.7,107657.98,TP,75.1883,1578.9546,2.5
2025-10-22 11:45:00+00:00,2025-10-22 12:05:00+00:00,short,107488.81,107723.53,SL,-39.4739,1539.4807,2.5
2025-10-22 13:30:00+00:00,2025-10-22 13:35:00+00:00,short,107738.01,108457.99,SL,-38.487,1500.9937,2.5
2025-10-22 13:45:00+00:00,2025-10-22 13:50:00+00:00,short,107902.54,108301.77,SL,-37.5248,1463.4688,2.5
2025-10-22 13:55:00+00:00,2025-10-22 14:00:00+00:00,long,108783.36,108292.28,SL,-36.5867,1426.8821,2.5
2025-10-22 14:15:00+00:00,2025-10-22 14:55:00+00:00,short,108162.13,108947.5,SL,-35.6721,1391.2101,2.5
2025-10-22 15:20:00+00:00,2025-10-22 15:35:00+00:00,short,108017.99,108488.07,SL,-34.7803,1356.4298,2.5
2025-10-22 15:40:00+00:00,2025-10-22 16:20:00+00:00,long,108462.89,108187.26,SL,-33.9107,1322.5191,2.5
2025-10-22 16:30:00+00:00,2025-10-22 16:55:00+00:00,long,108546.48,108226.0,SL,-33.063,1289.4561,2.5
2025-10-22 19:50:00+00:00,2025-10-22 20:50:00+00:00,short,107977.21,107500.01,TP,64.4728,1353.9289,2.5
2025-10-23 00:25:00+00:00,2025-10-23 00:30:00+00:00,short,107597.04,107819.99,SL,-33.8482,1320.0807,2.5
2025-10-23 03:05:00+00:00,2025-10-23 06:05:00+00:00,long,108527.84,109020.0,TP,66.004,1386.0847,2.5
2025-10-23 08:30:00+00:00,2025-10-23 08:55:00+00:00,long,109755.0,109505.44,SL,-34.6521,1351.4326,2.5
2025-10-23 10:00:00+00:00,2025-10-23 11:30:00+00:00,long,109491.48,109241.08,SL,-33.7858,1317.6468,2.5
2025-10-23 12:45:00+00:00,2025-10-23 13:05:00+00:00,long,109119.73,108882.62,SL,-32.9412,1284.7056,2.5
2025-10-23 14:10:00+00:00,2025-10-23 14:20:00+00:00,short,108902.04,109309.16,SL,-32.1176,1252.588,2.5
2025-10-23 14:30:00+00:00,2025-10-23 15:30:00+00:00,long,109609.0,110066.69,TP,62.6294,1315.2174,2.5
2025-10-23 16:50:00+00:00,2025-10-23 16:55:00+00:00,long,110533.5,110263.74,SL,-32.8804,1282.3369,2.5
2025-10-23 17:25:00+00:00,2025-10-23 17:35:00+00:00,long,110206.45,110900.06,TP,64.1168,1346.4538,2.5
2025-10-24 02:45:00+00:00,2025-10-24 03:30:00+00:00,long,110632.21,110324.63,SL,-33.6613,1312.7924,2.5
2025-10-24 04:10:00+00:00,2025-10-24 04:30:00+00:00,long,110613.61,111288.45,TP,65.6396,1378.4321,2.5
2025-10-24 06:35:00+00:00,2025-10-24 07:10:00+00:00,long,111487.99,111140.69,SL,-34.4608,1343.9713,2.5
2025-10-24 08:45:00+00:00,2025-10-24 11:30:00+00:00,long,111148.95,110852.49,SL,-33.5993,1310.372,2.5
2025-10-24 12:00:00+00:00,2025-10-24 12:15:00+00:00,long,111196.39,110923.2,SL,-32.7593,1277.6127,2.5
2025-10-24 12:30:00+00:00,2025-10-24 12:50:00+00:00,long,111556.51,111253.19,SL,-31.9403,1245.6724,2.5
2025-10-24 16:00:00+00:00,2025-10-24 16:15:00+00:00,short,109943.73,110212.86,SL,-31.1418,1214.5305,2.5
2025-10-24 20:45:00+00:00,2025-10-25 04:15:00+00:00,long,110849.36,111421.74,TP,60.7265,1275.2571,2.5
2025-10-25 05:45:00+00:00,2025-10-25 08:55:00+00:00,long,111317.58,111763.8,TP,63.7629,1339.0199,2.5
2025-10-25 10:40:00+00:00,2025-10-25 15:05:00+00:00,long,111675.9,111444.04,SL,-33.4755,1305.5444,2.5
2025-10-25 16:45:00+00:00,2025-10-26 09:20:00+00:00,long,111424.24,112352.38,TP,65.2772,1370.8217,2.5
2025-10-26 11:20:00+00:00,2025-10-26 11:40:00+00:00,long,112718.61,113324.21,TP,68.5411,1439.3627,2.5
2025-10-26 16:40:00+00:00,2025-10-26 20:25:00+00:00,long,113626.23,113372.23,SL,-35.9841,1403.3787,2.5
2025-10-26 21:40:00+00:00,2025-10-26 22:00:00+00:00,long,113455.75,114774.49,TP,70.1689,1473.5476,2.5
2025-10-27 00:15:00+00:00,2025-10-27 00:45:00+00:00,long,114970.57,114717.57,SL,-36.8387,1436.7089,2.5
2025-10-27 01:20:00+00:00,2025-10-27 02:30:00+00:00,long,115149.99,114837.66,SL,-35.9177,1400.7912,2.5
2025-10-27 04:10:00+00:00,2025-10-27 06:15:00+00:00,long,115210.85,115681.71,TP,70.0396,1470.8307,2.5
2025-10-27 06:25:00+00:00,2025-10-27 08:00:00+00:00,long,115746.68,115507.68,SL,-36.7708,1434.06,2.5
2025-10-27 09:30:00+00:00,2025-10-27 13:35:00+00:00,long,115156.7,114731.65,SL,-35.8515,1398.2085,2.5
2025-10-27 13:50:00+00:00,2025-10-27 14:00:00+00:00,long,115348.89,115016.0,SL,-34.9552,1363.2533,2.5
2025-10-27 14:05:00+00:00,2025-10-27 15:10:00+00:00,short,114773.83,115055.99,SL,-34.0813,1329.1719,2.5
2025-10-27 17:50:00+00:00,2025-10-27 18:55:00+00:00,long,115620.31,115342.19,SL,-33.2293,1295.9426,2.5
2025-10-27 22:50:00+00:00,2025-10-28 01:40:00+00:00,short,114156.05,114467.16,SL,-32.3986,1263.5441,2.5
2025-10-28 02:15:00+00:00,2025-10-28 02:45:00+00:00,short,114166.69,113661.95,TP,63.1772,1326.7213,2.5
2025-10-28 05:15:00+00:00,2025-10-28 06:45:00+00:00,short,113831.74,114061.73,SL,-33.168,1293.5532,2.5
2025-10-28 07:55:00+00:00,2025-10-28 08:30:00+00:00,short,114188.37,114429.22,SL,-32.3388,1261.2144,2.5
2025-10-28 09:55:00+00:00,2025-10-28 12:05:00+00:00,long,114528.6,114266.66,SL,-31.5304,1229.6841,2.5
2025-10-28 12:45:00+00:00,2025-10-28 13:20:00+00:00,long,114491.41,115143.88,TP,61.4842,1291.1683,2.5
2025-10-28 16:25:00+00:00,2025-10-28 17:20:00+00:00,long,115076.48,115563.33,TP,64.5584,1355.7267,2.5
2025-10-28 23:20:00+00:00,2025-10-29 00:55:00+00:00,short,112906.94,112442.88,TP,67.7863,1423.513,2.5
2025-10-29 03:10:00+00:00,2025-10-29 04:15:00+00:00,short,112458.33,112736.84,SL,-35.5878,1387.9252,2.5
2025-10-29 06:00:00+00:00,2025-10-29 06:50:00+00:00,short,113039.03,113339.3,SL,-34.6981,1353.227,2.5
2025-10-29 07:40:00+00:00,2025-10-29 07:50:00+00:00,short,113293.2,113542.17,SL,-33.8307,1319.3964,2.5
2025-10-29 10:55:00+00:00,2025-10-29 11:15:00+00:00,short,112870.01,113125.45,SL,-32.9849,1286.4115,2.5
2025-10-29 12:30:00+00:00,2025-10-29 13:10:00+00:00,short,113115.98,113357.04,SL,-32.1603,1254.2512,2.5
2025-10-29 13:35:00+00:00,2025-10-29 14:15:00+00:00,short,112997.17,112475.74,TP,62.7126,1316.9637,2.5
2025-10-29 15:25:00+00:00,2025-10-29 15:45:00+00:00,short,112029.7,111579.62,TP,65.8482,1382.8119,2.5
2025-10-29 18:35:00+00:00,2025-10-29 18:40:00+00:00,short,109427.1,109756.51,SL,-34.5703,1348.2416,2.5
2025-10-29 19:35:00+00:00,2025-10-29 19:45:00+00:00,short,110433.65,110680.06,SL,-33.706,1314.5356,2.5
2025-10-29 22:00:00+00:00,2025-10-29 22:55:00+00:00,short,111523.44,111028.2,TP,65.7268,1380.2624,2.5
2025-10-30 03:10:00+00:00,2025-10-30 04:05:00+00:00,short,110778.0,110320.41,TP,69.0131,1449.2755,2.5
2025-10-30 11:55:00+00:00,2025-10-30 12:20:00+00:00,short,109717.29,108994.14,TP,72.4638,1521.7392,2.5
2025-10-30 13:35:00+00:00,2025-10-30 13:50:00+00:00,short,107841.83,108061.83,SL,-38.0435,1483.6958,2.5
2025-10-30 15:35:00+00:00,2025-10-30 16:05:00+00:00,short,107650.89,108044.56,SL,-37.0924,1446.6034,2.5
2025-10-30 17:05:00+00:00,2025-10-30 17:20:00+00:00,short,107683.6,106969.08,TP,72.3302,1518.9335,2.5
2025-10-30 18:35:00+00:00,2025-10-30 19:55:00+00:00,short,106985.31,106536.39,TP,75.9467,1594.8802,2.5
2025-10-30 22:15:00+00:00,2025-10-30 22:55:00+00:00,short,107675.89,107912.81,SL,-39.872,1555.0082,2.5
2025-10-31 03:45:00+00:00,2025-10-31 04:20:00+00:00,long,109249.19,109810.07,TP,77.7504,1632.7586,2.5
2025-10-31 07:20:00+00:00,2025-10-31 07:40:00+00:00,long,109732.17,109511.71,SL,-40.819,1591.9397,2.5
2025-10-31 08:25:00+00:00,2025-10-31 09:15:00+00:00,long,109830.83,110358.89,TP,79.597,1671.5366,2.5
2025-10-31 11:45:00+00:00,2025-10-31 12:00:00+00:00,long,110078.21,110571.37,TP,83.5768,1755.1135,2.5
2025-10-31 13:50:00+00:00,2025-10-31 14:25:00+00:00,long,110074.6,109805.08,SL,-43.8778,1711.2356,2.5
2025-10-31 14:40:00+00:00,2025-10-31 14:50:00+00:00,long,110028.59,110660.6,TP,85.5618,1796.7974,2.5
2025-10-31 22:00:00+00:00,2025-10-31 22:15:00+00:00,short,109527.89,109801.78,SL,-44.9199,1751.8775,2.5
2025-10-31 23:45:00+00:00,2025-11-01 03:15:00+00:00,long,109628.01,110168.0,TP,87.5939,1839.4714,2.5
2025-11-01 07:15:00+00:00,2025-11-01 13:40:00+00:00,long,110106.98,109777.61,SL,-45.9868,1793.4846,2.5
2025-11-01 18:50:00+00:00,2025-11-01 21:45:00+00:00,long,110337.39,110053.72,SL,-44.8371,1748.6475,2.5
2025-11-02 00:45:00+00:00,2025-11-02 02:30:00+00:00,short,109972.01,110225.96,SL,-43.7162,1704.9313,2.5
2025-11-02 03:20:00+00:00,2025-11-02 04:40:00+00:00,short,109976.38,110435.01,SL,-42.6233,1662.308,2.5
2025-11-02 06:45:00+00:00,2025-11-02 07:20:00+00:00,long,110691.02,110445.02,SL,-41.5577,1620.7503,2.5
2025-11-02 07:40:00+00:00,2025-11-02 10:30:00+00:00,long,110690.76,110407.11,SL,-40.5188,1580.2315,2.5
2025-11-02 11:05:00+00:00,2025-11-02 11:55:00+00:00,long,110636.06,111196.99,TP,79.0116,1659.2431,2.5
2025-11-02 14:00:00+00:00,2025-11-02 14:20:00+00:00,long,110655.38,110433.15,SL,-41.4811,1617.762,2.5
2025-11-02 14:25:00+00:00,2025-11-02 15:30:00+00:00,short,110307.99,110540.16,SL,-40.4441,1577.318,2.5
2025-11-02 15:45:00+00:00,2025-11-02 22:30:00+00:00,short,110230.77,109534.91,TP,78.8659,1656.1839,2.5
2025-11-03 02:25:00+00:00,2025-11-03 02:45:00+00:00,short,109249.74,108811.23,TP,82.8092,1738.9931,2.5
2025-11-03 06:10:00+00:00,2025-11-03 07:20:00+00:00,short,107347.08,107737.95,SL,-43.4748,1695.5182,2.5
2025-11-03 08:25:00+00:00,2025-11-03 08:50:00+00:00,short,107228.36,107533.1,SL,-42.388,1653.1303,2.5
2025-11-03 09:30:00+00:00,2025-11-03 10:20:00+00:00,short,107301.3,107557.06,SL,-41.3283,1611.802,2.5
2025-11-03 10:40:00+00:00,2025-11-03 11:10:00+00:00,short,107246.09,107527.29,SL,-40.2951,1571.507,2.5
2025-11-03 12:40:00+00:00,2025-11-03 14:05:00+00:00,short,107841.98,108064.01,SL,-39.2877,1532.2193,2.5
2025-11-03 14:15:00+00:00,2025-11-03 14:55:00+00:00,short,107824.39,108059.99,SL,-38.3055,1493.9138,2.5
2025-11-03 15:05:00+00:00,2025-11-03 15:20:00+00:00,short,107700.0,107119.0,TP,74.6957,1568.6095,2.5
2025-11-03 18:25:00+00:00,2025-11-03 19:00:00+00:00,short,107262.24,106740.68,TP,78.4305,1647.04,2.5
2025-11-03 20:05:00+00:00,2025-11-03 22:20:00+00:00,short,106870.58,106362.93,TP,82.352,1729.392,2.5
2025-11-03 23:00:00+00:00,2025-11-03 23:15:00+00:00,short,106108.0,106331.02,SL,-43.2348,1686.1572,2.5
2025-11-04 00:15:00+00:00,2025-11-04 00:35:00+00:00,short,106272.36,106687.6,SL,-42.1539,1644.0033,2.5
2025-11-04 02:10:00+00:00,2025-11-04 02:20:00+00:00,short,106922.18,107186.3,SL,-41.1001,1602.9032,2.5
2025-11-04 02:30:00+00:00,2025-11-04 02:45:00+00:00,short,106941.7,106513.29,TP,80.1452,1683.0483,2.5
2025-11-04 04:25:00+00:00,2025-11-04 05:00:00+00:00,short,106939.09,106511.18,TP,84.1524,1767.2008,2.5
2025-11-04 08:10:00+00:00,2025-11-04 08:20:00+00:00,short,103880.07,104378.87,SL,-44.18,1723.0207,2.5
2025-11-04 09:05:00+00:00,2025-11-04 09:30:00+00:00,short,103870.78,104090.15,SL,-43.0755,1679.9452,2.5
2025-11-04 12:15:00+00:00,2025-11-04 13:05:00+00:00,short,104215.18,103797.44,TP,83.9973,1763.9425,2.5
2025-11-04 14:20:00+00:00,2025-11-04 14:35:00+00:00,short,103847.48,103080.72,TP,88.1971,1852.1396,2.5
2025-11-04 15:45:00+00:00,2025-11-04 15:55:00+00:00,short,103739.99,103197.01,TP,92.607,1944.7466,2.5
2025-11-04 18:00:00+00:00,2025-11-04 18:05:00+00:00,short,100649.15,101048.57,SL,-48.6187,1896.1279,2.5
2025-11-04 18:15:00+00:00,2025-11-04 18:20:00+00:00,short,100384.03,100706.48,SL,-47.4032,1848.7247,2.5
2025-11-04 19:55:00+00:00,2025-11-04 20:20:00+00:00,short,100542.64,100113.83,TP,92.4362,1941.161,2.5
2025-11-04 21:20:00+00:00,2025-11-04 21:30:00+00:00,short,100017.51,99119.75,TP,97.058,2038.219,2.5
2025-11-04 23:25:00+00:00,2025-11-04 23:45:00+00:00,short,101235.25,101555.38,SL,-50.9555,1987.2635,2.5
2025-11-05 00:05:00+00:00,2025-11-05 00:15:00+00:00,short,101120.85,101434.83,SL,-49.6816,1937.5819,2.5
2025-11-05 06:30:00+00:00,2025-11-05 06:35:00+00:00,long,102041.06,101822.0,SL,-48.4395,1889.1424,2.5
2025-11-05 07:15:00+00:00,2025-11-05 08:20:00+00:00,short,101863.34,101271.83,TP,94.4571,1983.5995,2.5
2025-11-05 10:15:00+00:00,2025-11-05 10:50:00+00:00,short,101733.75,101309.05,TP,99.18,2082.7795,2.5
2025-11-05 13:45:00+00:00,2025-11-05 14:10:00+00:00,long,102933.58,102651.86,SL,-52.0695,2030.71,2.5
2025-11-05 14:50:00+00:00,2025-11-05 15:00:00+00:00,long,103279.99,102860.22,SL,-50.7677,1979.9423,2.5
2025-11-05 16:45:00+00:00,2025-11-05 17:05:00+00:00,long,103894.49,103508.58,SL,-49.4986,1930.4437,2.5
2025-11-05 18:20:00+00:00,2025-11-05 20:10:00+00:00,long,104027.84,104520.0,TP,96.5222,2026.9659,2.5
2025-11-05 22:40:00+00:00,2025-11-05 23:40:00+00:00,long,103571.83,104090.71,TP,101.3483,2128.3142,2.5
2025-11-06 01:45:00+00:00,2025-11-06 02:10:00+00:00,long,103406.01,102944.3,SL,-53.2079,2075.1063,2.5
2025-11-06 06:25:00+00:00,2025-11-06 07:00:00+00:00,long,103508.78,103259.99,SL,-51.8777,2023.2287,2.5
2025-11-06 07:15:00+00:00,2025-11-06 07:20:00+00:00,short,102945.41,103514.12,SL,-50.5807,1972.6479,2.5
2025-11-06 07:35:00+00:00,2025-11-06 08:15:00+00:00,short,103128.49,103373.65,SL,-49.3162,1923.3317,2.5
2025-11-06 09:00:00+00:00,2025-11-06 09:10:00+00:00,short,102881.21,103118.78,SL,-48.0833,1875.2485,2.5
2025-11-06 11:05:00+00:00,2025-11-06 11:15:00+00:00,short,102840.92,103050.0,SL,-46.8812,1828.3672,2.5
2025-11-06 12:10:00+00:00,2025-11-06 12:40:00+00:00,short,103014.41,102449.13,TP,91.4184,1919.7856,2.5
2025-11-06 14:05:00+00:00,2025-11-06 14:10:00+00:00,short,102774.2,103030.78,SL,-47.9946,1871.791,2.5
2025-11-06 16:10:00+00:00,2025-11-06 16:35:00+00:00,short,101790.98,100962.77,TP,93.5895,1965.3805,2.5
2025-11-06 19:35:00+00:00,2025-11-06 20:15:00+00:00,short,101591.7,101167.18,TP,98.269,2063.6495,2.5
2025-11-06 23:35:00+00:00,2025-11-07 00:00:00+00:00,short,101189.9,101512.97,SL,-51.5912,2012.0583,2.5
2025-11-07 00:15:00+00:00,2025-11-07 00:30:00+00:00,short,101042.3,101249.99,SL,-50.3015,1961.7568,2.5
2025-11-07 01:10:00+00:00,2025-11-07 01:15:00+00:00,short,101315.18,101580.58,SL,-49.0439,1912.7129,2.5
2025-11-07 01:35:00+00:00,2025-11-07 01:55:00+00:00,short,101236.88,101538.96,SL,-47.8178,1864.8951,2.5
2025-11-07 02:25:00+00:00,2025-11-07 02:30:00+00:00,short,101243.01,101508.82,SL,-46.6224,1818.2727,2.5
2025-11-07 05:00:00+00:00,2025-11-07 06:50:00+00:00,long,102199.98,101924.39,SL,-45.4568,1772.8159,2.5
2025-11-07 07:50:00+00:00,2025-11-07 08:30:00+00:00,long,102000.0,101694.99,SL,-44.3204,1728.4955,2.5
2025-11-07 10:20:00+00:00,2025-11-07 10:40:00+00:00,short,100656.13,100944.85,SL,-43.2124,1685.2831,2.5
2025-11-07 11:05:00+00:00,2025-11-07 11:25:00+00:00,short,100404.52,99918.02,TP,84.2642,1769.5473,2.5
2025-11-07 12:30:00+00:00,2025-11-07 12:45:00+00:00,short,99815.99,99411.77,TP,88.4774,1858.0246,2.5
2025-11-07 14:35:00+00:00,2025-11-07 14:40:00+00:00,short,99590.01,100793.33,SL,-46.4506,1811.574,2.5
2025-11-07 15:40:00+00:00,2025-11-07 15:45:00+00:00,short,100669.91,100883.16,SL,-45.2894,1766.2847,2.5
2025-11-07 16:00:00+00:00,2025-11-07 16:20:00+00:00,short,100762.57,101352.44,SL,-44.1571,1722.1276,2.5
2025-11-07 17:00:00+00:00,2025-11-07 17:10:00+00:00,short,101080.98,101631.76,SL,-43.0532,1679.0744,2.5
2025-11-07 19:40:00+00:00,2025-11-07 20:40:00+00:00,long,103257.05,103837.26,TP,83.9537,1763.0281,2.5
2025-11-07 22:05:00+00:00,2025-11-07 22:10:00+00:00,long,103985.61,103685.32,SL,-44.0757,1718.9524,2.5
2025-11-08 01:15:00+00:00,2025-11-08 02:50:00+00:00,long,103065.04,102768.82,SL,-42.9738,1675.9786,2.5
2025-11-08 03:15:00+00:00,2025-11-08 03:35:00+00:00,long,103263.34,102938.85,SL,-41.8995,1634.0791,2.5
2025-11-08 04:45:00+00:00,2025-11-08 05:20:00+00:00,long,102744.7,102494.56,SL,-40.852,1593.2271,2.5
2025-11-08 05:50:00+00:00,2025-11-08 07:20:00+00:00,short,102385.16,101972.07,TP,79.6614,1672.8885,2.5
2025-11-08 09:05:00+00:00,2025-11-08 09:30:00+00:00,short,102278.15,102569.44,SL,-41.8222,1631.0663,2.5
2025-11-08 09:50:00+00:00,2025-11-08 10:30:00+00:00,short,102346.0,102569.55,SL,-40.7767,1590.2896,2.5
2025-11-08 11:30:00+00:00,2025-11-08 11:50:00+00:00,short,102348.17,101803.2,TP,79.5145,1669.8041,2.5
2025-11-08 13:55:00+00:00,2025-11-08 18:25:00+00:00,short,101804.63,102009.23,SL,-41.7451,1628.059,2.5
2025-11-08 19:15:00+00:00,2025-11-08 19:55:00+00:00,short,101779.76,101989.65,SL,-40.7015,1587.3575,2.5
2025-11-08 21:10:00+00:00,2025-11-08 21:40:00+00:00,short,102040.11,102327.24,SL,-39.6839,1547.6736,2.5
2025-11-08 22:55:00+00:00,2025-11-09 00:10:00+00:00,long,102377.46,102051.25,SL,-38.6918,1508.9817,2.5
2025-11-09 01:30:00+00:00,2025-11-09 01:40:00+00:00,short,101737.54,101998.99,SL,-37.7245,1471.2572,2.5
2025-11-09 02:35:00+00:00,2025-11-09 04:15:00+00:00,short,101760.54,102042.32,SL,-36.7814,1434.4758,2.5
2025-11-09 04:55:00+00:00,2025-11-09 05:25:00+00:00,short,101724.91,101982.79,SL,-35.8619,1398.6139,2.5
2025-11-09 06:30:00+00:00,2025-11-09 09:10:00+00:00,short,101835.73,102044.64,SL,-34.9653,1363.6485,2.5
2025-11-09 09:40:00+00:00,2025-11-09 11:10:00+00:00,short,101905.82,102187.08,SL,-34.0912,1329.5573,2.5
2025-11-09 13:15:00+00:00,2025-11-09 13:45:00+00:00,long,102400.61,102900.0,TP,66.4779,1396.0352,2.5
2025-11-09 15:30:00+00:00,2025-11-09 16:10:00+00:00,long,103680.06,103414.9,SL,-34.9009,1361.1343,2.5
2025-11-09 18:40:00+00:00,2025-11-09 18:45:00+00:00,long,103818.69,104315.76,TP,68.0567,1429.191,2.5
2025-11-09 22:50:00+00:00,2025-11-09 23:45:00+00:00,long,104778.55,104551.92,SL,-35.7298,1393.4612,2.5
2025-11-10 00:10:00+00:00,2025-11-10 00:20:00+00:00,long,105028.26,105699.23,TP,69.6731,1463.1343,2.5
2025-11-10 03:00:00+00:00,2025-11-10 03:10:00+00:00,long,106211.6,105894.72,SL,-36.5784,1426.5559,2.5
2025-11-10 03:35:00+00:00,2025-11-10 04:20:00+00:00,long,106141.22,105911.01,SL,-35.6639,1390.892,2.5
2025-11-10 04:55:00+00:00,2025-11-10 08:35:00+00:00,long,106153.14,105908.94,SL,-34.7723,1356.1197,2.5
2025-11-10 09:20:00+00:00,2025-11-10 10:55:00+00:00,long,106226.2,105995.26,SL,-33.903,1322.2168,2.5
2025-11-10 11:30:00+00:00,2025-11-10 12:00:00+00:00,long,106190.21,105919.53,SL,-33.0554,1289.1613,2.5
2025-11-10 13:00:00+00:00,2025-11-10 14:30:00+00:00,long,106200.0,105924.87,SL,-32.229,1256.9323,2.5
2025-11-10 15:50:00+00:00,2025-11-10 16:05:00+00:00,short,104883.53,105134.8,SL,-31.4233,1225.509,2.5
2025-11-10 19:45:00+00:00,2025-11-10 21:05:00+00:00,long,105924.07,105666.79,SL,-30.6377,1194.8713,2.5
2025-11-11 01:00:00+00:00,2025-11-11 01:15:00+00:00,long,106045.21,107357.87,TP,59.7436,1254.6148,2.5
2025-11-11 02:35:00+00:00,2025-11-11 02:45:00+00:00,long,106872.77,106553.72,SL,-31.3654,1223.2495,2.5
2025-11-11 06:05:00+00:00,2025-11-11 06:55:00+00:00,short,104995.21,105261.27,SL,-30.5812,1192.6682,2.5
2025-11-11 07:45:00+00:00,2025-11-11 08:05:00+00:00,short,104778.29,104998.37,SL,-29.8167,1162.8515,2.5
2025-11-11 09:50:00+00:00,2025-11-11 11:00:00+00:00,short,105012.66,105369.68,SL,-29.0713,1133.7802,2.5
2025-11-11 11:55:00+00:00,2025-11-11 12:35:00+00:00,short,105311.9,104816.56,TP,56.689,1190.4692,2.5
2025-11-11 14:45:00+00:00,2025-11-11 14:55:00+00:00,short,103912.13,104560.16,SL,-29.7617,1160.7075,2.5
2025-11-11 15:25:00+00:00,2025-11-11 16:05:00+00:00,short,103706.55,103207.16,TP,58.0354,1218.7429,2.5
2025-11-11 17:40:00+00:00,2025-11-11 17:50:00+00:00,short,102990.0,103207.64,SL,-30.4686,1188.2743,2.5
2025-11-11 20:00:00+00:00,2025-11-11 21:35:00+00:00,short,103032.78,102513.24,TP,59.4137,1247.688,2.5
2025-11-11 23:50:00+00:00,2025-11-12 00:00:00+00:00,short,102986.37,103256.0,SL,-31.1922,1216.4958,2.5
2025-11-12 00:30:00+00:00,2025-11-12 01:15:00+00:00,short,102978.43,103243.09,SL,-30.4124,1186.0834,2.5
2025-11-12 02:30:00+00:00,2025-11-12 03:15:00+00:00,short,103048.63,103316.19,SL,-29.6521,1156.4313,2.5
2025-11-12 04:20:00+00:00,2025-11-12 06:10:00+00:00,short,103327.25,103544.76,SL,-28.9108,1127.5206,2.5
2025-11-12 06:40:00+00:00,2025-11-12 08:20:00+00:00,short,103432.58,103701.45,SL,-28.188,1099.3325,2.5
2025-11-12 12:15:00+00:00,2025-11-12 12:25:00+00:00,long,105231.35,104963.35,SL,-27.4833,1071.8492,2.5
2025-11-12 13:45:00+00:00,2025-11-12 14:00:00+00:00,long,105165.21,104824.55,SL,-26.7962,1045.053,2.5
2025-11-12 19:10:00+00:00,2025-11-12 19:40:00+00:00,short,101157.12,101403.14,SL,-26.1263,1018.9267,2.5
2025-11-12 22:05:00+00:00,2025-11-12 22:50:00+00:00,short,101671.26,101921.68,SL,-25.4732,993.4535,2.5
2025-11-12 23:05:00+00:00,2025-11-13 00:35:00+00:00,short,101711.9,101933.25,SL,-19.8691,973.5844,2.0
2025-11-13 01:55:00+00:00,2025-11-13 02:15:00+00:00,short,102007.0,102287.58,SL,-19.4717,954.1128,2.0
2025-11-13 03:35:00+00:00,2025-11-13 03:55:00+00:00,long,102408.36,102130.21,SL,-19.0823,935.0305,2.0
2025-11-13 04:05:00+00:00,2025-11-13 04:15:00+00:00,short,101841.2,102158.91,SL,-18.7006,916.3299,2.0
2025-11-13 04:30:00+00:00,2025-11-13 05:30:00+00:00,short,102068.18,102375.0,SL,-18.3266,898.0033,2.0
2025-11-13 10:15:00+00:00,2025-11-13 10:35:00+00:00,long,103175.08,102943.33,SL,-17.9601,880.0432,2.0
2025-11-13 11:30:00+00:00,2025-11-13 11:45:00+00:00,short,102773.86,102990.18,SL,-17.6009,862.4424,2.0
2025-11-13 14:50:00+00:00,2025-11-13 15:00:00+00:00,long,102909.9,102197.38,SL,-17.2488,845.1935,2.0
2025-11-13 15:30:00+00:00,2025-11-13 15:45:00+00:00,short,101866.04,101304.46,TP,33.8077,879.0013,2.0
2025-11-13 23:50:00+00:00,2025-11-14 00:05:00+00:00,short,99795.29,99220.0,TP,35.16,914.1613,2.0
2025-11-14 03:05:00+00:00,2025-11-14 03:40:00+00:00,short,99467.86,98912.23,TP,36.5665,950.7278,2.0
2025-11-14 06:35:00+00:00,2025-11-14 06:55:00+00:00,short,96775.56,97569.13,SL,-19.0146,931.7132,2.0
2025-11-14 08:10:00+00:00,2025-11-14 08:15:00+00:00,short,96909.66,97425.89,SL,-18.6343,913.0789,2.0
2025-11-14 09:30:00+00:00,2025-11-14 09:35:00+00:00,short,96773.21,96977.15,SL,-18.2616,894.8174,2.0
2025-11-14 10:55:00+00:00,2025-11-14 11:30:00+00:00,short,96752.2,96280.14,TP,35.7927,930.6101,2.0
2025-11-14 13:15:00+00:00,2025-11-14 13:50:00+00:00,short,94960.01,95298.0,SL,-18.6122,911.9979,2.0
2025-11-14 16:05:00+00:00,2025-11-14 16:25:00+00:00,short,96610.82,96974.13,SL,-18.24,893.7579,2.0
2025-11-14 17:00:00+00:00,2025-11-14 17:30:00+00:00,short,97082.01,96610.24,TP,35.7503,929.5082,2.0
2025-11-14 20:25:00+00:00,2025-11-14 20:40:00+00:00,short,94934.15,94377.76,TP,37.1803,966.6885,2.0
2025-11-14 23:00:00+00:00,2025-11-14 23:15:00+00:00,short,94477.21,94714.04,SL,-19.3338,947.3548,2.0
2025-11-15 01:00:00+00:00,2025-11-15 01:10:00+00:00,short,94842.13,95082.36,SL,-18.9471,928.4077,2.0
2025-11-15 05:50:00+00:00,2025-11-15 06:40:00+00:00,long,96381.98,96109.59,SL,-18.5682,909.8395,2.0
2025-11-15 07:50:00+00:00,2025-11-15 08:00:00+00:00,long,96307.97,96095.59,SL,-18.1968,891.6427,2.0
2025-11-15 09:20:00+00:00,2025-11-15 09:30:00+00:00,long,96091.7,95870.61,SL,-17.8329,873.8099,2.0
2025-11-15 09:55:00+00:00,2025-11-15 10:40:00+00:00,short,95808.44,96052.48,SL,-17.4762,856.3337,2.0
2025-11-15 11:15:00+00:00,2025-11-15 13:20:00+00:00,short,95810.86,96094.46,SL,-17.1267,839.207,2.0
2025-11-15 16:50:00+00:00,2025-11-15 17:05:00+00:00,long,96178.97,95964.66,SL,-16.7841,822.4229,2.0
2025-11-15 17:15:00+00:00,2025-11-15 17:20:00+00:00,short,95924.56,96279.49,SL,-16.4485,805.9744,2.0
2025-11-15 21:40:00+00:00,2025-11-15 22:10:00+00:00,short,95225.37,95545.1,SL,-16.1195,789.8549,2.0
2025-11-16 00:05:00+00:00,2025-11-16 01:40:00+00:00,short,95411.38,95003.54,TP,31.5942,821.4491,2.0
2025-11-16 05:05:00+00:00,2025-11-16 09:50:00+00:00,long,95956.32,96410.0,TP,32.858,854.3071,2.0
2025-11-16 13:25:00+00:00,2025-11-16 14:40:00+00:00,short,95390.01,95596.23,SL,-17.0861,837.2209,2.0
2025-11-16 15:45:00+00:00,2025-11-16 15:50:00+00:00,short,95257.81,94709.99,TP,33.4888,870.7098,2.0
2025-11-16 18:45:00+00:00,2025-11-16 18:50:00+00:00,short,93907.8,94119.99,SL,-17.4142,853.2956,2.0
2025-11-16 19:40:00+00:00,2025-11-16 20:10:00+00:00,short,94176.27,94375.79,SL,-17.0659,836.2297,2.0
2025-11-16 20:55:00+00:00,2025-11-16 21:15:00+00:00,short,94090.0,93682.75,TP,33.4492,869.6789,2.0
2025-11-17 00:15:00+00:00,2025-11-17 00:20:00+00:00,short,93857.5,94097.52,SL,-17.3936,852.2853,2.0
2025-11-17 00:25:00+00:00,2025-11-17 00:55:00+00:00,long,94723.65,95290.01,TP,34.0914,886.3767,2.0
2025-11-17 03:20:00+00:00,2025-11-17 03:35:00+00:00,long,95440.32,95221.65,SL,-17.7275,868.6492,2.0
2025-11-17 05:50:00+00:00,2025-11-17 06:10:00+00:00,long,95151.84,94959.38,SL,-17.373,851.2762,2.0
2025-11-17 06:50:00+00:00,2025-11-17 07:35:00+00:00,long,95207.0,95692.3,TP,34.051,885.3272,2.0
2025-11-17 10:45:00+00:00,2025-11-17 11:45:00+00:00,long,95776.81,95420.0,SL,-17.7065,867.6207,2.0
2025-11-17 15:15:00+00:00,2025-11-17 15:20:00+00:00,short,93895.0,94142.41,SL,-17.3524,850.2683,2.0
2025-11-17 17:35:00+00:00,2025-11-17 17:40:00+00:00,short,93253.33,92852.39,TP,34.0107,884.279,2.0
2025-11-17 19:15:00+00:00,2025-11-17 19:50:00+00:00,short,92226.76,91766.69,TP,35.3712,919.6501,2.0
2025-11-17 23:10:00+00:00,2025-11-17 23:55:00+00:00,short,92020.12,92215.14,SL,-18.393,901.2571,2.0
2025-11-18 00:30:00+00:00,2025-11-18 00:40:00+00:00,short,91822.56,91426.01,TP,36.0503,937.3074,2.0
2025-11-18 01:25:00+00:00,2025-11-18 01:30:00+00:00,short,91798.86,92013.11,SL,-18.7461,918.5613,2.0
2025-11-18 04:20:00+00:00,2025-11-18 05:10:00+00:00,short,89993.99,90233.89,SL,-18.3712,900.1901,2.0
2025-11-18 06:35:00+00:00,2025-11-18 07:05:00+00:00,short,89615.89,89806.43,SL,-18.0038,882.1863,2.0
2025-11-18 09:05:00+00:00,2025-11-18 09:15:00+00:00,short,91010.27,91428.45,SL,-17.6437,864.5425,2.0
2025-11-18 12:40:00+00:00,2025-11-18 12:50:00+00:00,long,91807.95,91505.81,SL,-17.2909,847.2517,2.0
2025-11-18 13:10:00+00:00,2025-11-18 13:35:00+00:00,short,91486.66,91096.0,TP,33.8901,881.1417,2.0
2025-11-18 14:20:00+00:00,2025-11-18 14:30:00+00:00,long,91527.98,92071.98,TP,35.2457,916.3874,2.0
2025-11-18 14:55:00+00:00,2025-11-18 15:05:00+00:00,short,91359.29,91795.12,SL,-18.3277,898.0597,2.0
2025-11-18 15:10:00+00:00,2025-11-18 15:20:00+00:00,long,92037.89,92725.82,TP,35.9224,933.9821,2.0
2025-11-18 21:15:00+00:00,2025-11-18 21:30:00+00:00,long,92966.25,92664.7,SL,-18.6796,915.3024,2.0
2025-11-18 22:05:00+00:00,2025-11-18 22:20:00+00:00,long,92836.04,93214.01,TP,36.6121,951.9145,2.0
2025-11-19 00:50:00+00:00,2025-11-19 01:00:00+00:00,long,92573.99,92250.0,SL,-19.0383,932.8762,2.0
2025-11-19 03:05:00+00:00,2025-11-19 03:35:00+00:00,short,92416.18,91874.01,TP,37.315,970.1913,2.0
2025-11-19 08:35:00+00:00,2025-11-19 09:00:00+00:00,short,91659.25,91190.81,TP,38.8077,1008.9989,2.0
2025-11-19 10:30:00+00:00,2025-11-19 11:10:00+00:00,short,91419.42,91642.19,SL,-25.225,983.7739,2.5
2025-11-19 11:50:00+00:00,2025-11-19 12:45:00+00:00,short,91409.87,91599.1,SL,-19.6755,964.0985,2.0
2025-11-19 13:35:00+00:00,2025-11-19 14:40:00+00:00,short,91392.59,91784.04,SL,-19.282,944.8165,2.0
2025-11-19 15:25:00+00:00,2025-11-19 15:30:00+00:00,short,91235.13,90723.48,TP,37.7927,982.6092,2.0
2025-11-19 19:35:00+00:00,2025-11-19 19:50:00+00:00,short,88733.55,89028.08,SL,-19.6522,962.957,2.0
2025-11-19 20:05:00+00:00,2025-11-19 20:15:00+00:00,short,88645.07,88990.0,SL,-19.2591,943.6978,2.0
2025-11-19 22:15:00+00:00,2025-11-19 22:25:00+00:00,short,90272.34,90594.86,SL,-18.874,924.8239,2.0
2025-11-19 23:05:00+00:00,2025-11-20 00:20:00+00:00,long,91352.77,91781.31,TP,36.993,961.8168,2.0
2025-11-20 00:25:00+00:00,2025-11-20 00:40:00+00:00,long,91855.18,92232.72,TP,38.4727,1000.2895,2.0
2025-11-20 01:15:00+00:00,2025-11-20 01:25:00+00:00,long,92447.72,92227.82,SL,-25.0072,975.2823,2.5
2025-11-20 01:35:00+00:00,2025-11-20 04:15:00+00:00,long,92559.14,92139.29,SL,-19.5056,955.7766,2.0
2025-11-20 04:50:00+00:00,2025-11-20 06:20:00+00:00,long,92660.0,92399.77,SL,-19.1155,936.6611,2.0
2025-11-20 07:35:00+00:00,2025-11-20 09:15:00+00:00,long,92117.87,91930.39,SL,-18.7332,917.9279,2.0
2025-11-20 10:25:00+00:00,2025-11-20 10:35:00+00:00,long,91973.05,91764.87,SL,-18.3586,899.5693,2.0
2025-11-20 11:25:00+00:00,2025-11-20 11:35:00+00:00,short,91564.79,91767.82,SL,-17.9914,881.5779,2.0
2025-11-20 13:05:00+00:00,2025-11-20 13:10:00+00:00,short,91766.03,92011.38,SL,-17.6316,863.9464,2.0
2025-11-20 13:40:00+00:00,2025-11-20 13:50:00+00:00,short,91627.72,91840.02,SL,-17.2789,846.6674,2.0
2025-11-20 23:05:00+00:00,2025-11-20 23:25:00+00:00,short,87647.82,87265.51,TP,33.8667,880.5341,2.0
2025-11-21 01:15:00+00:00,2025-11-21 01:20:00+00:00,short,86927.84,87162.35,SL,-17.6107,862.9235,2.0
2025-11-21 01:35:00+00:00,2025-11-21 02:05:00+00:00,short,87100.0,86672.07,TP,34.5169,897.4404,2.0
2025-11-21 06:10:00+00:00,2025-11-21 06:25:00+00:00,short,85977.51,85633.4,TP,35.8976,933.338,2.0
2025-11-21 08:45:00+00:00,2025-11-21 09:00:00+00:00,short,83720.01,83923.34,SL,-18.6668,914.6713,2.0
2025-11-21 09:25:00+00:00,2025-11-21 09:35:00+00:00,short,83079.79,82686.74,TP,36.5868,951.2581,2.0
2025-11-21 11:50:00+00:00,2025-11-21 12:20:00+00:00,short,82257.17,81099.99,TP,38.0503,989.3084,2.0
2025-11-21 14:15:00+00:00,2025-11-21 14:30:00+00:00,short,83626.68,84769.87,SL,-19.7862,969.5223,2.0
2025-11-21 15:05:00+00:00,2025-11-21 15:20:00+00:00,short,84466.28,84065.85,TP,38.7809,1008.3031,2.0
2025-11-21 19:40:00+00:00,2025-11-21 20:05:00+00:00,short,84446.1,83926.5,TP,50.4152,1058.7183,2.5
2025-11-21 23:25:00+00:00,2025-11-22 00:05:00+00:00,long,85032.63,85389.47,TP,52.9359,1111.6542,2.5
2025-11-22 01:35:00+00:00,2025-11-22 02:10:00+00:00,long,85043.47,84723.99,SL,-27.7914,1083.8629,2.5
2025-11-22 03:20:00+00:00,2025-11-22 04:15:00+00:00,short,84356.55,83968.0,TP,54.1931,1138.056,2.5
2025-11-22 07:15:00+00:00,2025-11-22 08:30:00+00:00,short,84466.0,84068.08,TP,56.9028,1194.9588,2.5
2025-11-22 09:40:00+00:00,2025-11-22 10:10:00+00:00,short,83940.01,84166.73,SL,-29.874,1165.0848,2.5
2025-11-22 10:20:00+00:00,2025-11-22 11:10:00+00:00,short,83830.81,84017.6,SL,-29.1271,1135.9577,2.5
2025-11-22 12:05:00+00:00,2025-11-22 13:05:00+00:00,short,83754.4,83928.23,SL,-28.3989,1107.5588,2.5
2025-11-22 16:10:00+00:00,2025-11-22 20:40:00+00:00,long,84592.93,84423.01,SL,-27.689,1079.8698,2.5
2025-11-22 21:50:00+00:00,2025-11-22 22:40:00+00:00,long,84418.28,84760.58,TP,53.9935,1133.8633,2.5
2025-11-23 00:10:00+00:00,2025-11-23 00:35:00+00:00,long,85187.01,85006.67,SL,-28.3466,1105.5167,2.5
2025-11-23 01:05:00+00:00,2025-11-23 01:35:00+00:00,long,85260.38,85705.83,TP,55.2758,1160.7925,2.5
2025-11-23 04:05:00+00:00,2025-11-23 05:25:00+00:00,long,86447.65,86235.61,SL,-29.0198,1131.7727,2.5
2025-11-23 07:55:00+00:00,2025-11-23 08:55:00+00:00,long,85782.19,86137.19,TP,56.5886,1188.3614,2.5
2025-11-23 11:40:00+00:00,2025-11-23 12:15:00+00:00,long,86256.38,86784.42,TP,59.4181,1247.7794,2.5
2025-11-23 13:45:00+00:00,2025-11-23 14:15:00+00:00,long,86878.99,86656.47,SL,-31.1945,1216.585,2.5
2025-11-23 15:35:00+00:00,2025-11-23 16:35:00+00:00,long,86994.02,87369.04,TP,60.8292,1277.4142,2.5
2025-11-23 18:15:00+00:00,2025-11-23 18:25:00+00:00,long,87098.65,86888.47,SL,-31.9354,1245.4788,2.5
2025-11-23 20:20:00+00:00,2025-11-23 20:30:00+00:00,long,87672.34,87443.97,SL,-31.137,1214.3419,2.5
2025-11-23 21:35:00+00:00,2025-11-23 23:05:00+00:00,long,87696.68,87507.47,SL,-30.3585,1183.9833,2.5
2025-11-24 00:35:00+00:00,2025-11-24 01:00:00+00:00,long,86871.23,86657.82,SL,-29.5996,1154.3837,2.5
2025-11-24 05:05:00+00:00,2025-11-24 06:00:00+00:00,long,87461.57,87260.01,SL,-28.8596,1125.5242,2.5
2025-11-24 08:05:00+00:00,2025-11-24 09:15:00+00:00,short,86828.68,86280.13,TP,56.2762,1181.8004,2.5
2025-11-24 12:15:00+00:00,2025-11-24 12:25:00+00:00,short,85959.59,86199.98,SL,-29.545,1152.2554,2.5
2025-11-24 12:40:00+00:00,2025-11-24 13:05:00+00:00,short,85945.63,86333.99,SL,-28.8064,1123.449,2.5
2025-11-24 14:00:00+00:00,2025-11-24 14:30:00+00:00,short,86091.92,86482.43,SL,-28.0862,1095.3627,2.5
2025-11-24 17:25:00+00:00,2025-11-24 17:55:00+00:00,long,87717.41,88369.91,TP,54.7681,1150.1309,2.5
2025-11-24 20:35:00+00:00,2025-11-24 22:50:00+00:00,long,88913.29,88615.2,SL,-28.7533,1121.3776,2.5
2025-11-25 00:40:00+00:00,2025-11-25 01:15:00+00:00,long,88187.03,87968.73,SL,-28.0344,1093.3432,2.5
2025-11-25 01:45:00+00:00,2025-11-25 04:05:00+00:00,short,87792.78,88031.67,SL,-27.3336,1066.0096,2.5
2025-11-25 08:35:00+00:00,2025-11-25 09:00:00+00:00,short,87347.82,86973.91,TP,53.3005,1119.3101,2.5
2025-11-25 12:35:00+00:00,2025-11-25 12:40:00+00:00,short,87448.13,87650.01,SL,-27.9828,1091.3273,2.5
2025-11-25 21:35:00+00:00,2025-11-25 22:00:00+00:00,short,87121.95,86735.98,TP,54.5664,1145.8937,2.5
2025-11-25 22:35:00+00:00,2025-11-25 22:40:00+00:00,long,87531.1,87339.6,SL,-28.6473,1117.2463,2.5
2025-11-26 00:25:00+00:00,2025-11-26 01:00:00+00:00,long,87630.66,87402.11,SL,-27.9312,1089.3152,2.5
2025-11-26 01:30:00+00:00,2025-11-26 03:30:00+00:00,long,87834.5,87484.73,SL,-27.2329,1062.0823,2.5
2025-11-26 06:40:00+00:00,2025-11-26 08:50:00+00:00,long,87670.09,87458.89,SL,-26.5521,1035.5302,2.5
2025-11-26 12:10:00+00:00,2025-11-26 13:20:00+00:00,short,86559.81,86747.67,SL,-25.8883,1009.642,2.5
2025-11-26 14:55:00+00:00,2025-11-26 15:05:00+00:00,short,86899.73,87162.45,SL,-25.2411,984.4009,2.5
2025-11-26 16:05:00+00:00,2025-11-26 16:20:00+00:00,long,87334.46,87699.79,TP,39.376,1023.777,2.0
2025-11-26 21:25:00+00:00,2025-11-27 01:00:00+00:00,long,90270.0,90664.39,TP,51.1888,1074.9658,2.5
2025-11-27 05:20:00+00:00,2025-11-27 05:35:00+00:00,long,91494.32,91165.92,SL,-26.8741,1048.0917,2.5
2025-11-27 06:20:00+00:00,2025-11-27 09:15:00+00:00,long,91342.47,91767.61,TP,52.4046,1100.4963,2.5
2025-11-27 13:50:00+00:00,2025-11-27 14:15:00+00:00,long,90984.53,90656.42,SL,-27.5124,1072.9839,2.5
2025-11-27 18:40:00+00:00,2025-11-27 19:30:00+00:00,long,91760.31,91526.94,SL,-26.8246,1046.1593,2.5
2025-11-27 21:25:00+00:00,2025-11-27 22:40:00+00:00,long,91528.5,91232.39,SL,-26.154,1020.0053,2.5
2025-11-27 23:10:00+00:00,2025-11-27 23:30:00+00:00,long,91510.0,91229.55,SL,-25.5001,994.5051,2.5
2025-11-28 00:30:00+00:00,2025-11-28 00:45:00+00:00,long,91346.15,91150.01,SL,-19.8901,974.615,2.0
2025-11-28 05:05:00+00:00,2025-11-28 06:30:00+00:00,long,91482.28,91251.54,SL,-19.4923,955.1227,2.0
2025-11-28 07:20:00+00:00,2025-11-28 07:30:00+00:00,long,91498.38,91261.01,SL,-19.1025,936.0203,2.0
2025-11-28 10:50:00+00:00,2025-11-28 11:05:00+00:00,long,91860.14,91588.86,SL,-18.7204,917.2999,2.0
2025-11-28 12:05:00+00:00,2025-11-28 13:45:00+00:00,long,91556.57,92325.47,TP,36.692,953.9919,2.0
2025-11-28 15:25:00+00:00,2025-11-28 15:45:00+00:00,long,92668.55,92441.85,SL,-19.0798,934.912,2.0
2025-11-28 21:15:00+00:00,2025-11-28 21:40:00+00:00,short,91029.23,91239.68,SL,-18.6982,916.2138,2.0
2025-11-28 23:35:00+00:00,2025-11-29 02:30:00+00:00,short,90981.13,90595.46,TP,36.6486,952.8624,2.0
2025-11-29 03:40:00+00:00,2025-11-29 04:55:00+00:00,short,90686.55,90901.56,SL,-19.0572,933.8051,2.0
2025-11-29 05:50:00+00:00,2025-11-29 15:15:00+00:00,short,90733.22,90935.28,SL,-18.6761,915.129,2.0
2025-11-29 20:00:00+00:00,2025-11-29 20:25:00+00:00,short,90467.48,90654.1,SL,-18.3026,896.8264,2.0
2025-11-29 23:35:00+00:00,2025-11-30 03:05:00+00:00,long,90881.73,90638.13,SL,-17.9365,878.8899,2.0
2025-11-30 03:40:00+00:00,2025-11-30 05:20:00+00:00,long,90903.49,90693.11,SL,-17.5778,861.3121,2.0
2025-11-30 12:15:00+00:00,2025-11-30 13:15:00+00:00,long,91269.28,91713.17,TP,34.4525,895.7646,2.0
2025-11-30 16:10:00+00:00,2025-11-30 18:00:00+00:00,long,91499.98,91310.17,SL,-17.9153,877.8493,2.0
2025-11-30 18:35:00+00:00,2025-11-30 20:30:00+00:00,long,91420.8,91213.83,SL,-17.557,860.2923,2.0
2025-11-30 22:40:00+00:00,2025-11-30 23:25:00+00:00,short,91089.98,90660.45,TP,34.4117,894.704,2.0
2025-12-01 04:25:00+00:00,2025-12-01 04:35:00+00:00,short,85733.67,85933.99,SL,-17.8941,876.8099,2.0
2025-12-01 09:10:00+00:00,2025-12-01 09:40:00+00:00,short,86642.43,86842.3,SL,-17.5362,859.2737,2.0
2025-12-01 14:55:00+00:00,2025-12-01 15:10:00+00:00,short,86067.9,85594.49,TP,34.3709,893.6447,2.0
2025-12-01 18:40:00+00:00,2025-12-01 18:55:00+00:00,short,84791.92,85199.48,SL,-17.8729,875.7718,2.0
2025-12-02 00:55:00+00:00,2025-12-02 01:05:00+00:00,long,86513.33,86989.34,TP,35.0309,910.8026,2.0
2025-12-02 02:20:00+00:00,2025-12-02 02:55:00+00:00,long,86792.49,86554.47,SL,-18.2161,892.5866,2.0
2025-12-02 03:40:00+00:00,2025-12-02 08:10:00+00:00,long,86974.0,86765.74,SL,-17.8517,874.7349,2.0
2025-12-02 09:10:00+00:00,2025-12-02 10:40:00+00:00,long,86655.67,87063.42,TP,34.9894,909.7242,2.0
2025-12-02 13:35:00+00:00,2025-12-02 14:05:00+00:00,long,87523.14,88095.47,TP,36.389,946.1132,2.0
2025-12-02 17:20:00+00:00,2025-12-02 17:55:00+00:00,long,91682.5,91458.4,SL,-18.9223,927.191,2.0
2025-12-02 21:15:00+00:00,2025-12-02 21:50:00+00:00,long,91213.89,91622.68,TP,37.0876,964.2786,2.0
2025-12-03 00:45:00+00:00,2025-12-03 01:45:00+00:00,long,91623.54,92233.88,TP,38.5711,1002.8497,2.0
2025-12-03 04:35:00+00:00,2025-12-03 05:05:00+00:00,long,93051.26,93514.57,TP,50.1425,1052.9922,2.5
2025-12-03 09:00:00+00:00,2025-12-03 10:20:00+00:00,long,92905.2,93358.79,TP,52.6496,1105.6418,2.5
2025-12-03 11:55:00+00:00,2025-12-03 12:25:00+00:00,long,93005.68,92730.7,SL,-27.641,1078.0008,2.5
2025-12-03 12:45:00+00:00,2025-12-03 14:00:00+00:00,long,92979.99,91754.55,SL,-26.95,1051.0508,2.5
2025-12-03 14:40:00+00:00,2025-12-03 14:45:00+00:00,long,93502.76,92963.71,SL,-26.2763,1024.7745,2.5
2025-12-03 15:10:00+00:00,2025-12-03 15:30:00+00:00,short,92246.84,92601.82,SL,-25.6194,999.1551,2.5
2025-12-03 15:45:00+00:00,2025-12-03 15:55:00+00:00,long,92615.72,92373.3,SL,-19.9831,979.172,2.0
2025-12-03 16:00:00+00:00,2025-12-03 16:05:00+00:00,short,92269.06,91890.79,TP,39.1669,1018.3389,2.0
2025-12-03 16:30:00+00:00,2025-12-03 16:55:00+00:00,long,92506.17,92242.24,SL,-25.4585,992.8804,2.5
2025-12-03 19:50:00+00:00,2025-12-03 21:30:00+00:00,long,92994.6,93386.62,TP,39.7152,1032.5957,2.0
2025-12-03 22:45:00+00:00,2025-12-03 23:30:00+00:00,long,93762.17,93560.91,SL,-25.8149,1006.7808,2.5
2025-12-04 01:05:00+00:00,2025-12-04 01:10:00+00:00,long,93218.95,93691.82,TP,50.339,1057.1198,2.5
2025-12-04 08:40:00+00:00,2025-12-04 11:25:00+00:00,long,93332.81,93006.71,SL,-26.428,1030.6918,2.5
2025-12-04 13:00:00+00:00,2025-12-04 13:20:00+00:00,short,92582.5,92810.72,SL,-25.7673,1004.9245,2.5
2025-12-04 13:45:00+00:00,2025-12-04 14:25:00+00:00,short,92477.55,92791.49,SL,-25.1231,979.8014,2.5
2025-12-04 14:45:00+00:00,2025-12-04 14:50:00+00:00,short,92431.0,91977.77,TP,39.1921,1018.9935,2.0
2025-12-04 16:35:00+00:00,2025-12-04 17:15:00+00:00,short,92575.4,92090.43,TP,50.9497,1069.9431,2.5
2025-12-04 18:50:00+00:00,2025-12-04 19:10:00+00:00,short,92049.99,91289.34,TP,53.4972,1123.4403,2.5
2025-12-04 21:35:00+00:00,2025-12-05 02:15:00+00:00,short,92341.41,92536.06,SL,-28.086,1095.3543,2.5
2025-12-05 05:30:00+00:00,2025-12-05 06:50:00+00:00,short,91933.29,92212.28,SL,-27.3839,1067.9704,2.5
2025-12-05 07:50:00+00:00,2025-12-05 09:10:00+00:00,short,92240.1,91866.67,TP,53.3985,1121.3689,2.5
2025-12-05 11:40:00+00:00,2025-12-05 11:45:00+00:00,short,91128.41,91399.99,SL,-28.0342,1093.3347,2.5
2025-12-05 12:40:00+00:00,2025-12-05 13:35:00+00:00,short,91178.17,90613.99,TP,54.6667,1148.0015,2.5
2025-12-05 15:55:00+00:00,2025-12-05 16:05:00+00:00,short,90459.35,89492.41,TP,57.4001,1205.4015,2.5
2025-12-05 18:55:00+00:00,2025-12-05 19:10:00+00:00,short,88936.04,89123.52,SL,-30.135,1175.2665,2.5
2025-12-05 20:35:00+00:00,2025-12-05 22:10:00+00:00,short,89353.38,88949.31,TP,58.7633,1234.0298,2.5
2025-12-05 23:05:00+00:00,2025-12-05 23:35:00+00:00,short,89089.03,89315.85,SL,-30.8507,1203.1791,2.5
2025-12-06 00:10:00+00:00,2025-12-06 00:30:00+00:00,short,89114.88,89373.19,SL,-30.0795,1173.0996,2.5
2025-12-06 01:35:00+00:00,2025-12-06 03:00:00+00:00,short,89316.33,89564.57,SL,-29.3275,1143.7721,2.5
2025-12-06 04:10:00+00:00,2025-12-06 13:40:00+00:00,short,89583.22,89783.15,SL,-28.5943,1115.1778,2.5
2025-12-06 16:05:00+00:00,2025-12-06 16:45:00+00:00,long,89974.2,89752.0,SL,-27.8794,1087.2984,2.5
2025-12-06 18:10:00+00:00,2025-12-06 18:50:00+00:00,long,89766.14,89574.56,SL,-27.1825,1060.1159,2.5
2025-12-06 21:30:00+00:00,2025-12-06 23:20:00+00:00,short,89416.86,88950.01,TP,53.0058,1113.1217,2.5
2025-12-07 01:35:00+00:00,2025-12-07 02:55:00+00:00,short,89402.6,89621.96,SL,-27.828,1085.2937,2.5
2025-12-07 06:00:00+00:00,2025-12-07 07:30:00+00:00,long,89549.99,89310.97,SL,-27.1323,1058.1613,2.5
2025-12-07 09:20:00+00:00,2025-12-07 10:45:00+00:00,short,89128.25,89359.04,SL,-26.454,1031.7073,2.5
2025-12-07 11:45:00+00:00,2025-12-07 12:45:00+00:00,short,89162.72,89526.47,SL,-25.7927,1005.9146,2.5
2025-12-07 13:20:00+00:00,2025-12-07 14:20:00+00:00,short,88917.91,88368.87,TP,50.2957,1056.2103,2.5
2025-12-07 22:40:00+00:00,2025-12-07 22:50:00+00:00,long,90075.48,89646.28,SL,-26.4053,1029.8051,2.5
2025-12-08 02:55:00+00:00,2025-12-08 03:10:00+00:00,long,91364.18,91155.48,SL,-25.7451,1004.0599,2.5
2025-12-08 04:30:00+00:00,2025-12-08 05:00:00+00:00,long,91371.0,91118.53,SL,-25.1015,978.9584,2.5
2025-12-08 05:20:00+00:00,2025-12-08 07:35:00+00:00,long,91335.49,91792.53,TP,39.1583,1018.1168,2.0
2025-12-08 08:25:00+00:00,2025-12-08 09:05:00+00:00,long,91707.77,92097.29,TP,50.9058,1069.0226,2.5
2025-12-08 10:30:00+00:00,2025-12-08 11:30:00+00:00,long,92151.0,91916.98,SL,-26.7256,1042.2971,2.5
2025-12-08 13:05:00+00:00,2025-12-08 13:15:00+00:00,long,91879.91,91659.15,SL,-26.0574,1016.2396,2.5
2025-12-08 18:55:00+00:00,2025-12-08 19:05:00+00:00,short,89921.68,90164.98,SL,-25.406,990.8336,2.5
2025-12-09 00:30:00+00:00,2025-12-09 01:40:00+00:00,short,90444.53,90047.93,TP,39.6333,1030.467,2.0
2025-12-09 03:10:00+00:00,2025-12-09 03:30:00+00:00,short,89985.42,90219.79,SL,-25.7617,1004.7053,2.5
2025-12-09 04:35:00+00:00,2025-12-09 05:30:00+00:00,short,89870.72,90138.37,SL,-25.1176,979.5877,2.5
2025-12-09 06:30:00+00:00,2025-12-09 06:45:00+00:00,short,89781.89,90051.6,SL,-19.5918,959.9959,2.0
2025-12-09 13:25:00+00:00,2025-12-09 13:35:00+00:00,long,90694.83,90493.55,SL,-19.1999,940.796,2.0
2025-12-09 15:00:00+00:00,2025-12-09 15:05:00+00:00,long,90893.02,90661.67,SL,-18.8159,921.9801,2.0
2025-12-09 21:25:00+00:00,2025-12-09 21:40:00+00:00,long,93106.26,92679.71,SL,-18.4396,903.5405,2.0
2025-12-09 22:15:00+00:00,2025-12-10 00:15:00+00:00,long,92657.74,92396.24,SL,-18.0708,885.4697,2.0
2025-12-10 01:25:00+00:00,2025-12-10 01:30:00+00:00,long,92276.93,92061.64,SL,-17.7094,867.7603,2.0
2025-12-10 01:40:00+00:00,2025-12-10 02:05:00+00:00,long,92253.49,92028.01,SL,-17.3552,850.4051,2.0
2025-12-10 06:40:00+00:00,2025-12-10 09:20:00+00:00,long,92687.82,92467.19,SL,-17.0081,833.397,2.0
2025-12-10 09:45:00+00:00,2025-12-10 10:25:00+00:00,long,92823.57,92450.16,SL,-16.6679,816.729,2.0
2025-12-10 12:35:00+00:00,2025-12-10 13:05:00+00:00,short,91836.69,92027.6,SL,-16.3346,800.3945,2.0
2025-12-10 14:30:00+00:00,2025-12-10 16:10:00+00:00,short,91965.26,92239.09,SL,-16.0079,784.3866,2.0
2025-12-10 17:00:00+00:00,2025-12-10 17:15:00+00:00,short,92181.59,92407.53,SL,-15.6877,768.6988,2.0
2025-12-10 17:20:00+00:00,2025-12-10 18:15:00+00:00,long,92450.51,92241.32,SL,-15.374,753.3249,2.0
2025-12-10 18:35:00+00:00,2025-12-10 18:40:00+00:00,long,93006.22,92582.13,SL,-15.0665,738.2584,2.0
2025-12-10 19:00:00+00:00,2025-12-10 19:05:00+00:00,short,92015.76,92704.46,SL,-14.7652,723.4932,2.0
2025-12-10 19:10:00+00:00,2025-12-10 19:15:00+00:00,long,93001.71,92679.94,SL,-14.4699,709.0233,2.0
2025-12-10 22:05:00+00:00,2025-12-10 22:10:00+00:00,long,92648.04,92190.8,SL,-14.1805,694.8429,2.0
2025-12-10 22:35:00+00:00,2025-12-10 23:05:00+00:00,long,92455.88,92259.96,SL,-13.8969,680.946,2.0
2025-12-10 23:25:00+00:00,2025-12-11 00:30:00+00:00,short,92134.67,91489.47,TP,27.2378,708.1838,2.0
2025-12-11 01:50:00+00:00,2025-12-11 02:05:00+00:00,short,90730.29,90305.34,TP,28.3274,736.5112,2.0
2025-12-11 03:10:00+00:00,2025-12-11 03:20:00+00:00,short,89633.05,89891.2,SL,-14.7302,721.781,2.0
2025-12-11 06:15:00+00:00,2025-12-11 06:35:00+00:00,short,90194.98,90436.53,SL,-14.4356,707.3454,2.0
2025-12-11 07:00:00+00:00,2025-12-11 14:45:00+00:00,short,90256.16,89839.8,TP,28.2938,735.6392,2.0
2025-12-11 14:50:00+00:00,2025-12-11 15:00:00+00:00,short,89481.01,89695.61,SL,-14.7128,720.9264,2.0
2025-12-11 15:40:00+00:00,2025-12-11 16:05:00+00:00,short,89806.84,89412.8,TP,28.8371,749.7634,2.0
2025-12-11 20:40:00+00:00,2025-12-11 21:05:00+00:00,long,91573.46,92247.05,TP,29.9905,779.754,2.0
2025-12-12 01:30:00+00:00,2025-12-12 02:00:00+00:00,long,92265.51,91996.81,SL,-15.5951,764.1589,2.0
2025-12-12 04:50:00+00:00,2025-12-12 05:10:00+00:00,long,92392.8,92206.27,SL,-15.2832,748.8757,2.0
2025-12-12 05:40:00+00:00,2025-12-12 09:25:00+00:00,long,92331.17,92113.56,SL,-14.9775,733.8982,2.0
2025-12-12 09:50:00+00:00,2025-12-12 12:25:00+00:00,long,92391.72,92182.65,SL,-14.678,719.2202,2.0
2025-12-12 12:50:00+00:00,2025-12-12 14:05:00+00:00,long,92393.31,92207.35,SL,-14.3844,704.8358,2.0
2025-12-12 14:35:00+00:00,2025-12-12 15:00:00+00:00,long,92433.16,92164.23,SL,-14.0967,690.7391,2.0
2025-12-12 15:05:00+00:00,2025-12-12 15:20:00+00:00,short,91981.0,91517.55,TP,27.6296,718.3687,2.0
2025-12-12 19:10:00+00:00,2025-12-12 19:20:00+00:00,short,90040.16,90359.0,SL,-14.3674,704.0013,2.0
2025-12-12 20:05:00+00:00,2025-12-12 20:50:00+00:00,short,90129.61,90318.17,SL,-14.08,689.9213,2.0
2025-12-12 22:50:00+00:00,2025-12-13 08:15:00+00:00,short,90268.12,90463.22,SL,-13.7984,676.1229,2.0
2025-12-13 09:20:00+00:00,2025-12-13 14:25:00+00:00,short,90461.52,89961.12,TP,27.0449,703.1678,2.0
2025-12-13 14:55:00+00:00,2025-12-13 23:50:00+00:00,short,90079.7,90263.31,SL,-14.0634,689.1044,2.0
2025-12-14 00:05:00+00:00,2025-12-14 00:30:00+00:00,short,90169.41,90416.37,SL,-13.7821,675.3223,2.0
2025-12-14 01:15:00+00:00,2025-12-14 01:40:00+00:00,long,90419.74,90226.01,SL,-13.5064,661.8159,2.0
2025-12-14 02:30:00+00:00,2025-12-14 04:40:00+00:00,long,90384.0,90164.78,SL,-13.2363,648.5796,2.0
2025-12-14 06:30:00+00:00,2025-12-14 11:00:00+00:00,short,90099.77,89644.01,TP,25.9432,674.5227,2.0
2025-12-14 13:15:00+00:00,2025-12-14 13:55:00+00:00,short,89200.01,89489.5,SL,-13.4905,661.0323,2.0
2025-12-14 14:30:00+00:00,2025-12-14 16:20:00+00:00,short,89075.86,89261.09,SL,-13.2206,647.8116,2.0
2025-12-14 16:40:00+00:00,2025-12-14 18:15:00+00:00,short,88815.67,89038.73,SL,-12.9562,634.8554,2.0
2025-12-14 19:10:00+00:00,2025-12-14 22:25:00+00:00,short,88748.98,88382.68,TP,25.3942,660.2496,2.0
2025-12-14 23:05:00+00:00,2025-12-15 00:15:00+00:00,short,88198.9,88401.48,SL,-13.205,647.0446,2.0
2025-12-15 04:40:00+00:00,2025-12-15 12:05:00+00:00,long,89673.17,89444.0,SL,-12.9409,634.1037,2.0
2025-12-15 12:30:00+00:00,2025-12-15 13:05:00+00:00,long,89712.7,89479.96,SL,-12.6821,621.4217,2.0
2025-12-15 14:00:00+00:00,2025-12-15 14:30:00+00:00,long,89537.61,89068.98,SL,-12.4284,608.9932,2.0
2025-12-15 16:45:00+00:00,2025-12-15 16:50:00+00:00,short,86202.46,86408.76,SL,-12.1799,596.8134,2.0
2025-12-15 20:10:00+00:00,2025-12-15 20:30:00+00:00,short,85761.62,85946.12,SL,-11.9363,584.8771,2.0
2025-12-15 22:45:00+00:00,2025-12-15 22:55:00+00:00,short,86016.45,86259.31,SL,-11.6975,573.1796,2.0
2025-12-16 00:10:00+00:00,2025-12-16 00:55:00+00:00,short,86323.21,85865.48,TP,22.9272,596.1067,2.0
2025-12-16 03:05:00+00:00,2025-12-16 04:45:00+00:00,short,85835.41,85411.69,TP,23.8443,619.951,2.0
2025-12-16 07:10:00+00:00,2025-12-16 07:40:00+00:00,short,86337.68,85896.35,TP,24.798,644.7491,2.0
2025-12-16 08:35:00+00:00,2025-12-16 08:40:00+00:00,short,86087.65,86280.0,SL,-12.895,631.8541,2.0
2025-12-16 11:50:00+00:00,2025-12-16 13:30:00+00:00,long,87235.32,86867.25,SL,-12.6371,619.217,2.0
2025-12-16 14:30:00+00:00,2025-12-16 15:45:00+00:00,long,87107.99,87623.08,TP,24.7687,643.9857,2.0
2025-12-16 18:30:00+00:00,2025-12-16 19:05:00+00:00,long,87717.89,87485.91,SL,-12.8797,631.106,2.0
2025-12-16 19:50:00+00:00,2025-12-16 20:10:00+00:00,long,87680.42,87467.51,SL,-12.6221,618.4838,2.0
2025-12-16 20:30:00+00:00,2025-12-17 00:30:00+00:00,long,87629.96,87453.27,SL,-12.3697,606.1142,2.0
2025-12-17 01:00:00+00:00,2025-12-17 02:05:00+00:00,long,87655.02,87393.49,SL,-12.1223,593.9919,2.0
2025-12-17 02:50:00+00:00,2025-12-17 03:35:00+00:00,long,87419.81,87232.0,SL,-11.8798,582.112,2.0
2025-12-17 04:15:00+00:00,2025-12-17 04:55:00+00:00,short,87118.82,86752.26,TP,23.2845,605.3965,2.0
2025-12-17 07:15:00+00:00,2025-12-17 07:30:00+00:00,short,86611.53,86995.35,SL,-12.1079,593.2886,2.0
2025-12-17 08:15:00+00:00,2025-12-17 08:50:00+00:00,short,86764.07,86411.52,TP,23.7315,617.0201,2.0
2025-12-17 12:40:00+00:00,2025-12-17 12:50:00+00:00,short,86847.47,87024.0,SL,-12.3404,604.6797,2.0
2025-12-17 13:35:00+00:00,2025-12-17 13:55:00+00:00,long,87183.09,87631.37,TP,24.1872,628.8669,2.0
2025-12-17 14:50:00+00:00,2025-12-17 14:55:00+00:00,long,89282.71,89675.85,TP,25.1547,654.0216,2.0
2025-12-17 18:40:00+00:00,2025-12-17 19:00:00+00:00,short,85938.46,85592.58,TP,26.1609,680.1825,2.0
2025-12-17 21:25:00+00:00,2025-12-17 22:05:00+00:00,short,85844.68,86080.29,SL,-13.6036,666.5788,2.0
2025-12-17 23:10:00+00:00,2025-12-17 23:55:00+00:00,short,86001.02,86243.22,SL,-13.3316,653.2472,2.0
2025-12-18 00:15:00+00:00,2025-12-18 00:30:00+00:00,short,86110.73,86313.71,SL,-13.0649,640.1823,2.0
2025-12-18 01:00:00+00:00,2025-12-18 02:10:00+00:00,short,86068.78,86492.98,SL,-12.8036,627.3787,2.0
2025-12-18 03:20:00+00:00,2025-12-18 04:00:00+00:00,short,86456.79,86846.14,SL,-12.5476,614.8311,2.0
2025-12-18 08:15:00+00:00,2025-12-18 09:30:00+00:00,long,86840.0,87250.4,TP,24.5932,639.4243,2.0
2025-12-18 12:00:00+00:00,2025-12-18 12:10:00+00:00,long,87335.0,87159.79,SL,-12.7885,626.6358,2.0
2025-12-18 12:35:00+00:00,2025-12-18 12:50:00+00:00,long,87378.42,87178.4,SL,-12.5327,614.1031,2.0
2025-12-18 13:00:00+00:00,2025-12-18 13:30:00+00:00,long,87672.33,88125.39,TP,24.5641,638.6672,2.0
2025-12-18 15:35:00+00:00,2025-12-18 15:40:00+00:00,long,89318.98,89077.12,SL,-12.7733,625.8939,2.0
2025-12-18 19:00:00+00:00,2025-12-18 19:05:00+00:00,short,85504.02,85882.7,SL,-12.5179,613.376,2.0
2025-12-18 23:15:00+00:00,2025-12-19 01:25:00+00:00,short,85547.04,85167.34,TP,24.535,637.9111,2.0
2025-12-19 06:50:00+00:00,2025-12-19 07:00:00+00:00,long,87199.99,87744.81,TP,25.5164,663.4275,2.0
2025-12-19 10:55:00+00:00,2025-12-19 12:00:00+00:00,long,88267.09,88066.93,SL,-13.2685,650.159,2.0
2025-12-19 13:35:00+00:00,2025-12-19 14:30:00+00:00,long,88111.18,87758.81,SL,-13.0032,637.1558,2.0
2025-12-19 14:40:00+00:00,2025-12-19 14:45:00+00:00,long,88501.78,88196.87,SL,-12.7431,624.4127,2.0
2025-12-19 16:10:00+00:00,2025-12-19 16:30:00+00:00,long,88380.0,88736.4,TP,24.9765,649.3892,2.0
2025-12-19 22:15:00+00:00,2025-12-20 00:50:00+00:00,long,88188.82,87972.99,SL,-12.9878,636.4014,2.0
2025-12-20 01:20:00+00:00,2025-12-21 02:20:00+00:00,long,88163.82,87924.38,SL,-12.728,623.6734,2.0
2025-12-21 04:55:00+00:00,2025-12-21 08:25:00+00:00,short,88065.83,88259.0,SL,-12.4735,611.1999,2.0
2025-12-21 12:10:00+00:00,2025-12-21 12:40:00+00:00,long,88754.05,88572.6,SL,-12.224,598.9759,2.0
2025-12-21 18:45:00+00:00,2025-12-21 23:00:00+00:00,long,88292.63,88706.42,TP,23.959,622.9349,2.0
2025-12-21 23:35:00+00:00,2025-12-22 00:05:00+00:00,long,88550.78,88939.99,TP,24.9174,647.8523,2.0
2025-12-22 01:35:00+00:00,2025-12-22 01:40:00+00:00,long,89263.38,89081.86,SL,-12.957,634.8953,2.0
2025-12-22 03:05:00+00:00,2025-12-22 04:20:00+00:00,long,88623.03,88998.34,TP,25.3958,660.2911,2.0
2025-12-22 06:40:00+00:00,2025-12-22 08:15:00+00:00,long,88970.01,89480.0,TP,26.4116,686.7027,2.0
2025-12-22 09:35:00+00:00,2025-12-22 12:05:00+00:00,long,89664.76,90057.97,TP,27.4681,714.1708,2.0
2025-12-22 14:50:00+00:00,2025-12-22 15:00:00+00:00,long,90267.5,89988.01,SL,-14.2834,699.8874,2.0
2025-12-22 16:00:00+00:00,2025-12-22 16:30:00+00:00,long,89858.68,89677.67,SL,-13.9977,685.8897,2.0
2025-12-22 19:00:00+00:00,2025-12-22 19:30:00+00:00,short,88800.0,88418.82,TP,27.4356,713.3253,2.0
2025-12-22 23:40:00+00:00,2025-12-23 00:30:00+00:00,short,88504.79,88762.78,SL,-14.2665,699.0588,2.0
2025-12-23 01:10:00+00:00,2025-12-23 02:40:00+00:00,short,88626.6,88270.01,TP,27.9624,727.0211,2.0
2025-12-23 04:45:00+00:00,2025-12-23 05:30:00+00:00,short,88089.32,87624.1,TP,29.0808,756.1019,2.0
2025-12-23 08:50:00+00:00,2025-12-23 10:45:00+00:00,short,87445.13,87640.0,SL,-15.122,740.9799,2.0
2025-12-23 12:15:00+00:00,2025-12-23 14:45:00+00:00,short,87727.49,87115.51,TP,29.6392,770.6191,2.0
2025-12-23 17:25:00+00:00,2025-12-23 17:55:00+00:00,short,87733.19,87180.01,TP,30.8248,801.4439,2.0
2025-12-23 19:20:00+00:00,2025-12-23 20:40:00+00:00,short,87842.0,88198.44,SL,-16.0289,785.415,2.0
2025-12-23 21:00:00+00:00,2025-12-23 21:15:00+00:00,short,87613.62,87807.68,SL,-15.7083,769.7067,2.0
2025-12-24 01:40:00+00:00,2025-12-24 02:40:00+00:00,short,87536.5,87096.43,TP,30.7883,800.495,2.0
2025-12-24 04:45:00+00:00,2025-12-24 05:40:00+00:00,short,87270.01,86846.67,TP,32.0198,832.5148,2.0
2025-12-24 08:00:00+00:00,2025-12-24 10:50:00+00:00,short,86953.67,87140.0,SL,-16.6503,815.8645,2.0
2025-12-24 11:45:00+00:00,2025-12-24 12:55:00+00:00,short,87244.01,87428.51,SL,-16.3173,799.5472,2.0
2025-12-24 14:10:00+00:00,2025-12-24 14:30:00+00:00,long,87415.32,87088.82,SL,-15.9909,783.5562,2.0
2025-12-24 18:45:00+00:00,2025-12-24 22:30:00+00:00,long,87500.0,87946.92,TP,31.3422,814.8985,2.0
2025-12-25 01:10:00+00:00,2025-12-25 08:20:00+00:00,long,87660.0,87376.76,SL,-16.298,798.6005,2.0
2025-12-25 10:35:00+00:00,2025-12-25 11:00:00+00:00,short,87279.99,87508.14,SL,-15.972,782.6285,2.0
2025-12-25 13:05:00+00:00,2025-12-25 14:05:00+00:00,short,87492.65,87692.67,SL,-15.6526,766.9759,2.0
2025-12-25 14:35:00+00:00,2025-12-25 15:10:00+00:00,short,87577.82,87771.99,SL,-15.3395,751.6364,2.0
2025-12-25 18:05:00+00:00,2025-12-25 19:20:00+00:00,long,88282.89,88092.96,SL,-15.0327,736.6037,2.0
2025-12-25 21:10:00+00:00,2025-12-25 22:40:00+00:00,long,87982.0,87709.82,SL,-14.7321,721.8716,2.0
2025-12-26 06:10:00+00:00,2025-12-26 07:20:00+00:00,long,89091.08,89474.8,TP,28.8749,750.7465,2.0
2025-12-26 08:50:00+00:00,2025-12-26 11:45:00+00:00,long,88741.99,88552.62,SL,-15.0149,735.7315,2.0
2025-12-26 12:10:00+00:00,2025-12-26 14:40:00+00:00,long,88690.52,88405.94,SL,-14.7146,721.0169,2.0
2025-12-26 21:05:00+00:00,2025-12-27 22:10:00+00:00,short,87592.04,87864.31,SL,-14.4203,706.5966,2.0
2025-12-27 23:30:00+00:00,2025-12-29 00:30:00+00:00,long,87664.48,88121.7,TP,28.2639,734.8604,2.0
2025-12-29 01:45:00+00:00,2025-12-29 02:00:00+00:00,long,88393.18,88869.23,TP,29.3944,764.2549,2.0
2025-12-29 08:10:00+00:00,2025-12-29 08:50:00+00:00,long,89659.29,89471.01,SL,-15.2851,748.9698,2.0
2025-12-29 12:10:00+00:00,2025-12-29 12:20:00+00:00,short,86962.74,87198.0,SL,-14.9794,733.9904,2.0
2025-12-29 15:00:00+00:00,2025-12-29 15:10:00+00:00,short,87314.0,87733.23,SL,-14.6798,719.3106,2.0
2025-12-29 15:50:00+00:00,2025-12-29 17:50:00+00:00,short,87617.61,87798.19,SL,-14.3862,704.9243,2.0
2025-12-29 18:35:00+00:00,2025-12-29 20:35:00+00:00,short,87659.99,87295.84,TP,28.197,733.1213,2.0
2025-12-29 22:05:00+00:00,2025-12-29 22:20:00+00:00,short,87085.5,87260.03,SL,-14.6624,718.4589,2.0
2025-12-29 23:25:00+00:00,2025-12-30 04:00:00+00:00,short,87206.15,87405.7,SL,-14.3692,704.0897,2.0
2025-12-30 04:50:00+00:00,2025-12-30 07:10:00+00:00,short,87345.53,87524.06,SL,-14.0818,690.0079,2.0
2025-12-30 07:20:00+00:00,2025-12-30 08:00:00+00:00,short,87392.64,87717.17,SL,-13.8002,676.2078,2.0
2025-12-30 09:55:00+00:00,2025-12-30 11:50:00+00:00,long,87992.7,87774.0,SL,-13.5242,662.6836,2.0
2025-12-30 12:15:00+00:00,2025-12-30 14:00:00+00:00,long,88064.54,87860.01,SL,-13.2537,649.4299,2.0
2025-12-30 14:15:00+00:00,2025-12-30 14:30:00+00:00,long,88188.29,87980.43,SL,-12.9886,636.4413,2.0
2025-12-30 14:45:00+00:00,2025-12-30 14:50:00+00:00,long,88328.56,88875.68,TP,25.4577,661.899,2.0
2025-12-30 19:25:00+00:00,2025-12-30 20:05:00+00:00,long,88344.88,88126.09,SL,-13.238,648.661,2.0
2025-12-30 20:25:00+00:00,2025-12-30 21:30:00+00:00,short,88068.31,88259.26,SL,-12.9732,635.6878,2.0
2025-12-31 01:15:00+00:00,2025-12-31 03:35:00+00:00,long,88610.73,88390.08,SL,-12.7138,622.974,2.0
2025-12-31 05:05:00+00:00,2025-12-31 10:10:00+00:00,long,88430.44,88796.95,TP,24.919,647.893,2.0
2025-12-31 13:50:00+00:00,2025-12-31 14:30:00+00:00,long,88998.06,88781.72,SL,-12.9579,634.9351,2.0
2025-12-31 16:20:00+00:00,2025-12-31 18:25:00+00:00,short,87760.05,87940.48,SL,-12.6987,622.2364,2.0
2025-12-31 19:30:00+00:00,2025-12-31 22:25:00+00:00,short,87670.03,87854.51,SL,-12.4447,609.7917,2.0
2025-12-31 22:30:00+00:00,2026-01-01 01:05:00+00:00,short,87739.56,87957.14,SL,-12.1958,597.5959,2.0
2026-01-01 02:25:00+00:00,2026-01-01 04:15:00+00:00,short,87957.63,87562.07,TP,23.9038,621.4997,2.0
2026-01-01 07:25:00+00:00,2026-01-01 08:05:00+00:00,short,87605.68,87811.13,SL,-12.43,609.0697,2.0
2026-01-01 11:10:00+00:00,2026-01-01 17:30:00+00:00,long,87940.0,88359.3,TP,24.3628,633.4325,2.0
2026-01-01 19:35:00+00:00,2026-01-01 22:50:00+00:00,long,88270.17,88662.24,TP,25.3373,658.7698,2.0
2026-01-02 02:50:00+00:00,2026-01-02 03:40:00+00:00,long,88610.74,88973.49,TP,26.3508,685.1206,2.0
2026-01-02 05:50:00+00:00,2026-01-02 08:55:00+00:00,long,88775.96,89178.13,TP,27.4048,712.5254,2.0
2026-01-02 09:45:00+00:00,2026-01-02 10:15:00+00:00,long,89481.37,89871.0,TP,28.501,741.0264,2.0
2026-01-02 13:15:00+00:00,2026-01-02 13:35:00+00:00,long,89620.0,89416.94,SL,-14.8205,726.2059,2.0
2026-01-02 14:45:00+00:00,2026-01-02 14:55:00+00:00,long,89794.85,89580.0,SL,-14.5241,711.6818,2.0
2026-01-02 15:20:00+00:00,2026-01-02 15:25:00+00:00,short,88925.87,89128.64,SL,-14.2336,697.4482,2.0
2026-01-02 15:30:00+00:00,2026-01-02 16:20:00+00:00,long,89454.01,90022.01,TP,27.8979,725.3461,2.0
2026-01-02 19:40:00+00:00,2026-01-02 20:05:00+00:00,long,90001.89,89817.21,SL,-14.5069,710.8392,2.0
2026-01-02 20:10:00+00:00,2026-01-02 20:30:00+00:00,long,90070.5,89884.84,SL,-14.2168,696.6224,2.0
2026-01-02 21:15:00+00:00,2026-01-02 22:00:00+00:00,long,89860.97,90234.73,TP,27.8649,724.4873,2.0
2026-01-03 00:20:00+00:00,2026-01-03 06:40:00+00:00,long,90082.35,89888.0,SL,-14.4897,709.9975,2.0
2026-01-03 10:10:00+00:00,2026-01-03 12:45:00+00:00,short,89729.07,89971.73,SL,-14.1999,695.7976,2.0
2026-01-03 14:20:00+00:00,2026-01-03 15:15:00+00:00,long,90193.27,89980.37,SL,-13.916,681.8816,2.0
2026-01-03 16:30:00+00:00,2026-01-03 21:30:00+00:00,long,90138.32,90573.99,TP,27.2753,709.1569,2.0
2026-01-03 22:20:00+00:00,2026-01-04 00:05:00+00:00,long,90680.98,91253.41,TP,28.3663,737.5232,2.0
2026-01-04 03:10:00+00:00,2026-01-04 03:30:00+00:00,long,91338.6,91098.66,SL,-14.7505,722.7727,2.0
2026-01-04 03:45:00+00:00,2026-01-04 06:05:00+00:00,long,91294.27,91696.64,TP,28.9109,751.6836,2.0
2026-01-04 07:40:00+00:00,2026-01-04 08:00:00+00:00,long,91490.67,91296.8,SL,-15.0337,736.6499,2.0
2026-01-04 08:45:00+00:00,2026-01-04 11:50:00+00:00,long,91436.41,91245.99,SL,-14.733,721.9169,2.0
2026-01-04 13:25:00+00:00,2026-01-04 19:05:00+00:00,long,91191.16,90930.11,SL,-14.4383,707.4786,2.0
2026-01-04 23:00:00+00:00,2026-01-05 00:10:00+00:00,long,91473.6,91895.35,TP,28.2991,735.7777,2.0
2026-01-05 05:15:00+00:00,2026-01-05 05:50:00+00:00,long,92649.56,92361.59,SL,-14.7156,721.0622,2.0
2026-01-05 06:45:00+00:00,2026-01-05 10:10:00+00:00,long,92474.65,92915.65,TP,28.8425,749.9047,2.0
2026-01-05 11:20:00+00:00,2026-01-05 11:35:00+00:00,long,93111.47,92905.45,SL,-14.9981,734.9066,2.0
2026-01-05 11:55:00+00:00,2026-01-05 12:25:00+00:00,long,93134.26,92927.81,SL,-14.6981,720.2084,2.0
2026-01-05 14:05:00+00:00,2026-01-05 14:40:00+00:00,long,92786.87,93283.28,TP,28.8083,749.0168,2.0
2026-01-05 17:50:00+00:00,2026-01-05 18:55:00+00:00,long,94039.29,94449.62,TP,29.9607,778.9775,2.0
2026-01-05 20:25:00+00:00,2026-01-05 20:30:00+00:00,long,94744.43,94352.84,SL,-15.5795,763.3979,2.0
2026-01-05 21:55:00+00:00,2026-01-05 23:35:00+00:00,long,94095.78,93874.03,SL,-15.268,748.13,2.0
2026-01-06 00:55:00+00:00,2026-01-06 02:30:00+00:00,long,93816.7,93603.22,SL,-14.9626,733.1674,2.0
2026-01-06 03:05:00+00:00,2026-01-06 07:10:00+00:00,long,93743.75,93551.66,SL,-14.6633,718.504,2.0
2026-01-06 14:05:00+00:00,2026-01-06 14:20:00+00:00,long,93957.21,94353.92,TP,28.7402,747.2442,2.0
2026-01-06 15:25:00+00:00,2026-01-06 15:35:00+00:00,long,94130.53,93566.66,SL,-14.9449,732.2993,2.0
2026-01-06 17:40:00+00:00,2026-01-06 17:45:00+00:00,short,92236.06,91834.4,TP,29.292,761.5913,2.0
2026-01-06 21:05:00+00:00,2026-01-06 21:10:00+00:00,short,92383.95,92896.54,SL,-15.2318,746.3594,2.0
2026-01-06 23:10:00+00:00,2026-01-07 00:30:00+00:00,long,93479.51,93247.73,SL,-14.9272,731.4322,2.0
2026-01-07 03:45:00+00:00,2026-01-07 09:10:00+00:00,short,92792.89,92286.81,TP,29.2573,760.6895,2.0
2026-01-07 12:25:00+00:00,2026-01-07 14:05:00+00:00,short,92068.0,91664.37,TP,30.4276,791.1171,2.0
2026-01-07 15:15:00+00:00,2026-01-07 15:40:00+00:00,short,91164.74,91367.1,SL,-15.8223,775.2948,2.0
2026-01-07 16:50:00+00:00,2026-01-07 17:15:00+00:00,short,91254.56,91484.78,SL,-15.5059,759.7889,2.0
2026-01-07 17:55:00+00:00,2026-01-07 19:05:00+00:00,short,91252.14,90830.66,TP,30.3916,790.1804,2.0
2026-01-07 20:25:00+00:00,2026-01-07 20:35:00+00:00,short,90901.08,91099.8,SL,-15.8036,774.3768,2.0
2026-01-07 21:55:00+00:00,2026-01-07 23:15:00+00:00,short,91089.5,91400.65,SL,-15.4875,758.8893,2.0
2026-01-08 00:10:00+00:00,2026-01-08 00:50:00+00:00,short,91219.19,91417.54,SL,-15.1778,743.7115,2.0
2026-01-08 01:45:00+00:00,2026-01-08 02:35:00+00:00,short,91402.1,90917.28,TP,29.7485,773.46,2.0
2026-01-08 05:40:00+00:00,2026-01-08 06:10:00+00:00,short,90894.56,90516.54,TP,30.9384,804.3984,2.0
2026-01-08 08:45:00+00:00,2026-01-08 10:00:00+00:00,short,90282.59,89856.4,TP,32.1759,836.5743,2.0
2026-01-08 11:35:00+00:00,2026-01-08 14:25:00+00:00,short,90074.14,89643.89,TP,33.463,870.0373,2.0
2026-01-08 16:30:00+00:00,2026-01-08 16:40:00+00:00,short,90498.8,90712.08,SL,-17.4007,852.6365,2.0
2026-01-08 16:55:00+00:00,2026-01-08 17:50:00+00:00,long,90926.84,91408.0,TP,34.1055,886.742,2.0
2026-01-08 20:50:00+00:00,2026-01-08 21:35:00+00:00,long,90871.94,91286.64,TP,35.4697,922.2117,2.0
2026-01-09 00:40:00+00:00,2026-01-09 01:35:00+00:00,long,91225.87,90971.24,SL,-18.4442,903.7674,2.0
2026-01-09 02:05:00+00:00,2026-01-09 02:45:00+00:00,long,91361.82,91127.05,SL,-18.0753,885.6921,2.0
2026-01-09 03:40:00+00:00,2026-01-09 04:30:00+00:00,long,91190.73,90989.25,SL,-17.7138,867.9782,2.0
2026-01-09 05:05:00+00:00,2026-01-09 05:15:00+00:00,long,91109.49,90921.78,SL,-17.3596,850.6187,2.0
2026-01-09 05:50:00+00:00,2026-01-09 07:55:00+00:00,long,91033.01,90741.84,SL,-17.0124,833.6063,2.0
2026-01-09 11:45:00+00:00,2026-01-09 13:50:00+00:00,short,90494.0,90713.3,SL,-16.6721,816.9342,2.0
2026-01-09 14:05:00+00:00,2026-01-09 14:25:00+00:00,short,90332.26,90556.92,SL,-16.3387,800.5955,2.0
2026-01-09 15:20:00+00:00,2026-01-09 15:25:00+00:00,long,90907.39,91680.59,TP,32.0238,832.6193,2.0
2026-01-09 23:45:00+00:00,2026-01-11 12:25:00+00:00,short,90665.81,90871.65,SL,-16.6524,815.9669,2.0
2026-01-11 14:15:00+00:00,2026-01-11 15:45:00+00:00,long,90949.18,90764.18,SL,-16.3193,799.6476,2.0
2026-01-11 16:20:00+00:00,2026-01-11 19:40:00+00:00,long,90994.21,90781.02,SL,-15.993,783.6546,2.0
2026-01-11 22:05:00+00:00,2026-01-11 22:20:00+00:00,short,90504.81,90722.0,SL,-15.6731,767.9815,2.0
2026-01-11 22:50:00+00:00,2026-01-11 23:15:00+00:00,short,90548.54,91036.79,SL,-15.3596,752.6219,2.0
2026-01-12 00:55:00+00:00,2026-01-12 01:00:00+00:00,long,91258.65,91627.71,TP,30.1049,782.7268,2.0
2026-01-12 02:10:00+00:00,2026-01-12 02:45:00+00:00,long,91731.66,92188.87,TP,31.3091,814.0359,2.0
2026-01-12 13:05:00+00:00,2026-01-12 13:30:00+00:00,short,90562.76,90753.06,SL,-16.2807,797.7551,2.0
2026-01-12 13:40:00+00:00,2026-01-12 14:20:00+00:00,short,90653.05,90218.95,TP,31.9102,829.6653,2.0
2026-01-12 18:25:00+00:00,2026-01-12 18:30:00+00:00,long,91924.0,91563.17,SL,-16.5933,813.072,2.0
2026-01-12 19:15:00+00:00,2026-01-12 20:30:00+00:00,long,91788.52,91546.08,SL,-16.2614,796.8106,2.0
2026-01-12 22:10:00+00:00,2026-01-12 23:00:00+00:00,long,91414.05,91059.99,SL,-15.9362,780.8744,2.0
2026-01-13 02:35:00+00:00,2026-01-13 03:20:00+00:00,short,91165.77,91425.81,SL,-15.6175,765.2569,2.0
2026-01-13 04:55:00+00:00,2026-01-13 05:15:00+00:00,long,91515.16,92052.87,TP,30.6103,795.8672,2.0
2026-01-13 06:55:00+00:00,2026-01-13 07:15:00+00:00,long,92184.36,91945.28,SL,-15.9173,779.9498,2.0
2026-01-13 08:35:00+00:00,2026-01-13 09:20:00+00:00,long,92135.93,92547.83,TP,31.198,811.1478,2.0
2026-01-13 12:25:00+00:00,2026-01-13 14:30:00+00:00,long,92074.5,92452.29,TP,32.4459,843.5937,2.0
2026-01-13 15:30:00+00:00,2026-01-13 15:55:00+00:00,long,92825.52,93449.99,TP,33.7437,877.3375,2.0
2026-01-13 18:20:00+00:00,2026-01-13 19:35:00+00:00,long,93610.45,94033.29,TP,35.0935,912.431,2.0
2026-01-13 22:10:00+00:00,2026-01-13 22:15:00+00:00,long,95604.1,95329.81,SL,-18.2486,894.1824,2.0
2026-01-14 02:15:00+00:00,2026-01-14 05:00:00+00:00,long,95420.06,95218.07,SL,-17.8836,876.2987,2.0
2026-01-14 06:45:00+00:00,2026-01-14 14:05:00+00:00,long,94907.06,95294.59,TP,35.0519,911.3507,2.0
2026-01-14 16:05:00+00:00,2026-01-14 17:10:00+00:00,long,97236.44,97682.49,TP,36.454,947.8047,2.0
2026-01-14 19:10:00+00:00,2026-01-14 19:25:00+00:00,long,96994.11,97561.58,TP,37.9122,985.7169,2.0
2026-01-14 20:55:00+00:00,2026-01-14 22:00:00+00:00,long,97655.28,97447.6,SL,-19.7143,966.0025,2.0
2026-01-15 01:00:00+00:00,2026-01-15 01:20:00+00:00,long,96917.01,96507.36,SL,-19.3201,946.6825,2.0
2026-01-15 01:25:00+00:00,2026-01-15 03:25:00+00:00,short,96390.36,95919.86,TP,37.8673,984.5498,2.0
2026-01-15 06:35:00+00:00,2026-01-15 07:20:00+00:00,short,96243.01,96482.77,SL,-19.691,964.8588,2.0
2026-01-15 07:25:00+00:00,2026-01-15 09:35:00+00:00,long,96478.28,96974.98,TP,38.5944,1003.4531,2.0
2026-01-15 12:40:00+00:00,2026-01-15 14:10:00+00:00,long,96746.99,97139.27,TP,50.1727,1053.6258,2.5
2026-01-15 15:55:00+00:00,2026-01-15 16:05:00+00:00,long,96737.04,96344.84,SL,-26.3406,1027.2852,2.5
2026-01-15 20:25:00+00:00,2026-01-15 21:00:00+00:00,short,95198.86,95395.8,SL,-25.6821,1001.603,2.5
2026-01-15 23:00:00+00:00,2026-01-15 23:20:00+00:00,short,95500.01,95718.3,SL,-25.0401,976.563,2.5
2026-01-15 23:25:00+00:00,2026-01-16 00:30:00+00:00,short,95567.99,95776.99,SL,-19.5313,957.0317,2.0
2026-01-16 00:55:00+00:00,2026-01-16 04:40:00+00:00,short,95633.5,95232.6,TP,38.2813,995.313,2.0
2026-01-16 07:15:00+00:00,2026-01-16 11:00:00+00:00,short,95675.44,95271.01,TP,39.8125,1035.1255,2.0
2026-01-16 13:00:00+00:00,2026-01-16 14:25:00+00:00,short,95442.89,95714.1,SL,-25.8781,1009.2473,2.5
2026-01-16 14:35:00+00:00,2026-01-16 15:05:00+00:00,short,95289.78,95581.95,SL,-25.2312,984.0162,2.5
2026-01-16 15:15:00+00:00,2026-01-16 15:45:00+00:00,short,94902.48,94433.49,TP,39.3606,1023.3768,2.0
2026-01-16 18:55:00+00:00,2026-01-16 20:40:00+00:00,short,95001.19,95250.02,SL,-25.5844,997.7924,2.5
2026-01-16 23:25:00+00:00,2026-01-17 02:00:00+00:00,long,95557.0,95351.61,SL,-19.9558,977.8365,2.0
2026-01-17 02:50:00+00:00,2026-01-17 07:00:00+00:00,long,95370.92,95125.94,SL,-19.5567,958.2798,2.0
2026-01-17 09:35:00+00:00,2026-01-17 13:40:00+00:00,short,95206.93,95433.12,SL,-19.1656,939.1142,2.0
2026-01-17 15:05:00+00:00,2026-01-17 16:20:00+00:00,long,95561.74,95322.57,SL,-18.7823,920.3319,2.0
2026-01-17 17:25:00+00:00,2026-01-17 22:10:00+00:00,long,95412.86,95188.0,SL,-18.4066,901.9253,2.0
2026-01-18 00:50:00+00:00,2026-01-18 09:50:00+00:00,short,95098.63,95295.34,SL,-18.0385,883.8868,2.0
2026-01-18 10:00:00+00:00,2026-01-18 14:15:00+00:00,short,95089.45,95286.92,SL,-17.6777,866.209,2.0
2026-01-18 14:45:00+00:00,2026-01-18 17:25:00+00:00,short,95073.01,95268.28,SL,-17.3242,848.8849,2.0
2026-01-18 18:25:00+00:00,2026-01-18 23:00:00+00:00,long,95363.31,95034.7,SL,-16.9777,831.9072,2.0
2026-01-19 05:20:00+00:00,2026-01-19 07:50:00+00:00,short,92613.99,92815.47,SL,-16.6381,815.269,2.0
2026-01-19 09:15:00+00:00,2026-01-19 11:35:00+00:00,short,92976.04,93265.59,SL,-16.3054,798.9636,2.0
2026-01-19 12:05:00+00:00,2026-01-19 16:50:00+00:00,short,93115.26,93358.99,SL,-15.9793,782.9844,2.0
2026-01-19 17:30:00+00:00,2026-01-19 22:45:00+00:00,short,93191.49,92810.81,TP,31.3194,814.3037,2.0
2026-01-20 02:00:00+00:00,2026-01-20 04:20:00+00:00,short,92619.49,92248.13,TP,32.5722,846.8759,2.0
2026-01-20 06:10:00+00:00,2026-01-20 06:15:00+00:00,short,91457.4,90915.83,TP,33.875,880.7509,2.0
2026-01-20 08:40:00+00:00,2026-01-20 08:55:00+00:00,short,90855.29,91116.0,SL,-17.615,863.1359,2.0
2026-01-20 11:45:00+00:00,2026-01-20 13:10:00+00:00,short,91334.81,90920.83,TP,34.5254,897.6613,2.0
2026-01-20 14:15:00+00:00,2026-01-20 14:20:00+00:00,short,90756.91,90939.26,SL,-17.9532,879.7081,2.0
2026-01-20 14:45:00+00:00,2026-01-20 15:05:00+00:00,short,90449.78,89956.99,TP,35.1883,914.8964,2.0
2026-01-20 16:40:00+00:00,2026-01-20 17:05:00+00:00,short,90128.04,90407.94,SL,-18.2979,896.5985,2.0
2026-01-20 17:30:00+00:00,2026-01-20 18:35:00+00:00,short,89972.19,89588.8,TP,35.8639,932.4625,2.0
2026-01-20 21:30:00+00:00,2026-01-20 22:30:00+00:00,short,89496.01,88238.58,TP,37.2985,969.761,2.0
2026-01-21 02:30:00+00:00,2026-01-21 03:10:00+00:00,short,89025.5,89225.34,SL,-19.3952,950.3657,2.0
2026-01-21 04:15:00+00:00,2026-01-21 04:40:00+00:00,short,89395.09,89579.23,SL,-19.0073,931.3584,2.0
2026-01-21 04:50:00+00:00,2026-01-21 05:30:00+00:00,short,89494.21,89703.01,SL,-18.6272,912.7313,2.0
2026-01-21 08:35:00+00:00,2026-01-21 09:00:00+00:00,short,89057.93,89272.71,SL,-18.2546,894.4766,2.0
2026-01-21 09:55:00+00:00,2026-01-21 10:00:00+00:00,short,89112.3,89324.86,SL,-17.8895,876.5871,2.0
2026-01-21 10:55:00+00:00,2026-01-21 11:55:00+00:00,short,89248.99,88789.99,TP,35.0635,911.6506,2.0
2026-01-22 00:20:00+00:00,2026-01-22 02:10:00+00:00,long,89799.99,90183.96,TP,36.466,948.1166,2.0
2026-01-22 04:20:00+00:00,2026-01-22 13:40:00+00:00,long,89917.1,89622.76,SL,-18.9623,929.1543,2.0
2026-01-22 18:50:00+00:00,2026-01-22 19:30:00+00:00,short,89415.81,89668.85,SL,-18.5831,910.5712,2.0
2026-01-22 19:35:00+00:00,2026-01-22 19:45:00+00:00,long,89842.01,89658.72,SL,-18.2114,892.3598,2.0
2026-01-22 20:25:00+00:00,2026-01-22 23:00:00+00:00,short,89574.44,89181.36,TP,35.6944,928.0542,2.0
2026-01-23 00:55:00+00:00,2026-01-23 01:30:00+00:00,short,89520.01,89795.02,SL,-18.5611,909.4931,2.0
2026-01-23 03:25:00+00:00,2026-01-23 05:20:00+00:00,long,89897.74,89643.52,SL,-18.1899,891.3032,2.0
2026-01-23 06:15:00+00:00,2026-01-23 06:25:00+00:00,long,89758.87,89473.16,SL,-17.8261,873.4771,2.0
2026-01-23 06:50:00+00:00,2026-01-23 09:15:00+00:00,short,89534.99,89057.45,TP,34.9391,908.4162,2.0
2026-01-23 12:15:00+00:00,2026-01-23 13:05:00+00:00,short,89140.01,89327.32,SL,-18.1683,890.2479,2.0
2026-01-23 13:35:00+00:00,2026-01-23 14:10:00+00:00,short,89275.66,89459.29,SL,-17.805,872.4429,2.0
2026-01-23 14:30:00+00:00,2026-01-23 14:35:00+00:00,short,89145.6,88671.64,TP,34.8977,907.3407,2.0
2026-01-23 20:15:00+00:00,2026-01-23 20:25:00+00:00,long,90056.01,89814.37,SL,-18.1468,889.1939,2.0
2026-01-23 23:40:00+00:00,2026-01-24 02:50:00+00:00,short,89517.1,89700.6,SL,-17.7839,871.41,2.0
2026-01-24 05:20:00+00:00,2026-01-24 06:15:00+00:00,long,89837.99,89651.24,SL,-17.4282,853.9818,2.0
2026-01-24 09:30:00+00:00,2026-01-24 16:00:00+00:00,short,89615.93,89252.58,TP,34.1593,888.141,2.0
2026-01-24 18:55:00+00:00,2026-01-25 03:25:00+00:00,short,89395.23,89035.32,TP,35.5256,923.6667,2.0
2026-01-25 05:30:00+00:00,2026-01-25 08:35:00+00:00,short,88913.19,88438.16,TP,36.9467,960.6134,2.0
2026-01-25 11:50:00+00:00,2026-01-25 12:35:00+00:00,short,88552.33,88733.99,SL,-19.2123,941.4011,2.0
2026-01-25 13:25:00+00:00,2026-01-25 13:45:00+00:00,short,88697.45,88890.55,SL,-18.828,922.5731,2.0
2026-01-25 14:15:00+00:00,2026-01-25 15:50:00+00:00,short,88824.88,88407.37,TP,36.9029,959.476,2.0
2026-01-25 18:20:00+00:00,2026-01-25 18:40:00+00:00,short,87637.74,87079.93,TP,38.379,997.855,2.0
2026-01-25 22:05:00+00:00,2026-01-25 22:40:00+00:00,short,86431.18,86634.6,SL,-19.9571,977.8979,2.0
2026-01-26 00:40:00+00:00,2026-01-26 00:55:00+00:00,short,86632.44,86854.86,SL,-19.558,958.34,2.0
2026-01-26 02:05:00+00:00,2026-01-26 02:20:00+00:00,short,87456.83,87816.76,SL,-19.1668,939.1732,2.0
2026-01-26 02:25:00+00:00,2026-01-26 02:40:00+00:00,long,87915.62,87625.22,SL,-18.7835,920.3897,2.0
2026-01-26 04:20:00+00:00,2026-01-26 08:20:00+00:00,long,87780.0,88192.99,TP,36.8156,957.2053,2.0
2026-01-26 10:10:00+00:00,2026-01-26 15:00:00+00:00,long,87842.47,88271.07,TP,38.2882,995.4935,2.0
2026-01-26 15:40:00+00:00,2026-01-26 16:20:00+00:00,short,87476.6,87833.44,SL,-19.9099,975.5836,2.0
2026-01-26 16:50:00+00:00,2026-01-26 16:55:00+00:00,long,87835.9,87606.99,SL,-19.5117,956.072,2.0
2026-01-26 17:10:00+00:00,2026-01-26 17:50:00+00:00,short,87426.07,87731.84,SL,-19.1214,936.9505,2.0
2026-01-26 23:15:00+00:00,2026-01-26 23:35:00+00:00,long,88222.98,88626.0,TP,37.478,974.4285,2.0
2026-01-27 01:30:00+00:00,2026-01-27 06:25:00+00:00,long,88594.9,88391.99,SL,-19.4886,954.94,2.0
2026-01-27 07:00:00+00:00,2026-01-27 08:20:00+00:00,long,88431.68,88252.04,SL,-19.0988,935.8412,2.0
2026-01-27 10:40:00+00:00,2026-01-27 11:40:00+00:00,short,87828.62,88055.01,SL,-18.7168,917.1244,2.0
2026-01-27 12:50:00+00:00,2026-01-27 14:10:00+00:00,short,88008.77,88296.59,SL,-18.3425,898.7819,2.0
2026-01-27 14:35:00+00:00,2026-01-27 15:55:00+00:00,short,87835.37,88047.46,SL,-17.9756,880.8062,2.0
2026-01-27 23:25:00+00:00,2026-01-27 23:50:00+00:00,long,89502.7,89285.78,SL,-17.6161,863.1901,2.0
2026-01-28 00:55:00+00:00,2026-01-28 01:30:00+00:00,long,89467.72,89276.36,SL,-17.2638,845.9263,2.0
2026-01-28 02:00:00+00:00,2026-01-28 02:30:00+00:00,long,89407.99,89227.9,SL,-16.9185,829.0078,2.0
2026-01-28 03:50:00+00:00,2026-01-28 04:05:00+00:00,long,89177.55,88991.11,SL,-16.5802,812.4276,2.0
2026-01-28 04:35:00+00:00,2026-01-28 09:55:00+00:00,long,89064.74,89567.25,TP,32.4971,844.9247,2.0
2026-01-28 11:40:00+00:00,2026-01-28 11:50:00+00:00,long,89667.52,90044.0,TP,33.797,878.7217,2.0
2026-01-28 12:35:00+00:00,2026-01-28 13:40:00+00:00,long,89963.87,90415.58,TP,35.1489,913.8706,2.0
2026-01-28 15:50:00+00:00,2026-01-28 16:10:00+00:00,long,89546.68,89264.94,SL,-18.2774,895.5932,2.0
2026-01-28 17:35:00+00:00,2026-01-28 17:50:00+00:00,long,89653.89,90469.15,TP,35.8237,931.4169,2.0
2026-01-28 20:00:00+00:00,2026-01-28 20:35:00+00:00,long,89561.51,89325.72,SL,-18.6283,912.7886,2.0
2026-01-28 20:40:00+00:00,2026-01-28 21:40:00+00:00,short,89234.8,89426.09,SL,-18.2558,894.5328,2.0
2026-01-28 22:35:00+00:00,2026-01-28 22:55:00+00:00,short,89215.65,89396.15,SL,-17.8907,876.6421,2.0
2026-01-28 23:35:00+00:00,2026-01-29 01:25:00+00:00,short,89228.84,88831.59,TP,35.0657,911.7078,2.0
2026-01-29 05:55:00+00:00,2026-01-29 07:00:00+00:00,short,88186.54,88375.29,SL,-18.2342,893.4737,2.0
2026-01-29 07:25:00+00:00,2026-01-29 08:25:00+00:00,short,88265.89,88452.4,SL,-17.8695,875.6042,2.0
2026-01-29 08:40:00+00:00,2026-01-29 11:45:00+00:00,short,88125.19,87753.03,TP,35.0242,910.6284,2.0
2026-01-29 13:45:00+00:00,2026-01-29 14:40:00+00:00,short,88072.38,87682.65,TP,36.4251,947.0535,2.0
2026-01-29 17:55:00+00:00,2026-01-29 18:00:00+00:00,short,84261.66,84489.42,SL,-18.9411,928.1124,2.0
2026-01-29 22:15:00+00:00,2026-01-29 23:30:00+00:00,short,84429.55,84697.73,SL,-18.5622,909.5502,2.0
2026-01-30 00:10:00+00:00,2026-01-30 00:50:00+00:00,short,84542.28,84195.91,TP,36.382,945.9322,2.0
2026-01-30 05:15:00+00:00,2026-01-30 05:25:00+00:00,short,82971.83,83259.54,SL,-18.9186,927.0135,2.0
2026-01-30 05:45:00+00:00,2026-01-30 06:15:00+00:00,short,83044.68,82686.51,TP,37.0805,964.0941,2.0
2026-01-30 08:30:00+00:00,2026-01-30 09:00:00+00:00,short,82519.89,82753.0,SL,-19.2819,944.8122,2.0
2026-01-30 09:10:00+00:00,2026-01-30 09:45:00+00:00,short,82642.46,82290.01,TP,37.7925,982.6047,2.0
2026-01-30 12:20:00+00:00,2026-01-30 13:40:00+00:00,short,82717.21,82930.28,SL,-19.6521,962.9526,2.0
2026-01-30 13:45:00+00:00,2026-01-30 14:00:00+00:00,short,82731.68,82899.0,SL,-19.2591,943.6935,2.0
2026-01-30 15:20:00+00:00,2026-01-30 15:25:00+00:00,short,83100.0,82620.28,TP,37.7477,981.4413,2.0
2026-01-30 16:35:00+00:00,2026-01-30 17:00:00+00:00,long,83282.61,82740.0,SL,-19.6288,961.8125,2.0
2026-01-30 17:25:00+00:00,2026-01-30 17:30:00+00:00,long,83385.68,82990.46,SL,-19.2362,942.5762,2.0
2026-01-30 17:55:00+00:00,2026-01-30 18:00:00+00:00,short,82943.23,83148.45,SL,-18.8515,923.7247,2.0
2026-01-30 18:05:00+00:00,2026-01-30 18:15:00+00:00,short,82904.65,82232.62,TP,36.949,960.6737,2.0
2026-01-30 18:45:00+00:00,2026-01-30 18:55:00+00:00,long,83571.93,83931.13,TP,38.4269,999.1006,2.0
2026-01-30 21:20:00+00:00,2026-01-30 21:35:00+00:00,long,84351.57,84089.82,SL,-19.982,979.1186,2.0
2026-01-30 23:40:00+00:00,2026-01-31 00:50:00+00:00,long,84231.99,84045.07,SL,-19.5824,959.5362,2.0
2026-01-31 02:40:00+00:00,2026-01-31 04:50:00+00:00,long,84138.66,83950.0,SL,-19.1907,940.3455,2.0
2026-01-31 05:35:00+00:00,2026-01-31 06:20:00+00:00,long,84087.54,83907.93,SL,-18.8069,921.5386,2.0
2026-01-31 11:40:00+00:00,2026-01-31 13:30:00+00:00,short,82984.0,82536.33,TP,36.8615,958.4001,2.0
2026-01-31 14:10:00+00:00,2026-01-31 14:20:00+00:00,short,82449.53,81967.6,TP,38.336,996.7361,2.0
2026-01-31 16:45:00+00:00,2026-01-31 17:05:00+00:00,short,80452.64,79507.43,TP,39.8694,1036.6056,2.0
2026-01-31 18:35:00+00:00,2026-01-31 18:45:00+00:00,short,77548.79,78008.27,SL,-25.9151,1010.6904,2.5
2026-01-31 22:45:00+00:00,2026-01-31 23:00:00+00:00,short,78022.96,78219.85,SL,-25.2673,985.4232,2.5
2026-02-01 00:30:00+00:00,2026-02-01 01:05:00+00:00,short,79001.88,78640.01,TP,39.4169,1024.8401,2.0
2026-02-01 03:25:00+00:00,2026-02-01 04:10:00+00:00,short,78742.93,78964.13,SL,-25.621,999.2191,2.5
2026-02-01 05:00:00+00:00,2026-02-01 06:45:00+00:00,short,78815.31,78317.62,TP,39.9688,1039.1879,2.0
2026-02-01 10:30:00+00:00,2026-02-01 10:40:00+00:00,short,78790.0,78384.93,TP,51.9594,1091.1473,2.5
2026-02-01 12:20:00+00:00,2026-02-01 12:30:00+00:00,short,78305.0,78488.75,SL,-27.2787,1063.8686,2.5
2026-02-01 13:50:00+00:00,2026-02-01 14:25:00+00:00,short,78359.6,77849.34,TP,53.1934,1117.062,2.5
2026-02-01 15:10:00+00:00,2026-02-01 15:25:00+00:00,short,77618.62,76984.0,TP,55.8531,1172.9151,2.5
2026-02-01 18:50:00+00:00,2026-02-01 18:55:00+00:00,short,77833.46,78029.28,SL,-29.3229,1143.5922,2.5
2026-02-01 21:00:00+00:00,2026-02-01 21:05:00+00:00,short,76876.06,76461.4,TP,57.1796,1200.7719,2.5
2026-02-01 21:55:00+00:00,2026-02-01 22:00:00+00:00,short,76526.03,76893.35,SL,-30.0193,1170.7526,2.5
2026-02-01 23:05:00+00:00,2026-02-01 23:10:00+00:00,short,76008.07,76639.72,SL,-29.2688,1141.4837,2.5
2026-02-02 01:05:00+00:00,2026-02-02 01:10:00+00:00,short,77316.77,76824.0,TP,57.0742,1198.5579,2.5
2026-02-02 05:10:00+00:00,2026-02-02 05:25:00+00:00,short,75525.66,75088.0,TP,59.9279,1258.4858,2.5
2026-02-02 08:30:00+00:00,2026-02-02 08:35:00+00:00,short,76774.08,77016.08,SL,-31.4621,1227.0237,2.5
2026-02-02 09:30:00+00:00,2026-02-02 09:45:00+00:00,long,77246.14,77793.08,TP,61.3512,1288.3749,2.5
2026-02-02 11:35:00+00:00,2026-02-02 11:55:00+00:00,long,77952.69,77759.99,SL,-32.2094,1256.1655,2.5
2026-02-02 12:20:00+00:00,2026-02-02 12:30:00+00:00,long,78133.46,77953.93,SL,-31.4041,1224.7614,2.5
2026-02-02 13:55:00+00:00,2026-02-02 14:00:00+00:00,long,78224.79,78022.32,SL,-30.619,1194.1423,2.5
2026-02-02 14:30:00+00:00,2026-02-02 14:55:00+00:00,long,78368.24,77844.79,SL,-29.8536,1164.2888,2.5
2026-02-02 15:15:00+00:00,2026-02-02 15:35:00+00:00,long,78453.13,79026.35,TP,58.2144,1222.5032,2.5
2026-02-02 20:05:00+00:00,2026-02-02 20:30:00+00:00,long,78537.81,78290.74,SL,-30.5626,1191.9406,2.5
2026-02-02 21:10:00+00:00,2026-02-02 22:05:00+00:00,long,78345.26,78748.25,TP,59.597,1251.5377,2.5
2026-02-02 23:40:00+00:00,2026-02-03 00:00:00+00:00,long,78892.42,78534.0,SL,-31.2884,1220.2492,2.5
2026-02-03 00:30:00+00:00,2026-02-03 02:10:00+00:00,long,78823.41,78527.78,SL,-30.5062,1189.743,2.5
2026-02-03 03:30:00+00:00,2026-02-03 03:55:00+00:00,long,78372.16,78753.32,TP,59.4871,1249.2301,2.5
2026-02-03 06:25:00+00:00,2026-02-03 08:25:00+00:00,long,78566.97,78882.2,TP,62.4615,1311.6916,2.5
2026-02-03 08:30:00+00:00,2026-02-03 09:10:00+00:00,long,78886.9,78180.8,SL,-32.7923,1278.8993,2.5
2026-02-03 10:35:00+00:00,2026-02-03 12:45:00+00:00,short,78247.45,78412.07,SL,-31.9725,1246.9269,2.5
2026-02-03 13:50:00+00:00,2026-02-03 14:25:00+00:00,short,78247.5,78425.83,SL,-31.1732,1215.7537,2.5
2026-02-03 16:15:00+00:00,2026-02-03 16:20:00+00:00,short,77181.61,76734.0,TP,60.7877,1276.5414,2.5
2026-02-03 21:35:00+00:00,2026-02-03 22:05:00+00:00,short,76227.67,75829.0,TP,63.8271,1340.3684,2.5
2026-02-03 23:50:00+00:00,2026-02-04 00:20:00+00:00,short,75730.3,75916.0,SL,-33.5092,1306.8592,2.5
2026-02-04 02:00:00+00:00,2026-02-04 02:30:00+00:00,short,76381.8,76047.07,TP,65.343,1372.2022,2.5
2026-02-04 03:10:00+00:00,2026-02-04 03:20:00+00:00,long,76638.0,76441.38,SL,-34.3051,1337.8971,2.5
2026-02-04 06:10:00+00:00,2026-02-04 07:05:00+00:00,long,76550.62,76346.55,SL,-33.4474,1304.4497,2.5
2026-02-04 07:10:00+00:00,2026-02-04 07:20:00+00:00,long,76612.23,76406.18,SL,-32.6112,1271.8385,2.5
2026-02-04 09:15:00+00:00,2026-02-04 11:05:00+00:00,short,76253.8,75814.08,TP,63.5919,1335.4304,2.5
2026-02-04 13:15:00+00:00,2026-02-04 13:35:00+00:00,short,75927.6,75556.25,TP,66.7715,1402.2019,2.5
2026-02-04 14:55:00+00:00,2026-02-04 15:05:00+00:00,short,74359.53,74963.9,SL,-35.055,1367.1469,2.5
2026-02-04 15:30:00+00:00,2026-02-04 15:40:00+00:00,short,74165.1,74363.46,SL,-34.1787,1332.9682,2.5
2026-02-04 16:30:00+00:00,2026-02-04 16:35:00+00:00,short,73574.54,73192.33,TP,66.6484,1399.6166,2.5
2026-02-04 17:20:00+00:00,2026-02-04 17:25:00+00:00,short,72800.32,72473.56,TP,69.9808,1469.5974,2.5
2026-02-04 19:35:00+00:00,2026-02-04 19:40:00+00:00,short,73230.01,73604.47,SL,-36.7399,1432.8575,2.5
2026-02-04 20:30:00+00:00,2026-02-04 21:20:00+00:00,short,73540.2,73219.57,TP,71.6429,1504.5004,2.5
2026-02-04 23:00:00+00:00,2026-02-04 23:10:00+00:00,short,72586.93,72849.91,SL,-37.6125,1466.8879,2.5
2026-02-05 00:10:00+00:00,2026-02-05 00:20:00+00:00,short,72778.45,73100.0,SL,-36.6722,1430.2157,2.5
2026-02-05 01:15:00+00:00,2026-02-05 01:25:00+00:00,short,72492.76,72967.15,SL,-35.7554,1394.4603,2.5
2026-02-05 02:45:00+00:00,2026-02-05 02:55:00+00:00,short,71907.81,71454.44,TP,69.723,1464.1833,2.5
2026-02-05 05:20:00+00:00,2026-02-05 05:30:00+00:00,short,70305.17,70467.24,SL,-36.6046,1427.5787,2.5
2026-02-05 07:55:00+00:00,2026-02-05 08:05:00+00:00,short,70756.85,70918.0,SL,-35.6895,1391.8892,2.5
2026-02-05 08:55:00+00:00,2026-02-05 09:00:00+00:00,short,71054.99,71316.38,SL,-34.7972,1357.092,2.5
2026-02-05 09:45:00+00:00,2026-02-05 09:50:00+00:00,short,71488.9,71674.75,SL,-33.9273,1323.1647,2.5
2026-02-05 15:00:00+00:00,2026-02-05 15:05:00+00:00,short,68981.35,68627.96,TP,66.1582,1389.3229,2.5
2026-02-05 17:15:00+00:00,2026-02-05 17:20:00+00:00,short,66875.88,67592.88,SL,-34.7331,1354.5899,2.5
2026-02-05 17:30:00+00:00,2026-02-05 17:40:00+00:00,short,66774.24,67109.93,SL,-33.8647,1320.7251,2.5
2026-02-05 19:50:00+00:00,2026-02-05 20:05:00+00:00,short,65312.1,65629.0,SL,-33.0181,1287.707,2.5
2026-02-05 21:15:00+00:00,2026-02-05 21:20:00+00:00,short,62960.83,63922.45,SL,-32.1927,1255.5143,2.5
2026-02-05 23:40:00+00:00,2026-02-05 23:50:00+00:00,short,63472.08,63012.45,TP,62.7757,1318.29,2.5
2026-02-06 02:20:00+00:00,2026-02-06 02:25:00+00:00,short,64382.71,64612.73,SL,-32.9573,1285.3328,2.5
2026-02-06 06:20:00+00:00,2026-02-06 06:30:00+00:00,short,65798.55,65399.56,TP,64.2666,1349.5994,2.5
2026-02-06 08:15:00+00:00,2026-02-06 08:30:00+00:00,short,64846.54,64585.23,TP,67.48,1417.0794,2.5
2026-02-06 11:40:00+00:00,2026-02-06 11:55:00+00:00,long,66322.23,66631.32,TP,70.854,1487.9334,2.5
2026-02-06 13:00:00+00:00,2026-02-06 13:05:00+00:00,long,66876.7,66638.01,SL,-37.1983,1450.735,2.5
2026-02-06 14:35:00+00:00,2026-02-06 15:20:00+00:00,long,68038.32,68470.0,TP,72.5368,1523.2718,2.5
2026-02-06 16:00:00+00:00,2026-02-06 16:05:00+00:00,long,68908.84,69270.0,TP,76.1636,1599.4354,2.5
2026-02-06 19:30:00+00:00,2026-02-06 19:50:00+00:00,long,70400.01,70774.35,TP,79.9718,1679.4071,2.5
2026-02-06 20:30:00+00:00,2026-02-06 20:35:00+00:00,long,70787.54,70440.0,SL,-41.9852,1637.422,2.5
2026-02-06 21:55:00+00:00,2026-02-06 22:05:00+00:00,long,70358.43,70650.01,TP,81.8711,1719.2931,2.5
2026-02-07 01:20:00+00:00,2026-02-07 01:40:00+00:00,long,69978.19,70287.56,TP,85.9647,1805.2577,2.5
2026-02-07 03:05:00+00:00,2026-02-07 03:25:00+00:00,long,70520.35,70861.62,TP,90.2629,1895.5206,2.5
2026-02-07 06:35:00+00:00,2026-02-07 06:40:00+00:00,long,70230.28,70063.41,SL,-47.388,1848.1326,2.5
2026-02-07 09:40:00+00:00,2026-02-07 10:35:00+00:00,short,68116.99,67630.0,TP,92.4066,1940.5392,2.5
2026-02-07 13:10:00+00:00,2026-02-07 13:15:00+00:00,short,68994.0,69141.03,SL,-48.5135,1892.0257,2.5
2026-02-07 15:10:00+00:00,2026-02-07 15:30:00+00:00,long,69114.22,69504.64,TP,94.6013,1986.627,2.5
2026-02-07 17:35:00+00:00,2026-02-07 17:45:00+00:00,long,69406.8,69250.01,SL,-49.6657,1936.9613,2.5
2026-02-07 18:10:00+00:00,2026-02-07 18:15:00+00:00,short,69050.43,69266.6,SL,-48.424,1888.5373,2.5
2026-02-07 20:30:00+00:00,2026-02-07 22:45:00+00:00,long,69536.24,69374.37,SL,-47.2134,1841.3239,2.5
2026-02-07 23:45:00+00:00,2026-02-08 00:15:00+00:00,long,69362.0,69135.68,SL,-46.0331,1795.2908,2.5
2026-02-08 00:25:00+00:00,2026-02-08 01:00:00+00:00,short,69050.0,69269.24,SL,-44.8823,1750.4085,2.5
2026-02-08 06:15:00+00:00,2026-02-08 07:55:00+00:00,long,69385.5,69710.69,TP,87.5204,1837.9289,2.5
2026-02-08 11:05:00+00:00,2026-02-08 11:30:00+00:00,long,70429.15,70846.82,TP,91.8964,1929.8254,2.5
2026-02-08 12:55:00+00:00,2026-02-08 13:00:00+00:00,long,71249.95,71090.01,SL,-48.2456,1881.5797,2.5
2026-02-08 13:15:00+00:00,2026-02-08 13:35:00+00:00,long,71430.01,71256.26,SL,-47.0395,1834.5403,2.5
2026-02-08 13:55:00+00:00,2026-02-08 14:05:00+00:00,long,71514.77,71285.4,SL,-45.8635,1788.6767,2.5
2026-02-08 17:35:00+00:00,2026-02-08 18:30:00+00:00,long,70706.0,71242.3,TP,89.4338,1878.1106,2.5
2026-02-08 19:40:00+00:00,2026-02-08 20:00:00+00:00,long,71304.68,71059.53,SL,-46.9528,1831.1578,2.5
2026-02-08 22:15:00+00:00,2026-02-08 23:00:00+00:00,long,70910.38,71404.6,TP,91.5579,1922.7157,2.5
2026-02-08 23:25:00+00:00,2026-02-08 23:30:00+00:00,short,70514.0,70154.79,TP,96.1358,2018.8515,2.5
2026-02-09 00:20:00+00:00,2026-02-09 00:25:00+00:00,long,70727.79,70479.39,SL,-50.4713,1968.3802,2.5
2026-02-09 00:40:00+00:00,2026-02-09 00:45:00+00:00,short,70278.68,70486.01,SL,-49.2095,1919.1707,2.5
2026-02-09 01:45:00+00:00,2026-02-09 01:50:00+00:00,short,70086.38,70356.0,SL,-47.9793,1871.1914,2.5
2026-02-09 07:40:00+00:00,2026-02-09 08:25:00+00:00,short,70432.07,70087.2,TP,93.5596,1964.751,2.5
2026-02-09 10:00:00+00:00,2026-02-09 10:05:00+00:00,short,69462.99,69629.03,SL,-49.1188,1915.6322,2.5
2026-02-09 13:45:00+00:00,2026-02-09 13:55:00+00:00,short,68969.62,68594.57,TP,95.7816,2011.4138,2.5
2026-02-09 15:25:00+00:00,2026-02-09 15:35:00+00:00,short,68921.04,69429.39,SL,-50.2853,1961.1285,2.5
2026-02-09 16:10:00+00:00,2026-02-09 16:20:00+00:00,short,69205.01,69472.45,SL,-49.0282,1912.1003,2.5
2026-02-09 19:30:00+00:00,2026-02-09 20:05:00+00:00,long,70764.0,71060.57,TP,95.605,2007.7053,2.5
2026-02-09 22:05:00+00:00,2026-02-09 23:45:00+00:00,long,70400.0,70204.75,SL,-50.1926,1957.5127,2.5
2026-02-10 05:25:00+00:00,2026-02-10 06:20:00+00:00,short,69526.8,69159.19,TP,97.8756,2055.3883,2.5
2026-02-10 09:45:00+00:00,2026-02-10 10:05:00+00:00,short,69018.64,69165.96,SL,-51.3847,2004.0036,2.5
2026-02-10 11:40:00+00:00,2026-02-10 13:30:00+00:00,short,68666.41,69032.62,SL,-50.1001,1953.9035,2.5
2026-02-10 14:35:00+00:00,2026-02-10 14:40:00+00:00,short,68580.86,68229.65,TP,97.6952,2051.5987,2.5
2026-02-10 17:20:00+00:00,2026-02-10 18:20:00+00:00,long,69670.0,69335.34,SL,-51.29,2000.3087,2.5
2026-02-10 20:15:00+00:00,2026-02-10 21:30:00+00:00,short,68873.4,68499.01,TP,100.0154,2100.3242,2.5
2026-02-11 01:20:00+00:00,2026-02-11 02:45:00+00:00,short,68996.91,68627.16,TP,105.0162,2205.3404,2.5
2026-02-11 06:10:00+00:00,2026-02-11 06:20:00+00:00,short,66916.36,67082.41,SL,-55.1335,2150.2068,2.5
2026-02-11 09:15:00+00:00,2026-02-11 09:25:00+00:00,short,66825.43,66978.43,SL,-53.7552,2096.4517,2.5
2026-02-11 09:45:00+00:00,2026-02-11 11:20:00+00:00,short,66748.76,67023.62,SL,-52.4113,2044.0404,2.5
2026-02-11 12:50:00+00:00,2026-02-11 13:15:00+00:00,short,67141.36,66829.89,TP,102.202,2146.2424,2.5
2026-02-11 14:35:00+00:00,2026-02-11 14:45:00+00:00,short,67253.0,66909.02,TP,107.3121,2253.5545,2.5
2026-02-11 16:40:00+00:00,2026-02-11 17:10:00+00:00,short,66127.5,66263.59,SL,-56.3389,2197.2157,2.5
2026-02-11 21:20:00+00:00,2026-02-11 21:55:00+00:00,long,67961.92,67811.17,SL,-54.9304,2142.2853,2.5
2026-02-12 03:55:00+00:00,2026-02-12 04:15:00+00:00,long,67580.99,67379.99,SL,-53.5571,2088.7281,2.5
2026-02-12 04:20:00+00:00,2026-02-12 04:55:00+00:00,short,67298.6,67018.4,TP,104.4364,2193.1645,2.5
2026-02-12 07:05:00+00:00,2026-02-12 07:20:00+00:00,short,67007.44,67217.99,SL,-54.8291,2138.3354,2.5
2026-02-12 08:20:00+00:00,2026-02-12 09:20:00+00:00,short,67083.53,67277.21,SL,-53.4584,2084.877,2.5
2026-02-12 13:40:00+00:00,2026-02-12 14:15:00+00:00,long,68116.83,67960.14,SL,-52.1219,2032.7551,2.5
2026-02-12 14:30:00+00:00,2026-02-12 14:35:00+00:00,long,68197.93,67884.34,SL,-50.8189,1981.9362,2.5
2026-02-12 20:25:00+00:00,2026-02-12 21:00:00+00:00,short,65505.7,65642.42,SL,-49.5484,1932.3878,2.5
2026-02-12 23:40:00+00:00,2026-02-13 00:00:00+00:00,short,66247.44,66452.28,SL,-48.3097,1884.0781,2.5
2026-02-13 05:55:00+00:00,2026-02-13 06:55:00+00:00,short,66175.79,66359.28,SL,-47.102,1836.9762,2.5
2026-02-13 07:40:00+00:00,2026-02-13 07:50:00+00:00,short,66127.51,66304.37,SL,-45.9244,1791.0518,2.5
2026-02-13 11:55:00+00:00,2026-02-13 12:00:00+00:00,long,67171.42,67021.22,SL,-44.7763,1746.2755,2.5
2026-02-13 12:50:00+00:00,2026-02-13 13:05:00+00:00,long,67212.27,66986.13,SL,-43.6569,1702.6186,2.5
2026-02-13 13:25:00+00:00,2026-02-13 14:00:00+00:00,long,67337.21,67166.0,SL,-42.5655,1660.0531,2.5
2026-02-13 14:30:00+00:00,2026-02-13 14:35:00+00:00,long,67543.19,67377.03,SL,-41.5013,1618.5518,2.5
2026-02-13 21:05:00+00:00,2026-02-13 21:35:00+00:00,long,68990.88,68833.98,SL,-40.4638,1578.088,2.5
2026-02-13 22:30:00+00:00,2026-02-14 06:05:00+00:00,long,68888.32,68743.68,SL,-39.4522,1538.6358,2.5
2026-02-14 06:15:00+00:00,2026-02-14 07:40:00+00:00,long,68848.74,69181.6,TP,76.9318,1615.5676,2.5
2026-02-14 11:05:00+00:00,2026-02-14 11:20:00+00:00,long,69821.39,70334.79,TP,80.7784,1696.346,2.5
2026-02-14 14:15:00+00:00,2026-02-14 15:20:00+00:00,long,69533.89,69958.73,TP,84.8173,1781.1633,2.5
2026-02-14 16:50:00+00:00,2026-02-14 20:55:00+00:00,long,69738.0,70023.09,TP,89.0582,1870.2214,2.5
2026-02-14 22:40:00+00:00,2026-02-14 23:20:00+00:00,long,69988.09,69814.04,SL,-46.7555,1823.4659,2.5
2026-02-15 00:55:00+00:00,2026-02-15 01:20:00+00:00,long,69777.07,69572.0,SL,-45.5866,1777.8793,2.5
2026-02-15 01:25:00+00:00,2026-02-15 01:55:00+00:00,short,69529.34,69717.65,SL,-44.447,1733.4323,2.5
2026-02-15 02:05:00+00:00,2026-02-15 03:45:00+00:00,short,69511.03,69902.29,SL,-43.3358,1690.0965,2.5
2026-02-15 07:15:00+00:00,2026-02-15 08:25:00+00:00,long,70791.8,70568.02,SL,-42.2524,1647.8441,2.5
2026-02-15 09:30:00+00:00,2026-02-15 09:50:00+00:00,long,70597.18,70396.03,SL,-41.1961,1606.648,2.5
2026-02-15 10:45:00+00:00,2026-02-15 11:30:00+00:00,long,70507.8,70326.29,SL,-40.1662,1566.4818,2.5
2026-02-15 12:25:00+00:00,2026-02-15 12:35:00+00:00,long,70370.31,70182.46,SL,-39.162,1527.3197,2.5
2026-02-15 17:40:00+00:00,2026-02-15 17:45:00+00:00,short,68823.06,68289.31,TP,76.366,1603.6857,2.5
2026-02-15 18:45:00+00:00,2026-02-15 19:05:00+00:00,short,68423.33,68142.02,TP,80.1843,1683.87,2.5
2026-02-15 23:00:00+00:00,2026-02-15 23:05:00+00:00,short,68682.22,68382.91,TP,84.1935,1768.0635,2.5
2026-02-16 01:20:00+00:00,2026-02-16 02:20:00+00:00,short,68710.54,68430.0,TP,88.4032,1856.4667,2.5
2026-02-16 05:10:00+00:00,2026-02-16 07:10:00+00:00,short,68473.16,68611.54,SL,-46.4117,1810.055,2.5
2026-02-16 11:50:00+00:00,2026-02-16 12:25:00+00:00,long,68818.71,69505.01,TP,90.5028,1900.5577,2.5
2026-02-16 15:30:00+00:00,2026-02-16 15:50:00+00:00,short,67440.91,67634.51,SL,-47.5139,1853.0438,2.5
2026-02-16 18:45:00+00:00,2026-02-16 19:40:00+00:00,short,67923.8,68096.25,SL,-46.3261,1806.7177,2.5
2026-02-16 19:55:00+00:00,2026-02-16 20:20:00+00:00,short,67913.43,68068.09,SL,-45.1679,1761.5498,2.5
2026-02-16 21:55:00+00:00,2026-02-16 22:20:00+00:00,long,68862.88,68684.19,SL,-44.0387,1717.511,2.5
2026-02-16 23:50:00+00:00,2026-02-17 00:00:00+00:00,long,68978.65,68825.08,SL,-42.9378,1674.5732,2.5
2026-02-17 00:45:00+00:00,2026-02-17 00:55:00+00:00,long,69035.58,68878.27,SL,-41.8643,1632.7089,2.5
2026-02-17 02:15:00+00:00,2026-02-17 02:55:00+00:00,long,69010.34,68838.48,SL,-40.8177,1591.8912,2.5
2026-02-17 04:20:00+00:00,2026-02-17 04:30:00+00:00,long,68682.71,68372.8,SL,-39.7973,1552.0939,2.5
2026-02-17 05:10:00+00:00,2026-02-17 05:20:00+00:00,short,68346.01,68019.88,TP,77.6047,1629.6986,2.5
2026-02-17 07:20:00+00:00,2026-02-17 07:35:00+00:00,short,68304.1,68464.86,SL,-40.7425,1588.9561,2.5
2026-02-17 08:15:00+00:00,2026-02-17 10:15:00+00:00,short,68284.19,67846.18,TP,79.4478,1668.4039,2.5
2026-02-17 13:00:00+00:00,2026-02-17 13:05:00+00:00,short,67776.87,67961.28,SL,-41.7101,1626.6938,2.5
2026-02-17 13:20:00+00:00,2026-02-17 13:25:00+00:00,long,68341.7,68122.14,SL,-40.6673,1586.0265,2.5
2026-02-17 13:40:00+00:00,2026-02-17 13:50:00+00:00,short,68019.92,68212.01,SL,-39.6507,1546.3758,2.5
2026-02-17 14:20:00+00:00,2026-02-17 14:35:00+00:00,short,68021.75,67608.53,TP,77.3188,1623.6946,2.5
2026-02-17 17:10:00+00:00,2026-02-17 17:25:00+00:00,short,67266.89,67467.46,SL,-40.5924,1583.1023,2.5
2026-02-17 19:30:00+00:00,2026-02-17 20:05:00+00:00,short,67872.22,67563.25,TP,79.1551,1662.2574,2.5
2026-02-17 21:15:00+00:00,2026-02-17 23:05:00+00:00,short,67739.06,67445.83,TP,83.1129,1745.3703,2.5
2026-02-18 00:45:00+00:00,2026-02-18 01:25:00+00:00,short,67364.73,67053.18,TP,87.2685,1832.6388,2.5
2026-02-18 06:25:00+00:00,2026-02-18 07:20:00+00:00,long,67869.16,67702.71,SL,-45.816,1786.8228,2.5
2026-02-18 07:40:00+00:00,2026-02-18 08:20:00+00:00,long,68074.0,68377.66,TP,89.3411,1876.1639,2.5
2026-02-18 13:40:00+00:00,2026-02-18 14:45:00+00:00,short,67287.84,66771.54,TP,93.8082,1969.9721,2.5
2026-02-18 16:05:00+00:00,2026-02-18 17:05:00+00:00,short,67138.07,67308.93,SL,-49.2493,1920.7228,2.5
2026-02-18 17:40:00+00:00,2026-02-18 18:40:00+00:00,short,67096.7,66342.3,TP,96.0361,2016.759,2.5
2026-02-18 23:15:00+00:00,2026-02-19 00:05:00+00:00,short,66353.98,66550.84,SL,-50.419,1966.34,2.5
2026-02-19 00:25:00+00:00,2026-02-19 01:00:00+00:00,short,66405.07,66573.49,SL,-49.1585,1917.1815,2.5
2026-02-19 02:35:00+00:00,2026-02-19 02:55:00+00:00,short,66690.65,66835.2,SL,-47.9295,1869.252,2.5
2026-02-19 03:20:00+00:00,2026-02-19 04:40:00+00:00,long,66956.5,66816.04,SL,-46.7313,1822.5207,2.5
2026-02-19 05:55:00+00:00,2026-02-19 06:20:00+00:00,long,66871.35,67197.72,TP,91.126,1913.6467,2.5
2026-02-19 07:15:00+00:00,2026-02-19 08:20:00+00:00,long,67175.78,66962.69,SL,-47.8412,1865.8055,2.5
2026-02-19 09:15:00+00:00,2026-02-19 09:45:00+00:00,long,67012.71,66794.11,SL,-46.6451,1819.1604,2.5
2026-02-19 10:35:00+00:00,2026-02-19 10:50:00+00:00,long,66949.81,66792.95,SL,-45.479,1773.6814,2.5
2026-02-19 11:35:00+00:00,2026-02-19 13:05:00+00:00,short,66698.25,66339.6,TP,88.6841,1862.3654,2.5
2026-02-19 14:30:00+00:00,2026-02-19 14:35:00+00:00,short,65737.13,66105.0,SL,-46.5591,1815.8063,2.5
2026-02-19 16:05:00+00:00,2026-02-19 16:15:00+00:00,short,66143.62,66323.49,SL,-45.3952,1770.4111,2.5
2026-02-19 17:45:00+00:00,2026-02-19 18:10:00+00:00,short,66445.59,66639.09,SL,-44.2603,1726.1509,2.5
2026-02-19 18:20:00+00:00,2026-02-19 19:05:00+00:00,long,66821.95,67091.21,TP,86.3075,1812.4584,2.5
2026-02-19 20:55:00+00:00,2026-02-19 21:20:00+00:00,long,67149.11,67000.0,SL,-45.3115,1767.147,2.5
2026-02-19 22:55:00+00:00,2026-02-20 00:10:00+00:00,long,66915.14,67191.72,TP,88.3573,1855.5043,2.5
2026-02-20 03:20:00+00:00,2026-02-20 04:15:00+00:00,long,67384.14,67173.27,SL,-46.3876,1809.1167,2.5
2026-02-20 05:20:00+00:00,2026-02-20 05:30:00+00:00,long,67348.26,67897.97,TP,90.4558,1899.5725,2.5
2026-02-20 09:00:00+00:00,2026-02-20 10:50:00+00:00,long,68181.3,67979.99,SL,-47.4893,1852.0832,2.5
2026-02-20 13:10:00+00:00,2026-02-20 13:35:00+00:00,short,67143.24,66511.58,TP,92.6042,1944.6874,2.5
2026-02-20 16:45:00+00:00,2026-02-20 17:05:00+00:00,long,67657.24,67322.19,SL,-48.6172,1896.0702,2.5
2026-02-20 17:50:00+00:00,2026-02-20 18:30:00+00:00,long,67587.5,67874.01,TP,94.8035,1990.8737,2.5
2026-02-20 21:05:00+00:00,2026-02-20 22:50:00+00:00,long,67775.21,68049.95,TP,99.5437,2090.4174,2.5
2026-02-21 01:35:00+00:00,2026-02-21 03:00:00+00:00,long,67985.99,67796.17,SL,-52.2604,2038.157,2.5
2026-02-21 04:25:00+00:00,2026-02-21 08:30:00+00:00,long,67717.0,67988.94,TP,101.9078,2140.0648,2.5
2026-02-21 12:50:00+00:00,2026-02-21 14:20:00+00:00,long,68184.67,68499.99,TP,107.0032,2247.068,2.5
2026-02-21 15:40:00+00:00,2026-02-21 16:00:00+00:00,long,68631.72,68402.41,SL,-56.1767,2190.8913,2.5
2026-02-21 17:35:00+00:00,2026-02-21 19:05:00+00:00,long,68351.97,68643.98,TP,109.5446,2300.4359,2.5
2026-02-21 21:50:00+00:00,2026-02-21 22:35:00+00:00,long,68343.14,68155.87,SL,-57.5109,2242.925,2.5
2026-02-22 00:25:00+00:00,2026-02-22 01:00:00+00:00,short,67856.03,67992.72,SL,-56.0731,2186.8519,2.5
2026-02-22 02:25:00+00:00,2026-02-22 11:05:00+00:00,short,68056.09,68207.46,SL,-54.6713,2132.1806,2.5
2026-02-22 14:40:00+00:00,2026-02-22 15:25:00+00:00,short,67440.0,67599.03,SL,-53.3045,2078.8761,2.5
2026-02-22 16:30:00+00:00,2026-02-22 17:35:00+00:00,short,67544.65,67272.31,TP,103.9438,2182.8199,2.5
2026-02-22 20:10:00+00:00,2026-02-22 21:30:00+00:00,short,67385.78,67521.29,SL,-54.5705,2128.2494,2.5
2026-02-22 22:15:00+00:00,2026-02-22 22:40:00+00:00,short,67532.77,67679.27,SL,-53.2062,2075.0431,2.5
2026-02-22 23:05:00+00:00,2026-02-23 00:30:00+00:00,short,67580.47,67299.19,TP,103.7522,2178.7953,2.5
2026-02-23 08:00:00+00:00,2026-02-23 09:30:00+00:00,short,65816.08,66150.24,SL,-54.4699,2124.3254,2.5
2026-02-23 12:40:00+00:00,2026-02-23 12:55:00+00:00,long,66419.33,66280.4,SL,-53.1081,2071.2173,2.5
2026-02-23 13:15:00+00:00,2026-02-23 13:40:00+00:00,short,66192.6,66353.16,SL,-51.7804,2019.4369,2.5
2026-02-23 13:55:00+00:00,2026-02-23 14:35:00+00:00,short,66132.66,65845.29,TP,100.9718,2120.4087,2.5
2026-02-23 15:25:00+00:00,2026-02-23 16:00:00+00:00,short,65806.54,65415.21,TP,106.0204,2226.4291,2.5
2026-02-23 17:10:00+00:00,2026-02-23 17:15:00+00:00,short,65081.03,64788.47,TP,111.3215,2337.7506,2.5
2026-02-23 19:25:00+00:00,2026-02-23 19:35:00+00:00,short,64463.84,64144.88,TP,116.8875,2454.6381,2.5
2026-02-23 22:50:00+00:00,2026-02-23 23:05:00+00:00,short,64697.61,64891.99,SL,-61.366,2393.2722,2.5
2026-02-24 01:05:00+00:00,2026-02-24 01:10:00+00:00,short,64625.13,64324.95,TP,119.6636,2512.9358,2.5
2026-02-24 03:00:00+00:00,2026-02-24 03:45:00+00:00,short,63859.52,63552.32,TP,150.7761,2663.7119,3.0
2026-02-24 05:25:00+00:00,2026-02-24 05:30:00+00:00,short,62820.77,62947.4,SL,-79.9114,2583.8006,3.0
2026-02-24 07:45:00+00:00,2026-02-24 07:55:00+00:00,short,63039.55,63192.96,SL,-77.514,2506.2865,3.0
2026-02-24 09:15:00+00:00,2026-02-24 10:50:00+00:00,short,63171.4,63320.44,SL,-75.1886,2431.0979,3.0
2026-02-24 11:15:00+00:00,2026-02-24 13:20:00+00:00,short,63212.39,62929.36,TP,121.5549,2552.6528,2.5
2026-02-24 17:05:00+00:00,2026-02-24 17:15:00+00:00,long,64429.87,64253.89,SL,-76.5796,2476.0733,3.0
2026-02-24 18:40:00+00:00,2026-02-24 21:00:00+00:00,long,64370.98,64164.0,SL,-61.9018,2414.1714,2.5
2026-02-24 22:05:00+00:00,2026-02-24 22:50:00+00:00,long,64183.99,64027.97,SL,-60.3543,2353.8171,2.5
2026-02-24 23:05:00+00:00,2026-02-24 23:10:00+00:00,short,63872.55,64071.98,SL,-58.8454,2294.9717,2.5
2026-02-24 23:15:00+00:00,2026-02-25 00:10:00+00:00,long,64107.15,63919.23,SL,-57.3743,2237.5974,2.5
2026-02-25 00:35:00+00:00,2026-02-25 01:10:00+00:00,long,64180.66,65606.34,TP,111.8799,2349.4773,2.5
2026-02-25 04:35:00+00:00,2026-02-25 04:50:00+00:00,long,65612.91,65461.97,SL,-58.7369,2290.7404,2.5
2026-02-25 06:20:00+00:00,2026-02-25 06:50:00+00:00,long,65089.08,64905.21,SL,-57.2685,2233.4718,2.5
2026-02-25 11:40:00+00:00,2026-02-25 12:15:00+00:00,long,65433.81,65716.43,TP,111.6736,2345.1454,2.5
2026-02-25 14:55:00+00:00,2026-02-25 15:05:00+00:00,long,66973.2,66826.97,SL,-58.6286,2286.5168,2.5
2026-02-25 18:25:00+00:00,2026-02-25 19:00:00+00:00,long,69348.39,69126.0,SL,-57.1629,2229.3539,2.5
2026-02-25 20:45:00+00:00,2026-02-25 21:10:00+00:00,long,69252.0,68990.91,SL,-55.7338,2173.62,2.5
2026-02-25 21:35:00+00:00,2026-02-25 21:40:00+00:00,long,69388.95,69221.59,SL,-54.3405,2119.2795,2.5
2026-02-26 00:10:00+00:00,2026-02-26 00:30:00+00:00,long,68153.57,68482.96,TP,105.964,2225.2435,2.5
2026-02-26 02:45:00+00:00,2026-02-26 04:05:00+00:00,long,68130.59,68447.46,TP,111.2622,2336.5057,2.5
2026-02-26 08:15:00+00:00,2026-02-26 09:35:00+00:00,long,68074.42,68460.44,TP,116.8253,2453.331,2.5
2026-02-26 12:15:00+00:00,2026-02-26 12:40:00+00:00,long,68228.99,68082.32,SL,-61.3333,2391.9977,2.5
2026-02-26 13:10:00+00:00,2026-02-26 14:05:00+00:00,short,68032.95,67738.68,TP,119.5999,2511.5976,2.5
2026-02-26 14:20:00+00:00,2026-02-26 14:35:00+00:00,long,68120.76,67860.97,SL,-75.3479,2436.2497,3.0
2026-02-26 14:40:00+00:00,2026-02-26 14:45:00+00:00,short,67799.74,67361.75,TP,121.8125,2558.0621,2.5
2026-02-26 16:50:00+00:00,2026-02-26 17:00:00+00:00,short,66604.68,66909.99,SL,-76.7419,2481.3203,3.0
2026-02-26 20:20:00+00:00,2026-02-26 20:50:00+00:00,short,67618.25,67333.05,TP,124.066,2605.3863,2.5
2026-02-26 22:20:00+00:00,2026-02-26 22:35:00+00:00,short,67379.46,67554.0,SL,-78.1616,2527.2247,3.0
2026-02-26 23:05:00+00:00,2026-02-27 00:35:00+00:00,short,67469.09,67132.82,TP,151.6335,2678.8582,3.0
2026-02-27 02:55:00+00:00,2026-02-27 03:45:00+00:00,short,67266.58,67435.0,SL,-80.3657,2598.4924,3.0
2026-02-27 07:50:00+00:00,2026-02-27 09:05:00+00:00,long,67734.49,68021.67,TP,155.9095,2754.402,3.0
2026-02-27 14:45:00+00:00,2026-02-27 15:05:00+00:00,short,65885.62,66074.17,SL,-82.6321,2671.7699,3.0
2026-02-27 16:10:00+00:00,2026-02-27 16:20:00+00:00,short,65897.56,66044.85,SL,-80.1531,2591.6168,3.0
2026-02-27 16:35:00+00:00,2026-02-27 16:45:00+00:00,short,65915.62,65494.21,TP,155.497,2747.1138,3.0
2026-02-27 18:55:00+00:00,2026-02-27 20:00:00+00:00,short,65314.76,65491.33,SL,-82.4134,2664.7004,3.0
2026-02-27 21:40:00+00:00,2026-02-27 22:30:00+00:00,short,65621.37,64986.0,TP,159.882,2824.5824,3.0
2026-02-28 00:20:00+00:00,2026-02-28 02:50:00+00:00,short,65872.25,66018.84,SL,-84.7375,2739.845,3.0
2026-02-28 03:05:00+00:00,2026-02-28 04:30:00+00:00,short,65882.81,65603.17,TP,164.3907,2904.2357,3.0
2026-02-28 05:30:00+00:00,2026-02-28 06:15:00+00:00,short,65574.96,64944.0,TP,174.2541,3078.4898,3.0
2026-02-28 11:45:00+00:00,2026-02-28 13:45:00+00:00,short,64042.53,64534.19,SL,-92.3547,2986.1351,3.0
2026-02-28 14:50:00+00:00,2026-02-28 15:20:00+00:00,short,64432.82,64576.73,SL,-89.5841,2896.5511,3.0
2026-02-28 15:40:00+00:00,2026-02-28 16:40:00+00:00,long,64832.4,65162.62,TP,173.7931,3070.3441,3.0
2026-02-28 17:55:00+00:00,2026-02-28 18:10:00+00:00,long,65442.62,65273.58,SL,-92.1103,2978.2338,3.0
2026-02-28 18:30:00+00:00,2026-02-28 18:35:00+00:00,long,65445.89,65717.99,TP,178.694,3156.9278,3.0
2026-02-28 19:30:00+00:00,2026-02-28 19:35:00+00:00,long,66276.46,66589.61,TP,189.4157,3346.3435,3.0
2026-02-28 22:20:00+00:00,2026-02-28 22:35:00+00:00,long,67048.57,67534.57,TP,200.7806,3547.1241,3.0
2026-03-01 01:40:00+00:00,2026-03-01 01:45:00+00:00,long,66626.57,67340.16,TP,212.8274,3759.9516,3.0
2026-03-01 05:15:00+00:00,2026-03-01 06:00:00+00:00,long,67410.47,67266.64,SL,-112.7985,3647.153,3.0
2026-03-01 07:15:00+00:00,2026-03-01 08:10:00+00:00,long,66999.5,67269.74,TP,218.8292,3865.9822,3.0
2026-03-01 12:30:00+00:00,2026-03-01 12:40:00+00:00,short,66294.41,66491.27,SL,-115.9795,3750.0027,3.0
2026-03-01 15:10:00+00:00,2026-03-01 15:55:00+00:00,long,67115.18,66842.42,SL,-112.5001,3637.5026,3.0
2026-03-01 19:15:00+00:00,2026-03-01 20:05:00+00:00,short,66057.6,65587.59,TP,218.2502,3855.7528,3.0
2026-03-01 22:35:00+00:00,2026-03-01 23:00:00+00:00,short,65300.0,65699.99,SL,-115.6726,3740.0802,3.0
2026-03-02 03:15:00+00:00,2026-03-02 04:25:00+00:00,long,66632.44,66937.99,TP,224.4048,3964.485,3.0
2026-03-02 04:30:00+00:00,2026-03-02 04:45:00+00:00,long,66927.0,66674.32,SL,-118.9346,3845.5505,3.0
2026-03-02 05:45:00+00:00,2026-03-02 05:55:00+00:00,long,66893.0,66730.78,SL,-115.3665,3730.184,3.0
2026-03-02 09:55:00+00:00,2026-03-02 10:05:00+00:00,short,66168.62,66316.26,SL,-111.9055,3618.2784,3.0
2026-03-02 11:45:00+00:00,2026-03-02 12:15:00+00:00,long,66350.58,66212.29,SL,-108.5484,3509.7301,3.0
2026-03-02 12:20:00+00:00,2026-03-02 13:05:00+00:00,short,66116.97,65841.22,TP,210.5838,3720.3139,3.0
2026-03-02 19:55:00+00:00,2026-03-02 20:10:00+00:00,long,68966.53,68738.01,SL,-111.6094,3608.7045,3.0
2026-03-02 20:20:00+00:00,2026-03-02 20:45:00+00:00,long,68979.09,69397.72,TP,216.5223,3825.2267,3.0
2026-03-03 00:35:00+00:00,2026-03-03 01:15:00+00:00,long,69102.16,68905.0,SL,-114.7568,3710.4699,3.0
2026-03-03 03:25:00+00:00,2026-03-03 04:35:00+00:00,long,68419.34,68268.46,SL,-111.3141,3599.1558,3.0
2026-03-03 04:45:00+00:00,2026-03-03 05:05:00+00:00,short,68098.0,68289.64,SL,-107.9747,3491.1812,3.0
2026-03-03 05:40:00+00:00,2026-03-03 07:15:00+00:00,short,68079.39,68221.71,SL,-104.7354,3386.4457,3.0
2026-03-03 08:10:00+00:00,2026-03-03 08:30:00+00:00,short,68010.75,67631.78,TP,203.1867,3589.6325,3.0
2026-03-03 12:55:00+00:00,2026-03-03 13:10:00+00:00,short,67399.85,66979.93,TP,215.3779,3805.0104,3.0
2026-03-03 14:30:00+00:00,2026-03-03 14:40:00+00:00,short,66869.99,66464.0,TP,228.3006,4033.3111,3.0
2026-03-03 18:25:00+00:00,2026-03-03 18:35:00+00:00,long,68465.88,68762.48,TP,241.9987,4275.3097,3.0
2026-03-03 22:00:00+00:00,2026-03-03 23:10:00+00:00,long,68308.63,68695.92,TP,256.5186,4531.8283,3.0
2026-03-04 01:05:00+00:00,2026-03-04 01:15:00+00:00,long,68246.45,68093.03,SL,-135.9548,4395.8735,3.0
2026-03-04 01:25:00+00:00,2026-03-04 01:35:00+00:00,long,68251.99,68682.5,TP,263.7524,4659.6259,3.0
2026-03-04 02:55:00+00:00,2026-03-04 03:00:00+00:00,long,68323.33,68138.25,SL,-139.7888,4519.8371,3.0
2026-03-04 03:05:00+00:00,2026-03-04 03:25:00+00:00,long,68271.56,67976.25,SL,-135.5951,4384.242,3.0
2026-03-04 07:25:00+00:00,2026-03-04 07:45:00+00:00,long,68766.45,69426.02,TP,263.0545,4647.2965,3.0
2026-03-04 12:50:00+00:00,2026-03-04 13:05:00+00:00,long,71140.57,71524.21,TP,278.8378,4926.1343,3.0
2026-03-04 15:10:00+00:00,2026-03-04 15:15:00+00:00,long,72003.76,72362.55,TP,295.5681,5221.7023,3.0
2026-03-04 17:10:00+00:00,2026-03-04 17:15:00+00:00,long,73545.44,73285.05,SL,-182.7596,5038.9428,3.5
2026-03-04 18:50:00+00:00,2026-03-04 19:15:00+00:00,long,73606.42,73980.09,TP,352.726,5391.6687,3.5
2026-03-04 21:40:00+00:00,2026-03-04 22:40:00+00:00,long,73237.6,72917.01,SL,-188.7084,5202.9603,3.5
2026-03-04 23:45:00+00:00,2026-03-05 01:05:00+00:00,long,72701.19,73070.04,TP,364.2072,5567.1676,3.5
2026-03-05 02:20:00+00:00,2026-03-05 02:30:00+00:00,long,72763.79,72460.47,SL,-194.8509,5372.3167,3.5
2026-03-05 03:05:00+00:00,2026-03-05 03:30:00+00:00,long,72637.91,72410.01,SL,-188.0311,5184.2856,3.5
2026-03-05 03:55:00+00:00,2026-03-05 04:25:00+00:00,long,72497.89,72793.66,TP,362.9,5547.1856,3.5
2026-03-05 06:35:00+00:00,2026-03-05 07:30:00+00:00,long,72526.99,72343.93,SL,-194.1515,5353.0341,3.5
2026-03-05 07:35:00+00:00,2026-03-05 07:50:00+00:00,short,72231.22,71792.55,TP,374.7124,5727.7465,3.5
2026-03-05 12:50:00+00:00,2026-03-05 13:00:00+00:00,long,72992.67,72762.01,SL,-200.4711,5527.2754,3.5
2026-03-05 14:10:00+00:00,2026-03-05 14:35:00+00:00,long,72613.91,72212.75,SL,-193.4546,5333.8207,3.5
2026-03-05 14:55:00+00:00,2026-03-05 15:00:00+00:00,long,72609.29,72271.04,SL,-186.6837,5147.137,3.5
2026-03-05 15:05:00+00:00,2026-03-05 15:20:00+00:00,short,71845.29,71529.03,TP,360.2996,5507.4366,3.5
2026-03-05 17:30:00+00:00,2026-03-05 17:35:00+00:00,short,70767.22,70911.44,SL,-192.7603,5314.6763,3.5
2026-03-05 19:50:00+00:00,2026-03-05 20:10:00+00:00,short,70935.86,71100.0,SL,-186.0137,5128.6626,3.5
2026-03-05 21:40:00+00:00,2026-03-05 23:30:00+00:00,short,71189.0,70892.99,TP,359.0064,5487.669,3.5
2026-03-06 01:10:00+00:00,2026-03-06 01:25:00+00:00,short,70800.0,70465.03,TP,384.1368,5871.8059,3.5
2026-03-06 03:05:00+00:00,2026-03-06 04:10:00+00:00,short,71236.76,70910.91,TP,411.0264,6282.8323,3.5
2026-03-06 08:20:00+00:00,2026-03-06 09:10:00+00:00,short,70904.61,70572.0,TP,439.7983,6722.6305,3.5
2026-03-06 10:50:00+00:00,2026-03-06 11:55:00+00:00,short,70531.07,70212.95,TP,470.5841,7193.2147,3.5
2026-03-06 13:55:00+00:00,2026-03-06 14:05:00+00:00,short,69208.0,68662.2,TP,503.525,7696.7397,3.5
2026-03-06 17:30:00+00:00,2026-03-06 17:35:00+00:00,short,68152.3,67858.74,TP,538.7718,8235.5115,3.5
2026-03-06 19:35:00+00:00,2026-03-06 20:25:00+00:00,short,68172.59,67832.74,TP,576.4858,8811.9973,3.5
2026-03-06 23:10:00+00:00,2026-03-07 03:10:00+00:00,short,68334.55,68515.19,SL,-308.4199,8503.5774,3.5
2026-03-07 03:35:00+00:00,2026-03-07 04:00:00+00:00,short,68191.12,67903.11,TP,595.2504,9098.8278,3.5
2026-03-07 05:15:00+00:00,2026-03-07 05:40:00+00:00,short,67943.72,68081.8,SL,-318.459,8780.3688,3.5
2026-03-07 06:10:00+00:00,2026-03-07 07:00:00+00:00,short,67951.11,67570.45,TP,614.6258,9394.9946,3.5
2026-03-07 09:00:00+00:00,2026-03-07 09:10:00+00:00,short,67788.0,67970.87,SL,-328.8248,9066.1698,3.5
2026-03-07 10:20:00+00:00,2026-03-07 11:10:00+00:00,short,67950.01,68186.93,SL,-317.3159,8748.8539,3.5
2026-03-07 11:55:00+00:00,2026-03-07 14:05:00+00:00,short,68010.01,67701.0,TP,612.4198,9361.2737,3.5
2026-03-07 15:35:00+00:00,2026-03-07 18:30:00+00:00,short,67822.86,67521.74,TP,655.2892,10016.5628,3.5
2026-03-07 22:15:00+00:00,2026-03-08 02:45:00+00:00,short,67362.43,67078.65,TP,701.1594,10717.7222,3.5
2026-03-08 04:45:00+00:00,2026-03-08 05:15:00+00:00,short,66879.94,67020.73,SL,-375.1203,10342.6019,3.5
2026-03-08 06:25:00+00:00,2026-03-08 07:00:00+00:00,short,67055.04,67267.47,SL,-361.9911,9980.6109,3.5
2026-03-08 07:45:00+00:00,2026-03-08 08:40:00+00:00,short,67264.76,67500.11,SL,-349.3214,9631.2895,3.5
2026-03-08 10:10:00+00:00,2026-03-08 11:05:00+00:00,long,67879.29,67560.15,SL,-337.0951,9294.1944,3.5
2026-03-08 13:10:00+00:00,2026-03-08 13:25:00+00:00,short,66974.1,67163.88,SL,-325.2968,8968.8976,3.5
2026-03-08 15:30:00+00:00,2026-03-08 18:15:00+00:00,short,67130.89,66811.04,TP,627.8228,9596.7204,3.5
2026-03-08 20:10:00+00:00,2026-03-08 20:30:00+00:00,short,67101.68,67364.01,SL,-335.8852,9260.8352,3.5
2026-03-08 20:35:00+00:00,2026-03-08 20:55:00+00:00,long,67377.29,67238.8,SL,-324.1292,8936.7059,3.5
2026-03-09 01:55:00+00:00,2026-03-09 02:35:00+00:00,short,66196.01,66462.68,SL,-312.7847,8623.9212,3.5
2026-03-09 04:25:00+00:00,2026-03-09 04:50:00+00:00,long,67575.86,67389.21,SL,-301.8372,8322.084,3.5
2026-03-09 05:40:00+00:00,2026-03-09 06:00:00+00:00,long,67932.25,67769.13,SL,-291.2729,8030.811,3.5
2026-03-09 07:40:00+00:00,2026-03-09 08:20:00+00:00,long,67427.67,67715.46,TP,562.1568,8592.9678,3.5
2026-03-09 11:50:00+00:00,2026-03-09 12:20:00+00:00,long,67789.15,68080.2,TP,601.5077,9194.4756,3.5
2026-03-09 16:45:00+00:00,2026-03-09 17:20:00+00:00,long,69015.95,68776.36,SL,-321.8066,8872.6689,3.5
2026-03-09 18:30:00+00:00,2026-03-09 18:35:00+00:00,long,68661.6,68514.75,SL,-310.5434,8562.1255,3.5
2026-03-09 19:00:00+00:00,2026-03-09 19:15:00+00:00,long,68487.05,68847.48,TP,599.3488,9161.4743,3.5
2026-03-09 21:10:00+00:00,2026-03-09 21:20:00+00:00,long,69054.0,68872.11,SL,-320.6516,8840.8227,3.5
2026-03-10 00:15:00+00:00,2026-03-10 00:25:00+00:00,long,68678.65,68980.01,TP,618.8576,9459.6803,3.5
2026-03-10 01:50:00+00:00,2026-03-10 02:30:00+00:00,long,69253.27,70001.2,TP,662.1776,10121.8579,3.5
2026-03-10 04:45:00+00:00,2026-03-10 05:15:00+00:00,long,69960.01,70243.71,TP,708.5301,10830.388,3.5
2026-03-10 06:35:00+00:00,2026-03-10 06:50:00+00:00,long,70086.46,69900.08,SL,-379.0636,10451.3244,3.5
2026-03-10 07:10:00+00:00,2026-03-10 08:05:00+00:00,long,70240.36,70924.57,TP,731.5927,11182.9171,3.5
2026-03-10 09:25:00+00:00,2026-03-10 09:40:00+00:00,long,71228.0,71075.63,SL,-391.4021,10791.515,3.5
2026-03-10 12:45:00+00:00,2026-03-10 13:20:00+00:00,long,70503.52,70858.92,TP,755.4061,11546.921,3.5
2026-03-10 13:35:00+00:00,2026-03-10 13:40:00+00:00,short,69774.57,69916.54,SL,-404.1422,11142.7788,3.5
2026-03-10 14:35:00+00:00,2026-03-10 14:45:00+00:00,long,70177.38,70643.7,TP,779.9945,11922.7733,3.5
2026-03-10 16:20:00+00:00,2026-03-10 16:25:00+00:00,long,71531.39,71364.42,SL,-417.2971,11505.4763,3.5
2026-03-10 19:30:00+00:00,2026-03-10 19:40:00+00:00,short,69821.2,69990.2,SL,-402.6917,11102.7846,3.5
2026-03-10 21:20:00+00:00,2026-03-10 21:40:00+00:00,short,70053.72,69746.41,TP,777.1949,11879.9795,3.5
2026-03-11 00:40:00+00:00,2026-03-11 00:50:00+00:00,short,69838.71,70116.09,SL,-415.7993,11464.1802,3.5
2026-03-11 01:35:00+00:00,2026-03-11 01:50:00+00:00,short,69901.62,70069.51,SL,-401.2463,11062.9339,3.5
2026-03-11 05:25:00+00:00,2026-03-11 05:40:00+00:00,short,69943.67,69538.41,TP,774.4054,11837.3393,3.5
2026-03-11 07:25:00+00:00,2026-03-11 08:25:00+00:00,short,69791.28,69503.53,TP,828.6137,12665.953,3.5
2026-03-11 08:50:00+00:00,2026-03-11 10:40:00+00:00,short,69535.85,69683.21,SL,-443.3084,12222.6447,3.5
2026-03-11 11:25:00+00:00,2026-03-11 12:00:00+00:00,short,69447.45,69089.63,TP,855.5851,13078.2298,3.5
2026-03-11 16:20:00+00:00,2026-03-11 16:30:00+00:00,long,70400.0,70713.25,TP,915.4761,13993.7059,3.5
2026-03-11 19:40:00+00:00,2026-03-11 20:00:00+00:00,long,70674.86,70505.62,SL,-489.7797,13503.9262,3.5
2026-03-11 20:45:00+00:00,2026-03-11 22:30:00+00:00,long,70537.26,70379.15,SL,-472.6374,13031.2888,3.5
2026-03-12 00:20:00+00:00,2026-03-12 00:30:00+00:00,long,70345.9,70174.34,SL,-456.0951,12575.1937,3.5
2026-03-12 01:00:00+00:00,2026-03-12 02:15:00+00:00,short,69969.57,69605.38,TP,880.2636,13455.4572,3.5
2026-03-12 04:55:00+00:00,2026-03-12 05:40:00+00:00,short,69372.0,69511.01,SL,-470.941,12984.5162,3.5
2026-03-12 08:35:00+00:00,2026-03-12 09:40:00+00:00,short,69821.34,70278.4,SL,-454.4581,12530.0581,3.5
2026-03-12 14:10:00+00:00,2026-03-12 14:15:00+00:00,long,70381.33,70141.9,SL,-438.552,12091.5061,3.5
2026-03-12 14:25:00+00:00,2026-03-12 14:35:00+00:00,short,69953.32,69577.62,TP,846.4054,12937.9115,3.5
2026-03-12 21:15:00+00:00,2026-03-12 22:15:00+00:00,long,70321.8,70155.48,SL,-452.8269,12485.0846,3.5
2026-03-12 23:00:00+00:00,2026-03-13 00:10:00+00:00,long,70413.27,71118.58,TP,873.9559,13359.0406,3.5
2026-03-13 03:50:00+00:00,2026-03-13 04:25:00+00:00,long,71471.72,71319.52,SL,-467.5664,12891.4741,3.5
2026-03-13 05:25:00+00:00,2026-03-13 06:25:00+00:00,long,71413.8,71241.61,SL,-451.2016,12440.2725,3.5
2026-03-13 07:10:00+00:00,2026-03-13 08:35:00+00:00,long,71423.43,72034.5,TP,870.8191,13311.0916,3.5
2026-03-13 09:45:00+00:00,2026-03-13 10:15:00+00:00,long,71985.59,72469.99,TP,931.7764,14242.868,3.5
2026-03-13 12:45:00+00:00,2026-03-13 13:15:00+00:00,long,72745.93,73235.37,TP,997.0008,15239.8688,3.5
2026-03-13 17:40:00+00:00,2026-03-13 20:10:00+00:00,short,71198.81,71353.0,SL,-533.3954,14706.4734,3.5
2026-03-13 21:25:00+00:00,2026-03-13 22:00:00+00:00,short,71165.41,70800.14,TP,1029.4531,15735.9265,3.5
2026-03-14 00:40:00+00:00,2026-03-14 01:00:00+00:00,short,70568.75,70743.95,SL,-550.7574,15185.1691,3.5
2026-03-14 02:40:00+00:00,2026-03-14 03:05:00+00:00,short,70770.33,70999.0,SL,-531.4809,14653.6882,3.5
2026-03-14 04:50:00+00:00,2026-03-14 06:20:00+00:00,short,71088.09,70794.3,TP,1025.7582,15679.4464,3.5
2026-03-14 07:50:00+00:00,2026-03-14 08:10:00+00:00,short,70514.13,70697.04,SL,-548.7806,15130.6657,3.5
2026-03-14 09:45:00+00:00,2026-03-14 11:00:00+00:00,short,70448.25,70645.05,SL,-529.5733,14601.0924,3.5
2026-03-14 12:30:00+00:00,2026-03-14 13:15:00+00:00,short,70725.95,70914.8,SL,-511.0382,14090.0542,3.5
2026-03-14 13:55:00+00:00,2026-03-14 15:35:00+00:00,short,70847.35,70563.71,TP,986.3038,15076.358,3.5
2026-03-14 17:50:00+00:00,2026-03-14 20:15:00+00:00,short,70590.02,70742.17,SL,-527.6725,14548.6855,3.5
2026-03-14 21:05:00+00:00,2026-03-14 23:00:00+00:00,short,70734.36,70879.55,SL,-509.204,14039.4815,3.5
2026-03-15 02:00:00+00:00,2026-03-15 02:45:00+00:00,long,71189.04,71624.08,TP,982.7637,15022.2452,3.5
2026-03-15 04:10:00+00:00,2026-03-15 06:35:00+00:00,long,71586.04,71420.43,SL,-525.7786,14496.4666,3.5
2026-03-15 07:10:00+00:00,2026-03-15 07:40:00+00:00,long,71612.56,71446.96,SL,-507.3763,13989.0903,3.5
2026-03-15 08:10:00+00:00,2026-03-15 09:05:00+00:00,long,71594.53,71919.6,TP,979.2363,14968.3266,3.5
2026-03-15 11:50:00+00:00,2026-03-15 12:10:00+00:00,long,71858.66,71702.74,SL,-523.8914,14444.4351,3.5
2026-03-15 13:50:00+00:00,2026-03-15 17:50:00+00:00,long,71522.68,71964.84,TP,1011.1105,15455.5456,3.5
2026-03-15 19:55:00+00:00,2026-03-15 20:35:00+00:00,long,71549.94,71853.9,TP,1081.8882,16537.4338,3.5
2026-03-15 22:35:00+00:00,2026-03-15 22:50:00+00:00,long,72310.71,72691.55,TP,1157.6204,17695.0542,3.5
2026-03-16 01:45:00+00:00,2026-03-16 02:25:00+00:00,long,72628.92,72451.44,SL,-619.3269,17075.7273,3.5
2026-03-16 03:15:00+00:00,2026-03-16 03:30:00+00:00,long,72602.25,73728.64,TP,1195.3009,18271.0282,3.5
2026-03-16 04:50:00+00:00,2026-03-16 04:55:00+00:00,long,74345.52,73835.62,SL,-639.486,17631.5422,3.5
2026-03-16 09:20:00+00:00,2026-03-16 10:50:00+00:00,long,73181.97,73566.82,TP,1234.208,18865.7501,3.5
2026-03-16 12:20:00+00:00,2026-03-16 13:30:00+00:00,long,73761.83,74313.66,TP,1320.6025,20186.3527,3.5
2026-03-16 15:20:00+00:00,2026-03-16 15:35:00+00:00,long,73859.72,73652.24,SL,-706.5223,19479.8303,3.5
2026-03-16 16:30:00+00:00,2026-03-16 16:45:00+00:00,long,73420.01,73729.37,TP,1363.5881,20843.4184,3.5
2026-03-16 20:40:00+00:00,2026-03-16 21:00:00+00:00,long,74041.62,74458.16,TP,1459.0393,22302.4577,3.5
2026-03-16 23:40:00+00:00,2026-03-17 00:00:00+00:00,long,74874.93,74715.26,SL,-780.586,21521.8717,3.5
2026-03-17 00:55:00+00:00,2026-03-17 01:00:00+00:00,long,75318.48,75134.31,SL,-753.2655,20768.6062,3.5
2026-03-17 05:45:00+00:00,2026-03-17 05:50:00+00:00,short,73872.56,74059.19,SL,-726.9012,20041.705,3.5
2026-03-17 08:20:00+00:00,2026-03-17 09:50:00+00:00,short,74273.83,73962.35,TP,1402.9193,21444.6243,3.5
2026-03-17 12:25:00+00:00,2026-03-17 13:35:00+00:00,short,73793.9,74036.16,SL,-750.5619,20694.0625,3.5
2026-03-17 13:50:00+00:00,2026-03-17 14:05:00+00:00,short,73560.0,73717.02,SL,-724.2922,19969.7703,3.5
2026-03-17 15:25:00+00:00,2026-03-17 16:15:00+00:00,short,74054.35,74226.36,SL,-698.942,19270.8283,3.5
2026-03-17 16:20:00+00:00,2026-03-17 16:30:00+00:00,long,74339.4,74111.7,SL,-674.479,18596.3493,3.5
2026-03-17 18:35:00+00:00,2026-03-17 20:00:00+00:00,long,74640.17,74437.16,SL,-650.8722,17945.4771,3.5
2026-03-17 21:10:00+00:00,2026-03-17 21:25:00+00:00,long,74705.09,74554.87,SL,-628.0917,17317.3854,3.5
2026-03-18 03:20:00+00:00,2026-03-18 04:20:00+00:00,long,74502.33,74323.76,SL,-606.1085,16711.2769,3.5
2026-03-18 07:00:00+00:00,2026-03-18 08:35:00+00:00,short,73944.01,74109.64,SL,-584.8947,16126.3822,3.5
2026-03-18 10:00:00+00:00,2026-03-18 11:00:00+00:00,short,74136.01,73828.02,TP,1128.8468,17255.229,3.5
2026-03-18 14:15:00+00:00,2026-03-18 14:40:00+00:00,short,71927.41,71493.45,TP,1207.866,18463.095,3.5
2026-03-18 18:30:00+00:00,2026-03-18 18:50:00+00:00,short,71486.21,71090.49,TP,1292.4166,19755.5117,3.5
2026-03-18 22:00:00+00:00,2026-03-18 23:30:00+00:00,short,71118.43,71321.73,SL,-691.4429,19064.0688,3.5
2026-03-19 00:10:00+00:00,2026-03-19 03:15:00+00:00,short,71179.85,71567.86,SL,-667.2424,18396.8263,3.5
2026-03-19 03:50:00+00:00,2026-03-19 04:05:00+00:00,short,71279.32,70840.01,TP,1287.7778,19684.6042,3.5
2026-03-19 05:30:00+00:00,2026-03-19 06:05:00+00:00,short,70706.11,70876.58,SL,-688.9611,18995.643,3.5
2026-03-19 06:35:00+00:00,2026-03-19 07:05:00+00:00,short,70704.0,70311.29,TP,1329.695,20325.3381,3.5
2026-03-19 10:35:00+00:00,2026-03-19 11:55:00+00:00,short,70237.11,69952.75,TP,1422.7737,21748.1117,3.5
2026-03-19 14:25:00+00:00,2026-03-19 14:30:00+00:00,short,69165.75,69329.56,SL,-761.1839,20986.9278,3.5
2026-03-19 15:25:00+00:00,2026-03-19 15:40:00+00:00,short,69206.82,68900.01,TP,1469.0849,22456.0128,3.5
2026-03-19 17:05:00+00:00,2026-03-19 17:15:00+00:00,short,69148.98,69445.35,SL,-785.9604,21670.0523,3.5
2026-03-19 18:30:00+00:00,2026-03-19 18:55:00+00:00,short,69655.14,69821.21,SL,-758.4518,20911.6005,3.5
2026-03-19 21:10:00+00:00,2026-03-19 21:30:00+00:00,long,70688.5,70478.29,SL,-731.906,20179.6945,3.5
2026-03-20 02:55:00+00:00,2026-03-20 03:30:00+00:00,long,70415.47,70697.77,TP,1412.5786,21592.2731,3.5
2026-03-20 07:25:00+00:00,2026-03-20 07:35:00+00:00,long,70451.32,70740.9,TP,1511.4591,23103.7322,3.5
2026-03-20 10:40:00+00:00,2026-03-20 11:35:00+00:00,long,70533.48,70338.69,SL,-808.6306,22295.1016,3.5
2026-03-20 11:40:00+00:00,2026-03-20 12:05:00+00:00,short,70395.29,70667.85,SL,-780.3286,21514.773,3.5
2026-03-20 12:30:00+00:00,2026-03-20 13:20:00+00:00,short,70360.74,70512.46,SL,-753.0171,20761.756,3.5
2026-03-20 13:30:00+00:00,2026-03-20 13:40:00+00:00,short,70020.7,70323.01,SL,-726.6615,20035.0945,3.5
2026-03-20 14:50:00+00:00,2026-03-20 15:25:00+00:00,short,69664.66,69826.4,SL,-701.2283,19333.8662,3.5
2026-03-20 16:40:00+00:00,2026-03-20 17:00:00+00:00,short,69771.65,69939.25,SL,-676.6853,18657.1809,3.5
2026-03-20 17:20:00+00:00,2026-03-20 17:55:00+00:00,short,69737.12,70000.0,SL,-653.0013,18004.1795,3.5
2026-03-20 18:30:00+00:00,2026-03-20 19:00:00+00:00,short,69691.88,69865.47,SL,-630.1463,17374.0333,3.5
2026-03-20 20:30:00+00:00,2026-03-20 20:45:00+00:00,short,69830.49,70044.61,SL,-608.0912,16765.9421,3.5
2026-03-21 00:20:00+00:00,2026-03-21 01:40:00+00:00,long,70689.06,70519.66,SL,-586.808,16179.1341,3.5
2026-03-21 02:25:00+00:00,2026-03-21 14:10:00+00:00,long,70644.57,71020.08,TP,1132.5394,17311.6735,3.5
2026-03-21 19:35:00+00:00,2026-03-21 20:35:00+00:00,short,70330.8,70480.5,SL,-605.9086,16705.7649,3.5
2026-03-21 21:10:00+00:00,2026-03-21 23:45:00+00:00,short,70373.24,69591.39,TP,1169.4035,17875.1685,3.5
2026-03-22 04:20:00+00:00,2026-03-22 07:40:00+00:00,short,69270.08,68951.59,TP,1251.2618,19126.4303,3.5
2026-03-22 10:40:00+00:00,2026-03-22 11:45:00+00:00,short,68620.11,68311.13,TP,1338.8501,20465.2804,3.5
2026-03-22 13:40:00+00:00,2026-03-22 14:10:00+00:00,short,68627.92,68780.0,SL,-716.2848,19748.9956,3.5
2026-03-22 14:50:00+00:00,2026-03-22 15:05:00+00:00,short,68698.29,68852.2,SL,-691.2148,19057.7807,3.5
2026-03-22 15:35:00+00:00,2026-03-22 18:35:00+00:00,short,68745.04,68462.1,TP,1334.0447,20391.8254,3.5
2026-03-22 21:00:00+00:00,2026-03-22 21:10:00+00:00,short,68090.59,67780.83,TP,1427.4278,21819.2532,3.5
2026-03-22 23:30:00+00:00,2026-03-23 00:35:00+00:00,short,68015.22,67604.19,TP,1527.3477,23346.6009,3.5
2026-03-23 03:25:00+00:00,2026-03-23 04:35:00+00:00,short,68204.2,68357.08,SL,-817.131,22529.4699,3.5
2026-03-23 05:55:00+00:00,2026-03-23 06:00:00+00:00,long,68899.92,68741.35,SL,-788.5314,21740.9384,3.5
2026-03-23 09:00:00+00:00,2026-03-23 10:00:00+00:00,short,68304.92,68448.0,SL,-760.9328,20980.0056,3.5
2026-03-23 13:40:00+00:00,2026-03-23 14:00:00+00:00,long,71219.99,71558.13,TP,1468.6004,22448.606,3.5
2026-03-23 16:45:00+00:00,2026-03-23 17:20:00+00:00,long,70649.16,70463.83,SL,-785.7012,21662.9048,3.5
2026-03-23 20:35:00+00:00,2026-03-23 22:00:00+00:00,long,70920.62,70610.92,SL,-758.2017,20904.7031,3.5
2026-03-23 22:55:00+00:00,2026-03-23 23:05:00+00:00,long,70780.22,70603.58,SL,-731.6646,20173.0385,3.5
2026-03-23 23:35:00+00:00,2026-03-24 01:35:00+00:00,long,70699.68,70457.72,SL,-706.0563,19466.9821,3.5
2026-03-24 02:25:00+00:00,2026-03-24 04:30:00+00:00,long,70559.73,70385.64,SL,-681.3444,18785.6378,3.5
2026-03-24 09:40:00+00:00,2026-03-24 11:00:00+00:00,long,71242.7,71015.7,SL,-657.4973,18128.1404,3.5
2026-03-24 11:45:00+00:00,2026-03-24 11:50:00+00:00,long,71281.15,71101.28,SL,-634.4849,17493.6555,3.5
2026-03-24 16:30:00+00:00,2026-03-24 16:35:00+00:00,short,69727.65,69403.04,TP,1224.5559,18718.2114,3.5
2026-03-24 19:40:00+00:00,2026-03-24 20:20:00+00:00,short,69445.56,69963.52,SL,-655.1374,18063.074,3.5
2026-03-24 21:20:00+00:00,2026-03-24 21:25:00+00:00,short,69902.14,70059.91,SL,-632.2076,17430.8664,3.5
2026-03-24 21:35:00+00:00,2026-03-24 22:05:00+00:00,long,70200.52,70512.41,TP,1220.1607,18651.0271,3.5
2026-03-24 23:20:00+00:00,2026-03-25 00:35:00+00:00,long,70542.27,70897.4,TP,1305.5719,19956.599,3.5
2026-03-25 03:35:00+00:00,2026-03-25 05:05:00+00:00,long,70767.74,71209.22,TP,1396.9619,21353.5609,3.5
2026-03-25 08:25:00+00:00,2026-03-25 08:30:00+00:00,long,71192.19,71494.94,TP,1494.7493,22848.3102,3.5
2026-03-25 10:05:00+00:00,2026-03-25 11:15:00+00:00,long,71396.05,71698.99,TP,1599.3817,24447.6919,3.5
2026-03-25 13:00:00+00:00,2026-03-25 13:55:00+00:00,long,71734.08,71581.42,SL,-855.6692,23592.0226,3.5
2026-03-25 17:15:00+00:00,2026-03-25 20:05:00+00:00,short,71026.32,70710.18,TP,1651.4416,25243.4642,3.5
2026-03-25 22:05:00+00:00,2026-03-25 22:30:00+00:00,short,70984.76,71220.61,SL,-883.5212,24359.943,3.5
2026-03-26 00:45:00+00:00,2026-03-26 00:50:00+00:00,long,71389.29,71232.4,SL,-852.598,23507.345,3.5
2026-03-26 03:20:00+00:00,2026-03-26 03:55:00+00:00,short,70759.77,70921.47,SL,-822.7571,22684.5879,3.5
2026-03-26 05:05:00+00:00,2026-03-26 05:50:00+00:00,short,70555.83,70115.31,TP,1587.9212,24272.5091,3.5
2026-03-26 08:20:00+00:00,2026-03-26 08:55:00+00:00,short,69874.53,70024.77,SL,-849.5378,23422.9712,3.5
2026-03-26 09:30:00+00:00,2026-03-26 10:15:00+00:00,short,69469.15,69661.65,SL,-819.804,22603.1672,3.5
2026-03-26 11:25:00+00:00,2026-03-26 13:05:00+00:00,short,69321.37,69504.1,SL,-791.1109,21812.0564,3.5
2026-03-26 13:35:00+00:00,2026-03-26 13:40:00+00:00,short,69317.01,69547.35,SL,-763.422,21048.6344,3.5
2026-03-26 14:45:00+00:00,2026-03-26 15:10:00+00:00,short,69437.28,68950.99,TP,1473.4044,22522.0388,3.5
2026-03-26 16:35:00+00:00,2026-03-26 17:00:00+00:00,short,68855.88,69007.61,SL,-788.2714,21733.7675,3.5
2026-03-26 17:50:00+00:00,2026-03-26 17:55:00+00:00,short,68762.64,68486.86,TP,1521.3637,23255.1312,3.5
2026-03-26 21:05:00+00:00,2026-03-26 21:20:00+00:00,short,68912.9,69146.67,SL,-813.9296,22441.2016,3.5
2026-03-27 00:30:00+00:00,2026-03-27 01:15:00+00:00,short,68730.29,68889.68,SL,-785.4421,21655.7595,3.5
2026-03-27 02:35:00+00:00,2026-03-27 04:00:00+00:00,short,68938.94,68543.87,TP,1515.9032,23171.6627,3.5
2026-03-27 06:55:00+00:00,2026-03-27 07:10:00+00:00,short,68656.15,68851.44,SL,-811.0082,22360.6545,3.5
2026-03-27 07:40:00+00:00,2026-03-27 08:25:00+00:00,short,68602.44,68239.13,TP,1565.2458,23925.9003,3.5
2026-03-27 10:35:00+00:00,2026-03-27 10:50:00+00:00,short,66984.09,66639.68,TP,1674.813,25600.7134,3.5
2026-03-27 13:50:00+00:00,2026-03-27 14:20:00+00:00,short,66238.62,65920.89,TP,1792.0499,27392.7633,3.5
2026-03-27 16:00:00+00:00,2026-03-27 17:05:00+00:00,short,65950.0,66170.01,SL,-958.7467,26434.0166,3.5
2026-03-27 17:30:00+00:00,2026-03-27 17:40:00+00:00,short,65898.66,65631.7,TP,1850.3812,28284.3977,3.5
2026-03-27 20:30:00+00:00,2026-03-27 20:45:00+00:00,short,65856.91,66012.85,SL,-989.9539,27294.4438,3.5
2026-03-27 21:45:00+00:00,2026-03-27 23:35:00+00:00,short,66100.81,66239.28,SL,-955.3055,26339.1383,3.5
2026-03-28 00:55:00+00:00,2026-03-28 01:10:00+00:00,short,66431.55,66154.94,TP,1843.7397,28182.878,3.5
2026-03-28 05:05:00+00:00,2026-03-28 05:20:00+00:00,short,66221.0,66362.13,SL,-986.4007,27196.4772,3.5
2026-03-28 06:45:00+00:00,2026-03-28 07:50:00+00:00,short,66365.36,66502.43,SL,-951.8767,26244.6005,3.5
2026-03-28 07:55:00+00:00,2026-03-28 08:40:00+00:00,long,66561.48,66421.61,SL,-918.561,25326.0395,3.5
2026-03-28 10:20:00+00:00,2026-03-28 12:10:00+00:00,short,66254.31,66406.28,SL,-886.4114,24439.6281,3.5
2026-03-28 15:20:00+00:00,2026-03-28 15:25:00+00:00,long,67242.88,67028.67,SL,-855.387,23584.2411,3.5
2026-03-28 18:05:00+00:00,2026-03-28 21:45:00+00:00,long,66924.0,66777.45,SL,-825.4484,22758.7927,3.5
2026-03-28 22:30:00+00:00,2026-03-28 23:05:00+00:00,long,66758.51,66583.99,SL,-796.5577,21962.235,3.5
2026-03-29 05:55:00+00:00,2026-03-29 07:00:00+00:00,long,66771.94,66606.76,SL,-768.6782,21193.5567,3.5
2026-03-29 09:15:00+00:00,2026-03-29 11:15:00+00:00,short,66667.26,66810.88,SL,-741.7745,20451.7823,3.5
2026-03-29 15:25:00+00:00,2026-03-29 16:15:00+00:00,short,66420.74,66632.3,SL,-715.8124,19735.9699,3.5
2026-03-29 17:00:00+00:00,2026-03-29 17:20:00+00:00,short,66482.15,66200.3,TP,1381.5179,21117.4878,3.5
2026-03-29 19:40:00+00:00,2026-03-29 20:15:00+00:00,short,66391.74,66554.0,SL,-739.1121,20378.3757,3.5
2026-03-29 21:05:00+00:00,2026-03-29 21:50:00+00:00,short,66558.3,66697.42,SL,-713.2431,19665.1325,3.5
2026-03-29 22:00:00+00:00,2026-03-29 22:40:00+00:00,short,66397.06,65684.25,TP,1376.5593,21041.6918,3.5
2026-03-30 02:40:00+00:00,2026-03-30 02:45:00+00:00,long,67038.75,67330.01,TP,1472.9184,22514.6103,3.5
2026-03-30 04:10:00+00:00,2026-03-30 05:05:00+00:00,long,67432.49,67752.94,TP,1576.0227,24090.633,3.5
2026-03-30 07:45:00+00:00,2026-03-30 08:00:00+00:00,long,67451.52,67778.82,TP,1686.3443,25776.9773,3.5
2026-03-30 10:55:00+00:00,2026-03-30 12:00:00+00:00,long,67488.53,67788.74,TP,1804.3884,27581.3657,3.5
2026-03-30 13:20:00+00:00,2026-03-30 13:25:00+00:00,long,68030.02,67878.85,SL,-965.3478,26616.0179,3.5
2026-03-30 14:55:00+00:00,2026-03-30 15:05:00+00:00,long,67799.54,67608.5,SL,-931.5606,25684.4573,3.5
2026-03-30 19:05:00+00:00,2026-03-30 20:05:00+00:00,short,66440.4,66637.81,SL,-898.956,24785.5013,3.5
2026-03-30 22:05:00+00:00,2026-03-30 23:05:00+00:00,short,66739.33,66463.89,TP,1734.9851,26520.4863,3.5
2026-03-31 00:15:00+00:00,2026-03-31 00:25:00+00:00,short,66614.08,66815.48,SL,-928.217,25592.2693,3.5
2026-03-31 05:30:00+00:00,2026-03-31 06:05:00+00:00,long,67682.96,67546.38,SL,-895.7294,24696.5399,3.5
2026-03-31 07:00:00+00:00,2026-03-31 07:10:00+00:00,long,67507.99,67294.69,SL,-864.3789,23832.161,3.5
2026-03-31 07:45:00+00:00,2026-03-31 08:30:00+00:00,long,67396.98,67145.28,SL,-834.1256,22998.0354,3.5
2026-03-31 12:55:00+00:00,2026-03-31 13:05:00+00:00,short,66653.26,66805.14,SL,-804.9312,22193.1041,3.5
2026-03-31 16:20:00+00:00,2026-03-31 16:30:00+00:00,long,67185.11,67032.0,SL,-776.7586,21416.3455,3.5
2026-03-31 20:05:00+00:00,2026-03-31 21:50:00+00:00,long,68053.55,68379.3,TP,1499.1442,22915.4897,3.5
2026-03-31 23:15:00+00:00,2026-04-01 00:00:00+00:00,long,68348.57,68197.33,SL,-802.0421,22113.4475,3.5
2026-04-01 00:50:00+00:00,2026-04-01 01:15:00+00:00,long,68293.43,68086.0,SL,-773.9707,21339.4769,3.5
2026-04-01 03:00:00+00:00,2026-04-01 03:05:00+00:00,long,67794.98,68070.01,TP,1493.7634,22833.2402,3.5
2026-04-01 06:10:00+00:00,2026-04-01 06:30:00+00:00,long,68649.99,68950.01,TP,1598.3268,24431.5671,3.5
2026-04-01 09:50:00+00:00,2026-04-01 10:10:00+00:00,long,68651.62,68509.26,SL,-855.1048,23576.4622,3.5
2026-04-01 10:45:00+00:00,2026-04-01 12:30:00+00:00,long,68583.01,68415.75,SL,-825.1762,22751.286,3.5
2026-04-01 13:20:00+00:00,2026-04-01 13:40:00+00:00,long,68474.01,68114.95,SL,-796.295,21954.991,3.5
2026-04-01 14:20:00+00:00,2026-04-01 15:20:00+00:00,long,68406.62,68800.0,TP,1536.8494,23491.8404,3.5
2026-04-01 16:40:00+00:00,2026-04-01 17:10:00+00:00,long,68937.66,68747.3,SL,-822.2144,22669.626,3.5
2026-04-01 22:00:00+00:00,2026-04-02 00:40:00+00:00,short,68276.27,68526.06,SL,-793.4369,21876.1891,3.5
2026-04-02 01:05:00+00:00,2026-04-02 01:15:00+00:00,short,68168.42,67598.0,TP,1531.3332,23407.5223,3.5
2026-04-02 04:40:00+00:00,2026-04-02 05:00:00+00:00,short,66287.03,66432.31,SL,-819.2633,22588.259,3.5
2026-04-02 08:15:00+00:00,2026-04-02 09:05:00+00:00,short,66684.75,66308.13,TP,1581.1781,24169.4372,3.5
2026-04-02 10:10:00+00:00,2026-04-02 10:30:00+00:00,short,66262.53,66439.45,SL,-845.9303,23323.5069,3.5
2026-04-02 11:40:00+00:00,2026-04-02 12:15:00+00:00,short,66340.0,66060.01,TP,1632.6455,24956.1523,3.5
2026-04-02 12:55:00+00:00,2026-04-02 13:55:00+00:00,short,66052.71,66270.87,SL,-873.4653,24082.687,3.5
2026-04-02 15:30:00+00:00,2026-04-02 15:35:00+00:00,short,66783.74,66928.45,SL,-842.894,23239.793,3.5
2026-04-02 16:40:00+00:00,2026-04-02 17:00:00+00:00,long,67172.97,66925.72,SL,-813.3928,22426.4002,3.5
2026-04-02 17:15:00+00:00,2026-04-02 17:30:00+00:00,long,67336.99,67028.64,SL,-784.924,21641.4762,3.5
2026-04-02 18:50:00+00:00,2026-04-02 20:00:00+00:00,long,67000.37,66849.68,SL,-757.4517,20884.0245,3.5
2026-04-02 20:25:00+00:00,2026-04-02 21:00:00+00:00,long,67052.99,66901.92,SL,-730.9409,20153.0837,3.5
2026-04-02 22:00:00+00:00,2026-04-03 00:15:00+00:00,long,66995.1,66844.77,SL,-705.3579,19447.7257,3.5
2026-04-03 01:35:00+00:00,2026-04-03 02:15:00+00:00,short,66514.17,66707.36,SL,-680.6704,18767.0553,3.5
2026-04-03 02:25:00+00:00,2026-04-03 03:05:00+00:00,short,66460.64,66604.33,SL,-656.8469,18110.2084,3.5
2026-04-03 04:30:00+00:00,2026-04-03 05:30:00+00:00,short,66537.7,66721.83,SL,-633.8573,17476.3511,3.5
2026-04-03 06:00:00+00:00,2026-04-03 06:35:00+00:00,short,66570.36,66719.84,SL,-611.6723,16864.6788,3.5
2026-04-03 10:50:00+00:00,2026-04-03 12:55:00+00:00,long,66869.66,66722.16,SL,-590.2638,16274.4151,3.5
2026-04-03 16:25:00+00:00,2026-04-03 17:15:00+00:00,long,66993.14,66806.16,SL,-569.6045,15704.8105,3.5
2026-04-03 18:25:00+00:00,2026-04-04 10:50:00+00:00,long,66882.24,67162.75,TP,1099.3367,16804.1473,3.5
2026-04-04 13:35:00+00:00,2026-04-04 14:35:00+00:00,long,67240.09,67077.28,SL,-588.1452,16216.0021,3.5
2026-04-04 15:05:00+00:00,2026-04-05 01:00:00+00:00,long,67305.67,67165.66,SL,-567.5601,15648.4421,3.5
2026-04-05 04:05:00+00:00,2026-04-05 06:05:00+00:00,short,67108.03,66704.81,TP,1095.3909,16743.833,3.5
2026-04-05 10:10:00+00:00,2026-04-05 10:35:00+00:00,short,66975.67,67117.73,SL,-586.0342,16157.7988,3.5
2026-04-05 10:55:00+00:00,2026-04-05 12:30:00+00:00,short,67046.01,66764.52,TP,1131.0459,17288.8448,3.5
2026-04-05 13:25:00+00:00,2026-04-05 13:35:00+00:00,short,66703.66,66842.14,SL,-605.1096,16683.7352,3.5
2026-04-05 17:55:00+00:00,2026-04-05 20:35:00+00:00,long,67373.64,67688.6,TP,1167.8615,17851.5967,3.5
2026-04-05 22:00:00+00:00,2026-04-05 22:10:00+00:00,long,67746.01,67534.8,SL,-624.8059,17226.7908,3.5
2026-04-05 22:40:00+00:00,2026-04-05 22:55:00+00:00,long,67964.31,68338.43,TP,1205.8754,18432.6661,3.5
2026-04-06 02:15:00+00:00,2026-04-06 03:15:00+00:00,long,69255.33,69083.47,SL,-645.1433,17787.5228,3.5
2026-04-06 04:45:00+00:00,2026-04-06 06:25:00+00:00,long,69151.34,68844.9,SL,-622.5633,17164.9595,3.5
2026-04-06 07:20:00+00:00,2026-04-06 09:10:00+00:00,long,69086.29,69633.59,TP,1201.5472,18366.5067,3.5
2026-04-06 13:25:00+00:00,2026-04-06 13:35:00+00:00,long,69474.58,69306.0,SL,-642.8277,17723.6789,3.5
2026-04-06 13:50:00+00:00,2026-04-06 14:00:00+00:00,long,69431.27,69202.38,SL,-620.3288,17103.3502,3.5
2026-04-06 14:15:00+00:00,2026-04-06 15:30:00+00:00,long,69467.95,69759.22,TP,1197.2345,18300.5847,3.5
2026-04-06 18:10:00+00:00,2026-04-06 21:35:00+00:00,long,69754.97,69527.49,SL,-640.5205,17660.0642,3.5
2026-04-07 01:05:00+00:00,2026-04-07 01:15:00+00:00,short,68591.15,68762.68,SL,-618.1022,17041.962,3.5
2026-04-07 01:45:00+00:00,2026-04-07 03:00:00+00:00,short,68550.0,68698.0,SL,-596.4687,16445.4933,3.5
2026-04-07 04:10:00+00:00,2026-04-07 04:30:00+00:00,short,68674.44,68818.05,SL,-575.5923,15869.901,3.5
2026-04-07 05:20:00+00:00,2026-04-07 08:40:00+00:00,short,68752.46,68919.01,SL,-555.4465,15314.4545,3.5
2026-04-07 13:45:00+00:00,2026-04-07 13:50:00+00:00,short,68289.2,68439.54,SL,-536.0059,14778.4486,3.5
2026-04-07 19:45:00+00:00,2026-04-07 20:00:00+00:00,long,68822.34,69368.91,TP,1034.4914,15812.94,3.5
2026-04-07 21:05:00+00:00,2026-04-07 21:20:00+00:00,long,69895.51,69752.56,SL,-553.4529,15259.4871,3.5
2026-04-08 03:30:00+00:00,2026-04-08 05:15:00+00:00,long,71395.06,71693.57,TP,1068.1641,16327.6512,3.5
2026-04-08 06:15:00+00:00,2026-04-08 06:55:00+00:00,long,71880.05,71732.69,SL,-571.4678,15756.1834,3.5
2026-04-08 08:15:00+00:00,2026-04-08 09:40:00+00:00,long,71805.6,71593.29,SL,-551.4664,15204.717,3.5
2026-04-08 11:10:00+00:00,2026-04-08 11:35:00+00:00,long,71636.84,71488.92,SL,-532.1651,14672.5519,3.5
2026-04-08 11:50:00+00:00,2026-04-08 12:55:00+00:00,long,71722.01,72071.95,TP,1027.0786,15699.6305,3.5
2026-04-09 00:20:00+00:00,2026-04-09 01:05:00+00:00,short,70935.55,70576.83,TP,1098.9741,16798.6047,3.5
2026-04-09 03:20:00+00:00,2026-04-09 08:35:00+00:00,short,70986.62,71142.41,SL,-587.9512,16210.6535,3.5
2026-04-09 09:45:00+00:00,2026-04-09 11:10:00+00:00,long,71355.1,71193.88,SL,-567.3729,15643.2806,3.5
2026-04-09 12:25:00+00:00,2026-04-09 13:10:00+00:00,long,71275.99,71114.55,SL,-547.5148,15095.7658,3.5
2026-04-09 17:10:00+00:00,2026-04-09 17:30:00+00:00,long,72481.24,72183.26,SL,-528.3518,14567.414,3.5
2026-04-09 19:40:00+00:00,2026-04-09 20:30:00+00:00,long,72116.21,72436.32,TP,1019.719,15587.133,3.5
2026-04-09 22:10:00+00:00,2026-04-09 22:15:00+00:00,long,72512.39,72810.0,TP,1091.0993,16678.2323,3.5
2026-04-10 00:10:00+00:00,2026-04-10 00:15:00+00:00,long,71816.0,71623.3,SL,-583.7381,16094.4942,3.5
2026-04-10 00:25:00+00:00,2026-04-10 01:30:00+00:00,long,71836.95,72173.48,TP,1126.6146,17221.1088,3.5
2026-04-10 04:05:00+00:00,2026-04-10 05:20:00+00:00,long,71929.41,72222.53,TP,1205.4776,18426.5864,3.5
2026-04-10 10:25:00+00:00,2026-04-10 10:50:00+00:00,short,71730.82,71899.89,SL,-644.9305,17781.6558,3.5
2026-04-10 12:40:00+00:00,2026-04-10 13:30:00+00:00,long,72315.35,72102.62,SL,-622.358,17159.2979,3.5
2026-04-10 14:00:00+00:00,2026-04-10 14:15:00+00:00,long,72432.86,72758.57,TP,1201.1509,18360.4487,3.5
2026-04-10 16:50:00+00:00,2026-04-10 19:55:00+00:00,long,72903.22,73236.11,TP,1285.2314,19645.6802,3.5
2026-04-10 20:50:00+00:00,2026-04-10 21:10:00+00:00,long,73279.0,73079.24,SL,-687.5988,18958.0814,3.5
2026-04-10 23:30:00+00:00,2026-04-11 01:15:00+00:00,long,72897.87,72736.96,SL,-663.5328,18294.5485,3.5
2026-04-11 01:30:00+00:00,2026-04-11 04:15:00+00:00,long,72900.28,72734.36,SL,-640.3092,17654.2393,3.5
2026-04-11 05:25:00+00:00,2026-04-11 06:05:00+00:00,long,72810.15,72662.15,SL,-617.8984,17036.3409,3.5
2026-04-11 07:50:00+00:00,2026-04-11 09:20:00+00:00,short,72696.91,72849.11,SL,-596.2719,16440.069,3.5
2026-04-11 11:50:00+00:00,2026-04-11 13:05:00+00:00,long,72911.99,72752.17,SL,-575.4024,15864.6666,3.5
2026-04-11 18:25:00+00:00,2026-04-11 18:35:00+00:00,long,73196.53,73582.51,TP,1110.5267,16975.1932,3.5
2026-04-11 21:40:00+00:00,2026-04-11 22:35:00+00:00,long,73437.07,73289.72,SL,-594.1318,16381.0615,3.5
2026-04-12 01:30:00+00:00,2026-04-12 01:35:00+00:00,short,72606.01,72242.03,TP,1146.6743,17527.7358,3.5
2026-04-12 06:50:00+00:00,2026-04-12 12:05:00+00:00,short,71658.91,71368.24,TP,1226.9415,18754.6773,3.5
2026-04-12 12:30:00+00:00,2026-04-12 13:00:00+00:00,short,71357.04,71010.01,TP,1312.8274,20067.5047,3.5
2026-04-12 14:45:00+00:00,2026-04-12 15:50:00+00:00,short,70770.01,70916.79,SL,-702.3627,19365.142,3.5
2026-04-12 18:45:00+00:00,2026-04-12 20:40:00+00:00,short,71118.45,71321.85,SL,-677.78,18687.3621,3.5
2026-04-12 21:45:00+00:00,2026-04-12 22:00:00+00:00,short,71225.1,70752.6,TP,1308.1153,19995.4774,3.5
2026-04-12 23:45:00+00:00,2026-04-12 23:55:00+00:00,short,70594.68,70740.98,SL,-699.8417,19295.6357,3.5
2026-04-13 01:45:00+00:00,2026-04-13 05:05:00+00:00,short,71138.86,70817.47,TP,1350.6945,20646.3302,3.5
2026-04-13 07:10:00+00:00,2026-04-13 08:40:00+00:00,short,70896.13,70600.01,TP,1445.2431,22091.5733,3.5
2026-04-13 10:50:00+00:00,2026-04-13 11:10:00+00:00,short,70722.13,70870.78,SL,-773.2051,21318.3682,3.5
2026-04-13 12:25:00+00:00,2026-04-13 12:50:00+00:00,short,70862.06,71208.05,SL,-746.1429,20572.2254,3.5
2026-04-13 13:35:00+00:00,2026-04-13 13:40:00+00:00,short,70845.26,71038.44,SL,-720.0279,19852.1975,3.5
2026-04-13 13:45:00+00:00,2026-04-13 14:40:00+00:00,long,71616.45,71989.14,TP,1389.6538,21241.8513,3.5
2026-04-13 16:20:00+00:00,2026-04-13 19:15:00+00:00,long,72222.87,72542.56,TP,1486.9296,22728.7809,3.5
2026-04-13 22:10:00+00:00,2026-04-13 22:15:00+00:00,long,73753.26,74188.8,TP,1591.0147,24319.7955,3.5
2026-04-14 01:50:00+00:00,2026-04-14 05:50:00+00:00,long,74404.6,74220.88,SL,-851.1928,23468.6027,3.5
2026-04-14 06:15:00+00:00,2026-04-14 07:05:00+00:00,long,74399.99,74917.65,TP,1642.8022,25111.4049,3.5
2026-04-14 08:30:00+00:00,2026-04-14 08:40:00+00:00,long,74806.67,74653.38,SL,-878.8992,24232.5057,3.5
2026-04-14 11:45:00+00:00,2026-04-14 13:30:00+00:00,long,74422.6,74743.36,TP,1696.2754,25928.7811,3.5
2026-04-14 15:50:00+00:00,2026-04-14 16:20:00+00:00,long,75433.2,75214.0,SL,-907.5073,25021.2738,3.5
2026-04-14 18:00:00+00:00,2026-04-14 18:20:00+00:00,long,74768.28,74491.47,SL,-875.7446,24145.5292,3.5
2026-04-14 18:30:00+00:00,2026-04-14 18:45:00+00:00,short,74419.41,73857.55,TP,1690.187,25835.7162,3.5
2026-04-14 21:30:00+00:00,2026-04-14 21:50:00+00:00,short,74051.01,74213.57,SL,-904.2501,24931.4662,3.5
2026-04-14 22:25:00+00:00,2026-04-14 22:50:00+00:00,short,73911.82,74070.74,SL,-872.6013,24058.8649,3.5
2026-04-15 05:10:00+00:00,2026-04-15 05:35:00+00:00,short,74207.36,73888.01,TP,1684.1205,25742.9854,3.5
2026-04-15 07:15:00+00:00,2026-04-15 08:10:00+00:00,short,73639.27,73846.59,SL,-901.0045,24841.9809,3.5
2026-04-15 09:30:00+00:00,2026-04-15 10:05:00+00:00,short,73930.97,74134.38,SL,-869.4693,23972.5116,3.5
2026-04-15 10:20:00+00:00,2026-04-15 11:50:00+00:00,short,73979.09,74222.75,SL,-839.0379,23133.4737,3.5
2026-04-15 14:20:00+00:00,2026-04-15 14:35:00+00:00,long,74426.29,73996.62,SL,-809.6716,22323.8021,3.5
2026-04-15 14:40:00+00:00,2026-04-15 14:50:00+00:00,short,73962.75,74154.47,SL,-781.3331,21542.469,3.5
2026-04-15 15:10:00+00:00,2026-04-15 15:20:00+00:00,long,74275.11,74044.18,SL,-753.9864,20788.4826,3.5
2026-04-15 16:50:00+00:00,2026-04-15 17:00:00+00:00,short,73842.77,74073.59,SL,-727.5969,20060.8857,3.5
2026-04-15 22:00:00+00:00,2026-04-15 23:00:00+00:00,long,74999.24,74820.01,SL,-702.131,19358.7547,3.5
2026-04-16 00:35:00+00:00,2026-04-16 01:05:00+00:00,long,74774.37,74595.99,SL,-677.5564,18681.1983,3.5
2026-04-16 01:40:00+00:00,2026-04-16 02:35:00+00:00,long,74688.0,75048.63,TP,1307.6839,19988.8822,3.5
2026-04-16 04:40:00+00:00,2026-04-16 04:45:00+00:00,long,75109.36,74826.01,SL,-699.6109,19289.2713,3.5
2026-04-16 05:20:00+00:00,2026-04-16 07:30:00+00:00,long,75045.78,74888.7,SL,-675.1245,18614.1468,3.5
2026-04-16 09:50:00+00:00,2026-04-16 10:45:00+00:00,short,74649.99,74277.34,TP,1302.9903,19917.1371,3.5
2026-04-16 12:55:00+00:00,2026-04-16 13:10:00+00:00,short,74624.0,74819.06,SL,-697.0998,19220.0373,3.5
2026-04-16 13:40:00+00:00,2026-04-16 13:50:00+00:00,short,74601.26,73432.33,TP,1345.4026,20565.4399,3.5
2026-04-16 16:30:00+00:00,2026-04-16 17:10:00+00:00,short,74312.01,73963.24,TP,1439.5808,22005.0207,3.5
2026-04-16 23:05:00+00:00,2026-04-17 01:20:00+00:00,long,74989.24,74683.71,SL,-770.1757,21234.845,3.5
2026-04-17 05:05:00+00:00,2026-04-17 06:10:00+00:00,short,74593.79,74757.62,SL,-743.2196,20491.6254,3.5
2026-04-17 08:30:00+00:00,2026-04-17 08:50:00+00:00,long,75351.97,75760.77,TP,1434.4138,21926.0392,3.5
2026-04-17 11:30:00+00:00,2026-04-17 11:40:00+00:00,long,75555.49,75391.7,SL,-767.4114,21158.6278,3.5
2026-04-17 18:40:00+00:00,2026-04-17 18:50:00+00:00,long,77377.45,77180.3,SL,-740.552,20418.0758,3.5
2026-04-17 19:10:00+00:00,2026-04-17 20:00:00+00:00,long,77233.44,77562.95,TP,1429.2653,21847.3411,3.5
2026-04-17 21:10:00+00:00,2026-04-17 23:05:00+00:00,long,77381.04,77211.0,SL,-764.6569,21082.6842,3.5
2026-04-18 00:00:00+00:00,2026-04-18 00:40:00+00:00,long,77175.63,77018.01,SL,-737.8939,20344.7902,3.5
2026-04-18 02:10:00+00:00,2026-04-18 03:50:00+00:00,long,77294.67,77009.97,SL,-712.0677,19632.7226,3.5
2026-04-18 04:50:00+00:00,2026-04-18 08:10:00+00:00,long,77090.94,76803.51,SL,-687.1453,18945.5773,3.5
2026-04-18 10:05:00+00:00,2026-04-18 11:35:00+00:00,short,76260.01,75826.46,TP,1326.1904,20271.7677,3.5
2026-04-18 13:30:00+00:00,2026-04-18 14:10:00+00:00,short,75999.29,76169.33,SL,-709.5119,19562.2558,3.5
2026-04-18 15:35:00+00:00,2026-04-18 17:05:00+00:00,short,76186.85,75868.16,TP,1369.3579,20931.6137,3.5
2026-04-18 18:00:00+00:00,2026-04-19 03:00:00+00:00,short,75773.13,75456.98,TP,1465.213,22396.8267,3.5
2026-04-19 04:40:00+00:00,2026-04-19 07:05:00+00:00,short,75535.22,75230.31,TP,1567.7779,23964.6046,3.5
2026-04-19 09:20:00+00:00,2026-04-19 10:50:00+00:00,short,75042.49,75195.11,SL,-838.7612,23125.8434,3.5
2026-04-19 12:25:00+00:00,2026-04-19 13:00:00+00:00,short,75520.0,75676.43,SL,-809.4045,22316.4389,3.5
2026-04-19 13:05:00+00:00,2026-04-19 14:45:00+00:00,long,75770.0,76096.0,TP,1562.1507,23878.5896,3.5
2026-04-19 20:15:00+00:00,2026-04-19 20:30:00+00:00,short,74680.0,74863.24,SL,-835.7506,23042.839,3.5
2026-04-19 20:40:00+00:00,2026-04-19 20:50:00+00:00,short,74537.0,74698.62,SL,-806.4994,22236.3396,3.5
2026-04-19 21:50:00+00:00,2026-04-19 22:00:00+00:00,short,74405.61,73886.32,TP,1556.5438,23792.8834,3.5
2026-04-20 02:10:00+00:00,2026-04-20 03:40:00+00:00,short,74393.71,74575.64,SL,-832.7509,22960.1325,3.5
2026-04-20 04:10:00+00:00,2026-04-20 05:20:00+00:00,short,74506.78,74150.0,TP,1607.2093,24567.3417,3.5
2026-04-20 09:10:00+00:00,2026-04-20 10:10:00+00:00,long,75032.24,75342.96,TP,1719.7139,26287.0557,3.5
2026-04-20 12:10:00+00:00,2026-04-20 13:00:00+00:00,long,75354.1,75201.62,SL,-920.0469,25367.0087,3.5
2026-04-20 14:20:00+00:00,2026-04-20 14:40:00+00:00,long,75524.11,75329.8,SL,-887.8453,24479.1634,3.5
2026-04-20 15:25:00+00:00,2026-04-20 15:30:00+00:00,long,75754.4,75576.28,SL,-856.7707,23622.3927,3.5
2026-04-20 17:10:00+00:00,2026-04-20 18:00:00+00:00,long,75644.87,76071.4,TP,1653.5675,25275.9602,3.5
2026-04-20 18:50:00+00:00,2026-04-20 19:15:00+00:00,long,76408.24,76232.01,SL,-884.6586,24391.3016,3.5
2026-04-20 22:05:00+00:00,2026-04-20 23:00:00+00:00,long,76052.48,75818.4,SL,-853.6956,23537.606,3.5
2026-04-20 23:45:00+00:00,2026-04-21 01:05:00+00:00,long,75866.01,76180.01,TP,1647.6324,25185.2384,3.5
2026-04-21 06:30:00+00:00,2026-04-21 07:00:00+00:00,long,76066.69,75888.93,SL,-881.4833,24303.7551,3.5
2026-04-21 08:20:00+00:00,2026-04-21 08:45:00+00:00,long,76332.1,76659.01,TP,1701.2629,26005.0179,3.5
2026-04-21 10:20:00+00:00,2026-04-21 11:10:00+00:00,long,76572.0,76405.37,SL,-910.1756,25094.8423,3.5
2026-04-21 15:00:00+00:00,2026-04-21 15:15:00+00:00,short,75676.3,75979.01,SL,-878.3195,24216.5228,3.5
2026-04-21 17:00:00+00:00,2026-04-21 17:15:00+00:00,short,75742.38,75101.3,TP,1695.1566,25911.6794,3.5
2026-04-21 19:35:00+00:00,2026-04-21 19:40:00+00:00,short,75255.19,74866.0,TP,1813.8176,27725.497,3.5
2026-04-21 21:25:00+00:00,2026-04-21 23:00:00+00:00,short,75577.84,75757.37,SL,-970.3924,26755.1046,3.5
2026-04-22 02:10:00+00:00,2026-04-22 02:25:00+00:00,long,76739.94,77239.56,TP,1872.8573,28627.9619,3.5
2026-04-22 05:20:00+00:00,2026-04-22 05:35:00+00:00,long,78225.33,78034.37,SL,-1001.9787,27625.9833,3.5
2026-04-22 08:05:00+00:00,2026-04-22 08:40:00+00:00,long,78106.14,77944.2,SL,-966.9094,26659.0738,3.5
2026-04-22 09:25:00+00:00,2026-04-22 09:50:00+00:00,long,78157.12,77999.86,SL,-933.0676,25726.0063,3.5
2026-04-22 10:30:00+00:00,2026-04-22 13:40:00+00:00,long,78167.84,78616.93,TP,1800.8204,27526.8267,3.5
2026-04-22 15:35:00+00:00,2026-04-22 16:20:00+00:00,long,79259.99,78989.91,SL,-963.4389,26563.3878,3.5
2026-04-22 17:50:00+00:00,2026-04-22 19:00:00+00:00,long,78994.4,78785.89,SL,-929.7186,25633.6692,3.5
2026-04-22 19:25:00+00:00,2026-04-22 19:40:00+00:00,long,79027.6,78860.1,SL,-897.1784,24736.4908,3.5
2026-04-22 21:15:00+00:00,2026-04-22 23:20:00+00:00,long,78575.77,78240.89,SL,-865.7772,23870.7136,3.5
2026-04-23 01:15:00+00:00,2026-04-23 01:45:00+00:00,short,78150.0,78382.63,SL,-835.475,23035.2386,3.5
2026-04-23 02:15:00+00:00,2026-04-23 03:10:00+00:00,short,78106.01,77725.09,TP,1612.4667,24647.7053,3.5
2026-04-23 05:35:00+00:00,2026-04-23 05:45:00+00:00,short,77794.13,77985.13,SL,-862.6697,23785.0356,3.5
2026-04-23 10:05:00+00:00,2026-04-23 11:00:00+00:00,short,77300.0,77495.3,SL,-832.4762,22952.5594,3.5
2026-04-23 13:10:00+00:00,2026-04-23 14:30:00+00:00,short,77661.49,77822.0,SL,-803.3396,22149.2198,3.5
2026-04-23 18:05:00+00:00,2026-04-23 18:55:00+00:00,long,77961.94,77678.65,SL,-775.2227,21373.9971,3.5
2026-04-23 19:00:00+00:00,2026-04-23 19:15:00+00:00,short,77625.72,77828.58,SL,-748.0899,20625.9072,3.5
2026-04-23 19:30:00+00:00,2026-04-23 20:05:00+00:00,short,77704.58,77898.09,SL,-721.9068,19904.0005,3.5
2026-04-24 00:10:00+00:00,2026-04-24 01:15:00+00:00,long,78295.92,78078.94,SL,-696.64,19207.3604,3.5
2026-04-24 01:50:00+00:00,2026-04-24 02:50:00+00:00,long,78396.15,78146.01,SL,-672.2576,18535.1028,3.5
2026-04-24 04:35:00+00:00,2026-04-24 04:45:00+00:00,short,77576.0,77735.27,SL,-648.7286,17886.3742,3.5
2026-04-24 06:55:00+00:00,2026-04-24 09:05:00+00:00,short,77789.75,77441.97,TP,1252.0462,19138.4204,3.5
2026-04-24 14:55:00+00:00,2026-04-24 15:00:00+00:00,long,78037.64,77850.0,SL,-669.8447,18468.5757,3.5
2026-04-24 15:05:00+00:00,2026-04-24 15:20:00+00:00,short,77632.04,77819.34,SL,-646.4002,17822.1756,3.5
2026-04-24 15:40:00+00:00,2026-04-24 16:10:00+00:00,long,77983.7,77792.45,SL,-623.7761,17198.3994,3.5
2026-04-24 16:20:00+00:00,2026-04-24 18:15:00+00:00,short,77746.47,77415.79,TP,1203.888,18402.2874,3.5
2026-04-24 20:20:00+00:00,2026-04-24 20:55:00+00:00,short,77513.52,77718.31,SL,-644.0801,17758.2073,3.5
2026-04-24 21:30:00+00:00,2026-04-24 22:35:00+00:00,short,77614.32,77303.31,TP,1243.0745,19001.2818,3.5
2026-04-25 00:25:00+00:00,2026-04-25 01:10:00+00:00,short,77318.99,77514.19,SL,-665.0449,18336.237,3.5
2026-04-25 03:05:00+00:00,2026-04-25 09:50:00+00:00,short,77600.0,77761.35,SL,-641.7683,17694.4687,3.5
2026-04-25 13:10:00+00:00,2026-04-25 15:50:00+00:00,long,77645.35,77332.07,SL,-619.3064,17075.1623,3.5
