entry_time,exit_time,direction,entry_fill,exit_fill,result,pnl,capital,risk_pct
2023-04-26 23:35:00+00:00,2023-04-27 00:15:00+00:00,short,28311.53,28597.5,SL,-1.0101,98.9899,1.0
2023-04-27 12:30:00+00:00,2023-04-27 15:20:00+00:00,short,28852.54,29143.98,SL,-0.9999,97.99,1.0
2023-04-27 17:10:00+00:00,2023-05-01 01:35:00+00:00,long,29176.96,28882.3,SL,-0.9896,97.0004,1.0
2023-05-01 05:40:00+00:00,2023-05-02 18:45:00+00:00,short,28418.68,28705.73,SL,-0.9798,96.0206,1.0
2023-05-03 08:30:00+00:00,2023-05-03 12:40:00+00:00,long,28744.19,28453.91,SL,-0.9697,95.0509,1.0
2023-05-03 14:35:00+00:00,2023-05-03 16:55:00+00:00,short,28183.07,28467.75,SL,-0.9601,94.0908,1.0
2023-05-03 20:40:00+00:00,2023-05-03 21:10:00+00:00,short,28320.9,28606.97,SL,-0.9504,93.1404,1.0
2023-05-04 01:55:00+00:00,2023-05-04 13:35:00+00:00,long,29073.58,28779.96,SL,-0.9406,92.1997,1.0
2023-05-04 22:55:00+00:00,2023-05-05 01:30:00+00:00,short,28777.02,29067.7,SL,-0.9313,91.2684,1.0
2023-05-05 11:05:00+00:00,2023-05-06 14:05:00+00:00,long,29107.98,28814.02,SL,-0.9217,90.3467,1.0
2023-05-07 11:15:00+00:00,2023-05-08 07:45:00+00:00,short,28776.31,27915.81,TP,2.7016,93.0484,1.0
2023-05-08 14:05:00+00:00,2023-05-10 12:45:00+00:00,short,27776.08,28056.65,SL,-0.9399,92.1085,1.0
2023-05-10 16:15:00+00:00,2023-05-10 17:10:00+00:00,long,28271.94,27986.42,SL,-0.9302,91.1783,1.0
2023-05-11 00:00:00+00:00,2023-05-12 02:30:00+00:00,short,27588.01,26763.05,TP,2.7265,93.9048,1.0
2023-05-12 05:40:00+00:00,2023-05-12 22:10:00+00:00,short,26572.74,26841.15,SL,-0.9485,92.9562,1.0
2023-05-12 23:55:00+00:00,2023-05-15 17:10:00+00:00,long,26797.69,27598.86,TP,2.7791,95.7354,1.0
2023-05-16 01:15:00+00:00,2023-05-17 19:45:00+00:00,short,27127.86,27401.88,SL,-0.967,94.7683,1.0
2023-05-17 23:05:00+00:00,2023-05-18 15:55:00+00:00,long,27390.73,27114.11,SL,-0.9571,93.8113,1.0
2023-05-18 17:35:00+00:00,2023-05-20 17:50:00+00:00,short,26808.35,27079.14,SL,-0.9476,92.8637,1.0
2023-05-21 00:40:00+00:00,2023-05-21 11:50:00+00:00,long,27113.95,26840.13,SL,-0.9378,91.9258,1.0
2023-05-21 17:45:00+00:00,2023-05-23 02:55:00+00:00,short,26842.14,27113.27,SL,-0.9285,90.9973,1.0
2023-05-23 20:30:00+00:00,2023-05-24 14:05:00+00:00,short,27151.25,26339.35,TP,2.7211,93.7184,1.0
2023-05-24 16:40:00+00:00,2023-05-25 19:10:00+00:00,short,26188.68,26453.21,SL,-0.9466,92.7717,1.0
2023-05-25 23:05:00+00:00,2023-05-28 16:05:00+00:00,long,26481.97,27273.7,TP,2.7736,95.5453,1.0
2023-05-28 17:30:00+00:00,2023-05-28 23:10:00+00:00,long,27293.14,28109.12,TP,2.8565,98.4019,1.0
2023-05-29 00:15:00+00:00,2023-05-29 03:20:00+00:00,long,28353.41,28067.06,SL,-0.9938,97.4081,1.0
2023-05-29 14:00:00+00:00,2023-05-29 15:55:00+00:00,long,27913.25,27631.36,SL,-0.9837,96.4244,1.0
2023-05-29 18:45:00+00:00,2023-05-30 03:15:00+00:00,short,27635.03,27914.17,SL,-0.974,95.4504,1.0
2023-05-30 11:55:00+00:00,2023-05-30 14:30:00+00:00,long,28024.2,27741.19,SL,-0.964,94.4864,1.0
2023-05-30 23:15:00+00:00,2023-06-01 02:45:00+00:00,short,27678.62,26850.95,TP,2.8254,97.3119,1.0
2023-06-01 07:50:00+00:00,2023-06-01 16:55:00+00:00,short,26784.4,27054.95,SL,-0.9829,96.3289,1.0
2023-06-01 18:15:00+00:00,2023-06-01 19:30:00+00:00,long,27031.56,26758.57,SL,-0.9728,95.3561,1.0
2023-06-02 04:20:00+00:00,2023-06-05 06:55:00+00:00,long,27037.96,26764.91,SL,-0.963,94.3931,1.0
2023-06-05 10:15:00+00:00,2023-06-05 16:00:00+00:00,short,26741.88,25942.21,TP,2.8226,97.2157,1.0
2023-06-05 19:25:00+00:00,2023-06-05 22:20:00+00:00,short,25446.71,25703.74,SL,-0.982,96.2337,1.0
2023-06-06 16:00:00+00:00,2023-06-06 19:45:00+00:00,long,26172.22,26954.69,TP,2.8771,99.1108,1.0
2023-06-06 22:35:00+00:00,2023-06-07 03:25:00+00:00,long,27112.13,26838.33,SL,-1.0009,98.1099,1.0
2023-06-07 12:40:00+00:00,2023-06-07 14:20:00+00:00,long,26865.06,26593.75,SL,-0.9908,97.1191,1.0
2023-06-07 15:50:00+00:00,2023-06-08 14:30:00+00:00,short,26320.94,26586.81,SL,-0.981,96.1381,1.0
2023-06-09 04:20:00+00:00,2023-06-09 13:10:00+00:00,short,26432.28,26699.27,SL,-0.9711,95.167,1.0
2023-06-09 14:25:00+00:00,2023-06-09 19:25:00+00:00,long,26688.88,26419.35,SL,-0.9611,94.2059,1.0
2023-06-09 20:05:00+00:00,2023-06-10 05:15:00+00:00,short,26395.13,25605.84,TP,2.817,97.023,1.0
2023-06-10 05:50:00+00:00,2023-06-10 17:15:00+00:00,short,25489.39,25746.86,SL,-0.98,96.0429,1.0
2023-06-11 09:55:00+00:00,2023-06-11 17:05:00+00:00,short,25703.69,25963.32,SL,-0.9701,95.0728,1.0
2023-06-11 19:20:00+00:00,2023-06-11 22:40:00+00:00,long,26075.9,25812.56,SL,-0.9601,94.1127,1.0
2023-06-12 02:00:00+00:00,2023-06-12 02:45:00+00:00,long,25957.2,25695.05,SL,-0.9504,93.1622,1.0
2023-06-12 05:45:00+00:00,2023-06-12 09:05:00+00:00,short,25781.43,26041.85,SL,-0.941,92.2212,1.0
2023-06-12 12:00:00+00:00,2023-06-14 20:05:00+00:00,long,25981.11,25718.72,SL,-0.9313,91.2899,1.0
2023-06-15 03:05:00+00:00,2023-06-15 18:50:00+00:00,short,25057.77,25310.88,SL,-0.9221,90.3677,1.0
2023-06-15 21:00:00+00:00,2023-06-16 14:45:00+00:00,long,25607.77,25349.16,SL,-0.9126,89.4551,1.0
2023-06-16 22:15:00+00:00,2023-06-20 16:20:00+00:00,long,26386.51,27175.39,TP,2.6744,92.1296,1.0
2023-06-20 17:45:00+00:00,2023-06-21 01:00:00+00:00,long,27844.7,28677.18,TP,2.7544,94.884,1.0
2023-06-21 04:55:00+00:00,2023-06-21 15:15:00+00:00,long,28788.41,29649.1,TP,2.8367,97.7207,1.0
2023-06-21 18:20:00+00:00,2023-06-21 20:45:00+00:00,long,30264.71,29959.06,SL,-0.9869,96.7338,1.0
2023-06-22 00:30:00+00:00,2023-06-22 11:05:00+00:00,long,30222.04,29916.83,SL,-0.9769,95.7569,1.0
2023-06-22 19:40:00+00:00,2023-06-23 02:05:00+00:00,long,30178.76,29873.98,SL,-0.967,94.7899,1.0
2023-06-23 06:10:00+00:00,2023-06-23 15:50:00+00:00,long,30060.82,30959.54,TP,2.8339,97.6238,1.0
2023-06-24 05:20:00+00:00,2023-06-24 15:30:00+00:00,long,30759.15,30448.51,SL,-0.9859,96.6379,1.0
2023-06-24 23:45:00+00:00,2023-06-25 04:00:00+00:00,short,30488.88,30796.85,SL,-0.9761,95.6617,1.0
2023-06-25 06:30:00+00:00,2023-06-25 10:20:00+00:00,long,30918.95,30606.7,SL,-0.9661,94.6957,1.0
2023-06-25 15:50:00+00:00,2023-06-27 14:05:00+00:00,short,30566.94,30875.7,SL,-0.9565,93.7391,1.0
2023-06-27 18:45:00+00:00,2023-06-28 04:25:00+00:00,long,30721.88,30411.62,SL,-0.9467,92.7925,1.0
2023-06-28 05:10:00+00:00,2023-06-29 10:50:00+00:00,short,30388.57,30695.53,SL,-0.9373,91.8552,1.0
2023-06-29 13:10:00+00:00,2023-06-29 14:50:00+00:00,long,30744.68,30434.19,SL,-0.9276,90.9275,1.0
2023-06-29 18:20:00+00:00,2023-06-30 13:35:00+00:00,long,30578.2,30269.39,SL,-0.9183,90.0092,1.0
2023-06-30 19:55:00+00:00,2023-07-02 22:25:00+00:00,short,30369.32,30676.08,SL,-0.9092,89.1001,1.0
2023-07-03 00:00:00+00:00,2023-07-05 12:55:00+00:00,long,30628.29,30318.98,SL,-0.8998,88.2002,1.0
2023-07-05 13:00:00+00:00,2023-07-06 06:15:00+00:00,short,30285.87,30591.79,SL,-0.8909,87.3093,1.0
2023-07-06 08:35:00+00:00,2023-07-06 12:30:00+00:00,long,30944.88,30632.37,SL,-0.8817,86.4276,1.0
2023-07-06 16:40:00+00:00,2023-07-10 19:05:00+00:00,short,30254.11,30559.71,SL,-0.873,85.5546,1.0
2023-07-11 12:10:00+00:00,2023-07-11 15:15:00+00:00,short,30378.04,30684.89,SL,-0.8642,84.6904,1.0
2023-07-11 16:50:00+00:00,2023-07-12 19:20:00+00:00,long,30683.06,30373.19,SL,-0.8553,83.8351,1.0
2023-07-13 02:45:00+00:00,2023-07-13 13:40:00+00:00,short,30339.79,30646.25,SL,-0.8468,82.9883,1.0
2023-07-13 15:25:00+00:00,2023-07-14 18:25:00+00:00,long,30820.08,30508.83,SL,-0.8381,82.1502,1.0
2023-07-15 04:05:00+00:00,2023-07-24 09:50:00+00:00,short,30289.96,29384.2,TP,2.4565,84.6067,1.0
2023-07-24 14:00:00+00:00,2023-07-26 20:10:00+00:00,short,29127.61,29421.82,SL,-0.8546,83.7521,1.0
2023-07-27 04:20:00+00:00,2023-07-27 18:35:00+00:00,long,29449.93,29152.52,SL,-0.8458,82.9063,1.0
2023-07-28 04:20:00+00:00,2023-08-01 23:50:00+00:00,short,29226.92,29522.14,SL,-0.8374,82.0689,1.0
2023-08-02 01:05:00+00:00,2023-08-02 04:10:00+00:00,long,29893.09,29591.2,SL,-0.8288,81.2401,1.0
2023-08-02 16:25:00+00:00,2023-08-08 12:50:00+00:00,short,29259.57,29555.12,SL,-0.8206,80.4195,1.0
2023-08-08 18:10:00+00:00,2023-08-09 16:45:00+00:00,long,29897.46,29595.53,SL,-0.8122,79.6073,1.0
2023-08-09 19:50:00+00:00,2023-08-17 00:40:00+00:00,short,29447.06,28566.51,TP,2.3805,81.9878,1.0
2023-08-17 10:40:00+00:00,2023-08-17 20:50:00+00:00,short,28548.13,27694.46,TP,2.4517,84.4395,1.0
2023-08-17 21:35:00+00:00,2023-08-17 21:40:00+00:00,short,27575.98,26751.38,TP,2.525,86.9645,1.0
2023-08-18 01:10:00+00:00,2023-08-18 17:05:00+00:00,short,26587.51,25792.46,TP,2.6005,89.565,1.0
2023-08-18 23:10:00+00:00,2023-08-23 16:15:00+00:00,short,26049.3,26312.43,SL,-0.9047,88.6603,1.0
2023-08-23 19:40:00+00:00,2023-08-23 21:45:00+00:00,long,26698.7,26429.07,SL,-0.8954,87.7649,1.0
2023-08-24 04:35:00+00:00,2023-08-24 14:30:00+00:00,long,26444.63,26177.57,SL,-0.8863,86.8786,1.0
2023-08-24 15:55:00+00:00,2023-08-29 14:20:00+00:00,short,25993.74,26256.3,SL,-0.8776,86.001,1.0
2023-08-29 16:25:00+00:00,2023-08-29 20:50:00+00:00,long,27910.85,27628.98,SL,-0.8685,85.1325,1.0
2023-08-30 08:30:00+00:00,2023-08-30 14:50:00+00:00,long,27468.16,27190.76,SL,-0.8598,84.2727,1.0
2023-08-30 16:15:00+00:00,2023-08-31 11:40:00+00:00,short,27108.54,27382.36,SL,-0.8512,83.4215,1.0
2023-08-31 15:35:00+00:00,2023-08-31 16:55:00+00:00,short,27090.7,26280.61,TP,2.4946,85.916,1.0
2023-08-31 20:55:00+00:00,2023-09-07 21:05:00+00:00,short,26020.01,26282.84,SL,-0.8678,85.0482,1.0
2023-09-07 22:35:00+00:00,2023-09-08 09:50:00+00:00,long,26372.73,26106.39,SL,-0.8589,84.1893,1.0
2023-09-08 16:15:00+00:00,2023-09-11 15:10:00+00:00,short,25849.65,25076.67,TP,2.5175,86.7068,1.0
2023-09-11 19:00:00+00:00,2023-09-12 03:15:00+00:00,short,25150.17,25404.22,SL,-0.8758,85.831,1.0
2023-09-12 07:40:00+00:00,2023-09-14 13:20:00+00:00,long,25814.27,26586.04,TP,2.5661,88.3971,1.0
2023-09-14 14:45:00+00:00,2023-09-15 12:30:00+00:00,long,26680.67,26411.22,SL,-0.8927,87.5043,1.0
2023-09-15 14:25:00+00:00,2023-09-15 22:35:00+00:00,short,26364.49,26630.8,SL,-0.8839,86.6205,1.0
2023-09-16 02:00:00+00:00,2023-09-24 23:20:00+00:00,long,26671.7,26402.34,SL,-0.8748,85.7457,1.0
2023-09-25 01:55:00+00:00,2023-09-27 10:10:00+00:00,short,26161.39,26425.65,SL,-0.8661,84.8796,1.0
2023-09-27 17:35:00+00:00,2023-09-28 00:20:00+00:00,short,26179.38,26443.82,SL,-0.8574,84.0222,1.0
2023-09-28 02:00:00+00:00,2023-10-01 22:15:00+00:00,long,26482.7,27274.45,TP,2.512,86.5342,1.0
2023-10-02 02:15:00+00:00,2023-10-02 21:40:00+00:00,long,27965.83,27683.4,SL,-0.8739,85.6603,1.0
2023-10-03 00:45:00+00:00,2023-10-04 19:05:00+00:00,short,27442.86,27720.06,SL,-0.8653,84.795,1.0
2023-10-04 20:35:00+00:00,2023-10-05 16:05:00+00:00,long,27715.55,27435.65,SL,-0.8563,83.9387,1.0
2023-10-05 19:40:00+00:00,2023-10-06 10:20:00+00:00,short,27451.26,27728.55,SL,-0.8479,83.0908,1.0
2023-10-06 11:55:00+00:00,2023-10-06 12:50:00+00:00,long,27762.78,27482.4,SL,-0.8391,82.2517,1.0
2023-10-06 17:35:00+00:00,2023-10-09 09:35:00+00:00,long,28001.79,27719.0,SL,-0.8307,81.421,1.0
2023-10-09 13:00:00+00:00,2023-10-09 18:30:00+00:00,short,27399.36,27676.12,SL,-0.8224,80.5986,1.0
2023-10-10 08:15:00+00:00,2023-10-10 13:00:00+00:00,long,27697.77,27418.05,SL,-0.814,79.7846,1.0
2023-10-10 13:40:00+00:00,2023-10-16 05:15:00+00:00,short,27358.17,27634.52,SL,-0.8059,78.9787,1.0
2023-10-16 16:15:00+00:00,2023-10-20 02:50:00+00:00,long,28155.09,28996.84,TP,2.3612,81.34,1.0
2023-10-20 06:45:00+00:00,2023-10-21 18:50:00+00:00,long,29269.8,30144.88,TP,2.4318,83.7718,1.0
2023-10-22 05:50:00+00:00,2023-10-22 07:40:00+00:00,long,30065.66,29762.02,SL,-0.846,82.9258,1.0
2023-10-22 11:00:00+00:00,2023-10-23 01:15:00+00:00,short,29880.16,30181.98,SL,-0.8376,82.0881,1.0
2023-10-23 03:40:00+00:00,2023-10-23 20:05:00+00:00,long,30499.32,31411.16,TP,2.4542,84.5423,1.0
2023-10-23 22:10:00+00:00,2023-10-23 22:40:00+00:00,long,31889.31,32842.7,TP,2.5276,87.0699,1.0
2023-10-24 00:30:00+00:00,2023-10-24 02:15:00+00:00,long,33533.35,34535.9,TP,2.6031,89.673,1.0
2023-10-24 05:15:00+00:00,2023-10-24 05:45:00+00:00,long,34479.44,34131.23,SL,-0.9056,88.7674,1.0
2023-10-24 10:35:00+00:00,2023-10-24 15:15:00+00:00,long,34448.65,34100.76,SL,-0.8965,87.871,1.0
2023-10-25 10:30:00+00:00,2023-10-26 16:50:00+00:00,long,34183.43,33838.21,SL,-0.8874,86.9835,1.0
2023-10-27 01:45:00+00:00,2023-10-28 11:20:00+00:00,short,33904.61,34247.08,SL,-0.8786,86.1049,1.0
2023-10-29 01:15:00+00:00,2023-10-29 12:45:00+00:00,short,34021.96,34365.61,SL,-0.8697,85.2352,1.0
2023-10-29 14:30:00+00:00,2023-10-30 17:15:00+00:00,long,34464.64,34116.58,SL,-0.8608,84.3744,1.0
2023-10-31 00:10:00+00:00,2023-10-31 07:30:00+00:00,long,34520.24,34171.62,SL,-0.8521,83.5223,1.0
2023-10-31 11:30:00+00:00,2023-11-02 00:10:00+00:00,long,34487.97,35519.06,TP,2.4971,86.0194,1.0
2023-11-02 01:25:00+00:00,2023-11-02 05:50:00+00:00,long,35563.15,35203.99,SL,-0.8687,85.1506,1.0
2023-11-02 12:35:00+00:00,2023-11-02 13:40:00+00:00,long,35429.19,35071.39,SL,-0.8599,84.2907,1.0
2023-11-02 15:20:00+00:00,2023-11-02 20:05:00+00:00,short,34664.92,35015.07,SL,-0.8514,83.4393,1.0
2023-11-03 00:25:00+00:00,2023-11-04 22:50:00+00:00,short,34767.95,35119.14,SL,-0.8428,82.5965,1.0
2023-11-05 01:45:00+00:00,2023-11-05 21:50:00+00:00,long,35028.19,34674.44,SL,-0.8341,81.7623,1.0
2023-11-06 01:00:00+00:00,2023-11-07 10:05:00+00:00,long,35071.21,34717.02,SL,-0.8257,80.9366,1.0
2023-11-07 12:05:00+00:00,2023-11-07 18:05:00+00:00,short,34564.33,34913.47,SL,-0.8175,80.1191,1.0
2023-11-07 20:45:00+00:00,2023-11-07 22:10:00+00:00,long,35687.6,35327.19,SL,-0.8091,79.3099,1.0
2023-11-08 10:10:00+00:00,2023-11-09 02:30:00+00:00,long,35328.9,36385.13,TP,2.3711,81.6811,1.0
2023-11-09 03:30:00+00:00,2023-11-09 14:10:00+00:00,long,36495.69,37586.8,TP,2.442,84.1231,1.0
2023-11-09 19:15:00+00:00,2023-11-09 21:00:00+00:00,short,36214.77,36580.57,SL,-0.8497,83.2734,1.0
2023-11-10 12:55:00+00:00,2023-11-11 22:10:00+00:00,long,37189.04,36813.47,SL,-0.841,82.4324,1.0
2023-11-11 23:05:00+00:00,2023-11-12 15:00:00+00:00,short,36822.96,37194.91,SL,-0.8326,81.5997,1.0
2023-11-12 15:40:00+00:00,2023-11-13 05:10:00+00:00,long,37201.1,36825.41,SL,-0.8241,80.7757,1.0
2023-11-13 06:30:00+00:00,2023-11-14 18:40:00+00:00,short,36818.06,35717.09,TP,2.4154,83.1911,1.0
2023-11-15 01:30:00+00:00,2023-11-15 09:15:00+00:00,short,35485.11,35843.55,SL,-0.8403,82.3508,1.0
2023-11-15 10:55:00+00:00,2023-11-15 18:10:00+00:00,long,35872.15,36944.62,TP,2.462,84.8128,1.0
2023-11-15 22:40:00+00:00,2023-11-16 02:00:00+00:00,long,37761.56,37380.2,SL,-0.8565,83.9563,1.0
2023-11-16 15:45:00+00:00,2023-11-19 18:50:00+00:00,short,36475.63,36844.07,SL,-0.848,83.1083,1.0
2023-11-19 21:20:00+00:00,2023-11-21 14:50:00+00:00,long,36999.7,36626.04,SL,-0.8393,82.2689,1.0
2023-11-22 13:20:00+00:00,2023-11-22 18:15:00+00:00,short,36460.69,36828.98,SL,-0.831,81.438,1.0
2023-11-22 20:40:00+00:00,2023-11-23 15:20:00+00:00,long,37473.75,37095.3,SL,-0.8224,80.6155,1.0
2023-11-23 21:10:00+00:00,2023-11-27 11:05:00+00:00,long,37355.76,36978.5,SL,-0.8141,79.8014,1.0
2023-11-27 12:30:00+00:00,2023-11-28 00:40:00+00:00,short,36952.79,37326.05,SL,-0.8061,78.9953,1.0
2023-11-28 12:30:00+00:00,2023-12-01 09:05:00+00:00,long,37280.62,38395.2,TP,2.3617,81.357,1.0
2023-12-01 19:55:00+00:00,2023-12-03 22:30:00+00:00,long,38766.28,39925.27,TP,2.4323,83.7894,1.0
2023-12-04 00:15:00+00:00,2023-12-04 05:20:00+00:00,long,40138.01,41338.02,TP,2.5051,86.2944,1.0
2023-12-04 08:30:00+00:00,2023-12-05 17:00:00+00:00,long,41605.26,42849.13,TP,2.5799,88.8743,1.0
2023-12-05 18:35:00+00:00,2023-12-07 09:10:00+00:00,long,43882.38,43439.21,SL,-0.8975,87.9768,1.0
2023-12-07 10:15:00+00:00,2023-12-07 15:05:00+00:00,short,43126.04,43561.65,SL,-0.8887,87.0882,1.0
2023-12-08 06:10:00+00:00,2023-12-11 02:05:00+00:00,long,43487.78,43048.6,SL,-0.8795,86.2086,1.0
2023-12-11 05:35:00+00:00,2023-12-11 10:05:00+00:00,short,41983.41,42407.49,SL,-0.8708,85.3379,1.0
2023-12-11 15:45:00+00:00,2023-12-11 19:35:00+00:00,short,41769.36,40520.33,TP,2.5519,87.8897,1.0
2023-12-12 06:05:00+00:00,2023-12-12 07:40:00+00:00,short,41458.13,41876.9,SL,-0.8878,87.0019,1.0
2023-12-12 08:45:00+00:00,2023-12-12 11:55:00+00:00,long,42018.2,41593.86,SL,-0.8786,86.1233,1.0
2023-12-12 16:05:00+00:00,2023-12-13 15:00:00+00:00,short,41190.99,41607.06,SL,-0.8699,85.2534,1.0
2023-12-13 17:45:00+00:00,2023-12-17 14:35:00+00:00,long,42105.3,41680.08,SL,-0.861,84.3924,1.0
2023-12-17 15:25:00+00:00,2023-12-17 16:55:00+00:00,short,41649.82,42070.53,SL,-0.8524,83.54,1.0
2023-12-17 18:55:00+00:00,2023-12-17 22:30:00+00:00,long,42177.43,41751.48,SL,-0.8437,82.6963,1.0
2023-12-17 23:10:00+00:00,2023-12-18 21:00:00+00:00,short,41659.68,42080.49,SL,-0.8353,81.861,1.0
2023-12-18 22:10:00+00:00,2023-12-19 17:05:00+00:00,long,42674.59,42243.62,SL,-0.8267,81.0343,1.0
2023-12-20 06:15:00+00:00,2023-12-20 15:10:00+00:00,long,42807.62,44087.44,TP,2.4227,83.4569,1.0
2023-12-21 00:25:00+00:00,2023-12-24 22:10:00+00:00,long,43650.18,43209.36,SL,-0.8428,82.6141,1.0
2023-12-25 00:20:00+00:00,2023-12-25 06:05:00+00:00,short,42820.42,43252.95,SL,-0.8345,81.7796,1.0
2023-12-25 11:10:00+00:00,2023-12-25 12:55:00+00:00,short,43080.7,43515.86,SL,-0.8261,80.9536,1.0
2023-12-26 04:30:00+00:00,2023-12-26 17:35:00+00:00,short,43403.05,42105.17,TP,2.4208,83.3743,1.0
2023-12-26 18:30:00+00:00,2023-12-26 21:25:00+00:00,short,41886.12,42309.21,SL,-0.8422,82.5322,1.0
2023-12-27 02:20:00+00:00,2023-12-27 10:20:00+00:00,short,42353.78,42781.6,SL,-0.8337,81.6985,1.0
2023-12-27 15:40:00+00:00,2023-12-28 14:20:00+00:00,long,43044.32,42609.62,SL,-0.8251,80.8734,1.0
2023-12-28 14:40:00+00:00,2023-12-29 14:40:00+00:00,short,42588.62,43018.81,SL,-0.8169,80.0565,1.0
2023-12-29 21:20:00+00:00,2023-12-30 16:00:00+00:00,short,41972.41,42396.38,SL,-0.8087,79.2479,1.0
2023-12-30 17:35:00+00:00,2023-12-30 22:55:00+00:00,long,42564.26,42134.4,SL,-0.8003,78.4475,1.0
2023-12-31 06:40:00+00:00,2024-01-01 20:00:00+00:00,long,42272.83,43536.66,TP,2.3453,80.7929,1.0
2024-01-02 02:40:00+00:00,2024-01-02 15:15:00+00:00,long,45299.28,44841.8,SL,-0.8159,79.977,1.0
2024-01-03 02:25:00+00:00,2024-01-03 11:10:00+00:00,long,45327.31,44869.55,SL,-0.8077,79.1693,1.0
2024-01-03 21:10:00+00:00,2024-01-04 02:45:00+00:00,short,42625.75,43056.31,SL,-0.7997,78.3696,1.0
2024-01-04 10:20:00+00:00,2024-01-04 11:30:00+00:00,short,42771.73,43203.77,SL,-0.7916,77.578,1.0
2024-01-04 13:50:00+00:00,2024-01-08 12:00:00+00:00,long,43479.25,44779.15,TP,2.3193,79.8973,1.0
2024-01-08 15:45:00+00:00,2024-01-08 18:35:00+00:00,long,44935.36,46278.8,TP,2.3887,82.286,1.0
2024-01-08 21:40:00+00:00,2024-01-09 00:35:00+00:00,long,47183.69,46707.18,SL,-0.831,81.455,1.0
2024-01-09 13:20:00+00:00,2024-01-09 21:20:00+00:00,long,46714.67,46242.9,SL,-0.8226,80.6324,1.0
2024-01-10 00:30:00+00:00,2024-01-10 17:55:00+00:00,short,45914.23,46378.01,SL,-0.8145,79.8179,1.0
2024-01-11 01:20:00+00:00,2024-01-11 05:35:00+00:00,long,46693.18,46221.62,SL,-0.8061,79.0118,1.0
2024-01-11 10:20:00+00:00,2024-01-11 14:25:00+00:00,long,46477.17,47866.7,TP,2.3622,81.3741,1.0
2024-01-12 00:10:00+00:00,2024-01-12 15:20:00+00:00,short,46257.93,44874.68,TP,2.4333,83.8074,1.0
2024-01-13 01:05:00+00:00,2024-01-13 06:20:00+00:00,short,42717.75,43149.24,SL,-0.8465,82.9609,1.0
2024-01-13 11:40:00+00:00,2024-01-13 15:05:00+00:00,short,42552.27,42982.09,SL,-0.838,82.1229,1.0
2024-01-14 02:15:00+00:00,2024-01-15 18:25:00+00:00,short,42701.74,43133.07,SL,-0.8295,81.2933,1.0
2024-01-16 05:30:00+00:00,2024-01-16 14:35:00+00:00,long,42914.29,42480.9,SL,-0.821,80.4724,1.0
2024-01-16 21:10:00+00:00,2024-01-17 03:50:00+00:00,long,43332.94,42895.32,SL,-0.8127,79.6597,1.0
2024-01-17 05:50:00+00:00,2024-01-18 18:10:00+00:00,short,42800.72,41520.85,TP,2.3821,82.0417,1.0
2024-01-18 19:55:00+00:00,2024-01-19 06:45:00+00:00,short,41018.22,41432.54,SL,-0.8287,81.213,1.0
2024-01-19 13:45:00+00:00,2024-01-19 18:50:00+00:00,short,41307.09,41724.33,SL,-0.8203,80.3927,1.0
2024-01-19 20:10:00+00:00,2024-01-19 20:55:00+00:00,long,42167.07,41741.22,SL,-0.8119,79.5808,1.0
2024-01-20 02:40:00+00:00,2024-01-22 03:15:00+00:00,long,41629.04,41208.63,SL,-0.8037,78.7771,1.0
2024-01-22 04:10:00+00:00,2024-01-22 19:30:00+00:00,short,41103.35,39874.24,TP,2.3557,81.1328,1.0
2024-01-22 21:35:00+00:00,2024-01-23 11:45:00+00:00,short,39941.9,38747.51,TP,2.4261,83.5589,1.0
2024-01-23 20:55:00+00:00,2024-01-23 23:05:00+00:00,short,39171.14,39566.81,SL,-0.844,82.7149,1.0
2024-01-24 00:40:00+00:00,2024-01-24 03:30:00+00:00,long,40008.39,39604.35,SL,-0.8353,81.8795,1.0
2024-01-24 06:30:00+00:00,2024-01-26 11:30:00+00:00,long,39845.99,41037.27,TP,2.448,84.3275,1.0
2024-01-26 14:30:00+00:00,2024-01-28 04:30:00+00:00,long,41225.58,42458.1,TP,2.5211,86.8486,1.0
2024-01-28 09:25:00+00:00,2024-01-28 17:35:00+00:00,long,42571.99,42142.05,SL,-0.8771,85.9716,1.0
2024-01-28 19:30:00+00:00,2024-01-29 03:10:00+00:00,short,41921.82,42345.27,SL,-0.8684,85.1032,1.0
2024-01-29 03:15:00+00:00,2024-01-29 08:10:00+00:00,long,42440.22,42011.62,SL,-0.8595,84.2437,1.0
2024-01-29 10:35:00+00:00,2024-01-29 14:45:00+00:00,long,42315.74,41888.39,SL,-0.8508,83.3929,1.0
2024-01-29 20:50:00+00:00,2024-01-31 09:55:00+00:00,long,43148.71,42712.96,SL,-0.8422,82.5507,1.0
2024-01-31 10:40:00+00:00,2024-01-31 15:30:00+00:00,short,42644.12,43074.86,SL,-0.8338,81.7169,1.0
2024-02-01 00:15:00+00:00,2024-02-01 17:15:00+00:00,short,42560.16,42990.06,SL,-0.8254,80.8915,1.0
2024-02-01 19:40:00+00:00,2024-02-04 22:35:00+00:00,long,43005.11,42570.8,SL,-0.8169,80.0745,1.0
2024-02-05 00:15:00+00:00,2024-02-05 07:20:00+00:00,short,42469.26,42898.24,SL,-0.8088,79.2657,1.0
2024-02-05 10:00:00+00:00,2024-02-05 15:50:00+00:00,long,43191.75,42755.56,SL,-0.8005,78.4652,1.0
2024-02-05 18:20:00+00:00,2024-02-06 08:40:00+00:00,short,42609.69,43040.09,SL,-0.7926,77.6726,1.0
2024-02-06 15:15:00+00:00,2024-02-08 00:00:00+00:00,long,43108.12,44396.92,TP,2.3222,79.9948,1.0
2024-02-08 03:20:00+00:00,2024-02-09 02:50:00+00:00,long,44689.62,46025.7,TP,2.3916,82.3864,1.0
2024-02-09 05:30:00+00:00,2024-02-09 13:40:00+00:00,long,46150.25,47530.01,TP,2.4631,84.8495,1.0
2024-02-09 17:05:00+00:00,2024-02-12 14:55:00+00:00,long,47348.89,48764.48,TP,2.5367,87.3863,1.0
2024-02-12 17:30:00+00:00,2024-02-12 18:35:00+00:00,long,50239.02,49731.66,SL,-0.8825,86.5038,1.0
2024-02-12 20:15:00+00:00,2024-02-13 14:10:00+00:00,long,49884.24,49380.46,SL,-0.8736,85.6301,1.0
2024-02-13 17:00:00+00:00,2024-02-13 18:05:00+00:00,short,48495.14,48984.99,SL,-0.8649,84.7652,1.0
2024-02-13 23:35:00+00:00,2024-02-14 09:15:00+00:00,long,49560.96,51042.68,TP,2.5342,87.2994,1.0
2024-02-14 12:00:00+00:00,2024-02-17 14:30:00+00:00,long,51646.22,51124.65,SL,-0.8816,86.4178,1.0
2024-02-18 01:00:00+00:00,2024-02-18 02:50:00+00:00,long,51754.9,51232.23,SL,-0.8727,85.5451,1.0
2024-02-18 08:30:00+00:00,2024-02-20 17:15:00+00:00,long,51736.28,51213.8,SL,-0.8639,84.6811,1.0
2024-02-20 22:40:00+00:00,2024-02-21 06:35:00+00:00,long,52262.95,51735.14,SL,-0.8552,83.8259,1.0
2024-02-21 07:45:00+00:00,2024-02-26 15:15:00+00:00,short,51579.24,52100.24,SL,-0.8467,82.9792,1.0
2024-02-26 19:15:00+00:00,2024-02-27 01:55:00+00:00,long,54101.41,55718.88,TP,2.4808,85.46,1.0
2024-02-27 08:10:00+00:00,2024-02-28 07:50:00+00:00,long,56314.29,57997.92,TP,2.555,88.015,1.0
2024-02-28 12:30:00+00:00,2024-02-28 15:10:00+00:00,long,59363.93,61138.73,TP,2.6314,90.6464,1.0
2024-02-28 16:30:00+00:00,2024-02-28 17:10:00+00:00,long,61729.18,63574.7,TP,2.7101,93.3565,1.0
2024-02-29 05:50:00+00:00,2024-02-29 17:25:00+00:00,long,62442.47,61811.87,SL,-0.9428,92.4137,1.0
2024-02-29 18:30:00+00:00,2024-02-29 19:30:00+00:00,short,60682.28,61295.23,SL,-0.9335,91.4802,1.0
2024-02-29 22:15:00+00:00,2024-03-01 00:25:00+00:00,short,61091.57,61708.66,SL,-0.924,90.5562,1.0
2024-03-01 03:25:00+00:00,2024-03-01 04:50:00+00:00,short,60785.68,61399.68,SL,-0.9147,89.6415,1.0
2024-03-01 20:20:00+00:00,2024-03-02 09:30:00+00:00,long,62390.61,61760.53,SL,-0.9053,88.7362,1.0
2024-03-02 10:50:00+00:00,2024-03-03 12:25:00+00:00,short,61841.81,62466.47,SL,-0.8963,87.8398,1.0
2024-03-03 16:10:00+00:00,2024-03-04 08:05:00+00:00,long,62288.7,64150.94,TP,2.6261,90.466,1.0
2024-03-04 11:55:00+00:00,2024-03-04 17:25:00+00:00,long,65236.52,67186.9,TP,2.7047,93.1706,1.0
2024-03-04 22:00:00+00:00,2024-03-05 05:00:00+00:00,long,67625.86,66942.91,SL,-0.9409,92.2297,1.0
2024-03-05 09:40:00+00:00,2024-03-05 10:30:00+00:00,short,66361.43,67031.75,SL,-0.9316,91.2981,1.0
2024-03-05 14:40:00+00:00,2024-03-05 15:20:00+00:00,long,68367.8,67677.35,SL,-0.922,90.3761,1.0
2024-03-05 18:50:00+00:00,2024-03-05 19:35:00+00:00,short,63713.94,61808.7,TP,2.7025,93.0786,1.0
2024-03-06 02:25:00+00:00,2024-03-06 04:45:00+00:00,short,63145.98,63783.82,SL,-0.9402,92.1384,1.0
2024-03-06 08:00:00+00:00,2024-03-06 12:40:00+00:00,long,66741.88,66067.86,SL,-0.9305,91.2079,1.0
2024-03-06 16:50:00+00:00,2024-03-06 22:40:00+00:00,long,66780.99,66106.57,SL,-0.9211,90.2868,1.0
2024-03-07 01:05:00+00:00,2024-03-07 01:55:00+00:00,short,65626.85,66289.74,SL,-0.912,89.3748,1.0
2024-03-07 04:50:00+00:00,2024-03-07 08:00:00+00:00,short,65861.01,66526.28,SL,-0.9028,88.472,1.0
2024-03-07 11:00:00+00:00,2024-03-08 15:25:00+00:00,long,67042.86,69047.24,TP,2.645,91.1171,1.0
2024-03-08 19:55:00+00:00,2024-03-08 21:50:00+00:00,long,68870.88,68175.35,SL,-0.9202,90.1969,1.0
2024-03-09 04:35:00+00:00,2024-03-11 07:10:00+00:00,long,68292.0,70333.72,TP,2.6966,92.8935,1.0
2024-03-11 11:45:00+00:00,2024-03-11 13:50:00+00:00,long,72199.42,71470.28,SL,-0.9381,91.9554,1.0
2024-03-11 14:15:00+00:00,2024-03-12 03:50:00+00:00,long,72253.42,71523.74,SL,-0.9287,91.0267,1.0
2024-03-12 12:50:00+00:00,2024-03-12 16:15:00+00:00,long,72073.74,71345.86,SL,-0.9193,90.1074,1.0
2024-03-13 04:40:00+00:00,2024-03-14 15:20:00+00:00,long,72192.8,71463.72,SL,-0.91,89.1975,1.0
2024-03-14 18:05:00+00:00,2024-03-14 22:05:00+00:00,short,70640.76,71354.3,SL,-0.901,88.2965,1.0
2024-03-15 04:40:00+00:00,2024-03-15 05:00:00+00:00,short,66989.22,67665.88,SL,-0.8919,87.4046,1.0
2024-03-15 10:55:00+00:00,2024-03-15 12:30:00+00:00,short,67244.05,67923.29,SL,-0.8829,86.5217,1.0
2024-03-15 17:00:00+00:00,2024-03-15 18:05:00+00:00,short,67685.31,68369.0,SL,-0.874,85.6478,1.0
2024-03-16 12:50:00+00:00,2024-03-16 23:10:00+00:00,short,67893.43,65863.21,TP,2.5611,88.2089,1.0
2024-03-17 00:55:00+00:00,2024-03-17 01:30:00+00:00,short,65214.03,65872.75,SL,-0.891,87.3179,1.0
2024-03-17 13:15:00+00:00,2024-03-19 01:25:00+00:00,long,67282.72,66603.23,SL,-0.8818,86.4361,1.0
2024-03-19 03:30:00+00:00,2024-03-19 03:50:00+00:00,short,65215.47,65874.21,SL,-0.8731,85.563,1.0
2024-03-19 05:15:00+00:00,2024-03-19 10:15:00+00:00,short,65144.65,63196.63,TP,2.5586,88.1216,1.0
2024-03-19 10:20:00+00:00,2024-03-19 13:25:00+00:00,short,63153.14,63791.05,SL,-0.8901,87.2314,1.0
2024-03-19 22:15:00+00:00,2024-03-20 04:40:00+00:00,short,63233.67,61342.79,TP,2.6085,89.8399,1.0
2024-03-20 12:05:00+00:00,2024-03-20 16:25:00+00:00,long,63667.48,63024.5,SL,-0.9073,88.9326,1.0
2024-03-20 18:40:00+00:00,2024-03-20 20:05:00+00:00,long,64446.43,66373.19,TP,2.6588,91.5914,1.0
2024-03-21 08:10:00+00:00,2024-03-21 10:40:00+00:00,long,67420.57,66739.69,SL,-0.925,90.6665,1.0
2024-03-21 12:50:00+00:00,2024-03-21 15:10:00+00:00,long,67276.86,66597.43,SL,-0.9156,89.7508,1.0
2024-03-21 17:25:00+00:00,2024-03-22 11:50:00+00:00,short,66197.94,64218.42,TP,2.6838,92.4346,1.0
2024-03-22 13:30:00+00:00,2024-03-23 07:05:00+00:00,short,63831.61,64476.37,SL,-0.9337,91.501,1.0
2024-03-23 08:00:00+00:00,2024-03-23 23:55:00+00:00,long,64754.47,64100.52,SL,-0.9241,90.5769,1.0
2024-03-24 02:15:00+00:00,2024-03-24 08:50:00+00:00,short,64361.56,65011.68,SL,-0.9149,89.662,1.0
2024-03-24 10:45:00+00:00,2024-03-24 23:00:00+00:00,long,65206.44,67155.92,TP,2.6806,92.3426,1.0
2024-03-25 05:25:00+00:00,2024-03-25 07:45:00+00:00,long,67565.93,66883.58,SL,-0.9326,91.41,1.0
2024-03-25 13:35:00+00:00,2024-03-25 14:55:00+00:00,long,67166.73,69174.81,TP,2.7329,94.1429,1.0
2024-03-25 17:05:00+00:00,2024-03-25 21:25:00+00:00,long,70537.07,69824.72,SL,-0.9507,93.1922,1.0
2024-03-26 04:00:00+00:00,2024-03-26 14:20:00+00:00,long,70672.87,69959.14,SL,-0.9411,92.251,1.0
2024-03-26 16:20:00+00:00,2024-03-27 00:55:00+00:00,short,69793.02,70498.0,SL,-0.9318,91.3192,1.0
2024-03-27 02:50:00+00:00,2024-03-27 07:25:00+00:00,long,70523.04,69810.83,SL,-0.9222,90.397,1.0
2024-03-27 08:50:00+00:00,2024-03-27 13:00:00+00:00,short,69625.96,70329.25,SL,-0.9131,89.4839,1.0
2024-03-27 15:10:00+00:00,2024-03-28 06:40:00+00:00,short,69424.46,70125.71,SL,-0.9039,88.58,1.0
2024-03-28 08:35:00+00:00,2024-03-29 07:35:00+00:00,long,70643.67,69930.24,SL,-0.8946,87.6854,1.0
2024-03-29 09:30:00+00:00,2024-03-29 13:35:00+00:00,short,69682.27,70386.13,SL,-0.8857,86.7997,1.0
2024-03-30 03:10:00+00:00,2024-04-01 05:50:00+00:00,long,70007.01,69300.01,SL,-0.8766,85.9231,1.0
2024-04-01 08:20:00+00:00,2024-04-02 02:35:00+00:00,short,69341.08,67267.57,TP,2.5694,88.4925,1.0
2024-04-02 08:50:00+00:00,2024-04-04 13:10:00+00:00,short,66258.42,66927.7,SL,-0.8939,87.5986,1.0
2024-04-04 14:05:00+00:00,2024-04-05 05:15:00+00:00,long,67598.76,66916.08,SL,-0.8847,86.7139,1.0
2024-04-05 11:25:00+00:00,2024-04-05 13:50:00+00:00,short,66796.68,67471.39,SL,-0.8759,85.8381,1.0
2024-04-05 16:00:00+00:00,2024-04-05 17:40:00+00:00,long,68359.44,67669.07,SL,-0.8669,84.9712,1.0
2024-04-05 22:35:00+00:00,2024-04-07 15:15:00+00:00,long,67778.41,69804.78,TP,2.5404,87.5116,1.0
2024-04-07 16:10:00+00:00,2024-04-07 19:50:00+00:00,long,69906.99,69201.0,SL,-0.8838,86.6278,1.0
2024-04-08 04:40:00+00:00,2024-04-08 08:50:00+00:00,long,69408.47,71483.58,TP,2.5899,89.2177,1.0
2024-04-08 12:10:00+00:00,2024-04-08 13:30:00+00:00,long,72727.26,71992.79,SL,-0.901,88.3167,1.0
2024-04-09 05:10:00+00:00,2024-04-09 14:45:00+00:00,short,71062.13,68937.16,TP,2.6409,90.9576,1.0
2024-04-09 16:55:00+00:00,2024-04-09 22:30:00+00:00,short,68594.38,69287.25,SL,-0.9188,90.0389,1.0
2024-04-10 00:35:00+00:00,2024-04-10 17:20:00+00:00,short,69051.81,69749.31,SL,-0.9095,89.1294,1.0
2024-04-10 19:25:00+00:00,2024-04-12 16:35:00+00:00,long,69526.8,68824.65,SL,-0.9001,88.2293,1.0
2024-04-12 18:25:00+00:00,2024-04-13 19:50:00+00:00,short,67617.68,65595.71,TP,2.6383,90.8676,1.0
2024-04-14 02:10:00+00:00,2024-04-14 05:10:00+00:00,short,63650.63,64293.57,SL,-0.9179,89.9497,1.0
2024-04-14 11:10:00+00:00,2024-04-14 22:05:00+00:00,short,64232.74,64881.55,SL,-0.9086,89.0411,1.0
2024-04-15 09:20:00+00:00,2024-04-15 11:55:00+00:00,long,66616.69,65943.93,SL,-0.8992,88.1419,1.0
2024-04-15 16:35:00+00:00,2024-04-16 04:40:00+00:00,short,64007.75,62093.72,TP,2.6357,90.7776,1.0
2024-04-16 14:25:00+00:00,2024-04-16 17:15:00+00:00,short,62417.93,63048.41,SL,-0.9169,89.8607,1.0
2024-04-17 00:45:00+00:00,2024-04-17 07:05:00+00:00,long,64126.06,63478.45,SL,-0.9075,88.9532,1.0
2024-04-17 10:00:00+00:00,2024-04-17 14:30:00+00:00,short,63173.68,61284.6,TP,2.66,91.6131,1.0
2024-04-17 20:45:00+00:00,2024-04-17 21:15:00+00:00,short,60993.91,61610.01,SL,-0.9254,90.6878,1.0
2024-04-18 08:15:00+00:00,2024-04-18 09:10:00+00:00,short,60905.91,61521.12,SL,-0.916,89.7717,1.0
2024-04-18 13:30:00+00:00,2024-04-19 01:30:00+00:00,long,62400.31,61770.13,SL,-0.9066,88.8651,1.0
2024-04-19 11:35:00+00:00,2024-04-19 13:15:00+00:00,long,65338.56,64678.71,SL,-0.8974,87.9677,1.0
2024-04-20 00:50:00+00:00,2024-04-20 04:45:00+00:00,short,63557.93,64199.93,SL,-0.8886,87.0791,1.0
2024-04-20 17:05:00+00:00,2024-04-21 16:35:00+00:00,long,65102.65,64445.18,SL,-0.8794,86.1997,1.0
2024-04-22 00:10:00+00:00,2024-04-22 22:50:00+00:00,long,65116.51,67063.3,TP,2.5771,88.7768,1.0
2024-04-23 00:50:00+00:00,2024-04-23 04:25:00+00:00,long,67030.24,66353.3,SL,-0.8966,87.8802,1.0
2024-04-23 09:50:00+00:00,2024-04-23 14:10:00+00:00,short,66051.38,66718.57,SL,-0.8877,86.9926,1.0
2024-04-23 16:45:00+00:00,2024-04-23 20:15:00+00:00,long,66749.68,66075.58,SL,-0.8785,86.114,1.0
2024-04-23 23:00:00+00:00,2024-04-24 01:00:00+00:00,short,66169.38,66837.76,SL,-0.8698,85.2442,1.0
2024-04-24 10:05:00+00:00,2024-04-24 18:55:00+00:00,short,66241.39,64260.57,TP,2.5491,87.7932,1.0
2024-04-24 19:55:00+00:00,2024-04-25 00:40:00+00:00,short,63969.66,64615.82,SL,-0.8868,86.9064,1.0
2024-04-25 04:05:00+00:00,2024-04-25 17:05:00+00:00,short,64102.4,64749.9,SL,-0.8778,86.0286,1.0
2024-04-25 20:00:00+00:00,2024-04-26 00:20:00+00:00,long,64992.54,64336.18,SL,-0.8688,85.1598,1.0
2024-04-26 10:00:00+00:00,2024-04-26 13:15:00+00:00,long,64512.46,63860.95,SL,-0.86,84.2998,1.0
2024-04-26 22:25:00+00:00,2024-04-29 13:45:00+00:00,short,63815.58,61907.3,TP,2.5208,86.8206,1.0
2024-04-29 17:25:00+00:00,2024-04-30 08:30:00+00:00,long,63190.54,62552.38,SL,-0.8768,85.9438,1.0
2024-04-30 11:30:00+00:00,2024-04-30 19:55:00+00:00,short,61343.86,59509.49,TP,2.57,88.5138,1.0
2024-05-01 01:55:00+00:00,2024-05-01 07:20:00+00:00,short,60127.77,58329.77,TP,2.6468,91.1606,1.0
2024-05-01 14:35:00+00:00,2024-05-01 18:00:00+00:00,short,57325.37,57904.41,SL,-0.9208,90.2398,1.0
2024-05-02 04:45:00+00:00,2024-05-02 11:00:00+00:00,short,57435.96,58016.12,SL,-0.9115,89.3283,1.0
2024-05-02 14:30:00+00:00,2024-05-03 12:55:00+00:00,long,58869.49,60629.51,TP,2.6706,91.9989,1.0
2024-05-03 16:30:00+00:00,2024-05-04 10:40:00+00:00,long,61908.44,63759.32,TP,2.7505,94.7494,1.0
2024-05-05 03:30:00+00:00,2024-05-05 07:15:00+00:00,short,63031.9,63668.58,SL,-0.9571,93.7923,1.0
2024-05-05 10:10:00+00:00,2024-05-06 15:00:00+00:00,long,63770.38,63126.36,SL,-0.9472,92.8451,1.0
2024-05-06 16:40:00+00:00,2024-05-07 08:15:00+00:00,short,63361.73,64001.75,SL,-0.9378,91.9073,1.0
2024-05-07 20:55:00+00:00,2024-05-08 23:00:00+00:00,short,62968.64,61085.69,TP,2.7483,94.6556,1.0
2024-05-09 05:25:00+00:00,2024-05-09 15:25:00+00:00,short,61488.42,62109.52,SL,-0.9561,93.6995,1.0
2024-05-09 18:20:00+00:00,2024-05-10 14:50:00+00:00,long,62120.22,61492.87,SL,-0.9463,92.7532,1.0
2024-05-10 17:20:00+00:00,2024-05-11 01:10:00+00:00,short,60436.99,61047.46,SL,-0.9369,91.8163,1.0
2024-05-11 10:35:00+00:00,2024-05-11 15:15:00+00:00,short,60743.56,61357.13,SL,-0.9274,90.8889,1.0
2024-05-11 23:35:00+00:00,2024-05-12 15:45:00+00:00,short,60847.9,61462.53,SL,-0.9181,89.9708,1.0
2024-05-12 17:50:00+00:00,2024-05-13 02:30:00+00:00,long,61638.72,61016.23,SL,-0.9086,89.0622,1.0
2024-05-13 05:25:00+00:00,2024-05-13 07:00:00+00:00,short,60911.07,61526.33,SL,-0.8996,88.1626,1.0
2024-05-13 12:30:00+00:00,2024-05-14 06:10:00+00:00,long,62775.32,62141.35,SL,-0.8904,87.2722,1.0
2024-05-14 10:00:00+00:00,2024-05-15 09:40:00+00:00,short,61733.83,62357.4,SL,-0.8815,86.3907,1.0
2024-05-15 12:25:00+00:00,2024-05-15 15:10:00+00:00,long,62667.9,64541.48,TP,2.5828,88.9735,1.0
2024-05-15 18:15:00+00:00,2024-05-17 15:25:00+00:00,long,65249.84,67200.62,TP,2.66,91.6336,1.0
2024-05-18 01:35:00+00:00,2024-05-19 19:05:00+00:00,long,66980.37,66303.93,SL,-0.9254,90.7082,1.0
2024-05-20 10:00:00+00:00,2024-05-20 19:20:00+00:00,long,66926.19,68927.08,TP,2.7119,93.4201,1.0
2024-05-20 21:55:00+00:00,2024-05-23 13:35:00+00:00,long,69724.76,69020.61,SL,-0.9434,92.4766,1.0
2024-05-23 17:50:00+00:00,2024-05-24 15:15:00+00:00,short,67715.21,68399.2,SL,-0.9341,91.5425,1.0
2024-05-24 17:00:00+00:00,2024-05-27 16:15:00+00:00,long,68572.47,70622.58,TP,2.7368,94.2793,1.0
2024-05-28 03:05:00+00:00,2024-05-30 17:20:00+00:00,short,68402.54,69093.47,SL,-0.9523,93.327,1.0
2024-05-31 02:10:00+00:00,2024-05-31 09:15:00+00:00,long,68625.17,67932.13,SL,-0.9425,92.3845,1.0
2024-05-31 16:05:00+00:00,2024-05-31 19:25:00+00:00,short,66843.43,67518.62,SL,-0.9332,91.4513,1.0
2024-06-01 06:10:00+00:00,2024-06-02 14:25:00+00:00,short,67659.21,68342.64,SL,-0.9237,90.5276,1.0
2024-06-02 19:20:00+00:00,2024-06-03 01:20:00+00:00,short,67518.25,68200.25,SL,-0.9144,89.6132,1.0
2024-06-03 04:40:00+00:00,2024-06-04 16:00:00+00:00,long,68430.45,70476.32,TP,2.6792,92.2923,1.0
2024-06-04 18:15:00+00:00,2024-06-04 19:35:00+00:00,long,70862.83,70147.18,SL,-0.9321,91.3603,1.0
2024-06-05 00:20:00+00:00,2024-06-07 17:55:00+00:00,long,70637.05,69923.69,SL,-0.9226,90.4376,1.0
2024-06-08 13:05:00+00:00,2024-06-10 15:30:00+00:00,short,69251.07,69950.58,SL,-0.9135,89.5241,1.0
2024-06-10 17:55:00+00:00,2024-06-11 01:50:00+00:00,long,70050.0,69342.57,SL,-0.9041,88.62,1.0
2024-06-11 04:20:00+00:00,2024-06-12 12:30:00+00:00,short,67970.49,68657.06,SL,-0.8952,87.7249,1.0
2024-06-12 14:25:00+00:00,2024-06-12 18:05:00+00:00,long,69874.86,69169.19,SL,-0.8859,86.8389,1.0
2024-06-13 00:00:00+00:00,2024-06-14 16:05:00+00:00,short,68189.18,66150.12,TP,2.5967,89.4357,1.0
2024-06-15 06:05:00+00:00,2024-06-17 10:00:00+00:00,long,66378.64,65708.28,SL,-0.9032,88.5325,1.0
2024-06-17 12:00:00+00:00,2024-06-17 17:35:00+00:00,short,65773.45,66437.83,SL,-0.8943,87.6382,1.0
2024-06-17 22:45:00+00:00,2024-06-18 00:45:00+00:00,long,66641.62,65968.61,SL,-0.8851,86.7531,1.0
2024-06-18 10:55:00+00:00,2024-06-20 10:55:00+00:00,short,65428.98,66089.87,SL,-0.8763,85.8769,1.0
2024-06-20 16:15:00+00:00,2024-06-24 05:15:00+00:00,short,64603.67,62671.83,TP,2.568,88.4448,1.0
2024-06-24 13:10:00+00:00,2024-06-24 14:05:00+00:00,short,61039.05,61655.6,SL,-0.8934,87.5514,1.0
2024-06-24 19:20:00+00:00,2024-06-25 00:50:00+00:00,short,59949.56,60555.11,SL,-0.8844,86.6671,1.0
2024-06-25 11:20:00+00:00,2024-06-26 19:05:00+00:00,long,61439.7,60819.22,SL,-0.8753,85.7918,1.0
2024-06-26 20:25:00+00:00,2024-06-27 12:05:00+00:00,short,60793.93,61408.01,SL,-0.8666,84.9253,1.0
2024-06-27 13:00:00+00:00,2024-06-28 14:40:00+00:00,long,61564.16,60942.42,SL,-0.8577,84.0676,1.0
2024-06-28 17:50:00+00:00,2024-06-30 07:05:00+00:00,short,60789.93,61403.97,SL,-0.8492,83.2184,1.0
2024-06-30 11:15:00+00:00,2024-07-01 01:10:00+00:00,long,61634.16,63476.84,TP,2.488,85.7064,1.0
2024-07-01 07:10:00+00:00,2024-07-01 11:00:00+00:00,long,63438.34,62797.68,SL,-0.8655,84.8409,1.0
2024-07-01 17:30:00+00:00,2024-07-02 07:00:00+00:00,long,63424.34,62783.82,SL,-0.8568,83.9841,1.0
2024-07-02 10:00:00+00:00,2024-07-03 08:50:00+00:00,short,62607.04,60734.9,TP,2.5114,86.4954,1.0
2024-07-03 10:10:00+00:00,2024-07-04 02:00:00+00:00,short,60263.96,58461.89,TP,2.5865,89.0819,1.0
2024-07-04 06:15:00+00:00,2024-07-04 13:20:00+00:00,short,58780.11,57022.41,TP,2.6638,91.7457,1.0
2024-07-05 02:30:00+00:00,2024-07-05 04:10:00+00:00,short,56755.41,55058.26,TP,2.7435,94.4892,1.0
2024-07-05 04:15:00+00:00,2024-07-05 04:25:00+00:00,short,53772.76,54315.92,SL,-0.9544,93.5348,1.0
2024-07-05 04:55:00+00:00,2024-07-05 05:45:00+00:00,short,53935.71,54480.51,SL,-0.9448,92.59,1.0
2024-07-05 06:35:00+00:00,2024-07-05 10:05:00+00:00,short,54010.61,54556.17,SL,-0.9353,91.6547,1.0
2024-07-05 17:25:00+00:00,2024-07-05 18:05:00+00:00,long,56855.68,56281.5,SL,-0.9256,90.7291,1.0
2024-07-05 18:45:00+00:00,2024-07-06 23:15:00+00:00,long,56595.65,58287.69,TP,2.7125,93.4416,1.0
2024-07-07 12:40:00+00:00,2024-07-08 00:35:00+00:00,short,57224.26,55513.08,TP,2.7942,96.2358,1.0
2024-07-08 03:20:00+00:00,2024-07-08 04:45:00+00:00,short,54945.6,55500.61,SL,-0.9721,95.2637,1.0
2024-07-08 16:15:00+00:00,2024-07-08 18:10:00+00:00,short,55754.43,56317.61,SL,-0.9623,94.3015,1.0
2024-07-09 03:50:00+00:00,2024-07-10 04:25:00+00:00,long,57223.55,58934.36,TP,2.8193,97.1208,1.0
2024-07-10 16:45:00+00:00,2024-07-11 01:45:00+00:00,short,57639.24,58221.45,SL,-0.981,96.1398,1.0
2024-07-11 06:45:00+00:00,2024-07-11 15:45:00+00:00,long,58068.08,57481.65,SL,-0.9709,95.1689,1.0
2024-07-11 21:30:00+00:00,2024-07-12 14:25:00+00:00,short,57326.27,57905.32,SL,-0.9613,94.2076,1.0
2024-07-12 15:50:00+00:00,2024-07-12 19:55:00+00:00,long,58159.82,57572.46,SL,-0.9514,93.2562,1.0
2024-07-13 01:15:00+00:00,2024-07-13 23:10:00+00:00,long,57938.07,59670.25,TP,2.7881,96.0442,1.0
2024-07-14 00:45:00+00:00,2024-07-15 01:10:00+00:00,long,59661.97,61445.68,TP,2.8714,98.9157,1.0
2024-07-15 02:25:00+00:00,2024-07-15 22:10:00+00:00,long,62213.17,64073.16,TP,2.9573,101.873,1.0
2024-07-16 01:55:00+00:00,2024-07-16 05:20:00+00:00,long,64854.56,64199.6,SL,-1.0288,100.8441,1.0
2024-07-16 08:30:00+00:00,2024-07-16 09:20:00+00:00,short,62539.75,63171.46,SL,-1.0186,99.8255,1.0
2024-07-16 17:50:00+00:00,2024-07-18 00:10:00+00:00,long,64577.77,63925.6,SL,-1.0081,98.8174,1.0
2024-07-18 15:55:00+00:00,2024-07-19 03:40:00+00:00,short,63531.77,64173.5,SL,-0.9982,97.8192,1.0
2024-07-19 06:05:00+00:00,2024-07-19 07:35:00+00:00,long,64467.74,63816.68,SL,-0.9879,96.8313,1.0
2024-07-19 09:45:00+00:00,2024-07-19 12:55:00+00:00,short,63765.78,64409.88,SL,-0.9781,95.8533,1.0
2024-07-19 13:35:00+00:00,2024-07-19 17:20:00+00:00,long,64768.47,66704.85,TP,2.8657,98.719,1.0
2024-07-19 19:00:00+00:00,2024-07-21 18:05:00+00:00,long,66938.7,66262.69,SL,-0.997,97.722,1.0
2024-07-21 21:40:00+00:00,2024-07-22 06:35:00+00:00,long,68093.25,67405.57,SL,-0.9869,96.7351,1.0
2024-07-22 08:50:00+00:00,2024-07-22 13:05:00+00:00,short,67115.29,67793.22,SL,-0.9771,95.758,1.0
2024-07-23 12:10:00+00:00,2024-07-23 14:35:00+00:00,short,66537.36,67209.45,SL,-0.9673,94.7907,1.0
2024-07-23 19:35:00+00:00,2024-07-24 08:35:00+00:00,short,65655.41,66318.6,SL,-0.9575,93.8333,1.0
2024-07-24 10:15:00+00:00,2024-07-24 18:45:00+00:00,long,66556.32,65884.17,SL,-0.9476,92.8856,1.0
2024-07-24 19:50:00+00:00,2024-07-25 14:05:00+00:00,short,65589.43,63628.11,TP,2.7776,95.6632,1.0
2024-07-25 18:00:00+00:00,2024-07-26 03:00:00+00:00,long,65076.51,67022.1,TP,2.86,98.5232,1.0
2024-07-26 06:10:00+00:00,2024-07-27 13:40:00+00:00,long,67036.69,69040.89,TP,2.9455,101.4688,1.0
2024-07-28 08:35:00+00:00,2024-07-28 12:30:00+00:00,short,67249.27,67928.56,SL,-1.0249,100.4439,1.0
2024-07-28 15:55:00+00:00,2024-07-29 00:05:00+00:00,short,67638.24,68321.45,SL,-1.0146,99.4293,1.0
2024-07-29 02:15:00+00:00,2024-07-29 14:50:00+00:00,long,69136.92,68438.71,SL,-1.0041,98.4251,1.0
2024-07-29 16:25:00+00:00,2024-07-31 19:50:00+00:00,short,67339.2,65325.55,TP,2.9432,101.3683,1.0
2024-07-31 23:35:00+00:00,2024-08-01 16:40:00+00:00,short,64681.53,62747.36,TP,3.0312,104.3996,1.0
2024-08-01 22:15:00+00:00,2024-08-02 01:15:00+00:00,long,65363.9,64703.79,SL,-1.0543,103.3452,1.0
2024-08-02 10:45:00+00:00,2024-08-02 14:40:00+00:00,long,64592.53,63940.21,SL,-1.0437,102.3015,1.0
2024-08-02 18:00:00+00:00,2024-08-03 00:55:00+00:00,short,63047.68,61162.37,TP,3.0591,105.3607,1.0
2024-08-03 18:35:00+00:00,2024-08-04 02:05:00+00:00,short,60261.37,60870.07,SL,-1.0642,104.2964,1.0
2024-08-04 17:00:00+00:00,2024-08-04 19:20:00+00:00,short,58556.14,59147.62,SL,-1.0535,103.2429,1.0
2024-08-04 23:05:00+00:00,2024-08-05 00:35:00+00:00,short,58548.13,56797.37,TP,3.0873,106.3302,1.0
2024-08-05 04:50:00+00:00,2024-08-05 06:10:00+00:00,short,53500.64,51900.81,TP,3.1796,109.5098,1.0
2024-08-05 11:30:00+00:00,2024-08-05 11:50:00+00:00,short,50896.92,51411.03,SL,-1.1062,108.4036,1.0
2024-08-05 12:15:00+00:00,2024-08-05 12:40:00+00:00,short,50412.98,50922.2,SL,-1.095,107.3086,1.0
2024-08-05 17:50:00+00:00,2024-08-05 18:10:00+00:00,long,54939.49,54384.66,SL,-1.0837,106.2249,1.0
2024-08-05 19:45:00+00:00,2024-08-05 19:55:00+00:00,short,52740.73,53273.46,SL,-1.073,105.152,1.0
2024-08-05 22:25:00+00:00,2024-08-05 23:40:00+00:00,long,54927.49,54372.78,SL,-1.0619,104.09,1.0
2024-08-06 07:40:00+00:00,2024-08-06 08:30:00+00:00,long,55978.7,55413.37,SL,-1.0512,103.0388,1.0
2024-08-06 16:05:00+00:00,2024-08-07 00:05:00+00:00,long,56459.65,55889.46,SL,-1.0406,101.9982,1.0
2024-08-07 04:15:00+00:00,2024-08-07 14:15:00+00:00,long,57051.2,56475.04,SL,-1.0301,100.9681,1.0
2024-08-07 17:15:00+00:00,2024-08-08 01:40:00+00:00,short,55504.47,56065.12,SL,-1.0199,99.9483,1.0
2024-08-08 08:45:00+00:00,2024-08-08 15:35:00+00:00,long,57337.0,59051.21,TP,2.9882,102.9364,1.0
2024-08-08 19:15:00+00:00,2024-08-08 22:50:00+00:00,long,59742.81,61528.94,TP,3.0775,106.0139,1.0
2024-08-09 15:35:00+00:00,2024-08-09 19:35:00+00:00,short,60018.98,60625.23,SL,-1.0708,104.9431,1.0
2024-08-09 23:35:00+00:00,2024-08-11 15:00:00+00:00,long,60743.39,60129.95,SL,-1.0598,103.8832,1.0
2024-08-11 15:35:00+00:00,2024-08-12 00:35:00+00:00,short,60198.79,58398.67,TP,3.1064,106.9897,1.0
2024-08-12 02:35:00+00:00,2024-08-12 11:00:00+00:00,short,58405.67,58995.62,SL,-1.0807,105.909,1.0
2024-08-12 16:00:00+00:00,2024-08-12 16:55:00+00:00,long,60210.82,59602.75,SL,-1.0696,104.8394,1.0
2024-08-12 20:55:00+00:00,2024-08-12 23:15:00+00:00,short,58836.08,59430.38,SL,-1.059,103.7804,1.0
2024-08-13 00:25:00+00:00,2024-08-13 03:40:00+00:00,long,59660.48,59057.96,SL,-1.0481,102.7323,1.0
2024-08-13 06:15:00+00:00,2024-08-13 14:50:00+00:00,short,59046.09,59642.52,SL,-1.0377,101.6946,1.0
2024-08-13 16:10:00+00:00,2024-08-14 12:25:00+00:00,long,59738.03,61524.02,TP,3.0404,104.735,1.0
2024-08-14 16:30:00+00:00,2024-08-15 14:45:00+00:00,short,58999.89,59595.85,SL,-1.0579,103.6771,1.0
2024-08-15 16:00:00+00:00,2024-08-15 17:55:00+00:00,long,59776.03,59172.35,SL,-1.047,102.63,1.0
2024-08-16 06:30:00+00:00,2024-08-16 12:30:00+00:00,long,58423.77,57833.75,SL,-1.0365,101.5936,1.0
2024-08-16 19:20:00+00:00,2024-08-16 21:15:00+00:00,long,59722.06,59118.93,SL,-1.026,100.5676,1.0
2024-08-17 05:40:00+00:00,2024-08-18 23:45:00+00:00,long,59238.11,58639.87,SL,-1.0156,99.5519,1.0
2024-08-19 06:05:00+00:00,2024-08-19 17:30:00+00:00,short,58384.99,58974.74,SL,-1.0056,98.5464,1.0
2024-08-19 18:40:00+00:00,2024-08-20 04:10:00+00:00,long,59146.98,60915.3,TP,2.9462,101.4926,1.0
2024-08-20 05:15:00+00:00,2024-08-20 11:05:00+00:00,long,61282.1,60663.21,SL,-1.025,100.4676,1.0
2024-08-21 00:55:00+00:00,2024-08-21 06:15:00+00:00,short,58983.1,59578.89,SL,-1.0148,99.4528,1.0
2024-08-21 08:00:00+00:00,2024-08-21 09:15:00+00:00,long,59842.13,59237.79,SL,-1.0044,98.4484,1.0
2024-08-21 15:35:00+00:00,2024-08-21 19:55:00+00:00,long,59713.96,61499.23,TP,2.9433,101.3918,1.0
2024-08-21 22:30:00+00:00,2024-08-22 00:55:00+00:00,long,61457.54,60836.88,SL,-1.024,100.3678,1.0
2024-08-22 06:00:00+00:00,2024-08-22 15:35:00+00:00,long,60877.91,60263.1,SL,-1.0136,99.3542,1.0
2024-08-22 17:45:00+00:00,2024-08-23 00:35:00+00:00,short,60259.97,60868.66,SL,-1.0036,98.3506,1.0
2024-08-23 06:00:00+00:00,2024-08-23 17:50:00+00:00,long,60981.84,62805.01,TP,2.9404,101.291,1.0
2024-08-23 19:20:00+00:00,2024-08-26 21:20:00+00:00,long,63702.36,63059.03,SL,-1.0229,100.2681,1.0
2024-08-26 22:35:00+00:00,2024-08-27 21:35:00+00:00,short,62967.69,61084.77,TP,2.9983,103.2664,1.0
2024-08-28 16:15:00+00:00,2024-08-28 16:50:00+00:00,short,58177.19,58764.84,SL,-1.0431,102.2233,1.0
2024-08-28 18:00:00+00:00,2024-08-28 18:50:00+00:00,short,58717.05,59310.15,SL,-1.0326,101.1907,1.0
2024-08-29 00:30:00+00:00,2024-08-29 06:00:00+00:00,short,58929.11,59524.35,SL,-1.0221,100.1686,1.0
2024-08-29 09:00:00+00:00,2024-08-29 19:00:00+00:00,long,59652.95,59050.52,SL,-1.0116,99.157,1.0
2024-08-29 22:00:00+00:00,2024-09-01 14:10:00+00:00,short,59299.03,57525.81,TP,2.9651,102.1221,1.0
2024-09-01 20:10:00+00:00,2024-09-01 22:15:00+00:00,long,58583.84,57992.2,SL,-1.0313,101.0908,1.0
2024-09-02 02:35:00+00:00,2024-09-02 05:50:00+00:00,short,57299.27,57878.05,SL,-1.0211,100.0696,1.0
2024-09-02 09:50:00+00:00,2024-09-03 14:45:00+00:00,long,58325.84,57736.81,SL,-1.0106,99.059,1.0
2024-09-03 18:00:00+00:00,2024-09-03 20:55:00+00:00,short,57617.24,58199.23,SL,-1.0006,98.0584,1.0
2024-09-04 00:55:00+00:00,2024-09-04 15:40:00+00:00,short,57134.31,57711.42,SL,-0.9905,97.0679,1.0
2024-09-04 21:50:00+00:00,2024-09-05 03:05:00+00:00,long,58093.82,57507.13,SL,-0.9803,96.0877,1.0
2024-09-05 06:20:00+00:00,2024-09-05 07:10:00+00:00,short,56565.26,57136.63,SL,-0.9706,95.1171,1.0
2024-09-05 12:00:00+00:00,2024-09-05 14:20:00+00:00,short,56639.19,57211.3,SL,-0.9608,94.1563,1.0
2024-09-05 22:10:00+00:00,2024-09-06 02:05:00+00:00,short,56008.43,56574.17,SL,-0.9511,93.2052,1.0
2024-09-06 07:10:00+00:00,2024-09-06 12:55:00+00:00,short,56190.38,56757.96,SL,-0.9415,92.2638,1.0
2024-09-06 18:00:00+00:00,2024-09-07 06:50:00+00:00,short,53796.63,54340.03,SL,-0.932,91.3318,1.0
2024-09-07 12:15:00+00:00,2024-09-07 22:15:00+00:00,long,54451.32,53901.42,SL,-0.9224,90.4094,1.0
2024-09-07 22:30:00+00:00,2024-09-08 02:25:00+00:00,short,53913.27,54457.85,SL,-0.9132,89.4962,1.0
2024-09-08 04:05:00+00:00,2024-09-08 15:50:00+00:00,long,54429.33,53879.65,SL,-0.9038,88.5924,1.0
2024-09-08 23:45:00+00:00,2024-09-09 17:05:00+00:00,long,54970.44,56613.89,TP,2.6486,91.241,1.0
2024-09-09 19:25:00+00:00,2024-09-11 04:45:00+00:00,long,56877.2,56302.79,SL,-0.9214,90.3196,1.0
2024-09-11 05:20:00+00:00,2024-09-11 12:15:00+00:00,short,56286.38,56854.93,SL,-0.9123,89.4073,1.0
2024-09-12 00:05:00+00:00,2024-09-13 15:30:00+00:00,long,57462.06,59180.0,TP,2.673,92.0803,1.0
2024-09-13 19:15:00+00:00,2024-09-15 23:00:00+00:00,long,59881.35,59276.61,SL,-0.9299,91.1504,1.0
2024-09-16 00:15:00+00:00,2024-09-17 14:10:00+00:00,short,58824.62,59418.8,SL,-0.9207,90.2297,1.0
2024-09-18 12:10:00+00:00,2024-09-18 18:15:00+00:00,short,59745.37,60348.86,SL,-0.9114,89.3183,1.0
2024-09-18 22:15:00+00:00,2024-09-19 00:30:00+00:00,long,60440.04,62247.02,TP,2.6703,91.9886,1.0
2024-09-19 02:40:00+00:00,2024-09-23 03:05:00+00:00,long,62284.23,64146.34,TP,2.7502,94.7388,1.0
2024-09-23 13:35:00+00:00,2024-09-24 08:50:00+00:00,short,63209.69,63848.17,SL,-0.957,93.7818,1.0
2024-09-24 10:25:00+00:00,2024-09-24 14:25:00+00:00,long,63690.37,63047.16,SL,-0.9471,92.8347,1.0
2024-09-24 19:45:00+00:00,2024-09-25 17:05:00+00:00,long,64062.42,63415.45,SL,-0.9375,91.8972,1.0
2024-09-25 19:55:00+00:00,2024-09-26 07:15:00+00:00,short,63175.18,63813.31,SL,-0.9283,90.9689,1.0
2024-09-26 07:35:00+00:00,2024-09-27 09:00:00+00:00,long,63851.18,65760.14,TP,2.7197,93.6886,1.0
2024-09-27 14:00:00+00:00,2024-09-30 00:30:00+00:00,long,65848.57,65183.57,SL,-0.9462,92.7425,1.0
2024-09-30 01:20:00+00:00,2024-09-30 18:15:00+00:00,short,65215.49,63265.35,TP,2.7733,95.5158,1.0
2024-10-01 00:10:00+00:00,2024-10-01 04:35:00+00:00,short,63201.5,63839.9,SL,-0.9648,94.5509,1.0
2024-10-01 07:35:00+00:00,2024-10-01 13:15:00+00:00,long,64124.42,63476.83,SL,-0.9549,93.5961,1.0
2024-10-01 15:00:00+00:00,2024-10-02 19:25:00+00:00,short,62129.33,60271.47,TP,2.7988,96.3949,1.0
2024-10-03 13:35:00+00:00,2024-10-03 19:30:00+00:00,short,60178.93,60786.8,SL,-0.9737,95.4212,1.0
2024-10-03 22:25:00+00:00,2024-10-06 16:00:00+00:00,long,60902.09,62722.88,TP,2.8528,98.274,1.0
2024-10-06 18:25:00+00:00,2024-10-08 07:15:00+00:00,long,62735.86,62102.29,SL,-0.9925,97.2815,1.0
2024-10-08 17:20:00+00:00,2024-10-10 16:55:00+00:00,short,62237.78,60376.68,TP,2.909,100.1905,1.0
2024-10-11 05:05:00+00:00,2024-10-11 17:30:00+00:00,long,60722.06,62537.47,TP,2.9954,103.1859,1.0
2024-10-11 19:05:00+00:00,2024-10-11 22:15:00+00:00,long,63254.31,62615.51,SL,-1.0421,102.1439,1.0
2024-10-12 07:35:00+00:00,2024-10-13 15:25:00+00:00,long,62747.26,62113.58,SL,-1.0316,101.1123,1.0
2024-10-14 02:00:00+00:00,2024-10-14 03:25:00+00:00,short,62477.92,63109.01,SL,-1.0213,100.091,1.0
2024-10-14 06:35:00+00:00,2024-10-14 14:40:00+00:00,long,64194.79,66114.02,TP,2.9924,103.0834,1.0
2024-10-14 19:30:00+00:00,2024-10-15 04:05:00+00:00,long,66022.07,65355.31,SL,-1.041,102.0424,1.0
2024-10-15 08:15:00+00:00,2024-10-15 15:05:00+00:00,long,65794.58,65130.12,SL,-1.0305,101.0118,1.0
2024-10-15 18:00:00+00:00,2024-10-15 21:10:00+00:00,long,67087.76,66410.24,SL,-1.0201,99.9917,1.0
2024-10-15 23:25:00+00:00,2024-10-18 15:40:00+00:00,long,66790.53,68787.36,TP,2.9895,102.9812,1.0
2024-10-18 18:35:00+00:00,2024-10-18 22:45:00+00:00,long,68932.9,68236.75,SL,-1.04,101.9412,1.0
2024-10-19 01:10:00+00:00,2024-10-21 13:15:00+00:00,long,68444.48,67753.26,SL,-1.0295,100.9117,1.0
2024-10-21 15:00:00+00:00,2024-10-21 19:45:00+00:00,short,67023.29,67700.29,SL,-1.0193,99.8923,1.0
2024-10-22 13:30:00+00:00,2024-10-22 14:35:00+00:00,short,66826.03,67501.04,SL,-1.009,98.8833,1.0
2024-10-22 21:55:00+00:00,2024-10-23 07:40:00+00:00,long,67541.6,66859.5,SL,-0.9986,97.8847,1.0
2024-10-23 08:30:00+00:00,2024-10-24 00:55:00+00:00,short,66748.99,67423.23,SL,-0.9887,96.896,1.0
2024-10-24 04:50:00+00:00,2024-10-25 18:00:00+00:00,long,67403.59,66722.88,SL,-0.9786,95.9174,1.0
2024-10-25 19:10:00+00:00,2024-10-27 13:00:00+00:00,short,66835.33,67510.43,SL,-0.9689,94.9486,1.0
2024-10-27 17:30:00+00:00,2024-10-28 22:05:00+00:00,long,67938.16,69969.31,TP,2.8387,97.7872,1.0
2024-10-28 23:05:00+00:00,2024-10-29 15:45:00+00:00,long,70109.48,72205.54,TP,2.9235,100.7108,1.0
2024-10-29 18:50:00+00:00,2024-10-29 20:00:00+00:00,long,73246.25,72506.54,SL,-1.0171,99.6937,1.0
2024-10-30 09:15:00+00:00,2024-10-30 13:35:00+00:00,long,72419.79,71688.42,SL,-1.0068,98.6869,1.0
2024-10-30 17:05:00+00:00,2024-10-30 20:45:00+00:00,short,71854.81,72580.62,SL,-0.9968,97.6901,1.0
2024-10-30 22:15:00+00:00,2024-10-31 13:30:00+00:00,long,72629.26,71895.78,SL,-0.9866,96.7035,1.0
2024-10-31 18:15:00+00:00,2024-11-01 13:55:00+00:00,short,70366.97,71077.75,SL,-0.9768,95.7267,1.0
2024-11-01 17:55:00+00:00,2024-11-04 17:10:00+00:00,short,69579.05,67498.43,TP,2.8625,98.5892,1.0
2024-11-04 20:00:00+00:00,2024-11-05 04:35:00+00:00,short,67734.83,68419.02,SL,-0.9958,97.5934,1.0
2024-11-05 05:35:00+00:00,2024-11-06 00:30:00+00:00,long,68572.86,70622.98,TP,2.9177,100.5111,1.0
2024-11-06 02:15:00+00:00,2024-11-06 03:05:00+00:00,long,71985.21,74137.35,TP,3.005,103.5161,1.0
2024-11-06 06:00:00+00:00,2024-11-06 07:25:00+00:00,long,74971.42,74214.28,SL,-1.0454,102.4707,1.0
2024-11-06 16:35:00+00:00,2024-11-07 20:15:00+00:00,long,74422.18,76647.18,TP,3.0636,105.5342,1.0
2024-11-08 01:20:00+00:00,2024-11-10 04:50:00+00:00,long,76263.63,78543.68,TP,3.1552,108.6894,1.0
2024-11-10 08:25:00+00:00,2024-11-11 02:30:00+00:00,long,79063.93,81427.7,TP,3.2495,111.9389,1.0
2024-11-11 03:50:00+00:00,2024-11-11 05:35:00+00:00,long,81740.16,80914.67,SL,-1.1305,110.8084,1.0
2024-11-11 12:50:00+00:00,2024-11-11 16:20:00+00:00,long,82316.23,84777.24,TP,3.3128,114.1213,1.0
2024-11-11 18:40:00+00:00,2024-11-11 21:15:00+00:00,long,85198.52,87745.7,TP,3.4119,117.5331,1.0
2024-11-11 23:00:00+00:00,2024-11-12 00:10:00+00:00,long,88877.63,87980.05,SL,-1.187,116.3462,1.0
2024-11-12 00:55:00+00:00,2024-11-12 02:30:00+00:00,long,88987.47,88088.78,SL,-1.175,115.1712,1.0
2024-11-12 06:30:00+00:00,2024-11-12 09:45:00+00:00,long,88852.52,87955.2,SL,-1.1631,114.0081,1.0
2024-11-12 18:20:00+00:00,2024-11-13 03:40:00+00:00,long,88024.81,87135.85,SL,-1.1514,112.8567,1.0
2024-11-13 04:30:00+00:00,2024-11-13 11:15:00+00:00,short,87035.62,87914.76,SL,-1.14,111.7167,1.0
2024-11-13 12:35:00+00:00,2024-11-13 14:30:00+00:00,long,87906.96,90535.11,TP,3.34,115.0567,1.0
2024-11-13 15:45:00+00:00,2024-11-13 19:05:00+00:00,long,92572.22,91637.33,SL,-1.162,113.8948,1.0
2024-11-14 01:55:00+00:00,2024-11-14 06:55:00+00:00,long,90381.05,89468.29,SL,-1.1502,112.7446,1.0
2024-11-14 10:00:00+00:00,2024-11-14 14:40:00+00:00,long,91163.76,90243.09,SL,-1.1386,111.6059,1.0
2024-11-14 22:30:00+00:00,2024-11-14 22:45:00+00:00,short,87111.29,87991.2,SL,-1.1273,110.4786,1.0
2024-11-14 23:05:00+00:00,2024-11-15 00:15:00+00:00,short,87282.49,88164.13,SL,-1.1159,109.3627,1.0
2024-11-15 11:55:00+00:00,2024-11-15 14:35:00+00:00,long,89750.22,88843.84,SL,-1.1045,108.2582,1.0
2024-11-15 19:30:00+00:00,2024-11-17 22:00:00+00:00,long,89884.91,88977.16,SL,-1.0933,107.1649,1.0
2024-11-18 03:55:00+00:00,2024-11-18 13:15:00+00:00,long,90677.65,89761.89,SL,-1.0823,106.0827,1.0
2024-11-18 13:55:00+00:00,2024-11-18 14:30:00+00:00,short,89493.28,90397.25,SL,-1.0715,105.0111,1.0
2024-11-19 04:25:00+00:00,2024-11-20 13:30:00+00:00,long,91637.9,94377.6,TP,3.1395,108.1506,1.0
2024-11-20 15:35:00+00:00,2024-11-20 16:20:00+00:00,long,94773.48,93816.36,SL,-1.0922,107.0584,1.0
2024-11-20 21:35:00+00:00,2024-11-21 04:55:00+00:00,long,94416.64,97239.42,TP,3.2007,110.2591,1.0
2024-11-21 10:50:00+00:00,2024-11-21 14:35:00+00:00,long,97701.76,96715.07,SL,-1.1135,109.1456,1.0
2024-11-21 19:05:00+00:00,2024-11-22 14:45:00+00:00,long,98421.96,97428.0,SL,-1.1023,108.0434,1.0
2024-11-22 19:00:00+00:00,2024-11-23 16:10:00+00:00,long,99258.91,98256.5,SL,-1.0911,106.9523,1.0
2024-11-23 19:15:00+00:00,2024-11-25 09:15:00+00:00,short,97565.68,98551.19,SL,-1.0803,105.8719,1.0
2024-11-25 11:20:00+00:00,2024-11-25 13:05:00+00:00,long,98523.46,97528.47,SL,-1.0692,104.8027,1.0
2024-11-25 17:05:00+00:00,2024-11-26 08:25:00+00:00,short,95448.12,92593.94,TP,3.1339,107.9366,1.0
2024-11-26 10:20:00+00:00,2024-11-26 16:25:00+00:00,short,92982.7,93921.92,SL,-1.0903,106.8464,1.0
2024-11-27 07:05:00+00:00,2024-11-27 16:30:00+00:00,long,93277.52,96066.23,TP,3.1944,110.0408,1.0
2024-11-27 17:55:00+00:00,2024-11-28 03:20:00+00:00,long,96256.86,95284.77,SL,-1.1113,108.9295,1.0
2024-11-28 09:10:00+00:00,2024-11-29 02:00:00+00:00,short,95186.99,96148.47,SL,-1.1003,107.8292,1.0
2024-11-29 11:30:00+00:00,2024-12-01 01:55:00+00:00,long,97086.7,96106.22,SL,-1.089,106.7402,1.0
2024-12-01 11:05:00+00:00,2024-12-02 07:20:00+00:00,long,96944.81,95965.77,SL,-1.078,105.6622,1.0
2024-12-02 08:15:00+00:00,2024-12-02 14:30:00+00:00,short,95372.44,96335.8,SL,-1.0673,104.5949,1.0
2024-12-02 21:55:00+00:00,2024-12-04 01:30:00+00:00,short,95397.34,96360.95,SL,-1.0565,103.5384,1.0
2024-12-04 08:45:00+00:00,2024-12-04 12:15:00+00:00,long,96805.68,95828.04,SL,-1.0456,102.4928,1.0
2024-12-04 22:35:00+00:00,2024-12-05 03:00:00+00:00,long,98434.3,101377.19,TP,3.0642,105.557,1.0
2024-12-05 14:40:00+00:00,2024-12-05 15:20:00+00:00,long,103246.34,102203.66,SL,-1.066,104.491,1.0
2024-12-05 19:35:00+00:00,2024-12-05 22:25:00+00:00,short,100333.97,97333.68,TP,3.1246,107.6156,1.0
2024-12-06 11:30:00+00:00,2024-12-06 14:20:00+00:00,short,97905.21,98894.15,SL,-1.087,106.5286,1.0
2024-12-06 15:45:00+00:00,2024-12-09 07:15:00+00:00,long,99434.26,98430.08,SL,-1.0758,105.4527,1.0
2024-12-09 11:20:00+00:00,2024-12-09 14:35:00+00:00,short,98250.17,99242.6,SL,-1.0652,104.3875,1.0
2024-12-09 17:35:00+00:00,2024-12-10 16:40:00+00:00,short,97632.49,94712.98,TP,3.1215,107.509,1.0
2024-12-10 17:25:00+00:00,2024-12-10 19:10:00+00:00,short,94586.21,95541.63,SL,-1.0859,106.4231,1.0
2024-12-11 01:25:00+00:00,2024-12-11 02:35:00+00:00,short,95894.71,96863.34,SL,-1.075,105.3481,1.0
2024-12-11 06:10:00+00:00,2024-12-11 16:05:00+00:00,long,97717.64,100639.11,TP,3.1496,108.4977,1.0
2024-12-11 18:35:00+00:00,2024-12-12 19:35:00+00:00,long,100730.06,99712.79,SL,-1.0957,107.402,1.0
2024-12-12 22:15:00+00:00,2024-12-13 11:25:00+00:00,short,99586.04,100591.96,SL,-1.0849,106.3171,1.0
2024-12-13 18:35:00+00:00,2024-12-14 20:45:00+00:00,long,101843.51,100815.0,SL,-1.0737,105.2434,1.0
2024-12-14 22:10:00+00:00,2024-12-15 01:45:00+00:00,short,100885.44,101904.48,SL,-1.0631,104.1804,1.0
2024-12-15 04:10:00+00:00,2024-12-16 00:30:00+00:00,long,102185.91,105240.96,TP,3.1147,107.295,1.0
2024-12-16 07:15:00+00:00,2024-12-16 11:35:00+00:00,long,105381.88,104317.63,SL,-1.0836,106.2115,1.0
2024-12-16 18:20:00+00:00,2024-12-16 19:00:00+00:00,long,107582.77,106496.29,SL,-1.0726,105.1388,1.0
2024-12-17 01:20:00+00:00,2024-12-18 03:05:00+00:00,long,106082.62,105011.29,SL,-1.0618,104.077,1.0
2024-12-18 16:15:00+00:00,2024-12-18 17:35:00+00:00,short,103554.42,104600.43,SL,-1.0513,103.0258,1.0
2024-12-18 23:15:00+00:00,2024-12-19 07:20:00+00:00,short,100409.64,101423.88,SL,-1.0407,101.9851,1.0
2024-12-19 17:15:00+00:00,2024-12-19 19:50:00+00:00,short,99784.37,96800.52,TP,3.0497,105.0348,1.0
2024-12-20 01:35:00+00:00,2024-12-20 04:25:00+00:00,short,96689.32,97665.98,SL,-1.061,103.9738,1.0
2024-12-20 06:25:00+00:00,2024-12-20 07:00:00+00:00,short,96698.33,97675.08,SL,-1.0502,102.9236,1.0
2024-12-20 11:20:00+00:00,2024-12-20 13:30:00+00:00,short,93748.21,94695.16,SL,-1.0396,101.8839,1.0
2024-12-20 18:50:00+00:00,2024-12-20 21:05:00+00:00,long,97249.71,96267.59,SL,-1.0289,100.855,1.0
2024-12-21 02:35:00+00:00,2024-12-22 04:40:00+00:00,long,97547.29,96562.16,SL,-1.0185,99.8365,1.0
2024-12-22 09:05:00+00:00,2024-12-22 10:35:00+00:00,short,96324.85,97297.82,SL,-1.0084,98.828,1.0
2024-12-22 13:25:00+00:00,2024-12-22 14:20:00+00:00,long,97231.1,96249.17,SL,-0.9981,97.83,1.0
2024-12-23 02:15:00+00:00,2024-12-23 03:05:00+00:00,short,93932.61,94881.42,SL,-0.9882,96.8418,1.0
2024-12-23 08:30:00+00:00,2024-12-23 10:10:00+00:00,short,95179.14,96140.55,SL,-0.9782,95.8636,1.0
2024-12-23 12:20:00+00:00,2024-12-23 13:35:00+00:00,long,96238.9,95266.99,SL,-0.9681,94.8955,1.0
2024-12-23 14:40:00+00:00,2024-12-23 23:00:00+00:00,short,94280.98,95233.31,SL,-0.9585,93.9369,1.0
2024-12-24 03:10:00+00:00,2024-12-24 13:25:00+00:00,short,93816.01,94763.64,SL,-0.9489,92.9881,1.0
2024-12-24 15:35:00+00:00,2024-12-26 08:05:00+00:00,long,98093.09,97102.45,SL,-0.9391,92.049,1.0
2024-12-26 12:10:00+00:00,2024-12-26 16:15:00+00:00,short,95530.39,96495.34,SL,-0.9298,91.1192,1.0
2024-12-26 20:20:00+00:00,2024-12-27 02:25:00+00:00,short,95438.45,96402.47,SL,-0.9204,90.1988,1.0
2024-12-27 11:45:00+00:00,2024-12-27 14:35:00+00:00,long,96766.84,95789.59,SL,-0.9109,89.2879,1.0
2024-12-27 17:20:00+00:00,2024-12-27 18:15:00+00:00,short,93557.34,94502.37,SL,-0.9019,88.386,1.0
2024-12-27 22:45:00+00:00,2024-12-30 15:15:00+00:00,short,94481.51,91656.23,TP,2.643,91.029,1.0
2024-12-30 20:20:00+00:00,2024-12-30 21:20:00+00:00,long,94994.07,94034.72,SL,-0.9193,90.1097,1.0
2024-12-31 01:05:00+00:00,2024-12-31 08:20:00+00:00,short,92358.35,93291.26,SL,-0.9102,89.1995,1.0
2024-12-31 12:00:00+00:00,2024-12-31 17:35:00+00:00,long,94507.69,93553.26,SL,-0.9008,88.2987,1.0
2024-12-31 22:20:00+00:00,2025-01-01 19:45:00+00:00,short,93560.64,94505.7,SL,-0.8919,87.4068,1.0
2025-01-01 21:20:00+00:00,2025-01-03 16:20:00+00:00,long,95075.2,97917.66,TP,2.6132,90.02,1.0
2025-01-03 18:25:00+00:00,2025-01-05 14:15:00+00:00,long,98491.58,97496.91,SL,-0.9091,89.1108,1.0
2025-01-05 21:50:00+00:00,2025-01-06 15:15:00+00:00,long,98523.35,101468.9,TP,2.6641,91.775,1.0
2025-01-06 19:40:00+00:00,2025-01-07 11:35:00+00:00,long,102019.98,100989.68,SL,-0.9268,90.8482,1.0
2025-01-07 14:15:00+00:00,2025-01-07 17:05:00+00:00,short,100498.15,97492.95,TP,2.7166,93.5648,1.0
2025-01-07 18:45:00+00:00,2025-01-08 17:20:00+00:00,short,96590.35,93702.01,TP,2.7979,96.3627,1.0
2025-01-08 20:55:00+00:00,2025-01-08 22:35:00+00:00,short,93970.6,94919.8,SL,-0.9734,95.3893,1.0
2025-01-09 03:10:00+00:00,2025-01-09 20:20:00+00:00,short,94354.21,91532.74,TP,2.8524,98.2417,1.0
2025-01-09 22:10:00+00:00,2025-01-09 22:35:00+00:00,short,91677.65,92603.69,SL,-0.9923,97.2494,1.0
2025-01-10 05:05:00+00:00,2025-01-10 13:35:00+00:00,long,93843.88,92896.15,SL,-0.9821,96.2673,1.0
2025-01-10 16:35:00+00:00,2025-01-10 17:20:00+00:00,short,93237.0,94178.78,SL,-0.9724,95.2949,1.0
2025-01-10 19:55:00+00:00,2025-01-11 00:20:00+00:00,long,95336.59,94373.79,SL,-0.9624,94.3325,1.0
2025-01-11 04:25:00+00:00,2025-01-11 21:50:00+00:00,short,94061.8,95011.92,SL,-0.9529,93.3796,1.0
2025-01-12 03:55:00+00:00,2025-01-13 06:45:00+00:00,long,94631.86,93676.18,SL,-0.943,92.4366,1.0
2025-01-13 08:15:00+00:00,2025-01-13 12:35:00+00:00,short,93296.23,90506.39,TP,2.7641,95.2007,1.0
2025-01-13 14:05:00+00:00,2025-01-13 14:50:00+00:00,short,90831.29,91748.77,SL,-0.9616,94.2391,1.0
2025-01-14 01:05:00+00:00,2025-01-15 13:30:00+00:00,long,94875.14,97711.62,TP,2.8175,97.0566,1.0
2025-01-15 15:00:00+00:00,2025-01-16 14:40:00+00:00,long,99578.34,98572.7,SL,-0.9802,96.0764,1.0
2025-01-16 19:25:00+00:00,2025-01-17 12:45:00+00:00,long,99782.03,102765.21,TP,2.8724,98.9488,1.0
2025-01-17 14:30:00+00:00,2025-01-19 19:55:00+00:00,long,102883.09,105958.98,TP,2.9583,101.9071,1.0
2025-01-20 00:50:00+00:00,2025-01-20 02:15:00+00:00,short,100085.63,101096.6,SL,-1.0294,100.8777,1.0
2025-01-20 14:40:00+00:00,2025-01-20 15:20:00+00:00,long,107744.44,106656.33,SL,-1.0188,99.8589,1.0
2025-01-20 19:30:00+00:00,2025-01-20 20:30:00+00:00,short,102958.2,103998.18,SL,-1.0087,98.8503,1.0
2025-01-20 23:15:00+00:00,2025-01-21 11:35:00+00:00,short,102708.81,103746.27,SL,-0.9985,97.8518,1.0
2025-01-21 12:15:00+00:00,2025-01-21 14:35:00+00:00,long,104710.9,103653.42,SL,-0.9882,96.8636,1.0
2025-01-21 17:20:00+00:00,2025-01-22 13:35:00+00:00,long,105668.48,104601.33,SL,-0.9782,95.8853,1.0
2025-01-22 15:45:00+00:00,2025-01-23 14:45:00+00:00,short,104331.36,105385.21,SL,-0.9685,94.9168,1.0
2025-01-23 15:45:00+00:00,2025-01-23 19:45:00+00:00,long,105108.82,104047.33,SL,-0.9586,93.9582,1.0
2025-01-24 02:50:00+00:00,2025-01-24 03:35:00+00:00,short,103047.01,104087.89,SL,-0.9491,93.0092,1.0
2025-01-24 08:10:00+00:00,2025-01-25 10:00:00+00:00,long,105240.51,104177.69,SL,-0.9393,92.0699,1.0
2025-01-25 10:25:00+00:00,2025-01-26 04:25:00+00:00,short,104262.17,105315.32,SL,-0.93,91.1399,1.0
2025-01-26 10:40:00+00:00,2025-01-27 01:55:00+00:00,short,104489.56,101365.01,TP,2.7254,93.8652,1.0
2025-01-27 04:10:00+00:00,2025-01-27 07:25:00+00:00,short,101028.28,98007.23,TP,2.8069,96.6721,1.0
2025-01-27 17:55:00+00:00,2025-01-27 20:20:00+00:00,short,99140.09,100141.51,SL,-0.9765,95.6956,1.0
2025-01-27 23:10:00+00:00,2025-01-28 21:35:00+00:00,long,102003.72,100973.58,SL,-0.9664,94.7292,1.0
2025-01-29 06:00:00+00:00,2025-01-30 04:50:00+00:00,long,102301.5,105360.01,TP,2.8321,97.5613,1.0
2025-01-30 06:10:00+00:00,2025-01-31 02:20:00+00:00,long,105516.57,104450.96,SL,-0.9853,96.576,1.0
2025-01-31 04:50:00+00:00,2025-01-31 15:25:00+00:00,short,103982.04,105032.36,SL,-0.9755,95.6005,1.0
2025-02-01 07:20:00+00:00,2025-02-02 03:55:00+00:00,short,102281.99,99223.45,TP,2.8587,98.4592,1.0
2025-02-02 09:05:00+00:00,2025-02-03 00:15:00+00:00,short,99634.99,96655.6,TP,2.9442,101.4035,1.0
2025-02-03 04:25:00+00:00,2025-02-03 06:20:00+00:00,short,93343.61,94286.48,SL,-1.0243,100.3792,1.0
2025-02-03 12:35:00+00:00,2025-02-03 14:30:00+00:00,short,95075.87,96036.23,SL,-1.0139,99.3653,1.0
2025-02-03 18:00:00+00:00,2025-02-04 05:30:00+00:00,long,99377.93,98374.31,SL,-1.0035,98.3618,1.0
2025-02-04 07:35:00+00:00,2025-02-04 14:30:00+00:00,short,98872.38,99871.09,SL,-0.9936,97.3682,1.0
2025-02-04 16:10:00+00:00,2025-02-04 18:05:00+00:00,long,99871.98,98863.37,SL,-0.9833,96.3849,1.0
2025-02-05 06:20:00+00:00,2025-02-05 14:35:00+00:00,short,97862.21,98850.72,SL,-0.9736,95.4113,1.0
2025-02-05 17:20:00+00:00,2025-02-06 09:10:00+00:00,short,97470.25,98454.8,SL,-0.9637,94.4476,1.0
2025-02-06 10:50:00+00:00,2025-02-06 14:50:00+00:00,long,98969.91,97970.41,SL,-0.9538,93.4937,1.0
2025-02-06 16:20:00+00:00,2025-02-07 12:40:00+00:00,short,96975.47,97955.02,SL,-0.9444,92.5493,1.0
2025-02-07 13:40:00+00:00,2025-02-07 17:20:00+00:00,long,98347.83,97354.62,SL,-0.9347,91.6147,1.0
2025-02-08 07:00:00+00:00,2025-02-09 01:55:00+00:00,short,95990.39,96959.99,SL,-0.9254,90.6893,1.0
2025-02-09 03:25:00+00:00,2025-02-09 13:50:00+00:00,long,96913.41,95934.68,SL,-0.9159,89.7734,1.0
2025-02-09 19:25:00+00:00,2025-02-10 00:05:00+00:00,short,96042.34,97012.47,SL,-0.9068,88.8666,1.0
2025-02-10 05:45:00+00:00,2025-02-11 16:45:00+00:00,long,97453.74,96469.56,SL,-0.8975,87.9692,1.0
2025-02-11 18:05:00+00:00,2025-02-12 16:55:00+00:00,short,95885.71,96854.25,SL,-0.8886,87.0806,1.0
2025-02-12 19:45:00+00:00,2025-02-13 06:35:00+00:00,long,97227.12,96245.23,SL,-0.8794,86.2012,1.0
2025-02-13 13:00:00+00:00,2025-02-13 21:35:00+00:00,short,95761.21,96728.5,SL,-0.8707,85.3304,1.0
2025-02-13 23:45:00+00:00,2025-02-17 16:25:00+00:00,long,96551.63,95576.56,SL,-0.8618,84.4687,1.0
2025-02-17 18:45:00+00:00,2025-02-17 21:55:00+00:00,short,95348.31,96311.43,SL,-0.8532,83.6155,1.0
2025-02-18 00:20:00+00:00,2025-02-18 14:20:00+00:00,short,95590.45,96556.01,SL,-0.8446,82.7709,1.0
2025-02-18 16:10:00+00:00,2025-02-19 10:00:00+00:00,short,95393.04,96356.6,SL,-0.8361,81.9348,1.0
2025-02-19 12:05:00+00:00,2025-02-21 13:35:00+00:00,long,96491.25,99376.05,TP,2.4496,84.3844,1.0
2025-02-21 18:55:00+00:00,2025-02-24 22:00:00+00:00,short,96533.87,93647.21,TP,2.5233,86.9077,1.0
2025-02-25 05:25:00+00:00,2025-02-25 07:30:00+00:00,short,91909.23,89160.87,TP,2.5988,89.5065,1.0
2025-02-25 09:25:00+00:00,2025-02-26 14:20:00+00:00,short,88641.13,85990.5,TP,2.6765,92.1831,1.0
2025-02-26 17:30:00+00:00,2025-02-26 18:35:00+00:00,short,86589.36,84000.08,TP,2.7566,94.9396,1.0
2025-02-26 20:10:00+00:00,2025-02-26 20:40:00+00:00,short,83152.22,83992.14,SL,-0.959,93.9806,1.0
2025-02-27 09:35:00+00:00,2025-02-27 14:50:00+00:00,long,86239.64,85368.71,SL,-0.9491,93.0315,1.0
2025-02-27 16:25:00+00:00,2025-02-28 01:30:00+00:00,short,84909.52,82370.47,TP,2.7819,95.8134,1.0
2025-02-28 05:30:00+00:00,2025-02-28 09:30:00+00:00,short,79638.57,80442.99,SL,-0.9678,94.8456,1.0
2025-02-28 18:35:00+00:00,2025-02-28 20:30:00+00:00,long,84574.14,83720.02,SL,-0.9578,93.8878,1.0
2025-03-01 01:40:00+00:00,2025-03-02 15:30:00+00:00,long,84527.31,87054.42,TP,2.807,96.6947,1.0
2025-03-02 20:15:00+00:00,2025-03-03 01:10:00+00:00,long,93957.13,93008.26,SL,-0.9765,95.7182,1.0
2025-03-03 12:00:00+00:00,2025-03-03 14:35:00+00:00,long,93209.33,92268.01,SL,-0.9667,94.7516,1.0
2025-03-03 18:05:00+00:00,2025-03-03 18:35:00+00:00,short,89745.74,87062.08,TP,2.8334,97.5849,1.0
2025-03-03 19:55:00+00:00,2025-03-03 21:35:00+00:00,short,85597.44,86462.06,SL,-0.9857,96.5992,1.0
2025-03-04 00:30:00+00:00,2025-03-04 01:45:00+00:00,short,86105.67,83530.85,TP,2.8886,99.4878,1.0
2025-03-04 04:50:00+00:00,2025-03-04 14:35:00+00:00,short,83603.64,84448.12,SL,-1.0049,98.4829,1.0
2025-03-04 15:05:00+00:00,2025-03-04 16:55:00+00:00,short,82691.72,83526.99,SL,-0.9948,97.4881,1.0
2025-03-04 18:50:00+00:00,2025-03-05 10:25:00+00:00,long,86379.23,88961.71,TP,2.9146,100.4027,1.0
2025-03-05 12:15:00+00:00,2025-03-05 13:15:00+00:00,long,90607.93,89692.88,SL,-1.014,99.3888,1.0
2025-03-05 19:00:00+00:00,2025-03-06 05:55:00+00:00,long,90026.62,92718.15,TP,2.9714,102.3602,1.0
2025-03-06 13:55:00+00:00,2025-03-06 15:05:00+00:00,short,89560.17,90464.82,SL,-1.0339,101.3262,1.0
2025-03-07 02:55:00+00:00,2025-03-07 05:20:00+00:00,short,87226.28,88107.35,SL,-1.0235,100.3027,1.0
2025-03-07 13:05:00+00:00,2025-03-07 15:35:00+00:00,long,89389.16,88486.42,SL,-1.013,99.2898,1.0
2025-03-08 03:10:00+00:00,2025-03-08 06:05:00+00:00,short,85644.56,86509.66,SL,-1.0029,98.2869,1.0
2025-03-08 09:45:00+00:00,2025-03-09 14:05:00+00:00,short,86008.94,83437.01,TP,2.9391,101.2259,1.0
2025-03-09 15:45:00+00:00,2025-03-09 22:55:00+00:00,short,82954.12,80473.55,TP,3.027,104.2529,1.0
2025-03-10 00:35:00+00:00,2025-03-10 00:45:00+00:00,short,80206.83,81017.0,SL,-1.0531,103.1998,1.0
2025-03-10 07:25:00+00:00,2025-03-10 09:15:00+00:00,short,82107.79,82937.16,SL,-1.0424,102.1574,1.0
2025-03-10 16:20:00+00:00,2025-03-11 00:30:00+00:00,short,79485.27,77108.42,TP,3.0548,105.2122,1.0
2025-03-11 06:10:00+00:00,2025-03-11 14:35:00+00:00,long,80429.64,79617.38,SL,-1.0625,104.1497,1.0
2025-03-11 18:00:00+00:00,2025-03-12 15:00:00+00:00,long,81924.1,81096.75,SL,-1.0518,103.0979,1.0
2025-03-12 20:35:00+00:00,2025-03-13 13:45:00+00:00,long,83175.53,82335.54,SL,-1.0412,102.0567,1.0
2025-03-13 15:05:00+00:00,2025-03-14 08:15:00+00:00,short,81645.36,82470.06,SL,-1.0309,101.0258,1.0
2025-03-14 10:40:00+00:00,2025-03-16 22:50:00+00:00,long,83032.17,82193.63,SL,-1.0203,100.0056,1.0
2025-03-17 09:15:00+00:00,2025-03-17 14:05:00+00:00,long,83634.41,82789.79,SL,-1.01,98.9956,1.0
2025-03-17 17:10:00+00:00,2025-03-18 04:45:00+00:00,long,83777.36,82931.29,SL,-0.9998,97.9959,1.0
2025-03-18 06:05:00+00:00,2025-03-19 10:00:00+00:00,short,82806.0,83642.42,SL,-0.9899,97.006,1.0
2025-03-19 10:30:00+00:00,2025-03-19 22:40:00+00:00,long,83768.73,86273.16,TP,2.9002,99.9062,1.0
2025-03-20 07:05:00+00:00,2025-03-20 15:35:00+00:00,long,85855.96,84988.91,SL,-1.009,98.8972,1.0
2025-03-21 08:30:00+00:00,2025-03-23 11:00:00+00:00,short,83733.49,84579.28,SL,-0.999,97.8983,1.0
2025-03-23 13:20:00+00:00,2025-03-24 08:45:00+00:00,long,84948.71,87488.43,TP,2.9269,100.8251,1.0
2025-03-24 10:25:00+00:00,2025-03-25 03:35:00+00:00,long,87436.74,86553.72,SL,-1.0182,99.8069,1.0
2025-03-25 08:15:00+00:00,2025-03-25 09:50:00+00:00,short,86400.85,87273.58,SL,-1.0081,98.7988,1.0
2025-03-25 13:15:00+00:00,2025-03-26 14:15:00+00:00,long,87660.53,86775.24,SL,-0.9978,97.801,1.0
2025-03-26 16:55:00+00:00,2025-03-26 20:30:00+00:00,short,86505.34,87379.13,SL,-0.9879,96.8131,1.0
2025-03-27 09:50:00+00:00,2025-03-27 13:15:00+00:00,long,87514.04,86630.24,SL,-0.9777,95.8354,1.0
2025-03-27 20:40:00+00:00,2025-03-28 04:35:00+00:00,long,87324.16,86442.27,SL,-0.9678,94.8675,1.0
2025-03-28 06:50:00+00:00,2025-03-29 10:50:00+00:00,short,85747.38,83183.28,TP,2.8368,97.7044,1.0
2025-03-29 16:30:00+00:00,2025-03-30 02:35:00+00:00,short,82423.46,83256.02,SL,-0.9869,96.7174,1.0
2025-03-30 04:50:00+00:00,2025-03-30 16:30:00+00:00,long,83292.74,82451.57,SL,-0.9767,95.7407,1.0
2025-03-30 21:35:00+00:00,2025-03-31 14:10:00+00:00,short,82491.75,83325.0,SL,-0.9671,94.7736,1.0
2025-04-01 04:35:00+00:00,2025-04-02 13:45:00+00:00,long,83195.66,85682.96,TP,2.8334,97.6071,1.0
2025-04-02 14:55:00+00:00,2025-04-02 21:05:00+00:00,long,85886.34,85018.97,SL,-0.9857,96.6213,1.0
2025-04-03 14:45:00+00:00,2025-04-03 20:50:00+00:00,short,81531.13,82354.67,SL,-0.976,95.6454,1.0
2025-04-04 07:10:00+00:00,2025-04-04 10:50:00+00:00,long,83531.19,82687.61,SL,-0.9659,94.6794,1.0
2025-04-04 13:35:00+00:00,2025-04-04 13:55:00+00:00,short,82403.83,83236.19,SL,-0.9564,93.7231,1.0
2025-04-04 14:30:00+00:00,2025-04-04 15:00:00+00:00,short,82407.75,83240.15,SL,-0.9467,92.7764,1.0
2025-04-04 17:20:00+00:00,2025-04-05 13:45:00+00:00,long,83448.34,82605.6,SL,-0.9369,91.8394,1.0
2025-04-05 15:25:00+00:00,2025-04-05 23:50:00+00:00,short,82646.72,83481.54,SL,-0.9277,90.9118,1.0
2025-04-06 01:30:00+00:00,2025-04-06 08:10:00+00:00,long,83716.26,82870.81,SL,-0.9181,89.9936,1.0
2025-04-06 10:05:00+00:00,2025-04-06 18:05:00+00:00,short,82853.66,80376.09,TP,2.6911,92.6847,1.0
2025-04-06 20:50:00+00:00,2025-04-07 06:15:00+00:00,short,78827.62,76470.43,TP,2.7716,95.4563,1.0
2025-04-07 21:45:00+00:00,2025-04-08 14:55:00+00:00,long,79295.21,78494.41,SL,-0.964,94.4923,1.0
2025-04-08 16:20:00+00:00,2025-04-09 01:10:00+00:00,short,77872.2,75543.59,TP,2.8256,97.3179,1.0
2025-04-09 02:55:00+00:00,2025-04-09 04:40:00+00:00,short,75666.87,76431.18,SL,-0.983,96.3349,1.0
2025-04-09 09:50:00+00:00,2025-04-09 11:00:00+00:00,long,77465.76,76683.43,SL,-0.9729,95.362,1.0
2025-04-09 16:10:00+00:00,2025-04-09 17:20:00+00:00,long,77768.77,80093.82,TP,2.851,98.213,1.0
2025-04-09 20:55:00+00:00,2025-04-10 00:35:00+00:00,long,83212.32,82371.96,SL,-0.9919,97.2212,1.0
2025-04-10 12:25:00+00:00,2025-04-10 13:35:00+00:00,long,82016.14,81187.86,SL,-0.9818,96.2393,1.0
2025-04-11 00:20:00+00:00,2025-04-11 01:55:00+00:00,short,79520.41,80323.64,SL,-0.9721,95.2672,1.0
2025-04-11 03:55:00+00:00,2025-04-11 17:35:00+00:00,long,80851.07,83268.28,TP,2.8482,98.1154,1.0
2025-04-11 21:20:00+00:00,2025-04-11 23:15:00+00:00,long,84102.73,83253.38,SL,-0.9909,97.1245,1.0
2025-04-12 06:00:00+00:00,2025-04-15 09:55:00+00:00,long,83480.65,85976.47,TP,2.9037,100.0283,1.0
2025-04-15 17:25:00+00:00,2025-04-21 00:25:00+00:00,short,84730.67,85586.53,SL,-1.0104,99.0179,1.0
2025-04-21 05:00:00+00:00,2025-04-22 13:40:00+00:00,long,87398.63,90011.59,TP,2.9603,101.9782,1.0
2025-04-22 14:35:00+00:00,2025-04-22 23:25:00+00:00,long,90766.96,93480.62,TP,3.0488,105.0271,1.0
2025-04-23 06:05:00+00:00,2025-04-23 14:15:00+00:00,long,93694.61,92748.39,SL,-1.0607,103.9664,1.0
2025-04-23 18:05:00+00:00,2025-04-23 19:25:00+00:00,long,94033.4,93083.76,SL,-1.05,102.9164,1.0
2025-04-24 06:10:00+00:00,2025-04-24 16:10:00+00:00,short,92497.41,93431.73,SL,-1.0396,101.8769,1.0
2025-04-24 23:10:00+00:00,2025-05-01 12:20:00+00:00,long,93525.99,96322.14,TP,3.0458,104.9227,1.0
2025-05-01 12:45:00+00:00,2025-05-04 10:00:00+00:00,long,96419.63,95445.89,SL,-1.0596,103.8631,1.0
2025-05-04 13:15:00+00:00,2025-05-06 23:00:00+00:00,short,95346.02,96309.11,SL,-1.0491,102.814,1.0
2025-05-07 00:20:00+00:00,2025-05-07 03:10:00+00:00,long,97393.74,96410.16,SL,-1.0383,101.7756,1.0
2025-05-07 08:30:00+00:00,2025-05-07 18:05:00+00:00,long,96989.46,96009.96,SL,-1.0278,100.7478,1.0
2025-05-07 19:25:00+00:00,2025-05-07 21:25:00+00:00,short,95998.35,96968.03,SL,-1.0177,99.7302,1.0
2025-05-08 00:55:00+00:00,2025-05-08 15:35:00+00:00,long,97779.79,100703.11,TP,2.9816,102.7118,1.0
2025-05-08 20:00:00+00:00,2025-05-10 23:15:00+00:00,long,101496.14,104530.57,TP,3.0708,105.7826,1.0
2025-05-11 10:20:00+00:00,2025-05-12 14:25:00+00:00,long,104470.77,103415.72,SL,-1.0683,104.7143,1.0
2025-05-12 17:45:00+00:00,2025-05-13 11:25:00+00:00,short,102577.81,103613.95,SL,-1.0577,103.6566,1.0
2025-05-13 11:40:00+00:00,2025-05-14 17:20:00+00:00,long,103827.06,102778.51,SL,-1.0468,102.6097,1.0
2025-05-15 03:15:00+00:00,2025-05-15 17:20:00+00:00,short,102868.27,103907.34,SL,-1.0365,101.5733,1.0
2025-05-15 23:35:00+00:00,2025-05-17 01:20:00+00:00,long,103848.54,102799.78,SL,-1.0258,100.5475,1.0
2025-05-17 09:05:00+00:00,2025-05-18 13:40:00+00:00,short,103330.65,104374.39,SL,-1.0156,99.5318,1.0
2025-05-18 17:05:00+00:00,2025-05-18 18:00:00+00:00,long,105821.76,104753.07,SL,-1.0052,98.5267,1.0
2025-05-18 22:20:00+00:00,2025-05-19 03:50:00+00:00,long,104712.49,103655.0,SL,-0.995,97.5317,1.0
2025-05-19 04:45:00+00:00,2025-05-19 14:50:00+00:00,short,102969.72,104009.82,SL,-0.9852,96.5465,1.0
2025-05-19 17:00:00+00:00,2025-05-20 13:40:00+00:00,long,105448.09,104383.17,SL,-0.975,95.5715,1.0
2025-05-20 19:20:00+00:00,2025-05-21 16:30:00+00:00,long,106272.05,109449.26,TP,2.8573,98.4288,1.0
2025-05-21 16:45:00+00:00,2025-05-21 17:15:00+00:00,long,109703.98,108596.08,SL,-0.994,97.4347,1.0
2025-05-21 21:45:00+00:00,2025-05-22 17:20:00+00:00,long,108527.88,111772.54,TP,2.913,100.3477,1.0
2025-05-22 18:30:00+00:00,2025-05-23 04:35:00+00:00,long,111805.99,110676.86,SL,-1.0134,99.3343,1.0
2025-05-23 06:10:00+00:00,2025-05-23 23:40:00+00:00,short,110501.99,107197.65,TP,2.9704,102.3047,1.0
2025-05-24 02:00:00+00:00,2025-05-24 10:35:00+00:00,short,107509.3,108595.25,SL,-1.0334,101.2713,1.0
2025-05-24 16:45:00+00:00,2025-05-24 23:00:00+00:00,long,109055.28,107953.94,SL,-1.0227,100.2486,1.0
2025-05-25 00:45:00+00:00,2025-05-25 22:40:00+00:00,short,107514.86,108600.87,SL,-1.0126,99.236,1.0
2025-05-26 00:50:00+00:00,2025-05-27 01:15:00+00:00,long,109268.9,108165.39,SL,-1.0022,98.2338,1.0
2025-05-27 09:55:00+00:00,2025-05-27 22:15:00+00:00,long,109841.23,108731.95,SL,-0.9921,97.2417,1.0
2025-05-28 00:10:00+00:00,2025-05-30 00:50:00+00:00,short,108696.73,105446.37,TP,2.9078,100.1496,1.0
2025-05-30 16:05:00+00:00,2025-06-03 14:55:00+00:00,short,105493.24,106558.83,SL,-1.0116,99.1379,1.0
2025-06-04 00:25:00+00:00,2025-06-05 19:15:00+00:00,short,105277.48,102129.37,TP,2.9645,102.1025,1.0
2025-06-06 07:25:00+00:00,2025-06-09 09:40:00+00:00,long,103359.44,106449.58,TP,3.0526,105.155,1.0
2025-06-09 11:40:00+00:00,2025-06-12 20:10:00+00:00,long,107748.19,106660.04,SL,-1.062,104.0931,1.0
2025-06-13 00:00:00+00:00,2025-06-13 16:10:00+00:00,short,104785.74,105844.18,SL,-1.0514,103.0416,1.0
2025-06-13 23:00:00+00:00,2025-06-14 15:30:00+00:00,long,105850.57,104781.59,SL,-1.0406,102.001,1.0
2025-06-14 18:35:00+00:00,2025-06-15 00:50:00+00:00,short,104436.63,105491.54,SL,-1.0303,100.9707,1.0
2025-06-15 02:10:00+00:00,2025-06-15 21:10:00+00:00,long,105610.57,104544.01,SL,-1.0197,99.951,1.0
2025-06-16 04:15:00+00:00,2025-06-17 14:55:00+00:00,long,106037.33,104966.46,SL,-1.0094,98.9416,1.0
2025-06-17 16:50:00+00:00,2025-06-17 19:00:00+00:00,short,103543.98,104589.88,SL,-0.9994,97.9422,1.0
2025-06-17 22:00:00+00:00,2025-06-18 05:00:00+00:00,short,104414.44,105469.13,SL,-0.9893,96.9529,1.0
2025-06-18 05:30:00+00:00,2025-06-18 10:30:00+00:00,long,105531.21,104465.45,SL,-0.9791,95.9737,1.0
2025-06-18 18:55:00+00:00,2025-06-18 20:40:00+00:00,short,103613.03,104659.62,SL,-0.9694,95.0043,1.0
2025-06-19 00:20:00+00:00,2025-06-20 16:40:00+00:00,long,104964.82,103904.78,SL,-0.9594,94.0449,1.0
2025-06-20 16:55:00+00:00,2025-06-22 13:40:00+00:00,short,103660.24,100560.49,TP,2.8122,96.8571,1.0
2025-06-22 19:00:00+00:00,2025-06-22 22:05:00+00:00,short,99217.72,100219.92,SL,-0.9784,95.8787,1.0
2025-06-23 05:05:00+00:00,2025-06-23 16:25:00+00:00,long,101327.86,100304.55,SL,-0.9683,94.9104,1.0
2025-06-23 20:15:00+00:00,2025-06-25 09:05:00+00:00,long,103654.25,106753.21,TP,2.8375,97.748,1.0
2025-06-25 10:20:00+00:00,2025-07-01 14:45:00+00:00,long,106982.05,105901.64,SL,-0.9872,96.7608,1.0
2025-07-01 18:15:00+00:00,2025-07-02 07:35:00+00:00,short,105996.51,107067.18,SL,-0.9774,95.7834,1.0
2025-07-02 07:50:00+00:00,2025-07-09 19:30:00+00:00,long,107181.59,110385.99,TP,2.8636,98.6471,1.0
2025-07-09 22:45:00+00:00,2025-07-10 21:15:00+00:00,long,111411.13,114741.99,TP,2.9493,101.5963,1.0
2025-07-11 01:20:00+00:00,2025-07-14 02:20:00+00:00,long,115963.41,119430.36,TP,3.0374,104.6338,1.0
2025-07-14 05:20:00+00:00,2025-07-14 14:30:00+00:00,long,122416.65,121180.36,SL,-1.0567,103.5771,1.0
2025-07-14 17:50:00+00:00,2025-07-15 14:50:00+00:00,short,119828.11,116244.89,TP,3.0973,106.6743,1.0
2025-07-15 19:35:00+00:00,2025-07-15 22:50:00+00:00,short,116603.57,117781.38,SL,-1.0775,105.5968,1.0
2025-07-16 00:40:00+00:00,2025-07-21 00:15:00+00:00,long,117931.79,116740.8,SL,-1.0664,104.5304,1.0
2025-07-21 01:35:00+00:00,2025-07-21 02:25:00+00:00,short,116801.42,117981.23,SL,-1.0559,103.4745,1.0
2025-07-21 06:15:00+00:00,2025-07-21 18:45:00+00:00,long,118571.87,117374.41,SL,-1.045,102.4295,1.0
2025-07-22 04:45:00+00:00,2025-07-22 07:00:00+00:00,short,116776.31,117955.87,SL,-1.0346,101.3949,1.0
2025-07-22 08:50:00+00:00,2025-07-25 02:25:00+00:00,long,118310.29,117115.47,SL,-1.024,100.3709,1.0
2025-07-25 06:25:00+00:00,2025-07-25 11:00:00+00:00,short,115276.34,116440.75,SL,-1.0138,99.3571,1.0
2025-07-25 20:35:00+00:00,2025-07-31 23:35:00+00:00,long,117057.69,115875.53,SL,-1.0034,98.3537,1.0
2025-08-01 00:45:00+00:00,2025-08-07 11:00:00+00:00,short,115238.48,116402.51,SL,-0.9935,97.3602,1.0
2025-08-07 13:35:00+00:00,2025-08-11 02:00:00+00:00,long,116735.24,120225.28,TP,2.9108,100.271,1.0
2025-08-11 05:10:00+00:00,2025-08-11 10:45:00+00:00,long,122316.25,121080.98,SL,-1.0126,99.2583,1.0
2025-08-11 19:30:00+00:00,2025-08-13 11:00:00+00:00,short,119303.43,120508.51,SL,-1.0026,98.2557,1.0
2025-08-13 11:20:00+00:00,2025-08-14 12:30:00+00:00,long,120679.08,119460.34,SL,-0.9923,97.2634,1.0
2025-08-14 15:25:00+00:00,2025-08-19 04:05:00+00:00,short,118138.8,114606.1,TP,2.9085,100.1719,1.0
2025-08-19 05:55:00+00:00,2025-08-22 15:00:00+00:00,short,114961.4,116122.63,SL,-1.0118,99.1601,1.0
2025-08-22 18:05:00+00:00,2025-08-23 02:25:00+00:00,long,117229.72,116045.82,SL,-1.0014,98.1586,1.0
2025-08-23 10:15:00+00:00,2025-08-25 06:35:00+00:00,short,115593.41,112136.82,TP,2.9352,101.0939,1.0
2025-08-25 07:35:00+00:00,2025-08-28 04:45:00+00:00,short,111748.83,112877.61,SL,-1.0211,100.0727,1.0
2025-08-28 06:55:00+00:00,2025-08-28 19:40:00+00:00,long,113225.1,112081.64,SL,-1.0106,99.0621,1.0
2025-08-29 04:35:00+00:00,2025-08-29 14:55:00+00:00,short,111546.94,108211.36,TP,2.9623,102.0244,1.0
2025-08-29 17:15:00+00:00,2025-08-31 00:55:00+00:00,short,108276.66,109370.36,SL,-1.0305,100.9938,1.0
2025-08-31 13:00:00+00:00,2025-09-01 07:55:00+00:00,short,108279.7,109373.43,SL,-1.0201,99.9737,1.0
2025-09-01 15:00:00+00:00,2025-09-01 21:25:00+00:00,long,109279.94,108176.32,SL,-1.0096,98.964,1.0
2025-09-02 01:45:00+00:00,2025-09-02 12:50:00+00:00,long,109606.22,108499.31,SL,-0.9994,97.9646,1.0
2025-09-02 22:55:00+00:00,2025-09-04 14:00:00+00:00,long,111271.12,110147.39,SL,-0.9893,96.9753,1.0
2025-09-04 14:55:00+00:00,2025-09-04 22:55:00+00:00,short,109831.03,110940.43,SL,-0.9795,95.9957,1.0
2025-09-05 04:35:00+00:00,2025-09-06 16:15:00+00:00,long,111377.08,110252.28,SL,-0.9695,95.0262,1.0
2025-09-06 19:40:00+00:00,2025-09-07 08:20:00+00:00,short,110040.99,111152.52,SL,-0.9599,94.0664,1.0
2025-09-07 09:15:00+00:00,2025-09-11 13:55:00+00:00,long,111250.91,114576.98,TP,2.8123,96.8787,1.0
2025-09-11 16:35:00+00:00,2025-09-22 06:00:00+00:00,long,114536.44,113379.74,SL,-0.9784,95.9003,1.0
2025-09-22 09:20:00+00:00,2025-09-24 14:45:00+00:00,short,112328.6,113463.23,SL,-0.9687,94.9316,1.0
2025-09-24 16:40:00+00:00,2025-09-25 01:50:00+00:00,long,113688.19,112540.05,SL,-0.9587,93.9729,1.0
2025-09-25 03:15:00+00:00,2025-09-25 17:45:00+00:00,short,112555.2,109189.47,TP,2.8101,96.783,1.0
2025-09-25 20:05:00+00:00,2025-09-28 19:45:00+00:00,short,109275.1,110378.89,SL,-0.9776,95.8054,1.0
2025-09-28 22:05:00+00:00,2025-10-01 08:25:00+00:00,long,111472.06,114804.74,TP,2.8643,98.6697,1.0
2025-10-01 11:55:00+00:00,2025-10-02 18:50:00+00:00,long,116801.26,120293.27,TP,2.9499,101.6196,1.0
2025-10-03 12:55:00+00:00,2025-10-05 02:30:00+00:00,long,120370.11,123968.81,TP,3.0381,104.6577,1.0
2025-10-05 04:45:00+00:00,2025-10-05 09:25:00+00:00,long,125297.64,124032.26,SL,-1.0569,103.6008,1.0
2025-10-05 21:05:00+00:00,2025-10-06 00:15:00+00:00,short,122547.74,123785.6,SL,-1.0465,102.5543,1.0
2025-10-06 01:25:00+00:00,2025-10-07 15:05:00+00:00,long,123863.74,122612.84,SL,-1.0357,101.5186,1.0
2025-10-07 18:00:00+00:00,2025-10-07 20:25:00+00:00,short,120944.79,122166.46,SL,-1.0254,100.4932,1.0
2025-10-08 05:25:00+00:00,2025-10-08 08:40:00+00:00,short,121378.06,122604.1,SL,-1.0151,99.4781,1.0
2025-10-08 10:40:00+00:00,2025-10-09 02:40:00+00:00,long,122986.32,121744.28,SL,-1.0046,98.4735,1.0
2025-10-09 05:15:00+00:00,2025-10-09 12:15:00+00:00,short,121887.81,123119.0,SL,-0.9947,97.4788,1.0
2025-10-09 16:50:00+00:00,2025-10-09 21:35:00+00:00,short,120278.32,121493.25,SL,-0.9846,96.4941,1.0
2025-10-10 04:35:00+00:00,2025-10-10 13:35:00+00:00,short,121083.6,122306.67,SL,-0.9747,95.5195,1.0
2025-10-10 17:00:00+00:00,2025-10-10 20:55:00+00:00,short,118093.95,114562.59,TP,2.8563,98.3758,1.0
2025-10-11 00:00:00+00:00,2025-10-12 16:00:00+00:00,short,112766.67,113905.73,SL,-0.9937,97.3821,1.0
2025-10-12 16:40:00+00:00,2025-10-14 04:35:00+00:00,long,114254.48,113100.63,SL,-0.9835,96.3986,1.0
2025-10-14 04:45:00+00:00,2025-10-16 15:40:00+00:00,short,112999.25,109620.23,TP,2.8826,99.2812,1.0
2025-10-16 18:05:00+00:00,2025-10-17 01:00:00+00:00,short,107836.8,108926.05,SL,-1.0028,98.2784,1.0
2025-10-17 10:15:00+00:00,2025-10-17 11:10:00+00:00,short,104201.59,105254.13,SL,-0.9927,97.2857,1.0
2025-10-17 14:55:00+00:00,2025-10-17 15:45:00+00:00,short,105152.9,106215.05,SL,-0.9827,96.303,1.0
2025-10-18 11:35:00+00:00,2025-10-20 03:50:00+00:00,long,106983.72,110182.21,TP,2.8792,99.1822,1.0
2025-10-20 05:55:00+00:00,2025-10-20 17:40:00+00:00,long,111044.89,109923.45,SL,-1.0016,98.1805,1.0
2025-10-21 01:10:00+00:00,2025-10-21 14:55:00+00:00,short,110128.07,111240.47,SL,-0.9917,97.1888,1.0
2025-10-21 23:35:00+00:00,2025-10-23 06:15:00+00:00,short,108300.01,109393.95,SL,-0.9817,96.2071,1.0
2025-10-23 08:30:00+00:00,2025-10-26 11:40:00+00:00,long,109765.98,113047.65,TP,2.8763,99.0834,1.0
2025-10-26 19:25:00+00:00,2025-10-28 20:25:00+00:00,long,113701.81,112553.53,SL,-1.0006,98.0828,1.0
2025-10-28 23:20:00+00:00,2025-10-29 18:35:00+00:00,short,112895.65,109519.73,TP,2.933,101.0157,1.0
2025-10-29 19:35:00+00:00,2025-10-29 21:20:00+00:00,short,110422.61,111537.99,SL,-1.0204,99.9954,1.0
2025-10-30 11:55:00+00:00,2025-10-31 15:05:00+00:00,short,109706.32,110814.46,SL,-1.0101,98.9853,1.0
2025-11-01 00:00:00+00:00,2025-11-02 04:50:00+00:00,short,109433.5,110538.88,SL,-0.9999,97.9855,1.0
2025-11-02 06:45:00+00:00,2025-11-02 22:30:00+00:00,long,110702.09,109584.11,SL,-0.9896,96.9959,1.0
2025-11-03 02:25:00+00:00,2025-11-03 15:30:00+00:00,short,109238.82,105972.25,TP,2.9005,99.8964,1.0
2025-11-03 20:05:00+00:00,2025-11-04 14:30:00+00:00,short,106859.89,103664.46,TP,2.9872,102.8836,1.0
2025-11-04 18:00:00+00:00,2025-11-05 02:40:00+00:00,short,100639.09,101655.64,SL,-1.0392,101.8444,1.0
2025-11-05 08:00:00+00:00,2025-11-05 13:40:00+00:00,short,101729.65,102757.22,SL,-1.0287,100.8156,1.0
2025-11-05 13:45:00+00:00,2025-11-06 15:40:00+00:00,long,102943.87,101904.24,SL,-1.0181,99.7975,1.0
2025-11-06 16:10:00+00:00,2025-11-07 18:15:00+00:00,short,101780.8,102808.89,SL,-1.0081,98.7894,1.0
2025-11-07 19:40:00+00:00,2025-11-08 06:00:00+00:00,long,103267.38,102224.48,SL,-0.9977,97.7918,1.0
2025-11-08 07:20:00+00:00,2025-11-09 14:05:00+00:00,short,101961.87,102991.79,SL,-0.9878,96.804,1.0
2025-11-09 15:30:00+00:00,2025-11-11 01:15:00+00:00,long,103690.43,106790.46,TP,2.8941,99.6981,1.0
2025-11-11 02:35:00+00:00,2025-11-11 04:45:00+00:00,long,106883.46,105804.04,SL,-1.0069,98.6913,1.0
2025-11-11 06:05:00+00:00,2025-11-12 16:10:00+00:00,short,104984.71,101845.35,TP,2.9512,101.6424,1.0
2025-11-12 19:10:00+00:00,2025-11-13 01:10:00+00:00,short,101147.0,102168.69,SL,-1.0267,100.6157,1.0
2025-11-13 15:30:00+00:00,2025-11-13 18:30:00+00:00,short,101855.85,98810.06,TP,3.0087,103.6245,1.0
2025-11-14 06:35:00+00:00,2025-11-16 21:05:00+00:00,short,96765.88,93872.29,TP,3.0987,106.7231,1.0
2025-11-17 03:20:00+00:00,2025-11-17 13:30:00+00:00,long,95449.86,94485.92,SL,-1.0778,105.6453,1.0
2025-11-17 15:15:00+00:00,2025-11-18 02:15:00+00:00,short,93885.61,91078.15,TP,3.1591,108.8044,1.0
2025-11-18 04:20:00+00:00,2025-11-18 08:15:00+00:00,short,89984.99,90893.93,SL,-1.099,107.7054,1.0
2025-11-19 10:45:00+00:00,2025-11-19 15:05:00+00:00,short,91290.47,92212.6,SL,-1.0879,106.6175,1.0
2025-11-19 19:35:00+00:00,2025-11-19 21:00:00+00:00,short,88724.68,89620.88,SL,-1.0769,105.5405,1.0
2025-11-20 00:25:00+00:00,2025-11-20 14:05:00+00:00,long,91864.37,90936.63,SL,-1.0659,104.4747,1.0
2025-11-21 01:15:00+00:00,2025-11-21 07:30:00+00:00,short,86919.15,84320.0,TP,3.1241,107.5988,1.0
2025-11-21 08:45:00+00:00,2025-11-21 12:20:00+00:00,short,83711.64,81208.41,TP,3.2175,110.8163,1.0
2025-11-22 01:45:00+00:00,2025-11-22 04:10:00+00:00,long,85057.67,84198.68,SL,-1.1191,109.6972,1.0
2025-11-22 09:40:00+00:00,2025-11-22 16:40:00+00:00,short,83931.62,84779.41,SL,-1.1081,108.5891,1.0
2025-11-22 18:55:00+00:00,2025-11-23 16:00:00+00:00,long,84668.26,87199.58,TP,3.2465,111.8356,1.0
2025-11-23 20:20:00+00:00,2025-11-23 23:35:00+00:00,long,87681.11,86795.62,SL,-1.1294,110.7062,1.0
2025-11-24 12:15:00+00:00,2025-11-24 16:00:00+00:00,short,85950.99,86819.19,SL,-1.1182,109.588,1.0
2025-11-24 17:25:00+00:00,2025-11-25 09:10:00+00:00,long,87726.18,86840.24,SL,-1.1067,108.4812,1.0
2025-11-26 00:25:00+00:00,2025-11-26 10:30:00+00:00,long,87639.42,86754.35,SL,-1.0956,107.3857,1.0
2025-11-26 12:10:00+00:00,2025-11-26 14:45:00+00:00,short,86551.15,87425.41,SL,-1.0847,106.301,1.0
2025-11-26 21:25:00+00:00,2025-12-01 00:05:00+00:00,long,90279.03,89367.3,SL,-1.0735,105.2274,1.0
2025-12-01 04:25:00+00:00,2025-12-01 08:05:00+00:00,short,85725.1,86591.01,SL,-1.0629,104.1645,1.0
2025-12-02 00:55:00+00:00,2025-12-02 14:45:00+00:00,long,86521.98,89108.73,TP,3.1142,107.2787,1.0
2025-12-02 17:20:00+00:00,2025-12-02 20:35:00+00:00,long,91691.67,90765.67,SL,-1.0834,106.1953,1.0
2025-12-03 04:35:00+00:00,2025-12-03 14:00:00+00:00,long,93060.57,92120.75,SL,-1.0725,105.1229,1.0
2025-12-03 19:50:00+00:00,2025-12-04 14:50:00+00:00,long,93003.9,92064.65,SL,-1.0616,104.0612,1.0
2025-12-04 18:50:00+00:00,2025-12-05 16:15:00+00:00,short,92040.79,89288.49,TP,3.1117,107.173,1.0
2025-12-05 18:55:00+00:00,2025-12-06 14:15:00+00:00,short,88927.15,89825.4,SL,-1.0826,106.0904,1.0
2025-12-06 16:05:00+00:00,2025-12-06 23:20:00+00:00,long,89983.2,89074.46,SL,-1.0714,105.019,1.0
2025-12-07 09:20:00+00:00,2025-12-07 17:15:00+00:00,short,89119.34,90019.53,SL,-1.0608,103.9582,1.0
2025-12-08 02:55:00+00:00,2025-12-08 15:10:00+00:00,long,91373.32,90450.54,SL,-1.0499,102.9083,1.0
2025-12-08 18:55:00+00:00,2025-12-08 20:50:00+00:00,short,89912.69,90820.9,SL,-1.0395,101.8689,1.0
2025-12-09 00:30:00+00:00,2025-12-09 15:35:00+00:00,short,90435.49,91348.97,SL,-1.029,100.8399,1.0
2025-12-10 06:40:00+00:00,2025-12-10 15:30:00+00:00,long,92697.09,91760.94,SL,-1.0184,99.8215,1.0
2025-12-10 19:10:00+00:00,2025-12-10 21:05:00+00:00,long,93011.01,92071.69,SL,-1.0081,98.8134,1.0
2025-12-11 01:50:00+00:00,2025-12-11 20:55:00+00:00,short,90721.22,91637.59,SL,-0.9981,97.8153,1.0
2025-12-12 19:10:00+00:00,2025-12-15 15:15:00+00:00,short,90031.16,87338.95,TP,2.925,100.7403,1.0
2025-12-15 16:45:00+00:00,2025-12-16 10:40:00+00:00,short,86193.84,87064.48,SL,-1.0176,99.7227,1.0
2025-12-16 11:50:00+00:00,2025-12-17 05:20:00+00:00,long,87244.04,86362.97,SL,-1.0071,98.7156,1.0
2025-12-17 07:15:00+00:00,2025-12-17 13:45:00+00:00,short,86602.87,87477.64,SL,-0.9971,97.7185,1.0
2025-12-17 14:50:00+00:00,2025-12-17 15:45:00+00:00,long,89291.64,88389.88,SL,-0.9869,96.7316,1.0
2025-12-17 18:40:00+00:00,2025-12-18 04:00:00+00:00,short,85929.87,86797.84,SL,-0.9771,95.7545,1.0
2025-12-18 08:15:00+00:00,2025-12-18 17:20:00+00:00,long,86848.68,85971.6,SL,-0.967,94.7875,1.0
2025-12-18 19:00:00+00:00,2025-12-19 03:10:00+00:00,short,85495.47,86359.06,SL,-0.9574,93.83,1.0
2025-12-19 06:50:00+00:00,2025-12-22 09:55:00+00:00,long,87208.71,89815.99,TP,2.8052,96.6353,1.0
2025-12-22 11:45:00+00:00,2025-12-22 19:00:00+00:00,long,90012.0,89102.97,SL,-0.9759,95.6594,1.0
2025-12-23 02:35:00+00:00,2025-12-26 02:50:00+00:00,short,88377.55,89270.25,SL,-0.9663,94.6931,1.0
2025-12-26 06:10:00+00:00,2025-12-26 14:45:00+00:00,long,89099.99,88200.17,SL,-0.9563,93.7368,1.0
2025-12-26 23:25:00+00:00,2025-12-29 00:45:00+00:00,short,87442.77,88326.03,SL,-0.9468,92.79,1.0
2025-12-29 01:45:00+00:00,2025-12-29 12:05:00+00:00,long,88402.02,87509.25,SL,-0.9371,91.8529,1.0
2025-12-29 12:10:00+00:00,2025-12-29 14:30:00+00:00,short,86954.04,87832.37,SL,-0.9278,90.9251,1.0
2025-12-29 20:25:00+00:00,2025-12-30 14:20:00+00:00,short,87330.67,88212.79,SL,-0.9184,90.0066,1.0
2025-12-30 14:45:00+00:00,2025-12-31 20:30:00+00:00,long,88337.39,87445.27,SL,-0.909,89.0977,1.0
2026-01-01 07:25:00+00:00,2026-01-01 22:05:00+00:00,short,87596.92,88481.74,SL,-0.9,88.1977,1.0
2026-01-02 08:10:00+00:00,2026-01-05 00:00:00+00:00,long,89084.91,91748.28,TP,2.6368,90.8345,1.0
2026-01-05 11:20:00+00:00,2026-01-06 17:45:00+00:00,long,93120.78,92180.35,SL,-0.9173,89.9172,1.0
2026-01-07 05:45:00+00:00,2026-01-08 14:00:00+00:00,short,92567.93,89799.87,TP,2.6888,92.606,1.0
2026-01-10 06:20:00+00:00,2026-01-12 01:00:00+00:00,short,90469.22,91383.05,SL,-0.9354,91.6706,1.0
2026-01-12 02:10:00+00:00,2026-01-12 08:35:00+00:00,long,91740.83,90814.34,SL,-0.9258,90.7448,1.0
2026-01-12 13:40:00+00:00,2026-01-12 15:55:00+00:00,short,90643.98,91559.58,SL,-0.9166,89.8282,1.0
2026-01-12 18:25:00+00:00,2026-01-12 21:50:00+00:00,long,91933.19,91004.76,SL,-0.9072,88.921,1.0
2026-01-13 02:35:00+00:00,2026-01-13 05:20:00+00:00,short,91156.65,92077.43,SL,-0.8982,88.0228,1.0
2026-01-13 06:55:00+00:00,2026-01-13 22:10:00+00:00,long,92193.58,94949.89,TP,2.6316,90.6544,1.0
2026-01-14 02:15:00+00:00,2026-01-16 15:45:00+00:00,long,95429.6,94465.86,SL,-0.9155,89.7389,1.0
2026-01-16 23:25:00+00:00,2026-01-18 23:25:00+00:00,long,95566.56,94601.43,SL,-0.9063,88.8326,1.0
2026-01-19 06:35:00+00:00,2026-01-20 17:40:00+00:00,short,92490.76,89725.01,TP,2.6564,91.489,1.0
2026-01-20 18:35:00+00:00,2026-01-23 17:25:00+00:00,short,89579.84,90484.69,SL,-0.9241,90.5649,1.0
2026-01-23 23:40:00+00:00,2026-01-25 19:20:00+00:00,short,89508.15,86831.59,TP,2.7082,93.273,1.0
2026-01-25 22:05:00+00:00,2026-01-26 01:05:00+00:00,short,86422.54,87295.49,SL,-0.9422,92.3309,1.0
2026-01-26 06:45:00+00:00,2026-01-29 14:55:00+00:00,long,87986.8,87098.22,SL,-0.9324,91.3984,1.0
2026-01-29 17:55:00+00:00,2026-01-30 02:20:00+00:00,short,84253.23,81733.81,TP,2.7331,94.1315,1.0
2026-01-30 08:30:00+00:00,2026-01-30 14:35:00+00:00,short,82511.64,83345.09,SL,-0.9508,93.1807,1.0
2026-01-30 17:00:00+00:00,2026-01-30 18:45:00+00:00,short,82731.73,83567.4,SL,-0.9412,92.2395,1.0
2026-01-30 21:20:00+00:00,2026-01-31 07:35:00+00:00,long,84360.01,83508.05,SL,-0.9315,91.3079,1.0
2026-01-31 11:40:00+00:00,2026-01-31 16:45:00+00:00,short,82975.7,80494.48,TP,2.7304,94.0383,1.0
2026-01-31 18:35:00+00:00,2026-01-31 19:05:00+00:00,short,77541.04,78324.28,SL,-0.9499,93.0884,1.0
2026-02-01 06:35:00+00:00,2026-02-01 23:05:00+00:00,short,78512.14,76164.39,TP,2.7836,95.8721,1.0
2026-02-02 05:10:00+00:00,2026-02-02 06:40:00+00:00,short,75518.11,76280.92,SL,-0.9684,94.9037,1.0
2026-02-02 11:35:00+00:00,2026-02-03 15:10:00+00:00,long,77960.49,77173.16,SL,-0.9584,93.9452,1.0
2026-02-03 16:15:00+00:00,2026-02-03 18:10:00+00:00,short,77173.89,74866.16,TP,2.8092,96.7545,1.0
2026-02-03 23:50:00+00:00,2026-02-04 01:10:00+00:00,short,75722.73,76487.6,SL,-0.9773,95.7772,1.0
2026-02-04 09:15:00+00:00,2026-02-04 16:00:00+00:00,short,76246.17,73966.19,TP,2.864,98.6412,1.0
2026-02-04 16:30:00+00:00,2026-02-05 03:35:00+00:00,short,73567.18,71367.3,TP,2.9497,101.5909,1.0
2026-02-05 05:20:00+00:00,2026-02-05 05:40:00+00:00,short,70298.14,71008.22,SL,-1.0262,100.5647,1.0
2026-02-05 15:00:00+00:00,2026-02-05 15:25:00+00:00,short,68974.45,66911.91,TP,3.0072,103.5719,1.0
2026-02-05 17:15:00+00:00,2026-02-05 17:20:00+00:00,short,66869.19,67544.64,SL,-1.0462,102.5257,1.0
2026-02-05 17:30:00+00:00,2026-02-05 20:15:00+00:00,short,66767.56,64771.01,TP,3.0658,105.5915,1.0
2026-02-05 21:15:00+00:00,2026-02-05 21:20:00+00:00,short,62954.53,63590.44,SL,-1.0666,104.5249,1.0
2026-02-05 23:40:00+00:00,2026-02-06 00:05:00+00:00,short,63465.73,61567.92,TP,3.1256,107.6505,1.0
2026-02-06 08:15:00+00:00,2026-02-06 09:20:00+00:00,short,64840.06,65495.0,SL,-1.0874,106.5632,1.0
2026-02-06 13:00:00+00:00,2026-02-06 15:45:00+00:00,long,66883.39,68883.0,TP,3.1859,109.7491,1.0
2026-02-06 16:00:00+00:00,2026-02-06 17:30:00+00:00,long,68915.73,70976.1,TP,3.2812,113.0303,1.0
2026-02-06 19:30:00+00:00,2026-02-07 06:50:00+00:00,long,70407.05,69696.01,SL,-1.1415,111.8888,1.0
2026-02-07 09:40:00+00:00,2026-02-07 12:10:00+00:00,short,68110.18,68798.16,SL,-1.1302,110.7586,1.0
2026-02-07 18:15:00+00:00,2026-02-08 13:15:00+00:00,long,69273.53,71344.6,TP,3.3113,114.0699,1.0
2026-02-08 13:55:00+00:00,2026-02-08 16:40:00+00:00,long,71521.92,70799.62,SL,-1.152,112.9179,1.0
2026-02-08 19:40:00+00:00,2026-02-08 23:20:00+00:00,long,71311.81,70591.63,SL,-1.1404,111.7776,1.0
2026-02-09 10:00:00+00:00,2026-02-09 17:00:00+00:00,short,69456.04,70157.62,SL,-1.1291,110.6485,1.0
2026-02-09 19:30:00+00:00,2026-02-09 21:30:00+00:00,long,70771.08,70056.36,SL,-1.1174,109.5311,1.0
2026-02-10 05:25:00+00:00,2026-02-11 05:30:00+00:00,short,69519.85,67441.0,TP,3.2753,112.8064,1.0
2026-02-11 06:10:00+00:00,2026-02-11 14:00:00+00:00,short,66909.67,67585.52,SL,-1.1395,111.6669,1.0
2026-02-11 16:40:00+00:00,2026-02-11 18:20:00+00:00,short,66120.89,66788.77,SL,-1.1279,110.539,1.0
2026-02-12 07:05:00+00:00,2026-02-12 10:30:00+00:00,short,67000.74,67677.51,SL,-1.1166,109.4224,1.0
2026-02-12 13:40:00+00:00,2026-02-12 15:00:00+00:00,long,68123.64,67435.66,SL,-1.1051,108.3174,1.0
2026-02-12 20:25:00+00:00,2026-02-12 22:40:00+00:00,short,65499.15,66160.76,SL,-1.0941,107.2232,1.0
2026-02-13 05:55:00+00:00,2026-02-13 09:30:00+00:00,short,66169.17,66837.55,SL,-1.0831,106.1402,1.0
2026-02-13 11:55:00+00:00,2026-02-13 16:35:00+00:00,long,67178.14,69186.56,TP,3.1733,109.3135,1.0
2026-02-14 11:05:00+00:00,2026-02-15 13:25:00+00:00,long,69828.37,69123.18,SL,-1.104,108.2095,1.0
2026-02-15 17:40:00+00:00,2026-02-16 12:25:00+00:00,short,68816.18,69511.29,SL,-1.093,107.1165,1.0
2026-02-16 15:30:00+00:00,2026-02-16 18:05:00+00:00,short,67434.17,68115.32,SL,-1.082,106.0345,1.0
2026-02-16 23:50:00+00:00,2026-02-17 05:15:00+00:00,long,68985.55,68288.86,SL,-1.0708,104.9636,1.0
2026-02-17 07:20:00+00:00,2026-02-18 19:30:00+00:00,short,68297.27,66254.98,TP,3.1387,108.1024,1.0
2026-02-19 07:15:00+00:00,2026-02-19 11:55:00+00:00,long,67182.5,66504.02,SL,-1.0917,107.0107,1.0
2026-02-19 13:00:00+00:00,2026-02-19 20:50:00+00:00,short,66433.36,67104.4,SL,-1.0809,105.9297,1.0
2026-02-19 20:55:00+00:00,2026-02-23 01:00:00+00:00,long,67155.82,66477.62,SL,-1.0698,104.86,1.0
2026-02-23 15:25:00+00:00,2026-02-24 01:15:00+00:00,short,65799.96,63832.34,TP,3.1356,107.9956,1.0
2026-02-24 03:00:00+00:00,2026-02-24 19:00:00+00:00,short,63853.13,64498.11,SL,-1.0909,106.9047,1.0
2026-02-25 14:55:00+00:00,2026-02-25 18:25:00+00:00,long,66979.9,68982.4,TP,3.1961,110.1008,1.0
2026-02-25 20:45:00+00:00,2026-02-25 22:40:00+00:00,long,69258.93,68559.48,SL,-1.1119,108.9889,1.0
2026-02-26 16:50:00+00:00,2026-02-26 18:30:00+00:00,short,66598.02,67270.73,SL,-1.1009,107.888,1.0
2026-02-26 22:20:00+00:00,2026-02-27 04:15:00+00:00,short,67372.72,68053.25,SL,-1.0898,106.7983,1.0
2026-02-27 14:45:00+00:00,2026-02-28 06:35:00+00:00,short,65879.03,63909.05,TP,3.1936,109.9919,1.0
2026-02-28 17:55:00+00:00,2026-02-28 22:35:00+00:00,long,65449.16,67405.9,TP,3.2884,113.2803,1.0
2026-03-01 12:30:00+00:00,2026-03-01 13:50:00+00:00,short,66287.78,66957.35,SL,-1.1442,112.136,1.0
2026-03-01 15:10:00+00:00,2026-03-01 16:45:00+00:00,long,67121.89,66444.03,SL,-1.1325,111.0036,1.0
2026-03-01 19:15:00+00:00,2026-03-02 01:05:00+00:00,short,66050.99,66718.18,SL,-1.1212,109.8823,1.0
2026-03-02 03:15:00+00:00,2026-03-02 07:00:00+00:00,long,66639.1,65966.11,SL,-1.1097,108.7726,1.0
2026-03-03 14:30:00+00:00,2026-03-03 15:35:00+00:00,short,66863.3,67538.69,SL,-1.0987,107.6739,1.0
2026-03-03 18:25:00+00:00,2026-03-04 03:30:00+00:00,long,68472.73,67781.22,SL,-1.0874,106.5865,1.0
2026-03-04 07:25:00+00:00,2026-03-04 08:55:00+00:00,long,68773.33,70829.44,TP,3.1866,109.7731,1.0
2026-03-04 15:10:00+00:00,2026-03-05 15:25:00+00:00,long,72010.96,71283.72,SL,-1.1086,108.6645,1.0
2026-03-05 17:30:00+00:00,2026-03-05 21:15:00+00:00,short,70760.14,71474.89,SL,-1.0976,107.5669,1.0
2026-03-06 01:10:00+00:00,2026-03-06 14:05:00+00:00,short,70792.92,68676.0,TP,3.2166,110.7835,1.0
2026-03-06 17:30:00+00:00,2026-03-08 22:00:00+00:00,short,68145.48,66107.73,TP,3.3128,114.0962,1.0
2026-03-09 05:40:00+00:00,2026-03-09 07:00:00+00:00,long,67939.04,67252.93,SL,-1.1523,112.944,1.0
2026-03-09 16:45:00+00:00,2026-03-10 09:20:00+00:00,long,69022.85,71086.43,TP,3.3767,116.3207,1.0
2026-03-10 09:25:00+00:00,2026-03-10 12:00:00+00:00,long,71235.12,70515.72,SL,-1.1747,115.146,1.0
2026-03-10 16:20:00+00:00,2026-03-10 17:35:00+00:00,long,71538.54,70816.08,SL,-1.1629,113.9831,1.0
2026-03-11 08:50:00+00:00,2026-03-11 13:20:00+00:00,short,69528.9,70231.21,SL,-1.1513,112.8318,1.0
2026-03-11 16:20:00+00:00,2026-03-12 02:15:00+00:00,long,70407.04,69696.0,SL,-1.1395,111.6923,1.0
2026-03-12 04:55:00+00:00,2026-03-12 09:40:00+00:00,short,69365.06,70065.72,SL,-1.1282,110.5641,1.0
2026-03-12 21:15:00+00:00,2026-03-13 10:15:00+00:00,long,70328.83,72431.45,TP,3.3055,113.8696,1.0
2026-03-13 12:45:00+00:00,2026-03-13 15:40:00+00:00,long,72753.2,72018.47,SL,-1.15,112.7196,1.0
2026-03-14 00:40:00+00:00,2026-03-14 04:40:00+00:00,short,70561.69,71274.44,SL,-1.1386,111.581,1.0
2026-03-14 07:50:00+00:00,2026-03-15 02:05:00+00:00,short,70507.08,71219.27,SL,-1.1271,110.454,1.0
2026-03-15 04:10:00+00:00,2026-03-16 03:35:00+00:00,long,71593.2,73733.62,TP,3.3022,113.7562,1.0
2026-03-16 04:50:00+00:00,2026-03-16 07:35:00+00:00,long,74352.95,73602.06,SL,-1.1488,112.6074,1.0
2026-03-16 12:20:00+00:00,2026-03-18 11:35:00+00:00,long,73769.21,73024.21,SL,-1.1372,111.4702,1.0
2026-03-18 14:15:00+00:00,2026-03-19 07:20:00+00:00,short,71920.22,69769.59,TP,3.3333,114.8035,1.0
2026-03-19 14:25:00+00:00,2026-03-19 17:50:00+00:00,short,69158.83,69857.41,SL,-1.1596,113.6438,1.0
2026-03-20 02:55:00+00:00,2026-03-20 14:50:00+00:00,long,70422.51,69711.31,SL,-1.1477,112.4961,1.0
2026-03-20 16:40:00+00:00,2026-03-20 21:15:00+00:00,short,69764.67,70469.37,SL,-1.1363,111.3598,1.0
2026-03-21 00:20:00+00:00,2026-03-21 23:45:00+00:00,long,70696.13,69982.17,SL,-1.1246,110.2352,1.0
2026-03-22 07:35:00+00:00,2026-03-23 11:05:00+00:00,short,69006.04,69703.07,SL,-1.1135,109.1217,1.0
2026-03-23 13:40:00+00:00,2026-03-23 15:50:00+00:00,long,71227.11,70507.79,SL,-1.102,108.0197,1.0
2026-03-24 09:40:00+00:00,2026-03-24 13:35:00+00:00,long,71249.82,70530.27,SL,-1.0909,106.9288,1.0
2026-03-24 16:30:00+00:00,2026-03-24 22:05:00+00:00,short,69720.68,70424.93,SL,-1.0801,105.8487,1.0
2026-03-25 00:35:00+00:00,2026-03-26 05:50:00+00:00,long,70904.49,70188.43,SL,-1.069,104.7797,1.0
2026-03-26 08:20:00+00:00,2026-03-27 08:35:00+00:00,short,69867.54,67778.29,TP,3.1332,107.913,1.0
2026-03-27 10:35:00+00:00,2026-03-30 05:05:00+00:00,short,66977.39,67653.93,SL,-1.09,106.8229,1.0
2026-03-30 13:20:00+00:00,2026-03-30 14:25:00+00:00,long,68036.82,67349.72,SL,-1.0788,105.7441,1.0
2026-03-30 19:05:00+00:00,2026-03-31 00:45:00+00:00,short,66433.76,67104.8,SL,-1.0681,104.676,1.0
2026-03-31 20:05:00+00:00,2026-04-02 01:30:00+00:00,long,68060.36,67373.01,SL,-1.0571,103.6189,1.0
2026-04-02 04:40:00+00:00,2026-04-02 14:40:00+00:00,short,66280.4,66949.9,SL,-1.0467,102.5722,1.0
2026-04-02 20:25:00+00:00,2026-04-03 02:35:00+00:00,long,67059.7,66382.46,SL,-1.0359,101.5364,1.0
2026-04-03 04:30:00+00:00,2026-04-03 08:05:00+00:00,short,66531.05,67203.08,SL,-1.0256,100.5107,1.0
2026-04-03 16:25:00+00:00,2026-04-05 23:30:00+00:00,long,66999.84,69002.93,TP,3.005,103.5157,1.0
2026-04-06 02:15:00+00:00,2026-04-06 23:25:00+00:00,long,69262.26,68562.78,SL,-1.0454,102.4703,1.0
2026-04-07 01:05:00+00:00,2026-04-07 20:00:00+00:00,short,68584.29,69277.06,SL,-1.0351,101.4352,1.0
2026-04-07 21:05:00+00:00,2026-04-07 23:20:00+00:00,long,69902.5,71992.37,TP,3.0326,104.4679,1.0
2026-04-08 06:15:00+00:00,2026-04-08 14:30:00+00:00,long,71887.24,71161.25,SL,-1.055,103.4128,1.0
2026-04-09 00:20:00+00:00,2026-04-09 15:30:00+00:00,short,70928.46,71644.9,SL,-1.0446,102.3683,1.0
2026-04-09 17:10:00+00:00,2026-04-09 23:30:00+00:00,long,72488.49,71756.43,SL,-1.0338,101.3344,1.0
2026-04-10 12:40:00+00:00,2026-04-12 01:45:00+00:00,long,72322.58,71592.2,SL,-1.0234,100.3111,1.0
2026-04-12 08:50:00+00:00,2026-04-13 14:55:00+00:00,short,71599.75,72322.98,SL,-1.0132,99.2978,1.0
2026-04-13 16:20:00+00:00,2026-04-13 22:50:00+00:00,long,72230.09,74389.56,TP,2.9687,102.2665,1.0
2026-04-14 01:50:00+00:00,2026-04-15 07:15:00+00:00,long,74412.04,73660.55,SL,-1.0328,101.2337,1.0
2026-04-15 14:40:00+00:00,2026-04-15 19:25:00+00:00,short,73955.35,74702.38,SL,-1.0226,100.2112,1.0
2026-04-15 22:00:00+00:00,2026-04-16 13:50:00+00:00,long,75006.74,74249.25,SL,-1.012,99.1991,1.0
2026-04-17 08:30:00+00:00,2026-04-17 14:30:00+00:00,long,75359.51,77612.53,TP,2.9658,102.1649,1.0
2026-04-17 22:30:00+00:00,2026-04-18 08:20:00+00:00,long,77479.46,76696.99,SL,-1.0318,101.1331,1.0
2026-04-18 10:05:00+00:00,2026-04-19 22:00:00+00:00,short,76252.38,73972.21,TP,3.0242,104.1573,1.0
2026-04-20 12:10:00+00:00,2026-04-22 04:35:00+00:00,long,75361.64,77614.72,TP,3.114,107.2713,1.0
2026-04-22 05:20:00+00:00,2026-04-23 10:05:00+00:00,long,78233.15,77443.08,SL,-1.0833,106.188,1.0
2026-04-23 19:00:00+00:00,2026-04-24 00:25:00+00:00,short,77617.96,78401.98,SL,-1.0726,105.1154,1.0
2026-04-24 04:35:00+00:00,2026-04-24 11:30:00+00:00,short,77568.24,78351.76,SL,-1.0618,104.0536,1.0
